# Blender v3.5.0 OBJ File: 'Enterables_egypt_temples_01.blend'
# www.blender.org
mtllib LOD2_egypt_temples_008.mtl
o Cube.240_Cube.300
v 6.535589 5.250000 -4.382543
v 4.350198 5.250000 -6.503244
v 4.382543 5.250000 -4.350198
v 6.503244 5.250000 -6.535589
v 2.905281 23.250000 -2.905281
v 4.338101 23.250000 -2.905281
v 2.905281 23.250000 -4.338101
v 4.338101 23.250000 -4.338101
v 6.535589 5.250000 -2.770864
v 3.595412 5.250000 -2.738519
v 3.125108 12.286784 -2.380302
v 5.680690 12.286784 -2.408416
v 6.544095 5.250000 -1.314835
v 3.603918 5.250000 -1.282490
v 5.799963 11.250000 -1.153692
v 3.187464 11.250000 -1.153692
v 3.099040 12.750000 -1.073074
v 5.629305 12.750000 -1.082311
v -6.535589 5.250000 -4.382543
v -4.350198 5.250000 -6.503244
v -4.382543 5.250000 -4.350198
v -6.503244 5.250000 -6.535589
v -2.905281 23.250000 -2.905281
v -4.338101 23.250000 -2.905281
v -2.905281 23.250000 -4.338101
v -4.338101 23.250000 -4.338101
v 6.535589 5.250000 4.382543
v 4.350198 5.250000 6.503244
v 4.382543 5.250000 4.350198
v 6.503244 5.250000 6.535589
v 2.905281 23.250000 2.905281
v 4.338101 23.250000 2.905281
v 2.905281 23.250000 4.338101
v 4.338101 23.250000 4.338101
v 6.535589 5.250000 2.770864
v 3.595412 5.250000 2.738519
v 3.125108 12.286784 2.380302
v 5.680690 12.286784 2.408416
v 6.544095 5.250000 1.314835
v 3.603918 5.250000 1.282490
v 5.799963 11.250000 1.153692
v 3.187464 11.250000 1.153692
v 3.099040 12.750000 1.073074
v 5.629305 12.750000 1.082311
v 5.732692 11.919384 0.011074
v 3.157030 11.919384 0.010753
v -6.535589 5.250000 4.382543
v -4.350198 5.250000 6.503244
v -4.382543 5.250000 4.350198
v -6.503244 5.250000 6.535589
v -2.905281 23.250000 2.905281
v -4.338101 23.250000 2.905281
v -2.905281 23.250000 4.338101
v -4.338101 23.250000 4.338101
vt 0.047632 2.825000
vt -0.168882 1.025000
vt 0.046422 1.025000
vt 0.190914 2.825000
vt -0.135001 -0.150324
vt 0.080303 -0.153559
vt 0.083538 0.061746
vt -0.131767 0.064980
vt 0.066190 2.825000
vt -0.150324 1.025000
vt 0.064980 1.025000
vt 0.209472 2.825000
vt 0.181254 1.625000
vt -0.079996 1.625000
vt -0.154409 1.025000
vt 0.139608 1.025000
vt 0.084748 2.825000
vt -0.131767 1.025000
vt 0.083538 1.025000
vt 0.228030 2.825000
vt 1.153559 1.025000
vt 0.933810 2.825000
vt 0.790528 2.825000
vt 0.938254 1.025000
vt 0.919697 1.025000
vt 1.135001 1.025000
vt 0.915252 2.825000
vt 0.771970 2.825000
vt 0.204356 1.025000
vt 0.349959 1.025000
vt 0.366073 1.625000
vt 0.240601 1.728678
vt 0.915252 0.209472
vt 0.771970 0.209472
vt 0.771970 0.066190
vt 0.915252 0.066190
vt 0.140459 1.025000
vt 0.187489 1.728678
vt -0.068069 1.728678
vt -0.153559 1.025000
vt 1.153559 1.025000
vt 0.933810 2.825000
vt 0.790528 2.825000
vt 0.938254 1.025000
vt 0.589673 1.775000
vt 0.373211 1.775000
vt 0.480335 1.691938
vt 0.589673 -0.062931
vt 0.588750 0.190096
vt 0.374135 0.190096
vt 0.373211 -0.062931
vt 0.244706 0.140459
vt 0.241471 -0.153559
vt 0.387074 -0.154410
vt 0.390309 0.139608
vt 0.722284 -0.068069
vt 0.719472 0.187489
vt 0.403188 0.181253
vt 0.403188 -0.079996
vt 0.519665 -0.073269
vt 0.519633 0.184297
vt 0.935020 1.025000
vt 1.150324 1.025000
vt 0.933810 2.825000
vt 0.790528 2.825000
vt -0.135001 1.150324
vt -0.131767 0.935020
vt 0.083538 0.938254
vt 0.080303 1.153559
vt -0.135001 1.025000
vt 0.080303 1.025000
vt 0.228030 2.825000
vt 0.084748 2.825000
vt 0.915252 0.790528
vt 0.915252 0.933810
vt 0.771970 0.933810
vt 0.771970 0.790528
vt 0.596811 1.625000
vt 0.722284 1.728678
vt 0.916462 1.025000
vt 1.131767 1.025000
vt 0.915252 2.825000
vt 0.771970 2.825000
vt 0.061746 1.025000
vt 0.209472 2.825000
vt 0.066190 2.825000
vt -0.153559 1.025000
vt 1.172117 -0.150324
vt 1.168882 0.064980
vt 0.953578 0.061746
vt 0.956812 -0.153559
vt 0.790528 2.825000
vt 0.935020 1.025000
vt 1.150324 1.025000
vt 0.933810 2.825000
vt 0.953578 1.025000
vt 1.168882 1.025000
vt 0.952368 2.825000
vt 0.809086 2.825000
vt -0.172117 1.025000
vt 0.043188 1.025000
vt 0.190914 2.825000
vt 0.047632 2.825000
vt 0.047632 0.209472
vt 0.047632 0.066190
vt 0.190914 0.066190
vt 0.190914 0.209472
vt 1.154409 1.025000
vt 1.079996 1.625000
vt 0.818746 1.625000
vt 0.860392 1.025000
vt 1.068069 1.728678
vt 0.812511 1.728678
vt 0.859541 1.025000
vt 1.153559 1.025000
vt 0.792410 0.140459
vt 0.646807 0.139608
vt 0.650041 -0.154410
vt 0.795644 -0.153559
vt 0.240601 -0.068069
vt 0.243412 0.187489
vt 0.633927 0.181253
vt 0.633927 -0.079996
vt 0.758529 1.025000
vt 0.612926 1.025000
vt 1.172117 1.150324
vt 0.956812 1.153559
vt 0.953578 0.938254
vt 1.168882 0.935020
vt 0.809086 2.825000
vt 0.956812 1.025000
vt 1.172117 1.025000
vt 0.952368 2.825000
vt 0.047632 0.790528
vt 0.190914 0.790528
vt 0.190914 0.933810
vt 0.047632 0.933810
vt 0.061746 1.025000
vt 0.209472 2.825000
vt 0.066190 2.825000
vt -0.153559 1.025000
vt 0.066190 2.825000
vt -0.150324 1.025000
vt 0.064980 1.025000
vt 0.209472 2.825000
vt 0.403189 1.625000
vt 0.519633 1.691938
vt 0.411250 1.775000
vt 0.280528 1.728678
vt 0.625865 1.775000
vt 0.633927 1.625000
vt 0.756588 1.728678
vt 0.244706 1.025000
vt 0.390309 1.025000
vt 0.792410 1.025000
vt 0.646807 1.025000
vn 0.9966 -0.0818 -0.0090
vn 0.0000 -1.0000 0.0000
vn -0.0090 0.1194 -0.9928
vn 0.0058 -0.0236 -0.9997
vn -0.9966 -0.0818 0.0090
vn 0.0090 -0.0800 0.9968
vn 0.9926 0.1212 -0.0090
vn 0.9926 0.1218 0.0002
vn 0.9926 0.1214 0.0004
vn 0.0000 1.0000 0.0000
vn -0.0110 0.0501 -0.9987
vn -0.0090 -0.0800 -0.9968
vn 0.9935 0.1141 -0.0038
vn 0.9935 0.1140 0.0039
vn 0.9935 0.1134 -0.0027
vn -0.0003 0.9993 -0.0385
vn -0.0012 0.9993 -0.0385
vn -0.0003 0.9993 0.0385
vn -0.0013 0.9993 0.0385
vn -0.0024 0.9433 -0.3319
vn -0.0000 -0.8670 0.4983
vn 0.0090 0.1194 -0.9928
vn -0.9926 0.1212 -0.0090
vn 0.9926 0.1214 -0.0004
vn 0.9966 -0.0818 0.0090
vn 0.0090 -0.0800 -0.9968
vn -0.0090 0.1194 0.9928
vn -0.9966 -0.0818 -0.0090
vn 0.9926 0.1212 0.0090
vn 0.0058 -0.0236 0.9997
vn -0.0110 0.0501 0.9987
vn -0.0024 0.9433 0.3319
vn 0.0000 -0.8629 -0.5054
vn 0.9926 0.1218 -0.0002
vn -0.9926 0.1212 0.0090
vn -0.0090 -0.0800 0.9968
vn 0.0090 0.1194 0.9928
vn -0.9977 -0.0675 0.0003
vn -0.9982 -0.0592 0.0028
vn -0.9982 -0.0600 0.0039
vn -0.9982 -0.0600 -0.0039
vn -0.9977 -0.0675 -0.0003
vn -0.9977 -0.0679 0.0001
vn -0.9977 -0.0679 -0.0001
usemtl sandstone
s 1
f 53/1/1 48/2/1 49/3/1 51/4/1
f 4/5/2 1/6/2 3/7/2 2/8/2
f 8/9/3 4/10/3 2/11/3 7/12/3
f 42/13/4 41/14/4 39/15/4 40/16/4
f 7/17/5 2/18/5 3/19/5 5/20/5
f 1/21/6 6/22/6 5/23/6 3/24/6
f 1/25/7 4/26/7 8/27/7 6/28/7
f 35/29/8 39/30/8 41/31/9 38/32/9
f 7/33/10 5/34/10 6/35/10 8/36/10
f 10/37/11 11/38/11 12/39/11 9/40/11
f 47/41/12 52/42/12 51/43/12 49/44/12
f 18/45/13 44/46/14 45/47/15
f 18/48/16 17/49/17 43/50/18 44/51/19
f 10/52/2 9/53/2 13/54/2 14/55/2
f 45/47/15 44/46/14 38/32/9 41/31/9
f 12/56/20 11/57/20 17/49/17 18/48/16
f 16/58/21 15/59/21 45/60/21 46/61/21
f 20/62/22 22/63/22 26/64/22 25/65/22
f 22/66/2 20/67/2 21/68/2 19/69/2
f 22/70/23 19/71/23 24/72/23 26/73/23
f 25/74/10 26/75/10 24/76/10 23/77/10
f 45/47/15 15/78/24 12/79/24 18/45/13
f 21/80/25 20/81/25 25/82/25 23/83/25
f 29/84/26 31/85/26 32/86/26 27/87/26
f 30/88/2 28/89/2 29/90/2 27/91/2
f 33/92/27 28/93/27 30/94/27 34/95/27
f 29/96/28 28/97/28 33/98/28 31/99/28
f 30/100/29 27/101/29 32/102/29 34/103/29
f 33/104/10 34/105/10 32/106/10 31/107/10
f 13/108/30 15/109/30 16/110/30 14/111/30
f 38/112/31 37/113/31 36/114/31 35/115/31
f 36/116/2 40/117/2 39/118/2 35/119/2
f 38/120/32 44/51/19 43/50/18 37/121/32
f 42/122/33 46/61/33 45/60/33 41/123/33
f 9/124/34 12/79/24 15/78/24 13/125/34
f 50/126/2 47/127/2 49/128/2 48/129/2
f 52/130/35 47/131/35 50/132/35 54/133/35
f 53/134/10 51/135/10 52/136/10 54/137/10
f 21/138/36 23/139/36 24/140/36 19/141/36
f 54/142/37 50/143/37 48/144/37 53/145/37
f 16/146/38 46/147/39 17/148/40 11/149/38
f 43/150/41 17/148/40 46/147/39
f 46/147/39 42/151/42 37/152/42 43/150/41
f 10/153/43 14/154/43 16/146/38 11/149/38
f 36/155/44 37/152/42 42/151/42 40/156/44
o Cube.241_Cube.301
v -9.850000 5.250000 9.850000
v -9.850000 5.250000 -9.850000
v 14.850000 5.250000 9.850000
v 14.850000 5.250000 -9.850000
v 0.000000 0.250000 15.000000
v 0.000000 0.250000 -15.000000
v 25.000000 0.250000 15.000000
v 25.000000 0.250000 -15.000000
v 0.150000 2.750000 14.850000
v 0.150000 2.750000 -14.850000
v 24.850000 2.750000 -14.850000
v 24.850000 2.750000 14.850000
v 14.850000 5.250000 4.000000
v 14.850000 5.250000 -4.000000
v 24.850000 2.750000 -4.000000
v 24.850000 2.750000 4.000000
v 24.850000 0.250000 4.000000
v 24.850000 0.250000 -4.000000
v 10.000000 5.250000 4.000000
v 10.000000 5.250000 -4.000000
v 20.000000 0.250000 4.000000
v 20.000000 0.250000 -4.000000
v 20.000000 2.750000 -4.000000
v 20.000000 2.750000 4.000000
v 0.000000 2.581174 -15.000000
v 25.000000 2.581174 -15.000000
v 25.000000 2.581174 15.000000
v 0.000000 2.581174 15.000000
v -10.000000 0.250000 10.000000
v -10.000000 0.250000 -10.000000
v 15.000000 0.250000 -10.000000
v 15.000000 0.250000 10.000000
v 10.000000 0.250000 4.000000
v 14.850000 0.250000 4.000000
v 14.850000 0.250000 -4.000000
v 10.000000 0.250000 -4.000000
v -10.000000 5.081174 10.000000
v -10.000000 5.081174 -10.000000
v 15.000000 5.081174 -10.000000
v 15.000000 5.081174 10.000000
v 0.000000 1.937119 -15.000000
v 25.000000 1.937119 -15.000000
v 25.000000 1.937119 15.000000
v 0.000000 1.937119 15.000000
v -10.000000 4.437119 -10.000000
v 15.000000 4.437119 -10.000000
v 15.000000 4.437119 10.000000
v -10.000000 4.437119 10.000000
v 0.000000 2.058825 15.000000
v 0.000000 2.058825 -15.000000
v 25.000000 2.058825 -15.000000
v 25.000000 2.058825 15.000000
v -10.000000 4.558825 10.000000
v -10.000000 4.558825 -10.000000
v 15.000000 4.558825 -10.000000
v 15.000000 4.558825 10.000000
v 15.000000 0.250000 -4.149550
v 15.000000 5.081174 -4.149550
v 15.000000 4.437119 -4.149550
v 15.000000 4.558825 -4.149550
v 15.000000 0.250000 4.149550
v 15.000000 5.081174 4.149550
v 15.000000 4.437119 4.149550
v 15.000000 4.558825 4.149550
v 25.000000 0.250000 -4.150002
v 25.000000 2.581174 -4.150002
v 25.000000 1.937119 -4.150002
v 25.000000 2.058825 -4.150002
v 25.000000 0.250000 4.150002
v 25.000000 2.581174 4.150002
v 25.000000 1.937119 4.150002
v 25.000000 2.058825 4.150002
v -10.150000 5.081174 10.150000
v -0.150000 2.581174 15.150000
v 25.150000 0.250000 4.150002
v -0.150000 2.581174 -15.150000
v 25.150000 2.581174 -15.150000
v 25.150000 2.581174 15.150000
v 25.150000 2.581174 4.150002
v 15.150000 0.250000 -4.149550
v -10.150000 5.081174 -10.150000
v 15.150000 5.081174 -10.150000
v 15.150000 5.081174 10.150000
v 15.150000 5.081174 4.149550
v -0.150000 2.058825 -15.150000
v -0.150000 1.937119 -15.150000
v 25.150000 2.058825 -15.150000
v 25.150000 1.937119 -15.150000
v 25.150000 2.058825 15.150000
v 25.150000 1.937119 15.150000
v -0.150000 1.937119 15.150000
v 25.150000 1.937119 -4.150002
v 25.150000 1.937119 4.150002
v -10.150000 4.558825 -10.150000
v -10.150000 4.437119 -10.150000
v 15.150000 4.558825 -10.150000
v 15.150000 4.437119 -10.150000
v 15.150000 4.558825 10.150000
v 15.150000 4.437119 10.150000
v 15.150000 4.437119 -4.149550
v -10.150000 4.437119 10.150000
v 15.150000 4.437119 4.149550
v -0.150000 2.058825 15.150000
v 25.150000 2.058825 -4.150002
v 25.150000 2.058825 4.150002
v -10.150000 4.558825 10.150000
v 15.150000 4.558825 -4.149550
v 15.150000 4.558825 4.149550
v 15.150000 5.081174 -4.149550
v 15.150000 0.250000 4.149550
v 25.150000 0.250000 -4.150002
v 25.150000 2.581174 -4.150002
v 14.850000 5.350000 -9.850000
v 14.850000 5.350000 9.850000
v -9.850000 5.350000 9.850000
v -9.850000 5.350000 -9.850000
v 0.150000 2.850000 14.850000
v 24.850000 2.850000 -14.850000
v -0.150000 2.850000 15.150000
v 24.850000 0.250000 3.900000
v 24.850000 2.850000 14.850000
v 0.150000 2.850000 -14.850000
v 14.850000 0.250000 3.900000
v -10.150000 5.350000 -10.150000
v -10.150000 5.350000 10.150000
v 15.150000 5.350000 10.150000
v 24.850000 0.250000 -3.900000
v 14.850000 0.250000 -3.900000
v 15.150000 5.350000 -10.150000
v 24.850000 2.850000 -3.900000
v 14.850000 5.350000 -3.900000
v 24.850000 2.850000 3.900000
v 14.850000 5.350000 3.900000
v 25.150000 2.850000 -15.150000
v 25.150000 0.250000 3.900000
v 25.150000 2.850000 15.150000
v -0.150000 2.850000 -15.150000
v 15.150000 0.250000 3.900000
v 25.150000 0.250000 -3.900000
v 15.150000 0.250000 -3.900000
v 25.150000 2.850000 -3.900000
v 15.150000 5.350000 -3.900000
v 25.150000 2.850000 3.900000
v 15.150000 5.350000 3.900000
v -3.054923 4.912805 3.129922
v -3.054923 4.912805 -3.129922
v 3.022482 4.912805 -3.129922
v 3.022482 4.912805 3.129922
v 3.320537 5.250000 -3.427977
v -3.352977 5.250000 -3.427977
v -3.352977 5.250000 3.427977
v 3.320537 5.250000 3.427977
v 3.320537 4.912805 -3.427977
v -3.352977 4.912805 -3.427977
v -3.352977 4.912805 3.427977
v 3.320537 4.912805 3.427977
v 3.022482 5.250000 -3.129922
v -3.054923 5.250000 -3.129922
v -3.054923 5.250000 3.129922
v 3.022482 5.250000 3.129922
v -3.054923 4.960922 3.129922
v -3.054923 4.960922 -3.129922
v 3.022482 4.960922 -3.129922
v 3.022482 4.960922 3.129922
v 3.320537 4.960922 -3.427977
v -3.352977 4.960922 -3.427977
v -3.352977 4.960922 3.427977
v 3.320537 4.960922 3.427977
v 3.320537 5.145600 -3.427977
v -3.352977 5.145600 -3.427977
v -3.352977 5.145600 3.427977
v 3.320537 5.145600 3.427977
v 3.022482 5.145600 -3.129922
v -3.054923 5.145600 -3.129922
v -3.054923 5.145600 3.129922
v 3.022482 5.145600 3.129922
vt 1.966442 -1.985000
vt 1.966442 0.485000
vt 0.881442 -1.500000
vt 0.881442 -1.985000
vt -0.503558 -0.985000
vt 0.138645 0.167946
vt 0.138645 0.835298
vt -0.503558 1.485000
vt -0.981442 0.693712
vt -0.981442 0.525000
vt 2.018558 0.525000
vt 2.018558 0.693712
vt -1.003558 0.485000
vt 0.081442 -1.500000
vt 2.985000 0.775000
vt 2.500000 0.775000
vt 2.500000 0.525000
vt 2.985000 0.525000
vt -1.500000 0.775000
vt -1.985000 0.775000
vt -1.985000 0.525000
vt -1.500000 0.525000
vt 0.081442 -0.985000
vt 0.081442 -0.500000
vt 1.985000 1.025000
vt 1.500000 1.025000
vt 1.500000 0.525000
vt 1.985000 0.525000
vt -0.500000 1.025000
vt -0.985000 1.025000
vt -0.985000 0.525000
vt -0.500000 0.525000
vt 1.466442 -0.985000
vt 0.881442 -0.500000
vt 0.881442 -0.985000
vt 3.000000 0.525000
vt 3.000000 0.693712
vt 0.500000 0.693712
vt 0.500000 0.525000
vt 0.066442 0.525000
vt 0.066442 0.693712
vt -1.018558 0.693712
vt -1.018558 0.525000
vt 0.500000 0.525000
vt 0.500000 0.693712
vt -2.000000 0.693712
vt -2.000000 0.525000
vt 0.066487 0.525000
vt 0.066487 0.943712
vt -0.518558 0.943712
vt -0.518558 0.525000
vt 1.481442 0.525000
vt 1.481442 0.943712
vt 0.896397 0.943712
vt 0.896397 0.525000
vt 1.981442 0.525000
vt 1.981442 0.693712
vt 0.896442 0.693712
vt 0.896442 0.525000
vt -1.003558 -1.985000
vt 0.081442 -1.985000
vt 0.824240 0.167946
vt 1.466442 1.485000
vt 0.824240 0.835298
vt -1.000000 0.943712
vt -1.000000 0.525000
vt 1.500000 0.525000
vt 1.500000 0.943712
vt -0.500000 0.943712
vt -0.500000 0.525000
vt 2.000000 0.525000
vt 2.000000 0.943712
vt 1.518558 0.525000
vt 1.518558 0.943712
vt -0.481442 0.943712
vt -0.481442 0.525000
vt 0.794434 0.197752
vt 0.794434 0.805492
vt 0.168450 0.805492
vt 0.168450 0.197752
vt 2.033558 0.758117
vt 2.033558 0.785000
vt -0.996442 0.785000
vt -0.996442 0.758118
vt -1.018558 0.500000
vt 1.981442 0.500000
vt 1.996442 0.515000
vt -1.033558 0.515000
vt 2.018558 -2.000000
vt 0.933558 -2.000000
vt 0.933558 -2.015000
vt 2.033558 -2.015000
vt -0.981442 0.500000
vt 2.018558 0.500000
vt 2.033558 0.515000
vt -0.996442 0.515000
vt -1.000000 0.955882
vt -1.000000 1.008117
vt -1.015000 1.008117
vt -1.015000 0.955882
vt -0.981442 -2.000000
vt -0.996442 -2.015000
vt -1.000000 0.525000
vt -1.000000 0.943712
vt -1.015000 0.943712
vt -1.015000 0.525000
vt 0.118558 1.025000
vt 0.118558 0.525000
vt 0.128558 0.525000
vt 0.128558 1.035000
vt 0.881442 0.775000
vt 0.081442 0.775000
vt 0.081442 0.525000
vt 0.881442 0.525000
vt 0.500000 0.705883
vt 0.500000 0.758117
vt -2.000000 0.758117
vt -2.000000 0.705883
vt 0.066487 1.008117
vt 0.066487 0.955883
vt 0.091442 1.035000
vt 0.066442 0.705883
vt 0.066442 0.758118
vt -1.018558 0.758118
vt -1.018558 0.705883
vt 3.000000 0.705883
vt 3.000000 0.758117
vt 0.500000 0.758117
vt 0.500000 0.705883
vt 0.066487 0.955883
vt 0.066487 1.008117
vt -0.518558 1.008117
vt -0.518558 0.955883
vt 1.481442 -1.000000
vt 0.896397 -1.000000
vt 0.896397 -1.015000
vt 1.496442 -1.015000
vt 0.103603 -1.000000
vt -0.481442 -1.000000
vt -0.496442 -1.015000
vt 0.103603 -1.015000
vt -0.981442 0.758118
vt -0.981442 0.705883
vt 2.018558 0.705882
vt 2.018558 0.758117
vt 1.518558 -1.000000
vt 0.933513 -1.000000
vt 0.933513 -1.015000
vt 1.533558 -1.015000
vt 0.103603 -1.000000
vt -0.481442 -1.000000
vt -0.496442 -1.015000
vt 0.103603 -1.015000
vt 0.066442 0.693712
vt 0.066442 0.525000
vt 0.091442 0.525000
vt 0.091442 0.785000
vt -2.000000 0.705882
vt -2.000000 0.758117
vt -2.015000 0.758117
vt -2.015000 0.705882
vt 0.871442 1.035000
vt 0.871442 0.525000
vt 0.896397 0.525000
vt 0.896397 0.943712
vt -2.000000 0.525000
vt -2.000000 0.693712
vt -2.015000 0.693712
vt -2.015000 0.525000
vt 1.481442 0.955883
vt 1.481442 1.008117
vt 0.896397 1.008117
vt 0.896397 0.955883
vt 0.066442 0.758118
vt 0.066442 0.705883
vt 1.981442 -2.000000
vt 0.896442 -2.000000
vt 0.896442 -2.015000
vt 1.996442 -2.015000
vt 1.518558 -1.000000
vt 0.933513 -1.000000
vt 0.933513 -1.015000
vt 1.533558 -1.015000
vt 1.981442 0.705883
vt 1.981442 0.758118
vt 0.896442 0.758118
vt 0.896442 0.705883
vt 0.066487 -1.000000
vt -0.518558 -1.000000
vt -0.533558 -1.015000
vt 0.066487 -1.015000
vt 0.103557 -2.000000
vt -0.981442 -2.000000
vt -0.996442 -2.015000
vt 0.103557 -2.015000
vt 0.871442 0.785000
vt 0.896442 0.705883
vt 0.896442 0.758118
vt -0.533558 1.035000
vt -0.533558 1.008117
vt 3.015000 0.785000
vt 0.485000 0.785000
vt 0.485000 0.758117
vt 3.015000 0.758117
vt 0.066487 0.525000
vt 0.091442 0.525000
vt 0.066487 0.943712
vt 0.515000 0.758117
vt 0.515000 0.785000
vt -2.015000 0.785000
vt -2.015000 0.758117
vt 0.896397 0.955883
vt 0.896397 1.008117
vt -0.996442 0.705883
vt -0.996442 0.693712
vt 2.033558 0.693712
vt 2.033558 0.705882
vt 0.896442 0.693712
vt 3.015000 0.693712
vt 3.015000 0.705883
vt 0.485000 0.705883
vt 0.485000 0.693712
vt -1.033558 0.785000
vt -1.033558 0.758118
vt -1.033558 0.705883
vt -1.033558 0.693712
vt 0.515000 0.693712
vt 0.515000 0.705883
vt -2.015000 0.705883
vt -2.015000 0.693712
vt 1.996442 0.758118
vt 1.996442 0.785000
vt -0.533558 0.955883
vt -0.533558 0.943712
vt 1.496442 1.008117
vt 1.496442 1.035000
vt 1.496442 0.943712
vt 1.496442 0.955883
vt 1.996442 0.693712
vt 1.996442 0.705883
vt 0.871442 0.525000
vt 0.896442 0.525000
vt 3.000000 0.693712
vt 3.000000 0.525000
vt 3.015000 0.525000
vt 3.015000 0.693712
vt -1.018558 -2.000000
vt -1.033558 -2.015000
vt 2.018558 0.500000
vt 2.018558 -2.000000
vt 2.033558 -2.015000
vt 2.033558 0.515000
vt 3.000000 0.758117
vt 3.000000 0.705882
vt 3.015000 0.705882
vt 3.015000 0.758117
vt -1.985000 0.775000
vt 0.485000 0.775000
vt 0.485000 0.785000
vt -1.985000 0.785000
vt 0.066442 -2.000000
vt 0.066442 -2.015000
vt 0.933558 -2.000000
vt 0.933558 -2.015000
vt 0.918558 0.775000
vt 2.003558 0.775000
vt 2.003558 0.785000
vt 0.908558 0.785000
vt -0.981442 0.500000
vt -0.996442 0.515000
vt 2.000000 0.943712
vt 2.000000 0.525000
vt 2.015000 0.525000
vt 2.015000 0.943712
vt 2.000000 1.008117
vt 2.000000 0.955882
vt 2.015000 0.955882
vt 2.015000 1.008117
vt 0.918558 0.525000
vt 0.918558 1.025000
vt 0.908558 1.035000
vt 0.908558 0.525000
vt 0.103557 -2.000000
vt 0.103557 -2.015000
vt 1.966442 -1.985000
vt 0.871442 -1.985000
vt 0.871442 -2.015000
vt 1.996442 -2.015000
vt 0.205566 0.991280
vt 0.831550 0.991280
vt 0.831550 1.025000
vt 0.205566 1.025000
vt -1.003558 -1.985000
vt -1.003558 0.485000
vt -1.033558 0.515000
vt -1.033558 -2.015000
vt 0.091442 -1.985000
vt 0.091442 -2.015000
vt 2.985000 0.785000
vt 2.985000 0.525000
vt 3.015000 0.525000
vt 3.015000 0.785000
vt -1.985000 0.525000
vt -1.985000 0.785000
vt -2.015000 0.785000
vt -2.015000 0.525000
vt 0.091442 -0.985000
vt -0.503558 -0.985000
vt -0.533558 -1.015000
vt 0.091442 -1.015000
vt 1.966442 0.485000
vt 1.996442 0.515000
vt -0.985000 0.525000
vt -0.985000 1.035000
vt -1.015000 1.035000
vt -1.015000 0.525000
vt 1.466442 -0.985000
vt 0.871442 -0.985000
vt 0.871442 -1.015000
vt 1.496442 -1.015000
vt 1.985000 1.035000
vt 1.985000 0.525000
vt 2.015000 0.525000
vt 2.015000 1.035000
vt -0.466442 1.025000
vt -0.466442 1.035000
vt 0.918558 0.525000
vt 0.908558 0.525000
vt 1.503558 1.025000
vt 1.503558 1.035000
vt 0.118558 0.775000
vt 0.118558 0.525000
vt 0.128558 0.525000
vt 0.128558 0.785000
vt -1.003558 0.775000
vt 1.966442 0.775000
vt 1.966442 0.785000
vt -1.003558 0.785000
vt 0.515000 0.775000
vt 2.985000 0.775000
vt 2.985000 0.785000
vt 0.515000 0.785000
vt -0.966442 0.775000
vt -0.966442 0.785000
vt 0.824240 1.025000
vt 0.138645 1.025000
vt 0.138645 0.991280
vt 0.824240 0.991280
vt 1.985000 1.025000
vt 1.985000 1.035000
vt -0.485000 1.035000
vt -0.485000 1.025000
vt 1.485000 1.025000
vt 1.485000 1.035000
vt -0.985000 1.035000
vt -0.985000 1.025000
vt -0.503558 1.485000
vt -0.533558 1.515000
vt 1.496442 1.515000
vt 1.466442 1.485000
vt -1.015000 0.955882
vt -1.015000 0.943712
vt 1.515000 0.943712
vt 1.515000 0.955882
vt -0.515000 0.955882
vt -0.515000 0.943712
vt 2.015000 0.943712
vt 2.015000 0.955882
vt -0.515000 1.035000
vt -0.515000 1.008117
vt 2.015000 1.008117
vt 2.015000 1.035000
vt -1.015000 1.035000
vt -1.015000 1.008117
vt 1.515000 1.008117
vt 1.515000 1.035000
vt -0.518558 1.500000
vt -0.533558 1.515000
vt 1.533558 1.515000
vt 1.518558 1.500000
vt 1.496442 1.515000
vt 1.481442 1.500000
vt -0.481442 1.500000
vt -0.496442 1.515000
vt -0.481442 1.500000
vt -0.496442 1.515000
vt 1.533558 1.515000
vt 1.518558 1.500000
vt -0.500000 1.008117
vt -0.500000 0.955882
vt 2.000000 0.955882
vt 2.000000 1.008117
vt -1.000000 1.008117
vt -1.000000 0.955882
vt 1.500000 0.955882
vt 1.500000 1.008117
vt 1.533558 0.943712
vt 1.533558 0.955882
vt -0.496442 0.955882
vt -0.496442 0.943712
vt -0.496442 1.008117
vt 1.533558 1.008117
vt 1.533558 1.035000
vt -0.496442 1.035000
vt -0.481442 0.955882
vt 1.518558 0.955882
vt 1.518558 1.008117
vt -0.481442 1.008117
vt -0.503558 1.025000
vt 1.466442 1.025000
vt 1.466442 1.035000
vt -0.503558 1.035000
vt 0.081442 1.025000
vt 0.081442 0.525000
vt 0.881442 0.525000
vt 0.881442 1.025000
vt 0.861356 1.025000
vt 0.175760 1.025000
vt 0.175760 0.991280
vt 0.861355 0.991280
vt 0.835298 1.025000
vt 0.167946 1.025000
vt 0.167946 0.991280
vt 0.835298 0.991280
vt 0.832054 1.025000
vt 0.164702 1.025000
vt 0.164702 0.991280
vt 0.832054 0.991280
vt 0.168450 0.805492
vt 0.794434 0.805492
vt 0.824240 0.835298
vt 0.138645 0.835298
vt 0.794434 0.197752
vt 0.168450 0.197752
vt 0.138645 0.167946
vt 0.824240 0.167946
vt 0.194508 0.991280
vt 0.802248 0.991280
vt 0.802248 1.025000
vt 0.194508 1.025000
vt 0.168450 0.991280
vt 0.794434 0.991280
vt 0.794434 1.025000
vt 0.168450 1.025000
vt 0.197752 0.991280
vt 0.805492 0.991280
vt 0.805492 1.025000
vt 0.197752 1.025000
vt 0.138645 0.996092
vt 0.824240 0.996092
vt 0.824240 1.014560
vt 0.138645 1.014560
vt 0.167946 0.996092
vt 0.835298 0.996092
vt 0.835298 1.014560
vt 0.167946 1.014560
vt 0.168450 0.996092
vt 0.794434 0.996092
vt 0.794434 1.014560
vt 0.168450 1.014560
vt 0.197752 0.996092
vt 0.805492 0.996092
vt 0.805492 1.014560
vt 0.197752 1.014560
vt 0.175760 0.996092
vt 0.861355 0.996092
vt 0.861356 1.014560
vt 0.175760 1.014560
vt 0.164702 0.996092
vt 0.832054 0.996092
vt 0.832054 1.014560
vt 0.164702 1.014560
vt 0.205566 0.996092
vt 0.831550 0.996092
vt 0.831550 1.014560
vt 0.205566 1.014560
vt 0.194508 0.996092
vt 0.802248 0.996092
vt 0.802248 1.014560
vt 0.194508 1.014560
vn 0.0000 1.0000 0.0000
vn -1.0000 0.0000 0.0000
vn 0.0000 0.0000 1.0000
vn 0.0000 0.0000 -1.0000
vn 1.0000 0.0000 0.0000
vn 0.0000 -1.0000 -0.0000
usemtl sandstone_bricks
s 1
f 65/157/45 64/158/45 77/159/45 69/160/45
f 57/161/45 206/162/45 205/163/45 55/164/45
f 95/165/46 60/166/46 59/167/46 98/168/46
f 77/159/45 64/158/45 63/169/45 78/170/45
f 69/171/47 77/172/47 76/173/47 72/174/47
f 78/175/48 70/176/48 71/177/48 75/178/48
f 67/179/45 73/180/45 57/161/45
f 68/181/47 74/182/47 90/183/47 89/184/47
f 73/185/48 67/186/48 88/187/48 87/188/48
f 58/189/45 74/190/45 68/191/45
f 61/192/47 97/193/47 98/194/47 59/195/47
f 123/196/49 125/197/49 97/198/49 61/199/49
f 60/200/48 95/201/48 96/202/48 62/203/48
f 115/204/49 117/205/49 101/206/49 86/207/49
f 85/208/49 100/209/49 113/210/49 111/211/49
f 62/212/49 96/213/49 121/214/49 119/215/49
f 78/170/45 63/169/45 66/216/45 70/217/45
f 203/218/45 74/190/45 58/189/45
f 203/218/45 58/189/45 56/219/45 204/220/45
f 100/221/48 85/222/48 84/223/48 99/224/48
f 102/225/47 83/226/47 86/227/47 101/228/47
f 73/180/45 206/162/45 57/161/45
f 204/220/45 56/219/45 55/164/45 205/163/45
f 83/229/46 102/230/46 99/231/46 84/232/46
f 74/190/45 203/218/45 206/162/45 73/180/45
f 211/233/45 212/234/45 213/235/45 214/236/45
usemtl sandstone
f 128/237/46 173/238/46 191/239/46 130/240/46
f 103/241/45 104/242/45 139/243/45 157/244/45
f 81/245/50 124/246/50 133/247/50 132/248/50
f 79/249/50 82/250/50 128/251/50 130/252/50
f 114/253/48 112/254/48 163/255/48 161/256/48
f 80/257/50 79/249/50 130/252/50 131/258/50
f 111/259/48 113/260/48 154/261/48 134/262/48
f 68/263/46 89/264/46 182/265/46 185/266/46
f 77/267/49 78/268/49 75/269/49 76/270/49
f 104/271/48 79/272/48 80/273/48 105/274/48
f 138/275/49 162/276/49 198/277/49
f 126/278/49 124/279/49 81/280/49 106/281/49
f 106/282/47 81/283/47 82/284/47 103/285/47
f 118/286/49 116/287/49 94/288/49 110/289/49
f 109/290/45 114/291/45 161/292/45 150/293/45
f 113/294/50 100/295/50 151/296/50 154/297/50
f 79/298/46 104/299/46 103/300/46 82/301/46
f 94/302/50 116/303/50 138/304/50 137/305/50
f 112/306/50 93/307/50 136/308/50 163/309/50
f 147/310/49 129/311/49 189/312/49 197/313/49
f 122/314/48 120/315/48 166/316/48 158/317/48
f 196/318/49 194/319/49 134/320/49 154/321/49
f 119/322/48 121/323/48 146/324/48 165/325/48
f 109/326/49 93/327/49 112/328/49 114/329/49
f 133/330/49 159/331/49 197/313/49
f 105/332/45 122/333/45 158/334/45 141/335/45
f 101/336/50 117/337/50 156/338/50 153/339/50
f 105/340/49 80/341/49 120/342/49 122/343/49
f 118/344/45 110/345/45 152/346/45 162/347/45
f 121/348/50 96/349/50 142/350/50 146/351/50
f 195/352/49 158/353/49 166/354/49
f 138/275/49 198/277/49 180/355/49 137/356/49
f 190/357/47 173/358/47 128/359/47 132/360/47
f 164/361/49 192/362/49 198/277/49 156/363/49
f 130/364/48 191/365/48 188/366/48 131/367/48
f 161/368/49 163/369/49 196/318/49
f 162/276/49 156/363/49 198/277/49
f 139/370/46 140/371/46 145/372/46 157/373/46
f 195/352/49 146/374/49 158/353/49
f 144/375/47 143/376/47 157/377/47 145/378/47
f 133/330/49 197/313/49 190/379/49 132/380/49
f 161/368/49 196/318/49 154/321/49
f 147/310/49 159/331/49 143/381/49 144/382/49
f 140/383/48 139/384/48 141/385/48 142/386/48
f 131/387/49 188/388/49 195/352/49 166/354/49
f 156/363/49 162/276/49 152/389/49 153/390/49
f 136/391/49 183/392/49 196/318/49 163/369/49
f 151/393/49 150/394/49 161/368/49 154/321/49
f 147/310/49 197/313/49 159/331/49
f 142/395/49 141/396/49 158/353/49 146/374/49
f 146/374/49 195/352/49 193/397/49 165/398/49
f 125/399/47 123/400/47 129/401/47 147/402/47
f 82/250/50 81/245/50 132/248/50 128/251/50
f 106/403/45 103/241/45 157/244/45 143/404/45
f 98/405/50 97/406/50 144/407/50 145/408/50
f 124/409/47 126/410/47 159/411/47 133/412/47
f 66/413/48 63/414/48 171/415/48 175/416/48
f 126/417/45 106/403/45 143/404/45 159/418/45
f 97/406/50 125/419/50 147/420/50 144/407/50
f 104/242/45 105/332/45 141/335/45 139/243/45
f 70/421/46 66/422/46 175/423/46 186/424/46
f 96/349/50 95/425/50 140/426/50 142/350/50
f 95/425/50 98/405/50 145/408/50 140/426/50
f 117/427/47 115/428/47 164/429/47 156/430/47
f 116/431/47 118/432/47 162/433/47 138/434/47
f 88/435/46 67/436/46 187/437/46 177/438/46
f 120/439/50 80/257/50 131/258/50 166/440/50
f 172/441/45 184/442/45 195/443/45 188/444/45
f 200/445/46 199/446/46 213/447/46 212/448/46
f 175/449/45 171/450/45 173/451/45 190/452/45
f 186/453/45 175/449/45 190/452/45 197/454/45
f 184/455/47 181/456/47 193/457/47 195/458/47
f 174/459/48 186/460/48 197/461/48 189/462/48
f 187/463/45 168/464/45 180/465/45 198/466/45
f 171/450/45 176/467/45 191/468/45 173/451/45
f 177/469/48 187/470/48 198/471/48 192/472/48
f 167/473/45 185/474/45 196/475/45 183/476/45
f 176/467/45 172/441/45 188/444/45 191/468/45
f 185/477/47 182/478/47 194/479/47 196/480/47
f 58/481/46 68/263/46 185/266/46 167/482/46
f 71/483/46 70/421/46 186/424/46 174/484/46
f 67/436/46 57/485/46 168/486/46 187/437/46
f 69/487/46 72/488/46 181/489/46 184/490/46
f 63/491/49 64/492/49 176/493/49 171/494/49
f 64/495/47 65/496/47 172/497/47 176/498/47
f 65/499/46 69/487/46 184/490/46 172/500/46
f 204/501/49 205/502/49 209/503/49 208/504/49
f 58/505/47 167/506/47 170/507/47 56/508/47
f 55/509/48 169/510/48 168/511/48 57/512/48
f 169/513/45 179/514/45 180/465/45 168/464/45
f 167/473/45 183/476/45 178/515/45 170/516/45
f 150/517/48 151/518/48 149/519/48 148/520/48
f 160/521/47 155/522/47 153/523/47 152/524/47
f 179/525/47 127/526/47 137/527/47 180/528/47
f 183/529/48 136/530/48 135/531/48 178/532/48
f 107/533/45 160/534/45 152/346/45 110/345/45
f 101/336/50 153/339/50 155/535/50 102/536/50
f 109/290/45 150/293/45 148/537/45 108/538/45
f 99/539/50 149/540/50 151/296/50 100/295/50
f 92/541/50 135/542/50 136/308/50 93/307/50
f 94/302/50 137/305/50 127/543/50 91/544/50
f 91/545/47 107/546/47 110/547/47 94/548/47
f 93/549/48 109/550/48 108/551/48 92/552/48
f 170/516/45 178/515/45 179/514/45 169/513/45
f 108/538/45 148/537/45 160/534/45 107/533/45
f 155/553/46 160/554/46 148/555/46 149/556/46
f 91/544/50 127/543/50 135/542/50 92/541/50
f 102/536/50 155/535/50 149/540/50 99/539/50
f 135/557/46 127/558/46 179/559/46 178/560/46
f 108/561/46 107/562/46 91/563/46 92/564/46
f 55/565/49 56/566/49 170/567/49 169/568/49
f 73/569/49 87/570/49 90/571/49 74/572/49
f 206/573/46 203/574/46 207/575/46 210/576/46
f 205/577/48 206/578/48 210/579/48 209/580/48
f 203/581/47 204/582/47 208/583/47 207/584/47
f 229/585/45 228/586/45 224/587/45 225/588/45
f 227/589/45 230/590/45 226/591/45 223/592/45
f 230/590/45 229/585/45 225/588/45 226/591/45
f 228/586/45 227/589/45 223/592/45 224/587/45
f 199/593/47 202/594/47 214/595/47 213/596/47
f 202/597/49 201/598/49 211/599/49 214/600/49
f 201/601/48 200/602/48 212/603/48 211/604/48
f 222/605/49 219/606/49 223/607/49 226/608/49
f 219/609/48 220/610/48 224/611/48 223/612/48
f 215/613/49 216/614/49 228/615/49 229/616/49
f 218/617/48 215/618/48 229/619/48 230/620/48
f 220/621/46 221/622/46 225/623/46 224/624/46
f 221/625/47 222/626/47 226/627/47 225/628/47
f 217/629/46 218/630/46 230/631/46 227/632/46
f 216/633/47 217/634/47 227/635/47 228/636/47
o Cube.242_Cube.302
v 10.000000 5.000000 -4.000000
v 14.501957 2.750000 -4.000000
v 14.001742 3.000000 -4.000000
v 14.501957 3.000000 -4.000000
v 13.501522 3.250000 -4.000000
v 14.001742 3.250000 -4.000000
v 13.001307 3.500000 -4.000000
v 13.501522 3.500000 -4.000000
v 12.501086 3.750000 -4.000000
v 13.001307 3.750000 -4.000000
v 12.000872 4.000000 -4.000000
v 12.501086 4.000000 -4.000000
v 11.500650 4.250000 -4.000000
v 12.000872 4.250000 -4.000000
v 11.000436 4.500000 -4.000000
v 11.500650 4.500000 -4.000000
v 10.500216 4.750000 -4.000000
v 11.000436 4.750000 -4.000000
v 10.500216 5.000000 -4.000000
v 10.000000 5.000000 4.000000
v 14.501957 2.750000 4.000000
v 14.001742 3.000000 4.000000
v 14.501957 3.000000 4.000000
v 13.501522 3.250000 4.000000
v 14.001742 3.250000 4.000000
v 13.001307 3.500000 4.000000
v 13.501522 3.500000 4.000000
v 12.501086 3.750000 4.000000
v 13.001307 3.750000 4.000000
v 12.000872 4.000000 4.000000
v 12.501086 4.000000 4.000000
v 11.500650 4.250000 4.000000
v 12.000872 4.250000 4.000000
v 11.000436 4.500000 4.000000
v 11.500650 4.500000 4.000000
v 10.500216 4.750000 4.000000
v 11.000436 4.750000 4.000000
v 10.500216 5.000000 4.000000
v 20.000000 2.500007 -4.000000
v 24.495657 0.250007 -4.000000
v 23.996141 0.500007 -4.000000
v 24.495657 0.500007 -4.000000
v 23.496620 0.750007 -4.000000
v 23.996141 0.750007 -4.000000
v 22.997107 1.000007 -4.000000
v 23.496620 1.000007 -4.000000
v 22.497585 1.250007 -4.000000
v 22.997107 1.250007 -4.000000
v 21.998070 1.500007 -4.000000
v 22.497585 1.500007 -4.000000
v 21.498550 1.750007 -4.000000
v 21.998070 1.750007 -4.000000
v 20.999035 2.000007 -4.000000
v 21.498550 2.000007 -4.000000
v 20.499516 2.250007 -4.000000
v 20.999035 2.250007 -4.000000
v 20.499516 2.500007 -4.000000
v 20.000000 2.500007 4.000000
v 24.495657 0.250007 4.000000
v 23.996141 0.500007 4.000000
v 24.495657 0.500007 4.000000
v 23.496620 0.750007 4.000000
v 23.996141 0.750007 4.000000
v 22.997107 1.000007 4.000000
v 23.496620 1.000007 4.000000
v 22.497585 1.250007 4.000000
v 22.997107 1.250007 4.000000
v 21.998070 1.500007 4.000000
v 22.497585 1.500007 4.000000
v 21.498550 1.750007 4.000000
v 21.998070 1.750007 4.000000
v 20.999035 2.000007 4.000000
v 21.498550 2.000007 4.000000
v 20.499516 2.250007 4.000000
v 20.999035 2.250007 4.000000
v 20.499516 2.500007 4.000000
vt 0.081442 0.950000
vt 0.081442 0.925000
vt 0.881442 0.925000
vt 0.881442 0.950000
vt 0.081442 0.975000
vt 0.081442 0.950000
vt 0.881442 0.950000
vt 0.881442 0.975000
vt 0.081442 -0.750109
vt 0.081442 -0.800131
vt 0.881442 -0.800131
vt 0.881442 -0.750109
vt 0.081442 -0.650065
vt 0.081442 -0.700087
vt 0.881442 -0.700087
vt 0.881442 -0.650065
vt 0.081442 0.800000
vt 0.081442 0.775000
vt 0.881442 0.775000
vt 0.881442 0.800000
vt 0.081442 -0.900174
vt 0.081442 -0.950196
vt 0.881442 -0.950196
vt 0.881442 -0.900174
vt 0.081442 -0.700087
vt 0.081442 -0.750109
vt 0.881442 -0.750109
vt 0.881442 -0.700087
vt 0.081442 -0.850152
vt 0.081442 -0.900174
vt 0.881442 -0.900174
vt 0.881442 -0.850152
vt 0.081442 0.875000
vt 0.081442 0.850000
vt 0.881442 0.850000
vt 0.881442 0.875000
vt 0.081442 1.000000
vt 0.081442 0.975000
vt 0.881442 0.975000
vt 0.881442 1.000000
vt 0.081442 0.900000
vt 0.081442 0.875000
vt 0.881442 0.875000
vt 0.881442 0.900000
vt 0.081442 -0.600044
vt 0.081442 -0.650065
vt 0.881442 -0.650065
vt 0.881442 -0.600044
vt 0.081442 0.825000
vt 0.081442 0.800000
vt 0.881442 0.800000
vt 0.881442 0.825000
vt 0.081442 0.925000
vt 0.081442 0.900000
vt 0.881442 0.900000
vt 0.881442 0.925000
vt 0.081442 -0.500000
vt 0.081442 -0.550022
vt 0.881442 -0.550022
vt 0.881442 -0.500000
vt 0.081442 -0.800131
vt 0.081442 -0.850152
vt 0.881442 -0.850152
vt 0.881442 -0.800131
vt 0.081442 0.850000
vt 0.081442 0.825000
vt 0.881442 0.825000
vt 0.881442 0.850000
vt 0.081442 -0.550022
vt 0.081442 -0.600044
vt 0.881442 -0.600044
vt 0.881442 -0.550022
vt 0.081442 0.700001
vt 0.081442 0.675001
vt 0.881442 0.675001
vt 0.881442 0.700001
vt 0.081442 0.725001
vt 0.081442 0.700001
vt 0.881442 0.700001
vt 0.881442 0.725001
vt 0.081442 -1.749758
vt 0.081442 -1.799711
vt 0.881442 -1.799711
vt 0.881442 -1.749758
vt 0.081442 -1.649855
vt 0.081442 -1.699807
vt 0.881442 -1.699807
vt 0.881442 -1.649855
vt 0.081442 0.550001
vt 0.081442 0.525001
vt 0.881442 0.525001
vt 0.881442 0.550001
vt 0.081442 -1.899614
vt 0.081442 -1.949566
vt 0.881442 -1.949566
vt 0.881442 -1.899614
vt 0.081442 -1.699807
vt 0.081442 -1.749758
vt 0.881442 -1.749758
vt 0.881442 -1.699807
vt 0.081442 -1.849662
vt 0.081442 -1.899614
vt 0.881442 -1.899614
vt 0.881442 -1.849662
vt 0.081442 0.625001
vt 0.081442 0.600001
vt 0.881442 0.600001
vt 0.881442 0.625001
vt 0.081442 0.750001
vt 0.081442 0.725001
vt 0.881442 0.725001
vt 0.881442 0.750001
vt 0.081442 0.650001
vt 0.081442 0.625001
vt 0.881442 0.625001
vt 0.881442 0.650001
vt 0.081442 -1.599904
vt 0.081442 -1.649855
vt 0.881442 -1.649855
vt 0.881442 -1.599904
vt 0.081442 0.575001
vt 0.081442 0.550001
vt 0.881442 0.550001
vt 0.881442 0.575001
vt 0.081442 0.675001
vt 0.081442 0.650001
vt 0.881442 0.650001
vt 0.881442 0.675001
vt 0.081442 -1.500000
vt 0.081442 -1.549952
vt 0.881442 -1.549952
vt 0.881442 -1.500000
vt 0.081442 -1.799711
vt 0.081442 -1.849662
vt 0.881442 -1.849662
vt 0.881442 -1.799711
vt 0.081442 0.600001
vt 0.081442 0.575001
vt 0.881442 0.575001
vt 0.881442 0.600001
vt 0.081442 -1.549952
vt 0.081442 -1.599904
vt 0.881442 -1.599904
vt 0.881442 -1.549952
vn 1.0000 0.0000 0.0000
vn 0.0000 1.0000 0.0000
usemtl sandstone
s 1
f 265/637/51 262/638/51 243/639/51 246/640/51
f 267/641/51 264/642/51 245/643/51 248/644/51
f 258/645/52 259/646/52 240/647/52 239/648/52
f 262/649/52 263/650/52 244/651/52 243/652/52
f 253/653/51 251/654/51 232/655/51 234/656/51
f 252/657/52 253/658/52 234/659/52 233/660/52
f 260/661/52 261/662/52 242/663/52 241/664/52
f 254/665/52 255/666/52 236/667/52 235/668/52
f 259/669/51 256/670/51 237/671/51 240/672/51
f 268/673/51 266/674/51 247/675/51 249/676/51
f 261/677/51 258/678/51 239/679/51 242/680/51
f 264/681/52 265/682/52 246/683/52 245/684/52
f 255/685/51 252/686/51 233/687/51 236/688/51
f 263/689/51 260/690/51 241/691/51 244/692/51
f 250/693/52 268/694/52 249/695/52 231/696/52
f 256/697/52 257/698/52 238/699/52 237/700/52
f 257/701/51 254/702/51 235/703/51 238/704/51
f 266/705/52 267/706/52 248/707/52 247/708/52
f 303/709/51 300/710/51 281/711/51 284/712/51
f 305/713/51 302/714/51 283/715/51 286/716/51
f 296/717/52 297/718/52 278/719/52 277/720/52
f 300/721/52 301/722/52 282/723/52 281/724/52
f 291/725/51 289/726/51 270/727/51 272/728/51
f 290/729/52 291/730/52 272/731/52 271/732/52
f 298/733/52 299/734/52 280/735/52 279/736/52
f 292/737/52 293/738/52 274/739/52 273/740/52
f 297/741/51 294/742/51 275/743/51 278/744/51
f 306/745/51 304/746/51 285/747/51 287/748/51
f 299/749/51 296/750/51 277/751/51 280/752/51
f 302/753/52 303/754/52 284/755/52 283/756/52
f 293/757/51 290/758/51 271/759/51 274/760/51
f 301/761/51 298/762/51 279/763/51 282/764/51
f 288/765/52 306/766/52 287/767/52 269/768/52
f 294/769/52 295/770/52 276/771/52 275/772/52
f 295/773/51 292/774/51 273/775/51 276/776/51
f 304/777/52 305/778/52 286/779/52 285/780/52
o Cube.243_Cube.303
v -0.200001 0.250000 -15.200000
v 25.200001 0.250000 -15.200000
v 25.250000 -0.000000 -15.250000
v 25.200001 0.250000 15.200000
v 25.250000 -0.000000 15.250000
v -0.250001 -0.000001 15.250000
v -0.250002 0.000000 -15.250000
v -0.250001 -0.000000 10.250000
v -0.200002 0.250000 15.200000
v -10.250000 0.000000 10.250000
v -10.250000 0.000000 -10.250000
v -0.250001 0.000000 -10.250000
v 25.200001 0.250000 10.000000
v 25.200001 0.250000 -10.000000
v -10.200000 0.250000 -10.200000
v -10.200000 0.250000 10.200000
v 25.250000 0.000000 -10.000000
v 25.250000 0.000000 10.000000
v -0.200001 0.250000 10.200000
v -0.200001 0.250000 -10.200000
vt -0.538558 0.520000
vt -0.518558 -2.020000
vt 1.481442 -2.020000
vt 1.501442 0.520000
vt -1.006442 0.525000
vt -1.006442 -2.025000
vt -0.481442 -2.025000
vt -0.506442 0.525000
vt 1.543558 0.525000
vt 1.518558 -2.025000
vt -0.501442 0.525000
vt -1.001442 0.525000
vt -1.006442 0.500000
vt -0.506442 0.500000
vt 3.020000 0.525000
vt 0.480000 0.525000
vt 0.475000 0.500000
vt 3.025000 0.500000
vt -0.518558 0.525000
vt -1.038558 0.525000
vt -1.043558 0.500000
vt -0.518558 0.500000
vt 2.001442 0.525000
vt 1.481442 0.525000
vt 1.481442 0.500000
vt 2.006442 0.500000
vt 1.520000 0.525000
vt 0.520000 0.525000
vt 0.525000 0.500000
vt 1.525000 0.500000
vt 2.038558 0.525000
vt 1.538558 0.525000
vt 1.543558 0.500000
vt 2.043558 0.500000
vt 1.538558 0.525000
vt -0.501442 0.525000
vt -0.506442 0.500000
vt 1.543558 0.500000
vt 0.480000 0.525000
vt -0.520000 0.525000
vt -0.525000 0.500000
vt 0.475000 0.500000
vt 2.001442 -2.020000
vt 2.001442 0.520000
vt 2.043558 -2.025000
vt 2.043558 0.525000
vt 1.501442 1.520000
vt -0.538558 1.520000
vt -1.038558 0.520000
vt -1.038558 -2.020000
vt 1.543558 1.525000
vt -0.506442 1.525000
vt 0.520000 0.525000
vt -2.020000 0.525000
vt -2.025000 0.500000
vt 0.525000 0.500000
vn -0.0000 1.0000 0.0000
vn -0.0000 -1.0000 0.0000
vn -0.9806 0.1961 -0.0000
vn -0.0000 0.1961 0.9806
vn 0.9806 0.1961 0.0000
vn -0.0000 0.1961 -0.9806
usemtl sandstone
s 1
f 325/781/53 319/782/53 320/783/53 326/784/53
f 313/785/54 309/786/54 323/787/54 318/788/54
f 314/789/54 318/788/54 323/787/54 324/790/54
f 326/791/55 307/792/55 313/793/55 318/794/55
f 310/795/56 315/796/56 312/797/56 311/798/56
f 319/799/57 310/800/57 311/801/57 324/802/57
f 308/803/57 320/804/57 323/805/57 309/806/57
f 320/804/57 319/799/57 324/802/57 323/805/57
f 321/807/58 326/808/58 318/809/58 317/810/58
f 315/811/55 325/812/55 314/813/55 312/814/55
f 322/815/55 321/816/55 317/817/55 316/818/55
f 325/819/56 322/820/56 316/821/56 314/822/56
f 326/784/53 320/783/53 308/823/53 307/824/53
f 311/825/54 312/826/54 314/789/54 324/790/54
f 321/827/53 322/828/53 325/781/53 326/784/53
f 325/781/53 315/829/53 310/830/53 319/782/53
f 314/789/54 316/831/54 317/832/54 318/788/54
f 307/833/58 308/834/58 309/835/58 313/836/58
o Cylinder.090_Cylinder.121
v 14.073188 5.462077 -9.093723
v 14.129737 5.250000 -9.149658
v 13.916052 5.462077 -8.967734
v 13.916052 5.896569 -8.967734
v 13.701614 5.896569 -8.753297
v 13.295763 15.431419 -8.347282
v 13.389844 15.481221 -8.441339
v 13.389844 15.431419 -8.441339
v 13.521689 15.528498 -8.573186
v 13.916052 5.802721 -8.967734
v 13.916052 5.775170 -8.967734
v 13.790650 5.788946 -8.842333
v 13.521689 15.586492 -8.573186
v 13.391325 15.586492 -8.442820
v 13.391325 15.680111 -8.442820
v 13.707311 15.804381 -8.758806
v 13.707311 15.888747 -8.758806
v 11.214887 5.462077 -9.093723
v 11.158338 5.250000 -9.149658
v 11.372023 5.462077 -8.967734
v 11.372023 5.896569 -8.967734
v 11.586460 5.896569 -8.753297
v 11.992311 15.431419 -8.347282
v 11.898231 15.481221 -8.441339
v 11.898231 15.431419 -8.441339
v 11.766385 15.528498 -8.573186
v 11.372023 5.802721 -8.967734
v 11.372023 5.775170 -8.967734
v 11.497424 5.788946 -8.842333
v 11.766385 15.586492 -8.573186
v 11.896749 15.586492 -8.442820
v 11.896749 15.680111 -8.442820
v 11.580764 15.804381 -8.758806
v 11.580764 15.888747 -8.758806
v 14.073188 5.462077 -6.297716
v 14.129737 5.250000 -6.241781
v 13.916052 5.462077 -6.423706
v 13.916052 5.896569 -6.423706
v 13.701614 5.896569 -6.638143
v 13.295763 15.431419 -7.044157
v 13.389844 15.481221 -6.950100
v 13.389844 15.431419 -6.950100
v 13.521689 15.528498 -6.818254
v 13.916052 5.802721 -6.423706
v 13.916052 5.775170 -6.423706
v 13.790650 5.788946 -6.549107
v 13.521689 15.586492 -6.818254
v 13.391325 15.586492 -6.948619
v 13.391325 15.680111 -6.948619
v 13.707311 15.804381 -6.632634
v 13.707311 15.888747 -6.632634
v 11.214887 5.462077 -6.297716
v 11.158338 5.250000 -6.241781
v 11.372023 5.462077 -6.423706
v 11.372023 5.896569 -6.423706
v 11.586460 5.896569 -6.638143
v 11.992311 15.431419 -7.044157
v 11.898231 15.481221 -6.950100
v 11.898231 15.431419 -6.950100
v 11.766385 15.528498 -6.818254
v 11.372023 5.802721 -6.423706
v 11.372023 5.775170 -6.423706
v 11.497424 5.788946 -6.549107
v 11.766385 15.586492 -6.818254
v 11.896749 15.586492 -6.948619
v 11.896749 15.680111 -6.948619
v 11.580764 15.804381 -6.632634
v 11.580764 15.888747 -6.632634
v 14.073188 5.462077 9.093723
v 14.129737 5.250000 9.149658
v 13.916052 5.462077 8.967734
v 13.916052 5.896569 8.967734
v 13.701614 5.896569 8.753297
v 13.295763 15.431419 8.347282
v 13.389844 15.481221 8.441339
v 13.389844 15.431419 8.441339
v 13.521689 15.528498 8.573186
v 13.916052 5.802721 8.967734
v 13.916052 5.775170 8.967734
v 13.790650 5.788946 8.842333
v 13.521689 15.586492 8.573186
v 13.391325 15.586492 8.442820
v 13.391325 15.680111 8.442820
v 13.707311 15.804381 8.758806
v 13.707311 15.888747 8.758806
v 11.214887 5.462077 9.093723
v 11.158338 5.250000 9.149658
v 11.372023 5.462077 8.967734
v 11.372023 5.896569 8.967734
v 11.586460 5.896569 8.753297
v 11.992311 15.431419 8.347282
v 11.898231 15.481221 8.441339
v 11.898231 15.431419 8.441339
v 11.766385 15.528498 8.573186
v 11.372023 5.802721 8.967734
v 11.372023 5.775170 8.967734
v 11.497424 5.788946 8.842333
v 11.766385 15.586492 8.573186
v 11.896749 15.586492 8.442820
v 11.896749 15.680111 8.442820
v 11.580764 15.804381 8.758806
v 11.580764 15.888747 8.758806
v 14.073188 5.462077 6.297716
v 14.129737 5.250000 6.241781
v 13.916052 5.462077 6.423706
v 13.916052 5.896569 6.423706
v 13.701614 5.896569 6.638143
v 13.295763 15.431419 7.044157
v 13.389844 15.481221 6.950100
v 13.389844 15.431419 6.950100
v 13.521689 15.528498 6.818254
v 13.916052 5.802721 6.423706
v 13.916052 5.775170 6.423706
v 13.790650 5.788946 6.549107
v 13.521689 15.586492 6.818254
v 13.391325 15.586492 6.948619
v 13.391325 15.680111 6.948619
v 13.707311 15.804381 6.632634
v 13.707311 15.888747 6.632634
v 11.214887 5.462077 6.297716
v 11.158338 5.250000 6.241781
v 11.372023 5.462077 6.423706
v 11.372023 5.896569 6.423706
v 11.586460 5.896569 6.638143
v 11.992311 15.431419 7.044157
v 11.898231 15.481221 6.950100
v 11.898231 15.431419 6.950100
v 11.766385 15.528498 6.818254
v 11.372023 5.802721 6.423706
v 11.372023 5.775170 6.423706
v 11.497424 5.788946 6.549107
v 11.766385 15.586492 6.818254
v 11.896749 15.586492 6.948619
v 11.896749 15.680111 6.948619
v 11.580764 15.804381 6.632634
v 11.580764 15.888747 6.632634
vt -0.637202 1.080272
vt -0.637202 1.089657
vt -0.891605 1.089657
vt -0.891605 1.080272
vt -0.123813 -0.891605
vt -0.136353 -0.879065
vt -0.365676 -0.879065
vt -0.378216 -0.891605
vt -0.637202 1.046208
vt -0.637202 1.077517
vt -0.891605 1.077517
vt -0.891605 1.046208
vt 1.378216 -0.891605
vt 1.123813 -0.891605
vt 1.111214 -0.907319
vt 1.390815 -0.907319
vt 1.176452 2.048122
vt 1.176452 2.043142
vt 1.325576 2.043142
vt 1.325576 2.048122
vt -0.689823 2.043142
vt -0.689823 2.048122
vt -0.838984 2.048122
vt -0.838984 2.043142
vt 1.316170 2.043142
vt 1.185858 2.043142
vt 1.145257 1.089657
vt 1.356772 1.089657
vt -0.676639 2.052850
vt -0.676639 2.058649
vt -0.852169 2.058649
vt -0.852169 2.052850
vt -0.325576 -0.689823
vt -0.338761 -0.676639
vt -0.338761 -0.852169
vt -0.325576 -0.838984
vt -0.365676 -0.649742
vt -0.378216 -0.637202
vt 1.123813 1.089657
vt 1.123813 1.080272
vt 1.378216 1.080272
vt 1.378216 1.089657
vt 1.378216 -0.637202
vt 1.365675 -0.649742
vt 1.365675 -0.879065
vt 1.378216 -0.891605
vt 1.136353 -0.879065
vt 1.123813 -0.891605
vt 1.123813 1.077517
vt 1.123813 1.046208
vt 1.378216 1.046208
vt 1.378216 1.077517
vt 1.163268 2.058649
vt 1.163268 2.052850
vt 1.338761 2.052850
vt 1.338761 2.058649
vt -0.163268 -0.852169
vt -0.176452 -0.838984
vt -0.176452 -0.838984
vt -0.185858 -0.829576
vt -0.316171 -0.829576
vt -0.325576 -0.838984
vt -0.870162 1.089657
vt -0.658646 1.089657
vt -0.699231 2.043142
vt -0.829576 2.043142
vt 1.325724 2.068011
vt 1.176304 2.068011
vt 1.176304 2.058649
vt 1.325724 2.058649
vt 1.390815 -0.621489
vt 1.378216 -0.637202
vt -0.123813 -0.637202
vt -0.136353 -0.649742
vt -0.658077 2.080438
vt -0.658077 2.088875
vt -0.870731 2.088875
vt -0.870731 2.080438
vt 1.176304 -0.839133
vt 1.163268 -0.852169
vt 1.338761 -0.852169
vt 1.325724 -0.839133
vt 1.338761 -0.676638
vt 1.325724 -0.689675
vt -0.357323 -0.870731
vt -0.144706 -0.870731
vt -0.176304 -0.839133
vt -0.325724 -0.839133
vt -0.325724 -0.689675
vt -0.357323 -0.658077
vt -0.689675 2.058649
vt -0.689675 2.068011
vt -0.839133 2.068011
vt -0.839133 2.058649
vt 1.357323 2.088875
vt 1.144706 2.088875
vt 1.144706 2.080438
vt 1.357323 2.080438
vt 1.111214 -0.621489
vt 1.123813 -0.637202
vt -0.176452 2.048122
vt -0.325576 2.048122
vt -0.325576 2.043142
vt -0.176452 2.043142
vt -0.123813 1.089657
vt -0.378216 1.089657
vt -0.378216 1.080272
vt -0.123813 1.080272
vt 1.123813 -0.637202
vt 1.136353 -0.649742
vt -0.123813 1.077517
vt -0.378216 1.077517
vt -0.378216 1.046208
vt -0.123813 1.046208
vt 1.378216 -0.891605
vt 1.378216 -0.637202
vt 1.123813 -0.637202
vt 1.123813 -0.891605
vt -0.163267 2.058649
vt -0.338761 2.058649
vt -0.338761 2.052850
vt -0.163267 2.052850
vt -0.163268 -0.676639
vt -0.176452 -0.689823
vt -0.176452 -0.689823
vt -0.325576 -0.689823
vt -0.316171 -0.699231
vt -0.185858 -0.699231
vt -0.325724 2.058649
vt -0.176304 2.058649
vt -0.176304 2.068011
vt -0.325724 2.068011
vt 1.907319 1.046208
vt 1.621489 1.046208
vt 1.615834 1.025000
vt 1.912974 1.025000
vt 1.144706 -0.870731
vt 1.357323 -0.870731
vt 1.357323 -0.658076
vt 1.144706 -0.658076
vt -0.176304 -0.689675
vt -0.144706 -0.658077
vt 1.176304 -0.689675
vt 1.163268 -0.676638
vt -0.357323 2.080438
vt -0.144705 2.080438
vt -0.144705 2.088875
vt -0.357323 2.088875
vt -0.356772 1.089657
vt -0.145256 1.089657
vt -0.185858 2.043142
vt -0.316170 2.043142
vt 1.637202 1.080272
vt 1.891605 1.080272
vt 1.891605 1.089657
vt 1.637202 1.089657
vt 1.390815 1.046208
vt 1.111214 1.046208
vt 1.105620 1.025000
vt 1.396408 1.025000
vt 1.637202 1.046208
vt 1.891605 1.046208
vt 1.891605 1.077517
vt 1.637202 1.077517
vt 1.689823 2.043142
vt 1.838984 2.043142
vt 1.838984 2.048122
vt 1.689823 2.048122
vt 1.689675 2.058649
vt 1.839133 2.058649
vt 1.839133 2.068011
vt 1.689675 2.068011
vt 1.676638 2.052850
vt 1.852169 2.052850
vt 1.852169 2.058649
vt 1.676638 2.058649
vt 1.829576 2.043142
vt 1.699231 2.043142
vt 1.658646 1.089657
vt 1.870161 1.089657
vt 1.658076 2.080438
vt 1.870731 2.080438
vt 1.870731 2.088875
vt 1.658076 2.088875
vt -0.912974 1.025000
vt -0.615834 1.025000
vt -0.621489 1.046208
vt -0.907319 1.046208
vt -0.396408 1.025000
vt -0.105620 1.025000
vt -0.111214 1.046208
vt -0.390814 1.046208
vt 1.637202 1.080272
vt 1.891605 1.080272
vt 1.891605 1.089657
vt 1.637202 1.089657
vt 1.160928 -0.891605
vt 1.415331 -0.891605
vt 1.402791 -0.879065
vt 1.173468 -0.879065
vt 1.637202 1.046208
vt 1.891605 1.046208
vt 1.891605 1.077517
vt 1.637202 1.077517
vt -0.415331 -0.891605
vt -0.427930 -0.907319
vt -0.148329 -0.907319
vt -0.160928 -0.891605
vt -0.213568 2.048122
vt -0.362692 2.048122
vt -0.362692 2.043142
vt -0.213568 2.043142
vt 1.689823 2.043142
vt 1.838984 2.043142
vt 1.838984 2.048122
vt 1.689823 2.048122
vt -0.353286 2.043142
vt -0.393887 1.089657
vt -0.182372 1.089657
vt -0.222973 2.043142
vt 1.676638 2.052850
vt 1.852169 2.052850
vt 1.852169 2.058649
vt 1.676638 2.058649
vt 1.362692 -0.689823
vt 1.362692 -0.838984
vt 1.375876 -0.852169
vt 1.375876 -0.676639
vt 1.415331 -0.637202
vt 1.402791 -0.649742
vt -0.160928 1.089657
vt -0.415331 1.089657
vt -0.415331 1.080272
vt -0.160928 1.080272
vt -0.415331 -0.637202
vt -0.415331 -0.891605
vt -0.402791 -0.879065
vt -0.402791 -0.649742
vt -0.160928 -0.891605
vt -0.173469 -0.879065
vt -0.160928 1.077517
vt -0.415331 1.077517
vt -0.415331 1.046208
vt -0.160928 1.046208
vt -0.200383 2.058649
vt -0.375876 2.058649
vt -0.375876 2.052850
vt -0.200383 2.052850
vt 1.200383 -0.852169
vt 1.213568 -0.838984
vt 1.213568 -0.838984
vt 1.362692 -0.838984
vt 1.353286 -0.829576
vt 1.222973 -0.829576
vt 1.870161 1.089657
vt 1.829576 2.043142
vt 1.699231 2.043142
vt 1.658646 1.089657
vt -0.362840 2.068011
vt -0.362840 2.058649
vt -0.213420 2.058649
vt -0.213420 2.068011
vt -0.415331 -0.637202
vt -0.427930 -0.621489
vt 1.160928 -0.637202
vt 1.173468 -0.649742
vt 1.658076 2.080438
vt 1.870731 2.080438
vt 1.870731 2.088875
vt 1.658076 2.088875
vt -0.213420 -0.839133
vt -0.362840 -0.839133
vt -0.375876 -0.852169
vt -0.200383 -0.852169
vt -0.362840 -0.689675
vt -0.375876 -0.676638
vt 1.394438 -0.870731
vt 1.362840 -0.839133
vt 1.213420 -0.839133
vt 1.181821 -0.870731
vt 1.362840 -0.689675
vt 1.394438 -0.658077
vt 1.689675 2.058649
vt 1.839133 2.058649
vt 1.839133 2.068011
vt 1.689675 2.068011
vt -0.394438 2.088875
vt -0.394438 2.080438
vt -0.181821 2.080438
vt -0.181821 2.088875
vt -0.160928 -0.637202
vt -0.148329 -0.621489
vt 1.213568 2.048122
vt 1.213568 2.043142
vt 1.362692 2.043142
vt 1.362692 2.048122
vt 1.160928 1.089657
vt 1.160928 1.080272
vt 1.415331 1.080272
vt 1.415331 1.089657
vt -0.173469 -0.649742
vt -0.160928 -0.637202
vt 1.160928 1.077517
vt 1.160928 1.046208
vt 1.415331 1.046208
vt 1.415331 1.077517
vt -0.415331 -0.891605
vt -0.160928 -0.891605
vt -0.160928 -0.637202
vt -0.415331 -0.637202
vt 1.200383 2.058649
vt 1.200383 2.052850
vt 1.375876 2.052850
vt 1.375876 2.058649
vt 1.200383 -0.676639
vt 1.213568 -0.689823
vt 1.213568 -0.689823
vt 1.222973 -0.699231
vt 1.353286 -0.699231
vt 1.362692 -0.689823
vt 1.362840 2.058649
vt 1.362840 2.068011
vt 1.213420 2.068011
vt 1.213420 2.058649
vt -0.907319 1.046208
vt -0.912974 1.025000
vt -0.615834 1.025000
vt -0.621489 1.046208
vt -0.181821 -0.870731
vt -0.181821 -0.658076
vt -0.394438 -0.658076
vt -0.394438 -0.870731
vt 1.181821 -0.658077
vt 1.213420 -0.689675
vt -0.213420 -0.689675
vt -0.200383 -0.676638
vt 1.394439 2.080438
vt 1.394439 2.088875
vt 1.181821 2.088875
vt 1.181821 2.080438
vt 1.393888 1.089657
vt 1.353286 2.043142
vt 1.222974 2.043142
vt 1.182372 1.089657
vt -0.637202 1.080272
vt -0.637202 1.089657
vt -0.891605 1.089657
vt -0.891605 1.080272
vt -0.427930 1.046208
vt -0.433524 1.025000
vt -0.142736 1.025000
vt -0.148329 1.046208
vt -0.637202 1.046208
vt -0.637202 1.077517
vt -0.891605 1.077517
vt -0.891605 1.046208
vt -0.689823 2.043142
vt -0.689823 2.048122
vt -0.838984 2.048122
vt -0.838984 2.043142
vt -0.689675 2.058649
vt -0.689675 2.068011
vt -0.839132 2.068011
vt -0.839132 2.058649
vt -0.676638 2.052850
vt -0.676638 2.058649
vt -0.852169 2.058649
vt -0.852169 2.052850
vt -0.829576 2.043142
vt -0.870161 1.089657
vt -0.658646 1.089657
vt -0.699231 2.043142
vt -0.658076 2.080438
vt -0.658076 2.088875
vt -0.870731 2.088875
vt -0.870731 2.080438
vt 1.912974 1.025000
vt 1.907319 1.046208
vt 1.621489 1.046208
vt 1.615834 1.025000
vt 1.433524 1.025000
vt 1.427930 1.046208
vt 1.148329 1.046208
vt 1.142736 1.025000
vn 0.0000 0.0000 -1.0000
vn 0.0548 -0.9970 0.0548
vn 0.0548 -0.9970 -0.0548
vn 0.0000 1.0000 0.0000
vn 1.0000 0.0000 0.0000
vn 0.9991 0.0425 0.0000
vn -0.1738 -0.9693 -0.1738
vn 0.1738 -0.9693 -0.1738
vn -0.0548 -0.9970 -0.0548
vn -0.0548 0.9970 -0.0548
vn 0.0548 0.9970 -0.0548
vn 0.0548 0.9970 0.0548
vn 0.1738 -0.9693 0.1738
vn 0.0000 -1.0000 0.0000
vn 0.0000 0.0425 -0.9991
vn -0.0548 -0.9970 0.0548
vn 0.1894 -0.9634 -0.1894
vn 0.1895 -0.9634 0.1894
vn 0.1895 -0.9634 -0.1894
vn -0.1895 -0.9634 -0.1894
vn -1.0000 0.0000 0.0000
vn -0.0548 0.9970 0.0548
vn -0.1738 -0.9693 0.1738
vn 0.0000 0.2550 0.9669
vn -0.1895 -0.9634 0.1894
vn -0.9991 0.0425 0.0000
vn 0.0000 0.0000 1.0000
vn 0.9662 0.2576 0.0000
vn 0.0000 0.0425 0.9991
vn 0.0000 0.2550 -0.9669
vn -0.9662 0.2576 0.0000
vn 0.1894 -0.9634 0.1894
usemtl sandstone
s 1
f 353/837/59 347/838/59 330/839/59 336/840/59
f 370/841/60 372/842/60 338/843/61 336/844/61
f 346/845/59 354/846/59 337/847/59 329/848/59
f 329/849/62 363/850/62 361/851/62 327/852/62
f 367/853/63 368/854/63 334/855/63 333/856/63
f 351/857/59 350/858/59 333/859/59 334/860/59
f 332/861/64 366/862/64 365/863/64 331/864/64
f 352/865/59 356/866/59 339/867/59 335/868/59
f 350/869/65 352/870/65 335/871/66 333/872/66
f 338/843/61 355/873/67 353/874/67 336/844/61
f 364/875/63 370/876/63 336/877/63 330/878/63
f 354/879/68 355/880/68 338/881/69 337/882/69
f 338/881/69 372/883/70 371/884/70 337/882/69
f 371/885/63 363/886/63 329/887/63 337/888/63
f 373/889/63 369/890/63 335/891/63 339/892/63
f 369/893/71 367/894/71 333/872/66 335/871/66
f 368/895/72 366/896/72 332/897/72 334/898/72
f 331/899/73 348/900/73 349/901/73 332/902/73
f 341/903/63 375/904/63 374/905/63 340/906/63
f 327/852/62 344/907/62 346/908/62 329/849/62
f 387/909/74 353/874/67 355/873/67 389/910/74
f 359/911/59 360/912/59 343/913/59 342/914/59
f 374/915/62 373/916/62 339/917/62 340/918/62
f 339/917/62 356/919/62 357/920/62 340/918/62
f 342/921/75 376/922/76 375/923/76 341/924/77
f 358/925/78 359/926/78 342/921/75 341/924/77
f 357/927/59 358/928/59 341/929/59 340/930/59
f 343/931/63 377/932/63 376/933/63 342/934/63
f 344/907/62 378/935/62 380/936/62 346/908/62
f 384/937/79 350/938/79 351/939/79 385/940/79
f 381/941/79 347/942/79 353/943/79 387/944/79
f 354/879/68 388/945/80 389/946/80 355/880/68
f 388/947/79 354/948/79 346/949/79 380/950/79
f 330/951/62 347/952/62 381/953/62 364/954/62
f 390/955/79 356/956/79 352/957/79 386/958/79
f 386/959/81 352/870/65 350/869/65 384/960/81
f 385/961/72 351/962/72 349/963/72 383/964/72
f 357/965/79 391/966/79 392/967/79 358/968/79
f 361/969/82 378/970/82 379/971/82 362/972/82
f 377/973/62 343/974/62 360/975/62 394/976/62
f 358/925/78 392/977/83 393/978/83 359/926/78
f 391/979/62 357/920/62 356/919/62 390/980/62
f 359/981/79 393/982/79 394/983/79 360/984/79
f 348/985/84 382/986/84 383/987/84 349/988/84
f 387/989/85 370/990/85 364/991/85 381/992/85
f 327/993/86 361/994/86 362/995/86 328/996/86
f 380/997/85 363/998/85 371/999/85 388/1000/85
f 385/1001/85 368/1002/85 367/1003/85 384/1004/85
f 391/1005/85 374/1006/85 375/1007/85 392/1008/85
f 386/1009/85 369/1010/85 373/1011/85 390/1012/85
f 384/960/81 367/894/71 369/893/71 386/959/81
f 370/841/60 387/909/74 389/910/74 372/842/60
f 388/945/80 371/884/70 372/883/70 389/946/80
f 363/850/62 380/936/62 378/935/62 361/851/62
f 366/1013/87 383/1014/87 382/1015/87 365/1016/87
f 393/1017/85 376/1018/85 377/1019/85 394/1020/85
f 328/1021/88 345/1022/88 344/1023/88 327/1024/88
f 374/915/62 391/979/62 390/980/62 373/916/62
f 392/977/83 375/923/76 376/922/76 393/978/83
f 345/1025/89 379/1026/89 378/1027/89 344/1028/89
f 368/895/72 385/961/72 383/964/72 366/896/72
f 332/897/72 349/963/72 351/962/72 334/898/72
f 421/1029/85 404/1030/85 398/1031/85 415/1032/85
f 438/1033/61 404/1034/60 406/1035/60 440/1036/61
f 414/1037/85 397/1038/85 405/1039/85 422/1040/85
f 397/1041/62 395/1042/62 429/1043/62 431/1044/62
f 435/1045/63 401/1046/63 402/1047/63 436/1048/63
f 419/1049/85 402/1050/85 401/1051/85 418/1052/85
f 400/1053/64 399/1054/64 433/1055/64 434/1056/64
f 420/1057/85 403/1058/85 407/1059/85 424/1060/85
f 418/1061/81 401/1062/71 403/1063/71 420/1064/81
f 406/1035/60 404/1034/60 421/1065/74 423/1066/74
f 432/1067/63 398/1068/63 404/1069/63 438/1070/63
f 422/1071/80 405/1072/70 406/1073/70 423/1074/80
f 406/1073/70 405/1072/70 439/1075/69 440/1076/69
f 439/1077/63 405/1078/63 397/1079/63 431/1080/63
f 441/1081/63 407/1082/63 403/1083/63 437/1084/63
f 437/1085/66 403/1063/71 401/1062/71 435/1086/66
f 436/1087/72 402/1088/72 400/1089/72 434/1090/72
f 399/1091/87 400/1092/87 417/1093/87 416/1094/87
f 409/1095/63 408/1096/63 442/1097/63 443/1098/63
f 395/1042/62 397/1041/62 414/1099/62 412/1100/62
f 455/1101/67 457/1102/67 423/1066/74 421/1065/74
f 427/1103/85 410/1104/85 411/1105/85 428/1106/85
f 442/1107/62 408/1108/62 407/1109/62 441/1110/62
f 407/1109/62 408/1108/62 425/1111/62 424/1112/62
f 410/1113/90 409/1114/76 443/1115/77 444/1116/77
f 426/1117/83 409/1114/76 410/1113/90 427/1118/83
f 425/1119/85 408/1120/85 409/1121/85 426/1122/85
f 411/1123/63 410/1124/63 444/1125/63 445/1126/63
f 412/1100/62 414/1099/62 448/1127/62 446/1128/62
f 452/1129/79 453/1130/79 419/1131/79 418/1132/79
f 449/1133/79 455/1134/79 421/1135/79 415/1136/79
f 422/1071/80 423/1074/80 457/1137/68 456/1138/68
f 456/1139/79 448/1140/79 414/1141/79 422/1142/79
f 398/1143/62 432/1144/62 449/1145/62 415/1146/62
f 458/1147/79 454/1148/79 420/1149/79 424/1150/79
f 454/1151/65 452/1152/65 418/1061/81 420/1064/81
f 453/1153/72 451/1154/72 417/1155/72 419/1156/72
f 425/1157/79 426/1158/79 460/1159/79 459/1160/79
f 429/1161/88 430/1162/88 447/1163/88 446/1164/88
f 445/1165/62 462/1166/62 428/1167/62 411/1168/62
f 426/1117/83 427/1118/83 461/1169/78 460/1170/78
f 459/1171/62 458/1172/62 424/1112/62 425/1111/62
f 427/1173/79 428/1174/79 462/1175/79 461/1176/79
f 416/1177/84 417/1178/84 451/1179/84 450/1180/84
f 455/1181/59 449/1182/59 432/1183/59 438/1184/59
f 395/1185/86 396/1186/86 430/1187/86 429/1188/86
f 448/1189/59 456/1190/59 439/1191/59 431/1192/59
f 453/1193/59 452/1194/59 435/1195/59 436/1196/59
f 459/1197/59 460/1198/59 443/1199/59 442/1200/59
f 454/1201/59 458/1202/59 441/1203/59 437/1204/59
f 452/1152/65 454/1151/65 437/1085/66 435/1086/66
f 438/1033/61 440/1036/61 457/1102/67 455/1101/67
f 456/1138/68 457/1137/68 440/1076/69 439/1075/69
f 431/1044/62 429/1043/62 446/1128/62 448/1127/62
f 434/1205/73 433/1206/73 450/1207/73 451/1208/73
f 461/1209/59 462/1210/59 445/1211/59 444/1212/59
f 396/1213/82 395/1214/82 412/1215/82 413/1216/82
f 442/1107/62 441/1110/62 458/1172/62 459/1171/62
f 460/1170/78 461/1169/78 444/1116/77 443/1115/77
f 413/1217/89 412/1218/89 446/1219/89 447/1220/89
f 436/1087/72 434/1090/72 451/1154/72 453/1153/72
f 400/1089/72 402/1088/72 419/1156/72 417/1155/72
o Cylinder.091_Cylinder.122
v 23.807592 2.962078 -13.956398
v 23.864143 2.750001 -14.012334
v 23.650457 2.962078 -13.830409
v 23.650457 3.396570 -13.830409
v 23.485601 3.396570 -13.665554
v 23.180168 10.564276 -13.359958
v 23.274248 10.614079 -13.454015
v 23.274248 10.564276 -13.454015
v 23.406096 10.661354 -13.585861
v 23.650457 3.302722 -13.830409
v 23.650457 3.275172 -13.830409
v 23.525055 3.288947 -13.705008
v 23.275730 10.719349 -13.455495
v 23.406096 10.719349 -13.585861
v 23.275730 10.812968 -13.455495
v 23.591715 10.937238 -13.771481
v 23.591715 11.021604 -13.771481
v 21.249292 2.962078 -13.956398
v 21.192741 2.750001 -14.012334
v 21.406427 2.962078 -13.830409
v 21.406427 3.396570 -13.830409
v 21.571283 3.396570 -13.665554
v 21.876717 10.564276 -13.359958
v 21.782637 10.614079 -13.454015
v 21.782637 10.564276 -13.454015
v 21.650789 10.661354 -13.585861
v 21.406427 3.302722 -13.830409
v 21.406427 3.275172 -13.830409
v 21.531830 3.288947 -13.705008
v 21.781155 10.719349 -13.455495
v 21.650789 10.719349 -13.585861
v 21.781155 10.812968 -13.455495
v 21.465170 10.937238 -13.771481
v 21.465170 11.021604 -13.771481
v 23.807592 2.962078 -11.460392
v 23.864143 2.750001 -11.404456
v 23.650457 2.962078 -11.586381
v 23.650457 3.396570 -11.586381
v 23.485601 3.396570 -11.751236
v 23.180168 10.564276 -12.056832
v 23.274248 10.614079 -11.962775
v 23.274248 10.564276 -11.962775
v 23.406096 10.661354 -11.830929
v 23.650457 3.302722 -11.586381
v 23.650457 3.275172 -11.586381
v 23.525055 3.288947 -11.711782
v 23.275730 10.719349 -11.961295
v 23.406096 10.719349 -11.830929
v 23.275730 10.812968 -11.961295
v 23.591715 10.937238 -11.645309
v 23.591715 11.021604 -11.645309
v 21.249292 2.962078 -11.460392
v 21.192741 2.750001 -11.404456
v 21.406427 2.962078 -11.586381
v 21.406427 3.396570 -11.586381
v 21.571283 3.396570 -11.751236
v 21.876717 10.564276 -12.056832
v 21.782637 10.614079 -11.962775
v 21.782637 10.564276 -11.962775
v 21.650789 10.661354 -11.830929
v 21.406427 3.302722 -11.586381
v 21.406427 3.275172 -11.586381
v 21.531830 3.288947 -11.711782
v 21.781155 10.719349 -11.961295
v 21.650789 10.719349 -11.830929
v 21.781155 10.812968 -11.961295
v 21.465170 10.937238 -11.645309
v 21.465170 11.021604 -11.645309
v 23.807592 2.962078 13.956398
v 23.864143 2.750001 14.012334
v 23.650457 2.962078 13.830409
v 23.650457 3.396570 13.830409
v 23.485601 3.396570 13.665554
v 23.180168 10.564276 13.359958
v 23.274248 10.614079 13.454015
v 23.274248 10.564276 13.454015
v 23.406096 10.661354 13.585861
v 23.650457 3.302722 13.830409
v 23.650457 3.275172 13.830409
v 23.525055 3.288947 13.705008
v 23.275730 10.719349 13.455495
v 23.406096 10.719349 13.585861
v 23.275730 10.812968 13.455495
v 23.591715 10.937238 13.771481
v 23.591715 11.021604 13.771481
v 21.249292 2.962078 13.956398
v 21.192741 2.750001 14.012334
v 21.406427 2.962078 13.830409
v 21.406427 3.396570 13.830409
v 21.571283 3.396570 13.665554
v 21.876717 10.564276 13.359958
v 21.782637 10.614079 13.454015
v 21.782637 10.564276 13.454015
v 21.650789 10.661354 13.585861
v 21.406427 3.302722 13.830409
v 21.406427 3.275172 13.830409
v 21.531830 3.288947 13.705008
v 21.781155 10.719349 13.455495
v 21.650789 10.719349 13.585861
v 21.781155 10.812968 13.455495
v 21.465170 10.937238 13.771481
v 21.465170 11.021604 13.771481
v 23.807592 2.962078 11.460392
v 23.864143 2.750001 11.404456
v 23.650457 2.962078 11.586381
v 23.650457 3.396570 11.586381
v 23.485601 3.396570 11.751236
v 23.180168 10.564276 12.056832
v 23.274248 10.614079 11.962775
v 23.274248 10.564276 11.962775
v 23.406096 10.661354 11.830929
v 23.650457 3.302722 11.586381
v 23.650457 3.275172 11.586381
v 23.525055 3.288947 11.711782
v 23.275730 10.719349 11.961295
v 23.406096 10.719349 11.830929
v 23.275730 10.812968 11.961295
v 23.591715 10.937238 11.645309
v 23.591715 11.021604 11.645309
v 21.249292 2.962078 11.460392
v 21.192741 2.750001 11.404456
v 21.406427 2.962078 11.586381
v 21.406427 3.396570 11.586381
v 21.571283 3.396570 11.751236
v 21.876717 10.564276 12.056832
v 21.782637 10.614079 11.962775
v 21.782637 10.564276 11.962775
v 21.650789 10.661354 11.830929
v 21.406427 3.302722 11.586381
v 21.406427 3.275172 11.586381
v 21.531830 3.288947 11.711782
v 21.781155 10.719349 11.961295
v 21.650789 10.719349 11.830929
v 21.781155 10.812968 11.961295
v 21.465170 10.937238 11.645309
v 21.465170 11.021604 11.645309
vt -1.640643 0.830272
vt -1.640643 0.839657
vt -1.865046 0.839657
vt -1.865046 0.830272
vt -0.640081 -1.865046
vt -0.652621 -1.852505
vt -0.851943 -1.852505
vt -0.864483 -1.865046
vt -1.640643 0.796208
vt -1.640643 0.827517
vt -1.865046 0.827517
vt -1.865046 0.796208
vt 1.864483 -1.865046
vt 1.640080 -1.865046
vt 1.627481 -1.880759
vt 1.877082 -1.880759
vt 1.677720 1.561408
vt 1.677720 1.556428
vt 1.826844 1.556428
vt 1.826844 1.561408
vt -1.678264 1.556428
vt -1.678264 1.561408
vt -1.827425 1.561408
vt -1.827425 1.556428
vt 1.840028 -1.840610
vt 1.840028 -1.665079
vt 1.826992 -1.678116
vt 1.826992 -1.827573
vt -1.665079 1.566135
vt -1.665079 1.571935
vt -1.840610 1.571935
vt -1.840610 1.566135
vt -0.826844 -1.678264
vt -0.840029 -1.665079
vt -0.840029 -1.840610
vt -0.826844 -1.827425
vt -0.851943 -1.653183
vt -0.864483 -1.640643
vt 1.640080 0.839657
vt 1.640080 0.830272
vt 1.864483 0.830272
vt 1.864483 0.839657
vt 1.864483 -1.640643
vt 1.851943 -1.653183
vt 1.851943 -1.852505
vt 1.864483 -1.865046
vt 1.652620 -1.852505
vt 1.640080 -1.865046
vt 1.640080 0.827517
vt 1.640080 0.796208
vt 1.864483 0.796208
vt 1.864483 0.827517
vt 1.664535 1.571935
vt 1.664535 1.566136
vt 1.840028 1.566136
vt 1.840028 1.571935
vt -0.664535 -1.840610
vt -0.677720 -1.827425
vt -0.677720 -1.827425
vt -0.687126 -1.818017
vt -0.817438 -1.818017
vt -0.826844 -1.827425
vt -1.848560 0.839657
vt -1.657129 0.839657
vt -1.687672 1.556428
vt -1.818017 1.556428
vt 1.826992 1.581297
vt 1.677572 1.581297
vt 1.677572 1.571935
vt 1.826992 1.571935
vt 1.877082 -1.624929
vt 1.864483 -1.640643
vt -0.640081 -1.640643
vt -0.652621 -1.653183
vt -1.646517 1.593724
vt -1.646517 1.602160
vt -1.859172 1.602160
vt -1.859172 1.593724
vt -1.678116 1.571935
vt -1.678116 1.581297
vt -1.827573 1.581297
vt -1.827573 1.571935
vt -0.858590 -1.859172
vt -0.645973 -1.859172
vt -0.677572 -1.827573
vt -0.826992 -1.827573
vt -0.677720 -1.678264
vt -0.687126 -1.687672
vt 1.677572 -1.827573
vt 1.664535 -1.840610
vt -0.687125 1.556428
vt -0.817438 1.556428
vt -0.847998 0.839657
vt -0.656566 0.839657
vt -0.826992 -1.678116
vt -0.858590 -1.646517
vt 2.646517 1.593724
vt 2.859172 1.593724
vt 2.859172 1.602160
vt 2.646517 1.602160
vt 1.858590 1.602160
vt 1.645973 1.602160
vt 1.645973 1.593724
vt 1.858590 1.593724
vt 1.627481 -1.624929
vt 1.640080 -1.640643
vt -0.677720 1.561408
vt -0.826844 1.561408
vt -0.826844 1.556428
vt -0.677720 1.556428
vt -0.640080 0.839657
vt -0.864483 0.839657
vt -0.864483 0.830272
vt -0.640080 0.830272
vt 1.640080 -1.640643
vt 1.652620 -1.653183
vt -0.640080 0.827517
vt -0.864483 0.827517
vt -0.864483 0.796208
vt -0.640080 0.796208
vt 1.864483 -1.865046
vt 1.864483 -1.640643
vt 1.640080 -1.640643
vt 1.640080 -1.865046
vt -0.664535 1.571935
vt -0.840028 1.571935
vt -0.840028 1.566136
vt -0.664535 1.566136
vt -0.664535 -1.665079
vt -0.677720 -1.678264
vt -0.826844 -1.678264
vt -0.817438 -1.687672
vt -0.826991 1.571935
vt -0.677572 1.571935
vt -0.677572 1.581297
vt -0.826991 1.581297
vt 2.880759 0.796208
vt 2.624929 0.796208
vt 2.619274 0.775000
vt 2.886414 0.775000
vt -0.677572 -1.678116
vt -0.645973 -1.646517
vt 1.677572 -1.678116
vt 1.664535 -1.665079
vt -0.858590 1.593724
vt -0.645973 1.593724
vt -0.645973 1.602161
vt -0.858590 1.602161
vt 2.640643 0.830272
vt 2.865046 0.830272
vt 2.865046 0.839657
vt 2.640643 0.839657
vt 1.877082 0.796208
vt 1.627481 0.796208
vt 1.621888 0.775000
vt 1.882676 0.775000
vt 2.640643 0.796208
vt 2.865046 0.796208
vt 2.865046 0.827517
vt 2.640643 0.827517
vt 2.678264 1.556428
vt 2.827425 1.556428
vt 2.827425 1.561408
vt 2.678264 1.561408
vt 2.665079 1.566135
vt 2.840610 1.566135
vt 2.840610 1.571935
vt 2.665079 1.571935
vt 2.818017 1.556428
vt 2.687672 1.556428
vt 2.657128 0.839657
vt 2.848560 0.839657
vt 1.645973 -1.646517
vt 1.645973 -1.859172
vt 1.858590 -1.859172
vt 1.858590 -1.646517
vt 2.678116 1.571935
vt 2.827573 1.571935
vt 2.827573 1.581297
vt 2.678116 1.581297
vt -0.882676 0.775000
vt -0.621888 0.775000
vt -0.627481 0.796208
vt -0.877082 0.796208
vt 1.687125 1.556428
vt 1.656566 0.839657
vt 1.847998 0.839657
vt 1.817438 1.556428
vt -1.886415 0.775000
vt -1.619274 0.775000
vt -1.624929 0.796208
vt -1.880759 0.796208
vt 2.640643 0.830272
vt 2.865046 0.830272
vt 2.865046 0.839657
vt 2.640643 0.839657
vt 1.677196 -1.865046
vt 1.901598 -1.865046
vt 1.889058 -1.852505
vt 1.689736 -1.852505
vt 2.640643 0.796208
vt 2.865046 0.796208
vt 2.865046 0.827517
vt 2.640643 0.827517
vt -0.901599 -1.865046
vt -0.914198 -1.880759
vt -0.664597 -1.880759
vt -0.677196 -1.865046
vt -0.714835 1.561408
vt -0.863959 1.561408
vt -0.863959 1.556428
vt -0.714835 1.556428
vt 2.678264 1.556428
vt 2.827425 1.556428
vt 2.827425 1.561408
vt 2.678264 1.561408
vt -0.877144 -1.840610
vt -0.864107 -1.827573
vt -0.864107 -1.678116
vt -0.877144 -1.665079
vt 2.665079 1.566135
vt 2.840610 1.566135
vt 2.840610 1.571935
vt 2.665079 1.571935
vt 1.863959 -1.678264
vt 1.863959 -1.827425
vt 1.877144 -1.840610
vt 1.877144 -1.665079
vt 1.901598 -1.640643
vt 1.889058 -1.653183
vt -0.677196 0.839657
vt -0.901599 0.839657
vt -0.901599 0.830272
vt -0.677196 0.830272
vt -0.901599 -1.640643
vt -0.901599 -1.865046
vt -0.889059 -1.852505
vt -0.889059 -1.653183
vt -0.677196 -1.865046
vt -0.689736 -1.852505
vt -0.677196 0.827517
vt -0.901599 0.827517
vt -0.901599 0.796208
vt -0.677196 0.796208
vt -0.701651 1.571935
vt -0.877144 1.571935
vt -0.877144 1.566136
vt -0.701651 1.566136
vt 1.701651 -1.840610
vt 1.714835 -1.827425
vt 1.714835 -1.827425
vt 1.863959 -1.827425
vt 1.854553 -1.818017
vt 1.724241 -1.818017
vt 2.848560 0.839657
vt 2.818017 1.556428
vt 2.687672 1.556428
vt 2.657128 0.839657
vt -0.864107 1.581297
vt -0.864107 1.571935
vt -0.714687 1.571935
vt -0.714687 1.581297
vt -0.901599 -1.640643
vt -0.914198 -1.624929
vt 1.677196 -1.640643
vt 1.689736 -1.653183
vt 2.646517 1.593724
vt 2.859172 1.593724
vt 2.859172 1.602160
vt 2.646517 1.602160
vt 2.678116 1.571935
vt 2.827573 1.571935
vt 2.827573 1.581297
vt 2.678116 1.581297
vt 1.895706 -1.859172
vt 1.864107 -1.827573
vt 1.714687 -1.827573
vt 1.683089 -1.859172
vt 1.724241 -1.687672
vt 1.714835 -1.678264
vt -0.714687 -1.827573
vt -0.701651 -1.840610
vt 1.724241 1.556428
vt 1.693681 0.839657
vt 1.885113 0.839657
vt 1.854554 1.556428
vt 1.864107 -1.678116
vt 1.895706 -1.646517
vt -1.646517 1.593724
vt -1.646517 1.602160
vt -1.859172 1.602160
vt -1.859172 1.593724
vt -0.895706 1.602160
vt -0.895706 1.593724
vt -0.683089 1.593724
vt -0.683089 1.602160
vt -0.677196 -1.640643
vt -0.664597 -1.624929
vt 1.714835 1.561408
vt 1.714835 1.556428
vt 1.863960 1.556428
vt 1.863960 1.561408
vt 1.677196 0.839657
vt 1.677196 0.830272
vt 1.901599 0.830272
vt 1.901599 0.839657
vt -0.689736 -1.653183
vt -0.677196 -1.640643
vt 1.677196 0.827517
vt 1.677196 0.796208
vt 1.901599 0.796208
vt 1.901599 0.827517
vt -0.901599 -1.865046
vt -0.677196 -1.865046
vt -0.677196 -1.640643
vt -0.901599 -1.640643
vt 1.701651 1.571935
vt 1.701651 1.566135
vt 1.877144 1.566135
vt 1.877144 1.571935
vt 1.701651 -1.665079
vt 1.714835 -1.678264
vt 1.854553 -1.687672
vt 1.863959 -1.678264
vt 1.864107 1.571935
vt 1.864107 1.581297
vt 1.714688 1.581297
vt 1.714688 1.571935
vt -1.880759 0.796208
vt -1.886414 0.775000
vt -1.619274 0.775000
vt -1.624929 0.796208
vt 1.683089 -1.646517
vt 1.714687 -1.678116
vt -0.714687 -1.678116
vt -0.701651 -1.665079
vt 1.895706 1.593724
vt 1.895706 1.602160
vt 1.683089 1.602160
vt 1.683089 1.593724
vt -1.640643 0.830272
vt -1.640643 0.839657
vt -1.865046 0.839657
vt -1.865046 0.830272
vt -0.914198 0.796208
vt -0.919791 0.775000
vt -0.659003 0.775000
vt -0.664597 0.796208
vt -1.640643 0.796208
vt -1.640643 0.827517
vt -1.865046 0.827517
vt -1.865046 0.796208
vt -1.678264 1.556428
vt -1.678264 1.561408
vt -1.827425 1.561408
vt -1.827425 1.556428
vt -1.665079 1.566135
vt -1.665079 1.571935
vt -1.840610 1.571935
vt -1.840610 1.566135
vt -1.818017 1.556428
vt -1.848560 0.839657
vt -1.657128 0.839657
vt -1.687672 1.556428
vt -0.683089 -1.646517
vt -0.895706 -1.646517
vt -0.895706 -1.859172
vt -0.683089 -1.859172
vt -1.678116 1.571935
vt -1.678116 1.581297
vt -1.827573 1.581297
vt -1.827573 1.571935
vt 1.919791 0.775000
vt 1.914198 0.796208
vt 1.664597 0.796208
vt 1.659003 0.775000
vt -0.724241 1.556428
vt -0.854554 1.556428
vt -0.885113 0.839657
vt -0.693681 0.839657
vt 2.886414 0.775000
vt 2.880759 0.796208
vt 2.624929 0.796208
vt 2.619274 0.775000
vn 0.0000 0.0000 -1.0000
vn 0.0548 -0.9970 0.0548
vn 0.0548 -0.9970 -0.0548
vn 0.0000 1.0000 0.0000
vn 1.0000 0.0000 0.0000
vn -0.1738 -0.9693 -0.1738
vn 0.1738 -0.9693 -0.1738
vn -0.0548 -0.9970 -0.0548
vn -0.0548 0.9970 -0.0548
vn 0.0548 0.9970 -0.0548
vn 0.0548 0.9970 0.0548
vn 0.1738 -0.9693 0.1738
vn 0.0000 -1.0000 0.0000
vn 0.0000 0.0426 -0.9991
vn -0.0548 -0.9970 0.0548
vn 0.1894 -0.9634 -0.1894
vn 0.1894 -0.9634 0.1894
vn -0.9991 0.0426 0.0000
vn -0.1894 -0.9634 -0.1894
vn 0.0000 0.0000 1.0000
vn -1.0000 0.0000 0.0000
vn -0.0548 0.9970 0.0548
vn -0.1738 -0.9693 0.1738
vn 0.0000 0.2550 0.9669
vn -0.1894 -0.9634 0.1894
vn 0.9662 0.2577 0.0000
vn 0.0000 0.0426 0.9991
vn -0.9662 0.2576 0.0000
vn 0.9991 0.0426 0.0000
vn 0.0000 0.2550 -0.9669
usemtl sandstone
s 1
f 489/1221/91 483/1222/91 466/1223/91 472/1224/91
f 506/1225/92 508/1226/92 474/1227/93 472/1228/93
f 482/1229/91 490/1230/91 473/1231/91 465/1232/91
f 465/1233/94 499/1234/94 497/1235/94 463/1236/94
f 503/1237/95 504/1238/95 470/1239/95 469/1240/95
f 487/1241/91 486/1242/91 469/1243/91 470/1244/91
f 476/1245/94 493/1246/94 492/1247/94 475/1248/94
f 488/1249/91 493/1250/91 476/1251/91 471/1252/91
f 486/1253/96 488/1254/96 471/1255/97 469/1256/97
f 474/1227/93 491/1257/98 489/1258/98 472/1228/93
f 500/1259/95 506/1260/95 472/1261/95 466/1262/95
f 490/1263/99 491/1264/99 474/1265/100 473/1266/100
f 474/1265/100 508/1267/101 507/1268/101 473/1266/100
f 507/1269/95 499/1270/95 465/1271/95 473/1272/95
f 510/1273/95 505/1274/95 471/1275/95 476/1276/95
f 505/1277/102 503/1278/102 469/1256/97 471/1255/97
f 504/1279/103 502/1280/103 468/1281/103 470/1282/103
f 467/1283/104 484/1284/104 485/1285/104 468/1286/104
f 477/1287/95 511/1288/95 509/1289/95 475/1290/95
f 463/1236/94 480/1291/94 482/1292/94 465/1233/94
f 523/1293/105 489/1258/98 491/1257/98 525/1294/105
f 495/1295/91 496/1296/91 479/1297/91 478/1298/91
f 492/1299/91 494/1300/91 477/1301/91 475/1302/91
f 478/1303/106 512/1304/107 511/1305/107 477/1306/106
f 504/1279/103 521/1307/103 519/1308/103 502/1280/103
f 509/1309/94 510/1310/94 476/1245/94 475/1248/94
f 519/1311/108 485/1312/108 484/1313/108 518/1314/108
f 494/1315/109 495/1316/109 478/1303/106 477/1306/106
f 529/1317/110 512/1318/110 513/1319/110 530/1320/110
f 479/1321/95 513/1322/95 512/1323/95 478/1324/95
f 480/1291/94 514/1325/94 516/1326/94 482/1292/94
f 520/1327/111 486/1328/111 487/1329/111 521/1330/111
f 517/1331/111 483/1332/111 489/1333/111 523/1334/111
f 490/1263/99 524/1335/112 525/1336/112 491/1264/99
f 524/1337/111 490/1338/111 482/1339/111 516/1340/111
f 466/1341/94 483/1342/94 517/1343/94 500/1344/94
f 527/1345/111 493/1346/111 488/1347/111 522/1348/111
f 522/1349/113 488/1254/96 486/1253/96 520/1350/113
f 521/1307/103 487/1351/103 485/1352/103 519/1308/103
f 492/1353/111 526/1354/111 528/1355/111 494/1356/111
f 497/1357/114 514/1358/114 515/1359/114 498/1360/114
f 494/1315/109 528/1361/115 529/1362/115 495/1316/109
f 526/1363/94 492/1247/94 493/1246/94 527/1364/94
f 468/1281/103 485/1352/103 487/1351/103 470/1282/103
f 495/1365/111 529/1366/111 530/1367/111 496/1368/111
f 523/1369/110 506/1370/110 500/1371/110 517/1372/110
f 463/1373/116 497/1374/116 498/1375/116 464/1376/116
f 516/1377/110 499/1378/110 507/1379/110 524/1380/110
f 521/1381/110 504/1382/110 503/1383/110 520/1384/110
f 509/1309/94 526/1363/94 527/1364/94 510/1310/94
f 522/1385/110 505/1386/110 510/1387/110 527/1388/110
f 520/1350/113 503/1278/102 505/1277/102 522/1349/113
f 506/1225/92 523/1293/105 525/1294/105 508/1226/92
f 524/1335/112 507/1268/101 508/1267/101 525/1336/112
f 499/1234/94 516/1326/94 514/1325/94 497/1235/94
f 502/1389/117 519/1390/117 518/1391/117 501/1392/117
f 530/1393/94 513/1394/94 479/1395/94 496/1396/94
f 526/1397/110 509/1398/110 511/1399/110 528/1400/110
f 528/1361/115 511/1305/107 512/1304/107 529/1362/115
f 481/1401/118 515/1402/118 514/1403/118 480/1404/118
f 502/1405/119 501/1406/119 467/1407/119 468/1408/119
f 464/1409/120 481/1410/120 480/1411/120 463/1412/120
f 557/1413/110 540/1414/110 534/1415/110 551/1416/110
f 574/1417/93 540/1418/92 542/1419/92 576/1420/93
f 550/1421/110 533/1422/110 541/1423/110 558/1424/110
f 533/1425/94 531/1426/94 565/1427/94 567/1428/94
f 571/1429/95 537/1430/95 538/1431/95 572/1432/95
f 555/1433/110 538/1434/110 537/1435/110 554/1436/110
f 544/1437/94 543/1438/94 560/1439/94 561/1440/94
f 556/1441/110 539/1442/110 544/1443/110 561/1444/110
f 554/1445/113 537/1446/102 539/1447/102 556/1448/113
f 542/1419/92 540/1418/92 557/1449/105 559/1450/105
f 568/1451/95 534/1452/95 540/1453/95 574/1454/95
f 558/1455/112 541/1456/101 542/1457/101 559/1458/112
f 542/1457/101 541/1456/101 575/1459/100 576/1460/100
f 575/1461/95 541/1462/95 533/1463/95 567/1464/95
f 578/1465/95 544/1466/95 539/1467/95 573/1468/95
f 573/1469/97 539/1447/102 537/1446/102 571/1470/97
f 572/1471/103 538/1472/103 536/1473/103 570/1474/103
f 535/1475/117 536/1476/117 553/1477/117 552/1478/117
f 545/1479/95 543/1480/95 577/1481/95 579/1482/95
f 531/1426/94 533/1425/94 550/1483/94 548/1484/94
f 591/1485/98 593/1486/98 559/1450/105 557/1449/105
f 563/1487/110 546/1488/110 547/1489/110 564/1490/110
f 560/1491/110 543/1492/110 545/1493/110 562/1494/110
f 546/1495/107 545/1496/107 579/1497/106 580/1498/106
f 572/1471/103 570/1474/103 587/1499/103 589/1500/103
f 577/1501/94 543/1438/94 544/1437/94 578/1502/94
f 587/1503/108 586/1504/108 552/1505/108 553/1506/108
f 562/1507/115 545/1496/107 546/1495/107 563/1508/115
f 597/1509/91 598/1510/91 581/1511/91 580/1512/91
f 547/1513/95 546/1514/95 580/1515/95 581/1516/95
f 548/1484/94 550/1483/94 584/1517/94 582/1518/94
f 588/1519/111 589/1520/111 555/1521/111 554/1522/111
f 585/1523/111 591/1524/111 557/1525/111 551/1526/111
f 558/1455/112 559/1458/112 593/1527/99 592/1528/99
f 592/1529/111 584/1530/111 550/1531/111 558/1532/111
f 534/1533/94 568/1534/94 585/1535/94 551/1536/94
f 595/1537/111 590/1538/111 556/1539/111 561/1540/111
f 590/1541/96 588/1542/96 554/1445/113 556/1448/113
f 589/1500/103 587/1499/103 553/1543/103 555/1544/103
f 560/1545/111 562/1546/111 596/1547/111 594/1548/111
f 565/1549/120 566/1550/120 583/1551/120 582/1552/120
f 562/1507/115 563/1508/115 597/1553/109 596/1554/109
f 594/1555/94 595/1556/94 561/1440/94 560/1439/94
f 536/1473/103 538/1472/103 555/1544/103 553/1543/103
f 563/1557/111 564/1558/111 598/1559/111 597/1560/111
f 591/1561/91 585/1562/91 568/1563/91 574/1564/91
f 531/1565/116 532/1566/116 566/1567/116 565/1568/116
f 584/1569/91 592/1570/91 575/1571/91 567/1572/91
f 589/1573/91 588/1574/91 571/1575/91 572/1576/91
f 577/1501/94 578/1502/94 595/1556/94 594/1555/94
f 590/1577/91 595/1578/91 578/1579/91 573/1580/91
f 588/1542/96 590/1541/96 573/1469/97 571/1470/97
f 574/1417/93 576/1420/93 593/1486/98 591/1485/98
f 592/1528/99 593/1527/99 576/1460/100 575/1459/100
f 567/1428/94 565/1427/94 582/1518/94 584/1517/94
f 570/1581/104 569/1582/104 586/1583/104 587/1584/104
f 598/1585/94 564/1586/94 547/1587/94 581/1588/94
f 594/1589/91 596/1590/91 579/1591/91 577/1592/91
f 596/1554/109 597/1553/109 580/1498/106 579/1497/106
f 549/1593/118 548/1594/118 582/1595/118 583/1596/118
f 570/1597/119 536/1598/119 535/1599/119 569/1600/119
f 532/1601/114 531/1602/114 548/1603/114 549/1604/114
o Cube.245_Cube.305
v 4.252156 23.250000 -4.252156
v -4.252156 23.250000 -4.252156
v 4.252156 23.250000 4.252156
v -4.252156 23.250000 4.252156
v -4.252156 23.584873 4.252156
v -4.252156 23.584873 -4.252156
v 4.252156 23.584873 4.252156
v 4.252156 23.584873 -4.252156
v 4.476667 23.939693 4.476667
v 4.476667 23.939693 -4.476667
v -4.476667 23.939693 -4.476667
v -4.476667 23.939693 4.476667
v -4.617573 25.208872 4.617573
v 4.517573 24.158772 4.517573
v 4.617573 25.208872 4.617573
v 4.517573 25.035004 4.517573
v -4.617573 25.208872 -4.617573
v 4.517573 25.035004 -4.517573
v 4.517573 24.158772 -4.517573
v 4.355139 23.692381 4.355139
v 4.355139 23.584873 4.355139
v 4.355139 23.584873 -4.355139
v -4.355139 23.584873 -4.355139
v -4.355139 23.584873 4.355139
v -4.355139 23.692381 4.355139
v -4.355139 23.692381 -4.355139
v 4.355139 23.692381 -4.355139
v 4.617573 25.208872 -4.617573
v 4.476667 23.692381 4.476667
v 4.476667 23.692381 -4.476667
v -4.476667 23.692381 -4.476667
v -4.476667 23.692381 4.476667
v 4.617573 23.939693 -4.617573
v -4.617573 23.939693 -4.617573
v -4.617573 23.939693 4.617573
v 4.617573 23.939693 4.617573
v 4.617573 25.035004 4.617573
v 4.617573 24.158772 4.617573
v -4.617573 24.158772 4.617573
v -4.617573 25.035004 4.617573
v -4.617573 24.158772 -4.617573
v -4.617573 25.035004 -4.617573
v 4.617573 24.158772 -4.617573
v 4.617573 25.035004 -4.617573
v -4.517573 24.158772 -4.517573
v -4.517573 25.035004 -4.517573
v -4.517573 24.158772 4.517573
v -4.517573 25.035004 4.517573
vt 0.966224 0.947667
vt 0.966224 0.052333
vt 0.980315 0.038242
vt 0.980315 0.961757
vt 0.038243 3.003500
vt 0.961757 3.003500
vt 0.961757 3.020887
vt 0.038243 3.020887
vt 0.056801 3.003500
vt 0.980315 3.003500
vt 0.980315 3.020887
vt 0.056801 3.020887
vt 0.070891 0.052333
vt 0.056800 0.038242
vt 0.093342 0.925215
vt 0.093342 0.074784
vt 0.943773 0.074784
vt 0.943773 0.925215
vt 0.056227 2.825000
vt 0.906658 2.825000
vt 0.906658 2.858487
vt 0.056227 2.858487
vt 0.074784 2.825000
vt 0.925216 2.825000
vt 0.925216 2.858487
vt 0.074784 2.858487
vt 0.093342 2.825000
vt 0.943774 2.825000
vt 0.943774 2.858487
vt 0.093342 2.858487
vt 0.074784 2.825000
vt 0.925216 2.825000
vt 0.925216 2.858487
vt 0.074784 2.858487
vt 0.093342 0.074784
vt 0.093342 0.925215
vt 0.083044 0.935514
vt 0.083044 0.064486
vt 0.943773 0.925215
vt 0.943773 0.074784
vt 0.954072 0.064486
vt 0.954072 0.935514
vt 0.038243 3.003500
vt 0.961757 3.003500
vt 0.961757 3.020887
vt 0.038243 3.020887
vt 0.954072 0.064486
vt 0.083044 0.064486
vt 0.070891 0.052333
vt 0.966224 0.052333
vt 0.083044 0.935514
vt 0.954072 0.935514
vt 0.966224 0.947667
vt 0.070891 0.947667
vt 0.045928 2.858487
vt 0.916956 2.858487
vt 0.916956 2.869238
vt 0.045928 2.869238
vt 0.064486 2.858487
vt 0.935514 2.858487
vt 0.935514 2.869238
vt 0.064486 2.869238
vt 0.083044 2.858487
vt 0.954072 2.858487
vt 0.954072 2.869238
vt 0.083044 2.869238
vt 0.064486 2.858487
vt 0.935514 2.858487
vt 0.935514 2.869238
vt 0.064486 2.869238
vt 0.033775 2.869238
vt 0.929109 2.869238
vt 0.929109 2.893969
vt 0.033775 2.893969
vt 0.052333 2.869238
vt 0.947667 2.869238
vt 0.947667 2.893969
vt 0.052333 2.893969
vt 0.070891 2.869238
vt 0.966225 2.869238
vt 0.966225 2.893969
vt 0.070891 2.893969
vt 0.052333 2.869238
vt 0.947667 2.869238
vt 0.947667 2.893969
vt 0.052333 2.893969
vt 0.038243 2.893969
vt 0.961757 2.893969
vt 0.961757 2.915877
vt 0.038243 2.915877
vt 0.038243 2.893969
vt 0.961757 2.893969
vt 0.961757 2.915877
vt 0.038243 2.915877
vt 0.056801 2.893969
vt 0.980315 2.893969
vt 0.980315 2.915877
vt 0.056801 2.915877
vt 0.019685 2.893969
vt 0.943200 2.893969
vt 0.943200 2.915877
vt 0.019685 2.915877
vt 0.070891 0.947667
vt 0.056800 0.961757
vt 0.056800 0.038242
vt 0.980315 0.038242
vt 0.970315 0.048242
vt 0.066800 0.048242
vt 0.019685 0.038243
vt 0.943200 0.038243
vt 0.933200 0.048243
vt 0.029685 0.048243
vt 0.056800 0.961757
vt 0.066800 0.951757
vt 0.943200 0.961757
vt 0.019685 0.961757
vt 0.029685 0.951757
vt 0.933200 0.951757
vt 0.019685 3.003500
vt 0.943200 3.003500
vt 0.943200 3.020887
vt 0.019685 3.020887
vt 0.980315 0.961757
vt 0.970315 0.951757
vt 0.943200 0.038243
vt 0.943200 0.961757
vt 0.019685 0.961757
vt 0.019685 0.038243
vt 0.933200 3.003500
vt 0.029685 3.003500
vt 0.029685 2.915877
vt 0.933200 2.915877
vt 0.951757 3.003500
vt 0.048243 3.003500
vt 0.048243 2.915877
vt 0.951757 2.915877
vt 0.970315 3.003500
vt 0.066801 3.003500
vt 0.066801 2.915877
vt 0.970315 2.915877
vt 0.951757 3.003500
vt 0.048243 3.003500
vt 0.048243 2.915877
vt 0.951757 2.915877
vn 0.0000 -1.0000 0.0000
vn 0.0000 0.0000 -1.0000
vn -1.0000 0.0000 0.0000
vn 1.0000 0.0000 0.0000
vn 0.0000 0.0000 1.0000
vn 0.0000 1.0000 0.0000
usemtl sandstone
s 1
f 610/1605/121 607/1606/121 634/1607/121 633/1608/121
f 642/1609/122 640/1610/122 615/1611/122 626/1612/122
f 640/1613/123 638/1614/123 611/1615/123 615/1616/123
f 607/1606/121 608/1617/121 631/1618/121 634/1607/121
f 600/1619/121 599/1620/121 601/1621/121 602/1622/121
f 601/1623/124 599/1624/124 606/1625/124 605/1626/124
f 599/1627/122 600/1628/122 604/1629/122 606/1630/122
f 600/1631/123 602/1632/123 603/1633/123 604/1634/123
f 602/1635/125 601/1636/125 605/1637/125 603/1638/125
f 606/1639/121 604/1640/121 621/1641/121 620/1642/121
f 603/1643/121 605/1644/121 619/1645/121 622/1646/121
f 605/1644/121 606/1639/121 620/1642/121 619/1645/121
f 604/1640/121 603/1643/121 622/1646/121 621/1641/121
f 638/1647/125 635/1648/125 613/1649/125 611/1650/125
f 618/1651/121 625/1652/121 628/1653/121 627/1654/121
f 624/1655/121 623/1656/121 630/1657/121 629/1658/121
f 619/1659/124 620/1660/124 625/1661/124 618/1662/124
f 620/1663/122 621/1664/122 624/1665/122 625/1666/122
f 621/1667/123 622/1668/123 623/1669/123 624/1670/123
f 622/1671/125 619/1672/125 618/1673/125 623/1674/125
f 625/1652/121 624/1655/121 629/1658/121 628/1653/121
f 623/1656/121 618/1651/121 627/1654/121 630/1657/121
f 627/1675/124 628/1676/124 608/1677/124 607/1678/124
f 628/1679/122 629/1680/122 609/1681/122 608/1682/122
f 629/1683/123 630/1684/123 610/1685/123 609/1686/123
f 630/1687/125 627/1688/125 607/1689/125 610/1690/125
f 633/1691/125 634/1692/125 636/1693/125 637/1694/125
f 631/1695/122 632/1696/122 639/1697/122 641/1698/122
f 632/1699/123 633/1700/123 637/1701/123 639/1702/123
f 634/1703/124 631/1704/124 641/1705/124 636/1706/124
f 608/1617/121 609/1707/121 632/1708/121 631/1618/121
f 609/1707/121 610/1605/121 633/1608/121 632/1708/121
f 642/1709/121 635/1710/121 614/1711/121 616/1712/121
f 636/1713/126 641/1714/126 617/1715/126 612/1716/126
f 640/1717/121 642/1709/121 616/1712/121 644/1718/121
f 639/1719/126 637/1720/126 645/1721/126 643/1722/126
f 635/1723/124 642/1724/124 626/1725/124 613/1726/124
f 635/1710/121 638/1727/121 646/1728/121 614/1711/121
f 638/1727/121 640/1717/121 644/1718/121 646/1728/121
f 641/1714/126 639/1719/126 643/1722/126 617/1715/126
f 637/1720/126 636/1713/126 612/1716/126 645/1721/126
f 626/1729/126 615/1730/126 611/1731/126 613/1732/126
usemtl sandstone_bricks
f 616/1733/124 614/1734/124 612/1735/124 617/1736/124
f 644/1737/122 616/1738/122 617/1739/122 643/1740/122
f 646/1741/123 644/1742/123 643/1743/123 645/1744/123
f 614/1745/125 646/1746/125 645/1747/125 612/1748/125
o Cube.246_Cube.306
v 4.252244 25.208872 -4.252244
v 3.164862 27.777617 -3.164862
v 2.637557 26.865168 -1.662133
v 3.512130 26.957256 -3.512130
v 4.252244 25.208872 -1.762133
v 3.164862 27.777617 -1.762134
v 1.762134 25.208872 -4.252244
v 1.762134 27.777617 -3.164862
v 1.762134 28.134830 -3.164862
v 1.662134 25.748056 -2.637557
v 4.062983 25.655968 -4.062983
v 2.637557 25.748056 -1.662133
v 1.662134 26.865168 -2.637557
v 2.637557 25.748056 0.000000
v 3.164862 28.134830 -1.762134
v 4.252244 25.208872 0.000000
v 3.164862 27.777617 0.000000
v 2.637557 26.865168 0.000000
v 0.000000 26.865168 -2.637557
v 1.762133 28.134830 -1.762134
v 0.000000 27.777617 -3.164862
v 0.000000 25.208872 -4.252244
v 0.000000 25.748056 -2.637557
v 1.762134 28.134830 0.000000
v 0.000000 26.957256 -3.512130
v 1.762134 26.957256 -3.512130
v 4.062983 25.655968 -1.762133
v 3.512130 26.957256 -1.762133
v 1.762134 25.655968 -4.062983
v 0.000000 25.655968 -4.062983
v 3.512130 26.957256 0.000000
v 4.062983 25.655968 0.000000
v 3.912983 25.655968 -1.762133
v 3.362130 26.957256 -1.762133
v 3.362130 26.957256 0.000000
v 3.912983 25.655968 0.000000
v 3.401113 26.865168 0.000000
v 3.874001 25.748056 0.000000
v 3.874001 25.748056 -1.662133
v 3.401113 26.865168 -1.662133
v 0.000000 26.957256 -3.362130
v 1.762134 26.957256 -3.362130
v 1.762134 25.655968 -3.912983
v 0.000000 25.655968 -3.912983
v 0.000000 26.865168 -3.401113
v 0.000000 25.748056 -3.874001
v 1.662134 26.865168 -3.401113
v 1.662134 25.748056 -3.874001
v 3.040081 27.777617 -1.762134
v 3.040081 27.777617 0.000000
v 3.164862 27.896595 -1.762134
v 1.762134 27.896595 -3.164862
v 3.164862 27.896595 -3.164862
v 3.164862 27.896595 0.000000
v 1.762134 27.777617 -3.040081
v 0.000000 27.896595 -3.164862
v 3.040081 27.777617 -3.040081
v 3.164862 28.134830 -3.164862
v 3.164862 28.134830 0.000000
v 0.000000 28.134830 -1.762134
v 0.000000 28.134830 -3.164862
v 3.040081 27.896595 -1.762134
v 1.762134 27.896595 -3.040081
v 0.000000 27.777617 -3.040081
v 0.000000 27.896595 -3.040081
v 3.040081 27.896595 -3.040081
v 3.040081 27.896595 0.000000
v 1.649464 27.986792 0.000000
v 1.649464 27.986792 -1.649464
v 0.000000 27.986792 -1.649464
v 1.762134 27.986792 0.000000
v 1.762133 27.986792 -1.762134
v 0.000000 27.986792 -1.762134
v 1.649464 27.748068 0.000000
v 0.000000 27.748068 0.000000
v 0.000000 27.748068 -1.649464
v 1.649464 27.748068 -1.649464
v -4.252244 25.208872 -4.252244
v -3.164862 27.777617 -3.164862
v -2.637557 26.865168 -1.662133
v -3.512130 26.957256 -3.512130
v -4.252244 25.208872 -1.762133
v -3.164862 27.777617 -1.762134
v -1.762134 25.208872 -4.252244
v -1.762134 27.777617 -3.164862
v -1.762134 28.134830 -3.164862
v -1.662134 25.748056 -2.637557
v -4.062983 25.655968 -4.062983
v -2.637557 25.748056 -1.662133
v -1.662134 26.865168 -2.637557
v -2.637557 25.748056 0.000000
v -3.164862 28.134830 -1.762134
v -4.252244 25.208872 0.000000
v -3.164862 27.777617 0.000000
v -2.637557 26.865168 0.000000
v -1.762133 28.134830 -1.762134
v -1.762134 28.134830 0.000000
v -1.762134 26.957256 -3.512130
v -4.062983 25.655968 -1.762133
v -3.512130 26.957256 -1.762133
v -1.762134 25.655968 -4.062983
v -3.512130 26.957256 0.000000
v -4.062983 25.655968 0.000000
v -3.912983 25.655968 -1.762133
v -3.362130 26.957256 -1.762133
v -3.362130 26.957256 0.000000
v -3.912983 25.655968 0.000000
v -3.401113 26.865168 0.000000
v -3.874001 25.748056 0.000000
v -3.874001 25.748056 -1.662133
v -3.401113 26.865168 -1.662133
v -1.762134 26.957256 -3.362130
v -1.762134 25.655968 -3.912983
v -1.662134 26.865168 -3.401113
v -1.662134 25.748056 -3.874001
v -3.040081 27.777617 -1.762134
v -3.040081 27.777617 0.000000
v -3.164862 27.896595 -1.762134
v -1.762134 27.896595 -3.164862
v -3.164862 27.896595 -3.164862
v -3.164862 27.896595 0.000000
v -1.762134 27.777617 -3.040081
v -3.040081 27.777617 -3.040081
v -3.164862 28.134830 -3.164862
v -3.164862 28.134830 0.000000
v -3.040081 27.896595 -1.762134
v -1.762134 27.896595 -3.040081
v -3.040081 27.896595 -3.040081
v -3.040081 27.896595 0.000000
v -1.649464 27.986792 0.000000
v -1.649464 27.986792 -1.649464
v -1.762134 27.986792 0.000000
v -1.762133 27.986792 -1.762134
v -1.649464 27.748068 0.000000
v -1.649464 27.748068 -1.649464
v 4.252244 25.208872 4.252244
v 3.164862 27.777617 3.164862
v 2.637557 26.865168 1.662133
v 3.512130 26.957256 3.512130
v 4.252244 25.208872 1.762133
v 3.164862 27.777617 1.762134
v 1.762134 25.208872 4.252244
v 1.762134 27.777617 3.164862
v 1.762134 28.134830 3.164862
v 1.662134 25.748056 2.637557
v 4.062983 25.655968 4.062983
v 2.637557 25.748056 1.662133
v 1.662134 26.865168 2.637557
v 3.164862 28.134830 1.762134
v 0.000000 26.865168 2.637557
v 1.762133 28.134830 1.762134
v 0.000000 27.777617 3.164862
v 0.000000 25.208872 4.252244
v 0.000000 25.748056 2.637557
v 0.000000 26.957256 3.512130
v 1.762134 26.957256 3.512130
v 4.062983 25.655968 1.762133
v 3.512130 26.957256 1.762133
v 1.762134 25.655968 4.062983
v 0.000000 25.655968 4.062983
v 3.912983 25.655968 1.762133
v 3.362130 26.957256 1.762133
v 3.874001 25.748056 1.662133
v 3.401113 26.865168 1.662133
v 0.000000 26.957256 3.362130
v 1.762134 26.957256 3.362130
v 1.762134 25.655968 3.912983
v 0.000000 25.655968 3.912983
v 0.000000 26.865168 3.401113
v 0.000000 25.748056 3.874001
v 1.662134 26.865168 3.401113
v 1.662134 25.748056 3.874001
v 3.040081 27.777617 1.762134
v 3.164862 27.896595 1.762134
v 1.762134 27.896595 3.164862
v 3.164862 27.896595 3.164862
v 1.762134 27.777617 3.040081
v 0.000000 27.896595 3.164862
v 3.040081 27.777617 3.040081
v 3.164862 28.134830 3.164862
v 0.000000 28.134830 1.762134
v 0.000000 28.134830 3.164862
v 3.040081 27.896595 1.762134
v 1.762134 27.896595 3.040081
v 0.000000 27.777617 3.040081
v 0.000000 27.896595 3.040081
v 3.040081 27.896595 3.040081
v 1.649464 27.986792 1.649464
v 0.000000 27.986792 1.649464
v 1.762133 27.986792 1.762134
v 0.000000 27.986792 1.762134
v 0.000000 27.748068 1.649464
v 1.649464 27.748068 1.649464
v -4.252244 25.208872 4.252244
v -3.164862 27.777617 3.164862
v -2.637557 26.865168 1.662133
v -3.512130 26.957256 3.512130
v -4.252244 25.208872 1.762133
v -3.164862 27.777617 1.762134
v -1.762134 25.208872 4.252244
v -1.762134 27.777617 3.164862
v -1.762134 28.134830 3.164862
v -1.662134 25.748056 2.637557
v -4.062983 25.655968 4.062983
v -2.637557 25.748056 1.662133
v -1.662134 26.865168 2.637557
v -3.164862 28.134830 1.762134
v -1.762133 28.134830 1.762134
v -1.762134 26.957256 3.512130
v -4.062983 25.655968 1.762133
v -3.512130 26.957256 1.762133
v -1.762134 25.655968 4.062983
v -3.912983 25.655968 1.762133
v -3.362130 26.957256 1.762133
v -3.874001 25.748056 1.662133
v -3.401113 26.865168 1.662133
v -1.762134 26.957256 3.362130
v -1.762134 25.655968 3.912983
v -1.662134 26.865168 3.401113
v -1.662134 25.748056 3.874001
v -3.040081 27.777617 1.762134
v -3.164862 27.896595 1.762134
v -1.762134 27.896595 3.164862
v -3.164862 27.896595 3.164862
v -1.762134 27.777617 3.040081
v -3.040081 27.777617 3.040081
v -3.164862 28.134830 3.164862
v -3.040081 27.896595 1.762134
v -1.762134 27.896595 3.040081
v -3.040081 27.896595 3.040081
v -1.649464 27.986792 1.649464
v -1.762133 27.986792 1.762134
v -1.649464 27.748068 1.649464
vt 0.657656 3.195726
vt 0.832655 3.195726
vt 0.797928 3.277762
vt 0.657656 3.277762
vt 0.148787 3.195726
vt 0.323787 3.195726
vt 0.323787 3.277762
vt 0.183514 3.277762
vt 0.202072 0.323786
vt 0.202072 0.183514
vt 0.214550 0.195992
vt 0.214550 0.323786
vt 0.797928 0.323787
vt 0.797928 0.500000
vt 0.785450 0.500000
vt 0.785450 0.323787
vt 0.500000 3.195726
vt 0.500000 3.277762
vt 0.093702 3.065597
vt 0.323787 3.065597
vt 0.657656 3.065597
vt 0.887740 3.065597
vt 0.657656 3.020887
vt 0.906667 3.020887
vt 0.074776 3.020887
vt 0.323787 3.020887
vt 0.500000 3.020887
vt 0.500000 3.065597
vt 0.481442 3.065597
vt 0.481442 3.020887
vt 0.481442 3.277762
vt 0.481442 3.195726
vt 0.342344 0.183514
vt 0.342344 0.195992
vt 0.797928 0.183514
vt 0.785450 0.195992
vt 0.887741 0.323787
vt 0.887741 0.500000
vt 0.872741 0.500000
vt 0.872741 0.323787
vt 0.342344 0.148787
vt 0.518558 0.148787
vt 0.518558 0.163787
vt 0.342344 0.163787
vt 0.167345 3.195726
vt 0.112260 3.065597
vt 0.127260 3.065597
vt 0.182345 3.195726
vt 0.167345 0.500000
vt 0.167345 0.323786
vt 0.182345 0.323786
vt 0.182345 0.500000
vt 0.481442 0.093702
vt 0.657656 0.093702
vt 0.657656 0.108702
vt 0.481442 0.108702
vt 0.906298 3.065597
vt 0.851213 3.195726
vt 0.836213 3.195726
vt 0.891298 3.065597
vt 0.481442 0.112600
vt 0.647656 0.112600
vt 0.647656 0.236244
vt 0.481442 0.236244
vt 0.647656 3.186517
vt 0.647656 3.074806
vt 0.657656 3.065597
vt 0.657656 3.195726
vt 0.481442 3.186517
vt 0.481442 3.195726
vt 0.481442 3.074806
vt 0.481442 3.065597
vt 0.887400 3.074806
vt 0.840111 3.186517
vt 0.763756 3.186517
vt 0.763756 3.074806
vt 0.352344 0.159888
vt 0.518558 0.159888
vt 0.518558 0.236244
vt 0.352344 0.236244
vt 0.178446 0.500000
vt 0.178446 0.333786
vt 0.254802 0.333786
vt 0.254802 0.500000
vt 0.333787 3.186517
vt 0.500000 3.186517
vt 0.500000 3.195726
vt 0.323787 3.195726
vt 0.333787 3.074806
vt 0.323787 3.065597
vt 0.500000 3.074806
vt 0.500000 3.065597
vt 0.178447 3.186517
vt 0.131158 3.074806
vt 0.254802 3.074806
vt 0.254802 3.186517
vt 0.868842 0.333787
vt 0.868842 0.500000
vt 0.745198 0.500000
vt 0.745198 0.333787
vt 0.183514 3.289660
vt 0.323787 3.289660
vt 0.323787 3.313483
vt 0.183514 3.313483
vt 0.500000 3.289660
vt 0.500000 3.313483
vt 0.657656 3.289660
vt 0.797928 3.289660
vt 0.797928 3.313483
vt 0.657656 3.313483
vt 0.481442 3.289660
vt 0.481442 3.313483
vt 0.797928 0.323787
vt 0.657656 0.323787
vt 0.657656 0.183514
vt 0.797928 0.183514
vt 0.481442 0.323787
vt 0.481442 0.183514
vt 0.797928 0.500000
vt 0.657656 0.500000
vt 0.518558 3.313483
vt 0.342345 3.313483
vt 0.342345 3.298679
vt 0.518558 3.298679
vt 0.481442 3.277762
vt 0.657656 3.277762
vt 0.657656 3.289660
vt 0.481442 3.289660
vt 0.195992 3.277762
vt 0.323787 3.277762
vt 0.323787 3.289660
vt 0.195992 3.289660
vt 0.500000 3.277762
vt 0.500000 3.289660
vt 0.785450 3.277762
vt 0.785450 3.289660
vt 0.481442 0.183514
vt 0.657656 0.183514
vt 0.657656 0.195992
vt 0.481442 0.195992
vt 0.202072 0.500000
vt 0.214550 0.500000
vt 0.518558 0.183514
vt 0.518558 0.195992
vt 0.518558 3.298679
vt 0.353612 3.298679
vt 0.353612 3.274807
vt 0.518558 3.274807
vt 0.676213 3.313483
vt 0.500000 3.313483
vt 0.500000 3.298679
vt 0.676213 3.298679
vt 0.646389 0.335054
vt 0.481442 0.335054
vt 0.481442 0.323787
vt 0.657656 0.323787
vt 0.646389 0.500000
vt 0.657656 0.500000
vt 0.481442 0.335054
vt 0.646389 0.335054
vt 0.646389 0.500000
vt 0.481442 0.500000
vt 0.664946 3.298679
vt 0.500000 3.298679
vt 0.500000 3.274807
vt 0.664946 3.274807
vt 0.342345 3.195726
vt 0.342345 3.277762
vt 0.202072 3.277762
vt 0.167345 3.195726
vt 0.851213 3.195726
vt 0.816486 3.277762
vt 0.676213 3.277762
vt 0.676213 3.195726
vt 0.202072 0.676213
vt 0.214550 0.676213
vt 0.214550 0.804008
vt 0.202072 0.816486
vt 0.797928 0.676213
vt 0.785450 0.676213
vt 0.906298 3.065597
vt 0.676213 3.065597
vt 0.342345 3.065597
vt 0.112260 3.065597
vt 0.342345 3.020887
vt 0.093333 3.020887
vt 0.925224 3.020887
vt 0.676213 3.020887
vt 0.518558 3.020887
vt 0.518558 3.065597
vt 0.518558 3.195726
vt 0.518558 3.277762
vt 0.342344 0.804008
vt 0.342344 0.816486
vt 0.797928 0.816486
vt 0.785450 0.804008
vt 0.887741 0.676213
vt 0.872741 0.676213
vt 0.342344 0.851213
vt 0.342344 0.836213
vt 0.518558 0.836213
vt 0.518558 0.851213
vt 0.832655 3.195726
vt 0.817655 3.195726
vt 0.872741 3.065597
vt 0.887741 3.065597
vt 0.182345 0.676213
vt 0.167345 0.676213
vt 0.481442 0.906298
vt 0.481442 0.891298
vt 0.657656 0.891298
vt 0.657656 0.906298
vt 0.093702 3.065597
vt 0.108702 3.065597
vt 0.163787 3.195726
vt 0.148787 3.195726
vt 0.481442 0.887400
vt 0.481442 0.763756
vt 0.647656 0.763756
vt 0.647656 0.887400
vt 0.352345 3.186517
vt 0.342345 3.195726
vt 0.342345 3.065597
vt 0.352345 3.074806
vt 0.518558 3.186517
vt 0.518558 3.195726
vt 0.518558 3.065597
vt 0.518558 3.074806
vt 0.112600 3.074806
vt 0.236244 3.074806
vt 0.236244 3.186517
vt 0.159889 3.186517
vt 0.352344 0.840111
vt 0.352344 0.763755
vt 0.518558 0.763755
vt 0.518558 0.840111
vt 0.254802 0.666213
vt 0.178446 0.666213
vt 0.666213 3.186517
vt 0.676213 3.195726
vt 0.666213 3.074806
vt 0.676213 3.065597
vt 0.821554 3.186517
vt 0.745198 3.186517
vt 0.745198 3.074806
vt 0.868842 3.074806
vt 0.868842 0.666213
vt 0.745198 0.666213
vt 0.816486 3.289660
vt 0.816486 3.313483
vt 0.676213 3.313483
vt 0.676213 3.289660
vt 0.342345 3.289660
vt 0.342345 3.313483
vt 0.202072 3.313483
vt 0.202072 3.289660
vt 0.518558 3.289660
vt 0.518558 3.313483
vt 0.797928 0.676213
vt 0.797928 0.816486
vt 0.657656 0.816486
vt 0.657656 0.676213
vt 0.481442 0.676213
vt 0.481442 0.816486
vt 0.481442 3.313483
vt 0.481442 3.298679
vt 0.657656 3.298679
vt 0.657656 3.313483
vt 0.518558 3.277762
vt 0.518558 3.289660
vt 0.342345 3.289660
vt 0.342345 3.277762
vt 0.804008 3.277762
vt 0.804008 3.289660
vt 0.676213 3.289660
vt 0.676213 3.277762
vt 0.214550 3.289660
vt 0.214550 3.277762
vt 0.481442 0.816486
vt 0.481442 0.804008
vt 0.657656 0.804008
vt 0.657656 0.816486
vt 0.518558 0.804008
vt 0.518558 0.816486
vt 0.481442 3.298679
vt 0.481442 3.274807
vt 0.646389 3.274807
vt 0.646389 3.298679
vt 0.323787 3.313483
vt 0.323787 3.298679
vt 0.646389 0.664946
vt 0.657656 0.676213
vt 0.481442 0.676213
vt 0.481442 0.664946
vt 0.481442 0.664946
vt 0.646389 0.664946
vt 0.335054 3.298679
vt 0.335054 3.274807
vt 0.305229 3.195726
vt 0.305229 3.277762
vt 0.164956 3.277762
vt 0.130229 3.195726
vt 0.851213 3.195726
vt 0.816486 3.277762
vt 0.676213 3.277762
vt 0.676213 3.195726
vt 0.835044 0.323786
vt 0.822566 0.323786
vt 0.822566 0.195992
vt 0.835044 0.183514
vt 0.164956 0.323787
vt 0.177434 0.323787
vt 0.177434 0.500000
vt 0.164956 0.500000
vt 0.500000 3.195726
vt 0.500000 3.277762
vt 0.906298 3.065597
vt 0.676213 3.065597
vt 0.305229 3.065597
vt 0.075144 3.065597
vt 0.305229 3.020887
vt 0.056218 3.020887
vt 0.925224 3.020887
vt 0.676213 3.020887
vt 0.500000 3.020887
vt 0.500000 3.065597
vt 0.694771 0.195992
vt 0.694771 0.183514
vt 0.164956 0.183514
vt 0.177434 0.195992
vt 0.075144 0.323787
vt 0.090144 0.323787
vt 0.090144 0.500000
vt 0.075144 0.500000
vt 0.694771 0.148787
vt 0.694771 0.163787
vt 0.869771 3.195726
vt 0.854771 3.195726
vt 0.909856 3.065597
vt 0.924856 3.065597
vt 0.869771 0.500000
vt 0.854771 0.500000
vt 0.854771 0.323786
vt 0.869771 0.323786
vt 0.305229 0.108702
vt 0.305229 0.093702
vt 0.093702 3.065597
vt 0.108702 3.065597
vt 0.163787 3.195726
vt 0.148787 3.195726
vt 0.315229 0.236244
vt 0.315229 0.112600
vt 0.315229 3.186517
vt 0.305229 3.195726
vt 0.305229 3.065597
vt 0.315229 3.074806
vt 0.112600 3.074806
vt 0.236244 3.074806
vt 0.236244 3.186517
vt 0.159889 3.186517
vt 0.684771 0.159888
vt 0.684771 0.236244
vt 0.858669 0.500000
vt 0.782313 0.500000
vt 0.782313 0.333786
vt 0.858669 0.333786
vt 0.666213 3.186517
vt 0.676213 3.195726
vt 0.500000 3.195726
vt 0.500000 3.186517
vt 0.666213 3.074806
vt 0.676213 3.065597
vt 0.500000 3.074806
vt 0.500000 3.065597
vt 0.858669 3.186517
vt 0.782314 3.186517
vt 0.782314 3.074806
vt 0.905958 3.074806
vt 0.094042 0.333787
vt 0.217687 0.333787
vt 0.217687 0.500000
vt 0.094042 0.500000
vt 0.816486 3.289660
vt 0.816486 3.313483
vt 0.676213 3.313483
vt 0.676213 3.289660
vt 0.500000 3.313483
vt 0.500000 3.289660
vt 0.305229 3.289660
vt 0.305229 3.313483
vt 0.164956 3.313483
vt 0.164956 3.289660
vt 0.164956 0.323787
vt 0.164956 0.183514
vt 0.305229 0.183514
vt 0.305229 0.323787
vt 0.305229 0.500000
vt 0.164956 0.500000
vt 0.694771 3.298679
vt 0.694771 3.313483
vt 0.305229 3.289660
vt 0.305229 3.277762
vt 0.804008 3.277762
vt 0.804008 3.289660
vt 0.676213 3.289660
vt 0.676213 3.277762
vt 0.500000 3.289660
vt 0.500000 3.277762
vt 0.177434 3.289660
vt 0.177434 3.277762
vt 0.305229 0.195992
vt 0.305229 0.183514
vt 0.835044 0.500000
vt 0.822566 0.500000
vt 0.683504 3.274807
vt 0.683504 3.298679
vt 0.323787 3.313483
vt 0.323787 3.298679
vt 0.500000 3.298679
vt 0.500000 3.313483
vt 0.316496 0.335054
vt 0.305229 0.323787
vt 0.316496 0.500000
vt 0.305229 0.500000
vt 0.316496 0.500000
vt 0.316496 0.335054
vt 0.335054 3.298679
vt 0.335054 3.274807
vt 0.500000 3.274807
vt 0.500000 3.298679
vt 0.694771 3.195726
vt 0.869771 3.195726
vt 0.835044 3.277762
vt 0.694771 3.277762
vt 0.148787 3.195726
vt 0.323787 3.195726
vt 0.323787 3.277762
vt 0.183514 3.277762
vt 0.835044 0.676213
vt 0.835044 0.816486
vt 0.822566 0.804008
vt 0.822566 0.676213
vt 0.164956 0.676213
vt 0.177434 0.676213
vt 0.093702 3.065597
vt 0.323787 3.065597
vt 0.694771 3.065597
vt 0.924856 3.065597
vt 0.694771 3.020887
vt 0.943782 3.020887
vt 0.074776 3.020887
vt 0.323787 3.020887
vt 0.694771 0.816486
vt 0.694771 0.804008
vt 0.164956 0.816486
vt 0.177434 0.804008
vt 0.075144 0.676213
vt 0.090144 0.676213
vt 0.694771 0.851213
vt 0.694771 0.836213
vt 0.130229 3.195726
vt 0.075144 3.065597
vt 0.090144 3.065597
vt 0.145229 3.195726
vt 0.869771 0.676213
vt 0.854771 0.676213
vt 0.305229 0.906298
vt 0.305229 0.891298
vt 0.906298 3.065597
vt 0.851213 3.195726
vt 0.836213 3.195726
vt 0.891298 3.065597
vt 0.315229 0.887400
vt 0.315229 0.763756
vt 0.684771 3.186517
vt 0.684771 3.074806
vt 0.694771 3.065597
vt 0.694771 3.195726
vt 0.887400 3.074806
vt 0.840111 3.186517
vt 0.763756 3.186517
vt 0.763756 3.074806
vt 0.684771 0.840111
vt 0.684771 0.763755
vt 0.858669 0.666213
vt 0.782313 0.666213
vt 0.333787 3.186517
vt 0.323787 3.195726
vt 0.333787 3.074806
vt 0.323787 3.065597
vt 0.141331 3.186517
vt 0.094042 3.074806
vt 0.217687 3.074806
vt 0.217687 3.186517
vt 0.094042 0.666213
vt 0.217687 0.666213
vt 0.183514 3.289660
vt 0.323787 3.289660
vt 0.323787 3.313483
vt 0.183514 3.313483
vt 0.694771 3.289660
vt 0.835044 3.289660
vt 0.835044 3.313483
vt 0.694771 3.313483
vt 0.164956 0.676213
vt 0.305229 0.676213
vt 0.305229 0.816486
vt 0.164956 0.816486
vt 0.305229 3.313483
vt 0.305229 3.298679
vt 0.694771 3.277762
vt 0.694771 3.289660
vt 0.195992 3.277762
vt 0.323787 3.277762
vt 0.323787 3.289660
vt 0.195992 3.289660
vt 0.822566 3.277762
vt 0.822566 3.289660
vt 0.305229 0.816486
vt 0.305229 0.804008
vt 0.316496 3.298679
vt 0.316496 3.274807
vt 0.676213 3.313483
vt 0.676213 3.298679
vt 0.316496 0.664946
vt 0.305229 0.676213
vt 0.316496 0.664946
vt 0.664946 3.298679
vt 0.664946 3.274807
vn 0.9209 0.3898 0.0000
vn 0.0000 0.3898 -0.9209
vn 0.0000 -1.0000 0.0000
vn 0.0000 1.0000 0.0000
vn -1.0000 0.0000 0.0000
vn 0.0000 0.0000 1.0000
vn 0.0000 0.0000 -1.0000
vn 1.0000 0.0000 0.0000
vn -0.9209 0.3898 0.0000
vn 0.0000 0.3898 0.9209
usemtl sandstone
s 1
f 674/1749/127 650/1750/127 648/1751/127 652/1752/127
f 650/1753/128 672/1754/128 654/1755/128 648/1756/128
f 698/1757/129 699/1758/129 712/1759/129 709/1760/129
f 654/1761/130 667/1762/130 710/1763/130 701/1764/130
f 671/1765/128 667/1766/128 654/1755/128 672/1754/128
f 657/1767/128 675/1768/128 672/1754/128 650/1753/128
f 673/1769/127 657/1770/127 650/1750/127 674/1749/127
f 651/1771/127 647/1772/127 657/1770/127 673/1769/127
f 647/1773/128 653/1774/128 675/1768/128 657/1767/128
f 668/1775/128 676/1776/128 675/1768/128 653/1774/128
f 651/1771/127 673/1769/127 678/1777/127 662/1778/127
f 674/1749/127 652/1752/127 663/1779/127 677/1780/127
f 699/1758/129 697/1781/129 708/1782/129 712/1759/129
f 648/1783/130 654/1761/130 701/1764/130 703/1784/130
f 675/1785/130 676/1786/130 690/1787/130 689/1788/130
f 674/1789/129 677/1790/129 681/1791/129 680/1792/129
f 672/1793/131 675/1794/131 689/1795/131 688/1796/131
f 671/1797/129 672/1798/129 688/1799/129 687/1800/129
f 678/1801/130 673/1802/130 679/1803/130 682/1804/130
f 673/1805/132 674/1806/132 680/1807/132 679/1808/132
f 684/1809/130 685/1810/130 658/1811/130 660/1812/130
f 686/1813/127 685/1814/127 679/1815/127 680/1816/127
f 683/1817/127 686/1813/127 680/1816/127 681/1818/127
f 685/1814/127 684/1819/127 682/1820/127 679/1815/127
f 685/1821/132 686/1822/132 649/1823/132 658/1824/132
f 686/1825/129 683/1826/129 664/1827/129 649/1828/129
f 691/1829/129 693/1830/129 659/1831/129 665/1832/129
f 693/1833/128 691/1834/128 687/1835/128 688/1836/128
f 694/1837/128 693/1833/128 688/1836/128 689/1838/128
f 692/1839/128 694/1837/128 689/1838/128 690/1840/128
f 693/1841/131 694/1842/131 656/1843/131 659/1844/131
f 694/1845/130 692/1846/130 669/1847/130 656/1848/130
f 699/1849/133 698/1850/133 655/1851/133 704/1852/133
f 698/1850/133 702/1853/133 707/1854/133 655/1851/133
f 697/1855/134 699/1856/134 704/1857/134 661/1858/134
f 700/1859/134 697/1855/134 661/1858/134 705/1860/134
f 655/1861/130 666/1862/130 661/1863/130 704/1864/130
f 670/1865/130 705/1866/130 661/1863/130 666/1862/130
f 666/1862/130 655/1861/130 707/1867/130 706/1868/130
f 670/1869/131 666/1870/131 718/1871/131 717/1872/131
f 696/1873/134 695/1874/134 708/1875/134 713/1876/134
f 703/1877/133 701/1878/133 709/1879/133 712/1880/133
f 701/1878/133 710/1881/133 711/1882/133 709/1879/133
f 695/1874/134 703/1883/134 712/1884/134 708/1875/134
f 663/1885/130 652/1886/130 695/1887/130 696/1888/130
f 652/1886/130 648/1783/130 703/1784/130 695/1887/130
f 702/1889/129 698/1757/129 709/1760/129 711/1890/129
f 697/1781/129 700/1891/129 713/1892/129 708/1782/129
f 714/1893/131 715/1894/131 723/1895/131 720/1896/131
f 666/1897/132 706/1898/132 719/1899/132 718/1900/132
f 715/1901/130 714/1902/130 717/1903/130 718/1904/130
f 716/1905/130 715/1901/130 718/1904/130 719/1906/130
f 720/1907/130 723/1908/130 722/1909/130 721/1910/130
f 715/1911/132 716/1912/132 722/1913/132 723/1914/132
f 746/1915/135 729/1916/135 725/1917/135 727/1918/135
f 727/1919/128 725/1920/128 731/1921/128 744/1922/128
f 765/1923/129 773/1924/129 774/1925/129 766/1926/129
f 731/1927/130 768/1928/130 710/1763/130 667/1762/130
f 671/1765/128 744/1922/128 731/1921/128 667/1766/128
f 734/1929/128 727/1919/128 744/1922/128 747/1930/128
f 745/1931/135 746/1915/135 727/1918/135 734/1932/135
f 728/1933/135 745/1931/135 734/1932/135 724/1934/135
f 724/1935/128 734/1929/128 747/1930/128 730/1936/128
f 668/1775/128 730/1936/128 747/1930/128 676/1776/128
f 728/1933/135 739/1937/135 749/1938/135 745/1931/135
f 746/1915/135 748/1939/135 740/1940/135 729/1916/135
f 766/1926/129 774/1925/129 772/1941/129 764/1942/129
f 725/1943/130 769/1944/130 768/1928/130 731/1927/130
f 747/1945/130 759/1946/130 690/1787/130 676/1786/130
f 746/1947/129 751/1948/129 752/1949/129 748/1950/129
f 744/1951/134 758/1952/134 759/1953/134 747/1954/134
f 671/1797/129 687/1800/129 758/1955/129 744/1956/129
f 749/1957/130 753/1958/130 750/1959/130 745/1960/130
f 745/1961/132 750/1962/132 751/1963/132 746/1964/132
f 755/1965/130 737/1966/130 735/1967/130 756/1968/130
f 757/1969/135 751/1970/135 750/1971/135 756/1972/135
f 754/1973/135 752/1974/135 751/1970/135 757/1969/135
f 756/1972/135 750/1971/135 753/1975/135 755/1976/135
f 756/1977/132 735/1978/132 726/1979/132 757/1980/132
f 757/1981/129 726/1982/129 741/1983/129 754/1984/129
f 691/1829/129 665/1832/129 736/1985/129 760/1986/129
f 760/1987/128 758/1988/128 687/1835/128 691/1834/128
f 761/1989/128 759/1990/128 758/1988/128 760/1987/128
f 692/1839/128 690/1840/128 759/1990/128 761/1989/128
f 760/1991/134 736/1992/134 733/1993/134 761/1994/134
f 761/1995/130 733/1996/130 669/1847/130 692/1846/130
f 766/1997/133 770/1998/133 732/1999/133 765/2000/133
f 765/2000/133 732/1999/133 707/1854/133 702/1853/133
f 764/2001/131 738/2002/131 770/2003/131 766/2004/131
f 767/2005/131 771/2006/131 738/2002/131 764/2001/131
f 732/2007/130 770/2008/130 738/2009/130 742/2010/130
f 743/2011/130 742/2010/130 738/2009/130 771/2012/130
f 742/2010/130 706/1868/130 707/1867/130 732/2007/130
f 743/2013/134 778/2014/134 779/2015/134 742/2016/134
f 763/2017/131 775/2018/131 772/2019/131 762/2020/131
f 769/2021/133 774/2022/133 773/2023/133 768/2024/133
f 768/2024/133 773/2023/133 711/1882/133 710/1881/133
f 762/2020/131 772/2019/131 774/2025/131 769/2026/131
f 740/2027/130 763/2028/130 762/2029/130 729/2030/130
f 729/2030/130 762/2029/130 769/1944/130 725/1943/130
f 702/1889/129 711/1890/129 773/1924/129 765/1923/129
f 764/1942/129 772/1941/129 775/2031/129 767/2032/129
f 776/2033/134 780/2034/134 781/2035/134 777/2036/134
f 742/2037/132 779/2038/132 719/1899/132 706/1898/132
f 777/2039/130 779/2040/130 778/2041/130 776/2042/130
f 716/1905/130 719/1906/130 779/2040/130 777/2039/130
f 780/2043/130 721/1910/130 722/1909/130 781/2044/130
f 777/2045/132 781/2046/132 722/1913/132 716/1912/132
f 804/2047/127 787/2048/127 783/2049/127 785/2050/127
f 785/2051/136 783/2052/136 789/2053/136 802/2054/136
f 821/2055/129 830/2056/129 833/2057/129 822/2058/129
f 789/2059/130 823/2060/130 831/2061/130 798/2062/130
f 801/2063/136 802/2054/136 789/2053/136 798/2064/136
f 792/2065/136 785/2051/136 802/2054/136 805/2066/136
f 803/2067/127 804/2047/127 785/2050/127 792/2068/127
f 786/2069/127 803/2067/127 792/2068/127 782/2070/127
f 782/2071/136 792/2065/136 805/2066/136 788/2072/136
f 799/2073/136 788/2072/136 805/2066/136 806/2074/136
f 786/2069/127 662/1778/127 678/1777/127 803/2067/127
f 804/2047/127 677/1780/127 663/1779/127 787/2048/127
f 822/2058/129 833/2057/129 829/2075/129 820/2076/129
f 783/2077/130 825/2078/130 823/2060/130 789/2059/130
f 805/2079/130 813/2080/130 814/2081/130 806/2082/130
f 804/2083/129 808/2084/129 681/1791/129 677/1790/129
f 802/2085/131 812/2086/131 813/2087/131 805/2088/131
f 801/2089/129 811/2090/129 812/2091/129 802/2092/129
f 678/1801/130 682/1804/130 807/2093/130 803/2094/130
f 803/2095/133 807/2096/133 808/2097/133 804/2098/133
f 684/1809/130 660/1812/130 793/2099/130 809/2100/130
f 810/2101/127 808/2102/127 807/2103/127 809/2104/127
f 683/1817/127 681/1818/127 808/2102/127 810/2101/127
f 809/2104/127 807/2103/127 682/1820/127 684/1819/127
f 809/2105/133 793/2106/133 784/2107/133 810/2108/133
f 810/2109/129 784/2110/129 664/1827/129 683/1826/129
f 815/2111/129 796/2112/129 794/2113/129 817/2114/129
f 817/2115/136 812/2116/136 811/2117/136 815/2118/136
f 818/2119/136 813/2120/136 812/2116/136 817/2115/136
f 816/2121/136 814/2122/136 813/2120/136 818/2119/136
f 817/2123/131 794/2124/131 791/2125/131 818/2126/131
f 818/2127/130 791/2128/130 800/2129/130 816/2130/130
f 822/2131/132 826/2132/132 790/2133/132 821/2134/132
f 821/2134/132 790/2133/132 828/2135/132 824/2136/132
f 820/2137/134 795/2138/134 826/2139/134 822/2140/134
f 700/1859/134 705/1860/134 795/2138/134 820/2137/134
f 790/2141/130 826/2142/130 795/2143/130 797/2144/130
f 670/1865/130 797/2144/130 795/2143/130 705/1866/130
f 797/2144/130 827/2145/130 828/2146/130 790/2141/130
f 670/1869/131 717/1872/131 836/2147/131 797/2148/131
f 696/1873/134 713/1876/134 829/2149/134 819/2150/134
f 825/2151/132 833/2152/132 830/2153/132 823/2154/132
f 823/2154/132 830/2153/132 832/2155/132 831/2156/132
f 819/2150/134 829/2149/134 833/2157/134 825/2158/134
f 663/1885/130 696/1888/130 819/2159/130 787/2160/130
f 787/2160/130 819/2159/130 825/2078/130 783/2077/130
f 824/2161/129 832/2162/129 830/2056/129 821/2055/129
f 820/2076/129 829/2075/129 713/1892/129 700/1891/129
f 714/1893/131 720/1896/131 839/2163/131 834/2164/131
f 797/2165/133 836/2166/133 837/2167/133 827/2168/133
f 834/2169/130 836/2170/130 717/1903/130 714/1902/130
f 835/2171/130 837/2172/130 836/2170/130 834/2169/130
f 720/1907/130 721/1910/130 838/2173/130 839/2174/130
f 834/2175/133 839/2176/133 838/2177/133 835/2178/133
f 857/2179/135 843/2180/135 841/2181/135 845/2182/135
f 843/2183/136 855/2184/136 847/2185/136 841/2186/136
f 869/2187/129 870/2188/129 876/2189/129 875/2190/129
f 847/2191/130 798/2062/130 831/2061/130 871/2192/130
f 801/2063/136 798/2064/136 847/2185/136 855/2184/136
f 850/2193/136 858/2194/136 855/2184/136 843/2183/136
f 856/2195/135 850/2196/135 843/2180/135 857/2179/135
f 844/2197/135 840/2198/135 850/2196/135 856/2195/135
f 840/2199/136 846/2200/136 858/2194/136 850/2193/136
f 799/2073/136 806/2074/136 858/2194/136 846/2200/136
f 844/2197/135 856/2195/135 749/1938/135 739/1937/135
f 857/2179/135 845/2182/135 740/1940/135 748/1939/135
f 870/2188/129 868/2201/129 874/2202/129 876/2189/129
f 841/2203/130 847/2191/130 871/2192/130 872/2204/130
f 858/2205/130 806/2082/130 814/2081/130 864/2206/130
f 857/2207/129 748/1950/129 752/1949/129 860/2208/129
f 855/2209/134 858/2210/134 864/2211/134 863/2212/134
f 801/2089/129 855/2213/129 863/2214/129 811/2090/129
f 749/1957/130 856/2215/130 859/2216/130 753/1958/130
f 856/2217/133 857/2218/133 860/2219/133 859/2220/133
f 755/1965/130 861/2221/130 851/2222/130 737/1966/130
f 862/2223/135 861/2224/135 859/2225/135 860/2226/135
f 754/1973/135 862/2223/135 860/2226/135 752/1974/135
f 861/2224/135 755/1976/135 753/1975/135 859/2225/135
f 861/2227/133 862/2228/133 842/2229/133 851/2230/133
f 862/2231/129 754/1984/129 741/1983/129 842/2232/129
f 815/2111/129 865/2233/129 852/2234/129 796/2112/129
f 865/2235/136 815/2118/136 811/2117/136 863/2236/136
f 866/2237/136 865/2235/136 863/2236/136 864/2238/136
f 816/2121/136 866/2237/136 864/2238/136 814/2122/136
f 865/2239/134 866/2240/134 849/2241/134 852/2242/134
f 866/2243/130 816/2130/130 800/2129/130 849/2244/130
f 870/2245/132 869/2246/132 848/2247/132 873/2248/132
f 869/2246/132 824/2136/132 828/2135/132 848/2247/132
f 868/2249/131 870/2250/131 873/2251/131 853/2252/131
f 767/2005/131 868/2249/131 853/2252/131 771/2006/131
f 848/2253/130 854/2254/130 853/2255/130 873/2256/130
f 743/2011/130 771/2012/130 853/2255/130 854/2254/130
f 854/2254/130 848/2253/130 828/2146/130 827/2145/130
f 743/2013/134 854/2257/134 878/2258/134 778/2014/134
f 763/2017/131 867/2259/131 874/2260/131 775/2018/131
f 872/2261/132 871/2262/132 875/2263/132 876/2264/132
f 871/2262/132 831/2156/132 832/2155/132 875/2263/132
f 867/2259/131 872/2265/131 876/2266/131 874/2260/131
f 740/2027/130 845/2267/130 867/2268/130 763/2028/130
f 845/2267/130 841/2203/130 872/2204/130 867/2268/130
f 824/2161/129 869/2187/129 875/2190/129 832/2162/129
f 868/2201/129 767/2032/129 775/2031/129 874/2202/129
f 776/2033/134 877/2269/134 879/2270/134 780/2034/134
f 854/2271/133 827/2168/133 837/2167/133 878/2272/133
f 877/2273/130 776/2042/130 778/2041/130 878/2274/130
f 835/2171/130 877/2273/130 878/2274/130 837/2172/130
f 780/2043/130 879/2275/130 838/2173/130 721/1910/130
f 877/2276/133 835/2178/133 838/2177/133 879/2277/133
o Cube.247_Cube.307
v 3.037556 26.865168 -1.662133
v 3.037556 25.748056 -1.662133
v 3.037556 26.865168 1.662133
v 3.037556 25.748056 1.662133
v -1.662133 26.865168 3.037556
v -1.662133 25.748056 3.037556
v 1.662134 26.865168 3.037556
v 1.662134 25.748056 3.037556
v 1.662133 26.865168 -3.037556
v 1.662133 25.748056 -3.037556
v -1.662134 26.865168 -3.037556
v -1.662134 25.748056 -3.037556
v -3.037556 26.865168 1.662133
v -3.037556 25.748056 1.662133
v -3.037556 26.865168 -1.662133
v -3.037556 25.748056 -1.662133
vt 0.315229 3.074806
vt 0.647656 3.074806
vt 0.647656 3.186517
vt 0.315229 3.186517
vt 0.666213 3.074806
vt 0.666213 3.186517
vt 0.333787 3.186517
vt 0.333787 3.074806
vt 0.666213 3.074806
vt 0.666213 3.186517
vt 0.333787 3.186517
vt 0.333787 3.074806
vt 0.352345 3.074806
vt 0.684771 3.074806
vt 0.684771 3.186517
vt 0.352345 3.186517
vn 1.0000 -0.0000 0.0000
vn 0.0000 0.0000 1.0000
vn -0.0000 0.0000 -1.0000
vn -1.0000 0.0000 0.0000
usemtl sandstone
s off
f 883/2278/137 881/2279/137 880/2280/137 882/2281/137
f 887/2282/138 886/2283/138 884/2284/138 885/2285/138
f 891/2286/139 890/2287/139 888/2288/139 889/2289/139
f 895/2290/140 893/2291/140 892/2292/140 894/2293/140
o Cube.248_Cube.308
v 6.000000 5.250000 -6.000000
v 3.992389 23.250000 -3.992389
v 5.114388 13.190298 -5.114388
v 5.163650 12.748618 -5.163650
v 5.526843 12.748618 -5.526843
v 5.474115 13.190298 -5.474115
v 5.417322 12.879988 -5.417322
v 5.511160 12.879988 -5.511160
v 5.489798 13.058929 -5.489798
v 5.396324 13.058929 -5.396324
v 6.000000 5.250000 -1.948052
v 3.992389 23.250000 -1.296230
v 5.114388 13.190298 -1.660515
v 5.163650 12.748618 -1.676510
v 5.474115 13.190298 -1.660515
v 5.396324 13.058929 -1.665272
v 5.417322 12.879988 -1.671752
v 5.526843 12.748618 -1.676510
v 5.511160 12.879988 -1.671752
v 5.489798 13.058929 -1.665272
v 5.302446 11.504188 -5.302446
v 5.302446 11.504188 -1.721573
v 2.777627 21.689482 -1.352740
v 4.000000 5.250000 -4.000000
v 3.409591 13.190298 -3.409591
v 3.442433 12.748618 -3.442433
v 3.534964 11.504188 -3.534964
v 4.000000 5.250000 -1.948052
v 3.409591 13.190298 -1.660515
v 3.442433 12.748618 -1.676510
v 3.534964 11.504188 -1.721573
v 5.233047 12.126403 -5.233047
v 5.233047 12.126403 -1.699041
v 3.488698 12.126403 -1.699041
v 3.488698 12.126403 -3.488698
v -6.000000 5.250000 -6.000000
v -3.992389 23.250000 -3.992389
v -5.114388 13.190298 -5.114388
v -5.163650 12.748618 -5.163650
v -5.526843 12.748618 -5.526843
v -5.474115 13.190298 -5.474115
v -5.417322 12.879988 -5.417322
v -5.511160 12.879988 -5.511160
v -5.489798 13.058929 -5.489798
v -5.396324 13.058929 -5.396324
v -6.000000 5.250000 -1.948052
v -3.992389 23.250000 -1.296230
v -5.114388 13.190298 -1.660515
v -5.163650 12.748618 -1.676510
v -5.474115 13.190298 -1.660515
v -5.396324 13.058929 -1.665272
v -5.417322 12.879988 -1.671752
v -5.526843 12.748618 -1.676510
v -5.511160 12.879988 -1.671752
v -5.489798 13.058929 -1.665272
v -5.302446 11.504188 -5.302446
v -5.302446 11.504188 -1.721573
v 2.777627 21.689482 -2.777627
v -4.000000 5.250000 -4.000000
v -2.777627 21.689482 1.352740
v -3.409591 13.190298 -3.409591
v -3.442433 12.748618 -3.442433
v -3.534964 11.504188 -3.534964
v -4.000000 5.250000 -1.948052
v -3.409591 13.190298 -1.660515
v -3.442433 12.748618 -1.676510
v -3.534964 11.504188 -1.721573
v -5.233047 12.126403 -5.233047
v -5.233047 12.126403 -1.699041
v -3.488698 12.126403 -1.699041
v -3.488698 12.126403 -3.488698
v 6.000000 5.250000 6.000000
v 3.992389 23.250000 3.992389
v 5.114388 13.190298 5.114388
v 5.163650 12.748618 5.163650
v 5.526843 12.748618 5.526843
v 5.474115 13.190298 5.474115
v 5.417322 12.879988 5.417322
v 5.511160 12.879988 5.511160
v 5.489798 13.058929 5.489798
v 5.396324 13.058929 5.396324
v 6.000000 5.250000 1.948052
v 3.992389 23.250000 1.296230
v 5.114388 13.190298 1.660515
v 5.163650 12.748618 1.676510
v 5.474115 13.190298 1.660515
v 5.396324 13.058929 1.665272
v 5.417322 12.879988 1.671752
v 5.526843 12.748618 1.676510
v 5.511160 12.879988 1.671752
v 5.489798 13.058929 1.665272
v 5.302446 11.504188 5.302446
v 5.302446 11.504188 1.721573
v 4.000000 5.250000 4.000000
v 3.409591 13.190298 3.409591
v 3.442433 12.748618 3.442433
v 3.534964 11.504188 3.534964
v 4.000000 5.250000 1.948052
v 3.409591 13.190298 1.660515
v 3.442433 12.748618 1.676510
v 3.534964 11.504188 1.721573
v 5.233047 12.126403 5.233047
v 5.233047 12.126403 1.699041
v 3.488698 12.126403 1.699041
v 3.488698 12.126403 3.488698
v -6.000000 5.250000 6.000000
v -3.992389 23.250000 3.992389
v -5.114388 13.190298 5.114388
v -5.163650 12.748618 5.163650
v -5.526843 12.748618 5.526843
v -5.474115 13.190298 5.474115
v -5.417322 12.879988 5.417322
v -5.511160 12.879988 5.511160
v -5.489798 13.058929 5.489798
v -5.396324 13.058929 5.396324
v -6.000000 5.250000 1.948052
v -3.992389 23.250000 1.296230
v -5.114388 13.190298 1.660515
v -5.163650 12.748618 1.676510
v -5.474115 13.190298 1.660515
v -5.396324 13.058929 1.665272
v -5.417322 12.879988 1.671752
v -5.526843 12.748618 1.676510
v -5.511160 12.879988 1.671752
v -5.489798 13.058929 1.665272
v -5.302446 11.504188 5.302446
v -5.302446 11.504188 1.721573
v -4.000000 5.250000 4.000000
v -3.409591 13.190298 3.409591
v -3.442433 12.748618 3.442433
v -3.534964 11.504188 3.534964
v -4.000000 5.250000 1.948052
v -3.409591 13.190298 1.660515
v -3.442433 12.748618 1.676510
v -3.534964 11.504188 1.721573
v -5.233047 12.126403 5.233047
v -5.233047 12.126403 1.699041
v -3.488698 12.126403 1.699041
v -3.488698 12.126403 3.488698
v -2.777627 21.689482 2.777627
v 2.777627 21.689482 1.352740
v 2.777627 21.689482 2.777627
v -2.777627 21.689482 -2.777627
v -2.777627 21.689482 -1.352740
v 3.992389 23.250000 -0.750000
v 3.992389 23.250000 0.750000
v -0.750000 5.250000 -6.000000
v 0.750000 5.250000 -6.000000
v -0.750000 23.250000 -3.992389
v 0.750000 23.250000 -3.992389
v 5.114388 13.190298 0.750000
v 5.114388 13.190298 -0.750000
v 0.750000 13.190298 -5.114388
v -0.750000 13.190298 -5.114388
v 5.163650 12.748618 0.750000
v 5.163650 12.748618 -0.750000
v 0.750000 12.748618 -5.163650
v -0.750000 12.748618 -5.163650
v 5.474115 13.190298 0.750000
v 5.474115 13.190298 -0.750000
v 0.750000 13.190298 -5.474115
v -0.750000 13.190298 -5.474115
v 5.526843 12.748618 -0.750000
v 5.526843 12.748618 0.750000
v -0.750000 12.748618 -5.526843
v 0.750000 12.748618 -5.526843
v 5.417322 12.879988 0.750000
v 5.417322 12.879988 -0.750000
v 5.396324 13.058929 0.750000
v 5.396324 13.058929 -0.750000
v 5.511160 12.879988 -0.750000
v 5.511160 12.879988 0.750000
v 5.489798 13.058929 -0.750000
v 5.489798 13.058929 0.750000
v -0.750000 13.058929 -5.489798
v 0.750000 13.058929 -5.489798
v -0.750000 12.879988 -5.511160
v 0.750000 12.879988 -5.511160
v 0.750000 12.879988 -5.417322
v -0.750000 12.879988 -5.417322
v -0.750000 13.058929 -5.396324
v 0.750000 13.058929 -5.396324
v -0.750000 11.504188 -5.302446
v 0.750000 11.504188 -5.302446
v 0.750000 5.250000 -4.000000
v -0.750000 5.250000 -4.000000
v 3.409591 13.190298 -0.750000
v 3.409591 13.190298 0.750000
v 0.750000 13.190298 -3.409591
v -0.750000 13.190298 -3.409591
v 0.750000 12.748618 -3.442433
v -0.750000 12.748618 -3.442433
v 0.750000 21.689482 -2.777627
v -0.750000 21.689482 -2.777627
v 3.442433 12.748618 0.750000
v 3.442433 12.748618 -0.750000
v 0.750000 11.504188 -3.534964
v -0.750000 11.504188 -3.534964
v 5.233047 12.126403 0.750000
v 5.233047 12.126403 -0.750000
v -0.750000 12.126403 -5.233047
v 0.750000 12.126403 -5.233047
v 3.488698 12.126403 -0.750000
v 3.488698 12.126403 0.750000
v 0.750000 12.126403 -3.488698
v -0.750000 12.126403 -3.488698
v -3.992389 23.250000 0.750000
v -3.992389 23.250000 -0.750000
v -5.114388 13.190298 -0.750000
v -5.114388 13.190298 0.750000
v -5.163650 12.748618 -0.750000
v -5.163650 12.748618 0.750000
v -5.474115 13.190298 -0.750000
v -5.474115 13.190298 0.750000
v -5.526843 12.748618 0.750000
v -5.526843 12.748618 -0.750000
v -5.417322 12.879988 -0.750000
v -5.417322 12.879988 0.750000
v -5.396324 13.058929 -0.750000
v -5.396324 13.058929 0.750000
v -5.511160 12.879988 0.750000
v -5.511160 12.879988 -0.750000
v -5.489798 13.058929 0.750000
v -5.489798 13.058929 -0.750000
v -3.409591 13.190298 0.750000
v -3.409591 13.190298 -0.750000
v -3.442433 12.748618 -0.750000
v -3.442433 12.748618 0.750000
v -5.233047 12.126403 0.750000
v -5.233047 12.126403 -0.750000
v -3.488698 12.126403 0.750000
v -3.488698 12.126403 -0.750000
v 0.750000 5.250000 6.000000
v -0.750000 5.250000 6.000000
v 0.750000 23.250000 3.992389
v -0.750000 23.250000 3.992389
v -0.750000 13.190298 5.114388
v 0.750000 13.190298 5.114388
v -0.750000 12.748618 5.163650
v 0.750000 12.748618 5.163650
v -0.750000 13.190298 5.474115
v 0.750000 13.190298 5.474115
v 0.750000 12.748618 5.526843
v -0.750000 12.748618 5.526843
v 0.750000 13.058929 5.489798
v -0.750000 13.058929 5.489798
v 0.750000 12.879988 5.511160
v -0.750000 12.879988 5.511160
v -0.750000 12.879988 5.417322
v 0.750000 12.879988 5.417322
v 0.750000 13.058929 5.396324
v -0.750000 13.058929 5.396324
v 0.750000 11.504188 5.302446
v -0.750000 11.504188 5.302446
v -0.750000 5.250000 4.000000
v 0.750000 5.250000 4.000000
v 0.750000 13.190298 3.409591
v -0.750000 13.190298 3.409591
v -0.750000 12.748618 3.442433
v 0.750000 12.748618 3.442433
v -0.750000 11.504188 3.534964
v 0.750000 11.504188 3.534964
v -0.750000 21.689482 1.352740
v 0.750000 21.689482 1.352740
v 0.750000 12.126403 5.233047
v -0.750000 12.126403 5.233047
v -0.750000 12.126403 3.488698
v 0.750000 12.126403 3.488698
v -0.750000 21.689482 -0.750000
v 0.750000 21.689482 -0.750000
v 0.750000 21.689482 0.750000
v -0.750000 21.689482 0.750000
v -0.750000 21.689482 -1.352740
v 0.750000 21.689482 -1.352740
v -3.534964 11.504188 0.750000
v -3.534964 11.504188 -0.750000
v -4.000000 5.250000 -0.750000
v -4.000000 5.250000 0.750000
v -5.302446 11.504188 -0.750000
v -5.302446 11.504188 0.750000
v -6.000000 5.250000 0.750000
v -6.000000 5.250000 -0.750000
v 0.750000 21.689482 2.777627
v -0.750000 21.689482 2.777627
v -2.777627 21.689482 0.750000
v -2.777627 21.689482 -0.750000
v 2.777627 21.689482 0.750000
v 2.777627 21.689482 -0.750000
v 0.750000 23.250000 1.296230
v -0.750000 23.250000 1.296230
v 0.750000 23.250000 -0.750000
v -0.750000 23.250000 -0.750000
v -0.750000 23.250000 0.750000
v 0.750000 23.250000 0.750000
v 0.750000 23.250000 -1.296230
v -0.750000 23.250000 -1.296230
v 0.750000 19.189423 4.445282
v 0.750000 16.688990 4.724165
v -0.750000 16.688990 4.724165
v -0.750000 19.189423 4.445282
v -4.445282 19.189423 0.750000
v -4.724165 16.688990 0.750000
v -4.724165 16.688990 -0.750000
v -4.445282 19.189423 -0.750000
v -0.750000 16.688990 -4.724165
v -0.750000 19.189423 -4.445282
v 0.750000 19.189423 -4.445282
v 0.750000 16.688990 -4.724165
v 4.445282 19.189423 -0.750000
v 4.724165 16.688990 -0.750000
v 4.724165 16.688990 0.750000
v 4.445282 19.189423 0.750000
v -4.724090 16.689663 1.533795
v -4.445351 19.188797 1.443296
v -4.445940 19.183521 4.445940
v -4.723456 16.695339 4.723456
v 4.724090 16.689663 1.533795
v 4.445351 19.188797 1.443296
v 4.445940 19.183521 4.445940
v 4.723456 16.695339 4.723456
v -4.445351 19.188797 -1.443296
v -4.724090 16.689663 -1.533795
v -4.723456 16.695339 -4.723456
v -4.445940 19.183521 -4.445940
v 4.724090 16.689663 -1.533795
v 4.445351 19.188797 -1.443296
v 4.445940 19.183521 -4.445940
v 4.723456 16.695339 -4.723456
v -2.963558 19.188919 2.963558
v 2.963558 19.188919 2.963558
v -2.963558 19.188919 -2.963558
v 2.963558 19.188919 1.443291
v -2.963558 19.188919 1.443291
v 2.963558 19.188919 -1.443291
v -2.963558 19.188919 -1.443291
v 2.963558 19.188919 -2.963558
v 2.963558 19.188919 0.750000
v 2.963558 19.188919 -0.750000
v -2.963558 19.188919 0.750000
v -2.963558 19.188919 -0.750000
v 0.750000 19.188919 2.963558
v -0.750000 19.188919 2.963558
v -0.750000 19.188919 -2.963558
v 0.750000 19.188919 -2.963558
v 3.149455 16.688828 1.533825
v -3.149455 16.688828 1.533825
v 3.149455 16.688828 -1.533825
v -3.149455 16.688828 -1.533825
v 3.149455 16.688828 -0.750000
v -3.149455 16.688828 0.750000
v 0.750000 16.688828 3.149455
v -0.750000 16.688828 -3.149455
v -3.149455 16.688828 3.149455
v 3.149455 16.688828 3.149455
v -3.149455 16.688828 -3.149455
v 3.149455 16.688828 -3.149455
v 3.149455 16.688828 0.750000
v -3.149455 16.688828 -0.750000
v -0.750000 16.688828 3.149455
v 0.750000 16.688828 -3.149455
vt 0.992881 0.425000
vt 0.992881 -0.011439
vt 1.028854 -0.047412
vt 1.028854 0.425000
vt 0.315391 1.819030
vt 0.314915 1.805893
vt 0.406442 1.805893
vt 0.406442 1.819030
vt 0.350907 -0.016365
vt 0.002193 -0.016365
vt -0.034127 -0.052684
vt 0.350907 -0.052684
vt 0.648617 1.787999
vt 1.023175 1.787999
vt 1.021075 1.805893
vt 0.647969 1.805893
vt 0.575000 1.805893
vt 1.048980 1.805893
vt 1.047411 1.819030
vt 0.575000 1.819030
vt 0.992881 0.575000
vt 1.028854 0.575000
vt 1.028854 1.047412
vt 0.992881 1.011439
vt 0.575000 1.774862
vt 1.052684 1.774862
vt 1.051116 1.787999
vt 0.575000 1.787999
vt 0.425000 1.774862
vt 0.425000 1.787999
vt -0.051116 1.787999
vt -0.052684 1.774862
vt -0.030422 0.575000
vt -0.021075 0.575000
vt -0.021075 1.039632
vt -0.030422 1.048980
vt 1.032558 -0.051116
vt 1.032558 0.425000
vt 1.023175 0.425000
vt 1.023175 -0.041732
vt 0.425000 1.805893
vt 0.425000 1.819030
vt -0.047412 1.819030
vt -0.048980 1.805893
vt 0.575000 1.805893
vt 0.575000 1.787999
vt 1.041732 1.787999
vt 1.039632 1.805893
vt 0.648617 -0.051116
vt 0.648617 -0.041732
vt 1.032558 1.051116
vt 1.023175 1.041732
vt 1.023175 0.575000
vt 1.032558 0.575000
vt 0.556442 1.787999
vt 0.556442 1.805893
vt 1.028854 1.819030
vt 0.647494 1.819030
vt 0.647969 1.805893
vt 1.030422 1.805893
vt -0.030422 -0.048980
vt 0.352030 -0.048980
vt 0.352030 -0.039633
vt -0.021075 -0.039633
vt 1.032558 1.787999
vt 0.648617 1.787999
vt 0.649093 1.774862
vt 1.034127 1.774862
vt 0.406442 -0.051116
vt 0.406442 -0.041732
vt 0.314267 -0.041732
vt 0.314267 -0.051116
vt 0.647494 -0.011439
vt 0.647494 -0.047412
vt 0.880681 0.100761
vt 0.880681 0.425000
vt 0.611065 0.425000
vt 0.611065 0.100761
vt 0.880681 0.575000
vt 0.880681 0.899239
vt 0.611065 0.899239
vt 0.611065 0.575000
vt 0.593558 1.016365
vt 0.686209 1.016365
vt 0.686209 1.052684
vt 0.593558 1.052684
vt 0.002193 1.016365
vt -0.034127 1.052684
vt -0.034127 0.575000
vt 0.002193 0.575000
vt 0.350907 1.016365
vt 0.350907 1.052684
vt 0.351383 1.787999
vt 0.352031 1.805893
vt -0.021075 1.805893
vt -0.023174 1.787999
vt 0.314267 1.787999
vt 0.313791 1.774862
vt 0.406442 1.774862
vt 0.406442 1.787999
vt 0.593558 -0.016365
vt 0.593558 -0.052684
vt 0.686209 -0.052684
vt 0.686209 -0.016365
vt 0.406442 1.787999
vt 0.406442 1.805893
vt 0.314915 1.805893
vt 0.314267 1.787999
vt 0.593558 1.787999
vt 0.685733 1.787999
vt 0.685085 1.805893
vt 0.593558 1.805893
vt -0.030422 0.425000
vt -0.021075 0.425000
vt 0.685733 1.787999
vt 0.593558 1.787999
vt 0.593558 1.774862
vt 0.686209 1.774862
vt 0.648618 1.051116
vt 0.648618 1.041732
vt 0.425000 1.805893
vt -0.039632 1.805893
vt -0.041732 1.787999
vt 0.425000 1.787999
vt 0.685085 1.048980
vt 0.593558 1.048980
vt 0.593558 1.039632
vt 0.685085 1.039632
vt -0.028854 1.819030
vt -0.030422 1.805893
vt 0.352031 1.805893
vt 0.352506 1.819030
vt 0.352031 1.039632
vt 0.352031 1.048980
vt -0.032558 1.787999
vt -0.034126 1.774862
vt 0.350907 1.774862
vt 0.351383 1.787999
vt 0.406442 1.051116
vt 0.314267 1.051116
vt 0.314267 1.041732
vt 0.406442 1.041732
vt 0.647494 1.047412
vt 0.647494 1.011439
vt 0.406442 0.100761
vt 0.406442 0.425000
vt 0.351819 0.425000
vt 0.351819 0.100761
vt 0.556442 -0.011439
vt 0.556442 -0.047412
vt 1.071242 -0.052684
vt 1.034923 -0.016365
vt -0.058190 1.805893
vt -0.060290 1.787999
vt 0.425000 1.805893
vt 0.425000 1.819030
vt -0.047412 1.819030
vt -0.048980 1.805893
vt 1.034923 1.016365
vt 1.034923 0.575000
vt 1.071242 0.575000
vt 1.071242 1.052684
vt -0.029997 0.575000
vt -0.029997 1.011439
vt -0.065969 1.047412
vt -0.065969 0.575000
vt 0.425000 1.774862
vt 0.425000 1.787999
vt -0.051116 1.787999
vt -0.052684 1.774862
vt 0.556442 1.787999
vt 0.556442 1.774862
vt 0.443558 -0.048980
vt 0.443558 -0.039633
vt -0.069674 -0.051116
vt -0.060290 -0.041732
vt -0.060290 0.425000
vt -0.069674 0.425000
vt 0.556442 1.819030
vt 0.556442 1.805893
vt 0.425000 1.805893
vt -0.039632 1.805893
vt -0.041732 1.787999
vt 0.425000 1.787999
vt -0.069674 1.051116
vt -0.069674 0.575000
vt -0.060290 0.575000
vt -0.060290 1.041732
vt 0.685085 -0.048980
vt 0.685085 -0.039633
vt 0.593558 -0.039633
vt 0.593558 -0.048980
vt -0.065969 1.819030
vt -0.067538 1.805893
vt 1.067538 -0.048980
vt 1.058190 -0.039633
vt -0.069674 1.787999
vt -0.071242 1.774862
vt 0.556442 -0.051116
vt 0.556442 -0.041732
vt 0.443558 -0.016365
vt 0.443558 -0.052684
vt -0.029997 -0.011439
vt -0.065969 -0.047412
vt 0.315391 -0.047412
vt 0.315391 -0.011439
vt 0.082203 0.425000
vt 0.082203 0.100761
vt 0.002193 0.425000
vt -0.034127 0.425000
vt 0.556442 0.899239
vt 0.556442 0.575000
vt 0.351819 0.575000
vt 0.351819 0.899239
vt 0.082203 0.899239
vt 0.082203 0.575000
vt 0.406442 0.575000
vt 0.406442 0.899239
vt 0.556442 1.047412
vt 0.556442 1.011439
vt 0.575000 1.805893
vt 1.048980 1.805893
vt 1.047412 1.819030
vt 0.575000 1.819030
vt 1.060290 1.787999
vt 1.058190 1.805893
vt 0.575000 1.774862
vt 1.052684 1.774862
vt 1.051116 1.787999
vt 0.575000 1.787999
vt 1.071242 0.425000
vt 1.034923 0.425000
vt 1.067538 0.575000
vt 1.067538 1.048980
vt 1.058190 1.039632
vt 1.058190 0.575000
vt 0.443558 1.774862
vt 0.443558 1.787999
vt 0.443558 1.039632
vt 0.443558 1.048980
vt 1.067538 0.425000
vt 1.058190 0.425000
vt 0.443558 1.805893
vt 0.443558 1.819030
vt 0.575000 1.805893
vt 0.575000 1.787999
vt 1.041732 1.787999
vt 1.039632 1.805893
vt 0.556442 1.051116
vt 0.556442 1.041732
vt 1.065969 1.819030
vt 0.684609 1.819030
vt 0.685085 1.805893
vt 1.067538 1.805893
vt 1.069674 1.787999
vt 1.071242 1.774862
vt 0.443558 1.787999
vt 0.443558 1.805893
vt 0.443558 1.016365
vt 0.443558 1.052684
vt 0.315391 1.011439
vt 0.315391 1.047412
vt 0.593558 1.819030
vt 0.593558 1.805893
vt -0.029997 0.425000
vt -0.065969 0.425000
vt 0.406442 1.011439
vt 0.406442 1.047412
vt 0.406442 -0.047412
vt 0.406442 -0.011439
vt 0.556442 0.425000
vt 0.556442 0.100761
vt 0.425000 2.825000
vt 0.425000 2.418942
vt 0.575000 2.418942
vt 0.575000 2.825000
vt 0.900000 1.025000
vt 1.100000 1.025000
vt 1.030245 1.650419
vt 0.853496 1.650419
vt 0.917797 2.825000
vt 0.648181 2.825000
vt 0.662887 2.418880
vt 0.963152 2.418352
vt 0.575000 1.712640
vt 1.023305 1.712640
vt 1.016365 1.774862
vt 0.575000 1.774862
vt 0.649093 1.774862
vt 0.556442 1.774862
vt 0.556442 1.712640
vt 0.651346 1.712640
vt 0.880681 2.825000
vt 0.611065 2.825000
vt 0.625772 2.418880
vt 0.926036 2.418352
vt 1.011687 1.650419
vt 0.653600 1.650419
vt 0.676247 1.025000
vt 1.081442 1.025000
vt 1.004747 1.712640
vt 0.240795 0.222237
vt 0.383284 0.222237
vt 0.383284 0.425000
vt 0.240795 0.425000
vt 0.159041 1.819030
vt 0.155757 1.774862
vt 0.425000 1.774862
vt 0.425000 1.819030
vt 0.425000 1.712640
vt 0.425000 1.774862
vt 0.155757 1.774862
vt 0.151130 1.712640
vt 0.352506 1.819030
vt 0.350907 1.774862
vt 0.443558 1.774862
vt 0.443558 1.819030
vt 0.671940 2.168883
vt 0.593558 2.168883
vt 0.593558 1.819030
vt 0.684609 1.819030
vt 0.174315 1.774862
vt 0.169688 1.712640
vt 0.348654 1.712640
vt 0.593558 1.774862
vt 0.686209 1.774862
vt 0.159041 1.819030
vt 0.425000 1.819030
vt 0.165061 1.650419
vt 0.346400 1.650419
vt 0.118558 1.025000
vt 0.323753 1.025000
vt 0.313791 1.774862
vt 0.311538 1.712640
vt 0.406442 1.712640
vt 0.406442 1.774862
vt 0.997807 1.774862
vt 0.425000 1.025000
vt 0.425000 1.650419
vt 0.146504 1.650419
vt 0.100000 1.025000
vt 0.443558 -0.023305
vt 0.443558 0.151130
vt 0.348654 0.151130
vt 0.348654 -0.023305
vt 0.177599 1.819030
vt 1.023305 1.712640
vt 0.848870 1.712640
vt 0.593558 -0.023305
vt 0.688462 -0.023305
vt 0.688462 0.151130
vt 0.593558 0.151130
vt 0.425000 1.025000
vt 0.425000 1.650419
vt -0.030245 1.650419
vt -0.100000 1.025000
vt 0.593558 2.825000
vt 0.593558 2.418942
vt 0.425000 1.712640
vt 0.425000 1.774862
vt -0.016365 1.774862
vt -0.023305 1.712640
vt 0.328060 2.168883
vt 0.315391 1.819030
vt 0.406442 1.819030
vt 0.406442 2.168883
vt 0.575000 1.650419
vt 1.030245 1.650419
vt 0.350907 1.774862
vt 0.348654 1.712640
vt 0.443558 1.712640
vt 0.443558 1.774862
vt 0.119319 2.825000
vt 0.073964 2.418352
vt 0.374228 2.418880
vt 0.388935 2.825000
vt -0.011687 1.650419
vt -0.081442 1.025000
vt 0.323753 1.025000
vt 0.346400 1.650419
vt -0.004747 1.712640
vt 0.425000 1.025000
vt 0.425000 1.650419
vt -0.030245 1.650419
vt -0.100000 1.025000
vt 0.203612 2.168883
vt 0.365175 2.168883
vt 0.796388 2.168883
vt 0.634825 2.168883
vt 0.647494 1.819030
vt 0.822401 1.819030
vt 0.240795 0.575000
vt 0.383284 0.575000
vt 0.383284 0.777762
vt 0.240795 0.777762
vt 0.556442 1.819030
vt 0.556442 1.774862
vt 0.649093 1.774862
vt 0.575000 1.025000
vt 0.900000 1.025000
vt 0.853496 1.650419
vt 0.575000 1.650419
vt 0.825686 1.774862
vt 0.651346 1.712640
vt 0.830312 1.712640
vt 0.313791 1.774862
vt 0.406442 1.774862
vt 0.425000 2.418892
vt 0.425000 2.668948
vt 0.222237 2.668948
vt 0.203644 2.418892
vt 0.653600 1.650419
vt 0.834939 1.650419
vt 0.676247 1.025000
vt 0.881442 1.025000
vt 0.686209 1.774862
vt 0.593558 1.774862
vt 0.593558 1.712640
vt 0.688462 1.712640
vt 0.002193 1.774862
vt 0.848870 1.712640
vt 0.575000 1.712640
vt 0.690715 1.650419
vt 0.593558 1.650419
vt 0.713363 1.025000
vt 0.593558 1.025000
vt 0.575000 2.418942
vt 0.944594 2.418352
vt 0.899239 2.825000
vt 0.575000 2.825000
vt 0.443558 2.168899
vt 0.443558 1.819030
vt 0.593558 1.819030
vt 0.593558 2.168899
vt 0.100000 1.025000
vt 0.146504 1.650419
vt -0.030245 1.650419
vt -0.100000 1.025000
vt 0.425000 1.712640
vt 0.425000 1.774862
vt -0.016365 1.774862
vt -0.023305 1.712640
vt 0.082203 2.825000
vt 0.036848 2.418352
vt 0.337113 2.418880
vt 0.351819 2.825000
vt -0.048802 1.650419
vt -0.118558 1.025000
vt 0.286637 1.025000
vt 0.309285 1.650419
vt -0.041863 1.712640
vt 0.443558 0.575000
vt 0.443558 0.777762
vt 0.575000 1.712640
vt 0.848870 1.712640
vt 0.844243 1.774862
vt 0.575000 1.774862
vt 0.443558 2.168883
vt 0.575000 2.418892
vt 0.796356 2.418892
vt 0.777763 2.668948
vt 0.575000 2.668948
vt 0.862801 1.774862
vt 0.688462 1.712640
vt 0.867428 1.712640
vt 0.575000 2.418892
vt 0.796356 2.418892
vt 0.777763 2.668948
vt 0.575000 2.668948
vt 0.840959 1.819030
vt 0.575000 1.819030
vt 0.690715 1.650419
vt 0.872054 1.650419
vt 0.713363 1.025000
vt 0.918558 1.025000
vt 0.833503 2.168883
vt 0.859517 1.819030
vt -0.034923 1.774862
vt 0.575000 1.025000
vt 0.900000 1.025000
vt 0.853496 1.650419
vt 0.575000 1.650419
vt 0.653832 0.222237
vt 0.796320 0.222237
vt 0.796320 0.425000
vt 0.653832 0.425000
vt 0.443558 1.712640
vt 0.151130 1.712640
vt -0.023305 1.712640
vt 0.556442 1.712640
vt 0.556442 1.650419
vt 0.575000 1.712640
vt 1.023305 1.712640
vt 1.016365 1.774862
vt 0.575000 1.774862
vt 0.311538 1.712640
vt 0.309285 1.650419
vt 0.406442 1.650419
vt 0.406442 1.712640
vt 0.009097 2.169534
vt -0.029997 1.819030
vt 0.315391 1.819030
vt 0.328063 2.168966
vt 1.048802 1.650419
vt 1.118558 1.025000
vt 1.041863 1.712640
vt 0.575000 1.025000
vt 1.100000 1.025000
vt 1.030245 1.650419
vt 0.575000 1.650419
vt 0.593558 0.222237
vt 0.593558 0.425000
vt 0.556442 2.168883
vt 0.425000 1.025000
vt 0.425000 1.650419
vt 0.146504 1.650419
vt 0.100000 1.025000
vt 0.137199 1.774862
vt 0.132572 1.712640
vt 0.425000 1.712640
vt 0.151130 1.712640
vt 0.127946 1.650419
vt 0.081442 1.025000
vt 0.286637 1.025000
vt 0.166497 2.168883
vt 0.140483 1.819030
vt 0.406442 1.025000
vt 1.034923 1.774862
vt 0.443558 1.025000
vt 0.443558 1.650419
vt 0.593558 0.575000
vt 0.653832 0.575000
vt 0.653832 0.777762
vt 0.593558 0.777762
vt 0.443558 0.222237
vt 0.443558 0.425000
vt 0.425000 2.418892
vt 0.425000 2.668948
vt 0.222237 2.668948
vt 0.203644 2.418892
vt 0.593558 1.712640
vt 0.844243 1.774862
vt 0.575000 1.774862
vt 0.556442 1.025000
vt 0.796320 0.575000
vt 0.796320 0.777762
vt 0.840959 1.819030
vt 0.575000 1.819030
vt 0.425000 2.168899
vt 0.425000 1.819030
vt 0.575000 1.819030
vt 0.575000 2.168899
vt 0.575000 1.025000
vt 1.100000 1.025000
vt 0.556442 2.825000
vt 0.556442 2.418942
vt 0.575000 1.819030
vt 1.011439 1.819030
vt 0.972346 2.169534
vt 0.575000 2.168899
vt 0.425000 1.819030
vt 0.425000 2.168899
vt 0.027654 2.169534
vt -0.011439 1.819030
vt 0.406442 2.825000
vt 0.406442 2.418942
vt 0.944594 2.418352
vt 0.899239 2.825000
vt 0.443558 2.825000
vt 0.443558 2.418942
vt 0.593558 2.418892
vt 0.593558 2.668948
vt 0.443558 2.668948
vt 0.443558 2.418892
vt 0.027654 2.169534
vt -0.011439 1.819030
vt 0.425000 2.168883
vt 0.575000 2.168883
vt 0.425000 2.168883
vt 0.575000 2.168883
vt 0.671937 2.168966
vt 0.684609 1.819030
vt 0.100761 2.825000
vt 0.055406 2.418352
vt 0.634822 2.168966
vt 0.556442 2.168899
vt 0.556442 1.819030
vt 0.647494 1.819030
vt 0.406442 2.168899
vt 0.406442 1.819030
vt 0.365178 2.168966
vt 0.352506 1.819030
vt 0.425000 2.825000
vt 0.425000 2.418942
vt 0.990903 2.169534
vt 1.029997 1.819030
vt 0.046212 2.169534
vt 0.007119 1.819030
vt 0.100761 2.825000
vt 0.055406 2.418352
vt 0.953788 2.169534
vt 0.992881 1.819030
vt 0.777798 2.418892
vt 0.796388 2.168883
vt 0.953859 2.168899
vt 0.925970 2.418942
vt 0.972346 2.169534
vt 0.814914 2.418892
vt 0.833503 2.168883
vt 0.990974 2.168899
vt 0.963086 2.418942
vt 0.796356 2.418892
vt 0.814945 2.168883
vt 0.972417 2.168899
vt 0.944528 2.418942
vt 0.185055 2.168883
vt 0.203644 2.418892
vt 0.055472 2.418942
vt 0.027584 2.168899
vt 1.011439 1.819030
vt 0.406442 2.668948
vt 0.406442 2.418892
vt 0.556442 2.418892
vt 0.556442 2.668948
vt 0.593558 0.203644
vt 0.443558 0.203644
vt 0.443558 0.055472
vt 0.593558 0.055472
vt 0.185055 2.168883
vt 0.203680 2.668948
vt 0.185086 2.418892
vt 0.337113 2.418892
vt 0.346168 2.668948
vt 0.616716 2.668948
vt 0.625771 2.418892
vt 0.796321 2.668948
vt 0.653832 2.668948
vt 0.662887 2.418892
vt 0.814914 2.418892
vt 0.814945 2.168883
vt 0.814945 2.168883
vt 0.383284 2.668948
vt 0.374229 2.418892
vt 0.185055 2.168883
vt 0.759205 2.668948
vt 0.777798 2.418892
vt 0.240795 2.668948
vt 0.222202 2.418892
vt 0.222202 0.425000
vt 0.222202 0.575000
vt 0.074030 0.575000
vt 0.074030 0.425000
vt 0.814914 0.575000
vt 0.814914 0.425000
vt 0.963086 0.425000
vt 0.963086 0.575000
vt 0.406442 0.814945
vt 0.556442 0.814945
vt 0.556442 0.972417
vt 0.406442 0.972417
vt 0.443558 0.796356
vt 0.593558 0.796356
vt 0.593558 0.944528
vt 0.443558 0.944528
vt 0.796356 2.418892
vt 0.814945 2.168883
vt 0.972417 2.168899
vt 0.944528 2.418942
vt 0.556442 0.185055
vt 0.406442 0.185055
vt 0.406442 0.027584
vt 0.556442 0.027584
vt 0.185055 2.168883
vt 0.203644 2.418892
vt 0.055472 2.418942
vt 0.027584 2.168899
vt 0.166497 0.425000
vt 0.166497 0.575000
vt 0.009026 0.575000
vt 0.009026 0.425000
vt 0.166497 2.168883
vt 0.185086 2.418892
vt 0.036914 2.418942
vt 0.009026 2.168899
vt 0.796388 0.575000
vt 0.796388 0.425000
vt 0.953859 0.425000
vt 0.953859 0.575000
vt 0.203612 2.168883
vt 0.222202 2.418892
vt 0.074030 2.418942
vt 0.046141 2.168899
vn 0.0000 1.0000 -0.0000
vn 0.9929 0.1185 0.0000
vn 0.0000 -1.0000 0.0000
vn 0.9932 0.1165 0.0000
vn 0.0000 0.1185 -0.9929
vn 0.0000 0.1165 -0.9932
vn -0.9932 0.1165 0.0000
vn -0.9929 0.1185 0.0000
vn 0.0000 0.1185 0.9929
vn 0.0000 0.1165 0.9932
vn 0.0000 0.1108 -0.9938
vn 0.0000 -0.0362 0.9993
vn -0.9938 0.1108 -0.0000
vn 0.9938 0.1108 0.0000
vn 0.0000 -0.0742 -0.9972
vn 0.0000 -0.0742 0.9972
vn -0.9972 -0.0742 0.0000
vn 0.0000 0.1108 0.9938
vn 0.9972 -0.0742 0.0000
vn 0.0000 -0.0362 -0.9993
vn 1.0000 0.0000 0.0000
vn -1.0000 0.0000 0.0000
vn 0.0000 0.0000 1.0000
vn 0.0003 -1.0000 0.0000
vn 0.0000 -1.0000 -0.0003
vn 0.0000 -1.0000 0.0003
vn 0.0001 1.0000 0.0000
vn -0.0003 -1.0000 0.0000
vn 0.0000 0.0000 -1.0000
vn -0.0001 1.0000 0.0000
vn 0.0000 1.0000 -0.0001
vn 0.0000 1.0000 0.0001
usemtl sandstone
s 1
f 1048/2294/141 898/2295/141 901/2296/141 1056/2297/141
f 981/2298/142 986/2299/142 1069/2300/142 1054/2301/142
f 909/2302/143 899/2303/143 900/2304/143 913/2305/143
f 912/2306/144 902/2307/144 905/2308/144 911/2309/144
f 1070/2310/145 939/2311/145 936/2312/145 1057/2313/145
f 1049/2314/141 1057/2315/141 936/2316/141 933/2317/141
f 1060/2318/145 935/2319/145 938/2320/145 1072/2321/145
f 1061/2322/145 1073/2323/145 903/2324/145 900/2325/145
f 1070/2326/143 1076/2327/143 940/2328/143 939/2329/143
f 903/2330/141 1073/2331/141 1074/2332/141 902/2333/141
f 1071/2334/145 1056/2335/145 901/2336/145 904/2337/145
f 1076/2338/146 1075/2339/146 937/2340/146 940/2341/146
f 914/2342/141 903/2330/141 902/2333/141 912/2343/141
f 938/2344/141 937/2345/141 1075/2346/141 1072/2347/141
f 1063/2348/144 912/2306/144 911/2309/144 1065/2349/144
f 901/2350/142 910/2351/142 915/2352/142 904/2353/142
f 904/2354/143 915/2355/143 911/2356/143 905/2357/143
f 903/2358/142 914/2359/142 913/2360/142 900/2361/142
f 1067/2362/141 1062/2363/141 983/2364/141 985/2365/141
f 898/2295/141 908/2366/141 910/2367/141 901/2296/141
f 897/2368/141 1045/2369/141 1190/2370/141 907/2371/141
f 1044/2372/141 932/2373/141 942/2374/141 1191/2375/141
f 1107/2376/143 1014/2377/143 1018/2378/143 1110/2379/143
f 934/2380/143 935/2381/143 1060/2382/143 1053/2383/143
f 944/2384/143 948/2385/143 935/2381/143 934/2380/143
f 947/2386/147 946/2387/147 940/2388/147 937/2389/147
f 985/2390/142 984/2391/142 1059/2392/142 1067/2393/142
f 1050/2394/143 1059/2395/143 984/2396/143 980/2397/143
f 1062/2398/144 1064/2399/144 982/2400/144 983/2401/144
f 1113/2402/147 1017/2403/147 1016/2404/147 1115/2405/147
f 1071/2406/143 904/2354/143 905/2357/143 1077/2407/143
f 1019/2408/148 1116/2409/148 1110/2410/148 1018/2411/148
f 949/2412/141 947/2413/141 937/2345/141 938/2344/141
f 1077/2414/146 905/2415/146 902/2416/146 1074/2417/146
f 1020/2418/143 1118/2419/143 1115/2420/143 1016/2421/143
f 936/2422/148 939/2423/148 950/2424/148 945/2425/148
f 939/2329/143 940/2328/143 946/2426/143 950/2427/143
f 938/2428/148 935/2429/148 948/2430/148 949/2431/148
f 1116/2432/141 1019/2433/141 1017/2434/141 1113/2435/141
f 933/2317/141 936/2316/141 945/2436/141 943/2437/141
f 1041/2438/141 1189/2439/141 1184/2440/141 978/2441/141
f 908/2366/141 1047/2442/141 1055/2443/141 910/2367/141
f 980/2397/143 984/2396/143 971/2444/143 970/2445/143
f 983/2401/144 982/2400/144 976/2446/144 973/2447/144
f 1141/2448/149 1136/2449/149 1006/2450/149 1009/2451/149
f 1004/2452/143 1134/2453/143 1139/2454/143 1005/2455/143
f 1132/2456/141 1003/2457/141 1006/2458/141 1136/2459/141
f 1139/2460/149 1143/2461/149 1008/2462/149 1005/2463/149
f 914/2359/142 1066/2464/142 1058/2465/142 913/2360/142
f 915/2355/143 1068/2466/143 1065/2467/143 911/2356/143
f 974/2468/141 973/2469/141 1145/2470/141 1142/2471/141
f 910/2351/142 1055/2472/142 1068/2473/142 915/2352/142
f 1147/2474/150 1010/2475/150 1007/2476/150 1144/2477/150
f 985/2365/141 983/2364/141 973/2469/141 974/2468/141
f 1008/2478/141 1143/2479/141 1144/2480/141 1007/2481/141
f 986/2482/143 982/2483/143 1064/2484/143 1069/2485/143
f 972/2486/142 975/2487/142 986/2299/142 981/2298/142
f 975/2488/143 976/2489/143 982/2483/143 986/2482/143
f 974/2490/142 971/2491/142 984/2391/142 985/2390/142
f 1066/2492/141 914/2342/141 912/2343/141 1063/2493/141
f 1051/2494/143 909/2302/143 913/2305/143 1058/2495/143
f 969/2496/141 972/2497/141 981/2498/141 979/2499/141
f 978/2441/141 1184/2440/141 1130/2500/141 968/2501/141
f 899/2303/143 1052/2502/143 1061/2503/143 900/2304/143
f 1191/2375/141 942/2374/141 1103/2504/141 1187/2505/141
f 1185/2506/141 1012/2507/141 1002/2508/141 1131/2509/141
f 1188/2510/141 1102/2511/141 1012/2507/141 1185/2506/141
f 943/2437/141 945/2436/141 1108/2512/141 1104/2513/141
f 1140/2514/149 975/2515/149 972/2516/149 1137/2517/149
f 1014/2377/143 1004/2452/143 1005/2455/143 1018/2378/143
f 1017/2403/147 1007/2518/147 1010/2519/147 1016/2404/147
f 1138/2520/149 971/2521/149 974/2522/149 1142/2523/149
f 970/2445/143 971/2444/143 1138/2524/143 1135/2525/143
f 1141/2526/143 1009/2527/143 1010/2528/143 1147/2529/143
f 949/2431/148 948/2430/148 1111/2530/148 1117/2531/148
f 950/2427/143 946/2426/143 1114/2532/143 1119/2533/143
f 1140/2534/143 1146/2535/143 976/2489/143 975/2488/143
f 945/2425/148 950/2424/148 1119/2536/148 1108/2537/148
f 1019/2433/141 1008/2478/141 1007/2481/141 1017/2434/141
f 1146/2538/150 1145/2539/150 973/2540/150 976/2541/150
f 1117/2542/141 1112/2543/141 947/2413/141 949/2412/141
f 1006/2544/148 1015/2545/148 1020/2546/148 1009/2547/148
f 1009/2527/143 1020/2418/143 1016/2421/143 1010/2528/143
f 1008/2548/148 1019/2408/148 1018/2411/148 1005/2549/148
f 1112/2550/147 1114/2551/147 946/2387/147 947/2386/147
f 1106/2552/143 1111/2553/143 948/2385/143 944/2384/143
f 1003/2457/141 1013/2554/141 1015/2555/141 1006/2458/141
f 1015/2545/148 1109/2556/148 1118/2557/148 1020/2546/148
f 1133/2558/141 1137/2559/141 972/2497/141 969/2496/141
f 1013/2554/141 1105/2560/141 1109/2561/141 1015/2555/141
f 979/2499/141 981/2498/141 1054/2562/141 1046/2563/141
f 1186/2564/141 1187/2505/141 1188/2510/141 1189/2439/141
f 1046/2563/141 1054/2562/141 1055/2443/141 1047/2442/141
f 1057/2315/141 1049/2314/141 1048/2294/141 1056/2297/141
f 1069/2485/143 1064/2484/143 1065/2467/143 1068/2466/143
f 1059/2395/143 1050/2394/143 1051/2494/143 1058/2495/143
f 1053/2383/143 1060/2382/143 1061/2503/143 1052/2502/143
f 1064/2399/144 1062/2398/144 1063/2348/144 1065/2349/144
f 1075/2339/146 1076/2338/146 1077/2414/146 1074/2417/146
f 1076/2327/143 1070/2326/143 1071/2406/143 1077/2407/143
f 1054/2301/142 1069/2300/142 1068/2473/142 1055/2472/142
f 1060/2318/145 1072/2321/145 1073/2323/145 1061/2322/145
f 1067/2393/142 1059/2392/142 1058/2465/142 1066/2464/142
f 1070/2310/145 1057/2313/145 1056/2335/145 1071/2334/145
f 1062/2363/141 1067/2362/141 1066/2492/141 1063/2493/141
f 1072/2347/141 1075/2346/141 1074/2332/141 1073/2331/141
f 1104/2513/141 1108/2512/141 1109/2561/141 1105/2560/141
f 1119/2533/143 1114/2532/143 1115/2420/143 1118/2419/143
f 1111/2553/143 1106/2552/143 1107/2376/143 1110/2379/143
f 1114/2551/147 1112/2550/147 1113/2402/147 1115/2405/147
f 1108/2537/148 1119/2536/148 1118/2557/148 1109/2556/148
f 1117/2531/148 1111/2530/148 1110/2410/148 1116/2409/148
f 1112/2543/141 1117/2542/141 1116/2432/141 1113/2435/141
f 1137/2559/141 1133/2558/141 1132/2456/141 1136/2459/141
f 1135/2525/143 1138/2524/143 1139/2454/143 1134/2453/143
f 1145/2539/150 1146/2538/150 1147/2474/150 1144/2477/150
f 1146/2535/143 1140/2534/143 1141/2526/143 1147/2529/143
f 1138/2520/149 1142/2523/149 1143/2461/149 1139/2460/149
f 1140/2514/149 1137/2517/149 1136/2449/149 1141/2448/149
f 1142/2471/141 1145/2470/141 1144/2480/141 1143/2479/141
f 1185/2506/141 1131/2509/141 1130/2500/141 1184/2440/141
f 1040/2565/141 1186/2564/141 1189/2439/141 1041/2438/141
f 1188/2510/141 1185/2506/141 1184/2440/141 1189/2439/141
f 1187/2505/141 1103/2504/141 1102/2511/141 1188/2510/141
f 1191/2375/141 1187/2505/141 1186/2564/141 1190/2370/141
f 1044/2372/141 1191/2375/141 1190/2370/141 1045/2369/141
f 907/2371/141 1190/2370/141 1186/2564/141 1040/2565/141
usemtl sandstone_bricks
f 1045/2566/151 1202/2567/151 1201/2568/151 1044/2569/151
f 923/2570/152 906/2571/152 917/2572/152 926/2573/152
f 1002/2574/153 1012/2575/153 1209/2576/153 1210/2577/153
f 1096/2578/151 963/2579/151 934/2580/151 1053/2581/151
f 909/2582/154 1051/2583/154 1095/2584/154 928/2585/154
f 897/2586/154 907/2587/154 1221/2588/154 1222/2589/154
f 916/2590/154 917/2591/154 906/2592/154 896/2593/154
f 927/2594/154 928/2585/154 917/2591/154 916/2590/154
f 953/2595/143 918/2596/143 1169/2597/143 1088/2598/143
f 990/2599/155 991/2600/155 1155/2601/155 1152/2602/155
f 1101/2603/156 1087/2604/156 957/2605/156 966/2606/156
f 924/2607/157 925/2608/157 1091/2609/157 1082/2610/157
f 1240/2611/157 1252/2612/157 1083/2613/157 994/2614/157
f 921/2615/157 930/2616/157 929/2617/157 925/2608/157
f 994/2614/157 1083/2613/157 1090/2618/157 995/2619/157
f 956/2620/156 957/2605/156 1087/2604/156 1085/2621/156
f 930/2616/157 922/2622/157 926/2623/157 929/2617/157
f 922/2622/157 919/2624/157 923/2625/157 926/2623/157
f 980/2626/154 998/2627/154 1094/2628/154 1050/2629/154
f 899/2630/154 909/2582/154 928/2585/154 927/2594/154
f 1081/2631/156 1093/2632/156 958/2633/156 954/2634/156
f 1095/2635/143 1098/2636/143 929/2637/143 928/2638/143
f 1093/2632/156 1101/2603/156 966/2606/156 958/2633/156
f 920/2639/157 921/2615/157 925/2608/157 924/2607/157
f 917/2572/152 928/2640/152 929/2641/152 926/2573/152
f 1094/2642/143 998/2643/143 999/2644/143 1099/2645/143
f 1129/2646/158 1149/2647/158 1021/2648/158 1001/2649/158
f 1012/2575/153 1102/2650/153 1196/2651/153 1209/2576/153
f 1097/2652/151 1052/2653/151 899/2654/151 927/2655/151
f 1241/2656/159 1028/2657/159 1120/2658/159 1245/2659/159
f 1078/2660/151 951/2661/151 963/2579/151 1096/2578/151
f 944/2662/153 964/2663/153 1125/2664/153 1106/2665/153
f 932/2666/153 1219/2667/153 1216/2668/153 942/2669/153
f 951/2670/153 931/2671/153 941/2672/153 952/2673/153
f 963/2674/153 951/2670/153 952/2673/153 964/2663/153
f 1043/2675/151 1079/2676/151 916/2677/151 896/2678/151
f 1251/2679/157 920/2639/157 924/2607/157 1242/2680/157
f 1250/2681/159 1243/2682/159 960/2683/159 956/2684/159
f 1089/2685/143 1168/2686/143 1039/2687/143 1038/2688/143
f 960/2683/159 1121/2689/159 1122/2690/159 961/2691/159
f 1080/2692/156 919/2693/156 922/2694/156 1092/2695/156
f 957/2696/159 961/2691/159 965/2697/159 966/2698/159
f 1028/2657/159 1029/2699/159 1123/2700/159 1120/2658/159
f 1238/2701/156 1089/2702/156 1038/2703/156 1226/2704/156
f 966/2698/159 965/2697/159 962/2705/159 958/2706/159
f 958/2706/159 962/2705/159 959/2707/159 954/2708/159
f 1014/2709/153 1107/2710/153 1124/2711/153 1032/2712/153
f 934/2713/153 963/2674/153 964/2663/153 944/2662/153
f 1079/2676/151 1097/2652/151 927/2655/151 916/2677/151
f 1092/2695/156 922/2694/156 930/2714/156 1100/2715/156
f 1022/2716/153 1032/2712/153 1124/2711/153 1175/2717/153
f 956/2684/159 960/2683/159 961/2691/159 957/2696/159
f 1011/2718/153 1022/2716/153 1175/2717/153 1176/2719/153
f 1192/2720/158 1214/2721/158 968/2722/158 1130/2723/158
f 1198/2724/153 1104/2725/153 1105/2726/153 1197/2727/153
f 993/2728/160 996/2729/160 988/2730/160 977/2731/160
f 1161/2732/158 1134/2733/158 1004/2734/158 1031/2735/158
f 968/2736/154 1214/2737/154 1213/2738/154 978/2739/154
f 987/2740/154 967/2741/154 977/2742/154 988/2743/154
f 997/2744/154 987/2740/154 988/2743/154 998/2627/154
f 1168/2686/143 1164/2745/143 1181/2746/143 1039/2687/143
f 1162/2747/155 1034/2748/155 1025/2749/155 1154/2750/155
f 1242/2680/157 924/2607/157 1082/2610/157 1244/2751/157
f 1237/2752/155 1224/2753/155 1035/2754/155 1179/2755/155
f 991/2756/157 995/2619/157 999/2757/157 1000/2758/157
f 1239/2759/156 1231/2760/156 953/2761/156 1088/2762/156
f 1024/2763/155 1153/2764/155 1154/2750/155 1025/2749/155
f 1000/2758/157 999/2757/157 996/2765/157 992/2766/157
f 992/2766/157 996/2765/157 993/2767/157 989/2768/157
f 1249/2769/157 1240/2611/157 994/2614/157 990/2770/157
f 970/2771/154 997/2744/154 998/2627/154 980/2626/154
f 1150/2772/155 1023/2773/155 1026/2774/155 1156/2775/155
f 1036/2776/143 1037/2777/143 1178/2778/143 1159/2779/143
f 925/2608/157 929/2617/157 1098/2780/157 1091/2609/157
f 990/2770/157 994/2614/157 995/2619/157 991/2756/157
f 988/2730/160 996/2729/160 999/2781/160 998/2782/160
f 962/2705/159 965/2697/159 1127/2783/159 1171/2784/159
f 1160/2785/158 997/2786/158 970/2787/158 1135/2788/158
f 1149/2647/158 1161/2732/158 1031/2735/158 1021/2648/158
f 1033/2789/159 1030/2790/159 1170/2791/159 1126/2792/159
f 1215/2793/154 969/2794/154 979/2795/154 1212/2796/154
f 1021/2797/153 1022/2716/153 1011/2718/153 1001/2798/153
f 1031/2799/153 1032/2712/153 1022/2716/153 1021/2797/153
f 1128/2800/158 967/2801/158 987/2802/158 1148/2803/158
f 1182/2804/143 1036/2776/143 1159/2779/143 1166/2805/143
f 1156/2775/155 1026/2774/155 1034/2748/155 1162/2747/155
f 1243/2682/159 1253/2806/159 1121/2689/159 960/2683/159
f 1151/2807/155 1157/2808/155 992/2809/155 989/2810/155
f 1025/2811/159 1034/2812/159 1033/2789/159 1029/2699/159
f 1029/2699/159 1033/2789/159 1126/2792/159 1123/2700/159
f 1163/2813/155 1155/2601/155 991/2600/155 1000/2814/155
f 1034/2812/159 1026/2815/159 1030/2790/159 1033/2789/159
f 1026/2815/159 1023/2816/159 1027/2817/159 1030/2790/159
f 1248/2818/159 1024/2819/159 1028/2657/159 1241/2656/159
f 1030/2790/159 1027/2817/159 1173/2820/159 1170/2791/159
f 1004/2821/153 1014/2709/153 1032/2712/153 1031/2799/153
f 1148/2803/158 987/2802/158 997/2786/158 1160/2785/158
f 1157/2808/155 1163/2813/155 1000/2814/155 992/2809/155
f 961/2691/159 1122/2690/159 1127/2783/159 965/2697/159
f 1024/2819/159 1025/2811/159 1029/2699/159 1028/2657/159
f 941/2672/153 1177/2822/153 1174/2823/153 952/2673/153
f 952/2673/153 1174/2823/153 1125/2664/153 964/2663/153
f 1167/2824/143 1158/2825/143 955/2826/143 1180/2827/143
f 918/2596/143 1183/2828/143 1165/2829/143 1169/2597/143
f 1236/2830/155 1178/2831/155 1037/2832/155 1225/2833/155
f 995/2619/157 1090/2618/157 1099/2834/157 999/2757/157
f 1100/2715/156 930/2714/156 921/2835/156 1086/2836/156
f 959/2707/159 962/2705/159 1171/2784/159 1172/2837/159
f 1158/2825/143 1179/2838/143 1035/2839/143 955/2826/143
f 920/2840/156 1084/2841/156 1086/2836/156 921/2835/156
f 1194/2842/158 1132/2843/158 1133/2844/158 1193/2845/158
f 1042/2846/151 931/2847/151 951/2661/151 1078/2660/151
f 907/2587/154 1040/2848/154 1204/2849/154 1221/2588/154
f 1049/2850/151 933/2851/151 1218/2852/151 1200/2853/151
f 1048/2854/151 1203/2855/151 1223/2856/151 898/2857/151
f 1164/2745/143 1165/2829/143 1166/2805/143 1167/2824/143
f 1079/2676/151 1043/2675/151 1042/2846/151 1078/2660/151
f 1041/2858/154 1207/2859/154 1204/2849/154 1040/2848/154
f 1201/2568/151 1219/2860/151 932/2861/151 1044/2569/151
f 1097/2652/151 1079/2676/151 1078/2660/151 1096/2578/151
f 1093/2632/156 1081/2631/156 1080/2692/156 1092/2695/156
f 1167/2824/143 1180/2827/143 1181/2746/143 1164/2745/143
f 1101/2603/156 1093/2632/156 1092/2695/156 1100/2715/156
f 1091/2609/157 1098/2780/157 1099/2834/157 1090/2618/157
f 1087/2604/156 1101/2603/156 1100/2715/156 1086/2836/156
f 1159/2779/143 1178/2778/143 1179/2838/143 1158/2825/143
f 1050/2629/154 1094/2628/154 1095/2584/154 1051/2583/154
f 1052/2653/151 1097/2652/151 1096/2578/151 1053/2581/151
f 1085/2621/156 1087/2604/156 1086/2836/156 1084/2841/156
f 1094/2642/143 1099/2645/143 1098/2636/143 1095/2635/143
f 1103/2862/153 1199/2863/153 1196/2651/153 1102/2650/153
f 1232/2864/157 1182/2865/157 1183/2866/157 1233/2867/157
f 1245/2659/159 1120/2658/159 1121/2689/159 1253/2806/159
f 1123/2700/159 1126/2792/159 1127/2783/159 1122/2690/159
f 1125/2664/153 1174/2823/153 1175/2717/153 1124/2711/153
f 1106/2665/153 1125/2664/153 1124/2711/153 1107/2710/153
f 1120/2658/159 1123/2700/159 1122/2690/159 1121/2689/159
f 1149/2647/158 1129/2646/158 1128/2800/158 1148/2803/158
f 1132/2843/158 1194/2842/158 1211/2868/158 1003/2869/158
f 1161/2732/158 1149/2647/158 1148/2803/158 1160/2785/158
f 1157/2808/155 1151/2807/155 1150/2772/155 1156/2775/155
f 1182/2804/143 1166/2805/143 1165/2829/143 1183/2828/143
f 1246/2870/155 1152/2602/155 1153/2764/155 1254/2871/155
f 1166/2805/143 1159/2779/143 1158/2825/143 1167/2824/143
f 1163/2813/155 1157/2808/155 1156/2775/155 1162/2747/155
f 1155/2601/155 1163/2813/155 1162/2747/155 1154/2750/155
f 1134/2733/158 1161/2732/158 1160/2785/158 1135/2788/158
f 1152/2602/155 1155/2601/155 1154/2750/155 1153/2764/155
f 1169/2597/143 1165/2829/143 1164/2745/143 1168/2686/143
f 1126/2792/159 1170/2791/159 1171/2784/159 1127/2783/159
f 1170/2791/159 1173/2820/159 1172/2837/159 1171/2784/159
f 1174/2823/153 1177/2822/153 1176/2719/153 1175/2717/153
f 1247/2872/156 1085/2621/156 1084/2841/156 1255/2873/156
f 1088/2598/143 1169/2597/143 1168/2686/143 1089/2685/143
f 1082/2610/157 1091/2609/157 1090/2618/157 1083/2613/157
f 1208/2874/153 1197/2727/153 1105/2726/153 1013/2875/153
f 1202/2567/151 1045/2566/151 897/2876/151 1222/2877/151
f 1220/2878/154 1205/2879/154 1047/2880/154 908/2881/154
f 1206/2882/154 1046/2883/154 1047/2880/154 1205/2879/154
f 1217/2884/153 943/2885/153 1104/2725/153 1198/2724/153
f 978/2739/154 1213/2738/154 1207/2859/154 1041/2858/154
f 1131/2886/158 1195/2887/158 1192/2720/158 1130/2723/158
f 1211/2888/153 1208/2874/153 1013/2875/153 1003/2889/153
f 1218/2890/153 933/2891/153 943/2885/153 1217/2884/153
f 1195/2887/158 1131/2886/158 1002/2892/158 1210/2893/158
f 1223/2894/154 1220/2878/154 908/2881/154 898/2895/154
f 942/2669/153 1216/2668/153 1199/2863/153 1103/2862/153
f 1212/2796/154 979/2795/154 1046/2883/154 1206/2882/154
f 1203/2855/151 1048/2854/151 1049/2850/151 1200/2853/151
f 1195/2887/158 1210/2893/158 1211/2868/158 1194/2842/158
f 1238/2896/161 1247/2897/161 1200/2898/161 1201/2899/161
f 1215/2793/154 1212/2796/154 1213/2738/154 1214/2737/154
f 1219/2860/151 1201/2568/151 1200/2853/151 1218/2852/151
f 1212/2796/154 1206/2882/154 1207/2859/154 1213/2738/154
f 1197/2727/153 1208/2874/153 1209/2576/153 1196/2651/153
f 1208/2874/153 1211/2888/153 1210/2577/153 1209/2576/153
f 1214/2721/158 1192/2720/158 1193/2845/158 1215/2900/158
f 1205/2879/154 1220/2878/154 1221/2588/154 1204/2849/154
f 1236/2901/162 1246/2902/162 1193/2903/162 1192/2904/162
f 1217/2884/153 1198/2724/153 1199/2863/153 1216/2668/153
f 1202/2567/151 1222/2877/151 1223/2856/151 1203/2855/151
f 1233/2905/163 1244/2906/163 1205/2907/163 1204/2908/163
f 1253/2909/163 1235/2910/163 1199/2911/163 1198/2912/163
f 1220/2878/154 1223/2894/154 1222/2589/154 1221/2588/154
f 1218/2890/153 1217/2884/153 1216/2668/153 1219/2667/153
f 1133/2844/158 969/2913/158 1215/2900/158 1193/2845/158
f 1089/2702/156 1238/2701/156 1239/2759/156 1088/2762/156
f 1178/2831/155 1236/2830/155 1237/2752/155 1179/2755/155
f 1180/2914/159 1234/2915/159 1235/2916/159 1181/2917/159
f 1232/2918/164 1233/2919/164 1204/2920/164 1207/2921/164
f 1246/2870/155 1236/2830/155 1225/2833/155 1249/2922/155
f 1035/2923/159 1224/2924/159 1228/2925/159 955/2926/159
f 1039/2927/159 1181/2917/159 1235/2916/159 1230/2928/159
f 1037/2929/157 1036/2930/157 1227/2931/157 1225/2932/157
f 1255/2873/156 1251/2933/156 1231/2760/156 1239/2759/156
f 1254/2871/155 1248/2934/155 1224/2753/155 1237/2752/155
f 918/2935/157 1229/2936/157 1233/2867/157 1183/2866/157
f 1247/2872/156 1238/2701/156 1226/2704/156 1250/2937/156
f 1038/2938/159 1039/2927/159 1230/2928/159 1226/2939/159
f 953/2940/157 1231/2941/157 1229/2936/157 918/2935/157
f 955/2926/159 1228/2925/159 1234/2915/159 1180/2914/159
f 1036/2930/157 1182/2865/157 1232/2864/157 1227/2931/157
f 1085/2621/156 1247/2872/156 1250/2937/156 956/2620/156
f 1153/2764/155 1024/2763/155 1248/2934/155 1254/2871/155
f 1084/2841/156 920/2840/156 1251/2933/156 1255/2873/156
f 1152/2602/155 1246/2870/155 1249/2922/155 990/2599/155
f 1083/2613/157 1252/2612/157 1244/2751/157 1082/2610/157
f 1239/2942/165 1238/2943/165 1201/2944/165 1202/2945/165
f 1237/2946/166 1236/2947/166 1192/2948/166 1195/2949/166
f 1245/2950/167 1253/2951/167 1198/2952/167 1197/2953/167
f 1224/2924/159 1248/2818/159 1241/2656/159 1228/2925/159
f 1230/2928/159 1235/2916/159 1253/2806/159 1243/2682/159
f 1225/2932/157 1227/2931/157 1240/2611/157 1249/2769/157
f 1229/2936/157 1242/2680/157 1244/2751/157 1233/2867/157
f 1226/2939/159 1230/2928/159 1243/2682/159 1250/2681/159
f 1231/2941/157 1251/2679/157 1242/2680/157 1229/2936/157
f 1228/2925/159 1241/2656/159 1245/2659/159 1234/2915/159
f 1227/2931/157 1232/2864/157 1252/2612/157 1240/2611/157
f 1235/2954/168 1234/2955/168 1196/2956/168 1199/2957/168
f 1234/2958/169 1245/2959/169 1197/2960/169 1196/2961/169
f 1244/2962/170 1252/2963/170 1206/2964/170 1205/2965/170
f 1252/2966/169 1232/2967/169 1207/2968/169 1206/2969/169
f 1246/2970/171 1254/2971/171 1194/2972/171 1193/2973/171
f 1254/2974/161 1237/2975/161 1195/2976/161 1194/2977/161
f 1247/2978/172 1255/2979/172 1203/2980/172 1200/2981/172
f 1255/2982/162 1239/2983/162 1202/2984/162 1203/2985/162
o Cube.249_Cube.309
v 6.244526 5.250000 -6.244526
v 6.244526 5.250000 -1.703525
v 3.755473 5.250000 -1.703525
v 3.755473 5.250000 -3.755473
v 6.244526 5.250000 1.703525
v 6.244526 5.250000 6.244526
v 3.755473 5.250000 3.755473
v 3.755473 5.250000 1.703525
v -6.244526 5.250000 -6.244526
v -3.755473 5.250000 -3.755473
v -6.244526 5.250000 6.244526
v -3.755473 5.250000 3.755473
v 6.244526 5.432389 -6.244526
v 6.244526 5.432389 -1.703525
v 3.755473 5.432389 -1.703525
v 3.755473 5.432389 -3.755473
v 6.244526 5.432389 1.703525
v 6.244526 5.432389 6.244526
v 3.755473 5.432389 3.755473
v 3.755473 5.432389 1.703525
v -6.244526 5.432389 -6.244526
v -3.755473 5.432389 -3.755473
v -6.244526 5.432389 6.244526
v -3.755473 5.432389 3.755473
vt -0.143010 1.124453
vt 0.105895 0.875547
vt 0.856990 0.875547
vt 1.105895 1.124453
vt 1.105895 -0.124453
vt 0.856990 0.124453
vt 0.651795 0.124453
vt 0.651795 -0.124453
vt -0.143010 -0.124453
vt 0.105895 0.124453
vt 0.875547 1.025000
vt 1.124453 1.025000
vt 1.124453 1.043239
vt 0.875547 1.043239
vt -0.124453 1.025000
vt 1.124453 1.025000
vt 1.124453 1.043239
vt -0.124453 1.043239
vt 0.124453 1.025000
vt 0.875547 1.025000
vt 0.875547 1.043239
vt 0.124453 1.043239
vt -0.143010 1.025000
vt 0.311090 1.025000
vt 0.311090 1.043239
vt -0.143010 1.043239
vt 0.688910 1.025000
vt 0.894105 1.025000
vt 0.894105 1.043239
vt 0.688910 1.043239
vt -0.124453 1.025000
vt 1.124453 1.025000
vt 1.124453 1.043239
vt -0.124453 1.043239
vt -0.124453 1.025000
vt 0.124453 1.025000
vt 0.124453 1.043239
vt -0.124453 1.043239
vt 0.124453 1.025000
vt 0.875547 1.025000
vt 0.875547 1.043239
vt 0.124453 1.043239
vt 0.651795 1.025000
vt 1.105895 1.025000
vt 1.105895 1.043239
vt 0.651795 1.043239
vt 0.105895 1.025000
vt 0.856990 1.025000
vt 0.856990 1.043239
vt 0.105895 1.043239
vt 0.143010 1.025000
vt 0.348205 1.025000
vt 0.348205 1.043239
vt 0.143010 1.043239
vt -0.105895 1.025000
vt 1.143010 1.025000
vt 1.143010 1.043239
vt -0.105895 1.043239
vt 0.311090 0.124453
vt 0.311090 -0.124453
vn 0.0000 1.0000 0.0000
vn 0.0000 0.0000 1.0000
vn 0.0000 0.0000 -1.0000
vn 1.0000 0.0000 0.0000
vn -1.0000 0.0000 0.0000
usemtl sandstone
s 1
f 1278/2986/173 1279/2987/173 1277/2988/173 1276/2989/173
f 1268/2990/173 1271/2991/173 1270/2992/173 1269/2993/173
f 1279/2987/173 1278/2986/173 1273/2994/173 1274/2995/173
f 1268/2990/173 1276/2989/173 1277/2988/173 1271/2991/173
f 1258/2996/174 1257/2997/174 1269/2998/174 1270/2999/174
f 1256/3000/175 1264/3001/175 1276/3002/175 1268/3003/175
f 1265/3004/174 1259/3005/174 1271/3006/174 1277/3007/174
f 1261/3008/176 1260/3009/176 1272/3010/176 1273/3011/176
f 1263/3012/177 1262/3013/177 1274/3014/177 1275/3015/177
f 1266/3016/174 1261/3017/174 1273/3018/174 1278/3019/174
f 1260/3020/175 1263/3021/175 1275/3022/175 1272/3023/175
f 1262/3024/175 1267/3025/175 1279/3026/175 1274/3027/175
f 1257/3028/176 1256/3029/176 1268/3030/176 1269/3031/176
f 1267/3032/176 1265/3033/176 1277/3034/176 1279/3035/176
f 1259/3036/177 1258/3037/177 1270/3038/177 1271/3039/177
f 1264/3040/177 1266/3041/177 1278/3042/177 1276/3043/177
f 1275/3044/173 1274/2995/173 1273/2994/173 1272/3045/173
o Cube.250_Cube.310
v 4.526651 19.763508 -1.357722
v 4.933587 16.114964 -1.357722
v 4.882001 16.577484 0.864961
v 4.526651 19.763508 1.357722
v 2.804323 19.300440 0.864961
v 2.804323 19.300440 -0.864961
v 3.006805 16.577307 -0.864961
v 3.041314 16.113201 1.357722
v 4.933587 16.114964 1.357722
v 4.578238 19.300989 0.864961
v 4.578238 19.300989 -0.864961
v 4.882001 16.577484 -0.864961
v 3.006805 16.577307 0.864961
v 2.769814 19.764545 1.357722
v 2.769814 19.764545 -1.357722
v 3.041314 16.113201 -1.357722
v 4.330788 19.500179 -1.043143
v 4.678996 16.378189 -1.043143
v 4.634854 16.773956 0.664553
v 4.330788 19.500179 1.043143
v 3.053934 19.103941 0.664553
v 3.053934 19.103941 -0.664553
v 3.227193 16.773806 -0.664553
v 3.256722 16.376678 1.043143
v 4.678996 16.378189 1.043143
v 4.374930 19.104410 0.664553
v 4.374930 19.104410 -0.664553
v 4.634854 16.773956 -0.664553
v 3.227193 16.773806 0.664553
v 3.024405 19.501068 1.043143
v 3.024405 19.501068 -1.043143
v 3.256722 16.376678 -1.043143
v -1.357721 19.763508 4.526650
v -1.357721 16.114964 4.933587
v 0.864962 16.577484 4.882000
v 1.357722 19.763508 4.526650
v 0.864962 19.300440 2.804323
v -0.864961 19.300440 2.804323
v -0.864961 16.577307 3.006805
v 1.357722 16.113201 3.041313
v 1.357722 16.114964 4.933587
v 0.864962 19.300989 4.578237
v -0.864960 19.300989 4.578237
v -0.864960 16.577484 4.882000
v 0.864962 16.577307 3.006804
v 1.357722 19.764545 2.769814
v -1.357721 19.764545 2.769814
v -1.357721 16.113201 3.041314
v -1.043142 19.500179 4.330788
v -1.043142 16.378189 4.678995
v 0.664554 16.773956 4.634854
v 1.043143 19.500179 4.330788
v 0.664554 19.103941 3.053934
v -0.664553 19.103941 3.053934
v -0.664553 16.773806 3.227193
v 1.043143 16.376678 3.256722
v 1.043143 16.378189 4.678995
v 0.664554 19.104410 4.374929
v -0.664552 19.104410 4.374929
v -0.664552 16.773956 4.634854
v 0.664554 16.773806 3.227193
v 1.043143 19.501068 3.024405
v -1.043142 19.501068 3.024405
v -1.043142 16.376678 3.256722
v 1.357721 19.763508 -4.526650
v 1.357721 16.114964 -4.933587
v -0.864962 16.577484 -4.882000
v -1.357722 19.763508 -4.526650
v -0.864962 19.300440 -2.804323
v 0.864961 19.300440 -2.804323
v 0.864961 16.577307 -3.006805
v -1.357722 16.113201 -3.041313
v -1.357722 16.114964 -4.933587
v -0.864962 19.300989 -4.578237
v 0.864960 19.300989 -4.578237
v 0.864960 16.577484 -4.882000
v -0.864962 16.577307 -3.006804
v -1.357722 19.764545 -2.769814
v 1.357721 19.764545 -2.769814
v 1.357721 16.113201 -3.041314
v 1.043142 19.500179 -4.330788
v 1.043142 16.378189 -4.678995
v -0.664554 16.773956 -4.634854
v -1.043143 19.500179 -4.330788
v -0.664554 19.103941 -3.053934
v 0.664553 19.103941 -3.053934
v 0.664553 16.773806 -3.227193
v -1.043143 16.376678 -3.256722
v -1.043143 16.378189 -4.678995
v -0.664554 19.104410 -4.374929
v 0.664552 19.104410 -4.374929
v 0.664552 16.773956 -4.634854
v -0.664554 16.773806 -3.227193
v -1.043143 19.501068 -3.024405
v 1.043142 19.501068 -3.024405
v 1.043142 16.376678 -3.256722
v -4.526650 19.763508 1.357721
v -4.933586 16.114964 1.357721
v -4.882000 16.577484 -0.864961
v -4.526650 19.763508 -1.357721
v -2.804323 19.300440 -0.864961
v -2.804323 19.300440 0.864961
v -3.006804 16.577307 0.864961
v -3.041313 16.113201 -1.357721
v -4.933586 16.114964 -1.357721
v -4.578237 19.300989 -0.864961
v -4.578237 19.300989 0.864961
v -4.882000 16.577484 0.864961
v -3.006804 16.577307 -0.864961
v -2.769814 19.764545 -1.357721
v -2.769814 19.764545 1.357721
v -3.041313 16.113201 1.357721
v -4.330787 19.500179 1.043143
v -4.678995 16.378189 1.043143
v -4.634853 16.773956 -0.664553
v -4.330787 19.500179 -1.043143
v -3.053934 19.103941 -0.664553
v -3.053934 19.103941 0.664553
v -3.227193 16.773806 0.664553
v -3.256722 16.376678 -1.043143
v -4.678995 16.378189 -1.043143
v -4.374929 19.104410 -0.664553
v -4.374929 19.104410 0.664553
v -4.634853 16.773956 0.664553
v -3.227193 16.773806 -0.664553
v -3.024405 19.501068 -1.043143
v -3.024405 19.501068 1.043143
v -3.256722 16.376678 1.043143
vt 0.780432 2.430044
vt 0.800681 2.157731
vt 0.988200 2.157748
vt 0.957824 2.430099
vt 0.605054 0.219567
vt 0.432062 0.219567
vt 0.432062 0.042176
vt 0.605054 0.042176
vt 0.567938 0.199320
vt 0.394946 0.199320
vt 0.394946 0.011800
vt 0.567938 0.011800
vt 0.199320 2.157731
vt 0.219568 2.430044
vt 0.042176 2.430099
vt 0.011800 2.157748
vt 0.345670 2.476351
vt 0.345670 2.111496
vt 0.394946 2.157748
vt 0.394946 2.430099
vt 0.617214 2.111496
vt 0.617214 2.476351
vt 0.567938 2.430099
vt 0.567938 2.157748
vt 0.654330 2.111320
vt 0.654330 2.476455
vt 0.605054 2.430044
vt 0.605054 2.157731
vt 0.382786 2.476455
vt 0.432062 2.430044
vt 0.382786 2.111320
vt 0.432062 2.157731
vt 0.805393 2.410394
vt 0.822719 2.177381
vt 0.963485 2.177396
vt 0.937493 2.410441
vt 0.585013 0.194606
vt 0.452102 0.194606
vt 0.452102 0.062507
vt 0.585013 0.062507
vt 0.547898 0.177281
vt 0.414987 0.177281
vt 0.414987 0.036515
vt 0.547898 0.036515
vt 0.177281 2.177381
vt 0.194607 2.410394
vt 0.062507 2.410441
vt 0.036515 2.177396
vt 0.377128 2.450018
vt 0.377128 2.137819
vt 0.414987 2.177396
vt 0.414987 2.410441
vt 0.585756 2.137819
vt 0.585756 2.450018
vt 0.547898 2.410441
vt 0.547898 2.177396
vt 0.622872 2.137668
vt 0.622872 2.450107
vt 0.585013 2.410394
vt 0.585013 2.177381
vt 0.414244 2.450107
vt 0.452103 2.410394
vt 0.414244 2.137668
vt 0.452103 2.177381
vt 0.952665 2.476351
vt 0.776981 2.476455
vt 0.804131 2.111320
vt 0.993359 2.111496
vt 0.617214 0.047335
vt 0.617214 0.223019
vt 0.345670 0.223019
vt 0.345670 0.047335
vt 0.006641 2.111496
vt 0.195869 2.111320
vt 0.223019 2.476455
vt 0.047335 2.476351
vt 0.382786 0.006641
vt 0.654330 0.006641
vt 0.654330 0.195868
vt 0.382786 0.195868
vt 0.201010 2.430044
vt 0.023619 2.430099
vt -0.006758 2.157748
vt 0.180762 2.157731
vt 0.798990 0.413504
vt 0.976381 0.413504
vt 0.976381 0.586496
vt 0.798990 0.586496
vt 0.180762 0.586496
vt -0.006758 0.586496
vt -0.006758 0.413504
vt 0.180762 0.413504
vt 0.819238 2.157731
vt 1.006758 2.157748
vt 0.976382 2.430099
vt 0.798990 2.430044
vt 0.635772 2.476351
vt 0.586496 2.430099
vt 0.586496 2.157748
vt 0.635772 2.111496
vt 0.364228 2.111496
vt 0.413504 2.157748
vt 0.413504 2.430099
vt 0.364228 2.476351
vt 0.364228 2.111320
vt 0.413504 2.157731
vt 0.413504 2.430044
vt 0.364228 2.476455
vt 0.586496 2.430044
vt 0.635772 2.476455
vt 0.586496 2.157731
vt 0.635772 2.111320
vt 0.176049 2.410394
vt 0.043949 2.410441
vt 0.017957 2.177396
vt 0.158723 2.177381
vt 0.823951 0.433544
vt 0.956051 0.433544
vt 0.956051 0.566455
vt 0.823951 0.566455
vt 0.158723 0.566455
vt 0.017957 0.566455
vt 0.017957 0.433545
vt 0.158723 0.433545
vt 0.841277 2.177381
vt 0.982043 2.177396
vt 0.956051 2.410441
vt 0.823951 2.410394
vt 0.604314 2.450018
vt 0.566455 2.410441
vt 0.566455 2.177396
vt 0.604314 2.137819
vt 0.395686 2.137819
vt 0.433545 2.177396
vt 0.433545 2.410441
vt 0.395686 2.450018
vt 0.395686 2.137668
vt 0.433545 2.177381
vt 0.433545 2.410394
vt 0.395686 2.450107
vt 0.566455 2.410394
vt 0.604314 2.450107
vt 0.566455 2.177381
vt 0.604314 2.137668
vt 0.028777 2.476351
vt -0.011916 2.111496
vt 0.177311 2.111320
vt 0.204461 2.476455
vt 0.028777 0.635772
vt 0.028777 0.364228
vt 0.204461 0.364228
vt 0.204461 0.635772
vt 1.011917 2.111496
vt 0.971223 2.476351
vt 0.795539 2.476455
vt 0.822689 2.111320
vt 1.011916 0.635772
vt 0.822689 0.635772
vt 0.822689 0.364228
vt 1.011916 0.364228
vt 0.238126 2.430044
vt 0.060734 2.430099
vt 0.030358 2.157748
vt 0.217877 2.157731
vt 0.238125 0.586496
vt 0.060734 0.586496
vt 0.060734 0.413504
vt 0.238125 0.413504
vt 0.782123 0.413504
vt 0.969642 0.413504
vt 0.969642 0.586496
vt 0.782123 0.586496
vt 0.782123 2.157731
vt 0.969642 2.157748
vt 0.939266 2.430099
vt 0.761875 2.430044
vt 0.635772 2.476351
vt 0.586496 2.430099
vt 0.586496 2.157748
vt 0.635772 2.111496
vt 0.364228 2.111496
vt 0.413504 2.157748
vt 0.413504 2.430099
vt 0.364228 2.476351
vt 0.364228 2.111320
vt 0.413504 2.157731
vt 0.413504 2.430044
vt 0.364228 2.476455
vt 0.586496 2.430044
vt 0.635772 2.476455
vt 0.586496 2.157731
vt 0.635772 2.111320
vt 0.213165 2.410394
vt 0.081065 2.410441
vt 0.055072 2.177396
vt 0.195839 2.177381
vt 0.213164 0.566455
vt 0.081065 0.566455
vt 0.081065 0.433545
vt 0.213164 0.433545
vt 0.804162 0.433545
vt 0.944928 0.433545
vt 0.944928 0.566455
vt 0.804162 0.566455
vt 0.804162 2.177381
vt 0.944928 2.177396
vt 0.918935 2.410441
vt 0.786836 2.410394
vt 0.604314 2.450018
vt 0.566455 2.410441
vt 0.566455 2.177396
vt 0.604314 2.137819
vt 0.395686 2.137819
vt 0.433545 2.177396
vt 0.433545 2.410441
vt 0.395686 2.450018
vt 0.395686 2.137668
vt 0.433545 2.177381
vt 0.433545 2.410394
vt 0.395686 2.450107
vt 0.566455 2.410394
vt 0.604314 2.450107
vt 0.566455 2.177381
vt 0.604314 2.137668
vt 0.065893 2.476351
vt 0.025199 2.111496
vt 0.214427 2.111320
vt 0.241576 2.476455
vt 0.934107 0.364228
vt 0.934107 0.635772
vt 0.758424 0.635772
vt 0.758424 0.364228
vt 0.974801 2.111496
vt 0.934107 2.476351
vt 0.758424 2.476455
vt 0.785574 2.111320
vt 0.025199 0.364228
vt 0.214426 0.364228
vt 0.214426 0.635772
vt 0.025199 0.635772
vt 0.780432 2.430044
vt 0.800680 2.157731
vt 0.988200 2.157748
vt 0.957824 2.430099
vt 0.432062 0.780432
vt 0.605054 0.780432
vt 0.605054 0.957824
vt 0.432062 0.957824
vt 0.394946 0.800680
vt 0.567938 0.800680
vt 0.567938 0.988200
vt 0.394946 0.988200
vt 0.199320 2.157731
vt 0.219568 2.430044
vt 0.042176 2.430099
vt 0.011800 2.157748
vt 0.382786 2.476351
vt 0.382786 2.111496
vt 0.432062 2.157748
vt 0.432062 2.430099
vt 0.654330 2.111496
vt 0.654330 2.476351
vt 0.605054 2.430099
vt 0.605054 2.157748
vt 0.617214 2.111320
vt 0.617214 2.476455
vt 0.567938 2.430044
vt 0.567938 2.157731
vt 0.345670 2.476455
vt 0.394946 2.430044
vt 0.345670 2.111320
vt 0.394946 2.157731
vt 0.805393 2.410394
vt 0.822719 2.177381
vt 0.963485 2.177396
vt 0.937493 2.410441
vt 0.452102 0.805393
vt 0.585013 0.805393
vt 0.585013 0.937493
vt 0.452102 0.937493
vt 0.414987 0.822719
vt 0.547898 0.822719
vt 0.547898 0.963485
vt 0.414987 0.963485
vt 0.177281 2.177381
vt 0.194607 2.410394
vt 0.062507 2.410441
vt 0.036515 2.177396
vt 0.414244 2.450018
vt 0.414244 2.137819
vt 0.452103 2.177396
vt 0.452103 2.410441
vt 0.622872 2.137819
vt 0.622872 2.450018
vt 0.585013 2.410441
vt 0.585013 2.177396
vt 0.585757 2.137668
vt 0.585757 2.450107
vt 0.547898 2.410394
vt 0.547898 2.177381
vt 0.377128 2.450107
vt 0.414987 2.410394
vt 0.377128 2.137668
vt 0.414987 2.177381
vt 0.952665 2.476351
vt 0.776981 2.476455
vt 0.804131 2.111320
vt 0.993359 2.111496
vt 0.345670 0.952665
vt 0.345670 0.776981
vt 0.617214 0.776981
vt 0.617214 0.952665
vt 0.006641 2.111496
vt 0.195869 2.111320
vt 0.223019 2.476455
vt 0.047335 2.476351
vt 0.654330 0.993358
vt 0.382786 0.993358
vt 0.382786 0.804131
vt 0.654330 0.804131
vn 0.0000 0.0000 1.0000
vn 0.0003 -1.0000 0.0000
vn -0.0001 1.0000 0.0000
vn 0.0000 0.0000 -1.0000
vn 0.9938 0.1108 0.0000
vn -0.9972 -0.0742 0.0000
vn 0.0004 -1.0000 0.0000
vn 0.0006 1.0000 0.0000
vn 0.0009 -1.0000 0.0000
vn 1.0000 0.0000 -0.0000
vn 0.0000 -1.0000 0.0003
vn -0.0000 1.0000 -0.0001
vn -1.0000 -0.0000 0.0000
vn 0.0000 0.1108 0.9938
vn -0.0000 -0.0742 -0.9972
vn 0.0000 -1.0000 0.0004
vn 0.0000 1.0000 0.0006
vn 0.0000 -1.0000 0.0009
vn -0.0000 -1.0000 -0.0003
vn 0.0000 1.0000 0.0001
vn -0.0000 0.1108 -0.9938
vn 0.0000 -0.0742 0.9972
vn 0.0000 -1.0000 -0.0004
vn -0.0000 1.0000 -0.0006
vn 0.0000 -1.0000 -0.0009
vn -0.0003 -1.0000 0.0000
vn 0.0001 1.0000 0.0000
vn -0.9938 0.1108 -0.0000
vn 0.9972 -0.0742 0.0000
vn -0.0004 -1.0000 0.0000
vn -0.0006 1.0000 0.0000
vn -0.0009 -1.0000 0.0000
usemtl sandstone
s 1
f 1285/3046/178 1286/3047/178 1291/3048/178 1290/3049/178
f 1284/3050/179 1285/3051/179 1290/3052/179 1289/3053/179
f 1286/3054/180 1292/3055/180 1282/3056/180 1291/3057/180
f 1292/3058/181 1284/3059/181 1289/3060/181 1282/3061/181
f 1283/3062/182 1288/3063/182 1282/3064/182 1289/3065/182
f 1281/3066/182 1280/3067/182 1290/3068/182 1291/3069/182
f 1288/3063/182 1281/3066/182 1291/3069/182 1282/3064/182
f 1280/3067/182 1283/3062/182 1289/3065/182 1290/3068/182
f 1287/3070/183 1293/3071/183 1284/3072/183 1292/3073/183
f 1293/3071/183 1294/3074/183 1285/3075/183 1284/3072/183
f 1294/3074/183 1295/3076/183 1286/3077/183 1285/3075/183
f 1295/3076/183 1287/3070/183 1292/3073/183 1286/3077/183
f 1301/3078/178 1302/3079/178 1307/3080/178 1306/3081/178
f 1300/3082/184 1301/3083/184 1306/3084/184 1305/3085/184
f 1302/3086/180 1308/3087/180 1298/3088/180 1307/3089/180
f 1308/3090/181 1300/3091/181 1305/3092/181 1298/3093/181
f 1299/3094/182 1304/3095/182 1298/3096/182 1305/3097/182
f 1297/3098/182 1296/3099/182 1306/3100/182 1307/3101/182
f 1304/3095/182 1297/3098/182 1307/3101/182 1298/3096/182
f 1296/3099/182 1299/3094/182 1305/3097/182 1306/3100/182
f 1303/3102/183 1309/3103/183 1300/3104/183 1308/3105/183
f 1309/3103/183 1310/3106/183 1301/3107/183 1300/3104/183
f 1310/3106/183 1311/3108/183 1302/3109/183 1301/3107/183
f 1311/3108/183 1303/3102/183 1308/3105/183 1302/3109/183
f 1283/3110/178 1293/3111/178 1287/3112/178 1288/3113/178
f 1280/3114/185 1294/3115/185 1293/3116/185 1283/3117/185
f 1281/3118/181 1295/3119/181 1294/3120/181 1280/3121/181
f 1281/3122/186 1288/3123/186 1287/3124/186 1295/3125/186
f 1317/3126/187 1322/3127/187 1323/3128/187 1318/3129/187
f 1316/3130/188 1321/3131/188 1322/3132/188 1317/3133/188
f 1318/3134/189 1323/3135/189 1314/3136/189 1324/3137/189
f 1324/3138/190 1314/3139/190 1321/3140/190 1316/3141/190
f 1315/3142/191 1321/3143/191 1314/3144/191 1320/3145/191
f 1313/3146/191 1323/3147/191 1322/3148/191 1312/3149/191
f 1320/3145/191 1314/3144/191 1323/3147/191 1313/3146/191
f 1312/3149/191 1322/3148/191 1321/3143/191 1315/3142/191
f 1319/3150/192 1324/3151/192 1316/3152/192 1325/3153/192
f 1325/3153/192 1316/3152/192 1317/3154/192 1326/3155/192
f 1326/3155/192 1317/3154/192 1318/3156/192 1327/3157/192
f 1327/3157/192 1318/3156/192 1324/3151/192 1319/3150/192
f 1333/3158/187 1338/3159/187 1339/3160/187 1334/3161/187
f 1332/3162/193 1337/3163/193 1338/3164/193 1333/3165/193
f 1334/3166/189 1339/3167/189 1330/3168/189 1340/3169/189
f 1340/3170/190 1330/3171/190 1337/3172/190 1332/3173/190
f 1331/3174/191 1337/3175/191 1330/3176/191 1336/3177/191
f 1329/3178/191 1339/3179/191 1338/3180/191 1328/3181/191
f 1336/3177/191 1330/3176/191 1339/3179/191 1329/3178/191
f 1328/3181/191 1338/3180/191 1337/3175/191 1331/3174/191
f 1335/3182/192 1340/3183/192 1332/3184/192 1341/3185/192
f 1341/3185/192 1332/3184/192 1333/3186/192 1342/3187/192
f 1342/3187/192 1333/3186/192 1334/3188/192 1343/3189/192
f 1343/3189/192 1334/3188/192 1340/3183/192 1335/3182/192
f 1315/3190/187 1320/3191/187 1319/3192/187 1325/3193/187
f 1312/3194/194 1315/3195/194 1325/3196/194 1326/3197/194
f 1313/3198/190 1312/3199/190 1326/3200/190 1327/3201/190
f 1313/3202/195 1327/3203/195 1319/3204/195 1320/3205/195
f 1349/3206/190 1354/3207/190 1355/3208/190 1350/3209/190
f 1348/3210/196 1353/3211/196 1354/3212/196 1349/3213/196
f 1350/3214/197 1355/3215/197 1346/3216/197 1356/3217/197
f 1356/3218/187 1346/3219/187 1353/3220/187 1348/3221/187
f 1347/3222/198 1353/3223/198 1346/3224/198 1352/3225/198
f 1345/3226/198 1355/3227/198 1354/3228/198 1344/3229/198
f 1352/3225/198 1346/3224/198 1355/3227/198 1345/3226/198
f 1344/3229/198 1354/3228/198 1353/3223/198 1347/3222/198
f 1351/3230/199 1356/3231/199 1348/3232/199 1357/3233/199
f 1357/3233/199 1348/3232/199 1349/3234/199 1358/3235/199
f 1358/3235/199 1349/3234/199 1350/3236/199 1359/3237/199
f 1359/3237/199 1350/3236/199 1356/3231/199 1351/3230/199
f 1365/3238/190 1370/3239/190 1371/3240/190 1366/3241/190
f 1364/3242/200 1369/3243/200 1370/3244/200 1365/3245/200
f 1366/3246/197 1371/3247/197 1362/3248/197 1372/3249/197
f 1372/3250/187 1362/3251/187 1369/3252/187 1364/3253/187
f 1363/3254/198 1369/3255/198 1362/3256/198 1368/3257/198
f 1361/3258/198 1371/3259/198 1370/3260/198 1360/3261/198
f 1368/3257/198 1362/3256/198 1371/3259/198 1361/3258/198
f 1360/3261/198 1370/3260/198 1369/3255/198 1363/3254/198
f 1367/3262/199 1372/3263/199 1364/3264/199 1373/3265/199
f 1373/3265/199 1364/3264/199 1365/3266/199 1374/3267/199
f 1374/3267/199 1365/3266/199 1366/3268/199 1375/3269/199
f 1375/3269/199 1366/3268/199 1372/3263/199 1367/3262/199
f 1347/3270/190 1352/3271/190 1351/3272/190 1357/3273/190
f 1344/3274/201 1347/3275/201 1357/3276/201 1358/3277/201
f 1345/3278/187 1344/3279/187 1358/3280/187 1359/3281/187
f 1345/3282/202 1359/3283/202 1351/3284/202 1352/3285/202
f 1381/3286/181 1382/3287/181 1387/3288/181 1386/3289/181
f 1380/3290/203 1381/3291/203 1386/3292/203 1385/3293/203
f 1382/3294/204 1388/3295/204 1378/3296/204 1387/3297/204
f 1388/3298/178 1380/3299/178 1385/3300/178 1378/3301/178
f 1379/3302/205 1384/3303/205 1378/3304/205 1385/3305/205
f 1377/3306/205 1376/3307/205 1386/3308/205 1387/3309/205
f 1384/3303/205 1377/3306/205 1387/3309/205 1378/3304/205
f 1376/3307/205 1379/3302/205 1385/3305/205 1386/3308/205
f 1383/3310/206 1389/3311/206 1380/3312/206 1388/3313/206
f 1389/3311/206 1390/3314/206 1381/3315/206 1380/3312/206
f 1390/3314/206 1391/3316/206 1382/3317/206 1381/3315/206
f 1391/3316/206 1383/3310/206 1388/3313/206 1382/3317/206
f 1397/3318/181 1398/3319/181 1403/3320/181 1402/3321/181
f 1396/3322/207 1397/3323/207 1402/3324/207 1401/3325/207
f 1398/3326/204 1404/3327/204 1394/3328/204 1403/3329/204
f 1404/3330/178 1396/3331/178 1401/3332/178 1394/3333/178
f 1395/3334/205 1400/3335/205 1394/3336/205 1401/3337/205
f 1393/3338/205 1392/3339/205 1402/3340/205 1403/3341/205
f 1400/3335/205 1393/3338/205 1403/3341/205 1394/3336/205
f 1392/3339/205 1395/3334/205 1401/3337/205 1402/3340/205
f 1399/3342/206 1405/3343/206 1396/3344/206 1404/3345/206
f 1405/3343/206 1406/3346/206 1397/3347/206 1396/3344/206
f 1406/3346/206 1407/3348/206 1398/3349/206 1397/3347/206
f 1407/3348/206 1399/3342/206 1404/3345/206 1398/3349/206
f 1379/3350/181 1389/3351/181 1383/3352/181 1384/3353/181
f 1376/3354/208 1390/3355/208 1389/3356/208 1379/3357/208
f 1377/3358/178 1391/3359/178 1390/3360/178 1376/3361/178
f 1377/3362/209 1384/3363/209 1383/3364/209 1391/3365/209
