# Blender v3.5.0 OBJ File: 'Enterables_egypt_monuments_01.blend'
# www.blender.org
mtllib LOD2_egypt_monuments_008.mtl
o Cube.461_Cube.297
v 2.500000 31.300001 -7.613111
v 2.500000 31.300001 -3.002150
v 2.500000 10.951870 -3.002150
v 2.500000 10.951870 -7.613111
v 2.500000 31.700001 -2.602150
v 2.500000 31.700001 -8.000000
v 2.500000 10.485457 -8.707151
v 2.500000 10.485457 -2.602150
v 2.400000 30.323069 -3.979081
v 2.400000 30.323069 -6.668201
v 2.400000 11.928802 -6.668201
v 2.400000 11.928802 -3.979081
v 2.300000 30.024063 -4.278087
v 2.300000 30.024063 -6.369195
v 2.300000 12.227807 -6.369195
v 2.300000 12.227807 -4.278087
v 2.300000 30.323069 -3.979081
v 2.300000 30.323069 -6.668201
v 2.300000 11.928802 -6.668201
v 2.300000 11.928802 -3.979081
v 2.400000 29.874063 -4.428087
v 2.400000 29.874063 -6.219195
v 2.400000 12.377807 -6.219195
v 2.400000 12.377807 -4.428087
v 2.400000 30.024063 -4.278087
v 2.400000 30.024063 -6.369195
v 2.400000 12.227807 -6.369195
v 2.400000 12.227807 -4.278087
v 1.597675 29.874063 -4.428087
v 1.597675 29.874063 -6.219195
v 1.597675 12.377807 -6.219195
v 1.597675 12.377807 -4.428087
v 2.500000 11.840872 -6.753248
v 2.500000 11.039799 -7.528064
v 2.500000 11.040046 -3.090325
v 2.500000 11.840626 -3.890905
v 2.400000 30.411245 -3.890905
v 2.400000 30.410997 -6.753248
v 2.400000 11.840872 -6.753248
v 2.400000 11.840626 -3.890905
v 2.500000 30.411245 -3.890905
v 2.500000 31.211826 -3.090325
v 2.500000 31.212072 -7.528064
v 2.500000 30.410997 -6.753248
v 2.400000 10.995958 -3.046237
v 2.400000 31.255913 -3.046237
v 2.400000 31.256037 -7.570587
v 2.400000 10.995834 -7.570587
v -2.500000 31.300001 -7.613111
v -2.500000 31.300001 -3.002150
v -2.500000 10.951870 -3.002150
v -2.500000 10.951870 -7.613111
v -2.500000 31.700001 -2.602150
v -2.500000 31.700001 -8.000000
v -2.500000 10.485457 -8.707151
v -2.500000 10.485457 -2.602150
v -2.400000 30.323069 -3.979081
v -2.400000 30.323069 -6.668201
v -2.400000 11.928802 -6.668201
v -2.400000 11.928802 -3.979081
v -2.300000 30.024063 -4.278087
v -2.300000 30.024063 -6.369195
v -2.300000 12.227807 -6.369195
v -2.300000 12.227807 -4.278087
v -2.300000 30.323069 -3.979081
v -2.300000 30.323069 -6.668201
v -2.300000 11.928802 -6.668201
v -2.300000 11.928802 -3.979081
v -2.400000 29.874063 -4.428087
v -2.400000 29.874063 -6.219195
v -2.400000 12.377807 -6.219195
v -2.400000 12.377807 -4.428087
v -2.400000 30.024063 -4.278087
v -2.400000 30.024063 -6.369195
v -2.400000 12.227807 -6.369195
v -2.400000 12.227807 -4.278087
v -1.597675 29.874063 -4.428087
v -1.597675 29.874063 -6.219195
v -1.597675 12.377807 -6.219195
v -1.597675 12.377807 -4.428087
v -2.500000 11.840872 -6.753248
v -2.500000 11.039799 -7.528064
v -2.500000 11.040046 -3.090325
v -2.500000 11.840626 -3.890905
v -2.400000 30.411245 -3.890905
v -2.400000 30.410997 -6.753248
v -2.400000 11.840872 -6.753248
v -2.400000 11.840626 -3.890905
v -2.500000 30.411245 -3.890905
v -2.500000 31.211826 -3.090325
v -2.500000 31.212072 -7.528064
v -2.500000 30.410997 -6.753248
v -2.400000 10.995958 -3.046237
v -2.400000 31.255913 -3.046237
v -2.400000 31.256037 -7.570587
v -2.400000 10.995834 -7.570587
v 2.500000 31.300001 7.613111
v 2.500000 31.300001 3.002150
v 2.500000 10.951870 3.002150
v 2.500000 10.951870 7.613111
v 2.500000 31.700001 2.602150
v 2.500000 31.700001 8.000000
v 2.500000 10.485457 8.707151
v 2.500000 10.485457 2.602150
v 2.400000 30.323069 3.979081
v 2.400000 30.323069 6.668201
v 2.400000 11.928802 6.668201
v 2.400000 11.928802 3.979081
v 2.300000 30.024063 4.278087
v 2.300000 30.024063 6.369195
v 2.300000 12.227807 6.369195
v 2.300000 12.227807 4.278087
v 2.300000 30.323069 3.979081
v 2.300000 30.323069 6.668201
v 2.300000 11.928802 6.668201
v 2.300000 11.928802 3.979081
v 2.400000 29.874063 4.428087
v 2.400000 29.874063 6.219195
v 2.400000 12.377807 6.219195
v 2.400000 12.377807 4.428087
v 2.400000 30.024063 4.278087
v 2.400000 30.024063 6.369195
v 2.400000 12.227807 6.369195
v 2.400000 12.227807 4.278087
v 1.597675 29.874063 4.428087
v 1.597675 29.874063 6.219195
v 1.597675 12.377807 6.219195
v 1.597675 12.377807 4.428087
v 2.500000 11.840872 6.753248
v 2.500000 11.039799 7.528064
v 2.500000 11.040046 3.090325
v 2.500000 11.840626 3.890905
v 2.400000 30.411245 3.890905
v 2.400000 30.410997 6.753248
v 2.400000 11.840872 6.753248
v 2.400000 11.840626 3.890905
v 2.500000 30.411245 3.890905
v 2.500000 31.211826 3.090325
v 2.500000 31.212072 7.528064
v 2.500000 30.410997 6.753248
v 2.400000 10.995958 3.046237
v 2.400000 31.255913 3.046237
v 2.400000 31.256037 7.570587
v 2.400000 10.995834 7.570587
v -2.500000 31.300001 7.613111
v -2.500000 31.300001 3.002150
v -2.500000 10.951870 3.002150
v -2.500000 10.951870 7.613111
v -2.500000 31.700001 2.602150
v -2.500000 31.700001 8.000000
v -2.500000 10.485457 8.707151
v -2.500000 10.485457 2.602150
v -2.400000 30.323069 3.979081
v -2.400000 30.323069 6.668201
v -2.400000 11.928802 6.668201
v -2.400000 11.928802 3.979081
v -2.300000 30.024063 4.278087
v -2.300000 30.024063 6.369195
v -2.300000 12.227807 6.369195
v -2.300000 12.227807 4.278087
v -2.300000 30.323069 3.979081
v -2.300000 30.323069 6.668201
v -2.300000 11.928802 6.668201
v -2.300000 11.928802 3.979081
v -2.400000 29.874063 4.428087
v -2.400000 29.874063 6.219195
v -2.400000 12.377807 6.219195
v -2.400000 12.377807 4.428087
v -2.400000 30.024063 4.278087
v -2.400000 30.024063 6.369195
v -2.400000 12.227807 6.369195
v -2.400000 12.227807 4.278087
v -1.597675 29.874063 4.428087
v -1.597675 29.874063 6.219195
v -1.597675 12.377807 6.219195
v -1.597675 12.377807 4.428087
v -2.500000 11.840872 6.753248
v -2.500000 11.039799 7.528064
v -2.500000 11.040046 3.090325
v -2.500000 11.840626 3.890905
v -2.400000 30.411245 3.890905
v -2.400000 30.410997 6.753248
v -2.400000 11.840872 6.753248
v -2.400000 11.840626 3.890905
v -2.500000 30.411245 3.890905
v -2.500000 31.211826 3.090325
v -2.500000 31.212072 7.528064
v -2.500000 30.410997 6.753248
v -2.400000 10.995958 3.046237
v -2.400000 31.255913 3.046237
v -2.400000 31.256037 7.570587
v -2.400000 10.995834 7.570587
vt 0.920435 5.783333
vt 0.087134 5.783333
vt 0.087134 2.247576
vt 0.920435 2.247576
vt 0.095585 2.332659
vt 0.095585 5.709318
vt 0.078983 5.716666
vt 0.078983 2.325311
vt 1.805989 0.905015
vt 0.906381 0.912866
vt 0.899109 0.079565
vt 1.798717 0.071714
vt 0.965773 5.716666
vt 1.734238 5.716666
vt 1.798717 5.783333
vt 0.899109 5.783333
vt 1.734238 2.325311
vt 1.916571 2.247576
vt 0.965773 2.325311
vt 0.899109 2.247576
vt 0.094228 5.553844
vt 0.094228 2.488133
vt 0.110894 2.488133
vt 0.110894 5.553844
vt 1.727296 0.089005
vt 0.973267 0.095585
vt 0.965773 0.078983
vt 1.734238 0.072277
vt 0.910995 5.709339
vt 0.910995 2.332639
vt 0.927723 2.325311
vt 0.927723 5.716666
vt 1.576904 5.553844
vt 1.576904 2.488133
vt 1.591078 2.473478
vt 1.591078 5.568499
vt 1.128735 2.488133
vt 1.128735 5.553844
vt 1.114039 5.568540
vt 1.114039 2.473437
vt 0.889541 5.504010
vt 0.889541 2.537967
vt 0.906207 2.537967
vt 0.906207 5.504010
vt -0.576904 0.090315
vt -0.128735 0.094227
vt -0.128880 0.110893
vt -0.577049 0.106981
vt 1.128735 0.094228
vt 1.576904 0.090317
vt 1.577049 0.106983
vt 1.128880 0.110894
vt 0.909683 2.488133
vt 0.909683 5.553844
vt 0.893017 5.553844
vt 0.893017 2.488133
vt 1.178712 5.504010
vt 1.527217 5.504010
vt 1.577049 5.553844
vt 1.128880 5.553844
vt 1.527217 2.537967
vt 1.577049 2.488133
vt 1.178712 2.537967
vt 1.128880 2.488133
vt 0.093575 5.479010
vt 0.093575 2.562968
vt 0.227291 2.562968
vt 0.227291 5.479010
vt 1.527217 0.107418
vt 1.178712 0.110459
vt 1.178567 0.093793
vt 1.527072 0.090752
vt -0.178712 0.110459
vt -0.527217 0.107417
vt -0.527072 0.090751
vt -0.178567 0.093793
vt 0.107418 2.537967
vt 0.107418 5.504010
vt 0.090752 5.504010
vt 0.090752 2.537967
vt 1.203566 5.479010
vt 1.502073 5.479010
vt 1.527072 5.504010
vt 1.178567 5.504010
vt 1.502073 2.562968
vt 1.527072 2.537967
vt 1.203566 2.562968
vt 1.178567 2.537967
vt 1.204733 5.479010
vt 1.204733 2.562968
vt 1.503239 2.562968
vt 1.503239 5.479010
vt -0.502073 0.090968
vt -0.203566 0.093573
vt -0.204733 0.227289
vt -0.503240 0.224684
vt 1.203566 0.093575
vt 1.502073 0.090970
vt 1.503239 0.224686
vt 1.204733 0.227291
vt 0.909030 2.562968
vt 0.909030 5.479010
vt 0.775314 5.479010
vt 0.775314 2.562968
vt 0.980469 2.340007
vt 1.720064 2.339966
vt 1.590933 2.473478
vt 1.113894 2.473437
vt 1.720064 0.072400
vt 1.727296 0.089005
vt 0.973267 0.095585
vt 0.980469 0.078855
vt 0.909807 5.568499
vt 0.909807 2.473478
vt 0.926473 2.473478
vt 0.926473 5.568499
vt -0.114039 0.094355
vt -0.591078 0.090192
vt -0.590933 0.073526
vt -0.113894 0.077689
vt 0.094356 2.473437
vt 0.094356 5.568540
vt 0.077690 5.568540
vt 0.077690 2.473437
vt 0.980469 5.701970
vt 1.113894 5.568540
vt 1.720064 5.702011
vt 1.590933 5.568499
vt 0.072400 2.339966
vt 0.089004 2.332639
vt 0.089004 5.709339
vt 0.072400 5.702011
vt 1.591078 0.090193
vt 1.114039 0.094356
vt 1.113894 0.077690
vt 1.590933 0.073527
vt 0.921145 5.701970
vt 0.904415 5.709318
vt 0.904415 2.332659
vt 0.921145 2.340007
vt 0.026733 0.095583
vt -0.727296 0.089003
vt -0.734238 0.072275
vt 0.034227 0.078981
vt 0.026733 0.095584
vt -0.727296 0.089004
vt -0.720064 0.072400
vt 0.019531 0.078854
vt 0.895554 2.332659
vt 0.912284 2.325311
vt 0.912284 5.716666
vt 0.895554 5.709318
vt 0.026956 5.716666
vt 0.093620 5.783333
vt -0.805987 5.783333
vt -0.741508 5.716667
vt -0.923842 2.247576
vt -0.741509 2.325312
vt 0.026955 2.325312
vt 0.093619 2.247576
vt 0.894197 5.553844
vt 0.877531 5.553844
vt 0.877531 2.488133
vt 0.894197 2.488133
vt 1.734277 0.888974
vt 1.741510 0.905578
vt 0.973046 0.912284
vt 0.980248 0.895554
vt 0.111026 5.709339
vt 0.094422 5.716666
vt 0.094422 2.325311
vt 0.111026 2.332639
vt -0.583884 5.553844
vt -0.598058 5.568499
vt -0.598059 2.473479
vt -0.583885 2.488134
vt -0.135715 2.488133
vt -0.121020 2.473438
vt -0.121019 5.568540
vt -0.135714 5.553844
vt 0.122903 5.504010
vt 0.106237 5.504010
vt 0.106237 2.537967
vt 0.122903 2.537967
vt -0.583885 0.890285
vt -0.583740 0.873619
vt -0.135570 0.877530
vt -0.135716 0.894196
vt 1.135716 0.894197
vt 1.135570 0.877531
vt 1.583740 0.873620
vt 1.583885 0.890286
vt 0.109714 2.488133
vt 0.126380 2.488133
vt 0.126380 5.553844
vt 0.109714 5.553844
vt -0.185401 5.504010
vt -0.135569 5.553844
vt -0.583738 5.553844
vt -0.533906 5.504010
vt -0.583739 2.488134
vt -0.533907 2.537968
vt -0.185402 2.537968
vt -0.135570 2.488133
vt 0.893544 5.479010
vt 0.759828 5.479010
vt 0.759828 2.562968
vt 0.893544 2.562968
vt 1.533907 0.874055
vt 1.534053 0.890721
vt 1.185548 0.893763
vt 1.185403 0.877097
vt -0.185403 0.877096
vt -0.185548 0.893762
vt -0.534053 0.890721
vt -0.533907 0.874055
vt 0.874055 2.537967
vt 0.890721 2.537967
vt 0.890721 5.504010
vt 0.874055 5.504010
vt -0.210546 5.479010
vt -0.185547 5.504010
vt -0.534051 5.504010
vt -0.509052 5.479010
vt -0.534052 2.537968
vt -0.509053 2.562968
vt -0.210547 2.562968
vt -0.185548 2.537968
vt -0.209379 5.479010
vt -0.507885 5.479010
vt -0.507886 2.562968
vt -0.209380 2.562968
vt -0.509054 0.890938
vt -0.507887 0.757222
vt -0.209380 0.759827
vt -0.210547 0.893543
vt 1.210547 0.893544
vt 1.209380 0.759829
vt 1.507887 0.757224
vt 1.509054 0.890939
vt 0.109061 2.562968
vt 0.242776 2.562968
vt 0.242776 5.479010
vt 0.109061 5.479010
vt 0.012260 2.340007
vt -0.121165 2.473438
vt -0.598204 2.473479
vt -0.727335 2.339967
vt 1.727336 0.905702
vt 0.987741 0.912156
vt 0.980248 0.895554
vt 1.734277 0.888974
vt 0.109837 5.568499
vt 0.093171 5.568499
vt 0.093171 2.473478
vt 0.109837 2.473478
vt -0.121020 0.894324
vt -0.121166 0.910990
vt -0.598205 0.906827
vt -0.598059 0.890161
vt 0.894325 2.473437
vt 0.910992 2.473437
vt 0.910992 5.568540
vt 0.894325 5.568540
vt 0.012261 5.701970
vt -0.121164 5.568540
vt -0.598203 5.568499
vt -0.727334 5.702012
vt 0.905701 2.339966
vt 0.905701 5.702011
vt 0.888973 5.709339
vt 0.888973 2.332639
vt 1.598059 0.890163
vt 1.598205 0.906829
vt 1.121166 0.910992
vt 1.121020 0.894326
vt 0.087844 5.701970
vt 0.087844 2.340007
vt 0.104446 2.332659
vt 0.104446 5.709318
vt 0.019752 0.895553
vt 0.026955 0.912283
vt -0.741510 0.905576
vt -0.734277 0.888972
vt 0.019752 0.895554
vt 0.012259 0.912156
vt -0.727336 0.905701
vt -0.734277 0.888973
vt 0.905015 5.783333
vt 0.071714 5.783333
vt 0.070685 2.247576
vt 0.903986 2.247576
vt 0.087134 5.783333
vt 0.087134 2.247576
vt 0.920435 2.247576
vt 0.920435 5.783333
vt 0.895554 2.332659
vt 0.912284 2.325311
vt 0.912284 5.716666
vt 0.895554 5.709318
vt -0.860576 0.928286
vt -0.867848 0.094985
vt 0.031759 0.087134
vt 0.039032 0.920435
vt -0.034905 5.716666
vt 0.031759 5.783333
vt -0.867848 5.783333
vt -0.803369 5.716666
vt -0.985702 2.247576
vt -0.803369 2.325311
vt -0.034905 2.325311
vt 0.031759 2.247576
vt 0.894197 5.553844
vt 0.877531 5.553844
vt 0.877531 2.488133
vt 0.894197 2.488133
vt -0.796136 0.111026
vt -0.803369 0.094422
vt -0.034905 0.087716
vt -0.042107 0.104446
vt 0.111026 5.709339
vt 0.094422 5.716666
vt 0.094422 2.325311
vt 0.111026 2.332639
vt -0.645744 5.553844
vt -0.659918 5.568499
vt -0.659918 2.473478
vt -0.645744 2.488133
vt -0.197575 2.488133
vt -0.182880 2.473437
vt -0.182880 5.568540
vt -0.197575 5.553844
vt 0.122904 5.504010
vt 0.106238 5.504010
vt 0.106238 2.537967
vt 0.122904 2.537967
vt 1.645744 0.109712
vt 1.645599 0.126378
vt 1.197429 0.122467
vt 1.197575 0.105801
vt -0.197575 0.105803
vt -0.197430 0.122469
vt -0.645599 0.126380
vt -0.645744 0.109714
vt 0.109714 2.488133
vt 0.126380 2.488133
vt 0.126380 5.553844
vt 0.109714 5.553844
vt -0.247262 5.504010
vt -0.197430 5.553844
vt -0.645599 5.553844
vt -0.595767 5.504010
vt -0.645599 2.488133
vt -0.595767 2.537967
vt -0.247262 2.537967
vt -0.197430 2.488133
vt 0.893544 5.479010
vt 0.759829 5.479010
vt 0.759829 2.562968
vt 0.893544 2.562968
vt -0.595766 0.125945
vt -0.595912 0.109279
vt -0.247407 0.106237
vt -0.247262 0.122903
vt 1.247262 0.122903
vt 1.247407 0.106237
vt 1.595912 0.109278
vt 1.595766 0.125944
vt 0.874055 2.537967
vt 0.890721 2.537967
vt 0.890721 5.504010
vt 0.874055 5.504010
vt -0.272406 5.479010
vt -0.247407 5.504010
vt -0.595912 5.504010
vt -0.570913 5.479010
vt -0.595912 2.537967
vt -0.570913 2.562968
vt -0.272406 2.562968
vt -0.247407 2.537967
vt -0.271240 5.479010
vt -0.569746 5.479010
vt -0.569746 2.562968
vt -0.271240 2.562968
vt 1.570913 0.109059
vt 1.569746 0.242775
vt 1.271240 0.240170
vt 1.272406 0.106454
vt -0.272406 0.106456
vt -0.271239 0.240171
vt -0.569746 0.242776
vt -0.570913 0.109061
vt 0.109061 2.562968
vt 0.242777 2.562968
vt 0.242777 5.479010
vt 0.109061 5.479010
vt -0.049600 2.340007
vt -0.183025 2.473437
vt -0.660064 2.473478
vt -0.789195 2.339966
vt -0.789195 0.094298
vt -0.049600 0.087844
vt -0.042107 0.104446
vt -0.796136 0.111026
vt 0.109838 5.568499
vt 0.093172 5.568499
vt 0.093172 2.473478
vt 0.109838 2.473478
vt 1.182879 0.105673
vt 1.183025 0.089007
vt 1.660064 0.093170
vt 1.659918 0.109836
vt 0.894326 2.473437
vt 0.910992 2.473437
vt 0.910992 5.568540
vt 0.894326 5.568540
vt -0.049600 5.701970
vt -0.183025 5.568540
vt -0.660064 5.568499
vt -0.789195 5.702011
vt 0.905702 2.339966
vt 0.905702 5.702011
vt 0.888974 5.709339
vt 0.888974 2.332639
vt -0.659918 0.109837
vt -0.660064 0.093171
vt -0.183025 0.089008
vt -0.182880 0.105674
vt 0.087844 5.701970
vt 0.087844 2.340007
vt 0.104446 2.332659
vt 0.104446 5.709318
vt 1.042107 0.104444
vt 1.034905 0.087714
vt 1.803369 0.094420
vt 1.796136 0.111024
vt 1.042107 0.104445
vt 1.049600 0.087843
vt 1.789195 0.094298
vt 1.796136 0.111025
vt 0.095585 2.332659
vt 0.095585 5.709318
vt 0.078983 5.716666
vt 0.078983 2.325311
vt 1.027634 5.716666
vt 1.796098 5.716666
vt 1.860577 5.783332
vt 0.960970 5.783333
vt 1.796097 2.325311
vt 1.978430 2.247576
vt 1.027633 2.325311
vt 0.960969 2.247576
vt 0.094228 5.553844
vt 0.094228 2.488133
vt 0.110894 2.488133
vt 0.110894 5.553844
vt -0.789155 0.910995
vt -0.035126 0.904415
vt -0.027633 0.921017
vt -0.796097 0.927723
vt 0.910996 5.709339
vt 0.910996 2.332639
vt 0.927724 2.325311
vt 0.927724 5.716666
vt 1.638765 5.553843
vt 1.638764 2.488133
vt 1.652938 2.473478
vt 1.652939 5.568498
vt 1.190594 2.488133
vt 1.190595 5.553844
vt 1.175900 5.568540
vt 1.175899 2.473437
vt 0.889541 5.504010
vt 0.889541 2.537967
vt 0.906207 2.537967
vt 0.906207 5.504010
vt 1.638763 0.909681
vt 1.190594 0.905770
vt 1.190739 0.889104
vt 1.638909 0.893015
vt -0.190594 0.905772
vt -0.638763 0.909683
vt -0.638909 0.893017
vt -0.190739 0.889106
vt 0.909683 2.488133
vt 0.909683 5.553844
vt 0.893017 5.553844
vt 0.893017 2.488133
vt 1.240573 5.504009
vt 1.589078 5.504009
vt 1.638910 5.553843
vt 1.190741 5.553844
vt 1.589077 2.537967
vt 1.638909 2.488133
vt 1.240572 2.537967
vt 1.190740 2.488133
vt 0.093575 5.479010
vt 0.093575 2.562968
vt 0.227291 2.562968
vt 0.227291 5.479010
vt -0.589076 0.892582
vt -0.240571 0.889541
vt -0.240426 0.906207
vt -0.588931 0.909248
vt 1.240571 0.889540
vt 1.589076 0.892581
vt 1.588931 0.909247
vt 1.240426 0.906206
vt 0.107418 2.537967
vt 0.107418 5.504010
vt 0.090752 5.504010
vt 0.090752 2.537967
vt 1.265427 5.479009
vt 1.563933 5.479009
vt 1.588933 5.504009
vt 1.240428 5.504009
vt 1.563932 2.562967
vt 1.588932 2.537967
vt 1.265426 2.562967
vt 1.240427 2.537967
vt 1.266594 5.479009
vt 1.266593 2.562967
vt 1.565099 2.562967
vt 1.565100 5.479009
vt 1.563932 0.909028
vt 1.265425 0.906423
vt 1.266592 0.772708
vt 1.565099 0.775313
vt -0.265425 0.906425
vt -0.563932 0.909030
vt -0.565099 0.775314
vt -0.266592 0.772709
vt 0.909030 2.562968
vt 0.909030 5.479010
vt 0.775315 5.479010
vt 0.775315 2.562968
vt 1.042329 2.340007
vt 1.781923 2.339966
vt 1.652792 2.473478
vt 1.175754 2.473437
vt -0.781923 0.927600
vt -0.789155 0.910995
vt -0.035126 0.904415
vt -0.042328 0.921145
vt 0.909807 5.568499
vt 0.909807 2.473478
vt 0.926473 2.473478
vt 0.926473 5.568499
vt 1.175898 0.905642
vt 1.652937 0.909805
vt 1.652792 0.926471
vt 1.175753 0.922308
vt 0.094356 2.473437
vt 0.094356 5.568540
vt 0.077690 5.568540
vt 0.077690 2.473437
vt 1.042330 5.701970
vt 1.175755 5.568540
vt 1.781924 5.702011
vt 1.652793 5.568498
vt 0.072400 2.339966
vt 0.089004 2.332639
vt 0.089004 5.709339
vt 0.072400 5.702011
vt -0.652937 0.909807
vt -0.175898 0.905644
vt -0.175753 0.922310
vt -0.652792 0.926473
vt 0.921145 5.701970
vt 0.904415 5.709318
vt 0.904415 2.332659
vt 0.921145 2.340007
vt 1.035126 0.904413
vt 1.789155 0.910994
vt 1.796097 0.927722
vt 1.027633 0.921015
vt 1.035126 0.904415
vt 1.789155 0.910995
vt 1.781923 0.927599
vt 1.042328 0.921145
vt 0.071714 5.783333
vt 0.070685 2.247576
vt 0.903987 2.247576
vt 0.905015 5.783333
vn 0.0000 0.0000 1.0000
vn 0.4034 0.0000 -0.9150
vn 0.0000 1.0000 0.0000
vn 1.0000 0.0000 0.0000
vn 0.0000 0.0000 -1.0000
vn 0.4029 0.9152 -0.0000
vn 0.3913 0.0000 0.9203
vn 0.0000 -1.0000 0.0000
vn 0.0000 -1.0000 0.0001
vn 0.3913 0.0000 -0.9203
vn 0.0000 1.0000 0.0001
vn 0.4034 0.0000 0.9150
vn 0.4029 -0.9152 -0.0000
vn -0.4034 0.0000 -0.9150
vn -1.0000 0.0000 0.0000
vn -0.4029 0.9152 -0.0000
vn -0.3913 0.0000 0.9203
vn -0.3913 0.0000 -0.9203
vn -0.4034 0.0000 0.9150
vn -0.4029 -0.9152 -0.0000
vn 0.0000 0.0333 -0.9994
vn 0.0000 -1.0000 -0.0001
vn 0.0000 1.0000 -0.0001
vn 0.0000 0.0333 0.9994
usemtl sandstone
s 1
f 5/1/1 53/2/1 56/3/1 8/4/1
f 45/5/2 46/6/2 2/7/2 3/8/2
f 54/9/3 53/10/3 5/11/3 6/12/3
f 2/13/4 1/14/4 6/15/4 5/16/4
f 1/14/4 4/17/4 7/18/4 6/15/4
f 3/19/4 2/13/4 5/16/4 8/20/4
f 4/17/4 3/19/4 8/20/4 7/18/4
f 9/21/5 12/22/5 20/23/5 17/24/5
f 48/25/6 45/26/6 3/27/6 4/28/6
f 47/29/7 48/30/7 4/31/7 1/32/7
f 10/33/4 11/34/4 39/35/4 38/36/4
f 12/37/4 9/38/4 37/39/4 40/40/4
f 11/34/4 12/37/4 40/40/4 39/35/4
f 13/41/1 16/42/1 28/43/1 25/44/1
f 10/45/8 9/46/8 17/47/8 18/48/8
f 12/49/3 11/50/3 19/51/3 20/52/3
f 11/53/1 10/54/1 18/55/1 19/56/1
f 13/57/4 14/58/4 18/59/4 17/60/4
f 14/58/4 15/61/4 19/62/4 18/59/4
f 16/63/4 13/57/4 17/60/4 20/64/4
f 15/61/4 16/63/4 20/64/4 19/62/4
f 21/65/5 24/66/5 32/67/5 29/68/5
f 14/69/3 13/70/3 25/71/3 26/72/3
f 16/73/8 15/74/8 27/75/8 28/76/8
f 15/77/5 14/78/5 26/79/5 27/80/5
f 21/81/4 22/82/4 26/83/4 25/84/4
f 22/82/4 23/85/4 27/86/4 26/83/4
f 24/87/4 21/81/4 25/84/4 28/88/4
f 23/85/4 24/87/4 28/88/4 27/86/4
f 29/89/4 32/90/4 31/91/4 30/92/4
f 22/93/8 21/94/8 29/95/8 30/96/8
f 24/97/3 23/98/3 31/99/3 32/100/3
f 23/101/1 22/102/1 30/103/1 31/104/1
f 35/105/4 34/106/4 33/107/4 36/108/4
f 43/109/6 47/110/6 46/111/6 42/112/6
f 38/113/1 39/114/1 33/115/1 44/116/1
f 37/117/9 38/118/9 44/119/9 41/120/9
f 40/121/5 37/122/5 41/123/5 36/124/5
f 9/38/4 10/33/4 38/36/4 37/39/4
f 42/125/4 35/105/4 36/108/4 41/126/4
f 34/106/4 43/127/4 44/128/4 33/107/4
f 43/127/4 42/125/4 41/126/4 44/128/4
f 34/129/10 48/130/10 47/131/10 43/132/10
f 39/133/11 40/134/11 36/135/11 33/136/11
f 42/137/12 46/138/12 45/139/12 35/140/12
f 46/141/13 47/142/13 1/143/13 2/144/13
f 45/145/13 48/146/13 34/147/13 35/148/13
f 93/149/14 51/150/14 50/151/14 94/152/14
f 50/153/15 53/154/15 54/155/15 49/156/15
f 49/156/15 54/155/15 55/157/15 52/158/15
f 51/159/15 56/160/15 53/154/15 50/153/15
f 52/158/15 55/157/15 56/160/15 51/159/15
f 57/161/5 65/162/5 68/163/5 60/164/5
f 96/165/16 52/166/16 51/167/16 93/168/16
f 95/169/17 49/170/17 52/171/17 96/172/17
f 58/173/15 86/174/15 87/175/15 59/176/15
f 60/177/15 88/178/15 85/179/15 57/180/15
f 59/176/15 87/175/15 88/178/15 60/177/15
f 61/181/1 73/182/1 76/183/1 64/184/1
f 58/185/8 66/186/8 65/187/8 57/188/8
f 60/189/3 68/190/3 67/191/3 59/192/3
f 59/193/1 67/194/1 66/195/1 58/196/1
f 61/197/15 65/198/15 66/199/15 62/200/15
f 62/200/15 66/199/15 67/201/15 63/202/15
f 64/203/15 68/204/15 65/198/15 61/197/15
f 63/202/15 67/201/15 68/204/15 64/203/15
f 69/205/5 77/206/5 80/207/5 72/208/5
f 62/209/3 74/210/3 73/211/3 61/212/3
f 64/213/8 76/214/8 75/215/8 63/216/8
f 63/217/5 75/218/5 74/219/5 62/220/5
f 69/221/15 73/222/15 74/223/15 70/224/15
f 70/224/15 74/223/15 75/225/15 71/226/15
f 72/227/15 76/228/15 73/222/15 69/221/15
f 71/226/15 75/225/15 76/228/15 72/227/15
f 77/229/15 78/230/15 79/231/15 80/232/15
f 70/233/8 78/234/8 77/235/8 69/236/8
f 72/237/3 80/238/3 79/239/3 71/240/3
f 71/241/1 79/242/1 78/243/1 70/244/1
f 83/245/15 84/246/15 81/247/15 82/248/15
f 91/249/16 90/250/16 94/251/16 95/252/16
f 86/253/1 92/254/1 81/255/1 87/256/1
f 85/257/9 89/258/9 92/259/9 86/260/9
f 88/261/5 84/262/5 89/263/5 85/264/5
f 57/180/15 85/179/15 86/174/15 58/173/15
f 90/265/15 89/266/15 84/246/15 83/245/15
f 82/248/15 81/247/15 92/267/15 91/268/15
f 91/268/15 92/267/15 89/266/15 90/265/15
f 82/269/18 91/270/18 95/271/18 96/272/18
f 87/273/11 81/274/11 84/275/11 88/276/11
f 90/277/19 83/278/19 93/279/19 94/280/19
f 94/281/20 50/282/20 49/283/20 95/284/20
f 93/285/20 83/286/20 82/287/20 96/288/20
f 54/289/21 6/290/21 7/291/21 55/292/21
f 101/293/5 104/294/5 152/295/5 149/296/5
f 141/297/12 99/298/12 98/299/12 142/300/12
f 150/301/3 102/302/3 101/303/3 149/304/3
f 98/305/4 101/306/4 102/307/4 97/308/4
f 97/308/4 102/307/4 103/309/4 100/310/4
f 99/311/4 104/312/4 101/306/4 98/305/4
f 100/310/4 103/309/4 104/312/4 99/311/4
f 105/313/1 113/314/1 116/315/1 108/316/1
f 144/317/6 100/318/6 99/319/6 141/320/6
f 143/321/10 97/322/10 100/323/10 144/324/10
f 106/325/4 134/326/4 135/327/4 107/328/4
f 108/329/4 136/330/4 133/331/4 105/332/4
f 107/328/4 135/327/4 136/330/4 108/329/4
f 109/333/5 121/334/5 124/335/5 112/336/5
f 106/337/8 114/338/8 113/339/8 105/340/8
f 108/341/3 116/342/3 115/343/3 107/344/3
f 107/345/5 115/346/5 114/347/5 106/348/5
f 109/349/4 113/350/4 114/351/4 110/352/4
f 110/352/4 114/351/4 115/353/4 111/354/4
f 112/355/4 116/356/4 113/350/4 109/349/4
f 111/354/4 115/353/4 116/356/4 112/355/4
f 117/357/1 125/358/1 128/359/1 120/360/1
f 110/361/3 122/362/3 121/363/3 109/364/3
f 112/365/8 124/366/8 123/367/8 111/368/8
f 111/369/1 123/370/1 122/371/1 110/372/1
f 117/373/4 121/374/4 122/375/4 118/376/4
f 118/376/4 122/375/4 123/377/4 119/378/4
f 120/379/4 124/380/4 121/374/4 117/373/4
f 119/378/4 123/377/4 124/380/4 120/379/4
f 125/381/4 126/382/4 127/383/4 128/384/4
f 118/385/8 126/386/8 125/387/8 117/388/8
f 120/389/3 128/390/3 127/391/3 119/392/3
f 119/393/5 127/394/5 126/395/5 118/396/5
f 131/397/4 132/398/4 129/399/4 130/400/4
f 139/401/6 138/402/6 142/403/6 143/404/6
f 134/405/5 140/406/5 129/407/5 135/408/5
f 133/409/22 137/410/22 140/411/22 134/412/22
f 136/413/1 132/414/1 137/415/1 133/416/1
f 105/332/4 133/331/4 134/326/4 106/325/4
f 138/417/4 137/418/4 132/398/4 131/397/4
f 130/400/4 129/399/4 140/419/4 139/420/4
f 139/420/4 140/419/4 137/418/4 138/417/4
f 130/421/7 139/422/7 143/423/7 144/424/7
f 135/425/23 129/426/23 132/427/23 136/428/23
f 138/429/2 131/430/2 141/431/2 142/432/2
f 142/433/13 98/434/13 97/435/13 143/436/13
f 141/437/13 131/438/13 130/439/13 144/440/13
f 189/441/19 190/442/19 146/443/19 147/444/19
f 146/445/15 145/446/15 150/447/15 149/448/15
f 145/446/15 148/449/15 151/450/15 150/447/15
f 147/451/15 146/445/15 149/448/15 152/452/15
f 148/449/15 147/451/15 152/452/15 151/450/15
f 153/453/1 156/454/1 164/455/1 161/456/1
f 192/457/16 189/458/16 147/459/16 148/460/16
f 191/461/18 192/462/18 148/463/18 145/464/18
f 154/465/15 155/466/15 183/467/15 182/468/15
f 156/469/15 153/470/15 181/471/15 184/472/15
f 155/466/15 156/469/15 184/472/15 183/467/15
f 157/473/5 160/474/5 172/475/5 169/476/5
f 154/477/8 153/478/8 161/479/8 162/480/8
f 156/481/3 155/482/3 163/483/3 164/484/3
f 155/485/5 154/486/5 162/487/5 163/488/5
f 157/489/15 158/490/15 162/491/15 161/492/15
f 158/490/15 159/493/15 163/494/15 162/491/15
f 160/495/15 157/489/15 161/492/15 164/496/15
f 159/493/15 160/495/15 164/496/15 163/494/15
f 165/497/1 168/498/1 176/499/1 173/500/1
f 158/501/3 157/502/3 169/503/3 170/504/3
f 160/505/8 159/506/8 171/507/8 172/508/8
f 159/509/1 158/510/1 170/511/1 171/512/1
f 165/513/15 166/514/15 170/515/15 169/516/15
f 166/514/15 167/517/15 171/518/15 170/515/15
f 168/519/15 165/513/15 169/516/15 172/520/15
f 167/517/15 168/519/15 172/520/15 171/518/15
f 173/521/15 176/522/15 175/523/15 174/524/15
f 166/525/8 165/526/8 173/527/8 174/528/8
f 168/529/3 167/530/3 175/531/3 176/532/3
f 167/533/5 166/534/5 174/535/5 175/536/5
f 179/537/15 178/538/15 177/539/15 180/540/15
f 187/541/16 191/542/16 190/543/16 186/544/16
f 182/545/5 183/546/5 177/547/5 188/548/5
f 181/549/22 182/550/22 188/551/22 185/552/22
f 184/553/1 181/554/1 185/555/1 180/556/1
f 153/470/15 154/465/15 182/468/15 181/471/15
f 186/557/15 179/537/15 180/540/15 185/558/15
f 178/538/15 187/559/15 188/560/15 177/539/15
f 187/559/15 186/557/15 185/558/15 188/560/15
f 178/561/17 192/562/17 191/563/17 187/564/17
f 183/565/23 184/566/23 180/567/23 177/568/23
f 186/569/14 190/570/14 189/571/14 179/572/14
f 190/573/20 191/574/20 145/575/20 146/576/20
f 189/577/20 192/578/20 178/579/20 179/580/20
f 150/581/24 151/582/24 103/583/24 102/584/24
o Cylinder.034_Cylinder.035
v 2.486123 8.113796 -3.513929
v 2.734778 8.113796 -3.464468
v 2.945577 8.113796 -3.323618
v 3.086430 8.113796 -3.112819
v 3.135891 8.113796 -2.864161
v 3.086430 8.113796 -2.615507
v 2.945577 8.113796 -2.404707
v 2.734778 8.113796 -2.263855
v 2.486123 8.113796 -2.214396
v 2.237466 8.113796 -2.263855
v 2.026667 8.113796 -2.404707
v 2.486123 8.846601 -2.864164
v 2.486123 7.981881 -2.864161
v 2.486123 8.797014 -3.794572
v 2.486123 8.846601 -3.768110
v 2.832050 8.846601 -3.699301
v 2.842176 8.797014 -3.723749
v 3.125309 8.846601 -3.503350
v 3.144021 8.797014 -3.522062
v 3.321263 8.846601 -3.210088
v 3.345710 8.797014 -3.220215
v 3.390069 8.846601 -2.864161
v 3.416532 8.797014 -2.864161
v 3.321263 8.846601 -2.518237
v 3.345710 8.797014 -2.508110
v 3.125309 8.846601 -2.224975
v 3.144021 8.797014 -2.206264
v 2.832050 8.846601 -2.029024
v 2.842176 8.797014 -2.004575
v 2.486123 8.846601 -1.960215
v 2.486123 8.797014 -1.933753
v 2.140195 8.846601 -2.029024
v 2.130069 8.797014 -2.004576
v 1.846935 8.846601 -2.224976
v 1.828224 8.797014 -2.206264
v 2.486123 8.113796 -3.631518
v 2.779778 8.113796 -3.573106
v 3.028726 8.113796 -3.406766
v 3.195068 8.113796 -3.157819
v 3.253479 8.113796 -2.864161
v 3.195068 8.113796 -2.570508
v 3.028725 8.113796 -2.321559
v 2.779778 8.113796 -2.155218
v 2.486123 8.113796 -2.096806
v 2.192467 8.113796 -2.155218
v 1.943520 8.113796 -2.321559
v 2.486123 7.981881 -3.606309
v 2.770132 7.981881 -3.549818
v 3.010900 7.981881 -3.388940
v 3.171779 7.981881 -3.148172
v 3.228271 7.981881 -2.864161
v 3.171779 7.981881 -2.580154
v 3.010900 7.981881 -2.339384
v 2.770132 7.981881 -2.178507
v 2.486123 7.981881 -2.122015
v 2.202114 7.981881 -2.178508
v 1.961345 7.981881 -2.339384
v 2.486123 8.478827 -2.128095
v 2.767805 8.478827 -3.544200
v 2.767805 8.478827 -2.184124
v 2.486123 8.478827 -3.600229
v 3.006601 8.478827 -2.343684
v 3.166162 8.478827 -2.582482
v 3.222191 8.478827 -2.864161
v 1.965644 8.478827 -2.343684
v 3.166162 8.478827 -3.145844
v 2.204441 8.478827 -2.184124
v 3.006601 8.478827 -3.384641
v -2.486123 8.113796 -3.513929
v -2.734778 8.113796 -3.464468
v -2.945577 8.113796 -3.323618
v -3.086430 8.113796 -3.112819
v -3.135891 8.113796 -2.864161
v -3.086430 8.113796 -2.615507
v -2.945577 8.113796 -2.404707
v -2.734778 8.113796 -2.263855
v -2.486123 8.113796 -2.214396
v -2.237466 8.113796 -2.263855
v -2.026667 8.113796 -2.404707
v -2.486123 8.846601 -2.864164
v -2.486123 7.981881 -2.864161
v -2.486123 8.797014 -3.794572
v -2.486123 8.846601 -3.768110
v -2.832050 8.846601 -3.699301
v -2.842176 8.797014 -3.723749
v -3.125309 8.846601 -3.503350
v -3.144021 8.797014 -3.522062
v -3.321263 8.846601 -3.210088
v -3.345710 8.797014 -3.220215
v -3.390069 8.846601 -2.864161
v -3.416532 8.797014 -2.864161
v -3.321263 8.846601 -2.518237
v -3.345710 8.797014 -2.508110
v -3.125309 8.846601 -2.224975
v -3.144021 8.797014 -2.206264
v -2.832050 8.846601 -2.029024
v -2.842176 8.797014 -2.004575
v -2.486123 8.846601 -1.960215
v -2.486123 8.797014 -1.933753
v -2.140195 8.846601 -2.029024
v -2.130069 8.797014 -2.004576
v -1.846935 8.846601 -2.224976
v -1.828224 8.797014 -2.206264
v -2.486123 8.113796 -3.631518
v -2.779778 8.113796 -3.573106
v -3.028726 8.113796 -3.406766
v -3.195068 8.113796 -3.157819
v -3.253479 8.113796 -2.864161
v -3.195068 8.113796 -2.570508
v -3.028725 8.113796 -2.321559
v -2.779778 8.113796 -2.155218
v -2.486123 8.113796 -2.096806
v -2.192467 8.113796 -2.155218
v -1.943520 8.113796 -2.321559
v -2.486123 7.981881 -3.606309
v -2.770132 7.981881 -3.549818
v -3.010900 7.981881 -3.388940
v -3.171779 7.981881 -3.148172
v -3.228271 7.981881 -2.864161
v -3.171779 7.981881 -2.580154
v -3.010900 7.981881 -2.339384
v -2.770132 7.981881 -2.178507
v -2.486123 7.981881 -2.122015
v -2.202114 7.981881 -2.178508
v -1.961345 7.981881 -2.339384
v -2.486123 8.478827 -2.128095
v -2.767805 8.478827 -3.544200
v -2.767805 8.478827 -2.184124
v -2.486123 8.478827 -3.600229
v -3.006601 8.478827 -2.343684
v -3.166162 8.478827 -2.582482
v -3.222191 8.478827 -2.864161
v -1.965644 8.478827 -2.343684
v -3.166162 8.478827 -3.145844
v -2.204441 8.478827 -2.184124
v -3.006601 8.478827 -3.384641
v 2.486123 8.113796 3.513929
v 2.734778 8.113796 3.464468
v 2.945577 8.113796 3.323618
v 3.086430 8.113796 3.112819
v 3.135891 8.113796 2.864161
v 3.086430 8.113796 2.615507
v 2.945577 8.113796 2.404707
v 2.734778 8.113796 2.263855
v 2.486123 8.113796 2.214396
v 2.237466 8.113796 2.263855
v 2.026667 8.113796 2.404707
v 2.486123 8.846601 2.864164
v 2.486123 7.981881 2.864161
v 2.486123 8.797014 3.794572
v 2.486123 8.846601 3.768110
v 2.832050 8.846601 3.699301
v 2.842176 8.797014 3.723749
v 3.125309 8.846601 3.503350
v 3.144021 8.797014 3.522062
v 3.321263 8.846601 3.210088
v 3.345710 8.797014 3.220215
v 3.390069 8.846601 2.864161
v 3.416532 8.797014 2.864161
v 3.321263 8.846601 2.518237
v 3.345710 8.797014 2.508110
v 3.125309 8.846601 2.224975
v 3.144021 8.797014 2.206264
v 2.832050 8.846601 2.029024
v 2.842176 8.797014 2.004575
v 2.486123 8.846601 1.960215
v 2.486123 8.797014 1.933753
v 2.140195 8.846601 2.029024
v 2.130069 8.797014 2.004576
v 1.846935 8.846601 2.224976
v 1.828224 8.797014 2.206264
v 2.486123 8.113796 3.631518
v 2.779778 8.113796 3.573106
v 3.028726 8.113796 3.406766
v 3.195068 8.113796 3.157819
v 3.253479 8.113796 2.864161
v 3.195068 8.113796 2.570508
v 3.028725 8.113796 2.321559
v 2.779778 8.113796 2.155218
v 2.486123 8.113796 2.096806
v 2.192467 8.113796 2.155218
v 1.943520 8.113796 2.321559
v 2.486123 7.981881 3.606309
v 2.770132 7.981881 3.549818
v 3.010900 7.981881 3.388940
v 3.171779 7.981881 3.148172
v 3.228271 7.981881 2.864161
v 3.171779 7.981881 2.580154
v 3.010900 7.981881 2.339384
v 2.770132 7.981881 2.178507
v 2.486123 7.981881 2.122015
v 2.202114 7.981881 2.178508
v 1.961345 7.981881 2.339384
v 2.486123 8.478827 2.128095
v 2.767805 8.478827 3.544200
v 2.767805 8.478827 2.184124
v 2.486123 8.478827 3.600229
v 3.006601 8.478827 2.343684
v 3.166162 8.478827 2.582482
v 3.222191 8.478827 2.864161
v 1.965644 8.478827 2.343684
v 3.166162 8.478827 3.145844
v 2.204441 8.478827 2.184124
v 3.006601 8.478827 3.384641
v -2.486123 8.113796 3.513929
v -2.734778 8.113796 3.464468
v -2.945577 8.113796 3.323618
v -3.086430 8.113796 3.112819
v -3.135891 8.113796 2.864161
v -3.086430 8.113796 2.615507
v -2.945577 8.113796 2.404707
v -2.734778 8.113796 2.263855
v -2.486123 8.113796 2.214396
v -2.237466 8.113796 2.263855
v -2.026667 8.113796 2.404707
v -2.486123 8.846601 2.864164
v -2.486123 7.981881 2.864161
v -2.486123 8.797014 3.794572
v -2.486123 8.846601 3.768110
v -2.832050 8.846601 3.699301
v -2.842176 8.797014 3.723749
v -3.125309 8.846601 3.503350
v -3.144021 8.797014 3.522062
v -3.321263 8.846601 3.210088
v -3.345710 8.797014 3.220215
v -3.390069 8.846601 2.864161
v -3.416532 8.797014 2.864161
v -3.321263 8.846601 2.518237
v -3.345710 8.797014 2.508110
v -3.125309 8.846601 2.224975
v -3.144021 8.797014 2.206264
v -2.832050 8.846601 2.029024
v -2.842176 8.797014 2.004575
v -2.486123 8.846601 1.960215
v -2.486123 8.797014 1.933753
v -2.140195 8.846601 2.029024
v -2.130069 8.797014 2.004576
v -1.846935 8.846601 2.224976
v -1.828224 8.797014 2.206264
v -2.486123 8.113796 3.631518
v -2.779778 8.113796 3.573106
v -3.028726 8.113796 3.406766
v -3.195068 8.113796 3.157819
v -3.253479 8.113796 2.864161
v -3.195068 8.113796 2.570508
v -3.028725 8.113796 2.321559
v -2.779778 8.113796 2.155218
v -2.486123 8.113796 2.096806
v -2.192467 8.113796 2.155218
v -1.943520 8.113796 2.321559
v -2.486123 7.981881 3.606309
v -2.770132 7.981881 3.549818
v -3.010900 7.981881 3.388940
v -3.171779 7.981881 3.148172
v -3.228271 7.981881 2.864161
v -3.171779 7.981881 2.580154
v -3.010900 7.981881 2.339384
v -2.770132 7.981881 2.178507
v -2.486123 7.981881 2.122015
v -2.202114 7.981881 2.178508
v -1.961345 7.981881 2.339384
v -2.486123 8.478827 2.128095
v -2.767805 8.478827 3.544200
v -2.767805 8.478827 2.184124
v -2.486123 8.478827 3.600229
v -3.006601 8.478827 2.343684
v -3.166162 8.478827 2.582482
v -3.222191 8.478827 2.864161
v -1.965644 8.478827 2.343684
v -3.166162 8.478827 3.145844
v -2.204441 8.478827 2.184124
v -3.006601 8.478827 3.384641
vt 0.965508 0.982616
vt 0.881666 0.990874
vt 0.902830 0.775991
vt 0.923993 0.561110
vt 0.840150 0.569368
vt 0.193342 0.180448
vt 0.271476 0.180448
vt 0.271476 0.263132
vt 0.193342 0.263132
vt 0.870804 0.430955
vt 0.802233 0.430955
vt 0.802233 0.410236
vt 0.870804 0.410236
vt 0.818415 0.180448
vt 0.818415 0.098139
vt 0.896549 0.098139
vt 0.896549 0.180448
vt 1.039809 0.942901
vt 0.712403 0.674207
vt 0.687947 0.754828
vt 0.765850 0.609082
vt 0.801044 0.966418
vt 0.696205 0.838671
vt 0.735920 0.912971
vt 0.740281 0.180448
vt 0.740280 0.098139
vt 0.662147 0.180448
vt 0.662147 0.098139
vt 0.584013 0.180448
vt 0.584012 0.098139
vt 0.505879 0.180448
vt 0.505879 0.098139
vt 0.427744 0.180448
vt 0.427744 0.098139
vt 0.974683 0.180448
vt 0.974683 0.098139
vt 0.349610 0.180448
vt 0.271476 0.098139
vt 0.349610 0.098139
vt 0.733662 0.430955
vt 0.665091 0.430956
vt 0.665091 0.410236
vt 0.733662 0.410236
vt 0.896549 0.263131
vt 0.818415 0.263132
vt 0.193342 0.098139
vt 0.193342 0.085754
vt 0.271476 0.085754
vt 0.740280 0.263132
vt 0.662147 0.263132
vt 0.584013 0.263132
vt 0.505879 0.263132
vt 0.427744 0.263132
vt 0.349610 0.263132
vt 0.974683 0.263131
vt 0.253666 0.401183
vt 0.253666 0.383560
vt 0.322237 0.383560
vt 0.322237 0.401183
vt 0.459378 0.401183
vt 0.390808 0.401183
vt 0.390808 0.383560
vt 0.459378 0.383560
vt 0.596520 0.401183
vt 0.527949 0.401183
vt 0.527949 0.383560
vt 0.596520 0.383560
vt 0.596520 0.430956
vt 0.527949 0.430956
vt 0.527949 0.410236
vt 0.596520 0.410236
vt 0.665091 0.401183
vt 0.665091 0.383560
vt 0.527498 0.731474
vt 0.478122 0.894240
vt 0.419593 0.862955
vt 0.802233 0.401183
vt 0.733662 0.401183
vt 0.733662 0.383560
vt 0.802233 0.383560
vt 0.607678 0.881481
vt 0.544169 0.900745
vt 0.576874 0.568708
vt 0.510827 0.562202
vt 0.658979 0.839379
vt 0.635403 0.599992
vt 0.677505 0.651294
vt 0.459378 0.430956
vt 0.459378 0.410236
vt 0.322237 0.430956
vt 0.253666 0.430956
vt 0.253666 0.410236
vt 0.322237 0.410236
vt 0.390808 0.430956
vt 0.390808 0.410236
vt 0.870804 0.383560
vt 0.870804 0.401183
vt 0.185095 0.430956
vt 0.185095 0.410236
vt 0.185095 0.401183
vt 0.185095 0.383560
vt 0.696770 0.714803
vt 0.690264 0.780849
vt 0.349610 0.085754
vt 0.427744 0.085754
vt 0.505879 0.085754
vt 0.584012 0.085754
vt 0.662147 0.085754
vt 0.740280 0.085754
vt 0.818415 0.085754
vt 0.896549 0.085754
vt 0.974683 0.085754
vt 1.600250 1.411255
vt 1.537572 1.204630
vt 1.516407 1.419512
vt 1.558735 0.989749
vt 1.474892 0.998006
vt 0.828083 0.609087
vt 0.828083 0.691770
vt 0.906218 0.691770
vt 0.906218 0.609086
vt 1.505546 0.859594
vt 1.505546 0.838875
vt 1.436975 0.838875
vt 1.436975 0.859594
vt 1.453156 0.609086
vt 1.531291 0.609086
vt 1.531291 0.526777
vt 1.453156 0.526777
vt 1.674551 1.371540
vt 1.347145 1.102846
vt 1.322689 1.183467
vt 1.400592 1.037721
vt 1.435786 1.395056
vt 1.330947 1.267309
vt 1.370662 1.341610
vt 1.375022 0.526777
vt 1.375022 0.609086
vt 1.296888 0.609086
vt 1.296888 0.526777
vt 1.218754 0.526777
vt 1.218754 0.609086
vt 1.140620 0.526777
vt 1.140620 0.609086
vt 1.062486 0.526777
vt 1.062486 0.609086
vt 1.609424 0.609086
vt 1.609424 0.526777
vt 0.984352 0.609086
vt 0.984352 0.526777
vt 0.906218 0.526777
vt 1.368404 0.859594
vt 1.368404 0.838875
vt 1.299833 0.838875
vt 1.299833 0.859594
vt 1.453156 0.691770
vt 1.531291 0.691770
vt 0.906218 0.514392
vt 0.828083 0.514392
vt 0.828083 0.526777
vt 1.296888 0.691770
vt 1.375022 0.691770
vt 1.218754 0.691770
vt 1.140620 0.691770
vt 1.062486 0.691770
vt 0.984352 0.691770
vt 1.609424 0.691770
vt 0.888407 0.829822
vt 0.956978 0.829822
vt 0.956978 0.812199
vt 0.888407 0.812199
vt 1.094120 0.829822
vt 1.094120 0.812199
vt 1.025550 0.812199
vt 1.025550 0.829822
vt 1.231262 0.829822
vt 1.231262 0.812199
vt 1.162691 0.812199
vt 1.162691 0.829822
vt 1.231262 0.859594
vt 1.231262 0.838875
vt 1.162691 0.838875
vt 1.162691 0.859594
vt 1.299833 0.829822
vt 1.299833 0.812199
vt 1.162240 1.160113
vt 1.054335 1.291594
vt 1.112864 1.322879
vt 1.436975 0.829822
vt 1.436975 0.812199
vt 1.368404 0.812199
vt 1.368404 0.829822
vt 1.178911 1.329384
vt 1.242419 1.310119
vt 1.211615 0.997346
vt 1.145569 0.990841
vt 1.293721 1.268017
vt 1.270145 1.028631
vt 1.312247 1.079932
vt 1.094120 0.838875
vt 1.094120 0.859594
vt 0.956978 0.859594
vt 0.956978 0.838875
vt 0.888407 0.838875
vt 0.888407 0.859594
vt 1.025550 0.838875
vt 1.025550 0.859594
vt 1.505546 0.829822
vt 1.505546 0.812199
vt 0.819837 0.838875
vt 0.819837 0.859594
vt 0.819837 0.829822
vt 0.819837 0.812199
vt 1.331512 1.143441
vt 1.325006 1.209488
vt 0.984352 0.514392
vt 1.062486 0.514392
vt 1.140620 0.514392
vt 1.218754 0.514392
vt 1.296888 0.514392
vt 1.375022 0.514392
vt 1.453156 0.514392
vt 1.531291 0.514392
vt 1.609424 0.514392
vt 1.600250 1.411255
vt 1.537572 1.204630
vt 1.516407 1.419512
vt 1.558735 0.989749
vt 1.474892 0.998006
vt 0.828083 0.609087
vt 0.828083 0.691770
vt 0.906218 0.691770
vt 0.906218 0.609086
vt 1.505546 0.859594
vt 1.505546 0.838875
vt 1.436975 0.838875
vt 1.436975 0.859594
vt 1.453156 0.609086
vt 1.531291 0.609086
vt 1.531291 0.526777
vt 1.453156 0.526777
vt 1.674551 1.371540
vt 1.347145 1.102846
vt 1.322689 1.183467
vt 1.400592 1.037721
vt 1.435786 1.395056
vt 1.330947 1.267309
vt 1.370662 1.341610
vt 1.375022 0.526777
vt 1.375022 0.609086
vt 1.296888 0.609086
vt 1.296888 0.526777
vt 1.218754 0.526777
vt 1.218754 0.609086
vt 1.140620 0.526777
vt 1.140620 0.609086
vt 1.062486 0.526777
vt 1.062486 0.609086
vt 1.609424 0.609086
vt 1.609424 0.526777
vt 0.984352 0.609086
vt 0.984352 0.526777
vt 0.906218 0.526777
vt 1.368404 0.859594
vt 1.368404 0.838875
vt 1.299833 0.838875
vt 1.299833 0.859594
vt 1.453156 0.691770
vt 1.531291 0.691770
vt 0.906218 0.514392
vt 0.828083 0.514392
vt 0.828083 0.526777
vt 1.296888 0.691770
vt 1.375022 0.691770
vt 1.218754 0.691770
vt 1.140620 0.691770
vt 1.062486 0.691770
vt 0.984352 0.691770
vt 1.609424 0.691770
vt 0.888407 0.829822
vt 0.956978 0.829822
vt 0.956978 0.812199
vt 0.888407 0.812199
vt 1.094120 0.829822
vt 1.094120 0.812199
vt 1.025550 0.812199
vt 1.025550 0.829822
vt 1.231262 0.829822
vt 1.231262 0.812199
vt 1.162691 0.812199
vt 1.162691 0.829822
vt 1.231262 0.859594
vt 1.231262 0.838875
vt 1.162691 0.838875
vt 1.162691 0.859594
vt 1.299833 0.829822
vt 1.299833 0.812199
vt 1.162240 1.160113
vt 1.054335 1.291594
vt 1.112864 1.322879
vt 1.436975 0.829822
vt 1.436975 0.812199
vt 1.368404 0.812199
vt 1.368404 0.829822
vt 1.178911 1.329384
vt 1.242419 1.310119
vt 1.211615 0.997346
vt 1.145569 0.990841
vt 1.293721 1.268017
vt 1.270145 1.028631
vt 1.312247 1.079932
vt 1.094120 0.838875
vt 1.094120 0.859594
vt 0.956978 0.859594
vt 0.956978 0.838875
vt 0.888407 0.838875
vt 0.888407 0.859594
vt 1.025550 0.838875
vt 1.025550 0.859594
vt 1.505546 0.829822
vt 1.505546 0.812199
vt 0.819837 0.838875
vt 0.819837 0.859594
vt 0.819837 0.829822
vt 0.819837 0.812199
vt 1.331512 1.143441
vt 1.325006 1.209488
vt 0.984352 0.514392
vt 1.062486 0.514392
vt 1.140620 0.514392
vt 1.218754 0.514392
vt 1.296888 0.514392
vt 1.375022 0.514392
vt 1.453156 0.514392
vt 1.531291 0.514392
vt 1.609424 0.514392
vt 2.234992 1.839893
vt 2.151149 1.848151
vt 2.172313 1.633268
vt 2.193477 1.418387
vt 2.109634 1.426645
vt 1.462825 1.037725
vt 1.540960 1.037725
vt 1.540960 1.120408
vt 1.462825 1.120408
vt 2.140287 1.288232
vt 2.071716 1.288232
vt 2.071716 1.267513
vt 2.140287 1.267513
vt 2.087898 1.037725
vt 2.087898 0.955416
vt 2.166032 0.955416
vt 2.166032 1.037725
vt 2.309292 1.800178
vt 1.981887 1.531484
vt 1.957431 1.612105
vt 2.035334 1.466359
vt 2.070528 1.823695
vt 1.965688 1.695948
vt 2.005404 1.770248
vt 2.009764 1.037725
vt 2.009764 0.955416
vt 1.931630 1.037725
vt 1.931630 0.955416
vt 1.853496 1.037725
vt 1.853496 0.955416
vt 1.775362 1.037725
vt 1.775362 0.955416
vt 1.697228 1.037725
vt 1.697228 0.955416
vt 2.244166 1.037725
vt 2.244166 0.955416
vt 1.619093 1.037725
vt 1.540960 0.955416
vt 1.619093 0.955416
vt 2.003146 1.288232
vt 1.934575 1.288232
vt 1.934575 1.267513
vt 2.003146 1.267513
vt 2.166032 1.120408
vt 2.087898 1.120408
vt 1.462825 0.955416
vt 1.462825 0.943031
vt 1.540960 0.943031
vt 2.009764 1.120408
vt 1.931630 1.120408
vt 1.853496 1.120408
vt 1.775362 1.120408
vt 1.697228 1.120408
vt 1.619093 1.120408
vt 2.244166 1.120408
vt 1.523149 1.258460
vt 1.523149 1.240837
vt 1.591720 1.240837
vt 1.591720 1.258460
vt 1.728862 1.258460
vt 1.660291 1.258460
vt 1.660291 1.240837
vt 1.728862 1.240837
vt 1.866004 1.258460
vt 1.797433 1.258460
vt 1.797433 1.240837
vt 1.866004 1.240837
vt 1.866004 1.288232
vt 1.797433 1.288232
vt 1.797433 1.267513
vt 1.866004 1.267513
vt 1.934575 1.258460
vt 1.934575 1.240837
vt 1.796981 1.588751
vt 1.747606 1.751517
vt 1.689077 1.720232
vt 2.071716 1.258460
vt 2.003146 1.258460
vt 2.003146 1.240837
vt 2.071716 1.240837
vt 1.877161 1.738757
vt 1.813653 1.758022
vt 1.846357 1.425985
vt 1.780310 1.419479
vt 1.928463 1.696656
vt 1.904886 1.457269
vt 1.946989 1.508571
vt 1.728862 1.288232
vt 1.728862 1.267513
vt 1.591720 1.288232
vt 1.523149 1.288232
vt 1.523149 1.267513
vt 1.591720 1.267513
vt 1.660291 1.288232
vt 1.660291 1.267513
vt 2.140287 1.240837
vt 2.140287 1.258460
vt 1.454579 1.288232
vt 1.454579 1.267513
vt 1.454579 1.258460
vt 1.454579 1.240837
vt 1.966253 1.572080
vt 1.959748 1.638126
vt 1.619093 0.943031
vt 1.697228 0.943031
vt 1.775362 0.943031
vt 1.853496 0.943031
vt 1.931630 0.943031
vt 2.009764 0.943031
vt 2.087898 0.943031
vt 2.166032 0.943031
vt 2.244166 0.943031
vn 0.0000 1.0000 0.0000
vn 0.1716 -0.4753 -0.8629
vn 0.3352 -0.4824 -0.8093
vn 0.3724 -0.2301 -0.8991
vn 0.1900 -0.2259 -0.9554
vn 0.0000 -0.4824 0.8759
vn -0.0000 -0.5212 0.8534
vn -0.3266 -0.5212 0.7884
vn -0.3352 -0.4824 0.8093
vn 0.3352 -0.4824 0.8093
vn 0.3266 -0.5212 0.7884
vn 0.6194 -0.4824 0.6193
vn 0.6035 -0.5212 0.6035
vn 0.8093 -0.4824 0.3352
vn 0.7884 -0.5212 0.3266
vn 0.8759 -0.4824 -0.0000
vn 0.8534 -0.5212 0.0000
vn 0.8092 -0.4824 -0.3352
vn 0.7884 -0.5212 -0.3266
vn -0.4888 -0.4753 0.7316
vn -0.4766 -0.5139 0.7133
vn 0.6194 -0.4824 -0.6194
vn 0.3266 -0.5212 -0.7884
vn 0.6035 -0.5212 -0.6035
vn -0.3724 -0.2301 0.8991
vn -0.0000 -0.2301 0.9732
vn 0.3376 0.4708 -0.8151
vn 0.1728 0.4637 -0.8690
vn 0.3724 -0.2301 0.8991
vn 0.6881 -0.2301 0.6881
vn 0.8991 -0.2301 0.3724
vn 0.9732 -0.2301 0.0000
vn 0.8991 -0.2301 -0.3724
vn 0.6881 -0.2301 -0.6881
vn -0.5412 -0.2259 0.8100
vn -0.3759 -0.1877 0.9075
vn -0.0000 -0.1877 0.9822
vn 0.6945 -0.1877 0.6945
vn 0.3759 -0.1877 0.9075
vn 0.9822 -0.1877 0.0000
vn 0.9075 -0.1877 0.3759
vn 0.9075 -0.1877 -0.3759
vn 0.0000 -1.0000 0.0000
vn 0.3759 -0.1877 -0.9075
vn 0.6945 -0.1877 -0.6945
vn 0.1674 -0.5139 -0.8414
vn 0.1917 -0.1842 -0.9640
vn -0.5461 -0.1842 0.8172
vn 0.6238 0.4708 -0.6238
vn 0.8151 0.4708 -0.3376
vn 0.8822 0.4708 0.0000
vn 0.8151 0.4708 0.3376
vn 0.6238 0.4708 0.6238
vn 0.3376 0.4708 0.8151
vn -0.0000 0.4708 0.8822
vn -0.3376 0.4708 0.8151
vn -0.4922 0.4637 0.7367
vn -0.1716 -0.4753 -0.8629
vn -0.1900 -0.2259 -0.9554
vn -0.3724 -0.2301 -0.8991
vn -0.3352 -0.4824 -0.8093
vn -0.6194 -0.4824 0.6194
vn -0.6035 -0.5212 0.6035
vn -0.7884 -0.5212 0.3266
vn -0.8093 -0.4824 0.3352
vn -0.8534 -0.5212 0.0000
vn -0.8759 -0.4824 -0.0000
vn -0.7884 -0.5212 -0.3266
vn -0.8093 -0.4824 -0.3352
vn 0.4888 -0.4753 0.7316
vn 0.4766 -0.5139 0.7133
vn -0.6194 -0.4824 -0.6194
vn -0.6035 -0.5212 -0.6035
vn -0.3266 -0.5212 -0.7884
vn -0.3376 0.4708 -0.8151
vn -0.1728 0.4637 -0.8690
vn -0.6881 -0.2301 0.6881
vn -0.8991 -0.2301 0.3724
vn -0.9732 -0.2301 0.0000
vn -0.8991 -0.2301 -0.3724
vn -0.6881 -0.2301 -0.6881
vn 0.5412 -0.2259 0.8100
vn -0.6945 -0.1877 0.6945
vn -0.9822 -0.1877 0.0000
vn -0.9075 -0.1877 0.3759
vn -0.9075 -0.1877 -0.3759
vn -0.3759 -0.1877 -0.9075
vn -0.6945 -0.1877 -0.6945
vn -0.1674 -0.5139 -0.8414
vn -0.1917 -0.1842 -0.9640
vn 0.5461 -0.1842 0.8172
vn -0.6238 0.4708 -0.6238
vn -0.8151 0.4708 -0.3376
vn -0.8822 0.4708 0.0000
vn -0.8151 0.4708 0.3376
vn -0.6238 0.4708 0.6238
vn 0.4922 0.4637 0.7367
vn 0.1716 -0.4753 0.8629
vn 0.1900 -0.2259 0.9554
vn 0.0000 -0.4824 -0.8759
vn -0.0000 -0.5212 -0.8534
vn 0.8093 -0.4824 -0.3352
vn -0.4888 -0.4753 -0.7316
vn -0.4766 -0.5139 -0.7133
vn 0.6194 -0.4824 0.6194
vn -0.0000 -0.2301 -0.9732
vn 0.1728 0.4637 0.8690
vn -0.5412 -0.2259 -0.8100
vn -0.0000 -0.1877 -0.9822
vn 0.1674 -0.5139 0.8414
vn 0.1917 -0.1842 0.9640
vn -0.5461 -0.1842 -0.8172
vn -0.0000 0.4708 -0.8822
vn -0.4922 0.4637 -0.7367
vn -0.1716 -0.4753 0.8629
vn -0.1900 -0.2259 0.9554
vn -0.6194 -0.4824 -0.6193
vn -0.8092 -0.4824 0.3352
vn 0.4888 -0.4753 -0.7316
vn 0.4766 -0.5139 -0.7133
vn -0.1728 0.4637 0.8690
vn 0.5412 -0.2259 -0.8100
vn -0.1674 -0.5139 0.8414
vn -0.1917 -0.1842 0.9640
vn 0.5461 -0.1842 -0.8172
vn 0.4922 0.4637 -0.7367
usemtl sandstone
s 1
f 224/585/25 222/586/25 204/587/25
f 207/588/25 204/587/25 208/589/25
f 253/590/26 251/591/27 194/592/28 193/593/29
f 193/594/25 194/595/25 229/596/25 228/597/25
f 250/598/30 223/599/31 225/600/32 259/601/33
f 224/585/25 204/587/25 226/602/25
f 212/603/25 204/587/25 214/604/25
f 210/605/25 208/589/25 204/587/25
f 220/606/25 204/587/25 222/586/25
f 214/604/25 204/587/25 216/607/25
f 216/607/25 204/587/25 218/608/25
f 218/608/25 204/587/25 220/606/25
f 210/605/25 204/587/25 212/603/25
f 223/599/31 250/598/30 252/609/34 221/610/35
f 254/611/36 219/612/37 221/610/35 252/609/34
f 254/611/36 255/613/38 217/614/39 219/612/37
f 255/613/38 256/615/40 215/616/41 217/614/39
f 256/615/40 258/617/42 213/618/43 215/616/41
f 257/619/44 259/601/33 225/600/32 227/620/45
f 260/621/46 251/591/27 209/622/47 211/623/48
f 258/617/42 260/621/46 211/623/48 213/618/43
f 195/624/25 196/625/25 231/626/25 230/627/25
f 250/598/30 259/601/33 202/628/49 201/629/50
f 209/622/51 206/630/52 207/631/52 208/632/51
f 254/611/36 252/609/34 200/633/53 199/634/54
f 255/613/38 254/611/36 199/634/54 198/635/55
f 256/615/40 255/613/38 198/635/55 197/636/56
f 258/617/42 256/615/40 197/636/56 196/637/57
f 260/621/46 258/617/42 196/637/57 195/638/58
f 251/591/27 260/621/46 195/638/58 194/592/28
f 259/601/33 257/619/44 203/639/59 202/628/49
f 237/640/60 248/641/60 247/642/61 236/643/61
f 234/644/62 235/645/63 246/646/63 245/647/62
f 232/648/64 233/649/65 244/650/65 243/651/64
f 197/652/25 198/653/25 233/654/25 232/655/25
f 231/656/66 232/648/64 243/651/64 242/657/66
f 205/658/67 248/659/67 249/660/67
f 229/661/68 230/662/69 241/663/69 240/664/68
f 205/658/67 246/665/67 247/666/67
f 194/595/25 195/624/25 230/627/25 229/596/25
f 253/590/26 206/630/70 209/622/47 251/591/27
f 205/658/67 247/666/67 248/659/67
f 240/667/67 205/658/67 239/668/67
f 205/658/67 245/669/67 246/665/67
f 241/670/67 242/671/67 205/658/67
f 198/653/25 199/672/25 234/673/25 233/654/25
f 230/662/69 231/656/66 242/657/66 241/663/69
f 196/625/25 197/652/25 232/655/25 231/626/25
f 201/674/25 202/675/25 237/676/25 236/677/25
f 233/649/65 234/644/62 245/647/62 244/650/65
f 199/672/25 200/678/25 235/679/25 234/673/25
f 229/661/68 240/664/68 239/680/71 228/681/71
f 202/675/25 203/682/25 238/683/25 237/676/25
f 235/645/63 236/643/61 247/642/61 246/646/63
f 238/684/72 249/685/72 248/641/60 237/640/60
f 252/609/34 250/598/30 201/629/50 200/633/53
f 205/658/67 240/667/67 241/670/67
f 243/686/67 205/658/67 242/671/67
f 205/658/67 244/687/67 245/669/67
f 205/658/67 243/686/67 244/687/67
f 211/623/73 209/622/51 208/632/51 210/688/73
f 213/618/74 211/623/73 210/688/73 212/689/74
f 215/616/75 213/618/74 212/689/74 214/690/75
f 217/614/76 215/616/75 214/690/75 216/691/76
f 219/612/77 217/614/76 216/691/76 218/692/77
f 221/610/78 219/612/77 218/692/77 220/693/78
f 223/599/79 221/610/78 220/693/78 222/694/79
f 225/600/80 223/599/79 222/694/79 224/695/80
f 227/620/81 225/600/80 224/695/80 226/696/81
f 200/678/25 201/674/25 236/677/25 235/679/25
f 292/697/25 272/698/25 290/699/25
f 275/700/25 276/701/25 272/698/25
f 321/702/82 261/703/83 262/704/84 319/705/85
f 261/706/25 296/707/25 297/708/25 262/709/25
f 318/710/30 327/711/34 293/712/35 291/713/31
f 292/697/25 294/714/25 272/698/25
f 280/715/25 282/716/25 272/698/25
f 278/717/25 272/698/25 276/701/25
f 288/718/25 290/699/25 272/698/25
f 282/716/25 284/719/25 272/698/25
f 284/719/25 286/720/25 272/698/25
f 286/720/25 288/718/25 272/698/25
f 278/717/25 280/715/25 272/698/25
f 291/713/31 289/721/32 320/722/33 318/710/30
f 322/723/86 320/722/33 289/721/32 287/724/87
f 322/723/86 287/724/87 285/725/88 323/726/89
f 323/726/89 285/725/88 283/727/90 324/728/91
f 324/728/91 283/727/90 281/729/92 326/730/93
f 325/731/94 295/732/95 293/712/35 327/711/34
f 328/733/96 279/734/97 277/735/98 319/705/85
f 326/730/93 281/729/92 279/734/97 328/733/96
f 263/736/25 298/737/25 299/738/25 264/739/25
f 318/710/30 269/740/50 270/741/53 327/711/34
f 277/735/99 276/742/99 275/743/100 274/744/100
f 322/723/86 267/745/101 268/746/49 320/722/33
f 323/726/89 266/747/102 267/745/101 322/723/86
f 324/728/91 265/748/103 266/747/102 323/726/89
f 326/730/93 264/749/104 265/748/103 324/728/91
f 328/733/96 263/750/105 264/749/104 326/730/93
f 319/705/85 262/704/84 263/750/105 328/733/96
f 327/711/34 270/741/53 271/751/106 325/731/94
f 305/752/63 304/753/61 315/754/61 316/755/63
f 302/756/107 313/757/107 314/758/60 303/759/60
f 300/760/108 311/761/108 312/762/109 301/763/109
f 265/764/25 300/765/25 301/766/25 266/767/25
f 299/768/110 310/769/110 311/761/108 300/760/108
f 273/770/67 317/771/67 316/772/67
f 297/773/111 308/774/111 309/775/112 298/776/112
f 273/770/67 315/777/67 314/778/67
f 262/709/25 297/708/25 298/737/25 263/736/25
f 321/702/82 319/705/85 277/735/98 274/744/113
f 273/770/67 316/772/67 315/777/67
f 308/779/67 307/780/67 273/770/67
f 273/770/67 314/778/67 313/781/67
f 309/782/67 273/770/67 310/783/67
f 266/767/25 301/766/25 302/784/25 267/785/25
f 298/776/112 309/775/112 310/769/110 299/768/110
f 264/739/25 299/738/25 300/765/25 265/764/25
f 269/786/25 304/787/25 305/788/25 270/789/25
f 301/763/109 312/762/109 313/757/107 302/756/107
f 267/785/25 302/784/25 303/790/25 268/791/25
f 297/773/111 296/792/114 307/793/114 308/774/111
f 270/789/25 305/788/25 306/794/25 271/795/25
f 303/759/60 314/758/60 315/754/61 304/753/61
f 306/796/115 305/752/63 316/755/63 317/797/115
f 320/722/33 268/746/49 269/740/50 318/710/30
f 273/770/67 309/782/67 308/779/67
f 311/798/67 310/783/67 273/770/67
f 273/770/67 313/781/67 312/799/67
f 273/770/67 312/799/67 311/798/67
f 279/734/116 278/800/116 276/742/99 277/735/99
f 281/729/117 280/801/117 278/800/116 279/734/116
f 283/727/118 282/802/118 280/801/117 281/729/117
f 285/725/119 284/803/119 282/802/118 283/727/118
f 287/724/120 286/804/120 284/803/119 285/725/119
f 289/721/80 288/805/80 286/804/120 287/724/120
f 291/713/79 290/806/79 288/805/80 289/721/80
f 293/712/78 292/807/78 290/806/79 291/713/79
f 295/732/121 294/808/121 292/807/78 293/712/78
f 268/791/25 303/790/25 304/787/25 269/786/25
f 360/809/25 340/810/25 358/811/25
f 343/812/25 344/813/25 340/810/25
f 389/814/122 329/815/123 330/816/53 387/817/34
f 329/818/25 364/819/25 365/820/25 330/821/25
f 386/822/124 395/823/85 361/824/98 359/825/125
f 360/809/25 362/826/25 340/810/25
f 348/827/25 350/828/25 340/810/25
f 346/829/25 340/810/25 344/813/25
f 356/830/25 358/811/25 340/810/25
f 350/828/25 352/831/25 340/810/25
f 352/831/25 354/832/25 340/810/25
f 354/832/25 356/830/25 340/810/25
f 346/829/25 348/827/25 340/810/25
f 359/825/125 357/833/47 388/834/27 386/822/124
f 390/835/46 388/834/27 357/833/47 355/836/48
f 390/835/46 355/836/48 353/837/43 391/838/126
f 391/838/126 353/837/43 351/839/41 392/840/40
f 392/840/40 351/839/41 349/841/39 394/842/38
f 393/843/127 363/844/128 361/824/98 395/823/85
f 396/845/129 347/846/37 345/847/35 387/817/34
f 394/842/38 349/841/39 347/846/37 396/845/129
f 331/848/25 366/849/25 367/850/25 332/851/25
f 386/822/124 337/852/130 338/853/84 395/823/85
f 345/847/78 344/854/78 343/855/131 342/856/131
f 390/835/46 335/857/58 336/858/28 388/834/27
f 391/838/126 334/859/57 335/857/58 390/835/46
f 392/840/40 333/860/56 334/859/57 391/838/126
f 394/842/38 332/861/55 333/860/56 392/840/40
f 396/845/129 331/862/54 332/861/55 394/842/38
f 387/817/34 330/816/53 331/862/54 396/845/129
f 395/823/85 338/853/84 339/863/132 393/843/127
f 373/864/111 372/865/133 383/866/133 384/867/111
f 370/868/69 381/869/69 382/870/68 371/871/68
f 368/872/64 379/873/64 380/874/66 369/875/66
f 333/876/25 368/877/25 369/878/25 334/879/25
f 367/880/65 378/881/65 379/873/64 368/872/64
f 341/882/67 385/883/67 384/884/67
f 365/885/63 376/886/63 377/887/62 366/888/62
f 341/882/67 383/889/67 382/890/67
f 330/821/25 365/820/25 366/849/25 331/848/25
f 389/814/122 387/817/34 345/847/35 342/856/134
f 341/882/67 384/884/67 383/889/67
f 376/891/67 375/892/67 341/882/67
f 341/882/67 382/890/67 381/893/67
f 377/894/67 341/882/67 378/895/67
f 334/879/25 369/878/25 370/896/25 335/897/25
f 366/888/62 377/887/62 378/881/65 367/880/65
f 332/851/25 367/850/25 368/877/25 333/876/25
f 337/898/25 372/899/25 373/900/25 338/901/25
f 369/875/66 380/874/66 381/869/69 370/868/69
f 335/897/25 370/896/25 371/902/25 336/903/25
f 365/885/63 364/904/135 375/905/135 376/886/63
f 338/901/25 373/900/25 374/906/25 339/907/25
f 371/871/68 382/870/68 383/866/133 372/865/133
f 374/908/136 373/864/111 384/867/111 385/909/136
f 388/834/27 336/858/28 337/852/130 386/822/124
f 341/882/67 377/894/67 376/891/67
f 379/910/67 378/895/67 341/882/67
f 341/882/67 381/893/67 380/911/67
f 341/882/67 380/911/67 379/910/67
f 347/846/77 346/912/77 344/854/78 345/847/78
f 349/841/76 348/913/76 346/912/77 347/846/77
f 351/839/75 350/914/75 348/913/76 349/841/76
f 353/837/74 352/915/74 350/914/75 351/839/75
f 355/836/73 354/916/73 352/915/74 353/837/74
f 357/833/51 356/917/51 354/916/73 355/836/73
f 359/825/137 358/918/137 356/917/51 357/833/51
f 361/824/99 360/919/99 358/918/137 359/825/137
f 363/844/138 362/920/138 360/919/99 361/824/99
f 336/903/25 371/902/25 372/899/25 337/898/25
f 428/921/25 426/922/25 408/923/25
f 411/924/25 408/923/25 412/925/25
f 457/926/139 455/927/33 398/928/49 397/929/140
f 397/930/25 398/931/25 433/932/25 432/933/25
f 454/934/124 427/935/125 429/936/47 463/937/27
f 428/921/25 408/923/25 430/938/25
f 416/939/25 408/923/25 418/940/25
f 414/941/25 412/925/25 408/923/25
f 424/942/25 408/923/25 426/922/25
f 418/940/25 408/923/25 420/943/25
f 420/943/25 408/923/25 422/944/25
f 422/944/25 408/923/25 424/942/25
f 414/941/25 408/923/25 416/939/25
f 427/935/125 454/934/124 456/945/85 425/946/98
f 458/947/141 423/948/97 425/946/98 456/945/85
f 458/947/141 459/949/93 421/950/92 423/948/97
f 459/949/93 460/951/91 419/952/90 421/950/92
f 460/951/91 462/953/142 417/954/88 419/952/90
f 461/955/143 463/937/27 429/936/47 431/956/144
f 464/957/86 455/927/33 413/958/32 415/959/87
f 462/953/142 464/957/86 415/959/87 417/954/88
f 399/960/25 400/961/25 435/962/25 434/963/25
f 454/934/124 463/937/27 406/964/28 405/965/130
f 413/958/80 410/966/145 411/967/145 412/968/80
f 458/947/141 456/945/85 404/969/84 403/970/105
f 459/949/93 458/947/141 403/970/105 402/971/104
f 460/951/91 459/949/93 402/971/104 401/972/103
f 462/953/142 460/951/91 401/972/103 400/973/102
f 464/957/86 462/953/142 400/973/102 399/974/101
f 455/927/33 464/957/86 399/974/101 398/928/49
f 463/937/27 461/955/143 407/975/146 406/964/28
f 441/976/68 452/977/68 451/978/133 440/979/133
f 438/980/112 439/981/111 450/982/111 449/983/112
f 436/984/108 437/985/110 448/986/110 447/987/108
f 401/988/25 402/989/25 437/990/25 436/991/25
f 435/992/109 436/984/108 447/987/108 446/993/109
f 409/994/67 452/995/67 453/996/67
f 433/997/60 434/998/107 445/999/107 444/1000/60
f 409/994/67 450/1001/67 451/1002/67
f 398/931/25 399/960/25 434/963/25 433/932/25
f 457/926/139 410/966/147 413/958/32 455/927/33
f 409/994/67 451/1002/67 452/995/67
f 444/1003/67 409/994/67 443/1004/67
f 409/994/67 449/1005/67 450/1001/67
f 445/1006/67 446/1007/67 409/994/67
f 402/989/25 403/1008/25 438/1009/25 437/990/25
f 434/998/107 435/992/109 446/993/109 445/999/107
f 400/961/25 401/988/25 436/991/25 435/962/25
f 405/1010/25 406/1011/25 441/1012/25 440/1013/25
f 437/985/110 438/980/112 449/983/112 448/986/110
f 403/1008/25 404/1014/25 439/1015/25 438/1009/25
f 433/997/60 444/1000/60 443/1016/148 432/1017/148
f 406/1011/25 407/1018/25 442/1019/25 441/1012/25
f 439/981/111 440/979/133 451/978/133 450/982/111
f 442/1020/149 453/1021/149 452/977/68 441/976/68
f 456/945/85 454/934/124 405/965/130 404/969/84
f 409/994/67 444/1003/67 445/1006/67
f 447/1022/67 409/994/67 446/1007/67
f 409/994/67 448/1023/67 449/1005/67
f 409/994/67 447/1022/67 448/1023/67
f 415/959/120 413/958/80 412/968/80 414/1024/120
f 417/954/119 415/959/120 414/1024/120 416/1025/119
f 419/952/118 417/954/119 416/1025/119 418/1026/118
f 421/950/117 419/952/118 418/1026/118 420/1027/117
f 423/948/116 421/950/117 420/1027/117 422/1028/116
f 425/946/99 423/948/116 422/1028/116 424/1029/99
f 427/935/137 425/946/99 424/1029/99 426/1030/137
f 429/936/51 427/935/137 426/1030/137 428/1031/51
f 431/956/150 429/936/51 428/1031/51 430/1032/150
f 404/1014/25 405/1010/25 440/1013/25 439/1015/25
o Cylinder.035_Cylinder.036
v 3.139373 8.846601 -2.449055
v 3.139373 8.846601 -3.279280
v 3.341260 9.291529 -2.261712
v 3.341260 9.291529 -3.466625
v 3.181888 9.091249 -3.325189
v 3.181890 9.091249 -2.403149
v 3.264672 9.490020 -2.399673
v 3.318829 9.436567 -2.302119
v 3.264694 9.490020 -3.328658
v 3.318835 9.436567 -3.426216
v 3.366008 8.846601 -2.763682
v 3.670177 9.291529 -2.718333
v 3.432642 9.090293 -2.752681
v 3.625336 9.436567 -2.728152
v 3.517073 9.490020 -2.751854
v 3.366181 8.846601 -2.964435
v 3.670429 9.291529 -3.009688
v 3.432853 9.090308 -2.975428
v 3.625582 9.436567 -2.999900
v 3.517306 9.490020 -2.976265
v 3.556730 9.291529 -2.451016
v 3.287839 8.846601 -2.579492
v 3.346238 9.090702 -2.548191
v 3.519657 9.436567 -2.478777
v 3.430151 9.490020 -2.545797
v 3.288179 8.846601 -3.148802
v 3.557225 9.291529 -3.277262
v 3.346653 9.090728 -3.180119
v 3.520142 9.436567 -3.249515
v 3.430610 9.490020 -3.182525
v 2.959497 8.846601 -2.390796
v 3.150400 9.291529 -2.199894
v 3.004770 9.091520 -2.345524
v 3.114390 9.436567 -2.235904
v 3.027455 9.490020 -2.322839
v 2.901238 8.846601 -2.210921
v 2.071014 8.846601 -2.210921
v 3.088582 9.291529 -2.009034
v 1.883669 9.291529 -2.009034
v 2.025105 9.091249 -2.168405
v 2.947145 9.091249 -2.168404
v 2.950621 9.490020 -2.085621
v 3.048174 9.436567 -2.031465
v 2.021636 9.490020 -2.085599
v 1.924078 9.436567 -2.031458
v 2.586612 8.846601 -1.984285
v 2.631961 9.291529 -1.680116
v 2.597613 9.090293 -1.917652
v 2.622142 9.436567 -1.724958
v 2.598439 9.490020 -1.833221
v 2.385859 8.846601 -1.984113
v 2.340605 9.291529 -1.679865
v 2.374866 9.090308 -1.917440
v 2.350394 9.436567 -1.724712
v 2.374028 9.490020 -1.832988
v 2.899277 9.291529 -1.793563
v 2.770802 8.846601 -2.062454
v 2.802102 9.090702 -2.004056
v 2.871517 9.436567 -1.830636
v 2.804497 9.490020 -1.920143
v 2.201492 8.846601 -2.062114
v 2.073032 9.291529 -1.793069
v 2.170175 9.090728 -2.003641
v 2.100779 9.436567 -1.830152
v 2.167768 9.490020 -1.919684
v 2.959497 8.846601 -3.337541
v 3.150398 9.291529 -3.528442
v 3.004770 9.091520 -3.382813
v 3.114388 9.436567 -3.492432
v 3.027454 9.490020 -3.405498
v 2.486125 9.490020 -2.864169
v 2.901236 8.846601 -3.517416
v 3.088581 9.291529 -3.719304
v 2.947145 9.091249 -3.559932
v 2.950614 9.490020 -3.642738
v 3.048172 9.436567 -3.696879
v 2.385638 8.846601 -3.744052
v 2.340289 9.291529 -4.048221
v 2.374637 9.090293 -3.810685
v 2.350108 9.436567 -4.003380
v 2.373811 9.490020 -3.895117
v 2.586391 8.846601 -3.744225
v 2.631645 9.291529 -4.048472
v 2.597384 9.090308 -3.810897
v 2.621856 9.436567 -4.003626
v 2.598222 9.490020 -3.895350
v 2.770758 8.846601 -3.666223
v 2.899218 9.291529 -3.935268
v 2.802075 9.090728 -3.724697
v 2.871471 9.436567 -3.898185
v 2.804482 9.490020 -3.808653
v -3.139373 8.846601 -2.449055
v -3.139373 8.846601 -3.279280
v -3.341260 9.291529 -2.261712
v -3.341260 9.291529 -3.466625
v -3.181888 9.091249 -3.325189
v -3.181890 9.091249 -2.403149
v -3.264672 9.490020 -2.399673
v -3.318829 9.436567 -2.302119
v -3.264694 9.490020 -3.328658
v -3.318835 9.436567 -3.426216
v -3.366008 8.846601 -2.763682
v -3.670177 9.291529 -2.718333
v -3.432642 9.090293 -2.752681
v -3.625336 9.436567 -2.728152
v -3.517073 9.490020 -2.751854
v -3.366181 8.846601 -2.964435
v -3.670429 9.291529 -3.009688
v -3.432853 9.090308 -2.975428
v -3.625582 9.436567 -2.999900
v -3.517306 9.490020 -2.976265
v -3.556730 9.291529 -2.451016
v -3.287839 8.846601 -2.579492
v -3.346238 9.090702 -2.548191
v -3.519657 9.436567 -2.478777
v -3.430151 9.490020 -2.545797
v -3.288179 8.846601 -3.148802
v -3.557225 9.291529 -3.277262
v -3.346653 9.090728 -3.180119
v -3.520142 9.436567 -3.249515
v -3.430610 9.490020 -3.182525
v -2.959497 8.846601 -2.390796
v -3.150400 9.291529 -2.199894
v -3.004770 9.091520 -2.345524
v -3.114390 9.436567 -2.235904
v -3.027455 9.490020 -2.322839
v -2.901238 8.846601 -2.210921
v -2.071014 8.846601 -2.210921
v -3.088582 9.291529 -2.009034
v -1.883669 9.291529 -2.009034
v -2.025105 9.091249 -2.168405
v -2.947145 9.091249 -2.168404
v -2.950621 9.490020 -2.085621
v -3.048174 9.436567 -2.031465
v -2.021636 9.490020 -2.085599
v -1.924078 9.436567 -2.031458
v -2.586612 8.846601 -1.984285
v -2.631961 9.291529 -1.680116
v -2.597613 9.090293 -1.917652
v -2.622142 9.436567 -1.724958
v -2.598439 9.490020 -1.833221
v -2.385859 8.846601 -1.984113
v -2.340605 9.291529 -1.679865
v -2.374866 9.090308 -1.917440
v -2.350394 9.436567 -1.724712
v -2.374028 9.490020 -1.832988
v -2.899277 9.291529 -1.793563
v -2.770802 8.846601 -2.062454
v -2.802102 9.090702 -2.004056
v -2.871517 9.436567 -1.830636
v -2.804497 9.490020 -1.920143
v -2.201492 8.846601 -2.062114
v -2.073032 9.291529 -1.793069
v -2.170175 9.090728 -2.003641
v -2.100779 9.436567 -1.830152
v -2.167768 9.490020 -1.919684
v -2.959497 8.846601 -3.337541
v -3.150398 9.291529 -3.528442
v -3.004770 9.091520 -3.382813
v -3.114388 9.436567 -3.492432
v -3.027454 9.490020 -3.405498
v -2.486125 9.490020 -2.864169
v -2.901236 8.846601 -3.517416
v -3.088581 9.291529 -3.719304
v -2.947145 9.091249 -3.559932
v -2.950614 9.490020 -3.642738
v -3.048172 9.436567 -3.696879
v -2.385638 8.846601 -3.744052
v -2.340289 9.291529 -4.048221
v -2.374637 9.090293 -3.810685
v -2.350108 9.436567 -4.003380
v -2.373811 9.490020 -3.895117
v -2.586391 8.846601 -3.744225
v -2.631645 9.291529 -4.048472
v -2.597384 9.090308 -3.810897
v -2.621856 9.436567 -4.003626
v -2.598222 9.490020 -3.895350
v -2.770758 8.846601 -3.666223
v -2.899218 9.291529 -3.935268
v -2.802075 9.090728 -3.724697
v -2.871471 9.436567 -3.898185
v -2.804482 9.490020 -3.808653
v 3.139373 8.846601 2.449055
v 3.139373 8.846601 3.279280
v 3.341260 9.291529 2.261712
v 3.341260 9.291529 3.466625
v 3.181888 9.091249 3.325189
v 3.181890 9.091249 2.403149
v 3.264672 9.490020 2.399673
v 3.318829 9.436567 2.302119
v 3.264694 9.490020 3.328658
v 3.318835 9.436567 3.426216
v 3.366008 8.846601 2.763682
v 3.670177 9.291529 2.718333
v 3.432642 9.090293 2.752681
v 3.625336 9.436567 2.728152
v 3.517073 9.490020 2.751854
v 3.366181 8.846601 2.964435
v 3.670429 9.291529 3.009688
v 3.432853 9.090308 2.975428
v 3.625582 9.436567 2.999900
v 3.517306 9.490020 2.976265
v 3.556730 9.291529 2.451016
v 3.287839 8.846601 2.579492
v 3.346238 9.090702 2.548191
v 3.519657 9.436567 2.478777
v 3.430151 9.490020 2.545797
v 3.288179 8.846601 3.148802
v 3.557225 9.291529 3.277262
v 3.346653 9.090728 3.180119
v 3.520142 9.436567 3.249515
v 3.430610 9.490020 3.182525
v 2.959497 8.846601 2.390796
v 3.150400 9.291529 2.199894
v 3.004770 9.091520 2.345524
v 3.114390 9.436567 2.235904
v 3.027455 9.490020 2.322839
v 2.901238 8.846601 2.210921
v 2.071014 8.846601 2.210921
v 3.088582 9.291529 2.009034
v 1.883669 9.291529 2.009034
v 2.025105 9.091249 2.168405
v 2.947145 9.091249 2.168404
v 2.950621 9.490020 2.085621
v 3.048174 9.436567 2.031465
v 2.021636 9.490020 2.085599
v 1.924078 9.436567 2.031458
v 2.586612 8.846601 1.984285
v 2.631961 9.291529 1.680116
v 2.597613 9.090293 1.917652
v 2.622142 9.436567 1.724958
v 2.598439 9.490020 1.833221
v 2.385859 8.846601 1.984113
v 2.340605 9.291529 1.679865
v 2.374866 9.090308 1.917440
v 2.350394 9.436567 1.724712
v 2.374028 9.490020 1.832988
v 2.899277 9.291529 1.793563
v 2.770802 8.846601 2.062454
v 2.802102 9.090702 2.004056
v 2.871517 9.436567 1.830636
v 2.804497 9.490020 1.920143
v 2.201492 8.846601 2.062114
v 2.073032 9.291529 1.793069
v 2.170175 9.090728 2.003641
v 2.100779 9.436567 1.830152
v 2.167768 9.490020 1.919684
v 2.959497 8.846601 3.337541
v 3.150398 9.291529 3.528442
v 3.004770 9.091520 3.382813
v 3.114388 9.436567 3.492432
v 3.027454 9.490020 3.405498
v 2.486125 9.490020 2.864169
v 2.901236 8.846601 3.517416
v 3.088581 9.291529 3.719304
v 2.947145 9.091249 3.559932
v 2.950614 9.490020 3.642738
v 3.048172 9.436567 3.696879
v 2.385638 8.846601 3.744052
v 2.340289 9.291529 4.048221
v 2.374637 9.090293 3.810685
v 2.350108 9.436567 4.003380
v 2.373811 9.490020 3.895117
v 2.586391 8.846601 3.744225
v 2.631645 9.291529 4.048472
v 2.597384 9.090308 3.810897
v 2.621856 9.436567 4.003626
v 2.598222 9.490020 3.895350
v 2.770758 8.846601 3.666223
v 2.899218 9.291529 3.935268
v 2.802075 9.090728 3.724697
v 2.871471 9.436567 3.898185
v 2.804482 9.490020 3.808653
v -3.139373 8.846601 2.449055
v -3.139373 8.846601 3.279280
v -3.341260 9.291529 2.261712
v -3.341260 9.291529 3.466625
v -3.181888 9.091249 3.325189
v -3.181890 9.091249 2.403149
v -3.264672 9.490020 2.399673
v -3.318829 9.436567 2.302119
v -3.264694 9.490020 3.328658
v -3.318835 9.436567 3.426216
v -3.366008 8.846601 2.763682
v -3.670177 9.291529 2.718333
v -3.432642 9.090293 2.752681
v -3.625336 9.436567 2.728152
v -3.517073 9.490020 2.751854
v -3.366181 8.846601 2.964435
v -3.670429 9.291529 3.009688
v -3.432853 9.090308 2.975428
v -3.625582 9.436567 2.999900
v -3.517306 9.490020 2.976265
v -3.556730 9.291529 2.451016
v -3.287839 8.846601 2.579492
v -3.346238 9.090702 2.548191
v -3.519657 9.436567 2.478777
v -3.430151 9.490020 2.545797
v -3.288179 8.846601 3.148802
v -3.557225 9.291529 3.277262
v -3.346653 9.090728 3.180119
v -3.520142 9.436567 3.249515
v -3.430610 9.490020 3.182525
v -2.959497 8.846601 2.390796
v -3.150400 9.291529 2.199894
v -3.004770 9.091520 2.345524
v -3.114390 9.436567 2.235904
v -3.027455 9.490020 2.322839
v -2.901238 8.846601 2.210921
v -2.071014 8.846601 2.210921
v -3.088582 9.291529 2.009034
v -1.883669 9.291529 2.009034
v -2.025105 9.091249 2.168405
v -2.947145 9.091249 2.168404
v -2.950621 9.490020 2.085621
v -3.048174 9.436567 2.031465
v -2.021636 9.490020 2.085599
v -1.924078 9.436567 2.031458
v -2.586612 8.846601 1.984285
v -2.631961 9.291529 1.680116
v -2.597613 9.090293 1.917652
v -2.622142 9.436567 1.724958
v -2.598439 9.490020 1.833221
v -2.385859 8.846601 1.984113
v -2.340605 9.291529 1.679865
v -2.374866 9.090308 1.917440
v -2.350394 9.436567 1.724712
v -2.374028 9.490020 1.832988
v -2.899277 9.291529 1.793563
v -2.770802 8.846601 2.062454
v -2.802102 9.090702 2.004056
v -2.871517 9.436567 1.830636
v -2.804497 9.490020 1.920143
v -2.201492 8.846601 2.062114
v -2.073032 9.291529 1.793069
v -2.170175 9.090728 2.003641
v -2.100779 9.436567 1.830152
v -2.167768 9.490020 1.919684
v -2.959497 8.846601 3.337541
v -3.150398 9.291529 3.528442
v -3.004770 9.091520 3.382813
v -3.114388 9.436567 3.492432
v -3.027454 9.490020 3.405498
v -2.486125 9.490020 2.864169
v -2.901236 8.846601 3.517416
v -3.088581 9.291529 3.719304
v -2.947145 9.091249 3.559932
v -2.950614 9.490020 3.642738
v -3.048172 9.436567 3.696879
v -2.385638 8.846601 3.744052
v -2.340289 9.291529 4.048221
v -2.374637 9.090293 3.810685
v -2.350108 9.436567 4.003380
v -2.373811 9.490020 3.895117
v -2.586391 8.846601 3.744225
v -2.631645 9.291529 4.048472
v -2.597384 9.090308 3.810897
v -2.621856 9.436567 4.003626
v -2.598222 9.490020 3.895350
v -2.770758 8.846601 3.666223
v -2.899218 9.291529 3.935268
v -2.802075 9.090728 3.724697
v -2.871471 9.436567 3.898185
v -2.804482 9.490020 3.808653
vt 0.075308 0.359776
vt 0.095669 0.308176
vt 0.145468 0.334911
vt 0.129962 0.374219
vt 0.123127 0.416412
vt 0.066379 0.412414
vt 0.518513 0.154036
vt 0.544239 0.159175
vt 0.543955 0.205742
vt 0.517152 0.209953
vt 0.009409 0.337749
vt 0.000121 0.399207
vt 0.125050 0.263650
vt 0.162037 0.227904
vt 0.199536 0.268992
vt 0.169257 0.299425
vt 0.032463 0.279334
vt 0.078437 0.500000
vt 0.020303 0.500000
vt 0.006353 0.459979
vt 0.069080 0.463851
vt 0.439401 0.122502
vt 0.396651 0.123368
vt 0.389020 0.066858
vt 0.441168 0.066150
vt 0.067608 0.228106
vt 0.113528 0.187940
vt 0.193541 0.207852
vt 0.231130 0.242918
vt 0.740129 0.258836
vt 0.691238 0.035846
vt 0.635246 0.037170
vt 0.628529 0.003572
vt 0.695293 0.002054
vt 0.640393 0.062884
vt 0.597533 0.082472
vt 0.582755 0.060162
vt 0.740129 0.011091
vt 0.740129 0.050389
vt 0.484907 0.147326
vt 0.511588 0.081983
vt 0.541447 0.101534
vt 0.635246 0.480502
vt 0.628530 0.514099
vt 0.563173 0.487348
vt 0.582756 0.457509
vt 0.740129 0.083956
vt 0.687024 0.062652
vt 0.563767 0.401372
vt 0.541448 0.416138
vt 0.518514 0.363636
vt 0.544240 0.358498
vt 0.531691 0.258836
vt 0.492394 0.258836
vt 0.483362 0.213998
vt 0.563172 0.030324
vt 0.565256 0.258836
vt 0.563767 0.116301
vt 0.151030 0.168195
vt 0.124523 0.540617
vt 0.123127 0.583588
vt 0.066378 0.587586
vt 0.069080 0.536149
vt 0.517153 0.307720
vt 0.543956 0.311931
vt 0.336954 0.079373
vt 0.310350 0.015081
vt 0.371057 0.001412
vt 0.286846 0.103256
vt 0.253670 0.042184
vt 0.244456 0.135655
vt 0.205007 0.080813
vt 0.211360 0.175033
vt 0.168125 0.129413
vt 0.355079 0.132938
vt 0.124523 0.459383
vt 0.129841 0.500000
vt 0.254949 0.209592
vt 0.283208 0.177276
vt 0.316955 0.151091
vt 0.432255 0.002989
vt 0.691239 0.481826
vt 0.695294 0.515617
vt 0.640394 0.454788
vt 0.597534 0.435200
vt 0.511589 0.435690
vt 0.484908 0.370347
vt 0.845012 0.037170
vt 0.851728 0.003572
vt 0.917085 0.030324
vt 0.897502 0.060162
vt 0.483363 0.303675
vt 0.687025 0.455020
vt 0.075308 0.640225
vt 0.009409 0.662251
vt 0.000121 0.600793
vt 0.095669 0.691824
vt 0.032463 0.720666
vt 0.006353 0.540021
vt 0.129962 0.625781
vt 0.145468 0.665089
vt 0.789019 0.035846
vt 0.784965 0.002054
vt 0.839864 0.062883
vt 0.882724 0.082472
vt 0.793233 0.062652
vt 0.968669 0.081982
vt 0.938810 0.101533
vt 0.916491 0.116300
vt 0.475308 0.459776
vt 0.529962 0.474219
vt 0.545468 0.434911
vt 0.495669 0.408176
vt 0.523127 0.516412
vt 0.466379 0.512414
vt 0.918513 0.254036
vt 0.917153 0.309953
vt 0.943955 0.305742
vt 0.944239 0.259175
vt 0.409409 0.437749
vt 0.400121 0.499207
vt 0.525050 0.363650
vt 0.569257 0.399425
vt 0.599536 0.368992
vt 0.562037 0.327904
vt 0.432463 0.379334
vt 0.478437 0.600000
vt 0.469080 0.563851
vt 0.406353 0.559979
vt 0.420303 0.600000
vt 0.839401 0.222502
vt 0.841168 0.166150
vt 0.789020 0.166858
vt 0.796651 0.223368
vt 0.467608 0.328106
vt 0.513528 0.287940
vt 0.631130 0.342918
vt 0.593541 0.307852
vt 1.140129 0.358836
vt 1.091238 0.135846
vt 1.095293 0.102054
vt 1.028529 0.103572
vt 1.035246 0.137170
vt 0.982755 0.160162
vt 0.997533 0.182472
vt 1.040393 0.162884
vt 1.140129 0.150389
vt 1.140129 0.111091
vt 0.884907 0.247326
vt 0.941447 0.201534
vt 0.911588 0.181983
vt 1.035246 0.580502
vt 0.982756 0.557509
vt 0.963173 0.587348
vt 1.028530 0.614100
vt 1.087024 0.162652
vt 1.140129 0.183956
vt 0.963768 0.501372
vt 0.944240 0.458498
vt 0.918514 0.463636
vt 0.941448 0.516138
vt 0.883362 0.313998
vt 0.892394 0.358836
vt 0.931691 0.358836
vt 0.963172 0.130324
vt 0.965256 0.358836
vt 0.963767 0.216301
vt 0.551030 0.268195
vt 0.524523 0.640617
vt 0.469080 0.636149
vt 0.466378 0.687586
vt 0.523127 0.683588
vt 0.917153 0.407720
vt 0.943956 0.411931
vt 0.771057 0.101412
vt 0.710350 0.115081
vt 0.736954 0.179373
vt 0.653670 0.142184
vt 0.686846 0.203256
vt 0.605007 0.180813
vt 0.644456 0.235655
vt 0.568125 0.229413
vt 0.611360 0.275033
vt 0.755079 0.232938
vt 0.529841 0.600000
vt 0.524523 0.559383
vt 0.654949 0.309592
vt 0.683208 0.277276
vt 0.716955 0.251091
vt 0.832255 0.102989
vt 1.091239 0.581826
vt 1.095294 0.615617
vt 1.040394 0.554788
vt 0.997534 0.535200
vt 0.884908 0.470347
vt 0.911589 0.535690
vt 1.245012 0.137170
vt 1.297502 0.160162
vt 1.317085 0.130324
vt 1.251728 0.103572
vt 0.883363 0.403675
vt 1.087025 0.555020
vt 0.400121 0.700793
vt 0.409409 0.762251
vt 0.475308 0.740225
vt 0.432463 0.820666
vt 0.495669 0.791824
vt 0.406353 0.640021
vt 0.529962 0.725781
vt 0.545469 0.765090
vt 1.189019 0.135846
vt 1.184965 0.102054
vt 1.239864 0.162883
vt 1.282724 0.182472
vt 1.193233 0.162652
vt 1.338810 0.201533
vt 1.368669 0.181982
vt 1.316491 0.216300
vt 0.475308 0.459776
vt 0.529962 0.474219
vt 0.545468 0.434911
vt 0.495669 0.408176
vt 0.523127 0.516412
vt 0.466379 0.512414
vt 0.918513 0.254036
vt 0.917153 0.309953
vt 0.943955 0.305742
vt 0.944239 0.259175
vt 0.409409 0.437749
vt 0.400121 0.499207
vt 0.525050 0.363650
vt 0.569257 0.399425
vt 0.599536 0.368992
vt 0.562037 0.327904
vt 0.432463 0.379334
vt 0.478437 0.600000
vt 0.469080 0.563851
vt 0.406353 0.559979
vt 0.420303 0.600000
vt 0.839401 0.222502
vt 0.841168 0.166150
vt 0.789020 0.166858
vt 0.796651 0.223368
vt 0.467608 0.328106
vt 0.513528 0.287940
vt 0.631130 0.342918
vt 0.593541 0.307852
vt 1.140129 0.358836
vt 1.091238 0.135846
vt 1.095293 0.102054
vt 1.028529 0.103572
vt 1.035246 0.137170
vt 0.982755 0.160162
vt 0.997533 0.182472
vt 1.040393 0.162884
vt 1.140129 0.150389
vt 1.140129 0.111091
vt 0.884907 0.247326
vt 0.941447 0.201534
vt 0.911588 0.181983
vt 1.035246 0.580502
vt 0.982756 0.557509
vt 0.963173 0.587348
vt 1.028530 0.614100
vt 1.087024 0.162652
vt 1.140129 0.183956
vt 0.963768 0.501372
vt 0.944240 0.458498
vt 0.918514 0.463636
vt 0.941448 0.516138
vt 0.883362 0.313998
vt 0.892394 0.358836
vt 0.931691 0.358836
vt 0.963172 0.130324
vt 0.965256 0.358836
vt 0.963767 0.216301
vt 0.551030 0.268195
vt 0.524523 0.640617
vt 0.469080 0.636149
vt 0.466378 0.687586
vt 0.523127 0.683588
vt 0.917153 0.407720
vt 0.943956 0.411931
vt 0.771057 0.101412
vt 0.710350 0.115081
vt 0.736954 0.179373
vt 0.653670 0.142184
vt 0.686846 0.203256
vt 0.605007 0.180813
vt 0.644456 0.235655
vt 0.568125 0.229413
vt 0.611360 0.275033
vt 0.755079 0.232938
vt 0.529841 0.600000
vt 0.524523 0.559383
vt 0.654949 0.309592
vt 0.683208 0.277276
vt 0.716955 0.251091
vt 0.832255 0.102989
vt 1.091239 0.581826
vt 1.095294 0.615617
vt 1.040394 0.554788
vt 0.997534 0.535200
vt 0.884908 0.470347
vt 0.911589 0.535690
vt 1.245012 0.137170
vt 1.297502 0.160162
vt 1.317085 0.130324
vt 1.251728 0.103572
vt 0.883363 0.403675
vt 1.087025 0.555020
vt 0.400121 0.700793
vt 0.409409 0.762251
vt 0.475308 0.740225
vt 0.432463 0.820666
vt 0.495669 0.791824
vt 0.406353 0.640021
vt 0.529962 0.725781
vt 0.545469 0.765090
vt 1.189019 0.135846
vt 1.184965 0.102054
vt 1.239864 0.162883
vt 1.282724 0.182472
vt 1.193233 0.162652
vt 1.338810 0.201533
vt 1.368669 0.181982
vt 1.316491 0.216300
vt 0.875308 0.559776
vt 0.895669 0.508176
vt 0.945468 0.534911
vt 0.929962 0.574219
vt 0.923127 0.616412
vt 0.866379 0.612414
vt 1.318513 0.354036
vt 1.344239 0.359175
vt 1.343955 0.405742
vt 1.317153 0.409953
vt 0.809409 0.537749
vt 0.800121 0.599207
vt 0.925050 0.463650
vt 0.962037 0.427904
vt 0.999536 0.468992
vt 0.969257 0.499425
vt 0.832463 0.479334
vt 0.878437 0.700000
vt 0.820303 0.700000
vt 0.806353 0.659979
vt 0.869080 0.663851
vt 1.239401 0.322502
vt 1.196651 0.323368
vt 1.189020 0.266858
vt 1.241168 0.266150
vt 0.867608 0.428106
vt 0.913528 0.387940
vt 0.993541 0.407852
vt 1.031130 0.442918
vt 1.540129 0.458836
vt 1.491238 0.235846
vt 1.435246 0.237170
vt 1.428529 0.203572
vt 1.495293 0.202054
vt 1.440393 0.262884
vt 1.397533 0.282472
vt 1.382755 0.260163
vt 1.540129 0.211091
vt 1.540129 0.250389
vt 1.284907 0.347326
vt 1.311588 0.281983
vt 1.341447 0.301534
vt 1.435246 0.680502
vt 1.428530 0.714100
vt 1.363173 0.687348
vt 1.382756 0.657509
vt 1.540129 0.283956
vt 1.487024 0.262652
vt 1.363768 0.601372
vt 1.341448 0.616139
vt 1.318514 0.563636
vt 1.344240 0.558498
vt 1.331691 0.458836
vt 1.292394 0.458836
vt 1.283363 0.413998
vt 1.363172 0.230324
vt 1.365256 0.458836
vt 1.363767 0.316301
vt 0.951030 0.368195
vt 0.924523 0.740617
vt 0.923127 0.783588
vt 0.866378 0.787587
vt 0.869080 0.736149
vt 1.317153 0.507720
vt 1.343956 0.511931
vt 1.136954 0.279373
vt 1.110350 0.215081
vt 1.171057 0.201412
vt 1.086846 0.303256
vt 1.053670 0.242184
vt 1.044456 0.335655
vt 1.005007 0.280813
vt 1.011360 0.375033
vt 0.968125 0.329413
vt 1.155079 0.332938
vt 0.924523 0.659383
vt 0.929841 0.700000
vt 1.054949 0.409592
vt 1.083208 0.377276
vt 1.116955 0.351091
vt 1.232255 0.202989
vt 1.491239 0.681826
vt 1.495293 0.715617
vt 1.440394 0.654788
vt 1.397534 0.635200
vt 1.311589 0.635690
vt 1.284908 0.570347
vt 1.645012 0.237170
vt 1.651728 0.203572
vt 1.717085 0.230324
vt 1.697502 0.260162
vt 1.283363 0.503675
vt 1.487025 0.655020
vt 0.875308 0.840225
vt 0.809409 0.862251
vt 0.800121 0.800793
vt 0.895669 0.891824
vt 0.832463 0.920666
vt 0.806353 0.740021
vt 0.929962 0.825781
vt 0.945469 0.865090
vt 1.589019 0.235846
vt 1.584965 0.202054
vt 1.639864 0.262883
vt 1.682724 0.282472
vt 1.593233 0.262652
vt 1.768669 0.281982
vt 1.738810 0.301533
vt 1.716491 0.316300
vn 0.6797 -0.7205 -0.1373
vn 0.6796 -0.7204 0.1383
vn 0.9443 -0.2671 0.1920
vn 0.9446 -0.2672 -0.1907
vn 0.7837 -0.2601 -0.5640
vn 0.5768 -0.7033 -0.4154
vn 0.7463 0.3929 0.5372
vn 0.0063 1.0000 0.0045
vn 0.0044 1.0000 0.0075
vn 0.5468 0.4398 0.7125
vn 0.6302 -0.7659 -0.1273
vn 0.5368 -0.7499 -0.3867
vn 0.5770 -0.7032 0.4155
vn 0.4506 -0.6485 0.6136
vn 0.4891 -0.2420 0.8380
vn 0.7838 -0.2599 0.5640
vn 0.6301 -0.7658 0.1283
vn 0.2707 -0.4789 -0.8351
vn 0.2271 -0.6759 -0.7012
vn 0.4273 -0.7231 -0.5427
vn 0.4501 -0.6484 -0.6139
vn -0.7281 -0.2471 0.6394
vn -0.5641 -0.2601 0.7837
vn -0.4154 -0.7033 0.5768
vn -0.5537 -0.6777 0.4839
vn 0.5369 -0.7498 0.3867
vn 0.4276 -0.7232 0.5424
vn 0.2707 -0.4789 0.8351
vn 0.3006 -0.2265 0.9265
vn 0.0000 1.0000 0.0000
vn 0.5463 0.4397 -0.7129
vn 0.7448 0.3930 -0.5393
vn 0.7731 0.3042 -0.5566
vn 0.5909 0.3004 -0.7488
vn 0.0063 1.0000 -0.0045
vn 0.0214 0.9998 -0.0043
vn 0.9027 0.3897 -0.1823
vn 0.2941 0.2984 -0.9080
vn 0.2384 0.6336 -0.7360
vn 0.7732 0.3041 0.5565
vn 0.9343 0.3015 0.1902
vn 0.9025 0.3897 0.1835
vn -0.5393 0.3930 0.7448
vn -0.5565 0.3042 0.7732
vn -0.1887 0.3015 0.9346
vn -0.1823 0.3897 0.9027
vn 0.0174 0.9997 -0.0173
vn 0.0043 1.0000 -0.0075
vn 0.0044 0.9998 0.0214
vn 0.1835 0.3897 0.9025
vn 0.5372 0.3929 0.7463
vn 0.0045 1.0000 0.0063
vn 0.2384 0.6336 0.7360
vn 0.2941 0.2984 0.9080
vn 0.5915 0.3004 0.7482
vn 0.9346 0.3015 -0.1886
vn 0.0173 0.9997 0.0174
vn 0.0214 0.9998 0.0044
vn 0.2271 -0.6759 0.7012
vn 0.8382 -0.2420 -0.4888
vn 0.5640 -0.2601 -0.7837
vn 0.4154 -0.7033 -0.5768
vn 0.6139 -0.6484 -0.4501
vn 0.7125 0.4398 0.5468
vn 0.0075 1.0000 0.0043
vn -0.1373 -0.7205 0.6797
vn -0.1274 -0.7659 0.6302
vn -0.3867 -0.7499 0.5368
vn 0.1383 -0.7204 0.6796
vn 0.1284 -0.7658 0.6301
vn 0.4155 -0.7032 0.5770
vn 0.3867 -0.7498 0.5369
vn 0.6136 -0.6485 0.4506
vn 0.5424 -0.7232 0.4276
vn -0.1908 -0.2672 0.9446
vn 0.4888 -0.2421 -0.8381
vn 0.3006 -0.2265 -0.9265
vn 0.8379 -0.2421 0.4891
vn 0.5640 -0.2599 0.7838
vn 0.1920 -0.2671 0.9443
vn -0.5173 -0.7259 0.4534
vn -0.6937 0.3853 0.6086
vn -0.7176 0.2978 0.6296
vn -0.0045 1.0000 0.0063
vn -0.0043 0.9998 0.0214
vn 0.1900 0.3015 0.9343
vn 0.5565 0.3041 0.7732
vn 0.5393 0.3930 -0.7448
vn 0.5566 0.3042 -0.7731
vn 0.1889 0.3015 -0.9346
vn 0.1823 0.3897 -0.9027
vn 0.7360 0.6336 0.2384
vn 0.7482 0.3004 0.5915
vn 0.9080 0.2984 0.2941
vn -0.0195 0.9997 0.0171
vn 0.8351 -0.4789 0.2707
vn 0.7012 -0.6759 0.2271
vn 0.1373 -0.7205 -0.6797
vn 0.1273 -0.7659 -0.6302
vn 0.3867 -0.7499 -0.5368
vn -0.0006 -0.7174 -0.6967
vn -0.0006 -0.7630 -0.6464
vn 0.8351 -0.4789 -0.2707
vn 0.5427 -0.7231 -0.4273
vn 0.7012 -0.6759 -0.2271
vn 0.1907 -0.2672 -0.9446
vn -0.0009 -0.2638 -0.9646
vn 0.7129 0.4397 -0.5463
vn 0.7488 0.3004 -0.5909
vn 0.0045 1.0000 -0.0063
vn 0.0043 0.9998 -0.0214
vn 0.7360 0.6336 -0.2384
vn 0.9080 0.2984 -0.2941
vn 0.0076 1.0000 -0.0043
vn -0.0008 0.2954 -0.9554
vn -0.0008 0.3824 -0.9240
vn -0.0000 0.9998 -0.0219
vn 0.9265 -0.2265 -0.3006
vn 0.9265 -0.2265 0.3006
vn -0.6797 -0.7205 -0.1373
vn -0.9446 -0.2672 -0.1906
vn -0.9444 -0.2671 0.1919
vn -0.6796 -0.7204 0.1383
vn -0.7837 -0.2601 -0.5641
vn -0.5768 -0.7033 -0.4154
vn -0.7463 0.3929 0.5372
vn -0.5468 0.4398 0.7125
vn -0.0043 1.0000 0.0075
vn -0.0063 1.0000 0.0045
vn -0.6302 -0.7659 -0.1273
vn -0.5368 -0.7499 -0.3867
vn -0.5770 -0.7032 0.4155
vn -0.7838 -0.2599 0.5640
vn -0.4891 -0.2421 0.8379
vn -0.4505 -0.6485 0.6136
vn -0.6302 -0.7658 0.1282
vn -0.2707 -0.4789 -0.8351
vn -0.4501 -0.6484 -0.6139
vn -0.4273 -0.7231 -0.5427
vn -0.2271 -0.6759 -0.7012
vn 0.7281 -0.2471 0.6394
vn 0.5529 -0.6777 0.4848
vn 0.4154 -0.7033 0.5768
vn 0.5640 -0.2601 0.7837
vn -0.5369 -0.7498 0.3867
vn -0.4276 -0.7232 0.5424
vn -0.3006 -0.2265 0.9265
vn -0.2707 -0.4789 0.8351
vn -0.5463 0.4397 -0.7129
vn -0.5909 0.3004 -0.7488
vn -0.7731 0.3042 -0.5566
vn -0.7463 0.3930 -0.5372
vn -0.9027 0.3897 -0.1823
vn -0.0214 0.9998 -0.0043
vn -0.0063 1.0000 -0.0045
vn -0.2384 0.6336 -0.7360
vn -0.2941 0.2984 -0.9080
vn -0.7732 0.3041 0.5565
vn -0.9021 0.3897 0.1851
vn -0.9343 0.3015 0.1902
vn 0.5372 0.3930 0.7463
vn 0.1838 0.3897 0.9024
vn 0.1889 0.3015 0.9346
vn 0.5566 0.3042 0.7731
vn -0.0043 1.0000 -0.0076
vn -0.0173 0.9997 -0.0174
vn -0.5372 0.3929 0.7463
vn -0.1835 0.3897 0.9025
vn -0.5915 0.3004 0.7482
vn -0.2941 0.2984 0.9080
vn -0.2384 0.6336 0.7360
vn -0.9346 0.3015 -0.1887
vn -0.0173 0.9997 0.0174
vn -0.0214 0.9998 0.0043
vn -0.2271 -0.6759 0.7012
vn -0.8381 -0.2421 -0.4888
vn -0.6139 -0.6484 -0.4501
vn -0.4154 -0.7033 -0.5768
vn -0.5640 -0.2601 -0.7837
vn -0.7125 0.4398 0.5468
vn -0.0075 1.0000 0.0044
vn 0.3867 -0.7499 0.5368
vn 0.1274 -0.7659 0.6302
vn 0.1373 -0.7205 0.6797
vn -0.1283 -0.7658 0.6301
vn -0.1383 -0.7204 0.6796
vn -0.3867 -0.7498 0.5369
vn -0.4155 -0.7032 0.5770
vn -0.5424 -0.7232 0.4276
vn -0.6136 -0.6485 0.4505
vn 0.1908 -0.2672 0.9446
vn -0.3006 -0.2265 -0.9265
vn -0.4888 -0.2420 -0.8382
vn -0.8380 -0.2420 0.4891
vn -0.5640 -0.2599 0.7838
vn -0.1920 -0.2671 0.9443
vn 0.5173 -0.7259 0.4534
vn 0.6937 0.3853 0.6086
vn 0.7176 0.2978 0.6296
vn 0.0043 0.9998 0.0214
vn -0.5566 0.3041 0.7731
vn -0.1902 0.3015 0.9343
vn -0.5372 0.3930 -0.7463
vn -0.1838 0.3897 -0.9024
vn -0.1886 0.3015 -0.9346
vn -0.5566 0.3042 -0.7731
vn -0.7360 0.6336 0.2384
vn -0.9080 0.2984 0.2941
vn -0.7482 0.3004 0.5915
vn 0.0195 0.9997 0.0171
vn -0.7012 -0.6759 0.2271
vn -0.8351 -0.4789 0.2707
vn -0.3867 -0.7499 -0.5368
vn -0.1274 -0.7659 -0.6302
vn -0.1373 -0.7205 -0.6797
vn 0.0006 -0.7630 -0.6464
vn 0.0006 -0.7174 -0.6967
vn -0.8351 -0.4789 -0.2707
vn -0.7012 -0.6759 -0.2271
vn -0.5427 -0.7231 -0.4273
vn -0.1907 -0.2672 -0.9446
vn 0.0009 -0.2638 -0.9646
vn -0.7129 0.4397 -0.5463
vn -0.7488 0.3004 -0.5909
vn -0.0045 1.0000 -0.0063
vn -0.0043 0.9998 -0.0214
vn -0.9080 0.2984 -0.2941
vn -0.7360 0.6336 -0.2384
vn -0.0075 1.0000 -0.0043
vn 0.0008 0.3824 -0.9240
vn 0.0008 0.2954 -0.9554
vn -0.9265 -0.2265 -0.3006
vn -0.9265 -0.2265 0.3006
vn 0.6797 -0.7205 0.1373
vn 0.9446 -0.2672 0.1906
vn 0.9444 -0.2671 -0.1919
vn 0.6796 -0.7204 -0.1383
vn 0.7837 -0.2601 0.5641
vn 0.5768 -0.7033 0.4154
vn 0.7463 0.3929 -0.5372
vn 0.5468 0.4398 -0.7125
vn 0.6302 -0.7659 0.1273
vn 0.5368 -0.7499 0.3867
vn 0.5770 -0.7032 -0.4155
vn 0.7838 -0.2599 -0.5640
vn 0.4891 -0.2421 -0.8379
vn 0.4505 -0.6485 -0.6136
vn 0.6302 -0.7658 -0.1282
vn 0.4501 -0.6484 0.6139
vn 0.4273 -0.7231 0.5427
vn -0.7281 -0.2471 -0.6394
vn -0.5529 -0.6777 -0.4848
vn 0.5369 -0.7498 -0.3867
vn 0.4276 -0.7232 -0.5424
vn 0.5463 0.4397 0.7129
vn 0.5909 0.3004 0.7488
vn 0.7731 0.3042 0.5566
vn 0.7463 0.3930 0.5372
vn 0.9027 0.3897 0.1823
vn 0.0214 0.9998 0.0043
vn 0.7732 0.3041 -0.5565
vn 0.9021 0.3897 -0.1851
vn 0.9343 0.3015 -0.1902
vn -0.1889 0.3015 -0.9346
vn 0.0043 1.0000 0.0076
vn 0.5372 0.3929 -0.7463
vn 0.1835 0.3897 -0.9025
vn 0.5915 0.3004 -0.7482
vn 0.9346 0.3015 0.1887
vn 0.0173 0.9997 -0.0174
vn 0.8381 -0.2421 0.4888
vn 0.6139 -0.6484 0.4501
vn 0.7125 0.4398 -0.5468
vn 0.0075 1.0000 -0.0044
vn 0.1283 -0.7658 -0.6301
vn 0.1383 -0.7204 -0.6796
vn 0.3867 -0.7498 -0.5369
vn 0.4155 -0.7032 -0.5770
vn 0.5424 -0.7232 -0.4276
vn 0.6136 -0.6485 -0.4505
vn -0.1908 -0.2672 -0.9446
vn 0.4888 -0.2420 0.8382
vn 0.8380 -0.2420 -0.4891
vn 0.5640 -0.2599 -0.7838
vn 0.1920 -0.2671 -0.9443
vn -0.5173 -0.7259 -0.4534
vn -0.6937 0.3853 -0.6086
vn -0.7176 0.2978 -0.6296
vn 0.5566 0.3041 -0.7731
vn 0.1902 0.3015 -0.9343
vn 0.1886 0.3015 0.9346
vn 0.7482 0.3004 -0.5915
vn -0.0195 0.9997 -0.0171
vn -0.0006 -0.7630 0.6464
vn -0.0006 -0.7174 0.6967
vn 0.5427 -0.7231 0.4273
vn 0.1907 -0.2672 0.9446
vn -0.0009 -0.2638 0.9646
vn 0.7129 0.4397 0.5463
vn 0.7488 0.3004 0.5909
vn -0.0008 0.3824 0.9240
vn -0.0008 0.2954 0.9554
vn -0.0000 0.9998 0.0219
vn -0.6797 -0.7205 0.1373
vn -0.6796 -0.7204 -0.1383
vn -0.9443 -0.2671 -0.1920
vn -0.9446 -0.2672 0.1907
vn -0.7837 -0.2601 0.5640
vn -0.5768 -0.7033 0.4154
vn -0.7463 0.3929 -0.5372
vn -0.0044 1.0000 -0.0075
vn -0.5468 0.4398 -0.7125
vn -0.6302 -0.7659 0.1273
vn -0.5368 -0.7499 0.3867
vn -0.5770 -0.7032 -0.4155
vn -0.4506 -0.6485 -0.6136
vn -0.4891 -0.2420 -0.8380
vn -0.7838 -0.2599 -0.5640
vn -0.6301 -0.7658 -0.1283
vn -0.4273 -0.7231 0.5427
vn -0.4501 -0.6484 0.6139
vn 0.7281 -0.2471 -0.6394
vn 0.5641 -0.2601 -0.7837
vn 0.5537 -0.6777 -0.4839
vn -0.5369 -0.7498 -0.3867
vn -0.4276 -0.7232 -0.5424
vn -0.5463 0.4397 0.7129
vn -0.7448 0.3930 0.5393
vn -0.7731 0.3042 0.5566
vn -0.5909 0.3004 0.7488
vn -0.9027 0.3897 0.1823
vn -0.7732 0.3041 -0.5565
vn -0.9343 0.3015 -0.1902
vn -0.9025 0.3897 -0.1835
vn 0.5565 0.3042 -0.7732
vn 0.1887 0.3015 -0.9346
vn -0.0174 0.9997 0.0173
vn -0.0044 0.9998 -0.0214
vn -0.1835 0.3897 -0.9025
vn -0.5372 0.3929 -0.7463
vn -0.5915 0.3004 -0.7482
vn -0.9346 0.3015 0.1886
vn -0.0214 0.9998 -0.0044
vn -0.8382 -0.2420 0.4888
vn -0.5640 -0.2601 0.7837
vn -0.6139 -0.6484 0.4501
vn -0.7125 0.4398 -0.5468
vn 0.1274 -0.7659 -0.6302
vn -0.1383 -0.7204 -0.6796
vn -0.1284 -0.7658 -0.6301
vn -0.4155 -0.7032 -0.5770
vn -0.3867 -0.7498 -0.5369
vn -0.6136 -0.6485 -0.4506
vn -0.5424 -0.7232 -0.4276
vn 0.1908 -0.2672 -0.9446
vn -0.4888 -0.2421 0.8381
vn -0.8379 -0.2421 -0.4891
vn -0.5640 -0.2599 -0.7838
vn -0.1920 -0.2671 -0.9443
vn 0.5173 -0.7259 -0.4534
vn 0.6937 0.3853 -0.6086
vn 0.7176 0.2978 -0.6296
vn -0.1900 0.3015 -0.9343
vn -0.5565 0.3041 -0.7732
vn -0.5566 0.3042 0.7731
vn -0.1889 0.3015 0.9346
vn -0.7482 0.3004 -0.5915
vn 0.0195 0.9997 -0.0171
vn -0.1273 -0.7659 0.6302
vn 0.0006 -0.7174 0.6967
vn 0.0006 -0.7630 0.6464
vn -0.5427 -0.7231 0.4273
vn -0.1907 -0.2672 0.9446
vn 0.0009 -0.2638 0.9646
vn -0.7129 0.4397 0.5463
vn -0.7488 0.3004 0.5909
vn -0.0076 1.0000 0.0043
vn 0.0008 0.2954 0.9554
vn 0.0008 0.3824 0.9240
usemtl sandstone
s 1
f 482/1033/151 477/1034/152 475/1035/153 480/1036/154
f 490/1037/155 492/1038/156 482/1033/151 480/1036/154
f 488/1039/157 489/1040/158 471/1041/159 472/1042/160
f 481/1043/161 482/1033/151 492/1038/156 491/1044/162
f 487/1045/163 470/1046/164 465/1047/165 486/1048/166
f 476/1049/167 477/1034/152 482/1033/151 481/1043/161
f 532/1050/168 531/1051/169 468/1052/170 469/1053/171
f 501/1054/172 525/1055/173 527/1056/174 504/1057/175
f 485/1058/176 487/1045/163 477/1034/152 476/1049/167
f 487/1045/163 485/1058/176 467/1059/177 470/1046/164
f 477/1034/152 487/1045/163 486/1048/166 475/1035/153
f 465/1047/165 470/1046/164 497/1060/178 495/1061/179
f 468/1052/170 491/1044/162 492/1038/156 469/1053/171
f 535/1062/180 471/1041/159 489/1040/158
f 474/1063/181 493/1064/182 491/1065/183 468/1066/184
f 493/1064/182 494/1067/185 484/1068/186 483/1069/187
f 468/1066/184 531/1070/188 533/1071/189 474/1063/181
f 485/1072/190 476/1073/191 478/1074/192 488/1039/157
f 528/1075/193 526/1076/194 516/1077/195 518/1078/196
f 474/1063/181 533/1071/189 534/1079/197 473/1080/198
f 514/1081/199 513/1082/200 523/1083/201 524/1084/202
f 472/1042/160 498/1085/203 496/1086/204 467/1087/205
f 476/1073/191 481/1088/206 483/1069/187 478/1074/192
f 472/1042/160 471/1041/159 499/1089/207 498/1085/203
f 483/1069/187 484/1068/186 479/1090/208 478/1074/192
f 499/1089/207 471/1041/159 535/1062/180
f 473/1080/198 535/1062/180 494/1067/185
f 479/1090/208 535/1062/180 489/1040/158
f 479/1090/208 484/1068/186 535/1062/180
f 535/1062/180 484/1068/186 494/1067/185
f 478/1074/192 479/1090/208 489/1040/158 488/1039/157
f 481/1088/206 491/1065/183 493/1064/182 483/1069/187
f 474/1063/181 473/1080/198 494/1067/185 493/1064/182
f 467/1087/205 485/1072/190 488/1039/157 472/1042/160
f 470/1046/164 467/1059/177 496/1091/209 497/1060/178
f 536/1092/210 551/1093/211 553/1094/212 538/1095/213
f 507/1096/214 506/1097/215 524/1084/202 523/1083/201
f 527/1056/174 517/1098/216 516/1099/217 526/1100/218
f 517/1098/216 512/1101/219 511/1102/220 516/1099/217
f 512/1101/219 522/1103/221 520/1104/222 511/1102/220
f 522/1103/221 505/1105/223 502/1106/224 520/1104/222
f 515/1107/225 517/1098/216 527/1056/174 525/1055/173
f 532/1050/168 469/1053/171 466/1108/226 530/1109/227
f 500/1110/228 505/1105/223 522/1103/221 521/1111/229
f 521/1111/229 522/1103/221 512/1101/219 510/1112/230
f 510/1112/230 512/1101/219 517/1098/216 515/1107/225
f 504/1057/175 527/1056/174 526/1100/218 503/1113/231
f 535/1062/180 524/1084/202 506/1097/215
f 509/1114/232 503/1115/233 526/1076/194 528/1075/193
f 529/1116/234 528/1075/193 518/1078/196 519/1117/235
f 513/1082/200 511/1118/236 520/1119/237 523/1083/201
f 554/1120/238 552/1121/239 547/1122/240 549/1123/241
f 498/1085/242 507/1096/214 502/1124/243 496/1086/244
f 518/1078/196 516/1077/195 511/1118/236 513/1082/200
f 499/1089/207 506/1097/215 507/1096/214 498/1085/242
f 519/1117/235 518/1078/196 513/1082/200 514/1081/199
f 499/1089/207 535/1062/180 506/1097/215
f 514/1081/199 524/1084/202 535/1062/180
f 519/1117/235 514/1081/199 535/1062/180
f 529/1116/234 519/1117/235 535/1062/180
f 508/1125/245 529/1116/234 535/1062/180
f 469/1053/171 492/1038/156 490/1037/155 466/1108/226
f 508/1125/245 509/1114/232 528/1075/193 529/1116/234
f 507/1096/214 523/1083/201 520/1119/237 502/1124/243
f 505/1105/223 497/1060/246 496/1091/247 502/1106/224
f 473/1080/198 534/1079/197 535/1062/180
f 553/1094/212 548/1126/248 547/1127/249 552/1128/250
f 548/1126/248 543/1129/251 542/1130/252 547/1127/249
f 532/1050/253 538/1095/213 537/1131/254 531/1051/255
f 546/1132/256 548/1126/248 553/1094/212 551/1093/211
f 541/1133/257 543/1129/251 548/1126/248 546/1132/256
f 538/1095/213 553/1094/212 552/1128/250 537/1131/254
f 540/1134/258 537/1135/259 552/1121/239 554/1120/238
f 555/1136/260 554/1120/238 549/1123/241 550/1137/261
f 537/1135/259 540/1134/258 533/1071/262 531/1070/263
f 540/1134/258 539/1138/264 534/1079/197 533/1071/262
f 549/1123/241 547/1122/240 542/1139/265 544/1140/266
f 550/1137/261 549/1123/241 544/1140/266 545/1141/267
f 550/1137/261 545/1141/267 535/1062/180
f 555/1136/260 550/1137/261 535/1062/180
f 539/1138/264 555/1136/260 535/1062/180
f 539/1138/264 540/1134/258 554/1120/238 555/1136/260
f 538/1095/213 532/1050/253 530/1109/268 536/1092/210
f 500/1110/228 495/1061/269 497/1060/246 505/1105/223
f 539/1138/264 535/1062/180 534/1079/197
f 573/1142/270 571/1143/271 566/1144/272 568/1145/273
f 581/1146/274 571/1143/271 573/1142/270 583/1147/275
f 579/1148/276 563/1149/277 562/1150/278 580/1151/279
f 572/1152/280 582/1153/281 583/1147/275 573/1142/270
f 578/1154/282 577/1155/283 556/1156/284 561/1157/285
f 567/1158/286 572/1152/280 573/1142/270 568/1145/273
f 623/1159/287 560/1160/288 559/1161/289 622/1162/290
f 592/1163/291 595/1164/292 618/1165/293 616/1166/294
f 576/1167/295 567/1158/286 568/1145/273 578/1154/282
f 578/1154/282 561/1157/285 558/1168/296 576/1167/295
f 568/1145/273 566/1144/272 577/1155/283 578/1154/282
f 556/1156/284 586/1169/297 588/1170/298 561/1157/285
f 559/1161/289 560/1160/288 583/1147/275 582/1153/281
f 626/1171/180 580/1151/279 562/1150/278
f 565/1172/299 559/1173/300 582/1174/301 584/1175/302
f 584/1175/302 574/1176/303 575/1177/304 585/1178/305
f 559/1173/300 565/1172/299 624/1179/306 622/1180/307
f 576/1181/308 579/1148/276 569/1182/309 567/1183/310
f 619/1184/311 609/1185/312 607/1186/313 617/1187/314
f 565/1172/299 564/1188/315 625/1189/316 624/1179/306
f 605/1190/235 615/1191/234 614/1192/317 604/1193/318
f 563/1149/277 558/1194/319 587/1195/320 589/1196/321
f 567/1183/310 569/1182/309 574/1176/303 572/1197/322
f 563/1149/277 589/1196/321 590/1198/323 562/1150/278
f 574/1176/303 569/1182/309 570/1199/324 575/1177/304
f 590/1198/323 626/1171/180 562/1150/278
f 564/1188/315 585/1178/305 626/1171/180
f 570/1199/324 580/1151/279 626/1171/180
f 570/1199/324 626/1171/180 575/1177/304
f 626/1171/180 585/1178/305 575/1177/304
f 569/1182/309 579/1148/276 580/1151/279 570/1199/324
f 572/1197/322 574/1176/303 584/1175/302 582/1174/301
f 565/1172/299 584/1175/302 585/1178/305 564/1188/315
f 558/1194/319 563/1149/277 579/1148/276 576/1181/308
f 561/1157/285 588/1170/298 587/1200/325 558/1168/296
f 627/1201/326 629/1202/327 644/1203/328 642/1204/329
f 598/1205/330 614/1192/317 615/1191/234 597/1206/331
f 618/1165/293 617/1207/332 607/1208/333 608/1209/334
f 608/1209/334 607/1208/333 602/1210/335 603/1211/336
f 603/1211/336 602/1210/335 611/1212/337 613/1213/338
f 613/1213/338 611/1212/337 593/1214/339 596/1215/340
f 606/1216/341 616/1166/294 618/1165/293 608/1209/334
f 623/1159/287 621/1217/342 557/1218/343 560/1160/288
f 591/1219/344 612/1220/345 613/1213/338 596/1215/340
f 612/1220/345 601/1221/346 603/1211/336 613/1213/338
f 601/1221/346 606/1216/341 608/1209/334 603/1211/336
f 595/1164/292 594/1222/347 617/1207/332 618/1165/293
f 626/1171/180 597/1206/331 615/1191/234
f 600/1223/348 619/1184/311 617/1187/314 594/1224/349
f 620/1225/202 610/1226/350 609/1185/312 619/1184/311
f 604/1193/318 614/1192/317 611/1227/351 602/1228/352
f 645/1229/353 640/1230/354 638/1231/355 643/1232/356
f 589/1196/357 587/1195/358 593/1233/359 598/1205/330
f 609/1185/312 604/1193/318 602/1228/352 607/1186/313
f 590/1198/323 589/1196/357 598/1205/330 597/1206/331
f 610/1226/350 605/1190/235 604/1193/318 609/1185/312
f 590/1198/323 597/1206/331 626/1171/180
f 605/1190/235 626/1171/180 615/1191/234
f 610/1226/350 626/1171/180 605/1190/235
f 620/1225/202 626/1171/180 610/1226/350
f 599/1234/360 626/1171/180 620/1225/202
f 560/1160/288 557/1218/343 581/1146/274 583/1147/275
f 599/1234/360 620/1225/202 619/1184/311 600/1223/348
f 598/1205/330 593/1233/359 611/1227/351 614/1192/317
f 596/1215/340 593/1214/339 587/1200/361 588/1170/362
f 564/1188/315 626/1171/180 625/1189/316
f 644/1203/328 643/1235/363 638/1236/364 639/1237/365
f 639/1237/365 638/1236/364 633/1238/366 634/1239/367
f 623/1159/368 622/1162/369 628/1240/370 629/1202/327
f 637/1241/371 642/1204/329 644/1203/328 639/1237/365
f 632/1242/372 637/1241/371 639/1237/365 634/1239/367
f 629/1202/327 628/1240/370 643/1235/363 644/1203/328
f 631/1243/373 645/1229/353 643/1232/356 628/1244/374
f 646/1245/375 641/1246/376 640/1230/354 645/1229/353
f 628/1244/374 622/1180/377 624/1179/378 631/1243/373
f 631/1243/373 624/1179/378 625/1189/316 630/1247/379
f 640/1230/354 635/1248/380 633/1249/381 638/1231/355
f 641/1246/376 636/1250/267 635/1248/380 640/1230/354
f 641/1246/376 626/1171/180 636/1250/267
f 646/1245/375 626/1171/180 641/1246/376
f 630/1247/379 626/1171/180 646/1245/375
f 630/1247/379 646/1245/375 645/1229/353 631/1243/373
f 629/1202/327 627/1201/326 621/1217/382 623/1159/368
f 591/1219/344 596/1215/340 588/1170/362 586/1169/383
f 630/1247/379 625/1189/316 626/1171/180
f 664/1251/384 662/1252/385 657/1253/386 659/1254/387
f 672/1255/388 662/1252/385 664/1251/384 674/1256/389
f 670/1257/390 654/1258/391 653/1259/198 671/1260/185
f 663/1261/392 673/1262/393 674/1256/389 664/1251/384
f 669/1263/394 668/1264/395 647/1265/396 652/1266/397
f 658/1267/398 663/1261/392 664/1251/384 659/1254/387
f 714/1268/178 651/1269/399 650/1270/400 713/1271/209
f 683/1272/401 686/1273/402 709/1274/328 707/1275/329
f 667/1276/403 658/1267/398 659/1254/387 669/1263/394
f 669/1263/394 652/1266/397 649/1277/404 667/1276/403
f 659/1254/387 657/1253/386 668/1264/395 669/1263/394
f 647/1265/396 677/1278/227 679/1279/168 652/1266/397
f 650/1270/400 651/1269/399 674/1256/389 673/1262/393
f 717/1280/180 671/1260/185 653/1259/198
f 656/1281/405 650/1282/406 673/1283/407 675/1284/408
f 675/1284/408 665/1285/409 666/1286/410 676/1287/158
f 650/1282/406 656/1281/405 715/1288/203 713/1289/204
f 667/1290/411 670/1257/390 660/1291/412 658/1292/413
f 710/1293/353 700/1294/354 698/1295/414 708/1296/356
f 656/1281/405 655/1297/415 716/1298/207 715/1288/203
f 696/1299/261 706/1300/260 705/1301/416 695/1302/417
f 654/1258/391 649/1303/418 678/1304/188 680/1305/189
f 658/1292/413 660/1291/412 665/1285/409 663/1306/419
f 654/1258/391 680/1305/189 681/1307/420 653/1259/198
f 665/1285/409 660/1291/412 661/1308/186 666/1286/410
f 681/1307/420 717/1280/180 653/1259/198
f 655/1297/415 676/1287/158 717/1280/180
f 661/1308/186 671/1260/185 717/1280/180
f 661/1308/186 717/1280/180 666/1286/410
f 717/1280/180 676/1287/158 666/1286/410
f 660/1291/412 670/1257/390 671/1260/185 661/1308/186
f 663/1306/419 665/1285/409 675/1284/408 673/1283/407
f 656/1281/405 675/1284/408 676/1287/158 655/1297/415
f 649/1303/418 654/1258/391 670/1257/390 667/1290/411
f 652/1266/397 679/1279/168 678/1309/169 649/1277/404
f 718/1310/421 720/1311/422 735/1312/293 733/1313/294
f 689/1314/423 705/1301/416 706/1300/260 688/1315/424
f 709/1274/328 708/1316/363 698/1317/364 699/1318/365
f 699/1318/365 698/1317/364 693/1319/425 694/1320/426
f 694/1320/426 693/1319/425 702/1321/427 704/1322/428
f 704/1322/428 702/1321/427 684/1323/429 687/1324/430
f 697/1325/431 707/1275/329 709/1274/328 699/1318/365
f 714/1268/178 712/1326/179 648/1327/432 651/1269/399
f 682/1328/433 703/1329/434 704/1322/428 687/1324/430
f 703/1329/434 692/1330/435 694/1320/426 704/1322/428
f 692/1330/435 697/1325/431 699/1318/365 694/1320/426
f 686/1273/402 685/1331/436 708/1316/363 709/1274/328
f 717/1280/180 688/1315/424 706/1300/260
f 691/1332/437 710/1293/353 708/1296/356 685/1333/438
f 711/1334/375 701/1335/376 700/1294/354 710/1293/353
f 695/1302/417 705/1301/416 702/1336/439 693/1337/440
f 736/1338/311 731/1339/312 729/1340/441 734/1341/314
f 680/1305/262 678/1304/263 684/1342/442 689/1314/423
f 700/1294/354 695/1302/417 693/1337/440 698/1295/414
f 681/1307/420 680/1305/262 689/1314/423 688/1315/424
f 701/1335/376 696/1299/261 695/1302/417 700/1294/354
f 681/1307/420 688/1315/424 717/1280/180
f 696/1299/261 717/1280/180 706/1300/260
f 701/1335/376 717/1280/180 696/1299/261
f 711/1334/375 717/1280/180 701/1335/376
f 690/1343/443 717/1280/180 711/1334/375
f 651/1269/399 648/1327/432 672/1255/388 674/1256/389
f 690/1343/443 711/1334/375 710/1293/353 691/1332/437
f 689/1314/423 684/1342/442 702/1336/439 705/1301/416
f 687/1324/430 684/1323/429 678/1309/255 679/1279/253
f 655/1297/415 717/1280/180 716/1298/207
f 735/1312/293 734/1344/332 729/1345/333 730/1346/334
f 730/1346/334 729/1345/333 724/1347/444 725/1348/445
f 714/1268/246 713/1271/247 719/1349/446 720/1311/422
f 728/1350/447 733/1313/294 735/1312/293 730/1346/334
f 723/1351/448 728/1350/447 730/1346/334 725/1348/445
f 720/1311/422 719/1349/446 734/1344/332 735/1312/293
f 722/1352/449 736/1338/311 734/1341/314 719/1353/450
f 737/1354/202 732/1355/350 731/1339/312 736/1338/311
f 719/1353/450 713/1289/244 715/1288/242 722/1352/449
f 722/1352/449 715/1288/242 716/1298/207 721/1356/215
f 731/1339/312 726/1357/451 724/1358/452 729/1340/441
f 732/1355/350 727/1359/453 726/1357/451 731/1339/312
f 732/1355/350 717/1280/180 727/1359/453
f 737/1354/202 717/1280/180 732/1355/350
f 721/1356/215 717/1280/180 737/1354/202
f 721/1356/215 737/1354/202 736/1338/311 722/1352/449
f 720/1311/422 718/1310/421 712/1326/269 714/1268/246
f 682/1328/433 687/1324/430 679/1279/253 677/1278/268
f 721/1356/215 716/1298/207 717/1280/180
f 755/1360/454 750/1361/455 748/1362/456 753/1363/457
f 763/1364/458 765/1365/459 755/1360/454 753/1363/457
f 761/1366/460 762/1367/305 744/1368/461 745/1369/462
f 754/1370/463 755/1360/454 765/1365/459 764/1371/464
f 760/1372/465 743/1373/466 738/1374/467 759/1375/468
f 749/1376/469 750/1361/455 755/1360/454 754/1370/463
f 805/1377/298 804/1378/325 741/1379/470 742/1380/471
f 774/1381/472 798/1382/473 800/1383/212 777/1384/474
f 758/1385/475 760/1372/465 750/1361/455 749/1376/469
f 760/1372/465 758/1385/475 740/1386/476 743/1373/466
f 750/1361/455 760/1372/465 759/1375/468 748/1362/456
f 738/1374/467 743/1373/466 770/1387/287 768/1388/342
f 741/1379/470 764/1371/464 765/1365/459 742/1380/471
f 808/1389/180 744/1368/461 762/1367/305
f 747/1390/477 766/1391/478 764/1392/479 741/1393/480
f 766/1391/478 767/1394/279 757/1395/324 756/1396/481
f 741/1393/480 804/1397/320 806/1398/321 747/1390/477
f 758/1399/482 749/1400/483 751/1401/484 761/1366/460
f 801/1402/238 799/1403/485 789/1404/486 791/1405/241
f 747/1390/477 806/1398/321 807/1406/487 746/1407/278
f 787/1408/488 786/1409/489 796/1410/490 797/1411/375
f 745/1369/462 771/1412/306 769/1413/307 740/1414/491
f 749/1400/483 754/1415/492 756/1396/481 751/1401/484
f 745/1369/462 744/1368/461 772/1416/316 771/1412/306
f 756/1396/481 757/1395/324 752/1417/493 751/1401/484
f 772/1416/316 744/1368/461 808/1389/180
f 746/1407/278 808/1389/180 767/1394/279
f 752/1417/493 808/1389/180 762/1367/305
f 752/1417/493 757/1395/324 808/1389/180
f 808/1389/180 757/1395/324 767/1394/279
f 751/1401/484 752/1417/493 762/1367/305 761/1366/460
f 754/1415/492 764/1392/479 766/1391/478 756/1396/481
f 747/1390/477 746/1407/278 767/1394/279 766/1391/478
f 740/1414/491 758/1399/482 761/1366/460 745/1369/462
f 743/1373/466 740/1386/476 769/1418/290 770/1387/287
f 809/1419/494 824/1420/495 826/1421/174 811/1422/496
f 780/1423/497 779/1424/379 797/1411/375 796/1410/490
f 800/1383/212 790/1425/248 789/1426/498 799/1427/250
f 790/1425/248 785/1428/499 784/1429/500 789/1426/498
f 785/1428/499 795/1430/501 793/1431/502 784/1429/500
f 795/1430/501 778/1432/503 775/1433/504 793/1431/502
f 788/1434/505 790/1425/248 800/1383/212 798/1382/473
f 805/1377/298 742/1380/471 739/1435/506 803/1436/297
f 773/1437/507 778/1432/503 795/1430/501 794/1438/508
f 794/1438/508 795/1430/501 785/1428/499 783/1439/509
f 783/1439/509 785/1428/499 790/1425/248 788/1434/505
f 777/1384/474 800/1383/212 799/1427/250 776/1440/510
f 808/1389/180 797/1411/375 779/1424/379
f 782/1441/511 776/1442/512 799/1403/485 801/1402/238
f 802/1443/260 801/1402/238 791/1405/241 792/1444/261
f 786/1409/489 784/1445/513 793/1446/514 796/1410/490
f 827/1447/193 825/1448/515 820/1449/516 822/1450/196
f 771/1412/378 780/1423/497 775/1451/517 769/1413/377
f 791/1405/241 789/1404/486 784/1445/513 786/1409/489
f 772/1416/316 779/1424/379 780/1423/497 771/1412/378
f 792/1444/261 791/1405/241 786/1409/489 787/1408/488
f 772/1416/316 808/1389/180 779/1424/379
f 787/1408/488 797/1411/375 808/1389/180
f 792/1444/261 787/1408/488 808/1389/180
f 802/1443/260 792/1444/261 808/1389/180
f 781/1452/518 802/1443/260 808/1389/180
f 742/1380/471 765/1365/459 763/1364/458 739/1435/506
f 781/1452/518 782/1441/511 801/1402/238 802/1443/260
f 780/1423/497 796/1410/490 793/1446/514 775/1451/517
f 778/1432/503 770/1387/368 769/1418/369 775/1433/504
f 746/1407/278 807/1406/487 808/1389/180
f 826/1421/174 821/1453/216 820/1454/519 825/1455/218
f 821/1453/216 816/1456/520 815/1457/521 820/1454/519
f 805/1377/362 811/1422/496 810/1458/522 804/1378/361
f 819/1459/523 821/1453/216 826/1421/174 824/1420/495
f 814/1460/524 816/1456/520 821/1453/216 819/1459/523
f 811/1422/496 826/1421/174 825/1455/218 810/1458/522
f 813/1461/525 810/1462/526 825/1448/515 827/1447/193
f 828/1463/234 827/1447/193 822/1450/196 823/1464/235
f 810/1462/526 813/1461/525 806/1398/357 804/1397/358
f 813/1461/525 812/1465/527 807/1406/487 806/1398/357
f 822/1450/196 820/1449/516 815/1466/528 817/1467/529
f 823/1464/235 822/1450/196 817/1467/529 818/1468/453
f 823/1464/235 818/1468/453 808/1389/180
f 828/1463/234 823/1464/235 808/1389/180
f 812/1465/527 828/1463/234 808/1389/180
f 812/1465/527 813/1461/525 827/1447/193 828/1463/234
f 811/1422/496 805/1377/362 803/1436/383 809/1419/494
f 773/1437/507 768/1388/382 770/1387/368 778/1432/503
f 812/1465/527 808/1389/180 807/1406/487
o Cylinder.036_Cylinder.037
v 3.141652 7.981884 -3.135690
v 3.141652 7.981884 -2.592634
v 3.195663 7.981884 -2.864162
v 2.987842 7.981884 -3.365885
v 1.984402 7.981884 -2.362442
v 2.214593 7.981884 -3.519690
v 2.757652 7.981883 -3.519690
v 2.214593 7.981883 -2.208634
v 2.486123 7.981883 -3.573701
v 2.486123 7.981883 -2.154622
v 2.987842 7.981883 -2.362442
v 2.757652 7.981883 -2.208634
v 3.136736 2.093644 -3.133655
v 3.190341 2.093644 -2.864162
v 2.755616 2.093646 -2.213550
v 2.486123 2.093646 -2.159943
v 2.755616 2.093646 -3.514773
v 2.984079 2.093644 -3.362121
v 3.136736 2.093644 -2.594670
v 2.984079 2.093646 -2.366204
v 2.216630 2.093644 -3.514773
v 1.988164 2.093644 -2.366204
v 2.486123 2.093646 -3.568379
v 2.216630 2.093646 -2.213550
v 3.249923 1.500000 -3.180538
v 2.802499 1.500000 -3.627961
v 2.486123 1.500000 -2.037431
v 3.070709 1.500000 -2.279575
v 2.802499 1.500000 -2.100363
v 3.312854 1.500000 -2.864162
v 3.070708 1.500000 -3.448752
v 2.169746 1.500000 -3.627961
v 2.169746 1.500000 -2.100363
v 2.486123 1.500000 -3.690892
v 3.249923 1.500000 -2.547787
v 1.901535 1.500000 -2.279575
v -3.141652 7.981884 -3.135690
v -3.141652 7.981884 -2.592634
v -3.195663 7.981884 -2.864162
v -2.987842 7.981884 -3.365885
v -1.984402 7.981884 -2.362442
v -2.214593 7.981884 -3.519690
v -2.757652 7.981883 -3.519690
v -2.214593 7.981883 -2.208634
v -2.486123 7.981883 -3.573701
v -2.486123 7.981883 -2.154622
v -2.987842 7.981883 -2.362442
v -2.757652 7.981883 -2.208634
v -3.136736 2.093644 -3.133655
v -3.190341 2.093644 -2.864162
v -2.755616 2.093646 -2.213550
v -2.486123 2.093646 -2.159943
v -2.755616 2.093646 -3.514773
v -2.984079 2.093644 -3.362121
v -3.136736 2.093644 -2.594670
v -2.984079 2.093646 -2.366204
v -2.216630 2.093644 -3.514773
v -1.988164 2.093644 -2.366204
v -2.486123 2.093646 -3.568379
v -2.216630 2.093646 -2.213550
v -3.249923 1.500000 -3.180538
v -2.802499 1.500000 -3.627961
v -2.486123 1.500000 -2.037431
v -3.070709 1.500000 -2.279575
v -2.802499 1.500000 -2.100363
v -3.312854 1.500000 -2.864162
v -3.070708 1.500000 -3.448752
v -2.169746 1.500000 -3.627961
v -2.169746 1.500000 -2.100363
v -2.486123 1.500000 -3.690892
v -3.249923 1.500000 -2.547787
v -1.901535 1.500000 -2.279575
v 3.141652 7.981884 3.135690
v 3.141652 7.981884 2.592634
v 3.195663 7.981884 2.864162
v 2.987842 7.981884 3.365885
v 1.984402 7.981884 2.362442
v 2.214593 7.981884 3.519690
v 2.757652 7.981883 3.519690
v 2.214593 7.981883 2.208634
v 2.486123 7.981883 3.573701
v 2.486123 7.981883 2.154622
v 2.987842 7.981883 2.362442
v 2.757652 7.981883 2.208634
v 3.136736 2.093644 3.133655
v 3.190341 2.093644 2.864162
v 2.755616 2.093646 2.213550
v 2.486123 2.093646 2.159943
v 2.755616 2.093646 3.514773
v 2.984079 2.093644 3.362121
v 3.136736 2.093644 2.594670
v 2.984079 2.093646 2.366204
v 2.216630 2.093644 3.514773
v 1.988164 2.093644 2.366204
v 2.486123 2.093646 3.568379
v 2.216630 2.093646 2.213550
v 3.249923 1.500000 3.180538
v 2.802499 1.500000 3.627961
v 2.486123 1.500000 2.037431
v 3.070709 1.500000 2.279575
v 2.802499 1.500000 2.100363
v 3.312854 1.500000 2.864162
v 3.070708 1.500000 3.448752
v 2.169746 1.500000 3.627961
v 2.169746 1.500000 2.100363
v 2.486123 1.500000 3.690892
v 3.249923 1.500000 2.547787
v 1.901535 1.500000 2.279575
v -3.141652 7.981884 3.135690
v -3.141652 7.981884 2.592634
v -3.195663 7.981884 2.864162
v -2.987842 7.981884 3.365885
v -1.984402 7.981884 2.362442
v -2.214593 7.981884 3.519690
v -2.757652 7.981883 3.519690
v -2.214593 7.981883 2.208634
v -2.486123 7.981883 3.573701
v -2.486123 7.981883 2.154622
v -2.987842 7.981883 2.362442
v -2.757652 7.981883 2.208634
v -3.136736 2.093644 3.133655
v -3.190341 2.093644 2.864162
v -2.755616 2.093646 2.213550
v -2.486123 2.093646 2.159943
v -2.755616 2.093646 3.514773
v -2.984079 2.093644 3.362121
v -3.136736 2.093644 2.594670
v -2.984079 2.093646 2.366204
v -2.216630 2.093644 3.514773
v -1.988164 2.093644 2.366204
v -2.486123 2.093646 3.568379
v -2.216630 2.093646 2.213550
v -3.249923 1.500000 3.180538
v -2.802499 1.500000 3.627961
v -2.486123 1.500000 2.037431
v -3.070709 1.500000 2.279575
v -2.802499 1.500000 2.100363
v -3.312854 1.500000 2.864162
v -3.070708 1.500000 3.448752
v -2.169746 1.500000 3.627961
v -2.169746 1.500000 2.100363
v -2.486123 1.500000 3.690892
v -3.249923 1.500000 2.547787
v -1.901535 1.500000 2.279575
vt -0.231208 0.437379
vt -0.390325 0.437379
vt -0.390325 0.374941
vt -0.231208 0.374941
vt -0.231208 0.687131
vt -0.390325 0.687131
vt -0.390325 0.624694
vt -0.231208 0.624694
vt 1.073801 0.499817
vt -0.231208 0.499817
vt 1.073801 0.437379
vt -0.390325 0.250065
vt -0.390325 0.187626
vt -0.231208 0.187626
vt -0.231208 0.250065
vt 1.073801 0.374941
vt -0.231208 0.312503
vt 1.073801 0.312503
vt -0.390325 0.562255
vt -0.231208 0.562255
vt -0.390325 0.312503
vt 1.073801 0.874445
vt -0.231208 0.874445
vt -0.231208 0.812007
vt 1.073801 0.812007
vt -0.390325 0.874445
vt -0.390325 0.812007
vt -0.390325 0.499817
vt -0.231208 0.749569
vt 1.073801 0.749569
vt 1.073801 0.562255
vt 1.073801 0.624694
vt 1.073801 0.687131
vt 1.073801 0.187626
vt 1.073801 0.250065
vt -0.390325 0.749569
vt 0.159618 1.124535
vt 0.159618 1.062097
vt 0.000501 1.062097
vt 0.000501 1.124535
vt 0.159618 1.374287
vt 0.159618 1.311850
vt 0.000501 1.311850
vt 0.000501 1.374287
vt 1.464626 1.186973
vt 1.464626 1.124535
vt 0.159618 1.186973
vt 0.000501 0.937221
vt 0.159618 0.937221
vt 0.159618 0.874782
vt 0.000501 0.874782
vt 1.464626 1.062097
vt 1.464626 0.999659
vt 0.159618 0.999659
vt 0.159618 1.249411
vt 0.000501 1.249411
vt 0.000501 0.999659
vt 1.464626 1.561601
vt 1.464626 1.499163
vt 0.159618 1.499163
vt 0.159618 1.561601
vt 0.000501 1.561601
vt 0.000501 1.499163
vt 0.000501 1.186973
vt 1.464626 1.436725
vt 0.159618 1.436725
vt 1.464626 1.249411
vt 1.464626 1.311850
vt 1.464626 1.374287
vt 1.464626 0.937221
vt 1.464626 0.874782
vt 0.000501 1.436725
vt 0.159618 1.124535
vt 0.159618 1.062097
vt 0.000501 1.062097
vt 0.000501 1.124535
vt 0.159618 1.374287
vt 0.159618 1.311850
vt 0.000501 1.311850
vt 0.000501 1.374287
vt 1.464626 1.186973
vt 1.464626 1.124535
vt 0.159618 1.186973
vt 0.000501 0.937221
vt 0.159618 0.937221
vt 0.159618 0.874782
vt 0.000501 0.874782
vt 1.464626 1.062097
vt 1.464626 0.999659
vt 0.159618 0.999659
vt 0.159618 1.249411
vt 0.000501 1.249411
vt 0.000501 0.999659
vt 1.464626 1.561601
vt 1.464626 1.499163
vt 0.159618 1.499163
vt 0.159618 1.561601
vt 0.000501 1.561601
vt 0.000501 1.499163
vt 0.000501 1.186973
vt 1.464626 1.436725
vt 0.159618 1.436725
vt 1.464626 1.249411
vt 1.464626 1.311850
vt 1.464626 1.374287
vt 1.464626 0.937221
vt 1.464626 0.874782
vt 0.000501 1.436725
vt 0.550444 1.811691
vt 0.391326 1.811691
vt 0.391326 1.749253
vt 0.550444 1.749253
vt 0.550444 2.061443
vt 0.391326 2.061443
vt 0.391326 1.999006
vt 0.550444 1.999006
vt 1.855452 1.874129
vt 0.550444 1.874129
vt 1.855452 1.811691
vt 0.391326 1.624377
vt 0.391326 1.561938
vt 0.550444 1.561938
vt 0.550444 1.624377
vt 1.855452 1.749253
vt 0.550444 1.686815
vt 1.855452 1.686815
vt 0.391326 1.936567
vt 0.550444 1.936567
vt 0.391326 1.686815
vt 1.855452 2.248757
vt 0.550444 2.248757
vt 0.550444 2.186319
vt 1.855452 2.186319
vt 0.391326 2.248757
vt 0.391326 2.186319
vt 0.391326 1.874129
vt 0.550444 2.123881
vt 1.855452 2.123881
vt 1.855452 1.936567
vt 1.855452 1.999006
vt 1.855452 2.061443
vt 1.855452 1.561938
vt 1.855452 1.624377
vt 0.391326 2.123881
vn 0.9239 0.0035 -0.3827
vn 0.9048 0.2021 -0.3748
vn 0.6925 0.2021 -0.6925
vn 0.7071 0.0035 -0.7071
vn 0.3827 0.0035 0.9239
vn 0.3748 0.2021 0.9048
vn 0.6925 0.2021 0.6925
vn 0.7071 0.0035 0.7071
vn 1.0000 -0.0009 0.0000
vn 1.0000 0.0035 0.0000
vn 0.9239 -0.0009 -0.3827
vn 0.0000 0.2021 -0.9794
vn -0.1912 0.1984 -0.9613
vn -0.1951 0.0034 -0.9808
vn -0.0000 0.0035 -1.0000
vn 0.7071 -0.0009 -0.7071
vn 0.3827 0.0035 -0.9239
vn 0.3827 -0.0009 -0.9239
vn 0.9048 0.2021 0.3748
vn 0.9239 0.0035 0.3827
vn 0.3748 0.2021 -0.9048
vn -0.5556 -0.0009 0.8315
vn -0.5556 0.0034 0.8315
vn -0.3826 0.0035 0.9239
vn -0.3827 -0.0009 0.9239
vn -0.5445 0.1984 0.8149
vn -0.3748 0.2021 0.9048
vn 0.9794 0.2021 -0.0000
vn -0.0000 0.0035 1.0000
vn 0.0000 -0.0009 1.0000
vn 0.9239 -0.0009 0.3827
vn 0.7071 -0.0009 0.7071
vn 0.3827 -0.0009 0.9239
vn -0.1951 -0.0009 -0.9808
vn -0.0000 -0.0009 -1.0000
vn 0.0000 0.2021 0.9794
vn -0.9239 0.0035 -0.3827
vn -0.7071 0.0035 -0.7071
vn -0.6925 0.2021 -0.6925
vn -0.9048 0.2021 -0.3748
vn -0.3827 0.0035 0.9239
vn -0.7071 0.0035 0.7071
vn -0.6925 0.2021 0.6925
vn -1.0000 -0.0009 0.0000
vn -0.9239 -0.0009 -0.3827
vn -1.0000 0.0035 0.0000
vn 0.1951 0.0034 -0.9808
vn 0.1912 0.1984 -0.9613
vn -0.7071 -0.0009 -0.7071
vn -0.3827 -0.0009 -0.9239
vn -0.3827 0.0035 -0.9239
vn -0.9239 0.0035 0.3827
vn -0.9048 0.2021 0.3748
vn -0.3748 0.2021 -0.9048
vn 0.5556 -0.0009 0.8315
vn 0.5555 0.0034 0.8315
vn 0.5445 0.1984 0.8149
vn -0.9794 0.2021 -0.0000
vn -0.9239 -0.0009 0.3827
vn -0.7071 -0.0009 0.7071
vn 0.1951 -0.0009 -0.9808
vn -0.1951 0.0034 0.9808
vn -0.1912 0.1984 0.9613
vn -0.5556 -0.0009 -0.8315
vn -0.5555 0.0034 -0.8315
vn -0.5445 0.1984 -0.8149
vn -0.1951 -0.0009 0.9808
vn 0.1912 0.1984 0.9613
vn 0.1951 0.0034 0.9808
vn 0.5556 -0.0009 -0.8315
vn 0.5556 0.0034 -0.8315
vn 0.3826 0.0035 -0.9239
vn 0.5445 0.1984 -0.8149
vn 0.1951 -0.0009 0.9808
usemtl sandstone
s 1
f 841/1469/530 853/1470/531 859/1471/532 846/1472/533
f 843/1473/534 857/1474/535 856/1475/536 848/1476/537
f 831/1477/538 842/1478/539 841/1469/530 829/1479/540
f 862/1480/541 860/1481/542 849/1482/543 851/1483/544
f 832/1484/545 846/1472/533 845/1485/546 835/1486/547
f 848/1476/537 856/1475/536 863/1487/548 847/1488/549
f 859/1471/532 854/1489/550 845/1485/546 846/1472/533
f 833/1490/551 850/1491/552 852/1492/553 836/1493/554
f 864/1494/555 861/1495/556 852/1492/553 850/1491/552
f 858/1496/557 853/1470/531 841/1469/530 842/1478/539
f 852/1492/553 844/1497/558 838/1498/559 836/1493/554
f 845/1485/546 854/1489/550 862/1480/541 851/1483/544
f 830/1499/560 847/1488/549 842/1478/539 831/1477/538
f 848/1476/537 847/1488/549 830/1499/560 839/1500/561
f 843/1473/534 848/1476/537 839/1500/561 840/1501/562
f 851/1483/544 849/1482/543 834/1502/563 837/1503/564
f 852/1492/553 861/1495/556 855/1504/565 844/1497/558
f 844/1497/558 855/1504/565 857/1474/535 843/1473/534
f 841/1469/530 846/1472/533 832/1484/545 829/1479/540
f 845/1485/546 851/1483/544 837/1503/564 835/1486/547
f 842/1478/539 847/1488/549 863/1487/548 858/1496/557
f 844/1497/558 843/1473/534 840/1501/562 838/1498/559
f 877/1505/566 882/1506/567 895/1507/568 889/1508/569
f 879/1509/570 884/1510/571 892/1511/572 893/1512/556
f 867/1513/573 865/1514/574 877/1505/566 878/1515/575
f 898/1516/541 887/1517/544 885/1518/576 896/1519/577
f 868/1520/578 871/1521/579 881/1522/580 882/1506/567
f 884/1510/571 883/1523/581 899/1524/582 892/1511/572
f 895/1507/568 882/1506/567 881/1522/580 890/1525/583
f 869/1526/584 872/1527/562 888/1528/534 886/1529/585
f 900/1530/586 886/1529/585 888/1528/534 897/1531/535
f 894/1532/587 878/1515/575 877/1505/566 889/1508/569
f 888/1528/534 872/1527/562 874/1533/559 880/1534/558
f 881/1522/580 887/1517/544 898/1516/541 890/1525/583
f 866/1535/588 867/1513/573 878/1515/575 883/1523/581
f 884/1510/571 875/1536/589 866/1535/588 883/1523/581
f 879/1509/570 876/1537/554 875/1536/589 884/1510/571
f 887/1517/544 873/1538/564 870/1539/590 885/1518/576
f 888/1528/534 880/1534/558 891/1540/565 897/1531/535
f 880/1534/558 879/1509/570 893/1512/556 891/1540/565
f 877/1505/566 865/1514/574 868/1520/578 882/1506/567
f 881/1522/580 871/1521/579 873/1538/564 887/1517/544
f 878/1515/575 894/1532/587 899/1524/582 883/1523/581
f 880/1534/558 874/1533/559 876/1537/554 879/1509/570
f 913/1541/549 918/1542/537 931/1543/536 925/1544/548
f 915/1545/546 920/1546/533 928/1547/532 929/1548/550
f 903/1549/538 901/1550/560 913/1541/549 914/1551/539
f 934/1552/565 923/1553/558 921/1554/591 932/1555/592
f 904/1556/561 907/1557/562 917/1558/534 918/1542/537
f 920/1546/533 919/1559/530 935/1560/531 928/1547/532
f 931/1543/536 918/1542/537 917/1558/534 926/1561/535
f 905/1562/593 908/1563/579 924/1564/580 922/1565/594
f 936/1566/595 922/1565/594 924/1564/580 933/1567/583
f 930/1568/557 914/1551/539 913/1541/549 925/1544/548
f 924/1564/580 908/1563/579 910/1569/564 916/1570/544
f 917/1558/534 923/1553/558 934/1552/565 926/1561/535
f 902/1571/540 903/1549/538 914/1551/539 919/1559/530
f 920/1546/533 911/1572/545 902/1571/540 919/1559/530
f 915/1545/546 912/1573/547 911/1572/545 920/1546/533
f 923/1553/558 909/1574/559 906/1575/596 921/1554/591
f 924/1564/580 916/1570/544 927/1576/541 933/1567/583
f 916/1570/544 915/1545/546 929/1548/550 927/1576/541
f 913/1541/549 901/1550/560 904/1556/561 918/1542/537
f 917/1558/534 907/1557/562 909/1574/559 923/1553/558
f 914/1551/539 930/1568/557 935/1560/531 919/1559/530
f 916/1570/544 910/1569/564 912/1573/547 915/1545/546
f 949/1577/581 961/1578/582 967/1579/572 954/1580/571
f 951/1581/580 965/1582/583 964/1583/568 956/1584/567
f 939/1585/573 950/1586/575 949/1577/581 937/1587/588
f 970/1588/565 968/1589/597 957/1590/598 959/1591/558
f 940/1592/589 954/1580/571 953/1593/570 943/1594/554
f 956/1584/567 964/1583/568 971/1595/569 955/1596/566
f 967/1579/572 962/1597/556 953/1593/570 954/1580/571
f 941/1598/599 958/1599/600 960/1600/601 944/1601/547
f 972/1602/602 969/1603/550 960/1600/601 958/1599/600
f 966/1604/587 961/1578/582 949/1577/581 950/1586/575
f 960/1600/601 952/1605/544 946/1606/564 944/1601/547
f 953/1593/570 962/1597/556 970/1588/565 959/1591/558
f 938/1607/574 955/1596/566 950/1586/575 939/1585/573
f 956/1584/567 955/1596/566 938/1607/574 947/1608/578
f 951/1581/580 956/1584/567 947/1608/578 948/1609/579
f 959/1591/558 957/1590/598 942/1610/603 945/1611/559
f 960/1600/601 969/1603/550 963/1612/541 952/1605/544
f 952/1605/544 963/1612/541 965/1582/583 951/1581/580
f 949/1577/581 954/1580/571 940/1592/589 937/1587/588
f 953/1593/570 959/1591/558 945/1611/559 943/1594/554
f 950/1586/575 955/1596/566 971/1595/569 966/1604/587
f 952/1605/544 951/1581/580 948/1609/579 946/1606/564
o Cylinder.038_Cylinder.039
v 3.214867 8.100429 -2.864174
v 3.177568 8.100429 -2.758937
v 3.069814 8.100429 -2.701779
v 3.069814 8.100429 -3.026564
v 3.177588 8.100429 -2.969410
v 3.319815 8.251967 -2.864176
v 3.265683 8.251967 -2.711444
v 3.109300 8.251967 -2.628491
v 3.109300 8.251967 -3.099853
v 3.265713 8.251967 -3.016906
v 3.266317 8.319571 -2.864189
v 3.224408 8.319571 -2.745627
v 3.109300 8.319571 -2.683926
v 3.109300 8.319571 -3.044416
v 3.224443 8.319571 -2.982713
v 3.109300 8.319571 -2.864171
v 3.001413 8.100429 -3.379470
v 3.049453 8.100429 -3.278682
v 3.013676 8.100429 -3.162072
v 2.784019 8.100429 -3.391729
v 2.900640 8.100429 -3.427524
v 3.075622 8.251967 -3.453681
v 3.145343 8.251967 -3.307405
v 3.093420 8.251967 -3.138169
v 2.760117 8.251967 -3.471473
v 2.929369 8.251967 -3.523422
v 3.037784 8.319571 -3.415861
v 3.091985 8.319571 -3.302391
v 3.054221 8.319571 -3.177369
v 2.799315 8.319571 -3.432274
v 2.924365 8.319571 -3.470062
v 2.926768 8.319571 -3.304821
v 2.486110 8.100429 -3.592905
v 2.591347 8.100429 -3.555606
v 2.648504 8.100429 -3.447853
v 2.323720 8.100429 -3.447853
v 2.380873 8.100429 -3.555626
v 2.486108 8.251967 -3.697854
v 2.638841 8.251967 -3.643722
v 2.721793 8.251967 -3.487338
v 2.250431 8.251967 -3.487338
v 2.333378 8.251967 -3.643752
v 2.486095 8.319571 -3.644356
v 2.604657 8.319571 -3.602446
v 2.666358 8.319571 -3.487338
v 2.305868 8.319571 -3.487338
v 2.367570 8.319571 -3.602482
v 2.486113 8.319571 -3.487338
v 2.486135 8.100430 -2.135417
v 2.380899 8.100430 -2.172716
v 2.323741 8.100430 -2.280470
v 2.648526 8.100430 -2.280470
v 2.591372 8.100430 -2.172695
v 2.486138 8.251968 -2.030468
v 2.333405 8.251968 -2.084601
v 2.250453 8.251968 -2.240984
v 2.721814 8.251968 -2.240984
v 2.638868 8.251968 -2.084571
v 2.486151 8.319571 -2.083967
v 2.367589 8.319571 -2.125877
v 2.305888 8.319571 -2.240984
v 2.666378 8.319571 -2.240984
v 2.604675 8.319571 -2.125840
v 2.486133 8.319571 -2.240984
v 3.001432 8.100430 -2.348870
v 2.900643 8.100430 -2.300832
v 2.784034 8.100430 -2.336608
v 3.013691 8.100430 -2.566265
v 3.049486 8.100430 -2.449644
v 3.075643 8.251968 -2.274662
v 2.929367 8.251968 -2.204941
v 2.760131 8.251968 -2.256865
v 3.093434 8.251968 -2.590168
v 3.145383 8.251968 -2.420915
v 3.037823 8.319571 -2.312500
v 2.924352 8.319571 -2.258299
v 2.799330 8.319571 -2.296063
v 3.054235 8.319571 -2.550968
v 3.092023 8.319571 -2.425919
v 2.926783 8.319571 -2.423516
v -3.214867 8.100429 -2.864174
v -3.177568 8.100429 -2.758937
v -3.069814 8.100429 -2.701779
v -3.069814 8.100429 -3.026564
v -3.177588 8.100429 -2.969410
v -3.319815 8.251967 -2.864176
v -3.265683 8.251967 -2.711444
v -3.109300 8.251967 -2.628491
v -3.109300 8.251967 -3.099853
v -3.265713 8.251967 -3.016906
v -3.266317 8.319571 -2.864189
v -3.224408 8.319571 -2.745627
v -3.109300 8.319571 -2.683926
v -3.109300 8.319571 -3.044416
v -3.224443 8.319571 -2.982713
v -3.109300 8.319571 -2.864171
v -3.001413 8.100429 -3.379470
v -3.049453 8.100429 -3.278682
v -3.013676 8.100429 -3.162072
v -2.784019 8.100429 -3.391729
v -2.900640 8.100429 -3.427524
v -3.075622 8.251967 -3.453681
v -3.145343 8.251967 -3.307405
v -3.093420 8.251967 -3.138169
v -2.760117 8.251967 -3.471473
v -2.929369 8.251967 -3.523422
v -3.037784 8.319571 -3.415861
v -3.091985 8.319571 -3.302391
v -3.054221 8.319571 -3.177369
v -2.799315 8.319571 -3.432274
v -2.924365 8.319571 -3.470062
v -2.926768 8.319571 -3.304821
v -2.486110 8.100429 -3.592905
v -2.591347 8.100429 -3.555606
v -2.648504 8.100429 -3.447853
v -2.323720 8.100429 -3.447853
v -2.380873 8.100429 -3.555626
v -2.486108 8.251967 -3.697854
v -2.638841 8.251967 -3.643722
v -2.721793 8.251967 -3.487338
v -2.250431 8.251967 -3.487338
v -2.333378 8.251967 -3.643752
v -2.486095 8.319571 -3.644356
v -2.604657 8.319571 -3.602446
v -2.666358 8.319571 -3.487338
v -2.305868 8.319571 -3.487338
v -2.367570 8.319571 -3.602482
v -2.486113 8.319571 -3.487338
v -2.486135 8.100430 -2.135417
v -2.380899 8.100430 -2.172716
v -2.323741 8.100430 -2.280470
v -2.648526 8.100430 -2.280470
v -2.591372 8.100430 -2.172695
v -2.486138 8.251968 -2.030468
v -2.333405 8.251968 -2.084601
v -2.250453 8.251968 -2.240984
v -2.721814 8.251968 -2.240984
v -2.638868 8.251968 -2.084571
v -2.486151 8.319571 -2.083967
v -2.367589 8.319571 -2.125877
v -2.305888 8.319571 -2.240984
v -2.666378 8.319571 -2.240984
v -2.604675 8.319571 -2.125840
v -2.486133 8.319571 -2.240984
v -3.001432 8.100430 -2.348870
v -2.900643 8.100430 -2.300832
v -2.784034 8.100430 -2.336608
v -3.013691 8.100430 -2.566265
v -3.049486 8.100430 -2.449644
v -3.075643 8.251968 -2.274662
v -2.929367 8.251968 -2.204941
v -2.760131 8.251968 -2.256865
v -3.093434 8.251968 -2.590168
v -3.145383 8.251968 -2.420915
v -3.037823 8.319571 -2.312500
v -2.924352 8.319571 -2.258299
v -2.799330 8.319571 -2.296063
v -3.054235 8.319571 -2.550968
v -3.092023 8.319571 -2.425919
v -2.926783 8.319571 -2.423516
v 3.214867 8.100429 2.864174
v 3.177568 8.100429 2.758937
v 3.069814 8.100429 2.701779
v 3.069814 8.100429 3.026564
v 3.177588 8.100429 2.969410
v 3.319815 8.251967 2.864176
v 3.265683 8.251967 2.711444
v 3.109300 8.251967 2.628491
v 3.109300 8.251967 3.099853
v 3.265713 8.251967 3.016906
v 3.266317 8.319571 2.864189
v 3.224408 8.319571 2.745627
v 3.109300 8.319571 2.683926
v 3.109300 8.319571 3.044416
v 3.224443 8.319571 2.982713
v 3.109300 8.319571 2.864171
v 3.001413 8.100429 3.379470
v 3.049453 8.100429 3.278682
v 3.013676 8.100429 3.162072
v 2.784019 8.100429 3.391729
v 2.900640 8.100429 3.427524
v 3.075622 8.251967 3.453681
v 3.145343 8.251967 3.307405
v 3.093420 8.251967 3.138169
v 2.760117 8.251967 3.471473
v 2.929369 8.251967 3.523422
v 3.037784 8.319571 3.415861
v 3.091985 8.319571 3.302391
v 3.054221 8.319571 3.177369
v 2.799315 8.319571 3.432274
v 2.924365 8.319571 3.470062
v 2.926768 8.319571 3.304821
v 2.486110 8.100429 3.592905
v 2.591347 8.100429 3.555606
v 2.648504 8.100429 3.447853
v 2.323720 8.100429 3.447853
v 2.380873 8.100429 3.555626
v 2.486108 8.251967 3.697854
v 2.638841 8.251967 3.643722
v 2.721793 8.251967 3.487338
v 2.250431 8.251967 3.487338
v 2.333378 8.251967 3.643752
v 2.486095 8.319571 3.644356
v 2.604657 8.319571 3.602446
v 2.666358 8.319571 3.487338
v 2.305868 8.319571 3.487338
v 2.367570 8.319571 3.602482
v 2.486113 8.319571 3.487338
v 2.486135 8.100430 2.135417
v 2.380899 8.100430 2.172716
v 2.323741 8.100430 2.280470
v 2.648526 8.100430 2.280470
v 2.591372 8.100430 2.172695
v 2.486138 8.251968 2.030468
v 2.333405 8.251968 2.084601
v 2.250453 8.251968 2.240984
v 2.721814 8.251968 2.240984
v 2.638868 8.251968 2.084571
v 2.486151 8.319571 2.083967
v 2.367589 8.319571 2.125877
v 2.305888 8.319571 2.240984
v 2.666378 8.319571 2.240984
v 2.604675 8.319571 2.125840
v 2.486133 8.319571 2.240984
v 3.001432 8.100430 2.348870
v 2.900643 8.100430 2.300832
v 2.784034 8.100430 2.336608
v 3.013691 8.100430 2.566265
v 3.049486 8.100430 2.449644
v 3.075643 8.251968 2.274662
v 2.929367 8.251968 2.204941
v 2.760131 8.251968 2.256865
v 3.093434 8.251968 2.590168
v 3.145383 8.251968 2.420915
v 3.037823 8.319571 2.312500
v 2.924352 8.319571 2.258299
v 2.799330 8.319571 2.296063
v 3.054235 8.319571 2.550968
v 3.092023 8.319571 2.425919
v 2.926783 8.319571 2.423516
v -3.214867 8.100429 2.864174
v -3.177568 8.100429 2.758937
v -3.069814 8.100429 2.701779
v -3.069814 8.100429 3.026564
v -3.177588 8.100429 2.969410
v -3.319815 8.251967 2.864176
v -3.265683 8.251967 2.711444
v -3.109300 8.251967 2.628491
v -3.109300 8.251967 3.099853
v -3.265713 8.251967 3.016906
v -3.266317 8.319571 2.864189
v -3.224408 8.319571 2.745627
v -3.109300 8.319571 2.683926
v -3.109300 8.319571 3.044416
v -3.224443 8.319571 2.982713
v -3.109300 8.319571 2.864171
v -3.001413 8.100429 3.379470
v -3.049453 8.100429 3.278682
v -3.013676 8.100429 3.162072
v -2.784019 8.100429 3.391729
v -2.900640 8.100429 3.427524
v -3.075622 8.251967 3.453681
v -3.145343 8.251967 3.307405
v -3.093420 8.251967 3.138169
v -2.760117 8.251967 3.471473
v -2.929369 8.251967 3.523422
v -3.037784 8.319571 3.415861
v -3.091985 8.319571 3.302391
v -3.054221 8.319571 3.177369
v -2.799315 8.319571 3.432274
v -2.924365 8.319571 3.470062
v -2.926768 8.319571 3.304821
v -2.486110 8.100429 3.592905
v -2.591347 8.100429 3.555606
v -2.648504 8.100429 3.447853
v -2.323720 8.100429 3.447853
v -2.380873 8.100429 3.555626
v -2.486108 8.251967 3.697854
v -2.638841 8.251967 3.643722
v -2.721793 8.251967 3.487338
v -2.250431 8.251967 3.487338
v -2.333378 8.251967 3.643752
v -2.486095 8.319571 3.644356
v -2.604657 8.319571 3.602446
v -2.666358 8.319571 3.487338
v -2.305868 8.319571 3.487338
v -2.367570 8.319571 3.602482
v -2.486113 8.319571 3.487338
v -2.486135 8.100430 2.135417
v -2.380899 8.100430 2.172716
v -2.323741 8.100430 2.280470
v -2.648526 8.100430 2.280470
v -2.591372 8.100430 2.172695
v -2.486138 8.251968 2.030468
v -2.333405 8.251968 2.084601
v -2.250453 8.251968 2.240984
v -2.721814 8.251968 2.240984
v -2.638868 8.251968 2.084571
v -2.486151 8.319571 2.083967
v -2.367589 8.319571 2.125877
v -2.305888 8.319571 2.240984
v -2.666378 8.319571 2.240984
v -2.604675 8.319571 2.125840
v -2.486133 8.319571 2.240984
v -3.001432 8.100430 2.348870
v -2.900643 8.100430 2.300832
v -2.784034 8.100430 2.336608
v -3.013691 8.100430 2.566265
v -3.049486 8.100430 2.449644
v -3.075643 8.251968 2.274662
v -2.929367 8.251968 2.204941
v -2.760131 8.251968 2.256865
v -3.093434 8.251968 2.590168
v -3.145383 8.251968 2.420915
v -3.037823 8.319571 2.312500
v -2.924352 8.319571 2.258299
v -2.799330 8.319571 2.296063
v -3.054235 8.319571 2.550968
v -3.092023 8.319571 2.425919
v -2.926783 8.319571 2.423516
vt 0.752863 0.389247
vt 0.752863 0.465849
vt 0.696957 0.465849
vt 0.696957 0.389247
vt 0.636317 0.465849
vt 0.636317 0.389247
vt 0.257841 1.139894
vt 0.313580 1.092741
vt 0.303033 1.167841
vt 0.952863 1.065849
vt 0.952863 0.989248
vt 1.008775 0.989247
vt 1.008775 1.065849
vt 0.226100 1.164774
vt 0.200947 1.092608
vt 0.241974 1.092654
vt 0.869407 0.465849
vt 0.808775 0.465849
vt 0.808775 0.389247
vt 0.869407 0.389247
vt 0.226279 1.020495
vt 0.295253 0.976570
vt 0.303203 1.017711
vt 0.257949 1.045476
vt 0.294832 1.208904
vt 0.441974 1.692654
vt 0.400947 1.692608
vt 0.426279 1.620495
vt 0.457949 1.645476
vt 0.896957 1.065849
vt 0.896957 0.989247
vt 0.836317 1.065849
vt 0.836317 0.989248
vt 0.457841 1.739894
vt 0.513580 1.692741
vt 0.503033 1.767841
vt 1.152863 1.665849
vt 1.152863 1.589247
vt 1.208775 1.589247
vt 1.208775 1.665849
vt 0.426100 1.764774
vt 1.069407 1.065849
vt 1.069407 0.989247
vt 0.495253 1.576570
vt 0.503203 1.617711
vt 1.269407 1.665849
vt 1.269407 1.589247
vt 0.494832 1.808904
vt 0.641974 2.292654
vt 0.600947 2.292608
vt 0.626279 2.220495
vt 0.657949 2.245476
vt 1.096957 1.665849
vt 1.096957 1.589247
vt 1.036317 1.665849
vt 1.036317 1.589247
vt 0.657841 2.339894
vt 0.713580 2.292741
vt 0.703033 2.367841
vt 0.626100 2.364774
vt 0.695253 2.176570
vt 0.703203 2.217711
vt 0.694832 2.408905
vt 1.952863 4.065849
vt 1.952863 3.989248
vt 2.008775 3.989248
vt 2.008775 4.065849
vt 2.069407 4.065849
vt 2.069407 3.989248
vt 1.441974 4.692654
vt 1.400947 4.692608
vt 1.426280 4.620496
vt 1.457949 4.645476
vt 1.896957 4.065849
vt 1.896957 3.989248
vt 1.836317 4.065849
vt 1.836317 3.989248
vt 1.457841 4.739894
vt 1.513580 4.692740
vt 1.503033 4.767841
vt 2.152863 4.589248
vt 2.208775 4.589248
vt 2.208775 4.665849
vt 2.152863 4.665849
vt 1.426100 4.764774
vt 1.495253 4.576571
vt 1.503203 4.617712
vt 2.269407 4.589248
vt 2.269407 4.665849
vt 1.494832 4.808905
vt 1.641974 5.292654
vt 1.600947 5.292608
vt 1.626279 5.220496
vt 1.657949 5.245476
vt 1.703203 5.217711
vt 1.713580 5.292741
vt 2.096957 4.665849
vt 2.096957 4.589248
vt 1.695253 5.176570
vt 2.036317 4.665849
vt 2.036317 4.589248
vt 1.657841 5.339895
vt 1.703033 5.367841
vt 1.626100 5.364775
vt 1.694832 5.408905
vt 1.152863 0.489247
vt 1.096957 0.489247
vt 1.096957 0.565849
vt 1.152863 0.565849
vt 1.036317 0.489247
vt 1.036317 0.565849
vt 0.657841 1.239894
vt 0.703033 1.267841
vt 0.713580 1.192741
vt 1.352863 1.165849
vt 1.408775 1.165849
vt 1.408775 1.089247
vt 1.352863 1.089247
vt 0.641974 1.192654
vt 0.600947 1.192608
vt 0.626100 1.264774
vt 1.269407 0.565849
vt 1.269407 0.489247
vt 1.208775 0.489247
vt 1.208775 0.565849
vt 0.626279 1.120495
vt 0.657949 1.145476
vt 0.703203 1.117711
vt 0.695253 1.076570
vt 0.694832 1.308904
vt 0.841974 1.792654
vt 0.857949 1.745476
vt 0.826280 1.720495
vt 0.800947 1.792608
vt 1.296957 1.089247
vt 1.296957 1.165849
vt 1.236317 1.089247
vt 1.236317 1.165849
vt 0.857841 1.839894
vt 0.903033 1.867841
vt 0.913580 1.792741
vt 1.552863 1.765849
vt 1.608775 1.765849
vt 1.608775 1.689247
vt 1.552863 1.689247
vt 0.826100 1.864774
vt 1.469407 1.165849
vt 1.469407 1.089247
vt 0.903203 1.717711
vt 0.895253 1.676570
vt 1.669407 1.765849
vt 1.669407 1.689247
vt 0.894832 1.908904
vt 1.041974 2.392653
vt 1.057949 2.345476
vt 1.026279 2.320495
vt 1.000947 2.392608
vt 1.496957 1.765849
vt 1.496957 1.689247
vt 1.436317 1.689247
vt 1.436317 1.765849
vt 1.057841 2.439894
vt 1.103033 2.467841
vt 1.113580 2.392740
vt 1.026100 2.464774
vt 1.103203 2.317711
vt 1.095253 2.276570
vt 1.094832 2.508904
vt 2.352863 4.165849
vt 2.408775 4.165849
vt 2.408775 4.089248
vt 2.352863 4.089248
vt 2.469407 4.165849
vt 2.469407 4.089248
vt 1.841974 4.792654
vt 1.857949 4.745476
vt 1.826280 4.720496
vt 1.800947 4.792608
vt 2.296957 4.165849
vt 2.296957 4.089248
vt 2.236317 4.089248
vt 2.236317 4.165849
vt 1.857841 4.839894
vt 1.903033 4.867841
vt 1.913580 4.792740
vt 2.552863 4.689248
vt 2.552863 4.765849
vt 2.608775 4.765849
vt 2.608775 4.689248
vt 1.826100 4.864774
vt 1.903203 4.717711
vt 1.895253 4.676570
vt 2.669407 4.765849
vt 2.669407 4.689248
vt 1.894832 4.908905
vt 2.041974 5.392654
vt 2.057949 5.345476
vt 2.026279 5.320496
vt 2.000947 5.392608
vt 2.103203 5.317711
vt 2.113580 5.392741
vt 2.496957 4.765849
vt 2.496957 4.689248
vt 2.095253 5.276570
vt 2.436317 4.689248
vt 2.436317 4.765849
vt 2.057841 5.439895
vt 2.103033 5.467841
vt 2.026100 5.464775
vt 2.094832 5.508904
vt 1.152863 0.489247
vt 1.096957 0.489247
vt 1.096957 0.565849
vt 1.152863 0.565849
vt 1.036317 0.489247
vt 1.036317 0.565849
vt 0.657841 1.239894
vt 0.703033 1.267841
vt 0.713580 1.192741
vt 1.352863 1.165849
vt 1.408775 1.165849
vt 1.408775 1.089247
vt 1.352863 1.089247
vt 0.641974 1.192654
vt 0.600947 1.192608
vt 0.626100 1.264774
vt 1.269407 0.565849
vt 1.269407 0.489247
vt 1.208775 0.489247
vt 1.208775 0.565849
vt 0.626279 1.120495
vt 0.657949 1.145476
vt 0.703203 1.117711
vt 0.695253 1.076570
vt 0.694832 1.308904
vt 0.841974 1.792654
vt 0.857949 1.745476
vt 0.826280 1.720495
vt 0.800947 1.792608
vt 1.296957 1.089247
vt 1.296957 1.165849
vt 1.236317 1.089247
vt 1.236317 1.165849
vt 0.857841 1.839894
vt 0.903033 1.867841
vt 0.913580 1.792741
vt 1.552863 1.765849
vt 1.608775 1.765849
vt 1.608775 1.689247
vt 1.552863 1.689247
vt 0.826100 1.864774
vt 1.469407 1.165849
vt 1.469407 1.089247
vt 0.903203 1.717711
vt 0.895253 1.676570
vt 1.669407 1.765849
vt 1.669407 1.689247
vt 0.894832 1.908904
vt 1.041974 2.392653
vt 1.057949 2.345476
vt 1.026279 2.320495
vt 1.000947 2.392608
vt 1.496957 1.765849
vt 1.496957 1.689247
vt 1.436317 1.689247
vt 1.436317 1.765849
vt 1.057841 2.439894
vt 1.103033 2.467841
vt 1.113580 2.392740
vt 1.026100 2.464774
vt 1.103203 2.317711
vt 1.095253 2.276570
vt 1.094832 2.508904
vt 2.352863 4.165849
vt 2.408775 4.165849
vt 2.408775 4.089248
vt 2.352863 4.089248
vt 2.469407 4.165849
vt 2.469407 4.089248
vt 1.841974 4.792654
vt 1.857949 4.745476
vt 1.826280 4.720496
vt 1.800947 4.792608
vt 2.296957 4.165849
vt 2.296957 4.089248
vt 2.236317 4.089248
vt 2.236317 4.165849
vt 1.857841 4.839894
vt 1.903033 4.867841
vt 1.913580 4.792740
vt 2.552863 4.689248
vt 2.552863 4.765849
vt 2.608775 4.765849
vt 2.608775 4.689248
vt 1.826100 4.864774
vt 1.903203 4.717711
vt 1.895253 4.676570
vt 2.669407 4.765849
vt 2.669407 4.689248
vt 1.894832 4.908905
vt 2.041974 5.392654
vt 2.057949 5.345476
vt 2.026279 5.320496
vt 2.000947 5.392608
vt 2.103203 5.317711
vt 2.113580 5.392741
vt 2.496957 4.765849
vt 2.496957 4.689248
vt 2.095253 5.276570
vt 2.436317 4.689248
vt 2.436317 4.765849
vt 2.057841 5.439895
vt 2.103033 5.467841
vt 2.026100 5.464775
vt 2.094832 5.508904
vt 1.552863 0.589247
vt 1.552863 0.665849
vt 1.496957 0.665849
vt 1.496957 0.589247
vt 1.436317 0.665849
vt 1.436317 0.589247
vt 1.057841 1.339894
vt 1.113580 1.292741
vt 1.103033 1.367841
vt 1.752863 1.265849
vt 1.752863 1.189247
vt 1.808775 1.189247
vt 1.808775 1.265849
vt 1.026100 1.364774
vt 1.000947 1.292608
vt 1.041974 1.292654
vt 1.669407 0.665849
vt 1.608775 0.665849
vt 1.608775 0.589247
vt 1.669407 0.589247
vt 1.026279 1.220495
vt 1.095253 1.176570
vt 1.103203 1.217711
vt 1.057949 1.245476
vt 1.094832 1.408904
vt 1.241974 1.892654
vt 1.200947 1.892608
vt 1.226279 1.820495
vt 1.257949 1.845476
vt 1.696957 1.265849
vt 1.696957 1.189247
vt 1.636317 1.265849
vt 1.636317 1.189247
vt 1.257841 1.939894
vt 1.313580 1.892741
vt 1.303033 1.967841
vt 1.952863 1.865849
vt 1.952863 1.789248
vt 2.008775 1.789248
vt 2.008775 1.865849
vt 1.226100 1.964774
vt 1.869407 1.265849
vt 1.869407 1.189247
vt 1.295253 1.776570
vt 1.303203 1.817711
vt 2.069407 1.865849
vt 2.069407 1.789248
vt 1.294832 2.008904
vt 1.441974 2.492653
vt 1.400947 2.492608
vt 1.426279 2.420495
vt 1.457949 2.445476
vt 1.896957 1.865849
vt 1.896957 1.789248
vt 1.836317 1.865849
vt 1.836317 1.789248
vt 1.457841 2.539894
vt 1.513580 2.492740
vt 1.503033 2.567841
vt 1.426100 2.564774
vt 1.495253 2.376570
vt 1.503203 2.417711
vt 1.494832 2.608904
vt 2.752863 4.265849
vt 2.752863 4.189248
vt 2.808775 4.189248
vt 2.808775 4.265849
vt 2.869407 4.265849
vt 2.869407 4.189248
vt 2.241974 4.892653
vt 2.200947 4.892608
vt 2.226279 4.820496
vt 2.257949 4.845476
vt 2.696957 4.265849
vt 2.696957 4.189248
vt 2.636317 4.265849
vt 2.636317 4.189248
vt 2.257841 4.939894
vt 2.313580 4.892740
vt 2.303033 4.967841
vt 2.952863 4.789248
vt 3.008775 4.789248
vt 3.008775 4.865849
vt 2.952863 4.865849
vt 2.226100 4.964774
vt 2.295253 4.776570
vt 2.303203 4.817711
vt 3.069407 4.789248
vt 3.069407 4.865849
vt 2.294832 5.008904
vt 2.441974 5.492654
vt 2.400947 5.492608
vt 2.426280 5.420496
vt 2.457949 5.445476
vt 2.503203 5.417711
vt 2.513580 5.492741
vt 2.896957 4.865849
vt 2.896957 4.789248
vt 2.495254 5.376570
vt 2.836317 4.865849
vt 2.836317 4.789248
vt 2.457841 5.539895
vt 2.503033 5.567841
vt 2.426100 5.564775
vt 2.494832 5.608904
vn 0.8221 -0.5693 0.0001
vn 0.6274 -0.5405 -0.5605
vn 0.6275 -0.5405 -0.5604
vn 0.4106 -0.4815 -0.7743
vn 0.3580 0.8785 0.3163
vn 0.0000 1.0000 0.0000
vn 0.2357 0.8653 0.4424
vn 0.5814 -0.5693 -0.5813
vn 0.8400 -0.5405 -0.0474
vn 0.5880 0.6200 0.5196
vn 0.7845 0.6201 0.0001
vn 0.4845 0.8748 0.0001
vn 0.4107 -0.4815 0.7743
vn 0.6275 -0.5405 0.5605
vn 0.5880 0.6200 -0.5196
vn 0.3800 0.5889 -0.7133
vn 0.2356 0.8653 -0.4424
vn 0.3579 0.8785 -0.3163
vn 0.3801 0.5888 0.7133
vn 0.3427 0.8748 -0.3426
vn 0.5548 0.6201 -0.5547
vn 0.0484 0.6200 -0.7831
vn 0.0294 0.8785 -0.4768
vn 0.0473 -0.5405 -0.8400
vn 0.0474 -0.5405 -0.8400
vn -0.2572 -0.4815 -0.8379
vn 0.4768 0.8785 -0.0295
vn 0.4795 0.8653 0.1461
vn 0.0001 -0.5693 -0.8221
vn 0.5605 -0.5405 -0.6275
vn 0.7831 0.6200 -0.0484
vn 0.8379 -0.4815 0.2571
vn -0.2357 0.5889 -0.7731
vn -0.1462 0.8653 -0.4794
vn 0.7743 -0.4815 -0.4107
vn 0.7731 0.5888 0.2356
vn 0.0001 0.8748 -0.4845
vn 0.0001 0.6201 -0.7845
vn -0.5196 0.6200 -0.5880
vn -0.3163 0.8785 -0.3579
vn -0.5605 -0.5405 -0.6274
vn -0.5604 -0.5405 -0.6275
vn -0.7743 -0.4815 -0.4106
vn 0.3163 0.8785 -0.3580
vn 0.4424 0.8653 -0.2357
vn 0.5196 0.6200 -0.5880
vn -0.7133 0.5889 -0.3800
vn -0.4424 0.8653 -0.2356
vn 0.7133 0.5888 -0.3801
vn -0.0001 -0.5693 0.8221
vn -0.5605 -0.5405 0.6275
vn -0.7743 -0.4815 0.4107
vn -0.0001 0.8748 0.4845
vn -0.0001 0.6201 0.7845
vn 0.5196 0.6200 0.5880
vn 0.3163 0.8785 0.3579
vn 0.5605 -0.5405 0.6274
vn 0.5604 -0.5405 0.6275
vn 0.7743 -0.4815 0.4106
vn -0.3163 0.8785 0.3580
vn -0.4424 0.8653 0.2357
vn 0.5813 -0.5693 0.5814
vn 0.0474 -0.5405 0.8400
vn -0.5195 0.6200 0.5880
vn 0.7133 0.5889 0.3800
vn 0.4424 0.8653 0.2356
vn -0.2571 -0.4815 0.8379
vn -0.7133 0.5888 0.3801
vn 0.3426 0.8748 0.3427
vn 0.5547 0.6201 0.5548
vn 0.7831 0.6200 0.0484
vn 0.4768 0.8785 0.0294
vn 0.4794 0.8653 -0.1462
vn 0.8400 -0.5405 0.0473
vn 0.8400 -0.5405 0.0474
vn 0.7731 0.5889 -0.2357
vn 0.8379 -0.4815 -0.2572
vn 0.0295 0.8785 0.4768
vn -0.1461 0.8653 0.4795
vn 0.0484 0.6200 0.7831
vn -0.2356 0.5888 0.7731
vn -0.8221 -0.5693 0.0001
vn -0.6275 -0.5405 -0.5604
vn -0.4106 -0.4815 -0.7743
vn -0.3580 0.8785 0.3163
vn -0.2357 0.8653 0.4424
vn -0.5814 -0.5693 -0.5813
vn -0.8400 -0.5405 -0.0474
vn -0.4845 0.8748 0.0001
vn -0.7845 0.6201 0.0001
vn -0.5880 0.6200 0.5196
vn -0.4107 -0.4815 0.7743
vn -0.6275 -0.5405 0.5605
vn -0.5880 0.6200 -0.5196
vn -0.3579 0.8785 -0.3163
vn -0.2356 0.8653 -0.4424
vn -0.3800 0.5889 -0.7133
vn -0.3801 0.5888 0.7133
vn -0.3427 0.8748 -0.3426
vn -0.0294 0.8785 -0.4768
vn -0.0483 0.6200 -0.7831
vn -0.5548 0.6201 -0.5547
vn -0.0474 -0.5405 -0.8400
vn -0.0473 -0.5405 -0.8400
vn 0.2572 -0.4815 -0.8379
vn -0.4768 0.8785 -0.0295
vn -0.4795 0.8653 0.1461
vn -0.0001 -0.5693 -0.8221
vn -0.5605 -0.5405 -0.6275
vn -0.7831 0.6200 -0.0484
vn -0.8379 -0.4815 0.2571
vn 0.1462 0.8653 -0.4794
vn 0.2357 0.5889 -0.7731
vn -0.7743 -0.4815 -0.4107
vn -0.7731 0.5888 0.2356
vn -0.0001 0.8748 -0.4845
vn 0.3163 0.8785 -0.3579
vn -0.0001 0.6201 -0.7845
vn 0.5605 -0.5405 -0.6274
vn 0.5604 -0.5405 -0.6275
vn 0.7743 -0.4815 -0.4106
vn -0.3163 0.8785 -0.3580
vn -0.4424 0.8653 -0.2357
vn 0.7133 0.5889 -0.3800
vn -0.7133 0.5888 -0.3801
vn 0.0001 -0.5693 0.8221
vn 0.5605 -0.5405 0.6275
vn 0.7743 -0.4815 0.4107
vn 0.0001 0.8748 0.4845
vn -0.3163 0.8785 0.3579
vn -0.5196 0.6200 0.5880
vn 0.0001 0.6201 0.7845
vn -0.5605 -0.5405 0.6274
vn -0.5604 -0.5405 0.6275
vn -0.7743 -0.4815 0.4106
vn 0.3163 0.8785 0.3580
vn 0.4424 0.8653 0.2357
vn -0.5813 -0.5693 0.5814
vn -0.0474 -0.5405 0.8400
vn 0.5195 0.6200 0.5880
vn -0.4424 0.8653 0.2356
vn -0.7133 0.5889 0.3800
vn 0.2571 -0.4815 0.8379
vn 0.7133 0.5888 0.3801
vn -0.3426 0.8748 0.3427
vn -0.4768 0.8785 0.0294
vn -0.7831 0.6200 0.0484
vn -0.5547 0.6201 0.5548
vn -0.4795 0.8653 -0.1462
vn -0.8400 -0.5405 0.0473
vn -0.8400 -0.5405 0.0474
vn -0.7731 0.5889 -0.2357
vn -0.8379 -0.4815 -0.2572
vn -0.0295 0.8785 0.4768
vn 0.1461 0.8653 0.4795
vn -0.0484 0.6200 0.7831
vn 0.2356 0.5888 0.7731
vn 0.8221 -0.5693 -0.0001
vn 0.6275 -0.5405 0.5604
vn 0.4106 -0.4815 0.7743
vn 0.3580 0.8785 -0.3163
vn 0.2357 0.8653 -0.4424
vn 0.5814 -0.5693 0.5813
vn 0.4845 0.8748 -0.0001
vn 0.7845 0.6201 -0.0001
vn 0.4107 -0.4815 -0.7743
vn 0.6275 -0.5405 -0.5605
vn 0.3579 0.8785 0.3163
vn 0.2356 0.8653 0.4424
vn 0.3800 0.5889 0.7133
vn 0.3801 0.5888 -0.7133
vn 0.3427 0.8748 0.3426
vn 0.0294 0.8785 0.4768
vn 0.0483 0.6200 0.7831
vn 0.5548 0.6201 0.5547
vn 0.0473 -0.5405 0.8400
vn -0.2572 -0.4815 0.8379
vn 0.4768 0.8785 0.0295
vn 0.4795 0.8653 -0.1461
vn 0.8379 -0.4815 -0.2571
vn -0.1462 0.8653 0.4794
vn -0.2357 0.5889 0.7731
vn 0.7731 0.5888 -0.2356
vn 0.5813 -0.5693 -0.5814
vn -0.5195 0.6200 -0.5880
vn 0.4424 0.8653 -0.2356
vn -0.2571 -0.4815 -0.8379
vn 0.3426 0.8748 -0.3427
vn 0.4768 0.8785 -0.0294
vn 0.5547 0.6201 -0.5548
vn 0.4795 0.8653 0.1462
vn 0.8400 -0.5405 -0.0473
vn 0.7731 0.5889 0.2357
vn 0.8379 -0.4815 0.2572
vn 0.0295 0.8785 -0.4768
vn -0.1461 0.8653 -0.4795
vn -0.2356 0.5888 -0.7731
vn -0.8221 -0.5693 -0.0001
vn -0.6274 -0.5405 0.5605
vn -0.6275 -0.5405 0.5604
vn -0.4106 -0.4815 0.7743
vn -0.3580 0.8785 -0.3163
vn -0.2357 0.8653 -0.4424
vn -0.5814 -0.5693 0.5813
vn -0.7845 0.6201 -0.0001
vn -0.4845 0.8748 -0.0001
vn -0.4107 -0.4815 -0.7743
vn -0.6275 -0.5405 -0.5605
vn -0.3800 0.5889 0.7133
vn -0.2356 0.8653 0.4424
vn -0.3579 0.8785 0.3163
vn -0.3801 0.5888 -0.7133
vn -0.3427 0.8748 0.3426
vn -0.5548 0.6201 0.5547
vn -0.0294 0.8785 0.4768
vn -0.0473 -0.5405 0.8400
vn 0.2572 -0.4815 0.8379
vn -0.4768 0.8785 0.0295
vn -0.4795 0.8653 -0.1461
vn -0.8379 -0.4815 -0.2571
vn 0.2357 0.5889 0.7731
vn 0.1462 0.8653 0.4794
vn -0.7731 0.5888 -0.2356
vn -0.5813 -0.5693 -0.5814
vn 0.5195 0.6200 -0.5880
vn 0.2571 -0.4815 -0.8379
vn -0.3426 0.8748 -0.3427
vn -0.5547 0.6201 -0.5548
vn -0.4768 0.8785 -0.0294
vn -0.4794 0.8653 0.1462
vn -0.8400 -0.5405 -0.0473
vn -0.7731 0.5889 0.2357
vn -0.8379 -0.4815 0.2572
vn -0.0295 0.8785 -0.4768
vn 0.1461 0.8653 -0.4795
vn -0.0484 0.6200 -0.7831
vn 0.2356 0.5888 -0.7731
usemtl sandstone
s 1
f 978/1613/604 973/1614/604 977/1615/605 982/1616/606
f 977/1615/605 976/1617/607 981/1618/607 982/1616/606
f 984/1619/608 988/1620/609 985/1621/610
f 989/1622/611 994/1623/611 995/1624/612 990/1625/612
f 984/1619/608 979/1626/613 978/1627/614 983/1628/615
f 975/1629/616 974/1630/617 979/1631/617 980/1632/616
f 982/1633/618 981/1634/619 986/1635/620 987/1636/621
f 980/1637/622 979/1626/613 984/1619/608 985/1621/610
f 999/1638/623 994/1639/624 998/1640/625 1003/1641/626
f 984/1619/608 983/1628/615 988/1620/609
f 987/1636/621 988/1620/609 983/1628/615
f 986/1635/620 988/1620/609 987/1636/621
f 983/1628/615 978/1627/614 982/1633/618 987/1636/621
f 994/1623/611 989/1622/611 993/1642/627 998/1643/628
f 993/1642/627 992/1644/629 997/1645/629 998/1643/628
f 1000/1646/630 1004/1647/609 1001/1648/631
f 1005/1649/632 1010/1650/632 1011/1651/633 1006/1652/633
f 995/1653/634 994/1639/624 999/1638/623 1000/1646/630
f 991/1654/635 990/1625/612 995/1624/612 996/1655/635
f 998/1640/625 997/1656/636 1002/1657/637 1003/1641/626
f 1007/1658/638 1006/1652/633 1011/1651/633 1012/1659/638
f 996/1660/639 995/1653/634 1000/1646/630 1001/1648/631
f 1015/1661/640 1010/1662/641 1014/1663/642 1019/1664/643
f 1000/1646/630 999/1638/623 1004/1647/609
f 1003/1641/626 1004/1647/609 999/1638/623
f 1002/1657/637 1004/1647/609 1003/1641/626
f 1009/1665/644 1014/1666/645 1010/1650/632 1005/1649/632
f 1009/1665/644 1008/1667/646 1013/1668/646 1014/1666/645
f 1016/1669/647 1020/1670/609 1017/1671/648
f 1011/1672/649 1010/1662/641 1015/1661/640 1016/1669/647
f 1014/1663/642 1013/1673/650 1018/1674/651 1019/1664/643
f 1012/1675/652 1011/1672/649 1016/1669/647 1017/1671/648
f 1016/1669/647 1015/1661/640 1020/1670/609
f 1019/1664/643 1020/1670/609 1015/1661/640
f 1018/1674/651 1020/1670/609 1019/1664/643
f 1021/1676/653 1026/1677/653 1027/1678/654 1022/1679/654
f 1023/1680/655 1022/1679/654 1027/1678/654 1028/1681/655
f 1031/1682/656 1026/1683/657 1030/1684/658 1035/1685/659
f 1025/1686/660 1030/1687/661 1026/1677/653 1021/1676/653
f 1025/1686/660 1024/1688/662 1029/1689/662 1030/1687/661
f 1032/1690/663 1036/1691/609 1033/1692/664
f 1042/1693/665 1043/1694/666 1038/1695/666 1037/1696/665
f 1027/1697/667 1026/1683/657 1031/1682/656 1032/1690/663
f 1030/1684/658 1029/1698/668 1034/1699/669 1035/1685/659
f 1043/1694/666 1044/1700/670 1039/1701/670 1038/1695/666
f 1028/1702/671 1027/1697/667 1032/1690/663 1033/1692/664
f 1047/1703/672 1042/1704/673 1046/1705/674 1051/1706/675
f 1032/1690/663 1031/1682/656 1036/1691/609
f 1035/1685/659 1036/1691/609 1031/1682/656
f 1034/1699/669 1036/1691/609 1035/1685/659
f 1050/1707/676 1052/1708/609 1051/1706/675
f 1041/1709/677 1046/1710/678 1042/1693/665 1037/1696/665
f 1046/1705/674 1045/1711/679 1050/1707/676 1051/1706/675
f 1041/1709/677 1040/1712/680 1045/1713/680 1046/1710/678
f 1048/1714/681 1052/1708/609 1049/1715/682
f 1043/1716/683 1042/1704/673 1047/1703/672 1048/1714/681
f 1044/1717/684 1043/1716/683 1048/1714/681 1049/1715/682
f 1048/1714/681 1047/1703/672 1052/1708/609
f 1051/1706/675 1052/1708/609 1047/1703/672
f 973/1614/604 978/1613/604 979/1631/617 974/1630/617
f 1058/1718/685 1062/1719/686 1057/1720/686 1053/1721/685
f 1057/1720/686 1062/1719/686 1061/1722/687 1056/1723/687
f 1064/1724/688 1065/1725/689 1068/1726/609
f 1069/1727/690 1070/1728/691 1075/1729/691 1074/1730/690
f 1064/1724/688 1063/1731/692 1058/1732/693 1059/1733/694
f 1055/1734/695 1060/1735/695 1059/1736/696 1054/1737/696
f 1062/1738/697 1067/1739/698 1066/1740/699 1061/1741/700
f 1060/1742/701 1065/1725/689 1064/1724/688 1059/1733/694
f 1079/1743/702 1083/1744/703 1078/1745/704 1074/1746/705
f 1064/1724/688 1068/1726/609 1063/1731/692
f 1067/1739/698 1063/1731/692 1068/1726/609
f 1066/1740/699 1067/1739/698 1068/1726/609
f 1063/1731/692 1067/1739/698 1062/1738/697 1058/1732/693
f 1074/1730/690 1078/1747/706 1073/1748/707 1069/1727/690
f 1073/1748/707 1078/1747/706 1077/1749/708 1072/1750/708
f 1080/1751/709 1081/1752/710 1084/1753/609
f 1085/1754/711 1086/1755/712 1091/1756/712 1090/1757/711
f 1075/1758/713 1080/1751/709 1079/1743/702 1074/1746/705
f 1071/1759/714 1076/1760/714 1075/1729/691 1070/1728/691
f 1078/1745/704 1083/1744/703 1082/1761/715 1077/1762/716
f 1087/1763/717 1092/1764/717 1091/1756/712 1086/1755/712
f 1076/1765/718 1081/1752/710 1080/1751/709 1075/1758/713
f 1095/1766/719 1099/1767/720 1094/1768/649 1090/1769/721
f 1080/1751/709 1084/1753/609 1079/1743/702
f 1083/1744/703 1079/1743/702 1084/1753/609
f 1082/1761/715 1083/1744/703 1084/1753/609
f 1089/1770/722 1085/1754/711 1090/1757/711 1094/1771/723
f 1089/1770/722 1094/1771/723 1093/1772/724 1088/1773/724
f 1096/1774/725 1097/1775/726 1100/1776/609
f 1091/1777/642 1096/1774/725 1095/1766/719 1090/1769/721
f 1094/1768/649 1099/1767/720 1098/1778/648 1093/1779/727
f 1092/1780/728 1097/1775/726 1096/1774/725 1091/1777/642
f 1096/1774/725 1100/1776/609 1095/1766/719
f 1099/1767/720 1095/1766/719 1100/1776/609
f 1098/1778/648 1099/1767/720 1100/1776/609
f 1101/1781/729 1102/1782/730 1107/1783/730 1106/1784/729
f 1103/1785/731 1108/1786/731 1107/1783/730 1102/1782/730
f 1111/1787/732 1115/1788/733 1110/1789/734 1106/1790/735
f 1105/1791/736 1101/1781/729 1106/1784/729 1110/1792/737
f 1105/1791/736 1110/1792/737 1109/1793/738 1104/1794/738
f 1112/1795/739 1113/1796/740 1116/1797/609
f 1122/1798/741 1117/1799/741 1118/1800/742 1123/1801/742
f 1107/1802/743 1112/1795/739 1111/1787/732 1106/1790/735
f 1110/1789/734 1115/1788/733 1114/1803/744 1109/1804/745
f 1123/1801/742 1118/1800/742 1119/1805/746 1124/1806/746
f 1108/1807/747 1113/1796/740 1112/1795/739 1107/1802/743
f 1127/1808/748 1131/1809/749 1126/1810/750 1122/1811/751
f 1112/1795/739 1116/1797/609 1111/1787/732
f 1115/1788/733 1111/1787/732 1116/1797/609
f 1114/1803/744 1115/1788/733 1116/1797/609
f 1130/1812/752 1131/1809/749 1132/1813/609
f 1121/1814/753 1117/1799/741 1122/1798/741 1126/1815/754
f 1126/1810/750 1131/1809/749 1130/1812/752 1125/1816/755
f 1121/1814/753 1126/1815/754 1125/1817/756 1120/1818/756
f 1128/1819/757 1129/1820/758 1132/1813/609
f 1123/1821/759 1128/1819/757 1127/1808/748 1122/1811/751
f 1124/1822/760 1129/1820/758 1128/1819/757 1123/1821/759
f 1128/1819/757 1132/1813/609 1127/1808/748
f 1131/1809/749 1127/1808/748 1132/1813/609
f 1053/1721/685 1054/1737/696 1059/1736/696 1058/1718/685
f 1138/1823/761 1142/1824/762 1137/1825/762 1133/1826/761
f 1137/1825/762 1142/1824/762 1141/1827/763 1136/1828/763
f 1144/1829/764 1145/1830/765 1148/1831/609
f 1149/1832/766 1150/1833/678 1155/1834/678 1154/1835/766
f 1144/1829/764 1143/1836/767 1138/1837/768 1139/1838/618
f 1135/1839/769 1140/1840/769 1139/1841/770 1134/1842/770
f 1142/1843/613 1147/1844/771 1146/1845/772 1141/1846/773
f 1140/1847/774 1145/1830/765 1144/1829/764 1139/1838/618
f 1159/1848/775 1163/1849/776 1158/1850/777 1154/1851/778
f 1144/1829/764 1148/1831/609 1143/1836/767
f 1147/1844/771 1143/1836/767 1148/1831/609
f 1146/1845/772 1147/1844/771 1148/1831/609
f 1143/1836/767 1147/1844/771 1142/1843/613 1138/1837/768
f 1154/1835/766 1158/1852/666 1153/1853/779 1149/1832/766
f 1153/1853/779 1158/1852/666 1157/1854/780 1152/1855/780
f 1160/1856/781 1161/1857/782 1164/1858/609
f 1165/1859/729 1166/1860/730 1171/1861/730 1170/1862/729
f 1155/1863/674 1160/1856/781 1159/1848/775 1154/1851/778
f 1151/1864/783 1156/1865/783 1155/1834/678 1150/1833/678
f 1158/1850/777 1163/1849/776 1162/1866/784 1157/1867/785
f 1167/1868/731 1172/1869/731 1171/1861/730 1166/1860/730
f 1156/1870/786 1161/1857/782 1160/1856/781 1155/1863/674
f 1175/1871/732 1179/1872/733 1174/1873/734 1170/1874/735
f 1160/1856/781 1164/1858/609 1159/1848/775
f 1163/1849/776 1159/1848/775 1164/1858/609
f 1162/1866/784 1163/1849/776 1164/1858/609
f 1169/1875/736 1165/1859/729 1170/1862/729 1174/1876/737
f 1169/1875/736 1174/1876/737 1173/1877/738 1168/1878/738
f 1176/1879/739 1177/1880/740 1180/1881/609
f 1171/1882/658 1176/1879/739 1175/1871/732 1170/1874/735
f 1174/1873/734 1179/1872/733 1178/1883/664 1173/1884/745
f 1172/1885/747 1177/1880/740 1176/1879/739 1171/1882/658
f 1176/1879/739 1180/1881/609 1175/1871/732
f 1179/1872/733 1175/1871/732 1180/1881/609
f 1178/1883/664 1179/1872/733 1180/1881/609
f 1181/1886/711 1182/1887/712 1187/1888/712 1186/1889/711
f 1183/1890/717 1188/1891/717 1187/1888/712 1182/1887/712
f 1191/1892/719 1195/1893/720 1190/1894/649 1186/1895/721
f 1185/1896/722 1181/1886/711 1186/1889/711 1190/1897/723
f 1185/1896/722 1190/1897/723 1189/1898/724 1184/1899/724
f 1192/1900/725 1193/1901/726 1196/1902/609
f 1202/1903/787 1197/1904/787 1198/1905/628 1203/1906/628
f 1187/1907/788 1192/1900/725 1191/1892/719 1186/1895/721
f 1190/1894/649 1195/1893/720 1194/1908/789 1189/1909/727
f 1203/1906/628 1198/1905/628 1199/1910/790 1204/1911/790
f 1188/1912/728 1193/1901/726 1192/1900/725 1187/1907/788
f 1207/1913/791 1211/1914/792 1206/1915/634 1202/1916/793
f 1192/1900/725 1196/1902/609 1191/1892/719
f 1195/1893/720 1191/1892/719 1196/1902/609
f 1194/1908/789 1195/1893/720 1196/1902/609
f 1210/1917/794 1211/1914/792 1212/1918/609
f 1201/1919/795 1197/1904/787 1202/1903/787 1206/1920/612
f 1206/1915/634 1211/1914/792 1210/1917/794 1205/1921/796
f 1201/1919/795 1206/1920/612 1205/1922/797 1200/1923/797
f 1208/1924/798 1209/1925/799 1212/1918/609
f 1203/1926/625 1208/1924/798 1207/1913/791 1202/1916/793
f 1204/1927/800 1209/1925/799 1208/1924/798 1203/1926/625
f 1208/1924/798 1212/1918/609 1207/1913/791
f 1211/1914/792 1207/1913/791 1212/1918/609
f 1133/1826/761 1134/1842/770 1139/1841/770 1138/1823/761
f 1218/1928/801 1213/1929/801 1217/1930/802 1222/1931/803
f 1217/1930/802 1216/1932/804 1221/1933/804 1222/1931/803
f 1224/1934/805 1228/1935/609 1225/1936/806
f 1229/1937/807 1234/1938/807 1235/1939/754 1230/1940/754
f 1224/1934/805 1219/1941/697 1218/1942/808 1223/1943/809
f 1215/1944/810 1214/1945/811 1219/1946/811 1220/1947/810
f 1222/1948/694 1221/1949/812 1226/1950/813 1227/1951/814
f 1220/1952/815 1219/1941/697 1224/1934/805 1225/1936/806
f 1239/1953/816 1234/1954/817 1238/1955/759 1243/1956/818
f 1224/1934/805 1223/1943/809 1228/1935/609
f 1227/1951/814 1228/1935/609 1223/1943/809
f 1226/1950/813 1228/1935/609 1227/1951/814
f 1223/1943/809 1218/1942/808 1222/1948/694 1227/1951/814
f 1234/1938/807 1229/1937/807 1233/1957/819 1238/1958/742
f 1233/1957/819 1232/1959/820 1237/1960/820 1238/1958/742
f 1240/1961/821 1244/1962/609 1241/1963/822
f 1245/1964/653 1250/1965/653 1251/1966/654 1246/1967/654
f 1235/1968/750 1234/1954/817 1239/1953/816 1240/1961/821
f 1231/1969/823 1230/1940/754 1235/1939/754 1236/1970/823
f 1238/1955/759 1237/1971/824 1242/1972/825 1243/1956/818
f 1247/1973/655 1246/1967/654 1251/1966/654 1252/1974/655
f 1236/1975/826 1235/1968/750 1240/1961/821 1241/1963/822
f 1255/1976/656 1250/1977/657 1254/1978/658 1259/1979/659
f 1240/1961/821 1239/1953/816 1244/1962/609
f 1243/1956/818 1244/1962/609 1239/1953/816
f 1242/1972/825 1244/1962/609 1243/1956/818
f 1249/1980/660 1254/1981/661 1250/1965/653 1245/1964/653
f 1249/1980/660 1248/1982/662 1253/1983/662 1254/1981/661
f 1256/1984/663 1260/1985/609 1257/1986/664
f 1251/1987/734 1250/1977/657 1255/1976/656 1256/1984/663
f 1254/1978/658 1253/1988/668 1258/1989/669 1259/1979/659
f 1252/1990/671 1251/1987/734 1256/1984/663 1257/1986/664
f 1256/1984/663 1255/1976/656 1260/1985/609
f 1259/1979/659 1260/1985/609 1255/1976/656
f 1258/1989/669 1260/1985/609 1259/1979/659
f 1261/1991/632 1266/1992/632 1267/1993/633 1262/1994/633
f 1263/1995/638 1262/1994/633 1267/1993/633 1268/1996/638
f 1271/1997/640 1266/1998/641 1270/1999/642 1275/2000/643
f 1265/2001/644 1270/2002/645 1266/1992/632 1261/1991/632
f 1265/2001/644 1264/2003/646 1269/2004/646 1270/2002/645
f 1272/2005/647 1276/2006/609 1273/2007/648
f 1282/2008/827 1283/2009/706 1278/2010/706 1277/2011/827
f 1267/2012/828 1266/1998/641 1271/1997/640 1272/2005/647
f 1270/1999/642 1269/2013/650 1274/2014/651 1275/2000/643
f 1283/2009/706 1284/2015/829 1279/2016/829 1278/2010/706
f 1268/2017/652 1267/2012/828 1272/2005/647 1273/2007/648
f 1287/2018/830 1282/2019/831 1286/2020/713 1291/2021/832
f 1272/2005/647 1271/1997/640 1276/2006/609
f 1275/2000/643 1276/2006/609 1271/1997/640
f 1274/2014/651 1276/2006/609 1275/2000/643
f 1290/2022/833 1292/2023/609 1291/2021/832
f 1281/2024/834 1286/2025/691 1282/2008/827 1277/2011/827
f 1286/2020/713 1285/2026/835 1290/2022/833 1291/2021/832
f 1281/2024/834 1280/2027/836 1285/2028/836 1286/2025/691
f 1288/2029/837 1292/2023/609 1289/2030/838
f 1283/2031/839 1282/2019/831 1287/2018/830 1288/2029/837
f 1284/2032/840 1283/2031/839 1288/2029/837 1289/2030/838
f 1288/2029/837 1287/2018/830 1292/2023/609
f 1291/2021/832 1292/2023/609 1287/2018/830
f 1213/1929/801 1218/1928/801 1219/1946/811 1214/1945/811
o Cube.462_Cube.298
v 2.181140 1.700001 1.906237
v 2.181140 1.700001 2.896576
v 2.181140 7.018939 1.906237
v 2.181140 7.584511 1.814741
v 2.181140 8.116438 1.543711
v 2.181140 8.538578 1.121572
v 2.181140 8.809608 0.589646
v 2.181140 8.902998 0.000000
v 2.267109 1.700001 1.293533
v 2.267109 1.700001 1.906237
v 2.181140 6.667695 2.896576
v 2.181140 6.667695 1.906237
v 2.267109 6.994867 1.293533
v 2.267109 8.288399 0.000000
v 2.267109 7.755187 1.046490
v 2.267109 7.394590 1.230223
v 2.267109 8.041357 0.760319
v 2.267109 8.225090 0.399724
v 2.267109 8.902998 0.000000
v 2.267109 7.018939 1.906237
v 2.267109 7.584511 1.814741
v 2.267109 8.116438 1.543711
v 2.267109 8.538578 1.121572
v 2.267109 8.809608 0.589646
v 2.267109 6.581727 1.820268
v 2.267109 6.581728 1.379501
v 2.267109 7.013197 1.760090
v 2.267109 7.539210 1.675317
v 2.267109 7.841356 1.165090
v 2.267109 8.159958 0.846488
v 2.267109 8.670183 0.544344
v 2.267109 6.813841 1.760090
v 2.267109 6.813843 1.439679
v 2.267109 7.000609 1.439679
v 2.267109 8.434999 0.000000
v 2.267109 7.439890 1.369646
v 2.267109 8.364513 0.445025
v 2.267109 8.756399 0.000000
v 2.267109 8.030272 1.425110
v 2.267109 8.419977 1.035403
v 2.120962 8.434999 0.000000
v 2.120962 8.756399 0.000000
v 2.120962 7.013197 1.760090
v 2.120962 7.000609 1.439679
v 2.120962 7.439890 1.369646
v 2.120962 7.539210 1.675317
v 2.120962 7.841356 1.165090
v 2.120962 8.030272 1.425110
v 2.120962 8.159958 0.846488
v 2.120962 8.419977 1.035403
v 2.120962 8.364513 0.445025
v 2.120962 8.670183 0.544344
v 2.120962 6.813841 1.760090
v 2.120962 6.813843 1.439679
v 2.181140 12.271715 2.896576
v 2.297446 12.271715 2.896576
v 2.390530 12.495482 2.896576
v 0.000000 12.495482 2.896576
v 2.267109 6.667696 1.293533
v 2.267109 6.667695 1.906237
v 2.173003 2.213659 1.820268
v 2.267109 2.213659 1.379501
v 2.267109 2.213659 1.820268
v 2.173003 2.213659 1.379501
v 2.173003 6.581728 1.379501
v 2.173003 6.581727 1.820268
v 2.181140 11.910741 0.387336
v 2.181140 10.894691 0.387336
v 2.111140 10.964690 0.317336
v 2.111140 11.840741 0.317336
v 2.111140 10.894691 0.387336
v 2.111140 11.910741 0.387336
v 2.011140 10.964690 0.317336
v 2.011140 11.840741 0.317336
v -2.181140 1.700001 1.906237
v -2.181140 1.700001 2.896576
v -2.181140 7.018939 1.906237
v -2.181140 7.584511 1.814741
v -2.181140 8.116438 1.543711
v -2.181140 8.538578 1.121572
v -2.181140 8.809608 0.589646
v -2.181140 8.902998 0.000000
v -2.267109 1.700001 1.293533
v -2.267109 1.700001 1.906237
v -2.181140 6.667695 2.896576
v -2.181140 6.667695 1.906237
v -2.267109 6.994867 1.293533
v -2.267109 8.288399 0.000000
v -2.267109 7.755187 1.046490
v -2.267109 7.394590 1.230223
v -2.267109 8.041357 0.760319
v -2.267109 8.225090 0.399724
v -2.267109 8.902998 0.000000
v -2.267109 7.018939 1.906237
v -2.267109 7.584511 1.814741
v -2.267109 8.116438 1.543711
v -2.267109 8.538578 1.121572
v -2.267109 8.809608 0.589646
v -2.267109 6.581727 1.820268
v -2.267109 6.581728 1.379501
v -2.267109 7.013197 1.760090
v -2.267109 7.539210 1.675317
v -2.267109 7.841356 1.165090
v -2.267109 8.159958 0.846488
v -2.267109 8.670183 0.544344
v -2.267109 6.813841 1.760090
v -2.267109 6.813843 1.439679
v -2.267109 7.000609 1.439679
v -2.267109 8.434999 0.000000
v -2.267109 7.439890 1.369646
v -2.267109 8.364513 0.445025
v -2.267109 8.756399 0.000000
v -2.267109 8.030272 1.425110
v -2.267109 8.419977 1.035403
v -2.120962 8.434999 0.000000
v -2.120962 8.756399 0.000000
v -2.120962 7.013197 1.760090
v -2.120962 7.000609 1.439679
v -2.120962 7.439890 1.369646
v -2.120962 7.539210 1.675317
v -2.120962 7.841356 1.165090
v -2.120962 8.030272 1.425110
v -2.120962 8.159958 0.846488
v -2.120962 8.419977 1.035403
v -2.120962 8.364513 0.445025
v -2.120962 8.670183 0.544344
v -2.120962 6.813841 1.760090
v -2.120962 6.813843 1.439679
v -2.181140 12.271715 2.896576
v -2.297446 12.271715 2.896576
v -2.390530 12.495482 2.896576
v -2.267109 6.667696 1.293533
v -2.267109 6.667695 1.906237
v -2.173003 2.213659 1.820268
v -2.267109 2.213659 1.379501
v -2.267109 2.213659 1.820268
v -2.173003 2.213659 1.379501
v -2.173003 6.581728 1.379501
v -2.173003 6.581727 1.820268
v -2.181140 11.910741 0.387336
v -2.181140 10.894691 0.387336
v -2.111140 10.964690 0.317336
v -2.111140 11.840741 0.317336
v -2.111140 10.894691 0.387336
v -2.111140 11.910741 0.387336
v -2.011140 10.964690 0.317336
v -2.011140 11.840741 0.317336
v 2.181140 1.700001 -1.906237
v 2.181140 1.700001 -2.896576
v 2.181140 7.018939 -1.906237
v 2.181140 7.584511 -1.814741
v 2.181140 8.116438 -1.543711
v 2.181140 8.538578 -1.121572
v 2.181140 8.809608 -0.589646
v 2.267109 1.700001 -1.293533
v 2.267109 1.700001 -1.906237
v 2.181140 6.667695 -2.896576
v 2.181140 6.667695 -1.906237
v 2.267109 6.994867 -1.293533
v 2.267109 7.755187 -1.046490
v 2.267109 7.394590 -1.230223
v 2.267109 8.041357 -0.760319
v 2.267109 8.225090 -0.399724
v 2.267109 7.018939 -1.906237
v 2.267109 7.584511 -1.814741
v 2.267109 8.116438 -1.543711
v 2.267109 8.538578 -1.121572
v 2.267109 8.809608 -0.589646
v 2.267109 6.581727 -1.820268
v 2.267109 6.581728 -1.379501
v 2.267109 7.013197 -1.760090
v 2.267109 7.539210 -1.675317
v 2.267109 7.841356 -1.165090
v 2.267109 8.159958 -0.846488
v 2.267109 8.670183 -0.544344
v 2.267109 6.813841 -1.760090
v 2.267109 6.813843 -1.439679
v 2.267109 7.000609 -1.439679
v 2.267109 7.439890 -1.369646
v 2.267109 8.364513 -0.445025
v 2.267109 8.030272 -1.425110
v 2.267109 8.419977 -1.035403
v 2.120962 7.013197 -1.760090
v 2.120962 7.000609 -1.439679
v 2.120962 7.439890 -1.369646
v 2.120962 7.539210 -1.675317
v 2.120962 7.841356 -1.165090
v 2.120962 8.030272 -1.425110
v 2.120962 8.159958 -0.846488
v 2.120962 8.419977 -1.035403
v 2.120962 8.364513 -0.445025
v 2.120962 8.670183 -0.544344
v 2.120962 6.813841 -1.760090
v 2.120962 6.813843 -1.439679
v 2.181140 12.271715 -2.896576
v 2.297446 12.271715 -2.896576
v 2.390530 12.495482 -2.896576
v 0.000000 12.495482 -2.896576
v 2.267109 6.667696 -1.293533
v 2.267109 6.667695 -1.906237
v 2.173003 2.213659 -1.820268
v 2.267109 2.213659 -1.379501
v 2.267109 2.213659 -1.820268
v 2.173003 2.213659 -1.379501
v 2.173003 6.581728 -1.379501
v 2.173003 6.581727 -1.820268
v 2.181140 11.910741 -0.387336
v 2.181140 10.894691 -0.387336
v 2.111140 10.964690 -0.317336
v 2.111140 11.840741 -0.317336
v 2.111140 10.894691 -0.387336
v 2.111140 11.910741 -0.387336
v 2.011140 10.964690 -0.317336
v 2.011140 11.840741 -0.317336
v -2.181140 1.700001 -1.906237
v -2.181140 1.700001 -2.896576
v -2.181140 7.018939 -1.906237
v -2.181140 7.584511 -1.814741
v -2.181140 8.116438 -1.543711
v -2.181140 8.538578 -1.121572
v -2.181140 8.809608 -0.589646
v -2.267109 1.700001 -1.293533
v -2.267109 1.700001 -1.906237
v -2.181140 6.667695 -2.896576
v -2.181140 6.667695 -1.906237
v -2.267109 6.994867 -1.293533
v -2.267109 7.755187 -1.046490
v -2.267109 7.394590 -1.230223
v -2.267109 8.041357 -0.760319
v -2.267109 8.225090 -0.399724
v -2.267109 7.018939 -1.906237
v -2.267109 7.584511 -1.814741
v -2.267109 8.116438 -1.543711
v -2.267109 8.538578 -1.121572
v -2.267109 8.809608 -0.589646
v -2.267109 6.581727 -1.820268
v -2.267109 6.581728 -1.379501
v -2.267109 7.013197 -1.760090
v -2.267109 7.539210 -1.675317
v -2.267109 7.841356 -1.165090
v -2.267109 8.159958 -0.846488
v -2.267109 8.670183 -0.544344
v -2.267109 6.813841 -1.760090
v -2.267109 6.813843 -1.439679
v -2.267109 7.000609 -1.439679
v -2.267109 7.439890 -1.369646
v -2.267109 8.364513 -0.445025
v -2.267109 8.030272 -1.425110
v -2.267109 8.419977 -1.035403
v -2.120962 7.013197 -1.760090
v -2.120962 7.000609 -1.439679
v -2.120962 7.439890 -1.369646
v -2.120962 7.539210 -1.675317
v -2.120962 7.841356 -1.165090
v -2.120962 8.030272 -1.425110
v -2.120962 8.159958 -0.846488
v -2.120962 8.419977 -1.035403
v -2.120962 8.364513 -0.445025
v -2.120962 8.670183 -0.544344
v -2.120962 6.813841 -1.760090
v -2.120962 6.813843 -1.439679
v -2.181140 12.271715 -2.896576
v -2.297446 12.271715 -2.896576
v -2.390530 12.495482 -2.896576
v -2.267109 6.667696 -1.293533
v -2.267109 6.667695 -1.906237
v -2.173003 2.213659 -1.820268
v -2.267109 2.213659 -1.379501
v -2.267109 2.213659 -1.820268
v -2.173003 2.213659 -1.379501
v -2.173003 6.581728 -1.379501
v -2.173003 6.581727 -1.820268
v -2.181140 11.910741 -0.387336
v -2.181140 10.894691 -0.387336
v -2.111140 10.964690 -0.317336
v -2.111140 11.840741 -0.317336
v -2.111140 10.894691 -0.387336
v -2.111140 11.910741 -0.387336
v -2.011140 10.964690 -0.317336
v -2.011140 11.840741 -0.317336
vt 0.278977 0.138122
vt 0.208623 0.138736
vt 0.208498 0.124408
vt 0.278852 0.123794
vt 0.271599 1.806892
vt 0.237508 1.739982
vt 0.260744 1.732431
vt 0.291365 1.792531
vt 0.860737 1.669823
vt 0.860737 1.611282
vt 0.875064 1.611282
vt 0.875064 1.669823
vt 0.367503 0.123021
vt 0.367628 0.137348
vt 0.875198 1.764085
vt 0.860870 1.764085
vt 0.861264 1.852739
vt 0.875592 1.852739
vt 0.324697 1.859993
vt 0.339058 1.840226
vt 0.172436 1.668866
vt 0.186564 1.756535
vt 0.163328 1.764085
vt 0.148079 1.669823
vt 0.225836 1.666768
vt 0.250193 1.665811
vt 0.391605 1.894085
vt 0.399155 1.870848
vt 0.465773 1.905833
vt 0.465773 1.881400
vt 0.172436 1.635640
vt 0.148079 1.611282
vt 0.228264 1.838378
vt 0.208498 1.852739
vt 0.293213 1.903329
vt 0.278852 1.923096
vt 0.375053 1.945030
vt 0.367503 1.968268
vt 0.465773 1.959400
vt 0.465773 1.983833
vt 0.271599 0.123858
vt 0.324697 0.123394
vt 0.324910 0.147751
vt 0.271811 0.148214
vt 0.225836 1.635640
vt 0.250193 1.611283
vt 0.391605 0.122810
vt 0.465773 0.122163
vt 0.465986 0.146520
vt 0.391818 0.147167
vt 0.706787 0.123669
vt 0.771736 0.124235
vt 0.771524 0.148592
vt 0.706575 0.148025
vt 0.172436 0.124723
vt 0.225836 0.124257
vt 0.226048 0.148614
vt 0.172649 0.149080
vt 0.875743 1.666768
vt 0.875845 1.739982
vt 0.851488 1.739982
vt 0.851386 1.666768
vt 0.124723 1.668866
vt 0.149080 1.668866
vt 0.148957 1.756535
vt 0.124600 1.756535
vt 0.875743 1.635640
vt 0.851386 1.635640
vt 0.148593 1.838378
vt 0.124236 1.838378
vt 0.124723 1.635640
vt 0.149080 1.635640
vt 0.465986 1.959400
vt 0.375265 1.945030
vt 0.391818 1.894085
vt 0.465986 1.905833
vt 0.228476 1.838378
vt 0.186777 1.756535
vt 0.237720 1.739982
vt 0.271811 1.806892
vt 0.172649 1.668866
vt 0.226048 1.666768
vt 0.293425 1.903329
vt 0.324910 1.859993
vt 0.172649 1.635640
vt 0.226048 1.635640
vt 0.876142 1.806892
vt 0.851786 1.806892
vt 0.624947 0.122954
vt 0.624735 0.147311
vt 0.534227 0.122163
vt 0.534014 0.146519
vt 0.654347 0.878942
vt 0.660942 0.123268
vt 0.708635 0.123685
vt 0.702041 0.879359
vt 0.594250 0.878418
vt 0.600845 0.122744
vt -0.016846 1.611282
vt -0.016846 0.783333
vt 0.148204 0.783333
vt 0.148204 1.611282
vt 0.860737 0.783333
vt 0.875064 0.783333
vt 0.875831 0.868943
vt 0.875831 1.596954
vt 0.860147 1.596954
vt 0.860147 0.868943
vt 0.879359 1.792531
vt 0.123685 1.792531
vt 0.123952 1.732431
vt 0.879626 1.732431
vt 0.879718 1.665811
vt 0.124044 1.665811
vt 0.527632 0.877836
vt 0.534227 0.122163
vt 0.124044 1.665811
vt 0.124044 1.611283
vt 0.879718 1.611283
vt 0.879718 1.665811
vt 0.879718 1.611283
vt 0.124044 1.611283
vt 0.124044 0.783333
vt 0.879718 0.783333
vt -0.016846 2.545285
vt 0.401345 2.485123
vt 0.530452 2.485123
vt 0.948642 2.545285
vt 1.016846 0.140703
vt 0.051358 0.132277
vt 0.051527 0.112894
vt 1.017015 0.121319
vt 0.948338 2.582580
vt -0.017151 2.582580
vt -0.017015 2.545285
vt 0.948473 2.545285
vt 0.162407 1.596954
vt 0.235865 1.596954
vt 0.235865 0.868943
vt 0.250193 0.783333
vt 0.162407 0.868943
vt 0.148079 0.783333
vt 0.162544 1.596954
vt 0.162544 0.868943
vt 0.236002 0.868943
vt 0.236002 1.596954
vt 0.162407 0.124810
vt 0.235865 0.124169
vt 0.236002 0.139853
vt 0.162544 0.140494
vt 0.124811 1.596954
vt 0.124811 0.868943
vt 0.140494 0.868943
vt 0.140494 1.596954
vt 0.764135 0.124169
vt 0.837593 0.124810
vt 0.837456 0.140494
vt 0.763998 0.139853
vt 0.137054 2.485123
vt 0.137054 2.315782
vt 0.148720 2.315782
vt 0.148720 2.485123
vt 0.401345 2.315782
vt 0.163453 1.764085
vt 0.208623 1.852739
vt 0.465898 1.983833
vt 0.367628 1.968268
vt 0.481113 0.147695
vt 0.586887 0.148618
vt 0.586742 0.165284
vt 0.480967 0.164361
vt 0.469548 0.135927
vt 0.598655 0.137053
vt 0.598554 0.148720
vt 0.469446 0.147593
vt 0.401345 0.137054
vt 0.530452 0.135927
vt 0.530554 0.147593
vt 0.401446 0.148720
vt 0.518887 2.327448
vt 0.413113 2.327448
vt 0.401446 2.315782
vt 0.530554 2.315782
vt 0.413113 2.473457
vt 0.518887 2.473457
vt 0.530554 2.485123
vt 0.401446 2.485123
vt 0.519033 2.473457
vt 0.413258 2.473457
vt 0.413258 2.327448
vt 0.519033 2.327448
vt 0.148618 2.473457
vt 0.148618 2.327448
vt 0.165284 2.327448
vt 0.165284 2.473457
vt 0.413113 0.148618
vt 0.518887 0.147695
vt 0.519033 0.164361
vt 0.413258 0.165284
vt 0.465898 0.136491
vt 0.465773 0.122163
vt -0.017150 0.105806
vt 0.948338 0.097381
vt 0.951815 0.495787
vt -0.013674 0.504213
vt 0.285321 0.865141
vt 0.285446 0.879468
vt 0.215093 0.880082
vt 0.214968 0.865755
vt 0.721807 1.806892
vt 0.702041 1.792531
vt 0.732662 1.732431
vt 0.755898 1.739981
vt 0.133718 1.669823
vt 0.119391 1.669823
vt 0.119391 1.611282
vt 0.133718 1.611282
vt 0.373972 0.864367
vt 0.374097 0.878695
vt 0.133851 1.764085
vt 0.119524 1.764085
vt 0.134245 1.852739
vt 0.119918 1.852739
vt 0.668709 1.859993
vt 0.654348 1.840226
vt 0.820970 1.668866
vt 0.845327 1.669823
vt 0.830078 1.764085
vt 0.806841 1.756535
vt 0.743213 1.665811
vt 0.767570 1.666768
vt 0.601801 1.894085
vt 0.594251 1.870848
vt 0.527633 1.905833
vt 0.527633 1.881400
vt 0.820970 1.635640
vt 0.845327 1.611282
vt 0.784908 1.852739
vt 0.765142 1.838378
vt 0.714554 1.923096
vt 0.700193 1.903329
vt 0.625903 1.968268
vt 0.618353 1.945030
vt 0.527633 1.983833
vt 0.527633 1.959400
vt 0.278193 0.879532
vt 0.277981 0.855175
vt 0.331079 0.854711
vt 0.331292 0.879068
vt 0.743213 1.611282
vt 0.767570 1.635640
vt 0.398200 0.878484
vt 0.397987 0.854127
vt 0.472155 0.853480
vt 0.472368 0.877837
vt 0.700193 0.879342
vt 0.700405 0.854986
vt 0.765354 0.855552
vt 0.765141 0.879909
vt 0.179031 0.880397
vt 0.178818 0.856040
vt 0.232218 0.855574
vt 0.232430 0.879931
vt 0.120069 1.666768
vt 0.144426 1.666768
vt 0.144528 1.739982
vt 0.120171 1.739982
vt 0.880397 1.668866
vt 0.880274 1.756535
vt 0.855917 1.756535
vt 0.856040 1.668866
vt 0.120069 1.635640
vt 0.144426 1.635640
vt 0.879910 1.838378
vt 0.855553 1.838378
vt 0.856040 1.635640
vt 0.880397 1.635640
vt 0.527845 1.959400
vt 0.527845 1.905833
vt 0.602013 1.894085
vt 0.618566 1.945030
vt 0.765354 1.838378
vt 0.722020 1.806892
vt 0.756111 1.739981
vt 0.807054 1.756535
vt 0.821182 1.668866
vt 0.767783 1.666768
vt 0.700406 1.903329
vt 0.668921 1.859993
vt 0.767783 1.635640
vt 0.821182 1.635640
vt 0.144825 1.806892
vt 0.120468 1.806892
vt 0.618353 0.878628
vt 0.618565 0.854271
vt 0.527632 0.877836
vt 0.527845 0.853480
vt 1.010502 1.611282
vt 0.845452 1.611282
vt 0.845451 0.783333
vt 1.010502 0.783333
vt 0.119391 0.783333
vt 0.133718 0.783333
vt 0.120157 0.868943
vt 0.135840 0.868943
vt 0.135840 1.596954
vt 0.120157 1.596954
vt 1.010502 2.545285
vt 0.045014 2.545286
vt 0.463204 2.485123
vt 0.592312 2.485123
vt 1.010501 0.867722
vt 1.010332 0.887105
vt 0.044844 0.878680
vt 0.045013 0.859296
vt 0.044709 2.582580
vt 0.044845 2.545286
vt 1.010333 2.545285
vt 1.010198 2.582580
vt 0.830999 1.596954
vt 0.757541 1.596954
vt 0.743213 0.783333
vt 0.757540 0.868943
vt 0.830999 0.868943
vt 0.845326 0.783333
vt 0.831136 1.596954
vt 0.757678 1.596954
vt 0.757677 0.868943
vt 0.831136 0.868943
vt 0.169001 0.880484
vt 0.168865 0.864801
vt 0.242323 0.864160
vt 0.242460 0.879843
vt 0.880484 1.596954
vt 0.864801 1.596954
vt 0.864801 0.868943
vt 0.880484 0.868943
vt 0.757540 0.879843
vt 0.757677 0.864159
vt 0.831136 0.864800
vt 0.830999 0.880484
vt 0.864073 2.485123
vt 0.852407 2.485123
vt 0.852407 2.315782
vt 0.864073 2.315782
vt 0.592311 2.315782
vt 0.830203 1.764085
vt 0.845452 1.669823
vt 0.527758 1.983833
vt 0.463204 2.315782
vt 0.474972 0.851381
vt 0.475117 0.834715
vt 0.580892 0.835638
vt 0.580746 0.852304
vt 0.463204 0.862945
vt 0.463306 0.851279
vt 0.592413 0.852406
vt 0.592311 0.864072
vt 0.407689 0.864073
vt 0.407587 0.852407
vt 0.536695 0.851280
vt 0.536796 0.862946
vt 0.474972 2.327448
vt 0.463306 2.315782
vt 0.592413 2.315782
vt 0.580747 2.327448
vt 0.580747 2.473457
vt 0.592413 2.485123
vt 0.463306 2.485123
vt 0.474972 2.473457
vt 0.475118 2.473457
vt 0.475118 2.327448
vt 0.580893 2.327448
vt 0.580893 2.473457
vt 0.852305 2.473457
vt 0.835639 2.473457
vt 0.835639 2.327448
vt 0.852305 2.327448
vt 0.419254 0.852305
vt 0.419108 0.835639
vt 0.524883 0.834716
vt 0.525028 0.851382
vt 0.472243 0.863509
vt 0.472368 0.877837
vt -0.010197 0.902619
vt 0.955291 0.894194
vt 0.652820 0.134859
vt 0.652695 0.120532
vt 0.723048 0.119918
vt 0.723173 0.134245
vt 0.659947 1.806892
vt 0.640181 1.792531
vt 0.670802 1.732431
vt 0.694039 1.739982
vt 0.133718 1.669823
vt 0.119390 1.669823
vt 0.119390 1.611282
vt 0.133718 1.611282
vt 0.564169 0.135633
vt 0.564044 0.121305
vt 0.133851 1.764085
vt 0.119524 1.764085
vt 0.134245 1.852739
vt 0.119918 1.852739
vt 0.606849 1.859993
vt 0.592488 1.840226
vt 0.759110 1.668866
vt 0.783467 1.669823
vt 0.768218 1.764085
vt 0.744982 1.756535
vt 0.681354 1.665811
vt 0.705710 1.666768
vt 0.539941 1.894085
vt 0.532391 1.870848
vt 0.759110 1.635640
vt 0.783467 1.611282
vt 0.723048 1.852739
vt 0.703282 1.838378
vt 0.652695 1.923096
vt 0.638334 1.903329
vt 0.564044 1.968268
vt 0.556494 1.945030
vt 0.659947 0.120469
vt 0.660160 0.144825
vt 0.607062 0.145289
vt 0.606849 0.120932
vt 0.681354 1.611283
vt 0.705710 1.635640
vt 0.539941 0.121516
vt 0.540154 0.145873
vt 0.361666 0.120657
vt 0.361454 0.145014
vt 0.296505 0.144447
vt 0.296718 0.120090
vt 0.759110 0.119603
vt 0.759323 0.143960
vt 0.705923 0.144426
vt 0.705710 0.120069
vt 0.120069 1.666768
vt 0.144426 1.666768
vt 0.144528 1.739982
vt 0.120171 1.739982
vt 0.880397 1.668866
vt 0.880274 1.756535
vt 0.855917 1.756535
vt 0.856040 1.668866
vt 0.120069 1.635640
vt 0.144426 1.635640
vt 0.879910 1.838378
vt 0.855553 1.838378
vt 0.856040 1.635640
vt 0.880397 1.635640
vt 0.540154 1.894085
vt 0.556706 1.945030
vt 0.703495 1.838378
vt 0.660160 1.806892
vt 0.694251 1.739982
vt 0.745195 1.756535
vt 0.759323 1.668866
vt 0.705923 1.666768
vt 0.638546 1.903329
vt 0.607062 1.859993
vt 0.705923 1.635640
vt 0.759323 1.635640
vt 0.144825 1.806892
vt 0.120468 1.806892
vt 0.443506 0.121371
vt 0.443294 0.145728
vt 0.400917 0.876731
vt 0.353224 0.876315
vt 0.359819 0.120641
vt 0.407512 0.121057
vt 0.461014 0.877255
vt 0.467609 0.121581
vt 0.948642 1.611282
vt 0.783592 1.611282
vt 0.783592 0.783333
vt 0.948642 0.783333
vt 0.119390 0.783333
vt 0.133718 0.783333
vt 0.120157 0.868943
vt 0.135840 0.868943
vt 0.135840 1.596954
vt 0.120157 1.596954
vt 0.123685 1.792531
vt 0.123952 1.732431
vt 0.879626 1.732431
vt 0.879359 1.792531
vt 0.124044 0.783333
vt 0.879718 0.783333
vt 0.769140 1.596954
vt 0.695681 1.596954
vt 0.681354 0.783333
vt 0.695681 0.868943
vt 0.769140 0.868943
vt 0.783467 0.783333
vt 0.769276 1.596954
vt 0.695818 1.596954
vt 0.695818 0.868943
vt 0.769276 0.868943
vt 0.769140 0.119516
vt 0.769276 0.135199
vt 0.695818 0.135840
vt 0.695681 0.120157
vt 0.880484 1.596954
vt 0.864801 1.596954
vt 0.864801 0.868943
vt 0.880484 0.868943
vt 0.304319 0.120156
vt 0.304182 0.135840
vt 0.230724 0.135199
vt 0.230860 0.119515
vt 0.864073 2.485123
vt 0.852407 2.485123
vt 0.852407 2.315782
vt 0.864073 2.315782
vt 0.530452 2.315782
vt 0.768343 1.764085
vt 0.783592 1.669823
vt 0.564169 1.968268
vt 0.852305 2.473457
vt 0.835639 2.473457
vt 0.835639 2.327448
vt 0.852305 2.327448
vt 0.659164 0.861878
vt 0.729518 0.861264
vt 0.729643 0.875592
vt 0.659289 0.876206
vt 0.333458 1.806892
vt 0.299367 1.739982
vt 0.322603 1.732431
vt 0.353224 1.792531
vt 0.860737 1.669823
vt 0.860737 1.611282
vt 0.875064 1.611282
vt 0.875064 1.669823
vt 0.570638 0.876979
vt 0.570513 0.862652
vt 0.875198 1.764085
vt 0.860870 1.764085
vt 0.861264 1.852739
vt 0.875592 1.852739
vt 0.386557 1.859993
vt 0.400918 1.840226
vt 0.234295 1.668866
vt 0.248424 1.756535
vt 0.225187 1.764085
vt 0.209939 1.669823
vt 0.287695 1.666768
vt 0.312052 1.665811
vt 0.453465 1.894085
vt 0.461015 1.870848
vt 0.234295 1.635640
vt 0.209939 1.611282
vt 0.290123 1.838379
vt 0.270357 1.852740
vt 0.355072 1.903329
vt 0.340711 1.923096
vt 0.436912 1.945030
vt 0.429362 1.968268
vt 0.666542 0.876142
vt 0.613444 0.876606
vt 0.613231 0.852249
vt 0.666330 0.851786
vt 0.287695 1.635641
vt 0.312052 1.611283
vt 0.546536 0.877190
vt 0.546323 0.852833
vt 0.355072 0.876331
vt 0.290123 0.875764
vt 0.290336 0.851407
vt 0.355284 0.851974
vt 0.765705 0.875277
vt 0.712305 0.875743
vt 0.712093 0.851386
vt 0.765492 0.850920
vt 0.875743 1.666768
vt 0.875845 1.739982
vt 0.851488 1.739982
vt 0.851386 1.666768
vt 0.124723 1.668866
vt 0.149080 1.668866
vt 0.148956 1.756535
vt 0.124600 1.756535
vt 0.875743 1.635640
vt 0.851386 1.635640
vt 0.148593 1.838378
vt 0.124236 1.838378
vt 0.124723 1.635640
vt 0.149080 1.635640
vt 0.437125 1.945030
vt 0.453677 1.894085
vt 0.290336 1.838379
vt 0.248636 1.756535
vt 0.299580 1.739982
vt 0.333671 1.806892
vt 0.234508 1.668866
vt 0.287908 1.666768
vt 0.355285 1.903329
vt 0.386769 1.859993
vt 0.234508 1.635640
vt 0.287908 1.635641
vt 0.876142 1.806892
vt 0.851786 1.806892
vt 0.436912 0.877045
vt 0.437124 0.852688
vt 0.045013 1.611282
vt 0.045013 0.783334
vt 0.210063 0.783334
vt 0.210064 1.611282
vt 0.860737 0.783333
vt 0.875064 0.783333
vt 0.875831 0.868943
vt 0.875831 1.596954
vt 0.860147 1.596954
vt 0.860147 0.868943
vt 0.224266 1.596954
vt 0.297725 1.596954
vt 0.297724 0.868943
vt 0.312052 0.783333
vt 0.224266 0.868943
vt 0.209938 0.783334
vt 0.224403 1.596954
vt 0.224403 0.868943
vt 0.297861 0.868943
vt 0.297861 1.596955
vt 0.775734 0.875190
vt 0.702276 0.875831
vt 0.702139 0.860147
vt 0.775597 0.859506
vt 0.124810 1.596954
vt 0.124810 0.868943
vt 0.140494 0.868943
vt 0.140494 1.596954
vt 0.297724 0.875830
vt 0.224266 0.875189
vt 0.224403 0.859506
vt 0.297861 0.860147
vt 0.137054 2.485123
vt 0.137054 2.315782
vt 0.148720 2.315782
vt 0.148720 2.485123
vt 0.225312 1.764085
vt 0.270482 1.852740
vt 0.429487 1.968268
vt 0.148618 2.473457
vt 0.148618 2.327448
vt 0.165284 2.327448
vt 0.165284 2.473457
vt 0.626028 1.968268
vt 0.278977 1.923096
vt 0.148204 1.669823
vt 0.714679 1.923096
vt 0.785033 1.852739
vt 0.652820 1.923096
vt 0.723173 1.852739
vt 0.340836 1.923096
vt 0.210064 1.669823
vn 0.0000 0.8090 0.5878
vn 0.0000 0.5878 0.8090
vn 1.0000 -0.0000 0.0000
vn 0.0000 0.0993 0.9951
vn 0.0000 0.0000 1.0000
vn 0.0000 0.9511 0.3090
vn 0.0000 0.3136 0.9495
vn 0.0000 1.0000 0.0000
vn 0.0000 -0.8090 -0.5878
vn 0.0000 -0.5878 -0.8090
vn 0.0000 0.1112 0.9938
vn 0.0000 0.3104 0.9506
vn 0.0000 -0.1161 -0.9932
vn -0.0000 -0.3129 -0.9498
vn 0.0000 0.0000 -1.0000
vn 0.0000 -0.9511 -0.3090
vn 0.0000 -1.0000 0.0000
vn 0.0000 -0.3090 -0.9511
vn 0.0000 -0.0868 -0.9962
vn 0.0000 -0.0868 0.9962
vn 0.9233 -0.3841 0.0000
vn -1.0000 -0.0000 0.0000
vn -0.9233 -0.3841 0.0000
vn 0.0000 0.8090 -0.5878
vn 0.0000 0.5878 -0.8090
vn 0.0000 0.0993 -0.9951
vn 0.0000 0.9511 -0.3090
vn 0.0000 0.3136 -0.9495
vn 0.0000 -0.8090 0.5878
vn 0.0000 -0.5878 0.8090
vn 0.0000 0.1112 -0.9938
vn 0.0000 0.3104 -0.9506
vn -0.0000 -0.1161 0.9932
vn 0.0000 -0.3129 0.9498
vn 0.0000 -0.9511 0.3090
vn 0.0000 -0.3090 0.9511
usemtl sandstone
s 1
f 1298/2033/841 1297/2034/842 1314/2035/842 1315/2036/841
f 1321/2037/843 1328/2038/843 1308/2039/843 1307/2040/843
f 1295/2041/844 1304/2042/845 1352/2043/845 1312/2044/844
f 1298/2033/841 1315/2036/841 1316/2045/846 1299/2046/846
f 1295/2041/844 1312/2044/844 1313/2047/847 1296/2048/847
f 1297/2049/842 1296/2048/847 1313/2047/847 1314/2050/842
f 1322/2051/843 1321/2037/843 1307/2040/843 1309/2052/843
f 1319/2053/843 1320/2054/843 1313/2055/843 1312/2056/843
f 1328/2038/843 1326/2057/843 1305/2058/843 1308/2039/843
f 1329/2059/843 1322/2051/843 1309/2052/843 1310/2060/843
f 1327/2061/843 1329/2059/843 1310/2060/843 1306/2062/843
f 1324/2063/843 1319/2053/843 1312/2056/843 1352/2064/843
f 1320/2054/843 1331/2065/843 1314/2066/843 1313/2055/843
f 1331/2065/843 1332/2067/843 1315/2068/843 1314/2066/843
f 1332/2067/843 1323/2069/843 1316/2070/843 1315/2068/843
f 1323/2069/843 1330/2071/843 1311/2072/843 1316/2070/843
f 1321/2073/842 1322/2074/841 1341/2075/841 1339/2076/842
f 1326/2057/843 1325/2077/843 1351/2078/843 1305/2058/843
f 1325/2077/843 1324/2063/843 1352/2064/843 1351/2078/843
f 1329/2079/846 1327/2080/848 1333/2081/848 1343/2082/846
f 1332/2083/849 1331/2084/850 1340/2085/850 1342/2086/849
f 1324/2087/848 1325/2088/848 1346/2089/848 1345/2090/848
f 1326/2091/851 1328/2092/852 1337/2093/852 1336/2094/851
f 1319/2095/853 1335/2096/853 1338/2097/854 1320/2098/854
f 1325/2099/845 1326/2091/851 1336/2094/851 1346/2100/845
f 1320/2098/854 1338/2097/854 1340/2101/850 1331/2102/850
f 1319/2095/853 1324/2103/855 1345/2104/855 1335/2096/853
f 1334/2105/843 1344/2106/843 1343/2107/843 1333/2108/843
f 1340/2109/843 1338/2110/843 1337/2111/843 1339/2112/843
f 1335/2113/843 1336/2114/843 1337/2111/843 1338/2110/843
f 1342/2115/843 1340/2109/843 1339/2112/843 1341/2116/843
f 1344/2106/843 1342/2115/843 1341/2116/843 1343/2107/843
f 1322/2074/841 1329/2079/846 1343/2082/846 1341/2075/841
f 1335/2113/843 1345/2117/843 1346/2118/843 1336/2114/843
f 1328/2092/852 1321/2119/842 1339/2120/842 1337/2093/852
f 1323/2121/856 1332/2083/849 1342/2086/849 1344/2122/856
f 1330/2123/857 1323/2121/856 1344/2122/856 1334/2124/857
f 1383/2125/849 1309/2126/849 1307/2127/850 1381/2128/850
f 1384/2129/856 1310/2130/856 1309/2126/849 1383/2125/849
f 1303/2131/843 1294/2132/843 1293/2133/843 1304/2134/843
f 1304/2042/845 1293/2135/845 1302/2136/845 1352/2043/845
f 1354/2137/845 1318/2138/845 1357/2139/845 1356/2140/845
f 1381/2141/850 1307/2142/850 1308/2143/858 1382/2144/858
f 1379/2145/859 1382/2144/858 1308/2143/858 1305/2146/859
f 1380/2147/857 1306/2148/857 1310/2130/856 1384/2129/856
f 1518/2149/860 1557/2150/845 1491/2151/845 1451/2152/860
f 1424/2153/855 1351/2154/855 1301/2155/855 1375/2156/855
f 1347/2157/843 1359/2158/843 1499/2159/843 1487/2160/843
f 1347/2161/857 1487/2162/857 1488/2163/857 1348/2164/857
f 1489/2165/861 1349/2166/861 1348/2167/861 1488/2168/861
f 1317/2169/843 1318/2170/843 1351/2078/843 1352/2064/843
f 1318/2170/843 1354/2171/843 1301/2172/843 1351/2078/843
f 1355/2173/843 1317/2169/843 1352/2064/843 1302/2174/843
f 1354/2171/843 1355/2173/843 1302/2174/843 1301/2172/843
f 1358/2175/843 1353/2176/843 1356/2177/843 1357/2178/843
f 1355/2179/848 1354/2180/848 1356/2181/848 1353/2182/848
f 1317/2183/855 1355/2184/855 1353/2185/855 1358/2186/855
f 1318/2187/857 1317/2188/857 1358/2189/857 1357/2190/857
f 1359/2191/855 1360/2192/855 1363/2193/855 1364/2194/855
f 1359/2158/843 1347/2157/843 1360/2195/843
f 1303/2131/843 1296/2196/843 1297/2197/843
f 1300/2198/843 1360/2195/843 1299/2199/843
f 1502/2200/857 1362/2201/857 1366/2202/857 1506/2203/857
f 1499/2204/857 1359/2205/857 1364/2206/857 1504/2207/857
f 1360/2208/848 1500/2209/848 1503/2210/848 1363/2211/848
f 1501/2212/843 1361/2213/843 1363/2214/843 1503/2215/843
f 1362/2216/843 1502/2217/843 1504/2218/843 1364/2219/843
f 1361/2213/843 1362/2216/843 1364/2219/843 1363/2214/843
f 1506/2220/843 1366/2221/843 1365/2222/843 1505/2223/843
f 1362/2224/855 1361/2225/855 1365/2226/855 1366/2227/855
f 1361/2228/848 1501/2229/848 1505/2230/848 1365/2231/848
f 1300/2232/848 1299/2046/846 1316/2045/846 1311/2233/848
f 1349/2234/848 1489/2235/848 1490/2236/848 1350/2237/848
f 1372/2238/841 1389/2239/841 1388/2240/842 1371/2241/842
f 1395/2242/862 1381/2243/862 1382/2244/862 1402/2245/862
f 1369/2246/844 1386/2247/844 1425/2248/845 1378/2249/845
f 1372/2238/841 1373/2250/846 1390/2251/846 1389/2239/841
f 1369/2246/844 1370/2252/847 1387/2253/847 1386/2247/844
f 1371/2254/842 1388/2255/842 1387/2253/847 1370/2252/847
f 1396/2256/862 1383/2257/862 1381/2243/862 1395/2242/862
f 1393/2258/862 1386/2259/862 1387/2260/862 1394/2261/862
f 1402/2245/862 1382/2244/862 1379/2262/862 1400/2263/862
f 1403/2264/862 1384/2265/862 1383/2257/862 1396/2256/862
f 1401/2266/862 1380/2267/862 1384/2265/862 1403/2264/862
f 1398/2268/862 1425/2269/862 1386/2259/862 1393/2258/862
f 1394/2261/862 1387/2260/862 1388/2270/862 1405/2271/862
f 1405/2271/862 1388/2270/862 1389/2272/862 1406/2273/862
f 1406/2273/862 1389/2272/862 1390/2274/862 1397/2275/862
f 1397/2275/862 1390/2274/862 1385/2276/862 1404/2277/862
f 1395/2278/842 1413/2279/842 1415/2280/841 1396/2281/841
f 1400/2263/862 1379/2262/862 1424/2282/862 1399/2283/862
f 1399/2283/862 1424/2282/862 1425/2269/862 1398/2268/862
f 1403/2284/846 1417/2285/846 1407/2286/848 1401/2287/848
f 1406/2288/849 1416/2289/849 1414/2290/850 1405/2291/850
f 1398/2292/848 1419/2293/848 1420/2294/848 1399/2295/848
f 1400/2296/851 1410/2297/851 1411/2298/852 1402/2299/852
f 1393/2300/853 1394/2301/854 1412/2302/854 1409/2303/853
f 1399/2304/845 1420/2305/845 1410/2297/851 1400/2296/851
f 1394/2301/854 1405/2306/850 1414/2307/850 1412/2302/854
f 1393/2300/853 1409/2303/853 1419/2308/855 1398/2309/855
f 1408/2310/862 1407/2311/862 1417/2312/862 1418/2313/862
f 1414/2314/862 1413/2315/862 1411/2316/862 1412/2317/862
f 1409/2318/862 1412/2317/862 1411/2316/862 1410/2319/862
f 1416/2320/862 1415/2321/862 1413/2315/862 1414/2314/862
f 1418/2313/862 1417/2312/862 1415/2321/862 1416/2320/862
f 1396/2281/841 1415/2280/841 1417/2285/846 1403/2284/846
f 1409/2318/862 1410/2319/862 1420/2322/862 1419/2323/862
f 1402/2299/852 1411/2298/852 1413/2324/842 1395/2325/842
f 1397/2326/856 1418/2327/856 1416/2289/849 1406/2288/849
f 1404/2328/857 1408/2329/857 1418/2327/856 1397/2326/856
f 1377/2330/862 1378/2331/862 1367/2332/862 1368/2333/862
f 1378/2249/845 1425/2248/845 1376/2334/845 1367/2335/845
f 1427/2336/845 1429/2337/845 1430/2338/845 1392/2339/845
f 1421/2340/862 1554/2341/862 1565/2342/862 1432/2343/862
f 1421/2344/857 1422/2345/857 1555/2346/857 1554/2347/857
f 1556/2348/863 1555/2349/863 1422/2350/863 1423/2351/863
f 1391/2352/862 1425/2269/862 1424/2282/862 1392/2353/862
f 1392/2353/862 1424/2282/862 1375/2354/862 1427/2355/862
f 1428/2356/862 1376/2357/862 1425/2269/862 1391/2352/862
f 1427/2355/862 1375/2354/862 1376/2357/862 1428/2356/862
f 1431/2358/862 1430/2359/862 1429/2360/862 1426/2361/862
f 1428/2362/848 1426/2363/848 1429/2364/848 1427/2365/848
f 1391/2366/855 1431/2367/855 1426/2368/855 1428/2369/855
f 1392/2370/857 1430/2371/857 1431/2372/857 1391/2373/857
f 1432/2374/855 1437/2375/855 1436/2376/855 1433/2377/855
f 1432/2343/862 1433/2378/862 1421/2340/862
f 1370/2379/862 1369/2380/862 1377/2330/862
f 1374/2381/862 1433/2378/862 1566/2382/862
f 1568/2383/857 1572/2384/857 1439/2385/857 1435/2386/857
f 1565/2387/857 1570/2388/857 1437/2389/857 1432/2390/857
f 1433/2391/848 1436/2392/848 1569/2393/848 1566/2394/848
f 1567/2395/862 1569/2396/862 1436/2397/862 1434/2398/862
f 1435/2399/862 1437/2400/862 1570/2401/862 1568/2402/862
f 1434/2398/862 1436/2397/862 1437/2400/862 1435/2399/862
f 1572/2403/862 1571/2404/862 1438/2405/862 1439/2406/862
f 1435/2407/855 1439/2408/855 1438/2409/855 1434/2410/855
f 1434/2411/848 1438/2412/848 1571/2413/848 1567/2414/848
f 1374/2415/848 1385/2416/848 1390/2251/846 1373/2250/846
f 1423/2417/848 1350/2237/848 1490/2236/848 1556/2418/848
f 1445/2419/864 1459/2420/864 1458/2421/865 1444/2422/865
f 1465/2423/843 1452/2424/843 1453/2425/843 1471/2426/843
f 1442/2427/866 1456/2428/866 1492/2429/855 1450/2430/855
f 1445/2419/864 1446/2431/867 1460/2432/867 1459/2420/864
f 1442/2427/866 1443/2433/868 1457/2434/868 1456/2428/866
f 1444/2435/865 1458/2436/865 1457/2434/868 1443/2433/868
f 1466/2437/843 1454/2438/843 1452/2424/843 1465/2423/843
f 1463/2439/843 1456/2440/843 1457/2441/843 1464/2442/843
f 1471/2426/843 1453/2425/843 1451/2443/843 1470/2444/843
f 1472/2445/843 1455/2446/843 1454/2438/843 1466/2437/843
f 1327/2061/843 1306/2062/843 1455/2446/843 1472/2445/843
f 1468/2447/843 1492/2448/843 1456/2440/843 1463/2439/843
f 1464/2442/843 1457/2441/843 1458/2449/843 1473/2450/843
f 1473/2450/843 1458/2449/843 1459/2451/843 1474/2452/843
f 1474/2452/843 1459/2451/843 1460/2453/843 1467/2454/843
f 1467/2454/843 1460/2453/843 1311/2072/843 1330/2071/843
f 1465/2455/865 1479/2456/865 1481/2457/864 1466/2458/864
f 1470/2444/843 1451/2443/843 1491/2459/843 1469/2460/843
f 1469/2460/843 1491/2459/843 1492/2448/843 1468/2447/843
f 1472/2461/867 1483/2462/867 1333/2081/848 1327/2080/848
f 1474/2463/869 1482/2464/869 1480/2465/870 1473/2466/870
f 1468/2467/848 1485/2468/848 1486/2469/848 1469/2470/848
f 1470/2471/871 1476/2472/871 1477/2473/872 1471/2474/872
f 1463/2475/873 1464/2476/874 1478/2477/874 1475/2478/873
f 1469/2479/855 1486/2480/855 1476/2472/871 1470/2471/871
f 1464/2476/874 1473/2481/870 1480/2482/870 1478/2477/874
f 1463/2475/873 1475/2478/873 1485/2483/845 1468/2484/845
f 1334/2105/843 1333/2108/843 1483/2485/843 1484/2486/843
f 1480/2487/843 1479/2488/843 1477/2489/843 1478/2490/843
f 1475/2491/843 1478/2490/843 1477/2489/843 1476/2492/843
f 1482/2493/843 1481/2494/843 1479/2488/843 1480/2487/843
f 1484/2486/843 1483/2485/843 1481/2494/843 1482/2493/843
f 1466/2458/864 1481/2457/864 1483/2462/867 1472/2461/867
f 1475/2491/843 1476/2492/843 1486/2495/843 1485/2496/843
f 1471/2474/872 1477/2473/872 1479/2497/865 1465/2498/865
f 1467/2499/875 1484/2500/875 1482/2464/869 1474/2463/869
f 1330/2123/857 1334/2124/857 1484/2500/875 1467/2499/875
f 1521/2501/869 1519/2502/870 1452/2503/870 1454/2504/869
f 1522/2505/875 1521/2501/869 1454/2504/869 1455/2506/875
f 1449/2507/843 1450/2508/843 1440/2509/843 1441/2510/843
f 1450/2430/855 1492/2429/855 1448/2511/855 1440/2512/855
f 1494/2513/855 1496/2514/855 1497/2515/855 1462/2516/855
f 1519/2517/870 1520/2518/876 1453/2519/876 1452/2520/870
f 1518/2149/860 1451/2152/860 1453/2519/876 1520/2518/876
f 1380/2147/857 1522/2505/875 1455/2506/875 1306/2148/857
f 1557/2150/845 1514/2521/845 1447/2522/845 1491/2151/845
f 1461/2523/843 1492/2448/843 1491/2459/843 1462/2524/843
f 1462/2524/843 1491/2459/843 1447/2525/843 1494/2526/843
f 1495/2527/843 1448/2528/843 1492/2448/843 1461/2523/843
f 1494/2526/843 1447/2525/843 1448/2528/843 1495/2527/843
f 1498/2529/843 1497/2530/843 1496/2531/843 1493/2532/843
f 1495/2533/848 1493/2534/848 1496/2535/848 1494/2536/848
f 1461/2537/845 1498/2538/845 1493/2539/845 1495/2540/845
f 1462/2541/857 1497/2542/857 1498/2543/857 1461/2544/857
f 1499/2545/845 1504/2546/845 1503/2547/845 1500/2548/845
f 1499/2159/843 1500/2549/843 1487/2160/843
f 1443/2550/843 1442/2551/843 1449/2507/843
f 1300/2198/843 1446/2552/843 1500/2549/843
f 1501/2212/843 1503/2215/843 1504/2218/843 1502/2217/843
f 1502/2553/845 1506/2554/845 1505/2555/845 1501/2556/845
f 1300/2232/848 1311/2233/848 1460/2432/867 1446/2431/867
f 1512/2557/864 1511/2558/865 1525/2559/865 1526/2560/864
f 1532/2561/862 1538/2562/862 1520/2563/862 1519/2564/862
f 1509/2565/866 1517/2566/855 1558/2567/855 1523/2568/866
f 1512/2557/864 1526/2560/864 1527/2569/867 1513/2570/867
f 1509/2565/866 1523/2568/866 1524/2571/868 1510/2572/868
f 1511/2573/865 1510/2572/868 1524/2571/868 1525/2574/865
f 1533/2575/862 1532/2561/862 1519/2564/862 1521/2576/862
f 1530/2577/862 1531/2578/862 1524/2579/862 1523/2580/862
f 1538/2562/862 1537/2581/862 1518/2582/862 1520/2563/862
f 1539/2583/862 1533/2575/862 1521/2576/862 1522/2584/862
f 1401/2266/862 1539/2583/862 1522/2584/862 1380/2267/862
f 1535/2585/862 1530/2577/862 1523/2580/862 1558/2586/862
f 1531/2578/862 1540/2587/862 1525/2588/862 1524/2579/862
f 1540/2587/862 1541/2589/862 1526/2590/862 1525/2588/862
f 1541/2589/862 1534/2591/862 1527/2592/862 1526/2590/862
f 1534/2591/862 1404/2277/862 1385/2276/862 1527/2592/862
f 1532/2593/865 1533/2594/864 1548/2595/864 1546/2596/865
f 1537/2581/862 1536/2597/862 1557/2598/862 1518/2582/862
f 1536/2597/862 1535/2585/862 1558/2586/862 1557/2598/862
f 1539/2599/867 1401/2287/848 1407/2286/848 1550/2600/867
f 1541/2601/869 1540/2602/870 1547/2603/870 1549/2604/869
f 1535/2605/848 1536/2606/848 1553/2607/848 1552/2608/848
f 1537/2609/871 1538/2610/872 1544/2611/872 1543/2612/871
f 1530/2613/873 1542/2614/873 1545/2615/874 1531/2616/874
f 1536/2617/855 1537/2609/871 1543/2612/871 1553/2618/855
f 1531/2616/874 1545/2615/874 1547/2619/870 1540/2620/870
f 1530/2613/873 1535/2621/845 1552/2622/845 1542/2614/873
f 1408/2310/862 1551/2623/862 1550/2624/862 1407/2311/862
f 1547/2625/862 1545/2626/862 1544/2627/862 1546/2628/862
f 1542/2629/862 1543/2630/862 1544/2627/862 1545/2626/862
f 1549/2631/862 1547/2625/862 1546/2628/862 1548/2632/862
f 1551/2623/862 1549/2631/862 1548/2632/862 1550/2624/862
f 1533/2594/864 1539/2599/867 1550/2600/867 1548/2595/864
f 1542/2629/862 1552/2633/862 1553/2634/862 1543/2630/862
f 1538/2610/872 1532/2635/865 1546/2636/865 1544/2611/872
f 1534/2637/875 1541/2601/869 1549/2604/869 1551/2638/875
f 1404/2328/857 1534/2637/875 1551/2638/875 1408/2329/857
f 1516/2639/862 1508/2640/862 1507/2641/862 1517/2642/862
f 1517/2566/855 1507/2643/855 1515/2644/855 1558/2567/855
f 1560/2645/855 1529/2646/855 1563/2647/855 1562/2648/855
f 1528/2649/862 1529/2650/862 1557/2598/862 1558/2586/862
f 1529/2650/862 1560/2651/862 1514/2652/862 1557/2598/862
f 1561/2653/862 1528/2649/862 1558/2586/862 1515/2654/862
f 1560/2651/862 1561/2653/862 1515/2654/862 1514/2652/862
f 1564/2655/862 1559/2656/862 1562/2657/862 1563/2658/862
f 1561/2659/848 1560/2660/848 1562/2661/848 1559/2662/848
f 1528/2663/845 1561/2664/845 1559/2665/845 1564/2666/845
f 1529/2667/857 1528/2668/857 1564/2669/857 1563/2670/857
f 1565/2671/845 1566/2672/845 1569/2673/845 1570/2674/845
f 1565/2342/862 1554/2341/862 1566/2382/862
f 1516/2639/862 1510/2675/862 1511/2676/862
f 1374/2381/862 1566/2382/862 1513/2677/862
f 1567/2395/862 1568/2402/862 1570/2401/862 1569/2396/862
f 1379/2145/859 1305/2146/859 1351/2154/855 1424/2153/855
f 1568/2678/845 1567/2679/845 1571/2680/845 1572/2681/845
f 1374/2381/862 1373/2682/862 1433/2378/862
f 1374/2415/848 1513/2570/867 1527/2569/867 1385/2416/848
f 1300/2198/843 1500/2549/843 1360/2195/843
f 1298/2683/843 1299/2199/843 1360/2195/843
f 1360/2195/843 1347/2157/843 1298/2683/843
f 1347/2157/843 1303/2131/843 1297/2197/843
f 1303/2131/843 1304/2134/843 1295/2684/843
f 1303/2131/843 1295/2684/843 1296/2196/843
f 1297/2197/843 1298/2683/843 1347/2157/843
f 1433/2378/862 1373/2682/862 1372/2685/862
f 1433/2378/862 1372/2685/862 1421/2340/862
f 1372/2685/862 1371/2686/862 1421/2340/862
f 1377/2330/862 1421/2340/862 1371/2686/862
f 1377/2330/862 1371/2686/862 1370/2379/862
f 1369/2380/862 1378/2331/862 1377/2330/862
f 1500/2549/843 1446/2552/843 1445/2687/843
f 1500/2549/843 1445/2687/843 1487/2160/843
f 1445/2687/843 1444/2688/843 1487/2160/843
f 1449/2507/843 1487/2160/843 1444/2688/843
f 1449/2507/843 1444/2688/843 1443/2550/843
f 1442/2551/843 1450/2508/843 1449/2507/843
f 1512/2689/862 1513/2677/862 1566/2382/862
f 1566/2382/862 1554/2341/862 1512/2689/862
f 1554/2341/862 1516/2639/862 1511/2676/862
f 1516/2639/862 1517/2642/862 1509/2690/862
f 1516/2639/862 1509/2690/862 1510/2675/862
f 1511/2676/862 1512/2689/862 1554/2341/862
o Cube.463_Cube.299
v 2.690260 9.490020 0.000000
v 2.690260 9.585504 0.000000
v 2.764424 9.606111 0.000000
v 2.882364 10.189797 0.000000
v 0.000000 10.439361 9.250907
v 0.000000 10.547610 9.250907
v 2.970803 10.219701 0.000000
v 0.000000 10.418574 9.180907
v 0.000000 10.219701 9.180907
v 0.000000 10.189797 9.092467
v 0.000000 9.606111 8.974527
v 2.970803 10.418574 0.000000
v 0.000000 9.585504 8.900364
v 0.000000 9.490020 8.900364
v 3.040804 10.547610 0.000000
v 3.040804 10.439361 0.000000
v 3.040804 10.439361 9.250907
v 3.040804 10.547610 9.250907
v 2.970803 10.418574 9.180907
v 2.970803 10.219701 9.180907
v 2.882364 10.189797 9.092467
v 2.764424 9.606111 8.974527
v 0.000000 9.490020 0.000000
v 2.690260 9.585504 8.900364
v 0.000000 10.547610 0.000000
v 2.690260 9.490020 8.900364
v -2.690260 9.490020 0.000000
v -2.690260 9.585504 0.000000
v -2.764424 9.606111 0.000000
v -2.882364 10.189797 0.000000
v -2.970803 10.219701 0.000000
v -2.970803 10.418574 0.000000
v -3.040804 10.547610 0.000000
v -3.040804 10.439361 0.000000
v -3.040804 10.439361 9.250907
v -3.040804 10.547610 9.250907
v -2.970803 10.418574 9.180907
v -2.970803 10.219701 9.180907
v -2.882364 10.189797 9.092467
v -2.764424 9.606111 8.974527
v -2.690260 9.585504 8.900364
v -2.690260 9.490020 8.900364
v 0.000000 10.439361 -9.250907
v 0.000000 10.547610 -9.250907
v 0.000000 10.418574 -9.180907
v 0.000000 10.219701 -9.180907
v 0.000000 10.189797 -9.092467
v 0.000000 9.606111 -8.974527
v 0.000000 9.585504 -8.900364
v 0.000000 9.490020 -8.900364
v 3.040804 10.439361 -9.250907
v 3.040804 10.547610 -9.250907
v 2.970803 10.418574 -9.180907
v 2.970803 10.219701 -9.180907
v 2.882364 10.189797 -9.092467
v 2.764424 9.606111 -8.974527
v 2.690260 9.585504 -8.900364
v 2.690260 9.490020 -8.900364
v -3.040804 10.439361 -9.250907
v -3.040804 10.547610 -9.250907
v -2.970803 10.418574 -9.180907
v -2.970803 10.219701 -9.180907
v -2.882364 10.189797 -9.092467
v -2.764424 9.606111 -8.974527
v -2.690260 9.585504 -8.900364
v -2.690260 9.490020 -8.900364
vt 0.469070 0.500000
vt -1.072688 0.513455
vt -1.077111 0.006674
vt 0.464648 -0.006781
vt -1.018180 2.081670
vt 0.465158 2.081670
vt 0.465158 2.097584
vt -1.018180 2.097584
vt -1.065343 2.203283
vt 0.464750 2.203283
vt 0.464750 2.236429
vt -1.065343 2.236429
vt -1.077111 2.239893
vt 0.464648 2.239893
vt 0.464648 2.257935
vt -1.077111 2.257935
vt -1.030648 2.101018
vt 0.465050 2.101018
vt 0.464878 2.198299
vt -1.050475 2.198299
vt 0.535352 -0.006782
vt 2.077111 0.006673
vt 2.065343 0.018237
vt 0.535250 0.004885
vt 0.935415 2.081670
vt 0.935415 2.097584
vt 0.487055 2.097584
vt 0.487055 2.081670
vt 2.050475 0.032848
vt 2.065343 0.018237
vt 2.061022 0.513352
vt 2.046283 0.513224
vt 2.018179 0.064585
vt 2.030647 0.052332
vt 2.026627 0.513052
vt 2.014266 0.512944
vt 0.535250 0.004885
vt 0.535122 0.019624
vt 0.981762 2.203283
vt 0.981762 2.236429
vt 0.486647 2.236429
vt 0.486647 2.203283
vt 0.993326 2.239893
vt 0.993326 2.257935
vt 0.486545 2.257935
vt 0.486545 2.239893
vt 2.072688 0.513454
vt 2.061022 0.513352
vt 0.534950 0.039280
vt 0.534842 0.051640
vt 0.534842 0.051640
vt 2.018179 0.064585
vt 2.014266 0.512944
vt 0.530930 0.499999
vt 0.486947 2.101018
vt 0.947667 2.101018
vt 0.967151 2.198299
vt 0.486776 2.198299
vt 0.473493 1.006781
vt -1.068265 1.020236
vt 2.010355 2.081669
vt 2.010355 2.097583
vt 0.527017 2.097584
vt 0.527017 2.081670
vt 2.056702 2.203283
vt 2.056702 2.236428
vt 0.526609 2.236429
vt 0.526609 2.203283
vt 2.068266 2.239893
vt 2.068266 2.257934
vt 0.526508 2.257935
vt 0.526507 2.239893
vt 2.022607 2.101018
vt 2.042091 2.198299
vt 0.526738 2.198299
vt 0.526909 2.101018
vt 0.526507 1.006781
vt 0.526609 0.995114
vt 2.056701 1.008467
vt 2.068265 1.020235
vt 0.038696 2.081670
vt 0.038696 2.097584
vt 2.042090 0.993599
vt 2.056701 1.008467
vt 2.010354 0.961304
vt 2.022606 0.973772
vt 0.526609 0.995114
vt 0.526737 0.980375
vt -0.008468 2.203283
vt -0.008468 2.236429
vt -0.020236 2.239893
vt -0.020236 2.257935
vt 0.526909 0.960719
vt 0.527017 0.948359
vt 0.527017 0.948359
vt 2.010354 0.961304
vt 0.006400 2.198299
vt 0.026228 2.101018
vt 2.006406 -0.020236
vt 2.010829 0.486545
vt 1.948495 2.081670
vt 1.948495 2.097584
vt 1.994842 2.203283
vt 1.994842 2.236429
vt 2.006407 2.239893
vt 2.006407 2.257935
vt 1.960747 2.101018
vt 1.980231 2.198299
vt -0.994842 -0.008468
vt -1.006406 -0.020236
vt 0.038695 2.081670
vt 0.487055 2.081670
vt 0.487055 2.097584
vt 0.038695 2.097584
vt -0.980231 0.006400
vt -0.984423 0.486775
vt -0.999163 0.486647
vt -0.994842 -0.008468
vt -0.948495 0.038695
vt -0.952407 0.487055
vt -0.964768 0.486947
vt -0.960747 0.026227
vt -0.008468 2.203283
vt 0.486647 2.203283
vt 0.486647 2.236429
vt -0.008468 2.236429
vt -0.020236 2.239893
vt 0.486545 2.239893
vt 0.486545 2.257935
vt -0.020236 2.257935
vt -0.999163 0.486647
vt -1.010829 0.486545
vt -0.952407 0.487055
vt -0.948495 0.038695
vt 0.486947 2.101018
vt 0.486775 2.198299
vt 0.006400 2.198299
vt 0.026227 2.101018
vt 2.015252 0.993326
vt -0.956320 2.081670
vt -0.956320 2.097584
vt -1.003483 2.203284
vt -1.003483 2.236429
vt -1.015251 2.239894
vt -1.015251 2.257935
vt -0.968788 2.101019
vt -0.988615 2.198300
vt -1.015252 0.993326
vt -1.003484 0.981762
vt 0.935414 2.081670
vt 0.935414 2.097584
vt -0.988616 0.967151
vt -1.003484 0.981762
vt -0.956320 0.935414
vt -0.968788 0.947667
vt 0.981762 2.203283
vt 0.981762 2.236429
vt 0.993326 2.239893
vt 0.993326 2.257935
vt -0.956320 0.935414
vt 0.947667 2.101018
vt 0.967151 2.198299
vn 0.0000 1.0000 0.0000
vn 1.0000 0.0000 0.0000
vn 0.9802 -0.1981 0.0000
vn 0.2847 -0.9586 0.0000
vn 0.2180 -0.9734 0.0711
vn 0.0000 0.0000 1.0000
vn 0.2473 -0.9657 0.0792
vn 0.0000 -0.9473 0.3203
vn 0.2078 -0.9761 0.0634
vn 0.0000 -0.9635 0.2677
vn 0.3203 -0.9473 0.0000
vn 0.0000 -0.9586 0.2847
vn 0.2677 -0.9635 0.0000
vn 0.0000 -1.0000 0.0000
vn 0.0000 -0.1981 0.9802
vn -1.0000 0.0000 0.0000
vn -0.9802 -0.1981 0.0000
vn -0.2847 -0.9586 0.0000
vn -0.2180 -0.9734 0.0711
vn -0.2473 -0.9657 0.0792
vn -0.2078 -0.9761 0.0634
vn -0.3203 -0.9473 0.0000
vn -0.2677 -0.9635 0.0000
vn 0.2180 -0.9734 -0.0711
vn 0.0000 0.0000 -1.0000
vn 0.2473 -0.9657 -0.0792
vn 0.0000 -0.9473 -0.3203
vn 0.2078 -0.9761 -0.0634
vn 0.0000 -0.9635 -0.2677
vn 0.0000 -0.9586 -0.2847
vn 0.0000 -0.1981 -0.9802
vn -0.2180 -0.9734 -0.0711
vn -0.2473 -0.9657 -0.0792
vn -0.2078 -0.9761 -0.0634
usemtl sandstone
s 1
f 1597/2691/877 1578/2692/877 1590/2693/877 1587/2694/877
f 1598/2695/878 1573/2696/878 1574/2697/878 1596/2698/878
f 1592/2699/878 1579/2700/878 1584/2701/878 1591/2702/878
f 1589/2703/878 1588/2704/878 1587/2705/878 1590/2706/878
f 1594/2707/879 1575/2708/879 1576/2709/879 1593/2710/879
f 1588/2711/880 1589/2712/881 1591/2713/881 1584/2714/880
f 1598/2715/882 1596/2716/882 1585/2717/882 1586/2718/882
f 1593/2719/883 1592/2720/883 1581/2721/884 1582/2722/884
f 1596/2723/885 1594/2724/885 1583/2725/886 1585/2726/886
f 1579/2727/887 1592/2720/883 1593/2719/883 1576/2728/887
f 1592/2729/882 1591/2730/882 1580/2731/882 1581/2732/882
f 1589/2733/882 1590/2734/882 1578/2735/882 1577/2736/882
f 1591/2713/881 1589/2712/881 1577/2737/888 1580/2738/888
f 1575/2739/889 1594/2724/885 1596/2723/885 1574/2740/889
f 1573/2741/890 1598/2742/890 1586/2743/890 1595/2744/890
f 1583/2745/891 1594/2746/891 1593/2747/891 1582/2748/891
f 1597/2691/877 1605/2749/877 1608/2750/877 1578/2692/877
f 1614/2751/892 1613/2752/892 1600/2753/892 1599/2754/892
f 1610/2755/892 1609/2756/892 1604/2757/892 1603/2758/892
f 1607/2759/892 1608/2760/892 1605/2761/892 1606/2762/892
f 1612/2763/893 1611/2764/893 1602/2765/893 1601/2766/893
f 1606/2767/894 1604/2768/894 1609/2769/895 1607/2770/895
f 1614/2771/882 1586/2718/882 1585/2717/882 1613/2772/882
f 1611/2773/896 1582/2722/884 1581/2721/884 1610/2774/896
f 1613/2775/897 1585/2726/886 1583/2725/886 1612/2776/897
f 1603/2777/898 1602/2778/898 1611/2773/896 1610/2774/896
f 1610/2779/882 1581/2732/882 1580/2731/882 1609/2780/882
f 1607/2781/882 1577/2736/882 1578/2735/882 1608/2782/882
f 1609/2769/895 1580/2738/888 1577/2737/888 1607/2770/895
f 1601/2783/899 1600/2784/899 1613/2775/897 1612/2776/897
f 1599/2785/890 1595/2744/890 1586/2743/890 1614/2786/890
f 1583/2745/891 1582/2748/891 1611/2787/891 1612/2788/891
f 1597/2691/877 1587/2694/877 1624/2789/877 1616/2790/877
f 1630/2791/878 1629/2792/878 1574/2697/878 1573/2696/878
f 1626/2793/878 1625/2794/878 1584/2701/878 1579/2700/878
f 1623/2795/878 1624/2796/878 1587/2705/878 1588/2704/878
f 1628/2797/879 1627/2798/879 1576/2709/879 1575/2708/879
f 1588/2711/880 1584/2714/880 1625/2799/900 1623/2800/900
f 1630/2801/901 1622/2802/901 1621/2803/901 1629/2804/901
f 1627/2805/902 1619/2806/903 1618/2807/903 1626/2808/902
f 1629/2809/904 1621/2810/905 1620/2811/905 1628/2812/904
f 1579/2727/887 1576/2728/887 1627/2805/902 1626/2808/902
f 1626/2813/901 1618/2814/901 1617/2815/901 1625/2816/901
f 1623/2817/901 1615/2818/901 1616/2819/901 1624/2820/901
f 1625/2799/900 1617/2821/906 1615/2822/906 1623/2800/900
f 1575/2739/889 1574/2740/889 1629/2809/904 1628/2812/904
f 1573/2741/890 1595/2744/890 1622/2823/890 1630/2824/890
f 1620/2825/907 1619/2826/907 1627/2827/907 1628/2828/907
f 1597/2691/877 1616/2790/877 1632/2829/877 1605/2749/877
f 1638/2830/892 1599/2754/892 1600/2753/892 1637/2831/892
f 1634/2832/892 1603/2758/892 1604/2757/892 1633/2833/892
f 1631/2834/892 1606/2762/892 1605/2761/892 1632/2835/892
f 1636/2836/893 1601/2766/893 1602/2765/893 1635/2837/893
f 1606/2767/894 1631/2838/908 1633/2839/908 1604/2768/894
f 1638/2840/901 1637/2841/901 1621/2803/901 1622/2802/901
f 1635/2842/909 1634/2843/909 1618/2807/903 1619/2806/903
f 1637/2844/910 1636/2845/910 1620/2811/905 1621/2810/905
f 1603/2777/898 1634/2843/909 1635/2842/909 1602/2778/898
f 1634/2846/901 1633/2847/901 1617/2815/901 1618/2814/901
f 1631/2848/901 1632/2849/901 1616/2819/901 1615/2818/901
f 1633/2839/908 1631/2838/908 1615/2822/906 1617/2821/906
f 1601/2783/899 1636/2845/910 1637/2844/910 1600/2784/899
f 1599/2785/890 1638/2850/890 1622/2823/890 1595/2744/890
f 1620/2825/907 1636/2851/907 1635/2852/907 1619/2826/907
o Cube.464_Cube.300
v 2.173003 2.213659 1.775930
v 2.173003 2.213659 1.423839
v 2.173003 6.581728 1.423839
v 2.173003 6.581727 1.775930
v 2.173003 2.213659 1.682366
v 2.173003 2.213659 1.553103
v 2.173003 6.581728 1.553103
v 2.173003 6.581727 1.682366
v 2.173003 2.213659 1.646667
v 2.173003 6.581727 1.646667
v 2.173003 2.213659 1.517403
v 2.173003 6.581728 1.517403
v 2.245865 2.213659 1.501310
v 2.245865 2.213659 1.439933
v 2.245865 6.581727 1.698459
v 2.245865 6.581727 1.759836
v 2.245865 6.581728 1.439933
v 2.245865 2.213659 1.759836
v 2.245865 2.213659 1.698459
v 2.245865 2.213659 1.630573
v 2.245865 2.213659 1.569196
v 2.245865 6.581728 1.501310
v 2.245865 6.581728 1.569196
v 2.245865 6.581727 1.630573
v -2.173003 2.213659 1.775930
v -2.173003 2.213659 1.423839
v -2.173003 6.581728 1.423839
v -2.173003 6.581727 1.775930
v -2.173003 2.213659 1.682366
v -2.173003 2.213659 1.553103
v -2.173003 6.581728 1.553103
v -2.173003 6.581727 1.682366
v -2.173003 2.213659 1.646667
v -2.173003 6.581727 1.646667
v -2.173003 2.213659 1.517403
v -2.173003 6.581728 1.517403
v -2.245865 2.213659 1.501310
v -2.245865 2.213659 1.439933
v -2.245865 6.581727 1.698459
v -2.245865 6.581727 1.759836
v -2.245865 6.581728 1.439933
v -2.245865 2.213659 1.759836
v -2.245865 2.213659 1.698459
v -2.245865 2.213659 1.630573
v -2.245865 2.213659 1.569196
v -2.245865 6.581728 1.501310
v -2.245865 6.581728 1.569196
v -2.245865 6.581727 1.630573
v 2.173003 2.213659 -1.775930
v 2.173003 2.213659 -1.423839
v 2.173003 6.581728 -1.423839
v 2.173003 6.581727 -1.775930
v 2.173003 2.213659 -1.682366
v 2.173003 2.213659 -1.553103
v 2.173003 6.581728 -1.553103
v 2.173003 6.581727 -1.682366
v 2.173003 2.213659 -1.646667
v 2.173003 6.581727 -1.646667
v 2.173003 2.213659 -1.517403
v 2.173003 6.581728 -1.517403
v 2.245865 2.213659 -1.501310
v 2.245865 2.213659 -1.439933
v 2.245865 6.581727 -1.698459
v 2.245865 6.581727 -1.759836
v 2.245865 6.581728 -1.439933
v 2.245865 2.213659 -1.759836
v 2.245865 2.213659 -1.698459
v 2.245865 2.213659 -1.630573
v 2.245865 2.213659 -1.569196
v 2.245865 6.581728 -1.501310
v 2.245865 6.581728 -1.569196
v 2.245865 6.581727 -1.630573
v -2.173003 2.213659 -1.775930
v -2.173003 2.213659 -1.423839
v -2.173003 6.581728 -1.423839
v -2.173003 6.581727 -1.775930
v -2.173003 2.213659 -1.682366
v -2.173003 2.213659 -1.553103
v -2.173003 6.581728 -1.553103
v -2.173003 6.581727 -1.682366
v -2.173003 2.213659 -1.646667
v -2.173003 6.581727 -1.646667
v -2.173003 2.213659 -1.517403
v -2.173003 6.581728 -1.517403
v -2.245865 2.213659 -1.501310
v -2.245865 2.213659 -1.439933
v -2.245865 6.581727 -1.698459
v -2.245865 6.581727 -1.759836
v -2.245865 6.581728 -1.439933
v -2.245865 2.213659 -1.759836
v -2.245865 2.213659 -1.698459
v -2.245865 2.213659 -1.630573
v -2.245865 2.213659 -1.569196
v -2.245865 6.581728 -1.501310
v -2.245865 6.581728 -1.569196
v -2.245865 6.581727 -1.630573
vt 0.215595 1.596954
vt 0.215595 0.868943
vt 0.225824 0.868943
vt 0.225824 1.596954
vt 0.172509 1.596954
vt 0.172509 0.868943
vt 0.182738 0.868943
vt 0.182738 1.596954
vt 0.194052 1.596954
vt 0.194052 0.868943
vt 0.204281 0.868943
vt 0.204281 1.596954
vt 0.859570 1.596954
vt 0.859570 0.868943
vt 0.871737 0.868943
vt 0.871737 1.596954
vt 0.140294 0.868943
vt 0.140294 1.596954
vt 0.128174 1.596954
vt 0.128174 0.868943
vt 0.140106 0.868943
vt 0.140106 1.596954
vt 0.127986 1.596954
vt 0.127986 0.868943
vt 0.859758 1.596954
vt 0.859758 0.868943
vt 0.871925 0.868943
vt 0.871925 1.596954
vt 0.139918 0.868943
vt 0.139918 1.596954
vt 0.127798 1.596954
vt 0.127798 0.868943
vt 0.859946 1.596954
vt 0.859946 0.868943
vt 0.872113 0.868943
vt 0.872113 1.596954
vt 0.777872 1.596954
vt 0.767643 1.596954
vt 0.767643 0.868943
vt 0.777872 0.868943
vt 0.820958 1.596954
vt 0.810729 1.596954
vt 0.810729 0.868943
vt 0.820958 0.868943
vt 0.799415 1.596954
vt 0.789186 1.596954
vt 0.789186 0.868943
vt 0.799415 0.868943
vt 0.135264 1.596954
vt 0.123144 1.596954
vt 0.123144 0.868943
vt 0.135264 0.868943
vt 0.864600 0.868943
vt 0.876767 0.868943
vt 0.876767 1.596954
vt 0.864600 1.596954
vt 0.864412 0.868943
vt 0.876579 0.868943
vt 0.876579 1.596954
vt 0.864412 1.596954
vt 0.135452 1.596954
vt 0.123332 1.596954
vt 0.123332 0.868943
vt 0.135452 0.868943
vt 0.864224 0.868943
vt 0.876391 0.868943
vt 0.876391 1.596954
vt 0.864224 1.596954
vt 0.135640 1.596954
vt 0.123520 1.596954
vt 0.123520 0.868943
vt 0.135640 0.868943
vt 0.716013 1.596954
vt 0.705784 1.596954
vt 0.705784 0.868943
vt 0.716013 0.868943
vt 0.759099 1.596954
vt 0.748870 1.596954
vt 0.748870 0.868943
vt 0.759099 0.868943
vt 0.737556 1.596954
vt 0.727327 1.596954
vt 0.727327 0.868943
vt 0.737556 0.868943
vt 0.135264 1.596954
vt 0.123144 1.596954
vt 0.123144 0.868943
vt 0.135264 0.868943
vt 0.864600 0.868943
vt 0.876767 0.868943
vt 0.876767 1.596954
vt 0.864600 1.596954
vt 0.864412 0.868943
vt 0.876579 0.868943
vt 0.876579 1.596954
vt 0.864412 1.596954
vt 0.135452 1.596954
vt 0.123332 1.596954
vt 0.123332 0.868943
vt 0.135452 0.868943
vt 0.864224 0.868943
vt 0.876391 0.868943
vt 0.876391 1.596954
vt 0.864224 1.596954
vt 0.135640 1.596954
vt 0.123520 1.596954
vt 0.123520 0.868943
vt 0.135640 0.868943
vt 0.277455 1.596955
vt 0.277455 0.868943
vt 0.287684 0.868943
vt 0.287684 1.596955
vt 0.234369 1.596954
vt 0.234368 0.868943
vt 0.244598 0.868943
vt 0.244598 1.596954
vt 0.255912 1.596954
vt 0.255911 0.868943
vt 0.266141 0.868943
vt 0.266141 1.596955
vt 0.859570 1.596954
vt 0.859570 0.868943
vt 0.871737 0.868943
vt 0.871737 1.596954
vt 0.140294 0.868943
vt 0.140294 1.596954
vt 0.128174 1.596954
vt 0.128174 0.868943
vt 0.140106 0.868943
vt 0.140106 1.596954
vt 0.127986 1.596954
vt 0.127986 0.868943
vt 0.859758 1.596954
vt 0.859758 0.868943
vt 0.871925 0.868943
vt 0.871925 1.596954
vt 0.139918 0.868943
vt 0.139918 1.596954
vt 0.127798 1.596954
vt 0.127798 0.868943
vt 0.859946 1.596954
vt 0.859946 0.868943
vt 0.872113 0.868943
vt 0.872113 1.596954
vn 1.0000 0.0000 0.0000
vn 0.2157 0.0000 0.9765
vn 0.2157 0.0000 -0.9765
vn -1.0000 0.0000 0.0000
vn -0.2157 0.0000 0.9765
vn -0.2157 0.0000 -0.9765
usemtl sandstone
s 1
f 1660/2853/911 1651/2854/911 1652/2855/911 1655/2856/911
f 1654/2857/911 1656/2858/911 1657/2859/911 1653/2860/911
f 1662/2861/911 1658/2862/911 1659/2863/911 1661/2864/911
f 1642/2865/912 1639/2866/912 1656/2867/912 1654/2868/912
f 1643/2869/913 1646/2870/913 1653/2871/913 1657/2872/913
f 1644/2873/913 1645/2874/913 1661/2875/913 1659/2876/913
f 1648/2877/912 1647/2878/912 1658/2879/912 1662/2880/912
f 1640/2881/913 1641/2882/913 1655/2883/913 1652/2884/913
f 1650/2885/912 1649/2886/912 1651/2887/912 1660/2888/912
f 1684/2889/914 1679/2890/914 1676/2891/914 1675/2892/914
f 1678/2893/914 1677/2894/914 1681/2895/914 1680/2896/914
f 1686/2897/914 1685/2898/914 1683/2899/914 1682/2900/914
f 1666/2901/915 1678/2902/915 1680/2903/915 1663/2904/915
f 1667/2905/916 1681/2906/916 1677/2907/916 1670/2908/916
f 1668/2909/916 1683/2910/916 1685/2911/916 1669/2912/916
f 1672/2913/915 1686/2914/915 1682/2915/915 1671/2916/915
f 1664/2917/916 1676/2918/916 1679/2919/916 1665/2920/916
f 1674/2921/915 1684/2922/915 1675/2923/915 1673/2924/915
f 1708/2925/911 1703/2926/911 1700/2927/911 1699/2928/911
f 1702/2929/911 1701/2930/911 1705/2931/911 1704/2932/911
f 1710/2933/911 1709/2934/911 1707/2935/911 1706/2936/911
f 1690/2937/913 1702/2938/913 1704/2939/913 1687/2940/913
f 1691/2941/912 1705/2942/912 1701/2943/912 1694/2944/912
f 1692/2945/912 1707/2946/912 1709/2947/912 1693/2948/912
f 1696/2949/913 1710/2950/913 1706/2951/913 1695/2952/913
f 1688/2953/912 1700/2954/912 1703/2955/912 1689/2956/912
f 1698/2957/913 1708/2958/913 1699/2959/913 1697/2960/913
f 1732/2961/914 1723/2962/914 1724/2963/914 1727/2964/914
f 1726/2965/914 1728/2966/914 1729/2967/914 1725/2968/914
f 1734/2969/914 1730/2970/914 1731/2971/914 1733/2972/914
f 1714/2973/916 1711/2974/916 1728/2975/916 1726/2976/916
f 1715/2977/915 1718/2978/915 1725/2979/915 1729/2980/915
f 1716/2981/915 1717/2982/915 1733/2983/915 1731/2984/915
f 1720/2985/916 1719/2986/916 1730/2987/916 1734/2988/916
f 1712/2989/915 1713/2990/915 1727/2991/915 1724/2992/915
f 1722/2993/916 1721/2994/916 1723/2995/916 1732/2996/916
o Cube.465_Cube.301
v 2.173003 11.559949 2.750664
v 2.173003 11.245122 2.750664
v 2.173003 11.245122 0.475692
v 2.173003 11.559949 0.475692
v 2.173003 11.489089 2.750664
v 2.173003 11.367105 2.750664
v 2.173003 11.367106 0.475692
v 2.173003 11.489090 0.475692
v 2.173003 11.437965 2.750664
v 2.173003 11.437965 0.475692
v 2.173003 11.315981 2.750664
v 2.173003 11.315982 0.475692
v 2.245865 11.315981 2.750664
v 2.245865 11.245122 2.750664
v 2.245865 11.489090 0.636818
v 2.245865 11.559949 0.636818
v 2.245865 11.245122 0.636818
v 2.245865 11.559949 2.750664
v 2.245865 11.489089 2.750664
v 2.245865 11.437965 2.750664
v 2.245865 11.367105 2.750664
v 2.245865 11.315982 0.636818
v 2.245865 11.367106 0.636818
v 2.245865 11.437965 0.636818
v -2.173003 11.559949 2.750664
v -2.173003 11.245122 2.750664
v -2.173003 11.245122 0.475692
v -2.173003 11.559949 0.475692
v -2.173003 11.489089 2.750664
v -2.173003 11.367105 2.750664
v -2.173003 11.367106 0.475692
v -2.173003 11.489090 0.475692
v -2.173003 11.437965 2.750664
v -2.173003 11.437965 0.475692
v -2.173003 11.315981 2.750664
v -2.173003 11.315982 0.475692
v -2.245865 11.315981 2.750664
v -2.245865 11.245122 2.750664
v -2.245865 11.489090 0.636818
v -2.245865 11.559949 0.636818
v -2.245865 11.245122 0.636818
v -2.245865 11.559949 2.750664
v -2.245865 11.489089 2.750664
v -2.245865 11.437965 2.750664
v -2.245865 11.367105 2.750664
v -2.245865 11.315982 0.636818
v -2.245865 11.367106 0.636818
v -2.245865 11.437965 0.636818
v 2.173003 11.559949 -2.750664
v 2.173003 11.245122 -2.750664
v 2.173003 11.245122 -0.475692
v 2.173003 11.559949 -0.475692
v 2.173003 11.489089 -2.750664
v 2.173003 11.367105 -2.750664
v 2.173003 11.367106 -0.475692
v 2.173003 11.489090 -0.475692
v 2.173003 11.437965 -2.750664
v 2.173003 11.437965 -0.475692
v 2.173003 11.315981 -2.750664
v 2.173003 11.315982 -0.475692
v 2.245865 11.315981 -2.750664
v 2.245865 11.245122 -2.750664
v 2.245865 11.489090 -0.636818
v 2.245865 11.559949 -0.636818
v 2.245865 11.245122 -0.636818
v 2.245865 11.559949 -2.750664
v 2.245865 11.489089 -2.750664
v 2.245865 11.437965 -2.750664
v 2.245865 11.367105 -2.750664
v 2.245865 11.315982 -0.636818
v 2.245865 11.367106 -0.636818
v 2.245865 11.437965 -0.636818
v -2.173003 11.559949 -2.750664
v -2.173003 11.245122 -2.750664
v -2.173003 11.245122 -0.475692
v -2.173003 11.559949 -0.475692
v -2.173003 11.489089 -2.750664
v -2.173003 11.367105 -2.750664
v -2.173003 11.367106 -0.475692
v -2.173003 11.489090 -0.475692
v -2.173003 11.437965 -2.750664
v -2.173003 11.437965 -0.475692
v -2.173003 11.315981 -2.750664
v -2.173003 11.315982 -0.475692
v -2.245865 11.315981 -2.750664
v -2.245865 11.245122 -2.750664
v -2.245865 11.489090 -0.636818
v -2.245865 11.559949 -0.636818
v -2.245865 11.245122 -0.636818
v -2.245865 11.559949 -2.750664
v -2.245865 11.489089 -2.750664
v -2.245865 11.437965 -2.750664
v -2.245865 11.367105 -2.750664
v -2.245865 11.315982 -0.636818
v -2.245865 11.367106 -0.636818
v -2.245865 11.437965 -0.636818
vt 0.359672 2.385997
vt 0.007378 2.385997
vt 0.007378 2.374187
vt 0.359672 2.374187
vt 0.359672 2.426658
vt 0.007378 2.426658
vt 0.007378 2.414848
vt 0.359672 2.414848
vt 0.359672 2.406327
vt 0.007378 2.406327
vt 0.007378 2.394517
vt 0.359672 2.394517
vt 0.386631 0.138539
vt 0.007484 0.141847
vt 0.007378 0.129704
vt 0.359672 0.126630
vt 0.992516 0.141847
vt 0.613369 0.138538
vt 0.640328 0.126629
vt 0.992622 0.129704
vt 0.992516 0.141847
vt 0.613369 0.138538
vt 0.640328 0.126629
vt 0.992622 0.129704
vt 0.386631 0.138539
vt 0.007484 0.141847
vt 0.007378 0.129704
vt 0.359672 0.126630
vt 0.992516 0.141847
vt 0.613369 0.138538
vt 0.640328 0.126629
vt 0.992622 0.129704
vt 0.386631 0.138539
vt 0.007484 0.141847
vt 0.007378 0.129704
vt 0.359672 0.126630
vt 0.386631 2.414848
vt 0.386631 2.426658
vt 0.386631 2.394517
vt 0.386631 2.406327
vt 0.386631 2.374187
vt 0.386631 2.385997
vt 0.633796 2.385997
vt 0.633796 2.374187
vt 0.986090 2.374187
vt 0.986090 2.385996
vt 0.633796 2.426658
vt 0.633796 2.414848
vt 0.986090 2.414848
vt 0.986090 2.426658
vt 0.633796 2.406327
vt 0.633796 2.394517
vt 0.986090 2.394517
vt 0.986090 2.406327
vt 0.392952 0.862845
vt 0.366205 0.875223
vt 0.013911 0.878297
vt 0.013805 0.866154
vt 0.986195 0.866153
vt 0.986089 0.878296
vt 0.633795 0.875222
vt 0.607048 0.862845
vt 0.986195 0.866153
vt 0.986089 0.878296
vt 0.633795 0.875222
vt 0.607048 0.862845
vt 0.392952 0.862845
vt 0.366205 0.875223
vt 0.013911 0.878297
vt 0.013805 0.866154
vt 0.986195 0.866153
vt 0.986089 0.878296
vt 0.633795 0.875222
vt 0.607048 0.862845
vt 0.392952 0.862845
vt 0.366205 0.875223
vt 0.013911 0.878297
vt 0.013805 0.866154
vt 0.607049 2.426658
vt 0.607049 2.414848
vt 0.607049 2.406327
vt 0.607049 2.394517
vt 0.607049 2.385997
vt 0.607049 2.374187
vt 0.571936 2.385997
vt 0.571936 2.374187
vt 0.924230 2.374187
vt 0.924230 2.385997
vt 0.571936 2.426658
vt 0.571936 2.414848
vt 0.924230 2.414848
vt 0.924230 2.426658
vt 0.571936 2.406327
vt 0.571936 2.394517
vt 0.924230 2.394517
vt 0.924230 2.406327
vt 0.545189 0.137155
vt 0.571936 0.124777
vt 0.924230 0.121703
vt 0.924336 0.133846
vt 0.075664 0.133846
vt 0.075770 0.121702
vt 0.428064 0.124777
vt 0.454811 0.137154
vt 0.075664 0.133846
vt 0.075770 0.121702
vt 0.428064 0.124777
vt 0.454811 0.137154
vt 0.545189 0.137155
vt 0.571936 0.124777
vt 0.924230 0.121703
vt 0.924336 0.133846
vt 0.075664 0.133846
vt 0.075770 0.121702
vt 0.428064 0.124777
vt 0.454811 0.137154
vt 0.545189 0.137155
vt 0.571936 0.124777
vt 0.924230 0.121703
vt 0.924336 0.133846
vt 0.545189 2.426658
vt 0.545189 2.414848
vt 0.545189 2.406327
vt 0.545189 2.394517
vt 0.545189 2.385997
vt 0.545189 2.374187
vt 0.421531 2.385997
vt 0.069237 2.385997
vt 0.069237 2.374187
vt 0.421531 2.374187
vt 0.421531 2.426658
vt 0.069237 2.426658
vt 0.069237 2.414848
vt 0.421531 2.414848
vt 0.421531 2.406327
vt 0.069237 2.406327
vt 0.069237 2.394517
vt 0.421531 2.394517
vt 0.551510 0.861461
vt 0.930657 0.858153
vt 0.930763 0.870296
vt 0.578469 0.873370
vt 0.069343 0.858152
vt 0.448490 0.861461
vt 0.421531 0.873370
vt 0.069237 0.870295
vt 0.069343 0.858152
vt 0.448490 0.861461
vt 0.421531 0.873370
vt 0.069237 0.870295
vt 0.551510 0.861461
vt 0.930657 0.858153
vt 0.930763 0.870296
vt 0.578469 0.873370
vt 0.069343 0.858152
vt 0.448490 0.861461
vt 0.421531 0.873370
vt 0.069237 0.870295
vt 0.551510 0.861461
vt 0.930657 0.858153
vt 0.930763 0.870296
vt 0.578469 0.873370
vt 0.448491 2.414848
vt 0.448491 2.426658
vt 0.448491 2.394517
vt 0.448491 2.406327
vt 0.448491 2.374187
vt 0.448491 2.385997
vn 0.9995 -0.0000 -0.0320
vn 1.0000 0.0000 0.0000
vn 0.0000 1.0000 0.0000
vn 0.0000 -1.0000 -0.0000
vn 0.9112 0.0000 -0.4120
vn -0.9995 0.0000 -0.0320
vn -1.0000 0.0000 0.0000
vn -0.9995 -0.0001 -0.0320
vn -0.9112 0.0000 -0.4120
vn 0.9995 0.0000 0.0320
vn 0.9995 -0.0001 0.0320
vn 0.9112 0.0000 0.4120
vn -0.9995 -0.0000 0.0320
vn -0.9112 0.0000 0.4120
usemtl sandstone
s 1
f 1756/2997/917 1747/2998/918 1748/2999/918 1751/3000/917
f 1750/3001/917 1752/3002/918 1753/3003/918 1749/3004/917
f 1758/3005/917 1754/3006/918 1755/3007/918 1757/3008/917
f 1738/3009/919 1735/3010/919 1752/3011/919 1750/3012/919
f 1739/3013/920 1742/3014/920 1749/3015/920 1753/3016/920
f 1740/3017/920 1741/3018/920 1757/3019/920 1755/3020/920
f 1744/3021/919 1743/3022/919 1754/3023/919 1758/3024/919
f 1736/3025/920 1737/3026/920 1751/3027/920 1748/3028/920
f 1746/3029/919 1745/3030/919 1747/3031/919 1756/3032/919
f 1749/3004/917 1742/3033/921 1738/3034/921 1750/3001/917
f 1757/3008/917 1741/3035/921 1744/3036/921 1758/3005/917
f 1751/3000/917 1737/3037/921 1746/3038/921 1756/2997/917
f 1780/3039/922 1775/3040/922 1772/3041/923 1771/3042/923
f 1774/3043/924 1773/3044/922 1777/3045/923 1776/3046/923
f 1782/3047/924 1781/3048/922 1779/3049/923 1778/3050/923
f 1762/3051/919 1774/3052/919 1776/3053/919 1759/3054/919
f 1763/3055/920 1777/3056/920 1773/3057/920 1766/3058/920
f 1764/3059/920 1779/3060/920 1781/3061/920 1765/3062/920
f 1768/3063/919 1782/3064/919 1778/3065/919 1767/3066/919
f 1760/3067/920 1772/3068/920 1775/3069/920 1761/3070/920
f 1770/3071/919 1780/3072/919 1771/3073/919 1769/3074/919
f 1773/3044/922 1774/3043/924 1762/3075/925 1766/3076/925
f 1781/3048/922 1782/3047/924 1768/3077/925 1765/3078/925
f 1775/3040/922 1780/3039/922 1770/3079/925 1761/3080/925
f 1804/3081/926 1799/3082/926 1796/3083/918 1795/3084/918
f 1798/3085/927 1797/3086/926 1801/3087/918 1800/3088/918
f 1806/3089/927 1805/3090/926 1803/3091/918 1802/3092/918
f 1786/3093/919 1798/3094/919 1800/3095/919 1783/3096/919
f 1787/3097/920 1801/3098/920 1797/3099/920 1790/3100/920
f 1788/3101/920 1803/3102/920 1805/3103/920 1789/3104/920
f 1792/3105/919 1806/3106/919 1802/3107/919 1791/3108/919
f 1784/3109/920 1796/3110/920 1799/3111/920 1785/3112/920
f 1794/3113/919 1804/3114/919 1795/3115/919 1793/3116/919
f 1797/3086/926 1798/3085/927 1786/3117/928 1790/3118/928
f 1805/3090/926 1806/3089/927 1792/3119/928 1789/3120/928
f 1799/3082/926 1804/3081/926 1794/3121/928 1785/3122/928
f 1828/3123/929 1819/3124/923 1820/3125/923 1823/3126/929
f 1822/3127/929 1824/3128/923 1825/3129/923 1821/3130/929
f 1830/3131/929 1826/3132/923 1827/3133/923 1829/3134/929
f 1810/3135/919 1807/3136/919 1824/3137/919 1822/3138/919
f 1811/3139/920 1814/3140/920 1821/3141/920 1825/3142/920
f 1812/3143/920 1813/3144/920 1829/3145/920 1827/3146/920
f 1816/3147/919 1815/3148/919 1826/3149/919 1830/3150/919
f 1808/3151/920 1809/3152/920 1823/3153/920 1820/3154/920
f 1818/3155/919 1817/3156/919 1819/3157/919 1828/3158/919
f 1821/3130/929 1814/3159/930 1810/3160/930 1822/3127/929
f 1829/3134/929 1813/3161/930 1816/3162/930 1830/3131/929
f 1823/3126/929 1809/3163/930 1818/3164/930 1828/3123/929
o Cube.466_Cube.302
v 3.040804 32.757591 2.055530
v 3.040804 32.649342 2.055530
v 0.000000 31.700001 2.406073
v 0.000000 31.795485 2.406073
v 0.000000 32.649342 8.532602
v 0.000000 32.757591 8.532602
v 0.000000 31.816092 2.331910
v 0.000000 32.628555 8.462603
v 0.000000 32.429680 8.462603
v 0.000000 32.399780 8.374163
v 0.000000 31.816092 8.256223
v 0.000000 32.399780 2.213970
v 0.000000 31.795485 8.182059
v 0.000000 31.700001 8.182059
v 0.000000 32.429680 2.125530
v 0.000000 32.628555 2.125530
v 3.040804 32.649342 8.532602
v 3.040804 32.757591 8.532602
v 2.970803 32.628555 8.462603
v 2.970803 32.429680 8.462603
v 2.882364 32.399780 8.374163
v 2.764424 31.816092 8.256223
v 0.000000 32.757591 2.055530
v 2.690260 31.795485 8.182059
v 0.000000 32.649342 2.055530
v 2.690260 31.700001 8.182059
v 2.970803 32.628555 2.125530
v 2.970803 32.429680 2.125530
v 2.882364 32.399780 2.213970
v 2.764424 31.816092 2.331910
v 2.690260 31.795485 2.406073
v 2.690260 31.700001 2.406073
v -3.040804 32.757591 2.055530
v -3.040804 32.649342 2.055530
v -3.040804 32.649342 8.532602
v -3.040804 32.757591 8.532602
v -2.970803 32.628555 8.462603
v -2.970803 32.429680 8.462603
v -2.882364 32.399780 8.374163
v -2.764424 31.816092 8.256223
v -2.690260 31.795485 8.182059
v -2.690260 31.700001 8.182059
v -2.970803 32.628555 2.125530
v -2.970803 32.429680 2.125530
v -2.882364 32.399780 2.213970
v -2.764424 31.816092 2.331910
v -2.690260 31.795485 2.406073
v -2.690260 31.700001 2.406073
v 3.040804 32.757591 -2.055530
v 3.040804 32.649342 -2.055530
v 0.000000 31.700001 -2.406073
v 0.000000 31.795485 -2.406073
v 0.000000 32.649342 -8.532602
v 0.000000 32.757591 -8.532602
v 0.000000 31.816092 -2.331910
v 0.000000 32.628555 -8.462603
v 0.000000 32.429680 -8.462603
v 0.000000 32.399780 -8.374163
v 0.000000 31.816092 -8.256223
v 0.000000 32.399780 -2.213970
v 0.000000 31.795485 -8.182059
v 0.000000 31.700001 -8.182059
v 0.000000 32.429680 -2.125530
v 0.000000 32.628555 -2.125530
v 3.040804 32.649342 -8.532602
v 3.040804 32.757591 -8.532602
v 2.970803 32.628555 -8.462603
v 2.970803 32.429680 -8.462603
v 2.882364 32.399780 -8.374163
v 2.764424 31.816092 -8.256223
v 0.000000 32.757591 -2.055530
v 2.690260 31.795485 -8.182059
v 0.000000 32.649342 -2.055530
v 2.690260 31.700001 -8.182059
v 2.970803 32.628555 -2.125530
v 2.970803 32.429680 -2.125530
v 2.882364 32.399780 -2.213970
v 2.764424 31.816092 -2.331910
v 2.690260 31.795485 -2.406073
v 2.690260 31.700001 -2.406073
v -3.040804 32.757591 -2.055530
v -3.040804 32.649342 -2.055530
v -3.040804 32.649342 -8.532602
v -3.040804 32.757591 -8.532602
v -2.970803 32.628555 -8.462603
v -2.970803 32.429680 -8.462603
v -2.882364 32.399780 -8.374163
v -2.764424 31.816092 -8.256223
v -2.690260 31.795485 -8.182059
v -2.690260 31.700001 -8.182059
v -2.970803 32.628555 -2.125530
v -2.970803 32.429680 -2.125530
v -2.882364 32.399780 -2.213970
v -2.764424 31.816092 -2.331910
v -2.690260 31.795485 -2.406073
v -2.690260 31.700001 -2.406073
vt 0.889492 0.007975
vt 0.885171 0.503090
vt 0.873505 0.502988
vt 0.877927 -0.003793
vt -0.003791 5.941556
vt 0.502990 5.941556
vt 0.502990 5.959598
vt -0.003791 5.959598
vt 0.007977 5.904946
vt 0.503092 5.904946
vt 0.503092 5.938092
vt 0.007977 5.938092
vt 0.076413 5.802681
vt 0.095897 5.899962
vt -0.930762 5.899962
vt -0.910935 5.802681
vt 0.936459 5.783333
vt 0.936459 5.799247
vt 0.488100 5.799247
vt 0.488100 5.783333
vt 1.930762 0.031802
vt 1.945630 0.017191
vt 1.941309 0.512306
vt 1.926570 0.512178
vt 1.898466 0.063539
vt 1.910934 0.051287
vt 1.906914 0.512006
vt 1.894554 0.511898
vt 1.945630 0.017191
vt 1.957398 0.005627
vt 0.982807 5.904946
vt 0.982807 5.938092
vt 0.487692 5.938092
vt 0.487692 5.904946
vt 0.994371 5.941556
vt 0.994371 5.959598
vt 0.487590 5.959598
vt 0.487590 5.941556
vt 1.952975 0.512408
vt 1.941309 0.512306
vt 0.904103 0.022843
vt 0.889492 0.007975
vt 0.935839 0.055138
vt 0.923587 0.042670
vt 0.487992 5.802681
vt 0.948712 5.802681
vt 0.968196 5.899962
vt 0.487820 5.899962
vt 0.931926 0.503498
vt 0.919566 0.503390
vt 0.899910 0.503218
vt 0.885171 0.503090
vt 0.055140 5.783333
vt 0.503500 5.783333
vt 0.503500 5.799247
vt 0.055140 5.799247
vt 0.122073 5.941556
vt 0.122073 5.959598
vt -0.957398 5.959598
vt -0.957398 5.941556
vt 0.110508 5.904946
vt 0.110508 5.938092
vt -0.945630 5.938092
vt -0.945630 5.904946
vt 0.064161 5.783333
vt 0.064161 5.799247
vt -0.898467 5.799247
vt -0.898467 5.783333
vt -0.957398 0.005629
vt 0.122073 -0.003792
vt 0.126495 0.502990
vt -0.952975 0.512410
vt 0.503392 5.802681
vt 0.503220 5.899962
vt 0.022845 5.899962
vt 0.042672 5.802681
vt 1.894554 0.511898
vt 0.931926 0.503498
vt 0.935839 0.055138
vt 1.898466 0.063539
vt 0.880850 0.998205
vt 0.869082 1.009769
vt 1.009771 5.941556
vt 1.009771 5.959598
vt 0.998206 5.904946
vt 0.998206 5.938092
vt 0.915547 5.802681
vt 1.902895 5.802680
vt 1.922379 5.899962
vt 0.895720 5.899962
vt 0.039740 5.783333
vt 0.039740 5.799247
vt 1.922378 0.992553
vt 1.936988 1.007421
vt 1.890641 0.960258
vt 1.902893 0.972726
vt 1.936988 1.007421
vt 1.948553 1.019189
vt -0.007423 5.904946
vt -0.007423 5.938092
vt -0.019191 5.941556
vt -0.019191 5.959598
vt 0.880850 0.998205
vt 0.895718 0.983594
vt 0.915546 0.964109
vt 0.928014 0.951857
vt 0.007445 5.899962
vt 0.027272 5.802681
vt 0.951859 5.783333
vt 0.951859 5.799247
vt 0.869084 5.941556
vt 1.948555 5.941556
vt 1.948555 5.959597
vt 0.869084 5.959598
vt 0.880852 5.904946
vt 1.936990 5.904945
vt 1.936990 5.938091
vt 0.880852 5.938092
vt 0.928015 5.783333
vt 1.890643 5.783332
vt 1.890643 5.799246
vt 0.928015 5.799247
vt -0.948553 1.019191
vt 0.130918 1.009771
vt 0.964111 5.802681
vt 0.983596 5.899962
vt 1.890641 0.960258
vt 0.928014 0.951857
vt 0.181009 0.001792
vt 0.192777 -0.009773
vt 0.188354 0.497009
vt 0.176688 0.496907
vt 1.009771 5.941556
vt 1.009771 5.959598
vt 0.502990 5.959598
vt 0.502990 5.941556
vt 0.998206 5.904946
vt 0.998206 5.938092
vt 0.503091 5.938092
vt 0.503091 5.904946
vt 0.853687 5.802681
vt 1.841034 5.802681
vt 1.860519 5.899962
vt 0.833859 5.899962
vt 0.039740 5.783333
vt 0.488099 5.783333
vt 0.488099 5.799247
vt 0.039740 5.799247
vt -0.860518 0.007443
vt -0.864711 0.487819
vt -0.879450 0.487690
vt -0.875129 -0.007425
vt -0.828782 0.039739
vt -0.832695 0.488098
vt -0.845055 0.487990
vt -0.841034 0.027271
vt -0.875129 -0.007425
vt -0.886694 -0.019193
vt -0.007424 5.904946
vt 0.487691 5.904946
vt 0.487691 5.938092
vt -0.007424 5.938092
vt -0.019192 5.941556
vt 0.487590 5.941556
vt 0.487590 5.959598
vt -0.019192 5.959598
vt -0.879450 0.487690
vt -0.891116 0.487588
vt 0.181009 0.001792
vt 0.166141 0.016403
vt 0.146313 0.035887
vt 0.133845 0.048139
vt 0.487992 5.802681
vt 0.487820 5.899962
vt 0.007445 5.899962
vt 0.027272 5.802681
vt 0.142293 0.496607
vt 0.129933 0.496499
vt 0.176688 0.496907
vt 0.161949 0.496778
vt 0.951859 5.783333
vt 0.951859 5.799247
vt 0.503499 5.799247
vt 0.503499 5.783333
vt 0.807223 5.941556
vt 1.886694 5.941556
vt 1.886694 5.959598
vt 0.807223 5.959598
vt 0.818991 5.904946
vt 1.875129 5.904946
vt 1.875129 5.938092
vt 0.818991 5.938092
vt 0.866155 5.783333
vt 1.828782 5.783333
vt 1.828782 5.799247
vt 0.866155 5.799247
vt 1.886693 -0.019191
vt 1.891116 0.487590
vt 0.811646 0.497010
vt 0.807223 -0.009771
vt 0.503392 5.802681
vt 0.964111 5.802681
vt 0.983596 5.899962
vt 0.503220 5.899962
vt -0.832695 0.488098
vt -0.828782 0.039739
vt 0.133845 0.048139
vt 0.129933 0.496499
vt 0.172367 0.992022
vt 0.183932 1.003790
vt -0.003792 5.941556
vt -0.003792 5.959598
vt 0.007976 5.904946
vt 0.007976 5.938092
vt 0.138274 5.802681
vt 0.157758 5.899962
vt -0.868901 5.899963
vt -0.849074 5.802681
vt 0.936459 5.783333
vt 0.936459 5.799247
vt -0.868903 0.968194
vt -0.883771 0.982805
vt -0.836607 0.936458
vt -0.849075 0.948710
vt -0.883771 0.982805
vt -0.895539 0.994370
vt 0.982806 5.904946
vt 0.982806 5.938092
vt 0.994371 5.941556
vt 0.994371 5.959598
vt 0.157757 0.977154
vt 0.172367 0.992022
vt 0.126020 0.944858
vt 0.138272 0.957326
vt 0.948711 5.802681
vt 0.968196 5.899962
vt 0.055140 5.783333
vt 0.055140 5.799247
vt 0.183933 5.941556
vt 0.183933 5.959598
vt -0.895537 5.959598
vt -0.895537 5.941556
vt 0.172369 5.904946
vt 0.172369 5.938092
vt -0.883769 5.938092
vt -0.883769 5.904946
vt 0.126022 5.783333
vt 0.126022 5.799247
vt -0.836606 5.799247
vt -0.836606 5.783333
vt 1.895539 0.994371
vt 0.816068 1.003792
vt 0.022845 5.899962
vt 0.042672 5.802681
vt 0.126020 0.944858
vt -0.836607 0.936458
vn 0.1973 -0.9760 -0.0925
vn 0.0000 -0.9586 -0.2847
vn 0.0000 0.0000 -1.0000
vn 0.9802 -0.1981 0.0000
vn 0.0000 0.0000 1.0000
vn 0.2231 -0.9692 0.1045
vn 0.0000 -0.9473 0.3203
vn 0.1855 -0.9788 0.0865
vn 0.0000 -0.9635 0.2677
vn 0.1973 -0.9760 0.0925
vn 0.0000 -0.9586 0.2847
vn 0.2231 -0.9692 -0.1045
vn 0.1855 -0.9788 -0.0865
vn 0.0000 -0.1981 0.9802
vn 0.0000 -0.9635 -0.2677
vn 0.0000 -0.9473 -0.3203
vn 1.0000 0.0000 0.0000
vn 0.0000 1.0000 0.0000
vn 0.0000 -0.1981 -0.9802
vn 0.0000 -1.0000 0.0000
vn -0.1973 -0.9760 -0.0925
vn -0.9802 -0.1981 0.0000
vn -0.2231 -0.9692 0.1045
vn -0.1855 -0.9788 0.0865
vn -0.1973 -0.9760 0.0925
vn -0.2231 -0.9692 -0.1045
vn -0.1855 -0.9788 -0.0865
vn -1.0000 0.0000 0.0000
usemtl sandstone
s 1
f 1857/3165/931 1846/3166/932 1855/3167/932 1832/3168/931
f 1832/3169/933 1855/3170/933 1853/3171/933 1831/3172/933
f 1858/3173/933 1845/3174/933 1846/3175/933 1857/3176/933
f 1860/3177/934 1859/3178/934 1851/3179/934 1852/3180/934
f 1856/3181/935 1854/3182/935 1843/3183/935 1844/3184/935
f 1851/3185/936 1850/3186/936 1839/3187/937 1840/3188/937
f 1854/3189/938 1852/3190/938 1841/3191/939 1843/3192/939
f 1849/3193/940 1857/3165/931 1832/3168/931 1847/3194/940
f 1850/3195/935 1849/3196/935 1838/3197/935 1839/3198/935
f 1847/3199/935 1848/3200/935 1836/3201/935 1835/3202/935
f 1849/3193/940 1847/3194/940 1835/3203/941 1838/3204/941
f 1851/3185/936 1859/3205/942 1858/3206/942 1850/3186/936
f 1854/3189/938 1861/3207/943 1860/3208/943 1852/3190/938
f 1841/3209/944 1852/3210/944 1851/3211/944 1840/3212/944
f 1861/3207/943 1834/3213/945 1837/3214/945 1860/3208/943
f 1859/3205/942 1842/3215/946 1845/3216/946 1858/3206/942
f 1862/3217/933 1833/3218/933 1834/3219/933 1861/3220/933
f 1832/3221/947 1831/3222/947 1848/3223/947 1847/3224/947
f 1858/3225/947 1857/3226/947 1849/3227/947 1850/3228/947
f 1862/3229/947 1861/3230/947 1854/3231/947 1856/3232/947
f 1848/3233/948 1831/3234/948 1853/3235/948 1836/3236/948
f 1837/3237/949 1842/3238/949 1859/3239/949 1860/3240/949
f 1844/3241/950 1833/3242/950 1862/3243/950 1856/3244/950
f 1873/3245/951 1864/3246/951 1855/3167/932 1846/3166/932
f 1864/3247/933 1863/3248/933 1853/3171/933 1855/3170/933
f 1874/3249/933 1873/3250/933 1846/3175/933 1845/3174/933
f 1876/3251/952 1870/3252/952 1869/3253/952 1875/3254/952
f 1872/3255/935 1844/3184/935 1843/3183/935 1871/3256/935
f 1869/3257/953 1840/3188/937 1839/3187/937 1868/3258/953
f 1871/3259/954 1843/3192/939 1841/3191/939 1870/3260/954
f 1867/3261/955 1865/3262/955 1864/3246/951 1873/3245/951
f 1868/3263/935 1839/3198/935 1838/3197/935 1867/3264/935
f 1865/3265/935 1835/3202/935 1836/3201/935 1866/3266/935
f 1867/3261/955 1838/3204/941 1835/3203/941 1865/3262/955
f 1869/3257/953 1868/3258/953 1874/3267/956 1875/3268/956
f 1871/3259/954 1870/3260/954 1876/3269/957 1877/3270/957
f 1841/3209/944 1840/3212/944 1869/3271/944 1870/3272/944
f 1877/3270/957 1876/3269/957 1837/3214/945 1834/3213/945
f 1875/3268/956 1874/3267/956 1845/3216/946 1842/3215/946
f 1878/3273/933 1877/3274/933 1834/3219/933 1833/3218/933
f 1864/3275/958 1865/3276/958 1866/3277/958 1863/3278/958
f 1874/3279/958 1868/3280/958 1867/3281/958 1873/3282/958
f 1878/3283/958 1872/3284/958 1871/3285/958 1877/3286/958
f 1866/3287/948 1836/3236/948 1853/3235/948 1863/3288/948
f 1837/3237/949 1876/3289/949 1875/3290/949 1842/3238/949
f 1844/3241/950 1872/3291/950 1878/3292/950 1833/3242/950
f 1905/3293/940 1880/3294/940 1903/3295/941 1894/3296/941
f 1880/3297/935 1879/3298/935 1901/3299/935 1903/3300/935
f 1906/3301/935 1905/3302/935 1894/3303/935 1893/3304/935
f 1908/3305/934 1900/3306/934 1899/3307/934 1907/3308/934
f 1904/3309/933 1892/3310/933 1891/3311/933 1902/3312/933
f 1899/3313/942 1888/3314/946 1887/3315/946 1898/3316/942
f 1902/3317/943 1891/3318/945 1889/3319/945 1900/3320/943
f 1897/3321/931 1895/3322/931 1880/3294/940 1905/3293/940
f 1898/3323/933 1887/3324/933 1886/3325/933 1897/3326/933
f 1895/3327/933 1883/3328/933 1884/3329/933 1896/3330/933
f 1897/3321/931 1886/3331/932 1883/3332/932 1895/3322/931
f 1899/3313/942 1898/3316/942 1906/3333/936 1907/3334/936
f 1902/3317/943 1900/3320/943 1908/3335/938 1909/3336/938
f 1889/3337/949 1888/3338/949 1899/3339/949 1900/3340/949
f 1909/3336/938 1908/3335/938 1885/3341/939 1882/3342/939
f 1907/3334/936 1906/3333/936 1893/3343/937 1890/3344/937
f 1910/3345/935 1909/3346/935 1882/3347/935 1881/3348/935
f 1880/3349/947 1895/3350/947 1896/3351/947 1879/3352/947
f 1906/3353/947 1898/3354/947 1897/3355/947 1905/3356/947
f 1910/3357/947 1904/3358/947 1902/3359/947 1909/3360/947
f 1896/3361/948 1884/3362/948 1901/3363/948 1879/3364/948
f 1885/3365/944 1908/3366/944 1907/3367/944 1890/3368/944
f 1892/3369/950 1904/3370/950 1910/3371/950 1881/3372/950
f 1921/3373/955 1894/3296/941 1903/3295/941 1912/3374/955
f 1912/3375/935 1903/3300/935 1901/3299/935 1911/3376/935
f 1922/3377/935 1893/3304/935 1894/3303/935 1921/3378/935
f 1924/3379/952 1923/3380/952 1917/3381/952 1918/3382/952
f 1920/3383/933 1919/3384/933 1891/3311/933 1892/3310/933
f 1917/3385/956 1916/3386/956 1887/3315/946 1888/3314/946
f 1919/3387/957 1918/3388/957 1889/3319/945 1891/3318/945
f 1915/3389/951 1921/3373/955 1912/3374/955 1913/3390/951
f 1916/3391/933 1915/3392/933 1886/3325/933 1887/3324/933
f 1913/3393/933 1914/3394/933 1884/3329/933 1883/3328/933
f 1915/3389/951 1913/3390/951 1883/3332/932 1886/3331/932
f 1917/3385/956 1923/3395/953 1922/3396/953 1916/3386/956
f 1919/3387/957 1925/3397/954 1924/3398/954 1918/3388/957
f 1889/3337/949 1918/3399/949 1917/3400/949 1888/3338/949
f 1925/3397/954 1882/3342/939 1885/3341/939 1924/3398/954
f 1923/3395/953 1890/3344/937 1893/3343/937 1922/3396/953
f 1926/3401/935 1881/3348/935 1882/3347/935 1925/3402/935
f 1912/3403/958 1911/3404/958 1914/3405/958 1913/3406/958
f 1922/3407/958 1921/3408/958 1915/3409/958 1916/3410/958
f 1926/3411/958 1925/3412/958 1919/3413/958 1920/3414/958
f 1914/3415/948 1911/3416/948 1901/3363/948 1884/3362/948
f 1885/3365/944 1890/3368/944 1923/3417/944 1924/3418/944
f 1892/3369/950 1881/3372/950 1926/3419/950 1920/3420/950
o Cube.467_Cube.303
v 2.105396 12.377807 -4.428087
v 1.867360 13.252620 -5.323641
v 2.105396 13.252620 -5.483354
v 2.105396 13.252620 -5.163928
v 2.105396 13.096605 -5.323641
v 2.105396 12.377807 -6.219194
v 2.105396 14.127433 -4.428087
v 2.105396 13.408634 -5.323641
v 2.105396 14.127433 -6.219194
v 2.105396 14.127433 -4.428087
v 1.867360 15.002246 -5.323641
v 2.105396 15.002246 -5.483354
v 2.105396 15.002246 -5.163928
v 2.105396 14.846231 -5.323641
v 2.105396 14.127433 -6.219194
v 2.105396 15.877059 -4.428087
v 2.105396 15.158260 -5.323641
v 2.105396 15.877059 -6.219194
v 2.105396 15.877059 -4.428087
v 1.867360 16.751873 -5.323641
v 2.105396 16.751873 -5.483354
v 2.105396 16.751873 -5.163928
v 2.105396 16.595858 -5.323641
v 2.105396 15.877059 -6.219194
v 2.105396 17.626686 -4.428087
v 2.105396 16.907887 -5.323641
v 2.105396 17.626686 -6.219194
v 2.105396 17.626686 -4.428087
v 1.867360 18.501499 -5.323641
v 2.105396 18.501499 -5.483354
v 2.105396 18.501499 -5.163928
v 2.105396 18.345484 -5.323641
v 2.105396 17.626686 -6.219194
v 2.105396 19.376312 -4.428087
v 2.105396 18.657513 -5.323641
v 2.105396 19.376312 -6.219194
v 2.105396 19.376312 -4.428087
v 1.867360 20.251125 -5.323641
v 2.105396 20.251125 -5.483354
v 2.105396 20.251125 -5.163928
v 2.105396 20.095110 -5.323641
v 2.105396 19.376312 -6.219194
v 2.105396 21.125938 -4.428087
v 2.105396 20.407139 -5.323641
v 2.105396 21.125938 -6.219194
v 2.105396 21.125938 -4.428087
v 1.867360 22.000751 -5.323641
v 2.105396 22.000751 -5.483354
v 2.105396 22.000751 -5.163928
v 2.105396 21.844736 -5.323641
v 2.105396 21.125938 -6.219194
v 2.105396 22.875565 -4.428087
v 2.105396 22.156765 -5.323641
v 2.105396 22.875565 -6.219194
v 2.105396 22.875565 -4.428087
v 1.867360 23.750378 -5.323641
v 2.105396 23.750378 -5.483354
v 2.105396 23.750378 -5.163928
v 2.105396 23.594362 -5.323641
v 2.105396 22.875565 -6.219194
v 2.105396 24.625191 -4.428087
v 2.105396 23.906391 -5.323641
v 2.105396 24.625191 -6.219194
v 2.105396 24.625191 -4.428087
v 1.867360 25.500004 -5.323641
v 2.105396 25.500004 -5.483354
v 2.105396 25.500004 -5.163928
v 2.105396 25.343988 -5.323641
v 2.105396 24.625191 -6.219194
v 2.105396 26.374817 -4.428087
v 2.105396 25.656017 -5.323641
v 2.105396 26.374817 -6.219194
v 2.105396 26.374817 -4.428087
v 1.867360 27.249630 -5.323641
v 2.105396 27.249630 -5.483354
v 2.105396 27.249630 -5.163928
v 2.105396 27.093615 -5.323641
v 2.105396 26.374817 -6.219194
v 2.105396 28.124443 -4.428087
v 2.105396 27.405643 -5.323641
v 2.105396 28.124443 -6.219194
v 2.105396 28.124443 -4.428087
v 1.867360 28.999256 -5.323641
v 2.105396 28.999256 -5.483354
v 2.105396 28.999256 -5.163928
v 2.105396 28.843241 -5.323641
v 2.105396 28.124443 -6.219194
v 2.105396 29.874069 -4.428087
v 2.105396 29.155270 -5.323641
v 2.105396 29.874069 -6.219194
v -2.105396 12.377807 -4.428087
v -1.867360 13.252620 -5.323641
v -2.105396 13.252620 -5.483354
v -2.105396 13.252620 -5.163928
v -2.105396 13.096605 -5.323641
v -2.105396 12.377807 -6.219194
v -2.105396 14.127433 -4.428087
v -2.105396 13.408634 -5.323641
v -2.105396 14.127433 -6.219194
v -2.105396 14.127433 -4.428087
v -1.867360 15.002246 -5.323641
v -2.105396 15.002246 -5.483354
v -2.105396 15.002246 -5.163928
v -2.105396 14.846231 -5.323641
v -2.105396 14.127433 -6.219194
v -2.105396 15.877059 -4.428087
v -2.105396 15.158260 -5.323641
v -2.105396 15.877059 -6.219194
v -2.105396 15.877059 -4.428087
v -1.867360 16.751873 -5.323641
v -2.105396 16.751873 -5.483354
v -2.105396 16.751873 -5.163928
v -2.105396 16.595858 -5.323641
v -2.105396 15.877059 -6.219194
v -2.105396 17.626686 -4.428087
v -2.105396 16.907887 -5.323641
v -2.105396 17.626686 -6.219194
v -2.105396 17.626686 -4.428087
v -1.867360 18.501499 -5.323641
v -2.105396 18.501499 -5.483354
v -2.105396 18.501499 -5.163928
v -2.105396 18.345484 -5.323641
v -2.105396 17.626686 -6.219194
v -2.105396 19.376312 -4.428087
v -2.105396 18.657513 -5.323641
v -2.105396 19.376312 -6.219194
v -2.105396 19.376312 -4.428087
v -1.867360 20.251125 -5.323641
v -2.105396 20.251125 -5.483354
v -2.105396 20.251125 -5.163928
v -2.105396 20.095110 -5.323641
v -2.105396 19.376312 -6.219194
v -2.105396 21.125938 -4.428087
v -2.105396 20.407139 -5.323641
v -2.105396 21.125938 -6.219194
v -2.105396 21.125938 -4.428087
v -1.867360 22.000751 -5.323641
v -2.105396 22.000751 -5.483354
v -2.105396 22.000751 -5.163928
v -2.105396 21.844736 -5.323641
v -2.105396 21.125938 -6.219194
v -2.105396 22.875565 -4.428087
v -2.105396 22.156765 -5.323641
v -2.105396 22.875565 -6.219194
v -2.105396 22.875565 -4.428087
v -1.867360 23.750378 -5.323641
v -2.105396 23.750378 -5.483354
v -2.105396 23.750378 -5.163928
v -2.105396 23.594362 -5.323641
v -2.105396 22.875565 -6.219194
v -2.105396 24.625191 -4.428087
v -2.105396 23.906391 -5.323641
v -2.105396 24.625191 -6.219194
v -2.105396 24.625191 -4.428087
v -1.867360 25.500004 -5.323641
v -2.105396 25.500004 -5.483354
v -2.105396 25.500004 -5.163928
v -2.105396 25.343988 -5.323641
v -2.105396 24.625191 -6.219194
v -2.105396 26.374817 -4.428087
v -2.105396 25.656017 -5.323641
v -2.105396 26.374817 -6.219194
v -2.105396 26.374817 -4.428087
v -1.867360 27.249630 -5.323641
v -2.105396 27.249630 -5.483354
v -2.105396 27.249630 -5.163928
v -2.105396 27.093615 -5.323641
v -2.105396 26.374817 -6.219194
v -2.105396 28.124443 -4.428087
v -2.105396 27.405643 -5.323641
v -2.105396 28.124443 -6.219194
v -2.105396 28.124443 -4.428087
v -1.867360 28.999256 -5.323641
v -2.105396 28.999256 -5.483354
v -2.105396 28.999256 -5.163928
v -2.105396 28.843241 -5.323641
v -2.105396 28.124443 -6.219194
v -2.105396 29.874069 -4.428087
v -2.105396 29.155270 -5.323641
v -2.105396 29.874069 -6.219194
v 2.105396 12.377807 4.428087
v 1.867360 13.252620 5.323641
v 2.105396 13.252620 5.483354
v 2.105396 13.252620 5.163928
v 2.105396 13.096605 5.323641
v 2.105396 12.377807 6.219194
v 2.105396 14.127433 4.428087
v 2.105396 13.408634 5.323641
v 2.105396 14.127433 6.219194
v 2.105396 14.127433 4.428087
v 1.867360 15.002246 5.323641
v 2.105396 15.002246 5.483354
v 2.105396 15.002246 5.163928
v 2.105396 14.846231 5.323641
v 2.105396 14.127433 6.219194
v 2.105396 15.877059 4.428087
v 2.105396 15.158260 5.323641
v 2.105396 15.877059 6.219194
v 2.105396 15.877059 4.428087
v 1.867360 16.751873 5.323641
v 2.105396 16.751873 5.483354
v 2.105396 16.751873 5.163928
v 2.105396 16.595858 5.323641
v 2.105396 15.877059 6.219194
v 2.105396 17.626686 4.428087
v 2.105396 16.907887 5.323641
v 2.105396 17.626686 6.219194
v 2.105396 17.626686 4.428087
v 1.867360 18.501499 5.323641
v 2.105396 18.501499 5.483354
v 2.105396 18.501499 5.163928
v 2.105396 18.345484 5.323641
v 2.105396 17.626686 6.219194
v 2.105396 19.376312 4.428087
v 2.105396 18.657513 5.323641
v 2.105396 19.376312 6.219194
v 2.105396 19.376312 4.428087
v 1.867360 20.251125 5.323641
v 2.105396 20.251125 5.483354
v 2.105396 20.251125 5.163928
v 2.105396 20.095110 5.323641
v 2.105396 19.376312 6.219194
v 2.105396 21.125938 4.428087
v 2.105396 20.407139 5.323641
v 2.105396 21.125938 6.219194
v 2.105396 21.125938 4.428087
v 1.867360 22.000751 5.323641
v 2.105396 22.000751 5.483354
v 2.105396 22.000751 5.163928
v 2.105396 21.844736 5.323641
v 2.105396 21.125938 6.219194
v 2.105396 22.875565 4.428087
v 2.105396 22.156765 5.323641
v 2.105396 22.875565 6.219194
v 2.105396 22.875565 4.428087
v 1.867360 23.750378 5.323641
v 2.105396 23.750378 5.483354
v 2.105396 23.750378 5.163928
v 2.105396 23.594362 5.323641
v 2.105396 22.875565 6.219194
v 2.105396 24.625191 4.428087
v 2.105396 23.906391 5.323641
v 2.105396 24.625191 6.219194
v 2.105396 24.625191 4.428087
v 1.867360 25.500004 5.323641
v 2.105396 25.500004 5.483354
v 2.105396 25.500004 5.163928
v 2.105396 25.343988 5.323641
v 2.105396 24.625191 6.219194
v 2.105396 26.374817 4.428087
v 2.105396 25.656017 5.323641
v 2.105396 26.374817 6.219194
v 2.105396 26.374817 4.428087
v 1.867360 27.249630 5.323641
v 2.105396 27.249630 5.483354
v 2.105396 27.249630 5.163928
v 2.105396 27.093615 5.323641
v 2.105396 26.374817 6.219194
v 2.105396 28.124443 4.428087
v 2.105396 27.405643 5.323641
v 2.105396 28.124443 6.219194
v 2.105396 28.124443 4.428087
v 1.867360 28.999256 5.323641
v 2.105396 28.999256 5.483354
v 2.105396 28.999256 5.163928
v 2.105396 28.843241 5.323641
v 2.105396 28.124443 6.219194
v 2.105396 29.874069 4.428087
v 2.105396 29.155270 5.323641
v 2.105396 29.874069 6.219194
v -2.105396 12.377807 4.428087
v -1.867360 13.252620 5.323641
v -2.105396 13.252620 5.483354
v -2.105396 13.252620 5.163928
v -2.105396 13.096605 5.323641
v -2.105396 12.377807 6.219194
v -2.105396 14.127433 4.428087
v -2.105396 13.408634 5.323641
v -2.105396 14.127433 6.219194
v -2.105396 14.127433 4.428087
v -1.867360 15.002246 5.323641
v -2.105396 15.002246 5.483354
v -2.105396 15.002246 5.163928
v -2.105396 14.846231 5.323641
v -2.105396 14.127433 6.219194
v -2.105396 15.877059 4.428087
v -2.105396 15.158260 5.323641
v -2.105396 15.877059 6.219194
v -2.105396 15.877059 4.428087
v -1.867360 16.751873 5.323641
v -2.105396 16.751873 5.483354
v -2.105396 16.751873 5.163928
v -2.105396 16.595858 5.323641
v -2.105396 15.877059 6.219194
v -2.105396 17.626686 4.428087
v -2.105396 16.907887 5.323641
v -2.105396 17.626686 6.219194
v -2.105396 17.626686 4.428087
v -1.867360 18.501499 5.323641
v -2.105396 18.501499 5.483354
v -2.105396 18.501499 5.163928
v -2.105396 18.345484 5.323641
v -2.105396 17.626686 6.219194
v -2.105396 19.376312 4.428087
v -2.105396 18.657513 5.323641
v -2.105396 19.376312 6.219194
v -2.105396 19.376312 4.428087
v -1.867360 20.251125 5.323641
v -2.105396 20.251125 5.483354
v -2.105396 20.251125 5.163928
v -2.105396 20.095110 5.323641
v -2.105396 19.376312 6.219194
v -2.105396 21.125938 4.428087
v -2.105396 20.407139 5.323641
v -2.105396 21.125938 6.219194
v -2.105396 21.125938 4.428087
v -1.867360 22.000751 5.323641
v -2.105396 22.000751 5.483354
v -2.105396 22.000751 5.163928
v -2.105396 21.844736 5.323641
v -2.105396 21.125938 6.219194
v -2.105396 22.875565 4.428087
v -2.105396 22.156765 5.323641
v -2.105396 22.875565 6.219194
v -2.105396 22.875565 4.428087
v -1.867360 23.750378 5.323641
v -2.105396 23.750378 5.483354
v -2.105396 23.750378 5.163928
v -2.105396 23.594362 5.323641
v -2.105396 22.875565 6.219194
v -2.105396 24.625191 4.428087
v -2.105396 23.906391 5.323641
v -2.105396 24.625191 6.219194
v -2.105396 24.625191 4.428087
v -1.867360 25.500004 5.323641
v -2.105396 25.500004 5.483354
v -2.105396 25.500004 5.163928
v -2.105396 25.343988 5.323641
v -2.105396 24.625191 6.219194
v -2.105396 26.374817 4.428087
v -2.105396 25.656017 5.323641
v -2.105396 26.374817 6.219194
v -2.105396 26.374817 4.428087
v -1.867360 27.249630 5.323641
v -2.105396 27.249630 5.483354
v -2.105396 27.249630 5.163928
v -2.105396 27.093615 5.323641
v -2.105396 26.374817 6.219194
v -2.105396 28.124443 4.428087
v -2.105396 27.405643 5.323641
v -2.105396 28.124443 6.219194
v -2.105396 28.124443 4.428087
v -1.867360 28.999256 5.323641
v -2.105396 28.999256 5.483354
v -2.105396 28.999256 5.163928
v -2.105396 28.843241 5.323641
v -2.105396 28.124443 6.219194
v -2.105396 29.874069 4.428087
v -2.105396 29.155270 5.323641
v -2.105396 29.874069 6.219194
vt 1.353594 0.181042
vt 1.326630 0.141604
vt 1.353248 0.141371
vt 1.379865 0.141139
vt 1.326630 2.708770
vt 1.203995 2.854572
vt 1.203995 2.562968
vt 1.353248 2.734772
vt -0.353594 0.181042
vt -0.353248 0.141371
vt -0.326630 0.141603
vt 1.502501 2.562968
vt 1.502501 2.854572
vt 1.379866 2.708770
vt 1.353248 2.682767
vt -0.379865 0.141138
vt 1.353594 0.181042
vt 1.326630 0.141604
vt 1.353248 0.141371
vt 1.379865 0.141139
vt 1.326630 3.000374
vt 1.203995 3.146176
vt 1.203995 2.854572
vt 1.353248 3.026376
vt -0.353594 0.181042
vt -0.353248 0.141371
vt -0.326630 0.141603
vt 1.502501 2.854572
vt 1.502501 3.146176
vt 1.379866 3.000374
vt 1.353248 2.974371
vt -0.379865 0.141138
vt 1.353594 0.181042
vt 1.326630 0.141604
vt 1.353248 0.141371
vt 1.379865 0.141139
vt 1.326630 3.291978
vt 1.203995 3.437781
vt 1.203995 3.146176
vt 1.353248 3.317981
vt -0.353594 0.181042
vt -0.353248 0.141370
vt -0.326630 0.141603
vt 1.502501 3.146176
vt 1.502501 3.437781
vt 1.379866 3.291978
vt 1.353248 3.265976
vt -0.379865 0.141138
vt 1.353594 0.181042
vt 1.326630 0.141604
vt 1.353248 0.141371
vt 1.379865 0.141139
vt 1.326630 3.583583
vt 1.203995 3.729385
vt 1.203995 3.437781
vt 1.353248 3.609585
vt -0.353594 0.181041
vt -0.353248 0.141370
vt -0.326630 0.141603
vt 1.502501 3.437781
vt 1.502501 3.729385
vt 1.379866 3.583583
vt 1.353248 3.557580
vt -0.379865 0.141138
vt 1.353594 0.181042
vt 1.326630 0.141604
vt 1.353248 0.141371
vt 1.379865 0.141139
vt 1.326630 3.875187
vt 1.203995 4.020989
vt 1.203995 3.729385
vt 1.353248 3.901189
vt -0.353594 0.181041
vt -0.353248 0.141370
vt -0.326630 0.141603
vt 1.502501 3.729385
vt 1.502501 4.020989
vt 1.379866 3.875187
vt 1.353248 3.849185
vt -0.379865 0.141138
vt 1.353594 0.181042
vt 1.326630 0.141604
vt 1.353248 0.141371
vt 1.379865 0.141139
vt 1.326630 4.166791
vt 1.203995 4.312593
vt 1.203995 4.020989
vt 1.353248 4.192794
vt -0.353594 0.181041
vt -0.353248 0.141370
vt -0.326630 0.141602
vt 1.502501 4.020989
vt 1.502501 4.312593
vt 1.379866 4.166791
vt 1.353248 4.140789
vt -0.379865 0.141138
vt 1.353594 0.181042
vt 1.326630 0.141604
vt 1.353248 0.141371
vt 1.379865 0.141139
vt 1.326630 4.458396
vt 1.203995 4.604198
vt 1.203995 4.312593
vt 1.353248 4.484398
vt -0.353594 0.181041
vt -0.353248 0.141370
vt -0.326630 0.141602
vt 1.502501 4.312593
vt 1.502501 4.604198
vt 1.379866 4.458396
vt 1.353248 4.432393
vt -0.379865 0.141138
vt 1.353594 0.181042
vt 1.326630 0.141604
vt 1.353248 0.141371
vt 1.379865 0.141139
vt 1.326630 4.750000
vt 1.203995 4.895802
vt 1.203995 4.604198
vt 1.353248 4.776002
vt -0.353594 0.181041
vt -0.353248 0.141370
vt -0.326630 0.141602
vt 1.502501 4.604198
vt 1.502501 4.895802
vt 1.379866 4.750000
vt 1.353248 4.723998
vt -0.379865 0.141138
vt 1.353594 0.181042
vt 1.326630 0.141604
vt 1.353248 0.141371
vt 1.379865 0.141139
vt 1.326630 5.041605
vt 1.203995 5.187407
vt 1.203995 4.895802
vt 1.353248 5.067606
vt -0.353594 0.181041
vt -0.353248 0.141370
vt -0.326630 0.141602
vt 1.502501 4.895802
vt 1.502501 5.187407
vt 1.379866 5.041605
vt 1.353248 5.015602
vt -0.379865 0.141138
vt 1.353594 0.181042
vt 1.326630 0.141604
vt 1.353248 0.141371
vt 1.379865 0.141139
vt 1.326630 5.333209
vt 1.203995 5.479011
vt 1.203995 5.187407
vt 1.353248 5.359211
vt -0.353594 0.181041
vt -0.353248 0.141370
vt -0.326630 0.141602
vt 1.502501 5.187407
vt 1.502501 5.479011
vt 1.379866 5.333209
vt 1.353248 5.307206
vt -0.379865 0.141138
vt 1.359026 0.803472
vt 1.359372 0.843143
vt 1.332754 0.843375
vt 1.385990 0.842911
vt -0.332754 2.708770
vt -0.210118 2.562968
vt -0.210118 2.854572
vt -0.359371 2.734772
vt -0.359026 0.803471
vt -0.332754 0.843375
vt -0.359372 0.843142
vt -0.508625 2.562968
vt -0.385989 2.708770
vt -0.508625 2.854572
vt -0.359371 2.682767
vt -0.385990 0.842910
vt 1.359026 0.803472
vt 1.359372 0.843143
vt 1.332754 0.843375
vt 1.385990 0.842911
vt -0.332753 3.000374
vt -0.210118 2.854572
vt -0.210118 3.146176
vt -0.359371 3.026376
vt -0.359026 0.803471
vt -0.332754 0.843375
vt -0.359372 0.843142
vt -0.508625 2.854572
vt -0.385989 3.000374
vt -0.508624 3.146176
vt -0.359371 2.974372
vt -0.385990 0.842910
vt 1.359026 0.803472
vt 1.359372 0.843143
vt 1.332754 0.843375
vt 1.385990 0.842911
vt -0.332753 3.291979
vt -0.210118 3.146176
vt -0.210118 3.437781
vt -0.359371 3.317981
vt -0.359026 0.803471
vt -0.332754 0.843374
vt -0.359372 0.843142
vt -0.508624 3.146176
vt -0.385989 3.291979
vt -0.508624 3.437781
vt -0.359371 3.265976
vt -0.385990 0.842910
vt 1.359026 0.803472
vt 1.359372 0.843143
vt 1.332754 0.843375
vt 1.385990 0.842911
vt -0.332753 3.583583
vt -0.210118 3.437781
vt -0.210118 3.729385
vt -0.359371 3.609585
vt -0.359026 0.803471
vt -0.332754 0.843374
vt -0.359372 0.843142
vt -0.508624 3.437781
vt -0.385989 3.583583
vt -0.508624 3.729385
vt -0.359371 3.557580
vt -0.385990 0.842910
vt 1.359026 0.803472
vt 1.359372 0.843143
vt 1.332754 0.843375
vt 1.385990 0.842911
vt -0.332753 3.875187
vt -0.210118 3.729385
vt -0.210118 4.020989
vt -0.359371 3.901190
vt -0.359026 0.803471
vt -0.332754 0.843374
vt -0.359372 0.843142
vt -0.508624 3.729385
vt -0.385989 3.875187
vt -0.508624 4.020989
vt -0.359371 3.849185
vt -0.385990 0.842910
vt 1.359026 0.803472
vt 1.359372 0.843143
vt 1.332754 0.843375
vt 1.385990 0.842911
vt -0.332753 4.166792
vt -0.210118 4.020989
vt -0.210118 4.312593
vt -0.359371 4.192794
vt -0.359026 0.803471
vt -0.332754 0.843374
vt -0.359372 0.843142
vt -0.508624 4.020989
vt -0.385989 4.166792
vt -0.508624 4.312593
vt -0.359371 4.140789
vt -0.385990 0.842910
vt 1.359026 0.803472
vt 1.359372 0.843143
vt 1.332754 0.843375
vt 1.385990 0.842911
vt -0.332753 4.458396
vt -0.210118 4.312593
vt -0.210118 4.604198
vt -0.359371 4.484398
vt -0.359026 0.803471
vt -0.332754 0.843374
vt -0.359372 0.843142
vt -0.508624 4.312593
vt -0.385988 4.458396
vt -0.508624 4.604198
vt -0.359371 4.432393
vt -0.385990 0.842910
vt 1.359026 0.803472
vt 1.359372 0.843143
vt 1.332754 0.843375
vt 1.385990 0.842911
vt -0.332753 4.750000
vt -0.210118 4.604198
vt -0.210117 4.895802
vt -0.359371 4.776003
vt -0.359026 0.803471
vt -0.332754 0.843374
vt -0.359372 0.843142
vt -0.508624 4.604198
vt -0.385988 4.750000
vt -0.508624 4.895802
vt -0.359371 4.723998
vt -0.385990 0.842910
vt 1.359026 0.803472
vt 1.359372 0.843143
vt 1.332754 0.843375
vt 1.385990 0.842911
vt -0.332753 5.041605
vt -0.210117 4.895802
vt -0.210117 5.187407
vt -0.359371 5.067607
vt -0.359026 0.803471
vt -0.332754 0.843374
vt -0.359372 0.843142
vt -0.508624 4.895802
vt -0.385988 5.041605
vt -0.508624 5.187407
vt -0.359371 5.015602
vt -0.385990 0.842909
vt 1.359026 0.803472
vt 1.359372 0.843143
vt 1.332754 0.843375
vt 1.385990 0.842911
vt -0.332753 5.333209
vt -0.210117 5.187407
vt -0.210117 5.479011
vt -0.359370 5.359211
vt -0.359026 0.803470
vt -0.332754 0.843374
vt -0.359372 0.843142
vt -0.508624 5.187407
vt -0.385988 5.333209
vt -0.508624 5.479011
vt -0.359370 5.307207
vt -0.385990 0.842909
vt -0.420885 0.196528
vt -0.421231 0.156857
vt -0.394613 0.156625
vt -0.447849 0.157089
vt -0.394613 2.708770
vt -0.271978 2.562968
vt -0.271978 2.854572
vt -0.421231 2.734772
vt 1.420885 0.196527
vt 1.394613 0.156624
vt 1.421231 0.156856
vt -0.570484 2.562968
vt -0.447849 2.708770
vt -0.570484 2.854572
vt -0.421231 2.682767
vt 1.447849 0.157088
vt -0.420885 0.196528
vt -0.421231 0.156857
vt -0.394613 0.156625
vt -0.447849 0.157089
vt -0.394613 3.000374
vt -0.271978 2.854572
vt -0.271978 3.146176
vt -0.421231 3.026376
vt 1.420885 0.196527
vt 1.394613 0.156624
vt 1.421231 0.156856
vt -0.570484 2.854572
vt -0.447849 3.000374
vt -0.570484 3.146176
vt -0.421231 2.974371
vt 1.447849 0.157088
vt -0.420885 0.196528
vt -0.421231 0.156857
vt -0.394613 0.156625
vt -0.447849 0.157089
vt -0.394613 3.291978
vt -0.271978 3.146176
vt -0.271978 3.437781
vt -0.421231 3.317981
vt 1.420885 0.196527
vt 1.394613 0.156624
vt 1.421231 0.156856
vt -0.570484 3.146176
vt -0.447849 3.291978
vt -0.570484 3.437781
vt -0.421231 3.265976
vt 1.447849 0.157088
vt -0.420885 0.196528
vt -0.421231 0.156857
vt -0.394613 0.156625
vt -0.447849 0.157089
vt -0.394613 3.583583
vt -0.271978 3.437781
vt -0.271978 3.729385
vt -0.421231 3.609585
vt 1.420885 0.196527
vt 1.394613 0.156624
vt 1.421231 0.156856
vt -0.570484 3.437781
vt -0.447849 3.583583
vt -0.570484 3.729385
vt -0.421231 3.557580
vt 1.447849 0.157088
vt -0.420885 0.196528
vt -0.421231 0.156857
vt -0.394613 0.156625
vt -0.447849 0.157089
vt -0.394613 3.875187
vt -0.271978 3.729385
vt -0.271978 4.020989
vt -0.421231 3.901189
vt 1.420885 0.196527
vt 1.394613 0.156623
vt 1.421231 0.156856
vt -0.570484 3.729385
vt -0.447849 3.875187
vt -0.570484 4.020989
vt -0.421231 3.849185
vt 1.447849 0.157088
vt -0.420885 0.196528
vt -0.421231 0.156857
vt -0.394613 0.156625
vt -0.447849 0.157089
vt -0.394613 4.166791
vt -0.271978 4.020989
vt -0.271978 4.312593
vt -0.421231 4.192794
vt 1.420885 0.196527
vt 1.394613 0.156623
vt 1.421231 0.156856
vt -0.570484 4.020989
vt -0.447849 4.166791
vt -0.570484 4.312593
vt -0.421231 4.140789
vt 1.447849 0.157088
vt -0.420885 0.196528
vt -0.421231 0.156857
vt -0.394613 0.156625
vt -0.447849 0.157089
vt -0.394613 4.458396
vt -0.271978 4.312593
vt -0.271978 4.604198
vt -0.421231 4.484398
vt 1.420885 0.196527
vt 1.394613 0.156623
vt 1.421231 0.156856
vt -0.570484 4.312593
vt -0.447849 4.458396
vt -0.570484 4.604198
vt -0.421231 4.432393
vt 1.447849 0.157088
vt -0.420885 0.196528
vt -0.421231 0.156857
vt -0.394613 0.156625
vt -0.447849 0.157089
vt -0.394613 4.750000
vt -0.271978 4.604198
vt -0.271978 4.895802
vt -0.421231 4.776002
vt 1.420885 0.196527
vt 1.394613 0.156623
vt 1.421231 0.156855
vt -0.570484 4.604198
vt -0.447849 4.750000
vt -0.570484 4.895802
vt -0.421231 4.723998
vt 1.447849 0.157088
vt -0.420885 0.196528
vt -0.421231 0.156857
vt -0.394613 0.156625
vt -0.447849 0.157089
vt -0.394613 5.041605
vt -0.271978 4.895802
vt -0.271978 5.187407
vt -0.421231 5.067606
vt 1.420885 0.196526
vt 1.394613 0.156623
vt 1.421231 0.156855
vt -0.570484 4.895802
vt -0.447849 5.041605
vt -0.570484 5.187407
vt -0.421231 5.015602
vt 1.447849 0.157088
vt -0.420885 0.196528
vt -0.421231 0.156857
vt -0.394613 0.156625
vt -0.447849 0.157089
vt -0.394613 5.333209
vt -0.271978 5.187407
vt -0.271978 5.479011
vt -0.421231 5.359211
vt 1.420885 0.196526
vt 1.394613 0.156623
vt 1.421231 0.156855
vt -0.570484 5.187407
vt -0.447849 5.333209
vt -0.570484 5.479011
vt -0.421231 5.307206
vt 1.447849 0.157088
vt -0.415453 0.818958
vt -0.388489 0.858396
vt -0.415107 0.858629
vt -0.441725 0.858861
vt 1.388490 2.708769
vt 1.265854 2.854572
vt 1.265854 2.562967
vt 1.415108 2.734772
vt 1.415453 0.818957
vt 1.415107 0.858628
vt 1.388489 0.858396
vt 1.564361 2.562967
vt 1.564361 2.854572
vt 1.441725 2.708769
vt 1.415108 2.682767
vt 1.441725 0.858860
vt -0.415453 0.818958
vt -0.388489 0.858396
vt -0.415107 0.858629
vt -0.441725 0.858861
vt 1.388490 3.000374
vt 1.265855 3.146176
vt 1.265854 2.854572
vt 1.415108 3.026376
vt 1.415453 0.818957
vt 1.415107 0.858628
vt 1.388489 0.858396
vt 1.564361 2.854572
vt 1.564361 3.146176
vt 1.441725 3.000374
vt 1.415108 2.974371
vt 1.441725 0.858860
vt -0.415453 0.818958
vt -0.388489 0.858396
vt -0.415107 0.858629
vt -0.441725 0.858861
vt 1.388490 3.291978
vt 1.265855 3.437780
vt 1.265855 3.146176
vt 1.415108 3.317981
vt 1.415453 0.818957
vt 1.415107 0.858628
vt 1.388489 0.858395
vt 1.564361 3.146176
vt 1.564361 3.437780
vt 1.441725 3.291978
vt 1.415108 3.265976
vt 1.441725 0.858860
vt -0.415453 0.818958
vt -0.388489 0.858396
vt -0.415107 0.858629
vt -0.441725 0.858861
vt 1.388490 3.583582
vt 1.265855 3.729385
vt 1.265855 3.437780
vt 1.415108 3.609585
vt 1.415453 0.818956
vt 1.415107 0.858628
vt 1.388489 0.858395
vt 1.564361 3.437780
vt 1.564361 3.729385
vt 1.441726 3.583582
vt 1.415108 3.557580
vt 1.441725 0.858860
vt -0.415453 0.818958
vt -0.388489 0.858396
vt -0.415107 0.858629
vt -0.441725 0.858861
vt 1.388490 3.875187
vt 1.265855 4.020989
vt 1.265855 3.729385
vt 1.415108 3.901189
vt 1.415453 0.818956
vt 1.415107 0.858628
vt 1.388489 0.858395
vt 1.564361 3.729385
vt 1.564361 4.020989
vt 1.441726 3.875187
vt 1.415108 3.849184
vt 1.441725 0.858860
vt -0.415453 0.818958
vt -0.388489 0.858396
vt -0.415107 0.858629
vt -0.441725 0.858861
vt 1.388490 4.166791
vt 1.265855 4.312593
vt 1.265855 4.020989
vt 1.415108 4.192793
vt 1.415453 0.818956
vt 1.415107 0.858627
vt 1.388489 0.858395
vt 1.564361 4.020989
vt 1.564361 4.312593
vt 1.441726 4.166791
vt 1.415108 4.140789
vt 1.441725 0.858860
vt -0.415453 0.818958
vt -0.388489 0.858396
vt -0.415107 0.858629
vt -0.441725 0.858861
vt 1.388490 4.458395
vt 1.265855 4.604198
vt 1.265855 4.312593
vt 1.415108 4.484398
vt 1.415453 0.818956
vt 1.415107 0.858627
vt 1.388489 0.858395
vt 1.564361 4.312593
vt 1.564361 4.604198
vt 1.441726 4.458395
vt 1.415108 4.432393
vt 1.441725 0.858860
vt -0.415453 0.818958
vt -0.388489 0.858396
vt -0.415107 0.858629
vt -0.441725 0.858861
vt 1.388490 4.750000
vt 1.265855 4.895802
vt 1.265855 4.604198
vt 1.415108 4.776002
vt 1.415453 0.818956
vt 1.415107 0.858627
vt 1.388489 0.858395
vt 1.564361 4.604198
vt 1.564362 4.895802
vt 1.441726 4.750000
vt 1.415108 4.723997
vt 1.441725 0.858860
vt -0.415453 0.818958
vt -0.388489 0.858396
vt -0.415107 0.858629
vt -0.441725 0.858861
vt 1.388491 5.041604
vt 1.265855 5.187406
vt 1.265855 4.895802
vt 1.415108 5.067606
vt 1.415453 0.818956
vt 1.415107 0.858627
vt 1.388489 0.858395
vt 1.564362 4.895802
vt 1.564362 5.187406
vt 1.441726 5.041604
vt 1.415108 5.015601
vt 1.441725 0.858859
vt -0.415453 0.818958
vt -0.388489 0.858396
vt -0.415107 0.858629
vt -0.441725 0.858861
vt 1.388491 5.333208
vt 1.265855 5.479010
vt 1.265855 5.187406
vt 1.415108 5.359210
vt 1.415453 0.818956
vt 1.415107 0.858627
vt 1.388489 0.858395
vt 1.564362 5.187406
vt 1.564362 5.479010
vt 1.441726 5.333208
vt 1.415108 5.307206
vt 1.441725 0.858859
vn 0.4245 0.6477 -0.6327
vn 0.4245 0.6477 0.6327
vn 1.0000 0.0000 0.0000
vn 0.4245 -0.6477 -0.6327
vn 0.4245 -0.6477 0.6327
vn -0.4245 0.6477 -0.6327
vn -0.4245 0.6477 0.6327
vn -1.0000 0.0000 0.0000
vn -0.4245 -0.6477 -0.6327
vn -0.4245 -0.6477 0.6327
usemtl sandstone
s 1
f 1928/3421/959 1930/3422/959 1931/3423/959
f 1928/3421/960 1931/3423/960 1929/3424/960
f 1930/3425/961 1933/3426/961 1927/3427/961
f 1933/3426/961 1930/3425/961 1934/3428/961
f 1928/3429/962 1934/3430/962 1930/3431/962
f 1932/3432/961 1935/3433/961 1929/3434/961
f 1933/3426/961 1934/3428/961 1935/3433/961
f 1932/3432/961 1929/3434/961 1931/3435/961
f 1931/3435/961 1930/3425/961 1927/3427/961
f 1931/3435/961 1927/3427/961 1932/3432/961
f 1935/3433/961 1934/3428/961 1929/3434/961
f 1928/3429/963 1929/3436/963 1934/3430/963
f 1937/3437/959 1939/3438/959 1940/3439/959
f 1937/3437/960 1940/3439/960 1938/3440/960
f 1939/3441/961 1942/3442/961 1936/3443/961
f 1942/3442/961 1939/3441/961 1943/3444/961
f 1937/3445/962 1943/3446/962 1939/3447/962
f 1941/3448/961 1944/3449/961 1938/3450/961
f 1942/3442/961 1943/3444/961 1944/3449/961
f 1941/3448/961 1938/3450/961 1940/3451/961
f 1940/3451/961 1939/3441/961 1936/3443/961
f 1940/3451/961 1936/3443/961 1941/3448/961
f 1944/3449/961 1943/3444/961 1938/3450/961
f 1937/3445/963 1938/3452/963 1943/3446/963
f 1946/3453/959 1948/3454/959 1949/3455/959
f 1946/3453/960 1949/3455/960 1947/3456/960
f 1948/3457/961 1951/3458/961 1945/3459/961
f 1951/3458/961 1948/3457/961 1952/3460/961
f 1946/3461/962 1952/3462/962 1948/3463/962
f 1950/3464/961 1953/3465/961 1947/3466/961
f 1951/3458/961 1952/3460/961 1953/3465/961
f 1950/3464/961 1947/3466/961 1949/3467/961
f 1949/3467/961 1948/3457/961 1945/3459/961
f 1949/3467/961 1945/3459/961 1950/3464/961
f 1953/3465/961 1952/3460/961 1947/3466/961
f 1946/3461/963 1947/3468/963 1952/3462/963
f 1955/3469/959 1957/3470/959 1958/3471/959
f 1955/3469/960 1958/3471/960 1956/3472/960
f 1957/3473/961 1960/3474/961 1954/3475/961
f 1960/3474/961 1957/3473/961 1961/3476/961
f 1955/3477/962 1961/3478/962 1957/3479/962
f 1959/3480/961 1962/3481/961 1956/3482/961
f 1960/3474/961 1961/3476/961 1962/3481/961
f 1959/3480/961 1956/3482/961 1958/3483/961
f 1958/3483/961 1957/3473/961 1954/3475/961
f 1958/3483/961 1954/3475/961 1959/3480/961
f 1962/3481/961 1961/3476/961 1956/3482/961
f 1955/3477/963 1956/3484/963 1961/3478/963
f 1964/3485/959 1966/3486/959 1967/3487/959
f 1964/3485/960 1967/3487/960 1965/3488/960
f 1966/3489/961 1969/3490/961 1963/3491/961
f 1969/3490/961 1966/3489/961 1970/3492/961
f 1964/3493/962 1970/3494/962 1966/3495/962
f 1968/3496/961 1971/3497/961 1965/3498/961
f 1969/3490/961 1970/3492/961 1971/3497/961
f 1968/3496/961 1965/3498/961 1967/3499/961
f 1967/3499/961 1966/3489/961 1963/3491/961
f 1967/3499/961 1963/3491/961 1968/3496/961
f 1971/3497/961 1970/3492/961 1965/3498/961
f 1964/3493/963 1965/3500/963 1970/3494/963
f 1973/3501/959 1975/3502/959 1976/3503/959
f 1973/3501/960 1976/3503/960 1974/3504/960
f 1975/3505/961 1978/3506/961 1972/3507/961
f 1978/3506/961 1975/3505/961 1979/3508/961
f 1973/3509/962 1979/3510/962 1975/3511/962
f 1977/3512/961 1980/3513/961 1974/3514/961
f 1978/3506/961 1979/3508/961 1980/3513/961
f 1977/3512/961 1974/3514/961 1976/3515/961
f 1976/3515/961 1975/3505/961 1972/3507/961
f 1976/3515/961 1972/3507/961 1977/3512/961
f 1980/3513/961 1979/3508/961 1974/3514/961
f 1973/3509/963 1974/3516/963 1979/3510/963
f 1982/3517/959 1984/3518/959 1985/3519/959
f 1982/3517/960 1985/3519/960 1983/3520/960
f 1984/3521/961 1987/3522/961 1981/3523/961
f 1987/3522/961 1984/3521/961 1988/3524/961
f 1982/3525/962 1988/3526/962 1984/3527/962
f 1986/3528/961 1989/3529/961 1983/3530/961
f 1987/3522/961 1988/3524/961 1989/3529/961
f 1986/3528/961 1983/3530/961 1985/3531/961
f 1985/3531/961 1984/3521/961 1981/3523/961
f 1985/3531/961 1981/3523/961 1986/3528/961
f 1989/3529/961 1988/3524/961 1983/3530/961
f 1982/3525/963 1983/3532/963 1988/3526/963
f 1991/3533/959 1993/3534/959 1994/3535/959
f 1991/3533/960 1994/3535/960 1992/3536/960
f 1993/3537/961 1996/3538/961 1990/3539/961
f 1996/3538/961 1993/3537/961 1997/3540/961
f 1991/3541/962 1997/3542/962 1993/3543/962
f 1995/3544/961 1998/3545/961 1992/3546/961
f 1996/3538/961 1997/3540/961 1998/3545/961
f 1995/3544/961 1992/3546/961 1994/3547/961
f 1994/3547/961 1993/3537/961 1990/3539/961
f 1994/3547/961 1990/3539/961 1995/3544/961
f 1998/3545/961 1997/3540/961 1992/3546/961
f 1991/3541/963 1992/3548/963 1997/3542/963
f 2000/3549/959 2002/3550/959 2003/3551/959
f 2000/3549/960 2003/3551/960 2001/3552/960
f 2002/3553/961 2005/3554/961 1999/3555/961
f 2005/3554/961 2002/3553/961 2006/3556/961
f 2000/3557/962 2006/3558/962 2002/3559/962
f 2004/3560/961 2007/3561/961 2001/3562/961
f 2005/3554/961 2006/3556/961 2007/3561/961
f 2004/3560/961 2001/3562/961 2003/3563/961
f 2003/3563/961 2002/3553/961 1999/3555/961
f 2003/3563/961 1999/3555/961 2004/3560/961
f 2007/3561/961 2006/3556/961 2001/3562/961
f 2000/3557/963 2001/3564/963 2006/3558/963
f 2009/3565/959 2011/3566/959 2012/3567/959
f 2009/3565/960 2012/3567/960 2010/3568/960
f 2011/3569/961 2014/3570/961 2008/3571/961
f 2014/3570/961 2011/3569/961 2015/3572/961
f 2009/3573/962 2015/3574/962 2011/3575/962
f 2013/3576/961 2016/3577/961 2010/3578/961
f 2014/3570/961 2015/3572/961 2016/3577/961
f 2013/3576/961 2010/3578/961 2012/3579/961
f 2012/3579/961 2011/3569/961 2008/3571/961
f 2012/3579/961 2008/3571/961 2013/3576/961
f 2016/3577/961 2015/3572/961 2010/3578/961
f 2009/3573/963 2010/3580/963 2015/3574/963
f 2018/3581/964 2021/3582/964 2020/3583/964
f 2018/3581/965 2019/3584/965 2021/3582/965
f 2020/3585/966 2017/3586/966 2023/3587/966
f 2023/3587/966 2024/3588/966 2020/3585/966
f 2018/3589/967 2020/3590/967 2024/3591/967
f 2022/3592/966 2019/3593/966 2025/3594/966
f 2023/3587/966 2025/3594/966 2024/3588/966
f 2022/3592/966 2021/3595/966 2019/3593/966
f 2021/3595/966 2017/3586/966 2020/3585/966
f 2021/3595/966 2022/3592/966 2017/3586/966
f 2025/3594/966 2019/3593/966 2024/3588/966
f 2018/3589/968 2024/3591/968 2019/3596/968
f 2027/3597/964 2030/3598/964 2029/3599/964
f 2027/3597/965 2028/3600/965 2030/3598/965
f 2029/3601/966 2026/3602/966 2032/3603/966
f 2032/3603/966 2033/3604/966 2029/3601/966
f 2027/3605/967 2029/3606/967 2033/3607/967
f 2031/3608/966 2028/3609/966 2034/3610/966
f 2032/3603/966 2034/3610/966 2033/3604/966
f 2031/3608/966 2030/3611/966 2028/3609/966
f 2030/3611/966 2026/3602/966 2029/3601/966
f 2030/3611/966 2031/3608/966 2026/3602/966
f 2034/3610/966 2028/3609/966 2033/3604/966
f 2027/3605/968 2033/3607/968 2028/3612/968
f 2036/3613/964 2039/3614/964 2038/3615/964
f 2036/3613/965 2037/3616/965 2039/3614/965
f 2038/3617/966 2035/3618/966 2041/3619/966
f 2041/3619/966 2042/3620/966 2038/3617/966
f 2036/3621/967 2038/3622/967 2042/3623/967
f 2040/3624/966 2037/3625/966 2043/3626/966
f 2041/3619/966 2043/3626/966 2042/3620/966
f 2040/3624/966 2039/3627/966 2037/3625/966
f 2039/3627/966 2035/3618/966 2038/3617/966
f 2039/3627/966 2040/3624/966 2035/3618/966
f 2043/3626/966 2037/3625/966 2042/3620/966
f 2036/3621/968 2042/3623/968 2037/3628/968
f 2045/3629/964 2048/3630/964 2047/3631/964
f 2045/3629/965 2046/3632/965 2048/3630/965
f 2047/3633/966 2044/3634/966 2050/3635/966
f 2050/3635/966 2051/3636/966 2047/3633/966
f 2045/3637/967 2047/3638/967 2051/3639/967
f 2049/3640/966 2046/3641/966 2052/3642/966
f 2050/3635/966 2052/3642/966 2051/3636/966
f 2049/3640/966 2048/3643/966 2046/3641/966
f 2048/3643/966 2044/3634/966 2047/3633/966
f 2048/3643/966 2049/3640/966 2044/3634/966
f 2052/3642/966 2046/3641/966 2051/3636/966
f 2045/3637/968 2051/3639/968 2046/3644/968
f 2054/3645/964 2057/3646/964 2056/3647/964
f 2054/3645/965 2055/3648/965 2057/3646/965
f 2056/3649/966 2053/3650/966 2059/3651/966
f 2059/3651/966 2060/3652/966 2056/3649/966
f 2054/3653/967 2056/3654/967 2060/3655/967
f 2058/3656/966 2055/3657/966 2061/3658/966
f 2059/3651/966 2061/3658/966 2060/3652/966
f 2058/3656/966 2057/3659/966 2055/3657/966
f 2057/3659/966 2053/3650/966 2056/3649/966
f 2057/3659/966 2058/3656/966 2053/3650/966
f 2061/3658/966 2055/3657/966 2060/3652/966
f 2054/3653/968 2060/3655/968 2055/3660/968
f 2063/3661/964 2066/3662/964 2065/3663/964
f 2063/3661/965 2064/3664/965 2066/3662/965
f 2065/3665/966 2062/3666/966 2068/3667/966
f 2068/3667/966 2069/3668/966 2065/3665/966
f 2063/3669/967 2065/3670/967 2069/3671/967
f 2067/3672/966 2064/3673/966 2070/3674/966
f 2068/3667/966 2070/3674/966 2069/3668/966
f 2067/3672/966 2066/3675/966 2064/3673/966
f 2066/3675/966 2062/3666/966 2065/3665/966
f 2066/3675/966 2067/3672/966 2062/3666/966
f 2070/3674/966 2064/3673/966 2069/3668/966
f 2063/3669/968 2069/3671/968 2064/3676/968
f 2072/3677/964 2075/3678/964 2074/3679/964
f 2072/3677/965 2073/3680/965 2075/3678/965
f 2074/3681/966 2071/3682/966 2077/3683/966
f 2077/3683/966 2078/3684/966 2074/3681/966
f 2072/3685/967 2074/3686/967 2078/3687/967
f 2076/3688/966 2073/3689/966 2079/3690/966
f 2077/3683/966 2079/3690/966 2078/3684/966
f 2076/3688/966 2075/3691/966 2073/3689/966
f 2075/3691/966 2071/3682/966 2074/3681/966
f 2075/3691/966 2076/3688/966 2071/3682/966
f 2079/3690/966 2073/3689/966 2078/3684/966
f 2072/3685/968 2078/3687/968 2073/3692/968
f 2081/3693/964 2084/3694/964 2083/3695/964
f 2081/3693/965 2082/3696/965 2084/3694/965
f 2083/3697/966 2080/3698/966 2086/3699/966
f 2086/3699/966 2087/3700/966 2083/3697/966
f 2081/3701/967 2083/3702/967 2087/3703/967
f 2085/3704/966 2082/3705/966 2088/3706/966
f 2086/3699/966 2088/3706/966 2087/3700/966
f 2085/3704/966 2084/3707/966 2082/3705/966
f 2084/3707/966 2080/3698/966 2083/3697/966
f 2084/3707/966 2085/3704/966 2080/3698/966
f 2088/3706/966 2082/3705/966 2087/3700/966
f 2081/3701/968 2087/3703/968 2082/3708/968
f 2090/3709/964 2093/3710/964 2092/3711/964
f 2090/3709/965 2091/3712/965 2093/3710/965
f 2092/3713/966 2089/3714/966 2095/3715/966
f 2095/3715/966 2096/3716/966 2092/3713/966
f 2090/3717/967 2092/3718/967 2096/3719/967
f 2094/3720/966 2091/3721/966 2097/3722/966
f 2095/3715/966 2097/3722/966 2096/3716/966
f 2094/3720/966 2093/3723/966 2091/3721/966
f 2093/3723/966 2089/3714/966 2092/3713/966
f 2093/3723/966 2094/3720/966 2089/3714/966
f 2097/3722/966 2091/3721/966 2096/3716/966
f 2090/3717/968 2096/3719/968 2091/3724/968
f 2099/3725/964 2102/3726/964 2101/3727/964
f 2099/3725/965 2100/3728/965 2102/3726/965
f 2101/3729/966 2098/3730/966 2104/3731/966
f 2104/3731/966 2105/3732/966 2101/3729/966
f 2099/3733/967 2101/3734/967 2105/3735/967
f 2103/3736/966 2100/3737/966 2106/3738/966
f 2104/3731/966 2106/3738/966 2105/3732/966
f 2103/3736/966 2102/3739/966 2100/3737/966
f 2102/3739/966 2098/3730/966 2101/3729/966
f 2102/3739/966 2103/3736/966 2098/3730/966
f 2106/3738/966 2100/3737/966 2105/3732/966
f 2099/3733/968 2105/3735/968 2100/3740/968
f 2108/3741/960 2111/3742/960 2110/3743/960
f 2108/3741/959 2109/3744/959 2111/3742/959
f 2110/3745/961 2107/3746/961 2113/3747/961
f 2113/3747/961 2114/3748/961 2110/3745/961
f 2108/3749/963 2110/3750/963 2114/3751/963
f 2112/3752/961 2109/3753/961 2115/3754/961
f 2113/3747/961 2115/3754/961 2114/3748/961
f 2112/3752/961 2111/3755/961 2109/3753/961
f 2111/3755/961 2107/3746/961 2110/3745/961
f 2111/3755/961 2112/3752/961 2107/3746/961
f 2115/3754/961 2109/3753/961 2114/3748/961
f 2108/3749/962 2114/3751/962 2109/3756/962
f 2117/3757/960 2120/3758/960 2119/3759/960
f 2117/3757/959 2118/3760/959 2120/3758/959
f 2119/3761/961 2116/3762/961 2122/3763/961
f 2122/3763/961 2123/3764/961 2119/3761/961
f 2117/3765/963 2119/3766/963 2123/3767/963
f 2121/3768/961 2118/3769/961 2124/3770/961
f 2122/3763/961 2124/3770/961 2123/3764/961
f 2121/3768/961 2120/3771/961 2118/3769/961
f 2120/3771/961 2116/3762/961 2119/3761/961
f 2120/3771/961 2121/3768/961 2116/3762/961
f 2124/3770/961 2118/3769/961 2123/3764/961
f 2117/3765/962 2123/3767/962 2118/3772/962
f 2126/3773/960 2129/3774/960 2128/3775/960
f 2126/3773/959 2127/3776/959 2129/3774/959
f 2128/3777/961 2125/3778/961 2131/3779/961
f 2131/3779/961 2132/3780/961 2128/3777/961
f 2126/3781/963 2128/3782/963 2132/3783/963
f 2130/3784/961 2127/3785/961 2133/3786/961
f 2131/3779/961 2133/3786/961 2132/3780/961
f 2130/3784/961 2129/3787/961 2127/3785/961
f 2129/3787/961 2125/3778/961 2128/3777/961
f 2129/3787/961 2130/3784/961 2125/3778/961
f 2133/3786/961 2127/3785/961 2132/3780/961
f 2126/3781/962 2132/3783/962 2127/3788/962
f 2135/3789/960 2138/3790/960 2137/3791/960
f 2135/3789/959 2136/3792/959 2138/3790/959
f 2137/3793/961 2134/3794/961 2140/3795/961
f 2140/3795/961 2141/3796/961 2137/3793/961
f 2135/3797/963 2137/3798/963 2141/3799/963
f 2139/3800/961 2136/3801/961 2142/3802/961
f 2140/3795/961 2142/3802/961 2141/3796/961
f 2139/3800/961 2138/3803/961 2136/3801/961
f 2138/3803/961 2134/3794/961 2137/3793/961
f 2138/3803/961 2139/3800/961 2134/3794/961
f 2142/3802/961 2136/3801/961 2141/3796/961
f 2135/3797/962 2141/3799/962 2136/3804/962
f 2144/3805/960 2147/3806/960 2146/3807/960
f 2144/3805/959 2145/3808/959 2147/3806/959
f 2146/3809/961 2143/3810/961 2149/3811/961
f 2149/3811/961 2150/3812/961 2146/3809/961
f 2144/3813/963 2146/3814/963 2150/3815/963
f 2148/3816/961 2145/3817/961 2151/3818/961
f 2149/3811/961 2151/3818/961 2150/3812/961
f 2148/3816/961 2147/3819/961 2145/3817/961
f 2147/3819/961 2143/3810/961 2146/3809/961
f 2147/3819/961 2148/3816/961 2143/3810/961
f 2151/3818/961 2145/3817/961 2150/3812/961
f 2144/3813/962 2150/3815/962 2145/3820/962
f 2153/3821/960 2156/3822/960 2155/3823/960
f 2153/3821/959 2154/3824/959 2156/3822/959
f 2155/3825/961 2152/3826/961 2158/3827/961
f 2158/3827/961 2159/3828/961 2155/3825/961
f 2153/3829/963 2155/3830/963 2159/3831/963
f 2157/3832/961 2154/3833/961 2160/3834/961
f 2158/3827/961 2160/3834/961 2159/3828/961
f 2157/3832/961 2156/3835/961 2154/3833/961
f 2156/3835/961 2152/3826/961 2155/3825/961
f 2156/3835/961 2157/3832/961 2152/3826/961
f 2160/3834/961 2154/3833/961 2159/3828/961
f 2153/3829/962 2159/3831/962 2154/3836/962
f 2162/3837/960 2165/3838/960 2164/3839/960
f 2162/3837/959 2163/3840/959 2165/3838/959
f 2164/3841/961 2161/3842/961 2167/3843/961
f 2167/3843/961 2168/3844/961 2164/3841/961
f 2162/3845/963 2164/3846/963 2168/3847/963
f 2166/3848/961 2163/3849/961 2169/3850/961
f 2167/3843/961 2169/3850/961 2168/3844/961
f 2166/3848/961 2165/3851/961 2163/3849/961
f 2165/3851/961 2161/3842/961 2164/3841/961
f 2165/3851/961 2166/3848/961 2161/3842/961
f 2169/3850/961 2163/3849/961 2168/3844/961
f 2162/3845/962 2168/3847/962 2163/3852/962
f 2171/3853/960 2174/3854/960 2173/3855/960
f 2171/3853/959 2172/3856/959 2174/3854/959
f 2173/3857/961 2170/3858/961 2176/3859/961
f 2176/3859/961 2177/3860/961 2173/3857/961
f 2171/3861/963 2173/3862/963 2177/3863/963
f 2175/3864/961 2172/3865/961 2178/3866/961
f 2176/3859/961 2178/3866/961 2177/3860/961
f 2175/3864/961 2174/3867/961 2172/3865/961
f 2174/3867/961 2170/3858/961 2173/3857/961
f 2174/3867/961 2175/3864/961 2170/3858/961
f 2178/3866/961 2172/3865/961 2177/3860/961
f 2171/3861/962 2177/3863/962 2172/3868/962
f 2180/3869/960 2183/3870/960 2182/3871/960
f 2180/3869/959 2181/3872/959 2183/3870/959
f 2182/3873/961 2179/3874/961 2185/3875/961
f 2185/3875/961 2186/3876/961 2182/3873/961
f 2180/3877/963 2182/3878/963 2186/3879/963
f 2184/3880/961 2181/3881/961 2187/3882/961
f 2185/3875/961 2187/3882/961 2186/3876/961
f 2184/3880/961 2183/3883/961 2181/3881/961
f 2183/3883/961 2179/3874/961 2182/3873/961
f 2183/3883/961 2184/3880/961 2179/3874/961
f 2187/3882/961 2181/3881/961 2186/3876/961
f 2180/3877/962 2186/3879/962 2181/3884/962
f 2189/3885/960 2192/3886/960 2191/3887/960
f 2189/3885/959 2190/3888/959 2192/3886/959
f 2191/3889/961 2188/3890/961 2194/3891/961
f 2194/3891/961 2195/3892/961 2191/3889/961
f 2189/3893/963 2191/3894/963 2195/3895/963
f 2193/3896/961 2190/3897/961 2196/3898/961
f 2194/3891/961 2196/3898/961 2195/3892/961
f 2193/3896/961 2192/3899/961 2190/3897/961
f 2192/3899/961 2188/3890/961 2191/3889/961
f 2192/3899/961 2193/3896/961 2188/3890/961
f 2196/3898/961 2190/3897/961 2195/3892/961
f 2189/3893/962 2195/3895/962 2190/3900/962
f 2198/3901/965 2200/3902/965 2201/3903/965
f 2198/3901/964 2201/3903/964 2199/3904/964
f 2200/3905/966 2203/3906/966 2197/3907/966
f 2203/3906/966 2200/3905/966 2204/3908/966
f 2198/3909/968 2204/3910/968 2200/3911/968
f 2202/3912/966 2205/3913/966 2199/3914/966
f 2203/3906/966 2204/3908/966 2205/3913/966
f 2202/3912/966 2199/3914/966 2201/3915/966
f 2201/3915/966 2200/3905/966 2197/3907/966
f 2201/3915/966 2197/3907/966 2202/3912/966
f 2205/3913/966 2204/3908/966 2199/3914/966
f 2198/3909/967 2199/3916/967 2204/3910/967
f 2207/3917/965 2209/3918/965 2210/3919/965
f 2207/3917/964 2210/3919/964 2208/3920/964
f 2209/3921/966 2212/3922/966 2206/3923/966
f 2212/3922/966 2209/3921/966 2213/3924/966
f 2207/3925/968 2213/3926/968 2209/3927/968
f 2211/3928/966 2214/3929/966 2208/3930/966
f 2212/3922/966 2213/3924/966 2214/3929/966
f 2211/3928/966 2208/3930/966 2210/3931/966
f 2210/3931/966 2209/3921/966 2206/3923/966
f 2210/3931/966 2206/3923/966 2211/3928/966
f 2214/3929/966 2213/3924/966 2208/3930/966
f 2207/3925/967 2208/3932/967 2213/3926/967
f 2216/3933/965 2218/3934/965 2219/3935/965
f 2216/3933/964 2219/3935/964 2217/3936/964
f 2218/3937/966 2221/3938/966 2215/3939/966
f 2221/3938/966 2218/3937/966 2222/3940/966
f 2216/3941/968 2222/3942/968 2218/3943/968
f 2220/3944/966 2223/3945/966 2217/3946/966
f 2221/3938/966 2222/3940/966 2223/3945/966
f 2220/3944/966 2217/3946/966 2219/3947/966
f 2219/3947/966 2218/3937/966 2215/3939/966
f 2219/3947/966 2215/3939/966 2220/3944/966
f 2223/3945/966 2222/3940/966 2217/3946/966
f 2216/3941/967 2217/3948/967 2222/3942/967
f 2225/3949/965 2227/3950/965 2228/3951/965
f 2225/3949/964 2228/3951/964 2226/3952/964
f 2227/3953/966 2230/3954/966 2224/3955/966
f 2230/3954/966 2227/3953/966 2231/3956/966
f 2225/3957/968 2231/3958/968 2227/3959/968
f 2229/3960/966 2232/3961/966 2226/3962/966
f 2230/3954/966 2231/3956/966 2232/3961/966
f 2229/3960/966 2226/3962/966 2228/3963/966
f 2228/3963/966 2227/3953/966 2224/3955/966
f 2228/3963/966 2224/3955/966 2229/3960/966
f 2232/3961/966 2231/3956/966 2226/3962/966
f 2225/3957/967 2226/3964/967 2231/3958/967
f 2234/3965/965 2236/3966/965 2237/3967/965
f 2234/3965/964 2237/3967/964 2235/3968/964
f 2236/3969/966 2239/3970/966 2233/3971/966
f 2239/3970/966 2236/3969/966 2240/3972/966
f 2234/3973/968 2240/3974/968 2236/3975/968
f 2238/3976/966 2241/3977/966 2235/3978/966
f 2239/3970/966 2240/3972/966 2241/3977/966
f 2238/3976/966 2235/3978/966 2237/3979/966
f 2237/3979/966 2236/3969/966 2233/3971/966
f 2237/3979/966 2233/3971/966 2238/3976/966
f 2241/3977/966 2240/3972/966 2235/3978/966
f 2234/3973/967 2235/3980/967 2240/3974/967
f 2243/3981/965 2245/3982/965 2246/3983/965
f 2243/3981/964 2246/3983/964 2244/3984/964
f 2245/3985/966 2248/3986/966 2242/3987/966
f 2248/3986/966 2245/3985/966 2249/3988/966
f 2243/3989/968 2249/3990/968 2245/3991/968
f 2247/3992/966 2250/3993/966 2244/3994/966
f 2248/3986/966 2249/3988/966 2250/3993/966
f 2247/3992/966 2244/3994/966 2246/3995/966
f 2246/3995/966 2245/3985/966 2242/3987/966
f 2246/3995/966 2242/3987/966 2247/3992/966
f 2250/3993/966 2249/3988/966 2244/3994/966
f 2243/3989/967 2244/3996/967 2249/3990/967
f 2252/3997/965 2254/3998/965 2255/3999/965
f 2252/3997/964 2255/3999/964 2253/4000/964
f 2254/4001/966 2257/4002/966 2251/4003/966
f 2257/4002/966 2254/4001/966 2258/4004/966
f 2252/4005/968 2258/4006/968 2254/4007/968
f 2256/4008/966 2259/4009/966 2253/4010/966
f 2257/4002/966 2258/4004/966 2259/4009/966
f 2256/4008/966 2253/4010/966 2255/4011/966
f 2255/4011/966 2254/4001/966 2251/4003/966
f 2255/4011/966 2251/4003/966 2256/4008/966
f 2259/4009/966 2258/4004/966 2253/4010/966
f 2252/4005/967 2253/4012/967 2258/4006/967
f 2261/4013/965 2263/4014/965 2264/4015/965
f 2261/4013/964 2264/4015/964 2262/4016/964
f 2263/4017/966 2266/4018/966 2260/4019/966
f 2266/4018/966 2263/4017/966 2267/4020/966
f 2261/4021/968 2267/4022/968 2263/4023/968
f 2265/4024/966 2268/4025/966 2262/4026/966
f 2266/4018/966 2267/4020/966 2268/4025/966
f 2265/4024/966 2262/4026/966 2264/4027/966
f 2264/4027/966 2263/4017/966 2260/4019/966
f 2264/4027/966 2260/4019/966 2265/4024/966
f 2268/4025/966 2267/4020/966 2262/4026/966
f 2261/4021/967 2262/4028/967 2267/4022/967
f 2270/4029/965 2272/4030/965 2273/4031/965
f 2270/4029/964 2273/4031/964 2271/4032/964
f 2272/4033/966 2275/4034/966 2269/4035/966
f 2275/4034/966 2272/4033/966 2276/4036/966
f 2270/4037/968 2276/4038/968 2272/4039/968
f 2274/4040/966 2277/4041/966 2271/4042/966
f 2275/4034/966 2276/4036/966 2277/4041/966
f 2274/4040/966 2271/4042/966 2273/4043/966
f 2273/4043/966 2272/4033/966 2269/4035/966
f 2273/4043/966 2269/4035/966 2274/4040/966
f 2277/4041/966 2276/4036/966 2271/4042/966
f 2270/4037/967 2271/4044/967 2276/4038/967
f 2279/4045/965 2281/4046/965 2282/4047/965
f 2279/4045/964 2282/4047/964 2280/4048/964
f 2281/4049/966 2284/4050/966 2278/4051/966
f 2284/4050/966 2281/4049/966 2285/4052/966
f 2279/4053/968 2285/4054/968 2281/4055/968
f 2283/4056/966 2286/4057/966 2280/4058/966
f 2284/4050/966 2285/4052/966 2286/4057/966
f 2283/4056/966 2280/4058/966 2282/4059/966
f 2282/4059/966 2281/4049/966 2278/4051/966
f 2282/4059/966 2278/4051/966 2283/4056/966
f 2286/4057/966 2285/4052/966 2280/4058/966
f 2279/4053/967 2280/4060/967 2285/4054/967
o Cube.468_Cube.304
v 1.715955 14.077432 -4.428087
v 1.715955 14.077432 -6.219195
v 2.216474 14.077432 -4.428087
v 2.216474 14.077432 -6.219195
v 1.715955 14.177432 -4.428087
v 1.715955 14.177432 -6.219195
v 2.216474 14.177432 -4.428087
v 2.216474 14.177432 -6.219195
v 1.715955 15.827432 -4.428087
v 1.715955 15.827432 -6.219195
v 2.216474 15.827432 -4.428087
v 2.216474 15.827432 -6.219195
v 1.715955 15.927432 -4.428087
v 1.715955 15.927432 -6.219195
v 2.216474 15.927432 -4.428087
v 2.216474 15.927432 -6.219195
v 1.715955 17.577431 -4.428087
v 1.715955 17.577431 -6.219195
v 2.216474 17.577431 -4.428087
v 2.216474 17.577431 -6.219195
v 1.715955 17.677433 -4.428087
v 1.715955 17.677433 -6.219195
v 2.216474 17.677433 -4.428087
v 2.216474 17.677433 -6.219195
v 1.715955 19.327431 -4.428087
v 1.715955 19.327431 -6.219195
v 2.216474 19.327431 -4.428087
v 2.216474 19.327431 -6.219195
v 1.715955 19.427433 -4.428087
v 1.715955 19.427433 -6.219195
v 2.216474 19.427433 -4.428087
v 2.216474 19.427433 -6.219195
v 1.715955 21.077431 -4.428087
v 1.715955 21.077431 -6.219195
v 2.216474 21.077431 -4.428087
v 2.216474 21.077431 -6.219195
v 1.715955 21.177433 -4.428087
v 1.715955 21.177433 -6.219195
v 2.216474 21.177433 -4.428087
v 2.216474 21.177433 -6.219195
v 1.715955 22.827431 -4.428087
v 1.715955 22.827431 -6.219195
v 2.216474 22.827431 -4.428087
v 2.216474 22.827431 -6.219195
v 1.715955 22.927433 -4.428087
v 1.715955 22.927433 -6.219195
v 2.216474 22.927433 -4.428087
v 2.216474 22.927433 -6.219195
v 1.715955 24.577431 -4.428087
v 1.715955 24.577431 -6.219195
v 2.216474 24.577431 -4.428087
v 2.216474 24.577431 -6.219195
v 1.715955 24.677433 -4.428087
v 1.715955 24.677433 -6.219195
v 2.216474 24.677433 -4.428087
v 2.216474 24.677433 -6.219195
v 1.715955 26.327431 -4.428087
v 1.715955 26.327431 -6.219195
v 2.216474 26.327431 -4.428087
v 2.216474 26.327431 -6.219195
v 1.715955 26.427433 -4.428087
v 1.715955 26.427433 -6.219195
v 2.216474 26.427433 -4.428087
v 2.216474 26.427433 -6.219195
v 1.715955 28.077431 -4.428087
v 1.715955 28.077431 -6.219195
v 2.216474 28.077431 -4.428087
v 2.216474 28.077431 -6.219195
v 1.715955 28.177433 -4.428087
v 1.715955 28.177433 -6.219195
v 2.216474 28.177433 -4.428087
v 2.216474 28.177433 -6.219195
v -1.715955 14.077432 -4.428087
v -1.715955 14.077432 -6.219195
v -2.216474 14.077432 -4.428087
v -2.216474 14.077432 -6.219195
v -1.715955 14.177432 -4.428087
v -1.715955 14.177432 -6.219195
v -2.216474 14.177432 -4.428087
v -2.216474 14.177432 -6.219195
v -1.715955 15.827432 -4.428087
v -1.715955 15.827432 -6.219195
v -2.216474 15.827432 -4.428087
v -2.216474 15.827432 -6.219195
v -1.715955 15.927432 -4.428087
v -1.715955 15.927432 -6.219195
v -2.216474 15.927432 -4.428087
v -2.216474 15.927432 -6.219195
v -1.715955 17.577431 -4.428087
v -1.715955 17.577431 -6.219195
v -2.216474 17.577431 -4.428087
v -2.216474 17.577431 -6.219195
v -1.715955 17.677433 -4.428087
v -1.715955 17.677433 -6.219195
v -2.216474 17.677433 -4.428087
v -2.216474 17.677433 -6.219195
v -1.715955 19.327431 -4.428087
v -1.715955 19.327431 -6.219195
v -2.216474 19.327431 -4.428087
v -2.216474 19.327431 -6.219195
v -1.715955 19.427433 -4.428087
v -1.715955 19.427433 -6.219195
v -2.216474 19.427433 -4.428087
v -2.216474 19.427433 -6.219195
v -1.715955 21.077431 -4.428087
v -1.715955 21.077431 -6.219195
v -2.216474 21.077431 -4.428087
v -2.216474 21.077431 -6.219195
v -1.715955 21.177433 -4.428087
v -1.715955 21.177433 -6.219195
v -2.216474 21.177433 -4.428087
v -2.216474 21.177433 -6.219195
v -1.715955 22.827431 -4.428087
v -1.715955 22.827431 -6.219195
v -2.216474 22.827431 -4.428087
v -2.216474 22.827431 -6.219195
v -1.715955 22.927433 -4.428087
v -1.715955 22.927433 -6.219195
v -2.216474 22.927433 -4.428087
v -2.216474 22.927433 -6.219195
v -1.715955 24.577431 -4.428087
v -1.715955 24.577431 -6.219195
v -2.216474 24.577431 -4.428087
v -2.216474 24.577431 -6.219195
v -1.715955 24.677433 -4.428087
v -1.715955 24.677433 -6.219195
v -2.216474 24.677433 -4.428087
v -2.216474 24.677433 -6.219195
v -1.715955 26.327431 -4.428087
v -1.715955 26.327431 -6.219195
v -2.216474 26.327431 -4.428087
v -2.216474 26.327431 -6.219195
v -1.715955 26.427433 -4.428087
v -1.715955 26.427433 -6.219195
v -2.216474 26.427433 -4.428087
v -2.216474 26.427433 -6.219195
v -1.715955 28.077431 -4.428087
v -1.715955 28.077431 -6.219195
v -2.216474 28.077431 -4.428087
v -2.216474 28.077431 -6.219195
v -1.715955 28.177433 -4.428087
v -1.715955 28.177433 -6.219195
v -2.216474 28.177433 -4.428087
v -2.216474 28.177433 -6.219195
v 1.715955 14.077432 4.428087
v 1.715955 14.077432 6.219195
v 2.216474 14.077432 4.428087
v 2.216474 14.077432 6.219195
v 1.715955 14.177432 4.428087
v 1.715955 14.177432 6.219195
v 2.216474 14.177432 4.428087
v 2.216474 14.177432 6.219195
v 1.715955 15.827432 4.428087
v 1.715955 15.827432 6.219195
v 2.216474 15.827432 4.428087
v 2.216474 15.827432 6.219195
v 1.715955 15.927432 4.428087
v 1.715955 15.927432 6.219195
v 2.216474 15.927432 4.428087
v 2.216474 15.927432 6.219195
v 1.715955 17.577431 4.428087
v 1.715955 17.577431 6.219195
v 2.216474 17.577431 4.428087
v 2.216474 17.577431 6.219195
v 1.715955 17.677433 4.428087
v 1.715955 17.677433 6.219195
v 2.216474 17.677433 4.428087
v 2.216474 17.677433 6.219195
v 1.715955 19.327431 4.428087
v 1.715955 19.327431 6.219195
v 2.216474 19.327431 4.428087
v 2.216474 19.327431 6.219195
v 1.715955 19.427433 4.428087
v 1.715955 19.427433 6.219195
v 2.216474 19.427433 4.428087
v 2.216474 19.427433 6.219195
v 1.715955 21.077431 4.428087
v 1.715955 21.077431 6.219195
v 2.216474 21.077431 4.428087
v 2.216474 21.077431 6.219195
v 1.715955 21.177433 4.428087
v 1.715955 21.177433 6.219195
v 2.216474 21.177433 4.428087
v 2.216474 21.177433 6.219195
v 1.715955 22.827431 4.428087
v 1.715955 22.827431 6.219195
v 2.216474 22.827431 4.428087
v 2.216474 22.827431 6.219195
v 1.715955 22.927433 4.428087
v 1.715955 22.927433 6.219195
v 2.216474 22.927433 4.428087
v 2.216474 22.927433 6.219195
v 1.715955 24.577431 4.428087
v 1.715955 24.577431 6.219195
v 2.216474 24.577431 4.428087
v 2.216474 24.577431 6.219195
v 1.715955 24.677433 4.428087
v 1.715955 24.677433 6.219195
v 2.216474 24.677433 4.428087
v 2.216474 24.677433 6.219195
v 1.715955 26.327431 4.428087
v 1.715955 26.327431 6.219195
v 2.216474 26.327431 4.428087
v 2.216474 26.327431 6.219195
v 1.715955 26.427433 4.428087
v 1.715955 26.427433 6.219195
v 2.216474 26.427433 4.428087
v 2.216474 26.427433 6.219195
v 1.715955 28.077431 4.428087
v 1.715955 28.077431 6.219195
v 2.216474 28.077431 4.428087
v 2.216474 28.077431 6.219195
v 1.715955 28.177433 4.428087
v 1.715955 28.177433 6.219195
v 2.216474 28.177433 4.428087
v 2.216474 28.177433 6.219195
v -1.715955 14.077432 4.428087
v -1.715955 14.077432 6.219195
v -2.216474 14.077432 4.428087
v -2.216474 14.077432 6.219195
v -1.715955 14.177432 4.428087
v -1.715955 14.177432 6.219195
v -2.216474 14.177432 4.428087
v -2.216474 14.177432 6.219195
v -1.715955 15.827432 4.428087
v -1.715955 15.827432 6.219195
v -2.216474 15.827432 4.428087
v -2.216474 15.827432 6.219195
v -1.715955 15.927432 4.428087
v -1.715955 15.927432 6.219195
v -2.216474 15.927432 4.428087
v -2.216474 15.927432 6.219195
v -1.715955 17.577431 4.428087
v -1.715955 17.577431 6.219195
v -2.216474 17.577431 4.428087
v -2.216474 17.577431 6.219195
v -1.715955 17.677433 4.428087
v -1.715955 17.677433 6.219195
v -2.216474 17.677433 4.428087
v -2.216474 17.677433 6.219195
v -1.715955 19.327431 4.428087
v -1.715955 19.327431 6.219195
v -2.216474 19.327431 4.428087
v -2.216474 19.327431 6.219195
v -1.715955 19.427433 4.428087
v -1.715955 19.427433 6.219195
v -2.216474 19.427433 4.428087
v -2.216474 19.427433 6.219195
v -1.715955 21.077431 4.428087
v -1.715955 21.077431 6.219195
v -2.216474 21.077431 4.428087
v -2.216474 21.077431 6.219195
v -1.715955 21.177433 4.428087
v -1.715955 21.177433 6.219195
v -2.216474 21.177433 4.428087
v -2.216474 21.177433 6.219195
v -1.715955 22.827431 4.428087
v -1.715955 22.827431 6.219195
v -2.216474 22.827431 4.428087
v -2.216474 22.827431 6.219195
v -1.715955 22.927433 4.428087
v -1.715955 22.927433 6.219195
v -2.216474 22.927433 4.428087
v -2.216474 22.927433 6.219195
v -1.715955 24.577431 4.428087
v -1.715955 24.577431 6.219195
v -2.216474 24.577431 4.428087
v -2.216474 24.577431 6.219195
v -1.715955 24.677433 4.428087
v -1.715955 24.677433 6.219195
v -2.216474 24.677433 4.428087
v -2.216474 24.677433 6.219195
v -1.715955 26.327431 4.428087
v -1.715955 26.327431 6.219195
v -2.216474 26.327431 4.428087
v -2.216474 26.327431 6.219195
v -1.715955 26.427433 4.428087
v -1.715955 26.427433 6.219195
v -2.216474 26.427433 4.428087
v -2.216474 26.427433 6.219195
v -1.715955 28.077431 4.428087
v -1.715955 28.077431 6.219195
v -2.216474 28.077431 4.428087
v -2.216474 28.077431 6.219195
v -1.715955 28.177433 4.428087
v -1.715955 28.177433 6.219195
v -2.216474 28.177433 4.428087
v -2.216474 28.177433 6.219195
vt -0.503067 0.204972
vt -0.502339 0.121556
vt -0.203833 0.124161
vt -0.204561 0.207577
vt 0.792422 2.846238
vt 0.875839 2.846238
vt 0.875839 2.862905
vt 0.792422 2.862905
vt 1.203833 2.846238
vt 1.502339 2.846238
vt 1.502339 2.862905
vt 1.203833 2.862905
vt 0.121556 2.846238
vt 0.204973 2.846238
vt 0.204973 2.862905
vt 0.121556 2.862905
vt 1.503067 0.204973
vt 1.204561 0.207578
vt 1.203833 0.124162
vt 1.502339 0.121557
vt -0.503067 0.204972
vt -0.502339 0.121556
vt -0.203833 0.124161
vt -0.204561 0.207577
vt 0.792422 3.137905
vt 0.875839 3.137905
vt 0.875839 3.154572
vt 0.792422 3.154572
vt 1.203833 3.137905
vt 1.502339 3.137905
vt 1.502339 3.154572
vt 1.203833 3.154572
vt 0.121556 3.137905
vt 0.204973 3.137905
vt 0.204973 3.154572
vt 0.121556 3.154572
vt 1.503067 0.204973
vt 1.204561 0.207578
vt 1.203833 0.124162
vt 1.502339 0.121557
vt -0.503067 0.204972
vt -0.502339 0.121556
vt -0.203833 0.124161
vt -0.204561 0.207577
vt 0.792422 3.429571
vt 0.875839 3.429571
vt 0.875839 3.446238
vt 0.792422 3.446238
vt 1.203833 3.429571
vt 1.502339 3.429571
vt 1.502339 3.446238
vt 1.203833 3.446238
vt 0.121556 3.429571
vt 0.204973 3.429571
vt 0.204973 3.446238
vt 0.121556 3.446238
vt 1.503067 0.204973
vt 1.204561 0.207578
vt 1.203833 0.124162
vt 1.502339 0.121557
vt -0.503067 0.204972
vt -0.502339 0.121556
vt -0.203833 0.124161
vt -0.204561 0.207577
vt 0.792422 3.721238
vt 0.875839 3.721238
vt 0.875839 3.737905
vt 0.792422 3.737905
vt 1.203833 3.721238
vt 1.502339 3.721238
vt 1.502339 3.737905
vt 1.203833 3.737905
vt 0.121556 3.721238
vt 0.204973 3.721238
vt 0.204973 3.737905
vt 0.121556 3.737905
vt 1.503067 0.204973
vt 1.204561 0.207578
vt 1.203833 0.124162
vt 1.502339 0.121557
vt -0.503067 0.204972
vt -0.502339 0.121555
vt -0.203833 0.124160
vt -0.204561 0.207577
vt 0.792422 4.012905
vt 0.875839 4.012905
vt 0.875839 4.029572
vt 0.792422 4.029572
vt 1.203833 4.012905
vt 1.502339 4.012905
vt 1.502339 4.029572
vt 1.203833 4.029572
vt 0.121556 4.012905
vt 0.204973 4.012905
vt 0.204973 4.029572
vt 0.121556 4.029572
vt 1.503067 0.204973
vt 1.204561 0.207578
vt 1.203833 0.124162
vt 1.502339 0.121557
vt -0.503067 0.204972
vt -0.502339 0.121555
vt -0.203833 0.124160
vt -0.204561 0.207577
vt 0.792422 4.304571
vt 0.875839 4.304571
vt 0.875839 4.321239
vt 0.792422 4.321239
vt 1.203833 4.304571
vt 1.502339 4.304571
vt 1.502339 4.321239
vt 1.203833 4.321239
vt 0.121556 4.304571
vt 0.204973 4.304571
vt 0.204973 4.321239
vt 0.121556 4.321239
vt 1.503067 0.204973
vt 1.204561 0.207578
vt 1.203833 0.124162
vt 1.502339 0.121557
vt -0.503067 0.204972
vt -0.502339 0.121555
vt -0.203833 0.124160
vt -0.204561 0.207577
vt 0.792422 4.596238
vt 0.875839 4.596238
vt 0.875839 4.612905
vt 0.792422 4.612905
vt 1.203833 4.596238
vt 1.502339 4.596238
vt 1.502339 4.612905
vt 1.203833 4.612905
vt 0.121556 4.596238
vt 0.204973 4.596238
vt 0.204973 4.612905
vt 0.121556 4.612905
vt 1.503067 0.204973
vt 1.204561 0.207578
vt 1.203833 0.124162
vt 1.502339 0.121557
vt -0.503067 0.204972
vt -0.502339 0.121555
vt -0.203833 0.124160
vt -0.204561 0.207577
vt 0.792422 4.887905
vt 0.875839 4.887905
vt 0.875839 4.904572
vt 0.792422 4.904572
vt 1.203833 4.887905
vt 1.502339 4.887905
vt 1.502339 4.904572
vt 1.203833 4.904572
vt 0.121556 4.887905
vt 0.204973 4.887905
vt 0.204973 4.904572
vt 0.121556 4.904572
vt 1.503067 0.204973
vt 1.204561 0.207578
vt 1.203833 0.124162
vt 1.502339 0.121557
vt -0.503067 0.204972
vt -0.502339 0.121555
vt -0.203833 0.124160
vt -0.204561 0.207577
vt 0.792422 5.179571
vt 0.875839 5.179571
vt 0.875839 5.196238
vt 0.792422 5.196238
vt 1.203833 5.179571
vt 1.502339 5.179571
vt 1.502339 5.196238
vt 1.203833 5.196238
vt 0.121556 5.179571
vt 0.204973 5.179571
vt 0.204973 5.196238
vt 0.121556 5.196238
vt 1.503067 0.204973
vt 1.204561 0.207578
vt 1.203833 0.124162
vt 1.502339 0.121557
vt -0.508059 0.776936
vt -0.209552 0.779541
vt -0.210280 0.862957
vt -0.508787 0.860352
vt 0.220459 2.846238
vt 0.220459 2.862905
vt 0.137042 2.862905
vt 0.137042 2.846238
vt -0.210280 2.846239
vt -0.210280 2.862905
vt -0.508786 2.862905
vt -0.508786 2.846239
vt 0.860353 2.846238
vt 0.860353 2.862905
vt 0.776936 2.862905
vt 0.776936 2.846238
vt 1.508059 0.776936
vt 1.508787 0.860353
vt 1.210280 0.862958
vt 1.209552 0.779541
vt -0.508059 0.776935
vt -0.209552 0.779540
vt -0.210280 0.862957
vt -0.508787 0.860352
vt 0.220459 3.137905
vt 0.220459 3.154572
vt 0.137042 3.154572
vt 0.137042 3.137905
vt -0.210280 3.137905
vt -0.210279 3.154572
vt -0.508786 3.154572
vt -0.508786 3.137905
vt 0.860353 3.137905
vt 0.860353 3.154572
vt 0.776936 3.154572
vt 0.776936 3.137905
vt 1.508059 0.776936
vt 1.508787 0.860353
vt 1.210280 0.862958
vt 1.209552 0.779541
vt -0.508059 0.776935
vt -0.209552 0.779540
vt -0.210280 0.862957
vt -0.508787 0.860352
vt 0.220459 3.429571
vt 0.220459 3.446238
vt 0.137042 3.446238
vt 0.137042 3.429571
vt -0.210279 3.429572
vt -0.210279 3.446239
vt -0.508786 3.446239
vt -0.508786 3.429572
vt 0.860353 3.429571
vt 0.860353 3.446238
vt 0.776936 3.446238
vt 0.776936 3.429571
vt 1.508059 0.776936
vt 1.508787 0.860353
vt 1.210280 0.862958
vt 1.209552 0.779541
vt -0.508059 0.776935
vt -0.209552 0.779540
vt -0.210280 0.862957
vt -0.508787 0.860352
vt 0.220459 3.721238
vt 0.220459 3.737905
vt 0.137042 3.737905
vt 0.137042 3.721238
vt -0.210279 3.721238
vt -0.210279 3.737905
vt -0.508786 3.737905
vt -0.508786 3.721238
vt 0.860353 3.721238
vt 0.860353 3.737905
vt 0.776936 3.737905
vt 0.776936 3.721238
vt 1.508059 0.776936
vt 1.508787 0.860353
vt 1.210280 0.862958
vt 1.209552 0.779541
vt -0.508059 0.776935
vt -0.209552 0.779540
vt -0.210280 0.862957
vt -0.508787 0.860352
vt 0.220459 4.012905
vt 0.220459 4.029572
vt 0.137042 4.029572
vt 0.137042 4.012905
vt -0.210279 4.012905
vt -0.210279 4.029572
vt -0.508786 4.029572
vt -0.508786 4.012905
vt 0.860353 4.012905
vt 0.860353 4.029572
vt 0.776936 4.029572
vt 0.776936 4.012905
vt 1.508059 0.776936
vt 1.508787 0.860353
vt 1.210280 0.862958
vt 1.209552 0.779541
vt -0.508059 0.776935
vt -0.209552 0.779540
vt -0.210280 0.862957
vt -0.508787 0.860352
vt 0.220459 4.304571
vt 0.220459 4.321239
vt 0.137042 4.321239
vt 0.137042 4.304571
vt -0.210279 4.304571
vt -0.210279 4.321239
vt -0.508786 4.321239
vt -0.508786 4.304571
vt 0.860353 4.304571
vt 0.860353 4.321239
vt 0.776936 4.321239
vt 0.776936 4.304571
vt 1.508059 0.776936
vt 1.508787 0.860353
vt 1.210280 0.862958
vt 1.209552 0.779541
vt -0.508059 0.776935
vt -0.209552 0.779540
vt -0.210280 0.862957
vt -0.508787 0.860352
vt 0.220459 4.596238
vt 0.220459 4.612905
vt 0.137042 4.612905
vt 0.137042 4.596238
vt -0.210279 4.596238
vt -0.210279 4.612905
vt -0.508785 4.612906
vt -0.508785 4.596238
vt 0.860353 4.596238
vt 0.860353 4.612905
vt 0.776936 4.612905
vt 0.776936 4.596238
vt 1.508059 0.776936
vt 1.508787 0.860353
vt 1.210280 0.862958
vt 1.209552 0.779541
vt -0.508059 0.776935
vt -0.209552 0.779540
vt -0.210280 0.862956
vt -0.508787 0.860351
vt 0.220459 4.887905
vt 0.220459 4.904572
vt 0.137042 4.904572
vt 0.137042 4.887905
vt -0.210279 4.887905
vt -0.210279 4.904572
vt -0.508785 4.904572
vt -0.508785 4.887905
vt 0.860353 4.887905
vt 0.860353 4.904572
vt 0.776936 4.904572
vt 0.776936 4.887905
vt 1.508059 0.776936
vt 1.508787 0.860353
vt 1.210280 0.862958
vt 1.209552 0.779541
vt -0.508059 0.776935
vt -0.209552 0.779540
vt -0.210280 0.862956
vt -0.508787 0.860351
vt 0.220459 5.179571
vt 0.220459 5.196238
vt 0.137042 5.196238
vt 0.137042 5.179571
vt -0.210279 5.179571
vt -0.210279 5.196238
vt -0.508785 5.196239
vt -0.508785 5.179572
vt 0.860353 5.179571
vt 0.860353 5.196238
vt 0.776936 5.196238
vt 0.776936 5.179571
vt 1.508059 0.776936
vt 1.508787 0.860353
vt 1.210280 0.862958
vt 1.209552 0.779541
vt 1.569918 0.223063
vt 1.271411 0.220458
vt 1.272139 0.137041
vt 1.570646 0.139646
vt 0.220459 2.846238
vt 0.220459 2.862905
vt 0.137042 2.862905
vt 0.137042 2.846238
vt -0.272139 2.846238
vt -0.272139 2.862905
vt -0.570646 2.862905
vt -0.570646 2.846238
vt 0.860353 2.846238
vt 0.860353 2.862905
vt 0.776936 2.862905
vt 0.776936 2.846238
vt -0.569918 0.223064
vt -0.570646 0.139647
vt -0.272139 0.137042
vt -0.271411 0.220459
vt 1.569918 0.223063
vt 1.271411 0.220458
vt 1.272139 0.137041
vt 1.570646 0.139646
vt 0.220459 3.137905
vt 0.220459 3.154572
vt 0.137042 3.154572
vt 0.137042 3.137905
vt -0.272139 3.137905
vt -0.272139 3.154572
vt -0.570646 3.154572
vt -0.570646 3.137905
vt 0.860353 3.137905
vt 0.860353 3.154572
vt 0.776936 3.154572
vt 0.776936 3.137905
vt -0.569918 0.223064
vt -0.570646 0.139647
vt -0.272139 0.137042
vt -0.271411 0.220459
vt 1.569918 0.223063
vt 1.271411 0.220458
vt 1.272139 0.137041
vt 1.570646 0.139646
vt 0.220459 3.429571
vt 0.220459 3.446238
vt 0.137042 3.446238
vt 0.137042 3.429571
vt -0.272139 3.429571
vt -0.272139 3.446238
vt -0.570646 3.446238
vt -0.570646 3.429571
vt 0.860353 3.429571
vt 0.860353 3.446238
vt 0.776936 3.446238
vt 0.776936 3.429571
vt -0.569918 0.223064
vt -0.570646 0.139647
vt -0.272139 0.137042
vt -0.271411 0.220459
vt 1.569918 0.223063
vt 1.271411 0.220458
vt 1.272139 0.137041
vt 1.570646 0.139646
vt 0.220459 3.721238
vt 0.220459 3.737905
vt 0.137042 3.737905
vt 0.137042 3.721238
vt -0.272139 3.721238
vt -0.272139 3.737905
vt -0.570646 3.737905
vt -0.570646 3.721238
vt 0.860353 3.721238
vt 0.860353 3.737905
vt 0.776936 3.737905
vt 0.776936 3.721238
vt -0.569918 0.223064
vt -0.570646 0.139647
vt -0.272139 0.137042
vt -0.271411 0.220459
vt 1.569918 0.223063
vt 1.271411 0.220458
vt 1.272139 0.137041
vt 1.570646 0.139646
vt 0.220459 4.012905
vt 0.220459 4.029572
vt 0.137042 4.029572
vt 0.137042 4.012905
vt -0.272139 4.012905
vt -0.272139 4.029572
vt -0.570646 4.029572
vt -0.570646 4.012905
vt 0.860353 4.012905
vt 0.860353 4.029572
vt 0.776936 4.029572
vt 0.776936 4.012905
vt -0.569918 0.223064
vt -0.570646 0.139647
vt -0.272139 0.137042
vt -0.271411 0.220459
vt 1.569918 0.223062
vt 1.271411 0.220457
vt 1.272139 0.137041
vt 1.570646 0.139646
vt 0.220459 4.304571
vt 0.220459 4.321239
vt 0.137042 4.321239
vt 0.137042 4.304571
vt -0.272139 4.304571
vt -0.272139 4.321239
vt -0.570646 4.321239
vt -0.570646 4.304571
vt 0.860353 4.304571
vt 0.860353 4.321239
vt 0.776936 4.321239
vt 0.776936 4.304571
vt -0.569918 0.223064
vt -0.570646 0.139647
vt -0.272139 0.137042
vt -0.271411 0.220459
vt 1.569918 0.223062
vt 1.271411 0.220457
vt 1.272139 0.137041
vt 1.570646 0.139646
vt 0.220459 4.596238
vt 0.220459 4.612905
vt 0.137042 4.612905
vt 0.137042 4.596238
vt -0.272139 4.596238
vt -0.272139 4.612905
vt -0.570646 4.612905
vt -0.570646 4.596238
vt 0.860353 4.596238
vt 0.860353 4.612905
vt 0.776936 4.612905
vt 0.776936 4.596238
vt -0.569918 0.223064
vt -0.570646 0.139647
vt -0.272139 0.137042
vt -0.271411 0.220459
vt 1.569918 0.223062
vt 1.271411 0.220457
vt 1.272139 0.137041
vt 1.570646 0.139646
vt 0.220459 4.887905
vt 0.220459 4.904572
vt 0.137042 4.904572
vt 0.137042 4.887905
vt -0.272139 4.887905
vt -0.272139 4.904572
vt -0.570646 4.904572
vt -0.570646 4.887905
vt 0.860353 4.887905
vt 0.860353 4.904572
vt 0.776936 4.904572
vt 0.776936 4.887905
vt -0.569918 0.223064
vt -0.570646 0.139647
vt -0.272139 0.137042
vt -0.271411 0.220459
vt 1.569918 0.223062
vt 1.271411 0.220457
vt 1.272139 0.137041
vt 1.570646 0.139646
vt 0.220459 5.179571
vt 0.220459 5.196238
vt 0.137042 5.196238
vt 0.137042 5.179571
vt -0.272139 5.179571
vt -0.272139 5.196238
vt -0.570646 5.196238
vt -0.570646 5.179571
vt 0.860353 5.179571
vt 0.860353 5.196238
vt 0.776936 5.196238
vt 0.776936 5.179571
vt -0.569918 0.223064
vt -0.570646 0.139647
vt -0.272139 0.137042
vt -0.271411 0.220459
vt 1.564927 0.795026
vt 1.564199 0.878443
vt 1.265692 0.875838
vt 1.266420 0.792421
vt 0.792422 2.846238
vt 0.875839 2.846238
vt 0.875839 2.862905
vt 0.792422 2.862905
vt 1.265693 2.846238
vt 1.564199 2.846238
vt 1.564199 2.862905
vt 1.265693 2.862905
vt 0.121556 2.846238
vt 0.204973 2.846238
vt 0.204973 2.862905
vt 0.121556 2.862905
vt -0.564927 0.795027
vt -0.266420 0.792422
vt -0.265692 0.875838
vt -0.564199 0.878443
vt 1.564927 0.795026
vt 1.564199 0.878443
vt 1.265692 0.875838
vt 1.266420 0.792421
vt 0.792422 3.137905
vt 0.875839 3.137905
vt 0.875839 3.154572
vt 0.792422 3.154572
vt 1.265693 3.137905
vt 1.564199 3.137905
vt 1.564199 3.154571
vt 1.265693 3.154571
vt 0.121556 3.137905
vt 0.204973 3.137905
vt 0.204973 3.154572
vt 0.121556 3.154572
vt -0.564927 0.795027
vt -0.266420 0.792422
vt -0.265692 0.875838
vt -0.564199 0.878443
vt 1.564927 0.795026
vt 1.564199 0.878442
vt 1.265692 0.875837
vt 1.266420 0.792421
vt 0.792422 3.429571
vt 0.875839 3.429571
vt 0.875839 3.446238
vt 0.792422 3.446238
vt 1.265693 3.429571
vt 1.564200 3.429571
vt 1.564200 3.446238
vt 1.265693 3.446238
vt 0.121556 3.429571
vt 0.204973 3.429571
vt 0.204973 3.446238
vt 0.121556 3.446238
vt -0.564927 0.795027
vt -0.266420 0.792422
vt -0.265692 0.875838
vt -0.564199 0.878443
vt 1.564927 0.795026
vt 1.564199 0.878442
vt 1.265692 0.875837
vt 1.266420 0.792421
vt 0.792422 3.721238
vt 0.875839 3.721238
vt 0.875839 3.737905
vt 0.792422 3.737905
vt 1.265693 3.721238
vt 1.564200 3.721238
vt 1.564200 3.737905
vt 1.265693 3.737905
vt 0.121556 3.721238
vt 0.204973 3.721238
vt 0.204973 3.737905
vt 0.121556 3.737905
vt -0.564927 0.795027
vt -0.266420 0.792422
vt -0.265692 0.875838
vt -0.564199 0.878443
vt 1.564927 0.795026
vt 1.564199 0.878442
vt 1.265692 0.875837
vt 1.266420 0.792421
vt 0.792422 4.012905
vt 0.875839 4.012905
vt 0.875839 4.029572
vt 0.792422 4.029572
vt 1.265693 4.012904
vt 1.564200 4.012904
vt 1.564200 4.029572
vt 1.265693 4.029572
vt 0.121556 4.012905
vt 0.204973 4.012905
vt 0.204973 4.029572
vt 0.121556 4.029572
vt -0.564927 0.795027
vt -0.266420 0.792422
vt -0.265692 0.875838
vt -0.564199 0.878443
vt 1.564927 0.795026
vt 1.564199 0.878442
vt 1.265692 0.875837
vt 1.266420 0.792421
vt 0.792422 4.304571
vt 0.875839 4.304571
vt 0.875839 4.321239
vt 0.792422 4.321239
vt 1.265693 4.304571
vt 1.564200 4.304571
vt 1.564200 4.321238
vt 1.265693 4.321238
vt 0.121556 4.304571
vt 0.204973 4.304571
vt 0.204973 4.321239
vt 0.121556 4.321239
vt -0.564927 0.795027
vt -0.266420 0.792422
vt -0.265692 0.875838
vt -0.564199 0.878443
vt 1.564927 0.795025
vt 1.564199 0.878442
vt 1.265692 0.875837
vt 1.266420 0.792421
vt 0.792422 4.596238
vt 0.875839 4.596238
vt 0.875839 4.612905
vt 0.792422 4.612905
vt 1.265693 4.596237
vt 1.564200 4.596237
vt 1.564200 4.612905
vt 1.265693 4.612905
vt 0.121556 4.596238
vt 0.204973 4.596238
vt 0.204973 4.612905
vt 0.121556 4.612905
vt -0.564927 0.795027
vt -0.266420 0.792422
vt -0.265692 0.875838
vt -0.564199 0.878443
vt 1.564927 0.795025
vt 1.564199 0.878442
vt 1.265692 0.875837
vt 1.266420 0.792420
vt 0.792422 4.887905
vt 0.875839 4.887905
vt 0.875839 4.904572
vt 0.792422 4.904572
vt 1.265694 4.887904
vt 1.564200 4.887904
vt 1.564200 4.904571
vt 1.265694 4.904571
vt 0.121556 4.887905
vt 0.204973 4.887905
vt 0.204973 4.904572
vt 0.121556 4.904572
vt -0.564927 0.795027
vt -0.266420 0.792422
vt -0.265692 0.875838
vt -0.564199 0.878443
vt 1.564927 0.795025
vt 1.564199 0.878442
vt 1.265692 0.875837
vt 1.266420 0.792420
vt 0.792422 5.179571
vt 0.875839 5.179571
vt 0.875839 5.196238
vt 0.792422 5.196238
vt 1.265694 5.179571
vt 1.564200 5.179571
vt 1.564200 5.196238
vt 1.265694 5.196238
vt 0.121556 5.179571
vt 0.204973 5.179571
vt 0.204973 5.196238
vt 0.121556 5.196238
vt -0.564927 0.795027
vt -0.266420 0.792422
vt -0.265692 0.875838
vt -0.564199 0.878443
vn 0.0000 -1.0000 0.0000
vn 0.0000 0.0000 1.0000
vn 1.0000 0.0000 0.0000
vn 0.0000 0.0000 -1.0000
vn 0.0000 1.0000 0.0000
vn -1.0000 0.0000 0.0000
usemtl sandstone
s 1
f 2288/4061/969 2290/4062/969 2289/4063/969 2287/4064/969
f 2287/4065/970 2289/4066/970 2293/4067/970 2291/4068/970
f 2289/4069/971 2290/4070/971 2294/4071/971 2293/4072/971
f 2290/4073/972 2288/4074/972 2292/4075/972 2294/4076/972
f 2292/4077/973 2291/4078/973 2293/4079/973 2294/4080/973
f 2296/4081/969 2298/4082/969 2297/4083/969 2295/4084/969
f 2295/4085/970 2297/4086/970 2301/4087/970 2299/4088/970
f 2297/4089/971 2298/4090/971 2302/4091/971 2301/4092/971
f 2298/4093/972 2296/4094/972 2300/4095/972 2302/4096/972
f 2300/4097/973 2299/4098/973 2301/4099/973 2302/4100/973
f 2304/4101/969 2306/4102/969 2305/4103/969 2303/4104/969
f 2303/4105/970 2305/4106/970 2309/4107/970 2307/4108/970
f 2305/4109/971 2306/4110/971 2310/4111/971 2309/4112/971
f 2306/4113/972 2304/4114/972 2308/4115/972 2310/4116/972
f 2308/4117/973 2307/4118/973 2309/4119/973 2310/4120/973
f 2312/4121/969 2314/4122/969 2313/4123/969 2311/4124/969
f 2311/4125/970 2313/4126/970 2317/4127/970 2315/4128/970
f 2313/4129/971 2314/4130/971 2318/4131/971 2317/4132/971
f 2314/4133/972 2312/4134/972 2316/4135/972 2318/4136/972
f 2316/4137/973 2315/4138/973 2317/4139/973 2318/4140/973
f 2320/4141/969 2322/4142/969 2321/4143/969 2319/4144/969
f 2319/4145/970 2321/4146/970 2325/4147/970 2323/4148/970
f 2321/4149/971 2322/4150/971 2326/4151/971 2325/4152/971
f 2322/4153/972 2320/4154/972 2324/4155/972 2326/4156/972
f 2324/4157/973 2323/4158/973 2325/4159/973 2326/4160/973
f 2328/4161/969 2330/4162/969 2329/4163/969 2327/4164/969
f 2327/4165/970 2329/4166/970 2333/4167/970 2331/4168/970
f 2329/4169/971 2330/4170/971 2334/4171/971 2333/4172/971
f 2330/4173/972 2328/4174/972 2332/4175/972 2334/4176/972
f 2332/4177/973 2331/4178/973 2333/4179/973 2334/4180/973
f 2336/4181/969 2338/4182/969 2337/4183/969 2335/4184/969
f 2335/4185/970 2337/4186/970 2341/4187/970 2339/4188/970
f 2337/4189/971 2338/4190/971 2342/4191/971 2341/4192/971
f 2338/4193/972 2336/4194/972 2340/4195/972 2342/4196/972
f 2340/4197/973 2339/4198/973 2341/4199/973 2342/4200/973
f 2344/4201/969 2346/4202/969 2345/4203/969 2343/4204/969
f 2343/4205/970 2345/4206/970 2349/4207/970 2347/4208/970
f 2345/4209/971 2346/4210/971 2350/4211/971 2349/4212/971
f 2346/4213/972 2344/4214/972 2348/4215/972 2350/4216/972
f 2348/4217/973 2347/4218/973 2349/4219/973 2350/4220/973
f 2352/4221/969 2354/4222/969 2353/4223/969 2351/4224/969
f 2351/4225/970 2353/4226/970 2357/4227/970 2355/4228/970
f 2353/4229/971 2354/4230/971 2358/4231/971 2357/4232/971
f 2354/4233/972 2352/4234/972 2356/4235/972 2358/4236/972
f 2356/4237/973 2355/4238/973 2357/4239/973 2358/4240/973
f 2360/4241/969 2359/4242/969 2361/4243/969 2362/4244/969
f 2359/4245/970 2363/4246/970 2365/4247/970 2361/4248/970
f 2361/4249/974 2365/4250/974 2366/4251/974 2362/4252/974
f 2362/4253/972 2366/4254/972 2364/4255/972 2360/4256/972
f 2364/4257/973 2366/4258/973 2365/4259/973 2363/4260/973
f 2368/4261/969 2367/4262/969 2369/4263/969 2370/4264/969
f 2367/4265/970 2371/4266/970 2373/4267/970 2369/4268/970
f 2369/4269/974 2373/4270/974 2374/4271/974 2370/4272/974
f 2370/4273/972 2374/4274/972 2372/4275/972 2368/4276/972
f 2372/4277/973 2374/4278/973 2373/4279/973 2371/4280/973
f 2376/4281/969 2375/4282/969 2377/4283/969 2378/4284/969
f 2375/4285/970 2379/4286/970 2381/4287/970 2377/4288/970
f 2377/4289/974 2381/4290/974 2382/4291/974 2378/4292/974
f 2378/4293/972 2382/4294/972 2380/4295/972 2376/4296/972
f 2380/4297/973 2382/4298/973 2381/4299/973 2379/4300/973
f 2384/4301/969 2383/4302/969 2385/4303/969 2386/4304/969
f 2383/4305/970 2387/4306/970 2389/4307/970 2385/4308/970
f 2385/4309/974 2389/4310/974 2390/4311/974 2386/4312/974
f 2386/4313/972 2390/4314/972 2388/4315/972 2384/4316/972
f 2388/4317/973 2390/4318/973 2389/4319/973 2387/4320/973
f 2392/4321/969 2391/4322/969 2393/4323/969 2394/4324/969
f 2391/4325/970 2395/4326/970 2397/4327/970 2393/4328/970
f 2393/4329/974 2397/4330/974 2398/4331/974 2394/4332/974
f 2394/4333/972 2398/4334/972 2396/4335/972 2392/4336/972
f 2396/4337/973 2398/4338/973 2397/4339/973 2395/4340/973
f 2400/4341/969 2399/4342/969 2401/4343/969 2402/4344/969
f 2399/4345/970 2403/4346/970 2405/4347/970 2401/4348/970
f 2401/4349/974 2405/4350/974 2406/4351/974 2402/4352/974
f 2402/4353/972 2406/4354/972 2404/4355/972 2400/4356/972
f 2404/4357/973 2406/4358/973 2405/4359/973 2403/4360/973
f 2408/4361/969 2407/4362/969 2409/4363/969 2410/4364/969
f 2407/4365/970 2411/4366/970 2413/4367/970 2409/4368/970
f 2409/4369/974 2413/4370/974 2414/4371/974 2410/4372/974
f 2410/4373/972 2414/4374/972 2412/4375/972 2408/4376/972
f 2412/4377/973 2414/4378/973 2413/4379/973 2411/4380/973
f 2416/4381/969 2415/4382/969 2417/4383/969 2418/4384/969
f 2415/4385/970 2419/4386/970 2421/4387/970 2417/4388/970
f 2417/4389/974 2421/4390/974 2422/4391/974 2418/4392/974
f 2418/4393/972 2422/4394/972 2420/4395/972 2416/4396/972
f 2420/4397/973 2422/4398/973 2421/4399/973 2419/4400/973
f 2424/4401/969 2423/4402/969 2425/4403/969 2426/4404/969
f 2423/4405/970 2427/4406/970 2429/4407/970 2425/4408/970
f 2425/4409/974 2429/4410/974 2430/4411/974 2426/4412/974
f 2426/4413/972 2430/4414/972 2428/4415/972 2424/4416/972
f 2428/4417/973 2430/4418/973 2429/4419/973 2427/4420/973
f 2432/4421/969 2431/4422/969 2433/4423/969 2434/4424/969
f 2431/4425/972 2435/4426/972 2437/4427/972 2433/4428/972
f 2433/4429/971 2437/4430/971 2438/4431/971 2434/4432/971
f 2434/4433/970 2438/4434/970 2436/4435/970 2432/4436/970
f 2436/4437/973 2438/4438/973 2437/4439/973 2435/4440/973
f 2440/4441/969 2439/4442/969 2441/4443/969 2442/4444/969
f 2439/4445/972 2443/4446/972 2445/4447/972 2441/4448/972
f 2441/4449/971 2445/4450/971 2446/4451/971 2442/4452/971
f 2442/4453/970 2446/4454/970 2444/4455/970 2440/4456/970
f 2444/4457/973 2446/4458/973 2445/4459/973 2443/4460/973
f 2448/4461/969 2447/4462/969 2449/4463/969 2450/4464/969
f 2447/4465/972 2451/4466/972 2453/4467/972 2449/4468/972
f 2449/4469/971 2453/4470/971 2454/4471/971 2450/4472/971
f 2450/4473/970 2454/4474/970 2452/4475/970 2448/4476/970
f 2452/4477/973 2454/4478/973 2453/4479/973 2451/4480/973
f 2456/4481/969 2455/4482/969 2457/4483/969 2458/4484/969
f 2455/4485/972 2459/4486/972 2461/4487/972 2457/4488/972
f 2457/4489/971 2461/4490/971 2462/4491/971 2458/4492/971
f 2458/4493/970 2462/4494/970 2460/4495/970 2456/4496/970
f 2460/4497/973 2462/4498/973 2461/4499/973 2459/4500/973
f 2464/4501/969 2463/4502/969 2465/4503/969 2466/4504/969
f 2463/4505/972 2467/4506/972 2469/4507/972 2465/4508/972
f 2465/4509/971 2469/4510/971 2470/4511/971 2466/4512/971
f 2466/4513/970 2470/4514/970 2468/4515/970 2464/4516/970
f 2468/4517/973 2470/4518/973 2469/4519/973 2467/4520/973
f 2472/4521/969 2471/4522/969 2473/4523/969 2474/4524/969
f 2471/4525/972 2475/4526/972 2477/4527/972 2473/4528/972
f 2473/4529/971 2477/4530/971 2478/4531/971 2474/4532/971
f 2474/4533/970 2478/4534/970 2476/4535/970 2472/4536/970
f 2476/4537/973 2478/4538/973 2477/4539/973 2475/4540/973
f 2480/4541/969 2479/4542/969 2481/4543/969 2482/4544/969
f 2479/4545/972 2483/4546/972 2485/4547/972 2481/4548/972
f 2481/4549/971 2485/4550/971 2486/4551/971 2482/4552/971
f 2482/4553/970 2486/4554/970 2484/4555/970 2480/4556/970
f 2484/4557/973 2486/4558/973 2485/4559/973 2483/4560/973
f 2488/4561/969 2487/4562/969 2489/4563/969 2490/4564/969
f 2487/4565/972 2491/4566/972 2493/4567/972 2489/4568/972
f 2489/4569/971 2493/4570/971 2494/4571/971 2490/4572/971
f 2490/4573/970 2494/4574/970 2492/4575/970 2488/4576/970
f 2492/4577/973 2494/4578/973 2493/4579/973 2491/4580/973
f 2496/4581/969 2495/4582/969 2497/4583/969 2498/4584/969
f 2495/4585/972 2499/4586/972 2501/4587/972 2497/4588/972
f 2497/4589/971 2501/4590/971 2502/4591/971 2498/4592/971
f 2498/4593/970 2502/4594/970 2500/4595/970 2496/4596/970
f 2500/4597/973 2502/4598/973 2501/4599/973 2499/4600/973
f 2504/4601/969 2506/4602/969 2505/4603/969 2503/4604/969
f 2503/4605/972 2505/4606/972 2509/4607/972 2507/4608/972
f 2505/4609/974 2506/4610/974 2510/4611/974 2509/4612/974
f 2506/4613/970 2504/4614/970 2508/4615/970 2510/4616/970
f 2508/4617/973 2507/4618/973 2509/4619/973 2510/4620/973
f 2512/4621/969 2514/4622/969 2513/4623/969 2511/4624/969
f 2511/4625/972 2513/4626/972 2517/4627/972 2515/4628/972
f 2513/4629/974 2514/4630/974 2518/4631/974 2517/4632/974
f 2514/4633/970 2512/4634/970 2516/4635/970 2518/4636/970
f 2516/4637/973 2515/4638/973 2517/4639/973 2518/4640/973
f 2520/4641/969 2522/4642/969 2521/4643/969 2519/4644/969
f 2519/4645/972 2521/4646/972 2525/4647/972 2523/4648/972
f 2521/4649/974 2522/4650/974 2526/4651/974 2525/4652/974
f 2522/4653/970 2520/4654/970 2524/4655/970 2526/4656/970
f 2524/4657/973 2523/4658/973 2525/4659/973 2526/4660/973
f 2528/4661/969 2530/4662/969 2529/4663/969 2527/4664/969
f 2527/4665/972 2529/4666/972 2533/4667/972 2531/4668/972
f 2529/4669/974 2530/4670/974 2534/4671/974 2533/4672/974
f 2530/4673/970 2528/4674/970 2532/4675/970 2534/4676/970
f 2532/4677/973 2531/4678/973 2533/4679/973 2534/4680/973
f 2536/4681/969 2538/4682/969 2537/4683/969 2535/4684/969
f 2535/4685/972 2537/4686/972 2541/4687/972 2539/4688/972
f 2537/4689/974 2538/4690/974 2542/4691/974 2541/4692/974
f 2538/4693/970 2536/4694/970 2540/4695/970 2542/4696/970
f 2540/4697/973 2539/4698/973 2541/4699/973 2542/4700/973
f 2544/4701/969 2546/4702/969 2545/4703/969 2543/4704/969
f 2543/4705/972 2545/4706/972 2549/4707/972 2547/4708/972
f 2545/4709/974 2546/4710/974 2550/4711/974 2549/4712/974
f 2546/4713/970 2544/4714/970 2548/4715/970 2550/4716/970
f 2548/4717/973 2547/4718/973 2549/4719/973 2550/4720/973
f 2552/4721/969 2554/4722/969 2553/4723/969 2551/4724/969
f 2551/4725/972 2553/4726/972 2557/4727/972 2555/4728/972
f 2553/4729/974 2554/4730/974 2558/4731/974 2557/4732/974
f 2554/4733/970 2552/4734/970 2556/4735/970 2558/4736/970
f 2556/4737/973 2555/4738/973 2557/4739/973 2558/4740/973
f 2560/4741/969 2562/4742/969 2561/4743/969 2559/4744/969
f 2559/4745/972 2561/4746/972 2565/4747/972 2563/4748/972
f 2561/4749/974 2562/4750/974 2566/4751/974 2565/4752/974
f 2562/4753/970 2560/4754/970 2564/4755/970 2566/4756/970
f 2564/4757/973 2563/4758/973 2565/4759/973 2566/4760/973
f 2568/4761/969 2570/4762/969 2569/4763/969 2567/4764/969
f 2567/4765/972 2569/4766/972 2573/4767/972 2571/4768/972
f 2569/4769/974 2570/4770/974 2574/4771/974 2573/4772/974
f 2570/4773/970 2568/4774/970 2572/4775/970 2574/4776/970
f 2572/4777/973 2571/4778/973 2573/4779/973 2574/4780/973
o Cube.469_Cube.305
v 2.600000 1.550402 -9.104986
v 2.600000 1.550402 -8.249905
v 1.925830 1.549585 -9.105014
v 2.600000 9.490664 -8.840311
v 2.600000 9.490664 -8.249905
v 1.925830 9.490664 -8.840311
v 1.925830 1.550402 -8.249905
v 1.925830 9.490664 -8.249905
v -2.600000 1.550402 -9.104986
v -2.600000 1.550402 -8.249905
v -1.925830 1.549585 -9.105014
v -2.600000 9.490664 -8.840311
v -2.600000 9.490664 -8.249905
v -1.925830 9.490664 -8.840311
v -1.925830 1.550402 -8.249905
v -1.925830 9.490664 -8.249905
v 2.600000 1.550402 9.104986
v 2.600000 1.550402 8.249905
v 1.925830 1.549585 9.105014
v 2.600000 9.490664 8.840311
v 2.600000 9.490664 8.249905
v 1.925830 9.490664 8.840311
v 1.925830 1.550402 8.249905
v 1.925830 9.490664 8.249905
v -2.600000 1.550402 9.104986
v -2.600000 1.550402 8.249905
v -1.925830 1.549585 9.105014
v -2.600000 9.490664 8.840311
v -2.600000 9.490664 8.249905
v -1.925830 9.490664 8.840311
v -1.925830 1.550402 8.249905
v -1.925830 9.490664 8.249905
vt 0.945316 0.758400
vt 0.945316 2.081777
vt 0.832958 2.081777
vt 0.832958 0.758400
vt -0.939598 2.081778
vt -0.983714 0.758265
vt -0.841201 0.758401
vt -0.841200 2.081778
vt 0.166183 2.081777
vt 0.053825 2.081777
vt 0.053440 0.758400
vt 0.165798 0.758264
vt 1.840220 0.758400
vt 1.982728 0.758400
vt 1.938618 2.081777
vt 1.840220 2.081777
vt 0.078682 0.758400
vt 0.191039 0.758400
vt 0.191039 2.081777
vt 0.078682 2.081777
vt 1.945200 2.081777
vt 1.846803 2.081777
vt 1.846803 0.758400
vt 1.989316 0.758264
vt 0.808101 2.081777
vt 0.807716 0.758264
vt 0.920074 0.758400
vt 0.920459 2.081777
vt -0.847783 0.758401
vt -0.847783 2.081778
vt -0.946180 2.081778
vt -0.990291 0.758401
vt 0.078683 0.758400
vt 0.191040 0.758400
vt 0.191040 2.081777
vt 0.078683 2.081777
vt 2.007060 2.081777
vt 1.908662 2.081777
vt 1.908662 0.758400
vt 2.051175 0.758264
vt 0.808102 2.081777
vt 0.807717 0.758264
vt 0.920074 0.758400
vt 0.920459 2.081777
vt -0.909642 0.758400
vt -0.909642 2.081777
vt -1.008040 2.081777
vt -1.052150 0.758400
vt 0.945316 0.758400
vt 0.945316 2.081777
vt 0.832959 2.081777
vt 0.832959 0.758400
vt -1.001457 2.081777
vt -1.045573 0.758264
vt -0.903060 0.758400
vt -0.903060 2.081777
vt 0.166183 2.081777
vt 0.053826 2.081777
vt 0.053441 0.758400
vt 0.165798 0.758264
vt 1.902080 0.758400
vt 2.044588 0.758400
vt 2.000477 2.081777
vt 1.902080 2.081777
vn 0.0000 0.0000 1.0000
vn -1.0000 0.0000 0.0000
vn -0.0000 0.0333 -0.9994
vn 1.0000 0.0000 0.0000
vn 0.0000 0.0000 -1.0000
vn 0.0000 0.0333 0.9994
usemtl sandstone
s 1
f 2576/4781/975 2579/4782/975 2582/4783/975 2581/4784/975
f 2580/4785/976 2577/4786/976 2581/4787/976 2582/4788/976
f 2580/4789/977 2578/4790/977 2575/4791/977 2577/4792/977
f 2576/4793/978 2575/4794/978 2578/4795/978 2579/4796/978
f 2584/4797/975 2589/4798/975 2590/4799/975 2587/4800/975
f 2588/4801/978 2590/4802/978 2589/4803/978 2585/4804/978
f 2588/4805/977 2585/4806/977 2583/4807/977 2586/4808/977
f 2584/4809/976 2587/4810/976 2586/4811/976 2583/4812/976
f 2592/4813/979 2597/4814/979 2598/4815/979 2595/4816/979
f 2596/4817/976 2598/4818/976 2597/4819/976 2593/4820/976
f 2596/4821/980 2593/4822/980 2591/4823/980 2594/4824/980
f 2592/4825/978 2595/4826/978 2594/4827/978 2591/4828/978
f 2600/4829/979 2603/4830/979 2606/4831/979 2605/4832/979
f 2604/4833/978 2601/4834/978 2605/4835/978 2606/4836/978
f 2604/4837/980 2602/4838/980 2599/4839/980 2601/4840/980
f 2600/4841/976 2599/4842/976 2602/4843/976 2603/4844/976
o Cube.470_Cube.306
v 2.500000 1.700000 -9.000000
v 2.500000 9.569547 -8.737681
v 2.500000 9.569547 -3.049015
v 2.500000 1.700000 -3.049015
v 2.500000 1.700000 -4.403040
v 2.500000 1.700000 -4.689445
v 2.500000 1.700000 -7.019462
v 2.500000 1.700000 -7.305868
v 2.500000 1.700000 -5.711250
v 2.500000 1.700000 -5.997657
v 2.500000 7.782402 -4.403040
v 2.500000 7.782402 -4.689445
v 2.500000 6.258076 -5.997657
v 2.500000 6.258076 -5.711250
v 2.500000 4.644343 -7.305868
v 2.500000 4.644343 -7.019462
v 2.388398 6.081216 -5.997657
v 2.387208 4.467699 -7.019462
v 2.387208 4.467699 -7.305868
v 2.170734 1.700000 -7.305868
v 2.170734 1.700000 -7.019462
v 2.075626 1.700000 -5.997657
v 2.075626 1.700000 -5.711250
v 1.974490 1.700000 -4.689445
v 1.974490 1.700000 -4.403040
v 2.388398 6.081216 -5.711250
v 2.389383 7.616393 -4.403040
v 2.389383 7.616393 -4.689445
v -2.500000 1.700000 -9.000000
v -2.500000 9.569547 -8.737681
v -2.500000 9.569547 -3.049015
v -2.500000 1.700000 -3.049015
v -2.500000 1.700000 -4.403040
v -2.500000 1.700000 -4.689445
v -2.500000 1.700000 -7.019462
v -2.500000 1.700000 -7.305868
v -2.500000 1.700000 -5.711250
v -2.500000 1.700000 -5.997657
v -2.500000 7.782402 -4.403040
v -2.500000 7.782402 -4.689445
v -2.500000 6.258076 -5.997657
v -2.500000 6.258076 -5.711250
v -2.500000 4.644343 -7.305868
v -2.500000 4.644343 -7.019462
v -2.388398 6.081216 -5.997657
v -2.387208 4.467699 -7.019462
v -2.387208 4.467699 -7.305868
v -2.170734 1.700000 -7.305868
v -2.170734 1.700000 -7.019462
v -2.075626 1.700000 -5.997657
v -2.075626 1.700000 -5.711250
v -1.974490 1.700000 -4.689445
v -1.974490 1.700000 -4.403040
v -2.388398 6.081216 -5.711250
v -2.389383 7.616393 -4.403040
v -2.389383 7.616393 -4.689445
v 2.500000 1.700000 9.000000
v 2.500000 9.569547 8.737681
v 2.500000 9.569547 3.049015
v 2.500000 1.700000 3.049015
v 2.500000 1.700000 4.403040
v 2.500000 1.700000 4.689445
v 2.500000 1.700000 7.019462
v 2.500000 1.700000 7.305868
v 2.500000 1.700000 5.711250
v 2.500000 1.700000 5.997657
v 2.500000 7.782402 4.403040
v 2.500000 7.782402 4.689445
v 2.500000 6.258076 5.997657
v 2.500000 6.258076 5.711250
v 2.500000 4.644343 7.305868
v 2.500000 4.644343 7.019462
v 2.388398 6.081216 5.997657
v 2.387208 4.467699 7.019462
v 2.387208 4.467699 7.305868
v 2.170734 1.700000 7.305868
v 2.170734 1.700000 7.019462
v 2.075626 1.700000 5.997657
v 2.075626 1.700000 5.711250
v 1.974490 1.700000 4.689445
v 1.974490 1.700000 4.403040
v 2.388398 6.081216 5.711250
v 2.389383 7.616393 4.403040
v 2.389383 7.616393 4.689445
v -2.500000 1.700000 9.000000
v -2.500000 9.569547 8.737681
v -2.500000 9.569547 3.049015
v -2.500000 1.700000 3.049015
v -2.500000 1.700000 4.403040
v -2.500000 1.700000 4.689445
v -2.500000 1.700000 7.019462
v -2.500000 1.700000 7.305868
v -2.500000 1.700000 5.711250
v -2.500000 1.700000 5.997657
v -2.500000 7.782402 4.403040
v -2.500000 7.782402 4.689445
v -2.500000 6.258076 5.997657
v -2.500000 6.258076 5.711250
v -2.500000 4.644343 7.305868
v -2.500000 4.644343 7.019462
v -2.388398 6.081216 5.997657
v -2.387208 4.467699 7.019462
v -2.387208 4.467699 7.305868
v -2.170734 1.700000 7.305868
v -2.170734 1.700000 7.019462
v -2.075626 1.700000 5.997657
v -2.075626 1.700000 5.711250
v -1.974490 1.700000 4.689445
v -1.974490 1.700000 4.403040
v -2.388398 6.081216 5.711250
v -2.389383 7.616393 4.403040
v -2.389383 7.616393 4.689445
vt 1.199407 1.769399
vt 1.200011 0.783333
vt 1.247743 0.783333
vt 1.247139 1.769399
vt 1.199246 1.797067
vt 0.973584 2.094924
vt 0.973584 0.783333
vt 1.199246 0.783333
vt 1.921659 2.094924
vt 1.683032 1.274057
vt 1.683032 0.783333
vt 1.965377 0.783333
vt 1.465006 1.543012
vt 1.465006 0.783333
vt 1.635300 0.783333
vt 1.635300 1.274057
vt 1.417273 1.543012
vt 1.246979 1.797067
vt 1.246979 0.783333
vt 1.417273 0.783333
vt 0.927276 0.783333
vt 0.927276 1.274057
vt 0.908479 1.244616
vt 0.872401 0.783333
vt 0.076945 1.797067
vt 0.076945 0.783333
vt 0.164527 0.783333
vt 0.095381 1.769399
vt 0.073140 1.274057
vt 0.073140 0.783333
vt 0.128015 0.783333
vt 0.091938 1.244616
vt 0.923471 0.783333
vt 0.923471 1.797067
vt 0.905036 1.769399
vt 0.835890 0.783333
vt 0.075042 1.543012
vt 0.075042 0.783333
vt 0.145769 0.783333
vt 0.093642 1.513536
vt 1.465623 0.783333
vt 1.465168 1.513536
vt 1.417435 1.513536
vt 1.417890 0.783333
vt 1.683511 0.783333
vt 1.683196 1.244616
vt 1.635464 1.244616
vt 1.635779 0.783333
vt 0.925374 0.783333
vt 0.925374 1.543012
vt 0.906774 1.513536
vt 0.854648 0.783333
vt -0.206357 1.769399
vt -0.254089 1.769399
vt -0.253486 0.783334
vt -0.205754 0.783334
vt -0.206518 1.797067
vt -0.206518 0.783334
vt 0.019144 0.783333
vt 0.019144 2.094924
vt -0.928930 2.094925
vt -0.972649 0.783334
vt -0.690304 0.783334
vt -0.690304 1.274057
vt -0.472277 1.543013
vt -0.642572 1.274057
vt -0.642572 0.783334
vt -0.472278 0.783334
vt -0.424545 1.543013
vt -0.254250 1.797067
vt -0.424545 0.783334
vt -0.254251 0.783334
vt 0.093975 0.783333
vt 0.148851 0.783333
vt 0.112773 1.244616
vt 0.093975 1.274057
vt 0.910247 1.797067
vt 0.891811 1.769399
vt 0.822665 0.783333
vt 0.910247 0.783333
vt 0.906441 1.274057
vt 0.887643 1.244616
vt 0.851566 0.783333
vt 0.906441 0.783333
vt 0.090170 0.783333
vt 0.177751 0.783333
vt 0.108605 1.769399
vt 0.090170 1.797067
vt 0.908344 1.543012
vt 0.889744 1.513536
vt 0.837618 0.783333
vt 0.908344 0.783333
vt -0.471660 0.783334
vt -0.423928 0.783334
vt -0.424382 1.513536
vt -0.472115 1.513536
vt -0.689825 0.783334
vt -0.642093 0.783334
vt -0.642408 1.244617
vt -0.690140 1.244617
vt 0.092072 0.783333
vt 0.162799 0.783333
vt 0.110672 1.513536
vt 0.092072 1.543012
vt 0.070259 0.783333
vt 0.903561 0.783333
vt 0.903942 2.094924
vt 0.070641 2.094924
vt -0.268217 1.769399
vt -0.315949 1.769399
vt -0.315346 0.783333
vt -0.267613 0.783333
vt -0.268377 1.797067
vt -0.268377 0.783333
vt -0.042715 0.783333
vt -0.042715 2.094924
vt -0.990790 2.094924
vt -1.034508 0.783333
vt -0.752164 0.783333
vt -0.752164 1.274057
vt -0.534137 1.543012
vt -0.704431 1.274057
vt -0.704431 0.783333
vt -0.534137 0.783333
vt -0.486404 1.543012
vt -0.316110 1.797067
vt -0.486404 0.783333
vt -0.316110 0.783333
vt 0.093975 0.783333
vt 0.148851 0.783333
vt 0.112773 1.244616
vt 0.093975 1.274057
vt 0.910247 1.797067
vt 0.891811 1.769399
vt 0.822665 0.783333
vt 0.910247 0.783333
vt 0.906441 1.274057
vt 0.887643 1.244616
vt 0.851566 0.783333
vt 0.906441 0.783333
vt 0.090170 0.783333
vt 0.177752 0.783333
vt 0.108605 1.769399
vt 0.090170 1.797067
vt 0.908344 1.543012
vt 0.889745 1.513536
vt 0.837618 0.783333
vt 0.908344 0.783333
vt -0.533520 0.783333
vt -0.485787 0.783333
vt -0.486242 1.513536
vt -0.533974 1.513536
vt -0.751685 0.783333
vt -0.703952 0.783333
vt -0.704267 1.244616
vt -0.751999 1.244616
vt 0.092073 0.783333
vt 0.162799 0.783333
vt 0.110672 1.513536
vt 0.092073 1.543012
vt 1.261267 1.769398
vt 1.261870 0.783333
vt 1.309602 0.783333
vt 1.308999 1.769398
vt 1.261106 1.797066
vt 1.035444 2.094924
vt 1.035443 0.783333
vt 1.261106 0.783333
vt 1.983518 2.094924
vt 1.744892 1.274057
vt 1.744892 0.783333
vt 2.027236 0.783333
vt 1.526865 1.543012
vt 1.526865 0.783333
vt 1.697159 0.783333
vt 1.697159 1.274057
vt 1.479132 1.543012
vt 1.308838 1.797066
vt 1.308838 0.783333
vt 1.479132 0.783333
vt 0.927277 0.783333
vt 0.927277 1.274057
vt 0.908479 1.244616
vt 0.872401 0.783333
vt 0.076945 1.797067
vt 0.076945 0.783333
vt 0.164527 0.783333
vt 0.095381 1.769399
vt 0.073140 1.274057
vt 0.073140 0.783333
vt 0.128016 0.783333
vt 0.091938 1.244616
vt 0.923471 0.783333
vt 0.923471 1.797067
vt 0.905036 1.769399
vt 0.835890 0.783333
vt 0.075043 1.543012
vt 0.075043 0.783333
vt 0.145769 0.783333
vt 0.093642 1.513536
vt 1.527482 0.783333
vt 1.527027 1.513535
vt 1.479295 1.513535
vt 1.479749 0.783333
vt 1.745371 0.783333
vt 1.745056 1.244616
vt 1.697323 1.244616
vt 1.697638 0.783333
vt 0.925374 0.783333
vt 0.925374 1.543012
vt 0.906775 1.513536
vt 0.854648 0.783333
vt 0.903561 0.783333
vt 0.903942 2.094924
vt 0.070641 2.094924
vt 0.070259 0.783333
vn 0.9963 -0.0861 0.0000
vn 0.9976 -0.0700 0.0000
vn 1.0000 -0.0033 0.0000
vn 1.0000 0.0000 0.0000
vn 1.0000 -0.0034 0.0000
vn 1.0000 -0.0039 -0.0001
vn 1.0000 -0.0038 0.0000
vn 1.0000 -0.0032 0.0000
vn 1.0000 -0.0021 0.0000
vn 0.0000 0.0000 1.0000
vn 0.0000 0.0000 -1.0000
vn 0.9975 -0.0712 0.0000
vn 0.9957 -0.0927 0.0000
vn 0.9957 -0.0927 -0.0001
vn 0.9970 -0.0780 0.0000
vn 0.9938 -0.1111 0.0000
vn -0.9963 -0.0861 0.0000
vn -0.9976 -0.0700 0.0000
vn -1.0000 -0.0033 -0.0000
vn -1.0000 0.0000 0.0000
vn -1.0000 -0.0034 0.0000
vn -1.0000 -0.0039 -0.0000
vn -1.0000 -0.0038 -0.0000
vn -1.0000 -0.0032 0.0001
vn -1.0000 -0.0022 -0.0000
vn -1.0000 -0.0021 -0.0000
vn -0.9975 -0.0712 0.0000
vn -0.9957 -0.0927 0.0000
vn -0.9957 -0.0927 0.0001
vn -0.9970 -0.0780 0.0000
vn -0.9938 -0.1111 0.0000
vn 0.0000 0.0333 -0.9994
vn 1.0000 -0.0039 0.0000
vn 1.0000 -0.0032 -0.0001
vn 1.0000 -0.0022 0.0000
vn -1.0000 -0.0039 0.0001
vn -1.0000 -0.0032 -0.0000
vn 0.0000 0.0333 0.9994
usemtl sandstone
s 1
f 2633/4845/981 2631/4846/982 2630/4847/982 2634/4848/981
f 2617/4849/983 2609/4850/984 2610/4851/984 2611/4852/984
f 2608/4853/984 2621/4854/985 2614/4855/984 2607/4856/984
f 2619/4857/986 2616/4858/984 2613/4859/984 2622/4860/987
f 2619/4857/986 2608/4853/984 2620/4861/988
f 2621/4854/985 2608/4853/984 2622/4860/987
f 2608/4853/984 2618/4862/989 2620/4861/988
f 2618/4862/989 2612/4863/984 2615/4864/984 2620/4861/988
f 2614/4865/990 2621/4866/990 2625/4867/990 2626/4868/990
f 2609/4850/984 2617/4849/983 2618/4862/989
f 2608/4853/984 2619/4857/986 2622/4860/987
f 2609/4850/984 2618/4862/989 2608/4853/984
f 2617/4869/991 2611/4870/991 2631/4871/991 2633/4872/991
f 2622/4873/991 2613/4874/991 2627/4875/991 2624/4876/991
f 2612/4877/990 2618/4878/990 2634/4879/990 2630/4880/990
f 2620/4881/991 2615/4882/991 2629/4883/991 2632/4884/991
f 2618/4862/989 2617/4849/983 2633/4845/981 2634/4848/981
f 2628/4885/992 2623/4886/993 2632/4887/994 2629/4888/992
f 2626/4889/995 2625/4890/996 2624/4891/996 2627/4892/995
f 2621/4854/985 2622/4860/987 2624/4891/996 2625/4890/996
f 2616/4893/990 2619/4894/990 2623/4895/990 2628/4896/990
f 2619/4857/986 2620/4861/988 2632/4887/994 2623/4886/993
f 2661/4897/997 2662/4898/997 2658/4899/998 2659/4900/998
f 2645/4901/999 2639/4902/1000 2638/4903/1000 2637/4904/1000
f 2636/4905/1000 2635/4906/1000 2642/4907/1000 2649/4908/1001
f 2647/4909/1002 2650/4910/1003 2641/4911/1000 2644/4912/1000
f 2647/4909/1002 2648/4913/1004 2636/4905/1000
f 2649/4908/1001 2650/4910/1003 2636/4905/1000
f 2636/4905/1000 2648/4913/1004 2646/4914/1005
f 2646/4914/1005 2648/4913/1004 2643/4915/1000 2640/4916/1000
f 2642/4917/990 2654/4918/990 2653/4919/990 2649/4920/990
f 2637/4904/1000 2646/4914/1006 2645/4901/999
f 2636/4905/1000 2650/4910/1003 2647/4909/1002
f 2637/4904/1000 2636/4905/1000 2646/4914/1006
f 2645/4921/991 2661/4922/991 2659/4923/991 2639/4924/991
f 2650/4925/991 2652/4926/991 2655/4927/991 2641/4928/991
f 2640/4929/990 2658/4930/990 2662/4931/990 2646/4932/990
f 2648/4933/991 2660/4934/991 2657/4935/991 2643/4936/991
f 2646/4914/1006 2662/4898/997 2661/4897/997 2645/4901/999
f 2656/4937/1007 2657/4938/1007 2660/4939/1008 2651/4940/1009
f 2654/4941/1010 2655/4942/1010 2652/4943/1011 2653/4944/1011
f 2649/4908/1001 2653/4944/1011 2652/4943/1011 2650/4910/1003
f 2644/4945/990 2656/4946/990 2651/4947/990 2647/4948/990
f 2647/4909/1002 2651/4940/1009 2660/4939/1008 2648/4913/1004
f 2607/4949/1012 2635/4950/1012 2636/4951/1012 2608/4952/1012
f 2689/4953/981 2690/4954/981 2686/4955/982 2687/4956/982
f 2673/4957/983 2667/4958/984 2666/4959/984 2665/4960/984
f 2664/4961/984 2663/4962/984 2670/4963/984 2677/4964/985
f 2675/4965/1013 2678/4966/987 2669/4967/984 2672/4968/984
f 2675/4965/1013 2676/4969/1014 2664/4961/984
f 2677/4964/985 2678/4966/987 2664/4961/984
f 2664/4961/984 2676/4969/1014 2674/4970/1015
f 2674/4970/1015 2676/4969/1014 2671/4971/984 2668/4972/984
f 2670/4973/991 2682/4974/991 2681/4975/991 2677/4976/991
f 2665/4960/984 2674/4970/989 2673/4957/983
f 2664/4961/984 2678/4966/987 2675/4965/1013
f 2665/4960/984 2664/4961/984 2674/4970/989
f 2673/4977/990 2689/4978/990 2687/4979/990 2667/4980/990
f 2678/4981/990 2680/4982/990 2683/4983/990 2669/4984/990
f 2668/4985/991 2686/4986/991 2690/4987/991 2674/4988/991
f 2676/4989/990 2688/4990/990 2685/4991/990 2671/4992/990
f 2674/4970/989 2690/4954/981 2689/4953/981 2673/4957/983
f 2684/4993/992 2685/4994/992 2688/4995/993 2679/4996/994
f 2682/4997/995 2683/4998/995 2680/4999/996 2681/5000/996
f 2677/4964/985 2681/5000/996 2680/4999/996 2678/4966/987
f 2672/5001/991 2684/5002/991 2679/5003/991 2675/5004/991
f 2675/4965/1013 2679/4996/994 2688/4995/993 2676/4969/1014
f 2717/5005/997 2715/5006/998 2714/5007/998 2718/5008/997
f 2701/5009/999 2693/5010/1000 2694/5011/1000 2695/5012/1000
f 2692/5013/1000 2705/5014/1001 2698/5015/1000 2691/5016/1000
f 2703/5017/1016 2700/5018/1000 2697/5019/1000 2706/5020/1003
f 2703/5017/1016 2692/5013/1000 2704/5021/1017
f 2705/5014/1001 2692/5013/1000 2706/5020/1003
f 2692/5013/1000 2702/5022/1006 2704/5021/1017
f 2702/5022/1006 2696/5023/1000 2699/5024/1000 2704/5021/1017
f 2698/5025/991 2705/5026/991 2709/5027/991 2710/5028/991
f 2693/5010/1000 2701/5009/999 2702/5022/1006
f 2692/5013/1000 2703/5017/1016 2706/5020/1003
f 2693/5010/1000 2702/5022/1006 2692/5013/1000
f 2701/5029/990 2695/5030/990 2715/5031/990 2717/5032/990
f 2706/5033/990 2697/5034/990 2711/5035/990 2708/5036/990
f 2696/5037/991 2702/5038/991 2718/5039/991 2714/5040/991
f 2704/5041/990 2699/5042/990 2713/5043/990 2716/5044/990
f 2702/5022/1006 2701/5009/999 2717/5005/997 2718/5008/997
f 2712/5045/1007 2707/5046/1008 2716/5047/1009 2713/5048/1007
f 2710/5049/1010 2709/5050/1011 2708/5051/1011 2711/5052/1010
f 2705/5014/1001 2706/5020/1003 2708/5051/1011 2709/5050/1011
f 2700/5053/991 2703/5054/991 2707/5055/991 2712/5056/991
f 2703/5017/1016 2704/5021/1017 2716/5047/1009 2707/5046/1008
f 2663/5057/1018 2664/5058/1018 2692/5059/1018 2691/5060/1018
o Cube.471_Cube.307
v 0.000000 1.562478 -9.079646
v 0.000000 1.562478 -1.213886
v 2.579646 1.562478 -9.079646
v 2.347769 1.562478 -1.213886
v 0.000000 1.700000 -9.050000
v 2.550000 1.700000 -9.050000
v 2.318123 1.700000 -1.243532
v 0.000000 1.700000 -1.243532
v 2.630000 1.562478 -9.130000
v 2.398123 1.562478 -1.163532
v 2.398123 1.500000 -1.163532
v 0.000000 1.500000 -9.130000
v 2.630000 1.500000 -9.130000
v 0.000000 1.500000 -1.163532
v 0.000000 1.562478 -9.130000
v 0.000000 1.562478 -1.163532
v 2.579646 1.562478 -3.443123
v 0.000000 1.500000 -2.279744
v 2.550000 1.700000 -3.443124
v 0.000000 1.700000 -3.443123
v 2.630000 1.562478 -3.443123
v 2.630000 1.500000 -3.443123
v 2.398123 1.500000 -2.279743
v 2.398123 1.562478 -2.279743
v 2.347769 1.562478 -2.279743
v 2.318123 1.700000 -2.279744
v 0.000000 1.700000 -2.279743
v 0.000000 1.500000 -3.443124
v -2.579646 1.562478 -9.079646
v -2.347769 1.562478 -1.213886
v -2.550000 1.700000 -9.050000
v -2.318123 1.700000 -1.243532
v -2.630000 1.562478 -9.130000
v -2.398123 1.562478 -1.163532
v -2.398123 1.500000 -1.163532
v -2.630000 1.500000 -9.130000
v -2.579646 1.562478 -3.443123
v -2.550000 1.700000 -3.443124
v -2.630000 1.562478 -3.443123
v -2.630000 1.500000 -3.443123
v -2.398123 1.500000 -2.279743
v -2.398123 1.562478 -2.279743
v -2.347769 1.562478 -2.279743
v -2.318123 1.700000 -2.279744
v 0.000000 1.562478 9.079646
v 0.000000 1.562478 1.213886
v 2.579646 1.562478 9.079646
v 2.347769 1.562478 1.213886
v 0.000000 1.700000 9.050000
v 2.550000 1.700000 9.050000
v 2.318123 1.700000 1.243532
v 0.000000 1.700000 1.243532
v 2.630000 1.562478 9.130000
v 2.398123 1.562478 1.163532
v 2.398123 1.500000 1.163532
v 0.000000 1.500000 9.130000
v 2.630000 1.500000 9.130000
v 0.000000 1.500000 1.163532
v 0.000000 1.562478 9.130000
v 0.000000 1.562478 1.163532
v 2.579646 1.562478 3.443123
v 0.000000 1.500000 2.279744
v 2.550000 1.700000 3.443124
v 0.000000 1.700000 3.443123
v 2.630000 1.562478 3.443123
v 2.630000 1.500000 3.443123
v 2.398123 1.500000 2.279743
v 2.398123 1.562478 2.279743
v 2.347769 1.562478 2.279743
v 2.318123 1.700000 2.279744
v 0.000000 1.700000 2.279743
v 0.000000 1.500000 3.443124
v -2.579646 1.562478 9.079646
v -2.347769 1.562478 1.213886
v -2.550000 1.700000 9.050000
v -2.318123 1.700000 1.243532
v -2.630000 1.562478 9.130000
v -2.398123 1.562478 1.163532
v -2.398123 1.500000 1.163532
v -2.630000 1.500000 9.130000
v -2.579646 1.562478 3.443123
v -2.550000 1.700000 3.443124
v -2.630000 1.562478 3.443123
v -2.630000 1.500000 3.443123
v -2.398123 1.500000 2.279743
v -2.398123 1.562478 2.279743
v -2.347769 1.562478 2.279743
v -2.318123 1.700000 2.279744
vt 1.982287 0.486794
vt 1.978535 0.056870
vt 1.986854 0.048405
vt 1.990679 0.486721
vt 0.337015 0.498308
vt 0.150987 0.496684
vt 0.154475 0.097012
vt 0.340503 0.098636
vt -0.042902 0.494992
vt -0.990679 0.486721
vt -0.986854 0.048405
vt -0.039077 0.056676
vt 0.845642 0.110345
vt 0.849013 0.496684
vt 0.676318 0.498191
vt 0.672946 0.111852
vt 0.845598 0.760413
vt 0.845642 0.783333
vt 0.672946 0.783333
vt 0.667962 0.760413
vt 0.893045 0.760413
vt 0.888148 0.783333
vt 0.501809 0.783333
vt 0.501765 0.760413
vt 0.486794 0.760413
vt 0.486837 0.783333
vt 0.061853 0.783333
vt 0.056869 0.760413
vt 0.845598 0.105405
vt 0.667962 0.106955
vt 0.659497 0.098636
vt 0.845525 0.097013
vt 0.901364 0.750000
vt 0.901364 0.760413
vt 0.501692 0.760413
vt 0.501692 0.750000
vt 0.486721 0.750000
vt 0.486721 0.760413
vt 0.048404 0.760413
vt 0.048404 0.750000
vt 0.845525 0.750000
vt 0.845525 0.760413
vt 0.659497 0.760413
vt 0.659497 0.750000
vt 0.671377 0.498235
vt 0.662985 0.498308
vt 1.986854 0.750000
vt 1.986854 0.760413
vt 1.039077 0.760413
vt 1.039077 0.750000
vt 1.039150 0.065068
vt 1.039077 0.056676
vt 1.978535 0.760413
vt 1.973637 0.783333
vt 1.039194 0.783333
vt 1.039150 0.760413
vt 1.973637 0.061854
vt 1.977346 0.486837
vt 1.042902 0.494992
vt 1.039194 0.070009
vt 1.994504 0.925038
vt 1.986039 0.916719
vt 0.333527 0.897979
vt 0.147499 0.896356
vt -0.046727 0.933309
vt -0.994504 0.925038
vt 0.852385 0.883023
vt 0.679689 0.884530
vt 0.147572 0.760413
vt 0.325208 0.760413
vt 0.320311 0.783333
vt 0.147615 0.783333
vt 0.110486 0.760413
vt 0.115470 0.783333
vt 0.916718 0.760413
vt 0.911821 0.783333
vt 0.852428 0.887964
vt 0.852501 0.896356
vt 0.666473 0.897979
vt 0.674792 0.889514
vt 0.102021 0.750000
vt 0.102021 0.760413
vt 0.925037 0.750000
vt 0.925037 0.760413
vt 0.147499 0.750000
vt 0.333527 0.750000
vt 0.333527 0.760413
vt 0.147499 0.760413
vt -0.994504 0.750000
vt -0.046727 0.750000
vt -0.046727 0.760413
vt -0.994504 0.760414
vt 1.046727 0.933309
vt 1.046654 0.924917
vt -0.986039 0.760414
vt -0.046654 0.760413
vt -0.046611 0.783333
vt -0.981055 0.783334
vt 1.981055 0.911821
vt 1.046611 0.919976
vt -1.044146 0.513206
vt -1.052538 0.513279
vt -1.056363 0.074962
vt -1.047898 0.083281
vt 0.724844 0.501692
vt 0.728332 0.102020
vt 0.914360 0.103644
vt 0.910872 0.503316
vt 1.104761 0.505008
vt 1.108587 0.066691
vt 2.056363 0.074962
vt 2.052538 0.513279
vt 0.085756 0.116977
vt 0.258451 0.115470
vt 0.261823 0.501809
vt 0.089128 0.503316
vt 0.085713 0.760413
vt 0.263349 0.760413
vt 0.258451 0.783333
vt 0.085756 0.783333
vt 0.110486 0.760413
vt 0.501766 0.760413
vt 0.501809 0.783333
vt 0.115470 0.783333
vt 0.486794 0.760413
vt 0.916719 0.760413
vt 0.911821 0.783333
vt 0.486837 0.783333
vt 0.085713 0.112036
vt 0.085640 0.103644
vt 0.271668 0.102021
vt 0.263349 0.110486
vt 0.102021 0.750000
vt 0.501692 0.750000
vt 0.501692 0.760413
vt 0.102021 0.760413
vt 0.486721 0.750000
vt 0.925038 0.750000
vt 0.925038 0.760413
vt 0.486721 0.760413
vt 0.085640 0.750000
vt 0.271668 0.750000
vt 0.271668 0.760413
vt 0.085640 0.760413
vt 0.275156 0.501692
vt 0.266764 0.501765
vt -1.056363 0.750000
vt -0.108587 0.750000
vt -0.108587 0.760413
vt -1.056363 0.760413
vt -0.108587 0.066691
vt -0.108513 0.075083
vt -1.047898 0.760413
vt -0.108513 0.760413
vt -0.108470 0.783333
vt -1.042914 0.783333
vt -1.042914 0.088179
vt -0.108470 0.080024
vt -0.104761 0.505008
vt -1.039205 0.513162
vt -1.040394 0.943130
vt -1.048713 0.951595
vt 0.907384 0.902987
vt 0.721356 0.901364
vt 2.048713 0.951595
vt 1.100936 0.943324
vt 0.092499 0.889655
vt 0.265195 0.888148
vt 0.907458 0.760413
vt 0.907501 0.783333
vt 0.734806 0.783333
vt 0.729822 0.760413
vt 0.893045 0.760413
vt 0.888148 0.783333
vt 0.061854 0.783333
vt 0.056870 0.760413
vt 0.092542 0.894595
vt 0.270178 0.893045
vt 0.278644 0.901364
vt 0.092616 0.902987
vt 0.901364 0.750000
vt 0.901364 0.760413
vt 0.048405 0.760413
vt 0.048405 0.750000
vt 0.907384 0.750000
vt 0.907384 0.760413
vt 0.721356 0.760413
vt 0.721356 0.750000
vt 2.048713 0.749999
vt 2.048713 0.760413
vt 1.100936 0.760413
vt 1.100936 0.750000
vt -0.101010 0.934932
vt -0.100936 0.943324
vt 2.040394 0.760413
vt 2.035496 0.783333
vt 1.101053 0.783333
vt 1.101010 0.760413
vt -1.035496 0.938146
vt -0.101053 0.929991
vn 0.0000 1.0000 0.0000
vn 0.0000 -1.0000 0.0000
vn 0.9775 0.2107 0.0000
vn 0.0000 0.2107 0.9775
vn 0.0000 0.2107 -0.9775
vn 0.0000 0.0000 1.0000
vn 0.0000 0.0000 -1.0000
vn 1.0000 0.0000 0.0000
vn -0.9775 0.2107 0.0000
vn -1.0000 0.0000 0.0000
usemtl sandstone
s 1
f 2719/5061/1019 2721/5062/1019 2727/5063/1019 2733/5064/1019
f 2732/5065/1020 2736/5066/1020 2741/5067/1020 2729/5068/1020
f 2746/5069/1020 2730/5070/1020 2731/5071/1020 2740/5072/1020
f 2744/5073/1019 2745/5074/1019 2726/5075/1019 2725/5076/1019
f 2743/5077/1021 2744/5078/1021 2725/5079/1021 2722/5080/1021
f 2722/5081/1022 2725/5082/1022 2726/5083/1022 2720/5084/1022
f 2719/5085/1023 2723/5086/1023 2724/5087/1023 2721/5088/1023
f 2743/5089/1019 2722/5090/1019 2728/5091/1019 2742/5092/1019
f 2729/5093/1024 2728/5094/1024 2734/5095/1024 2732/5096/1024
f 2730/5097/1025 2733/5098/1025 2727/5099/1025 2731/5100/1025
f 2741/5101/1026 2742/5102/1026 2728/5103/1026 2729/5104/1026
f 2722/5090/1019 2720/5105/1019 2734/5106/1019 2728/5091/1019
f 2731/5107/1026 2727/5108/1026 2739/5109/1026 2740/5110/1026
f 2721/5062/1019 2735/5111/1019 2739/5112/1019 2727/5063/1019
f 2721/5113/1021 2724/5114/1021 2737/5115/1021 2735/5116/1021
f 2724/5117/1019 2723/5118/1019 2738/5119/1019 2737/5120/1019
f 2719/5061/1019 2733/5064/1019 2751/5121/1019 2747/5122/1019
f 2732/5065/1020 2753/5123/1020 2759/5124/1020 2736/5066/1020
f 2746/5069/1020 2758/5125/1020 2754/5126/1020 2730/5070/1020
f 2762/5127/1019 2750/5128/1019 2726/5075/1019 2745/5074/1019
f 2761/5129/1027 2748/5130/1027 2750/5131/1027 2762/5132/1027
f 2748/5133/1022 2720/5084/1022 2726/5083/1022 2750/5134/1022
f 2719/5085/1023 2747/5135/1023 2749/5136/1023 2723/5086/1023
f 2761/5137/1019 2760/5138/1019 2752/5139/1019 2748/5140/1019
f 2753/5141/1024 2732/5096/1024 2734/5095/1024 2752/5142/1024
f 2730/5097/1025 2754/5143/1025 2751/5144/1025 2733/5098/1025
f 2759/5145/1028 2753/5146/1028 2752/5147/1028 2760/5148/1028
f 2748/5140/1019 2752/5139/1019 2734/5106/1019 2720/5105/1019
f 2754/5149/1028 2758/5150/1028 2757/5151/1028 2751/5152/1028
f 2747/5122/1019 2751/5121/1019 2757/5153/1019 2755/5154/1019
f 2747/5155/1027 2755/5156/1027 2756/5157/1027 2749/5158/1027
f 2749/5159/1019 2756/5160/1019 2738/5119/1019 2723/5118/1019
f 2763/5161/1019 2777/5162/1019 2771/5163/1019 2765/5164/1019
f 2776/5165/1020 2773/5166/1020 2785/5167/1020 2780/5168/1020
f 2790/5169/1020 2784/5170/1020 2775/5171/1020 2774/5172/1020
f 2788/5173/1019 2769/5174/1019 2770/5175/1019 2789/5176/1019
f 2787/5177/1021 2766/5178/1021 2769/5179/1021 2788/5180/1021
f 2766/5181/1023 2764/5182/1023 2770/5183/1023 2769/5184/1023
f 2763/5185/1022 2765/5186/1022 2768/5187/1022 2767/5188/1022
f 2787/5189/1019 2786/5190/1019 2772/5191/1019 2766/5192/1019
f 2773/5193/1025 2776/5194/1025 2778/5195/1025 2772/5196/1025
f 2774/5197/1024 2775/5198/1024 2771/5199/1024 2777/5200/1024
f 2785/5201/1026 2773/5202/1026 2772/5203/1026 2786/5204/1026
f 2766/5192/1019 2772/5191/1019 2778/5205/1019 2764/5206/1019
f 2775/5207/1026 2784/5208/1026 2783/5209/1026 2771/5210/1026
f 2765/5164/1019 2771/5163/1019 2783/5211/1019 2779/5212/1019
f 2765/5213/1021 2779/5214/1021 2781/5215/1021 2768/5216/1021
f 2768/5217/1019 2781/5218/1019 2782/5219/1019 2767/5220/1019
f 2763/5161/1019 2791/5221/1019 2795/5222/1019 2777/5162/1019
f 2776/5165/1020 2780/5168/1020 2803/5223/1020 2797/5224/1020
f 2790/5169/1020 2774/5172/1020 2798/5225/1020 2802/5226/1020
f 2806/5227/1019 2789/5176/1019 2770/5175/1019 2794/5228/1019
f 2805/5229/1027 2806/5230/1027 2794/5231/1027 2792/5232/1027
f 2792/5233/1023 2794/5234/1023 2770/5183/1023 2764/5182/1023
f 2763/5185/1022 2767/5188/1022 2793/5235/1022 2791/5236/1022
f 2805/5237/1019 2792/5238/1019 2796/5239/1019 2804/5240/1019
f 2797/5241/1025 2796/5242/1025 2778/5195/1025 2776/5194/1025
f 2774/5197/1024 2777/5200/1024 2795/5243/1024 2798/5244/1024
f 2803/5245/1028 2804/5246/1028 2796/5247/1028 2797/5248/1028
f 2792/5238/1019 2764/5206/1019 2778/5205/1019 2796/5239/1019
f 2798/5249/1028 2795/5250/1028 2801/5251/1028 2802/5252/1028
f 2791/5221/1019 2799/5253/1019 2801/5254/1019 2795/5222/1019
f 2791/5255/1027 2793/5256/1027 2800/5257/1027 2799/5258/1027
f 2793/5259/1019 2767/5220/1019 2782/5219/1019 2800/5260/1019
o Cube.472_Cube.308
v 4.671593 1.200000 -10.190488
v 6.671593 0.000000 -12.190488
v 5.171593 0.900000 -10.690488
v 6.171593 0.300000 -11.690488
v 5.671593 0.600000 -11.190488
v 4.671593 1.425000 -10.190488
v 5.241593 1.125000 -10.760488
v 5.171593 1.125000 -10.690488
v 4.741593 1.500000 -10.260488
v 4.741593 1.425000 -10.260488
v 5.241593 1.200000 -10.760488
v 5.671593 0.825000 -11.190488
v 5.741593 0.900000 -11.260488
v 6.171593 0.525000 -11.690488
v 6.241593 0.600000 -11.760488
v 6.741593 0.300000 -12.260488
v 6.671593 0.225000 -12.190488
v 5.741593 0.825000 -11.260488
v 6.241593 0.525000 -11.760488
v 6.741593 0.225000 -12.260488
v -4.671593 1.200000 -10.190488
v -6.671593 0.000000 -12.190488
v -5.171593 0.900000 -10.690488
v -6.171593 0.300000 -11.690488
v -5.671593 0.600000 -11.190488
v -4.671593 1.425000 -10.190488
v -5.241593 1.125000 -10.760488
v -5.171593 1.125000 -10.690488
v -4.741593 1.500000 -10.260488
v -4.741593 1.425000 -10.260488
v -5.241593 1.200000 -10.760488
v -5.671593 0.825000 -11.190488
v -5.741593 0.900000 -11.260488
v -6.171593 0.525000 -11.690488
v -6.241593 0.600000 -11.760488
v -6.741593 0.300000 -12.260488
v -6.671593 0.225000 -12.190488
v -5.741593 0.825000 -11.260488
v -6.241593 0.525000 -11.760488
v -6.741593 0.225000 -12.260488
v 4.671593 1.200000 10.190488
v 6.671593 0.000000 12.190488
v 5.171593 0.900000 10.690488
v 6.171593 0.300000 11.690488
v 5.671593 0.600000 11.190488
v 4.671593 1.425000 10.190488
v 5.241593 1.125000 10.760488
v 5.171593 1.125000 10.690488
v 4.741593 1.500000 10.260488
v 4.741593 1.425000 10.260488
v 5.241593 1.200000 10.760488
v 5.671593 0.825000 11.190488
v 5.741593 0.900000 11.260488
v 6.171593 0.525000 11.690488
v 6.241593 0.600000 11.760488
v 6.741593 0.300000 12.260488
v 6.671593 0.225000 12.190488
v 5.741593 0.825000 11.260488
v 6.241593 0.525000 11.760488
v 6.741593 0.225000 12.260488
v -4.671593 1.200000 10.190488
v -6.671593 0.000000 12.190488
v -5.171593 0.900000 10.690488
v -6.171593 0.300000 11.690488
v -5.671593 0.600000 11.190488
v -4.671593 1.425000 10.190488
v -5.241593 1.125000 10.760488
v -5.171593 1.125000 10.690488
v -4.741593 1.500000 10.260488
v -4.741593 1.425000 10.260488
v -5.241593 1.200000 10.760488
v -5.671593 0.825000 11.190488
v -5.741593 0.900000 11.260488
v -6.171593 0.525000 11.690488
v -6.241593 0.600000 11.760488
v -6.741593 0.300000 12.260488
v -6.671593 0.225000 12.190488
v -5.741593 0.825000 11.260488
v -6.241593 0.525000 11.760488
v -6.741593 0.225000 12.260488
vt -1.320131 0.650000
vt 2.243228 0.650000
vt 2.243228 0.687500
vt -1.320131 0.687500
vt -1.502602 -0.641387
vt 2.584071 -0.605724
vt 2.572303 -0.594159
vt -1.491037 -0.629619
vt -1.426386 1.511557
vt -1.438154 1.523121
vt -1.419999 -0.557330
vt -1.408434 -0.545562
vt 2.426386 1.511556
vt 2.408434 -0.545562
vt 2.502601 -0.641388
vt 2.522212 1.605724
vt 2.325831 -0.461505
vt -1.404188 -0.428953
vt -1.500013 -0.523121
vt 2.419999 -0.557330
vt 2.342329 1.428953
vt 2.438154 1.523121
vt -0.473274 0.637500
vt 1.440517 0.637500
vt 1.440517 0.650000
vt -0.473274 0.650000
vt 2.500013 -0.523121
vt 2.488245 -0.511557
vt -0.641388 0.537500
vt 1.605723 0.537500
vt 1.605723 0.550000
vt -0.641388 0.550000
vt -0.629620 0.500000
vt 1.594159 0.500000
vt 1.594159 0.537500
vt -0.629620 0.537500
vt -0.461505 0.600000
vt 1.428953 0.600000
vt 1.428953 0.637500
vt -0.461505 0.637500
vt -1.236074 0.700000
vt 2.160625 0.700000
vt 2.160625 0.737500
vt -1.236074 0.737500
vt -0.293391 0.700000
vt 1.263747 0.700000
vt 1.263747 0.737500
vt -0.293391 0.737500
vt -1.254793 -0.389215
vt 2.331899 -0.357915
vt 2.320131 -0.346351
vt -1.243228 -0.377447
vt 2.174214 1.263748
vt 2.160625 -0.293390
vt 2.254793 -0.389216
vt 2.270040 1.357915
vt -0.389216 0.687500
vt 1.357914 0.687500
vt 1.357914 0.700000
vt -0.389216 0.700000
vt -1.172190 -0.305158
vt 2.247841 -0.275312
vt 2.236073 -0.263748
vt -1.160625 -0.293390
vt -0.305159 0.737500
vt 1.275312 0.737500
vt 1.275312 0.750000
vt -0.305159 0.750000
vt -1.236073 -0.263748
vt -1.331899 -0.357915
vt -1.247842 0.737500
vt 2.172190 0.737500
vt 2.172190 0.750000
vt -1.247842 0.750000
vt 2.243228 -0.377447
vt -1.320131 -0.346351
vt -1.415956 -0.440518
vt 2.337396 -0.473273
vt -1.404188 0.600000
vt 2.325831 0.600000
vt 2.325831 0.637500
vt -1.404188 0.637500
vt -0.557331 0.587500
vt 1.523120 0.587500
vt 1.523120 0.600000
vt -0.557331 0.600000
vt -1.510443 1.594159
vt -1.522212 1.605724
vt -1.331899 0.687500
vt 2.254793 0.687500
vt 2.254793 0.700000
vt -1.331899 0.700000
vt -1.488246 0.550000
vt 2.408434 0.550000
vt 2.408434 0.587500
vt -1.488246 0.587500
vt 2.258272 1.346351
vt 2.354097 1.440518
vt -1.584071 0.537500
vt 2.502602 0.537500
vt 2.502602 0.550000
vt -1.584071 0.550000
vt -1.258272 1.346351
vt -1.270040 1.357915
vt -1.572303 0.500000
vt 2.491037 0.500000
vt 2.491037 0.537500
vt -1.572303 0.537500
vt -1.342329 1.428954
vt -1.354097 1.440518
vt -1.337396 -0.473273
vt -1.325831 -0.461505
vt -1.500014 0.587500
vt 2.419999 0.587500
vt 2.419999 0.600000
vt -1.500014 0.600000
vt 2.415956 -0.440518
vt 2.404188 -0.428954
vt -1.488245 -0.511556
vt -1.584071 -0.605724
vt 2.399255 0.637499
vt 2.399255 0.649999
vt -1.354097 0.650001
vt -1.354097 0.637501
vt -0.545563 0.550000
vt 1.511556 0.550000
vt 1.511556 0.587500
vt -0.545563 0.587500
vt 2.552896 1.629619
vt 2.564461 1.641387
vt 2.470294 1.545562
vt 2.481858 1.557330
vt 2.564461 0.537499
vt 2.564461 0.549999
vt -1.522212 0.550001
vt -1.522212 0.537501
vt 2.387691 0.599999
vt 2.387691 0.637499
vt -1.342329 0.637501
vt -1.342329 0.600001
vt -1.174214 1.263748
vt -1.185982 1.275312
vt -1.316652 1.389215
vt -1.222484 1.293390
vt 2.305088 0.649999
vt 2.305088 0.687499
vt -1.258272 0.687501
vt -1.258272 0.650001
vt 2.305088 1.377447
vt 2.316652 1.389215
vt -1.510443 1.594159
vt -1.491037 -0.629619
vt 2.572303 -0.594159
vt 2.552896 1.629619
vt 2.222485 1.293390
vt 2.234049 1.305158
vt 2.234049 0.737499
vt 2.234049 0.749999
vt -1.185982 0.750000
vt -1.185982 0.737500
vt -1.399255 1.473273
vt -1.305087 1.377447
vt 2.552896 0.499999
vt 2.552896 0.537499
vt -1.510444 0.537501
vt -1.510444 0.500001
vt -1.564461 1.641388
vt -1.470293 1.545562
vt 2.316652 0.687499
vt 2.316652 0.699999
vt -1.270040 0.700001
vt -1.270040 0.687501
vt -1.481858 1.557330
vt -1.387690 1.461505
vt 2.481858 0.587499
vt 2.481858 0.599999
vt -1.438154 0.600001
vt -1.438154 0.587501
vt 2.387691 1.461505
vt 2.399255 1.473273
vt 1.357915 0.700000
vt -0.389216 0.700000
vt -0.389216 0.687500
vt 1.357915 0.687500
vt 2.470294 0.549999
vt 2.470294 0.587499
vt -1.426386 0.587501
vt -1.426386 0.550001
vt 1.275312 0.750000
vt -0.305158 0.750000
vt -0.305158 0.737500
vt 1.275312 0.737500
vt 1.605724 0.550000
vt -0.641388 0.550000
vt -0.641388 0.537500
vt 1.605724 0.537500
vt -0.377448 0.650000
vt 1.346350 0.650000
vt 1.346350 0.687500
vt -0.377448 0.687500
vt 1.594159 0.537500
vt -0.629620 0.537500
vt -0.629620 0.500000
vt 1.594159 0.500000
vt 1.346351 0.687500
vt -0.377448 0.687500
vt -0.377448 0.650000
vt 1.346351 0.650000
vt 1.263748 0.737500
vt -0.293390 0.737500
vt -0.293390 0.700000
vt 1.263748 0.700000
vt 1.428954 0.637500
vt -0.461505 0.637500
vt -0.461505 0.600000
vt 1.428954 0.600000
vt 1.440518 0.650000
vt -0.473273 0.650000
vt -0.473273 0.637500
vt 1.440518 0.637500
vt 1.523121 0.600000
vt -0.557330 0.600000
vt -0.557330 0.587500
vt 1.523121 0.587500
vt 1.511556 0.587500
vt -0.545562 0.587500
vt -0.545562 0.550000
vt 1.511556 0.550000
vt -1.247841 -0.275312
vt 2.172190 -0.305158
vt 2.185982 1.275312
vt -1.234049 1.305158
vt 2.222485 0.699999
vt 2.222485 0.737499
vt -1.174214 0.737500
vt -1.174214 0.700001
vt -1.415956 0.637500
vt 2.337396 0.637500
vt 2.337396 0.650000
vt -1.415956 0.650000
vn 1.0000 0.0000 0.0000
vn 0.0000 -1.0000 -0.0000
vn 0.0000 1.0000 0.0000
vn 0.0000 0.0000 -1.0000
vn -1.0000 0.0000 0.0000
vn 0.0000 0.0000 1.0000
usemtl sandstone
s 1
f 2849/5261/1029 2809/5262/1029 2814/5263/1029 2854/5264/1029
f 2826/5265/1030 2866/5266/1030 2863/5267/1030 2823/5268/1030
f 2840/5269/1030 2845/5270/1030 2825/5271/1030 2820/5272/1030
f 2830/5273/1031 2810/5274/1031 2822/5275/1031 2842/5276/1031
f 2811/5277/1031 2851/5278/1031 2861/5279/1031 2821/5280/1031
f 2831/5281/1031 2811/5277/1031 2821/5280/1031 2841/5282/1031
f 2824/5283/1032 2844/5284/1032 2839/5285/1032 2819/5286/1032
f 2825/5271/1030 2865/5287/1030 2860/5288/1030 2820/5272/1030
f 2826/5289/1032 2846/5290/1032 2842/5291/1032 2822/5292/1032
f 2808/5293/1032 2828/5294/1032 2843/5295/1032 2823/5296/1032
f 2811/5297/1032 2831/5298/1032 2838/5299/1032 2818/5300/1032
f 2847/5301/1029 2807/5302/1029 2812/5303/1029 2852/5304/1029
f 2807/5305/1032 2827/5306/1032 2832/5307/1032 2812/5308/1032
f 2813/5309/1030 2853/5310/1030 2854/5311/1030 2814/5312/1030
f 2827/5313/1031 2807/5314/1031 2817/5315/1031 2837/5316/1031
f 2813/5317/1032 2833/5318/1032 2837/5319/1032 2817/5320/1032
f 2816/5321/1030 2856/5322/1030 2852/5323/1030 2812/5324/1030
f 2816/5325/1032 2836/5326/1032 2835/5327/1032 2815/5328/1032
f 2807/5314/1031 2847/5329/1031 2857/5330/1031 2817/5315/1031
f 2856/5331/1029 2816/5332/1029 2815/5333/1029 2855/5334/1029
f 2809/5335/1031 2849/5336/1031 2859/5337/1031 2819/5338/1031
f 2851/5339/1029 2811/5340/1029 2818/5341/1029 2858/5342/1029
f 2825/5343/1032 2845/5344/1032 2841/5345/1032 2821/5346/1032
f 2843/5347/1030 2846/5348/1030 2826/5265/1030 2823/5268/1030
f 2853/5349/1029 2813/5350/1029 2817/5351/1029 2857/5352/1029
f 2850/5353/1029 2810/5354/1029 2820/5355/1029 2860/5356/1029
f 2829/5357/1031 2809/5335/1031 2819/5338/1031 2839/5358/1031
f 2866/5359/1029 2826/5360/1029 2822/5361/1029 2862/5362/1029
f 2834/5363/1030 2833/5364/1030 2813/5309/1030 2814/5312/1030
f 2848/5365/1029 2808/5366/1029 2823/5367/1029 2863/5368/1029
f 2838/5369/1030 2844/5370/1030 2824/5371/1030 2818/5372/1030
f 2865/5373/1029 2825/5374/1029 2821/5375/1029 2861/5376/1029
f 2824/5371/1030 2864/5377/1030 2858/5378/1030 2818/5372/1030
f 2810/5274/1031 2850/5379/1031 2862/5380/1031 2822/5275/1031
f 2884/5381/1033 2879/5382/1033 2839/5383/1033 2844/5384/1033
f 2810/5385/1032 2830/5386/1032 2840/5387/1032 2820/5388/1032
f 2843/5347/1030 2883/5389/1030 2886/5390/1030 2846/5348/1030
f 2840/5269/1030 2880/5391/1030 2885/5392/1030 2845/5270/1030
f 2886/5393/1033 2882/5394/1033 2842/5395/1033 2846/5396/1033
f 2871/5397/1033 2878/5398/1033 2838/5399/1033 2831/5400/1033
f 2832/5401/1030 2836/5402/1030 2816/5321/1030 2812/5324/1030
f 2837/5316/1031 2877/5403/1031 2867/5404/1031 2827/5313/1031
f 2869/5405/1033 2874/5406/1033 2834/5407/1033 2829/5408/1033
f 2834/5363/1030 2874/5409/1030 2873/5410/1030 2833/5364/1030
f 2828/5411/1030 2808/5412/1030 2848/5413/1030 2868/5414/1030
f 2832/5401/1030 2872/5415/1030 2876/5416/1030 2836/5402/1030
f 2876/5417/1033 2875/5418/1033 2835/5419/1033 2836/5420/1033
f 2839/5358/1031 2879/5421/1031 2869/5422/1031 2829/5357/1031
f 2868/5423/1033 2883/5424/1033 2843/5425/1033 2828/5426/1033
f 2842/5276/1031 2882/5427/1031 2870/5428/1031 2830/5273/1031
f 2873/5429/1033 2877/5430/1033 2837/5431/1033 2833/5432/1033
f 2841/5282/1031 2881/5433/1031 2871/5434/1031 2831/5281/1031
f 2885/5435/1033 2881/5436/1033 2841/5437/1033 2845/5438/1033
f 2838/5369/1030 2878/5439/1030 2884/5440/1030 2844/5370/1030
f 2857/5441/1034 2877/5442/1034 2873/5443/1034 2853/5444/1034
f 2870/5445/1033 2880/5446/1033 2840/5447/1033 2830/5448/1033
f 2855/5449/1034 2875/5450/1034 2876/5451/1034 2856/5452/1034
f 2880/5391/1030 2860/5288/1030 2865/5287/1030 2885/5392/1030
f 2870/5428/1031 2882/5427/1031 2862/5380/1031 2850/5379/1031
f 2862/5453/1034 2882/5454/1034 2886/5455/1034 2866/5456/1034
f 2809/5457/1032 2829/5458/1032 2834/5459/1032 2814/5460/1032
f 2863/5461/1034 2883/5462/1034 2868/5463/1034 2848/5464/1034
f 2854/5465/1034 2874/5466/1034 2869/5467/1034 2849/5468/1034
f 2852/5469/1034 2872/5470/1034 2867/5471/1034 2847/5472/1034
f 2867/5404/1031 2877/5403/1031 2857/5330/1031 2847/5329/1031
f 2872/5415/1030 2852/5323/1030 2856/5322/1030 2876/5416/1030
f 2858/5473/1034 2878/5474/1034 2871/5475/1034 2851/5476/1034
f 2859/5477/1034 2879/5478/1034 2884/5479/1034 2864/5480/1034
f 2883/5389/1030 2863/5267/1030 2866/5266/1030 2886/5390/1030
f 2861/5481/1034 2881/5482/1034 2885/5483/1034 2865/5484/1034
f 2871/5434/1031 2881/5433/1031 2861/5279/1031 2851/5278/1031
f 2874/5409/1030 2854/5311/1030 2853/5310/1030 2873/5410/1030
f 2869/5422/1031 2879/5421/1031 2859/5337/1031 2849/5336/1031
f 2878/5439/1030 2858/5378/1030 2864/5377/1030 2884/5440/1030
f 2860/5485/1034 2880/5486/1034 2870/5487/1034 2850/5488/1034
f 2855/5489/1031 2815/5490/1031 2835/5491/1031 2875/5492/1031
f 2867/5493/1033 2872/5494/1033 2832/5495/1033 2827/5496/1033
f 2864/5497/1029 2824/5498/1029 2819/5499/1029 2859/5500/1029
