# Blender v3.5.0 OBJ File: 'Enterables_egypt_walls_02.blend'
# www.blender.org
mtllib LOD0_egypt_walls_007.mtl
o Mesh.009_Cube.029
v 1.609150 10.999999 -6.460272
v 1.609150 10.999999 -7.544833
v 1.609150 10.999999 -8.455168
v 1.609150 10.999999 -9.539729
v 2.276300 10.999999 -7.544833
v 2.276300 10.999999 -6.460272
v 2.276300 10.999999 -9.539729
v 2.276300 10.999999 -8.455168
v 1.609150 10.999999 -0.460271
v 1.609150 10.999999 -1.544832
v 2.276300 10.999999 -1.544832
v 2.276300 10.999999 -0.460271
v 1.114931 10.016913 -10.000000
v 1.114931 10.016913 0.000000
v 1.184931 9.906913 -10.000000
v 1.184931 9.906913 0.000000
v 1.114931 10.016913 -2.500000
v 1.114931 10.016913 -5.000000
v 1.114931 10.016913 -7.500000
v 1.184931 9.906913 -2.500000
v 1.184931 9.906913 -5.000000
v 1.184931 9.906913 -7.500000
v 1.960070 9.200426 -10.000000
v 3.399848 0.000000 -10.000000
v 2.771999 0.269211 -10.000000
v 1.164931 9.916913 -10.000000
v 2.276300 10.999999 -10.000000
v 1.609150 10.999999 -10.000000
v 2.215312 10.079347 -10.000000
v 2.215312 10.032804 -10.000000
v 2.215312 9.492064 -10.000000
v 2.215312 9.445521 -10.000000
v 1.956974 10.513315 -10.000000
v 1.956974 10.443094 -10.000000
v 1.956974 10.372873 -10.000000
v 2.771999 0.269211 -8.850000
v 2.771999 0.269211 -9.150000
v 2.771999 0.269211 -6.850000
v 2.771999 0.269211 -7.150000
v 2.771999 0.269211 -2.850000
v 2.771999 0.269211 -3.150000
v 0.000000 0.279211 -10.000000
v 1.114931 9.906913 -10.000000
v 2.846531 0.000000 -10.000000
v -2.642390 4.498989 -4.843963
v -2.642390 4.498989 -4.703510
v -2.642390 4.498989 -5.296490
v -2.642390 4.498989 -5.156037
v -1.114931 10.016913 -10.000000
v -1.114931 10.016913 0.000000
v -1.184931 9.906913 -10.000000
v -1.184931 9.906913 0.000000
v -1.114931 10.016913 -2.500000
v -1.114931 10.016913 -5.000000
v -1.114931 10.016913 -7.500000
v -1.184931 9.906913 -2.500000
v -1.184931 9.906913 -5.000000
v -1.184931 9.906913 -7.500000
v -1.960070 9.200426 -10.000000
v -3.399848 0.000000 -10.000000
v -2.771999 0.269211 -10.000000
v -2.771999 0.269211 -8.850000
v -2.771999 0.269211 -9.150000
v -2.771999 0.269211 -6.850000
v -2.771999 0.269211 -7.150000
v -2.771999 0.269211 -2.850000
v -2.771999 0.269211 -3.150000
v -2.771999 0.269211 -0.850000
v -2.771999 0.269211 -1.150000
v -1.114931 9.906913 -10.000000
v -2.846531 0.000000 -10.000000
v 1.609150 10.999999 7.544833
v 1.609150 10.999999 8.455168
v 1.609150 10.999999 9.539729
v 2.276300 10.999999 7.544833
v 2.276300 10.999999 9.539729
v 2.276300 10.999999 8.455168
v 1.609150 10.999999 0.460271
v 1.609150 10.999999 1.544832
v 1.609150 10.999999 2.455168
v 2.276300 10.999999 1.544832
v 2.276300 10.999999 0.460271
v 2.276300 10.999999 2.455168
v 1.114931 10.016913 10.000000
v 1.184931 9.906913 10.000000
v 1.114931 10.016913 2.500000
v 1.114931 10.016913 5.000000
v 1.114931 10.016913 7.500000
v 1.184931 9.906913 2.500000
v 1.184931 9.906913 5.000000
v 1.184931 9.906913 7.500000
v 1.960070 9.200426 10.000000
v 3.399848 0.000000 10.000000
v 2.771999 0.269211 10.000000
v 1.164931 9.916913 10.000000
v 2.276300 10.999999 10.000000
v 1.609150 10.999999 10.000000
v 2.215312 10.079347 10.000000
v 2.215312 10.032804 10.000000
v 2.215312 9.492064 10.000000
v 2.215312 9.445521 10.000000
v 1.956974 10.513315 10.000000
v 1.956974 10.443094 10.000000
v 1.956974 10.372873 10.000000
v 2.771999 0.269211 8.850000
v 2.771999 0.269211 9.150000
v 2.771999 0.269211 6.850000
v 2.771999 0.269211 7.150000
v 1.114931 9.906913 10.000000
v 0.000000 0.269211 10.000000
v 2.846531 0.000000 10.000000
v -2.642390 4.498989 4.843963
v -2.642390 4.498989 4.703510
v -2.642390 4.498989 5.296490
v -2.642390 4.498989 5.156037
v -1.114931 10.016913 10.000000
v -1.184931 9.906913 10.000000
v -1.114931 10.016913 2.500000
v -1.114931 10.016913 5.000000
v -1.114931 10.016913 7.500000
v -1.184931 9.906913 2.500000
v -1.184931 9.906913 5.000000
v -1.184931 9.906913 7.500000
v -1.960070 9.200426 10.000000
v -3.399848 0.000000 10.000000
v -2.771999 0.269211 10.000000
v -2.771999 0.269211 8.850000
v -2.771999 0.269211 9.150000
v -2.771999 0.269211 6.850000
v -2.771999 0.269211 7.150000
v -2.771999 0.269211 2.850000
v -2.771999 0.269211 3.150000
v -2.771999 0.269211 0.850000
v -2.771999 0.269211 1.150000
v -1.114931 9.906913 10.000000
v -2.846531 0.000000 10.000000
v 2.771999 0.269211 -4.850000
v 2.771999 0.269211 -5.150000
v 1.609150 10.999999 -4.465375
v 1.609150 10.999999 -5.549936
v 2.276300 10.999999 -5.549936
v 2.276300 10.999999 -4.465375
v 1.164931 9.916913 6.500000
v 1.164931 9.916913 3.500000
v 0.000000 9.916913 6.500000
v 0.000000 9.916913 3.500000
v 2.215312 10.032804 6.500000
v 2.215312 10.032804 3.500000
v 2.215312 10.079347 6.500000
v 2.215312 10.079347 3.500000
v 2.215312 9.445521 6.500000
v 2.215312 9.445521 3.500000
v 2.215312 9.492064 6.500000
v 2.215312 9.492064 3.500000
v 1.956974 10.513315 6.500000
v 1.956974 10.513315 3.500000
v 1.956974 10.443094 6.500000
v 1.956974 10.443094 3.500000
v 1.956974 10.372873 6.500000
v 1.956974 10.372873 3.500000
v 0.000000 9.190426 3.500000
v 0.000000 9.190426 6.500000
v 1.899312 10.310862 0.000000
v 2.073155 10.310862 1.824098
v 1.899312 10.575326 0.000000
v 2.073155 10.575326 1.824098
v 1.609150 10.999999 -2.460272
v 1.609150 10.999999 -3.544832
v 2.276300 10.999999 -3.544832
v 2.276300 10.999999 -2.460272
v -1.956974 10.372873 -0.645486
v -1.956974 10.443094 -0.645486
v -1.956974 10.513315 -0.645486
v -2.215312 9.492064 -0.645486
v -2.215312 9.445521 -0.645486
v -2.215312 10.079347 -0.645486
v -2.215312 10.032804 -0.645486
v -1.164931 9.916913 -0.645486
v -1.956975 10.372873 -10.000000
v -1.956975 10.443094 -10.000000
v -1.956975 10.513315 -10.000000
v -2.215313 9.445521 -10.000000
v -2.215313 9.492064 -10.000000
v -2.215313 10.032804 -10.000000
v -2.215313 10.079347 -10.000000
v -1.164932 9.916913 -10.000000
v -1.956973 10.372873 10.000000
v -1.956973 10.443094 10.000000
v -1.956973 10.513315 10.000000
v -2.215311 9.445521 10.000000
v -2.215311 9.492064 10.000000
v -2.215311 10.032804 10.000000
v -2.215311 10.079347 10.000000
v -1.164930 9.916913 10.000000
v -1.609150 10.999999 6.460272
v -1.609150 10.999999 7.544833
v -1.609150 10.999999 8.455168
v -1.609149 10.999999 9.539729
v -2.276299 10.999999 7.544833
v -2.276299 10.999999 6.460272
v -2.276299 10.999999 9.539729
v -2.276299 10.999999 8.455168
v -1.609150 10.999999 0.460271
v -1.609150 10.999999 1.544832
v -1.609150 10.999999 2.455168
v -1.609150 10.999999 3.539730
v -2.276300 10.999999 1.544832
v -2.276300 10.999999 0.460272
v -2.276300 10.999999 3.539730
v -2.276300 10.999999 2.455168
v -2.276299 10.999999 10.000000
v -1.609149 10.999999 10.000000
v -3.342496 0.025668 5.317128
v -3.342496 0.025668 4.682872
v -3.338242 0.072455 4.682872
v -3.338242 0.072455 5.317128
v -1.609151 10.999999 -6.460272
v -1.609151 10.999999 -7.544833
v -1.609151 10.999999 -8.455168
v -1.609151 10.999999 -9.539729
v -2.276301 10.999999 -7.544833
v -2.276300 10.999999 -6.460272
v -2.276301 10.999999 -9.539729
v -2.276301 10.999999 -8.455168
v -1.609150 10.999999 -0.460271
v -1.609150 10.999999 -1.544832
v -1.609151 10.999999 -2.455168
v -1.609151 10.999999 -3.539730
v -2.276300 10.999999 -1.544832
v -2.276300 10.999999 -0.460271
v -2.276300 10.999999 -3.539730
v -2.276300 10.999999 -2.455168
v -2.276301 10.999999 -10.000000
v -1.609151 10.999999 -10.000000
v -3.342497 0.025668 -5.317128
v -3.342497 0.025668 -4.682872
v -3.338243 0.072455 -4.682872
v -3.338243 0.072455 -5.317128
v -2.962615 3.113623 -4.349157
v -2.949946 3.123395 -4.279367
v -2.963936 3.087563 -4.160670
v -2.997741 2.848160 -4.046809
v -3.013252 3.103576 -4.451222
v -2.987623 3.071623 -4.346488
v -2.983291 3.041474 -4.276515
v -2.989965 3.011643 -4.226347
v 1.757989 11.403538 -8.639627
v 1.747989 11.413538 -8.637911
v 1.776273 11.413538 -8.609627
v 1.777989 11.403538 -8.619627
v 1.757989 11.403538 -9.355268
v 1.777989 11.403538 -9.375269
v 1.776273 11.413538 -9.385269
v 1.747989 11.413538 -9.356985
v 2.107462 11.403538 -9.375269
v 2.127462 11.403538 -9.355268
v 2.137462 11.413538 -9.356985
v 2.109178 11.413538 -9.385269
v 2.107462 11.403538 -8.619627
v 2.109178 11.413538 -8.609627
v 2.137462 11.413538 -8.637911
v 2.127462 11.403538 -8.639627
v 2.127462 11.403538 -6.644732
v 2.107462 11.403538 -6.624732
v 2.109178 11.413538 -6.614731
v 2.137462 11.413538 -6.643016
v 2.127462 11.403538 -7.360373
v 2.137462 11.413538 -7.362089
v 2.109178 11.413538 -7.390373
v 2.107462 11.403538 -7.380373
v 1.757989 11.403538 -7.360373
v 1.777989 11.403538 -7.380373
v 1.776273 11.413538 -7.390373
v 1.747989 11.413538 -7.362089
v 1.777989 11.403538 -6.624732
v 1.757989 11.403538 -6.644732
v 1.747989 11.413538 -6.643016
v 1.776273 11.413538 -6.614731
v 2.127462 11.403538 -0.644731
v 2.107462 11.403538 -0.624731
v 2.109178 11.413538 -0.614731
v 2.137462 11.413538 -0.643015
v 2.127462 11.403538 -1.360373
v 2.137462 11.413538 -1.362088
v 2.109178 11.413538 -1.390373
v 2.107462 11.403538 -1.380373
v 1.757989 11.403538 -1.360373
v 1.777989 11.403538 -1.380373
v 1.776273 11.413538 -1.390373
v 1.747989 11.413538 -1.362088
v 1.777989 11.403538 -0.624731
v 1.757989 11.403538 -0.644731
v 1.747989 11.413538 -0.643015
v 1.776273 11.413538 -0.614731
v 1.005397 10.007550 -0.148936
v 1.029506 10.016913 -0.135425
v 1.015995 10.007550 -0.159535
v 0.979506 10.016913 -0.185425
v 0.982419 10.007550 -0.171914
v 0.993018 10.007550 -0.182512
v 1.004506 9.976913 -0.171024
v 0.993908 9.976913 -0.160425
v 0.979506 10.016913 -2.314575
v 0.993018 10.007550 -2.317488
v 0.982419 10.007550 -2.328086
v 1.005397 10.007550 -2.351064
v 1.015995 10.007550 -2.340465
v 1.029506 10.016913 -2.364575
v 0.993908 9.976913 -2.339575
v 1.004506 9.976913 -2.328976
v 1.015995 10.007550 -7.659534
v 1.005397 10.007550 -7.648936
v 1.029506 10.016913 -7.635425
v 0.982419 10.007550 -7.671913
v 0.993018 10.007550 -7.682512
v 0.979506 10.016913 -7.685425
v 0.993908 9.976913 -7.660425
v 1.004506 9.976913 -7.671023
v 0.979506 10.016913 -9.814574
v 0.993018 10.007550 -9.817487
v 0.982419 10.007550 -9.828086
v 1.005397 10.007550 -9.851064
v 1.015995 10.007550 -9.840465
v 1.029506 10.016913 -9.864575
v 0.993908 9.976913 -9.839575
v 1.004507 9.976913 -9.828976
v 1.015995 10.007550 -5.159534
v 1.005397 10.007550 -5.148936
v 1.029506 10.016913 -5.135425
v 0.982419 10.007550 -5.171913
v 0.993018 10.007550 -5.182512
v 0.979506 10.016913 -5.185425
v 0.993908 9.976913 -5.160425
v 1.004506 9.976913 -5.171023
v 0.982419 10.007550 -7.328087
v 0.979506 10.016913 -7.314575
v 0.993018 10.007550 -7.317488
v 1.015995 10.007550 -7.340466
v 1.029506 10.016913 -7.364575
v 1.005397 10.007550 -7.351064
v 1.015995 10.007550 -2.659535
v 1.005397 10.007550 -2.648936
v 1.029506 10.016913 -2.635425
v 0.982419 10.007550 -2.671914
v 0.993018 10.007550 -2.682512
v 0.979506 10.016913 -2.685425
v 0.993908 9.976913 -2.660425
v 1.004506 9.976913 -2.671024
v 0.979506 10.016913 -4.814575
v 0.993018 10.007550 -4.817488
v 0.982419 10.007550 -4.828087
v 1.005397 10.007550 -4.851064
v 1.015995 10.007550 -4.840466
v 1.029506 10.016913 -4.864575
v 0.993908 9.976913 -4.839575
v 1.004506 9.976913 -4.828977
v 1.004507 9.976913 -7.328977
v 0.993908 9.976913 -7.339575
v 1.646584 11.393628 -9.467252
v 1.668477 11.413538 -9.436496
v 1.696762 11.413538 -9.464780
v 1.666681 11.393712 -9.487414
v 1.668477 11.413538 -8.558400
v 1.646584 11.393628 -8.527644
v 1.666681 11.393712 -8.507482
v 1.696762 11.413538 -8.530116
v 2.238867 11.393628 -6.532749
v 2.216973 11.413538 -6.563504
v 2.188689 11.413538 -6.535220
v 2.218770 11.393712 -6.512586
v 2.216973 11.413538 -7.441600
v 2.238867 11.393628 -7.472355
v 2.218770 11.393712 -7.492518
v 2.188689 11.413538 -7.469884
v 2.188689 11.413538 -9.464780
v 2.216973 11.413538 -9.436497
v 2.238867 11.393628 -9.467252
v 2.218770 11.393712 -9.487414
v 1.666681 11.393712 -6.512586
v 1.696761 11.413538 -6.535220
v 1.668477 11.413538 -6.563504
v 1.646584 11.393628 -6.532749
v 1.668477 11.413538 -7.441600
v 1.696761 11.413538 -7.469884
v 1.666681 11.393712 -7.492519
v 1.646584 11.393628 -7.472355
v 2.218770 11.393712 -8.507482
v 2.238867 11.393628 -8.527644
v 2.216973 11.413538 -8.558399
v 2.188689 11.413538 -8.530116
v 2.238867 11.393628 -0.532748
v 2.216973 11.413538 -0.563504
v 2.188689 11.413538 -0.535220
v 2.218770 11.393712 -0.512585
v 2.216973 11.413538 -1.441600
v 2.238867 11.393628 -1.472355
v 2.218770 11.393712 -1.492518
v 2.188689 11.413538 -1.469884
v 1.666681 11.393712 -0.512585
v 1.696762 11.413538 -0.535220
v 1.668477 11.413538 -0.563504
v 1.646584 11.393628 -0.532748
v 1.668477 11.413538 -1.441600
v 1.696762 11.413538 -1.469884
v 1.666681 11.393712 -1.492518
v 1.646584 11.393628 -1.472355
v 1.757989 11.363539 -9.355268
v 1.767989 11.353539 -9.365269
v 1.777989 11.363539 -9.375269
v 1.757989 11.363539 -8.639627
v 1.777989 11.363539 -8.619627
v 1.767989 11.353539 -8.629627
v 2.127462 11.363539 -6.644732
v 2.117462 11.353539 -6.634732
v 2.107462 11.363539 -6.624732
v 2.127462 11.363539 -7.360373
v 2.107462 11.363539 -7.380373
v 2.117462 11.353539 -7.370373
v 2.107462 11.363539 -9.375269
v 2.117462 11.353539 -9.365269
v 2.127462 11.363539 -9.355268
v 1.777989 11.363539 -6.624732
v 1.767989 11.353539 -6.634732
v 1.757989 11.363539 -6.644732
v 1.757989 11.363539 -7.360373
v 1.767989 11.353539 -7.370373
v 1.777989 11.363539 -7.380373
v 2.107462 11.363539 -8.619627
v 2.127462 11.363539 -8.639627
v 2.117462 11.353539 -8.629627
v 2.127462 11.363539 -0.644731
v 2.117462 11.353539 -0.634731
v 2.107462 11.363539 -0.624731
v 2.127462 11.363539 -1.360373
v 2.107462 11.363539 -1.380373
v 2.117462 11.353539 -1.370373
v 1.777989 11.363539 -0.624731
v 1.767989 11.353539 -0.634731
v 1.757989 11.363539 -0.644731
v 1.757989 11.363539 -1.360373
v 1.767989 11.353539 -1.370373
v 1.777989 11.363539 -1.380373
v 2.405351 10.890193 -10.000000
v 2.385450 10.868205 -10.000000
v 2.501039 10.919751 -10.000000
v 2.481138 10.897763 -10.000000
v 2.481039 10.999999 -10.000000
v 2.501039 10.979999 -10.000000
v 2.385450 10.824974 -10.000000
v 2.365540 10.803083 -10.000000
v 2.101230 9.210426 -10.000000
v 2.081230 9.190426 -10.000000
v 2.262300 10.793283 -10.000000
v 2.242390 10.771393 -10.000000
v 2.006974 10.575326 -10.000000
v 1.996974 10.565326 -10.000000
v 2.242390 10.595326 -10.000000
v 2.222390 10.575326 -10.000000
v 1.500000 10.868205 -10.000000
v 1.480099 10.890193 -10.000000
v 1.404313 10.897763 -10.000000
v 1.384412 10.919751 -10.000000
v 1.384412 10.979999 -10.000000
v 1.404412 10.999999 -10.000000
v 1.996974 10.320862 -10.000000
v 2.006974 10.310862 -10.000000
v 2.844764 0.230550 -10.000000
v 2.856476 0.219665 -10.000000
v 2.846531 0.210707 -10.000000
v 2.836531 0.220707 -10.000000
v 3.276121 0.175686 -10.000000
v 3.297590 0.153664 -10.000000
v 3.304248 0.069572 -10.000000
v 3.325826 0.049635 -10.000000
v 3.389848 0.049635 -10.000000
v 3.399848 0.039635 -10.000000
v 2.826031 0.279211 -10.000000
v 2.837797 0.269368 -10.000000
v 2.081230 10.310862 -10.000000
v 2.101230 10.290861 -10.000000
v 1.420000 10.136913 -10.000000
v 1.450000 10.166913 -10.000000
v 1.410000 10.086913 -10.000000
v 1.420000 10.096913 -10.000000
v 1.490000 10.166913 -10.000000
v 1.500000 10.176913 -10.000000
v 1.164931 10.066913 -10.000000
v 1.184931 10.086913 -10.000000
v 2.101230 10.162678 -10.000000
v 2.121230 10.142677 -10.000000
v 2.161230 10.142677 -10.000000
v 2.171230 10.132677 -10.000000
v 2.121230 9.382191 -10.000000
v 2.101230 9.362190 -10.000000
v 2.171230 9.392191 -10.000000
v 2.161230 9.382191 -10.000000
v 2.191001 10.029093 -10.000000
v 2.171230 10.006074 -10.000000
v 2.171230 10.106076 -10.000000
v 2.191001 10.083057 -10.000000
v 2.191001 9.441811 -10.000000
v 2.171230 9.418792 -10.000000
v 2.171230 9.518794 -10.000000
v 2.191001 9.495775 -10.000000
v 1.642711 11.141665 -1.526009
v 1.640737 11.121839 -1.548643
v 1.618844 11.101929 -1.511114
v 2.242739 11.141665 -0.479095
v 2.244713 11.121839 -0.456461
v 2.266607 11.101929 -0.493989
v 1.642711 11.141664 -7.526010
v 1.640737 11.121838 -7.548644
v 1.618844 11.101928 -7.511115
v 2.242739 11.141665 -6.479095
v 2.244713 11.121839 -6.456461
v 2.266607 11.101929 -6.493990
v 1.642711 11.141665 -8.473991
v 1.618844 11.101929 -8.488886
v 1.640737 11.121839 -8.451357
v 1.642711 11.141665 -9.520905
v 1.640737 11.121839 -9.543540
v 1.618844 11.101929 -9.506011
v 2.242739 11.141664 -9.520905
v 2.266607 11.101928 -9.506011
v 2.244713 11.121838 -9.543540
v 2.242739 11.141665 -8.473991
v 2.244713 11.121839 -8.451356
v 2.266607 11.101929 -8.488885
v 1.618844 11.101929 -0.493989
v 1.640737 11.121839 -0.456461
v 1.642711 11.141665 -0.479095
v 2.242739 11.141665 -1.526009
v 2.266607 11.101929 -1.511114
v 2.244713 11.121839 -1.548643
v 1.618844 11.101929 -6.493990
v 1.640737 11.121839 -6.456461
v 1.642711 11.141665 -6.479095
v 2.266607 11.101928 -7.511115
v 2.244713 11.121838 -7.548644
v 2.242739 11.141664 -7.526009
v 1.618844 11.101929 -10.000000
v 1.640737 11.121839 -10.000000
v 2.244713 11.121838 -10.000000
v 2.266607 11.101928 -10.000000
v 1.154931 10.016913 -10.000000
v 1.166720 10.007074 -10.000000
v 1.154931 10.016913 0.000000
v 1.166720 10.007074 0.000000
v 1.166720 10.007074 -7.500000
v 1.154931 10.016913 -7.500000
v 1.166720 10.007074 -5.000000
v 1.154931 10.016913 -5.000000
v 1.154931 10.016913 -2.500000
v 1.166720 10.007074 -2.500000
v 1.996974 10.533316 -10.000000
v 1.987273 10.520890 -10.000000
v 1.987273 10.505740 -10.000000
v 1.996974 10.493315 -10.000000
v 1.996974 10.463095 -10.000000
v 1.987273 10.450669 -10.000000
v 1.987273 10.435519 -10.000000
v 1.996974 10.423094 -10.000000
v 1.996974 10.392874 -10.000000
v 1.987273 10.380448 -10.000000
v 1.987273 10.365298 -10.000000
v 1.996974 10.352873 -10.000000
v 2.084013 7.837049 -10.000000
v 2.080388 7.876966 -10.000000
v 1.807721 8.582652 -3.150000
v 1.788214 8.577522 -3.130000
v 1.807721 8.582652 -2.850000
v 1.788214 8.577522 -2.870000
v 1.728886 9.200426 -2.850000
v 1.708724 9.200426 -2.870000
v 1.807721 8.582652 -7.150000
v 1.788214 8.577522 -7.130000
v 1.807721 8.582652 -6.850000
v 1.788214 8.577522 -6.870000
v 1.728886 9.200426 -6.850000
v 1.708724 9.200426 -6.870000
v 1.807721 8.582652 -9.150000
v 1.788214 8.577522 -9.129999
v 1.807721 8.582652 -8.850000
v 1.788214 8.577522 -8.870001
v 1.960070 9.200426 -2.830000
v 1.939987 9.200426 -2.850000
v 1.939987 9.200426 -7.150000
v 1.960070 9.200426 -7.170000
v 1.960070 9.200426 -6.830000
v 1.939987 9.200426 -6.850000
v 1.960070 9.200426 -8.830000
v 1.939987 9.200426 -8.850000
v 2.074643 7.875525 -2.870000
v 2.050167 7.988454 -2.850000
v 2.080388 7.876925 -2.830000
v 2.084010 7.837089 -2.850000
v 2.050167 7.988454 -3.150000
v 2.074643 7.875525 -3.130000
v 2.084010 7.837089 -3.150000
v 2.080388 7.876925 -3.170000
v 2.074643 7.875525 -6.870000
v 2.050167 7.988454 -6.850000
v 2.080388 7.876925 -6.830000
v 2.084010 7.837089 -6.850000
v 2.050167 7.988454 -7.150000
v 2.074643 7.875525 -7.130000
v 2.084010 7.837089 -7.150000
v 2.080388 7.876925 -7.170000
v 2.074643 7.875525 -8.870001
v 2.050167 7.988454 -8.850000
v 2.080388 7.876925 -8.830000
v 2.084010 7.837089 -8.850000
v 2.050167 7.988454 -9.150000
v 2.074643 7.875525 -9.129999
v 2.084010 7.837089 -9.150000
v 2.080388 7.876925 -9.170000
v 1.939987 9.200426 -9.150000
v 1.960070 9.200426 -9.170000
v 1.708724 9.200426 -9.129999
v 1.728886 9.200426 -9.150000
v 1.728886 9.200426 -8.850000
v 1.708724 9.200426 -8.870001
v 1.939987 9.200426 -3.150000
v 1.960070 9.200426 -3.170000
v 1.708724 9.200426 -3.130000
v 1.728886 9.200426 -3.150000
v 1.708724 9.200426 -7.130000
v 1.728886 9.200426 -7.150000
v 2.171230 9.862505 -9.579427
v 2.171230 9.841921 -9.600011
v 2.171230 9.841921 -9.399987
v 2.171230 9.862505 -9.420571
v 2.171230 9.662363 -9.420571
v 2.171230 9.682947 -9.399987
v 2.171230 9.682947 -9.600011
v 2.171230 9.662363 -9.579427
v 2.171230 9.862505 -8.579427
v 2.171230 9.841921 -8.600011
v 2.171230 9.841921 -8.399987
v 2.171230 9.862505 -8.420571
v 2.171230 9.662363 -8.420571
v 2.171230 9.682947 -8.399987
v 2.171230 9.682947 -8.600011
v 2.171230 9.662363 -8.579427
v 2.171230 9.862505 -7.579428
v 2.171230 9.841921 -7.600011
v 2.171230 9.841921 -7.399987
v 2.171230 9.862505 -7.420570
v 2.171230 9.662363 -7.420570
v 2.171230 9.682947 -7.399987
v 2.171230 9.682947 -7.600011
v 2.171230 9.662363 -7.579428
v 2.171230 9.862505 -6.579428
v 2.171230 9.841921 -6.600011
v 2.171230 9.841921 -6.399987
v 2.171230 9.862505 -6.420570
v 2.171230 9.662363 -6.420570
v 2.171230 9.682947 -6.399987
v 2.171230 9.682947 -6.600011
v 2.171230 9.662363 -6.579428
v 2.330109 9.822618 -9.539564
v 2.349507 9.797748 -9.535280
v 2.330108 9.802034 -9.560148
v 2.330109 9.822618 -9.460434
v 2.330108 9.802034 -9.439851
v 2.349507 9.797748 -9.464718
v 2.330109 9.822618 -8.539564
v 2.349507 9.797748 -8.535280
v 2.330108 9.802034 -8.560148
v 2.330109 9.822618 -8.460434
v 2.330108 9.802034 -8.439851
v 2.349507 9.797748 -8.464718
v 2.330109 9.822618 -7.539564
v 2.349507 9.797748 -7.535281
v 2.330108 9.802033 -7.560148
v 2.330109 9.822618 -7.460434
v 2.330108 9.802033 -7.439850
v 2.349507 9.797748 -7.464717
v 2.330109 9.822618 -6.539564
v 2.349507 9.797748 -6.535281
v 2.330108 9.802033 -6.560148
v 2.330109 9.822618 -6.460434
v 2.330108 9.802033 -6.439850
v 2.349507 9.797748 -6.464717
v 2.330109 9.702250 -2.460435
v 2.349507 9.727120 -2.464719
v 2.330108 9.722835 -2.439852
v 2.330109 9.702250 -2.539567
v 2.330108 9.722835 -2.560150
v 2.349507 9.727120 -2.535283
v 2.330109 9.702250 -3.460435
v 2.349507 9.727120 -3.464719
v 2.330108 9.722835 -3.439852
v 2.330109 9.702250 -3.539567
v 2.330108 9.722835 -3.560150
v 2.349507 9.727120 -3.535283
v 2.330109 9.822618 -3.539567
v 2.349507 9.797748 -3.535283
v 2.330108 9.802033 -3.560150
v 2.330109 9.822618 -3.460435
v 2.330108 9.802033 -3.439852
v 2.349507 9.797748 -3.464719
v 2.330109 9.822618 -2.539567
v 2.349507 9.797748 -2.535283
v 2.330108 9.802033 -2.560150
v 2.330109 9.822618 -2.460435
v 2.330108 9.802033 -2.439852
v 2.349507 9.797748 -2.464719
v 2.171230 9.662363 -3.420572
v 2.171230 9.682947 -3.399989
v 2.171230 9.682947 -3.600013
v 2.171230 9.662363 -3.579430
v 2.171230 9.862505 -3.579430
v 2.171230 9.841921 -3.600013
v 2.171230 9.841921 -3.399989
v 2.171230 9.862505 -3.420572
v 2.171230 9.662363 -2.420572
v 2.171230 9.682947 -2.399989
v 2.171230 9.682947 -2.600013
v 2.171230 9.662363 -2.579430
v 2.171230 9.862505 -2.579430
v 2.171230 9.841921 -2.600013
v 2.171230 9.841921 -2.399989
v 2.171230 9.862505 -2.420572
v 2.330109 9.702250 -6.460434
v 2.349507 9.727120 -6.464717
v 2.330108 9.722835 -6.439850
v 2.330109 9.702250 -6.539564
v 2.330108 9.722835 -6.560148
v 2.349507 9.727120 -6.535281
v 2.330109 9.702250 -7.460434
v 2.349507 9.727120 -7.464717
v 2.330108 9.722835 -7.439850
v 2.330109 9.702250 -7.539564
v 2.330108 9.722835 -7.560148
v 2.349507 9.727120 -7.535281
v 2.330109 9.702250 -8.460434
v 2.349507 9.727120 -8.464718
v 2.330108 9.722834 -8.439850
v 2.330109 9.702250 -8.539564
v 2.330108 9.722834 -8.560147
v 2.349507 9.727120 -8.535280
v 2.330109 9.702250 -9.460434
v 2.349507 9.727120 -9.464718
v 2.330108 9.722834 -9.439850
v 2.330109 9.702250 -9.539564
v 2.330108 9.722834 -9.560147
v 2.349507 9.727120 -9.535280
v -2.642390 10.547957 -4.843963
v -2.642390 10.558497 -4.854503
v -2.642390 10.698951 -4.714050
v -2.642390 10.688411 -4.703510
v -2.723130 10.576480 -4.815440
v -2.741988 10.599540 -4.788778
v -2.741988 10.613682 -4.802919
v -2.723130 10.587020 -4.825980
v -2.741988 4.498989 -4.788778
v -2.723130 4.498989 -4.815440
v -2.732559 4.498989 -4.735364
v -2.741988 4.498989 -4.748695
v -2.741988 10.653766 -4.762836
v -2.741988 10.639624 -4.748695
v -2.732559 10.656557 -4.735364
v -2.732559 10.667097 -4.745904
v -2.732559 10.667097 -5.254096
v -2.732559 10.656557 -5.264637
v -2.741988 10.639624 -5.251305
v -2.741988 10.653766 -5.237164
v -2.741988 4.498989 -5.251305
v -2.732559 4.498989 -5.264636
v -2.723130 4.498989 -5.184560
v -2.741988 4.498989 -5.211222
v -2.723130 10.587020 -5.174020
v -2.741988 10.613682 -5.197081
v -2.741988 10.599540 -5.211222
v -2.723130 10.576480 -5.184560
v -2.642390 10.688411 -5.296490
v -2.642390 10.698951 -5.285950
v -2.642390 10.558497 -5.145497
v -2.642390 10.547957 -5.156037
v -1.015995 10.007550 -0.159535
v -1.029506 10.016913 -0.135425
v -1.005397 10.007550 -0.148936
v -0.982419 10.007550 -0.171914
v -0.979506 10.016913 -0.185425
v -0.993018 10.007550 -0.182512
v -0.993908 9.976913 -0.160425
v -1.004506 9.976913 -0.171024
v -0.982419 10.007550 -2.328086
v -0.993018 10.007550 -2.317488
v -0.979506 10.016913 -2.314575
v -1.015995 10.007550 -2.340465
v -1.005397 10.007550 -2.351064
v -1.029506 10.016913 -2.364575
v -1.004506 9.976913 -2.328976
v -0.993908 9.976913 -2.339575
v -1.005397 10.007550 -7.648936
v -1.015995 10.007550 -7.659534
v -1.029506 10.016913 -7.635425
v -0.993018 10.007550 -7.682512
v -0.982419 10.007550 -7.671913
v -0.979506 10.016913 -7.685425
v -1.004507 9.976913 -7.671023
v -0.993908 9.976913 -7.660425
v -0.982419 10.007550 -9.828086
v -0.993018 10.007550 -9.817487
v -0.979506 10.016913 -9.814574
v -1.015995 10.007550 -9.840465
v -1.005397 10.007550 -9.851064
v -1.029506 10.016913 -9.864575
v -1.004506 9.976913 -9.828976
v -0.993908 9.976913 -9.839575
v -1.005397 10.007550 -5.148936
v -1.015995 10.007550 -5.159534
v -1.029506 10.016913 -5.135425
v -0.993018 10.007550 -5.182512
v -0.982419 10.007550 -5.171913
v -0.979506 10.016913 -5.185425
v -1.004507 9.976913 -5.171023
v -0.993908 9.976913 -5.160425
v -0.979506 10.016913 -7.314575
v -0.982419 10.007550 -7.328087
v -0.993018 10.007550 -7.317488
v -1.005397 10.007550 -7.351064
v -1.029506 10.016913 -7.364575
v -1.015995 10.007550 -7.340466
v -1.005397 10.007550 -2.648936
v -1.015995 10.007550 -2.659535
v -1.029506 10.016913 -2.635425
v -0.993018 10.007550 -2.682512
v -0.982419 10.007550 -2.671914
v -0.979506 10.016913 -2.685425
v -1.004506 9.976913 -2.671024
v -0.993908 9.976913 -2.660425
v -0.982419 10.007550 -4.828087
v -0.993018 10.007550 -4.817488
v -0.979506 10.016913 -4.814575
v -1.015995 10.007550 -4.840466
v -1.005397 10.007550 -4.851064
v -1.029506 10.016913 -4.864575
v -1.004506 9.976913 -4.828977
v -0.993908 9.976913 -4.839575
v -0.993908 9.976913 -7.339575
v -1.004506 9.976913 -7.328977
v -2.856476 0.219665 -10.000000
v -2.844764 0.230550 -10.000000
v -2.836531 0.220707 -10.000000
v -2.846531 0.210707 -10.000000
v -3.297590 0.153664 -10.000000
v -3.276121 0.175686 -10.000000
v -3.325826 0.049635 -10.000000
v -3.304248 0.069572 -10.000000
v -3.399848 0.039635 -10.000000
v -3.389848 0.049635 -10.000000
v -2.837797 0.269368 -10.000000
v -2.826031 0.279211 -10.000000
v -1.166720 10.007074 -10.000000
v -1.154931 10.016913 -10.000000
v -1.166720 10.007074 0.000000
v -1.154931 10.016913 0.000000
v -1.154931 10.016913 -7.500000
v -1.166720 10.007074 -7.500000
v -1.154931 10.016913 -5.000000
v -1.166720 10.007074 -5.000000
v -1.166720 10.007074 -2.500000
v -1.154931 10.016913 -2.500000
v -2.785830 4.508990 -4.215815
v -2.785830 4.498990 -4.225815
v -2.785830 4.498990 -4.457057
v -2.785830 4.508990 -4.467057
v -2.785830 4.508990 -5.532943
v -2.785830 4.498990 -5.542943
v -2.785830 4.498990 -5.774185
v -2.785830 4.508990 -5.784185
v -2.785830 5.187204 -4.225815
v -2.785830 5.160296 -4.215815
v -2.785830 5.160296 -4.467057
v -2.785830 5.187204 -4.457057
v -2.785830 5.187204 -5.542943
v -2.785830 5.160296 -5.532943
v -2.785830 5.160296 -5.784185
v -2.785830 5.187204 -5.774185
v -2.973354 4.498990 -4.457057
v -2.983354 4.508990 -4.457057
v -2.973354 4.508990 -4.467057
v -2.973354 4.498990 -4.225815
v -2.973354 4.508990 -4.215815
v -2.983354 4.508990 -4.225815
v -2.973354 4.498990 -5.542943
v -2.973354 4.508990 -5.532943
v -2.983354 4.508990 -5.542943
v -2.973354 4.498990 -5.774185
v -2.983354 4.508990 -5.774185
v -2.973354 4.508990 -5.784185
v -2.979638 4.703052 -4.457057
v -2.973354 4.691840 -4.467057
v -2.983354 4.683767 -4.457057
v -2.979638 4.703052 -4.225815
v -2.983354 4.683767 -4.225815
v -2.973354 4.691840 -4.215815
v -2.979638 4.703052 -5.542943
v -2.983354 4.683767 -5.542943
v -2.973354 4.691840 -5.532943
v -2.979638 4.703052 -5.774185
v -2.973354 4.691840 -5.784185
v -2.983354 4.683767 -5.774185
v -2.080384 7.876966 -10.000000
v -2.084010 7.837048 -10.000000
v -1.807721 8.582652 -1.150000
v -1.788214 8.577522 -1.130000
v -1.807721 8.582652 -0.850000
v -1.788214 8.577522 -0.870000
v -1.708724 9.200426 -0.870000
v -1.728886 9.200426 -0.850000
v -1.728886 9.200426 -1.150000
v -1.708724 9.200426 -1.130000
v -1.807721 8.582652 -3.150000
v -1.788214 8.577522 -3.130000
v -1.788214 8.577522 -2.870000
v -1.807721 8.582652 -2.850000
v -1.708724 9.200426 -2.870000
v -1.728886 9.200426 -2.850000
v -1.788214 8.577522 -7.130000
v -1.807721 8.582652 -7.150000
v -1.807721 8.582652 -6.850000
v -1.788214 8.577522 -6.870000
v -1.708724 9.200426 -6.870000
v -1.728886 9.200426 -6.850000
v -1.807721 8.582652 -9.150000
v -1.788214 8.577522 -9.129999
v -1.807721 8.582652 -8.850000
v -1.788214 8.577522 -8.870001
v -1.960070 9.200426 -1.170000
v -1.939987 9.200426 -1.150000
v -1.939987 9.200426 -0.850000
v -1.960070 9.200426 -0.830000
v -1.939987 9.200426 -2.850000
v -1.960070 9.200426 -2.830000
v -1.960070 9.200426 -7.170000
v -1.939987 9.200426 -7.150000
v -1.939987 9.200426 -6.850000
v -1.960070 9.200426 -6.830000
v -1.939987 9.200426 -8.850000
v -1.960070 9.200426 -8.830000
v -2.074643 7.875525 -0.870000
v -2.084010 7.837089 -0.850000
v -2.080388 7.876925 -0.830000
v -2.050167 7.988454 -0.850000
v -2.050167 7.988454 -1.150000
v -2.080388 7.876925 -1.170000
v -2.084010 7.837089 -1.150000
v -2.074643 7.875525 -1.130000
v -2.074643 7.875525 -2.870000
v -2.084010 7.837089 -2.850000
v -2.080388 7.876925 -2.830000
v -2.050167 7.988454 -2.850000
v -2.050167 7.988454 -3.150000
v -2.080388 7.876925 -3.170000
v -2.084010 7.837089 -3.150000
v -2.074643 7.875525 -3.130000
v -2.074643 7.875525 -6.870000
v -2.084010 7.837089 -6.850000
v -2.080388 7.876925 -6.830000
v -2.050167 7.988454 -6.850000
v -2.050167 7.988454 -7.150000
v -2.080388 7.876925 -7.170000
v -2.084010 7.837089 -7.150000
v -2.074643 7.875525 -7.130000
v -2.074643 7.875525 -8.870001
v -2.084010 7.837089 -8.850000
v -2.080388 7.876925 -8.830000
v -2.050167 7.988454 -8.850000
v -2.050167 7.988454 -9.150000
v -2.080388 7.876925 -9.170000
v -2.084010 7.837089 -9.150000
v -2.074643 7.875525 -9.129999
v -1.960070 9.200426 -9.170000
v -1.939987 9.200426 -9.150000
v -1.728886 9.200426 -9.150000
v -1.708724 9.200426 -9.129999
v -1.708724 9.200426 -8.870001
v -1.728886 9.200426 -8.850000
v -1.960070 9.200426 -3.170000
v -1.939987 9.200426 -3.150000
v -1.728886 9.200426 -3.150000
v -1.708724 9.200426 -3.130000
v -1.728886 9.200426 -7.150000
v -1.708724 9.200426 -7.130000
v -2.171230 9.841921 -9.600011
v -2.171230 9.862505 -9.579427
v -2.171230 9.862505 -9.420571
v -2.171230 9.841921 -9.399987
v -2.171230 9.682947 -9.399987
v -2.171230 9.662363 -9.420571
v -2.171230 9.662363 -9.579427
v -2.171230 9.682947 -9.600011
v -2.171230 9.841921 -8.600011
v -2.171230 9.862505 -8.579427
v -2.171230 9.862505 -8.420571
v -2.171230 9.841921 -8.399987
v -2.171230 9.682947 -8.399987
v -2.171230 9.662363 -8.420571
v -2.171230 9.662363 -8.579427
v -2.171230 9.682947 -8.600011
v -2.171230 9.841921 -7.600011
v -2.171230 9.862505 -7.579428
v -2.171230 9.862505 -7.420570
v -2.171230 9.841921 -7.399987
v -2.171230 9.682947 -7.399987
v -2.171230 9.662363 -7.420570
v -2.171230 9.662363 -7.579428
v -2.171230 9.682947 -7.600011
v -2.171230 9.841921 -6.600011
v -2.171230 9.862505 -6.579428
v -2.171230 9.862505 -6.420570
v -2.171230 9.841921 -6.399987
v -2.171230 9.682947 -6.399987
v -2.171230 9.662363 -6.420570
v -2.171230 9.662363 -6.579428
v -2.171230 9.682947 -6.600011
v -2.330109 9.702250 -0.460436
v -2.330108 9.722835 -0.439852
v -2.349507 9.727120 -0.464719
v -2.330109 9.702250 -0.539566
v -2.349507 9.727120 -0.535283
v -2.330108 9.722835 -0.560150
v -2.330109 9.702250 -1.460436
v -2.330108 9.722835 -1.439852
v -2.349507 9.727120 -1.464719
v -2.330109 9.822618 -9.539564
v -2.330108 9.802034 -9.560147
v -2.349507 9.797748 -9.535280
v -2.330109 9.822618 -9.460434
v -2.349507 9.797748 -9.464718
v -2.330108 9.802034 -9.439850
v -2.330109 9.822618 -8.539564
v -2.330108 9.802034 -8.560147
v -2.349507 9.797748 -8.535280
v -2.330109 9.822618 -8.460434
v -2.349507 9.797748 -8.464718
v -2.330108 9.802034 -8.439850
v -2.330109 9.822618 -7.539564
v -2.330108 9.802033 -7.560148
v -2.349507 9.797748 -7.535281
v -2.330109 9.822618 -7.460434
v -2.349507 9.797748 -7.464717
v -2.330108 9.802033 -7.439850
v -2.330109 9.822618 -6.539564
v -2.330108 9.802033 -6.560148
v -2.349507 9.797748 -6.535281
v -2.330109 9.822618 -6.460434
v -2.349507 9.797748 -6.464717
v -2.330108 9.802033 -6.439850
v -2.330109 9.702250 -1.539566
v -2.349507 9.727120 -1.535283
v -2.330108 9.722835 -1.560150
v -2.330109 9.702250 -2.460435
v -2.330108 9.722835 -2.439852
v -2.349507 9.727120 -2.464719
v -2.330109 9.702250 -2.539567
v -2.349507 9.727120 -2.535283
v -2.330108 9.722835 -2.560150
v -2.330109 9.702250 -3.460435
v -2.330108 9.722835 -3.439852
v -2.349507 9.727120 -3.464719
v -2.330109 9.702250 -3.539567
v -2.349507 9.727120 -3.535283
v -2.330108 9.722835 -3.560150
v -2.330109 9.822618 -3.539567
v -2.330108 9.802033 -3.560150
v -2.349507 9.797748 -3.535283
v -2.330109 9.822618 -3.460435
v -2.349507 9.797748 -3.464719
v -2.330108 9.802033 -3.439852
v -2.330109 9.822618 -2.539567
v -2.330108 9.802033 -2.560150
v -2.349507 9.797748 -2.535283
v -2.330109 9.822618 -2.460435
v -2.349507 9.797748 -2.464719
v -2.330108 9.802033 -2.439852
v -2.330109 9.822618 -1.539566
v -2.330108 9.802033 -1.560150
v -2.349507 9.797748 -1.535283
v -2.330109 9.822618 -1.460436
v -2.349507 9.797748 -1.464719
v -2.330108 9.802033 -1.439852
v -2.330109 9.822618 -0.539566
v -2.330108 9.802033 -0.560150
v -2.349507 9.797748 -0.535283
v -2.330109 9.822618 -0.460436
v -2.349507 9.797748 -0.464719
v -2.330108 9.802033 -0.439852
v -2.171230 9.682947 -3.399989
v -2.171230 9.662363 -3.420572
v -2.171230 9.662363 -3.579430
v -2.171230 9.682947 -3.600013
v -2.171230 9.841921 -3.600013
v -2.171230 9.862505 -3.579430
v -2.171230 9.862505 -3.420572
v -2.171230 9.841921 -3.399989
v -2.171230 9.682947 -2.399989
v -2.171230 9.662363 -2.420572
v -2.171230 9.662363 -2.579430
v -2.171230 9.682947 -2.600013
v -2.171230 9.841921 -2.600013
v -2.171230 9.862505 -2.579430
v -2.171230 9.862505 -2.420572
v -2.171230 9.841921 -2.399989
v -2.171230 9.682947 -1.399989
v -2.171230 9.662363 -1.420573
v -2.171230 9.662363 -1.579429
v -2.171230 9.682947 -1.600013
v -2.171230 9.841921 -1.600013
v -2.171230 9.862505 -1.579429
v -2.171230 9.862505 -1.420573
v -2.171230 9.841921 -1.399989
v -2.171230 9.682947 -0.399989
v -2.171230 9.662363 -0.420573
v -2.171230 9.662363 -0.579429
v -2.171230 9.682947 -0.600013
v -2.171230 9.841921 -0.600013
v -2.171230 9.862505 -0.579429
v -2.171230 9.862505 -0.420573
v -2.171230 9.841921 -0.399989
v -2.330109 9.702250 -6.460434
v -2.330108 9.722835 -6.439850
v -2.349507 9.727120 -6.464717
v -2.330109 9.702250 -6.539564
v -2.349507 9.727120 -6.535281
v -2.330108 9.722835 -6.560148
v -2.330109 9.702250 -7.460434
v -2.330108 9.722835 -7.439850
v -2.349507 9.727120 -7.464717
v -2.330109 9.702250 -7.539564
v -2.349507 9.727120 -7.535281
v -2.330108 9.722835 -7.560148
v -2.330109 9.702250 -8.460434
v -2.330108 9.722834 -8.439851
v -2.349507 9.727120 -8.464718
v -2.330109 9.702250 -8.539564
v -2.349507 9.727120 -8.535280
v -2.330108 9.722834 -8.560148
v -2.330109 9.702250 -9.460434
v -2.330108 9.722834 -9.439851
v -2.349507 9.727120 -9.464718
v -2.330109 9.702250 -9.539564
v -2.349507 9.727120 -9.535280
v -2.330108 9.722834 -9.560148
v 1.757989 11.403538 8.639627
v 1.777989 11.403538 8.619627
v 1.776273 11.413538 8.609627
v 1.747989 11.413538 8.637911
v 1.757989 11.403538 9.355268
v 1.747989 11.413538 9.356985
v 1.776273 11.413538 9.385269
v 1.777989 11.403538 9.375269
v 2.107462 11.403538 9.375269
v 2.109178 11.413538 9.385269
v 2.137462 11.413538 9.356985
v 2.127462 11.403538 9.355268
v 2.107462 11.403538 8.619627
v 2.127462 11.403538 8.639627
v 2.137462 11.413538 8.637911
v 2.109178 11.413538 8.609627
v 1.609150 10.999999 6.520000
v 1.629241 10.999999 6.500000
v 2.256210 10.999999 6.500000
v 2.276300 10.999999 6.520000
v 2.127462 11.403538 6.644732
v 2.137462 11.413538 6.643016
v 2.109178 11.413538 6.614731
v 2.107462 11.403538 6.624732
v 2.127462 11.403538 7.360373
v 2.107462 11.403538 7.380373
v 2.109178 11.413538 7.390373
v 2.137462 11.413538 7.362089
v 1.757989 11.403538 7.360373
v 1.747989 11.413538 7.362089
v 1.776273 11.413538 7.390373
v 1.777989 11.403538 7.380373
v 1.777989 11.403538 6.624732
v 1.776273 11.413538 6.614731
v 1.747989 11.413538 6.643016
v 1.757989 11.403538 6.644732
v 1.757989 11.403538 2.639627
v 1.777989 11.403538 2.619627
v 1.776273 11.413538 2.609627
v 1.747989 11.413538 2.637912
v 1.757989 11.403538 3.355269
v 1.747989 11.413538 3.356985
v 1.776273 11.413538 3.385269
v 1.777989 11.403538 3.375269
v 2.107462 11.403538 3.375269
v 2.109178 11.413538 3.385269
v 2.137462 11.413538 3.356985
v 2.127462 11.403538 3.355269
v 2.107462 11.403538 2.619627
v 2.127462 11.403538 2.639627
v 2.137462 11.413538 2.637912
v 2.109178 11.413538 2.609627
v 1.629241 10.999999 3.500000
v 1.609150 10.999999 3.480000
v 2.276300 10.999999 3.480000
v 2.256210 10.999999 3.500000
v 2.127462 11.403538 0.644731
v 2.137462 11.413538 0.643015
v 2.109178 11.413538 0.614731
v 2.107462 11.403538 0.624731
v 2.127462 11.403538 1.360373
v 2.107462 11.403538 1.380373
v 2.109178 11.413538 1.390373
v 2.137462 11.413538 1.362088
v 1.757989 11.403538 1.360373
v 1.747989 11.413538 1.362088
v 1.776273 11.413538 1.390373
v 1.777989 11.403538 1.380373
v 1.777989 11.403538 0.624731
v 1.776273 11.413538 0.614731
v 1.747989 11.413538 0.643015
v 1.757989 11.403538 0.644731
v 1.005397 10.007550 0.148936
v 1.015995 10.007550 0.159535
v 1.029506 10.016913 0.135425
v 0.979506 10.016913 0.185425
v 0.993018 10.007550 0.182512
v 0.982419 10.007550 0.171914
v 0.993908 9.976913 0.160425
v 1.004506 9.976913 0.171024
v 0.979506 10.016913 2.314575
v 0.982419 10.007550 2.328086
v 0.993018 10.007550 2.317488
v 1.005397 10.007550 2.351064
v 1.029506 10.016913 2.364575
v 1.015995 10.007550 2.340465
v 1.004506 9.976913 2.328976
v 0.993908 9.976913 2.339575
v 1.015995 10.007550 7.659534
v 1.029506 10.016913 7.635425
v 1.005397 10.007550 7.648936
v 0.982419 10.007550 7.671913
v 0.979506 10.016913 7.685425
v 0.993018 10.007550 7.682512
v 1.004507 9.976913 7.671023
v 0.993908 9.976913 7.660425
v 0.979506 10.016913 9.814574
v 0.982419 10.007550 9.828086
v 0.993018 10.007550 9.817487
v 1.005397 10.007550 9.851064
v 1.029506 10.016913 9.864575
v 1.015995 10.007550 9.840465
v 1.004506 9.976913 9.828976
v 0.993908 9.976913 9.839575
v 1.015995 10.007550 5.159534
v 1.029506 10.016913 5.135425
v 1.005397 10.007550 5.148936
v 0.982419 10.007550 5.171913
v 0.979506 10.016913 5.185425
v 0.993018 10.007550 5.182512
v 1.004507 9.976913 5.171023
v 0.993908 9.976913 5.160425
v 0.982419 10.007550 7.328087
v 0.993018 10.007550 7.317488
v 0.979506 10.016913 7.314575
v 1.015995 10.007550 7.340466
v 1.005397 10.007550 7.351064
v 1.029506 10.016913 7.364575
v 1.015995 10.007550 2.659535
v 1.029506 10.016913 2.635425
v 1.005397 10.007550 2.648936
v 0.982419 10.007550 2.671914
v 0.979506 10.016913 2.685425
v 0.993018 10.007550 2.682512
v 1.004506 9.976913 2.671024
v 0.993908 9.976913 2.660425
v 0.979506 10.016913 4.814575
v 0.982419 10.007550 4.828087
v 0.993018 10.007550 4.817488
v 1.005397 10.007550 4.851064
v 1.029506 10.016913 4.864575
v 1.015995 10.007550 4.840466
v 1.004506 9.976913 4.828977
v 0.993908 9.976913 4.839575
v 0.993908 9.976913 7.339575
v 1.004506 9.976913 7.328977
v 1.646584 11.393628 9.467252
v 1.666681 11.393712 9.487414
v 1.696762 11.413538 9.464780
v 1.668477 11.413538 9.436496
v 1.668477 11.413538 8.558400
v 1.696762 11.413538 8.530116
v 1.666681 11.393712 8.507482
v 1.646584 11.393628 8.527644
v 2.238867 11.393628 6.534208
v 2.218783 11.393565 6.514178
v 2.188689 11.413538 6.535220
v 2.216973 11.413538 6.563504
v 2.216973 11.413538 7.441600
v 2.188689 11.413538 7.469884
v 2.218770 11.393712 7.492519
v 2.238867 11.393628 7.472355
v 2.188689 11.413538 9.464780
v 2.218770 11.393712 9.487414
v 2.238867 11.393628 9.467252
v 2.216973 11.413538 9.436497
v 1.666668 11.393565 6.514178
v 1.646584 11.393628 6.534208
v 1.668477 11.413538 6.563504
v 1.696761 11.413538 6.535220
v 1.668477 11.413538 7.441600
v 1.646584 11.393628 7.472355
v 1.666681 11.393712 7.492519
v 1.696761 11.413538 7.469884
v 2.218770 11.393712 8.507482
v 2.188689 11.413538 8.530116
v 2.216973 11.413538 8.558399
v 2.238867 11.393628 8.527644
v 1.646584 11.393628 3.465793
v 1.666668 11.393565 3.485823
v 1.696761 11.413538 3.464781
v 1.668477 11.413538 3.436496
v 1.668477 11.413538 2.558400
v 1.696761 11.413538 2.530116
v 1.666681 11.393712 2.507482
v 1.646584 11.393628 2.527645
v 2.238867 11.393628 0.532748
v 2.218770 11.393712 0.512585
v 2.188689 11.413538 0.535220
v 2.216973 11.413538 0.563504
v 2.216973 11.413538 1.441600
v 2.188689 11.413538 1.469884
v 2.218770 11.393712 1.492518
v 2.238867 11.393628 1.472355
v 2.188689 11.413538 3.464781
v 2.218783 11.393565 3.485823
v 2.238867 11.393628 3.465793
v 2.216973 11.413538 3.436497
v 1.666681 11.393712 0.512585
v 1.646584 11.393628 0.532748
v 1.668477 11.413538 0.563504
v 1.696762 11.413538 0.535220
v 1.668477 11.413538 1.441600
v 1.646584 11.393628 1.472355
v 1.666681 11.393712 1.492518
v 1.696762 11.413538 1.469884
v 2.218770 11.393712 2.507482
v 2.188689 11.413538 2.530116
v 2.216973 11.413538 2.558400
v 2.238867 11.393628 2.527645
v 1.757989 11.363539 9.355268
v 1.777989 11.363539 9.375269
v 1.767989 11.353539 9.365269
v 1.757989 11.363539 8.639627
v 1.767989 11.353539 8.629627
v 1.777989 11.363539 8.619627
v 2.127462 11.363539 6.644732
v 2.107462 11.363539 6.624732
v 2.117462 11.353539 6.634732
v 2.127462 11.363539 7.360373
v 2.117462 11.353539 7.370373
v 2.107462 11.363539 7.380373
v 2.107462 11.363539 9.375269
v 2.127462 11.363539 9.355268
v 2.117462 11.353539 9.365269
v 1.777989 11.363539 6.624732
v 1.757989 11.363539 6.644732
v 1.767989 11.353539 6.634732
v 1.757989 11.363539 7.360373
v 1.777989 11.363539 7.380373
v 1.767989 11.353539 7.370373
v 2.107462 11.363539 8.619627
v 2.117462 11.353539 8.629627
v 2.127462 11.363539 8.639627
v 1.757989 11.363539 3.355269
v 1.777989 11.363539 3.375269
v 1.767989 11.353539 3.365269
v 1.757989 11.363539 2.639627
v 1.767989 11.353539 2.629627
v 1.777989 11.363539 2.619627
v 2.127462 11.363539 0.644731
v 2.107462 11.363539 0.624731
v 2.117462 11.353539 0.634731
v 2.127462 11.363539 1.360373
v 2.117462 11.353539 1.370373
v 2.107462 11.363539 1.380373
v 2.107462 11.363539 3.375269
v 2.127462 11.363539 3.355269
v 2.117462 11.353539 3.365269
v 1.777989 11.363539 0.624731
v 1.757989 11.363539 0.644731
v 1.767989 11.353539 0.634731
v 1.757989 11.363539 1.360373
v 1.777989 11.363539 1.380373
v 1.767989 11.353539 1.370373
v 2.107462 11.363539 2.619627
v 2.117462 11.353539 2.629627
v 2.127462 11.363539 2.639627
v 2.385450 10.868205 10.000000
v 2.405351 10.890193 10.000000
v 2.481138 10.897763 10.000000
v 2.501039 10.919751 10.000000
v 2.501039 10.979999 10.000000
v 2.481039 10.999999 10.000000
v 2.365540 10.803083 10.000000
v 2.385450 10.824974 10.000000
v 2.081230 9.190426 10.000000
v 2.101230 9.210426 10.000000
v 2.242390 10.771393 10.000000
v 2.262300 10.793283 10.000000
v 1.996974 10.565326 10.000000
v 2.006974 10.575326 10.000000
v 2.222390 10.575326 10.000000
v 2.242390 10.595326 10.000000
v 1.480099 10.890193 10.000000
v 1.500000 10.868205 10.000000
v 1.384412 10.919751 10.000000
v 1.404313 10.897763 10.000000
v 1.404412 10.999999 10.000000
v 1.384412 10.979999 10.000000
v 2.006974 10.310862 10.000000
v 1.996974 10.320862 10.000000
v 2.856476 0.219665 10.000000
v 2.844764 0.230550 10.000000
v 2.836531 0.220707 10.000000
v 2.846531 0.210707 10.000000
v 3.297590 0.153664 10.000000
v 3.276121 0.175686 10.000000
v 3.325826 0.049635 10.000000
v 3.304248 0.069572 10.000000
v 3.399848 0.039635 10.000000
v 3.389848 0.049635 10.000000
v 2.837797 0.269368 10.000000
v 2.826031 0.279175 10.000000
v 2.101230 10.290861 10.000000
v 2.081230 10.310862 10.000000
v 1.450000 10.166913 10.000000
v 1.420000 10.136913 10.000000
v 1.420000 10.096913 10.000000
v 1.410000 10.086913 10.000000
v 1.500000 10.176913 10.000000
v 1.490000 10.166913 10.000000
v 1.184931 10.086913 10.000000
v 1.164931 10.066913 10.000000
v 2.121230 10.142677 10.000000
v 2.101230 10.162678 10.000000
v 2.171230 10.132677 10.000000
v 2.161230 10.142677 10.000000
v 2.101230 9.362190 10.000000
v 2.121230 9.382191 10.000000
v 2.161230 9.382191 10.000000
v 2.171230 9.392191 10.000000
v 2.171230 10.006074 10.000000
v 2.191001 10.029093 10.000000
v 2.191001 10.083057 10.000000
v 2.171230 10.106076 10.000000
v 2.171230 9.418792 10.000000
v 2.191001 9.441811 10.000000
v 2.191001 9.495775 10.000000
v 2.171230 9.518794 10.000000
v 1.618844 11.101929 1.511114
v 1.640737 11.121839 1.548643
v 1.642711 11.141665 1.526009
v 2.242739 11.141665 0.479095
v 2.266607 11.101929 0.493989
v 2.244713 11.121839 0.456461
v 1.618844 11.101928 7.511115
v 1.640737 11.121838 7.548644
v 1.642711 11.141664 7.526009
v 2.244623 11.121842 6.500000
v 2.264763 11.121318 6.520000
v 1.642711 11.141665 2.473992
v 1.640737 11.121839 2.451357
v 1.618844 11.101929 2.488886
v 1.642711 11.141665 8.473991
v 1.640737 11.121839 8.451357
v 1.618844 11.101929 8.488886
v 1.640827 11.121838 3.500000
v 1.620688 11.121322 3.480000
v 1.618844 11.101929 9.506011
v 1.640737 11.121839 9.543540
v 1.642711 11.141665 9.520905
v 2.244623 11.121838 3.500000
v 2.264762 11.121322 3.480000
v 2.242739 11.141664 9.520905
v 2.244713 11.121838 9.543540
v 2.266607 11.101928 9.506011
v 2.242739 11.141665 2.473992
v 2.266607 11.101929 2.488886
v 2.244713 11.121839 2.451357
v 2.242739 11.141665 8.473990
v 2.266607 11.101929 8.488885
v 2.244713 11.121839 8.451356
v 1.642711 11.141665 0.479095
v 1.640737 11.121839 0.456461
v 1.618844 11.101929 0.493989
v 2.242739 11.141665 1.526009
v 2.244713 11.121839 1.548643
v 2.266607 11.101929 1.511114
v 1.620688 11.121318 6.520000
v 1.640828 11.121842 6.500000
v 2.242739 11.141664 7.526009
v 2.244713 11.121838 7.548644
v 2.266607 11.101928 7.511115
v 1.640737 11.121839 10.000000
v 1.618844 11.101929 10.000000
v 2.266607 11.101928 10.000000
v 2.244713 11.121838 10.000000
v 1.166720 10.007074 10.000000
v 1.154931 10.016913 10.000000
v 1.154931 10.016913 7.500000
v 1.166720 10.007074 7.500000
v 1.154931 10.016913 5.000000
v 1.166720 10.007074 5.000000
v 1.166720 10.007074 2.500000
v 1.154931 10.016913 2.500000
v 1.987273 10.520890 10.000000
v 1.996974 10.533316 10.000000
v 1.996974 10.493315 10.000000
v 1.987273 10.505740 10.000000
v 1.987273 10.450669 10.000000
v 1.996974 10.463095 10.000000
v 1.996974 10.423094 10.000000
v 1.987273 10.435519 10.000000
v 1.987273 10.380448 10.000000
v 1.996974 10.392874 10.000000
v 1.996974 10.352873 10.000000
v 1.987273 10.365298 10.000000
v 2.080384 7.876966 10.000000
v 2.084010 7.837048 10.000000
v 1.788214 8.577522 7.130000
v 1.807721 8.582652 7.150000
v 1.807721 8.582652 6.850000
v 1.788214 8.577522 6.870000
v 1.708724 9.200426 6.870000
v 1.728886 9.200426 6.850000
v 1.807721 8.582652 9.150000
v 1.788214 8.577522 9.129999
v 1.807721 8.582652 8.850000
v 1.788214 8.577522 8.870001
v 1.960070 9.200426 7.170000
v 1.939987 9.200426 7.150000
v 1.939987 9.200426 6.850000
v 1.960070 9.200426 6.830000
v 1.939987 9.200426 8.850000
v 1.960070 9.200426 8.830000
v 2.074643 7.875525 6.870000
v 2.084010 7.837089 6.850000
v 2.080388 7.876925 6.830000
v 2.050167 7.988454 6.850000
v 2.050167 7.988454 7.150000
v 2.080388 7.876925 7.170000
v 2.084010 7.837089 7.150000
v 2.074643 7.875525 7.130000
v 2.074643 7.875525 8.870001
v 2.084010 7.837089 8.850000
v 2.080388 7.876925 8.830000
v 2.050167 7.988454 8.850000
v 2.050167 7.988454 9.150000
v 2.080388 7.876925 9.170000
v 2.084010 7.837089 9.150000
v 2.074643 7.875525 9.129999
v 1.960070 9.200426 9.170000
v 1.939987 9.200426 9.150000
v 1.728886 9.200426 9.150000
v 1.708724 9.200426 9.129999
v 1.708724 9.200426 8.870001
v 1.728886 9.200426 8.850000
v 1.728886 9.200426 7.150000
v 1.708724 9.200426 7.130000
v 2.171230 9.841921 9.600011
v 2.171230 9.862505 9.579427
v 2.171230 9.862505 9.420571
v 2.171230 9.841921 9.399987
v 2.171230 9.682947 9.399987
v 2.171230 9.662363 9.420571
v 2.171230 9.662363 9.579427
v 2.171230 9.682947 9.600011
v 2.171230 9.841921 8.600011
v 2.171230 9.862505 8.579427
v 2.171230 9.862505 8.420571
v 2.171230 9.841921 8.399987
v 2.171230 9.682947 8.399987
v 2.171230 9.662363 8.420571
v 2.171230 9.662363 8.579427
v 2.171230 9.682947 8.600011
v 2.171230 9.841921 7.600011
v 2.171230 9.862505 7.579428
v 2.171230 9.862505 7.420570
v 2.171230 9.841921 7.399987
v 2.171230 9.682947 7.399987
v 2.171230 9.662363 7.420570
v 2.171230 9.662363 7.579428
v 2.171230 9.682947 7.600011
v 2.330109 9.702250 1.460436
v 2.330108 9.722835 1.439852
v 2.349507 9.727120 1.464719
v 2.330109 9.822618 9.539564
v 2.330108 9.802034 9.560147
v 2.349507 9.797748 9.535280
v 2.330109 9.822618 9.460434
v 2.349507 9.797748 9.464718
v 2.330108 9.802034 9.439850
v 2.330109 9.822618 8.539564
v 2.330108 9.802034 8.560147
v 2.349507 9.797748 8.535280
v 2.330109 9.822618 8.460434
v 2.349507 9.797748 8.464718
v 2.330108 9.802034 8.439850
v 2.330109 9.822618 7.539564
v 2.330108 9.802033 7.560148
v 2.349507 9.797748 7.535281
v 2.330109 9.822618 7.460434
v 2.349507 9.797748 7.464717
v 2.330108 9.802033 7.439850
v 2.330109 9.702250 1.539566
v 2.349507 9.727120 1.535283
v 2.330108 9.722835 1.560150
v 2.330109 9.702250 2.460435
v 2.330108 9.722835 2.439852
v 2.349507 9.727120 2.464719
v 2.330109 9.702250 2.539567
v 2.349507 9.727120 2.535283
v 2.330108 9.722835 2.560150
v 2.330109 9.822618 2.539567
v 2.330108 9.802033 2.560150
v 2.349507 9.797748 2.535283
v 2.330109 9.822618 2.460435
v 2.349507 9.797748 2.464719
v 2.330108 9.802033 2.439852
v 2.330109 9.822618 1.539566
v 2.330108 9.802033 1.560150
v 2.349507 9.797748 1.535283
v 2.330109 9.822618 1.460436
v 2.349507 9.797748 1.464719
v 2.330108 9.802033 1.439852
v 2.171230 9.682947 2.399989
v 2.171230 9.662363 2.420572
v 2.171230 9.662363 2.579430
v 2.171230 9.682947 2.600013
v 2.171230 9.841921 2.600013
v 2.171230 9.862505 2.579430
v 2.171230 9.862505 2.420572
v 2.171230 9.841921 2.399989
v 2.171230 9.682947 1.399989
v 2.171230 9.662363 1.420573
v 2.171230 9.662363 1.579429
v 2.171230 9.682947 1.600013
v 2.171230 9.841921 1.600013
v 2.171230 9.862505 1.579429
v 2.171230 9.862505 1.420573
v 2.171230 9.841921 1.399989
v 2.330109 9.702250 7.460434
v 2.330108 9.722835 7.439850
v 2.349507 9.727120 7.464717
v 2.330109 9.702250 7.539564
v 2.349507 9.727120 7.535281
v 2.330108 9.722835 7.560148
v 2.330109 9.702250 8.460434
v 2.330108 9.722834 8.439851
v 2.349507 9.727120 8.464718
v 2.330109 9.702250 8.539564
v 2.349507 9.727120 8.535280
v 2.330108 9.722834 8.560148
v 2.330109 9.702250 9.460434
v 2.330108 9.722834 9.439851
v 2.349507 9.727120 9.464718
v 2.330109 9.702250 9.539564
v 2.349507 9.727120 9.535280
v 2.330108 9.722834 9.560148
v -2.642390 10.558497 4.854503
v -2.642390 10.547957 4.843963
v -2.642390 10.688411 4.703510
v -2.642390 10.698951 4.714050
v -2.723130 10.576480 4.815440
v -2.723130 10.587020 4.825980
v -2.741988 10.613682 4.802919
v -2.741988 10.599540 4.788778
v -2.723130 4.498989 4.815440
v -2.741988 4.498989 4.788778
v -2.741988 4.498989 4.748695
v -2.732559 4.498989 4.735364
v -2.741988 10.653766 4.762836
v -2.732559 10.667097 4.745904
v -2.732559 10.656557 4.735363
v -2.741988 10.639624 4.748695
v -2.732559 10.667097 5.254096
v -2.741988 10.653766 5.237164
v -2.741988 10.639624 5.251305
v -2.732559 10.656557 5.264636
v -2.732559 4.498989 5.264636
v -2.741988 4.498989 5.251305
v -2.741988 4.498989 5.211222
v -2.723130 4.498989 5.184560
v -2.723130 10.587020 5.174020
v -2.723130 10.576480 5.184560
v -2.741988 10.599540 5.211222
v -2.741988 10.613682 5.197081
v -2.642390 10.698951 5.285950
v -2.642390 10.688411 5.296490
v -2.642390 10.547957 5.156037
v -2.642390 10.558497 5.145497
v -1.015995 10.007550 0.159535
v -1.005397 10.007550 0.148936
v -1.029506 10.016913 0.135425
v -0.982419 10.007550 0.171914
v -0.993018 10.007550 0.182512
v -0.979506 10.016913 0.185425
v -1.004506 9.976913 0.171024
v -0.993908 9.976913 0.160425
v -0.982419 10.007550 2.328086
v -0.979506 10.016913 2.314575
v -0.993018 10.007550 2.317488
v -1.015995 10.007550 2.340465
v -1.029506 10.016913 2.364575
v -1.005397 10.007550 2.351064
v -0.993908 9.976913 2.339575
v -1.004506 9.976913 2.328976
v -1.005397 10.007550 7.648936
v -1.029506 10.016913 7.635425
v -1.015995 10.007550 7.659534
v -0.993018 10.007550 7.682512
v -0.979506 10.016913 7.685425
v -0.982419 10.007550 7.671913
v -0.993908 9.976913 7.660425
v -1.004506 9.976913 7.671023
v -0.982419 10.007550 9.828086
v -0.979506 10.016913 9.814574
v -0.993018 10.007550 9.817487
v -1.015995 10.007550 9.840465
v -1.029506 10.016913 9.864575
v -1.005397 10.007550 9.851064
v -0.993908 9.976913 9.839575
v -1.004507 9.976913 9.828976
v -1.005397 10.007550 5.148936
v -1.029506 10.016913 5.135425
v -1.015995 10.007550 5.159534
v -0.993018 10.007550 5.182512
v -0.979506 10.016913 5.185425
v -0.982419 10.007550 5.171913
v -0.993908 9.976913 5.160425
v -1.004506 9.976913 5.171023
v -0.979506 10.016913 7.314575
v -0.993018 10.007550 7.317488
v -0.982419 10.007550 7.328087
v -1.005397 10.007550 7.351064
v -1.015995 10.007550 7.340466
v -1.029506 10.016913 7.364575
v -1.005397 10.007550 2.648936
v -1.029506 10.016913 2.635425
v -1.015995 10.007550 2.659535
v -0.993018 10.007550 2.682512
v -0.979506 10.016913 2.685425
v -0.982419 10.007550 2.671914
v -0.993908 9.976913 2.660425
v -1.004506 9.976913 2.671024
v -0.982419 10.007550 4.828087
v -0.979506 10.016913 4.814575
v -0.993018 10.007550 4.817488
v -1.015995 10.007550 4.840466
v -1.029506 10.016913 4.864575
v -1.005397 10.007550 4.851064
v -0.993908 9.976913 4.839575
v -1.004506 9.976913 4.828977
v -1.004507 9.976913 7.328977
v -0.993908 9.976913 7.339575
v -2.844764 0.230550 10.000000
v -2.856476 0.219665 10.000000
v -2.846531 0.210707 10.000000
v -2.836531 0.220707 10.000000
v -3.276121 0.175686 10.000000
v -3.297590 0.153664 10.000000
v -3.304248 0.069572 10.000000
v -3.325826 0.049635 10.000000
v -3.389848 0.049635 10.000000
v -3.399848 0.039635 10.000000
v -2.826031 0.279175 10.000000
v -2.837797 0.269368 10.000000
v -1.154931 10.016913 10.000000
v -1.166720 10.007074 10.000000
v -1.166720 10.007074 7.500000
v -1.154931 10.016913 7.500000
v -1.166720 10.007074 5.000000
v -1.154931 10.016913 5.000000
v -1.154931 10.016913 2.500000
v -1.166720 10.007074 2.500000
v -2.785830 4.498990 4.225815
v -2.785830 4.508990 4.215815
v -2.785830 4.508990 4.467057
v -2.785830 4.498990 4.457057
v -2.785830 4.498990 5.542943
v -2.785830 4.508990 5.532943
v -2.785830 4.508990 5.784185
v -2.785830 4.498990 5.774185
v -2.785830 5.160296 4.215815
v -2.785830 5.187204 4.225815
v -2.785830 5.187204 4.457057
v -2.785830 5.160296 4.467057
v -2.785830 5.160296 5.532943
v -2.785830 5.187204 5.542943
v -2.785830 5.187204 5.774185
v -2.785830 5.160296 5.784185
v -2.973354 4.498990 4.457057
v -2.973354 4.508990 4.467057
v -2.983354 4.508990 4.457057
v -2.973354 4.498990 4.225815
v -2.983354 4.508990 4.225815
v -2.973354 4.508990 4.215815
v -2.973354 4.498990 5.542943
v -2.983354 4.508990 5.542943
v -2.973354 4.508990 5.532943
v -2.973354 4.498990 5.774185
v -2.973354 4.508990 5.784185
v -2.983354 4.508990 5.774185
v -2.979638 4.703052 4.457057
v -2.983354 4.683767 4.457057
v -2.973354 4.691840 4.467057
v -2.979638 4.703052 4.225815
v -2.973354 4.691840 4.215815
v -2.983354 4.683767 4.225815
v -2.979638 4.703052 5.542943
v -2.973354 4.691840 5.532943
v -2.983354 4.683767 5.542943
v -2.979638 4.703052 5.774185
v -2.983354 4.683767 5.774185
v -2.973354 4.691840 5.784185
v -2.084013 7.837049 10.000000
v -2.080388 7.876966 10.000000
v -1.807721 8.582652 1.150000
v -1.788214 8.577522 1.130000
v -1.807721 8.582652 0.850000
v -1.788214 8.577522 0.870000
v -1.728886 9.200426 0.850000
v -1.708724 9.200426 0.870000
v -1.708724 9.200426 1.130000
v -1.728886 9.200426 1.150000
v -1.807721 8.582652 3.150000
v -1.788214 8.577522 3.130000
v -1.807721 8.582652 2.850000
v -1.788214 8.577522 2.870000
v -1.728886 9.200426 2.850000
v -1.708724 9.200426 2.870000
v -1.807721 8.582652 7.150000
v -1.788214 8.577522 7.130000
v -1.807721 8.582652 6.850000
v -1.788214 8.577522 6.870000
v -1.728886 9.200426 6.850000
v -1.708724 9.200426 6.870000
v -1.807721 8.582652 9.150000
v -1.788214 8.577522 9.129999
v -1.807721 8.582652 8.850000
v -1.788214 8.577522 8.870001
v -1.939987 9.200426 1.150000
v -1.960070 9.200426 1.170000
v -1.960070 9.200426 0.830000
v -1.939987 9.200426 0.850000
v -1.960070 9.200426 2.830000
v -1.939987 9.200426 2.850000
v -1.939987 9.200426 7.150000
v -1.960070 9.200426 7.170000
v -1.960070 9.200426 6.830000
v -1.939987 9.200426 6.850000
v -1.960070 9.200426 8.830000
v -1.939987 9.200426 8.850000
v -2.074643 7.875525 0.870000
v -2.050167 7.988454 0.850000
v -2.080388 7.876925 0.830000
v -2.084010 7.837089 0.850000
v -2.050167 7.988454 1.150000
v -2.074643 7.875525 1.130000
v -2.084010 7.837089 1.150000
v -2.080388 7.876925 1.170000
v -2.074643 7.875525 2.870000
v -2.050167 7.988454 2.850000
v -2.080388 7.876925 2.830000
v -2.084010 7.837089 2.850000
v -2.050167 7.988454 3.150000
v -2.074643 7.875525 3.130000
v -2.084010 7.837089 3.150000
v -2.080388 7.876925 3.170000
v -2.074643 7.875525 6.870000
v -2.050167 7.988454 6.850000
v -2.080388 7.876925 6.830000
v -2.084010 7.837089 6.850000
v -2.050167 7.988454 7.150000
v -2.074643 7.875525 7.130000
v -2.084010 7.837089 7.150000
v -2.080388 7.876925 7.170000
v -2.074643 7.875525 8.870001
v -2.050167 7.988454 8.850000
v -2.080388 7.876925 8.830000
v -2.084010 7.837089 8.850000
v -2.050167 7.988454 9.150000
v -2.074643 7.875525 9.129999
v -2.084010 7.837089 9.150000
v -2.080388 7.876925 9.170000
v -1.939987 9.200426 9.150000
v -1.960070 9.200426 9.170000
v -1.708724 9.200426 9.129999
v -1.728886 9.200426 9.150000
v -1.728886 9.200426 8.850000
v -1.708724 9.200426 8.870001
v -1.939987 9.200426 3.150000
v -1.960070 9.200426 3.170000
v -1.708724 9.200426 3.130000
v -1.728886 9.200426 3.150000
v -1.708724 9.200426 7.130000
v -1.728886 9.200426 7.150000
v -2.171230 9.862505 9.579427
v -2.171230 9.841921 9.600011
v -2.171230 9.841921 9.399987
v -2.171230 9.862505 9.420571
v -2.171230 9.662363 9.420571
v -2.171230 9.682947 9.399987
v -2.171230 9.682947 9.600011
v -2.171230 9.662363 9.579427
v -2.171230 9.862505 8.579427
v -2.171230 9.841921 8.600011
v -2.171230 9.841921 8.399987
v -2.171230 9.862505 8.420571
v -2.171230 9.662363 8.420571
v -2.171230 9.682947 8.399987
v -2.171230 9.682947 8.600011
v -2.171230 9.662363 8.579427
v -2.171230 9.862505 7.579428
v -2.171230 9.841921 7.600011
v -2.171230 9.841921 7.399987
v -2.171230 9.862505 7.420570
v -2.171230 9.662363 7.420570
v -2.171230 9.682947 7.399987
v -2.171230 9.682947 7.600011
v -2.171230 9.662363 7.579428
v -2.171230 9.862505 6.579428
v -2.171230 9.841921 6.600011
v -2.171230 9.841921 6.399987
v -2.171230 9.862505 6.420570
v -2.171230 9.662363 6.420570
v -2.171230 9.682947 6.399987
v -2.171230 9.682947 6.600011
v -2.171230 9.662363 6.579428
v -2.330109 9.702250 0.460436
v -2.349507 9.727120 0.464719
v -2.330108 9.722835 0.439852
v -2.330109 9.702250 0.539566
v -2.330108 9.722835 0.560150
v -2.349507 9.727120 0.535283
v -2.330109 9.702250 1.460436
v -2.349507 9.727120 1.464719
v -2.330108 9.722835 1.439852
v -2.330109 9.822618 9.539564
v -2.349507 9.797748 9.535280
v -2.330108 9.802034 9.560148
v -2.330109 9.822618 9.460434
v -2.330108 9.802034 9.439851
v -2.349507 9.797748 9.464718
v -2.330109 9.822618 8.539564
v -2.349507 9.797748 8.535280
v -2.330108 9.802034 8.560148
v -2.330109 9.822618 8.460434
v -2.330108 9.802034 8.439851
v -2.349507 9.797748 8.464718
v -2.330109 9.822618 7.539564
v -2.349507 9.797748 7.535281
v -2.330108 9.802033 7.560148
v -2.330109 9.822618 7.460434
v -2.330108 9.802033 7.439850
v -2.349507 9.797748 7.464717
v -2.330109 9.822618 6.539564
v -2.349507 9.797748 6.535281
v -2.330108 9.802033 6.560148
v -2.330109 9.822618 6.460434
v -2.330108 9.802033 6.439850
v -2.349507 9.797748 6.464717
v -2.330109 9.702250 1.539566
v -2.330108 9.722835 1.560150
v -2.349507 9.727120 1.535283
v -2.330109 9.702250 2.460435
v -2.349507 9.727120 2.464719
v -2.330108 9.722835 2.439852
v -2.330109 9.702250 2.539567
v -2.330108 9.722835 2.560150
v -2.349507 9.727120 2.535283
v -2.330109 9.702250 3.460435
v -2.349507 9.727120 3.464719
v -2.330108 9.722835 3.439852
v -2.330109 9.702250 3.539567
v -2.330108 9.722835 3.560150
v -2.349507 9.727120 3.535283
v -2.330109 9.822618 3.539567
v -2.349507 9.797748 3.535283
v -2.330108 9.802033 3.560150
v -2.330109 9.822618 3.460435
v -2.330108 9.802033 3.439852
v -2.349507 9.797748 3.464719
v -2.330109 9.822618 2.539567
v -2.349507 9.797748 2.535283
v -2.330108 9.802033 2.560150
v -2.330109 9.822618 2.460435
v -2.330108 9.802033 2.439852
v -2.349507 9.797748 2.464719
v -2.330109 9.822618 1.539566
v -2.349507 9.797748 1.535283
v -2.330108 9.802033 1.560150
v -2.330109 9.822618 1.460436
v -2.330108 9.802033 1.439852
v -2.349507 9.797748 1.464719
v -2.330109 9.822618 0.539566
v -2.349507 9.797748 0.535283
v -2.330108 9.802033 0.560150
v -2.330109 9.822618 0.460436
v -2.330108 9.802033 0.439852
v -2.349507 9.797748 0.464719
v -2.171230 9.662363 3.420572
v -2.171230 9.682947 3.399989
v -2.171230 9.682947 3.600013
v -2.171230 9.662363 3.579430
v -2.171230 9.862505 3.579430
v -2.171230 9.841921 3.600013
v -2.171230 9.841921 3.399989
v -2.171230 9.862505 3.420572
v -2.171230 9.662363 2.420572
v -2.171230 9.682947 2.399989
v -2.171230 9.682947 2.600013
v -2.171230 9.662363 2.579430
v -2.171230 9.862505 2.579430
v -2.171230 9.841921 2.600013
v -2.171230 9.841921 2.399989
v -2.171230 9.862505 2.420572
v -2.171230 9.662363 1.420573
v -2.171230 9.682947 1.399989
v -2.171230 9.682947 1.600013
v -2.171230 9.662363 1.579429
v -2.171230 9.862505 1.579429
v -2.171230 9.841921 1.600013
v -2.171230 9.841921 1.399989
v -2.171230 9.862505 1.420573
v -2.171230 9.662363 0.420573
v -2.171230 9.682947 0.399989
v -2.171230 9.682947 0.600013
v -2.171230 9.662363 0.579429
v -2.171230 9.862505 0.579429
v -2.171230 9.841921 0.600013
v -2.171230 9.841921 0.399989
v -2.171230 9.862505 0.420573
v -2.330109 9.702250 6.460434
v -2.349507 9.727120 6.464717
v -2.330108 9.722835 6.439850
v -2.330109 9.702250 6.539564
v -2.330108 9.722835 6.560148
v -2.349507 9.727120 6.535281
v -2.330109 9.702250 7.460434
v -2.349507 9.727120 7.464717
v -2.330108 9.722835 7.439850
v -2.330109 9.702250 7.539564
v -2.330108 9.722835 7.560148
v -2.349507 9.727120 7.535281
v -2.330109 9.702250 8.460434
v -2.349507 9.727120 8.464718
v -2.330108 9.722834 8.439850
v -2.330109 9.702250 8.539564
v -2.330108 9.722834 8.560147
v -2.349507 9.727120 8.535280
v -2.330109 9.702250 9.460434
v -2.349507 9.727120 9.464718
v -2.330108 9.722834 9.439850
v -2.330109 9.702250 9.539564
v -2.330108 9.722834 9.560147
v -2.349507 9.727120 9.535280
v 1.807721 8.582652 -5.150000
v 1.788214 8.577522 -5.130000
v 1.807721 8.582652 -4.850000
v 1.788214 8.577522 -4.870000
v 1.728886 9.200426 -4.850000
v 1.708724 9.200426 -4.870000
v 1.708724 9.200426 -5.130000
v 1.728886 9.200426 -5.150000
v 2.050167 7.988454 -4.850000
v 2.080388 7.876925 -4.830000
v 2.084010 7.837089 -4.850000
v 2.074643 7.875525 -4.870000
v 2.050167 7.988454 -5.150000
v 2.074643 7.875525 -5.130000
v 2.084010 7.837089 -5.150000
v 2.080388 7.876925 -5.170000
v 2.330109 9.702250 -4.460436
v 2.349507 9.727120 -4.464719
v 2.330108 9.722835 -4.439852
v 2.330109 9.702250 -4.539566
v 2.330108 9.722835 -4.560150
v 2.349507 9.727120 -4.535283
v 2.330109 9.702250 -5.460436
v 2.349507 9.727120 -5.464719
v 2.330108 9.722835 -5.439852
v 2.330109 9.702250 -5.539566
v 2.330108 9.722835 -5.560150
v 2.349507 9.727120 -5.535283
v 2.330109 9.822618 -5.539566
v 2.349507 9.797748 -5.535283
v 2.330108 9.802033 -5.560150
v 2.330109 9.822618 -5.460436
v 2.330108 9.802033 -5.439852
v 2.349507 9.797748 -5.464719
v 2.330109 9.822618 -4.539566
v 2.349507 9.797748 -4.535283
v 2.330108 9.802033 -4.560150
v 2.330109 9.822618 -4.460436
v 2.330108 9.802033 -4.439852
v 2.349507 9.797748 -4.464719
v 2.171230 9.662363 -5.420572
v 2.171230 9.682947 -5.399989
v 2.171230 9.682947 -5.600013
v 2.171230 9.662363 -5.579430
v 2.171230 9.862505 -5.579430
v 2.171230 9.841921 -5.600013
v 2.171230 9.841921 -5.399989
v 2.171230 9.862505 -5.420572
v 2.171230 9.662363 -4.420572
v 2.171230 9.682947 -4.399989
v 2.171230 9.682947 -4.600013
v 2.171230 9.662363 -4.579430
v 2.171230 9.862505 -4.579430
v 2.171230 9.841921 -4.600013
v 2.171230 9.841921 -4.399989
v 2.171230 9.862505 -4.420572
v 2.127462 11.403538 -4.649835
v 2.107462 11.403538 -4.629835
v 2.109178 11.413538 -4.619834
v 2.137462 11.413538 -4.648119
v 2.127462 11.403538 -5.365476
v 2.137462 11.413538 -5.367192
v 2.109178 11.413538 -5.395476
v 2.107462 11.403538 -5.385476
v 1.757989 11.403538 -5.365476
v 1.777989 11.403538 -5.385476
v 1.776273 11.413538 -5.395476
v 1.747989 11.413538 -5.367192
v 1.777989 11.403538 -4.629835
v 1.757989 11.403538 -4.649835
v 1.747989 11.413538 -4.648119
v 1.776273 11.413538 -4.619834
v 2.218770 11.393712 -4.517689
v 2.238867 11.393628 -4.537852
v 2.216973 11.413538 -4.568607
v 2.188689 11.413538 -4.540323
v 2.238867 11.393628 -5.477458
v 2.218770 11.393712 -5.497622
v 2.188689 11.413538 -5.474988
v 2.216973 11.413538 -5.446703
v 1.646584 11.393628 -4.537852
v 1.666681 11.393712 -4.517689
v 1.696761 11.413538 -4.540323
v 1.668477 11.413538 -4.568607
v 1.696761 11.413538 -5.474988
v 1.666681 11.393712 -5.497622
v 1.646584 11.393628 -5.477458
v 1.668477 11.413538 -5.446703
v 2.127462 11.363539 -4.649835
v 2.117462 11.353539 -4.639835
v 2.107462 11.363539 -4.629835
v 2.127462 11.363539 -5.365476
v 2.107462 11.363539 -5.385476
v 2.117462 11.353539 -5.375476
v 1.777989 11.363539 -4.629835
v 1.767989 11.353539 -4.639835
v 1.757989 11.363539 -4.649835
v 1.757989 11.363539 -5.365476
v 1.767989 11.353539 -5.375476
v 1.777989 11.363539 -5.385476
v 1.642711 11.141665 -5.531113
v 1.640737 11.121839 -5.553747
v 1.618844 11.101929 -5.516218
v 2.242739 11.141665 -4.484199
v 2.244713 11.121839 -4.461564
v 2.266607 11.101929 -4.499093
v 1.618844 11.101929 -4.499093
v 1.640737 11.121839 -4.461564
v 1.642711 11.141665 -4.484199
v 2.242739 11.141665 -5.531112
v 2.266607 11.101929 -5.516218
v 2.244713 11.121839 -5.553747
v 2.222390 10.575326 3.500000
v 2.242390 10.595326 3.500000
v 2.242390 10.595326 6.500000
v 2.222390 10.575326 6.500000
v 2.262300 10.793283 6.500000
v 2.242390 10.771393 6.500000
v 2.242390 10.771393 3.500000
v 2.262300 10.793283 3.500000
v 2.121230 9.382191 6.500000
v 2.101230 9.362190 6.500000
v 2.101230 9.362190 3.500000
v 2.121230 9.382191 3.500000
v 2.101230 9.210426 6.500000
v 2.081230 9.190426 6.500000
v 2.081230 9.190426 3.500000
v 2.101230 9.210426 3.500000
v 2.501039 10.979999 3.500000
v 2.481039 10.999999 3.500000
v 2.481039 10.999999 6.500000
v 2.501039 10.979999 6.500000
v 1.404412 10.999999 3.500000
v 1.384412 10.979999 3.500000
v 1.384412 10.979999 6.500000
v 1.404412 10.999999 6.500000
v 2.385450 10.824974 6.500000
v 2.365540 10.803083 6.500000
v 2.365540 10.803083 3.500000
v 2.385450 10.824974 3.500000
v 2.501039 10.919751 6.500000
v 2.481138 10.897763 6.500000
v 2.481138 10.897763 3.500000
v 2.501039 10.919751 3.500000
v 2.385450 10.868205 3.500000
v 2.405351 10.890193 3.500000
v 2.405351 10.890193 6.500000
v 2.385450 10.868205 6.500000
v 1.384412 10.919751 3.500000
v 1.404313 10.897763 3.500000
v 1.404313 10.897763 6.500000
v 1.384412 10.919751 6.500000
v 1.480099 10.890193 3.500000
v 1.500000 10.868205 3.500000
v 1.500000 10.868205 6.500000
v 1.480099 10.890193 6.500000
v 1.490000 10.166913 6.500000
v 1.500000 10.176913 6.500000
v 1.500000 10.176913 3.500000
v 1.490000 10.166913 3.500000
v 2.006974 10.575326 6.500000
v 1.996974 10.565326 6.500000
v 1.996974 10.565326 3.500000
v 2.006974 10.575326 3.500000
v 1.987273 10.520890 3.500000
v 1.996974 10.533316 3.500000
v 1.996974 10.533316 6.500000
v 1.987273 10.520890 6.500000
v 2.006974 10.310862 3.500000
v 1.996974 10.320862 3.500000
v 1.996974 10.320862 6.500000
v 2.006974 10.310862 6.500000
v 1.987273 10.365298 6.500000
v 1.996974 10.352873 6.500000
v 1.996974 10.352873 3.500000
v 1.987273 10.365298 3.500000
v 2.081230 10.310862 6.500000
v 2.101230 10.290861 6.500000
v 2.101230 10.290861 3.500000
v 2.081230 10.310862 3.500000
v 1.410000 10.086913 6.500000
v 1.420000 10.096913 6.500000
v 1.420000 10.096913 3.500000
v 1.410000 10.086913 3.500000
v 1.450000 10.166913 3.500000
v 1.420000 10.136913 3.500000
v 1.420000 10.136913 6.500000
v 1.450000 10.166913 6.500000
v 1.184931 10.086913 3.500000
v 1.164931 10.066913 3.500000
v 1.164931 10.066913 6.500000
v 1.184931 10.086913 6.500000
v 2.101230 10.162678 6.500000
v 2.121230 10.142677 6.500000
v 2.121230 10.142677 3.500000
v 2.101230 10.162678 3.500000
v 2.161230 10.142677 6.500000
v 2.171230 10.132677 6.500000
v 2.171230 10.132677 3.500000
v 2.161230 10.142677 3.500000
v 2.191001 10.083057 3.500000
v 2.171230 10.106076 3.500000
v 2.171230 10.106076 6.500000
v 2.191001 10.083057 6.500000
v 2.161230 9.382191 3.500000
v 2.171230 9.392191 3.500000
v 2.171230 9.392191 6.500000
v 2.161230 9.382191 6.500000
v 2.171230 9.418792 3.500000
v 2.191001 9.441811 3.500000
v 2.191001 9.441811 6.500000
v 2.171230 9.418792 6.500000
v 2.171230 10.006074 3.500000
v 2.191001 10.029093 3.500000
v 2.191001 10.029093 6.500000
v 2.171230 10.006074 6.500000
v 2.191001 9.495775 3.500000
v 2.171230 9.518794 3.500000
v 2.171230 9.518794 6.500000
v 2.191001 9.495775 6.500000
v 1.996974 10.493315 3.500000
v 1.987273 10.505740 3.500000
v 1.987273 10.505740 6.500000
v 1.996974 10.493315 6.500000
v 1.996974 10.463095 6.500000
v 1.987273 10.450669 6.500000
v 1.987273 10.450669 3.500000
v 1.996974 10.463095 3.500000
v 1.987273 10.435519 6.500000
v 1.996974 10.423094 6.500000
v 1.996974 10.423094 3.500000
v 1.987273 10.435519 3.500000
v 1.987273 10.380448 3.500000
v 1.996974 10.392874 3.500000
v 1.996974 10.392874 6.500000
v 1.987273 10.380448 6.500000
v 2.053155 10.310862 0.000000
v 2.073155 10.310862 0.020000
v 2.073155 10.575326 0.020000
v 2.053155 10.575326 0.000000
v 2.330109 9.702250 -1.460436
v 2.349507 9.727120 -1.464719
v 2.330108 9.722835 -1.439852
v 2.330109 9.702250 -1.539566
v 2.330108 9.722835 -1.560150
v 2.349507 9.727120 -1.535283
v 2.330109 9.822618 -1.539566
v 2.349507 9.797748 -1.535283
v 2.330108 9.802033 -1.560150
v 2.330109 9.822618 -1.460436
v 2.330108 9.802033 -1.439852
v 2.349507 9.797748 -1.464719
v 2.171230 9.662363 -1.420572
v 2.171230 9.682947 -1.399989
v 2.171230 9.682947 -1.600013
v 2.171230 9.662363 -1.579430
v 2.171230 9.862505 -1.579430
v 2.171230 9.841921 -1.600013
v 2.171230 9.841921 -1.399989
v 2.171230 9.862505 -1.420572
v 2.107462 11.403538 -2.624731
v 2.109178 11.413538 -2.614731
v 2.137462 11.413538 -2.643015
v 2.127462 11.403538 -2.644731
v 1.757989 11.403538 -3.360373
v 1.777989 11.403538 -3.380373
v 1.776273 11.413538 -3.390373
v 1.747989 11.413538 -3.362089
v 1.777989 11.403538 -2.624731
v 1.757989 11.403538 -2.644731
v 1.747989 11.413538 -2.643015
v 1.776273 11.413538 -2.614731
v 2.218770 11.393712 -2.512585
v 2.238867 11.393628 -2.532748
v 2.216973 11.413538 -2.563504
v 2.188689 11.413538 -2.535220
v 1.666681 11.393712 -2.512585
v 1.696761 11.413538 -2.535220
v 1.668477 11.413538 -2.563504
v 1.646584 11.393628 -2.532748
v 1.668477 11.413538 -3.441599
v 1.696762 11.413538 -3.469883
v 1.666681 11.393712 -3.492518
v 1.646584 11.393628 -3.472355
v 2.117462 11.353539 -2.634731
v 2.107462 11.363539 -2.624731
v 2.127462 11.363539 -2.644731
v 1.777989 11.363539 -2.624731
v 1.767989 11.353539 -2.634731
v 1.757989 11.363539 -2.644731
v 1.757989 11.363539 -3.360373
v 1.767989 11.353539 -3.370373
v 1.777989 11.363539 -3.380373
v 1.642711 11.141665 -3.526008
v 1.640737 11.121839 -3.548643
v 1.618844 11.101929 -3.511114
v 2.242739 11.141665 -2.479095
v 2.244713 11.121839 -2.456460
v 2.266607 11.101929 -2.493989
v 1.618844 11.101929 -2.493989
v 1.640737 11.121839 -2.456460
v 1.642711 11.141665 -2.479095
v 2.244713 11.121839 -3.548643
v 2.242739 11.141665 -3.526008
v 2.266607 11.101929 -3.511114
v -2.365540 10.803083 -1.399148
v -2.372480 10.818454 -1.311917
v -2.385450 10.824974 -1.399556
v -2.496958 10.919160 0.295414
v -2.481138 10.897762 0.325356
v -2.501039 10.919751 0.337358
v -2.501039 10.919751 -1.555060
v -2.481138 10.897763 -1.538081
v -2.495156 10.919171 -1.515944
v -2.353056 10.904389 -1.093435
v -2.405351 10.890193 -1.291809
v -2.385450 10.868204 -1.276617
v -2.405351 10.890193 -0.059253
v -2.385044 10.907534 -0.271301
v -2.385450 10.868205 -0.256481
v -1.996974 10.392874 -0.645486
v -1.987273 10.380448 -0.645486
v -1.996974 10.423094 -0.645486
v -1.987273 10.435519 -0.645486
v -1.987273 10.450669 -0.645486
v -1.996974 10.463095 -0.645486
v -1.987273 10.505740 -0.645486
v -1.996974 10.493315 -0.645486
v -2.191001 9.495775 -0.645486
v -2.171230 9.518794 -0.645486
v -2.191001 10.029093 -0.645486
v -2.171230 10.006074 -0.645486
v -2.171230 9.418792 -0.645486
v -2.191001 9.441811 -0.645486
v -2.161230 9.382191 -0.645486
v -2.171230 9.392191 -0.645486
v -2.191001 10.083057 -0.645486
v -2.171230 10.106076 -0.645486
v -2.171230 10.132677 -0.645486
v -2.161230 10.142677 -0.645486
v -2.121230 10.142677 -0.645486
v -2.101230 10.162678 -0.645486
v -1.184931 10.086913 -0.645486
v -1.164931 10.066913 -0.645486
v -1.420000 10.136913 -0.645486
v -1.450000 10.166913 -0.645486
v -1.420000 10.096913 -0.645486
v -1.410000 10.086913 -0.645486
v -2.101230 10.290861 -0.645486
v -2.081230 10.310862 -0.645486
v -1.996974 10.352873 -0.645486
v -1.987273 10.365298 -0.645486
v -2.006974 10.310862 -0.645486
v -1.996974 10.320862 -0.645486
v -1.996974 10.533316 -0.645486
v -1.987273 10.520890 -0.645486
v -2.006974 10.575326 -0.645486
v -1.996974 10.565326 -0.645486
v -1.490000 10.166913 -0.645486
v -1.500000 10.176913 -0.645486
v -1.480099 10.890193 -0.645486
v -1.500000 10.868205 -0.645486
v -1.404313 10.897763 -0.645486
v -1.384412 10.919751 -0.645486
v -2.242390 10.595326 -0.645486
v -2.222390 10.575326 -0.645486
v -2.121230 9.382191 -0.645486
v -2.101230 9.362190 -0.645486
v -2.081230 9.190426 -0.645486
v -2.101230 9.210426 -0.645486
v -1.384412 10.979999 -0.645486
v -1.404412 10.999999 -0.645486
v -1.996975 10.352873 -10.000000
v -1.987273 10.365298 -10.000000
v -1.987273 10.380448 -10.000000
v -1.996975 10.392874 -10.000000
v -1.996975 10.423094 -10.000000
v -1.987273 10.435519 -10.000000
v -1.987273 10.450669 -10.000000
v -1.996975 10.463095 -10.000000
v -1.996975 10.493315 -10.000000
v -1.987273 10.505740 -10.000000
v -1.987273 10.520890 -10.000000
v -1.996975 10.533316 -10.000000
v -2.191002 9.495775 -10.000000
v -2.171231 9.518794 -10.000000
v -2.171231 9.418792 -10.000000
v -2.191002 9.441811 -10.000000
v -2.191002 10.083057 -10.000000
v -2.171231 10.106076 -10.000000
v -2.171231 10.006074 -10.000000
v -2.191002 10.029093 -10.000000
v -2.161231 9.382191 -10.000000
v -2.171231 9.392191 -10.000000
v -2.101231 9.362190 -10.000000
v -2.121231 9.382191 -10.000000
v -2.171231 10.132677 -10.000000
v -2.161231 10.142677 -10.000000
v -2.121231 10.142677 -10.000000
v -2.101231 10.162678 -10.000000
v -1.184932 10.086913 -10.000000
v -1.164932 10.066913 -10.000000
v -1.500001 10.176913 -10.000000
v -1.490001 10.166913 -10.000000
v -1.420001 10.096913 -10.000000
v -1.410001 10.086913 -10.000000
v -1.450001 10.166913 -10.000000
v -1.420001 10.136913 -10.000000
v -2.101231 10.290861 -10.000000
v -2.081231 10.310862 -10.000000
v -2.006975 10.310862 -10.000000
v -1.996975 10.320862 -10.000000
v -1.404413 10.999999 -10.000000
v -1.384413 10.979999 -10.000000
v -1.384413 10.919751 -10.000000
v -1.404314 10.897763 -10.000000
v -1.480100 10.890193 -10.000000
v -1.500001 10.868205 -10.000000
v -2.222391 10.575326 -10.000000
v -2.242391 10.595326 -10.000000
v -1.996975 10.565326 -10.000000
v -2.006975 10.575326 -10.000000
v -2.242391 10.771393 -10.000000
v -2.262301 10.793283 -10.000000
v -2.081231 9.190426 -10.000000
v -2.101231 9.210426 -10.000000
v -2.365541 10.803083 -10.000000
v -2.385451 10.824974 -10.000000
v -2.501040 10.979999 -10.000000
v -2.481040 10.999999 -10.000000
v -2.481138 10.897763 -10.000000
v -2.501040 10.919751 -10.000000
v -2.385451 10.868205 -10.000000
v -2.405352 10.890193 -10.000000
v -1.987272 10.365298 10.000000
v -1.996973 10.352873 10.000000
v -1.996973 10.392874 10.000000
v -1.987272 10.380448 10.000000
v -1.987272 10.435519 10.000000
v -1.996973 10.423094 10.000000
v -1.996973 10.463095 10.000000
v -1.987272 10.450669 10.000000
v -1.987272 10.505740 10.000000
v -1.996973 10.493315 10.000000
v -1.996973 10.533316 10.000000
v -1.987272 10.520890 10.000000
v -2.171229 9.518794 10.000000
v -2.191000 9.495775 10.000000
v -2.191000 9.441811 10.000000
v -2.171229 9.418792 10.000000
v -2.171229 10.106076 10.000000
v -2.191000 10.083057 10.000000
v -2.191000 10.029093 10.000000
v -2.171229 10.006074 10.000000
v -2.171229 9.392191 10.000000
v -2.161229 9.382191 10.000000
v -2.121229 9.382191 10.000000
v -2.101229 9.362190 10.000000
v -2.161229 10.142677 10.000000
v -2.171229 10.132677 10.000000
v -2.101229 10.162678 10.000000
v -2.121229 10.142677 10.000000
v -1.164930 10.066913 10.000000
v -1.184930 10.086913 10.000000
v -1.489999 10.166913 10.000000
v -1.499999 10.176913 10.000000
v -1.409999 10.086913 10.000000
v -1.419999 10.096913 10.000000
v -1.419999 10.136913 10.000000
v -1.449999 10.166913 10.000000
v -2.081229 10.310862 10.000000
v -2.101229 10.290861 10.000000
v -1.996973 10.320862 10.000000
v -2.006974 10.310862 10.000000
v -1.384411 10.979999 10.000000
v -1.404411 10.999999 10.000000
v -1.404312 10.897763 10.000000
v -1.384411 10.919751 10.000000
v -1.499999 10.868205 10.000000
v -1.480098 10.890193 10.000000
v -2.242389 10.595326 10.000000
v -2.222389 10.575326 10.000000
v -2.006974 10.575326 10.000000
v -1.996973 10.565326 10.000000
v -2.262300 10.793283 10.000000
v -2.242389 10.771393 10.000000
v -2.101229 9.210426 10.000000
v -2.081229 9.190426 9.966686
v -2.081229 9.190426 10.000000
v -2.385449 10.824974 10.000000
v -2.365539 10.803083 10.000000
v -2.481038 10.999999 10.000000
v -2.501038 10.979999 10.000000
v -2.501038 10.919751 10.000000
v -2.481137 10.897763 10.000000
v -2.405350 10.890193 10.000000
v -2.385449 10.868205 10.000000
v 2.228447 11.407998 -2.985012
v 2.216973 11.413538 -2.970718
v 2.238867 11.393628 -2.983220
v 1.934782 11.403538 -3.380373
v 1.937669 11.404544 -3.387401
v 1.910335 11.413538 -3.390373
v 2.117462 11.353539 -3.267018
v 2.127462 11.363539 -3.199531
v 2.135716 11.347025 -3.275379
v 1.864861 11.393712 -3.492518
v 1.848939 11.413538 -3.469883
v 1.863958 11.408367 -3.481141
v 2.235372 11.219138 -3.515715
v 2.245615 11.226627 -3.504792
v 2.255962 11.213867 -3.496241
v 2.250857 11.267540 -3.220503
v 2.240831 11.285226 -3.216180
v 2.255278 11.221055 -3.374205
v 2.245594 11.233362 -3.386673
v 2.137462 11.413538 -3.037445
v 2.136048 11.407902 -3.062744
v 2.127462 11.403538 -3.057512
v 1.898497 11.407867 -3.418674
v 1.878390 11.413538 -3.415080
v 2.099854 11.277843 -3.498237
v 2.084957 11.271955 -3.508697
v 1.955824 11.377050 -3.380373
v 1.950492 11.388403 -3.388732
v 2.015520 11.353539 -3.370373
v 2.026021 11.348382 -3.390071
v 1.981302 11.363539 -3.380373
v 2.037994 11.353539 -3.328502
v 2.053187 11.347905 -3.339425
v -1.119488 4.478990 3.848525
v -1.127646 4.498990 3.868525
v -1.099488 4.498990 3.896936
v -1.079488 4.478990 3.888525
v -2.939224 11.519376 3.864490
v -2.919368 11.519379 3.844638
v -2.898928 11.509729 3.857264
v -2.926587 11.509729 3.886195
v -1.077009 11.519376 3.885994
v -1.089646 11.509729 3.886195
v -1.117305 11.509729 3.857264
v -1.118377 11.519379 3.844638
v -2.745831 4.518990 4.000000
v -2.781044 4.498990 3.980000
v -2.805830 4.498990 4.012276
v -2.785830 4.518990 4.040000
v -1.270403 4.518990 4.000000
v -1.230403 4.518990 4.040000
v -1.210403 4.498990 4.008263
v -1.238709 4.498990 3.980000
v -2.622389 10.495642 4.926183
v -2.642389 10.515642 4.914467
v -2.642389 10.487357 4.886183
v -2.622389 10.475641 4.906183
v -2.765830 10.698952 4.682872
v -2.765830 10.718952 4.702872
v -2.785830 10.738953 4.662872
v -2.785830 4.518990 4.662872
v -2.805830 4.498990 4.702872
v -2.765830 4.518990 4.682872
v -1.119488 4.439633 6.151475
v -1.125111 4.412026 6.132978
v -1.097974 4.412002 6.105638
v -1.079488 4.439633 6.111475
v -2.958412 4.046457 4.307022
v -2.955089 4.066237 4.329293
v -2.973196 4.087966 4.279377
v -2.958412 4.046457 4.375851
v -2.973196 4.087966 4.403494
v -2.955089 4.066237 4.353579
v -3.084189 4.478990 4.682872
v -3.064189 4.498990 4.682872
v -3.066018 4.411278 4.682872
v -3.084189 4.439633 4.682872
v -2.950518 4.337419 4.682872
v -2.966879 4.365692 4.682872
v -3.320341 0.269371 4.403494
v -3.295368 0.339930 4.375851
v -3.304475 0.303518 4.357559
v -2.910361 4.337337 4.000000
v -2.950519 4.337419 4.040000
v -2.966879 4.365692 4.008193
v -2.939296 4.364944 3.981503
v -3.304475 0.303518 4.325313
v -3.295368 0.339930 4.307022
v -3.320341 0.269371 4.279377
v -3.261365 0.347163 4.341436
v -3.203350 0.433090 4.341437
v -2.925850 4.063579 4.341436
v -2.875547 4.038924 4.341437
v -1.270403 4.337337 6.000000
v -1.230403 4.337337 5.960000
v -1.211916 4.364968 5.991273
v -1.239170 4.364944 6.018497
v -2.875547 4.038924 5.658566
v -2.925850 4.063579 5.658565
v -3.203351 0.433090 5.658565
v -3.261365 0.347163 5.658565
v -3.304475 0.303518 5.674687
v -3.320341 0.269371 5.720623
v -3.295368 0.339930 5.692979
v -2.928173 4.364944 6.018497
v -2.950883 4.367588 6.000756
v -2.966879 4.365692 5.957715
v -2.950518 4.337419 5.960000
v -2.910361 4.337337 6.000000
v -3.320341 0.269371 5.596506
v -3.304475 0.303518 5.642441
v -3.295368 0.339930 5.624150
v -2.966879 4.365692 5.317128
v -2.950518 4.337419 5.317128
v -3.066018 4.411278 5.317128
v -3.084189 4.439633 5.317128
v -3.084189 4.478990 5.317128
v -3.064189 4.498990 5.317128
v -2.958412 4.046457 5.624150
v -2.955089 4.066237 5.646421
v -2.973196 4.087966 5.596506
v -2.955089 4.066237 5.670707
v -2.958412 4.046457 5.692979
v -2.973196 4.087966 5.720623
v -2.765830 4.518990 5.317128
v -2.805830 4.498990 5.297128
v -2.785830 4.518990 5.337128
v -2.765830 10.718952 5.297128
v -2.765830 10.698952 5.317128
v -2.785830 10.738953 5.337128
v -2.622389 10.495642 5.073817
v -2.622389 10.475641 5.093817
v -2.642389 10.487357 5.113817
v -2.642389 10.515642 5.085533
v -1.210403 4.498990 5.991737
v -1.230403 4.518990 5.960000
v -1.270403 4.518990 6.000000
v -1.238709 4.498990 6.020000
v -2.778344 4.498990 6.020000
v -2.745830 4.518990 6.000000
v -2.785830 4.518990 5.960000
v -2.805830 4.498990 5.990894
v -1.117305 11.509729 6.142736
v -1.089646 11.509729 6.113805
v -1.077009 11.519376 6.114007
v -1.118377 11.519379 6.155363
v -2.898927 11.509729 6.142736
v -2.897856 11.519379 6.155363
v -2.939224 11.519376 6.114007
v -2.926586 11.509729 6.113806
v -1.127645 4.498990 6.131475
v -1.119488 4.478990 6.151475
v -1.079488 4.478990 6.111475
v -1.099488 4.498990 6.103065
v -3.044190 4.439633 3.848525
v -3.041690 4.412026 3.867022
v -3.066019 4.411278 3.897350
v -3.084190 4.439633 3.888525
v -3.044190 4.478990 3.848525
v -3.084190 4.478990 3.888525
v -3.064190 4.498990 3.881109
v -3.000616 4.498990 3.868525
v -1.270403 4.337337 4.000000
v -1.239170 4.364944 3.981503
v -1.211916 4.364968 4.008727
v -1.230403 4.337337 4.040000
v -1.119488 4.439633 3.848525
v -1.079488 4.439633 3.888525
v -1.097974 4.412002 3.894362
v -1.125112 4.412026 3.867022
v -2.662389 10.698952 4.682872
v -2.642389 10.670669 4.702872
v -2.642389 10.698952 4.731156
v -2.662389 10.718952 4.702872
v -2.662389 4.518989 4.682872
v -2.662389 4.498989 4.702872
v -2.642389 4.518989 4.702872
v -2.642389 4.518989 5.297128
v -2.662389 4.498989 5.297128
v -2.662389 4.518989 5.317128
v -2.642389 10.698952 5.268844
v -2.642389 10.670669 5.297128
v -2.662389 10.698952 5.317128
v -2.662389 10.718952 5.297128
v -2.437383 10.475641 4.926183
v -2.457383 10.495642 4.926183
v -2.457383 10.475641 4.906183
v -2.437383 4.518989 4.926183
v -2.457383 4.518989 4.906183
v -2.457383 4.498989 4.926183
v -2.437383 4.518989 5.073817
v -2.457383 4.498989 5.073817
v -2.457383 4.518989 5.093817
v -2.437383 10.475641 5.073817
v -2.457383 10.475641 5.093817
v -2.457383 10.495642 5.073817
v -2.642389 4.518989 4.886183
v -2.662389 4.498989 4.926183
v -2.622389 4.518989 4.906183
v -2.642389 4.518989 5.113817
v -2.622389 4.518989 5.093817
v -2.662389 4.498989 5.073817
v -1.757988 11.403538 8.639627
v -1.747988 11.413538 8.637911
v -1.776272 11.413538 8.609627
v -1.777988 11.403538 8.619627
v -1.757988 11.403538 9.355268
v -1.777988 11.403538 9.375269
v -1.776272 11.413538 9.385269
v -1.747988 11.413538 9.356985
v -2.107461 11.403538 9.375269
v -2.127461 11.403538 9.355268
v -2.137461 11.413538 9.356985
v -2.109177 11.413538 9.385269
v -2.107461 11.403538 8.619627
v -2.109177 11.413538 8.609627
v -2.137461 11.413538 8.637911
v -2.127461 11.403538 8.639627
v -2.127461 11.403538 6.644732
v -2.107461 11.403538 6.624732
v -2.109178 11.413538 6.614731
v -2.137461 11.413538 6.643016
v -2.127461 11.403538 7.360373
v -2.137461 11.413538 7.362089
v -2.109177 11.413538 7.390373
v -2.107461 11.403538 7.380373
v -1.757988 11.403538 7.360373
v -1.777988 11.403538 7.380373
v -1.776272 11.413538 7.390373
v -1.747988 11.413538 7.362089
v -1.777988 11.403538 6.624732
v -1.757988 11.403538 6.644732
v -1.747988 11.413538 6.643016
v -1.776272 11.413538 6.614731
v -1.757988 11.403538 2.639627
v -1.747988 11.413538 2.637912
v -1.776273 11.413538 2.609627
v -1.777988 11.403538 2.619627
v -1.757988 11.403538 3.355269
v -1.777988 11.403538 3.375269
v -1.776273 11.413538 3.385269
v -1.747988 11.413538 3.356985
v -2.107462 11.403538 3.375269
v -2.127462 11.403538 3.355269
v -2.137462 11.413538 3.356985
v -2.109178 11.413538 3.385269
v -2.107462 11.403538 2.619627
v -2.109178 11.413538 2.609627
v -2.137462 11.413538 2.637912
v -2.127462 11.403538 2.639627
v -2.107462 11.403538 0.624731
v -2.109178 11.413538 0.614731
v -2.137462 11.413538 0.643015
v -2.127462 11.403538 0.644731
v -1.757988 11.403538 1.360373
v -1.777988 11.403538 1.380373
v -1.776273 11.413538 1.390373
v -1.747988 11.413538 1.362089
v -1.777989 11.403538 0.624731
v -1.757989 11.403538 0.644731
v -1.747989 11.413538 0.643016
v -1.776273 11.413538 0.614731
v -1.049440 11.771509 3.776026
v -1.011079 11.790808 3.750774
v -0.982795 11.790808 3.779058
v -1.008070 11.771516 3.817379
v -3.005153 11.790808 6.249226
v -3.033437 11.790808 6.220942
v -3.008163 11.771516 6.182621
v -2.966792 11.771509 6.223975
v -1.011079 11.790808 6.249226
v -1.049440 11.771509 6.223975
v -1.008070 11.771516 6.182621
v -0.982795 11.790808 6.220942
v -1.407158 11.789271 4.198458
v -1.387158 11.789271 4.218458
v -1.367158 11.809272 4.206453
v -1.395734 11.809272 4.178458
v -2.609075 11.789271 4.198458
v -2.620499 11.809272 4.178458
v -2.649075 11.809272 4.206453
v -2.629075 11.789271 4.218458
v -2.629075 11.789271 5.781542
v -2.649075 11.809272 5.793547
v -2.620498 11.809272 5.821542
v -2.609075 11.789271 5.801542
v -1.407158 11.789271 5.801542
v -1.395734 11.809272 5.821542
v -1.367158 11.809272 5.793547
v -1.387158 11.789271 5.781542
v -1.302808 11.829272 4.088804
v -1.329449 11.809272 4.108804
v -1.302808 11.809272 4.138832
v -1.282808 11.829272 4.108804
v -2.713425 11.829272 4.088805
v -2.733425 11.829272 4.108805
v -2.713425 11.809272 4.138833
v -2.686783 11.809272 4.108805
v -2.733425 11.829272 5.891197
v -2.713425 11.829272 5.911197
v -2.686784 11.809272 5.891197
v -2.713425 11.809272 5.861168
v -1.302808 11.829272 5.911196
v -1.282808 11.829272 5.891196
v -1.302808 11.809272 5.861168
v -1.329449 11.809272 5.891196
v -1.407158 11.700746 4.198458
v -1.407158 11.680745 4.218458
v -1.387158 11.700746 4.218458
v -2.609075 11.700746 4.198458
v -2.629075 11.700746 4.218458
v -2.609075 11.680745 4.218458
v -2.629075 11.700746 5.781542
v -2.609075 11.700746 5.801542
v -2.609075 11.680745 5.781542
v -1.407158 11.700746 5.801542
v -1.387158 11.700746 5.781542
v -1.407158 11.680745 5.781542
v -1.646583 11.393628 9.467252
v -1.668476 11.413538 9.436496
v -1.696761 11.413538 9.464780
v -1.666680 11.393712 9.487414
v -1.668477 11.413538 8.558400
v -1.646583 11.393628 8.527644
v -1.666680 11.393712 8.507482
v -1.696761 11.413538 8.530116
v -2.238866 11.393628 6.532749
v -2.216973 11.413538 6.563504
v -2.188689 11.413538 6.535220
v -2.218770 11.393712 6.512586
v -2.216972 11.413538 7.441600
v -2.238866 11.393628 7.472355
v -2.218769 11.393712 7.492518
v -2.188688 11.413538 7.469884
v -2.188688 11.413538 9.464780
v -2.216972 11.413538 9.436497
v -2.238866 11.393628 9.467252
v -2.218769 11.393712 9.487414
v -1.666680 11.393712 6.512586
v -1.696761 11.413538 6.535220
v -1.668477 11.413538 6.563504
v -1.646583 11.393628 6.532749
v -1.668477 11.413538 7.441600
v -1.696761 11.413538 7.469884
v -1.666680 11.393712 7.492519
v -1.646583 11.393628 7.472355
v -2.218769 11.393712 8.507482
v -2.238866 11.393628 8.527644
v -2.216972 11.413538 8.558399
v -2.188688 11.413538 8.530116
v -1.646583 11.393628 3.467252
v -1.668477 11.413538 3.436497
v -1.696761 11.413538 3.464781
v -1.666680 11.393712 3.487415
v -1.668477 11.413538 2.558400
v -1.646584 11.393628 2.527645
v -1.666680 11.393712 2.507482
v -1.696761 11.413538 2.530116
v -2.218770 11.393712 0.512586
v -2.238867 11.393628 0.532749
v -2.216973 11.413538 0.563504
v -2.188689 11.413538 0.535220
v -2.188689 11.413538 3.464781
v -2.216973 11.413538 3.436497
v -2.238867 11.393628 3.467252
v -2.218770 11.393712 3.487415
v -1.666681 11.393712 0.512585
v -1.696762 11.413538 0.535220
v -1.668477 11.413538 0.563504
v -1.646584 11.393628 0.532749
v -1.668477 11.413538 1.441600
v -1.696762 11.413538 1.469884
v -1.666681 11.393712 1.492518
v -1.646584 11.393628 1.472355
v -2.218770 11.393712 2.507482
v -2.238867 11.393628 2.527645
v -2.216973 11.413538 2.558400
v -2.188689 11.413538 2.530116
v -1.757988 11.363539 9.355268
v -1.767988 11.353539 9.365269
v -1.777988 11.363539 9.375269
v -1.757988 11.363539 8.639627
v -1.777988 11.363539 8.619627
v -1.767988 11.353539 8.629627
v -2.127461 11.363539 6.644732
v -2.117461 11.353539 6.634732
v -2.107461 11.363539 6.624732
v -2.127461 11.363539 7.360373
v -2.107461 11.363539 7.380373
v -2.117461 11.353539 7.370373
v -2.107461 11.363539 9.375269
v -2.117461 11.353539 9.365269
v -2.127461 11.363539 9.355268
v -1.777988 11.363539 6.624732
v -1.767988 11.353539 6.634732
v -1.757988 11.363539 6.644732
v -1.757988 11.363539 7.360373
v -1.767988 11.353539 7.370373
v -1.777988 11.363539 7.380373
v -2.107461 11.363539 8.619627
v -2.127461 11.363539 8.639627
v -2.117461 11.353539 8.629627
v -1.757988 11.363539 3.355269
v -1.767988 11.353539 3.365269
v -1.777988 11.363539 3.375269
v -1.757988 11.363539 2.639627
v -1.777988 11.363539 2.619627
v -1.767988 11.353539 2.629627
v -2.117462 11.353539 0.634731
v -2.107462 11.363539 0.624731
v -2.127462 11.363539 0.644731
v -2.107462 11.363539 3.375269
v -2.117462 11.353539 3.365269
v -2.127462 11.363539 3.355269
v -1.777989 11.363539 0.624731
v -1.767989 11.353539 0.634731
v -1.757989 11.363539 0.644731
v -1.757988 11.363539 1.360373
v -1.767988 11.353539 1.370373
v -1.777988 11.363539 1.380373
v -2.107462 11.363539 2.619627
v -2.127462 11.363539 2.639627
v -2.117462 11.353539 2.629627
v -1.642711 11.141665 1.526009
v -1.640737 11.121839 1.548643
v -1.618844 11.101929 1.511115
v -2.242739 11.141665 0.479095
v -2.244713 11.121839 0.456461
v -2.266607 11.101929 0.493990
v -1.642710 11.141664 7.526010
v -1.640736 11.121838 7.548644
v -1.618843 11.101928 7.511115
v -2.242739 11.141665 6.479095
v -2.244713 11.121839 6.456461
v -2.266606 11.101929 6.493990
v -1.642711 11.141665 2.473992
v -1.618844 11.101929 2.488886
v -1.640737 11.121839 2.451357
v -1.642711 11.141665 8.473991
v -1.618843 11.101929 8.488886
v -1.640736 11.121839 8.451357
v -1.642711 11.141665 3.520906
v -1.640737 11.121839 3.543541
v -1.618844 11.101929 3.506012
v -1.642711 11.141665 9.520905
v -1.640736 11.121839 9.543540
v -1.618843 11.101929 9.506011
v -2.242739 11.141665 3.520906
v -2.266607 11.101929 3.506012
v -2.244713 11.121839 3.543541
v -2.242738 11.141664 9.520905
v -2.266606 11.101928 9.506011
v -2.244712 11.121838 9.543540
v -2.242739 11.141665 2.473992
v -2.244713 11.121839 2.451357
v -2.266607 11.101929 2.488886
v -2.242738 11.141665 8.473991
v -2.244712 11.121839 8.451356
v -2.266606 11.101929 8.488885
v -1.618844 11.101929 0.493989
v -1.640737 11.121839 0.456461
v -1.642711 11.141665 0.479095
v -2.242739 11.141665 1.526009
v -2.266607 11.101929 1.511115
v -2.244713 11.121839 1.548643
v -1.618843 11.101929 6.493990
v -1.640736 11.121839 6.456461
v -1.642711 11.141665 6.479095
v -2.266606 11.101928 7.511115
v -2.244712 11.121838 7.548644
v -2.242738 11.141664 7.526009
v -1.618843 11.101929 10.000000
v -1.640736 11.121839 10.000000
v -2.244712 11.121838 10.000000
v -2.266606 11.101928 10.000000
v -3.342496 0.025668 4.040000
v -3.302331 0.025668 4.000000
v -1.230403 0.025668 5.960000
v -1.270403 0.025668 6.000000
v -3.302331 0.025668 6.000000
v -3.342496 0.025668 5.960000
v -1.270403 0.025668 4.000000
v -1.230403 0.025668 4.040000
v -1.270403 0.072455 4.000000
v -1.230403 0.072455 4.040000
v -3.338242 0.072455 5.960000
v -3.298407 0.068834 6.000000
v -3.338242 0.072455 4.040000
v -3.298407 0.068834 4.000000
v -1.230403 0.072455 5.960000
v -1.270403 0.072455 6.000000
v -2.805065 11.434118 4.008514
v -2.777317 11.434118 3.980766
v -2.745831 11.408637 4.000000
v -2.785830 11.408637 4.040000
v -2.866895 11.489920 3.959202
v -2.889647 11.509729 3.924121
v -2.861208 11.509729 3.895990
v -2.826519 11.489928 3.918806
v -2.862747 11.460068 3.963446
v -2.822369 11.460063 3.923052
v -2.824005 11.447422 3.934077
v -2.851753 11.447423 3.961825
v -1.155025 11.509729 3.895990
v -1.126586 11.509729 3.924121
v -1.149338 11.489920 3.959202
v -1.189714 11.489928 3.918806
v -1.211169 11.434118 4.008514
v -1.230403 11.408637 4.040000
v -1.270403 11.408637 4.000000
v -1.238917 11.434118 3.980766
v -1.153487 11.460068 3.963446
v -1.164480 11.447422 3.961826
v -1.192228 11.447423 3.934077
v -1.193864 11.460063 3.923052
v -1.126586 11.509729 6.075879
v -1.155025 11.509729 6.104010
v -1.189714 11.489928 6.081194
v -1.149338 11.489920 6.040799
v -1.238917 11.434118 6.019234
v -1.270403 11.408637 6.000000
v -1.230403 11.408637 5.960000
v -1.211169 11.434118 5.991486
v -1.193864 11.460063 6.076948
v -1.192228 11.447422 6.065923
v -1.164480 11.447423 6.038175
v -1.153486 11.460068 6.036554
v -2.866894 11.489920 6.040799
v -2.826519 11.489928 6.081195
v -2.861208 11.509729 6.104011
v -2.889647 11.509729 6.075880
v -2.805064 11.434118 5.991486
v -2.785830 11.408637 5.960000
v -2.745830 11.408637 6.000000
v -2.777316 11.434118 6.019234
v -2.851753 11.447422 6.038175
v -2.824004 11.447423 6.065923
v -2.822369 11.460063 6.076948
v -2.862746 11.460068 6.036554
v -1.300730 11.866280 4.078804
v -1.302808 11.856279 4.088804
v -1.282808 11.856279 4.108804
v -1.272808 11.866280 4.107564
v -2.715796 11.866280 4.078804
v -2.743425 11.866280 4.119494
v -2.733425 11.856279 4.108805
v -2.713425 11.856279 4.088805
v -2.743425 11.866280 5.892437
v -2.715503 11.866280 5.921197
v -2.713425 11.856279 5.911197
v -2.733425 11.856279 5.891197
v -1.300730 11.866280 5.921196
v -1.272808 11.866280 5.892436
v -1.282808 11.856279 5.891196
v -1.302808 11.856279 5.911196
v -0.971705 11.790808 3.711400
v -0.963421 11.810808 3.691400
v -0.923421 11.810808 3.731400
v -0.943421 11.790808 3.739684
v -3.072812 11.790808 6.260316
v -3.044528 11.790808 6.288600
v -3.052812 11.810808 6.308600
v -3.092812 11.810808 6.268600
v -0.943421 11.790808 6.260316
v -0.923421 11.810808 6.268600
v -0.963421 11.810808 6.308600
v -0.971705 11.790808 6.288600
v -0.923421 11.856279 6.268600
v -0.933421 11.866280 6.267725
v -0.959430 11.866280 6.298600
v -0.963421 11.856279 6.308600
v -0.963421 11.856279 3.691400
v -0.959430 11.866280 3.701400
v -0.933421 11.866280 3.732275
v -0.923421 11.856279 3.731400
v -3.092812 11.856279 6.268600
v -3.052812 11.856279 6.308600
v -3.056803 11.866280 6.298600
v -3.082812 11.866280 6.267725
v -1.119488 4.478990 -3.848525
v -1.079489 4.478990 -3.888525
v -1.099488 4.498990 -3.896936
v -1.127646 4.498990 -3.868525
v -2.939224 11.519376 -3.885993
v -2.926587 11.509729 -3.886195
v -2.898929 11.509729 -3.857263
v -2.897856 11.519379 -3.844637
v -1.077010 11.519376 -3.885994
v -1.118378 11.519379 -3.844638
v -1.117306 11.509729 -3.857264
v -1.089647 11.509729 -3.886195
v -2.745831 4.518990 -4.000000
v -2.785830 4.518990 -4.040000
v -2.805830 4.498990 -4.012276
v -2.781044 4.498990 -3.980000
v -1.270404 4.518990 -4.000000
v -1.238709 4.498990 -3.980000
v -1.210404 4.498990 -4.008263
v -1.230404 4.518990 -4.040000
v -2.622390 10.495642 -4.926183
v -2.622390 10.475641 -4.906183
v -2.642390 10.487357 -4.886183
v -2.642390 10.515642 -4.914467
v -2.765831 10.698952 -4.682872
v -2.785831 10.738953 -4.662872
v -2.765831 10.718952 -4.702872
v -2.785831 4.518990 -4.662872
v -2.765831 4.518990 -4.682872
v -2.805831 4.498990 -4.702872
v -1.125113 4.412026 -6.132978
v -1.119488 4.439633 -6.151475
v -1.079489 4.439633 -6.111475
v -1.097975 4.412002 -6.105638
v -2.958413 4.046457 -4.307021
v -2.973197 4.087966 -4.279377
v -2.955090 4.066237 -4.329293
v -2.958413 4.046457 -4.375850
v -2.955090 4.066237 -4.353579
v -2.973197 4.087966 -4.403494
v -3.064190 4.498990 -4.682872
v -3.084190 4.478990 -4.682872
v -3.084190 4.439633 -4.682872
v -3.066019 4.411278 -4.682872
v -2.966880 4.365692 -4.682872
v -2.950519 4.337419 -4.682872
v -3.304476 0.303518 -4.357559
v -3.295369 0.339930 -4.375850
v -3.320342 0.269371 -4.403494
v -2.910361 4.337337 -4.000000
v -2.939296 4.364944 -3.981503
v -2.966879 4.365692 -4.008193
v -2.950519 4.337419 -4.040000
v -3.320342 0.269371 -4.279377
v -3.295369 0.339930 -4.307021
v -3.304476 0.303518 -4.325313
v -3.203351 0.433090 -4.341434
v -3.261366 0.347163 -4.341435
v -2.925851 4.063579 -4.341435
v -2.875548 4.038924 -4.341435
v -1.270404 4.337337 -6.000000
v -1.239171 4.364944 -6.018497
v -1.211917 4.364968 -5.991273
v -1.230404 4.337337 -5.960000
v -3.064190 4.498990 -6.118891
v -3.000616 4.498990 -6.131474
v -3.044190 4.478990 -6.151474
v -3.084190 4.478990 -6.111475
v -3.044190 4.439633 -6.151474
v -3.041690 4.412026 -6.132977
v -3.066019 4.411278 -6.102650
v -3.084190 4.439633 -6.111475
v -2.925851 4.063579 -5.658564
v -2.875548 4.038924 -5.658563
v -3.261366 0.347163 -5.658564
v -3.203351 0.433090 -5.658563
v -3.304476 0.303518 -5.674687
v -3.295369 0.339930 -5.692978
v -3.320342 0.269371 -5.720623
v -2.939296 4.364944 -6.018497
v -2.910362 4.337337 -6.000000
v -2.950519 4.337419 -5.960000
v -2.966880 4.365692 -5.991807
v -3.295369 0.339930 -5.624149
v -3.304476 0.303518 -5.642441
v -3.320342 0.269371 -5.596506
v -2.950519 4.337419 -5.317128
v -2.966880 4.365692 -5.317128
v -3.066019 4.411278 -5.317128
v -3.084190 4.439633 -5.317128
v -3.084190 4.478990 -5.317128
v -3.064190 4.498990 -5.317128
v -2.958413 4.046457 -5.624149
v -2.973197 4.087966 -5.596506
v -2.955090 4.066237 -5.646421
v -2.955090 4.066237 -5.670707
v -2.973197 4.087966 -5.720623
v -2.958413 4.046457 -5.692978
v -2.765831 4.518990 -5.317128
v -2.785831 4.518990 -5.337128
v -2.805831 4.498990 -5.297128
v -2.785831 10.738953 -5.337128
v -2.765831 10.698952 -5.317128
v -2.765831 10.718952 -5.297128
v -2.622390 10.495642 -5.073817
v -2.642390 10.515642 -5.085533
v -2.642390 10.487357 -5.113817
v -2.622390 10.475641 -5.093817
v -1.210404 4.498990 -5.991737
v -1.238710 4.498990 -6.020000
v -1.270404 4.518990 -6.000000
v -1.230404 4.518990 -5.960000
v -2.745831 4.518990 -6.000000
v -2.781045 4.498990 -6.020000
v -2.805831 4.498990 -5.987724
v -2.785831 4.518990 -5.960000
v -1.117306 11.509729 -6.142736
v -1.118378 11.519379 -6.155363
v -1.077010 11.519376 -6.114007
v -1.089647 11.509729 -6.113805
v -2.898929 11.509729 -6.142736
v -2.926587 11.509729 -6.113805
v -2.939225 11.519376 -6.114007
v -2.897857 11.519379 -6.155363
v -1.099488 4.498990 -6.103065
v -1.079489 4.478990 -6.111475
v -1.119488 4.478990 -6.151475
v -1.127646 4.498990 -6.131475
v -3.044190 4.439633 -3.848524
v -3.084190 4.439633 -3.888524
v -3.066019 4.411278 -3.897349
v -3.041691 4.412026 -3.867021
v -3.044190 4.478990 -3.848524
v -3.000616 4.498990 -3.868524
v -3.064190 4.498990 -3.881108
v -3.084190 4.478990 -3.888524
v -1.270404 4.337337 -4.000000
v -1.230404 4.337337 -4.040000
v -1.211917 4.364968 -4.008727
v -1.239171 4.364944 -3.981503
v -1.119488 4.439633 -3.848525
v -1.125112 4.412026 -3.867022
v -1.097975 4.412002 -3.894362
v -1.079489 4.439633 -3.888525
v -2.662390 10.698952 -4.682872
v -2.662390 10.718952 -4.702872
v -2.642390 10.698952 -4.731156
v -2.642390 10.670669 -4.702872
v -2.662390 4.518989 -4.682872
v -2.642390 4.518989 -4.702872
v -2.662390 4.498989 -4.702872
v -2.642390 4.518989 -5.297128
v -2.662390 4.518989 -5.317128
v -2.662390 4.498989 -5.297128
v -2.642390 10.698952 -5.268844
v -2.662390 10.718952 -5.297128
v -2.662390 10.698952 -5.317128
v -2.642390 10.670669 -5.297128
v -2.437384 10.475641 -4.926183
v -2.457384 10.475641 -4.906183
v -2.457384 10.495642 -4.926183
v -2.437384 4.518989 -4.926183
v -2.457384 4.498989 -4.926183
v -2.457384 4.518989 -4.906183
v -2.437384 4.518989 -5.073817
v -2.457384 4.518989 -5.093817
v -2.457384 4.498989 -5.073817
v -2.437384 10.475641 -5.073817
v -2.457384 10.495642 -5.073817
v -2.457384 10.475641 -5.093817
v -2.642390 4.518989 -4.886183
v -2.622390 4.518989 -4.906183
v -2.662390 4.498989 -4.926183
v -2.642390 4.518989 -5.113817
v -2.662390 4.498989 -5.073817
v -2.622390 4.518989 -5.093817
v -1.757989 11.403538 -8.639627
v -1.777989 11.403538 -8.619627
v -1.776273 11.413538 -8.609627
v -1.747989 11.413538 -8.637911
v -1.757989 11.403538 -9.355268
v -1.747989 11.413538 -9.356985
v -1.776273 11.413538 -9.385269
v -1.777989 11.403538 -9.375269
v -2.107463 11.403538 -9.375269
v -2.109179 11.413538 -9.385269
v -2.137463 11.413538 -9.356985
v -2.127463 11.403538 -9.355268
v -2.107463 11.403538 -8.619627
v -2.127463 11.403538 -8.639627
v -2.137463 11.413538 -8.637911
v -2.109179 11.413538 -8.609627
v -2.107462 11.403538 -6.624732
v -2.127462 11.403538 -6.644732
v -2.137462 11.413538 -6.643015
v -2.109179 11.413538 -6.614731
v -1.757989 11.403538 -7.360373
v -1.747989 11.413538 -7.362089
v -1.776273 11.413538 -7.390373
v -1.777989 11.403538 -7.380373
v -1.777989 11.403538 -6.624732
v -1.776273 11.413538 -6.614731
v -1.747989 11.413538 -6.643016
v -1.757989 11.403538 -6.644732
v -1.757989 11.403538 -2.639627
v -1.777989 11.403538 -2.619627
v -1.776273 11.413538 -2.609627
v -1.747989 11.413538 -2.637912
v -1.757989 11.403538 -3.355269
v -1.747989 11.413538 -3.356985
v -1.776273 11.413538 -3.385269
v -1.777989 11.403538 -3.375269
v -2.107462 11.403538 -3.375269
v -2.109178 11.413538 -3.385269
v -2.137462 11.413538 -3.356985
v -2.127462 11.403538 -3.355269
v -2.107462 11.403538 -2.619627
v -2.127462 11.403538 -2.639627
v -2.137462 11.413538 -2.637912
v -2.109178 11.413538 -2.609627
v -2.127462 11.403538 -0.644731
v -2.137462 11.413538 -0.643015
v -2.109178 11.413538 -0.614731
v -2.107462 11.403538 -0.624731
v -2.127462 11.403538 -1.360372
v -2.107462 11.403538 -1.380372
v -2.109178 11.413538 -1.390372
v -2.137462 11.413538 -1.362088
v -1.757989 11.403538 -1.360372
v -1.747989 11.413538 -1.362088
v -1.776273 11.413538 -1.390372
v -1.777989 11.403538 -1.380372
v -1.777989 11.403538 -0.624731
v -1.776273 11.413538 -0.614731
v -1.747989 11.413538 -0.643015
v -1.757989 11.403538 -0.644731
v -1.011080 11.790808 -3.750774
v -1.049441 11.771509 -3.776026
v -1.008071 11.771516 -3.817379
v -0.982796 11.790808 -3.779058
v -3.005154 11.790808 -3.750774
v -3.033438 11.790808 -3.779058
v -3.008164 11.771516 -3.817379
v -2.966793 11.771509 -3.776026
v -3.033438 11.790808 -6.220942
v -3.005154 11.790808 -6.249226
v -2.966793 11.771509 -6.223975
v -3.008164 11.771516 -6.182621
v -1.011080 11.790808 -6.249226
v -0.982796 11.790808 -6.220942
v -1.008071 11.771516 -6.182621
v -1.049441 11.771509 -6.223975
v -1.407159 11.789271 -4.198458
v -1.395735 11.809272 -4.178458
v -1.367159 11.809272 -4.206453
v -1.387159 11.789271 -4.218458
v -2.609076 11.789271 -4.198458
v -2.629076 11.789271 -4.218458
v -2.649076 11.809272 -4.206453
v -2.620499 11.809272 -4.178458
v -2.629076 11.789271 -5.781542
v -2.609076 11.789271 -5.801542
v -2.620500 11.809272 -5.821542
v -2.649076 11.809272 -5.793547
v -1.407159 11.789271 -5.801542
v -1.387159 11.789271 -5.781542
v -1.367159 11.809272 -5.793547
v -1.395735 11.809272 -5.821542
v -1.302809 11.829272 -4.088804
v -1.282809 11.829272 -4.108804
v -1.302809 11.809272 -4.138832
v -1.329450 11.809272 -4.108804
v -2.713426 11.829272 -4.088803
v -2.686785 11.809272 -4.108803
v -2.713426 11.809272 -4.138832
v -2.733426 11.829272 -4.108803
v -2.733426 11.829272 -5.891195
v -2.713426 11.809272 -5.861167
v -2.686784 11.809272 -5.891195
v -2.713426 11.829272 -5.911195
v -1.302809 11.829272 -5.911196
v -1.329450 11.809272 -5.891196
v -1.302809 11.809272 -5.861168
v -1.282809 11.829272 -5.891196
v -1.407159 11.700746 -4.198458
v -1.387159 11.700746 -4.218458
v -1.407159 11.680745 -4.218458
v -2.609076 11.700746 -4.198458
v -2.609076 11.680745 -4.218458
v -2.629076 11.700746 -4.218458
v -2.629076 11.700746 -5.781542
v -2.609076 11.680745 -5.781542
v -2.609076 11.700746 -5.801542
v -1.407159 11.700746 -5.801542
v -1.407159 11.680745 -5.781542
v -1.387159 11.700746 -5.781542
v -1.646585 11.393628 -9.467252
v -1.666682 11.393712 -9.487414
v -1.696763 11.413538 -9.464780
v -1.668478 11.413538 -9.436496
v -1.668478 11.413538 -8.558400
v -1.696763 11.413538 -8.530116
v -1.666681 11.393712 -8.507482
v -1.646585 11.393628 -8.527644
v -2.218771 11.393712 -6.512586
v -2.188690 11.413538 -6.535220
v -2.216974 11.413538 -6.563504
v -2.238867 11.393628 -6.532749
v -2.188690 11.413538 -9.464780
v -2.218771 11.393712 -9.487414
v -2.238868 11.393628 -9.467252
v -2.216974 11.413538 -9.436497
v -1.666681 11.393712 -6.512586
v -1.646584 11.393628 -6.532749
v -1.668478 11.413538 -6.563504
v -1.696762 11.413538 -6.535220
v -1.668478 11.413538 -7.441600
v -1.646584 11.393628 -7.472355
v -1.666681 11.393712 -7.492518
v -1.696762 11.413538 -7.469884
v -2.218771 11.393712 -8.507482
v -2.188690 11.413538 -8.530116
v -2.216974 11.413538 -8.558399
v -2.238868 11.393628 -8.527644
v -1.646584 11.393628 -3.467252
v -1.666681 11.393712 -3.487415
v -1.696762 11.413538 -3.464781
v -1.668478 11.413538 -3.436496
v -1.668478 11.413538 -2.558400
v -1.696762 11.413538 -2.530116
v -1.666681 11.393712 -2.507482
v -1.646584 11.393628 -2.527645
v -2.238867 11.393628 -0.532748
v -2.218770 11.393712 -0.512585
v -2.188689 11.413538 -0.535219
v -2.216973 11.413538 -0.563504
v -2.216973 11.413538 -1.441599
v -2.188689 11.413538 -1.469884
v -2.218770 11.393712 -1.492518
v -2.238867 11.393628 -1.472355
v -2.188689 11.413538 -3.464781
v -2.218770 11.393712 -3.487415
v -2.238867 11.393628 -3.467252
v -2.216973 11.413538 -3.436497
v -1.666681 11.393712 -0.512585
v -1.646584 11.393628 -0.532748
v -1.668477 11.413538 -0.563504
v -1.696762 11.413538 -0.535220
v -1.668477 11.413538 -1.441600
v -1.646584 11.393628 -1.472355
v -1.666681 11.393712 -1.492518
v -1.696762 11.413538 -1.469884
v -2.218770 11.393712 -2.507482
v -2.188689 11.413538 -2.530116
v -2.216973 11.413538 -2.558400
v -2.238867 11.393628 -2.527645
v -1.757989 11.363539 -9.355268
v -1.777989 11.363539 -9.375269
v -1.767989 11.353539 -9.365269
v -1.757989 11.363539 -8.639627
v -1.767989 11.353539 -8.629627
v -1.777989 11.363539 -8.619627
v -2.117462 11.353539 -6.634732
v -2.127462 11.363539 -6.644732
v -2.107462 11.363539 -6.624732
v -2.107463 11.363539 -9.375269
v -2.127463 11.363539 -9.355268
v -2.117463 11.353539 -9.365269
v -1.777989 11.363539 -6.624732
v -1.757989 11.363539 -6.644732
v -1.767989 11.353539 -6.634732
v -1.757989 11.363539 -7.360373
v -1.777989 11.363539 -7.380373
v -1.767989 11.353539 -7.370373
v -2.107463 11.363539 -8.619627
v -2.117463 11.353539 -8.629627
v -2.127463 11.363539 -8.639627
v -1.757989 11.363539 -3.355269
v -1.777989 11.363539 -3.375269
v -1.767989 11.353539 -3.365269
v -1.757989 11.363539 -2.639627
v -1.767989 11.353539 -2.629627
v -1.777989 11.363539 -2.619627
v -2.127462 11.363539 -0.644731
v -2.107462 11.363539 -0.624731
v -2.117462 11.353539 -0.634731
v -2.127462 11.363539 -1.360372
v -2.117462 11.353539 -1.370372
v -2.107462 11.363539 -1.380372
v -2.107462 11.363539 -3.375269
v -2.127462 11.363539 -3.355269
v -2.117462 11.353539 -3.365269
v -1.777989 11.363539 -0.624731
v -1.757989 11.363539 -0.644731
v -1.767989 11.353539 -0.634731
v -1.757989 11.363539 -1.360372
v -1.777989 11.363539 -1.380372
v -1.767989 11.353539 -1.370372
v -2.107462 11.363539 -2.619627
v -2.117462 11.353539 -2.629627
v -2.127462 11.363539 -2.639627
v -1.618844 11.101929 -1.511114
v -1.640737 11.121839 -1.548643
v -1.642712 11.141665 -1.526008
v -2.242739 11.141665 -0.479095
v -2.266607 11.101929 -0.493989
v -2.244713 11.121839 -0.456460
v -1.618844 11.101928 -7.511115
v -1.640738 11.121838 -7.548644
v -1.642712 11.141664 -7.526009
v -2.266607 11.101929 -6.493990
v -2.244714 11.121839 -6.456461
v -2.242740 11.141665 -6.479095
v -1.642712 11.141665 -2.473992
v -1.640737 11.121839 -2.451357
v -1.618844 11.101929 -2.488886
v -1.642712 11.141665 -8.473991
v -1.640738 11.121839 -8.451357
v -1.618845 11.101929 -8.488886
v -1.618844 11.101929 -3.506011
v -1.640737 11.121839 -3.543540
v -1.642712 11.141665 -3.520905
v -1.618845 11.101929 -9.506011
v -1.640738 11.121839 -9.543540
v -1.642712 11.141665 -9.520905
v -2.242739 11.141665 -3.520905
v -2.244713 11.121839 -3.543540
v -2.266607 11.101929 -3.506011
v -2.242740 11.141664 -9.520905
v -2.244714 11.121838 -9.543540
v -2.266608 11.101928 -9.506011
v -2.242739 11.141665 -2.473992
v -2.266607 11.101929 -2.488886
v -2.244713 11.121839 -2.451357
v -2.242740 11.141665 -8.473990
v -2.266608 11.101929 -8.488885
v -2.244714 11.121839 -8.451356
v -1.642711 11.141665 -0.479095
v -1.640737 11.121839 -0.456460
v -1.618844 11.101929 -0.493989
v -2.242739 11.141665 -1.526008
v -2.244713 11.121839 -1.548643
v -2.266607 11.101929 -1.511114
v -1.642712 11.141665 -6.479095
v -1.640738 11.121839 -6.456461
v -1.618845 11.101929 -6.493990
v -2.242794 11.141788 -7.527241
v -2.244714 11.121838 -7.548644
v -2.266547 11.101922 -7.509995
v -1.640738 11.121839 -10.000000
v -1.618845 11.101929 -10.000000
v -2.266608 11.101928 -10.000000
v -2.244714 11.121838 -10.000000
v -3.302332 0.025668 -4.000000
v -3.342497 0.025668 -4.040000
v -1.270404 0.025668 -6.000000
v -1.230404 0.025668 -5.960000
v -3.342497 0.025668 -5.960000
v -3.302332 0.025668 -6.000000
v -1.230404 0.025668 -4.040000
v -1.270404 0.025668 -4.000000
v -1.230404 0.072455 -4.040000
v -1.270404 0.072455 -4.000000
v -3.298408 0.068834 -6.000000
v -3.338243 0.072455 -5.960000
v -3.298408 0.068834 -4.000000
v -3.338243 0.072455 -4.040000
v -1.270404 0.072455 -6.000000
v -1.230404 0.072455 -5.960000
v -2.805065 11.434118 -4.008514
v -2.785830 11.408637 -4.040000
v -2.745831 11.408637 -4.000000
v -2.777317 11.434118 -3.980766
v -2.866895 11.489920 -3.959202
v -2.826520 11.489928 -3.918806
v -2.861209 11.509729 -3.895990
v -2.889648 11.509729 -3.924120
v -2.862747 11.460068 -3.963446
v -2.851753 11.447422 -3.961825
v -2.824005 11.447423 -3.934077
v -2.822369 11.460063 -3.923052
v -1.155026 11.509729 -3.895990
v -1.189715 11.489928 -3.918806
v -1.149339 11.489920 -3.959202
v -1.126587 11.509729 -3.924121
v -1.211169 11.434118 -4.008514
v -1.238917 11.434118 -3.980766
v -1.270404 11.408637 -4.000000
v -1.230404 11.408637 -4.040000
v -1.153487 11.460068 -3.963446
v -1.193865 11.460063 -3.923052
v -1.192229 11.447422 -3.934077
v -1.164481 11.447423 -3.961826
v -1.126587 11.509729 -6.075879
v -1.149339 11.489920 -6.040799
v -1.189715 11.489928 -6.081194
v -1.155026 11.509729 -6.104010
v -1.238918 11.434118 -6.019234
v -1.211170 11.434118 -5.991486
v -1.230404 11.408637 -5.960000
v -1.270404 11.408637 -6.000000
v -1.193865 11.460063 -6.076948
v -1.153487 11.460068 -6.036554
v -1.164481 11.447422 -6.038175
v -1.192229 11.447423 -6.065923
v -2.866895 11.489920 -6.040798
v -2.889648 11.509729 -6.075878
v -2.861209 11.509729 -6.104009
v -2.826520 11.489928 -6.081194
v -2.805065 11.434118 -5.991486
v -2.777317 11.434118 -6.019234
v -2.745831 11.408637 -6.000000
v -2.785831 11.408637 -5.960000
v -2.851754 11.447423 -6.038175
v -2.862747 11.460068 -6.036554
v -2.822370 11.460063 -6.076948
v -2.824005 11.447422 -6.065923
v -1.300731 11.866280 -4.078804
v -1.272809 11.866280 -4.107564
v -1.282809 11.856279 -4.108804
v -1.302809 11.856279 -4.088804
v -2.715504 11.866280 -4.078803
v -2.713426 11.856279 -4.088803
v -2.733426 11.856279 -4.108803
v -2.743426 11.866280 -4.107563
v -2.743426 11.866280 -5.892435
v -2.733426 11.856279 -5.891195
v -2.713426 11.856279 -5.911195
v -2.715504 11.866280 -5.921196
v -1.300731 11.866280 -5.921196
v -1.302809 11.856279 -5.911196
v -1.282809 11.856279 -5.891196
v -1.272809 11.866280 -5.892436
v -0.943422 11.790808 -3.739684
v -0.923422 11.810808 -3.731400
v -0.963422 11.810808 -3.691400
v -0.971706 11.790808 -3.711400
v -3.072813 11.790808 -3.739684
v -3.044529 11.790808 -3.711400
v -3.052813 11.810808 -3.691400
v -3.092813 11.810808 -3.731400
v -3.044529 11.790808 -6.288600
v -3.072813 11.790808 -6.260316
v -3.092813 11.810808 -6.268600
v -3.052813 11.810808 -6.308600
v -0.943422 11.790808 -6.260316
v -0.971706 11.790808 -6.288600
v -0.963422 11.810808 -6.308600
v -0.923422 11.810808 -6.268600
v -0.923422 11.856279 -6.268600
v -0.963422 11.856279 -6.308600
v -0.959431 11.866280 -6.298600
v -0.933422 11.866280 -6.267725
v -0.923422 11.856279 -3.731400
v -0.933422 11.866280 -3.732275
v -0.959431 11.866280 -3.701400
v -0.963422 11.856279 -3.691400
v -3.092813 11.856279 -3.731400
v -3.052813 11.856279 -3.691400
v -3.056804 11.866280 -3.701400
v -3.082813 11.866280 -3.732275
v -3.052813 11.856279 -6.308600
v -3.092813 11.856279 -6.268600
v -3.082813 11.866280 -6.267725
v -3.056804 11.866280 -6.298600
v -2.745831 8.632648 -6.000000
v -2.769254 8.522292 -5.988729
v -2.785831 8.553568 -5.960000
v -2.745831 6.826918 -6.000000
v -2.785831 6.880612 -5.960000
v -2.768758 6.890517 -5.989298
v -2.768758 7.439185 -5.909630
v -2.785831 7.484518 -5.872312
v -2.769254 7.521196 -5.906615
v -2.643955 7.487719 -5.988729
v -2.601407 7.440165 -6.000000
v -2.647192 7.406705 -5.989298
v -2.785830 8.462094 -4.040000
v -2.745831 8.388618 -4.000000
v -2.769560 8.506326 -4.011698
v -2.785831 10.191710 -4.040000
v -2.770414 10.167403 -4.013669
v -2.745831 10.199670 -4.000000
v -2.648886 9.854591 -4.013669
v -2.633339 9.768490 -4.011698
v -2.592865 9.805939 -4.000000
v -2.769560 9.819448 -4.113299
v -2.770415 9.900053 -4.104312
v -2.785831 9.870332 -4.148961
v -2.785830 7.928222 4.040000
v -2.771041 7.972063 4.013703
v -2.745831 7.919427 4.000000
v -2.671378 8.498125 4.013703
v -2.668870 8.537977 4.013549
v -2.632584 8.517190 4.000000
v -2.771041 8.495805 4.105409
v -2.785830 8.514265 4.142614
v -2.771081 8.535593 4.107419
v -2.745831 9.432984 4.000000
v -2.768564 9.387871 4.010749
v -2.785830 9.394969 4.040000
v -2.766746 8.886523 4.172323
v -2.785830 8.895761 4.231048
v -2.767238 8.914370 4.175907
v -2.768563 9.019727 4.091467
v -2.767291 8.984177 4.109947
v -2.785830 9.008615 4.124711
v -2.611309 8.993526 4.014938
v -2.636502 9.027449 4.010749
v -2.595563 9.022876 4.000000
v -2.481955 8.886992 4.016764
v -2.472632 8.914734 4.014823
v -2.371817 8.895988 4.000000
v -2.785830 8.818338 4.119891
v -2.766746 8.838576 4.103485
v -2.770913 8.804708 4.087494
v -2.652013 8.788928 4.000000
v -2.686745 8.785338 4.013341
v -2.668025 8.815896 4.016764
v -2.745830 7.316618 6.000000
v -2.785830 7.428567 5.960000
v -2.775458 7.306119 5.982856
v -2.745830 5.161329 6.000000
v -2.775219 5.167749 5.982723
v -2.785830 5.118705 5.960000
v -2.775458 5.771214 5.801052
v -2.785830 5.728598 5.758644
v -2.775219 5.692012 5.809638
v -2.671334 5.697193 5.982723
v -2.633064 5.736033 6.000000
v -2.666339 5.776656 5.982856
v -3.073857 2.980709 -4.403494
v -3.056499 2.967503 -4.375850
v -3.057621 3.006043 -4.378695
v -3.053310 3.206716 -4.403494
v -3.039528 3.178119 -4.382597
v -3.034221 3.212562 -4.375850
v -3.123857 1.988890 -4.000000
v -3.140748 2.071578 -4.012528
v -3.160435 2.028345 -4.040000
v -3.034940 3.408784 -4.040000
v -3.023453 3.379150 -4.015282
v -2.995533 3.400446 -4.000000
v -2.973182 2.954009 -4.341489
v -2.974961 2.991281 -4.334709
v -2.953570 3.167360 -4.331597
v -2.951309 3.205235 -4.341447
v -3.060750 2.920744 -4.307022
v -3.081701 2.894422 -4.279377
v -3.062784 2.951625 -4.293910
v -3.051433 3.227364 -4.279377
v -3.033143 3.224414 -4.307022
v -3.039225 3.194154 -4.289168
v -3.076910 2.795514 -4.095850
v -3.092608 2.774438 -4.125893
v -3.052246 3.218420 -4.125107
v -3.036947 3.187255 -4.108035
v -2.949089 3.135304 -4.017576
v -2.938000 3.210900 -4.000000
v -2.931312 3.022870 -4.017128
v -2.903362 2.990954 -4.000000
v -3.010173 2.619815 -4.013446
v -2.984715 2.573095 -4.000000
v -3.047677 3.112934 -4.516098
v -3.061108 3.120942 -4.579487
v -3.271270 0.809153 4.040000
v -3.253652 0.802735 4.009506
v -3.235457 0.761274 4.000000
v -3.181078 1.801255 4.040000
v -3.131977 1.899563 4.000000
v -3.160572 1.826324 4.008610
v -3.068627 1.138859 4.008610
v -3.024186 1.093629 4.000000
v -3.088985 1.061775 4.009506
v -3.229493 1.068479 4.075504
v -3.244254 1.106321 4.113802
v -3.222402 1.146196 4.080840
v -2.228447 11.407998 0.985012
v -2.216973 11.413538 0.970718
v -2.238867 11.393628 0.983221
v -1.934782 11.403538 1.380373
v -1.937669 11.404544 1.387401
v -1.910335 11.413538 1.390373
v -2.117462 11.353539 1.267018
v -2.127462 11.363539 1.199531
v -2.135716 11.347025 1.275379
v -1.864861 11.393712 1.492518
v -1.848939 11.413538 1.469884
v -1.863958 11.408367 1.481142
v -2.235371 11.219138 1.515715
v -2.245615 11.226627 1.504792
v -2.255961 11.213867 1.496241
v -1.800153 11.413538 -7.469884
v -1.813668 11.393712 -7.492519
v -1.814534 11.408141 -7.481448
v -2.127463 11.363539 -7.113707
v -2.117463 11.353539 -7.200157
v -2.136650 11.349571 -7.206553
v -2.250857 11.267540 1.220504
v -2.240831 11.285226 1.216180
v -2.255278 11.221055 1.374205
v -2.245594 11.233362 1.386673
v -2.137462 11.413538 1.037445
v -2.136048 11.407902 1.062744
v -2.127462 11.403538 1.057512
v -1.898497 11.407867 1.418675
v -1.878390 11.413538 1.415080
v -2.099854 11.277843 1.498237
v -2.084955 11.271955 1.508697
v -1.955824 11.377050 1.380373
v -1.950492 11.388403 1.388732
v -2.015521 11.353539 1.370373
v -2.026021 11.348382 1.390071
v -1.981302 11.363539 1.380373
v -2.037994 11.353539 1.328503
v -2.053187 11.347905 1.339426
v -2.247128 11.312917 -7.495158
v -2.236181 11.324542 -7.504355
v -2.227007 11.313519 -7.514274
v -1.964911 11.325402 -7.492360
v -1.960248 11.313011 -7.502321
v -2.247601 11.307716 -7.341312
v -2.237474 11.318495 -7.317709
v -2.249429 11.281644 -7.182939
v -2.239705 11.296578 -7.183782
v -2.216974 11.413538 -6.737694
v -2.228822 11.408679 -6.755814
v -2.238867 11.393628 -6.756835
v -1.950048 11.363539 -7.380373
v -1.994193 11.351023 -7.390687
v -1.985917 11.353539 -7.370373
v -2.137463 11.413538 -6.895297
v -2.127463 11.403538 -6.936208
v -2.136434 11.408675 -6.938957
v -1.873397 11.403538 -7.380373
v -1.856505 11.413538 -7.390373
v -1.879440 11.408150 -7.389875
v -3.064189 4.498990 5.893403
v -3.084189 4.478990 5.843384
v -3.079156 4.489526 5.876503
v -2.956292 4.491990 6.141893
v -2.922487 4.478990 6.151476
v -2.906398 4.498990 6.131476
v -2.960477 4.498990 6.125521
v -2.869558 4.412026 6.132979
v -2.878506 4.439633 6.151476
v -2.882931 4.422877 6.143084
v -3.078346 4.425020 5.821853
v -3.084189 4.439633 5.810459
v -3.066018 4.411278 5.816314
v -3.072812 11.790808 3.877143
v -3.092812 11.810808 3.883080
v -3.082969 11.800738 3.870014
v -2.743213 11.790808 3.750774
v -2.807391 11.771509 3.776026
v -2.797380 11.799796 3.776128
v -3.008163 11.771516 3.859298
v -3.033437 11.790808 3.870029
v -3.006180 11.800720 3.856196
v -2.807126 11.866280 3.831112
v -2.838404 11.858002 3.830587
v -2.844628 11.866280 3.845029
v -2.585320 11.856279 3.691400
v -2.608949 11.857289 3.697723
v -2.586856 11.866280 3.701400
v -3.082812 11.866280 3.888055
v -3.082969 11.856349 3.876724
v -3.092812 11.856279 3.888566
v -2.982261 11.676782 3.821655
v -2.972712 11.678329 3.807623
v -2.959135 11.664824 3.805058
v -2.676296 11.790808 3.711400
v -2.664136 11.799799 3.697720
v -2.628966 11.810808 3.691400
v -2.381793 10.823575 -0.381834
v -2.365540 10.803083 -0.370429
v -2.385450 10.824974 -0.313495
v -2.481039 10.999999 -1.538068
v -2.501039 10.979999 -1.555060
v -2.495156 10.979999 -1.515944
v -2.481039 10.999999 0.288573
v -2.496891 10.980050 0.273082
v -2.501039 10.979999 0.315246
v -2.279017 10.999999 -0.968715
v -2.294748 10.980451 -0.961579
v -2.262301 10.793283 -1.061743
v -2.242390 10.771393 -0.928597
v -2.262301 10.793283 -0.771394
v -2.249285 10.809309 -0.911636
v -2.322184 10.999999 -0.509619
v -2.349211 10.980188 -0.472792
v -2.375048 10.979999 -1.125639
v -2.354106 10.999999 -1.125584
v -2.318942 10.980080 -0.738627
v -2.300811 10.999999 -0.736922
v 1.827010 9.200426 -5.150000
v 1.845209 9.200426 -5.157352
v 1.971187 8.857225 -5.150000
v 1.994110 8.825987 -5.170000
v 1.973508 8.895020 -5.157352
v 1.945745 9.200426 -5.257888
v 1.960070 9.200426 -5.293260
v 1.960070 9.200426 -4.662686
v 1.952582 9.200426 -4.682065
v 1.983602 8.941570 -4.830000
v 1.965330 8.921654 -4.850000
v 1.974010 8.964715 -4.834420
v 1.800228 9.200426 -4.834420
v 1.759800 9.200426 -4.850000
vt 1.182950 0.289082
vt 1.182950 0.322373
vt 1.174999 0.330324
vt 1.174999 0.281131
vt -0.475450 1.826497
vt -0.472078 1.836690
vt -0.521477 1.836690
vt -0.521477 1.826497
vt 1.076852 0.335926
vt 1.076852 0.275529
vt 1.167123 0.275529
vt 1.167123 0.335926
vt 1.272588 1.836690
vt 1.275960 1.826497
vt 1.366994 1.826497
vt 1.370366 1.836690
vt 0.322201 1.866851
vt 0.289254 1.866851
vt 0.289254 1.862851
vt 0.322201 1.862851
vt -0.275960 1.826497
vt -0.272588 1.836690
vt -0.370365 1.836690
vt -0.366994 1.826497
vt 1.073099 1.836690
vt 1.076471 1.826497
vt 1.167504 1.826497
vt 1.170876 1.836690
vt 1.475831 0.335926
vt 1.475831 0.275529
vt 1.521477 0.275529
vt 1.521477 0.335926
vt 1.276341 0.335926
vt 1.276341 0.275529
vt 1.366613 0.275529
vt 1.366613 0.335926
vt 0.475831 0.275529
vt 0.567123 0.275529
vt 0.567123 0.335926
vt 0.475831 0.335926
vt 0.710746 1.866851
vt 0.677799 1.866851
vt 0.677799 1.862851
vt 0.710746 1.862851
vt 0.875960 1.826497
vt 0.968014 1.826497
vt 0.971386 1.836690
vt 0.872588 1.836690
vt 0.676341 0.275529
vt 0.767123 0.275529
vt 0.767123 0.335926
vt 0.676341 0.335926
vt 1.521477 0.381507
vt 0.171477 0.381507
vt 0.171477 0.359000
vt 1.521477 0.359000
vt 0.599391 1.724189
vt 0.600540 1.727252
vt 0.399460 1.727252
vt 0.400609 1.724189
vt 0.271477 0.388507
vt 0.271477 0.384507
vt 0.521477 0.384507
vt 0.521477 0.388507
vt 1.521477 0.388507
vt 1.271477 0.388507
vt 1.271477 0.384507
vt 1.521477 0.384507
vt 1.021477 0.388507
vt 1.021477 0.384507
vt 0.771477 0.388507
vt 0.771477 0.384507
vt 1.288579 1.724189
vt 1.504375 1.724189
vt 1.503226 1.727252
vt 1.289728 1.727252
vt 1.038579 1.724189
vt 1.254375 1.724189
vt 1.253226 1.727252
vt 1.039728 1.727252
vt 0.788579 1.724189
vt 1.004375 1.724189
vt 1.003226 1.727252
vt 0.789728 1.727252
vt 0.535019 0.397049
vt 0.535019 0.602951
vt 0.521477 0.611493
vt -0.037430 1.727252
vt -0.255523 1.727252
vt -0.254375 1.724189
vt -0.038579 1.724189
vt 0.598242 1.727252
vt 0.401758 1.727252
vt 0.400609 1.724189
vt 0.599391 1.724189
vt 0.400609 1.724189
vt 0.599391 1.724189
vt 0.600540 1.727252
vt 0.399460 1.727252
vt 0.600540 1.727252
vt 0.399460 1.727252
vt 0.400609 1.724189
vt 0.599391 1.724189
vt 0.598242 1.727252
vt 0.401758 1.727252
vt 0.400609 1.724189
vt 0.599391 1.724189
vt 0.400609 1.724189
vt 0.599391 1.724189
vt 0.600540 1.727252
vt 0.399460 1.727252
vt -0.374241 1.865860
vt -0.468202 1.865860
vt 0.598242 1.727252
vt 0.401758 1.727252
vt 0.400609 1.724189
vt 0.599391 1.724189
vt 0.400609 1.724189
vt 0.599391 1.724189
vt 0.600540 1.727252
vt 0.399460 1.727252
vt 1.521477 0.611493
vt 1.507935 0.602951
vt 1.507935 0.397049
vt 0.400609 1.724189
vt 0.599391 1.724189
vt 0.598242 1.727252
vt 0.401758 1.727252
vt 0.752934 0.402049
vt 0.752934 0.597951
vt 0.540019 0.597951
vt 0.540019 0.402049
vt 0.771477 0.611493
vt 0.757935 0.602951
vt 0.757935 0.397049
vt 0.600540 1.727252
vt 0.399460 1.727252
vt 0.400609 1.724189
vt 0.599391 1.724189
vt 0.400609 1.724189
vt 0.599391 1.724189
vt 0.598242 1.727252
vt 0.401758 1.727252
vt 1.285019 0.397049
vt 1.285019 0.602951
vt 1.271477 0.611493
vt 0.401758 1.727252
vt 0.400609 1.724189
vt 0.599391 1.724189
vt 0.598242 1.727252
vt 1.257935 0.602951
vt 1.257935 0.397049
vt 0.212570 1.727252
vt -0.005523 1.727252
vt -0.004375 1.724189
vt 0.211421 1.724189
vt 1.502934 0.402049
vt 1.502934 0.597951
vt 1.290020 0.597951
vt 1.290020 0.402049
vt 1.035019 0.397049
vt 1.035019 0.602951
vt 1.021477 0.611493
vt 0.400609 1.724189
vt 0.599391 1.724189
vt 0.598242 1.727252
vt 0.401758 1.727252
vt 1.007935 0.602951
vt 1.007935 0.397049
vt 0.600540 1.727252
vt 0.399460 1.727252
vt 0.400609 1.724189
vt 0.599391 1.724189
vt 1.252934 0.402049
vt 1.252934 0.597951
vt 1.040020 0.597951
vt 1.040020 0.402049
vt 0.785020 0.397049
vt 0.785020 0.602951
vt 0.400609 1.724189
vt 0.599391 1.724189
vt 0.598242 1.727252
vt 0.401758 1.727252
vt 0.388507 1.717189
vt 0.611493 1.717189
vt 0.611493 1.728189
vt 0.388507 1.728189
vt 0.538579 1.724189
vt 0.754375 1.724189
vt 0.753226 1.727252
vt 0.539728 1.727252
vt 1.002934 0.402049
vt 1.002934 0.597951
vt 0.790020 0.597951
vt 0.790020 0.402049
vt -0.287430 1.727252
vt -0.505523 1.727252
vt -0.504375 1.724189
vt -0.288579 1.724189
vt 0.322201 1.866851
vt 0.289254 1.866851
vt 0.289254 1.862851
vt 0.322201 1.862851
vt 0.322201 1.866851
vt 0.289254 1.866851
vt 0.289254 1.862851
vt 0.322201 1.862851
vt -0.385440 1.866851
vt -0.457004 1.866851
vt -0.457004 1.862851
vt -0.385440 1.862851
vt 0.710746 1.866851
vt 0.677799 1.866851
vt 0.677799 1.862851
vt 0.710746 1.862851
vt 0.414050 1.866851
vt 0.342486 1.866851
vt 0.342486 1.862851
vt 0.414050 1.862851
vt 1.457004 1.866851
vt 1.385440 1.866851
vt 1.385440 1.862851
vt 1.457004 1.862851
vt 1.257514 1.866851
vt 1.185950 1.866851
vt 1.185950 1.862851
vt 1.257514 1.862851
vt 1.257686 0.286254
vt 1.185779 0.286254
vt 1.177827 0.278303
vt 1.265637 0.278303
vt 0.322201 1.866851
vt 0.289254 1.866851
vt 0.289254 1.862851
vt 0.322201 1.862851
vt 0.657686 0.286254
vt 0.585778 0.286254
vt 0.577827 0.278303
vt 0.665637 0.278303
vt 0.462570 1.727252
vt 0.244477 1.727252
vt 0.245625 1.724189
vt 0.461421 1.724189
vt 0.657514 1.866851
vt 0.585950 1.866851
vt 0.585950 1.862851
vt 0.657514 1.862851
vt 1.258514 0.288254
vt 1.258514 0.323201
vt 1.184950 0.323201
vt 1.184950 0.288254
vt 0.658514 0.288254
vt 0.658514 0.323201
vt 0.584950 0.323201
vt 0.584950 0.288254
vt 0.722239 1.784030
vt 0.724239 1.786030
vt 0.724239 1.803637
vt 0.582950 0.289082
vt 0.582950 0.322373
vt 0.574999 0.330324
vt 0.574999 0.281131
vt 1.460004 0.322373
vt 1.460004 0.289082
vt 1.467955 0.281131
vt 1.467955 0.330324
vt -0.185950 1.866851
vt -0.257514 1.866851
vt -0.257514 1.862851
vt -0.185950 1.862851
vt 0.710746 1.866851
vt 0.677799 1.866851
vt 0.677799 1.862851
vt 0.710746 1.862851
vt 1.185779 0.325201
vt 1.257686 0.325201
vt 1.265637 0.333152
vt 1.177827 0.333152
vt 0.585778 0.325201
vt 0.657686 0.325201
vt 0.665637 0.333152
vt 0.577827 0.333152
vt 1.382440 0.289082
vt 1.382440 0.322373
vt 1.374489 0.330324
vt 1.374489 0.281131
vt 1.260514 0.322373
vt 1.260514 0.289082
vt 1.268466 0.281131
vt 1.268466 0.330324
vt 0.660514 0.322373
vt 0.660514 0.289082
vt 0.668465 0.281131
vt 0.668465 0.330324
vt 1.457175 0.286254
vt 1.385268 0.286254
vt 1.377317 0.278303
vt 1.465127 0.278303
vt 0.527922 1.836690
vt 0.429124 1.836690
vt 0.432496 1.826497
vt 0.524550 1.826497
vt -0.170876 1.836690
vt -0.174752 1.865860
vt -0.268712 1.865860
vt 1.472078 1.836690
vt 1.468202 1.865860
vt 1.374241 1.865860
vt 0.664271 1.840664
vt 0.724274 1.840664
vt 0.721877 1.865869
vt 0.666668 1.865869
vt 0.664271 1.840664
vt 0.724274 1.840664
vt 0.721877 1.865869
vt 0.666668 1.865869
vt 0.327412 1.836690
vt 0.425248 1.865860
vt 0.331288 1.865860
vt 0.275726 1.840664
vt 0.335729 1.840664
vt 0.333332 1.865869
vt 0.278123 1.865869
vt 0.275726 1.840664
vt 0.335729 1.840664
vt 0.333332 1.865869
vt 0.278123 1.865869
vt 1.268713 1.865860
vt 1.174752 1.865860
vt 0.570876 1.836690
vt 0.672588 1.836690
vt 0.668712 1.865860
vt 0.574752 1.865860
vt 0.275726 1.840664
vt 0.335729 1.840664
vt 0.333332 1.865869
vt 0.278123 1.865869
vt 1.458004 0.288254
vt 1.458004 0.323201
vt 1.384440 0.323201
vt 1.384440 0.288254
vt 0.664271 1.840664
vt 0.724274 1.840664
vt 0.721877 1.865869
vt 0.666668 1.865869
vt 0.339085 1.826497
vt 0.275529 1.838681
vt 0.272370 1.826497
vt 1.475450 1.826497
vt 1.521477 1.826497
vt 1.521477 1.836690
vt 0.675960 1.826497
vt 0.767504 1.826497
vt 0.770876 1.836690
vt -0.521477 0.301273
vt 0.828523 0.301273
vt 0.828523 0.304302
vt -0.521477 0.304303
vt 1.021477 1.727205
vt 0.771477 1.727205
vt 0.771477 1.717189
vt 1.021477 1.717189
vt 0.271477 1.727205
vt 0.271477 1.717189
vt 0.521477 1.717189
vt 0.521477 1.727205
vt 1.271477 1.727205
vt 1.271477 1.717189
vt 1.406477 1.510206
vt 1.406477 0.753418
vt 1.436477 0.753418
vt 1.436477 1.510206
vt 0.291599 1.510202
vt 0.222800 0.753418
vt 0.500000 0.754418
vt 1.236477 1.510206
vt 1.236477 0.753418
vt 1.408477 1.514050
vt 1.434477 1.514050
vt 1.434477 1.584250
vt 1.408477 1.584250
vt -0.521477 0.301273
vt 0.828523 0.301273
vt 0.828523 0.304302
vt -0.521477 0.304303
vt 1.521477 1.768807
vt 0.171477 1.768807
vt 0.171477 1.765785
vt 1.521477 1.765785
vt 0.171477 0.301273
vt 1.521477 0.301273
vt 1.521477 0.304303
vt 0.171477 0.304303
vt 1.521477 0.304303
vt 0.171477 0.304303
vt 0.171477 0.301273
vt 1.521477 0.301273
vt -0.478523 1.647540
vt -0.128523 1.647540
vt -0.128523 1.662716
vt -0.478523 1.662716
vt 1.238477 1.646540
vt 1.238477 1.514190
vt 1.404477 1.514190
vt 1.404477 1.646540
vt 0.828523 0.351990
vt 0.828523 0.359569
vt -0.521477 0.359569
vt -0.521477 0.351990
vt 0.828523 0.283877
vt 0.828523 0.287877
vt -0.521477 0.287877
vt -0.521477 0.283877
vt -0.128523 1.734432
vt -0.478523 1.734432
vt -0.478523 1.729778
vt -0.128523 1.729778
vt 1.206477 1.510206
vt 1.206477 0.753418
vt 1.521477 1.734432
vt 0.171477 1.734432
vt 0.171477 1.729778
vt 1.521477 1.729778
vt 1.521477 1.739765
vt 0.171477 1.739765
vt 0.171477 1.737105
vt 1.521477 1.737105
vt 0.229124 1.836690
vt 0.232496 1.826497
vt 0.324040 1.826497
vt 0.171477 0.301273
vt 1.521477 0.301273
vt 1.521477 0.304303
vt 0.171477 0.304303
vt 0.838477 1.514190
vt 1.004477 1.514190
vt 1.004477 1.620654
vt 0.828523 0.278469
vt 0.828523 0.280900
vt -0.521477 0.280900
vt -0.521477 0.278469
vt -0.521477 1.736189
vt 0.828523 1.736189
vt 0.828523 1.740189
vt -0.521477 1.740189
vt 0.828523 1.718189
vt 0.828523 1.733189
vt -0.521477 1.733189
vt -0.521477 1.718189
vt 0.808477 1.646540
vt 0.808477 1.584250
vt 0.834477 1.584250
vt 0.834477 1.646540
vt 0.611493 1.728189
vt 0.388507 1.728189
vt 0.388507 1.717189
vt 0.611493 1.717189
vt 1.521477 0.730461
vt -0.478523 0.730461
vt -0.478523 0.726497
vt 1.521477 0.726497
vt 1.521477 1.755584
vt 0.171477 1.755584
vt 0.171477 1.742765
vt 1.521477 1.742765
vt 0.783653 0.748568
vt 0.216347 0.748568
vt 0.784653 0.726497
vt -0.478523 0.217397
vt 1.521477 0.217397
vt 1.521477 0.500000
vt -0.478523 0.500000
vt 1.521477 0.167417
vt -0.478523 0.167417
vt -0.478523 0.161015
vt 1.521477 0.161015
vt -0.521477 0.277761
vt 0.828523 0.277761
vt 0.828523 0.299302
vt -0.521477 0.299303
vt 1.478523 0.351990
vt 1.478523 0.359569
vt 1.128523 0.359569
vt 1.128523 0.351990
vt 1.521477 0.355000
vt 0.171477 0.355000
vt 0.171477 0.351000
vt 1.521477 0.351000
vt 1.478523 0.251886
vt 1.478523 0.259465
vt 1.128523 0.259465
vt 1.128523 0.251886
vt 1.521477 0.299303
vt 0.171477 0.299303
vt 0.171477 0.291877
vt 1.521477 0.291877
vt 0.169575 0.733455
vt 0.167417 0.731461
vt 0.215347 0.726497
vt 0.306001 1.646540
vt 0.294983 1.525343
vt 0.319228 1.584763
vt 0.327111 1.646540
vt 1.408477 1.646540
vt 1.434477 1.646540
vt 0.705017 1.525343
vt 0.693999 1.646540
vt 0.672889 1.646540
vt 0.680772 1.584763
vt 1.479420 0.282877
vt 1.463534 0.282877
vt 1.467520 0.266989
vt 1.475433 0.266989
vt 1.036477 1.510206
vt 1.036477 0.753418
vt -0.163523 1.510206
vt -0.163523 0.753418
vt 0.806477 0.753418
vt 0.806477 1.510206
vt 1.208477 1.514050
vt 1.234477 1.514050
vt 1.234477 1.584250
vt 1.208477 1.584250
vt 0.808477 1.514050
vt 0.834477 1.514050
vt 0.705017 1.525343
vt 0.693999 1.646540
vt 0.672889 1.646540
vt 0.680772 1.584763
vt 0.306001 1.646540
vt 0.294983 1.525343
vt 0.319228 1.584763
vt 0.327111 1.646540
vt 1.208477 1.646540
vt 1.234477 1.646540
vt -0.161523 1.514190
vt 0.804477 1.514190
vt 0.804477 1.646540
vt -0.161523 1.646540
vt 0.705017 1.525343
vt 0.693999 1.646540
vt 0.672889 1.646540
vt 0.680772 1.584763
vt 0.306001 1.646540
vt 0.294983 1.525343
vt 0.319228 1.584763
vt 0.327111 1.646540
vt 1.038477 1.609096
vt 1.038477 1.514190
vt 1.204477 1.514190
vt 0.717123 1.710689
vt 0.717123 1.694792
vt 0.733011 1.698781
vt 0.733011 1.706701
vt -0.463534 0.282877
vt -0.479420 0.282877
vt -0.475433 0.266989
vt -0.467520 0.266989
vt 1.375005 1.706272
vt 1.367949 1.706272
vt 1.367949 1.699209
vt 1.375005 1.699209
vt 1.275005 1.706272
vt 1.267949 1.706272
vt 1.267949 1.699209
vt 1.275005 1.699209
vt 1.175005 1.706272
vt 1.167949 1.706272
vt 1.167949 1.699209
vt 1.175005 1.699209
vt 0.717123 1.694792
vt 0.733011 1.698781
vt 0.733011 1.706701
vt 0.717123 1.710689
vt 0.282877 1.694792
vt 0.282877 1.710690
vt 0.266989 1.706701
vt 0.266989 1.698781
vt -0.263534 0.282877
vt -0.279420 0.282877
vt -0.275433 0.266989
vt -0.267520 0.266989
vt 0.282877 1.694792
vt 0.282877 1.710690
vt 0.266989 1.706701
vt 0.266989 1.698781
vt 0.863534 0.282877
vt 0.867521 0.266989
vt 0.875434 0.266989
vt 0.879420 0.282877
vt 1.475005 1.706272
vt 1.467949 1.706272
vt 1.467949 1.699209
vt 1.475005 1.699209
vt 0.282877 1.694792
vt 0.282877 1.710690
vt 0.266989 1.706701
vt 0.266989 1.698781
vt 0.867949 1.706272
vt 0.867949 1.699209
vt 0.875005 1.699209
vt 0.875005 1.706272
vt 1.179420 0.282877
vt 1.163534 0.282877
vt 1.167520 0.266989
vt 1.175433 0.266989
vt 0.282877 1.694792
vt 0.282877 1.710689
vt 0.266989 1.706701
vt 0.266989 1.698781
vt 1.279420 0.282877
vt 1.263534 0.282877
vt 1.267520 0.266989
vt 1.275433 0.266989
vt 0.717123 1.710689
vt 0.717123 1.694792
vt 0.733011 1.698781
vt 0.733011 1.706701
vt 1.379420 0.282877
vt 1.363534 0.282877
vt 1.367520 0.266989
vt 1.375433 0.266989
vt -0.363534 0.282877
vt -0.379420 0.282877
vt -0.375433 0.266989
vt -0.367520 0.266989
vt 0.763534 0.282877
vt 0.767521 0.266989
vt 0.775434 0.266989
vt 0.779420 0.282877
vt 0.282877 1.710689
vt 0.266989 1.706701
vt 0.266989 1.698781
vt 0.282877 1.694792
vt 0.764239 1.176396
vt 0.772313 1.176396
vt 0.772313 1.784145
vt 0.764239 1.781293
vt 0.717123 1.694792
vt 0.733011 1.698781
vt 0.733011 1.706701
vt 0.717123 1.710689
vt 0.120580 0.282877
vt 0.124566 0.266989
vt 0.132479 0.266989
vt 0.136466 0.282877
vt 0.717123 1.710689
vt 0.717123 1.694792
vt 0.733011 1.698781
vt 0.733011 1.706701
vt -0.163534 0.282877
vt -0.179420 0.282877
vt -0.175433 0.266989
vt -0.167520 0.266989
vt 0.282877 1.710689
vt 0.266989 1.706701
vt 0.266989 1.698781
vt 0.282877 1.694792
vt 0.220580 0.282877
vt 0.224566 0.266989
vt 0.232479 0.266989
vt 0.236466 0.282877
vt 0.717123 1.710689
vt 0.717123 1.694792
vt 0.733011 1.698781
vt 0.733011 1.706701
vt 0.767949 1.706272
vt 0.767949 1.699209
vt 0.775005 1.699209
vt 0.775005 1.706272
vt 1.478523 0.160015
vt 1.478523 0.215347
vt -0.521477 0.215347
vt -0.521477 0.160015
vt 0.383328 1.727205
vt 0.381507 1.717189
vt 1.521477 1.727205
vt 1.521477 1.717189
vt -0.128523 1.755584
vt -0.478523 1.755584
vt -0.478523 1.742765
vt -0.128523 1.742765
vt 0.216220 0.753434
vt 0.215523 0.749552
vt 0.400609 1.724189
vt 0.599391 1.724189
vt 0.600540 1.727252
vt 0.399460 1.727252
vt 1.478523 0.741864
vt -0.521477 0.741864
vt -0.521477 0.733455
vt 1.478523 0.733455
vt 1.478523 0.749552
vt 1.478523 0.753434
vt -0.521477 0.753434
vt -0.521477 0.749552
vt -0.478523 0.172388
vt 1.521477 0.172388
vt 1.521477 0.214352
vt -0.478523 0.214352
vt 0.784653 0.726497
vt 0.216347 0.748568
vt 0.215347 0.726497
vt 1.521477 1.646540
vt 1.438477 1.646540
vt 1.438477 1.514190
vt 1.521477 1.514194
vt 0.235761 1.176396
vt 0.235761 1.781293
vt 0.227687 1.784145
vt 0.227687 1.176396
vt -0.041185 1.787866
vt -0.001769 1.787866
vt 0.002240 1.791874
vt -0.045193 1.791874
vt -0.036027 0.764239
vt -0.006927 0.764239
vt -0.004075 0.772313
vt -0.038879 0.772313
vt 1.046887 0.773256
vt 0.996067 0.773256
vt 0.992882 0.764239
vt 1.050072 0.764239
vt 0.764239 1.795338
vt 0.764239 1.176396
vt 0.773256 1.176396
vt 0.773256 1.792153
vt -0.000355 1.176396
vt 0.003654 1.176396
vt 0.003654 1.790460
vt -0.000355 1.786451
vt 0.235761 1.795338
vt 0.226744 1.792153
vt 0.226744 1.176396
vt 0.235761 1.176396
vt -0.042599 1.176396
vt -0.042599 1.786451
vt -0.046607 1.790460
vt -0.046607 1.176396
vt 0.537430 1.727252
vt 0.538579 1.724189
vt 0.754375 1.724189
vt 0.755524 1.727252
vt 0.271477 0.611493
vt 0.521477 0.615493
vt 0.271477 0.615493
vt 1.521477 0.615493
vt 1.271477 0.615493
vt 1.021477 0.615493
vt 0.771477 0.615493
vt 0.461421 1.724189
vt 0.460272 1.727252
vt 0.246774 1.727252
vt 0.245625 1.724189
vt -0.288579 1.724189
vt -0.289728 1.727252
vt -0.503226 1.727252
vt -0.504375 1.724189
vt -0.038579 1.724189
vt -0.039728 1.727252
vt -0.253226 1.727252
vt -0.254375 1.724189
vt 0.211421 1.724189
vt 0.210272 1.727252
vt -0.003226 1.727252
vt -0.004375 1.724189
vt 1.287431 1.727252
vt 1.288579 1.724189
vt 1.504375 1.724189
vt 1.505523 1.727252
vt 1.037431 1.727252
vt 1.038579 1.724189
vt 1.254375 1.724189
vt 1.255524 1.727252
vt 0.787430 1.727252
vt 0.788579 1.724189
vt 1.004375 1.724189
vt 1.005524 1.727252
vt 0.832582 0.731461
vt 0.830425 0.733455
vt -0.478523 0.741864
vt -0.478523 0.733455
vt 1.521477 0.733455
vt 1.521477 0.741864
vt 0.055942 0.778583
vt 0.055942 0.797335
vt 0.032817 0.797335
vt 0.032817 0.778583
vt -0.021477 1.727205
vt -0.021477 1.717189
vt 0.228523 1.717189
vt 0.228523 1.727205
vt 0.728523 1.727205
vt 0.478523 1.727205
vt 0.478523 1.717189
vt 0.728523 1.717189
vt -0.521477 1.646540
vt -0.521477 1.514194
vt -0.438477 1.514190
vt -0.438477 1.646540
vt -0.098895 1.177396
vt -0.075771 1.177396
vt -0.075771 1.194874
vt -0.098895 1.194874
vt 0.778583 1.177396
vt 0.797335 1.177396
vt 0.797335 1.195681
vt 0.778583 1.242527
vt 0.055942 1.177396
vt 0.055942 1.194874
vt 0.032817 1.194874
vt 0.032817 1.177396
vt 0.221417 1.242527
vt 0.202665 1.195681
vt 0.202665 1.177396
vt 0.221417 1.177396
vt 0.778583 1.177396
vt 0.797335 1.177396
vt 0.797335 1.195681
vt 0.778583 1.242527
vt 0.032817 1.245218
vt 0.032817 1.196803
vt 0.055942 1.196803
vt 0.055942 1.245218
vt -0.098895 1.245218
vt -0.098895 1.196803
vt -0.075771 1.196803
vt -0.075771 1.245218
vt 0.221417 1.242527
vt 0.202665 1.195681
vt 0.202665 1.177396
vt 0.221417 1.177396
vt -0.075771 0.778583
vt -0.075771 0.797335
vt -0.098895 0.797335
vt -0.098895 0.778583
vt -0.406477 1.510206
vt -0.436477 1.510206
vt -0.436477 0.753419
vt -0.406477 0.753419
vt 0.561523 1.646540
vt 0.395523 1.646540
vt 0.395523 1.514190
vt 0.561523 1.514190
vt -0.521477 1.510202
vt -0.521477 0.753419
vt 0.393523 1.510206
vt 0.363523 1.510206
vt 0.363523 0.753418
vt 0.393523 0.753418
vt -0.408477 1.514050
vt -0.408477 1.584250
vt -0.434477 1.584250
vt -0.434477 1.514050
vt -0.206477 1.510206
vt -0.236477 1.510206
vt -0.236477 0.753418
vt -0.206477 0.753418
vt -0.238477 1.646540
vt -0.404477 1.646540
vt -0.404477 1.514190
vt -0.238477 1.514190
vt 0.294983 1.525343
vt 0.319228 1.584763
vt 0.327111 1.646540
vt 0.306001 1.646540
vt 0.193523 1.510206
vt 0.163523 1.510206
vt 0.163523 0.753418
vt 0.193523 0.753418
vt -0.521477 0.726497
vt 1.478523 0.726497
vt 1.478523 0.730461
vt -0.521477 0.730461
vt 0.618493 1.717189
vt 0.616672 1.727205
vt -0.478523 0.827612
vt -0.478523 0.785648
vt 1.521477 0.785648
vt 1.521477 0.827612
vt -0.478523 0.782603
vt 1.521477 0.782603
vt 1.521477 0.838985
vt -0.478523 0.838985
vt -0.478523 0.832583
vt 1.521477 0.832583
vt 0.693999 1.646540
vt 0.672889 1.646540
vt 0.680772 1.584763
vt 0.705017 1.525343
vt -0.408477 1.646540
vt -0.434477 1.646540
vt 0.294983 1.525343
vt 0.319228 1.584763
vt 0.327111 1.646540
vt 0.306001 1.646540
vt 1.479420 0.717123
vt 1.475433 0.733011
vt 1.467520 0.733011
vt 1.463534 0.717123
vt 0.563523 1.510206
vt 0.563523 0.753418
vt -0.208477 1.514050
vt -0.208477 1.584250
vt -0.234477 1.584250
vt -0.234477 1.514050
vt 0.191523 1.514050
vt 0.191523 1.584250
vt 0.165523 1.584250
vt 0.165523 1.514050
vt 0.391523 1.514050
vt 0.391523 1.584250
vt 0.365523 1.584250
vt 0.365523 1.514050
vt 0.294983 1.525343
vt 0.319228 1.584763
vt 0.327111 1.646540
vt 0.306001 1.646540
vt 0.191523 1.646540
vt 0.165523 1.646540
vt 0.693999 1.646540
vt 0.672889 1.646540
vt 0.680772 1.584763
vt 0.705017 1.525343
vt 0.693999 1.646540
vt 0.672889 1.646540
vt 0.680772 1.584763
vt 0.705017 1.525343
vt -0.208477 1.646540
vt -0.234477 1.646540
vt 0.391523 1.646540
vt 0.365523 1.646540
vt 0.195523 1.646540
vt 0.195523 1.514190
vt 0.361523 1.514190
vt 0.361523 1.646540
vt 0.294983 1.525343
vt 0.319228 1.584763
vt 0.327111 1.646540
vt 0.306001 1.646540
vt 0.693999 1.646540
vt 0.672889 1.646540
vt 0.680772 1.584763
vt 0.705017 1.525343
vt -0.204477 1.646540
vt -0.204477 1.514190
vt 0.161523 1.514190
vt 0.161523 1.646540
vt 0.282877 1.710689
vt 0.266989 1.706701
vt 0.266989 1.698781
vt 0.282877 1.694792
vt -0.463534 0.717123
vt -0.467520 0.733011
vt -0.475433 0.733011
vt -0.479420 0.717123
vt -0.375005 1.706272
vt -0.375005 1.699209
vt -0.367949 1.699209
vt -0.367949 1.706272
vt -0.275005 1.706272
vt -0.275005 1.699209
vt -0.267949 1.699209
vt -0.267949 1.706272
vt -0.175005 1.706272
vt -0.175005 1.699209
vt -0.167949 1.699209
vt -0.167949 1.706272
vt 0.717123 1.710689
vt 0.717123 1.694792
vt 0.733011 1.698781
vt 0.733011 1.706701
vt 0.717123 1.694792
vt 0.733011 1.698781
vt 0.733011 1.706701
vt 0.717123 1.710690
vt -0.263534 0.717123
vt -0.267520 0.733011
vt -0.275433 0.733011
vt -0.279420 0.717123
vt 0.717123 1.694792
vt 0.733011 1.698781
vt 0.733011 1.706701
vt 0.717123 1.710690
vt 0.432051 1.706272
vt 0.424995 1.706272
vt 0.424995 1.699209
vt 0.432051 1.699209
vt 0.863534 0.717123
vt 0.879420 0.717123
vt 0.875434 0.733011
vt 0.867521 0.733011
vt 0.420580 0.717123
vt 0.436466 0.717123
vt 0.432479 0.733011
vt 0.424566 0.733011
vt 0.717123 1.694792
vt 0.733011 1.698781
vt 0.733011 1.706701
vt 0.717123 1.710690
vt 0.132051 1.706272
vt 0.124995 1.706272
vt 0.124995 1.699209
vt 0.132051 1.699209
vt 1.179420 0.717123
vt 1.175433 0.733011
vt 1.167520 0.733011
vt 1.163534 0.717123
vt 0.282877 1.694792
vt 0.282877 1.710689
vt 0.266989 1.706701
vt 0.266989 1.698781
vt 0.717123 1.694792
vt 0.733011 1.698781
vt 0.733011 1.706701
vt 0.717123 1.710689
vt 1.279420 0.717123
vt 1.275433 0.733011
vt 1.267520 0.733011
vt 1.263534 0.717123
vt 0.282877 1.710689
vt 0.266989 1.706701
vt 0.266989 1.698781
vt 0.282877 1.694792
vt 1.379420 0.717123
vt 1.375433 0.733011
vt 1.367520 0.733011
vt 1.363534 0.717123
vt -0.363534 0.717123
vt -0.367520 0.733011
vt -0.375433 0.733011
vt -0.379420 0.717123
vt 0.282877 1.694792
vt 0.282877 1.710689
vt 0.266989 1.706701
vt 0.266989 1.698781
vt 0.332051 1.706272
vt 0.324995 1.706272
vt 0.324995 1.699209
vt 0.332051 1.699209
vt 0.282877 1.694792
vt 0.282877 1.710689
vt 0.266989 1.706701
vt 0.266989 1.698781
vt 0.763534 0.717123
vt 0.779420 0.717123
vt 0.775434 0.733011
vt 0.767521 0.733011
vt 0.717123 1.710689
vt 0.717123 1.694792
vt 0.733011 1.698781
vt 0.733011 1.706701
vt 0.663534 0.717123
vt 0.679420 0.717123
vt 0.675434 0.733011
vt 0.667521 0.733011
vt 0.282877 1.694792
vt 0.282877 1.710689
vt 0.266989 1.706701
vt 0.266989 1.698781
vt 0.563534 0.717123
vt 0.579420 0.717123
vt 0.575434 0.733011
vt 0.567521 0.733011
vt 0.120580 0.717123
vt 0.136466 0.717123
vt 0.132479 0.733011
vt 0.124566 0.733011
vt 0.282877 1.710689
vt 0.266989 1.706701
vt 0.266989 1.698781
vt 0.282877 1.694792
vt -0.342314 0.325201
vt -0.334363 0.333152
vt -0.422173 0.333152
vt -0.414222 0.325201
vt -0.163534 0.717123
vt -0.167520 0.733011
vt -0.175433 0.733011
vt -0.179420 0.717123
vt 0.717123 1.710689
vt 0.717123 1.694792
vt 0.733011 1.698781
vt 0.733011 1.706701
vt 0.220580 0.717123
vt 0.236466 0.717123
vt 0.232480 0.733011
vt 0.224566 0.733011
vt -0.475005 1.706272
vt -0.475005 1.699209
vt -0.467949 1.699209
vt -0.467949 1.706272
vt 0.717123 1.710689
vt 0.717123 1.694792
vt 0.733011 1.698781
vt 0.733011 1.706701
vt 0.282877 1.710689
vt 0.266989 1.706701
vt 0.266989 1.698781
vt 0.282877 1.694792
vt 0.320580 0.717123
vt 0.336466 0.717123
vt 0.332479 0.733011
vt 0.324566 0.733011
vt 0.232051 1.706272
vt 0.224995 1.706272
vt 0.224995 1.699209
vt 0.232051 1.699209
vt 1.478523 0.839985
vt -0.521477 0.839985
vt -0.521477 0.784653
vt 1.478523 0.784653
vt -0.521477 1.727205
vt -0.521477 1.717189
vt -0.271477 1.717189
vt -0.271477 1.727205
vt 0.289254 1.866851
vt 0.289254 1.862851
vt 0.322201 1.862851
vt 0.322201 1.866851
vt 1.432496 1.826497
vt 1.478523 1.826497
vt 1.478523 1.836690
vt 1.429124 1.836690
vt -0.214732 0.286254
vt -0.222683 0.278303
vt -0.134873 0.278303
vt -0.142825 0.286254
vt 0.260514 0.289082
vt 0.268465 0.281131
vt 0.268465 0.330324
vt 0.260514 0.322373
vt 0.370366 1.836690
vt 0.272588 1.836690
vt 0.275960 1.826497
vt 0.366994 1.826497
vt 1.327412 1.836690
vt 1.324040 1.826497
vt -0.233387 0.335926
vt -0.323659 0.335926
vt -0.323659 0.275529
vt -0.233387 0.275529
vt -0.432877 0.335926
vt -0.478523 0.335926
vt -0.478523 0.275529
vt -0.432877 0.275529
vt 0.274379 1.826497
vt 0.337076 1.826497
vt 0.335917 1.838682
vt 0.275538 1.838682
vt 0.826523 1.826497
vt 0.826523 1.838629
vt 0.727412 1.836690
vt 0.724040 1.826497
vt 0.664083 1.838681
vt 0.662924 1.826497
vt 0.725621 1.826497
vt 0.724462 1.838681
vt 1.233006 1.826497
vt 1.229635 1.836690
vt -0.339486 0.289082
vt -0.331535 0.281131
vt -0.331535 0.330324
vt -0.339486 0.322373
vt 0.542996 1.866851
vt 0.542996 1.862851
vt 0.614560 1.862851
vt 0.614560 1.866851
vt 0.633006 1.826497
vt 0.629635 1.836690
vt 0.475450 1.826497
vt 0.472078 1.836690
vt 0.124040 1.826497
vt 0.127412 1.836690
vt 0.028614 1.836690
vt 0.031986 1.826497
vt 0.366613 0.335926
vt 0.276341 0.335926
vt 0.276341 0.275529
vt 0.366613 0.275529
vt 0.400609 1.724189
vt 0.599391 1.724189
vt 0.600540 1.727252
vt 0.399460 1.727252
vt -0.478523 0.388507
vt -0.478523 0.384507
vt -0.228523 0.384507
vt -0.228523 0.388507
vt 0.021477 0.384507
vt 0.021477 0.388507
vt -0.245625 1.724189
vt -0.246774 1.727252
vt -0.460272 1.727252
vt -0.461421 1.724189
vt 0.004375 1.724189
vt 0.003226 1.727252
vt -0.210272 1.727252
vt -0.211421 1.724189
vt 0.254375 1.724189
vt 0.253226 1.727252
vt 0.039728 1.727252
vt 0.038579 1.724189
vt 0.507935 0.602951
vt 0.507935 0.397049
vt 0.994477 1.727252
vt 0.995625 1.724189
vt 1.211421 1.724189
vt 1.212570 1.727252
vt 0.400609 1.724189
vt 0.599391 1.724189
vt 0.598242 1.727252
vt 0.401758 1.727252
vt -0.228523 0.611493
vt -0.242065 0.602951
vt -0.242065 0.397049
vt 0.400609 1.724189
vt 0.599391 1.724189
vt 0.600540 1.727252
vt 0.399460 1.727252
vt 0.400609 1.724189
vt 0.599391 1.724189
vt 0.598242 1.727252
vt 0.401758 1.727252
vt 0.021477 0.611493
vt 0.007935 0.602951
vt 0.007935 0.397049
vt 1.425248 1.865860
vt 1.331288 1.865860
vt 0.400609 1.724189
vt 0.599391 1.724189
vt 0.598242 1.727252
vt 0.401758 1.727252
vt 0.257934 0.602951
vt 0.257934 0.397049
vt -0.478523 0.611493
vt -0.464981 0.397049
vt -0.464981 0.602951
vt 0.598242 1.727252
vt 0.401758 1.727252
vt 0.400609 1.724189
vt 0.599391 1.724189
vt 0.502935 0.402049
vt 0.502935 0.597951
vt 0.290019 0.597951
vt 0.290019 0.402049
vt 0.285019 0.397049
vt 0.285019 0.602951
vt 0.400609 1.724189
vt 0.599391 1.724189
vt 0.600540 1.727252
vt 0.399460 1.727252
vt 0.598242 1.727252
vt 0.401758 1.727252
vt 0.400609 1.724189
vt 0.599391 1.724189
vt 0.598242 1.727252
vt 0.401758 1.727252
vt 0.400609 1.724189
vt 0.599391 1.724189
vt -0.214981 0.397049
vt -0.214981 0.602951
vt 0.744477 1.727252
vt 0.745625 1.724189
vt 0.961421 1.724189
vt 0.962570 1.727252
vt 0.600540 1.727252
vt 0.399460 1.727252
vt 0.400609 1.724189
vt 0.599391 1.724189
vt -0.247065 0.402049
vt -0.247065 0.597951
vt -0.459980 0.597951
vt -0.459980 0.402049
vt 0.598242 1.727252
vt 0.401758 1.727252
vt 0.400609 1.724189
vt 0.599391 1.724189
vt 0.035019 0.397049
vt 0.035019 0.602951
vt 0.400609 1.724189
vt 0.599391 1.724189
vt 0.600540 1.727252
vt 0.399460 1.727252
vt 0.600540 1.727252
vt 0.399460 1.727252
vt 0.400609 1.724189
vt 0.599391 1.724189
vt 0.002935 0.402049
vt 0.002935 0.597951
vt -0.209981 0.597951
vt -0.209981 0.402049
vt 0.598242 1.727252
vt 0.401758 1.727252
vt 0.400609 1.724189
vt 0.599391 1.724189
vt 0.504375 1.724189
vt 0.503226 1.727252
vt 0.289728 1.727252
vt 0.288579 1.724189
vt 0.600540 1.727252
vt 0.399460 1.727252
vt 0.400609 1.724189
vt 0.599391 1.724189
vt 0.252934 0.402049
vt 0.252934 0.597951
vt 0.040019 0.597951
vt 0.040019 0.402049
vt 1.244477 1.727252
vt 1.245625 1.724189
vt 1.461421 1.724189
vt 1.462570 1.727252
vt 0.677799 1.866851
vt 0.677799 1.862851
vt 0.710746 1.862851
vt 0.710746 1.866851
vt 0.677799 1.866851
vt 0.677799 1.862851
vt 0.710746 1.862851
vt 0.710746 1.866851
vt 1.342486 1.866851
vt 1.342486 1.862851
vt 1.414050 1.862851
vt 1.414050 1.866851
vt 1.142996 1.866851
vt 1.142996 1.862851
vt 1.214561 1.862851
vt 1.214561 1.866851
vt 0.257686 0.325201
vt 0.265637 0.333152
vt 0.177827 0.333152
vt 0.185778 0.325201
vt 0.289254 1.866851
vt 0.289254 1.862851
vt 0.322201 1.862851
vt 0.322201 1.866851
vt -0.214560 1.866851
vt -0.214560 1.862851
vt -0.142996 1.862851
vt -0.142996 1.866851
vt 1.130523 1.838629
vt 1.130523 1.826497
vt 0.677799 1.866851
vt 0.677799 1.862851
vt 0.710746 1.862851
vt 0.710746 1.866851
vt 0.677799 1.866851
vt 0.677799 1.862851
vt 0.710746 1.862851
vt 0.710746 1.866851
vt 0.185778 0.286254
vt 0.177827 0.278303
vt 0.265637 0.278303
vt 0.257686 0.286254
vt 0.289254 1.866851
vt 0.289254 1.862851
vt 0.322201 1.862851
vt 0.322201 1.866851
vt 0.494477 1.727252
vt 0.495625 1.724189
vt 0.711421 1.724189
vt 0.712570 1.727252
vt 0.289254 1.866851
vt 0.289254 1.862851
vt 0.322201 1.862851
vt 0.322201 1.866851
vt 0.385440 1.866851
vt 0.385440 1.862851
vt 0.457004 1.862851
vt 0.457004 1.866851
vt 0.742486 1.866851
vt 0.742486 1.862851
vt 0.814050 1.862851
vt 0.814050 1.866851
vt -0.215560 0.288254
vt -0.141996 0.288254
vt -0.141996 0.323201
vt -0.215560 0.323201
vt 0.184950 0.288254
vt 0.258514 0.288254
vt 0.258514 0.323201
vt 0.184950 0.323201
vt 0.384440 0.288254
vt 0.458004 0.288254
vt 0.458004 0.323201
vt 0.384440 0.323201
vt 0.350000 1.813318
vt 0.300303 1.783030
vt 0.304303 1.777829
vt 0.385268 0.286254
vt 0.377317 0.278303
vt 0.465127 0.278303
vt 0.457175 0.286254
vt -0.417050 0.322373
vt -0.425001 0.330324
vt -0.425001 0.281131
vt -0.417050 0.289082
vt 0.182950 0.322373
vt 0.174999 0.330324
vt 0.174999 0.281131
vt 0.182950 0.289082
vt -0.139996 0.289082
vt -0.132045 0.281131
vt -0.132045 0.330324
vt -0.139996 0.322373
vt 0.460004 0.289082
vt 0.467955 0.281131
vt 0.467955 0.330324
vt 0.460004 0.322373
vt -0.142825 0.325201
vt -0.134873 0.333152
vt -0.222683 0.333152
vt -0.214732 0.325201
vt 0.457175 0.325201
vt 0.465127 0.333152
vt 0.377317 0.333152
vt 0.385268 0.325201
vt -0.414050 1.866851
vt -0.414050 1.862851
vt -0.342486 1.862851
vt -0.342486 1.866851
vt 0.185950 1.866851
vt 0.185950 1.862851
vt 0.257514 1.862851
vt 0.257514 1.866851
vt -0.217560 0.322373
vt -0.225511 0.330324
vt -0.225511 0.281131
vt -0.217560 0.289082
vt 0.382440 0.322373
vt 0.374489 0.330324
vt 0.374489 0.281131
vt 0.382440 0.289082
vt -0.414222 0.286254
vt -0.422173 0.278303
vt -0.334363 0.278303
vt -0.342314 0.286254
vt 0.727630 1.826497
vt 0.726661 1.836690
vt 0.724471 1.838681
vt 1.225759 1.865860
vt 1.131944 1.865860
vt -0.327412 1.836690
vt -0.331287 1.865860
vt -0.425248 1.865860
vt -0.429124 1.836690
vt 0.335729 1.840664
vt 0.333332 1.865869
vt 0.278123 1.865869
vt 0.275726 1.840664
vt 0.335729 1.840664
vt 0.333332 1.865869
vt 0.278123 1.865869
vt 0.275726 1.840664
vt 0.625759 1.865860
vt 0.531798 1.865860
vt 0.268712 1.865860
vt 0.174898 1.865860
vt 0.173477 1.838629
vt 0.335729 1.840664
vt 0.333332 1.865869
vt 0.278123 1.865869
vt 0.275726 1.840664
vt 0.724274 1.840664
vt 0.721877 1.865869
vt 0.666668 1.865869
vt 0.664271 1.840664
vt 0.724274 1.840664
vt 0.721877 1.865869
vt 0.666668 1.865869
vt 0.664271 1.840664
vt -0.130523 1.838629
vt -0.131944 1.865860
vt -0.225759 1.865860
vt -0.229634 1.836690
vt 0.825102 1.865860
vt 0.731288 1.865860
vt 0.721878 1.865854
vt 0.666667 1.865854
vt 0.724274 1.840664
vt 0.721877 1.865869
vt 0.666668 1.865869
vt 0.664271 1.840664
vt 0.468202 1.865860
vt 0.374241 1.865860
vt -0.415050 0.288254
vt -0.341486 0.288254
vt -0.341486 0.323201
vt -0.415050 0.323201
vt 0.333333 1.865854
vt 0.278122 1.865854
vt 0.876341 0.335926
vt 0.876341 0.275529
vt 0.967633 0.275529
vt 0.967633 0.335926
vt -0.324040 1.826497
vt -0.233006 1.826497
vt -0.432496 1.826497
vt -0.478523 1.836690
vt -0.478523 1.826497
vt 1.128523 0.301273
vt 1.478523 0.301273
vt 1.478523 0.304302
vt 1.128523 0.304302
vt 0.021477 1.727205
vt 0.021477 1.717189
vt -0.228523 1.727205
vt -0.228523 1.717189
vt -0.363523 1.510206
vt -0.393523 1.510206
vt -0.393523 0.753418
vt -0.363523 0.753418
vt 0.500000 0.753418
vt 0.777200 0.753418
vt 0.708401 1.510202
vt -0.365523 1.514050
vt -0.365523 1.584250
vt -0.391523 1.584250
vt -0.391523 1.514050
vt -0.478523 1.646540
vt -0.478523 1.514194
vt -0.395523 1.514190
vt -0.395523 1.646540
vt -0.365523 1.646540
vt -0.391523 1.646540
vt -0.436466 0.282877
vt -0.432479 0.266989
vt -0.424566 0.266989
vt -0.420580 0.282877
vt -0.193523 1.510206
vt -0.193523 0.753418
vt -0.165523 1.514050
vt -0.165523 1.584250
vt -0.191523 1.584250
vt -0.191523 1.514050
vt 0.294983 1.525343
vt 0.319228 1.584763
vt 0.327111 1.646540
vt 0.306001 1.646540
vt 0.693999 1.646540
vt 0.672889 1.646540
vt 0.680772 1.584763
vt 0.705017 1.525343
vt -0.165523 1.646540
vt -0.191523 1.646540
vt -0.195523 1.646540
vt -0.361523 1.646540
vt -0.361523 1.514190
vt -0.195523 1.514190
vt 0.693999 1.646540
vt 0.672889 1.646540
vt 0.680772 1.584763
vt 0.705017 1.525343
vt 0.282877 1.710689
vt 0.266989 1.706701
vt 0.266989 1.698781
vt 0.282877 1.694792
vt 1.420580 0.282877
vt 1.424567 0.266989
vt 1.432480 0.266989
vt 1.436466 0.282877
vt -0.332051 1.706272
vt -0.332051 1.699209
vt -0.324995 1.699209
vt -0.324995 1.706272
vt -0.232051 1.706272
vt -0.232051 1.699209
vt -0.224995 1.699209
vt -0.224995 1.706272
vt 0.717123 1.710689
vt 0.717123 1.694792
vt 0.733011 1.698781
vt 0.733011 1.706701
vt 0.717123 1.694792
vt 0.733011 1.698781
vt 0.733011 1.706701
vt 0.717123 1.710690
vt 1.220580 0.282877
vt 1.224566 0.266989
vt 1.232479 0.266989
vt 1.236466 0.282877
vt 0.717123 1.694792
vt 0.733011 1.698781
vt 0.733011 1.706701
vt 0.717123 1.710690
vt 0.717123 1.694792
vt 0.733011 1.698781
vt 0.733011 1.706701
vt 0.717123 1.710690
vt 0.636466 0.282877
vt 0.620580 0.282877
vt 0.624567 0.266989
vt 0.632480 0.266989
vt 0.282877 1.694792
vt 0.282877 1.710689
vt 0.266989 1.706701
vt 0.266989 1.698781
vt -0.236466 0.282877
vt -0.232479 0.266989
vt -0.224566 0.266989
vt -0.220580 0.282877
vt 0.282877 1.710689
vt 0.266989 1.706701
vt 0.266989 1.698781
vt 0.282877 1.694792
vt -0.336466 0.282877
vt -0.332479 0.266989
vt -0.324566 0.266989
vt -0.320580 0.282877
vt 1.320580 0.282877
vt 1.324566 0.266989
vt 1.332479 0.266989
vt 1.336466 0.282877
vt 0.375005 1.706272
vt 0.367949 1.706272
vt 0.367949 1.699209
vt 0.375005 1.699209
vt 0.282877 1.694792
vt 0.282877 1.710689
vt 0.266989 1.706701
vt 0.266989 1.698781
vt 0.717123 1.710689
vt 0.717123 1.694792
vt 0.733011 1.698781
vt 0.733011 1.706701
vt 0.379420 0.282877
vt 0.363534 0.282877
vt 0.367520 0.266989
vt 0.375433 0.266989
vt 0.235761 1.176396
vt 0.235761 1.781293
vt 0.227687 1.784145
vt 0.227687 1.176396
vt 0.279420 0.282877
vt 0.263534 0.282877
vt 0.267520 0.266989
vt 0.275433 0.266989
vt 0.736466 0.282877
vt 0.720580 0.282877
vt 0.724567 0.266989
vt 0.732480 0.266989
vt -0.432051 1.706272
vt -0.432051 1.699209
vt -0.424995 1.699209
vt -0.424995 1.706272
vt 0.282877 1.710689
vt 0.266989 1.706701
vt 0.266989 1.698781
vt 0.282877 1.694792
vt 0.275005 1.706272
vt 0.267949 1.706272
vt 0.267949 1.699209
vt 0.275005 1.699209
vt 0.618493 1.717189
vt 0.616672 1.727205
vt -0.478523 1.727205
vt -0.478523 1.717189
vt 0.217397 0.754415
vt 0.216220 0.753434
vt 0.294983 1.525343
vt 0.319228 1.584763
vt 0.327111 1.646540
vt 0.306001 1.646540
vt 1.521477 1.803637
vt 0.171477 1.803637
vt 0.171477 1.786030
vt 1.521477 1.786030
vt 0.383328 1.727205
vt 0.381507 1.717189
vt 1.521477 1.510202
vt 1.521477 0.753418
vt -0.478523 1.510202
vt -0.478523 0.753418
vt 0.764239 1.176396
vt 0.772313 1.176396
vt 0.772313 1.784145
vt 0.764239 1.781293
vt 0.998231 1.787866
vt 1.002240 1.791874
vt 0.954807 1.791874
vt 0.958815 1.787866
vt 0.993073 0.764239
vt 0.995925 0.772313
vt 0.961121 0.772313
vt 0.963973 0.764239
vt -0.003933 0.773256
vt -0.007118 0.764239
vt 0.050072 0.764239
vt 0.046887 0.773256
vt 0.235761 1.795338
vt 0.226744 1.792153
vt 0.226744 1.176396
vt 0.235761 1.176396
vt 0.957401 1.176396
vt 0.957401 1.786451
vt 0.953393 1.790460
vt 0.953393 1.176396
vt 0.764239 1.795338
vt 0.764239 1.176396
vt 0.773256 1.176396
vt 0.773256 1.792153
vt 0.999645 1.176396
vt 1.003654 1.176396
vt 1.003654 1.790460
vt 0.999645 1.786451
vt 0.505524 1.727252
vt 0.287430 1.727252
vt 0.288579 1.724189
vt 0.504375 1.724189
vt -0.228523 0.615493
vt -0.478523 0.615493
vt 0.021477 0.615493
vt 0.495625 1.724189
vt 0.711421 1.724189
vt 0.710272 1.727252
vt 0.496774 1.727252
vt 1.245625 1.724189
vt 1.461421 1.724189
vt 1.460272 1.727252
vt 1.246774 1.727252
vt 0.995625 1.724189
vt 1.211421 1.724189
vt 1.210272 1.727252
vt 0.996774 1.727252
vt 0.745625 1.724189
vt 0.961421 1.724189
vt 0.960272 1.727252
vt 0.746774 1.727252
vt -0.244476 1.727252
vt -0.462569 1.727252
vt -0.461421 1.724189
vt -0.245625 1.724189
vt 0.005524 1.727252
vt -0.212570 1.727252
vt -0.211421 1.724189
vt 0.004375 1.724189
vt 0.255524 1.727252
vt 0.037430 1.727252
vt 0.038579 1.724189
vt 0.254375 1.724189
vt 0.169575 0.733455
vt 0.167417 0.731461
vt 0.901105 0.778583
vt 0.924229 0.778583
vt 0.924229 0.797335
vt 0.901105 0.797335
vt 0.978523 1.727205
vt 0.978523 1.717189
vt 1.228523 1.727205
vt 1.228523 1.717189
vt 1.478523 1.646540
vt 1.395523 1.646540
vt 1.395523 1.514190
vt 1.478523 1.514194
vt 1.055942 1.177396
vt 1.055942 1.194874
vt 1.032817 1.194874
vt 1.032817 1.177396
vt 0.221417 1.177396
vt 0.221417 1.242527
vt 0.202665 1.195681
vt 0.202665 1.177396
vt 0.901105 1.177396
vt 0.924229 1.177396
vt 0.924229 1.194874
vt 0.901105 1.194874
vt 0.778583 1.242527
vt 0.778583 1.177396
vt 0.797336 1.177396
vt 0.797336 1.195681
vt 0.221417 1.177396
vt 0.221417 1.242527
vt 0.202665 1.195681
vt 0.202665 1.177396
vt 0.924229 1.245218
vt 0.901105 1.245218
vt 0.901105 1.196802
vt 0.924229 1.196802
vt 1.055942 1.245218
vt 1.032817 1.245218
vt 1.032817 1.196802
vt 1.055942 1.196802
vt 0.778583 1.242527
vt 0.778583 1.177396
vt 0.797336 1.177396
vt 0.797336 1.195681
vt 1.032817 0.778583
vt 1.055942 0.778583
vt 1.055942 0.797335
vt 1.032817 0.797335
vt 1.363523 1.510206
vt 1.363523 0.753418
vt 1.393523 0.753418
vt 1.393523 1.510206
vt 1.195523 1.646540
vt 1.195523 1.514190
vt 1.361523 1.514190
vt 1.361523 1.646540
vt 1.478523 1.510202
vt 1.478523 0.753418
vt 0.593523 0.753418
vt 0.593523 1.510206
vt 1.365523 1.514050
vt 1.391523 1.514050
vt 1.391523 1.584249
vt 1.365523 1.584249
vt 1.163523 1.510206
vt 1.163523 0.753418
vt 1.193523 0.753418
vt 1.193523 1.510206
vt 0.705017 1.525343
vt 0.693999 1.646540
vt 0.672889 1.646540
vt 0.680772 1.584763
vt 0.763523 1.510206
vt 0.763523 0.753418
vt 0.793523 0.753418
vt 0.793523 1.510206
vt 0.306001 1.646540
vt 0.294983 1.525343
vt 0.319228 1.584763
vt 0.327111 1.646540
vt 1.365523 1.646540
vt 1.391523 1.646540
vt 0.705017 1.525343
vt 0.693999 1.646540
vt 0.672889 1.646540
vt 0.680772 1.584763
vt -0.436466 0.717123
vt -0.420580 0.717123
vt -0.424566 0.733011
vt -0.432479 0.733011
vt 1.165523 1.514050
vt 1.191523 1.514050
vt 1.191523 1.584249
vt 1.165523 1.584249
vt 0.765523 1.514050
vt 0.791523 1.514050
vt 0.791523 1.584249
vt 0.765523 1.584249
vt 0.565523 1.514050
vt 0.591523 1.514050
vt 0.591523 1.584250
vt 0.565523 1.584250
vt 0.705017 1.525343
vt 0.693999 1.646540
vt 0.672889 1.646540
vt 0.680772 1.584763
vt 0.765523 1.646540
vt 0.791523 1.646540
vt 0.306001 1.646540
vt 0.294983 1.525343
vt 0.319228 1.584763
vt 0.327111 1.646540
vt 0.306001 1.646540
vt 0.294983 1.525343
vt 0.319228 1.584763
vt 0.327111 1.646540
vt 1.165523 1.646540
vt 1.191523 1.646540
vt 0.565523 1.646540
vt 0.591523 1.646540
vt 0.761523 1.646540
vt 0.595523 1.646540
vt 0.595523 1.514190
vt 0.761523 1.514190
vt 0.705017 1.525343
vt 0.693999 1.646540
vt 0.672889 1.646540
vt 0.680772 1.584763
vt 0.306001 1.646540
vt 0.294983 1.525343
vt 0.319228 1.584763
vt 0.327111 1.646540
vt 1.161523 1.646540
vt 0.795523 1.646540
vt 0.795523 1.514190
vt 1.161523 1.514190
vt 0.717123 1.710689
vt 0.717123 1.694792
vt 0.733011 1.698781
vt 0.733011 1.706701
vt 1.420580 0.717123
vt 1.436466 0.717123
vt 1.432480 0.733011
vt 1.424567 0.733011
vt 1.332051 1.706272
vt 1.324995 1.706272
vt 1.324995 1.699209
vt 1.332051 1.699209
vt 1.232051 1.706272
vt 1.224995 1.706272
vt 1.224995 1.699209
vt 1.232051 1.699209
vt 1.132051 1.706272
vt 1.124995 1.706272
vt 1.124995 1.699209
vt 1.132051 1.699209
vt 0.282877 1.710689
vt 0.266989 1.706701
vt 0.266989 1.698781
vt 0.282877 1.694792
vt 0.282877 1.694792
vt 0.282877 1.710690
vt 0.266989 1.706701
vt 0.266989 1.698781
vt 1.220580 0.717123
vt 1.236466 0.717123
vt 1.232479 0.733011
vt 1.224566 0.733011
vt 0.282877 1.694792
vt 0.282877 1.710690
vt 0.266989 1.706701
vt 0.266989 1.698781
vt 0.524995 1.706272
vt 0.524995 1.699209
vt 0.532051 1.699209
vt 0.532051 1.706272
vt 0.179420 0.717123
vt 0.175433 0.733011
vt 0.167520 0.733011
vt 0.163534 0.717123
vt 0.536466 0.717123
vt 0.532480 0.733011
vt 0.524567 0.733011
vt 0.520580 0.717123
vt 0.282877 1.694792
vt 0.282877 1.710690
vt 0.266989 1.706701
vt 0.266989 1.698781
vt 0.824995 1.706272
vt 0.824995 1.699209
vt 0.832051 1.699209
vt 0.832051 1.706272
vt -0.136466 0.717123
vt -0.120580 0.717123
vt -0.124566 0.733011
vt -0.132479 0.733011
vt 0.717123 1.694792
vt 0.733011 1.698781
vt 0.733011 1.706701
vt 0.717123 1.710689
vt 0.282877 1.694792
vt 0.282877 1.710689
vt 0.266989 1.706701
vt 0.266989 1.698781
vt -0.236466 0.717123
vt -0.220580 0.717123
vt -0.224566 0.733011
vt -0.232479 0.733011
vt 0.717123 1.710689
vt 0.717123 1.694792
vt 0.733011 1.698781
vt 0.733011 1.706701
vt -0.336466 0.717123
vt -0.320580 0.717123
vt -0.324566 0.733011
vt -0.332479 0.733011
vt 1.320580 0.717123
vt 1.336466 0.717123
vt 1.332479 0.733011
vt 1.324566 0.733011
vt 0.717123 1.694792
vt 0.733011 1.698781
vt 0.733011 1.706701
vt 0.717123 1.710689
vt 0.624995 1.706272
vt 0.624995 1.699209
vt 0.632051 1.699209
vt 0.632051 1.706272
vt 0.717123 1.694792
vt 0.733011 1.698781
vt 0.733011 1.706701
vt 0.717123 1.710689
vt 0.279420 0.717123
vt 0.275433 0.733011
vt 0.267520 0.733011
vt 0.263534 0.717123
vt 0.282877 1.710689
vt 0.266989 1.706701
vt 0.266989 1.698781
vt 0.282877 1.694792
vt 0.379420 0.717123
vt 0.375433 0.733011
vt 0.367520 0.733011
vt 0.363534 0.717123
vt 0.717123 1.694792
vt 0.733011 1.698781
vt 0.733011 1.706701
vt 0.717123 1.710689
vt 0.479420 0.717123
vt 0.475433 0.733011
vt 0.467520 0.733011
vt 0.463534 0.717123
vt 0.836466 0.717123
vt 0.832480 0.733011
vt 0.824567 0.733011
vt 0.820580 0.717123
vt 0.717123 1.710689
vt 0.717123 1.694792
vt 0.733011 1.698781
vt 0.733011 1.706701
vt 0.697119 1.612220
vt 0.672889 1.646540
vt 0.680772 1.584763
vt 1.120580 0.717123
vt 1.136466 0.717123
vt 1.132479 0.733011
vt 1.124566 0.733011
vt 0.282877 1.710689
vt 0.266989 1.706701
vt 0.266989 1.698781
vt 0.282877 1.694792
vt 0.736466 0.717123
vt 0.732480 0.733011
vt 0.724567 0.733011
vt 0.720580 0.717123
vt 1.432051 1.706272
vt 1.424995 1.706272
vt 1.424995 1.699209
vt 1.432051 1.699209
vt 0.282877 1.710689
vt 0.266989 1.706701
vt 0.266989 1.698781
vt 0.282877 1.694792
vt 0.717123 1.710689
vt 0.717123 1.694792
vt 0.733011 1.698781
vt 0.733011 1.706701
vt 0.636466 0.717123
vt 0.632480 0.733011
vt 0.624567 0.733011
vt 0.620580 0.717123
vt 0.724995 1.706272
vt 0.724995 1.699209
vt 0.732051 1.699209
vt 0.732051 1.706272
vt 1.478523 1.727205
vt 1.478523 1.717189
vt 0.717123 1.694792
vt 0.733011 1.698781
vt 0.733011 1.706701
vt 0.717123 1.710689
vt 0.303467 1.618663
vt 0.319228 1.584763
vt 0.327111 1.646540
vt 0.836477 1.510206
vt 0.836477 0.753418
vt 1.006477 0.753418
vt 1.006477 1.510206
vt 1.008477 1.646540
vt 1.008477 1.584250
vt 1.034477 1.584250
vt 1.034477 1.646540
vt 1.063534 0.282877
vt 1.067521 0.266989
vt 1.075434 0.266989
vt 1.079420 0.282877
vt 1.067949 1.706272
vt 1.067949 1.699209
vt 1.075005 1.699209
vt 1.075005 1.706272
vt 0.963534 0.282877
vt 0.967521 0.266989
vt 0.975434 0.266989
vt 0.979420 0.282877
vt 0.282877 1.710689
vt 0.266989 1.706701
vt 0.266989 1.698781
vt 0.282877 1.694792
vt 0.013540 1.866851
vt -0.058024 1.866851
vt -0.058024 1.862851
vt 0.013540 1.862851
vt 0.717123 1.694792
vt 0.733011 1.698781
vt 0.733011 1.706701
vt 0.717123 1.710689
vt -0.079420 0.282877
vt -0.075434 0.266989
vt -0.067521 0.266989
vt -0.063534 0.282877
vt 0.282877 1.710689
vt 0.266989 1.706701
vt 0.266989 1.698781
vt 0.282877 1.694792
vt 0.020580 0.282877
vt 0.024566 0.266989
vt 0.032479 0.266989
vt 0.036466 0.282877
vt 0.967949 1.706272
vt 0.967949 1.699209
vt 0.975005 1.699209
vt 0.975005 1.706272
vt 1.058196 0.286254
vt 0.986289 0.286254
vt 0.978338 0.278303
vt 1.066147 0.278303
vt 0.664271 1.840664
vt 0.724274 1.840664
vt 0.721877 1.865869
vt 0.666668 1.865869
vt 1.058025 1.866851
vt 0.986460 1.866851
vt 0.986460 1.862851
vt 1.058025 1.862851
vt -0.076470 1.826497
vt -0.073099 1.836690
vt 0.983460 0.289082
vt 0.983460 0.322373
vt 0.975509 0.330324
vt 0.975509 0.281131
vt 0.710746 1.866851
vt 0.677799 1.866851
vt 0.677799 1.862851
vt 0.710746 1.862851
vt 0.986289 0.325201
vt 1.058196 0.325201
vt 1.066147 0.333152
vt 0.978338 0.333152
vt 1.061025 0.322373
vt 1.061025 0.289082
vt 1.068976 0.281131
vt 1.068976 0.330324
vt 0.275726 1.840664
vt 0.335729 1.840664
vt 0.333332 1.865869
vt 0.278123 1.865869
vt 0.024738 1.865860
vt -0.069223 1.865860
vt 1.069223 1.865860
vt 0.975262 1.865860
vt 1.059025 0.288254
vt 1.059025 0.323201
vt 0.985461 0.323201
vt 0.985461 0.288254
vt -0.130523 1.826497
vt 0.173477 1.826497
vt 0.171477 1.818472
vt 1.521477 1.818472
vt 1.521477 1.824497
vt 0.171477 1.824497
vt 0.828523 0.251886
vt 0.828523 0.259465
vt -0.521477 0.259465
vt -0.521477 0.251886
vt -0.128523 1.739765
vt -0.478523 1.739765
vt -0.478523 1.737105
vt -0.128523 1.737105
vt -0.128523 1.803637
vt -0.478523 1.803637
vt -0.478523 1.786030
vt -0.128523 1.786030
vt 0.696007 1.646540
vt 0.303993 1.646540
vt 0.291961 1.514194
vt 0.708038 1.514194
vt 0.828523 0.263446
vt 0.828523 0.273770
vt -0.521477 0.273770
vt -0.521477 0.263446
vt 1.478523 0.263446
vt 1.478523 0.273770
vt 1.128523 0.273770
vt 1.128523 0.263446
vt 1.521477 0.359559
vt 0.171477 0.359559
vt 0.171477 0.251896
vt 1.521477 0.251896
vt -0.128523 0.299303
vt -0.478523 0.299303
vt -0.478523 0.291877
vt -0.128523 0.291877
vt -0.128523 0.287877
vt -0.478523 0.287877
vt -0.478523 0.283877
vt -0.128523 0.283877
vt -0.128523 0.381507
vt -0.478523 0.381507
vt -0.478523 0.359000
vt -0.128523 0.359000
vt -0.521477 1.744189
vt 0.828523 1.744189
vt 0.828523 1.813318
vt -0.521477 1.813318
vt -0.521477 1.818473
vt 0.828523 1.818472
vt 0.828523 1.824497
vt -0.521477 1.824497
vt 0.171477 1.647540
vt 1.521477 1.647540
vt 1.521477 1.662716
vt 0.171477 1.662716
vt 0.413974 0.708123
vt -0.521477 0.708123
vt -0.521477 0.291877
vt 1.128523 1.744189
vt 1.478523 1.744189
vt 1.478523 1.813318
vt 1.128523 1.813318
vt -0.478523 1.818472
vt -0.128523 1.818472
vt -0.128523 1.824497
vt -0.478523 1.824497
vt 1.128523 0.277761
vt 1.478523 0.277761
vt 1.478523 0.299302
vt 1.128523 0.299302
vt -0.128523 0.355000
vt -0.478523 0.355000
vt -0.478523 0.351000
vt -0.128523 0.351000
vt -0.521477 0.301273
vt 0.828523 0.301273
vt 0.828523 0.304302
vt -0.521477 0.304303
vt -0.128523 0.304303
vt -0.478523 0.304303
vt -0.478523 0.301273
vt -0.128523 0.301273
vt 1.521477 0.383507
vt 1.521477 0.616493
vt 0.586026 0.616493
vt 1.478523 1.718189
vt 1.478523 1.733189
vt 1.128523 1.733189
vt 1.128523 1.718189
vt 1.521477 0.287877
vt 0.171477 0.287877
vt 0.171477 0.283877
vt 1.521477 0.283877
vt 1.128523 0.500000
vt 1.478523 0.291877
vt 1.475192 0.708123
vt -0.478523 1.727105
vt -0.478523 1.678377
vt -0.128523 1.678377
vt -0.128523 1.727105
vt -0.478523 1.665716
vt -0.128523 1.665716
vt -0.128523 1.668377
vt -0.478523 1.668377
vt 0.171477 1.665716
vt 1.521477 1.665716
vt 1.521477 1.668377
vt 0.171477 1.668377
vt 0.171477 1.727105
vt 0.171477 1.678377
vt 1.521477 1.678377
vt 1.521477 1.727105
vt -0.128523 0.280900
vt -0.478523 0.280900
vt -0.478523 0.278469
vt -0.128523 0.278469
vt 0.832583 0.731461
vt 0.830425 0.733455
vt -0.478523 1.671049
vt -0.128523 1.671049
vt -0.128523 1.675704
vt -0.478523 1.675704
vt 1.521477 0.280900
vt 0.171477 0.280900
vt 0.171477 0.278469
vt 1.521477 0.278469
vt -0.128523 0.280900
vt -0.478523 0.280900
vt -0.478523 0.278469
vt -0.128523 0.278469
vt 1.478523 0.283877
vt 1.478523 0.287877
vt 1.128523 0.287877
vt 1.128523 0.283877
vt 0.171477 1.671049
vt 1.521477 1.671049
vt 1.521477 1.675704
vt 0.171477 1.675704
vt -0.478523 1.775829
vt -0.478523 1.772807
vt -0.128523 1.772807
vt -0.128523 1.775829
vt -0.521477 0.278469
vt 0.828523 0.278469
vt 0.828523 0.280900
vt -0.521477 0.280900
vt 1.478523 0.278469
vt 1.478523 0.280900
vt 1.128523 0.280900
vt 1.128523 0.278469
vt -0.478523 0.301273
vt -0.128523 0.301273
vt -0.128523 0.304303
vt -0.478523 0.304303
vt 1.521477 1.783030
vt 0.171477 1.783030
vt 0.171477 1.779829
vt 1.521477 1.779829
vt -0.128523 1.768807
vt -0.478523 1.768807
vt -0.478523 1.765785
vt -0.128523 1.765785
vt 0.171477 1.775829
vt 0.171477 1.772807
vt 1.521477 1.772807
vt 1.521477 1.775829
vt 1.128523 0.301273
vt 1.478523 0.301273
vt 1.478523 0.304302
vt 1.128523 0.304302
vt -0.478523 0.383507
vt -0.128523 0.383507
vt -0.128523 0.500000
vt -0.478523 0.616493
vt 1.128523 0.301273
vt 1.478523 0.301273
vt 1.478523 0.304302
vt 1.128523 0.304302
vt -0.478523 0.301273
vt -0.128523 0.301273
vt -0.128523 0.304303
vt -0.478523 0.304303
vt 1.128523 1.736189
vt 1.478523 1.736189
vt 1.478523 1.740189
vt 1.128523 1.740189
vt 0.303993 1.646540
vt 0.291961 1.514194
vt 0.708038 1.514194
vt 0.696007 1.646540
vt -0.478523 1.761785
vt -0.478523 1.758584
vt -0.128523 1.758584
vt -0.128523 1.761785
vt 0.171477 1.761785
vt 0.171477 1.758584
vt 1.521477 1.758584
vt 1.521477 1.761785
vt 1.521477 0.280900
vt 0.171477 0.280900
vt 0.171477 0.278469
vt 1.521477 0.278469
vt 1.128523 0.278469
vt 1.478523 0.278469
vt 1.478523 0.280900
vt 1.128523 0.280900
vt -0.128523 0.359559
vt -0.478523 0.359559
vt -0.478523 0.251896
vt -0.128523 0.251896
vt 1.128523 1.818472
vt 1.478523 1.818472
vt 1.478523 1.824497
vt 1.128523 1.824497
vt 0.171477 1.645540
vt 0.171477 1.718189
vt -0.128523 1.718189
vt -0.128523 1.645540
vt -0.128523 1.783030
vt -0.478523 1.783030
vt -0.478523 1.779829
vt -0.128523 1.779829
vt 0.259465 1.815517
vt 0.273770 1.805826
vt 0.251896 1.826497
vt 0.294684 1.757584
vt 0.310069 1.757584
vt 0.310069 1.784030
vt 0.294684 1.784030
vt 0.339067 1.757584
vt 0.519477 1.757584
vt 0.519477 1.784030
vt 0.339067 1.784030
vt 0.717123 1.694792
vt 0.733011 1.698781
vt 0.733011 1.706701
vt 0.717123 1.710689
vt 0.282877 1.710689
vt 0.266989 1.706701
vt 0.266989 1.698781
vt 0.282877 1.694792
vt 0.322201 1.866851
vt 0.289254 1.866851
vt 0.289254 1.862851
vt 0.322201 1.862851
vt 0.663534 0.282877
vt 0.667521 0.266989
vt 0.675434 0.266989
vt 0.679420 0.282877
vt 0.320580 0.282877
vt 0.324566 0.266989
vt 0.332479 0.266989
vt 0.336466 0.282877
vt 0.667949 1.706272
vt 0.667949 1.699209
vt 0.675005 1.699209
vt 0.675005 1.706272
vt 0.600540 1.727252
vt 0.399460 1.727252
vt 0.400609 1.724189
vt 0.599391 1.724189
vt -0.478523 0.749552
vt 1.521477 0.749552
vt 1.521477 0.753434
vt -0.478523 0.753434
vt 0.586026 0.640441
vt 0.595169 0.730081
vt 0.572439 0.732218
vt -0.167504 1.826497
vt 0.567504 1.826497
vt -0.521477 0.736554
vt -0.521477 0.726230
vt 0.372349 0.726230
vt 0.338608 0.736554
vt 0.404660 1.824505
vt 0.382365 1.824543
vt 0.387360 1.807428
vt -0.521477 1.671050
vt 0.413975 1.671049
vt 0.413975 1.675704
vt -0.521477 1.675704
vt 0.818549 0.278303
vt 0.825222 0.286254
vt 0.785779 0.286254
vt 0.777827 0.278303
vt 0.693478 1.866851
vt 0.677799 1.866851
vt 0.677799 1.862851
vt 0.664271 1.840664
vt 0.724274 1.840664
vt 0.721877 1.865869
vt 0.666668 1.865869
vt 0.782950 0.289082
vt 0.782950 0.322373
vt 0.774999 0.330324
vt 0.774999 0.281131
vt 0.214050 1.866851
vt 0.172772 1.866851
vt 0.158570 1.862851
vt 0.214050 1.862851
vt 0.785779 0.325201
vt 0.857686 0.325201
vt 0.865637 0.333152
vt 0.777827 0.333152
vt 0.225248 1.865860
vt 0.131288 1.865860
vt 0.858514 0.323201
vt 0.784950 0.323201
vt 0.854327 0.296201
vt 0.858898 1.848603
vt 0.843527 1.853251
vt 0.335729 1.840664
vt 0.313514 1.865869
vt 0.291504 1.853693
vt 0.684521 1.646540
vt 0.697351 1.615999
vt 0.694574 1.646540
vt 0.347331 1.808343
vt 0.369180 1.816936
vt -0.478523 0.618493
vt 0.586026 0.618493
vt 0.586026 0.641000
vt -0.478523 0.641000
vt -0.521477 1.775829
vt -0.521477 1.772807
vt 0.413975 1.772807
vt 0.413975 1.775829
vt -0.521477 1.727105
vt -0.521477 1.678377
vt 0.413975 1.678377
vt 0.413975 1.727105
vt 0.413975 1.647540
vt 1.478523 1.647540
vt 1.478523 1.662716
vt 0.413975 1.662716
vt 0.413975 1.734432
vt -0.521477 1.734432
vt -0.521477 1.729778
vt 0.413975 1.729778
vt 1.478523 0.698727
vt 0.413974 0.698727
vt 0.413974 0.695697
vt 1.478523 0.695697
vt 0.413975 1.665716
vt 1.478523 1.665716
vt 1.478523 1.668376
vt 0.413975 1.668377
vt 0.512259 1.818472
vt 1.478523 1.818472
vt 1.478523 1.824497
vt 0.510048 1.824497
vt 1.521477 0.698727
vt 0.586026 0.698727
vt 0.586026 0.695697
vt 1.521477 0.695697
vt 0.586026 1.718189
vt 0.586026 1.733189
vt -0.478523 1.733189
vt -0.478523 1.718189
vt -0.521477 0.648010
vt -0.521477 0.640431
vt 0.413974 0.640431
vt 0.413974 0.648010
vt -0.478523 1.818472
vt 0.586026 1.818472
vt 0.586026 1.824497
vt -0.478523 1.824497
vt -0.478523 0.719100
vt 0.586026 0.719100
vt 0.586026 0.721531
vt -0.478523 0.721531
vt -0.521477 0.721531
vt -0.521477 0.719100
vt 0.413974 0.719100
vt 0.413974 0.721531
vt 0.586026 0.645000
vt 1.521477 0.645000
vt 1.521477 0.649000
vt 0.586026 0.649000
vt 0.413975 1.783030
vt -0.521477 1.783030
vt -0.521477 1.779829
vt 0.413975 1.779829
vt 0.828523 0.500000
vt 0.413975 1.786030
vt 0.385663 1.803637
vt -0.521477 1.803637
vt -0.521477 1.786030
vt 0.413975 1.768807
vt -0.521477 1.768807
vt -0.521477 1.765785
vt 0.413975 1.765785
vt 1.478523 0.719100
vt 1.478523 0.721531
vt 0.440340 1.808855
vt 0.451393 1.817251
vt 0.431244 1.824516
vt 0.586026 0.719100
vt 1.521477 0.719100
vt 1.521477 0.721531
vt 0.586026 0.721531
vt 1.478523 1.783030
vt 1.478523 1.779829
vt 0.586026 1.736189
vt 1.521477 1.736189
vt 1.521477 1.740189
vt 0.586026 1.740189
vt 0.413975 1.755584
vt -0.521477 1.755584
vt -0.521477 1.742765
vt 0.413975 1.742765
vt 0.819978 0.277155
vt 0.843095 0.275917
vt 0.827751 0.286395
vt 1.478523 1.755583
vt 1.478523 1.742765
vt -0.478523 0.645000
vt -0.478523 0.649000
vt 0.505831 1.824502
vt 0.508065 1.818413
vt 0.447174 1.808995
vt 1.478523 1.808995
vt 1.478523 1.813318
vt 0.452875 1.813318
vt 0.413975 1.761785
vt 0.413975 1.758584
vt 1.478523 1.758584
vt 1.478523 1.761785
vt 1.478523 1.739765
vt 0.413975 1.739765
vt 0.413975 1.737105
vt 1.478523 1.737105
vt 0.586026 0.712123
vt 1.521477 0.712123
vt 1.521477 0.716123
vt 0.586026 0.716123
vt 0.586026 1.744189
vt 1.521477 1.744189
vt 1.521477 1.813318
vt 0.586026 1.813318
vt -0.478523 0.700697
vt 0.586026 0.700697
vt 0.586026 0.708123
vt -0.478523 0.708123
vt 1.478523 1.768807
vt 1.478523 1.765785
vt -0.478523 1.736189
vt -0.478523 1.740189
vt -0.521477 1.761785
vt -0.521477 1.758584
vt 0.413974 0.698727
vt -0.521477 0.698727
vt -0.521477 0.695697
vt 0.413974 0.695697
vt -0.521477 1.818473
vt 0.323017 1.818472
vt 0.323017 1.824497
vt -0.521477 1.824497
vt 1.478523 0.698727
vt 0.413974 0.698727
vt 0.413974 0.695697
vt 1.478523 0.695697
vt 0.413974 0.721531
vt -0.521477 0.721531
vt -0.521477 0.719100
vt 0.413974 0.719100
vt -0.478523 0.719100
vt -0.478523 0.721531
vt 0.441480 0.736554
vt 0.401384 0.726230
vt 1.478523 0.726230
vt 1.478523 0.736554
vt 0.365959 1.824497
vt -0.521477 1.808995
vt 0.338567 1.808995
vt 0.350861 1.813318
vt -0.521477 1.813318
vt 1.478523 1.734432
vt 1.478523 1.729778
vt -0.521477 0.698727
vt -0.521477 0.695697
vt 0.586026 0.695697
vt 1.521477 0.695697
vt 1.521477 0.698727
vt 0.586026 0.698727
vt -0.521477 0.716123
vt -0.521477 0.712123
vt 0.413974 0.712123
vt 0.413974 0.716123
vt -0.521477 0.698727
vt -0.521477 0.695697
vt 1.478523 0.721531
vt 1.478523 0.719100
vt 1.478523 0.712123
vt 1.478523 0.716123
vt 0.675284 0.748104
vt 0.634035 0.735411
vt -0.478523 0.712123
vt -0.478523 0.716123
vt 0.413974 0.722239
vt -0.521477 0.722239
vt -0.521477 0.700697
vt 0.413974 0.700697
vt 1.521477 0.618493
vt 1.521477 0.641000
vt 1.478523 1.671049
vt 1.478523 1.675704
vt 1.521477 0.719100
vt 1.521477 0.721531
vt 1.521477 0.698727
vt 0.586026 0.698727
vt 0.586026 0.695697
vt 1.521477 0.695697
vt -0.521477 1.739765
vt -0.521477 1.737105
vt 1.478523 1.678377
vt 1.478523 1.727105
vt -0.478523 0.698727
vt -0.478523 0.695697
vt 1.478523 1.803637
vt 1.478523 1.786030
vt -0.521477 1.665717
vt -0.521477 1.668377
vt 1.478523 0.640431
vt 1.478523 0.648010
vt -0.478523 0.695697
vt -0.478523 0.698727
vt 1.521477 1.818472
vt 1.521477 1.824497
vt 1.521477 0.700697
vt 1.521477 0.708123
vt 1.521477 1.718189
vt 1.521477 1.733189
vt -0.478523 1.744189
vt -0.478523 1.813318
vt -0.478523 0.698727
vt -0.478523 0.695697
vt 1.478523 1.772807
vt 1.478523 1.775829
vt 1.478523 0.722239
vt 1.478523 0.700697
vt 1.478523 0.698727
vt 1.478523 0.695697
vt -0.521477 1.647540
vt -0.521477 1.662716
vt 0.326929 1.824497
vt 0.326929 1.818414
vt 0.862985 0.312161
vt 0.868465 0.315106
vt 0.860514 0.322373
vt 0.857514 1.866851
vt 0.785950 1.866851
vt 0.785950 1.862851
vt 0.857514 1.862851
vt 0.855420 0.294681
vt 0.849015 0.286428
vt 0.860144 0.275441
vt 0.804419 1.174396
vt 0.611949 1.174396
vt 0.611949 1.170461
vt 0.804419 1.170461
vt 0.860350 0.304951
vt 0.860484 0.297398
vt 0.871301 0.290015
vt 0.869591 0.313604
vt 0.871956 0.275438
vt 0.310150 1.867284
vt 0.306233 1.866952
vt 0.304951 1.865338
vt 0.863344 0.310150
vt 0.868122 0.615502
vt 0.868122 0.786121
vt 0.864249 0.789893
vt 0.864249 0.611730
vt 0.223417 1.796392
vt 0.223417 1.178396
vt 0.233761 1.178396
vt 0.233761 1.796392
vt 0.813198 0.916454
vt 0.791036 1.160231
vt 0.627040 1.160231
vt 1.076809 1.304163
vt 1.076809 1.457109
vt 1.058628 1.303619
vt 1.059569 1.170461
vt 1.062862 1.174396
vt 1.010236 1.174396
vt 1.010236 1.170461
vt 0.946810 0.733743
vt 1.010236 0.733743
vt 1.010236 1.160239
vt 0.946810 1.160239
vt 0.737182 1.616096
vt 0.774583 1.669796
vt 0.627040 1.867361
vt 0.051190 0.766239
vt 0.051190 0.780583
vt 0.028859 0.766239
vt 0.170159 0.733381
vt 0.372960 0.733743
vt 0.372960 1.160231
vt 0.208964 1.160231
vt 0.225417 1.458159
vt 0.236694 1.300101
vt 0.372960 1.178396
vt 0.879342 0.796688
vt 0.946810 0.796688
vt 0.946810 0.806602
vt 0.868258 0.806602
vt 0.117477 1.178396
vt 0.117477 1.867361
vt -0.074523 1.867361
vt -0.074523 1.178396
vt 1.010236 0.796688
vt 1.010236 0.806602
vt 0.882523 1.867361
vt 0.944810 1.800393
vt 1.012236 1.800393
vt 1.074523 1.867361
vt 0.946810 1.170461
vt 0.946810 1.174396
vt 0.913881 0.795509
vt 0.911452 0.795509
vt 0.912667 0.792585
vt 0.911054 0.756849
vt 0.914279 0.756849
vt 0.912667 0.761214
vt 0.882523 0.807413
vt 0.882523 0.733743
vt 0.906461 0.753434
vt 0.918872 1.135294
vt 0.918872 0.753434
vt 0.829537 0.760490
vt 0.795841 1.131143
vt 0.787555 1.130390
vt 0.820335 0.769806
vt 0.906461 1.135294
vt 0.882523 1.160239
vt 0.207751 1.174396
vt 0.212149 1.170461
vt 0.388051 1.170461
vt 0.388051 1.174396
vt -0.080523 0.777834
vt -0.091671 0.790640
vt -0.091671 0.612765
vt -0.080523 0.623871
vt 0.867376 1.170461
vt 0.867376 1.174396
vt 1.066173 1.175450
vt 1.060708 1.168999
vt 1.078599 1.163256
vt 1.045992 0.756849
vt 1.044379 0.761214
vt 1.042767 0.756849
vt 0.776583 1.796392
vt 0.766239 1.796392
vt 0.766239 1.178396
vt 0.776583 1.178396
vt 0.204159 1.131143
vt 0.170463 0.760490
vt 0.179665 0.769806
vt 0.212445 1.130390
vt 0.985905 0.762239
vt 0.971141 0.762239
vt 0.971141 0.745738
vt 0.985905 0.745738
vt 1.038174 0.753434
vt 1.074523 0.733743
vt 1.050585 0.753434
vt -0.067863 0.806419
vt -0.091075 0.796048
vt -0.077612 0.780583
vt 0.795841 1.131143
vt 0.787555 1.130390
vt 0.820335 0.769806
vt 0.829537 0.760490
vt 0.110597 1.909425
vt 0.110597 1.912125
vt -0.067643 1.912125
vt -0.067643 1.909425
vt 1.077650 0.621192
vt 0.879396 0.621192
vt 0.867959 0.609797
vt 1.089087 0.609797
vt 0.170463 0.760490
vt 0.179665 0.769806
vt 0.212445 1.130390
vt 0.204159 1.131143
vt -0.008236 0.780583
vt -0.008236 0.766239
vt 0.014095 0.766239
vt 1.074523 1.160239
vt 1.050585 1.135294
vt 0.985905 1.178396
vt 0.985905 1.774061
vt 0.971141 1.774061
vt 0.971141 1.178396
vt 1.074295 0.796688
vt 1.060154 0.806602
vt -0.088829 0.609949
vt 0.131783 0.609949
vt 0.120651 0.621040
vt -0.077697 0.621040
vt -0.089671 1.170461
vt 0.132625 1.170461
vt 0.132625 1.174396
vt -0.089671 1.174396
vt 0.791937 1.878435
vt 0.795914 1.892980
vt 0.780739 1.903648
vt 0.989905 1.775233
vt 0.989905 1.178396
vt 1.008236 1.178396
vt 1.008236 1.793564
vt -0.010236 0.806419
vt 0.867143 0.608965
vt 1.089904 0.608964
vt 1.086111 0.612658
vt 0.870935 0.612658
vt 0.967141 1.178396
vt 0.967142 1.775233
vt 0.948810 1.793564
vt 0.948810 1.178396
vt 1.008236 0.766239
vt 1.008236 0.776583
vt 0.948810 0.776583
vt 0.948810 0.766239
vt 0.762239 1.178396
vt 0.762239 1.774061
vt 0.745738 1.774061
vt 0.745738 1.178396
vt -0.342314 0.674799
vt -0.414222 0.674799
vt -0.422173 0.666848
vt -0.334363 0.666848
vt 0.237761 1.774061
vt 0.237761 1.178396
vt 0.254262 1.178396
vt 0.254262 1.774061
vt 0.014095 0.745738
vt 0.028859 0.745738
vt 1.012236 1.178396
vt 1.074523 1.238368
vt 1.054388 1.299357
vt 0.053190 0.806419
vt -0.139996 0.710918
vt -0.139996 0.677627
vt -0.132045 0.669676
vt -0.132045 0.718869
vt 0.167504 1.826497
vt 0.170876 1.836690
vt -0.127922 1.836690
vt -0.124550 1.826497
vt 0.167123 0.664074
vt 0.167123 0.724471
vt -0.124169 0.724471
vt -0.124169 0.664074
vt 0.710746 1.866851
vt 0.677799 1.866851
vt 0.677799 1.862851
vt 0.710746 1.862851
vt 0.629635 1.836690
vt 0.633006 1.826497
vt 0.724040 1.826497
vt 0.727412 1.836690
vt 0.275960 1.826497
vt 0.272588 1.836690
vt -0.233006 1.826497
vt -0.229634 1.836690
vt -0.327412 1.836690
vt -0.324040 1.826497
vt 0.829124 1.836690
vt 0.832496 1.826497
vt 1.124550 1.826497
vt 1.127922 1.836690
vt -0.432877 0.664074
vt -0.432877 0.724471
vt -0.478523 0.724471
vt -0.478523 0.664074
vt -0.233387 0.664074
vt -0.233387 0.724471
vt -0.323659 0.724471
vt -0.323659 0.664074
vt 0.322201 1.866851
vt 0.289254 1.866851
vt 0.289254 1.862851
vt 0.322201 1.862851
vt -0.432496 1.826497
vt -0.429124 1.836690
vt 0.567123 0.724471
vt 0.475831 0.724471
vt 0.475831 0.664074
vt 0.567123 0.664074
vt 0.710746 1.866851
vt 0.677799 1.866851
vt 0.677799 1.862851
vt 0.710746 1.862851
vt 1.429124 1.836690
vt 1.432496 1.826497
vt 1.478523 1.826497
vt 1.478523 1.836690
vt 0.339085 1.826497
vt 0.275529 1.838681
vt 0.272370 1.826497
vt 0.366994 1.826497
vt 0.370366 1.836690
vt 0.432496 1.826497
vt 0.524550 1.826497
vt 0.527922 1.836690
vt 0.429124 1.836690
vt -0.478523 1.836690
vt -0.478523 1.826497
vt 0.366613 0.664074
vt 0.366613 0.724471
vt 0.276341 0.724471
vt 0.276341 0.664074
vt 0.110721 0.627281
vt -0.067767 0.627281
vt -0.105295 0.593342
vt 0.148249 0.593342
vt 0.866237 0.807281
vt 0.865526 0.803344
vt 1.100617 0.803344
vt 1.104555 0.807281
vt 0.853600 0.601108
vt 0.853600 0.774321
vt 0.849663 0.767630
vt 0.849663 0.597170
vt 0.099631 1.905425
vt -0.056677 1.905425
vt -0.056677 1.896572
vt 0.099631 1.896572
vt 0.771343 1.909425
vt 0.771343 1.912125
vt 0.630281 1.912125
vt 0.630281 1.909425
vt 0.099631 0.640716
vt 0.099631 0.760908
vt -0.056677 0.760908
vt -0.056677 0.640716
vt 1.056677 1.905425
vt 0.900369 1.905425
vt 0.900369 1.896572
vt 1.056677 1.896572
vt 0.760908 1.905425
vt 0.640716 1.905425
vt 0.640716 1.896572
vt 0.760908 1.896572
vt 0.369719 1.909425
vt 0.369719 1.912125
vt 0.228658 1.912125
vt 0.228658 1.909425
vt 0.103631 0.762050
vt 0.103631 0.639573
vt 0.110597 0.632945
vt 0.110597 0.768678
vt -0.331287 1.865860
vt -0.425248 1.865860
vt -0.057878 0.764907
vt 0.100832 0.764907
vt 0.107594 0.771343
vt -0.064640 0.771343
vt -0.060677 0.639573
vt -0.060677 0.762050
vt -0.067643 0.768678
vt -0.067643 0.632945
vt 0.100832 0.636716
vt -0.057878 0.636716
vt -0.064640 0.630281
vt 0.107594 0.630281
vt 0.322201 1.866851
vt 0.289254 1.866851
vt 0.289254 1.862851
vt 0.322201 1.862851
vt 0.322201 1.866851
vt 0.289254 1.866851
vt 0.289254 1.862851
vt 0.322201 1.862851
vt -0.342486 1.866851
vt -0.414050 1.866851
vt -0.414050 1.862851
vt -0.342486 1.862851
vt 0.710746 1.866851
vt 0.677799 1.866851
vt 0.677799 1.862851
vt 0.710746 1.862851
vt 0.257686 0.674799
vt 0.185778 0.674799
vt 0.177827 0.666848
vt 0.265637 0.666848
vt 1.414050 1.866851
vt 1.342486 1.866851
vt 1.342486 1.862851
vt 1.414050 1.862851
vt 1.214561 1.866851
vt 1.142996 1.866851
vt 1.142996 1.862851
vt 1.214561 1.862851
vt -0.214732 0.713746
vt -0.142825 0.713746
vt -0.134873 0.721697
vt -0.222683 0.721697
vt 0.322201 1.866851
vt 0.289254 1.866851
vt 0.289254 1.862851
vt 0.322201 1.862851
vt 0.185778 0.713746
vt 0.257686 0.713746
vt 0.265637 0.721697
vt 0.177827 0.721697
vt 0.424405 0.721697
vt 0.417732 0.713746
vt 0.457175 0.713746
vt 0.465127 0.721697
vt 0.693478 1.866851
vt 0.677799 1.866851
vt 0.677799 1.862851
vt 0.814050 1.866851
vt 0.742486 1.866851
vt 0.742486 1.862851
vt 0.814050 1.862851
vt 1.100617 0.598279
vt 0.856429 0.598279
vt 0.852491 0.594342
vt 1.104555 0.594342
vt 0.257514 1.866851
vt 0.185950 1.866851
vt 0.185950 1.862851
vt 0.257514 1.862851
vt -0.215560 0.711746
vt -0.215560 0.676799
vt -0.141996 0.676799
vt -0.141996 0.711746
vt 0.184950 0.711746
vt 0.184950 0.676799
vt 0.258514 0.676799
vt 0.258514 0.711746
vt 0.384440 0.676799
vt 0.458004 0.676799
vt 0.388627 0.703799
vt 0.460004 0.710918
vt 0.460004 0.677627
vt 0.467955 0.669676
vt 0.467955 0.718869
vt -0.417050 0.677627
vt -0.417050 0.710918
vt -0.425001 0.718869
vt -0.425001 0.669676
vt 0.182950 0.677627
vt 0.182950 0.710918
vt 0.174999 0.718869
vt 0.174999 0.669676
vt -0.142996 1.866851
vt -0.214560 1.866851
vt -0.214560 1.862851
vt -0.142996 1.862851
vt 0.457004 1.866851
vt 0.415726 1.866851
vt 0.401524 1.862851
vt 0.457004 1.862851
vt -0.142825 0.674799
vt -0.214732 0.674799
vt -0.222683 0.666848
vt -0.134873 0.666848
vt 0.457175 0.674799
vt 0.385268 0.674799
vt 0.377317 0.666848
vt 0.465127 0.666848
vt -0.339486 0.710918
vt -0.339486 0.677627
vt -0.331535 0.669676
vt -0.331535 0.718869
vt 0.260514 0.710918
vt 0.260514 0.677627
vt 0.268465 0.669676
vt 0.268465 0.718869
vt -0.217560 0.677627
vt -0.217560 0.710918
vt -0.225511 0.718869
vt -0.225511 0.669676
vt -0.414222 0.713746
vt -0.342314 0.713746
vt -0.334363 0.721697
vt -0.422173 0.721697
vt 0.570876 1.836690
vt 0.472078 1.836690
vt 0.475450 1.826497
vt 0.567504 1.826497
vt -0.131798 1.865860
vt -0.225759 1.865860
vt 1.327412 1.836690
vt 1.425248 1.865860
vt 1.331288 1.865860
vt 0.664271 1.840664
vt 0.724274 1.840664
vt 0.721877 1.865869
vt 0.666668 1.865869
vt 0.825248 1.865860
vt 0.731288 1.865860
vt 0.468202 1.865860
vt 0.374241 1.865860
vt -0.415050 0.711746
vt -0.415050 0.676799
vt -0.341486 0.676799
vt -0.341486 0.711746
vt 0.664271 1.840664
vt 0.724274 1.840664
vt 0.721877 1.865869
vt 0.666668 1.865869
vt 0.275726 1.840664
vt 0.335729 1.840664
vt 0.333332 1.865869
vt 0.278123 1.865869
vt 0.275726 1.840664
vt 0.335729 1.840664
vt 0.333332 1.865869
vt 0.278123 1.865869
vt 1.229635 1.836690
vt 1.225759 1.865860
vt 1.131798 1.865860
vt 0.268712 1.865860
vt 0.174752 1.865860
vt 0.275726 1.840664
vt 0.335729 1.840664
vt 0.333332 1.865869
vt 0.278123 1.865869
vt 0.615944 1.848603
vt 0.600573 1.853251
vt 0.664271 1.840664
vt 0.724274 1.840664
vt 0.721877 1.865869
vt 0.666668 1.865869
vt 0.335729 1.840664
vt 0.313514 1.865869
vt 0.291504 1.853693
vt 0.664271 1.840664
vt 0.724274 1.840664
vt 0.721877 1.865869
vt 0.666668 1.865869
vt 1.233006 1.826497
vt 1.324040 1.826497
vt 0.969970 1.778062
vt 0.987077 1.778062
vt 1.005408 1.796392
vt 0.951639 1.796392
vt 0.139739 1.903649
vt -0.096785 1.903649
vt -0.089924 1.878435
vt 0.132878 1.878435
vt 0.395056 1.903648
vt 0.203321 1.903648
vt 0.210214 1.878435
vt 0.388162 1.878435
vt 1.089924 1.878435
vt 0.864453 1.903649
vt 0.864972 1.878435
vt 0.123477 0.778104
vt 0.123477 0.623871
vt 0.134625 0.612765
vt 0.134624 0.800062
vt 1.091821 0.786956
vt 1.080373 0.792817
vt 1.080373 0.623917
vt 1.091821 0.612511
vt 1.010236 0.729064
vt 1.074523 0.729064
vt 0.946810 0.729064
vt 0.882523 0.729064
vt -0.074523 0.729064
vt 0.117477 0.729064
vt 0.117477 0.733743
vt -0.074523 0.733743
vt 0.117477 1.160231
vt -0.074523 1.160231
vt 1.043165 0.795509
vt 1.044379 0.792585
vt 1.045594 0.795509
vt 0.169767 0.729064
vt 0.372960 0.729064
vt 1.082341 0.785175
vt 0.874706 0.785175
vt 0.879374 0.780506
vt 1.077672 0.780506
vt 0.865225 0.804169
vt 0.865225 0.612511
vt 0.876673 0.623917
vt 0.876673 0.793930
vt 0.125557 1.875489
vt -0.082603 1.875489
vt -0.082178 1.872504
vt 0.125132 1.872504
vt 1.082603 1.875489
vt 0.874443 1.875489
vt 0.874868 1.872504
vt 1.082179 1.872504
vt 0.874706 0.616448
vt 1.082341 0.616448
vt 1.077672 0.621117
vt 0.879374 0.621117
vt 0.217763 1.872504
vt 0.380614 1.872504
vt 0.381029 1.875490
vt 0.217348 1.875490
vt 0.151337 0.758686
vt 0.138366 0.780713
vt 0.113597 0.771580
vt 1.080446 0.777731
vt 1.080446 0.623892
vt 1.085115 0.619223
vt 1.085115 0.782400
vt 0.782652 1.875490
vt 0.618971 1.875490
vt 0.619386 1.872504
vt 0.782237 1.872504
vt 0.871931 0.782400
vt 0.871931 0.619223
vt 0.876600 0.623892
vt 0.876600 0.777732
vt -0.070643 0.771550
vt -0.108383 0.805680
vt -0.108383 0.595943
vt -0.070643 0.630073
vt -0.105383 1.907578
vt 0.148337 1.907578
vt 0.148337 1.912125
vt -0.105383 1.912125
vt 0.132671 0.808281
vt -0.105295 0.808281
vt -0.067767 0.774343
vt 0.867380 1.912125
vt 0.866831 1.907578
vt 1.105383 1.907578
vt 1.105383 1.912125
vt 0.596342 1.907578
vt 0.762897 1.907578
vt 0.758532 1.912125
vt 0.596342 1.912125
vt 0.194719 1.907578
vt 0.403658 1.907578
vt 0.403658 1.912125
vt 0.194719 1.912125
vt 1.103446 0.800515
vt 1.103446 0.601108
vt 1.107383 0.597170
vt 1.107383 0.804453
vt 0.889404 1.909425
vt 1.067643 1.909425
vt 1.067643 1.912125
vt 0.889404 1.912125
vt 0.627040 0.729064
vt 0.830233 0.729064
vt 0.829841 0.733381
vt 0.627040 0.733743
vt -0.086119 0.795509
vt -0.088548 0.795509
vt -0.087333 0.792585
vt 0.086111 0.788965
vt 0.089904 0.792659
vt -0.132857 0.792659
vt -0.129065 0.788965
vt 0.776583 1.796392
vt 0.766239 1.796392
vt 0.766239 1.178396
vt 0.776583 1.178396
vt 0.170463 0.760490
vt 0.179665 0.769806
vt 0.202682 1.021898
vt 0.194350 1.023248
vt 0.925477 1.178396
vt 1.117477 1.178396
vt 1.117477 1.867361
vt 0.925477 1.867361
vt 1.051190 0.780583
vt 1.028859 0.766239
vt 1.051190 0.766239
vt 0.010236 0.733743
vt 0.010236 1.160239
vt -0.053190 1.160239
vt -0.053190 0.733743
vt 0.372960 1.178396
vt 0.372960 1.867361
vt 0.225417 1.565359
vt 0.991764 0.766239
vt 1.014095 0.766239
vt 0.991764 0.780583
vt 0.806075 1.018572
vt 0.797318 1.021898
vt 0.820335 0.769806
vt 0.829537 0.760490
vt 1.123477 0.778104
vt 1.123477 0.623871
vt 1.134624 0.612765
vt 1.134624 0.800062
vt 0.077704 0.796688
vt 0.088788 0.806602
vt 0.010236 0.806602
vt 0.010236 0.796688
vt 0.063627 1.713531
vt 0.074523 1.745668
vt 0.012236 1.800393
vt -0.053190 0.806602
vt -0.053190 0.796688
vt 0.074523 1.867361
vt -0.117477 1.867361
vt -0.055190 1.800393
vt 0.010236 1.170461
vt 0.010236 1.174396
vt -0.053190 1.174396
vt -0.053190 1.170461
vt 0.829841 0.733381
vt 0.791036 1.160231
vt 0.627040 1.160231
vt 0.627040 0.733743
vt 0.045992 0.756849
vt 0.044380 0.761214
vt 0.042767 0.756849
vt 0.795841 1.131143
vt 0.787555 1.130390
vt 0.795131 1.047021
vt 0.803314 1.048939
vt 0.372960 1.160231
vt 0.209664 1.025593
vt 0.201528 0.983807
vt 0.050585 1.135294
vt 0.074523 1.160239
vt 0.038174 1.135294
vt 0.196578 1.047753
vt 0.204869 1.047021
vt 0.212445 1.130390
vt 0.204159 1.131143
vt 0.760141 1.470514
vt 0.774583 1.589762
vt 0.627040 1.867361
vt 0.089671 1.170461
vt 0.089671 1.174396
vt -0.081127 1.135294
vt -0.081128 0.753434
vt -0.088946 0.756849
vt -0.085721 0.756849
vt -0.087333 0.761214
vt 0.223417 1.796392
vt 0.223417 1.178396
vt 0.233761 1.178396
vt 0.233761 1.796392
vt 0.074523 1.067376
vt 0.395056 1.903648
vt 0.203321 1.903648
vt 0.210214 1.878435
vt 0.388162 1.878435
vt -0.028859 0.762239
vt -0.028859 0.745738
vt -0.014095 0.745738
vt -0.014095 0.762239
vt -0.093539 0.753434
vt -0.117477 0.733743
vt -0.131878 0.615502
vt -0.131878 0.786121
vt -0.135751 0.789893
vt -0.135751 0.611731
vt 0.204159 1.131143
vt 0.170463 0.760490
vt 0.179665 0.769806
vt 0.212445 1.130390
vt 0.932357 1.909425
vt 1.110597 1.909425
vt 1.110597 1.912125
vt 0.932357 1.912125
vt -0.120658 0.796688
vt -0.131742 0.806602
vt 0.829537 0.760490
vt 0.795841 1.131143
vt 0.787555 1.130390
vt 0.820335 0.769806
vt -0.120604 0.621192
vt -0.132041 0.609797
vt 0.089087 0.609797
vt 0.077650 0.621192
vt -0.093539 1.135294
vt -0.117477 1.160239
vt -0.028859 1.178396
vt -0.014095 1.178396
vt -0.014095 1.774061
vt -0.028859 1.774061
vt 1.132625 1.170461
vt 1.132625 1.174396
vt 0.910329 1.174396
vt 0.910329 1.170461
vt 0.919477 0.778104
vt 0.908329 0.800062
vt 0.908329 0.612765
vt 0.919477 0.623871
vt 0.088924 0.615502
vt 0.092797 0.611731
vt 0.092797 0.789893
vt 0.088924 0.786121
vt -0.032859 1.775233
vt -0.051190 1.793564
vt -0.051190 1.178396
vt -0.032859 1.178396
vt -0.132624 1.170461
vt -0.132624 1.174396
vt 0.089904 0.608965
vt 0.086111 0.612659
vt -0.129065 0.612659
vt -0.132857 0.608965
vt 0.762239 1.774061
vt 0.745738 1.774061
vt 0.745738 1.178396
vt 0.762239 1.178396
vt -0.051190 0.766239
vt 0.008236 0.766239
vt 0.008236 0.776583
vt -0.051190 0.776583
vt 0.237761 1.178396
vt 0.254262 1.178396
vt 0.254262 1.774061
vt 0.237761 1.774061
vt 1.385268 0.674799
vt 1.377317 0.666848
vt 1.465127 0.666848
vt 1.457175 0.674799
vt -0.012924 1.778062
vt 0.005407 1.796392
vt -0.048361 1.796392
vt -0.030030 1.778062
vt 1.014095 0.745738
vt 1.028859 0.745738
vt 0.989764 0.806419
vt 1.053190 0.806419
vt -0.055190 1.178396
vt -0.108708 1.474949
vt -0.134775 0.804169
vt -0.134775 0.612511
vt -0.123327 0.623917
vt -0.123327 0.793930
vt 1.211007 0.713746
vt 1.195246 0.721697
vt 1.177827 0.721697
vt 1.185779 0.713746
vt 0.875450 1.826497
vt 1.167504 1.826497
vt 1.170876 1.836690
vt 0.872078 1.836690
vt 0.875831 0.664074
vt 1.167123 0.664074
vt 1.167123 0.724471
vt 0.875831 0.724471
vt 0.782440 0.710918
vt 0.774489 0.718869
vt 0.774489 0.669676
vt 0.782440 0.677627
vt 0.327412 1.836690
vt 0.229635 1.836690
vt 0.233006 1.826497
vt 0.324040 1.826497
vt 0.770366 1.836690
vt 0.766994 1.826497
vt 1.275960 1.826497
vt 1.366994 1.826497
vt 1.370366 1.836690
vt 1.272588 1.836690
vt 0.127922 1.836690
vt -0.170876 1.836690
vt -0.167504 1.826497
vt 0.124550 1.826497
vt 1.475831 0.664074
vt 1.521477 0.664074
vt 1.521477 0.724471
vt 1.475831 0.724471
vt 1.276341 0.664074
vt 1.366613 0.664074
vt 1.366613 0.724471
vt 1.276341 0.724471
vt 0.585950 1.866851
vt 0.585950 1.862851
vt 0.657514 1.862851
vt 0.657514 1.866851
vt 1.475450 1.826497
vt 1.472078 1.836690
vt 1.382440 0.710918
vt 1.374489 0.718869
vt 1.374489 0.669676
vt 1.382440 0.677627
vt -0.472078 1.836690
vt -0.521477 1.836690
vt -0.521477 1.826497
vt -0.475450 1.826497
vt 0.675960 1.826497
vt 0.672588 1.836690
vt 1.521477 1.826497
vt 1.521477 1.836690
vt 0.676341 0.664074
vt 0.766613 0.664074
vt 0.766613 0.724471
vt 0.676341 0.724471
vt 0.932233 0.627281
vt 0.894705 0.593342
vt 1.148249 0.593342
vt 1.110721 0.627281
vt 0.640716 1.905425
vt 0.640716 1.896572
vt 0.760908 1.896572
vt 0.760908 1.905425
vt 0.100617 0.803344
vt 0.104555 0.807281
vt -0.147509 0.807281
vt -0.143571 0.803344
vt 0.942122 0.636716
vt 0.935360 0.630281
vt 1.107594 0.630281
vt 1.100832 0.636716
vt 0.228657 1.909425
vt 0.369719 1.909425
vt 0.369719 1.912125
vt 0.228657 1.912125
vt 0.943323 0.640716
vt 1.099631 0.640716
vt 1.099631 0.760908
vt 0.943323 0.760908
vt -0.099631 1.905425
vt -0.099631 1.896572
vt 0.056677 1.896572
vt 0.056677 1.905425
vt 0.239092 1.905425
vt 0.239092 1.896572
vt 0.359284 1.896572
vt 0.359284 1.905425
vt 0.630281 1.909425
vt 0.771343 1.909425
vt 0.771343 1.912125
vt 0.630281 1.912125
vt 0.943323 1.905425
vt 0.943323 1.896572
vt 1.099631 1.896572
vt 1.099631 1.905425
vt 1.468202 1.865860
vt 1.374241 1.865860
vt 1.100832 0.764908
vt 1.107594 0.771343
vt 0.935360 0.771343
vt 0.942122 0.764908
vt 1.103631 0.639574
vt 1.110597 0.632945
vt 1.110597 0.768678
vt 1.103631 0.762050
vt 0.939323 0.762050
vt 0.932357 0.768678
vt 0.932357 0.632945
vt 0.939323 0.639574
vt 0.677799 1.866851
vt 0.677799 1.862851
vt 0.710746 1.862851
vt 0.710746 1.866851
vt 0.371653 0.709985
vt 0.387534 0.705319
vt 0.382810 0.724559
vt 1.385440 1.866851
vt 1.385440 1.862851
vt 1.457004 1.862851
vt 1.457004 1.866851
vt 1.185950 1.866851
vt 1.185950 1.862851
vt 1.232848 1.862851
vt 1.215098 1.866851
vt 0.312660 1.866851
vt 0.304995 1.862851
vt 0.322201 1.862851
vt 0.322201 1.866851
vt 0.289254 1.866851
vt 0.289254 1.862851
vt 0.322201 1.862851
vt 0.322201 1.866851
vt 0.785268 0.674799
vt 0.777317 0.666848
vt 0.865127 0.666848
vt 0.857175 0.674799
vt 0.677799 1.866851
vt 0.677799 1.862851
vt 0.710746 1.862851
vt 0.710746 1.866851
vt 0.677799 1.866851
vt 0.677799 1.862851
vt 0.710746 1.862851
vt 0.710746 1.866851
vt 0.677799 1.866851
vt 0.677799 1.862851
vt 0.710746 1.862851
vt 0.710746 1.866851
vt 0.857176 0.713746
vt 0.865127 0.721697
vt 0.777317 0.721697
vt 0.785268 0.713746
vt 0.289254 1.866851
vt 0.289254 1.862851
vt 0.322201 1.862851
vt 0.322201 1.866851
vt 0.103446 0.601108
vt 0.107383 0.597170
vt 0.107383 0.804453
vt 0.103446 0.800515
vt 0.289254 1.866851
vt 0.289254 1.862851
vt 0.322201 1.862851
vt 0.322201 1.866851
vt 0.342486 1.866851
vt 0.342486 1.862851
vt 0.414050 1.862851
vt 0.414050 1.866851
vt 0.785440 1.866851
vt 0.785440 1.862851
vt 0.857004 1.862851
vt 0.857004 1.866851
vt 1.241493 0.711746
vt 1.184950 0.676799
vt 1.258514 0.676799
vt 1.260546 0.699419
vt 1.260465 0.687944
vt 1.270713 0.696491
vt 0.658514 0.711746
vt 0.584950 0.711746
vt 0.584950 0.676799
vt 0.658514 0.676799
vt 0.657686 0.713746
vt 0.665637 0.721697
vt 0.577827 0.721697
vt 0.585778 0.713746
vt 1.460004 0.677627
vt 1.467955 0.669676
vt 1.467955 0.718869
vt 1.460004 0.710918
vt 0.860004 0.677627
vt 0.867955 0.669676
vt 0.867955 0.718869
vt 0.860004 0.710918
vt 1.182950 0.710918
vt 1.174999 0.718869
vt 1.174999 0.669676
vt 1.182950 0.677627
vt 0.582950 0.710918
vt 0.574999 0.718869
vt 0.574999 0.669676
vt 0.582950 0.677627
vt 1.185779 0.674799
vt 1.177827 0.666848
vt 1.265637 0.666848
vt 1.257686 0.674799
vt 0.585778 0.674799
vt 0.577827 0.666848
vt 0.665637 0.666848
vt 0.657686 0.674799
vt -0.457004 1.866851
vt -0.457004 1.862851
vt -0.385440 1.862851
vt -0.385440 1.866851
vt 0.142996 1.866851
vt 0.142996 1.862851
vt 0.214560 1.862851
vt 0.214560 1.866851
vt 1.253248 0.723747
vt 1.239855 0.723970
vt 1.242132 0.713665
vt 0.660514 0.677627
vt 0.668465 0.669676
vt 0.668465 0.718869
vt 0.660514 0.710918
vt 1.457175 0.713746
vt 1.465127 0.721697
vt 1.377317 0.721697
vt 1.385268 0.713746
vt 0.727630 1.826497
vt 0.726661 1.836690
vt 0.724471 1.838681
vt 1.268713 1.865860
vt 1.174752 1.865860
vt 0.868202 1.865860
vt 0.774241 1.865860
vt 0.335729 1.840664
vt 0.333332 1.865869
vt 0.278123 1.865869
vt 0.275726 1.840664
vt 0.335729 1.840664
vt 0.333332 1.865869
vt 0.278123 1.865869
vt 0.275726 1.840664
vt 0.668712 1.865860
vt 0.574752 1.865860
vt 0.225759 1.865860
vt 0.131798 1.865860
vt 0.335729 1.840664
vt 0.333332 1.865869
vt 0.278123 1.865869
vt 0.275726 1.840664
vt 0.724274 1.840664
vt 0.721877 1.865869
vt 0.666668 1.865869
vt 0.664271 1.840664
vt -0.255608 1.857269
vt -0.270993 1.857789
vt -0.272476 1.836689
vt 0.335729 1.840664
vt 0.333332 1.865869
vt 0.278123 1.865869
vt 0.275726 1.840664
vt 0.681367 1.865869
vt 0.666668 1.865869
vt 0.664271 1.840664
vt 0.724274 1.840664
vt 0.721877 1.865869
vt 0.666668 1.865869
vt 0.664271 1.840664
vt 0.724274 1.840664
vt 0.721877 1.865869
vt 0.666668 1.865869
vt 0.664271 1.840664
vt 0.425248 1.865860
vt 0.331288 1.865860
vt 1.458004 0.711746
vt 1.384440 0.711746
vt 1.384440 0.676799
vt 1.458004 0.676799
vt -0.370365 1.836690
vt -0.374241 1.865860
vt -0.468202 1.865860
vt -0.275960 1.826497
vt -0.366994 1.826497
vt -0.010095 1.178396
vt 0.008236 1.178396
vt 0.008236 1.793564
vt -0.010095 1.775233
vt 0.903215 1.903649
vt 0.910076 1.878435
vt 1.132878 1.878435
vt 1.139739 1.903649
vt 0.604944 1.903648
vt 0.611838 1.878435
vt 0.789786 1.878435
vt 0.796679 1.903648
vt 0.096785 1.903649
vt -0.139739 1.903649
vt -0.132878 1.878435
vt 0.089924 1.878435
vt 1.131783 0.609949
vt 1.120651 0.621040
vt 0.922303 0.621040
vt 0.911171 0.609949
vt 0.804419 1.174396
vt 0.611949 1.174396
vt 0.611949 1.170461
vt 0.804419 1.170461
vt -0.117477 0.729064
vt -0.053190 0.729064
vt 0.010236 0.729064
vt 0.074523 0.729064
vt 0.074523 0.733743
vt 1.117477 0.729064
vt 1.117477 0.733743
vt 0.925477 0.733743
vt 0.925477 0.729064
vt 1.117477 1.160231
vt 0.925477 1.160231
vt 1.120249 0.780583
vt 1.133366 0.806419
vt 0.830233 0.729064
vt 0.627040 0.729064
vt -0.125294 0.785175
vt -0.120626 0.780506
vt 0.077672 0.780506
vt 0.082341 0.785175
vt 0.038174 0.753434
vt 0.050585 0.753434
vt 0.091821 0.804169
vt 0.080373 0.793930
vt 0.080373 0.623917
vt 0.091821 0.612511
vt 0.917397 1.875489
vt 0.917822 1.872504
vt 1.125132 1.872504
vt 1.125557 1.875489
vt -0.125557 1.875489
vt -0.125132 1.872504
vt 0.082179 1.872504
vt 0.082603 1.875489
vt 0.082340 0.616448
vt 0.077672 0.621117
vt -0.120626 0.621117
vt -0.125294 0.616448
vt 0.782237 1.872504
vt 0.782652 1.875490
vt 0.618971 1.875490
vt 0.619386 1.872504
vt 0.929357 0.630073
vt 0.929357 0.771550
vt 0.891617 0.805680
vt 0.891617 0.595943
vt -0.123400 0.777732
vt -0.128069 0.782400
vt -0.128069 0.619223
vt -0.123400 0.623892
vt 0.217348 1.875490
vt 0.217763 1.872504
vt 0.380614 1.872504
vt 0.381029 1.875490
vt 0.085115 0.782400
vt 0.080446 0.777732
vt 0.080446 0.623892
vt 0.085115 0.619223
vt 0.909588 0.806419
vt 0.922705 0.780583
vt 1.113597 0.771550
vt 1.113597 0.630073
vt 1.151337 0.595943
vt 1.151337 0.805680
vt 0.403658 1.907578
vt 0.403658 1.912125
vt 0.194719 1.912125
vt 0.194719 1.907578
vt 0.932233 0.774343
vt 1.110721 0.774343
vt 1.148249 0.808281
vt 0.894705 0.808281
vt -0.146400 0.800515
vt -0.150337 0.804453
vt -0.150337 0.597171
vt -0.146400 0.601108
vt 0.776925 1.478617
vt 0.776925 1.578727
vt 0.764395 1.475269
vt 0.105383 1.907578
vt 0.105383 1.912125
vt -0.148337 1.912125
vt -0.148337 1.907578
vt 0.805281 1.907578
vt 0.805281 1.912125
vt 0.596342 1.912125
vt 0.596342 1.907578
vt 1.148337 1.907578
vt 1.148337 1.912125
vt 0.894617 1.912125
vt 0.894617 1.907578
vt -0.143571 0.598280
vt -0.147509 0.594342
vt 0.104555 0.594342
vt 0.100617 0.598279
vt 0.067643 1.909425
vt 0.067643 1.912125
vt -0.110596 1.912125
vt -0.110596 1.909425
vt 0.372960 0.729064
vt 0.372960 0.733743
vt 0.170159 0.733381
vt 0.169767 0.729064
vt 0.776876 1.415549
vt 0.776876 1.470416
vt 0.764719 1.467168
vt 0.223044 1.577130
vt 0.236666 1.703346
vt 0.223044 1.708442
vt 0.767138 1.576310
vt 0.777104 1.523704
vt 0.777104 1.576078
vt 0.235111 1.711957
vt 0.222959 1.743238
vt 0.222959 1.716503
vt 0.120249 0.780583
vt 0.133366 0.806419
vt 0.119801 0.766803
vt 0.111129 0.776675
vt 0.104245 0.776675
vt 0.119801 0.748195
vt 0.901628 1.616073
vt 0.892785 1.577924
vt 0.944810 1.178396
vt 0.776724 1.617934
vt 0.776729 1.624915
vt 0.761131 1.625850
vt 0.747263 1.617971
vt 0.766887 1.580295
vt 0.777108 1.580057
vt 0.777091 1.606968
vt 0.768674 1.605031
vt 0.763650 1.629242
vt 0.776856 1.628470
vt 0.776856 1.665284
vt 1.076795 1.243272
vt 1.076795 1.296217
vt 1.059487 1.295698
vt 0.194238 1.027102
vt 0.202504 1.025625
vt 0.201238 1.033660
vt 0.020574 1.038592
vt 0.038174 1.024568
vt 0.043165 0.795509
vt 0.044380 0.792585
vt 0.045594 0.795509
vt 0.074523 0.929332
vt 0.065934 1.003941
vt 0.050585 1.015940
vt 0.062456 1.035254
vt 0.055888 1.027662
vt 0.073842 1.011313
vt 0.192309 1.006049
vt 0.185925 0.933655
vt 0.198983 0.988479
vt 0.068938 1.006049
vt 0.043607 1.037860
vt 0.040263 1.044309
vt 0.033401 1.036855
vt 0.049606 0.803922
vt 0.045363 0.795357
vt 0.050586 0.794995
vt 0.049132 1.021660
vt 0.050872 1.030645
vt 0.026913 1.037791
vt 0.040654 1.027102
vt 0.049606 1.045913
vt 0.067720 1.045223
vt 0.043874 1.033660
vt 0.050586 1.038837
vt 0.076810 1.028784
vt 0.076766 1.040028
vt 0.825365 0.806771
vt 0.822949 0.833345
vt 0.808899 0.832675
vt 0.062456 0.796394
vt 0.076995 1.064412
vt 0.206869 1.028784
vt 0.200226 1.011313
vt 0.045052 1.025625
vt 0.204643 1.043233
vt 0.196047 1.044309
vt 0.203739 1.037860
vt 0.045363 1.043233
vt 0.954948 0.797496
vt 0.950868 0.806278
vt 0.949128 0.798329
vt 0.422976 0.722845
vt 0.399859 0.724083
vt 0.415203 0.713605
vt 0.822240 0.841117
vt 0.816057 0.909130
vt 0.806863 0.840383
vt 0.379969 0.687839
vt 0.374489 0.684894
vt 0.382440 0.677627
vt 0.614560 1.866851
vt 0.542996 1.866851
vt 0.542996 1.862851
vt 0.614560 1.862851
vt 0.393939 0.713572
vt 1.271913 0.723618
vt 0.382604 0.695049
vt 0.382470 0.702602
vt 0.373363 0.686396
vt 0.370998 0.724561
vt 1.269622 0.681453
vt 0.310150 1.867284
vt 0.306233 1.866952
vt 0.304951 1.865338
vt 0.379609 0.689850
vt 1.215373 0.713643
vt 0.858004 0.711746
vt 0.784440 0.711746
vt 0.784440 0.676799
vt 0.858004 0.676799
vt -0.257514 1.866851
vt -0.257514 1.862851
vt -0.185950 1.862851
vt -0.185950 1.866851
vt 1.260514 0.677627
vt 1.268466 0.669676
vt 1.268466 0.680015
vt 1.260514 0.685650
vt 0.800618 1.906569
vt 0.808297 1.906571
vt 0.808297 1.912132
vt 1.197058 0.722882
vt 1.088924 0.615502
vt 1.092797 0.611730
vt 1.092797 0.789893
vt 1.088924 0.786121
vt 1.038174 1.135294
vt 0.195581 1.174396
vt 0.195581 1.170461
vt 0.388051 1.170461
vt 0.388051 1.174396
vt 0.359284 1.905425
vt 0.239093 1.905425
vt 0.239093 1.896572
vt 0.359284 1.896572
vt 0.870935 0.788965
vt 1.086111 0.788965
vt 1.089904 0.792659
vt 0.867143 0.792659
vt 0.783840 1.912297
vt 0.779738 1.906477
vt 0.760895 1.912226
vt 0.766414 1.906477
vt 0.797271 1.894330
vt -0.521477 0.748114
vt -0.521477 0.740535
vt 0.349342 0.740535
vt 0.324715 0.748114
vt 0.511059 0.748114
vt 0.472598 0.740535
vt 1.478523 0.740535
vt 1.478523 0.748114
vt 0.726230 1.805826
vt 0.740535 1.815517
vt 0.748104 1.826497
vt -0.478523 1.808995
vt -0.128523 1.808995
vt -0.128523 1.813318
vt -0.478523 1.813318
vt 0.171477 1.808995
vt 1.521477 1.808995
vt 1.521477 1.813318
vt 0.171477 1.813318
vt 0.171477 0.500000
vt 0.989684 1.646540
vt 1.004919 1.622969
vt 1.004919 1.646540
vt 1.008477 1.514050
vt 1.034477 1.514050
vt 1.385440 0.324201
vt 1.385268 0.325201
vt 1.383440 0.322201
vt 1.457004 0.324201
vt 1.459004 0.322201
vt 1.457175 0.325201
vt 1.459004 0.289254
vt 1.457004 0.287254
vt 1.383440 0.289254
vt 1.385440 0.287254
vt 1.185950 0.287254
vt 1.183950 0.289254
vt 1.257514 0.287254
vt 1.259514 0.289254
vt 1.257514 0.324201
vt 1.259514 0.322201
vt 1.183950 0.322201
vt 1.185950 0.324201
vt 0.585950 0.287254
vt 0.583950 0.289254
vt 0.657514 0.287254
vt 0.659514 0.289254
vt 0.657514 0.324201
vt 0.659514 0.322201
vt 0.583950 0.322201
vt 0.585950 0.324201
vt 0.536371 0.399460
vt 0.537430 0.398400
vt 0.538668 0.401758
vt 0.539728 0.400698
vt 0.753226 0.400698
vt 0.754286 0.401758
vt 0.756583 0.399460
vt 0.755524 0.398400
vt 1.287431 0.398400
vt 1.286371 0.399460
vt 1.288668 0.401758
vt 1.289728 0.400698
vt 1.503226 0.400698
vt 1.504286 0.401758
vt 1.506583 0.399460
vt 1.505523 0.398400
vt 1.037431 0.398400
vt 1.036371 0.399460
vt 1.038668 0.401758
vt 1.039728 0.400698
vt 1.254286 0.401758
vt 1.253226 0.400698
vt 1.255524 0.398400
vt 1.256583 0.399460
vt 0.787430 0.398400
vt 0.786371 0.399460
vt 0.788668 0.401758
vt 0.789728 0.400698
vt 1.003226 0.400698
vt 1.004286 0.401758
vt 1.006583 0.399460
vt 1.005524 0.398400
vt 1.468202 0.335342
vt 1.465127 0.333152
vt 1.470218 0.333332
vt 1.377317 0.333152
vt 1.374241 0.335342
vt 1.372225 0.333332
vt 1.174752 0.276113
vt 1.172736 0.278123
vt 1.268713 0.276113
vt 1.270729 0.278123
vt 1.468202 0.276113
vt 1.470218 0.278123
vt 1.172736 0.333332
vt 1.174752 0.335342
vt 1.270729 0.333332
vt 1.268713 0.335342
vt 1.372225 0.278123
vt 1.374241 0.276113
vt 0.574752 0.276113
vt 0.572735 0.278123
vt 0.668712 0.276113
vt 0.670729 0.278123
vt 0.572735 0.333332
vt 0.574752 0.335342
vt 0.670729 0.333332
vt 0.668712 0.335342
vt 1.458004 1.861851
vt 1.459004 1.862851
vt 1.383440 1.862851
vt 1.384440 1.861851
vt 0.287254 1.862851
vt 0.288254 1.861851
vt -0.259514 1.862851
vt -0.258514 1.861851
vt -0.459004 1.862851
vt -0.458004 1.861851
vt 1.183950 1.862851
vt 1.184950 1.861851
vt 0.675799 1.862851
vt 0.676799 1.861851
vt -0.383440 1.862851
vt -0.384440 1.861851
vt 0.287254 1.862851
vt 0.288254 1.861851
vt 0.340486 1.862851
vt 0.341486 1.861851
vt 0.583950 1.862851
vt 0.584950 1.861851
vt 0.675799 1.862851
vt 0.676799 1.861851
vt 0.214352 0.748464
vt 0.215347 0.747568
vt 0.325922 1.840664
vt 0.323659 1.838681
vt 0.569386 1.840664
vt 0.567123 1.838681
vt -0.274078 1.840664
vt -0.276341 1.838681
vt 1.169387 1.840664
vt 1.167123 1.838681
vt -0.368876 1.840664
vt -0.366613 1.838681
vt -0.473567 1.840664
vt -0.475831 1.838681
vt 1.473567 1.840664
vt 1.475831 1.838681
vt 1.368876 1.840664
vt 1.366613 1.838681
vt 0.432877 1.838681
vt 0.430614 1.840664
vt 0.674078 1.840664
vt 0.676341 1.838681
vt -0.167123 1.838681
vt -0.169386 1.840664
vt 1.276341 1.838681
vt 1.274078 1.840664
vt 0.806477 1.525343
vt 0.836477 1.525343
vt 1.206477 1.525343
vt 1.236477 1.525343
vt 1.406477 1.525343
vt 1.436477 1.525343
vt 1.475433 1.708759
vt 1.477492 1.706701
vt 1.467520 1.708759
vt 1.465462 1.706701
vt 1.375433 1.708759
vt 1.377492 1.706701
vt 1.367520 1.708759
vt 1.365462 1.706701
vt 1.275433 1.708759
vt 1.277492 1.706701
vt 1.267520 1.708759
vt 1.265462 1.706701
vt 1.175433 1.708759
vt 1.177492 1.706701
vt 1.167520 1.708759
vt 1.165462 1.706701
vt 0.767521 1.696722
vt 0.765462 1.698781
vt 0.775434 1.696722
vt 0.777492 1.698781
vt 0.867521 1.696722
vt 0.865462 1.698781
vt 0.875434 1.696722
vt 0.877492 1.698781
vt 0.875434 1.708759
vt 0.877492 1.706701
vt 0.867521 1.708759
vt 0.865462 1.706701
vt 0.775434 1.708759
vt 0.777492 1.706701
vt 0.767521 1.708759
vt 0.765462 1.706701
vt 1.167520 1.696722
vt 1.165462 1.698781
vt 1.175433 1.696722
vt 1.177492 1.698781
vt 1.267520 1.696722
vt 1.265462 1.698781
vt 1.275433 1.696722
vt 1.277492 1.698781
vt 1.367520 1.696722
vt 1.365462 1.698781
vt 1.375433 1.696722
vt 1.377492 1.698781
vt 1.467520 1.696722
vt 1.465462 1.698781
vt 1.475433 1.696722
vt 1.477492 1.698781
vt -0.003021 1.784145
vt -0.004075 1.785199
vt 0.004987 1.792153
vt 0.003933 1.793207
vt -0.046886 1.793207
vt -0.047941 1.792153
vt -0.038879 1.785199
vt -0.039933 1.784145
vt 0.537430 0.601600
vt 0.536371 0.600540
vt 0.538668 0.598242
vt 0.539728 0.599302
vt 0.754286 0.598242
vt 0.753226 0.599302
vt 0.755524 0.601600
vt 0.756583 0.600540
vt 1.286371 0.600540
vt 1.287431 0.601599
vt 1.289728 0.599302
vt 1.288668 0.598242
vt 1.504286 0.598242
vt 1.503226 0.599302
vt 1.505523 0.601599
vt 1.506583 0.600540
vt 1.036371 0.600540
vt 1.037431 0.601600
vt 1.039728 0.599302
vt 1.038668 0.598242
vt 1.254286 0.598242
vt 1.253226 0.599302
vt 1.256583 0.600540
vt 1.255524 0.601600
vt 0.786371 0.600540
vt 0.787430 0.601600
vt 0.789728 0.599302
vt 0.788668 0.598242
vt 1.004286 0.598242
vt 1.003226 0.599302
vt 1.005524 0.601600
vt 1.006583 0.600540
vt 0.785648 0.748464
vt 0.784476 0.749552
vt 0.784653 0.747568
vt 0.032817 1.176396
vt 0.031817 1.177396
vt 0.055942 1.176396
vt 0.056942 1.177396
vt -0.075771 1.176396
vt -0.074771 1.177396
vt -0.098895 1.176396
vt -0.099895 1.177396
vt 0.031817 1.195681
vt 0.056942 1.195681
vt -0.074771 1.195681
vt -0.099895 1.195681
vt 0.393523 1.525343
vt 0.363523 1.525343
vt 0.193523 1.525343
vt 0.163523 1.525343
vt -0.206477 1.525343
vt -0.236477 1.525343
vt -0.406477 1.525343
vt -0.436477 1.525343
vt 0.432480 1.696722
vt 0.434538 1.698781
vt 0.424567 1.696722
vt 0.422508 1.698781
vt 0.332480 1.696722
vt 0.334538 1.698781
vt -0.475433 1.708759
vt -0.477492 1.706701
vt -0.467520 1.708759
vt -0.465462 1.706701
vt -0.375433 1.708759
vt -0.377492 1.706701
vt -0.367520 1.708759
vt -0.365462 1.706701
vt -0.275433 1.708759
vt -0.277492 1.706701
vt -0.267520 1.708759
vt -0.265462 1.706701
vt -0.175433 1.708759
vt -0.177492 1.706701
vt -0.167520 1.708759
vt -0.165462 1.706701
vt 0.324567 1.696722
vt 0.322508 1.698781
vt 0.232480 1.696722
vt 0.234538 1.698781
vt 0.224566 1.696722
vt 0.222508 1.698781
vt 0.132480 1.696722
vt 0.134538 1.698781
vt 0.124566 1.696722
vt 0.122508 1.698781
vt 0.124566 1.708759
vt 0.122508 1.706701
vt 0.132480 1.708759
vt 0.134538 1.706701
vt 0.224566 1.708759
vt 0.222508 1.706701
vt 0.232480 1.708759
vt 0.234538 1.706701
vt 0.324567 1.708759
vt 0.322508 1.706701
vt 0.332480 1.708759
vt 0.334538 1.706701
vt 0.424567 1.708759
vt 0.422508 1.706701
vt 0.432480 1.708759
vt 0.434538 1.706701
vt -0.167520 1.696723
vt -0.165462 1.698781
vt -0.175433 1.696723
vt -0.177492 1.698781
vt -0.267520 1.696723
vt -0.265462 1.698781
vt -0.275433 1.696723
vt -0.277492 1.698781
vt -0.367520 1.696723
vt -0.365462 1.698781
vt -0.375433 1.696723
vt -0.377492 1.698781
vt -0.467520 1.696723
vt -0.465462 1.698781
vt -0.475433 1.696723
vt -0.477492 1.698781
vt -0.342486 0.324201
vt -0.340486 0.322201
vt -0.414050 0.324201
vt -0.416050 0.322201
vt -0.416050 0.289254
vt -0.414050 0.287254
vt -0.340486 0.289254
vt -0.342486 0.287254
vt -0.142996 0.287254
vt -0.140996 0.289254
vt -0.214560 0.287254
vt -0.216560 0.289254
vt -0.214560 0.324201
vt -0.216560 0.322201
vt -0.140996 0.322201
vt -0.142996 0.324201
vt 0.257514 0.324201
vt 0.259514 0.322201
vt 0.185950 0.324201
vt 0.183950 0.322201
vt 0.183950 0.289254
vt 0.185950 0.287254
vt 0.259514 0.289254
vt 0.257514 0.287254
vt 0.457004 0.287254
vt 0.459004 0.289254
vt 0.385440 0.287254
vt 0.383440 0.289254
vt 0.385440 0.324201
vt 0.383440 0.322201
vt 0.459004 0.322201
vt 0.457004 0.324201
vt 0.506583 0.399460
vt 0.505524 0.398400
vt 0.503226 0.400698
vt 0.504286 0.401758
vt 0.288668 0.401758
vt 0.289728 0.400698
vt 0.286371 0.399460
vt 0.287430 0.398400
vt -0.244476 0.398401
vt -0.243417 0.399460
vt -0.245714 0.401758
vt -0.246774 0.400698
vt -0.461332 0.401758
vt -0.460272 0.400698
vt -0.463629 0.399460
vt -0.462569 0.398401
vt 0.005524 0.398401
vt 0.006583 0.399460
vt 0.004286 0.401758
vt 0.003226 0.400698
vt -0.211332 0.401758
vt -0.210272 0.400698
vt -0.212570 0.398400
vt -0.213629 0.399460
vt 0.255524 0.398400
vt 0.256583 0.399460
vt 0.254286 0.401758
vt 0.253226 0.400698
vt 0.038668 0.401758
vt 0.039728 0.400698
vt 0.036371 0.399460
vt 0.037430 0.398400
vt -0.425248 0.335342
vt -0.427264 0.333332
vt -0.329271 0.333332
vt -0.331287 0.335342
vt -0.131944 0.276113
vt -0.129941 0.278122
vt -0.227775 0.278123
vt -0.225759 0.276113
vt -0.427264 0.278123
vt -0.425248 0.276113
vt -0.129941 0.333333
vt -0.131944 0.335342
vt -0.225759 0.335342
vt -0.227775 0.333332
vt -0.329271 0.278123
vt -0.331287 0.276113
vt 0.174898 0.335342
vt 0.172895 0.333333
vt 0.270729 0.333332
vt 0.268712 0.335342
vt 0.468202 0.276113
vt 0.470218 0.278123
vt 0.372225 0.278123
vt 0.374241 0.276113
vt 0.172895 0.278122
vt 0.174898 0.276113
vt 0.470218 0.333332
vt 0.468202 0.335342
vt 0.374241 0.335342
vt 0.372225 0.333332
vt 0.270729 0.278123
vt 0.268712 0.276113
vt -0.416050 1.862851
vt -0.415050 1.861851
vt -0.341486 1.861851
vt -0.340486 1.862851
vt 1.140996 1.862851
vt 1.141996 1.861851
vt 0.287254 1.862851
vt 0.288254 1.861851
vt 1.416050 1.862851
vt 1.415050 1.861851
vt 0.675799 1.862851
vt 0.676799 1.861851
vt -0.216560 1.862851
vt -0.215560 1.861851
vt 1.340486 1.862851
vt 1.341486 1.861851
vt 0.183950 1.862851
vt 0.184950 1.861851
vt 0.675799 1.862851
vt 0.676799 1.861851
vt 0.540996 1.862851
vt 0.541996 1.861851
vt 0.287254 1.862851
vt 0.288254 1.861851
vt 0.287254 1.862851
vt 0.288254 1.861851
vt 0.675799 1.862851
vt 0.676799 1.861851
vt 0.383440 1.862851
vt 0.384440 1.861851
vt 0.740486 1.862851
vt 0.741486 1.861851
vt 0.785648 0.748464
vt 0.784476 0.749552
vt 0.783653 0.748568
vt 0.784653 0.747568
vt 0.633387 1.838681
vt 0.631124 1.840664
vt 0.473567 1.840664
vt 0.475831 1.838681
vt 1.233388 1.838681
vt 1.231124 1.840664
vt 0.725922 1.840664
vt 0.723659 1.838681
vt 1.325922 1.840664
vt 1.323659 1.838681
vt 1.432877 1.838681
vt 1.430614 1.840664
vt -0.430613 1.840664
vt -0.432877 1.838681
vt 0.274078 1.840664
vt 0.276341 1.838681
vt -0.325922 1.840664
vt -0.323659 1.838681
vt 0.526433 1.840664
vt 0.524169 1.838681
vt 0.368876 1.840664
vt 0.366613 1.838681
vt -0.231124 1.840664
vt -0.233387 1.838681
vt -0.163523 1.525343
vt -0.193523 1.525343
vt -0.363523 1.525343
vt -0.393523 1.525343
vt 0.375433 1.696722
vt 0.377492 1.698781
vt -0.432479 1.708759
vt -0.434538 1.706701
vt -0.424566 1.708759
vt -0.422508 1.706701
vt -0.332479 1.708759
vt -0.334538 1.706701
vt -0.324566 1.708759
vt -0.322508 1.706701
vt -0.232479 1.708759
vt -0.234538 1.706701
vt -0.224566 1.708759
vt -0.222508 1.706701
vt 0.367520 1.696722
vt 0.365462 1.698781
vt 0.275433 1.696722
vt 0.277492 1.698781
vt 0.267520 1.696722
vt 0.265462 1.698781
vt 0.267520 1.708759
vt 0.265462 1.706701
vt 0.275433 1.708759
vt 0.277492 1.706701
vt 0.367520 1.708759
vt 0.365462 1.706701
vt 0.375433 1.708759
vt 0.377492 1.706701
vt -0.224566 1.696722
vt -0.222508 1.698781
vt -0.232479 1.696722
vt -0.234538 1.698781
vt -0.324566 1.696722
vt -0.322508 1.698781
vt -0.332479 1.696722
vt -0.334538 1.698781
vt -0.424566 1.696722
vt -0.422508 1.698781
vt -0.432479 1.696722
vt -0.434538 1.698781
vt 0.960067 1.784145
vt 0.961121 1.785199
vt 0.953114 1.793207
vt 0.952060 1.792153
vt 1.003933 1.793207
vt 1.004987 1.792153
vt 0.995925 1.785199
vt 0.996979 1.784145
vt 0.505524 0.601600
vt 0.506583 0.600540
vt 0.504286 0.598242
vt 0.503226 0.599302
vt 0.288668 0.598242
vt 0.289728 0.599302
vt 0.287430 0.601600
vt 0.286371 0.600540
vt -0.243417 0.600540
vt -0.244476 0.601600
vt -0.246774 0.599302
vt -0.245714 0.598242
vt -0.461332 0.598242
vt -0.460272 0.599302
vt -0.462569 0.601600
vt -0.463629 0.600540
vt 0.006583 0.600540
vt 0.005524 0.601600
vt 0.003226 0.599302
vt 0.004286 0.598242
vt -0.210272 0.599302
vt -0.211332 0.598242
vt -0.213629 0.600540
vt -0.212570 0.601600
vt 0.256583 0.600540
vt 0.255524 0.601600
vt 0.253226 0.599302
vt 0.254286 0.598242
vt 0.038668 0.598242
vt 0.039728 0.599302
vt 0.037430 0.601600
vt 0.036371 0.600540
vt 0.215524 0.749552
vt 0.214352 0.748464
vt 0.215347 0.747568
vt 0.924229 1.176396
vt 0.925229 1.177396
vt 0.901105 1.176396
vt 0.900105 1.177396
vt 1.032817 1.176396
vt 1.031817 1.177396
vt 1.055942 1.176396
vt 1.056942 1.177396
vt 0.925229 1.195681
vt 0.900105 1.195681
vt 1.031817 1.195681
vt 1.056942 1.195681
vt 0.563523 1.525343
vt 0.593523 1.525343
vt 0.763523 1.525343
vt 0.793523 1.525343
vt 1.163523 1.525343
vt 1.193523 1.525343
vt 1.363523 1.525343
vt 1.393523 1.525343
vt 0.524567 1.696722
vt 0.522508 1.698781
vt 0.532480 1.696722
vt 0.534538 1.698781
vt 0.624567 1.696722
vt 0.622508 1.698781
vt 1.432480 1.708759
vt 1.434538 1.706701
vt 1.424567 1.708759
vt 1.422508 1.706701
vt 1.332479 1.708759
vt 1.334538 1.706701
vt 1.324566 1.708759
vt 1.322508 1.706701
vt 1.232480 1.708759
vt 1.234538 1.706701
vt 1.224566 1.708759
vt 1.222508 1.706701
vt 1.132480 1.708759
vt 1.134538 1.706701
vt 1.124567 1.708759
vt 1.122508 1.706701
vt 0.632480 1.696722
vt 0.634538 1.698781
vt 0.724567 1.696722
vt 0.722508 1.698781
vt 0.732480 1.696722
vt 0.734538 1.698781
vt 0.824567 1.696722
vt 0.822508 1.698781
vt 0.832480 1.696722
vt 0.834538 1.698781
vt 0.832480 1.708759
vt 0.834538 1.706701
vt 0.824567 1.708759
vt 0.822508 1.706701
vt 0.732480 1.708759
vt 0.734538 1.706701
vt 0.724567 1.708759
vt 0.722508 1.706701
vt 0.632480 1.708759
vt 0.634538 1.706701
vt 0.624567 1.708759
vt 0.622508 1.706701
vt 0.532480 1.708759
vt 0.534538 1.706701
vt 0.524567 1.708759
vt 0.522508 1.706701
vt 1.124567 1.696722
vt 1.122508 1.698781
vt 1.132480 1.696722
vt 1.134538 1.698781
vt 1.224566 1.696722
vt 1.222508 1.698781
vt 1.232480 1.696722
vt 1.234538 1.698781
vt 1.324566 1.696722
vt 1.322508 1.698781
vt 1.332479 1.696722
vt 1.334538 1.698781
vt 1.424567 1.696722
vt 1.422508 1.698781
vt 1.432480 1.696722
vt 1.434538 1.698781
vt 1.006477 1.525343
vt 1.036477 1.525343
vt 0.967521 1.696722
vt 0.965462 1.698781
vt 0.975434 1.696722
vt 0.977492 1.698781
vt 1.067521 1.696722
vt 1.065462 1.698781
vt 1.075434 1.696722
vt 1.077492 1.698781
vt 1.075434 1.708759
vt 1.077492 1.706701
vt 1.067521 1.708759
vt 1.065462 1.706701
vt 0.975434 1.708759
vt 0.977492 1.706701
vt 0.967521 1.708759
vt 0.965462 1.706701
vt 0.986460 0.287254
vt 0.984460 0.289254
vt 1.058025 0.287254
vt 1.060025 0.289254
vt 1.058025 0.324201
vt 1.060025 0.322201
vt 0.984460 0.322201
vt 0.986460 0.324201
vt 0.973246 0.278123
vt 0.975262 0.276113
vt 1.069223 0.276113
vt 1.071239 0.278123
vt 0.975262 0.335342
vt 0.973246 0.333332
vt 1.071239 0.333332
vt 1.069223 0.335342
vt 0.287254 1.862851
vt 0.288254 1.861851
vt -0.060024 1.862851
vt -0.059024 1.861851
vt 0.984460 1.862851
vt 0.985461 1.861851
vt 0.675799 1.862851
vt 0.676799 1.861851
vt -0.074588 1.840664
vt -0.076852 1.838681
vt 0.969897 1.840664
vt 0.967633 1.838681
vt 0.032367 1.838681
vt 0.030103 1.840664
vt 1.074588 1.840664
vt 1.076852 1.838681
vt 0.667521 1.696722
vt 0.665462 1.698781
vt 0.675434 1.696722
vt 0.677492 1.698781
vt 0.675434 1.708759
vt 0.677492 1.706701
vt 0.667521 1.708759
vt 0.665462 1.706701
vt 0.783950 0.289254
vt 0.785950 0.287254
vt 0.857514 0.324201
vt 0.859514 0.322201
vt 0.783950 0.322201
vt 0.785950 0.324201
vt 0.772736 0.278123
vt 0.774752 0.276113
vt 0.772736 0.333332
vt 0.774752 0.335342
vt 0.868465 0.330324
vt 0.870729 0.333332
vt 0.868712 0.335342
vt 0.288254 1.861851
vt 0.287254 1.862851
vt 0.783950 1.862851
vt 0.784950 1.861851
vt 0.675799 1.862851
vt 0.676799 1.861851
vt 0.125922 1.840664
vt 0.123659 1.838681
vt 0.769386 1.840664
vt 0.767123 1.838681
vt 0.232877 1.838681
vt 0.230614 1.840664
vt 0.876341 1.838681
vt 0.874078 1.840664
vt 0.338608 1.806806
vt 0.511059 1.816274
vt 0.324715 1.816274
vt 0.349342 1.815517
vt 0.472598 1.815517
vt 1.475192 1.645540
vt 1.478523 1.645540
vt 0.819978 1.867297
vt 0.818549 1.867851
vt 0.819799 1.865860
vt 0.859514 0.306522
vt 0.860217 0.306233
vt 0.860514 0.308967
vt 0.848179 0.288254
vt 0.841430 0.287254
vt 0.315106 1.867851
vt 0.313604 1.867334
vt 0.276463 1.848411
vt 0.275438 1.849160
vt 0.274404 1.847884
vt 0.827228 0.287254
vt 0.858514 0.298448
vt 0.859514 0.301870
vt 0.136624 0.611949
vt 0.132625 0.607949
vt 0.864972 0.793922
vt 0.862987 0.791937
vt 0.867122 0.607701
vt 0.862987 0.611838
vt 0.121477 0.774583
vt 0.117477 0.778583
vt 0.121477 0.627040
vt 0.117477 0.623040
vt 0.971141 1.776062
vt 0.969141 1.774061
vt 0.946810 1.796392
vt 0.948810 1.798393
vt 0.055190 0.778583
vt 0.053190 0.776583
vt -0.093671 1.170461
vt -0.091821 1.167700
vt -0.089087 1.167698
vt 0.909225 1.131143
vt 0.911452 1.133121
vt 0.916108 1.131143
vt 0.913881 1.133121
vt 0.916108 0.760490
vt 0.878523 0.791036
vt 0.882523 0.795052
vt 0.909225 0.760490
vt 1.078523 0.627040
vt 1.074523 0.623040
vt 1.047821 0.760490
vt 1.078599 0.795088
vt 1.074523 0.795052
vt 1.078523 0.791036
vt 1.040938 0.760490
vt 1.040938 1.131143
vt 1.043165 1.133121
vt 1.045594 1.133121
vt 1.047821 1.131143
vt -0.010236 0.776583
vt -0.012236 0.778583
vt 1.008236 1.798393
vt 1.010236 1.796392
vt 0.985905 1.776062
vt 0.987905 1.774061
vt -0.074523 0.623040
vt -0.078523 0.627040
vt -0.078523 0.774583
vt -0.074523 0.778583
vt 1.089924 0.607701
vt 1.094059 0.611838
vt 1.094059 0.789785
vt 1.089924 0.793922
vt -0.093671 0.611949
vt -0.089671 0.607949
vt 0.863376 1.170461
vt 0.865225 1.167700
vt 0.868258 1.167625
vt 0.136624 0.804419
vt 0.132624 0.808419
vt 0.878523 0.627040
vt 0.882523 0.623040
vt 0.136624 1.170461
vt 0.132041 1.167698
vt 0.134775 1.167700
vt 0.946810 1.796392
vt 0.948810 1.798393
vt 0.946810 1.178396
vt 0.948810 1.176396
vt 1.008236 1.176396
vt 1.010236 1.178396
vt 1.010236 1.796392
vt 1.008236 1.798393
vt 0.256262 1.774061
vt 0.254262 1.776062
vt 0.969141 1.178396
vt 0.971141 1.176396
vt 0.985905 1.176396
vt 0.987905 1.178396
vt 0.743738 1.774061
vt 0.745738 1.776062
vt 0.032859 0.764239
vt 0.030859 0.762239
vt 0.010095 0.764239
vt 0.012095 0.762239
vt -0.342486 0.675799
vt -0.340486 0.677799
vt -0.414050 0.675799
vt -0.416050 0.677799
vt -0.416050 0.710746
vt -0.414050 0.712746
vt -0.340486 0.710746
vt -0.342486 0.712746
vt -0.142996 0.712746
vt -0.140996 0.710746
vt -0.214560 0.712746
vt -0.216560 0.710746
vt -0.214560 0.675799
vt -0.216560 0.677799
vt -0.140996 0.677799
vt -0.142996 0.675799
vt 0.257514 0.675799
vt 0.259514 0.677799
vt 0.185950 0.675799
vt 0.183950 0.677799
vt 0.183950 0.710746
vt 0.185950 0.712746
vt 0.259514 0.710746
vt 0.257514 0.712746
vt 0.459004 0.710746
vt 0.457004 0.712746
vt 0.385440 0.675799
vt 0.383440 0.677799
vt 0.459004 0.677799
vt 0.457004 0.675799
vt 0.856126 0.604944
vt 0.860261 0.600807
vt 1.096785 0.800816
vt 1.100921 0.796679
vt 1.100921 0.604944
vt 1.096785 0.600807
vt 0.101631 0.640716
vt 0.099631 0.638716
vt 0.101631 0.760908
vt 0.099631 0.762908
vt -0.056677 0.762908
vt -0.058677 0.760908
vt -0.058677 0.640716
vt -0.056677 0.638716
vt 0.112597 0.630281
vt 0.110597 0.628281
vt 0.112597 0.771343
vt 0.110597 0.773342
vt -0.067643 0.773342
vt -0.069643 0.771343
vt -0.069643 0.630281
vt -0.067643 0.628281
vt 0.898369 1.896572
vt 0.900369 1.894572
vt 0.237093 1.896572
vt 0.239093 1.894572
vt -0.058677 1.896572
vt -0.056677 1.894572
vt 1.058677 1.896572
vt 1.056677 1.894572
vt -0.425248 0.664658
vt -0.427264 0.666668
vt -0.331287 0.664658
vt -0.329271 0.666668
vt -0.131798 0.723887
vt -0.129782 0.721877
vt -0.225759 0.723887
vt -0.227775 0.721877
vt -0.425248 0.723887
vt -0.427264 0.721877
vt -0.129782 0.666668
vt -0.131798 0.664658
vt -0.227775 0.666668
vt -0.225759 0.664658
vt -0.329271 0.721877
vt -0.331287 0.723887
vt 0.174752 0.664658
vt 0.172735 0.666668
vt 0.268712 0.664658
vt 0.270729 0.666668
vt 0.470218 0.721877
vt 0.468202 0.723887
vt 0.174752 0.723887
vt 0.172735 0.721877
vt 0.470218 0.666668
vt 0.468202 0.664658
vt 0.374489 0.669676
vt 0.372225 0.666668
vt 0.374241 0.664658
vt 0.270729 0.721877
vt 0.268712 0.723887
vt 1.415050 1.861851
vt 1.416050 1.862851
vt 1.340486 1.862851
vt 1.341486 1.861851
vt 0.287254 1.862851
vt 0.288254 1.861851
vt -0.216560 1.862851
vt -0.215560 1.861851
vt -0.416050 1.862851
vt -0.415050 1.861851
vt 1.140996 1.862851
vt 1.141996 1.861851
vt 0.675799 1.862851
vt 0.676799 1.861851
vt -0.340486 1.862851
vt -0.341486 1.861851
vt 0.675799 1.862851
vt 0.676799 1.861851
vt 0.740486 1.862851
vt 0.741486 1.861851
vt 0.288254 1.861851
vt 0.287254 1.862851
vt 0.183950 1.862851
vt 0.184950 1.861851
vt 0.540996 1.862851
vt 0.541996 1.861851
vt 0.675799 1.862851
vt 0.676799 1.861851
vt 0.287254 1.862851
vt 0.288254 1.861851
vt 0.368876 1.840664
vt 0.366613 1.838681
vt 0.526433 1.840664
vt 0.524169 1.838681
vt -0.231124 1.840664
vt -0.233387 1.838681
vt 1.126433 1.840664
vt 1.124169 1.838681
vt 0.274078 1.840664
vt 0.276341 1.838681
vt -0.325922 1.840664
vt -0.323659 1.838681
vt 0.169386 1.840664
vt 0.167123 1.838681
vt -0.430613 1.840664
vt -0.432877 1.838681
vt 0.830614 1.840664
vt 0.832877 1.838681
vt 1.430614 1.840664
vt 1.432877 1.838681
vt 0.725922 1.840664
vt 0.723659 1.838681
vt 1.325922 1.840664
vt 1.323659 1.838681
vt 0.475831 1.838681
vt 0.473567 1.840664
vt 0.631124 1.840664
vt 0.633387 1.838681
vt -0.124169 1.838681
vt -0.126433 1.840664
vt 1.233388 1.838681
vt 1.231124 1.840664
vt 0.878523 0.774583
vt 0.882523 0.778583
vt 0.874443 0.786689
vt 0.870404 0.782652
vt 0.870828 1.872504
vt 0.871931 1.871240
vt 0.874706 1.871240
vt 0.874443 0.614934
vt 0.870404 0.618971
vt 0.882523 0.623040
vt 0.878523 0.627040
vt 0.125294 1.871240
vt 0.128069 1.871240
vt 0.129172 1.872504
vt 1.086643 0.618971
vt 1.082603 0.614934
vt 1.078523 0.627040
vt 1.074523 0.623040
vt -0.086218 1.872504
vt -0.085115 1.871240
vt -0.082341 1.871240
vt 1.082603 0.786689
vt 1.086643 0.782652
vt 1.074523 0.778583
vt 1.078523 0.774583
vt 1.082341 1.871239
vt 1.085116 1.871240
vt 1.086218 1.872504
vt 0.113597 0.630073
vt 0.112597 0.630281
vt 0.110597 0.628281
vt 0.113597 1.913125
vt 0.109528 1.913125
vt 0.112597 1.912125
vt -0.069643 0.771343
vt -0.067643 0.773342
vt -0.067643 0.628281
vt -0.069643 0.630281
vt 0.847663 0.596342
vt 0.851663 0.592342
vt 1.109383 0.805281
vt 1.105383 0.809281
vt 1.105383 0.592342
vt 1.109383 0.596342
vt -0.105295 1.913125
vt -0.108383 1.913125
vt -0.109383 1.912125
vt 0.152337 1.912125
vt 0.151337 1.913125
vt 0.148249 1.913125
vt 1.109383 1.912125
vt 1.108383 1.913125
vt 1.105296 1.913125
vt 0.906330 0.611949
vt 0.910329 0.607949
vt 0.089924 0.793922
vt 0.094059 0.789786
vt 0.089924 0.607701
vt 0.094059 0.611838
vt 0.921477 0.774583
vt 0.925477 0.778583
vt 0.921477 0.627040
vt 0.925477 0.623040
vt -0.014095 1.776062
vt -0.012095 1.774061
vt 0.010236 1.796392
vt 0.008236 1.798393
vt 0.987764 0.778583
vt 0.989764 0.776583
vt 1.134775 1.167700
vt 1.136625 1.170461
vt 1.132041 1.167698
vt 0.047821 1.131143
vt 0.045594 1.133121
vt 0.040938 1.131143
vt 0.043165 1.133121
vt 0.040938 0.760490
vt 0.078523 0.791036
vt 0.074523 0.795052
vt 0.047821 0.760490
vt -0.121477 0.627040
vt -0.117477 0.623040
vt 1.136624 0.804419
vt 1.132624 0.808419
vt -0.136624 1.170461
vt -0.134775 1.167700
vt -0.131742 1.167625
vt -0.090775 0.760490
vt -0.121477 0.791036
vt -0.117477 0.795052
vt -0.083892 0.760490
vt -0.083892 1.131143
vt -0.086119 1.133121
vt -0.088548 1.133121
vt -0.090775 1.131143
vt 1.053190 0.776583
vt 1.055190 0.778583
vt -0.053190 1.796392
vt -0.051190 1.798393
vt -0.028859 1.776062
vt -0.030859 1.774061
vt 1.121477 0.627040
vt 1.117477 0.623040
vt 1.121477 0.774583
vt 1.117477 0.778583
vt -0.137013 0.611838
vt -0.132878 0.607701
vt -0.132878 0.793922
vt -0.137013 0.789786
vt 1.132625 0.607949
vt 1.136625 0.611949
vt 0.093671 1.170461
vt 0.088788 1.167625
vt 0.091821 1.167700
vt 0.906329 0.804419
vt 0.910329 0.808419
vt 0.078523 0.627040
vt 0.074523 0.623040
vt 0.906330 1.170461
vt 0.908179 1.167700
vt 0.910913 1.167698
vt 0.010236 1.796392
vt 0.008236 1.798393
vt 0.010236 1.178396
vt 0.008236 1.176396
vt -0.053190 1.178396
vt -0.051190 1.176396
vt -0.051190 1.798393
vt -0.053190 1.796392
vt 0.743738 1.774061
vt 0.745738 1.776062
vt -0.014095 1.176396
vt -0.012095 1.178396
vt -0.030859 1.178396
vt -0.028859 1.176396
vt 0.256262 1.774061
vt 0.254262 1.776062
vt 1.010095 0.764239
vt 1.012095 0.762239
vt 1.032859 0.764239
vt 1.030859 0.762239
vt 1.385440 0.675799
vt 1.383440 0.677799
vt 1.457004 0.675799
vt 1.459004 0.677799
vt 1.459004 0.710746
vt 1.457004 0.712746
vt 1.383440 0.710746
vt 1.385440 0.712746
vt 1.183950 0.710746
vt 1.185950 0.712746
vt 1.257514 0.675799
vt 1.259514 0.677799
vt 1.183950 0.677799
vt 1.185950 0.675799
vt 0.785440 0.675799
vt 0.783440 0.677799
vt 0.857004 0.675799
vt 0.859004 0.677799
vt 0.859004 0.710746
vt 0.857004 0.712746
vt 0.783440 0.710746
vt 0.785440 0.712746
vt 0.585950 0.712746
vt 0.583950 0.710746
vt 0.657514 0.712746
vt 0.659514 0.710746
vt 0.657514 0.675799
vt 0.659514 0.677799
vt 0.583950 0.677799
vt 0.585950 0.675799
vt 0.100920 0.604944
vt 0.096785 0.600807
vt 0.096785 0.800816
vt 0.100920 0.796679
vt -0.143874 0.796679
vt -0.139739 0.800816
vt -0.139739 0.600807
vt -0.143874 0.604944
vt 0.941323 0.640716
vt 0.943323 0.638716
vt 0.941323 0.760908
vt 0.943323 0.762908
vt 1.099631 0.762908
vt 1.101631 0.760908
vt 1.101631 0.640716
vt 1.099631 0.638716
vt 0.930357 0.630281
vt 0.932357 0.628281
vt 0.930357 0.771343
vt 0.932357 0.773343
vt 1.110597 0.773343
vt 1.112597 0.771343
vt 1.112597 0.630281
vt 1.110597 0.628281
vt 0.058677 1.896572
vt 0.056677 1.894572
vt 0.941323 1.896572
vt 0.943323 1.894572
vt 0.237092 1.896572
vt 0.239092 1.894572
vt -0.101631 1.896572
vt -0.099631 1.894572
vt 1.468202 0.664658
vt 1.470218 0.666668
vt 1.372225 0.666668
vt 1.374241 0.664658
vt 1.172736 0.721877
vt 1.174752 0.723887
vt 1.470218 0.721877
vt 1.468202 0.723887
vt 1.172736 0.666668
vt 1.174752 0.664658
vt 1.268713 0.664658
vt 1.270729 0.666668
vt 1.372225 0.721877
vt 1.374241 0.723887
vt 0.868202 0.664658
vt 0.870219 0.666668
vt 0.772225 0.666668
vt 0.774241 0.664658
vt 0.574752 0.723887
vt 0.572735 0.721877
vt 0.670729 0.721877
vt 0.668712 0.723887
vt 0.870219 0.721877
vt 0.868202 0.723887
vt 0.572735 0.666668
vt 0.574752 0.664658
vt 0.668712 0.664658
vt 0.670729 0.666668
vt 0.772225 0.721877
vt 0.774241 0.723887
vt -0.459004 1.862851
vt -0.458004 1.861851
vt -0.384440 1.861851
vt -0.383440 1.862851
vt 1.184950 1.861851
vt 1.183950 1.862851
vt 1.459004 1.862851
vt 1.458004 1.861851
vt 0.675799 1.862851
vt 0.676799 1.861851
vt -0.259514 1.862851
vt -0.258514 1.861851
vt 1.383440 1.862851
vt 1.384440 1.861851
vt 0.140996 1.862851
vt 0.141996 1.861851
vt 0.675799 1.862851
vt 0.676799 1.861851
vt 0.583950 1.862851
vt 0.584950 1.861851
vt 0.287254 1.862851
vt 0.288254 1.861851
vt 0.287254 1.862851
vt 0.288254 1.861851
vt 0.675799 1.862851
vt 0.676799 1.861851
vt 0.340486 1.862851
vt 0.341486 1.861851
vt 0.783440 1.862851
vt 0.784440 1.861851
vt 0.676341 1.838681
vt 0.674078 1.840664
vt 0.430614 1.840664
vt 0.432877 1.838681
vt 1.276341 1.838681
vt 1.274078 1.840664
vt -0.167123 1.838681
vt -0.169386 1.840664
vt 0.768876 1.840664
vt 0.766613 1.838681
vt 1.368876 1.840664
vt 1.366613 1.838681
vt 0.875831 1.838681
vt 0.873568 1.840664
vt 1.475831 1.838681
vt 1.473567 1.840664
vt 0.126433 1.840664
vt 0.124169 1.838681
vt -0.473567 1.840664
vt -0.475831 1.838681
vt 0.231124 1.840664
vt 0.233387 1.838681
vt -0.368876 1.840664
vt -0.366612 1.838681
vt 0.569386 1.840664
vt 0.567123 1.838681
vt 0.325922 1.840664
vt 0.323659 1.838681
vt 1.169387 1.840664
vt 1.167123 1.838681
vt -0.274201 1.840676
vt -0.276341 1.838681
vt 0.074523 0.778583
vt 0.078523 0.774583
vt 0.082603 0.786689
vt 0.086642 0.782652
vt 0.082341 1.871240
vt 0.085115 1.871240
vt 0.086218 1.872504
vt 0.086642 0.618971
vt 0.082603 0.614934
vt 0.078523 0.627040
vt 0.074523 0.623040
vt 0.913782 1.872504
vt 0.914885 1.871240
vt 0.917660 1.871240
vt -0.125557 0.614934
vt -0.129596 0.618971
vt -0.117477 0.623040
vt -0.121477 0.627040
vt 1.129172 1.872504
vt 1.125294 1.871240
vt 1.128069 1.871240
vt -0.125557 0.786689
vt -0.129596 0.782652
vt -0.121477 0.774583
vt -0.117477 0.778583
vt -0.125294 1.871240
vt -0.129172 1.872504
vt -0.128069 1.871240
vt 0.932357 0.628281
vt 0.930357 0.630281
vt 0.930357 0.771343
vt 0.932357 0.773343
vt 1.110597 0.773343
vt 1.112597 0.771343
vt 1.112597 0.630281
vt 1.110597 0.628281
vt 0.105383 0.592342
vt 0.109383 0.596342
vt 0.109383 0.805281
vt 0.105383 0.809281
vt -0.148337 0.809281
vt -0.152337 0.805281
vt -0.152337 0.596342
vt -0.148337 0.592342
vt 1.152337 1.912125
vt 1.151337 1.913125
vt 1.148249 1.913125
vt 0.894705 1.913125
vt 0.891617 1.913125
vt 0.890617 1.912125
vt 0.109383 1.912125
vt 0.108383 1.913125
vt 0.105296 1.913125
vt -0.152337 1.912125
vt -0.148249 1.913125
vt -0.151337 1.913125
vt -0.121477 1.589762
vt -0.120350 1.578727
vt -0.117477 1.581854
vt -0.121477 1.409189
vt -0.117477 1.414559
vt -0.120407 1.415549
vt -0.112440 1.470416
vt -0.112138 1.478617
vt 0.074523 1.572707
vt 0.078523 1.565359
vt 0.077353 1.577130
vt 0.077156 1.743238
vt 0.078523 1.746464
vt 0.240714 1.707091
vt 0.067193 1.708442
vt 0.068092 1.716503
vt 0.882523 1.519320
vt 0.879893 1.523704
vt 0.878523 1.518440
vt 0.763258 1.578216
vt 0.889064 1.576078
vt 0.889265 1.580057
vt 0.878523 1.669796
vt 0.879598 1.665284
vt 0.882523 1.665994
vt 0.895755 1.615150
vt 0.896114 1.617934
vt 0.887670 1.628470
vt 0.889518 1.624915
vt 0.890994 1.627359
vt 0.759556 1.628785
vt 0.748195 1.615197
vt 0.890512 1.608331
vt 0.888872 1.610355
vt 0.887273 1.606968
vt 0.765201 1.605390
vt 0.766803 1.608087
vt 0.221417 1.469354
vt 0.222454 1.457109
vt 0.225417 1.242630
vt 0.222478 1.243272
vt 0.221417 1.238368
vt 0.232867 1.296217
vt 0.233366 1.304163
vt 0.040938 1.023248
vt 0.038174 1.047169
vt 0.040938 1.047754
vt 0.078523 0.925386
vt 0.077270 0.933655
vt 0.196506 1.067376
vt 0.197655 1.064412
vt 0.200447 1.066542
vt 0.047821 1.018572
vt 0.050585 1.049234
vt 0.047821 1.048939
vt 0.879474 0.806771
vt 0.878523 0.802625
vt 0.882523 0.906623
vt 0.878523 0.916454
vt 0.879384 0.909130
vt 0.802419 0.835860
vt 0.886073 0.833345
vt 0.889903 0.837129
vt 0.886607 0.841117
vt 0.577024 1.867297
vt 0.575595 1.867851
vt 0.576845 1.865860
vt 0.383440 0.693478
vt 0.382737 0.693767
vt 0.382440 0.691033
vt 0.394775 0.711746
vt 0.401524 0.712746
vt 0.315106 1.867851
vt 0.313604 1.867334
vt 0.276463 1.848411
vt 0.275439 1.849160
vt 0.274404 1.847884
vt 0.680015 1.867851
vt 0.681453 1.867311
vt 1.232848 0.712746
vt 0.415726 0.712746
vt 0.384440 0.701552
vt 0.383440 0.698130
vt 0.724713 1.857789
vt 0.723618 1.858952
vt 0.722701 1.857849
vt -0.195246 1.867851
vt -0.197058 1.867365
vt -0.197160 1.865860
vt 1.259514 0.695005
vt 1.258514 0.698592
vt 1.215098 0.712746
vt 1.259514 0.687340
vt -0.062861 0.808419
vt -0.066173 0.807916
vt -0.092712 0.795629
vt -0.093671 0.792249
vt 0.213044 1.167700
vt 0.211707 1.168785
vt 1.060154 1.167625
vt 0.866831 0.809281
vt 0.865524 0.808297
vt 0.774321 1.905578
vt 0.800816 1.903649
vt 0.803344 1.905578
vt 0.138418 0.783840
vt 0.136974 0.784463
vt 0.758686 1.913125
vt 0.867329 1.913125
vt 0.866196 1.912132
vt 0.860689 1.894176
vt 0.859285 1.894330
vt 0.859029 1.892980
vt 0.848295 0.766413
vt 0.847663 0.762896
vt 0.441480 1.806806
vt 0.324716 1.826497
vt 0.507380 1.826497
vt 0.372349 1.805826
vt 0.401384 1.805826
vt 1.036477 1.612220
vt 1.037212 1.615999
vt 0.301640 1.620654
vt 0.302599 1.622969
vt 1.270729 1.865869
vt -0.372225 1.865869
vt 1.470218 1.865869
vt -0.270729 1.865869
vt 0.670729 1.865869
vt 0.329271 1.865869
vt -0.506583 1.727252
vt -0.505434 1.724189
vt 0.462481 1.724189
vt 0.463630 1.727252
vt 0.243417 1.727252
vt 0.244566 1.724189
vt 1.288668 1.727252
vt 1.287519 1.724189
vt 0.400698 1.727252
vt 0.399549 1.724189
vt 1.038668 1.727252
vt 1.037519 1.724189
vt 0.600451 1.724189
vt 0.601600 1.727252
vt 0.600451 1.724189
vt 0.599302 1.727252
vt 1.457175 1.867851
vt 1.385268 1.867851
vt -0.185778 1.867851
vt -0.257686 1.867851
vt 1.257686 1.867851
vt 1.185779 1.867851
vt -0.385268 1.867851
vt -0.457175 1.867851
vt 0.414222 1.867851
vt 0.342314 1.867851
vt 0.322373 1.867851
vt 0.289082 1.867851
vt 0.657686 1.867851
vt 0.585778 1.867851
vt 0.710918 1.867851
vt 0.677627 1.867851
vt -0.184950 1.861851
vt 1.459004 0.289254
vt 1.459004 0.322201
vt 1.183950 0.322201
vt 1.183950 0.289254
vt 1.258514 1.861851
vt 1.383440 0.322201
vt 1.383440 0.289254
vt 1.259514 0.289254
vt 1.259514 0.322201
vt 0.415050 1.861851
vt 0.323201 1.861851
vt 0.658514 1.861851
vt 0.711746 1.861851
vt 1.383440 1.866851
vt 1.459004 1.866851
vt -0.259514 1.866851
vt 0.287254 1.866851
vt 0.340486 1.866851
vt 0.287254 1.866851
vt -0.459004 1.866851
vt 1.183950 1.866851
vt 0.583950 1.866851
vt 0.675799 1.866851
vt 0.675799 1.866851
vt -0.383440 1.866851
vt 0.572735 1.865869
vt 1.172736 1.865869
vt -0.470218 1.865869
vt 1.372225 1.865869
vt 0.427265 1.865869
vt -0.172735 1.865869
vt 1.274078 0.335729
vt 1.274078 0.275726
vt 1.473567 0.335729
vt 1.473567 0.275726
vt 0.674078 0.335729
vt 0.674078 0.275726
vt 1.169387 0.275726
vt 1.169387 0.335729
vt 1.368876 0.275726
vt 1.368876 0.335729
vt 0.569386 0.275726
vt 0.569386 0.335729
vt 1.370366 0.338116
vt 1.272588 0.338116
vt 1.272588 0.273339
vt 1.370366 0.273339
vt 1.071239 1.865869
vt 1.521477 0.338116
vt 1.472078 0.338116
vt 1.472078 0.273339
vt 1.521477 0.273339
vt 0.771477 0.383328
vt 1.021477 0.383328
vt 1.271477 0.383328
vt 1.521477 0.383328
vt 0.521477 0.383328
vt 1.505435 1.724189
vt 1.504286 1.727252
vt 0.538668 1.727252
vt 0.537519 1.724189
vt 0.400698 1.727252
vt 0.399549 1.724189
vt -0.287519 1.724189
vt -0.286370 1.727252
vt 0.600451 1.724189
vt 0.601600 1.727252
vt -0.037519 1.724189
vt -0.036370 1.727252
vt 1.005435 1.724189
vt 1.004286 1.727252
vt 0.398400 1.727252
vt 0.399549 1.724189
vt 0.321179 1.584250
vt 0.329128 1.646540
vt 0.321179 1.584250
vt 0.329127 1.646540
vt 0.678821 1.584249
vt 0.707464 1.514050
vt 0.292536 1.514050
vt 0.670872 1.646540
vt 0.678821 1.584250
vt 0.670872 1.646540
vt 0.321179 1.584250
vt 0.329127 1.646540
vt 0.670872 1.646540
vt 0.678821 1.584249
vt 0.707464 1.514050
vt 0.707464 1.514050
vt 0.292536 1.514050
vt 0.292536 1.514050
vt 0.303993 1.646540
vt 0.291961 1.514190
vt 0.708039 1.514190
vt 0.696007 1.646540
vt 0.303993 1.646540
vt 0.291961 1.514190
vt 0.708039 1.514190
vt 0.696007 1.646540
vt 0.303993 1.646540
vt 0.291961 1.514190
vt 0.708039 1.514190
vt 0.696007 1.646540
vt 0.705017 1.525343
vt 0.678821 1.584250
vt 0.707464 1.514050
vt 0.321179 1.584250
vt 0.329128 1.646540
vt 0.733011 1.708759
vt 0.717123 1.712748
vt 0.282877 1.712748
vt 0.266989 1.708759
vt 0.266989 1.696722
vt 0.282877 1.692734
vt 0.717123 1.692734
vt 0.733011 1.696722
vt 0.282877 1.712748
vt 0.266989 1.708759
vt 0.266989 1.696722
vt 0.282877 1.692734
vt 0.717123 1.692734
vt 0.733011 1.696722
vt 0.733011 1.708759
vt 0.717123 1.712748
vt -0.465462 0.266989
vt -0.461476 0.282877
vt 0.733011 1.708759
vt 0.717123 1.712748
vt 0.282877 1.712748
vt 0.266989 1.708759
vt 0.266989 1.696723
vt 0.282877 1.692734
vt 1.477492 0.266989
vt 1.481478 0.282877
vt 0.717123 1.692734
vt 0.733011 1.696722
vt 0.733011 1.708759
vt 0.717123 1.712748
vt 0.733011 1.708759
vt 0.717123 1.712748
vt 1.377492 0.266989
vt 1.381478 0.282877
vt 0.266989 1.696722
vt 0.282877 1.692734
vt 0.717123 1.692734
vt 0.733011 1.696722
vt 0.733011 1.708759
vt 0.717123 1.712748
vt 0.282877 1.712748
vt 0.266989 1.708759
vt 0.266989 1.696723
vt 0.282877 1.692734
vt -0.365462 0.266989
vt -0.361476 0.282877
vt 0.266989 1.696723
vt 0.282877 1.692734
vt -0.003021 1.176396
vt 0.004987 1.176396
vt 0.995013 0.773256
vt 0.991828 0.764239
vt -0.005873 0.764239
vt -0.003021 0.772313
vt -0.039933 0.772313
vt -0.037081 0.764239
vt 1.051126 0.764239
vt 1.047941 0.773256
vt -0.047941 1.176396
vt -0.039933 1.176396
vt 1.505435 1.724189
vt 1.506583 1.727252
vt 0.536371 1.727252
vt 0.537519 1.724189
vt 0.755435 1.724189
vt 0.756583 1.727252
vt 0.400698 1.727252
vt 0.399549 1.724189
vt -0.254286 1.727252
vt -0.255434 1.724189
vt 0.400698 1.727252
vt 0.399549 1.724189
vt 1.005435 1.724189
vt 1.006583 1.727252
vt 0.400698 1.727252
vt 0.399549 1.724189
vt 1.021477 0.616672
vt 0.771477 0.616672
vt 1.271477 0.616672
vt 1.521477 0.616672
vt 0.521477 0.616672
vt -0.504285 1.727252
vt -0.505434 1.724189
vt 0.462481 1.724189
vt 0.461332 1.727252
vt 0.245715 1.727252
vt 0.244566 1.724189
vt 0.600451 1.724189
vt 0.601599 1.727252
vt 1.255435 1.724189
vt 1.256583 1.727252
vt 0.600451 1.724189
vt 0.601599 1.727252
vt -0.004286 1.727252
vt -0.005434 1.724189
vt 0.786371 1.727252
vt 0.787520 1.724189
vt 0.670872 1.646540
vt 0.678821 1.584250
vt 0.202665 1.176396
vt 0.221417 1.176396
vt 0.221417 1.245218
vt 0.202036 1.196802
vt 0.797964 1.196803
vt 0.778583 1.245218
vt 0.778583 1.176396
vt 0.797335 1.176396
vt 0.202665 1.176396
vt 0.221417 1.176396
vt 0.221417 1.245218
vt 0.202036 1.196802
vt 0.797964 1.196803
vt 0.778583 1.245218
vt 0.778583 1.176396
vt 0.797335 1.176396
vt 0.670872 1.646540
vt 0.678821 1.584250
vt 0.292536 1.514050
vt 0.321179 1.584249
vt 0.678821 1.584250
vt 0.707464 1.514050
vt 0.707464 1.514050
vt 0.321179 1.584250
vt 0.329128 1.646540
vt 0.670872 1.646540
vt 0.321179 1.584250
vt 0.329128 1.646540
vt 0.329128 1.646540
vt 0.670872 1.646540
vt 0.678821 1.584250
vt 0.321179 1.584249
vt 0.329128 1.646540
vt 0.292536 1.514050
vt 0.292536 1.514050
vt 0.707464 1.514050
vt 0.707464 1.514050
vt 0.292536 1.514050
vt 0.708039 1.514190
vt 0.696007 1.646540
vt 0.303993 1.646540
vt 0.291961 1.514190
vt 0.708039 1.514190
vt 0.696007 1.646540
vt 0.303993 1.646540
vt 0.291961 1.514190
vt 0.708039 1.514190
vt 0.696007 1.646540
vt 0.303993 1.646540
vt 0.291961 1.514190
vt 0.708039 1.514190
vt 0.696007 1.646540
vt 0.303993 1.646540
vt 0.291961 1.514190
vt 0.266989 1.696722
vt 0.282877 1.692734
vt 0.717123 1.692734
vt 0.733011 1.696722
vt 0.266989 1.696722
vt 0.282877 1.692734
vt 0.282877 1.712748
vt 0.266989 1.708759
vt 0.733011 1.708759
vt 0.717123 1.712748
vt 0.717123 1.692734
vt 0.733011 1.696722
vt 0.266989 1.696722
vt 0.282877 1.692734
vt 0.282877 1.712748
vt 0.266989 1.708759
vt 0.733011 1.708759
vt 0.717123 1.712748
vt 0.733011 1.708759
vt 0.717123 1.712748
vt 0.717123 1.692734
vt 0.733011 1.696722
vt 0.282877 1.712748
vt 0.266989 1.708759
vt 0.266989 1.696722
vt 0.282877 1.692734
vt 0.282877 1.712748
vt 0.266989 1.708759
vt 0.733011 1.708759
vt 0.717123 1.712748
vt 0.717123 1.692734
vt 0.733011 1.696722
vt 0.266989 1.696722
vt 0.282877 1.692734
vt 1.465462 0.733011
vt 1.461476 0.717123
vt 0.733011 1.708759
vt 0.717123 1.712748
vt 0.717123 1.692734
vt 0.733011 1.696723
vt 0.733011 1.708759
vt 0.717123 1.712748
vt 0.266989 1.696722
vt 0.282877 1.692734
vt 0.282877 1.712748
vt 0.266989 1.708759
vt 1.365462 0.733011
vt 1.361476 0.717123
vt 0.733011 1.708759
vt 0.717123 1.712748
vt 0.717123 1.692734
vt 0.733011 1.696722
vt 0.266989 1.696722
vt 0.282877 1.692734
vt 0.282877 1.712748
vt 0.266989 1.708759
vt 0.733011 1.708759
vt 0.717123 1.712748
vt -0.377492 0.733011
vt -0.381478 0.717123
vt 0.266989 1.696722
vt 0.282877 1.692734
vt -0.477492 0.733011
vt -0.481478 0.717123
vt 0.708401 1.510202
vt -0.227775 1.865869
vt 0.273524 1.838629
vt 0.272370 1.826497
vt 1.329271 1.865869
vt -0.427264 1.865869
vt 0.339085 1.826497
vt 0.337931 1.838629
vt 1.227775 1.865869
vt 0.372225 1.865869
vt 0.729271 1.865869
vt 0.662069 1.838629
vt 0.660915 1.826497
vt 0.726476 1.838629
vt 0.723887 1.865860
vt 0.627775 1.865869
vt 1.462481 1.724189
vt 1.463629 1.727252
vt 0.493417 1.727252
vt 0.494566 1.724189
vt 0.712481 1.724189
vt 0.713629 1.727252
vt 0.400698 1.727252
vt 0.399549 1.724189
vt -0.211332 1.727252
vt -0.212481 1.724189
vt 0.400698 1.727252
vt 0.399549 1.724189
vt 0.962481 1.724189
vt 0.963630 1.727252
vt 0.400698 1.727252
vt 0.399549 1.724189
vt -0.342314 1.867851
vt -0.414222 1.867851
vt 1.214732 1.867851
vt 1.142825 1.867851
vt -0.142825 1.867851
vt -0.214732 1.867851
vt 1.414222 1.867851
vt 1.342314 1.867851
vt 0.257686 1.867851
vt 0.185778 1.867851
vt 0.614732 1.867851
vt 0.542825 1.867851
vt 0.322373 1.867851
vt 0.289082 1.867851
vt 0.710918 1.867851
vt 0.677627 1.867851
vt 0.457175 1.867851
vt 0.385268 1.867851
vt 0.710918 1.867851
vt 0.677627 1.867851
vt 0.322373 1.867851
vt 0.289082 1.867851
vt 0.814222 1.867851
vt 0.742314 1.867851
vt 1.215560 1.861851
vt -0.416050 0.322201
vt -0.416050 0.289254
vt -0.140996 0.289254
vt -0.140996 0.322201
vt -0.141996 1.861851
vt -0.340486 0.289254
vt -0.340486 0.322201
vt -0.216560 0.322201
vt -0.216560 0.289254
vt 0.258514 1.861851
vt 0.615560 1.861851
vt 0.323201 1.861851
vt 0.711746 1.861851
vt 0.458004 1.861851
vt 0.711746 1.861851
vt 0.323201 1.861851
vt 0.815050 1.861851
vt -0.340486 1.866851
vt -0.416050 1.866851
vt 0.287254 1.866851
vt 0.740486 1.866851
vt 0.675799 1.866851
vt 0.183950 1.866851
vt 0.287254 1.866851
vt 1.140996 1.866851
vt 0.287254 1.866851
vt 0.540996 1.866851
vt 1.416050 1.866851
vt 0.675799 1.866851
vt 0.675799 1.866851
vt -0.216560 1.866851
vt 0.383440 1.866851
vt 1.340486 1.866851
vt 0.470218 1.865869
vt 0.276113 1.865860
vt 0.664658 1.865860
vt 1.427265 1.865869
vt 0.727630 1.826497
vt 0.270729 1.865869
vt -0.329271 1.865869
vt 0.529782 1.865869
vt 0.335342 1.865860
vt -0.231124 0.275726
vt -0.231124 0.335729
vt -0.430613 0.275726
vt -0.430614 0.335729
vt 0.368876 0.275726
vt 0.368876 0.335729
vt -0.325922 0.335729
vt -0.325922 0.275726
vt 0.473567 0.335729
vt 0.473567 0.275726
vt 0.274078 0.335729
vt 0.274078 0.275726
vt -0.229634 0.338116
vt -0.327412 0.338116
vt -0.327412 0.273339
vt -0.229634 0.273339
vt 0.370366 0.338116
vt 0.272588 0.338116
vt 0.272588 0.273339
vt 0.370366 0.273339
vt -0.429124 0.338116
vt -0.478523 0.338116
vt -0.478523 0.273339
vt -0.429124 0.273339
vt 0.021477 0.383328
vt 0.271477 0.383328
vt -0.228523 0.383328
vt -0.478523 0.383328
vt -0.461332 1.727252
vt -0.462480 1.724189
vt 0.505435 1.724189
vt 0.504286 1.727252
vt 0.288668 1.727252
vt 0.287519 1.724189
vt 0.600451 1.724189
vt 0.601600 1.727252
vt 1.212481 1.724189
vt 1.213629 1.727252
vt 0.600451 1.724189
vt 0.601600 1.727252
vt 0.038668 1.727252
vt 0.037519 1.724189
vt 0.743417 1.727252
vt 0.744566 1.724189
vt 0.670872 1.646540
vt 0.678821 1.584250
vt 0.292536 1.514050
vt 0.321179 1.584249
vt 0.329128 1.646540
vt 0.670872 1.646540
vt 0.678821 1.584250
vt 0.321179 1.584249
vt 0.329128 1.646540
vt 0.292536 1.514050
vt 0.707464 1.514050
vt 0.707464 1.514050
vt 0.708039 1.514190
vt 0.696007 1.646540
vt 0.303993 1.646540
vt 0.291961 1.514190
vt 0.708039 1.514190
vt 0.696007 1.646540
vt 0.303993 1.646540
vt 0.291961 1.514190
vt 0.670872 1.646540
vt -0.478523 0.216220
vt 1.521477 0.216220
vt 1.521477 0.169575
vt -0.478523 0.169575
vt 1.521477 0.744066
vt -0.478523 0.744066
vt 1.521477 0.215524
vt -0.478523 0.215524
vt 1.521477 0.731461
vt -0.478523 0.731461
vt 0.292536 1.514050
vt 0.294983 1.525343
vt 0.717123 1.692734
vt 0.733011 1.696722
vt 0.266989 1.696722
vt 0.282877 1.692734
vt 0.282877 1.712748
vt 0.266989 1.708759
vt 0.733011 1.708759
vt 0.717123 1.712748
vt 0.733011 1.708759
vt 0.717123 1.712748
vt 0.717123 1.692734
vt 0.733011 1.696722
vt 0.266989 1.696722
vt 0.282877 1.692734
vt 0.282877 1.712748
vt 0.266989 1.708759
vt 0.266989 1.696722
vt 0.282877 1.692734
vt -0.422508 0.266989
vt -0.418522 0.282877
vt 0.733011 1.708759
vt 0.717123 1.712748
vt 0.717123 1.692734
vt 0.733011 1.696723
vt 0.733011 1.708759
vt 0.717123 1.712748
vt 0.266989 1.696722
vt 0.282877 1.692734
vt 0.282877 1.712748
vt 0.266989 1.708759
vt -0.322508 0.266989
vt -0.318522 0.282877
vt 0.733011 1.708759
vt 0.717123 1.712748
vt 1.334538 0.266989
vt 1.338524 0.282877
vt 0.266989 1.696722
vt 0.282877 1.692734
vt 1.434538 0.266989
vt 1.438524 0.282877
vt 0.960067 1.176396
vt 0.952060 1.176396
vt 0.051126 0.764239
vt 0.047941 0.773256
vt 0.960067 0.772313
vt 0.962919 0.764239
vt 0.994127 0.764239
vt 0.996979 0.772313
vt -0.004987 0.773256
vt -0.008172 0.764239
vt 1.004987 1.176396
vt 0.996979 1.176396
vt -0.463629 1.727252
vt -0.462480 1.724189
vt 0.505435 1.724189
vt 0.506583 1.727252
vt 0.286371 1.727252
vt 0.287519 1.724189
vt 1.245714 1.727252
vt 1.244566 1.724189
vt 0.400698 1.727252
vt 0.399549 1.724189
vt 0.995714 1.727252
vt 0.994566 1.724189
vt 0.600451 1.724189
vt 0.601600 1.727252
vt 0.600451 1.724189
vt 0.599302 1.727252
vt 0.271477 0.616672
vt 0.021477 0.616672
vt -0.228523 0.616672
vt -0.478523 0.616672
vt 1.462481 1.724189
vt 1.461332 1.727252
vt 0.495714 1.727252
vt 0.494566 1.724189
vt 0.400698 1.727252
vt 0.399549 1.724189
vt -0.244565 1.724189
vt -0.243417 1.727252
vt 0.600451 1.724189
vt 0.601600 1.727252
vt 0.005435 1.724189
vt 0.006583 1.727252
vt 0.962481 1.724189
vt 0.961332 1.727252
vt 0.398400 1.727252
vt 0.399549 1.724189
vt 0.321179 1.584250
vt 0.329128 1.646540
vt 0.778583 1.176396
vt 0.797336 1.176396
vt 0.797964 1.196802
vt 0.778583 1.245218
vt 0.221417 1.245218
vt 0.202036 1.196803
vt 0.202665 1.176396
vt 0.221417 1.176396
vt 0.778583 1.176396
vt 0.797336 1.176396
vt 0.797964 1.196802
vt 0.778583 1.245218
vt 0.221417 1.245218
vt 0.202036 1.196803
vt 0.202665 1.176396
vt 0.221417 1.176396
vt 0.321179 1.584250
vt 0.329128 1.646540
vt 0.678821 1.584249
vt 0.707464 1.514050
vt 0.292536 1.514050
vt 0.321179 1.584250
vt 0.292536 1.514050
vt 0.670872 1.646540
vt 0.678821 1.584250
vt 0.329128 1.646540
vt 0.670872 1.646540
vt 0.678821 1.584250
vt 0.670873 1.646540
vt 0.321179 1.584250
vt 0.329128 1.646540
vt 0.670873 1.646540
vt 0.678821 1.584249
vt 0.707464 1.514050
vt 0.707464 1.514050
vt 0.292536 1.514050
vt 0.292536 1.514050
vt 0.707464 1.514050
vt 0.303993 1.646540
vt 0.291961 1.514190
vt 0.708039 1.514190
vt 0.696007 1.646540
vt 0.303993 1.646540
vt 0.291961 1.514190
vt 0.708039 1.514190
vt 0.696007 1.646540
vt 0.303993 1.646540
vt 0.291961 1.514190
vt 0.708039 1.514190
vt 0.696007 1.646540
vt 0.303993 1.646540
vt 0.291961 1.514190
vt 0.708039 1.514190
vt 0.696007 1.646540
vt 1.521477 0.783780
vt -0.478523 0.783780
vt -0.478523 0.830425
vt 1.521477 0.830425
vt 1.478523 0.744066
vt -0.521477 0.744066
vt -0.478523 0.784476
vt 1.521477 0.784476
vt 1.478523 0.731461
vt -0.521477 0.731461
vt 0.717123 1.692734
vt 0.733011 1.696722
vt 0.266989 1.696722
vt 0.282877 1.692734
vt 0.717123 1.692734
vt 0.733011 1.696722
vt 0.733011 1.708759
vt 0.717123 1.712748
vt 0.282877 1.712748
vt 0.266989 1.708759
vt 0.266989 1.696722
vt 0.282877 1.692734
vt 0.717123 1.692734
vt 0.733011 1.696722
vt 0.733011 1.708759
vt 0.717123 1.712748
vt 0.282877 1.712748
vt 0.266989 1.708759
vt 0.282877 1.712748
vt 0.266989 1.708759
vt 0.266989 1.696722
vt 0.282877 1.692734
vt 0.733011 1.708759
vt 0.717123 1.712748
vt 0.717123 1.692734
vt 0.733011 1.696722
vt 0.733011 1.708759
vt 0.717123 1.712748
vt 0.282877 1.712748
vt 0.266989 1.708759
vt 0.266989 1.696722
vt 0.282877 1.692734
vt 1.422508 0.733011
vt 1.418522 0.717123
vt 0.733011 1.708759
vt 0.717123 1.712748
vt 0.282877 1.712748
vt 0.266989 1.708759
vt 0.266989 1.696723
vt 0.282877 1.692734
vt -0.434538 0.733011
vt -0.438524 0.717123
vt 0.717123 1.692734
vt 0.733011 1.696722
vt 0.733011 1.708759
vt 0.717123 1.712748
vt 0.733011 1.708759
vt 0.717123 1.712748
vt -0.334538 0.733011
vt -0.338524 0.717123
vt 0.266989 1.696722
vt 0.282877 1.692734
vt 0.717123 1.692734
vt 0.733011 1.696722
vt 0.733011 1.708759
vt 0.717123 1.712748
vt 0.282877 1.712748
vt 0.266989 1.708759
vt 0.266989 1.696723
vt 0.282877 1.692734
vt 1.322508 0.733011
vt 1.318522 0.717123
vt 0.266989 1.696723
vt 0.282877 1.692734
vt 0.291599 1.510202
vt 0.733011 1.708759
vt 0.717123 1.712748
vt 0.282877 1.712748
vt 0.266989 1.708759
vt 0.266989 1.696722
vt 0.282877 1.692734
vt 0.717123 1.692734
vt 0.733011 1.696722
vt 0.282877 1.712748
vt 0.266989 1.708759
vt 0.266989 1.696722
vt 0.282877 1.692734
vt 0.717123 1.692734
vt 0.733011 1.696722
vt 0.733011 1.708759
vt 0.717123 1.712748
vt -0.071239 1.865869
vt 0.013711 1.867851
vt -0.058196 1.867851
vt 1.058196 1.867851
vt 0.986289 1.867851
vt 0.014540 1.861851
vt 0.984460 0.322201
vt 0.984460 0.289254
vt 1.059025 1.861851
vt 1.060025 0.289254
vt 1.060025 0.322201
vt -0.060024 1.866851
vt 0.287254 1.866851
vt 0.984460 1.866851
vt 0.675799 1.866851
vt 0.973246 1.865869
vt 0.026754 1.865869
vt 1.074588 0.335729
vt 1.074588 0.275726
vt 0.969897 0.275726
vt 0.969897 0.335729
vt 1.170876 0.338116
vt 1.073099 0.338116
vt 1.073099 0.273339
vt 1.170876 0.273339
vt -0.478523 1.784030
vt -0.128523 1.784030
vt -0.128523 1.784030
vt -0.478523 1.784030
vt 1.521477 1.805826
vt 0.171477 1.805826
vt 0.171477 1.784030
vt 1.521477 1.784030
vt 1.521477 1.784030
vt 0.171477 1.784030
vt -0.128523 1.805826
vt -0.478523 1.805826
vt -0.478523 1.806806
vt -0.128523 1.806806
vt 0.171477 1.806806
vt 1.521477 1.806806
vt 0.171477 1.645540
vt 1.521477 1.645540
vt 1.521477 1.664716
vt 0.171477 1.664716
vt 0.171477 1.664716
vt 1.521477 1.664716
vt -0.478523 1.645540
vt -0.128523 1.645540
vt -0.128523 1.664716
vt -0.478523 1.664716
vt -0.478523 1.664716
vt -0.128523 1.664716
vt -0.478523 1.816274
vt -0.128523 1.816274
vt -0.128523 1.826497
vt -0.478523 1.826497
vt 0.828523 1.826497
vt -0.521477 1.826497
vt 1.521477 1.826497
vt 0.171477 1.826497
vt 0.171477 1.816274
vt 1.521477 1.816274
vt 1.478523 1.826497
vt 1.128523 1.826497
vt -0.521477 1.816274
vt 0.828523 1.816274
vt 1.128523 1.816274
vt 1.478523 1.816274
vt -0.128523 1.815517
vt -0.478523 1.815517
vt 1.521477 1.815517
vt 0.171477 1.815517
vt 1.478523 1.815516
vt 1.128523 1.815517
vt 0.828523 1.815517
vt -0.521477 1.815517
vt -0.521477 1.743189
vt 0.828523 1.743189
vt 1.128523 1.743189
vt 1.478523 1.743189
vt 1.521477 0.358000
vt 0.171477 0.358000
vt -0.128523 0.358000
vt -0.478523 0.358000
vt -0.478523 1.778586
vt -0.128523 1.778586
vt 0.171477 1.778586
vt 1.521477 1.778586
vt -0.128523 1.763027
vt -0.478523 1.763027
vt -0.478523 1.757584
vt -0.128523 1.757584
vt -0.128523 1.757584
vt -0.478523 1.757584
vt 1.521477 1.763027
vt 0.171477 1.763027
vt 0.171477 1.757584
vt 1.521477 1.757584
vt 1.521477 1.757584
vt 0.171477 1.757584
vt -0.478523 1.740765
vt -0.128523 1.740765
vt 0.171477 1.740765
vt 1.521477 1.740765
vt 1.478523 1.735188
vt 1.128523 1.735189
vt 1.128523 1.735189
vt 1.478523 1.735188
vt -0.521477 1.735189
vt 0.828523 1.735189
vt 0.828523 1.735189
vt -0.521477 1.735189
vt -0.128523 1.740765
vt -0.478523 1.740765
vt 1.521477 1.740765
vt 0.171477 1.740765
vt -0.478523 1.734803
vt -0.128523 1.734803
vt 0.171477 1.734803
vt 1.521477 1.734803
vt -0.128523 1.670678
vt -0.478523 1.670678
vt 1.521477 1.670678
vt 0.171477 1.670678
vt -0.128523 1.729407
vt -0.478523 1.729407
vt -0.478523 1.676075
vt -0.128523 1.676075
vt 1.521477 1.729407
vt 0.171477 1.729407
vt 0.171477 1.676075
vt 1.521477 1.676075
vt -0.128523 1.777071
vt -0.478523 1.777071
vt 1.521477 1.777071
vt 0.171477 1.777071
vt -0.478523 1.771564
vt -0.128523 1.771564
vt 0.171477 1.771564
vt 1.521477 1.771564
vt -0.128523 1.770049
vt -0.478523 1.770049
vt 1.521477 1.770049
vt 0.171477 1.770049
vt -0.478523 1.764542
vt -0.128523 1.764542
vt 0.171477 1.764542
vt 1.521477 1.764542
vt 0.521477 1.757584
vt 0.521477 1.784030
vt 0.282877 1.712748
vt 0.266989 1.708759
vt 0.266989 1.696722
vt 0.282877 1.692734
vt 0.717123 1.692734
vt 0.733011 1.696722
vt 0.733011 1.708759
vt 0.717123 1.712748
vt 0.472078 0.273339
vt 0.570876 0.273339
vt 0.570876 0.338116
vt 0.472078 0.338116
vt 0.129271 1.865869
vt 0.322373 1.867851
vt 0.289082 1.867851
vt 0.857686 1.867851
vt 0.785779 1.867851
vt 0.323201 1.861851
vt 0.858514 1.861851
vt 0.698130 1.862851
vt 0.701552 1.861851
vt 0.287254 1.866851
vt 0.783950 1.866851
vt 0.675799 1.866851
vt 0.772736 1.865869
vt 0.774752 1.865860
vt 0.227265 1.865869
vt 0.874078 0.335729
vt 0.874078 0.275726
vt 0.769386 0.275726
vt 0.769386 0.335729
vt -0.521477 1.805826
vt -0.521477 1.806806
vt -0.521477 1.826497
vt 1.478523 1.815516
vt -0.521477 1.815517
vt 1.478523 1.777071
vt 0.413975 1.777071
vt 0.413975 1.764542
vt 1.478523 1.764542
vt 0.413975 1.670678
vt -0.521477 1.670678
vt -0.521477 1.740765
vt 0.413975 1.740765
vt 1.521477 1.735189
vt 0.586026 1.735189
vt 0.413975 1.763027
vt -0.521477 1.763027
vt 0.413975 1.778586
vt 1.478523 1.778586
vt -0.478523 0.642000
vt 0.586026 0.642000
vt -0.521477 1.664716
vt 0.413975 1.664716
vt 1.521477 1.815517
vt 0.586026 1.815517
vt -0.478523 1.816274
vt 0.586026 1.816274
vt -0.521477 1.676075
vt 0.413975 1.676075
vt 1.478523 1.670678
vt -0.521477 1.645540
vt 0.413975 1.645540
vt -0.521477 1.771564
vt 0.413975 1.771564
vt 0.413975 1.740765
vt -0.521477 1.740765
vt 0.586026 1.735189
vt 1.521477 1.735189
vt 0.413975 1.757584
vt -0.521477 1.757584
vt -0.521477 1.757584
vt 0.413975 1.757584
vt -0.478523 1.743189
vt 0.586026 1.743189
vt 1.478523 1.664716
vt 0.413975 1.664716
vt -0.478523 1.735189
vt -0.521477 1.764542
vt 0.586026 1.826497
vt -0.478523 1.826497
vt 1.478523 1.740765
vt 1.478523 1.826497
vt 1.478523 1.816274
vt 1.521477 1.826497
vt 0.387359 0.724928
vt 0.347331 0.737248
vt 0.413975 1.770049
vt -0.521477 1.770049
vt -0.521477 1.777071
vt 1.478523 1.664716
vt 1.478523 1.784030
vt 0.413975 1.784030
vt 1.521477 0.642000
vt -0.521477 1.778587
vt 1.478523 1.763027
vt 1.478523 1.770049
vt 1.478523 1.676075
vt 0.413975 1.784030
vt 1.478523 1.784030
vt -0.521477 1.664716
vt 1.478523 1.806806
vt -0.521477 1.734803
vt 0.413975 1.734803
vt -0.521477 1.816274
vt 0.673071 0.749516
vt 0.634041 0.737505
vt 1.478523 1.729407
vt 0.413975 1.729407
vt -0.521477 1.784030
vt 0.404831 1.826497
vt 0.381652 1.826497
vt -0.521477 1.729407
vt -0.478523 1.815517
vt 1.521477 1.816274
vt 1.478523 1.771564
vt 1.478523 1.740765
vt 1.478523 1.734803
vt 1.478523 1.757583
vt -0.478523 1.735189
vt 1.478523 1.757583
vt 1.521477 1.743189
vt 0.214222 1.867851
vt 0.174779 1.867851
vt 0.843095 1.855020
vt 0.870729 0.313514
vt 0.691033 1.867851
vt 0.677627 1.867851
vt 0.819799 0.276113
vt 0.151821 1.861851
vt 0.215050 1.861851
vt 0.873048 1.848411
vt 0.871101 1.847884
vt 0.860144 1.849833
vt 0.871956 1.849160
vt 0.290015 1.854282
vt 0.873048 0.276463
vt 0.872347 0.291504
vt 0.859514 1.866851
vt 0.859514 1.864202
vt 0.860350 1.865338
vt 0.860217 1.866952
vt 0.859514 0.304418
vt 0.793922 1.878435
vt 0.798226 1.894176
vt 0.600807 1.903649
vt 0.607701 1.878435
vt 0.611838 1.878435
vt 0.604944 1.903648
vt 0.818108 0.906623
vt 0.795052 1.160239
vt 0.219417 1.176396
vt 0.233761 1.176396
vt 0.233761 1.798393
vt 0.223417 1.798393
vt 0.946810 1.163067
vt 0.879342 1.163067
vt 0.912667 0.769806
vt 0.909225 0.795841
vt 0.912667 0.787555
vt 0.376083 1.162992
vt 0.207183 1.162992
vt 1.040938 0.795841
vt 1.044380 0.787555
vt 1.044379 0.769806
vt 0.793930 1.162992
vt 0.623917 1.162992
vt 0.985905 1.176396
vt 1.074295 1.163067
vt 1.010236 1.163067
vt 0.766239 1.176396
vt 0.780583 1.176396
vt 0.392299 1.878435
vt 0.399193 1.903649
vt 0.199184 1.903649
vt 0.206078 1.878435
vt 0.204948 1.160239
vt 0.166176 0.733743
vt 0.392051 1.170461
vt 0.392051 1.174396
vt 1.008236 1.176396
vt 1.077613 1.176396
vt 1.074523 1.178396
vt 0.808419 1.170461
vt 0.808419 1.174396
vt 0.053190 0.808419
vt 0.946810 1.167625
vt 0.612511 1.167700
vt 0.804169 1.167700
vt 0.136624 1.174396
vt 0.776583 1.798393
vt 0.766239 1.798393
vt 1.092831 0.788293
vt 1.010236 1.176396
vt 0.946810 1.176396
vt 1.010236 1.167625
vt 0.985905 1.776062
vt 0.971141 1.776062
vt 0.762239 1.776062
vt 0.237761 1.776062
vt 0.971141 1.176396
vt 0.012095 0.745738
vt 0.030859 0.745738
vt 1.227775 1.865869
vt -0.329271 1.865869
vt 1.427265 1.865869
vt -0.227775 1.865869
vt 0.270729 1.865869
vt 0.827265 1.865869
vt 0.372225 1.865869
vt 0.231322 1.907424
vt 0.367055 1.907424
vt -0.064640 1.907424
vt 0.107594 1.907424
vt 0.632945 1.907424
vt 0.768678 1.907424
vt 0.892406 1.907424
vt 1.064640 1.907424
vt 0.360427 1.907424
vt 0.237950 1.907424
vt 0.100832 1.907424
vt -0.057878 1.907424
vt 0.762050 1.907424
vt 0.639573 1.907424
vt 1.057878 1.907424
vt 0.899168 1.907424
vt 0.359284 1.894572
vt 0.099631 1.894572
vt 0.640716 1.894572
vt 0.760908 1.894572
vt 0.898369 1.905425
vt 0.638716 1.905425
vt 0.638716 1.896572
vt -0.058677 1.905425
vt 0.237093 1.905425
vt 1.414222 1.867851
vt 1.342314 1.867851
vt -0.142825 1.867851
vt -0.214732 1.867851
vt 1.214732 1.867851
vt 1.142825 1.867851
vt -0.342314 1.867851
vt -0.414222 1.867851
vt 0.814222 1.867851
vt 0.742314 1.867851
vt 0.710918 1.867851
vt 0.677627 1.867851
vt 0.322373 1.867851
vt 0.289082 1.867851
vt 0.614732 1.867851
vt 0.542825 1.867851
vt 0.322373 1.867851
vt 0.289082 1.867851
vt 0.257686 1.867851
vt 0.185778 1.867851
vt -0.141996 1.861851
vt -0.416050 0.710746
vt -0.416050 0.677799
vt -0.140996 0.677799
vt -0.140996 0.710746
vt 1.215560 1.861851
vt -0.340486 0.677799
vt -0.340486 0.710746
vt -0.216560 0.710746
vt -0.216560 0.677799
vt 0.815050 1.861851
vt 0.711746 1.861851
vt 0.323201 1.861851
vt 0.615560 1.861851
vt 0.323201 1.861851
vt 0.698130 1.862851
vt 0.701552 1.861851
vt 0.258514 1.861851
vt 1.340486 1.866851
vt 1.416050 1.866851
vt 0.183950 1.866851
vt 0.287254 1.866851
vt 0.740486 1.866851
vt 0.675799 1.866851
vt -0.216560 1.866851
vt 0.287254 1.866851
vt 0.287254 1.866851
vt -0.416050 1.866851
vt 1.140996 1.866851
vt 0.540996 1.866851
vt 0.675799 1.866851
vt 0.675799 1.866851
vt -0.340486 1.866851
vt 0.529782 1.865869
vt 0.531798 1.865860
vt 1.129782 1.865869
vt 0.172735 1.865869
vt -0.427264 1.865869
vt 0.729271 1.865869
vt 1.329271 1.865869
vt 0.470218 1.865869
vt -0.129782 1.865869
vt -0.231124 0.664271
vt -0.231124 0.724274
vt -0.430613 0.664271
vt -0.430614 0.724274
vt 0.368876 0.664271
vt 0.368876 0.724274
vt 0.169386 0.664271
vt 0.169386 0.724274
vt -0.126433 0.724274
vt -0.126433 0.664271
vt -0.325922 0.724274
vt -0.325922 0.664271
vt 0.473567 0.724274
vt 0.473567 0.664271
vt 0.274078 0.724274
vt 0.274078 0.664271
vt -0.327412 0.661884
vt -0.229634 0.661884
vt -0.229634 0.726661
vt -0.327412 0.726661
vt -0.127922 0.661884
vt 0.170876 0.661884
vt 0.170876 0.726661
vt -0.127922 0.726661
vt 0.272588 0.661884
vt 0.370366 0.661884
vt 0.370366 0.726661
vt 0.272588 0.726661
vt -0.478523 0.661884
vt -0.429124 0.661884
vt -0.429124 0.726661
vt -0.478523 0.726661
vt 0.946810 1.178396
vt 0.764239 1.793564
vt 0.764239 1.178396
vt 0.778583 1.178396
vt 0.778583 1.800393
vt 0.969141 1.774061
vt 0.743738 1.178396
vt 0.969141 1.178396
vt 0.764239 1.178396
vt 0.764239 1.775233
vt 0.916108 0.795841
vt 1.047821 0.795841
vt 0.120604 1.162994
vt -0.077650 1.162994
vt 0.376960 0.729064
vt 0.376960 0.733743
vt 0.121477 0.729064
vt 0.121477 0.733743
vt 0.121477 1.160231
vt 0.165750 0.729064
vt 0.834250 0.729064
vt 0.833824 0.733743
vt 0.376960 1.160231
vt 0.870404 1.875490
vt 0.129596 1.875490
vt 0.619223 1.871240
vt 0.782401 1.871240
vt 0.774583 1.867361
vt 0.777732 1.869909
vt 0.623892 1.869909
vt -0.086642 1.875490
vt 0.120626 1.869909
vt -0.077672 1.869909
vt 0.225417 1.867361
vt 0.372960 1.867361
vt 0.376108 1.869909
vt 0.222268 1.869909
vt 0.217600 1.871240
vt 0.380777 1.871240
vt 1.086643 1.875490
vt 1.077672 1.869909
vt 0.879375 1.869909
vt 0.778583 1.665994
vt 0.778583 1.867361
vt 0.121477 1.178396
vt 0.121477 1.867361
vt 0.376960 1.178396
vt 0.376960 1.867361
vt 1.078523 1.178396
vt 1.078523 1.242630
vt 0.112597 0.771343
vt -0.067767 1.913125
vt 1.067767 1.913125
vt 0.889280 1.913125
vt 0.628281 1.912125
vt 0.628281 1.909425
vt 0.887403 1.912125
vt 0.887403 1.909425
vt 0.226658 1.912125
vt 0.226658 1.909425
vt -0.069643 1.912125
vt -0.069643 1.909425
vt 0.195547 1.905578
vt 0.402829 1.905578
vt -0.104555 1.905578
vt 0.147509 1.905578
vt 0.407658 1.907578
vt 0.407658 1.912125
vt 0.592342 1.912125
vt 0.592342 1.907578
vt 1.109383 1.907578
vt -0.109383 0.805281
vt -0.109383 0.596342
vt 0.151337 0.595943
vt 0.199184 1.903649
vt 0.206078 1.878435
vt 0.392299 1.878435
vt 0.399193 1.903649
vt 0.008236 1.176396
vt 0.077295 1.176396
vt 0.074523 1.178396
vt 0.012236 1.178396
vt 0.208964 1.160231
vt 0.204948 1.160239
vt 0.766239 1.176396
vt 0.780583 1.176396
vt 0.776583 1.798393
vt 0.766239 1.798393
vt 0.387235 1.176396
vt 0.199938 1.176396
vt 0.077704 1.163067
vt 0.010236 1.163067
vt 0.044380 0.769806
vt 0.044380 0.787555
vt 0.047821 0.795841
vt 0.612511 1.167700
vt 0.804169 1.167700
vt -0.053190 1.176396
vt -0.133366 1.176396
vt 0.793930 1.162992
vt 0.623917 1.162992
vt -0.087333 0.787555
vt -0.083892 0.795841
vt -0.087333 0.769806
vt 0.376083 1.162992
vt 0.206070 1.162992
vt -0.028859 1.176396
vt -0.053190 1.163067
vt -0.120658 1.163067
vt 0.219417 1.176396
vt 0.233761 1.176396
vt 0.600807 1.903649
vt 0.607701 1.878435
vt 0.793922 1.878435
vt 0.800816 1.903649
vt 0.833824 0.733743
vt 0.795052 1.160239
vt 1.136625 1.174396
vt -0.117477 1.178396
vt -0.120249 1.176396
vt -0.051190 1.176396
vt 0.093671 1.174396
vt 0.808419 1.170461
vt 0.808419 1.174396
vt 0.090412 1.176396
vt 0.010236 1.176396
vt 0.010236 1.167625
vt 0.195831 1.167700
vt 0.387489 1.167700
vt 0.392051 1.170461
vt 0.392051 1.174396
vt 0.233761 1.798393
vt 0.223417 1.798393
vt -0.053190 1.167625
vt -0.014095 1.776062
vt -0.028859 1.776062
vt 0.237761 1.776062
vt 0.762239 1.776062
vt -0.014095 1.176396
vt 1.030859 0.745738
vt 1.012095 0.745738
vt 1.270729 0.681367
vt 1.372225 1.865869
vt -0.470218 1.865869
vt 1.270729 1.865869
vt 0.329271 1.865869
vt 0.772225 1.865869
vt 0.129782 1.865869
vt 0.670729 1.865869
vt 0.632945 1.907424
vt 0.768678 1.907424
vt 0.935360 1.907424
vt 1.107594 1.907424
vt 0.231322 1.907424
vt 0.367055 1.907424
vt -0.107594 1.907424
vt 0.064640 1.907424
vt 0.762050 1.907424
vt 0.639574 1.907424
vt 1.100832 1.907424
vt 0.942122 1.907424
vt 0.360426 1.907424
vt 0.237950 1.907424
vt 0.057878 1.907424
vt -0.100832 1.907424
vt 0.640716 1.894572
vt 0.760908 1.894572
vt 1.099631 1.894572
vt 0.359284 1.894572
vt 0.638716 1.905425
vt 0.638716 1.896572
vt -0.101631 1.905425
vt 0.237092 1.905425
vt 0.941323 1.905425
vt -0.385268 1.867851
vt -0.457175 1.867851
vt -0.185778 1.867851
vt -0.257686 1.867851
vt 1.457175 1.867851
vt 1.385268 1.867851
vt 0.214732 1.867851
vt 0.142825 1.867851
vt 0.657686 1.867851
vt 0.585778 1.867851
vt 0.322373 1.867851
vt 0.289082 1.867851
vt 0.710918 1.867851
vt 0.677627 1.867851
vt 0.414222 1.867851
vt 0.342314 1.867851
vt 0.710918 1.867851
vt 0.677627 1.867851
vt 0.322373 1.867851
vt 0.289082 1.867851
vt 0.857176 1.867851
vt 0.785268 1.867851
vt 1.459004 0.677799
vt 1.459004 0.710746
vt 1.184950 0.711746
vt 1.183950 0.710746
vt 1.183950 0.677799
vt -0.184950 1.861851
vt 1.383440 0.710746
vt 1.383440 0.677799
vt 1.259514 0.677799
vt 0.215560 1.861851
vt 0.658514 1.861851
vt 0.323201 1.861851
vt 0.711746 1.861851
vt 0.415050 1.861851
vt 0.711746 1.861851
vt 0.323201 1.861851
vt 0.858004 1.861851
vt -0.383440 1.866851
vt -0.459004 1.866851
vt 0.287254 1.866851
vt 0.783440 1.866851
vt 0.675799 1.866851
vt 0.140996 1.866851
vt 1.183950 1.866851
vt 0.287254 1.866851
vt 0.583950 1.866851
vt 1.459004 1.866851
vt 0.675799 1.866851
vt 0.675799 1.866851
vt -0.259514 1.866851
vt 0.340486 1.866851
vt 1.383440 1.866851
vt 0.427265 1.865869
vt -0.174752 1.865860
vt -0.172735 1.865869
vt 0.870219 1.865869
vt 1.470218 1.865869
vt 0.227775 1.865869
vt -0.372225 1.865869
vt 0.572735 1.865869
vt 1.172736 1.865869
vt 1.274201 0.724279
vt 1.274078 0.664271
vt 1.473567 0.724274
vt 1.473567 0.664271
vt 0.674078 0.724274
vt 0.674078 0.664271
vt 0.873568 0.724274
vt 0.873568 0.664271
vt 1.169387 0.664271
vt 1.169387 0.724274
vt 1.368876 0.664271
vt 1.368876 0.724274
vt 0.569386 0.664271
vt 0.569386 0.724274
vt 0.768876 0.664271
vt 0.768876 0.724274
vt 1.272588 0.661884
vt 1.370366 0.661884
vt 1.370366 0.726661
vt 1.272476 0.726655
vt 0.872078 0.661884
vt 1.170876 0.661884
vt 1.170876 0.726661
vt 0.872078 0.726661
vt 0.672588 0.661884
vt 0.770366 0.661884
vt 0.770366 0.726661
vt 0.672588 0.726661
vt 1.472078 0.661884
vt 1.521477 0.661884
vt 1.521477 0.726661
vt 1.472078 0.726661
vt 0.570876 0.726661
vt 0.472078 0.726661
vt 0.472078 0.661884
vt 0.570876 0.661884
vt 0.778583 1.178396
vt 0.778583 1.800393
vt 0.764239 1.793564
vt 0.764239 1.178396
vt -0.053190 1.178396
vt 0.743738 1.178396
vt -0.030859 1.774061
vt 0.764239 1.178396
vt 0.764239 1.775233
vt -0.030859 1.178396
vt 0.040938 0.795841
vt -0.090775 0.795841
vt 1.120604 1.162994
vt 0.922350 1.162994
vt 1.121477 0.729064
vt 1.121477 0.733743
vt 0.376960 0.729064
vt 0.376960 0.733743
vt 0.376960 1.160231
vt 0.834250 0.729064
vt 0.166176 0.733743
vt 0.165750 0.729064
vt 1.121477 1.160231
vt 0.086643 1.875490
vt 0.913358 1.875490
vt 0.217599 1.871240
vt 0.380777 1.871240
vt 0.376108 1.869909
vt 0.222268 1.869909
vt 0.225417 1.867361
vt 1.129596 1.875490
vt 1.120626 1.869909
vt 0.922328 1.869909
vt 0.777732 1.869909
vt 0.623892 1.869909
vt 0.774583 1.867361
vt 0.619223 1.871240
vt 0.782400 1.871240
vt -0.129596 1.875490
vt 0.077672 1.869909
vt -0.120625 1.869909
vt 0.225417 1.746464
vt 0.221417 1.867361
vt 0.221417 1.745668
vt 0.376960 1.178396
vt 0.376960 1.867361
vt 1.121477 1.178396
vt 1.121477 1.867361
vt 0.774583 1.409189
vt 0.774583 1.178396
vt 0.778583 1.178396
vt 0.778583 1.414559
vt 1.110721 1.913125
vt 0.932233 1.913125
vt 0.067767 1.913125
vt -0.110720 1.913125
vt -0.112596 1.912125
vt -0.112596 1.909425
vt 0.628281 1.912125
vt 0.628281 1.909425
vt 0.930357 1.912125
vt 0.930357 1.909425
vt 0.226657 1.912125
vt 0.226657 1.909425
vt 0.195547 1.905578
vt 0.402829 1.905578
vt -0.147508 1.905578
vt 0.104555 1.905578
vt 0.597171 1.905578
vt 0.804453 1.905578
vt 0.895445 1.905578
vt 1.147509 1.905578
vt 0.592342 1.912125
vt 0.592342 1.907578
vt 0.407658 1.907578
vt 0.407658 1.912125
vt 0.109383 1.907578
vt 0.809281 1.907578
vt 0.809281 1.912125
vt 0.404057 1.913125
vt 0.194320 1.913125
vt 1.152337 0.596342
vt 1.152337 0.805281
vt 0.778583 1.581854
vt 0.778583 1.867361
vt 0.078523 1.178396
vt 0.778583 1.178396
vt 0.778583 1.519320
vt 0.774583 1.518440
vt 0.774583 1.178396
vt 0.776675 1.615150
vt 0.776675 1.610355
vt 1.074523 1.469354
vt 1.078523 1.458159
vt 1.078523 1.867361
vt 0.187614 0.925386
vt 0.183957 0.929332
vt 0.806278 1.021660
vt 0.797496 1.025625
vt 0.795357 1.043233
vt 0.803922 1.045913
vt 0.205091 1.040028
vt 0.206200 1.047587
vt 0.066012 1.048339
vt 0.827127 0.807413
vt 0.823546 0.802625
vt 0.457175 1.867851
vt 0.417732 1.867851
vt 1.211007 1.867851
vt 1.185779 1.867851
vt 0.726655 1.836689
vt 0.724279 1.840676
vt 1.241493 1.861851
vt 1.197160 0.723887
vt 0.696491 1.859038
vt 0.696025 1.857799
vt -0.253248 1.858347
vt -0.271912 1.858952
vt -0.239771 1.854662
vt -0.239855 1.856155
vt 0.600141 1.855020
vt 1.092712 1.175696
vt 1.091075 1.176396
vt 1.067863 1.176396
vt 0.204371 1.175696
vt 0.387235 1.176396
vt 0.209360 1.176396
vt 0.387489 1.167700
vt 0.595943 1.913125
vt 0.866237 1.905578
vt 1.104555 1.905578
vt 0.856126 0.780739
vt 0.597171 1.905578
vt 0.767630 1.905578
vt 0.864453 0.800816
vt 0.151705 0.760895
vt 0.865525 1.906571
vt 0.807281 1.905578
vt 0.864143 1.906569
vt 0.109528 0.774343
vt 0.133805 0.808297
vt 0.372225 0.686486
vt 0.691033 1.867851
vt 0.677627 1.867851
vt 0.423155 0.723887
vt 0.394775 1.861851
vt 0.458004 1.861851
vt 0.630095 1.848411
vt 0.628147 1.847884
vt 0.617190 1.849833
vt 0.629002 1.849160
vt 0.290015 1.854282
vt 0.369906 0.723537
vt 0.370607 0.708496
vt 0.616560 1.866851
vt 0.616560 1.864202
vt 0.617396 1.865338
vt 0.617263 1.866952
vt 0.383440 0.695582
vt -0.521477 1.784030
vt 0.427561 1.826497
vt 0.618348 0.727902
vt 0.617635 0.729475
vt 0.595340 0.731894
vt 0.568756 0.734921
vt 0.440340 0.738179
vt 1.478523 1.805826
vt 0.971386 0.338116
vt 0.872588 0.338116
vt 0.872588 0.273339
vt 0.971386 0.273339
vt 0.770876 0.338116
vt 0.672588 0.338116
vt 0.672588 0.273339
vt 0.770876 0.273339
vt 0.682701 1.646540
vt 1.050803 1.646540
vt 1.047266 1.646540
vt 0.708039 1.514190
vt 0.699411 1.609096
vt 0.987746 1.646540
vt 0.324020 1.646540
vt 0.319977 1.646540
vt 0.291961 1.514190
vt 0.291877 1.645540
vt 0.708123 1.645540
vt 0.383507 1.718189
vt 0.710123 1.647540
vt 0.710123 1.662716
vt 0.616493 1.718189
vt 0.289877 1.662716
vt 0.289877 1.647540
vt 0.282877 1.665717
vt 0.283877 1.664716
vt 0.282877 1.668377
vt 0.287877 1.664716
vt 0.282877 1.678377
vt 0.712123 1.664716
vt 0.716123 1.664716
vt 0.717123 1.668377
vt 0.717123 1.665717
vt 0.359000 1.735189
vt 0.717123 1.678377
vt 0.280900 1.670678
vt 0.280900 1.676075
vt 0.278469 1.675704
vt 0.278469 1.671050
vt 0.719100 1.670678
vt 0.721531 1.671050
vt 0.721531 1.675704
vt 0.719100 1.676075
vt 0.282877 1.727105
vt 0.358000 1.736189
vt 0.278469 1.734432
vt 0.278469 1.729778
vt 0.280900 1.729407
vt 0.282877 1.737105
vt 0.717123 1.727105
vt 0.642000 1.736189
vt 0.649000 1.743189
vt 0.650000 1.744189
vt 0.280900 1.734803
vt 0.287877 1.740765
vt 0.289877 1.742765
vt 0.283877 1.740765
vt 0.282877 1.739765
vt 0.719100 1.729407
vt 0.721531 1.729778
vt 0.721531 1.734432
vt 0.719100 1.734803
vt 0.717123 1.737105
vt 0.717123 1.739765
vt 0.716123 1.740765
vt 0.291877 1.757584
vt 0.289877 1.755584
vt 0.299302 1.757584
vt 0.301273 1.763027
vt 0.300303 1.761785
vt 0.304303 1.763785
vt 0.300303 1.758584
vt 0.350000 1.744189
vt 0.300303 1.765785
vt 0.301273 1.764542
vt 0.301273 1.770049
vt 0.304303 1.770807
vt 0.300303 1.768807
vt 0.300303 1.772807
vt 0.301273 1.771564
vt 0.300303 1.775829
vt 0.301273 1.777071
vt 0.304303 1.777829
vt 0.300303 1.779829
vt 0.301273 1.778586
vt 0.300303 1.783030
vt 0.275761 1.786030
vt 0.277761 1.784030
vt 0.275761 1.803637
vt 0.299302 1.784030
vt 0.273770 1.805826
vt 0.350000 1.813318
vt 0.261455 1.808995
vt 0.263446 1.806806
vt 0.261455 1.813318
vt 0.259465 1.815517
vt 0.249896 1.818472
vt 0.251886 1.816274
vt 0.251896 1.826497
vt 0.249896 1.824497
vt 0.361559 1.824497
vt 0.359559 1.826497
vt 0.361559 1.818472
vt 0.359569 1.816274
vt 0.351990 1.815517
vt 0.358000 1.740189
vt 0.355000 1.743189
vt 0.351000 1.743189
vt 0.383507 1.733189
vt 0.381507 1.735189
vt 0.618493 1.735189
vt 0.616493 1.733189
vt 0.641000 1.735189
vt 0.712123 1.740765
vt 0.710123 1.742765
vt 0.710123 1.755584
vt 0.700697 1.757584
vt 0.708123 1.757584
vt 0.645000 1.743189
vt 0.642000 1.740189
vt 0.699697 1.758584
vt 0.699697 1.761785
vt 0.695697 1.763785
vt 0.698727 1.763027
vt 0.698727 1.764542
vt 0.698727 1.770049
vt 0.699697 1.765785
vt 0.699697 1.768807
vt 0.650000 1.813318
vt 0.695697 1.777829
vt 0.695697 1.770807
vt 0.638441 1.818472
vt 0.640431 1.816274
vt 0.640441 1.826497
vt 0.648010 1.815517
vt 0.726230 1.805826
vt 0.698727 1.771564
vt 0.698727 1.777071
vt 0.699697 1.772807
vt 0.699697 1.775829
vt 0.638441 1.824497
vt 0.698727 1.778586
vt 0.699697 1.779829
vt 0.699697 1.783030
vt 0.748104 1.826497
vt 0.750104 1.818472
vt 0.750104 1.824497
vt 0.740535 1.815517
vt 0.748114 1.816274
vt 0.736554 1.806806
vt 0.738545 1.808995
vt 0.738545 1.813318
vt 0.700697 1.784030
vt 0.338116 1.836690
vt 0.335926 1.838681
vt 0.273339 1.836690
vt 0.777200 0.753418
vt 0.838477 1.646540
vt 0.172388 0.744066
vt 0.170241 0.741864
vt 0.160015 0.730461
vt 0.160015 0.726497
vt 0.161015 0.731461
vt 1.204477 1.646540
vt 0.384507 1.728189
vt 0.783780 0.753434
vt 0.782603 0.754418
vt 0.217397 0.754418
vt 0.829759 0.741864
vt 0.827612 0.744066
vt 0.839985 0.726497
vt 0.839985 0.730461
vt 0.838985 0.731461
vt 0.615493 1.728189
vt 0.383507 1.718189
vt 0.383507 1.733189
vt 0.381507 1.735189
vt 0.359000 1.735189
vt 0.618493 1.735189
vt 0.616493 1.733189
vt 0.616493 1.718189
vt 0.641000 1.735189
vt 0.645000 1.743189
vt 0.642000 1.740189
vt 0.642000 1.736189
vt 0.649000 1.743189
vt 0.717123 1.727105
vt 0.717123 1.678377
vt 0.638441 1.818472
vt 0.640431 1.816274
vt 0.640441 1.826497
vt 0.648010 1.815517
vt 0.638441 1.824497
vt 0.750104 1.824497
vt 0.748104 1.826497
vt 0.750104 1.818472
vt 0.726230 1.805826
vt 0.748114 1.816274
vt 0.740535 1.815517
vt 0.650000 1.813318
vt 0.736554 1.806806
vt 0.738545 1.808995
vt 0.738545 1.813318
vt 0.724239 1.803637
vt 0.650000 1.744189
vt 0.695697 1.777829
vt 0.700697 1.784030
vt 0.722239 1.784030
vt 0.724239 1.786030
vt 0.699697 1.783030
vt 0.698727 1.778586
vt 0.699697 1.779829
vt 0.695697 1.770807
vt 0.699697 1.775829
vt 0.698727 1.777071
vt 0.698727 1.771564
vt 0.695697 1.763785
vt 0.699697 1.758584
vt 0.699697 1.772807
vt 0.699697 1.768807
vt 0.698727 1.770049
vt 0.699697 1.765785
vt 0.698727 1.764542
vt 0.710123 1.662716
vt 0.700697 1.757584
vt 0.710123 1.742765
vt 0.699697 1.761785
vt 0.698727 1.763027
vt 0.710123 1.755584
vt 0.708123 1.757584
vt 0.717123 1.739765
vt 0.716123 1.740765
vt 0.717123 1.737105
vt 0.712123 1.740765
vt 0.719100 1.734803
vt 0.721531 1.729778
vt 0.721531 1.734432
vt 0.719100 1.729407
vt 0.721531 1.671050
vt 0.721531 1.675704
vt 0.719100 1.676075
vt 0.717123 1.668377
vt 0.712123 1.664716
vt 0.708123 1.645540
vt 0.719100 1.670678
vt 0.716123 1.664716
vt 0.717123 1.665717
vt 0.710123 1.647540
vt 0.291877 1.645540
vt 0.289877 1.662716
vt 0.289877 1.647540
vt 0.282877 1.665717
vt 0.283877 1.664716
vt 0.282877 1.668377
vt 0.287877 1.664716
vt 0.282877 1.678377
vt 0.280900 1.670678
vt 0.278469 1.675704
vt 0.278469 1.671050
vt 0.280900 1.676075
vt 0.358000 1.736189
vt 0.358000 1.740189
vt 0.355000 1.743189
vt 0.351000 1.743189
vt 0.282877 1.727105
vt 0.350000 1.744189
vt 0.278469 1.734432
vt 0.278469 1.729778
vt 0.280900 1.729407
vt 0.282877 1.737105
vt 0.289877 1.742765
vt 0.287877 1.740765
vt 0.299303 1.757584
vt 0.280900 1.734803
vt 0.283877 1.740765
vt 0.282877 1.739765
vt 0.291877 1.757584
vt 0.289877 1.755584
vt 0.300303 1.758584
vt 0.304303 1.763785
vt 0.351990 1.815517
vt 0.359569 1.816274
vt 0.359559 1.826497
vt 0.361559 1.818472
vt 0.361559 1.824497
vt 0.251896 1.826497
vt 0.273770 1.805826
vt 0.249896 1.824497
vt 0.249896 1.818472
vt 0.251886 1.816274
vt 0.259465 1.815517
vt 0.261455 1.813318
vt 0.261455 1.808995
vt 0.263446 1.806806
vt 0.275761 1.803637
vt 0.275761 1.786030
vt 0.277761 1.784030
vt 0.299303 1.784030
vt 0.301273 1.763027
vt 0.300303 1.761785
vt 0.300303 1.765785
vt 0.301273 1.764542
vt 0.300303 1.768807
vt 0.301273 1.770049
vt 0.304303 1.770807
vt 0.300303 1.779829
vt 0.301273 1.778586
vt 0.300303 1.772807
vt 0.301273 1.771564
vt 0.301273 1.777071
vt 0.300303 1.775829
vt 0.664074 1.838681
vt 0.661884 1.836690
vt 0.660915 1.826497
vt 0.222800 0.753418
vt 0.615493 1.728189
vt 0.783780 0.753434
vt 0.782603 0.754415
vt 0.384507 1.728189
vt 0.172388 0.744066
vt 0.170241 0.741864
vt 0.160015 0.730461
vt 0.160015 0.726497
vt 0.161015 0.731461
vt 0.828523 0.291877
vt 0.171477 0.383507
vt 1.128523 0.291877
vt 1.478523 0.708123
vt 0.829759 0.741864
vt 0.827612 0.744066
vt 0.839985 0.726497
vt 0.839985 0.730461
vt 0.838985 0.731461
vt 0.261455 1.813318
vt 0.261455 1.808995
vt 0.263446 1.806806
vt 0.249896 1.818472
vt 0.251886 1.816274
vt 0.275761 1.803637
vt 0.275761 1.786030
vt 0.277761 1.784030
vt 0.299303 1.784030
vt 0.300303 1.783030
vt 0.300303 1.779829
vt 0.304303 1.777829
vt 0.301273 1.778586
vt 0.350000 1.813318
vt 0.301273 1.777071
vt 0.304303 1.770807
vt 0.300303 1.775829
vt 0.301273 1.771564
vt 0.300303 1.772807
vt 0.301273 1.770049
vt 0.301273 1.764542
vt 0.300303 1.768807
vt 0.300303 1.765785
vt 0.304303 1.763785
vt 0.301273 1.763027
vt 0.300303 1.761785
vt 0.300303 1.758584
vt 0.299303 1.757584
vt 0.291877 1.757584
vt 0.289877 1.755584
vt 0.289877 1.742765
vt 0.350000 1.744189
vt 0.287877 1.740765
vt 0.283877 1.740765
vt 0.282877 1.737105
vt 0.282877 1.739765
vt 0.351000 1.743189
vt 0.282877 1.727105
vt 0.358000 1.736189
vt 0.280900 1.734803
vt 0.280900 1.729407
vt 0.278469 1.734432
vt 0.278469 1.729778
vt 0.282877 1.678377
vt 0.359000 1.735189
vt 0.280900 1.676075
vt 0.278469 1.675704
vt 0.278469 1.671049
vt 0.280900 1.670678
vt 0.282877 1.668377
vt 0.282877 1.665716
vt 0.283877 1.664716
vt 0.287877 1.664716
vt 0.289877 1.662716
vt 0.289877 1.647540
vt 0.291877 1.645540
vt 0.383507 1.718189
vt 0.500000 1.645540
vt 0.500000 1.718189
vt 0.383507 1.733189
vt 0.381507 1.735189
vt 0.358000 1.740189
vt 0.355000 1.743189
vt 0.351990 1.815517
vt 0.359569 1.816274
vt 0.359559 1.826497
vt 0.361559 1.818472
vt 0.361559 1.824497
vt 0.249896 1.824497
vt -0.478523 0.748104
vt -0.478523 0.640441
vt 0.492620 0.748104
vt 0.695582 1.864202
vt 0.784950 0.288254
vt 0.275726 1.840664
vt 0.333332 1.865869
vt 1.521477 0.640441
vt 1.521477 0.748104
vt 0.627040 1.178396
vt 0.225417 1.178396
vt 1.092831 1.168785
vt 0.338116 1.836690
vt 0.335926 1.838681
vt 0.273339 1.836690
vt 0.695582 1.864202
vt 0.458004 0.711746
vt 0.275726 1.840664
vt 0.333332 1.865869
vt 1.096785 1.903649
vt 0.225417 1.178396
vt 0.627040 1.178396
vt 0.664074 1.838681
vt 0.661884 1.836690
vt 0.660915 1.826497
vt 0.882523 1.178396
vt 0.736554 1.806806
vt 0.738545 1.813318
vt 0.738545 1.808995
vt 0.722239 1.784030
vt 0.724239 1.786030
vt 0.724239 1.803637
vt 0.700697 1.784030
vt 0.650000 1.813318
vt 0.698727 1.778586
vt 0.699697 1.779829
vt 0.695697 1.777829
vt 0.699697 1.783030
vt 0.699697 1.775829
vt 0.698727 1.777071
vt 0.698727 1.771564
vt 0.695697 1.770807
vt 0.699697 1.772807
vt 0.699697 1.768807
vt 0.698727 1.770049
vt 0.699697 1.765785
vt 0.698727 1.764542
vt 0.695697 1.763785
vt 0.699697 1.761785
vt 0.698727 1.763027
vt 0.699697 1.758584
vt 0.710123 1.755584
vt 0.708123 1.757584
vt 0.700697 1.757584
vt 0.710123 1.742765
vt 0.650000 1.744189
vt 0.717123 1.739765
vt 0.716123 1.740765
vt 0.717123 1.737105
vt 0.712123 1.740765
vt 0.649000 1.743189
vt 0.717123 1.727105
vt 0.719100 1.734803
vt 0.719100 1.729407
vt 0.721531 1.729778
vt 0.721531 1.734432
vt 0.717123 1.678377
vt 0.642000 1.736189
vt 0.641000 1.735189
vt 0.721531 1.671049
vt 0.721531 1.675704
vt 0.719100 1.676075
vt 0.719100 1.670678
vt 0.717123 1.668377
vt 0.716123 1.664716
vt 0.717123 1.665716
vt 0.712123 1.664716
vt 0.710123 1.662716
vt 0.708123 1.645540
vt 0.710123 1.647540
vt 0.616493 1.718189
vt 0.500000 1.718189
vt 0.500000 1.645540
vt 0.618493 1.735189
vt 0.616493 1.733189
vt 0.645000 1.743189
vt 0.642000 1.740189
vt 0.638441 1.818472
vt 0.640431 1.816274
vt 0.640441 1.826497
vt 0.648010 1.815517
vt 0.638441 1.824497
vt 0.750104 1.818472
vt 0.750104 1.824497
vt 0.748114 1.816274
vn -0.0014 0.9998 -0.0207
vn 0.0014 0.9998 -0.0207
vn -0.0006 0.9983 0.0589
vn 0.0005 0.9983 0.0589
vn -0.9955 0.0947 0.0000
vn -0.9955 0.0949 -0.0001
vn -0.9913 0.1316 0.0000
vn -0.0068 1.0000 -0.0044
vn 0.0068 1.0000 -0.0043
vn 0.0068 1.0000 0.0044
vn -0.0068 1.0000 0.0043
vn 0.9955 0.0951 -0.0000
vn 0.9955 0.0947 0.0000
vn 0.9955 0.0952 0.0000
vn 0.0122 0.1978 -0.9802
vn -0.0122 0.1977 -0.9802
vn -0.0105 0.1986 -0.9800
vn 0.0105 0.1986 -0.9800
vn -0.9955 0.0952 -0.0000
vn -0.9955 0.0951 0.0000
vn -0.0068 0.9999 -0.0085
vn 0.0068 0.9999 -0.0085
vn 0.0068 1.0000 0.0000
vn -0.0068 1.0000 -0.0000
vn -0.0068 1.0000 -0.0043
vn 0.0068 1.0000 -0.0008
vn 0.0068 1.0000 0.0008
vn -0.0068 1.0000 0.0008
vn -0.0068 1.0000 -0.0008
vn -0.0122 0.1978 0.9802
vn 0.0122 0.1977 0.9802
vn 0.0105 0.1986 0.9800
vn -0.0105 0.1986 0.9800
vn 0.9953 0.0970 0.0002
vn 0.9952 0.0975 -0.0000
vn -0.0175 0.9998 0.0002
vn -0.0175 0.9998 0.0000
vn -0.0088 1.0000 0.0000
vn -0.0088 1.0000 0.0003
vn 0.0010 0.3514 -0.9362
vn 0.0002 0.4010 -0.9161
vn -0.0002 0.4010 -0.9161
vn -0.0010 0.3514 -0.9362
vn 0.0000 1.0000 0.0000
vn 0.0464 0.9989 0.0000
vn 0.9362 0.3514 0.0009
vn 0.9362 0.3514 -0.0009
vn 0.9166 0.3998 -0.0002
vn 0.9166 0.3998 0.0002
vn 0.9166 0.3999 -0.0002
vn -0.0025 1.0000 -0.0023
vn 0.0025 1.0000 -0.0023
vn -0.9161 0.4009 -0.0002
vn -0.9161 0.4009 0.0002
vn -0.9362 0.3514 0.0009
vn -0.9362 0.3514 -0.0009
vn 0.0002 0.3998 0.9166
vn -0.0002 0.3998 0.9166
vn -0.0010 0.3514 0.9362
vn 0.0010 0.3514 0.9362
vn -0.0010 0.3515 -0.9362
vn 0.0010 0.3515 -0.9362
vn 0.0003 0.4010 -0.9161
vn -0.0003 0.4010 0.9161
vn 0.0002 0.4010 0.9161
vn 0.0010 0.3515 0.9362
vn -0.0010 0.3515 0.9362
vn 0.0010 0.3513 0.9363
vn -0.9942 0.1073 0.0008
vn -0.9942 0.1073 -0.0008
vn 0.0009 0.3516 0.9362
vn 0.0025 1.0000 0.0023
vn -0.0025 1.0000 0.0023
vn -0.0011 0.3513 -0.9363
vn -0.0002 0.3998 -0.9166
vn 0.0002 0.3998 -0.9166
vn 0.0009 1.0000 -0.0009
vn -0.0009 1.0000 -0.0009
vn -0.0009 1.0000 0.0009
vn 0.0009 1.0000 0.0009
vn -0.0002 0.4010 0.9161
vn -0.0010 1.0000 0.0009
vn 0.0010 1.0000 -0.0009
vn 0.0000 0.0000 -1.0000
vn -0.9988 0.0492 -0.0069
vn -0.9988 0.0492 0.0069
vn -0.9988 0.0479 0.0054
vn -0.9988 0.0479 -0.0054
vn 0.9988 0.0492 0.0069
vn 0.9988 0.0492 -0.0069
vn 0.9988 0.0479 -0.0054
vn 0.9988 0.0479 0.0054
vn 0.9988 0.0493 0.0069
vn 0.9988 0.0480 -0.0054
vn 0.9988 0.0480 0.0054
vn -0.0225 0.9997 0.0008
vn -0.0225 0.9997 -0.0007
vn 0.0537 0.9986 0.0003
vn 0.0537 0.9986 -0.0003
vn 0.9988 0.0492 0.0068
vn 0.9988 0.0492 -0.0068
vn -0.0056 1.0000 0.0026
vn 0.0056 1.0000 0.0026
vn 0.0056 1.0000 -0.0026
vn -0.0056 1.0000 -0.0026
vn 0.0014 0.9998 0.0207
vn -0.0014 0.9998 0.0207
vn 0.0006 0.9983 -0.0589
vn -0.0005 0.9983 -0.0589
vn -0.9988 0.0493 -0.0068
vn -0.9988 0.0480 0.0054
vn -0.9988 0.0480 -0.0054
vn -0.0122 0.1977 0.9802
vn 0.0225 0.9997 -0.0008
vn 0.0225 0.9997 0.0007
vn -0.0537 0.9986 -0.0003
vn -0.0537 0.9986 0.0003
vn 0.0225 0.9997 -0.0007
vn -0.0225 0.9997 0.0007
vn -0.9953 0.0970 -0.0002
vn -0.9953 0.0970 0.0001
vn 0.9955 0.0949 -0.0001
vn 0.9942 0.1073 -0.0008
vn 0.9942 0.1073 0.0008
vn -0.0016 0.1478 0.9890
vn 0.0016 0.1478 0.9890
vn 0.0074 0.1464 0.9892
vn -0.0074 0.1464 0.9892
vn -0.0016 0.1477 0.9890
vn 0.0016 0.1477 -0.9890
vn -0.0016 0.1478 -0.9890
vn -0.0074 0.1464 -0.9892
vn 0.0074 0.1464 -0.9892
vn 0.0016 0.1478 -0.9890
vn 0.9953 0.0970 0.0001
vn 0.9913 0.1316 -0.0001
vn 0.9955 0.0953 0.0000
vn 0.2979 -0.9546 -0.0000
vn 0.2425 -0.9701 0.0000
vn 0.9803 0.1974 -0.0000
vn 0.9839 0.1789 0.0000
vn 0.9959 0.0906 -0.0000
vn 0.9959 0.0905 0.0000
vn 0.9264 0.3762 -0.0139
vn 0.9264 0.3762 0.0139
vn 0.9393 0.3431 0.0046
vn 0.9393 0.3431 -0.0046
vn 0.9982 0.0592 -0.0000
vn 0.9982 -0.0592 0.0000
vn 0.2979 0.9546 -0.0001
vn 0.2979 0.9546 0.0000
vn 0.2425 0.9701 0.0000
vn 0.9997 -0.0257 0.0000
vn 0.9997 -0.0257 -0.0002
vn 0.9959 0.0905 0.0023
vn 0.9959 0.0905 0.0005
vn 0.9959 0.0905 -0.0005
vn 0.9959 0.0905 -0.0023
vn -0.1484 -0.9889 0.0000
vn -0.1484 -0.9889 -0.0001
vn 0.0476 -0.9989 0.0000
vn 0.0905 -0.9959 0.0000
vn 0.0905 -0.9959 0.0002
vn 0.0476 -0.9989 0.0002
vn 1.0000 0.0000 0.0000
vn 0.9976 0.0698 -0.0001
vn 0.9976 0.0698 0.0000
vn 0.8201 0.5722 0.0000
vn 0.9959 0.0905 -0.0004
vn 0.9959 0.0906 -0.0019
vn 0.1509 -0.9886 0.0000
vn 0.6942 -0.7197 0.0000
vn -0.9989 0.0476 0.0000
vn -0.9989 0.0476 -0.0001
vn -0.7849 0.6197 0.0000
vn -1.0000 0.0000 0.0000
vn -0.9997 0.0260 0.0002
vn -0.9997 0.0260 0.0000
vn 0.9918 0.1266 -0.0151
vn 0.9918 0.1266 0.0151
vn 0.0000 0.0000 1.0000
vn 0.9988 0.0480 -0.0001
vn 0.9988 0.0480 0.0000
vn 0.9995 0.0302 -0.0002
vn 0.9995 0.0302 0.0000
vn -0.0011 1.0000 0.0001
vn -0.0010 1.0000 0.0001
vn 0.0000 1.0000 0.0003
vn 0.0583 0.9983 0.0000
vn 0.0303 0.9995 -0.0003
vn 0.0303 0.9995 0.0000
vn 0.0182 -0.9998 0.0001
vn 0.0182 -0.9998 0.0000
vn 0.0092 -1.0000 0.0000
vn -0.6197 0.7849 0.0000
vn -0.0476 0.9989 0.0000
vn -0.0476 0.9989 0.0002
vn 0.1484 -0.9889 0.0000
vn 0.1484 -0.9889 -0.0002
vn 0.0262 0.9997 0.0000
vn 0.0511 0.9987 -0.0002
vn 0.0511 0.9987 0.0000
vn 0.0275 0.0025 -0.9996
vn 0.0303 0.0037 -0.9995
vn 0.0275 0.0074 -0.9996
vn 0.0136 0.0017 -0.9999
vn 0.9918 0.1268 0.0151
vn 0.0303 0.0036 0.9995
vn 0.0275 0.0025 0.9996
vn 0.0136 0.0017 0.9999
vn 0.0274 0.0075 0.9996
vn 0.2510 0.9674 -0.0323
vn 0.2510 0.9675 0.0324
vn 0.2667 0.9632 0.0336
vn 0.2667 0.9632 -0.0336
vn 0.9959 0.0906 0.0001
vn 0.9959 0.0906 -0.0001
vn 0.9959 0.0905 0.0004
vn 0.9959 0.0906 0.0017
vn 0.9959 0.0905 0.0003
vn 0.2509 0.0324 0.9675
vn 0.2509 -0.0324 0.9675
vn 0.2665 -0.0336 0.9632
vn 0.2665 0.0336 0.9632
vn 0.2510 -0.9674 0.0323
vn 0.2510 -0.9675 -0.0324
vn 0.2667 -0.9632 -0.0336
vn 0.2667 -0.9632 0.0336
vn 0.9680 0.1774 -0.1776
vn 0.9680 0.1774 0.1776
vn 0.9680 -0.1774 0.1776
vn 0.9680 -0.1774 -0.1776
vn 0.9680 0.1775 -0.1776
vn 0.9680 0.1775 0.1776
vn 0.9680 -0.1775 -0.1776
vn 0.2508 -0.0324 -0.9675
vn 0.2509 0.0323 -0.9675
vn 0.2665 0.0336 -0.9632
vn 0.2665 -0.0336 -0.9632
vn 0.2511 -0.9674 -0.0323
vn 0.2511 0.9674 0.0323
vn 0.2510 0.9674 -0.0324
vn 0.2509 -0.0324 -0.9675
vn 0.2509 0.0323 0.9675
vn 0.2508 -0.0323 0.9675
vn -0.3331 0.0000 -0.9429
vn -0.3720 -0.0000 -0.9282
vn -0.3721 -0.0001 -0.9282
vn -0.3332 -0.0003 -0.9429
vn 0.2508 0.0324 -0.9675
vn 0.2508 0.0323 0.9675
vn 0.0000 -1.0000 0.0000
vn 0.9803 0.1975 -0.0000
vn 0.9995 0.0303 -0.0000
vn -0.0001 0.0000 -1.0000
vn -0.9924 0.1228 -0.0003
vn -0.9924 0.1228 0.0000
vn -0.9923 0.1236 0.0000
vn -0.9923 0.1236 0.0001
vn -0.9752 0.2215 0.0000
vn -0.9749 0.2228 0.0001
vn -0.9749 0.2228 0.0000
vn 0.1134 0.9935 0.0002
vn 0.1134 0.9935 -0.0000
vn 0.1087 0.9941 0.0000
vn 0.1087 0.9941 0.0001
vn 0.9959 0.0905 0.0046
vn -0.3331 0.0000 0.9429
vn -0.3332 -0.0003 0.9429
vn -0.3721 -0.0001 0.9282
vn -0.3720 0.0000 0.9282
vn -0.9690 -0.2469 0.0016
vn -0.9690 -0.2469 -0.0016
vn -0.9821 0.1885 0.0009
vn -0.9821 0.1885 -0.0009
vn -0.3350 -0.9422 0.0062
vn -0.3350 -0.9422 -0.0062
vn -0.3786 -0.9256 -0.0015
vn -0.3785 -0.9256 0.0015
vn -0.3516 0.9361 -0.0040
vn -0.3517 0.9361 0.0040
vn -0.3343 0.9425 0.0037
vn -0.3342 0.9425 -0.0037
vn -0.3332 0.0003 -0.9429
vn -0.3510 -0.0000 -0.9364
vn -0.3511 0.0001 -0.9363
vn -0.9966 0.0000 -0.0824
vn -0.9990 -0.0000 0.0443
vn -0.3332 0.0003 0.9429
vn -0.3511 0.0001 0.9363
vn -0.3511 0.0000 0.9363
vn -0.9966 -0.0001 0.0824
vn -0.9966 -0.0000 0.0824
vn -0.9990 0.0000 -0.0443
vn 0.9161 0.4009 -0.0002
vn 0.9161 0.4009 0.0002
vn -0.0464 0.9989 -0.0000
vn -0.0464 0.9989 0.0001
vn -0.9363 0.3513 0.0010
vn -0.9166 0.3999 0.0002
vn -0.9166 0.3998 -0.0002
vn -0.9361 0.3517 0.0009
vn 0.9924 0.1228 -0.0000
vn 0.9923 0.1236 -0.0000
vn 0.9923 0.1236 -0.0001
vn 0.9924 0.1228 0.0003
vn -0.0001 -1.0000 0.0086
vn -0.0107 -0.9999 0.0087
vn -0.0107 -0.9999 -0.0087
vn 0.0000 -1.0000 -0.0086
vn -0.9803 0.1974 0.0000
vn -0.9839 0.1789 0.0000
vn -0.9959 0.0905 0.0000
vn -0.9959 0.0905 0.0046
vn -0.9999 -0.0115 -0.0089
vn -0.9999 -0.0114 0.0089
vn -1.0000 0.0042 0.0089
vn -1.0000 0.0042 -0.0089
vn 0.0001 -0.0048 -1.0000
vn -0.0047 -0.0049 -1.0000
vn -0.0167 0.0049 -0.9998
vn -0.0121 0.0048 -0.9999
vn -1.0000 0.0042 -0.0090
vn -0.0121 0.0048 0.9999
vn -0.0167 0.0049 0.9998
vn -0.0047 -0.0049 1.0000
vn 0.0000 -0.0048 1.0000
vn -0.9283 0.3716 -0.0084
vn -0.9289 0.3703 -0.0085
vn -0.9289 0.3703 0.0085
vn -0.9283 0.3716 0.0084
vn -0.0120 0.0048 0.9999
vn -0.9959 0.0906 -0.0000
vn -0.9959 0.0905 0.0023
vn -0.9959 0.0905 -0.0023
vn -0.9959 0.0905 -0.0005
vn -0.9959 0.0905 0.0005
vn -0.9264 0.3762 -0.0139
vn -0.9393 0.3431 -0.0046
vn -0.9393 0.3431 0.0046
vn -0.9264 0.3762 0.0139
vn -0.0303 0.0037 0.9995
vn -0.0275 0.0074 0.9996
vn -0.0136 0.0017 0.9999
vn -0.0275 0.0025 0.9996
vn -0.9988 0.0480 0.0001
vn -0.9988 0.0480 0.0000
vn -0.1134 0.9935 0.0000
vn -0.1087 0.9941 0.0000
vn -0.1087 0.9941 -0.0001
vn -0.1134 0.9935 -0.0002
vn 0.0011 1.0000 0.0001
vn 0.0010 1.0000 0.0001
vn -0.0303 0.9995 0.0003
vn -0.0303 0.9995 0.0000
vn -0.0583 0.9983 0.0000
vn -0.0275 0.0025 -0.9996
vn -0.0136 0.0017 -0.9999
vn -0.0274 0.0075 -0.9996
vn -0.0303 0.0036 -0.9995
vn -0.9918 0.1268 -0.0151
vn -0.9918 0.1266 0.0151
vn -0.0274 0.0074 0.9996
vn -0.2510 0.9675 -0.0324
vn -0.2667 0.9632 -0.0336
vn -0.2667 0.9632 0.0336
vn -0.2510 0.9674 0.0323
vn -0.9918 0.1266 -0.0151
vn -0.9959 0.0905 -0.0011
vn -0.9959 0.0905 -0.0002
vn -0.9959 0.0905 0.0002
vn -0.9959 0.0905 0.0011
vn -0.2509 0.0323 0.9675
vn -0.2665 0.0336 0.9632
vn -0.2665 -0.0336 0.9632
vn -0.2509 -0.0324 0.9675
vn -0.2510 -0.9675 0.0324
vn -0.2667 -0.9632 0.0336
vn -0.2667 -0.9632 -0.0336
vn -0.2510 -0.9674 -0.0323
vn -0.9680 0.1774 -0.1776
vn -0.9680 -0.1774 -0.1776
vn -0.9680 -0.1774 0.1776
vn -0.9680 0.1774 0.1776
vn -0.9680 0.1775 -0.1776
vn -0.9680 -0.1775 0.1776
vn -0.9680 0.1775 0.1776
vn -0.2509 0.0324 -0.9675
vn -0.2509 -0.0324 -0.9675
vn -0.2665 -0.0336 -0.9632
vn -0.2665 0.0336 -0.9632
vn -0.2509 -0.0323 -0.9675
vn -0.2509 0.0323 -0.9675
vn -0.2511 -0.9674 0.0323
vn -0.9680 -0.1775 -0.1776
vn -0.2510 0.9674 0.0324
vn -0.2511 0.9674 -0.0323
vn -0.2508 0.0324 0.9675
vn -0.2508 -0.0324 0.9675
vn -0.2507 0.0324 0.9675
vn -0.2507 -0.0324 -0.9675
vn -0.2509 -0.0323 0.9675
vn -0.9803 0.1975 0.0000
vn -0.9955 0.0949 0.0001
vn 0.0536 0.9986 0.0003
vn 0.0536 0.9986 -0.0003
vn 0.9955 0.0952 -0.0001
vn 0.0068 1.0000 0.0043
vn -0.0068 0.9999 0.0085
vn 0.0068 1.0000 -0.0003
vn 0.0068 0.9999 0.0085
vn 0.0064 0.0006 -1.0000
vn -0.0064 0.0006 -1.0000
vn -0.0018 0.0477 -0.9989
vn 0.0018 0.0477 -0.9989
vn -0.9955 0.0947 0.0043
vn -0.9953 0.0969 0.0010
vn -0.9955 0.0952 -0.0001
vn -0.0018 0.0477 0.9989
vn -0.0064 0.0006 1.0000
vn 0.0064 0.0006 1.0000
vn 0.0018 0.0477 0.9989
vn 0.9953 0.0970 -0.0001
vn 0.0464 0.9989 -0.0001
vn 0.9363 0.3513 -0.0010
vn 0.9361 0.3517 -0.0009
vn -0.0010 0.3513 -0.9363
vn -0.0009 0.3516 -0.9362
vn 0.0010 0.3513 0.9362
vn -0.0536 0.9986 -0.0003
vn -0.0536 0.9986 0.0003
vn -0.0122 0.1978 -0.9802
vn -0.9955 0.0947 -0.0011
vn -0.9955 0.0947 -0.0043
vn 0.0122 0.1977 -0.9802
vn -0.9988 0.0492 0.0068
vn -0.9988 0.0492 -0.0068
vn -0.0006 0.9982 0.0596
vn 0.0005 0.9982 0.0596
vn 0.0006 0.9982 -0.0596
vn -0.0005 0.9982 -0.0596
vn 0.0014 0.9998 -0.0206
vn -0.0014 0.9998 -0.0206
vn -0.9942 0.1079 0.0009
vn -0.9942 0.1078 -0.0009
vn 0.9955 0.0949 0.0001
vn 0.9942 0.1079 -0.0009
vn 0.9942 0.1078 0.0009
vn 0.9953 0.0969 0.0010
vn 0.9955 0.0947 -0.0011
vn 0.9942 0.1079 -0.0008
vn 0.9942 0.1079 0.0009
vn 0.9955 0.0952 0.0001
vn -0.9942 0.1079 0.0008
vn -0.9942 0.1079 -0.0009
vn 0.0069 0.0660 0.9978
vn -0.0069 0.0660 0.9978
vn -0.0069 0.0660 -0.9978
vn 0.0069 0.0660 -0.9978
vn 0.9913 0.1316 0.0000
vn 0.2979 -0.9546 0.0001
vn 0.9959 0.0905 -0.0046
vn 0.2509 -0.0323 0.9675
vn 0.9680 -0.1775 0.1776
vn 0.2507 0.0324 -0.9675
vn 0.2509 -0.0323 -0.9675
vn -0.0001 0.0000 1.0000
vn 0.9998 -0.0221 0.0000
vn 0.9998 -0.0221 -0.0001
vn 0.9998 -0.0222 0.0002
vn 0.9998 -0.0222 0.0000
vn -0.9166 0.3998 0.0002
vn -0.9959 0.0905 -0.0046
vn -1.0000 0.0042 0.0090
vn -0.2508 -0.0323 -0.9675
vn 0.0229 0.0023 0.9997
vn 0.0152 0.0019 0.9999
vn 0.0307 0.0083 0.9995
vn -0.2508 0.0323 -0.9675
vn 0.0262 0.0030 -0.9997
vn 0.0318 0.0086 -0.9995
vn 0.0158 0.0020 -0.9999
vn 0.2510 -0.9675 -0.0323
vn -0.0017 0.1478 0.9890
vn 0.9955 0.0947 -0.0043
vn 0.9955 0.0947 0.0043
vn 0.9981 -0.0615 0.0000
vn 0.9981 0.0621 0.0000
vn 0.9998 -0.0221 -0.0002
vn 0.9998 -0.0222 0.0001
vn 0.1311 -0.9914 0.0000
vn 0.1311 -0.9914 -0.0002
vn 0.1311 -0.9914 0.0001
vn 0.1311 -0.9914 0.0003
vn -0.0037 1.0000 0.0000
vn 0.0037 1.0000 -0.0000
vn 0.0905 0.9959 0.0000
vn 0.0476 0.9989 0.0000
vn -0.0088 1.0000 0.0001
vn -1.0000 0.0029 0.0000
vn -1.0000 -0.0057 0.0000
vn -1.0000 -0.0057 0.0003
vn -0.9981 -0.0615 0.0001
vn -0.9981 -0.0615 0.0000
vn -0.9981 0.0621 0.0002
vn -0.9981 0.0621 0.0000
vn 0.9997 -0.0257 0.0002
vn -0.0002 -1.0000 0.0000
vn -0.0007 -1.0000 0.0000
vn 0.0011 -1.0000 -0.0000
vn -1.0000 -0.0057 -0.0001
vn 0.9981 -0.0615 0.0001
vn -0.3939 0.9191 0.0000
vn -0.0476 0.9989 -0.0001
vn 0.0905 0.9959 -0.0002
vn 0.0476 0.9989 -0.0002
vn 0.0013 -1.0000 0.0000
vn -0.0005 -1.0000 0.0000
vn 1.0000 -0.0081 -0.0000
vn 1.0000 0.0081 0.0000
vn 0.9976 -0.0698 -0.0000
vn 0.8201 -0.5722 -0.0000
vn 0.9976 -0.0698 0.0002
vn 0.8201 -0.5722 0.0001
vn 0.6942 0.7197 -0.0000
vn 0.1509 0.9886 0.0000
vn 0.9982 0.0592 -0.0002
vn 0.9983 -0.0587 0.0000
vn 0.9984 -0.0562 -0.0000
vn -0.9191 0.3939 0.0000
vn 0.9984 0.0562 0.0000
vn 0.9983 0.0587 0.0000
vn 0.9983 0.0587 0.0001
vn 0.9984 0.0562 -0.0001
vn 0.9983 0.0587 -0.0002
vn 0.6942 -0.7197 0.0001
vn 0.9983 -0.0587 -0.0001
vn 0.9984 -0.0562 0.0001
vn 0.0254 0.0000 -0.9997
vn 0.0254 0.0001 -0.9997
vn 1.0000 -0.0000 -0.0022
vn 0.9752 0.2215 0.0000
vn 0.9749 0.2228 0.0000
vn 0.0008 1.0000 -0.0000
vn -0.0002 1.0000 -0.0000
vn -0.0003 1.0000 -0.0001
vn -0.1304 -0.9915 -0.0000
vn -0.1320 -0.9912 -0.0000
vn -0.1325 -0.9912 0.0001
vn -0.1306 -0.9914 0.0001
vn -0.9671 -0.1326 -0.2170
vn -0.9695 -0.1533 0.1914
vn -0.9605 -0.2431 -0.1350
vn 0.0510 0.9987 -0.0005
vn -0.0224 0.9997 -0.0031
vn -0.0254 0.9997 -0.0015
vn 0.0497 0.9988 0.0006
vn 0.0227 0.1931 0.9809
vn 0.1072 0.1788 0.9780
vn 0.0862 0.2158 0.9726
vn -0.9990 0.0424 -0.0102
vn -0.9985 0.0554 -0.0044
vn -0.9983 0.0577 0.0000
vn -0.9983 0.0572 -0.0087
vn 0.0057 1.0000 0.0018
vn 0.0057 1.0000 -0.0027
vn 0.0005 1.0000 -0.0005
vn 0.9953 0.0968 -0.0004
vn 0.9952 0.0976 -0.0013
vn -0.0021 0.1526 -0.9883
vn 0.0020 0.1417 -0.9899
vn 0.0030 0.1380 -0.9904
vn 0.6641 0.2790 0.6936
vn 0.7662 0.2565 0.5892
vn 0.7768 0.2595 0.5738
vn -0.7449 -0.6334 0.2096
vn -0.9181 -0.2140 0.3337
vn 0.0175 0.9998 -0.0000
vn 0.0035 1.0000 -0.0000
vn 0.0018 1.0000 -0.0000
vn 0.0088 1.0000 0.0001
vn -0.9982 0.0592 0.0000
vn -0.9982 -0.0592 0.0002
vn -0.9999 -0.0126 0.0000
vn -0.9999 0.0126 0.0000
vn -1.0000 -0.0081 0.0000
vn -1.0000 0.0081 0.0000
vn -1.0000 0.0016 0.0001
vn -1.0000 -0.0016 0.0000
vn -1.0000 -0.0053 -0.0000
vn -0.9997 -0.0257 0.0000
vn -1.0000 -0.0052 -0.0000
vn -0.2979 -0.9546 -0.0001
vn -0.2544 -0.9671 0.0000
vn -0.2425 -0.9701 0.0000
vn -0.9999 -0.0148 -0.0000
vn -0.9976 -0.0698 0.0000
vn -0.8201 -0.5722 0.0000
vn -0.9981 -0.0614 0.0000
vn -0.9981 0.0623 -0.0002
vn -0.9981 0.0623 -0.0000
vn -0.2979 0.9546 -0.0001
vn -0.2544 0.9671 0.0000
vn -0.2425 0.9701 0.0000
vn 1.0000 0.0053 -0.0000
vn 0.9997 0.0260 -0.0000
vn 0.1484 -0.9889 0.0003
vn 0.1484 -0.9889 -0.0001
vn 0.1097 -0.9940 -0.0000
vn 0.9981 -0.0615 -0.0001
vn 0.9999 -0.0130 -0.0000
vn 0.9999 0.0131 -0.0000
vn -0.6942 0.7197 0.0001
vn -0.7450 0.6671 0.0000
vn -0.1509 0.9886 0.0000
vn -0.1509 -0.9886 0.0000
vn -0.6942 -0.7197 0.0001
vn -0.7450 -0.6671 0.0000
vn 0.6196 0.7849 0.0000
vn 0.6197 0.7849 -0.0000
vn 0.0099 1.0000 0.0000
vn -0.9999 -0.0123 0.0000
vn -0.9983 -0.0587 -0.0000
vn -0.9984 -0.0562 0.0001
vn -0.9999 -0.0119 0.0000
vn -1.0000 -0.0045 -0.0000
vn -0.9998 -0.0216 -0.0001
vn -0.9997 -0.0226 0.0000
vn -0.6942 -0.7197 0.0000
vn -0.9643 -0.1468 -0.2203
vn -0.9782 -0.0886 -0.1879
vn -0.9826 0.0247 -0.1843
vn -0.6942 0.7197 0.0000
vn -0.9984 -0.0562 0.0000
vn 1.0000 0.0099 0.0000
vn 0.9989 0.0476 -0.0000
vn 0.7849 0.6197 -0.0000
vn 0.7849 0.6196 0.0000
vn -1.0000 0.0062 0.0000
vn -0.9995 0.0302 0.0000
vn 0.4778 0.7891 -0.3860
vn 0.5515 0.7824 -0.2893
vn 0.4647 0.8240 -0.3240
vn -0.9995 0.0303 -0.0000
vn -0.9995 0.0302 -0.0002
vn -0.9811 0.0051 -0.1933
vn -0.9763 -0.1009 -0.1914
vn -0.9965 -0.0838 -0.0000
vn -0.9966 -0.0823 0.0000
vn -0.9966 -0.0823 -0.0001
vn -0.9999 0.0119 0.0000
vn -0.9999 0.0123 -0.0000
vn -0.9983 0.0587 0.0000
vn -0.9984 0.0562 0.0002
vn -0.9976 0.0698 0.0001
vn -0.9999 0.0148 0.0000
vn -0.8201 0.5722 -0.0000
vn -0.0196 0.9998 0.0000
vn -0.0905 0.9959 0.0000
vn -0.0099 1.0000 0.0000
vn 1.0000 0.0006 0.0000
vn 1.0000 0.0029 -0.0001
vn 1.0000 -0.0057 -0.0000
vn 1.0000 -0.0011 0.0000
vn -0.0262 0.9997 0.0000
vn -0.0054 1.0000 -0.0000
vn -0.0107 0.9999 -0.0000
vn -0.0511 0.9987 0.0000
vn -0.9982 0.0592 0.0001
vn -0.9982 -0.0592 0.0000
vn -0.9984 0.0562 0.0000
vn -0.2979 -0.9546 0.0000
vn -0.9981 0.0622 0.0000
vn -0.6942 -0.7197 -0.0001
vn -0.6942 0.7197 0.0002
vn -0.1306 -0.9914 -0.0000
vn -0.1325 -0.9912 -0.0001
vn -0.1304 -0.9915 -0.0003
vn -0.9295 -0.0394 0.3666
vn -0.9966 -0.0828 0.0002
vn -0.9965 -0.0831 0.0002
vn -0.9965 -0.0840 0.0002
vn -0.9965 -0.0838 0.0001
vn -0.0476 -0.9989 0.0000
vn -0.0905 -0.9959 0.0000
vn -0.0196 -0.9998 0.0000
vn -0.0099 -1.0000 0.0000
vn -0.0476 -0.9989 0.0001
vn -0.0035 1.0000 0.0001
vn -0.0002 1.0000 0.0001
vn -0.0037 -1.0000 0.0000
vn -0.0182 -0.9998 0.0000
vn -0.0092 -1.0000 0.0000
vn -0.0019 -1.0000 0.0000
vn 0.0088 1.0000 -0.0000
vn -0.9976 0.0698 0.0000
vn -0.2979 0.9546 0.0000
vn -0.9998 -0.0222 0.0000
vn -0.9998 -0.0219 0.0000
vn 0.9981 0.0621 0.0001
vn 0.9997 0.0260 0.0002
vn 1.0000 0.0029 -0.0000
vn 1.0000 -0.0057 0.0001
vn -0.0182 -0.9998 -0.0002
vn -0.9997 -0.0257 -0.0001
vn -0.9529 -0.0213 0.3025
vn -0.9472 -0.1135 0.3000
vn 0.0294 0.9994 -0.0174
vn 0.0187 0.9750 -0.2216
vn 0.0029 0.9961 0.0887
vn 0.4189 0.8478 -0.3252
vn 0.5175 0.8039 -0.2931
vn 0.4580 0.8531 -0.2497
vn -0.0010 0.0912 -0.9958
vn 0.0011 0.0911 -0.9958
vn 0.0012 -0.0823 -0.9966
vn -0.0012 -0.0823 -0.9966
vn 0.4555 0.8553 -0.2470
vn 0.4367 0.8817 -0.1789
vn 0.4246 0.8780 -0.2210
vn 0.4247 0.8255 -0.3718
vn 0.4050 0.8965 -0.1796
vn 0.3736 0.8866 -0.2728
vn 0.4795 0.8250 -0.2992
vn 0.0004 -0.9961 -0.0879
vn -0.0004 -0.9961 -0.0879
vn -0.0001 -0.9988 -0.0480
vn 0.0002 -0.9988 -0.0480
vn -0.0373 -0.0002 0.9993
vn -0.0374 0.0002 0.9993
vn -0.0371 0.0002 0.9993
vn -0.0372 -0.0002 0.9993
vn -0.0026 0.0002 -1.0000
vn -0.0026 0.0001 -1.0000
vn 0.0044 -0.0002 -1.0000
vn -0.8387 -0.0594 0.5413
vn -0.8495 -0.0580 0.5244
vn -0.8649 -0.0586 0.4985
vn -0.9669 -0.2553 0.0013
vn -0.9434 0.3315 0.0014
vn -0.9453 0.3261 0.0000
vn -0.9663 -0.2575 -0.0000
vn -0.9959 0.0905 -0.0001
vn -0.0016 -0.0000 -1.0000
vn 0.0055 -0.0001 -1.0000
vn -0.0490 0.9983 0.0307
vn -0.0004 1.0000 0.0000
vn -0.0006 1.0000 0.0005
vn -0.0044 0.0004 1.0000
vn 0.0043 -0.0000 1.0000
vn 0.0043 -0.0002 1.0000
vn -0.0043 0.0002 1.0000
vn -0.0033 -0.0000 1.0000
vn -0.0005 -0.0001 1.0000
vn 0.0055 0.0001 1.0000
vn -0.4442 -0.8959 -0.0010
vn -0.4271 -0.9042 0.0000
vn -0.4276 -0.9040 0.0000
vn -0.4481 -0.8940 -0.0010
vn 1.0000 0.0001 -0.0042
vn 1.0000 -0.0001 -0.0041
vn 1.0000 -0.0001 0.0042
vn 1.0000 0.0001 0.0042
vn -0.4491 -0.8935 0.0000
vn -0.4446 -0.8957 0.0000
vn -1.0000 -0.0001 -0.0008
vn -1.0000 -0.0000 0.0012
vn -1.0000 -0.0000 -0.0012
vn -1.0000 -0.0001 0.0016
vn -0.9659 -0.2588 -0.0000
vn -0.9707 0.2403 0.0000
vn -0.6698 -0.6775 -0.3040
vn -0.6698 -0.6775 0.3040
vn -0.4009 -0.9161 -0.0000
vn -0.8447 0.4740 0.2487
vn -0.8447 0.4740 -0.2487
vn -0.8120 0.5836 -0.0000
vn -0.9959 0.0906 -0.0063
vn -0.9959 0.0906 -0.0012
vn -0.9958 0.0905 0.0145
vn -0.9958 0.0905 -0.0121
vn -0.4171 0.0381 -0.9081
vn -0.4169 0.0377 -0.9082
vn -0.3807 0.0339 -0.9241
vn -0.3813 0.0354 -0.9238
vn -0.9957 0.0904 -0.0208
vn -0.0003 0.0924 0.9957
vn -0.0002 -0.0812 0.9967
vn 0.0013 -0.0813 0.9967
vn 0.0012 0.0927 0.9957
vn -0.0001 0.9995 0.0316
vn -0.0000 0.9993 0.0374
vn 0.0002 0.9993 0.0374
vn 0.0001 0.9995 0.0316
vn -0.9659 -0.2588 -0.0088
vn -0.9468 0.3218 -0.0104
vn -0.7648 -0.4814 0.4283
vn -0.7640 -0.4855 0.4250
vn -0.7565 -0.4936 0.4290
vn -0.0374 -0.0002 -0.9993
vn -0.0372 -0.0001 -0.9993
vn -0.0371 0.0002 -0.9993
vn -0.0373 0.0002 -0.9993
vn -0.4170 0.0378 0.9081
vn -0.4171 0.0381 0.9081
vn -0.3814 0.0354 0.9237
vn -0.3807 0.0339 0.9241
vn -0.0307 -0.9991 -0.0294
vn -0.0306 -0.9991 0.0294
vn -0.0246 -0.9993 0.0273
vn -0.0246 -0.9993 -0.0273
vn -0.9958 0.0905 0.0121
vn -0.9953 0.0905 0.0340
vn -0.9958 0.0905 -0.0140
vn -0.0134 0.9999 0.0002
vn -0.0151 0.9998 0.0116
vn -0.0155 0.9999 0.0002
vn -0.3814 0.0354 -0.9237
vn 0.9210 0.3896 0.0022
vn 0.9976 0.0687 0.0006
vn 0.9976 0.0688 -0.0006
vn 0.9210 0.3896 -0.0022
vn 0.4060 -0.9139 0.0003
vn 0.4060 -0.9139 -0.0003
vn 0.4092 -0.9124 -0.0003
vn 0.4093 -0.9124 0.0003
vn -0.0016 1.0000 -0.0001
vn -0.0491 0.9983 -0.0307
vn -0.0005 1.0000 -0.0005
vn -0.9953 0.0904 0.0339
vn -0.9997 0.0002 -0.0264
vn -0.9997 -0.0002 -0.0264
vn -0.9997 -0.0002 0.0264
vn -0.9997 0.0002 0.0264
vn -0.4519 -0.8921 0.0013
vn -0.4435 -0.8963 0.0006
vn 0.0368 0.9993 0.0001
vn 0.0368 0.9993 -0.0001
vn 0.0326 0.9995 -0.0001
vn 0.0326 0.9995 0.0001
vn 0.9966 -0.0821 0.0010
vn 0.9966 -0.0822 -0.0010
vn 0.9958 0.0919 -0.0009
vn 0.9958 0.0919 0.0009
vn -0.0003 -0.2696 -0.9630
vn -0.0016 -0.2625 -0.9649
vn -0.0001 -0.2758 -0.9612
vn -0.9998 0.0000 -0.0210
vn -0.9998 0.0001 -0.0210
vn -0.9998 0.0001 -0.0217
vn -0.9998 0.0000 -0.0217
vn -0.0145 0.9999 -0.0000
vn 0.0497 -0.9988 -0.0001
vn 0.0497 -0.9988 0.0001
vn 0.0924 -0.9957 0.0003
vn 0.0924 -0.9957 -0.0003
vn -0.9998 0.0001 0.0210
vn -0.9998 -0.0000 0.0210
vn -0.9998 -0.0000 0.0217
vn -0.9998 0.0002 0.0217
vn -0.0362 -0.9993 -0.0016
vn -0.0399 -0.9992 -0.0015
vn -0.0399 -0.9992 0.0014
vn -0.0362 -0.9993 0.0016
vn -0.0237 0.0002 -0.9997
vn -0.0237 -0.0002 -0.9997
vn -0.0236 -0.0002 -0.9997
vn -0.0237 0.0001 -0.9997
vn -0.0237 -0.0002 0.9997
vn -0.0237 0.0002 0.9997
vn -0.0236 0.0002 0.9997
vn -0.0237 -0.0001 0.9997
vn -0.0199 0.9995 -0.0246
vn -0.0200 0.9995 0.0246
vn -1.0000 0.0001 -0.0064
vn -1.0000 -0.0000 0.0013
vn -1.0000 -0.0001 0.0009
vn -0.0051 1.0000 -0.0000
vn 0.9954 0.0960 0.0000
vn 0.0066 1.0000 0.0003
vn -0.0066 1.0000 0.0003
vn -0.0066 1.0000 -0.0003
vn 0.0066 1.0000 -0.0003
vn -0.9954 0.0960 0.0000
vn -0.9913 0.1316 0.0001
vn -0.9952 0.0975 -0.0002
vn -0.0048 1.0000 0.0000
vn -0.0925 -0.9957 -0.0002
vn -0.0856 -0.9963 -0.0004
vn -0.0857 -0.9963 0.0003
vn -0.0926 -0.9957 0.0003
vn 0.0003 -0.9961 -0.0879
vn 0.0000 -0.9961 -0.0877
vn -0.0002 -0.9959 -0.0907
vn 0.0003 -0.9959 -0.0904
vn 0.9990 0.0437 0.0006
vn 0.9990 0.0437 -0.0007
vn 0.9991 0.0432 -0.0006
vn 0.9991 0.0432 0.0005
vn 0.0029 0.3896 -0.9210
vn 0.0008 0.0691 -0.9976
vn -0.0008 0.0691 -0.9976
vn -0.0029 0.3897 -0.9210
vn -0.0033 1.0000 0.0005
vn 0.0033 1.0000 0.0005
vn 0.0033 1.0000 -0.0005
vn -0.0033 1.0000 -0.0005
vn -0.9990 0.0437 -0.0006
vn -0.9990 0.0437 0.0006
vn -0.9991 0.0432 0.0006
vn -0.9991 0.0432 -0.0005
vn 0.0008 0.0438 -0.9990
vn -0.0008 0.0439 -0.9990
vn -0.0007 0.0432 -0.9991
vn 0.0007 0.0432 -0.9991
vn -0.0029 0.3896 0.9210
vn -0.0008 0.0691 0.9976
vn 0.0008 0.0691 0.9976
vn 0.0029 0.3897 0.9210
vn 0.0002 0.9987 0.0512
vn -0.0002 0.9987 0.0513
vn -0.0002 0.9983 0.0579
vn 0.0002 0.9983 0.0579
vn 0.0559 0.9984 -0.0002
vn 0.0559 0.9984 0.0002
vn 0.0617 0.9981 0.0002
vn 0.0617 0.9981 -0.0002
vn -0.0002 0.9987 -0.0512
vn 0.0002 0.9987 -0.0512
vn 0.0002 0.9983 -0.0579
vn -0.0002 0.9983 -0.0579
vn -0.0559 0.9984 0.0002
vn -0.0559 0.9984 -0.0002
vn -0.0617 0.9981 -0.0002
vn -0.0617 0.9981 0.0002
vn -0.9988 0.0493 -0.0069
vn -0.0510 0.9987 0.0005
vn 0.0224 0.9997 0.0031
vn 0.0254 0.9997 0.0014
vn -0.0497 0.9988 -0.0006
vn -0.0227 0.1930 -0.9809
vn -0.1072 0.1788 -0.9780
vn -0.0862 0.2158 -0.9726
vn 0.0842 -0.9964 0.0002
vn 0.0842 -0.9964 -0.0002
vn 0.0936 -0.9956 -0.0003
vn 0.0936 -0.9956 0.0003
vn -0.0057 1.0000 -0.0018
vn -0.0057 1.0000 0.0027
vn -0.0005 1.0000 0.0005
vn 0.9988 0.0493 0.0068
vn 0.9991 0.0424 0.0102
vn 0.9985 0.0554 0.0044
vn 0.9983 0.0577 0.0000
vn 0.9983 0.0572 0.0087
vn -0.9953 0.0968 0.0004
vn -0.9952 0.0976 0.0013
vn 0.0021 0.1526 0.9883
vn -0.0020 0.1417 0.9899
vn -0.0030 0.1380 0.9904
vn -0.9999 -0.0108 0.0014
vn -0.9999 -0.0108 -0.0014
vn -0.9995 -0.0329 -0.0003
vn -0.9995 -0.0329 0.0003
vn 0.9604 -0.2785 -0.0007
vn 0.9604 -0.2785 0.0007
vn 0.9627 -0.2707 0.0007
vn 0.9627 -0.2707 -0.0007
vn 0.0009 -0.2776 0.9607
vn -0.0009 -0.2775 0.9607
vn -0.0009 -0.2696 0.9630
vn 0.0009 -0.2696 0.9630
vn -0.9627 -0.2707 0.0007
vn -0.9606 -0.2779 -0.0001
vn -0.9627 -0.2707 -0.0002
vn -0.0001 0.9995 -0.0307
vn 0.0002 0.9995 -0.0308
vn 0.0001 0.9993 -0.0384
vn -0.0001 0.9993 -0.0385
vn -0.0002 -0.9133 0.4072
vn -0.0005 -0.9139 0.4060
vn 0.0004 -0.9140 0.4057
vn 0.0004 -0.9134 0.4070
vn -0.9958 0.0905 0.0118
vn -0.9958 0.0905 -0.0118
vn 1.0000 0.0000 0.0042
vn 1.0000 -0.0000 -0.0042
vn 1.0000 0.0000 -0.0041
vn 1.0000 0.0000 0.0041
vn 1.0000 -0.0002 -0.0042
vn 1.0000 -0.0002 0.0042
vn -0.0039 0.0004 1.0000
vn 0.0041 -0.0002 1.0000
vn -0.3088 -0.9511 0.0003
vn -0.3087 -0.9511 -0.0003
vn -0.3397 -0.9405 -0.0004
vn -0.3397 -0.9405 0.0005
vn -0.0004 -0.9129 -0.4081
vn 0.0004 -0.9130 -0.4080
vn 0.0004 -0.9145 -0.4045
vn -0.0004 -0.9145 -0.4046
vn 0.8767 -0.4811 -0.0032
vn 0.8767 -0.4811 0.0032
vn 0.9813 -0.1925 0.0009
vn 0.9813 -0.1924 -0.0010
vn -0.8767 -0.4811 0.0032
vn -0.8767 -0.4811 -0.0032
vn -0.9813 -0.1925 -0.0009
vn -0.9813 -0.1924 0.0010
vn 0.3088 -0.9511 -0.0003
vn 0.3088 -0.9511 0.0004
vn 0.3397 -0.9405 0.0004
vn 0.3397 -0.9405 -0.0005
vn -0.0012 -0.1955 0.9807
vn 0.0012 -0.1955 0.9807
vn 0.0040 -0.4844 0.8748
vn -0.0040 -0.4844 0.8748
vn -0.0001 1.0000 -0.0055
vn -0.0004 1.0000 -0.0007
vn 0.0000 1.0000 0.0047
vn -0.0006 -0.9408 0.3390
vn 0.0006 -0.9408 0.3390
vn 0.0004 -0.9511 0.3089
vn -0.0004 -0.9511 0.3089
vn -0.0040 -0.4844 -0.8748
vn 0.0040 -0.4844 -0.8748
vn 0.0012 -0.1954 -0.9807
vn -0.0012 -0.1955 -0.9807
vn -0.0004 -0.9511 -0.3089
vn 0.0004 -0.9511 -0.3089
vn 0.0006 -0.9408 -0.3390
vn -0.0006 -0.9408 -0.3390
vn 0.0000 1.0000 -0.0042
vn -0.0001 1.0000 0.0063
vn -0.0000 1.0000 0.0063
vn 0.9967 -0.0806 0.0008
vn 0.9967 -0.0806 -0.0008
vn 0.9991 0.0422 -0.0007
vn 0.9991 0.0421 0.0008
vn -0.0064 1.0000 -0.0001
vn -0.0064 1.0000 0.0000
vn 0.0048 1.0000 0.0000
vn -0.9991 0.0421 -0.0002
vn -0.9967 -0.0806 -0.0001
vn -0.9967 -0.0809 0.0008
vn -0.9991 0.0421 0.0008
vn 0.0012 -0.0828 -0.9966
vn -0.0001 -0.0823 -0.9966
vn -0.0002 0.0418 -0.9991
vn 0.0011 0.0417 -0.9991
vn -0.0010 -0.0806 0.9967
vn 0.0009 -0.0806 0.9967
vn 0.0008 0.0422 0.9991
vn -0.0008 0.0422 0.9991
vn -0.0003 -0.9965 0.0838
vn 0.0003 -0.9965 0.0837
vn 0.0003 -0.9956 0.0939
vn -0.0003 -0.9956 0.0939
vn -0.9210 0.3896 0.0022
vn -0.9210 0.3896 -0.0022
vn -0.9976 0.0691 -0.0006
vn -0.9976 0.0690 0.0006
vn 0.0041 -0.0000 -1.0000
vn -0.0039 0.0004 -1.0000
vn 0.0044 -0.0007 -1.0000
vn -0.0924 -0.9957 0.0003
vn -0.0497 -0.9988 0.0001
vn -0.0498 -0.9988 -0.0001
vn -0.0924 -0.9957 -0.0003
vn -0.0374 -0.0001 -0.9993
vn -0.4153 0.0380 0.9089
vn -0.3795 0.0357 0.9245
vn -0.3787 0.0342 0.9249
vn -0.4151 0.0377 0.9090
vn 1.0000 -0.0001 -0.0042
vn 0.0054 -0.0001 1.0000
vn -0.0032 -0.0000 1.0000
vn -0.0006 1.0000 -0.0005
vn -0.0005 1.0000 0.0000
vn -0.4150 0.0379 -0.9090
vn -0.3793 0.0351 -0.9246
vn -0.3800 0.0357 -0.9243
vn -0.4152 0.0381 -0.9089
vn -0.0002 0.9995 -0.0308
vn -0.4442 -0.8959 0.0010
vn -0.4481 -0.8940 0.0010
vn -1.0000 0.0001 0.0011
vn -1.0000 -0.0000 0.0025
vn -1.0000 -0.0003 0.0005
vn -1.0000 -0.0001 -0.0010
vn -0.0044 0.0004 -1.0000
vn -0.0043 0.0002 -1.0000
vn 0.0043 -0.0002 -1.0000
vn 0.0043 -0.0007 -1.0000
vn -0.8120 0.5837 -0.0000
vn -0.4167 0.0371 -0.9083
vn -0.3809 0.0314 -0.9241
vn -0.3816 0.0316 -0.9238
vn -0.4167 0.0372 -0.9083
vn 0.0044 -0.0001 1.0000
vn -0.0002 0.0000 1.0000
vn -0.0004 0.0001 1.0000
vn -0.9959 0.0905 -0.0025
vn -0.9959 0.0902 0.0060
vn -0.9959 0.0905 0.0006
vn -0.4168 0.0398 0.9081
vn -0.3811 0.0350 0.9239
vn -0.3808 0.0314 0.9241
vn -0.4170 0.0372 0.9081
vn -0.0003 -0.0000 -1.0000
vn -0.0023 -0.0000 -1.0000
vn -0.9659 -0.2588 0.0088
vn -0.9468 0.3218 0.0104
vn -0.9954 0.0903 0.0320
vn -0.0009 -0.2776 0.9607
vn -0.9958 0.0905 0.0140
vn -0.9953 0.0905 -0.0340
vn -0.0002 -0.9989 -0.0477
vn 0.0002 -0.9989 -0.0478
vn 0.9976 0.0690 0.0006
vn 0.9976 0.0690 -0.0006
vn 0.4092 -0.9124 0.0004
vn -0.9953 0.0904 -0.0340
vn -0.0002 0.9995 0.0308
vn -0.0001 0.9993 0.0385
vn 0.0001 0.9993 0.0384
vn 0.0001 0.9995 0.0308
vn 0.0004 -0.9961 0.0879
vn 0.0002 -0.9989 0.0478
vn -0.0002 -0.9989 0.0477
vn -0.0004 -0.9961 0.0879
vn -0.9468 0.3218 -0.0103
vn -1.0000 0.0001 0.0062
vn -1.0000 -0.0000 -0.0010
vn -0.0004 -0.9145 -0.4045
vn 0.0220 0.9997 -0.0048
vn -0.0530 0.9986 -0.0038
vn -0.0468 0.9989 0.0051
vn 0.0321 0.9995 -0.0026
vn 0.9954 0.0959 -0.0000
vn -0.9954 0.0959 0.0000
vn -0.9955 0.0948 -0.0000
vn -0.0068 1.0000 0.0003
vn -0.0842 -0.9964 0.0002
vn -0.0936 -0.9956 0.0003
vn -0.0936 -0.9956 -0.0003
vn -0.0842 -0.9964 -0.0002
vn -0.9990 0.0437 0.0007
vn 0.0008 0.0439 0.9990
vn 0.0007 0.0432 0.9991
vn -0.0007 0.0432 0.9991
vn -0.0008 0.0438 0.9990
vn 0.0029 0.3897 -0.9210
vn 0.9990 0.0437 -0.0006
vn 0.0002 0.9983 0.0580
vn -0.4246 0.8780 0.2210
vn -0.4189 0.8478 0.3252
vn -0.4580 0.8531 0.2498
vn 0.9992 0.0376 -0.0130
vn 0.9698 0.2439 -0.0085
vn 0.9633 0.2684 -0.0053
vn 0.9981 0.0613 -0.0058
vn -0.0680 0.2600 0.9632
vn -0.0675 0.3744 0.9248
vn -0.1062 0.2301 0.9674
vn -0.1401 0.1562 0.9777
vn 0.0122 0.1978 0.9802
vn 0.0036 1.0000 -0.0004
vn -0.0059 1.0000 -0.0027
vn -0.0058 1.0000 0.0016
vn -0.1139 0.9891 -0.0933
vn -0.4172 0.8764 -0.2406
vn -0.2210 0.9227 -0.3157
vn -0.0014 0.9998 0.0206
vn 0.0014 0.9998 0.0206
vn -0.1702 0.9850 -0.0272
vn -0.4733 0.8603 -0.1892
vn -0.3311 0.9380 -0.1029
vn -0.9953 0.0965 0.0004
vn -0.9954 0.0956 -0.0031
vn -0.9955 0.0947 0.0001
vn 0.0074 0.1298 -0.9915
vn 0.0183 0.1304 -0.9913
vn 0.0104 0.1426 -0.9897
vn -0.9955 0.0950 0.0000
vn 0.0009 -0.2775 -0.9607
vn 0.0009 -0.2696 -0.9630
vn -0.0009 -0.2696 -0.9630
vn -0.0009 -0.2776 -0.9607
vn -0.9604 -0.2785 0.0007
vn -0.9604 -0.2785 -0.0007
vn -0.9627 -0.2707 -0.0007
vn -0.9956 0.0905 0.0250
vn -0.0134 0.9999 -0.0001
vn -0.0164 0.9999 -0.0002
vn -0.9959 0.0905 0.0088
vn -0.9958 0.0905 -0.0156
vn -0.0004 -0.9129 0.4081
vn -0.0004 -0.9145 0.4046
vn 0.0004 -0.9145 0.4045
vn 0.0004 -0.9130 0.4081
vn -0.0000 1.0000 0.0062
vn -0.0012 -0.1954 0.9807
vn -0.0164 0.9999 0.0002
vn -0.0134 0.9999 0.0001
vn 0.0000 1.0000 0.0042
vn 0.0001 1.0000 -0.0063
vn 0.0000 1.0000 -0.0063
vn -0.0003 -0.9965 -0.0837
vn -0.0003 -0.9956 -0.0939
vn 0.0003 -0.9956 -0.0939
vn 0.0003 -0.9965 -0.0837
vn -0.5934 -0.0652 -0.8023
vn -0.5683 -0.0631 -0.8204
vn -0.5346 -0.0642 -0.8427
vn -0.9967 -0.0806 0.0008
vn -0.9991 0.0422 0.0007
vn -0.9991 0.0421 -0.0008
vn -0.9967 -0.0806 -0.0008
vn -0.0009 -0.0806 -0.9967
vn -0.0008 0.0422 -0.9991
vn 0.0008 0.0422 -0.9991
vn 0.0010 -0.0806 -0.9967
vn 0.0041 0.0001 1.0000
vn 0.0044 -0.0007 1.0000
vn -0.0020 0.0001 1.0000
vn -0.5354 0.1141 -0.8369
vn -0.5596 0.1141 -0.8209
vn -0.4978 0.1161 -0.8595
vn -0.5900 0.0589 0.8053
vn -0.5604 0.0598 0.8261
vn -0.6116 0.0603 0.7889
vn -0.6445 0.1216 -0.7549
vn -0.6758 0.1178 -0.7276
vn -0.7038 0.1220 -0.6999
vn -0.5539 -0.1752 0.8140
vn -0.5590 -0.2039 0.8037
vn -0.6551 -0.1874 0.7319
vn -0.3026 0.7541 -0.5829
vn -0.3281 0.7670 -0.5514
vn -0.3400 0.7417 -0.5782
vn -0.3105 0.7264 -0.6131
vn -1.0000 0.0000 -0.0002
vn -1.0000 0.0001 -0.0005
vn -1.0000 0.0001 0.0061
vn -0.4029 -0.5972 -0.6935
vn -0.3909 -0.6270 -0.6739
vn -0.3650 -0.6186 -0.6958
vn -0.3732 -0.5872 -0.7183
vn -0.6555 -0.0476 -0.7537
vn -0.6904 -0.0477 -0.7218
vn -0.6884 -0.0382 -0.7243
vn -0.6544 -0.0380 -0.7552
vn -0.4818 -0.1871 -0.8561
vn -0.5385 -0.1904 -0.8208
vn -0.5182 -0.1727 -0.8376
vn -0.8428 0.1576 0.5146
vn -0.8319 0.1569 0.5323
vn -0.8593 0.1547 0.4875
vn -0.7538 0.3821 0.5346
vn -0.4491 -0.0017 0.8935
vn -0.8411 0.3685 0.3960
vn -0.9958 0.0906 0.0088
vn -0.9956 0.0906 0.0258
vn -0.9958 0.0911 0.0037
vn -0.9958 0.0907 -0.0156
vn -0.9760 -0.1661 0.1406
vn -0.8260 0.4517 0.3373
vn -0.8190 0.2966 0.4912
vn -0.6496 0.1559 0.7441
vn -0.6173 0.1380 0.7745
vn -0.5622 0.1341 0.8161
vn -0.8697 -0.0979 0.4837
vn -0.7851 -0.3561 0.5068
vn -0.7173 -0.5916 0.3680
vn -0.7550 -0.6078 -0.2462
vn -0.4888 -0.4969 -0.7171
vn -0.5483 -0.7445 -0.3808
vn -0.8376 0.4848 0.2519
vn -0.9115 0.4099 -0.0338
vn -0.9476 0.0881 0.3069
vn -0.7157 0.5838 0.3833
vn -0.8512 -0.4212 0.3131
vn -0.9280 0.3597 0.0974
vn -0.7758 0.1230 0.6189
vn -0.7635 -0.2893 0.5774
vn -0.3609 0.2088 -0.9089
vn -0.4402 0.1992 -0.8755
vn -0.3514 0.1784 -0.9191
vn -0.7292 -0.1837 0.6592
vn -0.9876 -0.1566 -0.0063
vn -0.6401 -0.0036 0.7683
vn -0.5192 0.4327 -0.7370
vn -0.4778 0.7891 0.3860
vn -0.5515 0.7824 0.2893
vn -0.4647 0.8240 0.3240
vn -0.4626 -0.0507 -0.8851
vn -0.4434 -0.0499 -0.8950
vn -0.4085 -0.0534 -0.9112
vn -0.0294 0.9994 0.0174
vn -0.0187 0.9750 0.2216
vn -0.0029 0.9961 -0.0887
vn -0.5175 0.8039 0.2931
vn -0.0811 0.9927 -0.0897
vn -0.4555 0.8553 0.2470
vn -0.4367 0.8817 0.1789
vn -0.4247 0.8255 0.3718
vn -0.4050 0.8965 0.1797
vn -0.3768 0.8312 -0.4089
vn -0.3736 0.8865 0.2729
vn -0.4795 0.8250 0.2991
vn -0.4383 0.8750 -0.2057
vn -0.0186 0.9961 0.0861
vn 0.0298 0.9827 -0.1829
vn -0.0326 0.9719 -0.2332
vn -0.0474 0.9970 0.0605
vn -0.3057 0.2892 -0.9072
vn -0.3203 -0.0594 -0.9455
vn -0.2165 0.3209 -0.9220
vn -0.4546 0.8654 -0.2107
vn -0.0002 -0.9989 0.0478
vn -0.0010 0.0912 0.9958
vn -0.0012 -0.0823 0.9966
vn 0.0012 -0.0823 0.9966
vn 0.0011 0.0911 0.9958
vn -0.0500 -0.9988 0.0001
vn -0.0499 -0.9988 -0.0001
vn -0.3261 0.5055 -0.7988
vn -0.3795 0.3731 -0.8466
vn -0.4147 0.5534 -0.7223
vn -0.4515 0.4209 -0.7868
vn -0.3534 0.2465 -0.9024
vn -0.1477 -0.9890 0.0000
vn -0.1491 -0.9888 -0.0000
vn -0.1496 -0.9888 0.0002
vn -0.1480 -0.9890 0.0001
vn -0.1479 -0.9890 -0.0001
vn -0.1502 -0.9887 -0.0001
vn -0.1497 -0.9887 -0.0001
vn -0.1474 -0.9891 -0.0000
vn 0.9965 -0.0833 -0.0001
vn 0.9965 -0.0833 0.0000
vn 0.6385 0.4579 -0.6186
vn 0.6218 0.4463 -0.6436
vn 0.6103 0.4500 -0.6519
vn 0.0225 0.9997 0.0008
vn 0.7071 -0.0000 0.7071
vn 0.7071 -0.0000 -0.7071
vn -0.7071 0.0000 -0.7071
vn -0.7071 0.0000 0.7071
vn 0.0001 0.0000 1.0000
vn 0.0416 0.0090 -0.9991
vn 0.0381 0.0084 0.9992
vn 0.9947 0.1028 0.0048
vn -0.0230 0.9818 -0.1883
vn -0.0105 0.1408 -0.9900
vn 0.0009 0.1524 -0.9883
vn -0.0000 -1.0000 0.0002
vn 0.9946 0.1038 -0.0010
vn 0.0031 0.9935 0.1135
vn -0.0042 1.0000 -0.0005
vn -0.3342 0.9133 -0.2326
vn 0.0045 0.1345 -0.9909
vn 0.9954 0.0958 -0.0018
vn 0.0003 1.0000 0.0017
vn 0.0359 0.3043 0.9519
vn 0.0009 -0.2698 -0.9629
vn -0.0028 0.0001 -1.0000
vn -1.0000 0.0002 -0.0067
vn 0.0054 0.0002 -1.0000
vn -0.0005 0.0006 1.0000
vn -1.0000 0.0001 0.0014
vn 0.0009 -0.2761 -0.9611
vn -0.9606 -0.2781 0.0007
vn -0.9947 0.1029 -0.0047
vn 0.0230 0.9818 0.1883
vn 0.0105 0.1408 0.9900
vn -0.0009 0.1524 0.9883
vn -0.0016 -0.0001 -1.0000
vn 0.0055 -0.0001 1.0000
vn -0.0032 -0.0001 1.0000
vn -0.0000 1.0000 0.0046
vn 0.0000 1.0000 -0.0053
vn -0.0031 0.0001 1.0000
vn -1.0000 0.0002 0.0077
vn -1.0000 0.0001 -0.0062
vn -0.0010 -0.0007 1.0000
vn 0.0055 0.0002 -1.0000
vn -0.0019 0.0001 -1.0000
vn -1.0000 0.0001 -0.0046
vn -0.9951 0.0990 0.0052
vn 0.0069 0.1425 -0.9898
vn -0.0009 -0.0001 1.0000
vn -0.0023 -0.0001 -1.0000
vn -1.0000 -0.0000 -0.0057
vn -1.0000 0.0000 -0.0047
vn -1.0000 0.0000 0.0080
vn -0.0010 0.0000 1.0000
vn -0.0004 0.0000 1.0000
vn -1.0000 -0.0000 -0.0069
vn -0.0027 -0.0000 -1.0000
vn -0.0002 0.0001 -1.0000
vn -1.0000 -0.0000 -0.0041
vn -1.0000 -0.0002 -0.0004
vn -0.0001 -0.0001 -1.0000
vn -1.0000 0.0001 -0.0003
vn -0.0001 0.0001 -1.0000
vn -1.0000 -0.0001 0.0085
vn -0.0005 -0.0000 1.0000
vn -0.9959 0.0905 0.0029
vn -0.0020 0.0002 1.0000
vn -0.0010 0.0001 1.0000
vn -0.9958 0.0901 -0.0133
vn -0.0007 0.0001 -1.0000
vn -0.9957 0.0905 -0.0214
vn -0.0002 -0.0000 -1.0000
vn -0.9959 0.0903 -0.0029
vn -0.9946 0.1038 0.0010
vn -0.0031 0.9935 -0.1135
vn 0.0042 1.0000 0.0005
vn 0.3342 0.9133 0.2326
vn -0.0045 0.1345 0.9909
vn -0.9954 0.0958 0.0018
vn -0.0003 1.0000 -0.0017
vn -0.0359 0.3042 -0.9519
vn -0.6879 0.0768 -0.7218
vn 0.0023 0.1274 -0.9918
vn -0.9949 0.1004 -0.0005
vn -0.0006 1.0000 0.0012
vn -0.7707 0.5526 0.3174
vn -0.6074 0.6440 0.4652
vn -0.7566 -0.4880 0.4352
vn -0.7047 -0.7093 0.0159
vn -0.4444 -0.2620 -0.8566
vn -0.0001 1.0000 -0.0006
vn -0.9646 -0.2639 -0.0014
vn -0.3460 -0.6129 -0.7104
vn -0.0034 1.0000 0.0000
vn 0.0010 -1.0000 0.0000
vn -0.0047 1.0000 -0.0027
vn -0.0034 1.0000 -0.0002
vn 0.0037 1.0000 0.0001
vn -0.0033 1.0000 0.0000
vn 0.0038 1.0000 -0.0000
vn 0.0541 0.0760 0.9956
vn 0.4698 0.6601 0.5862
vn 0.0047 1.0000 0.0027
vn 0.0042 1.0000 -0.0027
vn -0.9962 0.0869 0.0025
vn 0.0075 0.1293 -0.9916
vn -0.9952 0.0981 -0.0004
vn -0.7605 -0.4841 0.4327
vn -0.0541 0.0760 -0.9956
vn -0.4698 0.6601 -0.5862
vn 0.0030 0.0012 1.0000
vn 0.9959 0.0907 0.0004
vn 0.9959 0.0907 -0.0002
vn 0.0051 0.0038 -1.0000
usemtl sandstone
s 1
f 265/1/1 278/2/2 380/3/3 369/4/4
f 4/5/5 522/6/6 541/7/7 28/8/5
f 2168/9/8 2178/10/9 515/11/10 536/12/11
f 538/13/12 5/14/13 8/15/13 528/16/14
f 2135/17/15 2124/18/16 2157/19/17 2161/20/18
f 2/21/5 513/22/19 518/23/20 3/24/5
f 2177/25/12 141/26/13 6/27/13 516/28/14
f 521/29/21 525/30/22 543/31/23 542/32/24
f 512/33/25 539/34/9 527/35/10 519/36/11
f 1464/37/26 509/38/27 530/39/28 1493/40/29
f 255/41/30 252/42/31 409/43/32 419/44/33
f 169/45/13 142/46/13 2172/47/34 2371/48/35
f 534/49/9 2364/50/10 2367/51/11 506/52/8
f 488/53/36 2255/54/37 2250/55/38 483/56/39
f 787/57/40 783/58/41 295/59/42 302/60/43
f 86/61/44 1514/62/45 547/63/45 14/64/44
f 13/65/44 19/66/44 550/67/45 545/68/45
f 19/66/44 18/69/44 552/70/45 550/67/45
f 18/69/44 17/71/44 553/72/45 552/70/45
f 318/73/46 326/74/47 320/75/48 315/76/49
f 334/77/46 357/78/47 337/79/50 331/80/49
f 348/81/46 356/82/47 350/83/50 345/84/49
f 296/85/51 782/86/52 50/87/44 14/64/44
f 327/88/53 338/89/54 357/90/55 334/91/56
f 314/92/57 801/93/58 804/94/59 317/95/60
f 317/96/61 804/97/62 797/98/63 312/99/42
f 340/100/64 824/101/65 843/102/66 358/103/67
f 330/104/57 817/105/58 820/106/59 333/107/68
f 333/108/61 820/109/62 813/110/63 328/111/42
f 522/6/6 518/23/20 364/112/69 359/113/70
f 344/114/57 831/115/58 834/116/59 347/117/71
f 347/118/61 834/119/62 827/120/41 342/121/42
f 49/122/44 810/123/72 324/124/73 13/65/44
f 309/125/40 796/126/74 789/127/75 305/128/76
f 303/129/77 791/130/78 785/131/79 298/132/80
f 53/133/44 794/134/72 308/135/73 17/71/44
f 306/136/81 793/137/65 796/138/60 309/139/67
f 325/140/62 812/141/43 805/142/75 321/143/76
f 313/144/51 799/145/52 55/146/44 19/66/44
f 14/64/44 17/71/44 308/135/73 296/85/51
f 784/147/58 787/148/59 302/149/68 299/150/57
f 55/146/44 825/151/72 339/152/73 19/66/44
f 341/153/53 353/154/54 356/155/55 348/156/56
f 19/66/44 13/65/44 324/124/73 313/144/51
f 319/157/77 807/158/78 802/159/82 316/160/80
f 329/161/51 815/162/52 54/163/44 18/69/44
f 358/164/40 843/165/43 822/166/75 335/167/76
f 54/163/44 840/168/72 354/169/73 18/69/44
f 352/170/81 839/171/65 842/172/66 355/173/59
f 18/69/44 19/66/44 339/152/73 329/161/51
f 336/174/83 821/175/78 818/176/82 332/177/80
f 343/178/51 829/179/52 53/133/44 17/71/44
f 355/180/40 842/181/43 835/182/75 351/183/76
f 43/184/84 70/185/84 49/186/84 13/187/84
f 301/188/46 310/189/47 304/190/50 300/191/49
f 17/71/44 18/69/44 354/169/73 343/178/51
f 349/192/83 837/193/78 832/194/79 346/195/80
f 311/196/53 323/197/54 326/198/55 318/199/56
f 250/200/15 259/201/16 428/202/17 411/203/18
f 275/204/15 264/205/16 415/206/17 422/207/18
f 262/208/85 256/209/86 421/210/87 429/211/88
f 270/212/30 272/213/31 427/214/32 417/215/33
f 279/216/85 283/217/86 434/218/87 431/219/88
f 251/220/89 247/221/90 410/222/91 407/223/92
f 271/224/93 276/225/90 424/226/94 425/227/95
f 268/228/96 266/229/97 368/230/98 371/231/99
f 291/232/15 280/233/16 433/234/17 437/235/18
f 284/236/96 282/237/97 392/238/98 395/239/99
f 297/240/53 307/241/54 310/242/55 301/243/56
f 287/244/100 292/245/101 439/246/91 440/247/92
f 418/248/102 426/249/103 423/250/104 414/251/105
f 436/252/102 441/253/103 438/254/104 432/255/105
f 2485/256/84 2486/257/84 2489/258/84
f 281/259/1 294/260/2 400/261/3 393/262/4
f 253/263/106 258/264/107 375/265/108 361/266/109
f 263/267/110 267/268/86 416/269/111 413/270/112
f 286/271/113 288/272/31 442/273/32 435/274/33
f 277/275/114 274/276/115 383/277/116 381/278/117
f 293/279/118 290/280/115 403/281/116 401/282/117
f 260/283/1 249/284/2 366/285/3 390/286/4
f 273/287/106 269/288/107 374/289/108 384/290/109
f 289/291/106 285/292/107 398/293/108 404/294/109
f 257/295/119 261/296/97 389/297/98 376/298/99
f 1494/299/120 529/300/121 9/301/5 78/302/5
f 513/22/19 535/303/19 382/304/69 386/305/70
f 528/16/14 524/306/122 377/307/123 388/308/124
f 517/309/125 526/310/126 387/311/127 365/312/128
f 531/313/129 508/314/126 394/315/127 399/316/128
f 507/317/20 529/300/121 402/318/69 406/319/70
f 523/320/130 520/321/131 362/322/132 378/323/133
f 540/324/134 511/325/131 385/326/132 373/327/133
f 516/28/14 538/13/12 372/328/123 367/329/124
f 510/330/135 533/331/14 396/332/123 391/333/124
f 532/334/130 505/335/131 405/336/132 397/337/133
f 420/338/102 408/339/103 412/340/104 430/341/105
f 537/342/125 514/343/126 370/344/127 379/345/128
f 28/346/84 543/347/84 27/348/84
f 8/15/13 7/349/13 524/306/122 528/16/14
f 524/306/122 7/349/13 27/350/13 544/351/136
f 11/352/13 170/353/13 2365/354/137 533/331/14
f 556/355/138 2231/356/138 156/357/139 33/358/139
f 551/359/140 554/360/140 20/361/141 21/362/141
f 1513/363/140 89/364/141 16/365/141 548/366/140
f 549/367/140 551/359/140 21/362/141 22/368/141
f 612/369/142 36/370/143 37/371/143 615/372/143
f 567/373/84 25/374/84 42/375/84
f 607/376/142 39/377/143 36/370/143 612/369/142
f 609/378/144 614/379/145 582/380/146 584/381/147
f 564/382/138 2299/383/138 160/384/139 35/385/139
f 562/386/148 2297/387/148 2300/388/149 563/389/149
f 2242/390/150 565/391/151 35/392/152 160/393/152
f 34/394/152 158/395/152 2298/396/150 561/397/151
f 1406/398/153 2191/399/153 2188/400/153 1447/401/154
f 588/402/155 608/403/156 611/404/157 591/405/158
f 2219/406/159 2216/407/160 461/408/159 460/409/159
f 2271/410/161 2190/411/162 493/412/163 496/413/164
f 149/414/165 98/415/165 99/416/165 147/417/165
f 604/418/142 38/419/143 39/377/143 607/376/142
f 29/420/165 150/421/165 148/422/165 30/423/165
f 492/424/166 2265/425/167 2268/426/168 499/427/168
f 507/317/20 2366/428/19 167/429/5 10/430/5
f 2288/431/150 557/432/151 33/433/152 156/434/152
f 600/435/156 2076/436/169 3947/437/170
f 152/438/171 2276/439/172 501/440/172 32/441/171
f 484/442/173 2249/443/174 2252/444/175 481/445/175
f 144/446/176 2256/447/177 487/448/178 26/449/176
f 574/450/179 572/451/147 570/452/146 625/453/180
f 84/454/181 116/455/181 135/456/181 109/457/181
f 476/458/182 1429/459/183 93/460/165 24/461/165
f 480/462/184 2245/463/185 2262/464/185 489/465/184
f 847/466/84 470/467/84 71/468/84
f 1432/469/186 477/470/187 42/471/188 110/472/188
f 474/473/189 1427/474/189 1430/475/190 475/476/191
f 458/477/192 2179/478/193 2230/479/194 455/480/194
f 1413/481/159 1416/482/160 2217/483/159 2222/484/159
f 482/485/195 2251/486/195 2226/487/196 485/488/197
f 1399/489/198 1398/490/198 2213/491/199 2208/492/199
f 466/493/200 2235/494/200 2246/495/201 479/496/202
f 473/497/84 474/498/84 44/499/84
f 586/500/203 594/501/204 571/502/205 573/503/206
f 622/504/179 584/381/147 582/380/146 619/505/207
f 597/506/208 623/507/209 626/508/210 569/509/211
f 629/510/212 632/511/213 664/512/214 661/513/215
f 604/418/142 2081/514/142 138/515/143 38/419/143
f 1546/516/142 107/517/143 40/518/143 596/519/142
f 601/520/144 606/521/145 576/522/146 578/523/147
f 593/524/144 598/525/145 570/452/146 572/451/147
f 613/526/208 617/527/209 620/528/210 581/529/211
f 590/530/203 602/531/204 577/532/205 579/533/206
f 580/534/179 578/523/147 576/522/146 627/535/180
f 1547/536/216 595/537/217 585/538/169 1542/539/218
f 605/540/208 587/541/209 628/542/210 575/543/211
f 592/544/203 610/545/204 583/546/205 621/547/206
f 3941/548/219 2082/549/220 603/550/157
f 647/551/221 650/552/222 733/553/223 677/554/224
f 633/555/225 636/556/226 746/557/227 743/558/228
f 668/559/229 672/560/230 738/561/231 742/562/232
f 674/563/233 678/564/234 732/565/231 736/566/235
f 680/567/233 684/568/234 726/569/231 730/570/235
f 718/571/222 687/572/223 707/573/224 723/574/221
f 635/575/236 630/576/237 663/577/238 747/578/239
f 649/579/225 652/580/240 734/581/227 731/582/228
f 643/583/236 638/584/237 669/585/238 741/586/239
f 716/587/241 700/588/214 697/589/215 713/590/242
f 662/591/229 666/592/230 744/593/231 748/594/232
f 651/595/243 646/596/237 675/597/238 735/598/239
f 702/599/234 692/600/231 696/601/232 698/602/233
f 653/603/242 656/604/241 682/605/214 679/606/215
f 659/607/243 654/608/237 681/609/238 729/610/239
f 645/611/242 648/612/241 676/613/214 673/614/215
f 639/615/244 642/616/245 739/617/223 671/618/224
f 637/619/212 640/620/241 670/621/214 667/622/215
f 641/623/225 644/624/226 740/625/227 737/626/228
f 724/627/213 706/628/214 703/629/215 721/630/242
f 722/631/237 705/632/238 689/633/239 719/634/243
f 45/635/246 758/636/247 753/637/248 749/638/249
f 710/639/222 693/640/223 701/641/224 715/642/221
f 712/643/240 694/644/227 691/645/228 709/646/225
f 655/647/221 658/648/222 727/649/223 683/650/224
f 657/651/225 660/652/240 728/653/227 725/654/228
f 714/655/250 699/656/238 695/657/239 711/658/243
f 720/659/240 688/660/227 685/661/228 717/662/225
f 631/663/251 634/664/245 745/665/223 665/666/224
f 708/667/234 686/668/231 690/669/232 704/670/233
f 93/671/252 111/672/252 44/673/252 24/674/252
f 546/675/84 15/676/84 43/184/84
f 546/677/253 549/367/140 22/368/141 15/678/141
f 2244/679/254 1433/680/254 1444/681/185 2259/682/185
f 470/467/84 478/683/255 467/684/84
f 1252/685/61 1731/686/62 1730/687/41 1248/688/42
f 1770/689/256 849/690/257 852/691/258 1771/692/259
f 1765/693/260 1776/694/261 855/695/262 846/696/260
f 1426/697/263 471/698/264 468/699/265 1421/700/266
f 111/701/181 1768/702/181 136/703/181
f 23/704/143 618/705/267 616/706/267 568/707/143
f 48/708/268 780/709/269 776/710/270 771/711/271
f 774/712/272 755/713/273 761/714/274 768/715/275
f 779/716/276 750/717/277 756/718/278 773/719/279
f 765/720/280 764/721/281 751/722/282 778/723/283
f 777/724/284 47/725/246 770/726/285 766/727/286
f 757/728/287 760/729/288 762/730/288 754/731/287
f 752/732/289 763/733/290 759/734/291 46/735/268
f 772/736/292 775/737/293 767/738/294 769/739/294
f 781/740/295 788/741/47 795/742/46 792/743/296
f 118/744/44 50/87/44 860/745/297 1783/746/297
f 49/122/44 858/747/298 861/748/297 55/146/44
f 55/146/44 861/748/297 863/749/297 54/163/44
f 54/163/44 863/749/297 866/750/297 53/133/44
f 788/751/299 786/752/300 790/753/301 795/754/56
f 803/755/299 800/756/300 806/757/301 811/758/56
f 819/759/302 816/760/300 823/761/301 844/762/56
f 833/763/302 830/764/300 836/765/301 841/766/56
f 50/87/44 782/86/52 794/134/72 53/133/44
f 798/767/295 803/768/47 811/769/46 808/770/296
f 55/146/44 799/145/52 810/123/72 49/122/44
f 814/771/295 819/772/47 844/773/46 826/774/296
f 54/163/44 815/162/52 825/151/72 55/146/44
f 828/775/295 833/776/47 841/777/46 838/778/296
f 53/133/44 829/179/52 840/168/72 54/163/44
f 71/468/84 851/779/84 852/780/84
f 1425/781/303 1428/782/304 473/783/305 472/784/306
f 868/785/307 886/786/308 883/787/309 869/788/310
f 864/789/311 57/790/312 56/791/312 865/792/311
f 1784/793/311 859/794/311 52/795/312 121/796/312
f 865/792/311 56/791/312 52/795/312 859/794/311
f 59/797/313 907/798/313 974/799/314 977/800/314
f 893/801/315 891/802/316 902/803/317 906/804/318
f 874/805/319 894/806/320 905/807/321 881/808/322
f 888/809/316 899/810/317 897/811/323 884/812/315
f 880/813/324 903/814/325 890/815/326 871/816/327
f 870/817/319 885/818/320 896/819/321 877/820/322
f 878/821/328 895/822/329 898/823/330 875/824/331
f 882/825/328 904/826/329 901/827/330 879/828/331
f 876/829/332 900/830/325 887/831/326 867/832/327
f 872/833/307 889/834/308 892/835/309 873/836/310
f 970/837/333 975/838/313 63/839/313 62/840/313
f 1853/841/334 936/842/335 947/843/336 1865/844/337
f 908/845/313 61/846/313 63/839/313 975/838/313
f 946/847/333 951/848/333 69/849/313 68/850/313
f 969/851/338 932/852/339 930/853/340 976/854/341
f 962/855/333 967/856/333 65/857/313 64/858/313
f 939/859/334 944/860/335 971/861/336 966/862/337
f 949/863/342 909/864/343 915/865/344 934/866/345
f 954/867/333 959/868/333 67/869/313 66/870/313
f 60/871/176 125/872/176 1774/873/346 853/874/347
f 70/185/84 51/875/84 857/876/84
f 1769/877/348 1766/878/349 845/879/350 850/880/351
f 1775/881/352 110/472/188 42/471/188 856/882/353
f 854/883/354 1773/884/355 1772/885/356 851/886/356
f 937/887/357 922/888/358 920/889/359 956/890/360
f 981/891/361 980/892/362 930/853/340 932/852/339
f 957/893/342 917/894/363 985/895/344 984/896/345
f 990/897/364 1030/898/365 1033/899/366 991/900/367
f 967/856/333 970/837/333 62/840/313 65/857/313
f 962/855/333 64/858/313 67/869/313 959/868/333
f 1866/901/333 946/847/333 68/850/313 133/902/313
f 961/903/338 926/904/339 923/905/340 968/906/341
f 953/907/338 919/908/339 918/909/340 960/910/341
f 945/911/338 912/912/339 910/913/340 952/914/341
f 973/915/342 929/916/343 979/917/344 978/918/345
f 921/919/368 986/920/362 918/909/340 919/908/339
f 941/921/357 928/922/358 925/923/359 964/924/360
f 935/925/357 914/926/358 911/927/359 948/928/360
f 927/929/368 988/930/362 923/905/340 926/904/339
f 913/931/368 916/932/362 910/913/340 912/912/339
f 938/933/335 955/934/336 950/935/337 933/936/334
f 965/937/342 924/938/343 987/939/344 940/940/345
f 943/941/357 982/942/358 931/943/359 972/944/360
f 942/945/369 963/946/370 958/947/371 983/948/372
f 1008/949/373 1047/950/374 1132/951/375 1009/952/376
f 994/953/377 1143/954/378 1146/955/379 995/956/380
f 1038/957/381 1141/958/382 1139/959/383 1040/960/384
f 1044/961/385 1135/962/382 1133/963/386 1046/964/387
f 1050/965/385 1129/966/382 1127/967/386 1052/968/387
f 1113/969/388 1112/970/389 1056/971/390 1082/972/391
f 996/973/392 1148/974/390 1031/975/391 989/976/393
f 1010/977/394 1131/978/378 1134/979/379 1011/980/380
f 1004/981/392 1142/982/390 1037/983/391 997/984/393
f 1091/985/387 1089/986/385 1025/987/395 1023/988/383
f 1099/989/396 1098/990/397 1069/991/365 1072/992/366
f 1119/993/380 1118/994/394 1021/995/378 1024/996/379
f 1012/997/389 1136/998/390 1043/999/391 1005/1000/388
f 1073/1001/387 1071/1002/385 1067/1003/382 1065/1004/383
f 1014/1005/397 1048/1006/365 1051/1007/366 1015/1008/396
f 1101/1009/376 1108/1010/398 1080/1011/374 1058/1012/375
f 1020/1013/389 1130/1014/390 1049/1015/391 1013/1016/388
f 1006/1017/397 1042/1018/365 1045/1019/366 1007/1020/396
f 1000/1021/373 1041/1022/374 1138/1023/375 1001/1024/399
f 998/1025/364 1036/1026/365 1039/1027/366 999/1028/367
f 1002/1029/377 1137/1030/378 1140/1031/379 1003/1032/380
f 1117/1033/376 1124/1034/398 1092/1035/374 1022/1036/375
f 1085/1037/387 1083/1038/385 1055/1039/395 1029/1040/383
f 1109/1041/376 1116/1042/400 1086/1043/374 1028/1044/375
f 1107/1045/396 1106/1046/364 1075/1047/365 1078/1048/366
f 1105/1049/388 1104/1050/389 1062/1051/390 1076/1052/391
f 1115/1053/396 1114/1054/364 1081/1055/365 1084/1056/366
f 1093/1057/376 1100/1058/373 1074/1059/374 1064/1060/375
f 1123/1061/396 1122/1062/364 1087/1063/365 1090/1064/366
f 1095/1065/380 1094/1066/394 1063/1067/378 1066/1068/379
f 1016/1069/373 1053/1070/374 1126/1071/375 1017/1072/376
f 1152/1073/115 1289/1074/116 1288/1075/117 1154/1076/118
f 1018/1077/394 1125/1078/378 1128/1079/379 1019/1080/380
f 1097/1081/388 1096/1082/389 1068/1083/390 1070/1084/391
f 1103/1085/380 1102/1086/394 1057/1087/378 1060/1088/379
f 1032/1089/381 1147/1090/382 1145/1091/383 1034/1092/384
f 1121/1093/388 1120/1094/401 1026/1095/390 1088/1096/391
f 992/1097/373 1035/1098/374 1144/1099/375 993/1100/402
f 1111/1101/380 1110/1102/377 1027/1103/378 1054/1104/379
f 1079/1105/387 1077/1106/385 1061/1107/382 1059/1108/383
f 125/1109/252 60/1110/252 71/1111/252 136/1112/252
f 857/1113/403 51/1114/312 58/1115/312 862/1116/311
f 954/867/333 66/870/313 69/849/313 951/848/333
f 1174/1117/16 1360/1118/17 1368/1119/18 1180/1120/15
f 74/1121/5 97/1122/5 1504/1123/7 1478/1124/404
f 1176/1125/97 1297/1126/405 1296/1127/406 1170/1128/96
f 1200/1129/107 1346/1130/108 1322/1131/109 1187/1132/106
f 1497/1133/14 1487/1134/407 83/1135/13 81/1136/13
f 4/5/5 3/24/5 518/23/20 522/6/6
f 74/1121/5 1478/1124/404 1475/1137/20 73/1138/5
f 1466/1139/11 1474/1140/8 1491/1141/9 1501/1142/408
f 1479/1143/409 1503/1144/24 1506/1145/410 1484/1146/411
f 1167/1147/412 1166/1148/413 1499/1149/414 1468/1150/415
f 1202/1151/416 1477/1152/417 1472/1153/418 80/1154/5
f 1476/1155/419 1201/1156/420 1204/1157/421 1481/1158/422
f 72/1159/5 73/1138/5 1475/1137/20 1465/1160/19
f 1164/1161/107 1314/1162/108 1290/1163/109 1151/1164/106
f 1205/1165/86 1379/1166/87 1382/1167/88 1209/1168/85
f 79/1169/5 80/1154/5 1472/1153/418 1459/1170/19
f 82/1171/13 1463/1172/423 1497/1133/14 81/1136/13
f 168/1173/5 2362/1174/120 2173/1175/121 139/1176/5
f 1460/1177/11 1471/1178/8 1488/1179/9 1496/1180/10
f 1708/1181/60 1227/1182/67 1221/1183/81 1702/1184/65
f 554/360/140 548/366/140 16/365/141 20/361/141
f 84/1185/44 1508/1186/424 1509/1187/45 88/1188/44
f 88/1188/44 1509/1187/45 1511/1189/45 87/1190/44
f 87/1190/44 1511/1189/45 1514/62/45 86/61/44
f 1243/1191/425 1242/1192/50 1247/1193/49 1251/1194/46
f 1259/1195/426 1258/1196/50 1262/1197/49 1284/1198/46
f 1273/1199/426 1272/1200/50 1277/1201/49 1281/1202/46
f 14/64/44 50/87/44 1703/1203/72 1223/1204/73
f 1253/1205/54 1259/1206/55 1284/1207/56 1264/1208/53
f 1244/1209/40 1723/1210/43 1722/1211/75 1240/1212/76
f 88/1188/44 120/1213/44 1718/1214/72 1238/1215/73
f 1283/1216/61 1764/1217/62 1744/1218/63 1265/1219/42
f 1260/1220/40 1739/1221/427 1738/1222/75 1256/1223/76
f 87/1190/44 119/1224/44 1734/1225/72 1254/1226/73
f 1478/1124/404 1285/1227/69 1292/1228/70 1475/1137/20
f 1274/1229/40 1753/1230/428 1752/1231/75 1270/1232/76
f 86/61/44 118/744/44 1748/1233/72 1268/1234/73
f 116/1235/44 84/1185/44 1249/1236/51 1729/1237/52
f 1230/1238/57 1709/1239/58 1715/1240/59 1236/1241/429
f 1224/1242/77 1706/1243/78 1710/1244/79 1229/1245/80
f 118/744/44 86/61/44 1233/1246/51 1713/1247/52
f 1236/1248/43 1715/1249/62 1714/1250/41 1232/1251/42
f 1246/1252/57 1725/1253/58 1731/1254/67 1252/1255/60
f 88/1188/44 1238/1215/73 1249/1236/51 84/1185/44
f 14/64/44 1223/1204/73 1233/1246/51 86/61/44
f 1704/1256/75 1226/1257/76 1227/1258/40 1708/1259/43
f 120/1213/44 88/1188/44 1266/1260/51 1746/1261/52
f 1267/1262/54 1273/1263/55 1281/1264/56 1280/1265/53
f 1239/1266/64 1717/1267/65 1723/1268/66 1244/1269/67
f 1241/1270/83 1721/1271/78 1726/1272/79 1245/1273/80
f 87/1190/44 1254/1226/73 1266/1260/51 88/1188/44
f 1261/1274/57 1743/1275/58 1764/1276/59 1283/1277/60
f 119/1224/44 87/1190/44 1279/1278/51 1759/1279/52
f 1282/1280/61 1761/1281/40 1760/1282/41 1278/1283/42
f 1255/1284/64 1733/1285/65 1739/1286/66 1260/1287/67
f 1257/1288/83 1737/1289/78 1741/1290/82 1263/1291/80
f 86/61/44 1268/1234/73 1279/1278/51 87/1190/44
f 1276/1292/57 1755/1293/58 1761/1294/59 1282/1295/60
f 136/1112/252 71/1111/252 44/673/252 111/672/252
f 1228/1296/425 1225/1297/50 1231/1298/49 1235/1299/46
f 1269/1300/81 1747/1301/65 1753/1302/66 1274/1303/67
f 1271/1304/77 1751/1305/78 1756/1306/82 1275/1307/80
f 1237/1308/54 1243/1309/55 1251/1310/56 1250/1311/53
f 1150/1312/31 1354/1313/32 1370/1314/33 1161/1315/30
f 1181/1316/31 1364/1317/32 1356/1318/33 1172/1319/30
f 1162/1320/86 1372/1321/87 1362/1322/88 1160/1323/85
f 1169/1324/86 1355/1325/111 1358/1326/112 1173/1327/110
f 1188/1328/115 1321/1329/430 1320/1330/431 1190/1331/118
f 1157/1332/432 1361/1333/17 1350/1334/18 1156/1335/15
f 1177/1336/90 1367/1337/94 1365/1338/95 1184/1339/93
f 72/1159/5 1465/1160/19 1498/1340/433 1165/1341/434
f 1186/1342/31 1378/1343/32 1394/1344/33 1197/1345/113
f 1217/1346/31 1388/1347/32 1380/1348/33 1208/1349/113
f 1195/1350/97 1336/1351/405 1347/1352/406 1199/1353/96
f 1210/1354/16 1384/1355/17 1392/1356/18 1216/1357/435
f 1222/1358/54 1228/1359/55 1235/1360/56 1234/1361/53
f 1193/1362/16 1385/1363/17 1374/1364/18 1192/1365/15
f 1213/1366/101 1391/1367/91 1389/1368/92 1220/1369/100
f 1198/1370/436 1396/1371/87 1386/1372/88 1196/1373/437
f 1359/1374/105 1357/1375/102 1366/1376/103 1369/1377/104
f 1387/1378/105 1395/1379/102 1377/1380/103 1375/1381/104
f 1383/1382/105 1381/1383/102 1390/1384/103 1393/1385/104
f 2545/1386/181 2550/1387/181 189/1388/181
f 1212/1389/97 1329/1390/98 1328/1391/99 1206/1392/96
f 1155/1393/2 1287/1394/3 1301/1395/4 1158/1396/1
f 1191/1397/2 1319/1398/438 1333/1399/439 1194/1400/1
f 1171/1401/107 1295/1402/440 1308/1403/441 1182/1404/106
f 1207/1405/107 1327/1406/108 1340/1407/109 1218/1408/106
f 1183/1409/115 1307/1410/430 1309/1411/431 1178/1412/118
f 1219/1413/115 1339/1414/116 1341/1415/117 1214/1416/114
f 1153/1417/90 1349/1418/91 1352/1419/92 1149/1420/89
f 1189/1421/101 1373/1422/91 1376/1423/92 1185/1424/100
f 1179/1425/442 1312/1426/3 1298/1427/4 1175/1428/443
f 1215/1429/2 1344/1430/3 1330/1431/4 1211/1432/1
f 1159/1433/97 1304/1434/98 1315/1435/99 1163/1436/119
f 96/1437/181 1505/1438/181 1506/1439/181
f 1465/1160/19 1310/1440/444 1306/1441/445 1498/1340/433
f 1490/1442/14 1316/1443/123 1303/1444/124 1485/1445/446
f 1473/1446/131 1291/1447/132 1313/1448/133 1489/1449/130
f 1492/1450/131 1337/1451/132 1326/1452/133 1462/1453/130
f 1459/1170/19 1342/1454/69 1338/1455/70 1494/299/120
f 1487/1134/407 1348/1456/447 1335/1457/448 1482/1458/449
f 1470/1459/131 1323/1460/132 1345/1461/133 1486/1462/130
f 1483/1463/126 1302/1464/127 1286/1465/128 1480/1466/129
f 1500/1467/126 1299/1468/127 1311/1469/128 1467/1470/125
f 1469/1471/450 1293/1472/451 1300/1473/452 1502/1474/453
f 1477/1152/417 1317/1475/454 1324/1476/455 1472/1153/418
f 1481/1158/422 1334/1477/456 1318/1478/457 1476/1155/419
f 1495/1479/126 1331/1480/127 1343/1481/128 1461/1482/129
f 1463/1172/423 1325/1483/123 1332/1484/124 1497/1133/14
f 1363/1485/105 1371/1486/102 1353/1487/103 1351/1488/104
f 1499/1149/414 1305/1489/458 1294/1490/459 1468/1150/415
f 2361/1491/29 2369/1492/26 2171/1493/27 2174/1494/28
f 1502/1474/453 1490/1442/14 77/1495/13 75/1496/13
f 77/1495/13 1490/1442/14 1485/1445/446 76/1497/13
f 1485/1445/446 1505/1498/460 96/1499/13 76/1497/13
f 2234/1500/461 1515/1501/138 102/1502/139 155/1503/139
f 1512/1504/140 90/1505/141 89/364/141 1513/363/140
f 1510/1506/140 91/1507/141 90/1505/141 1512/1504/140
f 17/71/44 14/64/44 547/63/45 553/72/45
f 1554/1508/142 1559/1509/143 106/1510/143 105/1511/143
f 110/1512/181 94/1513/181 1528/1514/181
f 1553/1515/145 1538/1516/146 1536/1517/147 1560/1518/144
f 92/1519/143 1527/1520/143 1558/1521/462 1561/1522/462
f 1565/1523/207 1564/1524/179 1536/1517/147 1538/1516/146
f 1570/1525/213 1596/1526/214 1599/1527/215 1571/1528/212
f 1551/1529/142 1554/1508/142 105/1511/143 108/1530/143
f 1545/1531/145 1532/1532/146 1529/1533/147 1552/1534/144
f 1557/1535/204 1535/1536/205 1563/1537/206 1562/1538/203
f 1541/1539/209 1534/1540/210 1531/1541/211 1548/1542/208
f 1533/1543/180 1568/1544/179 1529/1533/147 1532/1532/146
f 1539/1545/158 1544/1546/155 1555/1547/156 1550/1548/157
f 1543/1549/209 1566/1550/210 1537/1551/211 1556/1552/208
f 1546/516/142 1551/1529/142 108/1530/143 107/517/143
f 1588/1553/237 1613/1554/238 1652/1555/239 1589/1556/243
f 1574/1557/226 1663/1558/227 1666/1559/228 1575/1560/225
f 1604/1561/230 1661/1562/231 1659/1563/232 1606/1564/229
f 1610/1565/234 1655/1566/231 1653/1567/235 1612/1568/233
f 1647/1569/221 1646/1570/222 1616/1571/223 1630/1572/224
f 1576/1573/463 1668/1574/223 1597/1575/224 1569/1576/244
f 1590/1577/240 1651/1578/227 1654/1579/228 1591/1580/225
f 1584/1581/463 1662/1582/223 1603/1583/224 1577/1584/244
f 1592/1585/222 1656/1586/223 1609/1587/224 1585/1588/221
f 1645/1589/225 1644/1590/226 1593/1591/227 1614/1592/228
f 1635/1593/243 1642/1594/250 1628/1595/238 1618/1596/239
f 1586/1597/241 1608/1598/214 1611/1599/215 1587/1600/242
f 1580/1601/237 1607/1602/238 1658/1603/239 1581/1604/236
f 1578/1605/213 1602/1606/214 1605/1607/215 1579/1608/212
f 1582/1609/226 1657/1610/227 1660/1611/228 1583/1612/225
f 1633/1613/233 1631/1614/234 1615/1615/464 1595/1616/232
f 1643/1617/243 1650/1618/465 1634/1619/238 1594/1620/239
f 1639/1621/221 1638/1622/222 1622/1623/223 1624/1624/224
f 1649/1625/242 1648/1626/213 1629/1627/214 1632/1628/215
f 112/1629/268 1670/1630/269 1673/1631/270 1677/1632/271
f 1641/1633/242 1640/1634/213 1623/1635/214 1626/1636/215
f 1637/1637/225 1636/1638/240 1617/1639/227 1620/1640/228
f 1598/1641/230 1667/1642/231 1665/1643/232 1600/1644/229
f 1572/1645/237 1601/1646/238 1664/1647/239 1573/1648/466
f 1627/1649/233 1625/1650/234 1621/1651/231 1619/1652/232
f 109/457/181 85/1653/181 1507/1654/181
f 1507/1655/253 85/1656/141 91/1507/141 1510/1506/140
f 1775/1657/181 1776/1658/467 1768/702/181
f 1549/1659/204 1530/1660/205 1567/1661/206 1540/1662/203
f 454/1663/468 2185/1664/469 2180/1665/470 457/1666/471
f 1778/1667/181 117/1668/181 135/456/181
f 567/1669/143 615/372/143 37/371/143 25/1670/143
f 1528/1671/143 94/1672/143 106/1510/143 1559/1509/143
f 115/1673/246 1692/1674/247 1694/1675/248 1699/1676/249
f 1696/1677/273 1686/1678/274 1681/1679/275 1675/1680/272
f 1700/1681/277 1693/1682/278 1674/1683/279 1669/1684/276
f 1685/1685/281 1697/1686/282 1672/1687/283 1682/1688/280
f 1698/1689/289 1688/1690/290 1689/1691/291 114/1692/268
f 1678/1693/292 1676/1694/293 1684/1695/294 1679/1696/294
f 1671/1697/284 113/1698/246 1680/1699/285 1683/1700/286
f 1691/1701/287 1690/1702/288 1687/1703/288 1695/1704/287
f 1701/1705/296 1712/1706/295 1716/1707/47 1707/1708/46
f 53/133/44 866/750/297 860/745/297 50/87/44
f 116/1235/44 120/1213/44 1780/1709/297 1777/1710/297
f 120/1213/44 119/1224/44 1782/1711/297 1780/1709/297
f 119/1224/44 118/744/44 1783/746/297 1782/1711/297
f 1707/1712/56 1716/1713/55 1711/1714/300 1705/1715/301
f 1724/1716/56 1732/1717/55 1727/1718/472 1720/1719/301
f 1740/1720/56 1763/1721/55 1742/1722/300 1736/1723/301
f 1754/1724/56 1762/1725/55 1757/1726/300 1750/1727/301
f 50/87/44 118/744/44 1713/1247/52 1703/1203/72
f 1719/1728/296 1728/1729/295 1732/1730/47 1724/1731/46
f 120/1213/44 116/1235/44 1729/1237/52 1718/1214/72
f 1735/1732/296 1745/1733/295 1763/1734/47 1740/1735/46
f 119/1224/44 120/1213/44 1746/1261/52 1734/1225/72
f 1749/1736/296 1758/1737/295 1762/1738/47 1754/1739/46
f 118/744/44 119/1224/44 1759/1279/52 1748/1233/72
f 1771/1740/181 1772/1741/181 136/703/181
f 1785/1742/310 1788/1743/307 1801/1744/308 1804/1745/309
f 1781/1746/311 1784/793/311 121/796/312 122/1747/312
f 1779/1748/311 1781/1746/311 122/1747/312 123/1749/312
f 862/1116/311 58/1115/312 57/790/312 864/789/311
f 124/1750/313 1896/1751/473 1894/1752/473 1826/1753/313
f 1812/1754/316 1823/1755/317 1821/1756/318 1808/1757/315
f 1791/1758/327 1800/1759/324 1824/1760/325 1811/1761/326
f 1805/1762/315 1803/1763/316 1814/1764/474 1818/1765/323
f 1797/1766/322 1790/1767/319 1809/1768/320 1820/1769/321
f 1787/1770/327 1796/1771/324 1815/1772/325 1802/1773/326
f 1795/1774/331 1794/1775/328 1816/1776/329 1813/1777/330
f 1799/1778/331 1798/1779/328 1819/1780/329 1822/1781/330
f 1793/1782/322 1786/1783/319 1806/1784/320 1817/1785/321
f 1789/1786/310 1792/1787/307 1810/1788/308 1807/1789/309
f 1890/1790/333 127/1791/313 128/1792/313 1893/1793/313
f 1858/1794/335 1886/1795/336 1889/1796/337 1861/1797/334
f 1825/1798/313 1893/1793/313 128/1792/313 126/1799/313
f 1866/901/333 133/902/313 134/1800/313 1869/1801/333
f 1887/1802/341 1892/1803/338 1848/1804/339 1850/1805/340
f 1882/1806/333 129/1807/313 130/1808/313 1885/1809/333
f 1867/1810/360 1851/1811/357 1834/1812/358 1827/1813/359
f 1874/1814/333 131/1815/313 132/1816/313 1877/1817/333
f 1856/1818/345 1872/1819/342 1837/1820/343 1839/1821/344
f 1900/1822/362 1850/1805/340 1848/1804/339 1897/1823/361
f 1875/1824/360 1901/1825/357 1904/1826/358 1835/1827/359
f 1907/1828/367 1910/1829/364 1951/1830/365 1948/1831/366
f 1885/1809/333 130/1808/313 127/1791/313 1890/1790/333
f 1882/1806/333 1877/1817/333 132/1816/313 129/1807/313
f 1874/1814/333 1869/1801/333 134/1800/313 131/1815/313
f 1879/1832/341 1884/1833/338 1842/1834/339 1844/1835/340
f 1871/1836/341 1876/1837/338 1836/1838/339 1838/1839/340
f 1863/1840/341 1868/1841/338 1828/1842/339 1830/1843/340
f 1891/1844/360 1895/1845/357 1898/1846/358 1847/1847/359
f 1840/1848/362 1838/1839/340 1836/1838/339 1903/1849/368
f 1860/1850/345 1880/1851/342 1843/1852/343 1845/1853/344
f 1854/1854/345 1864/1855/342 1829/1856/343 1831/1857/344
f 1846/1858/362 1844/1835/340 1842/1834/339 1905/1859/368
f 1832/1860/362 1830/1843/340 1828/1842/339 1833/1861/368
f 1855/1862/334 1852/1863/335 1870/1864/336 1873/1865/337
f 1883/1866/360 1857/1867/357 1906/1868/358 1841/1869/359
f 1862/1870/345 1888/1871/342 1849/1872/343 1899/1873/344
f 1859/1874/372 1902/1875/369 1878/1876/370 1881/1877/371
f 1925/1878/388 1928/1879/389 2051/1880/390 1964/1881/391
f 1911/1882/380 1914/1883/377 2064/1884/378 2061/1885/379
f 1955/1886/384 1959/1887/381 2056/1888/382 2060/1889/383
f 1961/1890/387 1965/1891/385 2050/1892/382 2054/1893/386
f 1967/1894/387 1971/1895/385 2044/1896/382 2048/1897/386
f 2032/1898/373 2001/1899/374 1973/1900/375 2029/1901/376
f 1913/1902/399 1908/1903/373 1950/1904/374 2065/1905/375
f 1927/1906/380 1930/1907/394 2052/1908/378 2049/1909/379
f 1921/1910/399 1916/1911/373 1956/1912/374 2059/1913/375
f 2010/1914/385 1940/1915/395 1944/1916/383 2006/1917/387
f 2018/1918/397 1990/1919/365 1987/1920/366 2015/1921/396
f 2038/1922/377 1942/1923/378 1939/1924/379 2035/1925/380
f 1929/1926/376 1924/1927/373 1962/1928/374 2053/1929/375
f 1992/1930/385 1982/1931/382 1986/1932/383 1988/1933/387
f 1931/1934/396 1934/1935/397 1969/1936/365 1966/1937/366
f 2020/1938/389 1977/1939/390 1997/1940/391 2025/1941/388
f 1937/1942/376 1932/1943/373 1968/1944/374 2047/1945/375
f 1923/1946/396 1926/1947/397 1963/1948/365 1960/1949/366
f 1917/1950/393 1920/1951/475 2057/1952/390 1958/1953/391
f 1915/1954/367 1918/1955/397 1957/1956/365 1954/1957/366
f 1919/1958/380 1922/1959/377 2058/1960/378 2055/1961/379
f 2036/1962/389 1941/1963/390 2009/1964/391 2041/1965/388
f 2004/1966/385 1946/1967/395 1974/1968/383 2000/1969/387
f 2028/1970/389 1947/1971/390 2003/1972/391 2033/1973/388
f 2026/1974/364 1996/1975/365 1993/1976/366 2023/1977/396
f 2024/1978/373 1995/1979/374 1979/1980/375 2021/1981/376
f 2034/1982/397 2002/1983/365 1999/1984/366 2031/1985/396
f 2012/1986/389 1983/1987/390 1991/1988/391 2017/1989/388
f 2042/1990/364 2008/1991/365 2005/1992/366 2039/1993/396
f 2014/1994/394 1984/1995/378 1981/1996/379 2011/1997/380
f 1933/1998/388 1936/1999/389 2045/2000/390 1970/2001/391
f 3940/2002/476 2074/2003/477 2067/2004/478
f 1935/2005/380 1938/2006/394 2046/2007/378 2043/2008/379
f 2016/2009/398 1989/2010/374 1985/2011/375 2013/2012/376
f 2022/2013/394 1978/2014/378 1975/2015/379 2019/2016/380
f 1949/2017/384 1953/2018/381 2062/2019/382 2066/2020/383
f 2040/2021/398 2007/2022/374 1943/2023/375 2037/2024/376
f 1909/2025/479 1912/2026/475 2063/2027/390 1952/2028/391
f 2030/2029/377 1972/2030/378 1945/2031/379 2027/2032/380
f 1998/2033/385 1976/2034/382 1980/2035/383 1994/2036/387
f 1778/2037/403 1779/1748/311 123/1749/312 117/2038/312
f 2116/2039/222 2085/2040/223 2105/2041/224 2121/2042/221
f 3948/2043/480 2069/2044/481 2071/2045/482
f 599/2046/142 41/2047/143 137/2048/143 2077/2049/142
f 2072/2050/179 2070/2051/147 2068/2052/146 2073/2053/180
f 596/519/142 40/518/143 41/2047/143 599/2046/142
f 2114/2054/213 2098/2055/214 2095/2056/215 2111/2057/242
f 2100/2058/234 2090/2059/231 2094/2060/235 2096/2061/233
f 2122/2062/213 2104/2063/214 2101/2064/215 2119/2065/242
f 2120/2066/237 2103/2067/238 2087/2068/239 2117/2069/243
f 2123/2070/110 2127/2071/86 2158/2072/111 2155/2073/112
f 2108/2074/222 2091/2075/223 2099/2076/224 2113/2077/221
f 2110/2078/483 2092/2079/227 2089/2080/228 2107/2081/225
f 2112/2082/237 2097/2083/238 2093/2084/239 2109/2085/243
f 2118/2086/483 2086/2087/227 2083/2088/228 2115/2089/225
f 2106/2090/234 2084/2091/231 2088/2092/235 2102/2093/233
f 2128/2094/119 2126/2095/97 2141/2096/98 2146/2097/99
f 2175/2098/484 2170/2099/126 2139/2100/127 2148/2101/128
f 2131/2102/93 2136/2103/90 2163/2104/94 2164/2105/95
f 140/2106/5 139/1176/5 2173/1175/121 2169/2107/20
f 2125/2108/1 2138/2109/2 2149/2110/3 2142/2111/4
f 2130/2112/30 2132/2113/31 2166/2114/32 2159/2115/33
f 2137/2116/114 2134/2117/115 2154/2118/116 2150/2119/117
f 2133/2120/106 2129/2121/107 2145/2122/108 2151/2123/109
f 2176/2124/130 2167/2125/131 2152/2126/132 2144/2127/133
f 2169/2107/20 2173/1175/121 2147/2128/69 2153/2129/70
f 2172/47/34 2177/25/12 2143/2130/123 2140/2131/124
f 2160/2132/102 2165/2133/103 2162/2134/104 2156/2135/105
f 6/27/13 5/14/13 538/13/12 516/28/14
f 142/46/13 141/26/13 2177/25/12 2172/47/34
f 1168/2136/485 1469/1471/450 1502/1474/453 75/1496/13
f 83/1135/13 1487/1134/407 1482/1458/449 1203/2137/486
f 2210/2138/487 445/2139/487 448/2140/488 2195/2141/488
f 2209/2142/198 2212/2143/198 443/2144/198 446/2145/198
f 2264/2146/167 1445/2147/167 1454/2148/168 2269/2149/168
f 2184/2150/468 1407/2151/489 1412/2152/490 2181/2153/471
f 59/2154/84 23/2155/84 568/2156/84 907/2157/84
f 2205/2158/491 2186/2159/491 453/2160/492 450/2161/493
f 1403/2162/491 1408/2163/491 2183/2164/494 2204/2165/494
f 464/2166/495 2199/2167/495 2196/2168/496 447/2169/496
f 2238/2170/200 1419/2171/200 1434/2172/202 2243/2173/202
f 2260/2174/497 1443/2175/497 1446/2176/498 2263/2177/498
f 2258/2178/37 1441/2179/37 1438/2180/38 2247/2181/499
f 486/2182/500 2225/2183/500 2220/2184/501 459/2185/502
f 462/2186/503 2215/2187/504 2200/2188/505 463/2189/506
f 2194/2190/507 451/2191/153 494/2192/153 2189/2193/153
f 2435/2194/508 2491/2195/509 452/2196/510
f 2224/2197/500 1439/2198/500 1414/2199/501 2221/2200/511
f 1400/2201/512 2207/2202/487 2198/2203/488 1401/2204/488
f 2182/2205/193 1411/2206/193 1410/2207/194 2227/2208/194
f 2254/2209/513 1435/2210/513 1440/2211/196 2223/2212/514
f 560/2213/138 2293/2214/138 158/2215/139 34/2216/139
f 157/2217/152 103/2218/152 1522/2219/151 2295/2220/151
f 26/2221/44 186/2222/44 178/2223/44
f 95/2224/176 1442/2225/178 2257/2226/178 143/2227/176
f 490/2228/497 2261/2229/515 2266/2230/516 491/2231/498
f 162/2232/252 1405/2233/517 2554/2234/518
f 1451/2235/519 1458/2236/520 2285/2237/520 2282/2238/519
f 1450/2239/521 2273/2240/521 2278/2241/522 1455/2242/522
f 2272/2243/523 495/2244/521 502/2245/524 2275/2246/522
f 2279/2247/519 2284/2248/520 503/2249/520 498/2250/519
f 2286/2251/525 1457/2252/525 100/2253/526 153/2254/526
f 111/701/181 1427/2255/181 1428/2256/181
f 101/2257/165 151/2258/165 153/2259/165 100/2260/165
f 500/2261/525 2267/2262/525 150/2263/526 29/2264/526
f 2270/2265/525 1453/2266/525 98/2267/526 149/2268/526
f 1449/2269/161 1448/2270/162 2187/2271/162 2274/2272/161
f 79/1169/5 1459/1170/19 1494/299/120 78/302/5
f 152/2273/165 32/2274/165 31/2275/165 154/2276/165
f 1517/2277/148 1520/2278/149 2291/2279/149 2290/2280/527
f 30/2281/171 148/2282/171 2280/2283/172 497/2284/172
f 101/2285/171 1456/2286/172 2277/2287/172 151/2288/171
f 1518/2289/151 2289/2290/151 155/2291/152 102/2292/152
f 456/2293/528 2229/2294/528 2232/2295/529 555/2296/529
f 2296/2297/527 1521/2298/148 1524/2299/149 2301/2300/149
f 2287/2301/148 2294/2302/149 559/2303/149 558/2304/148
f 2292/2305/461 1519/2306/138 103/2307/139 157/2308/139
f 95/2309/44 143/2310/44 145/2311/44 194/2312/44
f 2302/2313/461 1523/2314/138 104/2315/139 159/2316/139
f 1526/2317/151 2239/2318/151 159/2319/152 104/2320/152
f 2248/2321/173 1437/2322/173 1436/2323/530 2253/2324/530
f 124/2325/181 1826/2326/181 1527/2327/181 92/2328/181
f 1525/2329/531 1420/2330/532 2237/2331/533 2240/2332/534
f 2241/2333/531 2236/2334/532 465/2335/535 566/2336/531
f 504/2337/525 2283/2338/525 154/2339/526 31/2340/526
f 147/2341/171 99/2342/171 1452/2343/536 2281/2344/172
f 2202/2345/495 1417/2346/495 1402/2347/496 2197/2348/496
f 2218/2349/504 1415/2350/504 1418/2351/506 2201/2352/506
f 161/2353/165 146/2354/165 145/2355/165 162/2356/165
f 2228/2357/528 1409/2358/537 1516/2359/538 2233/2360/529
f 2213/2361/84 2183/2362/84 2197/2363/84
f 2303/2364/539 163/2365/84 165/2366/84 2306/2367/540
f 164/2368/165 2304/2369/541 2305/2370/541 166/2371/165
f 2320/2372/222 2309/2373/223 2317/2374/224 2325/2375/221
f 2324/2376/465 2315/2377/238 2311/2378/239 2321/2379/243
f 2335/2380/15 2327/2381/16 2352/2382/17 2354/2383/18
f 2326/2384/213 2316/2385/214 2313/2386/215 2323/2387/242
f 2322/2388/226 2310/2389/227 2307/2390/228 2319/2391/225
f 2318/2392/230 2308/2393/464 2312/2394/232 2314/2395/233
f 322/2396/81 809/2397/65 812/2398/66 325/2399/67
f 1422/2400/542 467/2401/542 478/2402/543 1431/2403/543
f 2438/2404/544 3937/2405/545 3932/2406/546
f 2/21/5 1/2407/5 535/303/19 513/22/19
f 10/430/5 9/301/5 529/300/121 507/317/20
f 82/1171/13 12/2408/13 510/330/135 1463/1172/423
f 12/2408/13 11/352/13 533/331/14 510/330/135
f 2493/2409/547 2490/2410/548 3928/2411/549 2372/2412/550
f 170/353/13 169/45/13 2371/48/35 2365/354/137
f 3936/2413/551 3927/2414/552 3931/2415/553
f 182/2416/176 175/2417/176 174/2418/176 183/2419/176
f 2565/2420/554 2583/2421/555 2329/2422/556 2341/2423/557
f 2567/2424/558 2332/2425/559 2359/2426/560
f 2368/2427/125 2363/2428/126 2339/2429/127 2343/2430/128
f 2328/2431/1 2338/2432/442 2344/2433/3 2342/2434/4
f 2330/2435/561 2585/2436/562 2571/2437/563 2353/2438/564
f 2337/2439/118 2334/2440/115 2347/2441/116 2345/2442/117
f 2362/1174/120 2366/428/19 2346/2443/69 2350/2444/70
f 2358/2445/565 2355/2446/566 2595/2447/567
f 2371/48/35 2581/2448/568 2579/2449/569
f 2360/2450/570 2573/2451/571 2589/2452/572
f 3939/2453/573 3942/2454/574 3943/2455/575
f 2373/2456/576 3931/2415/553 2381/2457/577
f 2530/2458/578 2409/2459/579 2414/2460/580 2533/2461/581
f 2447/2462/582 2446/2463/583 2392/2464/584 2394/2465/585
f 2457/2466/586 2452/2467/587 2396/2468/588 2398/2469/589
f 2436/2470/590 2553/2471/591 2524/2472/591 2434/2473/592
f 176/2474/176 185/2475/176 184/2476/176 177/2477/176
f 2512/2478/593 2422/2479/594 173/2480/595 189/2481/595
f 2402/2482/596 2521/2483/597 2516/2484/598 2399/2485/598
f 2377/2486/504 2560/2487/599 2559/2488/600 3925/2489/601
f 2440/2490/602 2418/2491/603 171/2492/604 179/2493/604
f 178/2494/165 2410/2495/605 2529/2496/606 194/2497/165
f 2483/2498/607 2482/2499/608 2429/2500/609 2427/2501/609
f 2544/2502/610 2430/2503/611 2437/2504/612 2541/2505/488
f 2514/2506/613 2395/2507/614 174/2508/615 191/2509/615
f 182/2510/616 2454/2511/617 2400/2512/618 175/2513/616
f 2412/2514/619 2473/2515/620 2470/2516/498 2425/2517/621
f 2424/2518/622 2487/2519/623 2450/2520/624 2421/2521/625
f 162/2232/252 2554/2234/518 2435/2194/508 161/2522/252
f 2431/2523/626 3929/2524/626 2489/2525/627 2486/2526/628
f 2389/2527/585 2443/2528/582 2442/2529/583 2387/2530/584
f 175/2513/616 2400/2512/618 2515/2531/629 190/2532/616
f 3917/2533/630 2385/2534/631 3933/2535/632
f 2403/2536/614 2455/2537/633 185/2538/615 176/2539/615
f 2550/2540/623 2424/2518/622 2421/2521/625 2511/2541/634
f 2413/2542/635 2471/2543/636 2474/2544/637 2411/2545/638
f 2415/2546/639 2475/2547/640 2466/2548/640 2408/2549/639
f 2564/2550/641 2580/2551/642 2584/2552/643
f 2538/2553/644 2415/2546/639 2408/2549/639 2527/2554/645
f 2536/2555/620 2412/2514/619 2425/2517/621 2531/2556/498
f 3924/2557/646 3933/2535/632 2385/2534/631 2375/2558/647
f 3919/2559/648 2556/2560/648 2563/2561/649 2386/2562/650
f 2417/2563/651 2420/2564/652 2539/2565/653 2502/2566/654
f 2526/2567/655 2405/2568/656 2404/2569/657 2517/2570/657
f 2407/2571/658 2465/2572/659 2464/2573/196 2406/2574/660
f 2426/2575/661 2469/2576/662 2484/2577/663 2428/2578/664
f 2540/2579/665 2419/2580/666 2416/2581/667 2537/2582/668
f 2506/2583/669 2389/2527/585 2387/2530/584 2503/2584/670
f 2534/2585/636 2413/2542/635 2411/2545/638 2535/2586/637
f 2439/2587/671 2478/2588/653 2420/2564/652 2417/2563/651
f 2388/2589/594 2441/2590/672 179/2591/595 171/2592/595
f 2498/2593/504 2378/2594/504 3921/2595/673 2495/2596/673
f 3933/2535/632 3936/2413/551 3917/2533/630
f 2508/2597/593 2391/2598/594 172/2599/595 188/2600/595
f 177/2601/616 184/2602/616 2458/2603/674 2397/2604/618
f 2518/2605/675 2403/2536/614 176/2539/615 193/2606/615
f 3918/2607/676 3930/2608/677 2551/2609/548 2557/2610/678
f 3927/2414/552 3934/2611/679 2381/2457/577 3931/2415/553
f 2494/2612/680 2374/2613/681 2383/2614/682 2499/2615/683
f 193/2616/176 176/2474/176 177/2477/176 192/2617/176
f 2422/2479/594 2449/2618/672 181/2619/595 173/2480/595
f 172/2620/604 180/2621/604 2444/2622/602 2390/2623/603
f 2459/2624/684 2462/2625/685 2433/2626/686 2401/2627/687
f 2391/2598/594 2445/2628/672 180/2629/595 172/2599/595
f 192/2630/616 177/2601/616 2397/2604/618 2519/2631/629
f 2401/2627/687 2433/2626/686 2523/2632/685 2522/2633/688
f 3920/2634/689 3935/2635/690 2438/2404/544
f 2528/2636/659 2407/2571/658 2406/2574/660 2525/2637/196
f 2432/2638/691 2485/2639/692 2488/2640/693 2423/2641/694
f 2409/2459/579 2467/2642/578 2472/2643/695 2414/2460/580
f 175/2417/176 190/2644/176 191/2645/176 174/2418/176
f 2395/2507/614 2451/2646/633 183/2647/615 174/2508/615
f 2448/2648/602 2393/2649/603 173/2650/604 181/2651/604
f 2405/2568/656 2463/2652/696 2456/2653/657 2404/2569/657
f 2398/2469/589 2396/2468/588 2513/2654/587 2520/2655/586
f 2418/2491/603 2501/2656/697 187/2657/604 171/2492/604
f 2552/2658/698 3929/2524/626 2431/2523/626 2547/2659/699
f 2460/2660/597 2402/2482/596 2399/2485/598 2453/2661/598
f 2427/2501/609 2429/2500/609 2543/2662/198 2546/2663/198
f 188/2664/604 172/2620/604 2390/2623/603 2505/2665/697
f 2430/2503/611 2481/2666/487 2480/2667/700 2437/2504/612
f 2419/2580/666 2477/2668/665 2476/2669/668 2416/2581/667
f 186/2670/165 2468/2671/701 2410/2495/605 178/2494/165
f 2532/2672/702 2426/2575/661 2428/2578/664 2545/2673/703
f 2393/2649/603 2509/2674/697 189/2675/604 173/2650/604
f 2394/2465/585 2392/2464/584 2507/2676/670 2510/2677/669
f 2548/2678/704 2432/2638/691 2423/2641/694 2549/2679/693
f 2504/2680/593 2388/2589/594 171/2592/595 187/2681/595
f 2492/2682/591 2436/2470/590 2434/2473/592 2461/2683/705
f 3922/2684/706 2380/2685/707 2381/2457/577 3934/2611/679
f 2587/2686/708 2574/2687/709 2333/2688/710
f 168/1173/5 167/429/5 2366/428/19 2362/1174/120
f 2331/2689/100 2336/2690/101 2356/2691/91 2357/2692/92
f 2596/2693/711 2572/2694/712 2582/2695/713
f 2572/2694/712 2584/2552/643 2580/2551/642
f 2722/2696/714 2597/2697/715 2730/2698/716 2718/2699/717
f 2580/2551/642 2582/2695/713 2572/2694/712
f 2591/2700/718 2593/2701/719 2588/2702/720
f 2588/2702/720 2575/2703/721 2591/2700/718
f 2593/2701/719 2596/2693/711 2588/2702/720
f 2582/2695/713 2577/2704/722 2588/2702/720
f 2588/2702/720 2596/2693/711 2582/2695/713
f 2586/2705/723 2568/2706/724 2591/2707/718
f 2586/2708/723 2591/2700/718 2575/2703/721
f 3067/2709/725 3061/2710/726 2603/2711/727 2607/2712/728
f 2621/2713/729 2626/2714/730 2738/2715/731 2734/2716/732
f 3812/2717/733 2646/2718/734 2726/2719/735
f 3773/2720/736 3764/2721/737 3768/2722/738
f 3891/2723/739 3881/2724/740 2680/2725/741 2679/2726/742
f 215/2727/313 216/2728/313 2677/2729/313 2641/2730/743
f 3755/2731/255 3741/2732/744 3073/2733/745
f 2739/2734/746 2625/2735/747 2761/2736/748
f 3050/2737/749 3054/2738/750 2657/2739/751 2672/2740/752
f 3762/2741/753 3772/2742/754 2700/2743/755
f 2648/2744/756 2642/2745/757 2639/2746/758 2720/2747/759
f 2614/2748/760 3072/2749/761 3085/2750/762 2699/2751/763
f 2642/2745/757 2676/2752/764 2678/2753/765 2639/2746/758
f 3058/2754/766 2623/2755/767 2693/2756/768 3096/2757/769
f 2640/2758/770 2679/2726/742 2680/2725/741 2637/2759/771
f 2636/2760/772 2632/2761/773 2655/2762/774
f 2650/2763/775 2645/2764/776 2653/2765/777
f 3808/2766/778 3051/2767/779 2652/2768/780
f 2635/2769/781 2643/2770/781 215/2727/313 2641/2730/743
f 2644/2771/782 2634/2772/783 2656/2773/784 2654/2774/785
f 2633/2775/780 2635/2769/781 2641/2730/743 2647/2776/786
f 3884/2777/787 3888/2778/788 2627/2779/789 2715/2780/790
f 2702/2781/791 3885/2782/792 2714/2783/793 2701/2784/794
f 2721/2785/795 2640/2758/770 2637/2759/771 2723/2786/796
f 3882/2787/797 3890/2788/798 2669/2789/799
f 2665/2790/776 2664/2791/777 2674/2792/775
f 2692/2793/800 2746/2794/801 2743/2795/802 2688/2796/803
f 2631/2797/804 2651/2798/805 2654/2799/806 2656/2800/807
f 2694/2801/808 2617/2802/809 2749/2803/810 2759/2804/811
f 2673/2805/812 216/2728/313 3049/2806/813 2666/2807/814
f 3880/2808/815 3886/2809/816 2705/2810/817
f 2686/2811/783 2661/2812/784 2663/2813/818 2667/2814/782
f 2859/2815/819 3109/2816/820 3114/2817/821 2862/2818/822
f 2659/2819/823 2728/2820/824 2732/2821/825 2629/2822/826
f 2675/2823/805 2663/2824/806 2661/2825/807 2682/2826/804
f 2689/2827/827 2742/2828/828 2765/2829/829
f 2666/2807/814 3049/2806/813 2671/2830/830 2687/2831/814
f 2754/2832/831 2757/2833/832 2748/2834/833 2751/2835/834
f 2670/2836/835 3892/2837/836 2678/2753/765 2676/2752/764
f 2717/2838/837 2599/2839/838 2615/2840/839 2698/2841/840
f 2630/2842/841 2731/2843/842 2600/2844/843 2716/2845/844
f 2602/2846/845 3913/2847/846 3897/2848/847
f 2696/2849/848 2763/2850/849 2741/2851/850 2745/2852/851
f 2689/2827/827 2681/2853/852 3880/2808/815 2705/2810/817
f 2606/2854/853 2707/2855/854 3079/2856/855 3068/2857/856
f 2760/2858/857 2619/2859/858 2735/2860/859 2740/2861/860
f 2747/2862/861 2691/2863/862 2622/2864/863 2737/2865/864
f 2764/2866/865 2695/2867/866 2758/2868/867 2756/2869/868
f 2767/2870/119 2773/2871/97 2883/2872/98 2886/2873/99
f 2620/2874/869 2762/2875/870 2752/2876/871 2750/2877/872
f 2761/2736/748 2765/2829/829 2755/2878/873 2753/2879/874
f 2689/2827/827 2765/2829/829 2761/2736/748 2625/2735/747
f 2690/2880/875 3767/2881/876 3769/2882/877
f 2638/2883/878 2681/2853/852 2689/2827/827 2625/2735/747
f 2784/2884/106 2797/2885/107 2903/2886/108 2892/2887/109
f 206/2888/13 3007/2889/879 3029/2890/879 195/2891/13
f 3006/2892/880 3013/2893/881 2997/2894/882 3030/2895/883
f 2806/2896/435 2803/2897/16 2968/2898/17 2975/2899/18
f 3027/2900/19 207/2901/5 210/2902/5 3019/2903/19
f 206/2888/13 205/2904/13 3000/2905/12 3007/2889/879
f 196/2906/13 2995/2907/14 3003/2908/12 197/2909/13
f 3012/2910/884 209/2911/5 200/2912/5 2998/2913/884
f 3009/2914/411 3016/2915/409 3037/2916/24 3036/2917/23
f 2994/2918/408 3033/2919/11 3021/2920/8 3004/2921/9
f 2822/2922/30 2814/2923/31 2973/2924/32 2978/2925/33
f 198/2926/13 197/2909/13 3003/2908/12 3010/2927/446
f 3549/2928/28 2991/2929/29 3024/2930/26 3581/2931/27
f 2774/2932/15 2771/2933/16 2944/2934/17 2954/2935/18
f 3015/2936/404 201/2937/5 211/2938/5 3038/2939/885
f 212/2940/181 3037/2941/181 211/2942/181
f 204/2943/13 2989/2944/14 3000/2905/12 205/2904/13
f 230/2945/5 208/2946/5 2992/2947/886 3548/2948/121
f 198/2926/13 3010/2927/446 3035/2949/460 212/2950/13
f 2988/2951/10 3028/2952/11 3018/2953/8 3001/2954/9
f 3106/2955/887 3116/2956/887 3132/2957/23 3137/2958/23
f 3893/2959/888 3900/2960/889 2831/2961/890 3123/2962/891
f 2827/2963/892 3896/2964/893 3914/2965/894 3119/2966/895
f 2845/2967/896 2846/2968/897 2876/2969/898 2874/2970/899
f 2863/2971/900 3113/2972/901 3118/2973/902 2866/2974/903
f 2871/2975/904 2875/2976/905 2878/2977/906 2881/2978/907
f 2853/2979/908 2839/2980/909 2872/2981/910 2880/2982/911
f 2849/2983/912 2850/2984/913 2879/2985/914 2877/2986/915
f 2854/2987/916 3104/2988/917 3110/2989/918 2858/2990/919
f 2843/2991/920 2841/2992/921 2855/2993/922 2861/2994/923
f 3010/2927/446 3003/2908/12 2887/2995/123 2882/2996/124
f 2847/2997/924 2844/2998/925 2860/2999/926 2865/3000/927
f 2851/3001/928 2848/3002/929 2864/3003/930 2869/3004/931
f 2840/3005/932 2852/3006/933 2868/3007/934 2856/3008/935
f 2769/3009/30 2778/3010/31 2963/3011/32 2946/3012/33
f 2794/3013/30 2783/3014/31 2950/3015/32 2957/3016/33
f 2781/3017/89 2775/3018/90 2956/3019/91 2964/3020/92
f 2789/3021/15 2791/3022/16 2962/3023/17 2952/3024/18
f 2799/3025/96 2805/3026/97 2915/3027/98 2918/3028/99
f 2770/3029/85 2766/3030/86 2945/3031/87 2942/3032/88
f 2790/3033/936 2795/3034/86 2959/3035/111 2960/3036/112
f 2787/3037/114 2785/3038/115 2891/3039/116 2894/3040/117
f 2801/3041/113 2810/3042/31 2984/3043/32 2970/3044/33
f 2808/3045/114 2812/3046/115 2940/3047/116 2927/3048/117
f 3821/3049/937 3845/3050/938 2816/3051/939 2924/3052/940
f 3823/3053/941 2819/3054/942 2983/3055/943
f 2802/3056/437 2798/3057/436 2969/3058/87 2966/3059/88
f 2837/3060/944 2828/3061/945 3122/3062/946 3127/3063/947
f 2813/3064/100 2807/3065/101 2977/3066/91 2985/3067/92
f 2953/3068/104 2961/3069/105 2958/3070/102 2949/3071/103
f 2976/3072/104 2967/3073/105 2971/3074/102 2986/3075/103
f 2982/3076/948 2979/3077/949 3857/3078/950
f 2815/3079/106 2825/3080/107 2931/3081/108 2925/3082/109
f 2772/3083/1 2777/3084/442 2898/3085/3 2884/3086/4
f 2804/3087/1 2809/3088/2 2926/3089/3 2916/3090/4
f 2782/3091/951 2786/3092/90 2951/3093/94 2948/3094/95
f 2817/3095/952 3847/3096/953 3827/3097/954 2974/3098/955
f 2796/3099/96 2793/3100/97 2906/3101/98 2904/3102/99
f 2824/3103/119 2821/3104/97 2934/3105/98 2932/3106/99
f 2779/3107/106 2768/3108/107 2889/3109/108 2913/3110/109
f 2811/3111/106 2800/3112/107 2921/3113/108 2941/3114/109
f 2792/3115/1 2788/3116/2 2897/3117/3 2907/3118/4
f 2776/3119/118 2780/3120/115 2912/3121/116 2899/3122/117
f 3582/3123/34 3023/3124/423 203/3125/13 225/3126/13
f 2995/2907/14 3029/2890/879 2905/3127/123 2909/3128/124
f 3022/3129/20 3015/2936/404 2900/3130/69 2911/3131/70
f 3002/3132/134 3020/3133/131 2910/3134/132 2888/3135/133
f 3019/2903/19 3012/2910/884 2928/3136/69 2939/3137/70
f 2989/2944/14 3023/3124/423 2933/3138/123 2937/3139/124
f 2955/3140/104 2943/3141/105 2947/3142/102 2965/3143/103
f 2999/3144/130 3017/3145/131 2938/3146/132 2920/3147/133
f 3014/3148/125 3008/3149/126 2885/3150/127 2901/3151/128
f 3034/3152/125 2993/3153/126 2908/3154/127 2896/3155/128
f 2998/2913/884 3032/3156/19 2895/3157/69 2890/3158/70
f 3007/2889/879 3000/2905/12 2919/3159/123 2914/3160/124
f 3011/3161/129 3005/3162/126 2917/3163/127 2929/3164/128
f 3027/2900/19 3843/3165/956 3841/3166/957
f 3025/3167/134 2990/3168/131 2922/3169/132 2930/3170/133
f 2987/3171/958 3829/3172/959 3851/3173/960
f 3031/3174/134 2996/3175/131 2893/3176/132 2902/3177/133
f 200/2912/5 199/3178/5 3032/3156/19 2998/2913/884
f 3032/3156/19 199/3178/5 202/3179/5 3022/3129/20
f 202/3179/5 201/2937/5 3015/2936/404 3022/3129/20
f 210/2902/5 209/2911/5 3012/2910/884 3019/2903/19
f 196/2906/13 195/2891/13 3029/2890/879 2995/2907/14
f 2618/3180/961 2697/3181/962 2744/3182/963 2736/3183/964
f 2829/3184/965 2836/3185/966 2708/3186/967 2605/3187/968
f 2835/3188/969 2833/3189/970 2711/3190/971 2709/3191/972
f 2712/3192/973 3899/3193/974 2601/3194/975
f 2610/3195/976 2616/3196/977 2598/3197/978 2725/3198/979
f 3887/3199/980 2668/3200/981 2660/3201/982 2628/3202/983
f 3049/2806/813 216/2728/313 213/3203/313 3044/3204/984
f 214/3205/313 213/3203/313 216/2728/313 215/2727/313
f 215/2727/313 3051/2767/779 3039/3206/985 214/3205/313
f 3041/3207/986 3046/3208/987 3048/3209/988 3053/3210/989
f 3053/3210/989 3048/3209/988 2729/3211/990 2658/3212/991
f 2683/3213/773 2662/3214/774 2685/3215/772
f 3043/3216/992 3042/3217/993 3054/2738/750 3050/2737/749
f 3099/3218/994 3066/3219/995 3055/3220/996 3095/3221/997
f 2643/2770/781 2652/2768/780 3051/2767/779 215/2727/313
f 2719/3222/998 2733/3223/999 2727/3224/1000 2649/3225/1001
f 3069/3226/1002 3082/3227/1003 3090/3228/1004 3075/3229/1005
f 3091/3230/1006 3059/3231/1007 3063/3232/1008 3102/3233/1009
f 3076/3234/1010 3089/3235/1011 3086/3236/1012 3071/3237/1013
f 3101/3238/1014 3087/3239/1015 3081/3240/1016 3092/3241/1017
f 3907/3242/1018 3902/3243/1019 3107/3244/1020
f 3098/3245/1021 3083/3246/1022 3088/3247/1023 3100/3248/1024
f 3062/3249/1025 3070/3250/1026 3078/3251/1027 3064/3252/1028
f 3065/3253/1029 3077/3254/1030 3074/3255/1031 3056/3256/1032
f 3112/3257/1033 3141/3258/1034 3133/3259/1035 3115/3260/1033
f 3128/3261/1036 3121/3262/1037 3138/3263/1038 3131/3264/1039
f 3908/3265/1040 3142/3266/1041 3111/3267/1042
f 3910/3268/1043 3894/3269/1044 3126/3270/1045 3139/3271/1046
f 3120/3272/1047 3916/3273/1048 3905/3274/1049 3135/3275/1050
f 3125/3276/1051 3129/3277/1052 3134/3278/1053 3140/3279/1054
f 2830/3280/1055 2834/3281/1056 3130/3282/1057 3124/3283/1058
f 2857/3284/1059 2867/3285/1060 3117/3286/1061 3105/3287/1062
f 208/2946/5 207/2901/5 3027/2900/19 2992/2947/886
f 3045/3288/1063 3040/3289/1064 3052/3290/255 3047/3291/1065
f 3237/3292/772 3238/3293/773 3215/3294/774
f 3619/3295/1066 3148/3296/1067 3264/3297/1068 3649/3298/1069
f 3167/3299/1070 3287/3300/801 3291/3301/802 3171/3302/803
f 3190/3303/1071 3199/3304/1072 3786/3305/1073 3775/3306/1074
f 3162/3307/763 3254/3308/760 3642/3309/1075 3631/3310/762
f 3243/3311/747 3317/3312/748 3296/3313/746
f 237/3314/313 3188/3315/313 3229/3316/313 238/3317/313
f 3159/3318/755 3630/3319/1076 3721/3320/1077
f 3293/3321/828 3315/3322/1078 3172/3323/1079
f 3790/3324/1080 3786/3325/1081 3199/3326/1082 3197/3327/1083
f 3256/3328/1084 3252/3329/977 3270/3330/978 3208/3331/979
f 3194/3332/1085 3273/3333/1086 3186/3334/758 3187/3335/757
f 3731/3336/1087 3723/3337/1088 3168/3338/768
f 3187/3335/757 3186/3334/758 3231/3339/758 3230/3340/757
f 3613/3341/1089 3655/3342/1090 3244/3343/767 3168/3338/768
f 3185/3344/770 3184/3345/771 3233/3346/771 3232/3347/770
f 3606/3348/1091 3223/3349/1092 3203/3350/1093 3610/3351/1094
f 3198/3352/776 3200/3353/1095 3189/3354/775
f 3177/3355/1096 3202/3356/1097 3789/3357/1098 3794/3358/1099
f 3279/3359/1100 3803/3360/1101 3805/3361/1102
f 3178/3362/1103 3195/3363/1104 3188/3315/313 3182/3364/1105
f 3779/3365/1106 3789/3366/1107 3202/3367/1108 3180/3368/1109
f 3243/3311/747 3172/3323/1079 3315/3322/1078 3317/3312/748
f 3718/3369/1110 3708/3370/1111 3643/3371/745
f 3272/3372/1112 3278/3373/1113 3184/3345/771 3185/3344/770
f 3236/3374/781 3228/3375/781 238/3317/313 3229/3316/313
f 3219/3376/775 3227/3377/776 3217/3378/1095
f 3245/3379/729 3241/3380/730 3295/3381/731 3299/3382/732
f 3783/3383/1114 3195/3363/1104 3178/3362/1103
f 3380/3384/969 3386/3385/1115 3150/3386/971 3152/3387/972
f 3247/3388/809 3311/3389/810 3303/3390/811 3163/3391/808
f 3228/3375/781 3221/3392/1116 3607/3393/1117 238/3317/313
f 3639/3394/725 3650/3395/726 3263/3396/1118 3259/3397/1119
f 3240/3398/804 3220/3399/805 3218/3400/806 3216/3401/807
f 3418/3402/822 3419/3403/819 3669/3404/1120 3666/3405/1121
f 3225/3406/756 3230/3340/757 3231/3339/758 3213/3407/759
f 3226/3408/782 3235/3409/783 3216/3410/784 3218/3411/818
f 3205/3412/824 3176/3413/825 3285/3414/1122 3281/3415/823
f 3221/3392/1116 3239/3416/1116 3224/3417/1123 3607/3393/1117
f 3307/3418/834 3304/3419/831 3301/3420/832 3310/3421/833
f 3239/3416/1116 3236/3374/781 3229/3316/313 3224/3417/1123
f 3175/3422/842 3268/3423/843 3144/3424/844 3286/3425/841
f 3158/3426/1124 3276/3427/1125 3146/3428/1126 3160/3429/1127
f 3624/3430/1128 3153/3431/1129 3149/3432/1130 3618/3433/1131
f 3249/3434/858 3300/3435/859 3294/3436/860 3316/3437/857
f 3214/3438/795 3232/3347/770 3233/3346/771 3210/3439/1132
f 3154/3440/854 3627/3441/855 3636/3442/856 3262/3443/853
f 3164/3444/866 3302/3445/867 3306/3446/868 3314/3447/865
f 3298/3448/864 3288/3449/861 3169/3450/862 3246/3451/863
f 3318/3452/870 3308/3453/871 3312/3454/872 3250/3455/869
f 3322/3456/97 3443/3457/98 3442/3458/99 3324/3459/119
f 3166/3460/962 3289/3461/963 3297/3462/964 3248/3463/961
f 3315/3322/1078 3305/3464/873 3309/3465/874 3317/3312/748
f 3183/3466/878 3172/3323/1079 3243/3311/747 3234/3467/878
f 3242/3468/1133 3244/3343/767 3715/3469/1134
f 3212/3470/998 3173/3471/999 3204/3472/1000 3222/3473/1135
f 3874/3474/1136 3868/3475/1137 3449/3476/1138 3337/3477/1139
f 228/3478/13 217/3479/13 3588/3480/879 3562/3481/1140
f 3563/3482/883 3587/3483/880 3554/3484/881 3569/3485/882
f 3362/3486/2 3496/3487/3 3472/3488/4 3349/3489/1
f 3585/3490/19 3575/3491/20 232/3492/5 229/3493/5
f 228/3478/13 3562/3481/1140 3558/3494/12 227/3495/13
f 218/3496/13 219/3497/13 3561/3498/14 3550/3499/14
f 3570/3500/884 3553/3501/1141 222/3502/1142 231/3503/5
f 3566/3504/22 3592/3505/23 3595/3506/1143 3572/3507/21
f 3551/3508/9 3560/3509/10 3579/3510/11 3590/3511/25
f 3363/3512/90 3526/3513/91 3529/3514/92 3367/3515/89
f 220/3516/13 3565/3517/122 3561/3498/14 219/3497/13
f 218/3496/13 3550/3499/14 3588/3480/879 217/3479/13
f 3334/3518/442 3464/3519/3 3444/3520/4 3321/3521/1
f 3573/3522/6 3594/3523/7 233/3524/5 223/3525/5
f 226/3526/13 227/3495/13 3558/3494/12 3544/3527/12
f 230/2945/5 3548/2948/121 3585/3490/19 229/3493/5
f 220/3516/13 234/3528/13 3593/3529/460 3565/3517/122
f 3545/3530/9 3557/3531/10 3576/3532/11 3584/3533/8
f 3661/3534/887 3697/3535/23 3695/3536/23 3675/3537/887
f 3395/3538/913 3427/3539/914 3430/3540/915 3399/3541/912
f 3384/3542/1144 3680/3543/1145 3685/3544/1146 3387/3545/1147
f 3397/3546/933 3413/3547/934 3425/3548/935 3409/3549/932
f 3422/3550/919 3423/3551/916 3673/3552/917 3670/3553/918
f 3429/3554/907 3437/3555/904 3434/3556/905 3431/3557/906
f 3408/3558/1148 3438/3559/910 3428/3560/911 3398/3561/908
f 3404/3562/1149 3435/3563/1150 3436/3564/1151 3407/3565/1152
f 3411/3566/903 3415/3567/1153 3665/3568/901 3663/3569/902
f 3400/3570/1154 3432/3571/898 3433/3572/899 3403/3573/896
f 3565/3517/122 3439/3574/123 3446/3575/124 3561/3498/14
f 3406/3576/925 3420/3577/926 3417/3578/927 3401/3579/924
f 3410/3580/921 3424/3581/922 3421/3582/1155 3405/3583/920
f 3402/3584/929 3416/3585/930 3414/3586/931 3396/3587/928
f 3320/3588/16 3504/3589/17 3517/3590/18 3331/3591/15
f 3850/3592/1156 3858/3593/1157 3844/3594/1158
f 3332/3595/90 3519/3596/91 3509/3597/92 3330/3598/89
f 3336/3599/1159 3506/3600/1160 3838/3601/1161 3875/3602/1162
f 3877/3603/1163 3871/3604/1164 3515/3605/1165 3342/3606/1166
f 3327/3607/1167 3508/3608/32 3500/3609/33 3326/3610/30
f 3350/3611/97 3471/3612/98 3470/3613/99 3352/3614/96
f 3343/3615/16 3511/3616/17 3507/3617/18 3335/3618/15
f 3348/3619/16 3525/3620/17 3541/3621/18 3359/3622/435
f 3375/3623/16 3535/3624/17 3527/3625/18 3366/3626/435
f 3357/3627/115 3486/3628/116 3497/3629/117 3361/3630/114
f 3368/3631/31 3531/3632/32 3539/3633/33 3374/3634/113
f 3379/3635/1056 3679/3636/1057 3681/3637/1058 3383/3638/1055
f 3355/3639/31 3532/3640/32 3521/3641/33 3354/3642/30
f 3371/3643/436 3538/3644/87 3536/3645/88 3378/3646/437
f 3360/3647/101 3543/3648/91 3533/3649/92 3358/3650/100
f 3839/3651/1168 3513/3652/1169 3516/3653/1170
f 3872/3654/1171 3879/3655/1172 3862/3656/1173
f 3530/3657/103 3528/3658/104 3537/3659/105 3540/3660/102
f 226/3526/13 3544/3527/12 3582/3123/34 225/3126/13
f 3370/3661/115 3479/3662/116 3478/3663/117 3364/3664/114
f 3325/3665/1174 3441/3666/108 3451/3667/109 3328/3668/1175
f 3353/3669/107 3469/3670/108 3483/3671/109 3356/3672/106
f 3338/3673/2 3448/3674/3 3458/3675/4 3344/3676/1
f 3365/3677/2 3477/3678/3 3490/3679/4 3376/3680/1
f 3345/3681/97 3457/3682/98 3459/3683/99 3340/3684/96
f 3377/3685/97 3489/3686/98 3491/3687/99 3372/3688/96
f 3323/3689/86 3499/3690/87 3502/3691/88 3319/3692/85
f 3351/3693/436 3520/3694/87 3523/3695/88 3347/3696/437
f 3865/3697/1176 3867/3698/1177 3840/3699/1178
f 3373/3700/107 3494/3701/108 3480/3702/109 3369/3703/106
f 3329/3704/115 3454/3705/116 3465/3706/117 3333/3707/118
f 233/3708/84 3594/3709/84 3595/3710/84
f 3550/3499/14 3460/3711/123 3456/3712/124 3588/3480/879
f 3562/3481/1140 3467/3713/123 3474/3714/124 3558/3494/12
f 3559/3715/126 3445/3716/127 3463/3717/128 3577/3718/129
f 3580/3719/126 3487/3720/127 3476/3721/128 3547/3722/129
f 3544/3527/12 3492/3723/123 3488/3724/124 3582/3123/34
f 3575/3491/20 3498/3725/69 3485/3726/70 3570/3500/884
f 3556/3727/126 3473/3728/127 3495/3729/128 3574/3730/129
f 3571/3731/131 3452/3732/132 3440/3733/133 3567/3734/130
f 3864/3735/1179 3859/3736/1180 3591/3737/1181
f 3586/3738/126 3455/3739/127 3447/3740/128 3555/3741/129
f 3836/3742/1182 3461/3743/1183 3552/3744/1184
f 3568/3745/131 3484/3746/132 3468/3747/133 3564/3748/130
f 3583/3749/131 3481/3750/132 3493/3751/133 3546/3752/130
f 3548/2948/121 3475/3753/69 3482/3754/70 3585/3490/19
f 3510/3755/103 3518/3756/104 3503/3757/105 3501/3758/102
f 3578/3759/20 3466/3760/69 3453/3761/70 3573/3522/6
f 222/3502/1142 3553/3501/1141 3591/3737/1181 221/3762/1185
f 3591/3737/1181 3578/3759/20 224/3763/1142 221/3762/1185
f 224/3763/1142 3578/3759/20 3573/3522/6 223/3525/5
f 232/3492/5 3575/3491/20 3570/3500/884 231/3503/5
f 3313/3764/849 3292/3765/850 3290/3766/851 3165/3767/848
f 3381/3768/966 3151/3769/967 3261/3770/968 3393/3771/965
f 3394/3772/1186 3260/3773/1187 3266/3774/1188 3389/3775/1189
f 3385/3776/1190 3390/3777/1191 3265/3778/1192 3147/3779/973
f 3267/3780/838 3251/3781/839 3161/3782/840 3145/3783/837
f 3209/3784/714 3269/3785/715 3174/3786/716 3211/3787/717
f 3607/3393/1117 3600/3788/985 235/3789/313 238/3317/313
f 236/3790/313 237/3314/313 238/3317/313 235/3789/313
f 237/3314/313 236/3790/313 3597/3791/984 3609/3792/1193
f 3599/3793/987 3611/3794/988 3604/3795/989 3602/3796/986
f 3611/3794/988 3206/3797/990 3280/3798/991 3604/3795/989
f 3243/3311/747 3257/3799/1194 3207/3800/1195 3234/3467/878
f 3601/3801/1064 3606/3348/1091 3610/3351/1094 3598/3802/1063
f 3656/3803/995 3652/3804/996 3612/3805/997 3621/3806/994
f 3191/3807/1196 237/3314/313 3609/3792/1193 3196/3808/1197
f 3274/3809/1198 3193/3810/1199 3282/3811/1200 3284/3812/1201
f 3626/3813/1003 3632/3814/1004 3645/3815/1005 3637/3816/1002
f 3648/3817/1007 3657/3818/1008 3620/3819/1009 3616/3820/1006
f 3635/3821/1011 3628/3822/1012 3641/3823/1013 3646/3824/1010
f 3658/3825/1028 3651/3826/1025 3638/3827/1026 3644/3828/1027
f 3660/3829/1033 3664/3830/1033 3702/3831/1202 3698/3832/1035
f 3653/3833/1032 3659/3834/1029 3647/3835/1030 3640/3836/1031
f 3617/3837/1017 3623/3838/1203 3633/3839/1015 3625/3840/1016
f 3622/3841/1024 3615/3842/1021 3629/3843/1022 3634/3844/1023
f 3172/3323/1079 3183/3466/878 3277/3845/1204 3157/3846/1205
f 3671/3847/1206 3672/3848/1206 3694/3849/1207 3707/3850/1208
f 3678/3851/1052 3699/3852/1053 3701/3853/1054 3682/3854/1051
f 3667/3855/1042 3668/3856/1042 3706/3857/24 3703/3858/24
f 3388/3859/1209 3684/3860/1210 3689/3861/1211 3391/3862/1212
f 3716/3863/1213 3709/3864/1214 3717/3865/1215
f 3683/3866/1216 3700/3867/1217 3705/3868/1218 3686/3869/1219
f 3687/3870/1220 3704/3871/1221 3693/3872/1222 3690/3873/1223
f 3691/3874/1037 3692/3875/1038 3696/3876/1039 3677/3877/1036
f 3392/3878/945 3688/3879/946 3676/3880/947 3382/3881/944
f 3412/3882/1060 3662/3883/1061 3674/3884/1062 3426/3885/1059
f 3603/3886/1224 3605/3887/1225 3608/3888/1226 3596/3889/992
f 3713/3890/1227 3714/3891/1228 3719/3892/1229
f 3722/3893/1230 3727/3894/1231 3729/3895/1232
f 3735/3896/1233 3733/3897/1234 3738/3898/1235
f 3726/3899/1236 3724/3900/1237 3730/3901/1238
f 2625/2735/747 2611/3902/1194 2724/3903/1195 2638/2883/878
f 3761/3904/1239 3757/3905/1240 3744/3906/1241 3753/3907/1242
f 3745/3908/1243 3739/3909/1244 2624/3910/1245
f 3746/3911/1246 3748/3912/1247 3750/3913/1248 3754/3914/1249
f 3736/3915/1250 3740/3916/1251 3758/3917/1252 3760/3918/1253
f 3751/3919/1254 3747/3920/1255 3742/3921/1256
f 3766/3922/1257 3771/3923/1258 3770/3924/1259
f 3776/3925/1260 3787/3926/1261 244/3927/1262
f 3807/3928/337 237/3314/313 3774/3929/1263
f 3181/3930/773 3201/3931/774 3179/3932/772
f 3782/3933/1264 3797/3934/1265 3791/3935/1266
f 241/3936/1267 246/3937/1268 242/3938/1269
f 3796/3939/1270 3781/3940/1271 3804/3941/1272
f 3796/3942/1270 242/3938/1269 246/3937/1268
f 239/3943/1273 3778/3944/1274 243/3945/1275
f 3795/3946/1276 3788/3947/1277 240/3948/1278
f 3792/3949/1279 246/3937/1268 245/3950/1280
f 3806/3951/1281 3776/3952/1260 243/3945/1282
f 3795/3953/1276 241/3936/1267 3799/3954/1283
f 243/3945/1282 244/3955/1262 239/3943/1273
f 244/3955/1262 240/3956/1284 239/3943/1273
f 245/3950/1280 241/3936/1267 240/3956/1284
f 3802/3957/1285 3800/3958/1286 241/3936/1267
f 3809/3959/1287 3817/3960/1288 3816/3961/1289
f 3795/3946/1276 240/3948/1278 241/3962/1267
f 3800/3958/1286 3799/3954/1283 241/3936/1267
f 3800/3958/1286 3784/3963/1290 3799/3954/1283
f 3802/3957/1285 241/3936/1267 242/3938/1269
f 3804/3941/1272 3802/3964/1285 242/3965/1269
f 3787/3966/1291 245/3950/1280 244/3955/1262
f 3776/3952/1260 244/3955/1262 243/3945/1282
f 3796/3942/1270 246/3937/1268 3792/3949/1279
f 3788/3967/1292 3778/3968/1274 239/3969/1273
f 3778/3944/1274 3806/3951/1281 243/3945/1275
f 240/3956/1284 3788/3970/1292 239/3943/1273
f 242/3965/1269 3796/3939/1270 3804/3941/1272
f 244/3955/1262 245/3950/1280 240/3956/1284
f 245/3950/1280 246/3937/1268 241/3936/1267
f 3787/3971/1293 3792/3972/1279 245/3973/1280
f 3820/3974/1294 3842/3975/1295 3846/3976/1296
f 3819/3977/1297 3813/3978/1298 3814/3979/1299
f 3849/3980/1300 3830/3981/1301 2820/3982/1302
f 204/2943/13 203/3125/13 3023/3124/423 2989/2944/14
f 2818/3983/437 2823/3984/436 2980/3985/87 2981/3986/88
f 3858/3593/1157 3828/3987/1303 3844/3594/1158
f 3828/3987/1303 3846/3976/1296 3842/3975/1295
f 3862/3656/1173 3860/3988/1304 3872/3654/1171
f 3842/3975/1295 3844/3594/1158 3828/3987/1303
f 3853/3989/1305 3855/3990/1306 3850/3592/1156
f 3850/3592/1156 3831/3991/1307 3853/3989/1305
f 3855/3990/1306 3858/3593/1157 3850/3592/1156
f 3844/3594/1158 3833/3992/1308 3850/3592/1156
f 3837/3993/1309 3862/3656/1173 3879/3655/1172
f 3848/3994/1310 3824/3995/1311 3853/3996/1305
f 3848/3997/1310 3853/3989/1305 3831/3991/1307
f 3840/3699/1178 3872/3654/1171 3865/3697/1176
f 3867/3698/1177 3876/3998/1312 3840/3699/1178
f 3534/3999/103 3542/4000/104 3524/4001/105 3522/4002/102
f 3339/4003/86 3514/4004/111 3512/4005/112 3346/4006/936
f 3341/4007/1313 3462/4008/1314 3835/4009/1315 3878/4010/1316
f 3901/4011/1317 3895/4012/1318 3909/4013/1319
f 3867/3698/1177 3869/4014/1320 3876/3998/1312
f 3860/3988/1304 3865/3697/1176 3872/3654/1171
f 3080/4015/1128 2706/4016/1129 2710/4017/1321 3093/4018/1131
f 2687/2831/814 2671/2830/830 2677/2729/313 2684/4019/812
f 2684/4019/812 2677/2729/313 216/2728/313 2673/2805/812
f 3275/4020/1322 3271/4021/1323 3283/4022/1324 3143/4023/1325
f 2838/4024/1152 2842/4025/1149 2873/4026/1150 2870/4027/1151
f 3060/4028/1069 3094/4029/1066 2713/4030/1326 2604/4031/1327
f 3931/2415/553 3917/2533/630 3936/2413/551
f 3901/4011/1317 3903/4032/1328 3898/4033/1329
f 3898/4033/1329 3903/4032/1328 3906/4034/1330 3915/4035/1331
f 3912/4036/1332 3901/4011/1317 3898/4033/1329
f 3901/4011/1317 3909/4013/1319 3903/4032/1328
f 2497/4037/1333 2500/4038/1334 2382/4039/1335 2379/4040/1336
f 2376/4041/1337 2384/4042/1338 2562/4043/1339 2561/4044/1340
f 140/2106/5 2169/2107/20 535/303/19 1/2407/5
f 2186/4045/181 2212/4046/181 2196/4047/181
f 1404/4048/1341 2203/4049/1342 2214/4050/1342 1397/4051/1342
f 2206/4052/1342 449/4053/1342 444/4054/1342 2211/4055/1342
f 145/2311/44 146/4056/44 178/2223/44 194/2312/44
f 3946/4057/1343 3949/4058/1344 3950/4059/1345
f 2078/4060/144 2080/4061/145 2068/2052/146 2070/2051/147
f 2077/2049/142 137/2048/143 138/515/143 2081/514/142
f 247/4062/90 248/4063/118 249/284/2 250/4064/15
f 251/4065/89 252/4066/31 253/263/106 254/4067/1346
f 255/4068/30 256/4069/86 257/295/119 258/264/107
f 259/4070/16 260/283/1 261/296/97 262/4071/85
f 263/4072/110 264/4073/16 265/1/1 266/229/97
f 267/4074/86 268/228/96 269/288/107 270/4075/30
f 271/4076/93 272/4077/31 273/287/106 274/276/115
f 275/4078/15 276/4079/90 277/275/114 278/2/2
f 279/4080/85 280/4081/16 281/259/1 282/237/97
f 283/4082/86 284/236/96 285/292/107 286/4083/113
f 287/4084/100 288/4085/31 289/291/106 290/280/115
f 291/4086/15 292/4087/101 293/279/118 294/260/2
f 295/4088/42 296/85/51 297/4089/53
f 298/132/80 299/4090/57 300/4091/49
f 303/129/77 304/4092/50 305/4093/76
f 306/4094/81 307/4095/54 308/135/73
f 311/4096/53 312/4097/42 313/144/51
f 314/4098/57 315/4099/49 316/160/80
f 319/157/77 320/4100/48 321/4101/76
f 322/4102/81 323/4103/54 324/124/73
f 327/4104/53 328/4105/42 329/161/51
f 330/4106/57 331/4107/49 332/177/80
f 335/4108/76 336/174/83 337/4109/50
f 338/4110/54 339/152/73 340/4111/64
f 341/4112/53 342/4113/42 343/178/51
f 344/4114/57 345/4115/49 346/195/80
f 349/192/83 350/4116/50 351/4117/76
f 352/4118/81 353/4119/54 354/169/73
f 359/4120/70 360/4121/116 361/266/109 362/4122/132
f 363/4123/117 364/4124/69 365/4125/128 366/285/3
f 367/4126/124 368/230/98 369/4/4 370/4127/127
f 371/231/99 372/4128/123 373/4129/133 374/289/108
f 375/265/108 376/298/99 377/4130/123 378/4131/133
f 379/4132/128 380/3/3 381/278/117 382/4133/69
f 383/277/116 384/290/109 385/4134/132 386/4135/70
f 387/4136/127 388/4137/124 389/297/98 390/286/4
f 391/4138/124 392/238/98 393/262/4 394/4139/127
f 395/239/99 396/4140/123 397/4141/133 398/293/108
f 399/4142/128 400/261/3 401/282/117 402/4143/69
f 403/281/116 404/294/109 405/4144/132 406/4145/70
f 407/223/92 408/4146/1347 409/4147/32
f 410/222/91 411/4148/18 412/4149/1348
f 413/4150/112 414/4151/1349 415/206/17
f 416/269/111 417/4152/33 418/4153/1350
f 419/4154/33 420/4155/1350 421/210/87
f 422/4156/18 423/4157/1348 424/226/94
f 425/4158/95 426/4159/1347 427/214/32
f 428/4160/17 429/211/88 430/4161/1349
f 431/4162/88 432/4163/1349 433/234/17
f 434/218/87 435/4164/33 436/4165/1350
f 437/4166/18 438/4167/1348 439/246/91
f 440/4168/92 441/4169/1347 442/273/32
f 467/684/84 468/4170/84 469/4171/255 470/467/84
f 505/4172/131 506/4173/8 507/317/20
f 508/4174/126 509/4175/27 510/330/135
f 511/4176/131 512/4177/25 513/22/19
f 514/4178/126 515/4179/10 516/28/14
f 517/4180/125 518/23/20 519/4181/11
f 520/4182/131 521/4183/21 522/6/6
f 523/4184/130 524/306/122 525/4185/22
f 526/4186/126 527/4187/10 528/16/14
f 529/300/121 530/4188/28 531/4189/129
f 532/4190/130 533/331/14 534/4191/9
f 535/303/19 536/4192/11 537/4193/125
f 538/13/12 539/4194/9 540/4195/134
f 593/524/144 594/4196/204 595/537/217 596/519/142
f 597/4197/208 598/525/145 599/2046/142 600/435/156
f 601/520/144 602/4198/204 603/550/157 604/418/142
f 605/4199/208 606/521/145 607/376/142 608/403/156
f 609/378/144 610/4200/204 611/404/157 612/369/142
f 613/4201/208 614/379/145 615/372/143 616/706/267
f 661/4202/215 662/591/229 663/4203/238
f 664/4204/214 665/4205/224 666/592/230
f 667/4206/215 668/559/229 669/4207/238
f 670/4208/214 671/4209/224 672/560/230
f 673/4210/215 674/563/233 675/4211/238
f 676/4212/214 677/4213/224 678/564/234
f 679/4214/215 680/567/233 681/4215/238
f 682/4216/214 683/4217/224 684/568/234
f 685/4218/228 686/668/231 687/4219/223
f 688/4220/227 689/4221/239 690/669/232
f 691/4222/228 692/600/231 693/4223/223
f 694/4224/227 695/4225/239 696/601/232
f 697/4226/215 698/602/233 699/4227/238
f 700/4228/214 701/4229/224 702/599/234
f 703/4230/215 704/670/233 705/4231/238
f 706/4232/214 707/4233/224 708/667/234
f 725/4234/228 726/569/231 727/4235/223
f 728/4236/227 729/4237/239 730/570/235
f 731/4238/228 732/565/231 733/4239/223
f 734/4240/227 735/4241/239 736/566/235
f 737/4242/228 738/561/231 739/4243/223
f 740/4244/227 741/4245/239 742/562/232
f 743/4246/228 744/593/231 745/4247/223
f 746/4248/227 747/4249/239 748/594/232
f 753/4250/248 754/731/287 755/713/273 756/4251/278
f 761/714/274 762/730/288 763/4252/290 764/4253/281
f 765/4254/280 766/4255/286 767/738/294 768/715/275
f 773/4256/279 774/712/272 775/737/293 776/4257/270
f 781/4258/295 782/86/52 783/4259/41
f 784/4260/58 785/131/79 786/4261/300
f 789/4262/75 790/4263/301 791/130/78
f 792/4264/296 793/4265/65 794/134/72
f 797/4266/63 798/4267/295 799/145/52
f 800/4268/300 801/4269/58 802/159/82
f 805/4270/75 806/4271/301 807/158/78
f 808/4272/296 809/4273/65 810/123/72
f 813/4274/63 814/4275/295 815/162/52
f 816/4276/300 817/4277/58 818/176/82
f 821/175/78 822/4278/75 823/4279/301
f 824/4280/65 825/151/72 826/4281/296
f 827/4282/41 828/4283/295 829/179/52
f 830/4284/300 831/4285/58 832/194/79
f 835/4286/75 836/4287/301 837/193/78
f 838/4288/296 839/4289/65 840/168/72
f 845/4290/84 846/4291/84 847/466/84 848/4292/84
f 883/4293/309 884/812/315 885/4294/320
f 886/4295/308 887/4296/326 888/809/316
f 889/4297/308 890/4298/326 891/802/316
f 892/4299/309 893/801/315 894/4300/320
f 895/822/329 896/4301/321 897/811/323
f 898/823/330 899/810/317 900/4302/325
f 901/827/330 902/803/317 903/4303/325
f 904/826/329 905/4304/321 906/804/318
f 945/911/338 946/847/333 947/843/336 948/4305/360
f 949/4306/342 950/935/337 951/848/333 952/914/341
f 953/907/338 954/867/333 955/934/336 956/4307/360
f 957/4308/342 958/947/371 959/868/333 960/910/341
f 961/903/338 962/855/333 963/946/370 964/4309/360
f 965/4310/342 966/862/337 967/856/333 968/906/341
f 969/851/338 970/837/333 971/861/336 972/4311/360
f 973/4312/342 974/799/314 975/838/313 976/854/341
f 1021/4313/378 1022/4314/375 1023/988/383
f 1024/4315/379 1025/987/395 1026/4316/390
f 1027/4317/378 1028/4318/375 1029/1040/383
f 1030/4319/365 1031/4320/391 1032/1089/381
f 1033/4321/366 1034/1092/384 1035/4322/374
f 1036/4323/365 1037/4324/391 1038/957/381
f 1039/4325/366 1040/960/384 1041/4326/374
f 1042/4327/365 1043/4328/391 1044/961/385
f 1045/4329/366 1046/964/387 1047/4330/374
f 1048/4331/365 1049/4332/391 1050/965/385
f 1051/4333/366 1052/968/387 1053/4334/374
f 1054/4335/379 1055/1039/395 1056/4336/390
f 1057/4337/378 1058/4338/375 1059/1108/383
f 1060/4339/379 1061/1107/382 1062/4340/390
f 1063/4341/378 1064/4342/375 1065/1004/383
f 1066/4343/379 1067/1003/382 1068/4344/390
f 1069/4345/365 1070/4346/391 1071/1002/385
f 1072/4347/366 1073/1001/387 1074/4348/374
f 1075/4349/365 1076/4350/391 1077/1106/385
f 1078/4351/366 1079/1105/387 1080/4352/374
f 1081/4353/365 1082/4354/391 1083/1038/385
f 1084/4355/366 1085/1037/387 1086/4356/374
f 1087/4357/365 1088/4358/391 1089/986/385
f 1090/4359/366 1091/985/387 1092/4360/374
f 1125/4361/378 1126/4362/375 1127/967/386
f 1128/4363/379 1129/966/382 1130/4364/390
f 1131/4365/378 1132/4366/375 1133/963/386
f 1134/4367/379 1135/962/382 1136/4368/390
f 1137/4369/378 1138/4370/375 1139/959/383
f 1140/4371/379 1141/958/382 1142/4372/390
f 1143/4373/378 1144/4374/375 1145/1091/383
f 1146/4375/379 1147/1090/382 1148/4376/390
f 1149/4377/89 1150/4378/31 1151/1164/106 1152/1073/115
f 1153/4379/90 1154/1076/118 1155/1393/2 1156/4380/15
f 1157/4381/432 1158/1396/1 1159/1433/97 1160/4382/85
f 1161/4383/30 1162/4384/86 1163/1436/119 1164/1161/107
f 1169/4385/86 1170/1128/96 1171/1401/107 1172/4386/30
f 1173/4387/110 1174/4388/16 1175/1428/443 1176/1125/97
f 1177/4389/90 1178/1412/118 1179/1425/442 1180/4390/15
f 1181/4391/31 1182/1404/106 1183/1409/115 1184/4392/93
f 1185/4393/100 1186/4394/31 1187/1132/106 1188/1328/115
f 1189/4395/101 1190/1331/118 1191/1397/2 1192/4396/15
f 1193/4397/16 1194/1400/1 1195/1350/97 1196/4398/437
f 1197/4399/113 1198/4400/436 1199/1353/96 1200/1129/107
f 1205/4401/86 1206/1392/96 1207/1405/107 1208/4402/113
f 1209/4403/85 1210/4404/16 1211/1432/1 1212/1389/97
f 1213/4405/101 1214/1416/114 1215/1429/2 1216/4406/435
f 1217/4407/31 1218/1408/106 1219/1413/115 1220/4408/100
f 1221/4409/81 1222/4410/54 1223/1204/73
f 1224/1242/77 1225/4411/50 1226/4412/76
f 1229/1245/80 1230/4413/57 1231/4414/49
f 1232/4415/42 1233/1246/51 1234/4416/53
f 1237/4417/54 1238/1215/73 1239/4418/64
f 1240/4419/76 1241/1270/83 1242/4420/50
f 1245/1273/80 1246/4421/57 1247/4422/49
f 1248/4423/42 1249/1236/51 1250/4424/53
f 1253/4425/54 1254/1226/73 1255/4426/64
f 1256/4427/76 1257/1288/83 1258/4428/50
f 1261/4429/57 1262/4430/49 1263/1291/80
f 1264/4431/53 1265/4432/42 1266/1260/51
f 1267/4433/54 1268/1234/73 1269/4434/81
f 1270/4435/76 1271/1304/77 1272/4436/50
f 1275/1307/80 1276/4437/57 1277/4438/49
f 1278/4439/42 1279/1278/51 1280/4440/53
f 1285/4441/69 1286/4442/128 1287/1394/3 1288/1075/117
f 1289/1074/116 1290/1163/109 1291/4443/132 1292/4444/70
f 1293/4445/451 1294/4446/459 1295/1402/440 1296/1127/406
f 1297/1126/405 1298/1427/4 1299/4447/127 1300/4448/452
f 1301/1395/4 1302/4449/127 1303/4450/124 1304/1434/98
f 1305/4451/458 1306/4452/445 1307/1410/430 1308/1403/441
f 1309/1411/431 1310/4453/444 1311/4454/128 1312/1426/3
f 1313/4455/133 1314/1162/108 1315/1435/99 1316/4456/123
f 1317/4457/454 1318/4458/457 1319/1398/438 1320/1330/431
f 1321/1329/430 1322/1131/109 1323/4459/132 1324/4460/455
f 1325/4461/123 1326/4462/133 1327/1406/108 1328/1391/99
f 1329/1390/98 1330/1431/4 1331/4463/127 1332/4464/124
f 1333/1399/439 1334/4465/456 1335/4466/448 1336/1351/405
f 1337/4467/132 1338/4468/70 1339/1414/116 1340/1407/109
f 1341/1415/117 1342/4469/69 1343/4470/128 1344/1430/3
f 1345/4471/133 1346/1130/108 1347/1352/406 1348/4472/447
f 1349/1418/91 1350/4473/18 1351/4474/1348
f 1352/1419/92 1353/4475/1347 1354/4476/32
f 1355/1325/111 1356/4477/33 1357/4478/1350
f 1358/4479/112 1359/4480/1349 1360/1118/17
f 1361/4481/17 1362/1322/88 1363/4482/1349
f 1364/1317/32 1365/4483/95 1366/4484/1347
f 1367/1337/94 1368/4485/18 1369/4486/1348
f 1370/4487/33 1371/4488/1350 1372/1321/87
f 1373/1422/91 1374/4489/18 1375/4490/1348
f 1376/4491/92 1377/4492/1347 1378/1343/32
f 1379/1166/87 1380/4493/33 1381/4494/1350
f 1382/4495/88 1383/4496/1349 1384/1355/17
f 1385/1363/17 1386/4497/88 1387/4498/1349
f 1388/1347/32 1389/4499/92 1390/4500/1347
f 1391/1367/91 1392/4501/18 1393/4502/1348
f 1394/4503/33 1395/4504/1350 1396/1371/87
f 1421/4505/181 1422/4506/181 1423/4507/181 1424/4508/181
f 1459/1170/19 1460/4509/11 1461/4510/129
f 1462/4511/130 1463/1172/423 1464/4512/26
f 1465/1160/19 1466/4513/11 1467/4514/125
f 1470/4515/131 1471/4516/8 1472/1153/418
f 1473/4517/131 1474/4518/8 1475/1137/20
f 1478/1124/404 1479/4519/409 1480/4520/129
f 1483/4521/126 1484/4522/411 1485/1445/446
f 1486/4523/130 1487/1134/407 1488/4524/9
f 1489/4525/130 1490/1442/14 1491/4526/9
f 1492/4527/131 1493/4528/29 1494/299/120
f 1495/4529/126 1496/4530/10 1497/1133/14
f 1500/4531/126 1501/4532/408 1502/1474/453
f 1545/1531/145 1546/516/142 1547/536/216 1548/4533/208
f 1549/4534/204 1550/1548/157 1551/1529/142 1552/1534/144
f 1553/1515/145 1554/1508/142 1555/1547/156 1556/4535/208
f 1557/4536/204 1558/1521/462 1559/1509/143 1560/1518/144
f 1593/4537/227 1594/4538/239 1595/1616/232
f 1596/4539/214 1597/4540/224 1598/1641/230
f 1599/4541/215 1600/1644/229 1601/4542/238
f 1602/4543/214 1603/4544/224 1604/1561/230
f 1605/4545/215 1606/1564/229 1607/4546/238
f 1608/4547/214 1609/4548/224 1610/1565/234
f 1611/4549/215 1612/1568/233 1613/4550/238
f 1614/4551/228 1615/1615/464 1616/4552/223
f 1617/4553/227 1618/4554/239 1619/1652/232
f 1620/4555/228 1621/1651/231 1622/4556/223
f 1623/4557/214 1624/4558/224 1625/1650/234
f 1626/4559/215 1627/1649/233 1628/4560/238
f 1629/4561/214 1630/4562/224 1631/1614/234
f 1632/4563/215 1633/1613/233 1634/4564/238
f 1651/4565/227 1652/4566/239 1653/1567/235
f 1654/4567/228 1655/1566/231 1656/4568/223
f 1657/4569/227 1658/4570/239 1659/1563/232
f 1660/4571/228 1661/1562/231 1662/4572/223
f 1663/4573/227 1664/4574/239 1665/1643/232
f 1666/4575/228 1667/1642/231 1668/4576/223
f 1673/4577/270 1674/4578/279 1675/1680/272 1676/1694/293
f 1681/1679/275 1682/4579/280 1683/4580/286 1684/1695/294
f 1685/4581/281 1686/1678/274 1687/1703/288 1688/4582/290
f 1693/4583/278 1694/4584/248 1695/1704/287 1696/1677/273
f 1701/4585/296 1702/4586/65 1703/1203/72
f 1704/4587/75 1705/4588/301 1706/1243/78
f 1709/4589/58 1710/1244/79 1711/4590/300
f 1712/4591/295 1713/1247/52 1714/4592/41
f 1717/4593/65 1718/1214/72 1719/4594/296
f 1720/4595/301 1721/1271/78 1722/4596/75
f 1725/4597/58 1726/1272/79 1727/4598/472
f 1728/4599/295 1729/1237/52 1730/4600/41
f 1733/4601/65 1734/1225/72 1735/4602/296
f 1736/4603/301 1737/1289/78 1738/4604/75
f 1741/1290/82 1742/4605/300 1743/4606/58
f 1744/4607/63 1745/4608/295 1746/1261/52
f 1747/4609/65 1748/1233/72 1749/4610/296
f 1750/4611/301 1751/1305/78 1752/4612/75
f 1755/4613/58 1756/1306/82 1757/4614/300
f 1758/4615/295 1759/1279/52 1760/4616/41
f 1765/4617/181 1766/4618/181 1767/4619/1351 1768/702/181
f 1801/4620/308 1802/4621/326 1803/1763/316
f 1804/4622/309 1805/1762/315 1806/4623/320
f 1807/4624/309 1808/1757/315 1809/4625/320
f 1810/4626/308 1811/4627/326 1812/1754/316
f 1813/1777/330 1814/1764/474 1815/4628/325
f 1816/1776/329 1817/4629/321 1818/1765/323
f 1819/1780/329 1820/4630/321 1821/1756/318
f 1822/1781/330 1823/1755/317 1824/4631/325
f 1863/1840/341 1864/4632/342 1865/844/337 1866/901/333
f 1867/4633/360 1868/1841/338 1869/1801/333 1870/1864/336
f 1871/1836/341 1872/4634/342 1873/1865/337 1874/1814/333
f 1875/4635/360 1876/1837/338 1877/1817/333 1878/1876/370
f 1879/1832/341 1880/4636/342 1881/1877/371 1882/1806/333
f 1883/4637/360 1884/1833/338 1885/1809/333 1886/1795/336
f 1887/1802/341 1888/4638/342 1889/1796/337 1890/1790/333
f 1891/4639/360 1892/1803/338 1893/1793/313 1894/1752/473
f 1939/4640/379 1940/1915/395 1941/4641/390
f 1942/4642/378 1943/4643/375 1944/1916/383
f 1945/4644/379 1946/1967/395 1947/4645/390
f 1948/4646/366 1949/2017/384 1950/4647/374
f 1951/4648/365 1952/4649/391 1953/2018/381
f 1954/4650/366 1955/1886/384 1956/4651/374
f 1957/4652/365 1958/4653/391 1959/1887/381
f 1960/4654/366 1961/1890/387 1962/4655/374
f 1963/4656/365 1964/4657/391 1965/1891/385
f 1966/4658/366 1967/1894/387 1968/4659/374
f 1969/4660/365 1970/4661/391 1971/1895/385
f 1972/4662/378 1973/4663/375 1974/1968/383
f 1975/4664/379 1976/2034/382 1977/4665/390
f 1978/4666/378 1979/4667/375 1980/2035/383
f 1981/4668/379 1982/1931/382 1983/4669/390
f 1984/4670/378 1985/4671/375 1986/1932/383
f 1987/4672/366 1988/1933/387 1989/4673/374
f 1990/4674/365 1991/4675/391 1992/1930/385
f 1993/4676/366 1994/2036/387 1995/4677/374
f 1996/4678/365 1997/4679/391 1998/2033/385
f 1999/4680/366 2000/1969/387 2001/4681/374
f 2002/4682/365 2003/4683/391 2004/1966/385
f 2005/4684/366 2006/1917/387 2007/4685/374
f 2008/4686/365 2009/4687/391 2010/1914/385
f 2043/4688/379 2044/1896/382 2045/4689/390
f 2046/4690/378 2047/4691/375 2048/1897/386
f 2049/4692/379 2050/1892/382 2051/4693/390
f 2052/4694/378 2053/4695/375 2054/1893/386
f 2055/4696/379 2056/1888/382 2057/4697/390
f 2058/4698/378 2059/4699/375 2060/1889/383
f 2061/4700/379 2062/2019/382 2063/4701/390
f 2064/4702/378 2065/4703/375 2066/2020/383
f 2075/4704/1352 2076/436/169 2077/2049/142 2078/4060/144
f 2079/4705/1353 2080/4061/145 2081/514/142 2082/549/220
f 2083/4706/228 2084/2091/231 2085/4707/223
f 2086/4708/227 2087/4709/239 2088/2092/235
f 2089/4710/228 2090/2059/231 2091/4711/223
f 2092/4712/227 2093/4713/239 2094/2060/235
f 2095/4714/215 2096/2061/233 2097/4715/238
f 2098/4716/214 2099/4717/224 2100/2058/234
f 2101/4718/215 2102/2093/233 2103/4719/238
f 2104/4720/214 2105/4721/224 2106/2090/234
f 2123/4722/110 2124/4723/16 2125/2108/1 2126/2095/97
f 2127/4724/86 2128/2094/119 2129/2121/107 2130/4725/30
f 2131/4726/93 2132/4727/31 2133/2120/106 2134/2117/115
f 2135/4728/15 2136/4729/90 2137/2116/114 2138/2109/2
f 2139/4730/127 2140/4731/124 2141/2096/98 2142/2111/4
f 2143/4732/123 2144/4733/133 2145/2122/108 2146/2097/99
f 2147/4734/69 2148/4735/128 2149/2110/3 2150/2119/117
f 2151/2123/109 2152/4736/132 2153/4737/70 2154/2118/116
f 2155/4738/112 2156/4739/1349 2157/19/17
f 2158/2072/111 2159/4740/33 2160/4741/1350
f 2161/4742/18 2162/4743/1348 2163/2104/94
f 2164/4744/95 2165/4745/1347 2166/2114/32
f 2167/4746/131 2168/4747/8 2169/2107/20
f 2170/4748/126 2171/4749/27 2172/47/34
f 2173/1175/121 2174/4750/28 2175/4751/484
f 2176/4752/130 2177/25/12 2178/4753/9
f 2307/4754/228 2308/2393/464 2309/4755/223
f 2310/4756/227 2311/4757/239 2312/2394/232
f 2313/4758/215 2314/2395/233 2315/4759/238
f 2316/4760/214 2317/4761/224 2318/2392/230
f 2327/4762/16 2328/2431/1 2329/2422/556 2330/4763/561
f 2331/4764/100 2332/4765/559 2333/2688/710 2334/2440/115
f 2335/4766/15 2336/4767/101 2337/2439/118 2338/2432/442
f 2339/4768/127 2340/4769/1354 2341/2423/557 2342/2434/4
f 2343/4770/128 2344/2433/3 2345/2442/117 2346/4771/69
f 2347/2441/116 2348/4772/1355 2349/4773/1356 2350/4774/70
f 2351/4775/1349 2352/2382/17 2353/4776/564
f 2354/4777/18 2355/4778/1348 2356/2691/91
f 2357/4779/92 2358/4780/1347 2359/2426/560
f 2360/4781/570 2361/4782/29 2362/1174/120
f 2363/4783/126 2364/4784/10 2365/354/137
f 2366/428/19 2367/4785/11 2368/4786/125
f 2369/4787/26 2370/4788/1357 2371/48/35
f 2372/4789/550 2373/2456/576 2374/2613/681
f 2375/2558/647 2376/4790/1337 2377/2486/504
f 2378/2594/504 2379/4791/1336 2380/2685/707
f 2381/2457/577 2382/4792/1335 2383/2614/682
f 2384/4793/1338 2385/2534/631 2386/2562/650
f 2553/2471/591 2554/4794/518 2555/4795/1358
f 2564/4796/641 2565/4797/554 2566/4798/1359
f 2567/4799/558 2568/4800/724 2569/4801/1360
f 2570/4802/1361 2571/4803/1362 2572/2694/712
f 2573/2451/571 2574/4804/709 2575/4805/721
f 2576/4806/1363 2577/4807/722 2578/4808/1364
f 2583/2421/555 2584/2552/643 2585/4809/562
f 2592/4810/1365 2593/2701/719 2594/4811/1366
f 2597/4812/715 2598/3197/978 2599/2839/838 2600/4813/843
f 2601/4814/975 2602/4815/845 2603/2711/727 2604/4031/1327
f 2605/4816/968 2606/2854/853 2607/2712/728 2608/4817/1367
f 2609/4818/1368 2610/3195/976 2611/3902/1194 2612/4819/1369
f 2613/4820/1370 2614/4821/760 2615/2840/839 2616/3196/977
f 2617/4822/809 2618/3180/961 2619/2859/858 2620/4823/869
f 2621/4824/729 2622/4825/863 2623/2755/767
f 2624/4826/1245 2625/2735/747 2626/4827/730
f 2627/4828/789 2628/4829/983 2629/4830/826 2630/2842/841
f 2631/4831/804 2632/4832/773 2633/2775/780
f 2634/4833/783 2635/2769/781 2636/4834/772
f 2643/2770/781 2644/4835/782 2645/2764/776
f 2646/4836/734 2647/4837/786 2648/2744/756 2649/3225/1001
f 2650/2763/775 2651/4838/805 2652/2768/780
f 2657/4839/751 2658/4840/991 2659/2819/823 2660/3201/982
f 2665/2790/776 2666/2807/814 2667/4841/782
f 2669/4842/799 2671/4843/830 2672/4844/752
f 2673/2805/812 2674/2792/775 2675/4845/805
f 2682/4846/804 2683/4847/773 2684/4019/812
f 2685/4848/772 2686/4849/783 2687/2831/814
f 2688/4850/803 2689/2827/827 2690/4851/875
f 2691/4852/862 2692/4853/800 2693/2756/768
f 2694/4854/808 2695/4855/866 2696/2849/848 2697/3181/962
f 2698/2841/840 2699/4856/763 2700/4857/755 2701/2784/794
f 2702/2781/791 2703/4858/1371 2704/4859/1372 2705/2810/817
f 2706/4016/1129 2707/2855/854 2708/4860/967 2709/4861/972
f 2710/4017/1321 2711/4862/971 2712/4863/973 2713/4030/1326
f 2714/2783/793 2715/4864/790 2716/4865/844 2717/2838/837
f 2718/4866/717 2719/4867/998 2720/4868/759 2721/2785/795
f 2722/4869/714 2723/4870/796 2724/3903/1195 2725/3198/979
f 2726/4871/735 2727/3224/1000 2728/2820/824 2729/4872/990
f 2730/4873/716 2731/2843/842 2732/4874/825 2733/4875/999
f 2734/4876/732 2735/2860/859 2736/3183/964 2737/4877/864
f 2738/4878/731 2739/4879/746 2740/2861/860
f 2741/2851/850 2742/4880/828 2743/4881/802
f 2744/3182/963 2745/2852/851 2746/4882/801 2747/4883/861
f 2748/4884/833 2749/4885/810 2750/2877/872
f 2751/2835/834 2752/4886/871 2753/4887/874
f 2754/2832/831 2755/4888/873 2756/4889/868
f 2757/4890/832 2758/2868/867 2759/4891/811
f 2760/4892/857 2761/2736/748 2762/4893/870
f 2763/4894/849 2764/4895/865 2765/2829/829
f 2766/4896/86 2767/2870/119 2768/3108/107 2769/4897/30
f 2770/4898/85 2771/4899/16 2772/3083/1 2773/2871/97
f 2774/4900/15 2775/4901/90 2776/3119/118 2777/3084/442
f 2778/4902/31 2779/3107/106 2780/3120/115 2781/4903/89
f 2782/4904/951 2783/4905/31 2784/2884/106 2785/3038/115
f 2786/4906/90 2787/3037/114 2788/3116/2 2789/4907/15
f 2790/4908/936 2791/4909/16 2792/3115/1 2793/3100/97
f 2794/4910/30 2795/4911/86 2796/3099/96 2797/2885/107
f 2798/4912/436 2799/3025/96 2800/3112/107 2801/4913/113
f 2802/4914/437 2803/4915/16 2804/3087/1 2805/3026/97
f 2806/4916/435 2807/4917/101 2808/3045/114 2809/3088/2
f 2810/4918/31 2811/3111/106 2812/3046/115 2813/4919/100
f 2814/4920/31 2815/3079/106 2816/3051/939 2817/4921/952
f 2818/4922/437 2819/4923/942 2820/3982/1302 2821/3104/97
f 2822/4924/30 2823/4925/436 2824/3103/119 2825/3080/107
f 2826/4926/1373 2827/2963/892 2828/3061/945 2829/4927/965
f 2830/3280/1055 2831/2961/890 2832/4928/1374 2833/4929/970
f 2834/3281/1056 2835/4930/969 2836/4931/966 2837/3060/944
f 2838/4932/1152 2839/4933/909 2840/3005/932 2841/2992/921
f 2842/4934/1149 2843/2991/920 2844/2998/925 2845/4935/896
f 2846/4936/897 2847/2997/924 2848/3002/929 2849/4937/912
f 2850/4938/913 2851/3001/928 2852/3006/933 2853/4939/908
f 2854/4940/916 2855/2993/922 2856/3008/935 2857/4941/1059
f 2858/4942/919 2859/4943/819 2860/2999/926 2861/2994/923
f 2862/4944/822 2863/4945/900 2864/3003/930 2865/3000/927
f 2866/4946/903 2867/4947/1060 2868/3007/934 2869/3004/931
f 2870/4948/1151 2871/4949/904 2872/2981/910
f 2873/4026/1150 2874/4950/899 2875/4951/905
f 2876/2969/898 2877/4952/915 2878/4953/906
f 2879/4954/914 2880/2982/911 2881/4955/907
f 2882/4956/124 2883/2872/98 2884/3086/4 2885/4957/127
f 2886/2873/99 2887/4958/123 2888/4959/133 2889/3109/108
f 2890/4960/70 2891/3039/116 2892/2887/109 2893/4961/132
f 2894/3040/117 2895/4962/69 2896/4963/128 2897/3117/3
f 2898/3085/3 2899/3122/117 2900/4964/69 2901/4965/128
f 2902/4966/133 2903/2886/108 2904/3102/99 2905/4967/123
f 2906/3101/98 2907/3118/4 2908/4968/127 2909/4969/124
f 2910/4970/132 2911/4971/70 2912/3121/116 2913/3110/109
f 2914/4972/124 2915/3027/98 2916/3090/4 2917/4973/127
f 2918/3028/99 2919/4974/123 2920/4975/133 2921/3113/108
f 2922/4976/132 2923/4977/1375 2924/3052/940 2925/3082/109
f 2926/3089/3 2927/3048/117 2928/4978/69 2929/4979/128
f 2930/4980/133 2931/3081/108 2932/3106/99 2933/4981/123
f 2934/3105/98 2935/4982/1376 2936/4983/1377 2937/4984/124
f 2938/4985/132 2939/4986/70 2940/3047/116 2941/3114/109
f 2942/3032/88 2943/4987/1349 2944/4988/17
f 2945/3031/87 2946/4989/33 2947/4990/1350
f 2948/4991/95 2949/4992/1347 2950/3015/32
f 2951/3093/94 2952/4993/18 2953/4994/1348
f 2954/4995/18 2955/4996/1348 2956/3019/91
f 2957/4997/33 2958/4998/1350 2959/3035/111
f 2960/4999/112 2961/5000/1349 2962/3023/17
f 2963/5001/32 2964/3020/92 2965/5002/1347
f 2966/5003/88 2967/5004/1349 2968/2898/17
f 2969/3058/87 2970/5005/33 2971/5006/1350
f 2972/5007/1347 2973/2924/32 2974/5008/955
f 2975/5009/18 2976/5010/1348 2977/3066/91
f 2978/5011/33 2979/5012/1350 2980/3985/87
f 2981/5013/88 2982/5014/1349 2983/3055/943
f 2984/3043/32 2985/5015/92 2986/5016/1347
f 2987/5017/958 2988/5018/10 2989/2944/14
f 2990/5019/131 2991/5020/29 2992/2947/886
f 2993/5021/126 2994/5022/408 2995/2907/14
f 2996/5023/131 2997/5024/882 2998/2913/884
f 2999/5025/130 3000/2905/12 3001/5026/9
f 3002/5027/134 3003/2908/12 3004/5028/9
f 3005/5029/126 3006/5030/880 3007/2889/879
f 3008/5031/126 3009/5032/411 3010/2927/446
f 3011/5033/129 3012/2910/884 3013/5034/881
f 3014/5035/125 3015/2936/404 3016/5036/409
f 3017/5037/131 3018/5038/8 3019/2903/19
f 3020/5039/131 3021/5040/8 3022/3129/20
f 3023/3124/423 3024/5041/26 3025/5042/134
f 3026/5043/1378 3027/2900/19 3028/5044/11
f 3029/2890/879 3030/5045/883 3031/5046/134
f 3032/3156/19 3033/5047/11 3034/5048/125
f 3055/3220/996 3056/3256/1032 3057/5049/1379 3058/5050/766
f 3059/5051/1007 3060/4028/1069 3061/2710/726 3062/5052/1025
f 3063/3232/1008 3064/5053/1028 3065/5054/1029 3066/5055/995
f 3067/2709/725 3068/2857/856 3069/5056/1002 3070/5057/1026
f 3071/3237/1013 3072/5058/761 3073/5059/745 3074/3255/1031
f 3075/3229/1005 3076/5060/1010 3077/5061/1030 3078/5062/1027
f 3079/2856/855 3080/4015/1128 3081/5063/1016 3082/5064/1003
f 3083/3246/1022 3084/5065/1380 3085/5066/762 3086/3236/1012
f 3087/5067/1015 3088/5068/1023 3089/5069/1011 3090/3228/1004
f 3091/5070/1006 3092/5071/1017 3093/4018/1131 3094/4029/1066
f 3095/3221/997 3096/5072/769 3097/5073/1381 3098/3245/1021
f 3099/5074/994 3100/5075/1024 3101/5076/1014 3102/3233/1009
f 3103/5077/1382 3104/5078/917 3105/5079/1062 3106/2955/887
f 3107/5080/1020 3108/5081/1042 3109/2816/820 3110/5082/918
f 3111/3267/1042 3112/3257/1033 3113/5083/901 3114/5084/821
f 3115/3260/1033 3116/2956/887 3117/5085/1061 3118/5086/902
f 3119/2966/895 3120/5087/1047 3121/5088/1037 3122/3062/946
f 3123/2962/891 3124/3283/1058 3125/5089/1051 3126/5090/1045
f 3127/3063/947 3128/5091/1036 3129/5092/1052 3130/3282/1057
f 3131/3264/1039 3132/5093/23 3133/5094/1035 3134/5095/1053
f 3135/5096/1050 3136/5097/1383 3137/5098/23 3138/3263/1038
f 3139/3271/1046 3140/5099/1054 3141/5100/1034 3142/5101/1041
f 3143/5102/1325 3144/5103/844 3145/3783/837 3146/3428/1126
f 3147/5104/973 3148/3296/1067 3149/3432/1130 3150/5105/971
f 3151/5106/967 3152/5107/972 3153/3431/1129 3154/3440/854
f 3155/5108/1384 3156/5109/1385 3157/3846/1205 3158/3426/1124
f 3159/5110/755 3160/3429/1127 3161/3782/840 3162/5111/763
f 3163/5112/808 3164/5113/866 3165/3767/848 3166/3460/962
f 3167/5114/1070 3168/3338/768 3169/5115/862
f 3170/5116/1386 3171/5117/803 3172/3323/1079
f 3173/5118/999 3174/5119/716 3175/3422/842 3176/5120/825
f 3177/5121/1096 3178/3362/1103 3179/5122/772
f 3180/5123/1109 3181/5124/773 3182/3364/1105
f 3189/3354/775 3190/5125/1071 3191/3807/1196
f 3192/5126/1387 3193/3810/1199 3194/3332/1085 3195/5127/1104
f 3196/3808/1197 3197/5128/1083 3198/3352/776
f 3203/5129/1093 3204/3472/1000 3205/3412/824 3206/5130/990
f 3207/3800/1195 3208/3331/979 3209/5131/714 3210/5132/1132
f 3211/5133/717 3212/5134/998 3213/5135/759 3214/3438/795
f 3219/3376/775 3220/5136/805 3221/3392/1116
f 3222/3473/1135 3223/5137/1092 3224/5138/1123 3225/3406/756
f 3226/5139/782 3227/3377/776 3228/3375/781
f 3235/5140/783 3236/3374/781 3237/5141/772
f 3238/5142/773 3239/3416/1116 3240/5143/804
f 3241/5144/730 3242/5145/1133 3243/3311/747
f 3244/3343/767 3245/5146/729 3246/5147/863
f 3247/5148/809 3248/3463/961 3249/3434/858 3250/5149/869
f 3251/3781/839 3252/3329/977 3253/5150/1388 3254/5151/760
f 3255/5152/1389 3256/3328/1084 3257/3799/1194 3258/5153/1390
f 3259/3397/1119 3260/5154/1187 3261/5155/968 3262/3443/853
f 3263/3396/1118 3264/3297/1068 3265/5156/1192 3266/5157/1188
f 3267/3780/838 3268/5158/843 3269/5159/715 3270/3330/978
f 3271/5160/1323 3272/3372/1112 3273/5161/1086 3274/5162/1198
f 3275/5163/1322 3276/3427/1125 3277/3845/1204 3278/5164/1113
f 3279/5165/1100 3280/5166/991 3281/3415/823 3282/3811/1200
f 3283/5167/1324 3284/5168/1201 3285/5169/1122 3286/3425/841
f 3287/5170/801 3288/5171/861 3289/3461/963 3290/3766/851
f 3291/5172/802 3292/3765/850 3293/5173/828
f 3294/3436/860 3295/5174/731 3296/5175/746
f 3297/3462/964 3298/5176/864 3299/5177/732 3300/3435/859
f 3301/5178/832 3302/3445/867 3303/5179/811
f 3304/3419/831 3305/5180/873 3306/5181/868
f 3307/3418/834 3308/5182/871 3309/5183/874
f 3310/5184/833 3311/5185/810 3312/3454/872
f 3313/5186/849 3314/5187/865 3315/3322/1078
f 3316/5188/857 3317/3312/748 3318/5189/870
f 3319/5190/85 3320/5191/16 3321/3521/1 3322/3456/97
f 3323/5192/86 3324/3459/119 3325/3665/1174 3326/5193/30
f 3327/5194/1167 3328/3668/1175 3329/3704/115 3330/5195/89
f 3331/5196/15 3332/5197/90 3333/3707/118 3334/3518/442
f 3335/5198/15 3336/5199/1159 3337/3477/1139 3338/3673/2
f 3339/5200/86 3340/3684/96 3341/4007/1313 3342/5201/1166
f 3343/5202/16 3344/3676/1 3345/3681/97 3346/5203/936
f 3347/5204/437 3348/5205/16 3349/3489/1 3350/3611/97
f 3351/5206/436 3352/3614/96 3353/3669/107 3354/5207/30
f 3355/5208/31 3356/3672/106 3357/3627/115 3358/5209/100
f 3359/5210/435 3360/5211/101 3361/3630/114 3362/3486/2
f 3363/5212/90 3364/3664/114 3365/3677/2 3366/5213/435
f 3367/5214/89 3368/5215/31 3369/3703/106 3370/3661/115
f 3371/5216/436 3372/3688/96 3373/3700/107 3374/5217/113
f 3375/5218/16 3376/3680/1 3377/3685/97 3378/5219/437
f 3379/3635/1056 3380/5220/969 3381/5221/966 3382/3881/944
f 3383/3638/1055 3384/3542/1144 3385/5222/1190 3386/5223/1115
f 3387/3545/1147 3388/3859/1209 3389/5224/1189 3390/5225/1191
f 3391/3862/1212 3392/3878/945 3393/5226/965 3394/5227/1186
f 3395/5228/913 3396/3587/928 3397/3546/933 3398/5229/908
f 3399/5230/912 3400/5231/1154 3401/3579/924 3402/3584/929
f 3403/5232/896 3404/5233/1149 3405/3583/920 3406/3576/925
f 3407/5234/1152 3408/5235/1148 3409/3549/932 3410/3580/921
f 3411/5236/903 3412/5237/1060 3413/3547/934 3414/3586/931
f 3415/5238/1153 3416/3585/930 3417/3578/927 3418/5239/822
f 3419/5240/819 3420/3577/926 3421/3582/1155 3422/5241/919
f 3423/5242/916 3424/3581/922 3425/3548/935 3426/5243/1059
f 3427/5244/914 3428/3560/911 3429/5245/907
f 3430/5246/915 3431/5247/906 3432/3571/898
f 3433/5248/899 3434/5249/905 3435/3563/1150
f 3436/5250/1151 3437/5251/904 3438/3559/910
f 3439/5252/123 3440/5253/133 3441/3666/108 3442/3458/99
f 3443/3457/98 3444/3520/4 3445/5254/127 3446/5255/124
f 3447/5256/128 3448/3674/3 3449/3476/1138 3450/5257/1391
f 3451/3667/109 3452/5258/132 3453/5259/70 3454/3705/116
f 3455/5260/127 3456/5261/124 3457/3682/98 3458/3675/4
f 3459/3683/99 3460/5262/123 3461/5263/1183 3462/4008/1314
f 3463/5264/128 3464/3519/3 3465/3706/117 3466/5265/69
f 3467/5266/123 3468/5267/133 3469/3670/108 3470/3613/99
f 3471/3612/98 3472/3488/4 3473/5268/127 3474/5269/124
f 3475/5270/69 3476/5271/128 3477/3678/3 3478/3663/117
f 3479/3662/116 3480/3702/109 3481/5272/132 3482/5273/70
f 3483/3671/109 3484/5274/132 3485/5275/70 3486/3628/116
f 3487/5276/127 3488/5277/124 3489/3686/98 3490/3679/4
f 3491/3687/99 3492/5278/123 3493/5279/133 3494/3701/108
f 3495/5280/128 3496/3487/3 3497/3629/117 3498/5281/69
f 3499/3690/87 3500/5282/33 3501/5283/1350
f 3502/3691/88 3503/5284/1349 3504/5285/17
f 3505/5286/1348 3506/3600/1160 3507/5287/18
f 3508/5288/32 3509/3597/92 3510/5289/1347
f 3511/3616/17 3512/5290/112 3513/5291/1349
f 3514/4004/111 3515/5292/1165 3516/5293/1350
f 3517/5294/18 3518/5295/1348 3519/3596/91
f 3520/3694/87 3521/5296/33 3522/5297/1350
f 3523/5298/88 3524/5299/1349 3525/3620/17
f 3526/3513/91 3527/5300/18 3528/5301/1348
f 3529/5302/92 3530/5303/1347 3531/3632/32
f 3532/3640/32 3533/5304/92 3534/5305/1347
f 3535/3624/17 3536/5306/88 3537/5307/1349
f 3538/3644/87 3539/5308/33 3540/5309/1350
f 3541/5310/18 3542/5311/1348 3543/3648/91
f 3544/3527/12 3545/5312/9 3546/5313/130
f 3547/5314/129 3548/2948/121 3549/5315/28
f 3550/3499/14 3551/5316/9 3552/5317/1184
f 3553/3501/1141 3554/5318/881 3555/5319/129
f 3556/5320/126 3557/5321/10 3558/3494/12
f 3559/5322/126 3560/5323/10 3561/3498/14
f 3562/3481/1140 3563/5324/883 3564/5325/130
f 3565/3517/122 3566/5326/22 3567/5327/130
f 3568/5328/131 3569/5329/882 3570/3500/884
f 3571/5330/131 3572/5331/21 3573/3522/6
f 3574/5332/129 3575/3491/20 3576/5333/11
f 3577/5334/129 3578/3759/20 3579/5335/11
f 3580/5336/126 3581/5337/27 3582/3123/34
f 3583/5338/131 3584/5339/8 3585/3490/19
f 3586/5340/126 3587/5341/880 3588/3480/879
f 3589/5342/1392 3590/5343/25 3591/3737/1181
f 3612/3805/997 3613/5344/1089 3614/5345/1393 3615/3842/1021
f 3616/5346/1006 3617/5347/1017 3618/3433/1131 3619/3295/1066
f 3620/3819/1009 3621/5348/994 3622/5349/1024 3623/5350/1203
f 3624/3430/1128 3625/5351/1016 3626/5352/1003 3627/3441/855
f 3628/3822/1012 3629/3843/1022 3630/5353/1076 3631/5354/762
f 3632/3814/1004 3633/5355/1015 3634/5356/1023 3635/5357/1011
f 3636/3442/856 3637/5358/1002 3638/5359/1026 3639/3394/725
f 3640/3836/1031 3641/3823/1013 3642/5360/1075 3643/5361/745
f 3644/5362/1027 3645/3815/1005 3646/5363/1010 3647/5364/1030
f 3648/5365/1007 3649/3298/1069 3650/3395/726 3651/5366/1025
f 3652/3804/996 3653/3833/1032 3654/5367/1394 3655/5368/1090
f 3656/5369/995 3657/3818/1008 3658/5370/1028 3659/5371/1029
f 3660/3829/1033 3661/3534/887 3662/5372/1061 3663/5373/902
f 3664/3830/1033 3665/5374/901 3666/5375/1121 3667/3855/1042
f 3668/3856/1042 3669/5376/1120 3670/5377/918 3671/3847/1206
f 3672/3848/1206 3673/5378/917 3674/5379/1062 3675/3537/887
f 3676/3880/947 3677/5380/1036 3678/5381/1052 3679/3636/1057
f 3680/3543/1145 3681/3637/1058 3682/5382/1051 3683/5383/1216
f 3684/3860/1210 3685/3544/1146 3686/5384/1219 3687/5385/1220
f 3688/3879/946 3689/3861/1211 3690/5386/1223 3691/5387/1037
f 3692/3875/1038 3693/5388/1222 3694/5389/1207 3695/5390/23
f 3696/3876/1039 3697/5391/23 3698/5392/1035 3699/5393/1053
f 3700/3867/1217 3701/5394/1054 3702/5395/1202 3703/5396/24
f 3704/5397/1221 3705/3868/1218 3706/5398/24 3707/5399/1208
f 3708/5400/1111 3709/5401/1214 3710/5402/1395
f 3711/5403/1389 3712/5404/1396 3713/5405/1227
f 3714/5406/1228 3715/3469/1134 3716/5407/1213
f 3717/3865/1215 3718/3369/1110 3719/3892/1229
f 3720/5408/1397 3721/5409/1077 3722/5410/1230
f 3723/3337/1088 3724/5411/1237 3725/5412/1398
f 3726/3899/1236 3727/3894/1231 3728/5413/1399
f 3729/5414/1232 3730/5415/1238 3731/3336/1087
f 3732/5416/1400 3733/5417/1234 3734/5418/1401
f 3735/3896/1233 3736/3915/1250 3737/5419/1402
f 3738/5420/1235 3739/3909/1244 3740/5421/1251
f 3741/5422/744 3742/5423/1256 3743/5424/1403
f 3744/5425/1241 3745/3908/1243 3746/5426/1246
f 3747/5427/1255 3748/5428/1247 3749/5429/1404
f 3750/3913/1248 3751/3919/1254 3752/5430/1405
f 3753/5431/1242 3754/3914/1249 3755/2731/255
f 3756/5432/1406 3757/5433/1240 3758/5434/1252
f 3759/5435/1407 3760/3918/1253 3761/5436/1239
f 3762/2741/753 3763/5437/1408 3764/5438/737
f 3765/5439/1409 3766/5440/1257 3767/5441/876
f 3768/2722/738 3769/2882/877 3770/3924/1259
f 3771/5442/1258 3772/2742/754 3773/5443/736
f 3774/3929/1263 3775/5444/1074 3776/3952/1260
f 3777/5445/1410 3778/3944/1274 3779/5446/1106
f 3780/5447/1411 3781/5448/1271 3782/3933/1264
f 3783/5449/1114 3784/5450/1290 3785/5451/1412
f 3790/5452/1080 3791/3935/1266 3792/3949/1279
f 3793/5453/1413 3794/5454/1099 3795/3953/1276
f 3808/2766/778 3809/5455/1287 3810/5456/1414
f 3811/5457/1415 3812/5458/733 3813/5459/1298
f 3814/3979/1299 3815/5460/1416 3816/3961/1289
f 3817/5461/1288 3818/5462/1417 3819/5463/1297
f 3820/5464/1294 3821/5465/937 3822/5466/1418
f 3823/5467/941 3824/5468/1311 3825/5469/1419
f 3826/5470/1420 3827/5471/1421 3828/3987/1303
f 3829/3172/959 3830/5472/1301 3831/5473/1307
f 3832/5474/1422 3833/5475/1308 3834/5476/1423
f 3835/5477/1315 3836/3742/1182 3837/5478/1309
f 3838/5479/1161 3839/3651/1168 3840/3699/1178
f 3845/3050/938 3846/3976/1296 3847/5480/953
f 3854/5481/1424 3855/3990/1306 3856/5482/1425
f 3859/5483/1180 3860/5484/1426 3861/5485/1427
f 3868/5486/1137 3869/5487/1320 3870/5488/1428
f 3871/5489/1164 3872/3654/1171 3873/5490/1429
f 3874/3474/1136 3875/5491/1162 3876/3998/1312
f 3877/5492/1163 3878/4010/1316 3879/3655/1172
f 3880/2808/815 3881/5493/740 3882/5494/1430
f 3883/5495/1431 3884/5496/787 3885/2782/792 3886/2809/816
f 3887/5497/980 3888/2778/788 3889/5498/1432
f 3890/2788/798 3891/2723/739 3892/5499/836
f 3893/2959/888 3894/5500/1044 3895/5501/1433
f 3896/5502/1434 3897/2848/847 3898/4033/1329
f 3899/5503/974 3900/5504/889 3901/4011/1317
f 3902/3243/1019 3903/5505/1328 3904/5506/1435
f 3905/3274/1049 3906/4034/1330 3907/5507/1018
f 3908/5508/1040 3909/5509/1319 3910/3268/1043
f 3911/5510/1436 3912/5511/1332 3913/5512/846
f 3914/2965/894 3915/5513/1437 3916/5514/1048
f 3917/2533/630 3918/5515/676 3919/2559/648
f 3920/5516/689 3921/2595/673 3922/2684/706
f 3923/5517/1438 3924/2557/646 3925/2489/601
f 3928/5518/549 3929/2524/626 3930/5519/677 3931/2415/553
f 3940/5520/476 3941/548/219 3942/5521/574
f 3947/5522/170 3948/2043/480 3949/5523/1344
f 359/4120/70 364/4124/69 363/4123/117 360/4121/116
f 367/4126/124 372/4128/123 371/231/99 368/230/98
f 378/4131/133 362/4122/132 361/266/109 375/265/108
f 379/4132/128 370/4127/127 369/4/4 380/3/3
f 386/4135/70 382/4133/69 381/278/117 383/277/116
f 365/4125/128 387/4136/127 390/286/4 366/285/3
f 373/4129/133 385/4134/132 384/290/109 374/289/108
f 388/4137/124 377/4130/123 376/298/99 389/297/98
f 540/4195/134 373/5524/133 372/328/123 538/13/12
f 517/4180/125 365/5525/128 364/112/69 518/23/20
f 523/4184/130 378/5526/133 377/307/123 524/306/122
f 513/22/19 386/305/70 385/5527/132 511/4176/131
f 391/4138/124 396/4140/123 395/239/99 392/238/98
f 399/4142/128 394/4139/127 393/262/4 400/261/3
f 406/4145/70 402/4143/69 401/282/117 403/281/116
f 397/4141/133 405/4144/132 404/294/109 398/293/108
f 532/4190/130 397/5528/133 396/332/123 533/331/14
f 507/317/20 406/319/70 405/5529/132 505/4172/131
f 326/198/55 323/197/54 322/5530/81 325/5531/67
f 297/240/53 301/243/56 302/5532/43 295/5533/42
f 310/242/55 307/241/54 306/5534/81 309/5535/67
f 296/85/51 308/135/73 307/4095/54 297/4089/53
f 303/129/77 298/132/80 300/4091/49 304/4092/50
f 318/73/46 315/76/49 314/5536/57 317/5537/60
f 313/144/51 324/124/73 323/4103/54 311/4096/53
f 319/157/77 316/160/80 315/4099/49 320/4100/48
f 337/5538/50 357/5539/47 358/164/40 335/167/76
f 334/77/46 331/80/49 330/5540/57 333/5541/68
f 329/161/51 339/152/73 338/4110/54 327/4104/53
f 336/174/83 332/177/80 331/4107/49 337/4109/50
f 356/5542/55 353/5543/54 352/170/81 355/173/59
f 348/5544/46 345/5545/49 344/114/57 347/117/71
f 343/178/51 354/169/73 353/4119/54 341/4112/53
f 349/192/83 346/195/80 345/4115/49 350/4116/50
f 254/5546/1346 248/5547/118 247/221/90 251/220/89
f 266/5548/97 268/5549/96 267/268/86 263/267/110
f 258/264/107 253/263/106 252/4066/31 255/4068/30
f 278/2/2 265/1/1 264/4073/16 275/4078/15
f 274/5550/115 277/5551/114 276/225/90 271/224/93
f 249/284/2 260/283/1 259/4070/16 250/4064/15
f 269/288/107 273/287/106 272/4077/31 270/4075/30
f 261/5552/97 257/5553/119 256/209/86 262/208/85
f 282/5554/97 284/5555/96 283/217/86 279/216/85
f 294/5556/2 281/5557/1 280/233/16 291/232/15
f 290/5558/115 293/5559/118 292/245/101 287/244/100
f 285/5560/107 289/5561/106 288/272/31 286/271/113
f 366/285/3 249/284/2 248/4063/118 363/4123/117
f 253/263/106 361/266/109 360/4121/116 254/4067/1346
f 374/289/108 269/288/107 268/228/96 371/231/99
f 265/1/1 369/4/4 368/230/98 266/229/97
f 257/295/119 376/298/99 375/265/108 258/264/107
f 277/275/114 381/278/117 380/3/3 278/2/2
f 273/287/106 384/290/109 383/277/116 274/276/115
f 389/297/98 261/296/97 260/283/1 390/286/4
f 398/293/108 285/292/107 284/236/96 395/239/99
f 281/259/1 393/262/4 392/238/98 282/237/97
f 293/279/118 401/282/117 400/261/3 294/260/2
f 289/291/106 404/294/109 403/281/116 290/280/115
f 407/223/92 410/222/91 412/4149/104 408/4146/103
f 413/270/112 416/269/111 418/4153/102 414/5562/105
f 419/5563/33 409/5564/32 408/339/103 420/338/102
f 422/5565/18 415/5566/17 414/251/105 423/250/104
f 425/227/95 424/226/94 423/4157/104 426/5567/103
f 411/5568/18 428/5569/17 430/341/105 412/340/104
f 417/5570/33 427/5571/32 426/249/103 418/248/102
f 429/211/88 421/210/87 420/4155/102 430/4161/105
f 431/219/88 434/218/87 436/4165/102 432/5572/105
f 437/235/18 433/234/17 432/4163/105 438/5573/104
f 440/247/92 439/246/91 438/4167/104 441/5574/103
f 435/274/33 442/273/32 441/4169/103 436/5575/102
f 250/5576/15 411/4148/18 410/222/91 247/221/90
f 409/4147/32 252/5577/31 251/220/89 407/223/92
f 270/5578/30 417/4152/33 416/269/111 267/268/86
f 415/206/17 264/205/16 263/5579/110 413/4150/112
f 286/5580/113 435/4164/33 434/218/87 283/217/86
f 433/234/17 280/233/16 279/5581/85 431/4162/88
f 421/210/87 256/209/86 255/5582/30 419/4154/33
f 424/226/94 276/225/90 275/5583/15 422/4156/18
f 439/246/91 292/245/101 291/5584/15 437/4166/18
f 427/214/32 272/213/31 271/5585/93 425/4158/95
f 442/273/32 288/272/31 287/5586/100 440/4168/92
f 262/208/85 429/211/88 428/4160/17 259/5587/16
f 394/5588/127 508/4174/126 510/330/135 391/333/124
f 370/5589/127 514/4178/126 516/28/14 367/329/124
f 362/5590/132 520/4182/131 522/6/6 359/113/70
f 387/5591/127 526/4186/126 528/16/14 388/308/124
f 402/318/69 529/300/121 531/4189/129 399/5592/128
f 382/304/69 535/303/19 537/4193/125 379/5593/128
f 539/34/9 512/33/25 511/5594/131 540/5595/134
f 525/30/22 521/29/21 520/5596/131 523/5597/130
f 534/49/9 506/52/8 505/5598/131 532/5599/130
f 514/5600/126 537/5601/125 536/12/11 515/11/10
f 526/5602/126 517/5603/125 519/36/11 527/35/10
f 508/5604/126 531/5605/129 530/39/28 509/38/27
f 512/33/25 519/36/11 518/5606/20 513/5607/19
f 538/5608/12 528/5609/14 527/35/10 539/34/9
f 2176/4752/130 2144/5610/133 2143/2130/123 2177/25/12
f 521/29/21 542/32/24 541/5611/7 522/5612/6
f 543/31/23 525/30/22 524/5613/122 544/5614/136
f 554/5615/140 551/5616/140 552/70/45 553/72/45
f 551/5616/140 549/5617/140 550/67/45 552/70/45
f 549/5617/140 546/5618/253 545/68/45 550/67/45
f 548/5619/140 554/5615/140 553/72/45 547/63/45
f 320/75/48 326/74/47 325/5620/62 321/5621/76
f 301/188/46 300/191/49 299/5622/57 302/5623/68
f 304/5624/50 310/5625/47 309/125/40 305/128/76
f 311/196/53 318/199/56 317/5626/61 312/5627/42
f 357/5628/55 338/5629/54 340/100/64 358/103/67
f 327/88/53 334/91/56 333/5630/61 328/5631/42
f 350/83/50 356/82/47 355/5632/40 351/5633/76
f 341/5634/53 348/5635/56 347/118/61 342/121/42
f 573/503/206 571/502/205 572/5636/147 574/5637/179
f 621/547/206 583/546/205 584/5638/147 622/5639/179
f 605/540/208 575/543/211 576/5640/146 606/5641/145
f 571/502/205 594/501/204 593/5642/144 572/5636/147
f 569/509/211 626/508/210 625/5643/180 570/5644/146
f 575/543/211 628/542/210 627/5645/180 576/5640/146
f 579/533/206 577/532/205 578/5646/147 580/5647/179
f 581/529/211 620/528/210 619/5648/207 582/5649/146
f 597/506/208 569/509/211 570/5644/146 598/5650/145
f 582/5649/146 614/5651/145 613/526/208 581/529/211
f 601/5652/144 578/5646/147 577/532/205 602/531/204
f 609/5653/144 584/5638/147 583/546/205 610/545/204
f 591/5654/158 611/5655/157 610/545/204 592/544/203
f 612/369/142 615/372/143 614/379/145 609/378/144
f 616/5656/267 618/5657/267 617/527/209 613/526/208
f 589/5658/158 603/5659/157 602/531/204 590/530/203
f 604/418/142 607/376/142 606/521/145 601/520/144
f 608/5660/156 588/5661/155 587/541/209 605/540/208
f 585/5662/169 595/5663/217 594/501/204 586/500/203
f 596/519/142 599/2046/142 598/525/145 593/524/144
f 600/5664/156 624/5665/155 623/507/209 597/506/208
f 2079/5666/1353 2067/2004/478 2068/5667/146 2080/5668/145
f 615/372/143 567/1669/143 568/707/143 616/706/267
f 607/376/142 612/369/142 611/404/157 608/403/156
f 2071/2045/482 2069/2044/481 2070/5669/147 2072/5670/179
f 661/4202/215 664/4204/214 666/592/230 662/591/229
f 667/4206/215 670/4208/214 672/560/230 668/559/229
f 673/4210/215 676/4212/214 678/564/234 674/563/233
f 679/4214/215 682/4216/214 684/568/234 680/567/233
f 725/4234/228 728/4236/227 730/570/235 726/569/231
f 731/4238/228 734/4240/227 736/566/235 732/565/231
f 737/4242/228 740/4244/227 742/562/232 738/561/231
f 743/4246/228 746/4248/227 748/594/232 744/593/231
f 662/591/229 748/594/232 747/4249/239 663/4203/238
f 665/4205/224 745/4247/223 744/593/231 666/592/230
f 668/559/229 742/562/232 741/4245/239 669/4207/238
f 671/4209/224 739/4243/223 738/561/231 672/560/230
f 674/563/233 736/566/235 735/4241/239 675/4211/238
f 677/4213/224 733/4239/223 732/565/231 678/564/234
f 680/567/233 730/570/235 729/4237/239 681/4215/238
f 683/4217/224 727/4235/223 726/569/231 684/568/234
f 700/5671/214 716/5672/241 715/642/221 701/641/224
f 713/5673/242 697/5674/215 699/656/238 714/655/250
f 694/5675/227 712/5676/240 711/658/243 695/657/239
f 709/5677/225 691/5678/228 693/640/223 710/639/222
f 705/632/238 722/631/237 721/5679/242 703/5680/215
f 719/634/243 689/633/239 688/5681/227 720/5682/240
f 687/572/223 718/571/222 717/5683/225 685/5684/228
f 723/574/221 707/573/224 706/5685/214 724/5686/213
f 633/555/225 743/558/228 745/5687/223 634/5688/245
f 664/5689/214 632/5690/213 631/663/251 665/666/224
f 698/602/233 696/601/232 695/4225/239 699/4227/238
f 701/4229/224 693/4223/223 692/600/231 702/599/234
f 704/670/233 690/669/232 689/4221/239 705/4231/238
f 707/4233/224 687/4219/223 686/668/231 708/667/234
f 690/669/232 686/668/231 685/4218/228 688/4220/227
f 696/601/232 692/600/231 691/4222/228 694/4224/227
f 702/599/234 698/602/233 697/4226/215 700/4228/214
f 708/667/234 704/670/233 703/4230/215 706/4232/214
f 645/5691/242 673/5692/215 675/597/238 646/596/237
f 734/5693/227 652/5694/240 651/595/243 735/598/239
f 663/5695/238 630/5696/237 629/510/212 661/513/215
f 649/5697/225 731/5698/228 733/553/223 650/552/222
f 676/5699/214 648/5700/241 647/551/221 677/554/224
f 639/615/244 671/618/224 670/5701/214 640/5702/241
f 669/5703/238 638/5704/237 637/619/212 667/622/215
f 659/607/243 729/610/239 728/5705/227 660/5706/240
f 727/649/223 658/648/222 657/5707/225 725/5708/228
f 655/647/221 683/650/224 682/5709/214 656/5710/241
f 681/609/238 654/608/237 653/5711/242 679/5712/215
f 643/583/236 741/586/239 740/5713/227 644/5714/226
f 739/5715/223 642/5716/245 641/623/225 737/626/228
f 635/575/236 747/578/239 746/5717/227 636/5718/226
f 753/4250/248 758/5719/247 757/728/287 754/731/287
f 761/714/274 755/713/273 754/731/287 762/730/288
f 762/730/288 760/729/288 759/5720/291 763/4252/290
f 751/722/282 764/721/281 763/5721/290 752/5722/289
f 756/718/278 750/717/277 749/5723/249 753/5724/248
f 776/5725/270 780/5726/269 779/716/276 773/719/279
f 777/5727/284 766/5728/286 765/720/280 778/723/283
f 766/4255/286 770/5729/285 769/739/294 767/738/294
f 767/738/294 775/737/293 774/712/272 768/715/275
f 775/737/293 772/736/292 771/5730/271 776/4257/270
f 768/715/275 761/714/274 764/4253/281 765/4254/280
f 755/713/273 774/712/272 773/4256/279 756/4251/278
f 321/4101/76 805/4270/75 807/158/78 319/157/77
f 812/5731/66 809/5732/65 808/770/296 811/769/46
f 809/4273/65 322/4102/81 324/124/73 810/123/72
f 784/4260/58 299/4090/57 298/132/80 785/131/79
f 783/5733/41 787/5734/40 788/741/47 781/740/295
f 295/4088/42 783/4259/41 782/86/52 296/85/51
f 305/4093/76 789/4262/75 791/130/78 303/129/77
f 796/5735/60 793/5736/65 792/743/296 795/742/46
f 793/4265/65 306/4094/81 308/135/73 794/134/72
f 781/4258/295 792/4264/296 794/134/72 782/86/52
f 790/4263/301 786/4261/300 785/131/79 791/130/78
f 312/4097/42 797/4266/63 799/145/52 313/144/51
f 804/94/59 801/93/58 800/5737/300 803/5738/299
f 801/4269/58 314/4098/57 316/160/80 802/159/82
f 798/4267/295 808/4272/296 810/123/72 799/145/52
f 806/4271/301 800/4268/300 802/159/82 807/158/78
f 335/4108/76 822/4278/75 821/175/78 336/174/83
f 822/5739/75 843/5740/43 844/762/56 823/761/301
f 824/4280/65 340/4111/64 339/152/73 825/151/72
f 328/4105/42 813/4274/63 815/162/52 329/161/51
f 820/106/59 817/105/58 816/5741/300 819/5742/302
f 817/4277/58 330/4106/57 332/177/80 818/176/82
f 814/4275/295 826/4281/296 825/151/72 815/162/52
f 823/4279/301 816/4276/300 818/176/82 821/175/78
f 351/4117/76 835/4286/75 837/193/78 349/192/83
f 842/5743/66 839/5744/65 838/778/296 841/777/46
f 839/4289/65 352/4118/81 354/169/73 840/168/72
f 342/4113/42 827/4282/41 829/179/52 343/178/51
f 834/116/59 831/115/58 830/5745/300 833/5746/302
f 831/4285/58 344/4114/57 346/195/80 832/194/79
f 828/4283/295 838/4288/296 840/168/72 829/179/52
f 836/4287/301 830/4284/300 832/194/79 837/193/78
f 866/750/297 863/749/297 864/5747/311 865/5748/311
f 863/749/297 861/748/297 862/5749/311 864/5747/311
f 861/748/297 858/747/298 857/5750/403 862/5749/311
f 860/745/297 866/750/297 865/5748/311 859/5751/311
f 805/5752/75 812/5753/43 811/758/56 806/757/301
f 787/5754/59 784/5755/58 786/752/300 788/751/299
f 789/5756/75 796/5757/74 795/754/56 790/753/301
f 797/98/63 804/97/62 803/5758/47 798/5759/295
f 843/5760/66 824/5761/65 826/774/296 844/773/46
f 813/110/63 820/109/62 819/5762/47 814/5763/295
f 835/5764/75 842/5765/43 841/766/56 836/765/301
f 827/5766/41 834/5767/62 833/776/47 828/775/295
f 921/5768/368 919/5769/339 920/889/359 922/888/358
f 883/4293/309 886/4295/308 888/809/316 884/812/315
f 891/802/316 893/801/315 892/4299/309 889/4297/308
f 897/811/323 899/810/317 898/823/330 895/822/329
f 901/827/330 904/826/329 906/804/318 902/803/317
f 905/4304/321 894/4300/320 893/801/315 906/804/318
f 890/4298/326 903/4303/325 902/803/317 891/802/316
f 899/810/317 888/809/316 887/4296/326 900/4302/325
f 884/812/315 897/811/323 896/4301/321 885/4294/320
f 871/816/327 890/815/326 889/5770/308 872/5771/307
f 903/814/325 880/813/324 879/5772/331 901/5773/330
f 904/5774/329 882/5775/328 881/808/322 905/807/321
f 873/5776/310 892/5777/309 894/806/320 874/805/319
f 867/832/327 887/831/326 886/5778/308 868/5779/307
f 900/830/325 876/829/332 875/5780/331 898/5781/330
f 895/5782/329 878/5783/328 877/820/322 896/819/321
f 869/5784/310 883/5785/309 885/818/320 870/817/319
f 981/5786/361 932/5787/339 931/943/359 982/942/358
f 968/5788/341 923/5789/340 924/938/343 965/937/342
f 948/928/360 911/927/359 912/5790/339 945/5791/338
f 919/5769/339 953/5792/338 956/890/360 920/889/359
f 910/5793/340 916/5794/362 915/865/344 909/864/343
f 913/5795/368 912/5790/339 911/927/359 914/926/358
f 918/5796/340 986/5797/362 985/895/344 917/894/363
f 923/5789/340 988/5798/362 987/939/344 924/938/343
f 927/5799/368 926/5800/339 925/923/359 928/922/358
f 930/5801/340 980/5802/362 979/917/344 929/916/343
f 960/5803/341 918/5796/340 917/894/363 957/893/342
f 929/916/343 973/915/342 976/5804/341 930/5801/340
f 964/924/360 925/923/359 926/5800/339 961/5805/338
f 972/944/360 931/943/359 932/5787/339 969/5806/338
f 952/5807/341 910/5793/340 909/864/343 949/863/342
f 943/941/357 972/944/360 971/5808/336 944/5809/335
f 969/851/338 976/854/341 975/838/313 970/837/333
f 973/915/342 978/918/345 977/5810/314 974/5811/314
f 941/921/357 964/924/360 963/5812/370 942/5813/369
f 961/903/338 968/906/341 967/856/333 962/855/333
f 965/937/342 940/940/345 939/5814/334 966/5815/337
f 937/887/357 956/890/360 955/5816/336 938/5817/335
f 953/907/338 960/910/341 959/868/333 954/867/333
f 957/893/342 984/896/345 983/5818/372 958/5819/371
f 935/925/357 948/928/360 947/5820/336 936/5821/335
f 945/911/338 952/914/341 951/848/333 946/847/333
f 949/863/342 934/866/345 933/5822/334 950/5823/337
f 950/935/337 955/934/336 954/867/333 951/848/333
f 958/947/371 963/946/370 962/855/333 959/868/333
f 974/799/314 907/798/313 908/845/313 975/838/313
f 966/862/337 971/861/336 970/837/333 967/856/333
f 1032/1089/381 1034/1092/384 1033/4321/366 1030/4319/365
f 1038/957/381 1040/960/384 1039/4325/366 1036/4323/365
f 1044/961/385 1046/964/387 1045/4329/366 1042/4327/365
f 1050/965/385 1052/968/387 1051/4333/366 1048/4331/365
f 1117/1033/376 1022/1036/375 1021/5824/378 1118/5825/394
f 1127/967/386 1129/966/382 1128/4363/379 1125/4361/378
f 1133/963/386 1135/962/382 1134/4367/379 1131/4365/378
f 1139/959/383 1141/958/382 1140/4371/379 1137/4369/378
f 1145/1091/383 1147/1090/382 1146/4375/379 1143/4373/378
f 1056/971/390 1112/970/389 1111/5826/380 1054/5827/379
f 1031/4320/391 1148/4376/390 1147/1090/382 1032/1089/381
f 1034/1092/384 1145/1091/383 1144/4374/375 1035/4322/374
f 1037/4324/391 1142/4372/390 1141/958/382 1038/957/381
f 1040/960/384 1139/959/383 1138/4370/375 1041/4326/374
f 1043/4328/391 1136/4368/390 1135/962/382 1044/961/385
f 1046/964/387 1133/963/386 1132/4366/375 1047/4330/374
f 1049/4332/391 1130/4364/390 1129/966/382 1050/965/385
f 1052/968/387 1127/967/386 1126/4362/375 1053/4334/374
f 1109/1041/376 1028/1044/375 1027/5828/378 1110/5829/377
f 1074/1059/374 1100/1058/373 1099/5830/396 1072/5831/366
f 1097/1081/388 1070/1084/391 1069/5832/365 1098/5833/397
f 1068/1083/390 1096/1082/389 1095/5834/380 1066/5835/379
f 1093/1057/376 1064/1060/375 1063/5836/378 1094/5837/394
f 1086/1043/374 1116/1042/400 1115/5838/396 1084/5839/366
f 1113/969/388 1082/972/391 1081/5840/365 1114/5841/364
f 1075/5842/365 1106/5843/364 1105/1049/388 1076/1052/391
f 1103/5844/380 1060/5845/379 1062/1051/390 1104/1050/389
f 1092/1035/374 1124/1034/398 1123/5846/396 1090/5847/366
f 1057/5848/378 1102/5849/394 1101/1009/376 1058/1012/375
f 1107/5850/396 1078/5851/366 1080/1011/374 1108/1010/398
f 1087/5852/365 1122/5853/364 1121/1093/388 1088/1096/391
f 1119/5854/380 1024/5855/379 1026/1095/390 1120/1094/401
f 993/1100/402 1144/1099/375 1143/5856/378 994/5857/377
f 1035/5858/374 992/5859/373 991/900/367 1033/899/366
f 1070/4346/391 1068/4344/390 1067/1003/382 1071/1002/385
f 1073/1001/387 1065/1004/383 1064/4342/375 1074/4348/374
f 1076/4350/391 1062/4340/390 1061/1107/382 1077/1106/385
f 1079/1105/387 1059/1108/383 1058/4338/375 1080/4352/374
f 1082/4354/391 1056/4336/390 1055/1039/395 1083/1038/385
f 1085/1037/387 1029/1040/383 1028/4318/375 1086/4356/374
f 1088/4358/391 1026/4316/390 1025/987/395 1089/986/385
f 1091/985/387 1023/988/383 1022/4314/375 1092/4360/374
f 1024/4315/379 1021/4313/378 1023/988/383 1025/987/395
f 1054/4335/379 1027/4317/378 1029/1040/383 1055/1039/395
f 1060/4339/379 1057/4337/378 1059/1108/383 1061/1107/382
f 1066/4343/379 1063/4341/378 1065/1004/383 1067/1003/382
f 1072/4347/366 1069/4345/365 1071/1002/385 1073/1001/387
f 1078/4351/366 1075/4349/365 1077/1106/385 1079/1105/387
f 1084/4355/366 1081/4353/365 1083/1038/385 1085/1037/387
f 1090/4359/366 1087/4357/365 1089/986/385 1091/985/387
f 1005/1000/388 1043/999/391 1042/5860/365 1006/5861/397
f 1136/998/390 1012/997/389 1011/5862/380 1134/5863/379
f 1030/5864/365 990/5865/364 989/976/393 1031/975/391
f 1009/952/376 1132/951/375 1131/5866/378 1010/5867/394
f 1047/950/374 1008/949/373 1007/5868/396 1045/5869/366
f 999/1028/367 1039/1027/366 1041/5870/374 1000/5871/373
f 1036/5872/365 998/5873/364 997/984/393 1037/983/391
f 1019/5874/380 1128/5875/379 1130/1014/390 1020/1013/389
f 1125/5876/378 1018/5877/394 1017/1072/376 1126/1071/375
f 1015/5878/396 1051/5879/366 1053/1070/374 1016/1069/373
f 1048/5880/365 1014/5881/397 1013/1016/388 1049/1015/391
f 1003/1032/380 1140/1031/379 1142/5882/390 1004/5883/392
f 1137/5884/378 1002/5885/377 1001/1024/399 1138/1023/375
f 995/956/380 1146/955/379 1148/5886/390 996/5887/392
f 567/373/84 908/5888/84 907/2157/84 568/2156/84
f 1288/1075/117 1289/1074/116 1292/4444/70 1285/4441/69
f 1296/1127/406 1297/1126/405 1300/4448/452 1293/4445/451
f 1301/1395/4 1287/1394/3 1286/4442/128 1302/4449/127
f 1308/1403/441 1295/1402/440 1294/4446/459 1305/4451/458
f 1309/1411/431 1307/1410/430 1306/4452/445 1310/4453/444
f 1290/1163/109 1314/1162/108 1313/4455/133 1291/4443/132
f 1298/1427/4 1312/1426/3 1311/4454/128 1299/4447/127
f 1315/1435/99 1304/1434/98 1303/4450/124 1316/4456/123
f 1502/1474/453 1300/1473/452 1299/5889/127 1500/4531/126
f 1469/5890/450 1168/5891/485 1167/1147/412 1468/1150/415
f 1475/1137/20 1292/1228/70 1291/5892/132 1473/4517/131
f 1485/1445/446 1303/1444/124 1302/5893/127 1483/4521/126
f 1499/1149/414 1166/1148/413 1165/5894/434 1498/5895/433
f 1467/4514/125 1311/5896/128 1310/1440/444 1465/1160/19
f 1320/1330/431 1321/1329/430 1324/4460/455 1317/4457/454
f 1328/1391/99 1329/1390/98 1332/4464/124 1325/4461/123
f 1333/1399/439 1319/1398/438 1318/4458/457 1334/4465/456
f 1340/1407/109 1327/1406/108 1326/4462/133 1337/4467/132
f 1341/1415/117 1339/1414/116 1338/4468/70 1342/4469/69
f 1322/1131/109 1346/1130/108 1345/4471/133 1323/4459/132
f 1330/1431/4 1344/1430/3 1343/4470/128 1331/4463/127
f 1347/1352/406 1336/1351/405 1335/4466/448 1348/4472/447
f 1497/1133/14 1332/1484/124 1331/5897/127 1495/4529/126
f 1472/1153/418 1324/1476/455 1323/5898/132 1470/4515/131
f 1477/5899/417 1202/5900/416 1201/1156/420 1476/1155/419
f 1482/5901/449 1335/5902/448 1334/1477/456 1481/1158/422
f 1461/4510/129 1343/5903/128 1342/1454/69 1459/1170/19
f 1252/5904/61 1248/5905/42 1250/1311/53 1251/1310/56
f 1221/5906/81 1227/5907/67 1228/1359/55 1222/1358/54
f 1236/5908/43 1232/5909/42 1234/1361/53 1235/1360/56
f 1222/4410/54 1234/4416/53 1233/1246/51 1223/1204/73
f 1231/4414/49 1225/4411/50 1224/1242/77 1229/1245/80
f 1244/1209/40 1240/1212/76 1242/5910/50 1243/5911/425
f 1237/4417/54 1250/4424/53 1249/1236/51 1238/1215/73
f 1247/4422/49 1242/4420/50 1241/1270/83 1245/1273/80
f 1261/5912/57 1283/5913/60 1284/1198/46 1262/1197/49
f 1260/1220/40 1256/1223/76 1258/5914/50 1259/5915/426
f 1253/4425/54 1264/4431/53 1266/1260/51 1254/1226/73
f 1262/4430/49 1258/4428/50 1257/1288/83 1263/1291/80
f 1282/5916/61 1278/5917/42 1280/1265/53 1281/1264/56
f 1274/1229/40 1270/1232/76 1272/5918/50 1273/5919/426
f 1267/4433/54 1280/4440/53 1279/1278/51 1268/1234/73
f 1277/4438/49 1272/4436/50 1271/1304/77 1275/1307/80
f 1153/1417/90 1149/1420/89 1152/5920/115 1154/5921/118
f 1169/1324/86 1173/1327/110 1176/5922/97 1170/5923/96
f 1157/4381/432 1156/4380/15 1155/1393/2 1158/1396/1
f 1181/4391/31 1172/4386/30 1171/1401/107 1182/1404/106
f 1177/1336/90 1184/1339/93 1183/5924/115 1178/5925/118
f 1150/4378/31 1161/4383/30 1164/1161/107 1151/1164/106
f 1174/4388/16 1180/4390/15 1179/1425/442 1175/1428/443
f 1162/1320/86 1160/1323/85 1159/5926/97 1163/5927/119
f 1189/1421/101 1185/1424/100 1188/5928/115 1190/5929/118
f 1205/1165/86 1209/1168/85 1212/5930/97 1206/5931/96
f 1193/1362/16 1192/1365/15 1191/5932/2 1194/5933/1
f 1217/1346/31 1208/1349/113 1207/5934/107 1218/5935/106
f 1213/1366/101 1220/1369/100 1219/5936/115 1214/5937/114
f 1186/1342/31 1197/1345/113 1200/5938/107 1187/5939/106
f 1210/1354/16 1216/1357/435 1215/5940/2 1211/5941/1
f 1198/1370/436 1196/1373/437 1195/5942/97 1199/5943/96
f 1289/1074/116 1152/1073/115 1151/1164/106 1290/1163/109
f 1154/1076/118 1288/1075/117 1287/1394/3 1155/1393/2
f 1297/1126/405 1176/1125/97 1175/1428/443 1298/1427/4
f 1170/1128/96 1296/1127/406 1295/1402/440 1171/1401/107
f 1158/1396/1 1301/1395/4 1304/1434/98 1159/1433/97
f 1182/1404/106 1308/1403/441 1307/1410/430 1183/1409/115
f 1178/1412/118 1309/1411/431 1312/1426/3 1179/1425/442
f 1314/1162/108 1164/1161/107 1163/1436/119 1315/1435/99
f 1321/1329/430 1188/1328/115 1187/1132/106 1322/1131/109
f 1190/1331/118 1320/1330/431 1319/1398/438 1191/1397/2
f 1329/1390/98 1212/1389/97 1211/1432/1 1330/1431/4
f 1206/1392/96 1328/1391/99 1327/1406/108 1207/1405/107
f 1194/1400/1 1333/1399/439 1336/1351/405 1195/1350/97
f 1218/1408/106 1340/1407/109 1339/1414/116 1219/1413/115
f 1214/1416/114 1341/1415/117 1344/1430/3 1215/1429/2
f 1346/1130/108 1200/1129/107 1199/1353/96 1347/1352/406
f 1351/4474/104 1353/4475/103 1352/1419/92 1349/1418/91
f 1357/4478/102 1359/5944/105 1358/1326/112 1355/1325/111
f 1363/1485/105 1351/1488/104 1350/5945/18 1361/5946/17
f 1366/1376/103 1357/1375/102 1356/5947/33 1364/5948/32
f 1369/4486/104 1366/5949/103 1365/1338/95 1367/1337/94
f 1353/1487/103 1371/1486/102 1370/5950/33 1354/5951/32
f 1359/1374/105 1369/1377/104 1368/5952/18 1360/5953/17
f 1371/4488/102 1363/4482/105 1362/1322/88 1372/1321/87
f 1375/4490/104 1377/5954/103 1376/1423/92 1373/1422/91
f 1381/4494/102 1383/5955/105 1382/1167/88 1379/1166/87
f 1387/4498/105 1375/5956/104 1374/1364/18 1385/1363/17
f 1390/4500/103 1381/5957/102 1380/1348/33 1388/1347/32
f 1393/4502/104 1390/5958/103 1389/1368/92 1391/1367/91
f 1377/4492/103 1395/5959/102 1394/1344/33 1378/1343/32
f 1383/4496/105 1393/5960/104 1392/1356/18 1384/1355/17
f 1395/4504/102 1387/5961/105 1386/1372/88 1396/1371/87
f 1149/1420/89 1352/1419/92 1354/4476/32 1150/5962/31
f 1349/1418/91 1153/1417/90 1156/5963/15 1350/4473/18
f 1196/5964/437 1386/4497/88 1385/1363/17 1193/1362/16
f 1396/1371/87 1198/1370/436 1197/5965/113 1394/4503/33
f 1185/5966/100 1376/4491/92 1378/1343/32 1186/1342/31
f 1373/1422/91 1189/1421/101 1192/5967/15 1374/4489/18
f 1173/5968/110 1358/4479/112 1360/1118/17 1174/1117/16
f 1355/1325/111 1169/1324/86 1172/5969/30 1356/4477/33
f 1209/5970/85 1382/4495/88 1384/1355/17 1210/1354/16
f 1379/1166/87 1205/1165/86 1208/5971/113 1380/4493/33
f 1361/4481/17 1157/5972/432 1160/1323/85 1362/1322/88
f 1364/1317/32 1181/1316/31 1184/5973/93 1365/4483/95
f 1388/1347/32 1217/1346/31 1220/5974/100 1389/4499/92
f 1367/1337/94 1177/1336/90 1180/5975/15 1368/4485/18
f 1391/1367/91 1213/1366/101 1216/5976/435 1392/4501/18
f 1161/5977/30 1370/4487/33 1372/1321/87 1162/1320/86
f 1325/1483/123 1463/1172/423 1462/4511/130 1326/5978/133
f 1293/5979/451 1469/5890/450 1468/1150/415 1294/1490/459
f 1317/5980/454 1477/5899/417 1476/1155/419 1318/1478/457
f 1285/1227/69 1478/1124/404 1480/4520/129 1286/5981/128
f 1203/5982/486 1482/5901/449 1481/1158/422 1204/1157/421
f 1348/1456/447 1487/1134/407 1486/4523/130 1345/5983/133
f 1316/1443/123 1490/1442/14 1489/4525/130 1313/5984/133
f 1337/5985/132 1492/4527/131 1494/299/120 1338/1455/70
f 1305/1489/458 1499/1149/414 1498/5895/433 1306/5986/445
f 1500/5987/126 1467/5988/125 1466/1139/11 1501/1142/408
f 1483/5989/126 1480/5990/129 1479/1143/409 1484/1146/411
f 1495/5991/126 1461/5992/129 1460/1177/11 1496/1180/10
f 1491/1141/9 1474/1140/8 1473/5993/131 1489/5994/130
f 1464/37/26 1493/40/29 1492/5995/131 1462/5996/130
f 1488/1179/9 1471/1178/8 1470/5997/131 1486/5998/130
f 1465/5999/19 1475/6000/20 1474/1140/8 1466/1139/11
f 1501/1142/408 1491/1141/9 1490/6001/14 1502/6002/453
f 2144/4733/133 2152/4736/132 2151/2123/109 2145/2122/108
f 2153/4737/70 2147/4734/69 2150/2119/117 2154/2118/116
f 2148/4735/128 2139/4730/127 2142/2111/4 2149/2110/3
f 2140/4731/124 2143/4732/123 2146/2097/99 2141/2096/98
f 1459/6003/19 1472/6004/418 1471/1178/8 1460/1177/11
f 1496/1180/10 1488/1179/9 1487/6005/407 1497/6006/14
f 1478/6007/404 1504/6008/7 1503/1144/24 1479/1143/409
f 1505/6009/460 1485/6010/446 1484/1146/411 1506/1145/410
f 1514/62/45 1511/1189/45 1512/6011/140 1513/6012/140
f 1511/1189/45 1509/1187/45 1510/6013/140 1512/6011/140
f 1509/1187/45 1508/1186/424 1507/6014/253 1510/6013/140
f 547/63/45 1514/62/45 1513/6012/140 548/5619/140
f 1246/6015/57 1252/6016/60 1251/1194/46 1247/1193/49
f 1227/6017/40 1226/6018/76 1225/1297/50 1228/1296/425
f 1230/6019/57 1236/6020/429 1235/1299/46 1231/1298/49
f 1239/1266/64 1244/1269/67 1243/6021/55 1237/6022/54
f 1283/6023/61 1265/6024/42 1264/1208/53 1284/1207/56
f 1255/1284/64 1260/1287/67 1259/6025/55 1253/6026/54
f 1276/6027/57 1282/6028/60 1281/1202/46 1277/1201/49
f 1269/6029/81 1274/6030/67 1273/1263/55 1267/1262/54
f 1565/6031/207 1538/6032/146 1537/1551/211 1566/1550/210
f 1552/6033/144 1529/6034/147 1530/1660/205 1549/1659/204
f 1529/6034/147 1568/6035/179 1567/1661/206 1530/1660/205
f 1533/6036/180 1532/6037/146 1531/1541/211 1534/1540/210
f 1536/6038/147 1564/6039/179 1563/1537/206 1535/1536/205
f 1535/1536/205 1557/1535/204 1560/6040/144 1536/6038/147
f 1548/1542/208 1531/1541/211 1532/6037/146 1545/6041/145
f 1556/1552/208 1537/1551/211 1538/6032/146 1553/6042/145
f 1543/1549/209 1556/1552/208 1555/6043/156 1544/6044/155
f 1553/1515/145 1560/1518/144 1559/1509/143 1554/1508/142
f 1557/1535/204 1562/1538/203 1561/6045/462 1558/6046/462
f 1541/1539/209 1548/1542/208 1547/6047/216 1542/6048/218
f 1545/1531/145 1552/1534/144 1551/1529/142 1546/516/142
f 1549/1659/204 1540/1662/203 1539/6049/158 1550/6050/157
f 595/537/217 1547/536/216 1546/516/142 596/519/142
f 2067/2004/478 2074/2003/477 2073/6051/180 2068/5667/146
f 1558/1521/462 1527/1520/143 1528/1671/143 1559/1509/143
f 1550/1548/157 1555/1547/156 1554/1508/142 1551/1529/142
f 477/470/187 1432/469/186 1431/6052/543 478/6053/543
f 473/6054/305 1428/6055/304 1427/474/189 474/473/189
f 1425/781/303 472/784/306 471/6056/264 1426/6057/263
f 1421/700/266 468/699/265 467/6058/542 1422/6059/542
f 475/6060/191 1430/6061/190 1429/459/183 476/458/182
f 2078/6062/144 2070/5669/147 2069/2044/481 2075/6063/1352
f 1598/1641/230 1600/1644/229 1599/4541/215 1596/4539/214
f 1604/1561/230 1606/1564/229 1605/4545/215 1602/4543/214
f 1610/1565/234 1612/1568/233 1611/4549/215 1608/4547/214
f 1653/1567/235 1655/1566/231 1654/4567/228 1651/4565/227
f 1659/1563/232 1661/1562/231 1660/4571/228 1657/4569/227
f 1665/1643/232 1667/1642/231 1666/4575/228 1663/4573/227
f 1616/1571/223 1646/1570/222 1645/6064/225 1614/6065/228
f 1597/4540/224 1668/4576/223 1667/1642/231 1598/1641/230
f 1600/1644/229 1665/1643/232 1664/4574/239 1601/4542/238
f 1603/4544/224 1662/4572/223 1661/1562/231 1604/1561/230
f 1606/1564/229 1659/1563/232 1658/4570/239 1607/4546/238
f 1609/4548/224 1656/4568/223 1655/1566/231 1610/1565/234
f 1612/1568/233 1653/1567/235 1652/4566/239 1613/4550/238
f 1643/1617/243 1594/1620/239 1593/6066/227 1644/6067/226
f 1634/1619/238 1650/1618/465 1649/6068/242 1632/6069/215
f 1647/1569/221 1630/1572/224 1629/6070/214 1648/6071/213
f 1623/6072/214 1640/6073/213 1639/1621/221 1624/1624/224
f 1637/6074/225 1620/6075/228 1622/1623/223 1638/1622/222
f 1617/6076/227 1636/6077/240 1635/1593/243 1618/1596/239
f 1641/6078/242 1626/6079/215 1628/1595/238 1642/1594/250
f 1573/1648/466 1664/1647/239 1663/6080/227 1574/6081/226
f 1601/6082/238 1572/6083/237 1571/1528/212 1599/1527/215
f 1624/4558/224 1622/4556/223 1621/1651/231 1625/1650/234
f 1627/1649/233 1619/1652/232 1618/4554/239 1628/4560/238
f 1630/4562/224 1616/4552/223 1615/1615/464 1631/1614/234
f 1633/1613/233 1595/1616/232 1594/4538/239 1634/4564/238
f 1614/4551/228 1593/4537/227 1595/1616/232 1615/1615/464
f 1620/4555/228 1617/4553/227 1619/1652/232 1621/1651/231
f 1626/4559/215 1623/4557/214 1625/1650/234 1627/1649/233
f 1632/4563/215 1629/4561/214 1631/1614/234 1633/1613/233
f 1585/1588/221 1609/1587/224 1608/6084/214 1586/6085/241
f 1656/1586/223 1592/1585/222 1591/6086/225 1654/6087/228
f 1596/6088/214 1570/6089/213 1569/1576/244 1597/1575/224
f 1589/1556/243 1652/1555/239 1651/6090/227 1590/6091/240
f 1613/1554/238 1588/1553/237 1587/6092/242 1611/6093/215
f 1579/1608/212 1605/1607/215 1607/6094/238 1580/6095/237
f 1602/6096/214 1578/6097/213 1577/1584/244 1603/1583/224
f 1583/1612/225 1660/1611/228 1662/6098/223 1584/6099/463
f 1657/6100/227 1582/6101/226 1581/1604/236 1658/1603/239
f 1575/1560/225 1666/1559/228 1668/6102/223 1576/6103/463
f 1676/1694/293 1678/1693/292 1677/6104/271 1673/4577/270
f 1684/1695/294 1676/1694/293 1675/1680/272 1681/1679/275
f 1683/4580/286 1680/6105/285 1679/1696/294 1684/1695/294
f 1671/6106/284 1683/6107/286 1682/1688/280 1672/1687/283
f 1673/6108/270 1670/6109/269 1669/1684/276 1674/1683/279
f 1693/1682/278 1700/1681/277 1699/6110/249 1694/6111/248
f 1697/1686/282 1685/1685/281 1688/6112/290 1698/6113/289
f 1687/1703/288 1690/1702/288 1689/6114/291 1688/4582/290
f 1686/1678/274 1696/1677/273 1695/1704/287 1687/1703/288
f 1694/4584/248 1692/6115/247 1691/1701/287 1695/1704/287
f 1685/4581/281 1682/4579/280 1681/1679/275 1686/1678/274
f 1674/4578/279 1693/4583/278 1696/1677/273 1675/1680/272
f 1245/1273/80 1726/1272/79 1725/4597/58 1246/4421/57
f 1732/1730/47 1728/1729/295 1730/6116/41 1731/6117/62
f 1729/1237/52 1249/1236/51 1248/4423/42 1730/4600/41
f 1706/1243/78 1224/1242/77 1226/4412/76 1704/4587/75
f 1701/1705/296 1707/1708/46 1708/6118/60 1702/6119/65
f 1223/1204/73 1703/1203/72 1702/4586/65 1221/4409/81
f 1229/1245/80 1710/1244/79 1709/4589/58 1230/4413/57
f 1716/1707/47 1712/1706/295 1714/6120/41 1715/6121/62
f 1713/1247/52 1233/1246/51 1232/4415/42 1714/4592/41
f 1703/1203/72 1713/1247/52 1712/4591/295 1701/4585/296
f 1710/1244/79 1706/1243/78 1705/4588/301 1711/4590/300
f 1238/1215/73 1718/1214/72 1717/4593/65 1239/4418/64
f 1724/1716/56 1720/1719/301 1722/6122/75 1723/6123/43
f 1721/1271/78 1241/1270/83 1240/4419/76 1722/4596/75
f 1718/1214/72 1729/1237/52 1728/4599/295 1719/4594/296
f 1726/1272/79 1721/1271/78 1720/4595/301 1727/4598/472
f 1263/1291/80 1741/1290/82 1743/4606/58 1261/4429/57
f 1742/6124/300 1763/6125/55 1764/1276/59 1743/1275/58
f 1746/1261/52 1266/1260/51 1265/4432/42 1744/4607/63
f 1254/1226/73 1734/1225/72 1733/4601/65 1255/4426/64
f 1740/1720/56 1736/1723/301 1738/6126/75 1739/6127/427
f 1737/1289/78 1257/1288/83 1256/4427/76 1738/4604/75
f 1734/1225/72 1746/1261/52 1745/4608/295 1735/4602/296
f 1741/1290/82 1737/1289/78 1736/4603/301 1742/4605/300
f 1275/1307/80 1756/1306/82 1755/4613/58 1276/4437/57
f 1762/6128/47 1758/6129/295 1760/1282/41 1761/1281/40
f 1759/1279/52 1279/1278/51 1278/4439/42 1760/4616/41
f 1268/1234/73 1748/1233/72 1747/4609/65 1269/4434/81
f 1754/6130/56 1750/6131/301 1752/1231/75 1753/1230/428
f 1751/1305/78 1271/1304/77 1270/4435/76 1752/4612/75
f 1748/1233/72 1759/1279/52 1758/4615/295 1749/4610/296
f 1756/1306/82 1751/1305/78 1750/4611/301 1757/4614/300
f 1784/6132/311 1781/6133/311 1782/1711/297 1783/746/297
f 1781/6133/311 1779/6134/311 1780/1709/297 1782/1711/297
f 1779/6134/311 1778/6135/403 1777/1710/297 1780/1709/297
f 859/5751/311 1784/6132/311 1783/746/297 860/745/297
f 1727/1718/472 1732/1717/55 1731/6136/67 1725/6137/58
f 1707/1712/56 1705/1715/301 1704/6138/75 1708/6139/43
f 1711/6140/300 1716/6141/55 1715/1240/59 1709/1239/58
f 1719/1728/296 1724/1731/46 1723/6142/66 1717/6143/65
f 1763/6144/47 1745/6145/295 1744/1218/63 1764/1217/62
f 1735/1732/296 1740/1735/46 1739/6146/66 1733/6147/65
f 1757/1726/300 1762/1725/55 1761/6148/59 1755/6149/58
f 1749/6150/296 1754/6151/46 1753/1302/66 1747/1301/65
f 1839/1821/344 1837/1820/343 1838/6152/340 1840/6153/362
f 1803/1763/316 1805/1762/315 1804/4622/309 1801/4620/308
f 1807/4624/309 1810/4626/308 1812/1754/316 1808/1757/315
f 1813/1777/330 1816/1776/329 1818/1765/323 1814/1764/474
f 1821/1756/318 1823/1755/317 1822/1781/330 1819/1780/329
f 1823/1755/317 1812/1754/316 1811/4627/326 1824/4631/325
f 1808/1757/315 1821/1756/318 1820/4630/321 1809/4625/320
f 1817/4629/321 1806/4623/320 1805/1762/315 1818/1765/323
f 1802/4621/326 1815/4628/325 1814/1764/474 1803/1763/316
f 1789/6154/310 1807/6155/309 1809/1768/320 1790/1767/319
f 1819/6156/329 1798/6157/328 1797/1766/322 1820/1769/321
f 1824/1760/325 1800/1759/324 1799/6158/331 1822/6159/330
f 1791/1758/327 1811/1761/326 1810/6160/308 1792/6161/307
f 1785/6162/310 1804/6163/309 1806/1784/320 1786/1783/319
f 1816/6164/329 1794/6165/328 1793/1782/322 1817/1785/321
f 1815/1772/325 1796/1771/324 1795/6166/331 1813/6167/330
f 1787/1770/327 1802/1773/326 1801/6168/308 1788/6169/307
f 1899/1873/344 1849/1872/343 1850/6170/340 1900/6171/362
f 1883/1866/360 1841/1869/359 1842/6172/339 1884/6173/338
f 1863/6174/341 1830/6175/340 1829/1856/343 1864/1855/342
f 1837/1820/343 1872/1819/342 1871/6176/341 1838/6152/340
f 1827/1813/359 1834/1812/358 1833/6177/368 1828/6178/339
f 1831/1857/344 1829/1856/343 1830/6175/340 1832/6179/362
f 1835/1827/359 1904/1826/358 1903/6180/368 1836/6181/339
f 1841/1869/359 1906/1868/358 1905/6182/368 1842/6172/339
f 1845/1853/344 1843/1852/343 1844/6183/340 1846/6184/362
f 1847/1847/359 1898/1846/358 1897/6185/361 1848/6186/339
f 1875/1824/360 1835/1827/359 1836/6181/339 1876/6187/338
f 1848/6186/339 1892/6188/338 1891/1844/360 1847/1847/359
f 1879/6189/341 1844/6183/340 1843/1852/343 1880/1851/342
f 1887/6190/341 1850/6170/340 1849/1872/343 1888/1871/342
f 1867/1810/360 1827/1813/359 1828/6178/339 1868/6191/338
f 1861/6192/334 1889/6193/337 1888/1871/342 1862/1870/345
f 1890/1790/333 1893/1793/313 1892/1803/338 1887/1802/341
f 1894/6194/473 1896/6195/473 1895/1845/357 1891/1844/360
f 1859/6196/372 1881/6197/371 1880/1851/342 1860/1850/345
f 1882/1806/333 1885/1809/333 1884/1833/338 1879/1832/341
f 1886/6198/336 1858/6199/335 1857/1867/357 1883/1866/360
f 1855/6200/334 1873/6201/337 1872/1819/342 1856/1818/345
f 1874/1814/333 1877/1817/333 1876/1837/338 1871/1836/341
f 1878/6202/370 1902/6203/369 1901/1825/357 1875/1824/360
f 1853/6204/334 1865/6205/337 1864/1855/342 1854/1854/345
f 1866/901/333 1869/1801/333 1868/1841/338 1863/1840/341
f 1870/6206/336 1852/6207/335 1851/1811/357 1867/1810/360
f 946/847/333 1866/901/333 1865/844/337 947/843/336
f 1869/1801/333 1874/1814/333 1873/1865/337 1870/1864/336
f 1877/1817/333 1882/1806/333 1881/1877/371 1878/1876/370
f 1893/1793/313 1825/1798/313 1826/1753/313 1894/1752/473
f 1885/1809/333 1890/1790/333 1889/1796/337 1886/1795/336
f 855/6208/262 1776/6209/261 1775/881/352 856/882/353
f 851/886/356 1772/885/356 1771/6210/259 852/6211/258
f 1769/6212/348 850/6213/351 849/690/257 1770/689/256
f 1765/6214/260 846/6215/260 845/879/350 1766/878/349
f 853/874/347 1774/873/346 1773/6216/355 854/6217/354
f 1948/4646/366 1951/4648/365 1953/2018/381 1949/2017/384
f 1954/4650/366 1957/4652/365 1959/1887/381 1955/1886/384
f 1960/4654/366 1963/4656/365 1965/1891/385 1961/1890/387
f 1966/4658/366 1969/4660/365 1971/1895/385 1967/1894/387
f 2035/6218/380 1939/6219/379 1941/1963/390 2036/1962/389
f 2043/4688/379 2046/4690/378 2048/1897/386 2044/1896/382
f 2049/4692/379 2052/4694/378 2054/1893/386 2050/1892/382
f 2055/4696/379 2058/4698/378 2060/1889/383 2056/1888/382
f 2061/4700/379 2064/4702/378 2066/2020/383 2062/2019/382
f 1972/6220/378 2030/6221/377 2029/1901/376 1973/1900/375
f 1949/2017/384 2066/2020/383 2065/4703/375 1950/4647/374
f 1952/4649/391 2063/4701/390 2062/2019/382 1953/2018/381
f 1955/1886/384 2060/1889/383 2059/4699/375 1956/4651/374
f 1958/4653/391 2057/4697/390 2056/1888/382 1959/1887/381
f 1961/1890/387 2054/1893/386 2053/4695/375 1962/4655/374
f 1964/4657/391 2051/4693/390 2050/1892/382 1965/1891/385
f 1967/1894/387 2048/1897/386 2047/4691/375 1968/4659/374
f 1970/4661/391 2045/4689/390 2044/1896/382 1971/1895/385
f 2027/6222/380 1945/6223/379 1947/1971/390 2028/1970/389
f 1990/6224/365 2018/6225/397 2017/1989/388 1991/1988/391
f 2015/6226/396 1987/6227/366 1989/2010/374 2016/2009/398
f 1984/6228/378 2014/6229/394 2013/2012/376 1985/2011/375
f 2011/6230/380 1981/6231/379 1983/1987/390 2012/1986/389
f 2002/6232/365 2034/6233/397 2033/1973/388 2003/1972/391
f 2031/6234/396 1999/6235/366 2001/1899/374 2032/1898/373
f 1995/1979/374 2024/1978/373 2023/6236/396 1993/6237/366
f 2021/1981/376 1979/1980/375 1978/6238/378 2022/6239/394
f 2008/6240/365 2042/6241/364 2041/1965/388 2009/1964/391
f 1977/1939/390 2020/1938/389 2019/6242/380 1975/6243/379
f 2025/1941/388 1997/1940/391 1996/6244/365 2026/6245/364
f 2007/2022/374 2040/2021/398 2039/6246/396 2005/6247/366
f 2037/2024/376 1943/2023/375 1942/6248/378 2038/6249/377
f 1911/1882/380 2061/1885/379 2063/6250/390 1912/6251/475
f 1951/6252/365 1910/6253/364 1909/2025/479 1952/2028/391
f 1988/1933/387 1986/1932/383 1985/4671/375 1989/4673/374
f 1991/4675/391 1983/4669/390 1982/1931/382 1992/1930/385
f 1994/2036/387 1980/2035/383 1979/4667/375 1995/4677/374
f 1997/4679/391 1977/4665/390 1976/2034/382 1998/2033/385
f 2000/1969/387 1974/1968/383 1973/4663/375 2001/4681/374
f 2003/4683/391 1947/4645/390 1946/1967/395 2004/1966/385
f 2006/1917/387 1944/1916/383 1943/4643/375 2007/4685/374
f 2009/4687/391 1941/4641/390 1940/1915/395 2010/1914/385
f 1944/1916/383 1940/1915/395 1939/4640/379 1942/4642/378
f 1974/1968/383 1946/1967/395 1945/4644/379 1972/4662/378
f 1980/2035/383 1976/2034/382 1975/4664/379 1978/4666/378
f 1986/1932/383 1982/1931/382 1981/4668/379 1984/4670/378
f 1992/1930/385 1988/1933/387 1987/4672/366 1990/4674/365
f 1998/2033/385 1994/2036/387 1993/4676/366 1996/4678/365
f 2004/1966/385 2000/1969/387 1999/4680/366 2002/4682/365
f 2010/1914/385 2006/1917/387 2005/4684/366 2008/4686/365
f 1923/6254/396 1960/6255/366 1962/1928/374 1924/1927/373
f 2052/6256/378 1930/6257/394 1929/1926/376 2053/1929/375
f 1950/6258/374 1908/6259/373 1907/1828/367 1948/1831/366
f 1927/6260/380 2049/6261/379 2051/1880/390 1928/1879/389
f 1963/6262/365 1926/6263/397 1925/1878/388 1964/1881/391
f 1917/1950/393 1958/1953/391 1957/6264/365 1918/6265/397
f 1956/6266/374 1916/6267/373 1915/1954/367 1954/1957/366
f 1937/1942/376 2047/1945/375 2046/6268/378 1938/6269/394
f 2045/2000/390 1936/1999/389 1935/6270/380 2043/6271/379
f 1933/1998/388 1970/2001/391 1969/6272/365 1934/6273/397
f 1968/1944/374 1932/1943/373 1931/6274/396 1966/6275/366
f 1921/1910/399 2059/1913/375 2058/6276/378 1922/6277/377
f 2057/6278/390 1920/6279/475 1919/1958/380 2055/1961/379
f 1913/1902/399 2065/1905/375 2064/6280/378 1914/6281/377
f 1527/2327/181 1826/2326/181 1825/6282/181 1528/1514/181
f 2077/2049/142 2081/514/142 2080/4061/145 2078/4060/144
f 2081/514/142 604/418/142 603/550/157 2082/549/220
f 2076/436/169 600/435/156 599/2046/142 2077/2049/142
f 2098/6283/214 2114/6284/213 2113/2077/221 2099/2076/224
f 2111/6285/242 2095/6286/215 2097/2083/238 2112/2082/237
f 2092/6287/227 2110/6288/483 2109/2085/243 2093/2084/239
f 2107/6289/225 2089/6290/228 2091/2075/223 2108/2074/222
f 2103/2067/238 2120/2066/237 2119/6291/242 2101/6292/215
f 2117/2069/243 2087/2068/239 2086/6293/227 2118/6294/483
f 2085/2040/223 2116/2039/222 2115/6295/225 2083/6296/228
f 2121/2042/221 2105/2041/224 2104/6297/214 2122/6298/213
f 2096/2061/233 2094/2060/235 2093/4713/239 2097/4715/238
f 2099/4717/224 2091/4711/223 2090/2059/231 2100/2058/234
f 2102/2093/233 2088/2092/235 2087/4709/239 2103/4719/238
f 2105/4721/224 2085/4707/223 2084/2091/231 2106/2090/234
f 2088/2092/235 2084/2091/231 2083/4706/228 2086/4708/227
f 2094/2060/235 2090/2059/231 2089/4710/228 2092/4712/227
f 2100/2058/234 2096/2061/233 2095/4714/215 2098/4716/214
f 2106/2090/234 2102/2093/233 2101/4718/215 2104/4720/214
f 2169/2107/20 2153/2129/70 2152/6299/132 2167/4746/131
f 2126/6300/97 2128/6301/119 2127/2071/86 2123/2070/110
f 2138/2109/2 2125/2108/1 2124/4723/16 2135/4728/15
f 2134/6302/115 2137/6303/114 2136/2103/90 2131/2102/93
f 2129/2121/107 2133/2120/106 2132/4727/31 2130/4725/30
f 2145/2122/108 2129/2121/107 2128/2094/119 2146/2097/99
f 2125/2108/1 2142/2111/4 2141/2096/98 2126/2095/97
f 2137/2116/114 2150/2119/117 2149/2110/3 2138/2109/2
f 2133/2120/106 2151/2123/109 2154/2118/116 2134/2117/115
f 2155/2073/112 2158/2072/111 2160/4741/102 2156/6304/105
f 2161/6305/18 2157/6306/17 2156/2135/105 2162/2134/104
f 2164/2105/95 2163/2104/94 2162/4743/104 2165/6307/103
f 2159/6308/33 2166/6309/32 2165/2133/103 2160/2132/102
f 2130/6310/30 2159/4740/33 2158/2072/111 2127/2071/86
f 2157/19/17 2124/18/16 2123/6311/110 2155/4738/112
f 2163/2104/94 2136/2103/90 2135/6312/15 2161/4742/18
f 2166/2114/32 2132/2113/31 2131/6313/93 2164/4744/95
f 2139/6314/127 2170/4748/126 2172/47/34 2140/2131/124
f 2147/2128/69 2173/1175/121 2175/4751/484 2148/6315/128
f 2178/10/9 2168/9/8 2167/6316/131 2176/6317/130
f 2170/6318/126 2175/6319/484 2174/1494/28 2171/1493/27
f 2168/9/8 536/12/11 535/6320/19 2169/6321/20
f 2177/6322/12 516/6323/14 515/11/10 2178/10/9
f 2181/2153/471 1412/2152/490 1411/6324/193 2182/6325/193
f 1409/2358/537 2228/2357/528 2227/6326/194 1410/6327/194
f 453/6328/492 2186/6329/491 2185/1664/469 454/1663/468
f 2179/6330/193 458/6331/192 457/1666/471 2180/1665/470
f 2229/2294/528 456/2293/528 455/6332/194 2230/6333/194
f 2183/6334/494 1408/6335/491 1407/2151/489 2184/2150/468
f 2203/4049/1342 1404/4048/1341 1403/6336/491 2204/6337/494
f 449/4053/1342 2206/4052/1342 2205/6338/491 450/6339/493
f 2193/6340/1439 452/6341/510 451/2191/153 2194/2190/507
f 493/6342/163 2190/6343/162 2189/2193/153 494/2192/153
f 495/2244/521 2272/2243/523 2271/6344/161 496/6345/164
f 1405/6346/517 2192/6347/517 2191/399/153 1406/398/153
f 2187/6348/162 1448/6349/162 1447/401/154 2188/400/153
f 2273/2240/521 1450/2239/521 1449/6350/161 2274/6351/161
f 1399/6352/198 2208/6353/199 2207/2202/487 1400/2201/512
f 2197/6354/496 1402/6355/496 1401/2204/488 2198/2203/488
f 463/2189/506 2200/2188/505 2199/6356/495 464/6357/495
f 2195/2141/488 448/2140/488 447/6358/496 2196/6359/496
f 2209/6360/198 446/6361/198 445/2139/487 2210/2138/487
f 2201/2352/506 1418/2351/506 1417/6362/495 2202/6363/495
f 461/6364/159 2216/6365/160 2215/2187/504 462/2186/503
f 2217/6366/159 1416/6367/160 1415/2350/504 2218/2349/504
f 2213/6368/199 1398/6369/198 1397/4051/1342 2214/4050/1342
f 443/6370/198 2212/6371/198 2211/4055/1342 444/4054/1342
f 2221/2200/511 1414/2199/501 1413/6372/159 2222/6373/159
f 459/2185/502 2220/2184/501 2219/6374/159 460/6375/159
f 485/6376/197 2226/6377/196 2225/2183/500 486/2182/500
f 2223/6378/514 1440/6379/196 1439/2198/500 2224/2197/500
f 481/6380/175 2252/6381/175 2251/486/195 482/485/195
f 2253/6382/530 1436/6383/530 1435/2210/513 2254/2209/513
f 1515/6384/138 2234/6385/461 2233/2360/529 1516/2359/538
f 2231/6386/138 556/6387/138 555/2296/529 2232/2295/529
f 2239/6388/151 1526/6389/151 1525/2329/531 2240/2332/534
f 1419/6390/200 2238/6391/200 2237/2331/533 1420/2330/532
f 1433/680/254 2244/679/254 2243/6392/202 1434/6393/202
f 565/6394/151 2242/6395/150 2241/2333/531 566/2336/531
f 2235/6396/200 466/6397/200 465/2335/535 2236/2334/532
f 2245/463/185 480/462/184 479/6398/202 2246/6399/201
f 1443/6400/497 2260/6401/497 2259/682/185 1444/681/185
f 2261/6402/515 490/6403/497 489/465/184 2262/464/185
f 2257/2226/178 1442/2225/178 1441/6404/37 2258/6405/37
f 1437/2322/173 2248/2321/173 2247/6406/499 1438/6407/38
f 483/6408/39 2250/6409/38 2249/443/174 484/442/173
f 487/448/178 2256/447/177 2255/6410/37 488/6411/36
f 1445/2147/167 2264/2146/167 2263/6412/498 1446/6413/498
f 2265/425/167 492/424/166 491/6414/498 2266/6415/516
f 1453/6416/525 2270/6417/525 2269/2149/168 1454/2148/168
f 2267/6418/525 500/6419/525 499/427/168 2268/426/168
f 2277/6420/172 1456/6421/172 1455/2242/522 2278/2241/522
f 501/6422/172 2276/6423/172 2275/2246/522 502/2245/524
f 2281/6424/172 1452/6425/536 1451/2235/519 2282/2238/519
f 1457/6426/525 2286/6427/525 2285/2237/520 1458/2236/520
f 2279/2247/519 498/2250/519 497/6428/172 2280/6429/172
f 2283/6430/525 504/6431/525 503/2249/520 2284/2248/520
f 1517/2277/148 2290/2280/527 2289/6432/151 1518/6433/151
f 2287/2301/148 558/2304/148 557/6434/151 2288/6435/150
f 1519/6436/138 2292/6437/461 2291/2279/149 1520/2278/149
f 2293/6438/138 560/6439/138 559/2303/149 2294/2302/149
f 1521/2298/148 2296/2297/527 2295/6440/151 1522/6441/151
f 2297/387/148 562/386/148 561/6442/151 2298/6443/150
f 1523/6444/138 2302/6445/461 2301/2300/149 1524/2299/149
f 2299/6446/138 564/6447/138 563/389/149 2300/388/149
f 2305/2370/541 2304/2369/541 2303/6448/539 2306/6449/540
f 2315/2377/238 2324/2376/465 2323/6450/242 2313/6451/215
f 2321/2379/243 2311/2378/239 2310/6452/227 2322/6453/226
f 2309/2373/223 2320/2372/222 2319/6454/225 2307/6455/228
f 2325/2375/221 2317/2374/224 2316/6456/214 2326/6457/213
f 2314/2395/233 2312/2394/232 2311/4757/239 2315/4759/238
f 2317/4761/224 2309/4755/223 2308/2393/464 2318/2392/230
f 2312/2394/232 2308/2393/464 2307/4754/228 2310/4756/227
f 2318/2392/230 2314/2395/233 2313/4758/215 2316/4760/214
f 1463/6458/423 510/6459/135 509/38/27 1464/37/26
f 1493/40/29 530/39/28 529/6460/121 1494/6461/120
f 2343/4770/128 2339/4768/127 2342/2434/4 2344/2433/3
f 2350/4774/70 2346/4771/69 2345/2442/117 2347/2441/116
f 2362/1174/120 2350/2444/70 2349/6462/1356 2360/4781/570
f 2338/6463/442 2328/6464/1 2327/2381/16 2335/2380/15
f 2334/6465/115 2337/6466/118 2336/2690/101 2331/2689/100
f 2328/2431/1 2342/2434/4 2341/2423/557 2329/2422/556
f 2337/2439/118 2345/2442/117 2344/2433/3 2338/2432/442
f 2333/2688/710 2348/4772/1355 2347/2441/116 2334/2440/115
f 2354/2383/18 2352/2382/17 2351/4775/1440 2355/6467/566
f 2357/2692/92 2356/2691/91 2355/4778/566 2358/6468/565
f 2594/6469/1366 2359/2426/560 2358/4780/565 2592/6470/1365
f 2352/2382/17 2327/2381/16 2330/6471/561 2353/4776/564
f 2356/2691/91 2336/2690/101 2335/6472/15 2354/4777/18
f 2359/2426/560 2332/2425/559 2331/6473/100 2357/4779/92
f 2339/6474/127 2363/4783/126 2365/354/137 2340/6475/1354
f 2346/2443/69 2366/428/19 2368/4786/125 2343/6476/128
f 2369/1492/26 2361/1491/29 2360/6477/570 2370/6478/1357
f 2363/6479/126 2368/6480/125 2367/51/11 2364/50/10
f 2489/2525/627 3929/2524/626 3928/5518/549 2490/6481/548
f 2493/6482/547 2372/4789/550 2374/2613/681 2494/2612/680
f 3920/5516/689 2496/6483/1441 2495/2596/673 3921/2595/673
f 2562/6484/1339 2384/4793/1338 2386/2562/650 2563/2561/649
f 2383/2614/682 2374/2613/681 2373/2456/576 2381/2457/577
f 2499/2615/683 2383/2614/682 2382/4792/1335 2500/6485/1334
f 3921/2595/673 2378/2594/504 2380/2685/707 3922/2684/706
f 2379/4791/1336 2382/4792/1335 2381/2457/577 2380/2685/707
f 2509/6486/697 2393/6487/603 2394/2465/585 2510/2677/669
f 2503/2584/670 2387/2530/584 2388/6488/594 2504/6489/593
f 2453/2661/598 2399/2485/598 2400/6490/618 2454/6491/617
f 2465/6492/659 2407/6493/658 2408/2549/639 2466/2548/640
f 2467/6494/578 2409/6495/579 2410/2495/605 2468/2671/701
f 2439/2587/671 2417/2563/651 2418/6496/603 2440/6497/602
f 2511/2541/634 2421/2521/625 2422/6498/594 2512/6499/593
f 2535/6500/637 2411/6501/638 2412/2514/619 2536/2555/620
f 2459/6502/684 2401/6503/687 2402/2482/596 2460/2660/597
f 3919/2559/648 2386/2562/650 2385/2534/631 3917/2533/630
f 2384/4793/1338 2376/4790/1337 2375/2558/647 2385/2534/631
f 2483/6504/607 2427/6505/609 2428/2578/664 2484/2577/663
f 2543/6506/198 2429/6507/609 2430/2503/611 2544/2502/610
f 2396/2468/588 2452/2467/587 2451/6508/633 2395/6509/614
f 2399/2485/598 2516/2484/598 2515/6510/629 2400/6490/618
f 2491/6511/509 2435/6512/508 2436/2470/590 2492/2682/591
f 2392/2464/584 2446/2463/583 2445/6513/672 2391/6514/594
f 2406/6515/660 2464/6516/196 2463/2652/696 2405/2568/656
f 2414/6517/580 2472/6518/695 2471/2543/636 2413/2542/635
f 2416/6519/667 2476/6520/668 2475/2547/640 2415/2546/639
f 2420/2564/652 2478/2588/653 2477/6521/665 2419/6522/666
f 2426/2575/661 2532/2672/702 2531/6523/498 2425/6524/621
f 2434/2473/592 2524/2472/591 2523/6525/685 2433/6526/686
f 2409/6495/579 2530/6527/578 2529/2496/606 2410/2495/605
f 2387/2530/584 2442/2529/583 2441/6528/672 2388/6488/594
f 2438/6529/544 2542/6530/1442 2541/2505/488 2437/2504/612
f 2407/6493/658 2528/6531/659 2527/2554/645 2408/2549/639
f 2558/6532/1443 3923/5517/1438 3925/2489/601 2559/2488/600
f 2560/2487/599 2377/2486/504 2376/4790/1337 2561/6533/1340
f 2479/6534/1444 2438/6529/544 2437/2504/612 2480/2667/700
f 2372/2412/550 3928/2411/549 3931/6535/553 2373/6536/576
f 2390/6537/603 2444/6538/602 2443/2528/582 2389/2527/585
f 2393/6487/603 2448/6539/602 2447/2462/582 2394/2465/585
f 2401/6503/687 2522/6540/688 2521/2483/597 2402/2482/596
f 2549/6541/693 2423/6542/694 2424/2518/622 2550/2540/623
f 2411/6501/638 2474/6543/637 2473/2515/620 2412/2514/619
f 2421/2521/625 2450/2520/624 2449/6544/672 2422/6498/594
f 2417/2563/651 2502/2566/654 2501/6545/697 2418/6496/603
f 2505/6546/697 2390/6537/603 2389/2527/585 2506/2583/669
f 2513/2654/587 2396/2468/588 2395/6509/614 2514/6547/613
f 2547/2659/699 2431/2523/626 2432/6548/691 2548/6549/704
f 2461/2683/705 2434/2473/592 2433/6526/686 2462/6550/685
f 3918/5515/676 2557/6551/678 2556/2560/648 3919/2559/648
f 2404/2569/657 2456/2653/657 2455/6552/633 2403/6553/614
f 2378/2594/504 2498/2593/504 2497/6554/1333 2379/4791/1336
f 2377/2486/504 3925/2489/601 3924/2557/646 2375/2558/647
f 3935/2635/690 3920/2634/689 3922/6555/706 3934/6556/679
f 2398/2469/589 2520/2655/586 2519/6557/629 2397/6558/618
f 2423/6542/694 2488/6559/693 2487/2519/623 2424/2518/622
f 3937/6560/545 3926/6561/44 3927/2414/552 3936/2413/551
f 2457/2466/586 2398/2469/589 2397/6558/618 2458/6562/674
f 2427/6505/609 2546/6563/198 2545/2673/703 2428/2578/664
f 2429/6507/609 2482/6564/608 2481/2666/487 2430/2503/611
f 2435/6512/508 2554/4794/518 2553/2471/591 2436/2470/590
f 2507/2676/670 2392/2464/584 2391/6514/594 2508/6565/593
f 2525/6566/196 2406/6515/660 2405/2568/656 2526/2567/655
f 2517/2570/657 2404/2569/657 2403/6553/614 2518/6567/675
f 2537/6568/668 2416/6519/667 2415/2546/639 2538/2553/644
f 2533/6569/581 2414/6517/580 2413/2542/635 2534/2585/636
f 2539/2565/653 2420/2564/652 2419/6522/666 2540/6570/665
f 2469/2576/662 2426/2575/661 2425/6524/621 2470/6571/498
f 2329/6572/556 2583/6573/555 2585/2436/562 2330/2435/561
f 2566/4798/1359 2579/2449/569 2580/6574/642 2564/4796/641
f 2573/6575/571 2349/4773/1356 2348/4772/1355 2574/2687/709
f 2569/6576/1360 2333/6577/710 2332/2425/559 2567/2424/558
f 2340/4769/1354 2566/6578/1359 2565/2420/554 2341/2423/557
f 2353/2438/564 2571/2437/563 2570/6579/1361 2351/6580/1440
f 2370/4788/1357 2576/6581/1363 2578/6582/1364 2371/48/35
f 2579/2449/569 2581/2448/568 2582/6583/713 2580/6574/642
f 2581/2448/568 2578/6582/1364 2577/6584/722 2582/6583/713
f 2584/2552/643 2572/2694/712 2571/4803/1362 2585/4809/562
f 2568/4800/724 2586/2708/723 2587/2686/708 2569/4801/1360
f 2586/2708/723 2575/2703/721 2574/2687/709 2587/2686/708
f 2575/4805/721 2588/6585/720 2589/2452/572 2573/2451/571
f 2588/2702/720 2577/2704/722 2576/6586/1363 2589/6587/572
f 2567/6588/558 2590/6589/1445 2591/6590/1446 2568/6591/724
f 2590/6592/1445 2594/4811/1366 2593/2701/719 2591/2700/1446
f 2596/2693/711 2593/2701/719 2592/4810/1365 2595/2447/567
f 2564/2550/641 2584/2552/643 2583/2421/555 2565/2420/554
f 2572/2694/712 2596/2693/711 2595/2447/567 2570/4802/1361
f 2609/4818/1368 2613/4820/1370 2616/3196/977 2610/3195/976
f 3913/2847/846 2602/2846/845 2601/6593/975 3911/6594/1436
f 2829/6595/965 2605/6596/968 2608/6597/1367 2826/6598/1373
f 2602/4815/845 2608/4817/1367 2607/2712/728 2603/2711/727
f 2624/4826/1245 2612/4819/1369 2611/3902/1194 2625/2735/747
f 3811/6599/1415 2647/6600/786 2646/2718/734 3812/2717/733
f 2738/2715/731 2626/2714/730 2625/6601/747 2739/6602/746
f 2737/6603/864 2622/6604/863 2621/2713/729 2734/2716/732
f 2652/2768/780 2643/2770/781 2645/2764/776 2650/2763/775
f 2725/3198/979 2598/3197/978 2597/4812/715 2722/4869/714
f 2642/6605/757 2648/6606/756 2647/2776/786 2641/2730/743
f 2643/2770/781 2635/2769/781 2634/4833/783 2644/4835/782
f 2651/4838/805 2631/4831/804 2633/2775/780 2652/2768/780
f 2635/2769/781 2633/2775/780 2632/4832/773 2636/4834/772
f 2654/6607/806 2651/4838/805 2650/2763/775 2653/2765/777
f 2631/6608/804 2656/6609/807 2655/2762/774 2632/2761/773
f 2701/2784/794 2714/2783/793 2717/2838/837 2698/2841/840
f 2660/6610/982 2668/6611/981 2672/2740/752 2657/2739/751
f 2682/6612/804 2661/6613/807 2662/3214/774 2683/3213/773
f 2664/2791/777 2665/2790/776 2667/4841/782 2663/6614/818
f 2710/4017/1321 2706/4016/1129 2709/4861/972 2711/4862/971
f 2726/2719/735 2646/2718/734 2649/6615/1001 2727/6616/1000
f 2605/4816/968 2708/4860/967 2707/2855/854 2606/2854/853
f 2765/6617/829 2742/4880/828 2741/2851/850 2763/2850/849
f 2712/4863/973 2601/4814/975 2604/4031/1327 2713/4030/1326
f 2693/2756/768 2623/2755/767 2622/4825/863 2691/4852/862
f 2736/3183/964 2744/3182/963 2747/4883/861 2737/4877/864
f 2677/2729/313 2671/2830/830 2670/6618/835 2676/6619/764
f 2742/6620/828 2689/6621/827 2688/2796/803 2743/2795/802
f 2834/3281/1056 2830/3280/1055 2833/4929/970 2835/4930/969
f 2702/2781/791 2701/2784/794 2700/4857/755 2703/4858/1371
f 2835/3188/969 2709/3191/972 2708/6622/967 2836/6623/966
f 2832/6624/1374 2712/6625/973 2711/3190/971 2833/3189/970
f 3050/2737/749 2672/2740/752 2671/6626/830 3049/6627/813
f 2683/4847/773 2685/4848/772 2687/2831/814 2684/4019/812
f 2666/2807/814 2687/2831/814 2686/4849/783 2667/4841/782
f 2715/2780/790 2627/2779/789 2630/6628/841 2716/6629/844
f 2628/3202/983 2660/3201/982 2659/2819/823 2629/2822/826
f 2675/4845/805 2682/4846/804 2684/4019/812 2673/2805/812
f 2665/2790/776 2674/2792/775 2673/2805/812 2666/2807/814
f 2689/6630/827 2705/6631/817 2704/6632/1372 2690/2880/875
f 2724/3903/1195 2611/3902/1194 2610/3195/976 2725/3198/979
f 2721/6633/795 2723/6634/796 2722/2696/714 2718/2699/717
f 2638/2883/878 2724/3903/1195 2723/4870/796 2637/6635/771
f 2640/2758/770 2721/2785/795 2720/4868/759 2639/6636/758
f 2648/2744/756 2720/2747/759 2719/3222/998 2649/3225/1001
f 2718/2699/717 2730/2698/716 2733/6637/999 2719/6638/998
f 2732/2821/825 2728/2820/824 2727/3224/1000 2733/3223/999
f 2615/2840/839 2599/2839/838 2598/3197/978 2616/3196/977
f 2600/2844/843 2731/2843/842 2730/4873/716 2597/6639/715
f 2691/6640/862 2747/6641/861 2746/2794/801 2692/2793/800
f 3889/6642/1432 2669/4842/799 2668/3200/981 3887/3199/980
f 2681/6643/852 2638/6644/878 2637/2759/771 2680/2725/741
f 2676/6619/764 2642/6605/757 2641/2730/743 2677/2729/313
f 2836/4931/966 2829/4927/965 2828/3061/945 2837/3060/944
f 2679/2726/742 2640/2758/770 2639/6636/758 2678/6645/765
f 2617/4822/809 2694/4854/808 2697/3181/962 2618/3180/961
f 2618/3180/961 2736/3183/964 2735/2860/859 2619/2859/858
f 2696/2849/848 2745/2852/851 2744/3182/963 2697/3181/962
f 2753/4887/874 2755/4888/873 2754/2832/831 2751/2835/834
f 2748/2834/833 2757/2833/832 2759/6646/811 2749/6647/810
f 2694/6648/808 2759/4891/811 2758/2868/867 2695/2867/866
f 2620/2874/869 2750/2877/872 2749/4885/810 2617/6649/809
f 2739/4879/746 2761/6650/748 2760/2858/857 2740/2861/860
f 2755/2878/873 2765/2829/829 2764/4895/865 2756/6651/868
f 2752/6652/871 2762/4893/870 2761/2736/748 2753/2879/874
f 2882/4956/124 2887/4958/123 2886/2873/99 2883/2872/98
f 2890/4960/70 2895/4962/69 2894/3040/117 2891/3039/116
f 2901/4965/128 2885/4957/127 2884/3086/4 2898/3085/3
f 2902/4966/133 2893/4961/132 2892/2887/109 2903/2886/108
f 2909/4969/124 2905/4967/123 2904/3102/99 2906/3101/98
f 2888/4959/133 2910/4970/132 2913/3110/109 2889/3109/108
f 2896/4963/128 2908/4968/127 2907/3118/4 2897/3117/3
f 2911/4971/70 2900/4964/69 2899/3122/117 2912/3121/116
f 3034/5048/125 2896/6653/128 2895/3157/69 3032/3156/19
f 3002/5027/134 2888/6654/133 2887/2995/123 3003/2908/12
f 3014/5035/125 2901/6655/128 2900/3130/69 3015/2936/404
f 2995/2907/14 2909/3128/124 2908/6656/127 2993/5021/126
f 2914/4972/124 2919/4974/123 2918/3028/99 2915/3027/98
f 2929/4979/128 2917/4973/127 2916/3090/4 2926/3089/3
f 2930/4980/133 2922/4976/132 2925/3082/109 2931/3081/108
f 2937/4984/124 2933/4981/123 2932/3106/99 2934/3105/98
f 2920/4975/133 2938/4985/132 2941/3114/109 2921/3113/108
f 2939/4986/70 2928/4978/69 2927/3048/117 2940/3047/116
f 2999/5025/130 2920/6657/133 2919/3159/123 3000/2905/12
f 3011/5033/129 2929/6658/128 2928/3136/69 3012/2910/884
f 2989/2944/14 2937/3139/124 2936/6659/1377 2987/5017/958
f 3130/3282/1057 2834/3281/1056 2837/3060/944 3127/3063/947
f 2827/2963/892 3119/2966/895 3122/3062/946 2828/3061/945
f 2830/3280/1055 3124/3283/1058 3123/2962/891 2831/2961/890
f 2854/2987/916 2858/2990/919 2861/6660/923 2855/6661/922
f 2865/6662/927 2860/6663/926 2859/2815/819 2862/2818/822
f 2869/6664/931 2864/6665/930 2863/2971/900 2866/2974/903
f 2867/3285/1060 2857/3284/1059 2856/6666/935 2868/6667/934
f 2841/6668/921 2843/6669/920 2842/4025/1149 2838/4024/1152
f 2846/2968/897 2845/2967/896 2844/6670/925 2847/6671/924
f 2850/2984/913 2849/2983/912 2848/6672/929 2851/6673/928
f 2852/6674/933 2840/6675/932 2839/2980/909 2853/2979/908
f 2860/2999/926 2844/2998/925 2843/2991/920 2861/2994/923
f 2840/3005/932 2856/3008/935 2855/2993/922 2841/2992/921
f 2864/3003/930 2848/3002/929 2847/2997/924 2865/3000/927
f 2868/3007/934 2852/3006/933 2851/3001/928 2869/3004/931
f 2870/4027/1151 2873/4026/1150 2875/4951/905 2871/6676/904
f 2878/4953/906 2875/6677/905 2874/2970/899 2876/2969/898
f 2881/6678/907 2878/6679/906 2877/2986/915 2879/2985/914
f 2880/2982/911 2872/2981/910 2871/4949/904 2881/4955/907
f 2838/6680/1152 2870/4948/1151 2872/2981/910 2839/2980/909
f 2879/2985/914 2850/2984/913 2853/6681/908 2880/6682/911
f 2849/6683/912 2877/4952/915 2876/2969/898 2846/2968/897
f 2873/4026/1150 2842/4025/1149 2845/6684/896 2874/4950/899
f 2773/6685/97 2767/6686/119 2766/3030/86 2770/3029/85
f 2785/6687/115 2787/6688/114 2786/3092/90 2782/3091/951
f 2777/3084/442 2772/3083/1 2771/4899/16 2774/4900/15
f 2797/2885/107 2784/2884/106 2783/4905/31 2794/4910/30
f 2793/6689/97 2796/6690/96 2795/3034/86 2790/3033/936
f 2768/3108/107 2779/3107/106 2778/4902/31 2769/4897/30
f 2788/3116/2 2792/3115/1 2791/4909/16 2789/4907/15
f 2780/6691/115 2776/6692/118 2775/3018/90 2781/3017/89
f 2805/6693/97 2799/6694/96 2798/3057/436 2802/3056/437
f 2809/6695/2 2804/6696/1 2803/2897/16 2806/2896/435
f 2825/6697/107 2815/6698/106 2814/2923/31 2822/2922/30
f 2821/6699/97 2824/6700/119 2823/3984/436 2818/3983/437
f 2800/6701/107 2811/6702/106 2810/3042/31 2801/3041/113
f 2812/6703/115 2808/6704/114 2807/3065/101 2813/3064/100
f 2889/3109/108 2768/3108/107 2767/2870/119 2886/2873/99
f 2772/3083/1 2884/3086/4 2883/2872/98 2773/2871/97
f 2897/3117/3 2788/3116/2 2787/3037/114 2894/3040/117
f 2784/2884/106 2892/2887/109 2891/3039/116 2785/3038/115
f 2776/3119/118 2899/3122/117 2898/3085/3 2777/3084/442
f 2796/3099/96 2904/3102/99 2903/2886/108 2797/2885/107
f 2792/3115/1 2907/3118/4 2906/3101/98 2793/3100/97
f 2912/3121/116 2780/3120/115 2779/3107/106 2913/3110/109
f 2921/3113/108 2800/3112/107 2799/3025/96 2918/3028/99
f 2804/3087/1 2916/3090/4 2915/3027/98 2805/3026/97
f 2815/3079/106 2925/3082/109 2924/3052/940 2816/3051/939
f 2808/3045/114 2927/3048/117 2926/3089/3 2809/3088/2
f 2824/3103/119 2932/3106/99 2931/3081/108 2825/3080/107
f 2820/3982/1302 2935/4982/1376 2934/3105/98 2821/3104/97
f 2940/3047/116 2812/3046/115 2811/3111/106 2941/3114/109
f 2942/3032/88 2945/3031/87 2947/4990/102 2943/4987/105
f 2948/3094/95 2951/3093/94 2953/4994/104 2949/6705/103
f 2954/6706/18 2944/6707/17 2943/3141/105 2955/3140/104
f 2957/6708/33 2950/6709/32 2949/3071/103 2958/3070/102
f 2960/3036/112 2959/3035/111 2958/4998/102 2961/6710/105
f 2946/6711/33 2963/6712/32 2965/3143/103 2947/3142/102
f 2952/6713/18 2962/6714/17 2961/3069/105 2953/3068/104
f 2964/3020/92 2956/3019/91 2955/4996/104 2965/5002/103
f 2966/3059/88 2969/3058/87 2971/5006/102 2967/6715/105
f 2975/2899/18 2968/2898/17 2967/5004/105 2976/6716/104
f 2978/2925/33 2973/2924/32 2972/5007/1447 2979/6717/949
f 2981/3986/88 2980/3985/87 2979/5012/949 2982/6718/948
f 2970/3044/33 2984/3043/32 2986/5016/103 2971/6719/102
f 3856/6720/1425 2983/3055/943 2982/5014/948 3854/6721/1424
f 2985/3067/92 2977/3066/91 2976/5010/104 2986/6722/103
f 2769/6723/30 2946/4989/33 2945/3031/87 2766/3030/86
f 2944/4988/17 2771/6724/16 2770/3029/85 2942/3032/88
f 2806/6725/435 2975/5009/18 2977/3066/91 2807/3065/101
f 2984/3043/32 2810/3042/31 2813/6726/100 2985/5015/92
f 2801/6727/113 2970/5005/33 2969/3058/87 2798/3057/436
f 2968/2898/17 2803/2897/16 2802/6728/437 2966/5003/88
f 2789/6729/15 2952/4993/18 2951/3093/94 2786/3092/90
f 2950/3015/32 2783/3014/31 2782/6730/951 2948/4991/95
f 2973/2924/32 2814/2923/31 2817/6731/952 2974/5008/955
f 2956/3019/91 2775/3018/90 2774/6732/15 2954/4995/18
f 2959/3035/111 2795/3034/86 2794/6733/30 2957/4997/33
f 2980/3985/87 2823/3984/436 2822/6734/30 2978/5011/33
f 2962/3023/17 2791/3022/16 2790/6735/936 2960/4999/112
f 2983/3055/943 2819/3054/942 2818/6736/437 2981/5013/88
f 2781/3017/89 2964/3020/92 2963/5001/32 2778/6737/31
f 2922/6738/132 2990/5019/131 2992/2947/886 2923/6739/1375
f 2893/6740/132 2996/5023/131 2998/2913/884 2890/3158/70
f 2917/6741/127 3005/5029/126 3007/2889/879 2914/3160/124
f 2885/6742/127 3008/5031/126 3010/2927/446 2882/2996/124
f 2938/6743/132 3017/5037/131 3019/2903/19 2939/3137/70
f 2910/6744/132 3020/5039/131 3022/3129/20 2911/3131/70
f 2933/3138/123 3023/3124/423 3025/5042/134 2930/6745/133
f 2905/3127/123 3029/2890/879 3031/5046/134 2902/6746/133
f 3033/2919/11 2994/2918/408 2993/6747/126 3034/6748/125
f 3016/2915/409 3009/2914/411 3008/6749/126 3014/6750/125
f 3028/2952/11 2988/2951/10 2987/6751/958 3026/6752/1378
f 3013/2893/881 3006/2892/880 3005/6753/126 3011/6754/129
f 2996/6755/131 3031/6756/134 3030/2895/883 2997/2894/882
f 3020/6757/131 3002/6758/134 3004/2921/9 3021/2920/8
f 2990/6759/131 3025/6760/134 3024/2930/26 2991/2929/29
f 3017/6761/131 2999/6762/130 3001/2954/9 3018/2953/8
f 2994/2918/408 3004/2921/9 3003/6763/12 2995/6764/14
f 3032/6765/19 3022/6766/20 3021/2920/8 3033/2919/11
f 3006/2892/880 3030/2895/883 3029/6767/879 3007/6768/879
f 3012/6769/884 2998/6770/884 2997/2894/882 3013/2893/881
f 2988/2951/10 3001/2954/9 3000/6771/12 2989/6772/14
f 3027/6773/19 3019/6774/19 3018/2953/8 3028/2952/11
f 3009/2914/411 3036/2917/23 3035/6775/460 3010/6776/446
f 3037/2916/24 3016/2915/409 3015/6777/404 3038/6778/885
f 2626/6779/730 2621/4824/729 2623/2755/767 2624/3910/1245
f 2734/4876/732 2738/4878/731 2740/2861/860 2735/2860/859
f 2745/6780/851 2741/6781/850 2743/2795/802 2746/2794/801
f 2690/6782/875 2693/6783/768 2692/2793/800 2688/2796/803
f 2750/6784/872 2752/4886/871 2751/2835/834 2748/2834/833
f 2757/4890/832 2754/6785/831 2756/2869/868 2758/2868/867
f 2619/2859/858 2760/2858/857 2762/6786/870 2620/4823/869
f 2695/2867/866 2764/2866/865 2763/6787/849 2696/6788/848
f 2644/4835/782 2654/6607/785 2653/2765/777 2645/2764/776
f 2636/2760/772 2655/2762/774 2656/6609/784 2634/6789/783
f 2674/2792/775 2664/2791/777 2663/6614/806 2675/4845/805
f 2685/3215/772 2662/3214/774 2661/6613/784 2686/6790/783
f 2698/2841/840 2615/2840/839 2614/4821/760 2699/4856/763
f 2716/4865/844 2600/4813/843 2599/2839/838 2717/2838/837
f 2629/4830/826 2732/4874/825 2731/2843/842 2630/2842/841
f 2658/3212/991 2729/3211/990 2728/6791/824 2659/6792/823
f 3054/2738/750 3042/3217/993 3041/6793/986 3053/6794/989
f 3048/3209/988 3046/3208/987 3045/6795/1063 3047/6796/1065
f 2729/3211/990 3048/3209/988 3047/6796/1065 2726/6797/735
f 3043/3216/992 3050/2737/749 3049/6627/813 3044/6798/984
f 3039/6799/985 3051/6800/779 3052/3290/255 3040/3289/1064
f 2657/2739/751 3054/2738/750 3053/6794/989 2658/6801/991
f 3063/3232/1008 3059/3231/1007 3062/6802/1025 3064/5053/1028
f 3061/2710/726 3067/2709/725 3070/5057/1026 3062/5052/1025
f 3069/3226/1002 3075/3229/1005 3078/5062/1027 3070/6803/1026
f 3077/6804/1030 3065/6805/1029 3064/3252/1028 3078/3251/1027
f 3055/3220/996 3066/3219/995 3065/3253/1029 3056/3256/1032
f 3076/3234/1010 3071/3237/1013 3074/3255/1031 3077/3254/1030
f 3073/2733/745 3057/6806/1379 3056/6807/1032 3074/6808/1031
f 3068/2857/856 3079/2856/855 3082/5064/1003 3069/5056/1002
f 3081/6809/1016 3087/5067/1015 3090/3228/1004 3082/3227/1003
f 3089/5069/1011 3076/5060/1010 3075/3229/1005 3090/3228/1004
f 3088/3247/1023 3083/3246/1022 3086/3236/1012 3089/3235/1011
f 3085/2750/762 3072/2749/761 3071/6810/1013 3086/6811/1012
f 3099/3218/994 3095/3221/997 3098/3245/1021 3100/3248/1024
f 3097/6812/1381 3084/6813/1380 3083/6814/1022 3098/6815/1021
f 3087/3239/1015 3101/3238/1014 3100/6816/1024 3088/6817/1023
f 3091/3230/1006 3102/3233/1009 3101/5076/1014 3092/6818/1017
f 3080/4015/1128 3093/4018/1131 3092/5071/1017 3081/5063/1016
f 3094/4029/1066 3060/4028/1069 3059/5051/1007 3091/5070/1006
f 3066/5055/995 3099/5074/994 3102/3233/1009 3063/3232/1008
f 3058/2754/766 3096/2757/769 3095/6819/997 3055/6820/996
f 3743/6821/1403 3058/6822/766 3057/6806/1379 3741/2732/744
f 3072/2749/761 2614/2748/760 2613/6823/1370 3073/6824/745
f 2606/2854/853 3068/2857/856 3067/2709/725 2607/2712/728
f 3060/4028/1069 2604/4031/1327 2603/2711/727 3061/2710/726
f 3093/4018/1131 2710/4017/1321 2713/4030/1326 3094/4029/1066
f 2706/4016/1129 3080/4015/1128 3079/2856/855 2707/2855/854
f 3084/6813/1380 2700/2743/755 2699/6825/763 3085/6826/762
f 3767/2881/876 2704/6632/1372 2703/6827/1371 3765/6828/1409
f 3103/5077/1382 3107/3244/1020 3110/6829/918 3104/5078/917
f 3114/2817/821 3109/2816/820 3108/5081/1042 3111/6830/1042
f 3118/5086/902 3113/5083/901 3112/3257/1033 3115/3260/1033
f 3116/6831/887 3106/6832/887 3105/3287/1062 3117/3286/1061
f 2866/2974/903 3118/2973/902 3117/6833/1061 2867/6834/1060
f 3104/6835/917 2854/6836/916 2857/3284/1059 3105/3287/1062
f 2858/2990/919 3110/2989/918 3109/6837/820 2859/6838/819
f 3113/6839/901 2863/6840/900 2862/2818/822 3114/2817/821
f 3129/3277/1052 3125/3276/1051 3124/6841/1058 3130/6842/1057
f 3127/6843/947 3122/6844/946 3121/3262/1037 3128/3261/1036
f 3134/3278/1053 3129/3277/1052 3128/6845/1036 3131/6846/1039
f 3120/3272/1047 3135/3275/1050 3138/6847/1038 3121/6848/1037
f 3125/6849/1051 3140/5099/1054 3139/3271/1046 3126/3270/1045
f 3133/3259/1035 3141/3258/1034 3140/6850/1054 3134/6851/1053
f 3131/3264/1039 3138/3263/1038 3137/5098/23 3132/5093/23
f 3115/3260/1033 3133/3259/1035 3132/2957/23 3116/2956/887
f 3136/6852/1383 3103/5077/1382 3106/2955/887 3137/2958/23
f 3141/3258/1034 3112/3257/1033 3111/3267/1042 3142/3266/1041
f 3158/3426/1124 3160/3429/1127 3159/5110/755 3155/5108/1384
f 3379/3635/1056 3383/3638/1055 3386/5223/1115 3380/5220/969
f 3385/6853/1190 3147/6854/973 3150/3386/971 3386/3385/1115
f 3380/3384/969 3152/3387/972 3151/6855/967 3381/6856/966
f 3149/3432/1130 3153/3431/1129 3152/5107/972 3150/5105/971
f 3172/6857/1079 3157/6858/1205 3156/6859/1385 3170/6860/1386
f 3785/5451/1412 3192/6861/1387 3195/6862/1104 3783/5449/1114
f 3293/6863/828 3172/6864/1079 3171/3302/803 3291/3301/802
f 3287/3300/801 3167/3299/1070 3169/6865/862 3288/6866/861
f 3198/3352/776 3189/3354/775 3191/3807/1196 3196/3808/1197
f 3275/4020/1322 3143/4023/1325 3146/6867/1126 3276/6868/1125
f 3188/3315/313 3195/3363/1104 3194/6869/1085 3187/6870/757
f 3779/5446/1106 3180/5123/1109 3182/3364/1105 3777/5445/1410
f 3793/5453/1413 3178/3362/1103 3177/5121/1096 3794/5454/1099
f 3181/5124/773 3179/5122/772 3178/3362/1103 3182/3364/1105
f 3200/3353/1095 3198/3352/776 3197/5128/1083 3199/6871/1082
f 3179/3932/772 3201/3931/774 3202/6872/1097 3177/6873/1096
f 3251/3781/839 3267/3780/838 3270/3330/978 3252/3329/977
f 3211/3787/717 3174/3786/716 3173/6874/999 3212/6875/998
f 3234/6876/878 3207/6877/1195 3210/3439/1132 3233/3346/771
f 3203/3350/1093 3223/3349/1092 3222/6878/1135 3204/6879/1000
f 3237/3292/772 3215/3294/774 3216/6880/784 3235/6881/783
f 3218/6882/806 3220/5136/805 3219/3376/775 3217/3378/1095
f 3266/5157/1188 3260/5154/1187 3259/3397/1119 3263/3396/1118
f 3282/6883/1200 3193/6884/1199 3192/6861/1387 3279/3359/1100
f 3390/5225/1191 3385/5222/1190 3384/3542/1144 3387/3545/1147
f 3154/3440/854 3262/3443/853 3261/5155/968 3151/5106/967
f 3316/3437/857 3294/3436/860 3296/5175/746 3317/6885/748
f 3264/3297/1068 3148/3296/1067 3147/5104/973 3265/5156/1192
f 3246/5147/863 3169/5115/862 3168/3338/768 3244/3343/767
f 3288/5171/861 3298/5176/864 3297/3462/964 3289/3461/963
f 3230/6886/757 3225/6887/756 3224/3417/1123 3229/3316/313
f 3295/3381/731 3241/3380/730 3243/6888/747 3296/6889/746
f 3208/3331/979 3270/3330/978 3269/5159/715 3209/5131/714
f 3394/5227/1186 3389/5224/1189 3388/3859/1209 3391/3862/1212
f 3255/5152/1389 3253/5150/1388 3252/3329/977 3256/3328/1084
f 3393/6890/965 3261/6891/968 3260/3773/1187 3394/3772/1186
f 3389/3775/1189 3266/3774/1188 3265/6892/1192 3390/6893/1191
f 3607/6894/1117 3224/6895/1123 3223/3349/1092 3606/3348/1091
f 3236/3374/781 3239/3416/1116 3238/5142/773 3237/5141/772
f 3220/5136/805 3240/5143/804 3239/3416/1116 3221/3392/1116
f 3268/3423/843 3175/3422/842 3174/5119/716 3269/6896/715
f 3176/3413/825 3205/3412/824 3204/3472/1000 3173/3471/999
f 3225/3406/756 3213/3407/759 3212/3470/998 3222/3473/1135
f 3228/3375/781 3236/3374/781 3235/5140/783 3226/5139/782
f 3221/3392/1116 3228/3375/781 3227/3377/776 3219/3376/775
f 3242/3468/1133 3258/6897/1390 3257/6898/1194 3243/6899/747
f 3276/3427/1125 3158/3426/1124 3157/3846/1205 3277/3845/1204
f 3271/5160/1323 3275/6900/1322 3278/3373/1113 3272/3372/1112
f 3214/6901/795 3210/6902/1132 3209/3784/714 3211/3787/717
f 3207/3800/1195 3257/3799/1194 3256/3328/1084 3208/3331/979
f 3184/3345/771 3278/3373/1113 3277/6903/1204 3183/6904/878
f 3186/6905/758 3273/5161/1086 3272/3372/1112 3185/3344/770
f 3193/3810/1199 3274/3809/1198 3273/3333/1086 3194/3332/1085
f 3274/6906/1198 3284/6907/1201 3283/4022/1324 3271/4021/1323
f 3284/3812/1201 3282/3811/1200 3281/3415/823 3285/3414/1122
f 3160/3429/1127 3146/3428/1126 3145/3783/837 3161/3782/840
f 3143/4023/1325 3283/4022/1324 3286/6908/841 3144/6909/844
f 3245/3379/729 3299/3382/732 3298/6910/864 3246/6911/863
f 3232/3347/770 3214/3438/795 3213/5135/759 3231/6912/758
f 3233/3346/771 3184/3345/771 3183/6904/878 3234/6876/878
f 3229/3316/313 3188/3315/313 3187/6870/757 3230/6886/757
f 3392/3878/945 3382/3881/944 3381/5221/966 3393/5226/965
f 3231/6912/758 3186/6905/758 3185/3344/770 3232/3347/770
f 3166/3460/962 3248/3463/961 3247/5148/809 3163/5112/808
f 3165/3767/848 3290/3766/851 3289/3461/963 3166/3460/962
f 3248/3463/961 3297/3462/964 3300/3435/859 3249/3434/858
f 3304/3419/831 3307/3418/834 3309/5183/874 3305/5180/873
f 3303/6913/811 3311/6914/810 3310/3421/833 3301/3420/832
f 3250/3455/869 3312/3454/872 3311/5185/810 3247/6915/809
f 3163/6916/808 3303/5179/811 3302/3445/867 3164/3444/866
f 3292/3765/850 3313/3764/849 3315/6917/1078 3293/5173/828
f 3308/6918/871 3318/5189/870 3317/3312/748 3309/3465/874
f 3305/3464/873 3315/3322/1078 3314/5187/865 3306/6919/868
f 3442/3458/99 3443/3457/98 3446/5255/124 3439/5252/123
f 3451/3667/109 3441/3666/108 3440/5253/133 3452/5258/132
f 3458/3675/4 3448/3674/3 3447/5256/128 3455/5260/127
f 3459/3683/99 3457/3682/98 3456/5261/124 3460/5262/123
f 3444/3520/4 3464/3519/3 3463/5264/128 3445/5254/127
f 3835/4009/1315 3462/4008/1314 3461/5263/1183 3836/6920/1182
f 3465/3706/117 3454/3705/116 3453/5259/70 3466/5265/69
f 3561/3498/14 3446/3575/124 3445/6921/127 3559/5322/126
f 3573/3522/6 3453/3761/70 3452/6922/132 3571/5330/131
f 3552/5317/1184 3461/6923/1183 3460/3711/123 3550/3499/14
f 3470/3613/99 3471/3612/98 3474/5269/124 3467/5266/123
f 3478/3663/117 3479/3662/116 3482/5273/70 3475/5270/69
f 3483/3671/109 3469/3670/108 3468/5267/133 3484/5274/132
f 3490/3679/4 3477/3678/3 3476/5271/128 3487/5276/127
f 3491/3687/99 3489/3686/98 3488/5277/124 3492/5278/123
f 3472/3488/4 3496/3487/3 3495/5280/128 3473/5268/127
f 3480/3702/109 3494/3701/108 3493/5279/133 3481/5272/132
f 3497/3629/117 3486/3628/116 3485/5275/70 3498/5281/69
f 3585/3490/19 3482/3754/70 3481/6924/132 3583/5338/131
f 3558/3494/12 3474/3714/124 3473/6925/127 3556/5320/126
f 3570/3500/884 3485/3726/70 3484/6926/132 3568/5328/131
f 3546/5313/130 3493/6927/133 3492/3723/123 3544/3527/12
f 3688/3879/946 3392/3878/945 3391/3862/1212 3689/3861/1211
f 3382/3881/944 3676/3880/947 3679/3636/1057 3379/3635/1056
f 3680/3543/1145 3384/3542/1144 3383/3638/1055 3681/3637/1058
f 3387/3545/1147 3685/3544/1146 3684/3860/1210 3388/3859/1209
f 3414/6928/931 3416/6929/930 3415/3567/1153 3411/3566/903
f 3419/3403/819 3418/3402/822 3417/6930/927 3420/6931/926
f 3423/3551/916 3422/3550/919 3421/6932/1155 3424/6933/922
f 3425/6934/935 3413/6935/934 3412/3882/1060 3426/3885/1059
f 3395/3538/913 3399/3541/912 3402/6936/929 3396/6937/928
f 3406/6938/925 3401/6939/924 3400/3570/1154 3403/3573/896
f 3410/6940/921 3405/6941/920 3404/3562/1149 3407/3565/1152
f 3408/3558/1148 3398/3561/908 3397/6942/933 3409/6943/932
f 3416/3585/930 3402/3584/929 3401/3579/924 3417/3578/927
f 3396/3587/928 3414/3586/931 3413/3547/934 3397/3546/933
f 3420/3577/926 3406/3576/925 3405/3583/920 3421/3582/1155
f 3424/3581/922 3410/3580/921 3409/3549/932 3425/3548/935
f 3429/6944/907 3431/6945/906 3430/3540/915 3427/3539/914
f 3433/3572/899 3432/3571/898 3431/5247/906 3434/6946/905
f 3436/3564/1151 3435/3563/1150 3434/5249/905 3437/6947/904
f 3437/5251/904 3429/5245/907 3428/3560/911 3438/3559/910
f 3398/6948/908 3428/6949/911 3427/3539/914 3395/3538/913
f 3438/3559/910 3408/3558/1148 3407/6950/1152 3436/5250/1151
f 3403/6951/896 3433/5248/899 3435/3563/1150 3404/3562/1149
f 3432/3571/898 3400/3570/1154 3399/6952/912 3430/5246/915
f 3323/3689/86 3319/3692/85 3322/6953/97 3324/6954/119
f 3327/5194/1167 3326/5193/30 3325/3665/1174 3328/3668/1175
f 3343/5202/16 3335/5198/15 3338/3673/2 3344/3676/1
f 3339/4003/86 3346/4006/936 3345/6955/97 3340/6956/96
f 3320/5191/16 3331/5196/15 3334/3518/442 3321/3521/1
f 3877/5492/1163 3342/5201/1166 3341/4007/1313 3878/4010/1316
f 3332/3595/90 3330/3598/89 3329/6957/115 3333/6958/118
f 3351/3693/436 3347/3696/437 3350/6959/97 3352/6960/96
f 3363/3512/90 3367/3515/89 3370/6961/115 3364/6962/114
f 3355/3639/31 3354/3642/30 3353/6963/107 3356/6964/106
f 3375/3623/16 3366/3626/435 3365/6965/2 3376/6966/1
f 3371/3643/436 3378/3646/437 3377/6967/97 3372/6968/96
f 3348/3619/16 3359/3622/435 3362/6969/2 3349/6970/1
f 3368/3631/31 3374/3634/113 3373/6971/107 3369/6972/106
f 3360/3647/101 3358/3650/100 3357/6973/115 3361/6974/114
f 3443/3457/98 3322/3456/97 3321/3521/1 3444/3520/4
f 3324/3459/119 3442/3458/99 3441/3666/108 3325/3665/1174
f 3337/3477/1139 3449/3476/1138 3448/3674/3 3338/3673/2
f 3328/3668/1175 3451/3667/109 3454/3705/116 3329/3704/115
f 3344/3676/1 3458/3675/4 3457/3682/98 3345/3681/97
f 3340/3684/96 3459/3683/99 3462/4008/1314 3341/4007/1313
f 3464/3519/3 3334/3518/442 3333/3707/118 3465/3706/117
f 3471/3612/98 3350/3611/97 3349/3489/1 3472/3488/4
f 3352/3614/96 3470/3613/99 3469/3670/108 3353/3669/107
f 3479/3662/116 3370/3661/115 3369/3703/106 3480/3702/109
f 3364/3664/114 3478/3663/117 3477/3678/3 3365/3677/2
f 3356/3672/106 3483/3671/109 3486/3628/116 3357/3627/115
f 3376/3680/1 3490/3679/4 3489/3686/98 3377/3685/97
f 3372/3688/96 3491/3687/99 3494/3701/108 3373/3700/107
f 3496/3487/3 3362/3486/2 3361/3630/114 3497/3629/117
f 3501/5283/102 3503/5284/105 3502/3691/88 3499/3690/87
f 3510/3755/103 3501/3758/102 3500/6975/33 3508/6976/32
f 3513/3652/1169 3505/6977/1448 3507/6978/18 3511/6979/17
f 3516/5293/1170 3513/6980/1169 3512/4005/112 3514/4004/111
f 3503/3757/105 3518/3756/104 3517/6981/18 3504/6982/17
f 3873/5490/1429 3516/3653/1170 3515/6983/1165 3871/5489/1164
f 3518/5295/104 3510/5289/103 3509/3597/92 3519/3596/91
f 3522/5297/102 3524/6984/105 3523/3695/88 3520/3694/87
f 3528/5301/104 3530/6985/103 3529/3514/92 3526/3513/91
f 3534/5305/103 3522/6986/102 3521/3641/33 3532/3640/32
f 3537/5307/105 3528/6987/104 3527/3625/18 3535/3624/17
f 3540/5309/102 3537/6988/105 3536/3645/88 3538/3644/87
f 3524/5299/105 3542/6989/104 3541/3621/18 3525/3620/17
f 3530/5303/103 3540/6990/102 3539/3633/33 3531/3632/32
f 3542/5311/104 3534/6991/103 3533/3649/92 3543/3648/91
f 3319/3692/85 3502/3691/88 3504/5285/17 3320/6992/16
f 3499/3690/87 3323/3689/86 3326/6993/30 3500/5282/33
f 3358/6994/100 3533/5304/92 3532/3640/32 3355/3639/31
f 3543/3648/91 3360/3647/101 3359/6995/435 3541/5310/18
f 3347/6996/437 3523/5298/88 3525/3620/17 3348/3619/16
f 3520/3694/87 3351/3693/436 3354/6997/30 3521/5296/33
f 3506/3600/1160 3336/3599/1159 3335/6998/15 3507/5287/18
f 3367/6999/89 3529/5302/92 3531/3632/32 3368/3631/31
f 3526/3513/91 3363/3512/90 3366/7000/435 3527/5300/18
f 3508/5288/32 3327/7001/1167 3330/3598/89 3509/3597/92
f 3511/3616/17 3343/3615/16 3346/7002/936 3512/5290/112
f 3535/3624/17 3375/3623/16 3378/7003/437 3536/5306/88
f 3514/4004/111 3339/4003/86 3342/7004/1166 3515/5292/1165
f 3538/3644/87 3371/3643/436 3374/7005/113 3539/5308/33
f 3331/7006/15 3517/5294/18 3519/3596/91 3332/3595/90
f 3475/3753/69 3548/2948/121 3547/5314/129 3476/7007/128
f 3450/7008/1391 3553/3501/1141 3555/5319/129 3447/7009/128
f 3467/3713/123 3562/3481/1140 3564/5325/130 3468/7010/133
f 3439/3574/123 3565/3517/122 3567/5327/130 3440/7011/133
f 3498/3725/69 3575/3491/20 3574/5332/129 3495/7012/128
f 3466/3760/69 3578/3759/20 3577/5334/129 3463/7013/128
f 3487/7014/127 3580/5336/126 3582/3123/34 3488/3724/124
f 3455/7015/127 3586/5340/126 3588/3480/879 3456/3712/124
f 3589/7016/1392 3552/7017/1184 3551/3508/9 3590/3511/25
f 3571/7018/131 3567/7019/130 3566/3504/22 3572/3507/21
f 3583/7020/131 3546/7021/130 3545/3530/9 3584/3533/8
f 3568/7022/131 3564/7023/130 3563/3482/883 3569/3485/882
f 3554/3484/881 3587/3483/880 3586/7024/126 3555/7025/129
f 3579/3510/11 3560/3509/10 3559/7026/126 3577/7027/129
f 3549/2928/28 3581/2931/27 3580/7028/126 3547/7029/129
f 3576/3532/11 3557/3531/10 3556/7030/126 3574/7031/129
f 3550/7032/14 3561/7033/14 3560/3509/10 3551/3508/9
f 3590/3511/25 3579/3510/11 3578/7034/20 3591/7035/1181
f 3562/7036/1140 3588/7037/879 3587/3483/880 3563/3482/883
f 3569/3485/882 3554/3484/881 3553/7038/1141 3570/7039/884
f 3544/7040/12 3558/7041/12 3557/3531/10 3545/3530/9
f 3584/3533/8 3576/3532/11 3575/7042/20 3585/7043/19
f 3565/7044/122 3593/7045/460 3592/3505/23 3566/3504/22
f 3594/7046/7 3573/7047/6 3572/3507/21 3595/3506/1143
f 3548/7048/121 2992/7049/886 2991/2929/29 3549/2928/28
f 3581/2931/27 3024/2930/26 3023/7050/423 3582/7051/34
f 3170/7052/1386 3168/7053/768 3167/3299/1070 3171/3302/803
f 3290/7054/851 3292/7055/850 3291/3301/802 3287/3300/801
f 3299/5177/732 3295/5174/731 3294/3436/860 3300/3435/859
f 3241/7056/730 3245/5146/729 3244/3343/767 3242/3468/1133
f 3301/5178/832 3304/7057/831 3306/3446/868 3302/3445/867
f 3312/7058/872 3308/5182/871 3307/3418/834 3310/3421/833
f 3164/3444/866 3314/3447/865 3313/7059/849 3165/7060/848
f 3249/3434/858 3316/3437/857 3318/7061/870 3250/5149/869
f 3189/3354/775 3200/3353/1095 3199/6871/1072 3190/5125/1071
f 3180/7062/1109 3202/6872/1108 3201/3931/774 3181/3930/773
f 3226/5139/782 3218/6882/818 3217/3378/1095 3227/3377/776
f 3240/7063/804 3216/6880/807 3215/3294/774 3238/3293/773
f 3254/5151/760 3162/5111/763 3161/3782/840 3251/3781/839
f 3267/3780/838 3145/3783/837 3144/5103/844 3268/5158/843
f 3175/3422/842 3286/3425/841 3285/5169/1122 3176/5120/825
f 3205/7064/824 3281/7065/823 3280/3798/991 3206/3797/990
f 3611/3794/988 3599/3793/987 3598/7066/1063 3610/7067/1094
f 3605/3887/1225 3603/3886/1224 3602/7068/986 3604/7069/989
f 3279/3359/1100 3605/3887/1225 3604/7069/989 3280/7070/991
f 3600/7071/985 3607/6894/1117 3606/3348/1091 3601/3801/1064
f 3596/3889/992 3608/3888/1226 3609/7072/1193 3597/7073/984
f 3206/3797/990 3611/3794/988 3610/7067/1094 3203/7074/1093
f 3623/5350/1203 3617/7075/1017 3616/3820/1006 3620/3819/1009
f 3617/5347/1017 3625/5351/1016 3624/3430/1128 3618/3433/1131
f 3625/7076/1016 3633/5355/1015 3632/3814/1004 3626/3813/1003
f 3633/3839/1015 3623/3838/1203 3622/7077/1024 3634/7078/1023
f 3615/3842/1021 3622/3841/1024 3621/3806/994 3612/3805/997
f 3634/3844/1023 3629/3843/1022 3628/3822/1012 3635/3821/1011
f 3629/7079/1022 3615/7080/1021 3614/7081/1393 3630/3319/1076
f 3626/5352/1003 3637/5358/1002 3636/3442/856 3627/3441/855
f 3637/3816/1002 3645/3815/1005 3644/5362/1027 3638/7082/1026
f 3645/3815/1005 3632/3814/1004 3635/5357/1011 3646/5363/1010
f 3646/3824/1010 3641/3823/1013 3640/3836/1031 3647/3835/1030
f 3641/7083/1013 3628/7084/1012 3631/3310/762 3642/3309/1075
f 3659/3834/1029 3653/3833/1032 3652/3804/996 3656/3803/995
f 3653/7085/1032 3640/7086/1031 3643/3371/745 3654/7087/1394
f 3647/7088/1030 3659/7089/1029 3658/3825/1028 3644/3828/1027
f 3651/7090/1025 3658/5370/1028 3657/3818/1008 3648/3817/1007
f 3638/5359/1026 3651/5366/1025 3650/3395/726 3639/3394/725
f 3648/5365/1007 3616/5346/1006 3619/3295/1066 3649/3298/1069
f 3620/3819/1009 3657/3818/1008 3656/5369/995 3621/5348/994
f 3612/7091/997 3652/7092/996 3655/3342/1090 3613/3341/1089
f 3725/7093/1398 3614/7081/1393 3613/7094/1089 3723/7095/1088
f 3630/3319/1076 3159/3318/755 3162/7096/763 3631/7097/762
f 3153/3431/1129 3624/3430/1128 3627/3441/855 3154/3440/854
f 3618/3433/1131 3149/3432/1130 3148/3296/1067 3619/3295/1066
f 3649/3298/1069 3264/3297/1068 3263/3396/1118 3650/3395/726
f 3262/3443/853 3636/3442/856 3639/3394/725 3259/3397/1119
f 3642/3309/1075 3254/3308/760 3253/7098/1388 3643/7099/745
f 3711/7100/1389 3255/7101/1389 3258/7102/1390 3712/7103/1396
f 3663/5373/902 3665/5374/901 3664/3830/1033 3660/3829/1033
f 3668/7104/1042 3667/7105/1042 3666/3405/1121 3669/3404/1120
f 3672/3848/1206 3671/3847/1206 3670/5377/918 3673/5378/917
f 3674/3884/1062 3662/3883/1061 3661/7106/887 3675/7107/887
f 3426/3885/1059 3674/3884/1062 3673/7108/917 3423/7109/916
f 3662/7110/1061 3412/7111/1060 3411/3566/903 3663/3569/902
f 3418/3402/822 3666/3405/1121 3665/7112/901 3415/7113/1153
f 3669/7114/1120 3419/7115/819 3422/3550/919 3670/3553/918
f 3678/3851/1052 3682/3854/1051 3681/7116/1058 3679/7117/1057
f 3685/7118/1146 3680/7119/1145 3683/3866/1216 3686/3869/1219
f 3689/7120/1211 3684/7121/1210 3687/3870/1220 3690/3873/1223
f 3691/3874/1037 3677/3877/1036 3676/7122/947 3688/7123/946
f 3692/7124/1038 3691/7125/1037 3690/3873/1223 3693/3872/1222
f 3677/7126/1036 3696/7127/1039 3699/3852/1053 3678/3851/1052
f 3700/3867/1217 3683/3866/1216 3682/7128/1051 3701/5394/1054
f 3686/7129/1219 3705/7130/1218 3704/3871/1221 3687/3870/1220
f 3698/7131/1035 3702/7132/1202 3701/3853/1054 3699/3852/1053
f 3705/3868/1218 3700/3867/1217 3703/5396/24 3706/5398/24
f 3693/7133/1222 3704/7134/1221 3707/3850/1208 3694/3849/1207
f 3695/5390/23 3697/5391/23 3696/3876/1039 3692/3875/1038
f 3675/3537/887 3695/3536/23 3694/3849/1207 3672/3848/1206
f 3697/3535/23 3661/3534/887 3660/3829/1033 3698/3832/1035
f 3667/3855/1042 3703/3858/24 3702/3831/1202 3664/3830/1033
f 3706/3857/24 3668/3856/1042 3671/3847/1206 3707/3850/1208
f 3654/7087/1394 3708/3370/1111 3710/7135/1395 3655/7136/1090
f 3716/3863/1213 3717/3865/1215 3719/3892/1229 3714/3891/1228
f 3709/5401/1214 3716/5407/1213 3715/3469/1134 3710/5402/1395
f 3714/5406/1228 3713/5405/1227 3712/5404/1396 3715/3469/1134
f 3713/3890/1227 3719/3892/1229 3718/3369/1110 3711/7100/1389
f 3717/3865/1215 3709/3864/1214 3708/3370/1111 3718/3369/1110
f 3155/7137/1384 3721/5409/1077 3720/5408/1397 3156/6859/1385
f 3726/3899/1236 3730/3901/1238 3729/3895/1232 3727/3894/1231
f 3721/3320/1077 3728/5413/1399 3727/3894/1231 3722/3893/1230
f 3728/5413/1399 3725/7093/1398 3724/3900/1237 3726/3899/1236
f 3723/3337/1088 3731/3336/1087 3730/5415/1238 3724/5411/1237
f 3731/3336/1087 3720/5408/1397 3722/5410/1230 3729/5414/1232
f 2612/7138/1369 3732/7139/1400 3734/7140/1401 2609/7141/1368
f 3746/3911/1246 3754/3914/1249 3753/5431/1242 3744/7142/1241
f 3737/5419/1402 3734/7140/1401 3733/3897/1234 3735/3896/1233
f 3732/5416/1400 3739/3909/1244 3738/5420/1235 3733/5417/1234
f 3747/3920/1255 3751/3919/1254 3750/3913/1248 3748/3912/1247
f 3739/3909/1244 3756/5432/1406 3758/5434/1252 3740/5421/1251
f 3745/3908/1243 3749/5429/1404 3748/5428/1247 3746/5426/1246
f 3749/5429/1404 3743/5424/1403 3742/5423/1256 3747/5427/1255
f 3741/2732/744 3752/5430/1405 3751/3919/1254 3742/3921/1256
f 3752/5430/1405 3755/2731/255 3754/3914/1249 3750/3913/1248
f 3759/5435/1407 3737/5419/1402 3736/3915/1250 3760/3918/1253
f 3735/3896/1233 3738/3898/1235 3740/3916/1251 3736/3915/1250
f 3757/7143/1240 3761/5436/1239 3760/3918/1253 3758/3917/1252
f 3744/5425/1241 3757/5433/1240 3756/5432/1406 3745/3908/1243
f 3755/2731/255 3759/5435/1407 3761/5436/1239 3753/5431/1242
f 3096/2757/769 3763/7144/1408 3762/7145/753 3097/7146/1381
f 3773/2720/736 3768/2722/738 3770/3924/1259 3771/3923/1258
f 3766/3922/1257 3770/3924/1259 3769/2882/877 3767/2881/876
f 3768/2722/738 3764/2721/737 3763/7144/1408 3769/2882/877
f 3764/5438/737 3773/5443/736 3772/2742/754 3762/2741/753
f 3771/5442/1258 3766/5440/1257 3765/5439/1409 3772/2742/754
f 3190/5125/1071 3775/5444/1074 3774/3929/1263 3191/3807/1196
f 3608/3888/1226 3780/7147/1411 3782/7148/1264 3609/7072/1193
f 3196/3808/1197 3791/3935/1266 3790/5452/1080 3197/5128/1083
f 3787/3926/1261 3776/3925/1260 3775/3306/1074 3786/3305/1073
f 3778/3968/1274 3788/3967/1292 3789/3366/1107 3779/3365/1106
f 3781/5448/1271 3796/3942/1270 3797/3934/1265 3782/3933/1264
f 3796/3942/1270 3792/3949/1279 3791/3935/1266 3797/3934/1265
f 3792/7149/1279 3787/7150/1293 3786/3325/1081 3790/3324/1080
f 3788/7151/1277 3795/7152/1276 3794/3358/1099 3789/3357/1098
f 3784/5450/1290 3800/7153/1286 3801/7154/1101 3785/5451/1412
f 3800/7153/1286 3802/3964/1285 3803/3360/1101 3801/7154/1101
f 3802/3964/1285 3804/3941/1272 3805/3361/1102 3803/3360/1101
f 3804/3941/1272 3781/3940/1271 3780/7147/1411 3805/3361/1102
f 3776/3952/1260 3806/3951/1281 3807/3928/337 3774/3929/1263
f 3806/3951/1281 3778/3944/1274 3777/5445/1410 3807/3928/337
f 3795/3953/1276 3799/3954/1283 3798/7155/1449 3793/5453/1413
f 3799/3954/1283 3784/3963/1290 3783/3383/1114 3798/7155/1449
f 3051/6800/779 3808/7156/778 3810/7157/1414 3052/3290/255
f 3819/3977/1297 3814/3979/1299 3816/3961/1289 3817/3960/1288
f 3809/3959/1287 3816/3961/1289 3815/5460/1416 3810/7157/1414
f 3814/3979/1299 3813/3978/1298 3812/2717/733 3815/5460/1416
f 3813/5459/1298 3819/5463/1297 3818/5462/1417 3811/5457/1415
f 3817/5461/1288 3809/5455/1287 3808/2766/778 3818/5462/1417
f 2816/7158/939 3845/7159/938 3847/3096/953 2817/3095/952
f 3336/3599/1159 3875/3602/1162 3874/7160/1136 3337/7161/1139
f 3591/7162/1181 3859/5483/1180 3861/5485/1427 3589/7163/1392
f 3505/5286/1448 3839/7164/1168 3838/3601/1161 3506/3600/1160
f 3449/3476/1138 3868/3475/1137 3870/7165/1428 3450/5257/1391
f 3860/5484/1304 3862/7166/1173 3863/7167/1450 3861/5485/1427
f 3862/7166/1173 3837/5478/1309 3836/3742/1182 3863/7167/1450
f 3859/3736/1180 3864/3735/1179 3865/7168/1176 3860/7169/1304
f 3864/3735/1179 3866/7170/1451 3867/7171/1177 3865/7168/1176
f 3866/7170/1451 3870/5488/1428 3869/5487/1320 3867/7171/1177
f 3872/3654/1171 3840/3699/1178 3839/3651/1168 3873/5490/1429
f 3840/3699/1178 3876/3998/1312 3875/5491/1162 3838/5479/1161
f 3837/3993/1309 3879/3655/1172 3878/4010/1316 3835/4009/1315
f 3822/5466/1418 3841/3166/957 3842/7172/1295 3820/5464/1294
f 3876/3998/1312 3869/4014/1320 3868/3475/1137 3874/3474/1136
f 3871/5489/1164 3877/5492/1163 3879/3655/1172 3872/3654/1171
f 3882/2787/1430 3883/7173/1431 3886/7174/816 3880/7175/815
f 3885/2782/792 2702/2781/791 2705/2810/817 3886/2809/816
f 3888/2778/788 3884/2777/787 3883/7176/1452 3889/5498/1432
f 3881/2724/740 3891/2723/739 3890/2788/798 3882/2787/797
f 2680/2725/741 3881/2724/740 3880/7175/815 2681/6643/852
f 2678/6645/765 3892/5499/836 3891/2723/739 2679/2726/742
f 3884/2777/787 2715/2780/790 2714/7177/793 3885/7178/792
f 3887/5497/980 2628/7179/983 2627/2779/789 3888/2778/788
f 3892/5499/836 2670/6618/835 2669/2789/799 3890/2788/798
f 3135/3275/1050 3905/3274/1049 3907/5507/1018 3136/7180/1383
f 3126/3270/1045 3894/3269/1044 3893/7181/888 3123/7182/891
f 2826/4926/1373 3897/7183/847 3896/2964/893 2827/2963/892
f 3119/7184/895 3914/7185/894 3916/3273/1048 3120/3272/1047
f 2831/2961/890 3900/2960/889 3899/7186/974 2832/4928/1374
f 3142/5101/1041 3908/5508/1040 3910/3268/1043 3139/3271/1046
f 3902/3243/1019 3907/3242/1018 3906/7187/1330 3903/5505/1328
f 3912/4036/1332 3898/4033/1329 3897/2848/847 3913/2847/846
f 3905/3274/1049 3916/3273/1048 3915/4035/1331 3906/4034/1330
f 3898/4033/1329 3915/4035/1437 3914/7185/894 3896/5502/1434
f 3909/5509/1319 3895/7188/1318 3894/3269/1044 3910/3268/1043
f 3895/4012/1318 3901/4011/1317 3900/5504/889 3893/7189/888
f 3901/7190/1317 3912/5511/1332 3911/5510/1436 3899/3193/974
f 3107/3244/1020 3902/3243/1019 3904/5506/1435 3108/7191/1042
f 3908/3265/1040 3904/5506/1435 3903/5505/1328 3909/7192/1319
f 3829/7193/959 2936/4983/1377 2935/4982/1376 3830/3981/1301
f 3825/7194/1419 2820/7195/1302 2819/3054/942 3823/3053/941
f 2923/4977/1375 3822/7196/1418 3821/3049/937 2924/3052/940
f 2974/3098/955 3827/3097/954 3826/7197/1420 2972/7198/1447
f 3026/5043/1378 3832/7199/1422 3834/7200/1423 3027/2900/19
f 3841/3166/957 3843/3165/956 3844/7201/1158 3842/7172/1295
f 3843/3165/956 3834/7200/1423 3833/7202/1308 3844/7201/1158
f 3846/3976/1296 3828/3987/1303 3827/5471/1421 3847/5480/953
f 3824/5468/1311 3848/3997/1310 3849/3980/1300 3825/5469/1419
f 3848/3997/1310 3831/3991/1307 3830/3981/1301 3849/3980/1300
f 3831/5473/1307 3850/7203/1156 3851/3173/960 3829/3172/959
f 3850/3592/1156 3833/3992/1308 3832/7204/1422 3851/7205/960
f 3823/7206/941 3852/7207/1453 3853/7208/1454 3824/7209/1311
f 3852/7210/1453 3856/5482/1425 3855/3990/1306 3853/3989/1454
f 3858/3593/1157 3855/3990/1306 3854/5481/1424 3857/3078/950
f 3820/3974/1294 3846/3976/1296 3845/3050/938 3821/3049/937
f 3828/3987/1303 3858/3593/1157 3857/3078/950 3826/5470/1420
f 2431/2523/626 2486/2526/628 2485/7211/692 2432/6548/691
f 3923/5517/1438 3932/7212/546 3933/2535/632 3924/2557/646
f 3926/7213/44 3935/2635/690 3934/6556/679 3927/7214/552
f 3932/2406/546 3937/2405/545 3936/7215/551 3933/7216/632
f 3930/2608/677 3918/2607/676 3917/7217/630 3931/6535/553
f 3929/2524/626 2552/2658/698 2551/7218/548 3930/5519/677
f 2361/1491/29 2174/1494/28 2173/7219/121 2362/7220/120
f 2371/7221/35 2172/7222/34 2171/1493/27 2369/1492/26
f 506/52/8 2367/51/11 2366/7223/19 507/7224/20
f 533/7225/14 2365/7226/137 2364/50/10 534/49/9
f 3938/7227/1455 3940/2002/476 3942/2454/574 3939/2453/573
f 3941/548/219 3944/7228/1456 3943/7229/575 3942/5521/574
f 2082/7230/220 3941/7231/219 3940/2002/476 2079/5666/1353
f 3945/7232/1457 3947/437/170 3949/4058/1344 3946/4057/1343
f 3948/2043/480 3951/7233/1458 3950/7234/1345 3949/5523/1344
f 3947/5522/170 2076/7235/169 2075/6063/1352 3948/2043/480
f 248/4063/118 254/4067/1346 360/4121/116 363/4123/117
f 452/7236/84 2491/7237/84 26/7238/84
f 2491/7237/84 2492/7239/84 2461/7240/84
f 2491/7237/84 2461/7240/84 186/7241/84
f 26/7238/84 2491/7237/84 186/7241/84
f 494/7242/84 451/7243/84 452/7236/84
f 495/7244/84 496/7245/84 502/7246/84
f 496/7245/84 493/7247/84 502/7246/84
f 494/7242/84 452/7236/84 26/7238/84
f 493/7247/84 494/7242/84 503/7248/84
f 2462/7249/84 2459/7250/84 2453/7251/84
f 2459/7250/84 2460/7252/84 2453/7251/84
f 494/7242/84 26/7238/84 483/7253/84
f 2461/7240/84 2462/7249/84 2452/7254/84
f 501/7255/84 502/7246/84 504/7256/84
f 502/7246/84 493/7247/84 503/7248/84
f 504/7256/84 502/7246/84 503/7248/84
f 31/7257/84 32/7258/84 501/7255/84
f 504/7256/84 31/7257/84 501/7255/84
f 2454/7259/84 182/7260/84 183/7261/84
f 2462/7249/84 2453/7251/84 2452/7254/84
f 2453/7251/84 2454/7259/84 2451/7262/84
f 494/7242/84 483/7253/84 503/7248/84
f 2453/7251/84 2451/7262/84 2452/7254/84
f 2454/7259/84 183/7261/84 2451/7262/84
f 498/7263/84 503/7248/84 484/7264/84
f 29/7265/84 30/7266/84 497/7267/84
f 497/7267/84 498/7263/84 499/7268/84
f 2452/7254/84 2457/7269/84 2471/7270/84
f 2470/7271/84 2457/7269/84 2469/7272/84
f 29/7265/84 497/7267/84 500/7273/84
f 503/7248/84 483/7253/84 484/7264/84
f 500/7273/84 497/7267/84 499/7268/84
f 490/7274/84 498/7263/84 489/7275/84
f 491/7276/84 492/7277/84 499/7268/84
f 490/7274/84 491/7276/84 499/7268/84
f 2458/7278/84 184/7279/84 185/7280/84
f 2458/7278/84 185/7280/84 2455/7281/84
f 2457/7269/84 2458/7278/84 2455/7281/84
f 2456/7282/84 2463/7283/84 2464/7284/84
f 2457/7269/84 2455/7281/84 2456/7282/84
f 490/7274/84 499/7268/84 498/7263/84
f 479/7285/84 480/7286/84 466/7287/84
f 480/7286/84 489/7275/84 466/7287/84
f 565/7288/84 566/7289/84 35/7290/84
f 566/7289/84 465/7291/84 35/7290/84
f 465/7291/84 466/7287/84 486/7292/84
f 466/7287/84 489/7275/84 486/7292/84
f 486/7292/84 489/7275/84 498/7263/84
f 563/7293/84 564/7294/84 561/7295/84
f 564/7294/84 35/7290/84 34/7296/84
f 561/7295/84 562/7297/84 563/7293/84
f 559/7298/84 560/7299/84 558/7300/84
f 560/7299/84 34/7296/84 557/7301/84
f 558/7300/84 560/7299/84 557/7301/84
f 34/7296/84 561/7295/84 564/7294/84
f 35/7290/84 465/7291/84 486/7292/84
f 33/7302/84 557/7301/84 34/7296/84
f 555/7303/84 556/7304/84 33/7302/84
f 456/7305/84 555/7303/84 33/7302/84
f 457/7306/84 458/7307/84 454/7308/84
f 458/7307/84 455/7309/84 454/7308/84
f 453/7310/84 454/7308/84 459/7311/84
f 454/7308/84 455/7309/84 459/7311/84
f 449/7312/84 450/7313/84 444/7314/84
f 450/7313/84 453/7310/84 444/7314/84
f 443/7315/84 444/7314/84 453/7310/84
f 445/7316/84 446/7317/84 447/7318/84
f 446/7317/84 443/7315/84 447/7318/84
f 447/7318/84 448/7319/84 445/7316/84
f 463/7320/84 464/7321/84 462/7322/84
f 464/7321/84 447/7318/84 453/7310/84
f 453/7310/84 447/7318/84 443/7315/84
f 461/7323/84 462/7322/84 464/7321/84
f 460/7324/84 461/7323/84 464/7321/84
f 460/7324/84 464/7321/84 453/7310/84
f 459/7311/84 460/7324/84 453/7310/84
f 486/7292/84 459/7311/84 33/7302/84
f 459/7311/84 455/7309/84 456/7305/84
f 459/7311/84 456/7305/84 33/7302/84
f 481/7325/84 482/7326/84 484/7264/84
f 482/7326/84 485/7327/84 484/7264/84
f 485/7327/84 486/7292/84 498/7263/84
f 486/7292/84 33/7302/84 34/7296/84
f 487/7328/84 488/7329/84 26/7238/84
f 488/7329/84 483/7253/84 26/7238/84
f 484/7264/84 485/7327/84 498/7263/84
f 486/7292/84 34/7296/84 35/7290/84
f 2467/7330/84 2468/7331/84 186/7241/84
f 2472/7332/84 2467/7330/84 186/7241/84
f 186/7241/84 2461/7240/84 2472/7332/84
f 2472/7332/84 2461/7240/84 2452/7254/84
f 2457/7269/84 2470/7271/84 2471/7270/84
f 2457/7269/84 2456/7282/84 2465/7333/84
f 2456/7282/84 2464/7284/84 2465/7333/84
f 2466/7334/84 2475/7335/84 2477/7336/84
f 2475/7335/84 2476/7337/84 2477/7336/84
f 2457/7269/84 2465/7333/84 2466/7334/84
f 2457/7269/84 2466/7334/84 2469/7272/84
f 2473/7338/84 2474/7339/84 2471/7270/84
f 2471/7270/84 2472/7332/84 2452/7254/84
f 2466/7334/84 2477/7336/84 2469/7272/84
f 2478/7340/84 2439/7341/84 179/7342/84
f 2439/7341/84 2440/7343/84 179/7342/84
f 2477/7336/84 2478/7340/84 2469/7272/84
f 2473/7338/84 2471/7270/84 2470/7271/84
f 179/7342/84 2441/7344/84 2444/7345/84
f 2441/7344/84 2442/7346/84 2443/7347/84
f 2478/7340/84 179/7342/84 2469/7272/84
f 2484/7348/84 2469/7272/84 181/7349/84
f 2441/7344/84 2443/7347/84 2444/7345/84
f 2469/7272/84 179/7342/84 180/7350/84
f 2481/7351/84 2482/7352/84 2479/7353/84
f 2482/7352/84 2483/7354/84 2479/7353/84
f 2483/7354/84 2484/7348/84 2490/7355/84
f 2469/7272/84 180/7350/84 181/7349/84
f 180/7350/84 2445/7356/84 2448/7357/84
f 2445/7356/84 2446/7358/84 2447/7359/84
f 179/7342/84 2444/7345/84 180/7350/84
f 2480/7360/84 2481/7351/84 2479/7353/84
f 2445/7356/84 2447/7359/84 2448/7357/84
f 2448/7357/84 181/7349/84 180/7350/84
f 181/7349/84 2449/7361/84 2450/7362/84
f 181/7349/84 2450/7362/84 2487/7363/84
f 2484/7348/84 181/7349/84 2487/7363/84
f 2496/7364/84 2479/7353/84 2490/7355/84
f 2490/7355/84 2479/7353/84 2483/7354/84
f 2498/7365/84 2495/7366/84 2496/7364/84
f 2500/7367/84 2497/7368/84 2496/7364/84
f 2497/7368/84 2498/7365/84 2496/7364/84
f 2493/7369/84 2494/7370/84 2499/7371/84
f 2490/7355/84 2493/7369/84 2499/7371/84
f 2499/7371/84 2500/7367/84 2490/7355/84
f 2500/7367/84 2496/7364/84 2490/7355/84
f 2484/7348/84 2487/7363/84 2488/7372/84
f 2484/7348/84 2488/7372/84 2489/258/84
f 2484/7348/84 2489/258/84 2490/7355/84
f 2488/7372/84 2485/256/84 2489/258/84
f 28/346/84 541/7373/84 542/7374/84
f 542/7374/84 543/347/84 28/346/84
f 543/347/84 544/7375/84 27/348/84
f 61/7376/84 908/5888/84 42/375/84
f 908/5888/84 567/373/84 42/375/84
f 3945/7232/1457 624/7377/155 3947/437/170
f 624/7377/155 600/435/156 3947/437/170
f 469/4171/255 44/499/84 470/467/84
f 44/499/84 71/468/84 470/467/84
f 71/468/84 848/4292/84 847/466/84
f 468/4170/84 471/7378/84 44/499/84
f 471/7378/84 472/7379/255 473/497/84
f 471/7378/84 473/497/84 44/499/84
f 44/499/84 469/4171/255 468/4170/84
f 476/7380/84 24/7381/84 475/7382/84
f 24/7381/84 44/499/84 474/498/84
f 474/498/84 475/7382/84 24/7381/84
f 603/550/157 589/7383/158 3941/548/219
f 589/7383/158 3944/7228/1456 3941/548/219
f 43/184/84 13/187/84 546/675/84
f 13/187/84 545/7384/84 546/675/84
f 470/467/84 847/466/84 42/375/84
f 847/466/84 846/4291/84 855/7385/84
f 42/375/84 847/466/84 856/7386/84
f 855/7385/84 856/7386/84 847/466/84
f 42/375/84 477/7387/84 470/467/84
f 477/7387/84 478/683/255 470/467/84
f 111/701/181 1424/4508/181 1423/4507/181
f 1423/4507/181 1768/702/181 111/701/181
f 1768/702/181 1767/4619/1351 136/703/181
f 852/780/84 849/7388/84 850/7389/84
f 850/7389/84 845/4290/84 71/468/84
f 845/4290/84 848/4292/84 71/468/84
f 71/468/84 60/7390/84 851/779/84
f 60/7390/84 853/7391/255 854/7392/84
f 60/7390/84 854/7392/84 851/779/84
f 852/780/84 850/7389/84 71/468/84
f 858/7393/84 49/186/84 857/876/84
f 49/186/84 70/185/84 857/876/84
f 194/7394/181 2529/7395/181 2530/7396/181
f 194/7394/181 2530/7396/181 2533/7397/181
f 1441/7398/181 1442/7399/181 95/7400/181
f 1438/7401/181 1441/7398/181 95/7400/181
f 1435/7402/181 1436/7403/181 1437/7404/181
f 1440/7405/181 1435/7402/181 1437/7404/181
f 1440/7405/181 1437/7404/181 1451/7406/181
f 1437/7404/181 1438/7401/181 1458/7407/181
f 1451/7406/181 1437/7404/181 1458/7407/181
f 1415/7408/181 1416/7409/181 1417/7410/181
f 1416/7409/181 1413/7411/181 1417/7410/181
f 1417/7410/181 1418/7412/181 1415/7408/181
f 1401/7413/181 1402/7414/181 1400/7415/181
f 1402/7414/181 1417/7410/181 1408/7416/181
f 1408/7416/181 1417/7410/181 1413/7411/181
f 1399/7417/181 1400/7415/181 1402/7414/181
f 1398/7418/181 1399/7417/181 1402/7414/181
f 1398/7418/181 1402/7414/181 1408/7416/181
f 1413/7411/181 1414/7419/181 1408/7416/181
f 1403/7420/181 1404/7421/181 1397/7422/181
f 1397/7422/181 1398/7418/181 1408/7416/181
f 1403/7420/181 1397/7422/181 1408/7416/181
f 1408/7416/181 1414/7419/181 1407/7423/181
f 1414/7419/181 1439/7424/181 102/7425/181
f 1407/7423/181 1414/7419/181 1410/7426/181
f 1411/7427/181 1412/7428/181 1407/7423/181
f 1410/7426/181 1414/7419/181 1409/7429/181
f 1439/7424/181 1440/7405/181 1451/7406/181
f 1410/7426/181 1411/7427/181 1407/7423/181
f 1515/7430/181 1516/7431/181 102/7425/181
f 1516/7431/181 1409/7429/181 102/7425/181
f 1409/7429/181 1414/7419/181 102/7425/181
f 102/7425/181 1439/7424/181 103/7432/181
f 1517/7433/181 1518/7434/181 1519/7435/181
f 1518/7434/181 102/7425/181 103/7432/181
f 103/7432/181 1439/7424/181 104/7436/181
f 1518/7434/181 103/7432/181 1519/7435/181
f 104/7436/181 1439/7424/181 1420/7437/181
f 1519/7435/181 1520/7438/181 1517/7433/181
f 1521/7439/181 1522/7440/181 1524/7441/181
f 1522/7440/181 103/7432/181 1523/7442/181
f 1524/7441/181 1522/7440/181 1523/7442/181
f 1438/7401/181 95/7400/181 1447/7443/181
f 1420/7437/181 1439/7424/181 1419/7444/181
f 1419/7444/181 1439/7424/181 1444/7445/181
f 104/7436/181 1523/7442/181 103/7432/181
f 1525/7446/181 1526/7447/181 104/7436/181
f 1420/7437/181 1525/7446/181 104/7436/181
f 1444/7445/181 1439/7424/181 1451/7406/181
f 1433/7448/181 1434/7449/181 1419/7444/181
f 1444/7445/181 1433/7448/181 1419/7444/181
f 1445/7450/181 1446/7451/181 1454/7452/181
f 1446/7451/181 1443/7453/181 1454/7452/181
f 1443/7453/181 1444/7445/181 1451/7406/181
f 1454/7452/181 1443/7453/181 1451/7406/181
f 1453/7454/181 1454/7452/181 1451/7406/181
f 99/7455/181 98/7456/181 1453/7454/181
f 1452/7457/181 99/7455/181 1453/7454/181
f 1452/7457/181 1453/7454/181 1451/7406/181
f 1458/7407/181 1438/7401/181 1447/7443/181
f 101/7458/181 100/7459/181 1457/7460/181
f 1457/7460/181 1458/7407/181 1455/7461/181
f 1448/7462/181 1458/7407/181 1447/7443/181
f 1458/7407/181 1448/7462/181 1455/7461/181
f 95/7400/181 194/7394/181 1405/7463/181
f 1456/7464/181 101/7458/181 1457/7460/181
f 1449/7465/181 1450/7466/181 1455/7461/181
f 1455/7461/181 1456/7464/181 1457/7460/181
f 1448/7462/181 1449/7465/181 1455/7461/181
f 1405/7463/181 1406/7467/181 1447/7443/181
f 1447/7443/181 95/7400/181 1405/7463/181
f 2555/7468/181 1405/7463/181 194/7394/181
f 2524/7469/181 2553/7470/181 2555/7468/181
f 2521/7471/181 2522/7472/181 2516/7473/181
f 2522/7472/181 2523/7474/181 2516/7473/181
f 2524/7469/181 2555/7468/181 194/7394/181
f 2523/7474/181 2524/7469/181 2513/7475/181
f 2524/7469/181 194/7394/181 2533/7397/181
f 2524/7469/181 2533/7397/181 2513/7475/181
f 2515/7476/181 2516/7473/181 2513/7475/181
f 2516/7473/181 2523/7474/181 2513/7475/181
f 191/7477/181 190/7478/181 2515/7476/181
f 2514/7479/181 191/7477/181 2515/7476/181
f 2534/7480/181 2535/7481/181 2536/7482/181
f 2533/7397/181 2534/7480/181 2513/7475/181
f 2513/7475/181 2514/7479/181 2515/7476/181
f 2534/7480/181 2536/7482/181 2531/7483/181
f 2513/7475/181 2534/7480/181 2520/7484/181
f 2534/7480/181 2531/7483/181 2520/7484/181
f 2520/7484/181 2531/7483/181 2532/7485/181
f 193/7486/181 192/7487/181 2519/7488/181
f 2519/7488/181 2520/7484/181 2517/7489/181
f 2520/7484/181 2532/7485/181 2527/7490/181
f 2520/7484/181 2527/7490/181 2528/7491/181
f 2532/7485/181 2545/1386/181 189/1388/181
f 2527/7490/181 2532/7485/181 2540/7492/181
f 2518/7493/181 193/7486/181 2519/7488/181
f 2525/7494/181 2526/7495/181 2517/7489/181
f 2517/7489/181 2518/7493/181 2519/7488/181
f 2525/7494/181 2517/7489/181 2528/7491/181
f 2528/7491/181 2517/7489/181 2520/7484/181
f 2537/7496/181 2538/7497/181 2540/7492/181
f 2538/7497/181 2527/7490/181 2540/7492/181
f 2539/7498/181 2532/7485/181 187/7499/181
f 2546/7500/181 2543/7501/181 2542/7502/181
f 2543/7501/181 2544/7503/181 2542/7502/181
f 2544/7503/181 2541/7504/181 2542/7502/181
f 2542/7502/181 2558/7505/181 2551/7506/181
f 2546/7500/181 2542/7502/181 2551/7506/181
f 2558/7505/181 2559/7507/181 2560/7508/181
f 2560/7508/181 2561/7509/181 2558/7505/181
f 2561/7509/181 2562/7510/181 2558/7505/181
f 2563/7511/181 2556/7512/181 2557/7513/181
f 2563/7511/181 2557/7513/181 2551/7506/181
f 2558/7505/181 2562/7510/181 2551/7506/181
f 2562/7510/181 2563/7511/181 2551/7506/181
f 2545/1386/181 2546/7500/181 2551/7506/181
f 2552/7514/181 2547/7515/181 2548/7516/181
f 2552/7514/181 2548/7516/181 2549/7517/181
f 2545/1386/181 2551/7506/181 2552/7514/181
f 2539/7498/181 2540/7492/181 2532/7485/181
f 2501/7518/181 2502/7519/181 187/7499/181
f 2502/7519/181 2539/7498/181 187/7499/181
f 2503/7520/181 2504/7521/181 2506/7522/181
f 2504/7521/181 187/7499/181 2505/7523/181
f 2506/7522/181 2504/7521/181 2505/7523/181
f 187/7499/181 2532/7485/181 188/7524/181
f 2545/1386/181 2552/7514/181 2549/7517/181
f 2550/1387/181 2511/7525/181 189/1388/181
f 2511/7525/181 2512/7526/181 189/1388/181
f 2545/1386/181 2549/7517/181 2550/1387/181
f 188/7524/181 2532/7485/181 189/1388/181
f 188/7524/181 2505/7523/181 187/7499/181
f 2507/7527/181 2508/7528/181 2509/7529/181
f 2508/7528/181 188/7524/181 189/1388/181
f 2509/7529/181 2510/7530/181 2507/7527/181
f 189/1388/181 2509/7529/181 2508/7528/181
f 1506/1439/181 1503/7531/181 96/1437/181
f 1503/7531/181 1504/7532/181 97/7533/181
f 96/1437/181 1503/7531/181 97/7533/181
f 1528/1514/181 1825/6282/181 110/1512/181
f 1825/6282/181 126/7534/181 110/1512/181
f 1508/7535/181 84/454/181 1507/1654/181
f 84/454/181 109/457/181 1507/1654/181
f 1776/1658/467 1765/4617/181 1768/702/181
f 1768/702/181 1423/4507/181 110/1512/181
f 1423/4507/181 1422/4506/181 1431/7536/181
f 110/1512/181 1423/4507/181 1432/7537/181
f 1431/7536/181 1432/7537/181 1423/4507/181
f 110/1512/181 1775/1657/181 1768/702/181
f 135/456/181 116/455/181 1778/1667/181
f 116/455/181 1777/7538/181 1778/1667/181
f 1766/4618/181 1769/7539/181 136/703/181
f 1769/7539/181 1770/7540/1351 1771/1740/181
f 1769/7539/181 1771/1740/181 136/703/181
f 136/703/181 1767/4619/1351 1766/4618/181
f 1774/7541/181 125/7542/181 1773/7543/181
f 125/7542/181 136/703/181 1772/1741/181
f 1772/1741/181 1773/7543/181 125/7542/181
f 2067/2004/478 2079/5666/1353 3940/2002/476
f 3940/2002/476 3938/7227/1455 2074/2003/477
f 2071/2045/482 3951/7233/1458 3948/2043/480
f 3948/2043/480 2075/6063/1352 2069/2044/481
f 452/2196/510 2193/7544/1439 2435/2194/508
f 2193/7544/1439 161/2522/252 2435/2194/508
f 146/4056/44 144/7545/44 178/2223/44
f 144/7545/44 26/2221/44 178/2223/44
f 2192/7546/517 1405/2233/517 162/2232/252
f 1405/2233/517 2555/7547/1358 2554/2234/518
f 1428/2256/181 1425/7548/181 1426/7549/181
f 1426/7549/181 1421/4505/181 111/701/181
f 1421/4505/181 1424/4508/181 111/701/181
f 111/701/181 93/7550/181 1427/2255/181
f 93/7550/181 1429/7551/1351 1430/7552/181
f 93/7550/181 1430/7552/181 1427/2255/181
f 1428/2256/181 1426/7549/181 111/701/181
f 2214/7553/84 2203/7554/84 2204/7555/84
f 2214/7553/84 2204/7555/84 2183/2362/84
f 2207/7556/84 2208/7557/84 2197/2363/84
f 2208/7557/84 2213/2361/84 2197/2363/84
f 2213/2361/84 2214/7553/84 2183/2362/84
f 2184/7558/84 2181/7559/84 2182/7560/84
f 2184/7558/84 2182/7560/84 2227/7561/84
f 2228/7562/84 2233/7563/84 155/7564/84
f 2233/7563/84 2234/7565/84 155/7564/84
f 2183/2362/84 2184/7558/84 2221/7566/84
f 2184/7558/84 2227/7561/84 2221/7566/84
f 155/7564/84 2289/7567/84 157/7568/84
f 2289/7567/84 2290/7569/84 2292/7570/84
f 157/7568/84 2289/7567/84 2292/7570/84
f 2290/7569/84 2291/7571/84 2292/7570/84
f 157/7568/84 2295/7572/84 2302/7573/84
f 2295/7572/84 2296/7574/84 2301/7575/84
f 2295/7572/84 2301/7575/84 2302/7573/84
f 2302/7573/84 159/7576/84 157/7568/84
f 159/7576/84 2239/7577/84 2240/7578/84
f 159/7576/84 2240/7578/84 2237/7579/84
f 2238/7580/84 2243/7581/84 2244/7582/84
f 2238/7580/84 2244/7582/84 2259/7583/84
f 2237/7579/84 2238/7580/84 2224/7584/84
f 2238/7580/84 2259/7583/84 2224/7584/84
f 2260/7585/84 2263/7586/84 2269/7587/84
f 2263/7586/84 2264/7588/84 2269/7587/84
f 159/7576/84 2237/7579/84 2224/7584/84
f 2223/7589/84 2282/7590/84 2248/7591/84
f 2260/7585/84 2269/7587/84 2282/7590/84
f 2269/7587/84 2270/7592/84 2281/7593/84
f 2270/7592/84 149/7594/84 147/7595/84
f 2270/7592/84 147/7595/84 2281/7593/84
f 2269/7587/84 2281/7593/84 2282/7590/84
f 2259/7583/84 2260/7585/84 2282/7590/84
f 2259/7583/84 2282/7590/84 2224/7584/84
f 2282/7590/84 2285/7596/84 2248/7591/84
f 2248/7591/84 2285/7596/84 2247/7597/84
f 2282/7590/84 2223/7589/84 2224/7584/84
f 2286/7598/84 153/7599/84 151/7600/84
f 2285/7596/84 2286/7598/84 2277/7601/84
f 2286/7598/84 151/7600/84 2277/7601/84
f 2285/7596/84 2277/7601/84 2278/7602/84
f 2278/7602/84 2273/7603/84 2274/7604/84
f 2278/7602/84 2274/7604/84 2187/7605/84
f 2285/7596/84 2278/7602/84 2187/7605/84
f 2285/7596/84 2187/7605/84 2188/7606/84
f 2188/7606/84 2191/7607/84 2192/7608/84
f 2285/7596/84 2188/7606/84 2247/7597/84
f 2188/7606/84 2192/7608/84 143/7609/84
f 2247/7597/84 2188/7606/84 143/7609/84
f 2192/7608/84 162/7610/84 143/7609/84
f 162/7610/84 145/7611/84 143/7609/84
f 143/7609/84 2257/7612/84 2258/7613/84
f 143/7609/84 2258/7613/84 2247/7597/84
f 2248/7591/84 2253/7614/84 2254/7615/84
f 2248/7591/84 2254/7615/84 2223/7589/84
f 157/7568/84 159/7576/84 2224/7584/84
f 155/7564/84 157/7568/84 2224/7584/84
f 2228/7562/84 155/7564/84 2221/7566/84
f 155/7564/84 2224/7584/84 2221/7566/84
f 2227/7561/84 2228/7562/84 2221/7566/84
f 2222/7616/84 2217/7617/84 2202/7618/84
f 2217/7617/84 2218/7619/84 2202/7618/84
f 2221/7566/84 2222/7616/84 2183/2362/84
f 2218/7619/84 2201/7620/84 2202/7618/84
f 2202/7618/84 2197/2363/84 2183/2362/84
f 2222/7616/84 2202/7618/84 2183/2362/84
f 2197/2363/84 2198/7621/84 2207/7556/84
f 2558/7622/1443 2542/7623/1442 3923/7624/1438
f 2542/7623/1442 2438/2404/544 3923/7624/1438
f 2438/2404/544 3926/7213/44 3937/2405/545
f 3932/2406/546 3923/7624/1438 2438/2404/544
f 2359/2426/560 2594/6469/1366 2590/7625/1445
f 2590/7625/1445 2567/2424/558 2359/2426/560
f 2351/7626/1440 2570/4802/1361 2355/2446/566
f 2570/4802/1361 2595/2447/567 2355/2446/566
f 2595/2447/567 2592/4810/1365 2358/2445/565
f 2340/6475/1354 2365/354/137 2566/4798/1359
f 2365/354/137 2371/48/35 2579/2449/569
f 2371/48/35 2578/6582/1364 2581/2448/568
f 2579/2449/569 2566/4798/1359 2365/354/137
f 2576/4806/1363 2370/7627/1357 2589/2452/572
f 2370/7627/1357 2360/2450/570 2589/2452/572
f 2360/2450/570 2349/7628/1356 2573/2451/571
f 3926/7213/44 2438/2404/544 3935/2635/690
f 2438/2404/544 2479/7629/1444 3920/2634/689
f 2479/7629/1444 2496/7630/1441 3920/2634/689
f 2348/4772/1355 2333/2688/710 2574/2687/709
f 2333/2688/710 2569/4801/1360 2587/2686/708
f 2726/2719/735 3047/3291/1065 3812/2717/733
f 3047/3291/1065 3052/3290/255 3810/7157/1414
f 3815/5460/1416 3047/3291/1065 3810/7157/1414
f 3815/5460/1416 3812/2717/733 3047/3291/1065
f 3741/2732/744 3057/6806/1379 3073/2733/745
f 3073/2733/745 2613/7631/1370 3755/2731/255
f 2613/7631/1370 2609/7141/1368 3734/7140/1401
f 3755/2731/255 2613/7631/1370 3734/7140/1401
f 3734/7140/1401 3737/5419/1402 3755/2731/255
f 3737/5419/1402 3759/5435/1407 3755/2731/255
f 3755/2731/255 3752/5430/1405 3741/2732/744
f 3084/6813/1380 3097/6812/1381 3762/2741/753
f 3772/2742/754 3765/5439/1409 2700/2743/755
f 3765/5439/1409 2703/7632/1371 2700/2743/755
f 3084/6813/1380 3762/2741/753 2700/2743/755
f 2652/2768/780 2633/2775/780 3818/5462/1417
f 2633/2775/780 2647/2776/786 3811/5457/1415
f 3818/5462/1417 2633/2775/780 3811/5457/1415
f 3818/5462/1417 3808/2766/778 2652/2768/780
f 2669/2789/799 3889/7633/1432 3883/7173/1452
f 3883/7173/1452 3882/2787/797 2669/2789/799
f 3897/2848/847 2826/6598/1373 2608/6597/1367
f 2608/6597/1367 2602/2846/845 3897/2848/847
f 3763/7144/1408 3096/2757/769 2693/2756/768
f 2690/2880/875 2704/6632/1372 3767/2881/876
f 3769/2882/877 3763/7144/1408 2690/2880/875
f 3763/7144/1408 2693/2756/768 2690/2880/875
f 212/2940/181 3035/7634/181 3036/7635/181
f 3036/7635/181 3037/2941/181 212/2940/181
f 3037/2941/181 3038/7636/181 211/2942/181
f 2983/3055/943 3856/6720/1425 3852/7637/1453
f 3852/7637/1453 3823/3053/941 2983/3055/943
f 2972/7638/1447 3826/5470/1420 2979/3077/949
f 3826/5470/1420 3857/3078/950 2979/3077/949
f 3857/3078/950 3854/5481/1424 2982/3076/948
f 2923/6739/1375 2992/2947/886 3822/5466/1418
f 2992/2947/886 3027/2900/19 3841/3166/957
f 3027/2900/19 3834/7200/1423 3843/3165/956
f 3841/3166/957 3822/5466/1418 2992/2947/886
f 3832/5474/1422 3026/7639/1378 3851/3173/960
f 3026/7639/1378 2987/3171/958 3851/3173/960
f 2987/3171/958 2936/7640/1377 3829/3172/959
f 2832/7641/1374 3899/3193/974 2712/3192/973
f 3899/3193/974 3911/5510/1436 2601/3194/975
f 3107/3244/1020 3103/5077/1382 3907/3242/1018
f 3103/5077/1382 3136/6852/1383 3907/3242/1018
f 3111/3267/1042 3108/7191/1042 3908/3265/1040
f 3108/7191/1042 3904/5506/1435 3908/3265/1040
f 3630/3319/1076 3614/7081/1393 3725/7093/1398
f 3728/5413/1399 3721/3320/1077 3630/3319/1076
f 3721/3320/1077 3155/7642/1384 3159/3318/755
f 3630/3319/1076 3725/7093/1398 3728/5413/1399
f 3723/3337/1088 3613/3341/1089 3168/3338/768
f 3168/3338/768 3170/6860/1386 3720/5408/1397
f 3170/6860/1386 3156/6859/1385 3720/5408/1397
f 3720/5408/1397 3731/3336/1087 3168/3338/768
f 3608/3888/1226 3605/3887/1225 3780/7147/1411
f 3605/3887/1225 3279/3359/1100 3805/3361/1102
f 3780/7147/1411 3605/3887/1225 3805/3361/1102
f 3279/3359/1100 3192/6861/1387 3785/5451/1412
f 3279/3359/1100 3785/5451/1412 3801/7154/1101
f 3279/3359/1100 3801/7154/1101 3803/3360/1101
f 3708/3370/1111 3654/7087/1394 3643/3371/745
f 3643/3371/745 3253/7643/1388 3718/3369/1110
f 3253/7643/1388 3255/7101/1389 3711/7100/1389
f 3718/3369/1110 3253/7643/1388 3711/7100/1389
f 3178/3362/1103 3793/5453/1413 3783/3383/1114
f 3793/5453/1413 3798/7155/1449 3783/3383/1114
f 3244/3343/767 3655/3342/1090 3710/5402/1395
f 3715/3469/1134 3712/5404/1396 3242/3468/1133
f 3712/5404/1396 3258/6897/1390 3242/3468/1133
f 3244/3343/767 3710/5402/1395 3715/3469/1134
f 3516/3653/1170 3873/5490/1429 3839/3651/1168
f 3839/3651/1168 3505/6977/1448 3513/3652/1169
f 3595/3710/84 3592/7644/84 233/3708/84
f 3592/7644/84 3593/7645/84 234/7646/84
f 233/3708/84 3592/7644/84 234/7646/84
f 3591/3737/1181 3553/3501/1141 3866/7170/1451
f 3553/3501/1141 3450/7008/1391 3870/5488/1428
f 3866/7170/1451 3553/3501/1141 3870/5488/1428
f 3866/7170/1451 3864/3735/1179 3591/3737/1181
f 3552/3744/1184 3589/7163/1392 3863/7167/1450
f 3589/7163/1392 3861/5485/1427 3863/7167/1450
f 3863/7167/1450 3836/3742/1182 3552/3744/1184
f 2623/2755/767 3058/2754/766 3743/5424/1403
f 3743/5424/1403 3749/5429/1404 3745/3908/1243
f 3745/3908/1243 3756/5432/1406 3739/3909/1244
f 3739/3909/1244 3732/5416/1400 2624/3910/1245
f 3732/5416/1400 2612/7647/1369 2624/3910/1245
f 2624/3910/1245 2623/2755/767 3745/3908/1243
f 2623/2755/767 3743/5424/1403 3745/3908/1243
f 3777/5445/1410 3182/3364/1105 3807/3928/337
f 3182/3364/1105 3188/3315/313 3807/3928/337
f 3188/3315/313 237/3314/313 3807/3928/337
f 237/3314/313 3191/3807/1196 3774/3929/1263
f 3791/3935/1266 3196/3808/1197 3782/3933/1264
f 3196/3808/1197 3609/3792/1193 3782/3933/1264
f 2935/4982/1376 2820/3982/1302 3830/3981/1301
f 2820/3982/1302 3825/5469/1419 3849/3980/1300
f 2186/4045/181 2205/7648/181 2211/7649/181
f 2205/7648/181 2206/7650/181 2211/7649/181
f 2179/7651/181 2180/7652/181 2185/7653/181
f 2186/4045/181 2211/7649/181 2212/4046/181
f 2230/7654/181 2179/7651/181 2185/7653/181
f 2230/7654/181 2185/7653/181 2220/7655/181
f 2185/7653/181 2186/4045/181 2220/7655/181
f 2231/7656/181 2232/7657/181 156/7658/181
f 2232/7657/181 2229/7659/181 156/7658/181
f 2287/7660/181 2288/7661/181 2293/7662/181
f 2288/7661/181 156/7658/181 158/7663/181
f 2293/7662/181 2294/7664/181 2287/7660/181
f 2297/7665/181 2298/7666/181 2300/7667/181
f 2298/7666/181 158/7663/181 2299/7668/181
f 2300/7667/181 2298/7666/181 2299/7668/181
f 158/7663/181 2293/7662/181 2288/7661/181
f 160/7669/181 2299/7668/181 158/7663/181
f 2241/7670/181 2242/7671/181 160/7669/181
f 2236/7672/181 2241/7670/181 160/7669/181
f 2245/7673/181 2246/7674/181 2235/7675/181
f 2262/7676/181 2245/7673/181 2235/7675/181
f 2262/7676/181 2235/7675/181 2225/7677/181
f 2235/7675/181 2236/7672/181 2225/7677/181
f 2265/7678/181 2266/7679/181 2268/7680/181
f 2266/7679/181 2261/7681/181 2268/7680/181
f 2236/7672/181 160/7669/181 2225/7677/181
f 2226/7682/181 2279/7683/181 2225/7677/181
f 2267/7684/181 2268/7680/181 2280/7685/181
f 2268/7680/181 2261/7681/181 2279/7683/181
f 2280/7685/181 2268/7680/181 2279/7683/181
f 148/7686/181 150/7687/181 2267/7684/181
f 2280/7685/181 148/7686/181 2267/7684/181
f 2279/7683/181 2261/7681/181 2262/7676/181
f 2284/7688/181 2279/7683/181 2249/7689/181
f 2279/7683/181 2262/7676/181 2225/7677/181
f 2284/7688/181 2249/7689/181 2250/7690/181
f 2279/7683/181 2226/7682/181 2249/7689/181
f 152/7691/181 154/7692/181 2283/7693/181
f 152/7691/181 2283/7693/181 2276/7694/181
f 2283/7693/181 2284/7688/181 2276/7694/181
f 2275/7695/181 2276/7694/181 2284/7688/181
f 2271/7696/181 2272/7697/181 2275/7695/181
f 2190/7698/181 2271/7696/181 2275/7695/181
f 2275/7695/181 2284/7688/181 2190/7698/181
f 2190/7698/181 2284/7688/181 2189/7699/181
f 2189/7699/181 2284/7688/181 2250/7690/181
f 2193/7700/181 2194/7701/181 2189/7699/181
f 2193/7700/181 2189/7699/181 144/7702/181
f 146/7703/181 161/7704/181 144/7702/181
f 161/7704/181 2193/7700/181 144/7702/181
f 2255/7705/181 2256/7706/181 144/7702/181
f 2189/7699/181 2250/7690/181 144/7702/181
f 2250/7690/181 2255/7705/181 144/7702/181
f 2251/7707/181 2252/7708/181 2249/7689/181
f 2226/7682/181 2251/7707/181 2249/7689/181
f 160/7669/181 158/7663/181 2225/7677/181
f 158/7663/181 156/7658/181 2225/7677/181
f 2225/7677/181 156/7658/181 2220/7655/181
f 156/7658/181 2229/7659/181 2220/7655/181
f 2220/7655/181 2229/7659/181 2230/7654/181
f 2215/7709/181 2216/7710/181 2199/7711/181
f 2216/7710/181 2219/7712/181 2199/7711/181
f 2219/7712/181 2220/7655/181 2186/4045/181
f 2200/7713/181 2215/7709/181 2199/7711/181
f 2196/4047/181 2199/7711/181 2186/4045/181
f 2210/7714/181 2195/7715/181 2196/4047/181
f 2212/4046/181 2209/7716/181 2196/4047/181
f 2209/7716/181 2210/7714/181 2196/4047/181
f 2219/7712/181 2186/4045/181 2199/7711/181
f 2672/4844/752 2668/3200/981 2669/4842/799
f 2669/4842/799 2670/2836/835 2671/4843/830
o Mesh.011_Cube.030
v 6.078328 3.815936 -4.033635
v 5.999102 4.675506 -3.126192
v 5.379100 4.675520 -3.126177
v 5.458330 3.815922 -4.033650
v 6.020123 4.447432 -3.366969
v 6.057307 4.044010 -3.792858
v 5.437311 4.043969 -3.792902
v 5.400119 4.447473 -3.366925
v 3.494375 0.952365 -9.074033
v 5.745710 0.952365 -9.074033
v 6.494377 0.952365 -9.074033
v 1.947893 10.114882 2.477701
v 1.949254 10.100108 2.440580
v 1.939140 10.091128 2.445637
v 1.937893 10.104882 2.480157
v 2.870042 0.110000 -8.127456
v 2.860042 0.100000 -8.121943
v 2.858755 0.113753 -8.087422
v 2.868681 0.124768 -8.090331
v 5.447893 10.114882 2.477701
v 5.457893 10.104882 2.480157
v 5.459181 10.091128 2.445637
v 5.449255 10.100108 2.440580
v 6.378796 0.113753 -8.087422
v 6.380043 0.100000 -8.121943
v 6.370043 0.110000 -8.127456
v 6.368681 0.124768 -8.090331
v 1.240885 10.114882 6.750000
v 1.220885 10.114882 6.730000
v 1.210885 10.104882 6.731716
v 1.239169 10.104882 6.760000
v 5.427893 10.114882 6.750000
v 5.429609 10.104882 6.760000
v 5.457893 10.104882 6.731716
v 5.447893 10.114882 6.730000
v 1.947893 10.114882 3.230000
v 1.937893 10.104882 3.211716
v 1.909608 10.104882 3.240000
v 1.927893 10.114882 3.250000
v 1.240885 10.114882 3.250000
v 1.239169 10.104882 3.240000
v 1.210885 10.104882 3.268284
v 1.220885 10.114882 3.270000
v 5.870043 0.110000 -8.127456
v 5.860043 0.100000 -8.121943
v 5.858755 0.113753 -8.087422
v 5.868681 0.124768 -8.090331
v 3.368681 0.124768 -8.090331
v 3.378795 0.113753 -8.087422
v 3.380042 0.100000 -8.121943
v 3.370042 0.110000 -8.127456
v 4.947893 10.114882 2.477701
v 4.949255 10.100108 2.440580
v 4.939140 10.091128 2.445637
v 4.937893 10.104882 2.480157
v 2.449254 10.100108 2.440580
v 2.447893 10.114882 2.477701
v 2.457893 10.104882 2.480157
v 2.459180 10.091128 2.445637
v 1.240885 10.114882 6.250000
v 1.239169 10.104882 6.240000
v 1.210885 10.104882 6.268284
v 1.220885 10.114882 6.270000
v 4.927893 10.114882 6.250000
v 4.947893 10.114882 6.230000
v 4.937893 10.104882 6.211716
v 4.909609 10.104882 6.240000
v 2.427893 10.114882 3.750000
v 2.429609 10.104882 3.760000
v 2.457893 10.104882 3.731716
v 2.447893 10.114882 3.730000
v 1.240885 10.114882 3.750000
v 1.220885 10.114882 3.730000
v 1.210885 10.104882 3.731716
v 1.239169 10.104882 3.760000
v 3.368681 0.751805 -8.361268
v 3.370042 0.737031 -8.398390
v 3.380042 0.747031 -8.400846
v 3.378795 0.760785 -8.366325
v 2.870042 0.737031 -8.398390
v 2.868681 0.751805 -8.361268
v 2.858755 0.760785 -8.366325
v 2.860042 0.747031 -8.400846
v 1.947893 10.741913 2.206767
v 1.937893 10.751913 2.201254
v 1.939140 10.738159 2.166734
v 1.949254 10.727145 2.169643
v 1.947893 10.741913 3.230000
v 1.927893 10.741913 3.250000
v 1.909608 10.751913 3.240000
v 1.937893 10.751913 3.211716
v 5.870043 0.737031 -8.398390
v 5.868681 0.751805 -8.361268
v 5.858755 0.760785 -8.366325
v 5.860043 0.747031 -8.400846
v 6.378796 0.760785 -8.366325
v 6.368681 0.751805 -8.361268
v 6.370043 0.737031 -8.398390
v 6.380043 0.747031 -8.400846
v 5.447893 10.741913 2.206767
v 5.449255 10.727145 2.169643
v 5.459181 10.738159 2.166734
v 5.457893 10.751913 2.201254
v 1.240885 10.741913 3.250000
v 1.220885 10.741913 3.270000
v 1.210885 10.751913 3.268284
v 1.239169 10.751913 3.240000
v 1.240885 10.741913 6.750000
v 1.239169 10.751913 6.760000
v 1.210885 10.751913 6.731716
v 1.220885 10.741913 6.730000
v 5.427893 10.741913 6.750000
v 5.447893 10.741913 6.730000
v 5.457893 10.751913 6.731716
v 5.429609 10.751913 6.760000
v 4.947893 10.741913 2.206767
v 4.937893 10.751913 2.201254
v 4.939140 10.738159 2.166734
v 4.949255 10.727145 2.169643
v 2.449254 10.727145 2.169643
v 2.459180 10.738159 2.166734
v 2.457893 10.751913 2.201254
v 2.447893 10.741913 2.206767
v 1.240885 10.741913 6.250000
v 1.220885 10.741913 6.270000
v 1.210885 10.751913 6.268284
v 1.239169 10.751913 6.240000
v 4.927893 10.741913 6.250000
v 4.909609 10.751913 6.240000
v 4.937893 10.751913 6.211716
v 4.947893 10.741913 6.230000
v 2.427893 10.741913 3.750000
v 2.447893 10.741913 3.730000
v 2.457893 10.751913 3.731716
v 2.429608 10.751913 3.760000
v 1.240885 10.741913 3.750000
v 1.239169 10.751913 3.760000
v 1.210885 10.751913 3.731716
v 1.220885 10.741913 3.730000
v 1.100885 10.921913 3.900000
v 1.120885 10.901913 3.871716
v 1.149169 10.901913 3.900000
v 1.120885 10.921913 3.920000
v 2.597893 10.901913 3.871716
v 2.617893 10.921913 3.900000
v 2.597893 10.921913 3.920000
v 2.569608 10.901913 3.900000
v 4.797893 10.901913 6.071716
v 4.769609 10.901913 6.100000
v 4.757893 10.921913 6.080000
v 4.777893 10.921913 6.060000
v 1.149169 10.901913 6.100000
v 1.120885 10.901913 6.128284
v 1.100885 10.921913 6.100000
v 1.120885 10.921913 6.080000
v 2.597893 10.901913 2.141489
v 2.599120 10.888159 2.106969
v 2.619254 10.907135 2.097929
v 2.617893 10.921913 2.135049
v 4.797893 10.901913 2.141489
v 4.777893 10.921913 2.135049
v 4.779254 10.907135 2.097929
v 4.799201 10.888159 2.106969
v 5.617893 10.921913 6.900000
v 5.597893 10.921913 6.920000
v 5.569609 10.901913 6.900000
v 5.597893 10.901913 6.871716
v 1.120885 10.921913 6.920000
v 1.100885 10.921913 6.900000
v 1.120885 10.901913 6.871716
v 1.149169 10.901913 6.900000
v 1.100885 10.921913 3.100000
v 1.120885 10.921913 3.080000
v 1.149169 10.901913 3.100000
v 1.120885 10.901913 3.128284
v 5.617893 10.921913 2.135049
v 5.597893 10.901913 2.141489
v 5.599121 10.888159 2.106969
v 5.619255 10.907135 2.097929
v 6.518735 0.910785 -8.426090
v 6.520043 0.897031 -8.460610
v 6.540043 0.917031 -8.470108
v 6.538682 0.931796 -8.432982
v 5.700043 0.917031 -8.470108
v 5.720043 0.897031 -8.460610
v 5.718815 0.910785 -8.426090
v 5.698681 0.931796 -8.432982
v 1.757893 10.921913 3.080000
v 1.777893 10.921913 3.060000
v 1.797893 10.901913 3.071716
v 1.769609 10.901913 3.100000
v 1.799201 10.888159 2.106969
v 1.797893 10.901913 2.141489
v 1.777893 10.921913 2.135049
v 1.779254 10.907135 2.097929
v 2.718815 0.910785 -8.426090
v 2.698681 0.931796 -8.432982
v 2.700042 0.917031 -8.470108
v 2.720042 0.897031 -8.460610
v 3.518734 0.910785 -8.426090
v 3.520042 0.897031 -8.460610
v 3.540042 0.917031 -8.470108
v 3.538681 0.931796 -8.432982
v 6.428728 0.014009 -8.046937
v 6.430043 -0.000000 -8.082758
v 5.507893 10.005144 2.520660
v 5.509254 9.990689 2.485016
v 2.808681 0.014193 -8.047115
v 2.810042 -0.000263 -8.082758
v 1.887893 10.004882 2.520660
v 1.889207 9.990872 2.484839
v 1.180885 10.004882 6.810000
v 1.160885 10.004882 6.790000
v 5.507893 10.004882 6.787929
v 5.485822 10.004882 6.810000
v 1.865822 10.004882 3.192071
v 1.887893 10.004882 3.167929
v 1.160885 10.004882 3.210000
v 1.180885 10.004882 3.190000
v 3.420042 0.100000 -8.121943
v 3.418755 0.113753 -8.087422
v 3.428681 0.104774 -8.082365
v 3.430042 0.090000 -8.119487
v 2.818795 0.113753 -8.087422
v 2.820042 0.100000 -8.121943
v 2.810042 0.090000 -8.119487
v 2.808681 0.104774 -8.082365
v 1.897893 10.104882 2.480157
v 1.899180 10.091128 2.445637
v 1.889254 10.080114 2.448546
v 1.887893 10.094882 2.485670
v 1.869609 10.104882 3.200000
v 1.897893 10.104882 3.171716
v 1.887893 10.094882 3.170000
v 1.867893 10.094882 3.190000
v 5.820043 0.100000 -8.121943
v 5.810043 0.090000 -8.119487
v 5.808681 0.104774 -8.082365
v 5.818796 0.113753 -8.087422
v 6.418755 0.113753 -8.087422
v 6.428681 0.104774 -8.082365
v 6.430043 0.090000 -8.119487
v 6.420043 0.100000 -8.121943
v 5.499140 10.091128 2.445637
v 5.497893 10.104882 2.480157
v 5.507893 10.094882 2.485670
v 5.509254 10.080114 2.448546
v 1.170885 10.104882 3.228284
v 1.199169 10.104882 3.200000
v 1.180885 10.094882 3.190000
v 1.160885 10.094882 3.210000
v 1.199169 10.104882 6.800000
v 1.170885 10.104882 6.771716
v 1.160885 10.094882 6.790000
v 1.180885 10.094882 6.810000
v 5.469609 10.104882 6.800000
v 5.487893 10.094882 6.810000
v 5.507893 10.094882 6.790000
v 5.497893 10.104882 6.771716
v 5.810043 -0.000263 -8.082758
v 5.808681 0.014193 -8.047115
v 3.430042 -0.000000 -8.082758
v 3.428728 0.014009 -8.046937
v 4.889208 9.990872 2.484839
v 4.887893 10.004882 2.520660
v 2.509254 9.990689 2.485017
v 2.507893 10.005144 2.520660
v 1.160885 10.004882 6.210000
v 1.180885 10.004882 6.190000
v 4.865822 10.004882 6.192071
v 4.887893 10.004882 6.167929
v 2.507893 10.004882 3.787929
v 2.485822 10.004882 3.810000
v 1.180885 10.004882 3.810000
v 1.160885 10.004882 3.790000
v 4.897893 10.104882 2.480157
v 4.899181 10.091128 2.445637
v 4.889255 10.080114 2.448546
v 4.887893 10.094882 2.485670
v 2.497893 10.104882 2.480157
v 2.507893 10.094882 2.485670
v 2.509254 10.080114 2.448546
v 2.499140 10.091128 2.445637
v 1.170885 10.104882 6.228284
v 1.199169 10.104882 6.200000
v 1.180885 10.094882 6.190000
v 1.160885 10.094882 6.210000
v 4.897893 10.104882 6.171716
v 4.887893 10.094882 6.170000
v 4.867893 10.094882 6.190000
v 4.869609 10.104882 6.200000
v 2.469609 10.104882 3.800000
v 2.487893 10.094882 3.810000
v 2.507893 10.094882 3.790000
v 2.497893 10.104882 3.771716
v 1.199169 10.104882 3.800000
v 1.170885 10.104882 3.771716
v 1.160885 10.094882 3.790000
v 1.180885 10.094882 3.810000
v 3.410042 0.747031 -8.400846
v 3.423205 0.756518 -8.406006
v 3.421838 0.771009 -8.369222
v 3.408755 0.760785 -8.366325
v 2.828795 0.760785 -8.366325
v 2.815493 0.771374 -8.369045
v 2.816880 0.756518 -8.406006
v 2.830042 0.747031 -8.400846
v 1.909180 10.738159 2.166734
v 1.907893 10.751913 2.201254
v 1.894730 10.761400 2.198855
v 1.896069 10.746686 2.161837
v 1.879609 10.751913 3.210000
v 1.873754 10.761400 3.196838
v 1.894730 10.761400 3.175861
v 1.907893 10.751913 3.181716
v 5.828795 0.760785 -8.366325
v 5.815494 0.771374 -8.369045
v 5.816881 0.756518 -8.406006
v 5.830043 0.747031 -8.400846
v 6.408755 0.760785 -8.366325
v 6.410043 0.747031 -8.400846
v 6.423205 0.756518 -8.406006
v 6.421839 0.771009 -8.369222
v 5.489141 10.738159 2.166734
v 5.502374 10.746764 2.162128
v 5.501056 10.761400 2.198855
v 5.487893 10.751913 2.201254
v 1.180885 10.751913 3.238284
v 1.170885 10.761913 3.217748
v 1.190885 10.761400 3.196838
v 1.209169 10.751913 3.210000
v 1.180885 10.751913 6.761715
v 1.209169 10.751913 6.789999
v 1.190885 10.761400 6.803162
v 1.170885 10.761913 6.782251
v 5.487893 10.751913 6.761715
v 5.501055 10.761400 6.782186
v 5.480079 10.761400 6.803162
v 5.459609 10.751913 6.789999
v 4.909181 10.738159 2.166734
v 4.907893 10.751913 2.201254
v 4.894731 10.761400 2.198855
v 4.896070 10.746686 2.161837
v 2.487893 10.751913 2.201254
v 2.489140 10.738159 2.166734
v 2.502373 10.746765 2.162128
v 2.501055 10.761400 2.198855
v 1.180885 10.751913 6.238285
v 1.170885 10.761913 6.217749
v 1.190885 10.761400 6.196838
v 1.209169 10.751913 6.210001
v 4.907894 10.751913 6.181716
v 4.879610 10.751913 6.210001
v 4.873755 10.761400 6.196838
v 4.894731 10.761400 6.175862
v 2.487893 10.751913 3.761715
v 2.501055 10.761400 3.782186
v 2.480079 10.761400 3.803162
v 2.459608 10.751913 3.790000
v 1.180885 10.751913 3.761715
v 1.209169 10.751913 3.790000
v 1.190885 10.761400 3.803162
v 1.170885 10.761913 3.782251
v 6.465562 0.902179 -8.421484
v 6.466880 0.887544 -8.458211
v 6.480043 0.897031 -8.460610
v 6.478796 0.910785 -8.426090
v 4.852442 10.877569 2.109689
v 4.851055 10.892426 2.146650
v 4.837893 10.901913 2.141489
v 4.839140 10.888159 2.106969
v 4.851056 10.892426 6.132186
v 4.830080 10.892426 6.153162
v 4.809609 10.901913 6.140000
v 4.837893 10.901913 6.111716
v 3.466880 0.887544 -8.458211
v 3.480042 0.897031 -8.460610
v 3.478795 0.910785 -8.426090
v 3.465562 0.902179 -8.421484
v 2.760042 0.897031 -8.460610
v 2.773205 0.887544 -8.458211
v 2.771866 0.902257 -8.421193
v 2.758755 0.910785 -8.426090
v 1.837893 10.901913 2.141489
v 1.839140 10.888159 2.106969
v 1.852442 10.877569 2.109689
v 1.851055 10.892426 2.146650
v 1.851055 10.892426 3.132186
v 1.830079 10.892426 3.153162
v 1.809609 10.901913 3.140000
v 1.837893 10.901913 3.111716
v 5.760043 0.897031 -8.460610
v 5.773205 0.887544 -8.458211
v 5.771866 0.902257 -8.421193
v 5.758755 0.910785 -8.426090
v 5.557893 10.901913 2.141489
v 5.544731 10.892426 2.146650
v 5.546097 10.877934 2.109865
v 5.559181 10.888159 2.106969
v 1.189169 10.901913 3.140000
v 1.190885 10.892426 3.153162
v 1.170885 10.891912 3.174415
v 1.160885 10.901913 3.168284
v 1.190885 10.892426 6.846838
v 1.189169 10.901913 6.860000
v 1.160885 10.901913 6.831716
v 1.170885 10.891912 6.825584
v 5.523755 10.892426 6.846838
v 5.544731 10.892426 6.825861
v 5.557893 10.901913 6.831716
v 5.529609 10.901913 6.860000
v 2.559180 10.888159 2.106969
v 2.557893 10.901913 2.141489
v 2.544730 10.892426 2.146650
v 2.546097 10.877934 2.109865
v 1.189169 10.901913 6.140000
v 1.190885 10.892426 6.153162
v 1.170885 10.891912 6.174416
v 1.160885 10.901913 6.168284
v 2.529608 10.901913 3.860000
v 2.523754 10.892426 3.846838
v 2.544730 10.892426 3.825861
v 2.557893 10.901913 3.831716
v 1.189169 10.901913 3.860000
v 1.160885 10.901913 3.831716
v 1.170885 10.891912 3.825585
v 1.190885 10.892426 3.846838
v 1.120885 10.981913 3.080000
v 1.100885 10.981913 3.100000
v 1.120885 11.001913 3.100000
v 1.120885 10.981913 3.920000
v 1.120885 11.001913 3.900000
v 1.100885 10.981913 3.900000
v 6.520043 0.997031 -8.500454
v 6.518735 1.010785 -8.465934
v 6.538681 0.991808 -8.456894
v 6.540043 0.977031 -8.494014
v 4.799201 10.988159 2.067126
v 4.779254 10.967149 2.074018
v 4.777893 10.981913 2.111143
v 4.797893 11.001913 2.101645
v 4.797893 11.001913 6.071716
v 4.777893 10.981913 6.060000
v 4.757893 10.981913 6.080000
v 4.769609 11.001913 6.100000
v 3.518734 1.010785 -8.465934
v 3.538681 0.991808 -8.456894
v 3.540042 0.977031 -8.494014
v 3.520042 0.997031 -8.500454
v 2.720042 0.997031 -8.500454
v 2.700042 0.977031 -8.494014
v 2.698681 0.991808 -8.456894
v 2.718815 1.010785 -8.465934
v 1.797893 11.001913 2.101645
v 1.799201 10.988159 2.067126
v 1.779254 10.967149 2.074018
v 1.777893 10.981913 2.111143
v 1.769609 11.001913 3.100000
v 1.797893 11.001913 3.071716
v 1.777893 10.981913 3.060000
v 1.757893 10.981913 3.080000
v 5.720043 0.997031 -8.500454
v 5.700043 0.977031 -8.494014
v 5.698681 0.991808 -8.456894
v 5.718815 1.010785 -8.465934
v 5.599121 10.988159 2.067126
v 5.597893 11.001913 2.101645
v 5.617893 10.981913 2.111143
v 5.619255 10.967149 2.074018
v 1.120885 10.981913 6.920000
v 1.120885 11.001913 6.900000
v 1.100885 10.981913 6.900000
v 5.597893 11.001913 6.871716
v 5.569609 11.001913 6.900000
v 5.597893 10.981913 6.920000
v 5.617893 10.981913 6.900000
v 2.599120 10.988159 2.067126
v 2.597893 11.001913 2.101645
v 2.617893 10.981913 2.111143
v 2.619254 10.967149 2.074018
v 1.120885 10.981913 6.080000
v 1.100885 10.981913 6.100000
v 1.120885 11.001913 6.100000
v 2.597893 11.001913 3.871716
v 2.569608 11.001913 3.900000
v 2.597893 10.981913 3.920000
v 2.617893 10.981913 3.900000
v 3.298414 0.172814 -8.153200
v 3.297070 0.187122 -8.115846
v 3.307167 0.176568 -8.112450
v 3.308414 0.162814 -8.146970
v 3.297070 0.689070 -8.336155
v 3.298414 0.674216 -8.373269
v 3.308414 0.684216 -8.375817
v 3.307167 0.697969 -8.341297
v 2.931670 0.162814 -8.146970
v 2.930383 0.176568 -8.112450
v 2.940327 0.187122 -8.115846
v 2.941670 0.172814 -8.153200
v 2.930383 0.697970 -8.341297
v 2.931670 0.684216 -8.375817
v 2.941670 0.674216 -8.373269
v 2.940326 0.689070 -8.336155
v 2.010768 10.675344 2.191761
v 2.020864 10.664790 2.195158
v 2.019521 10.679097 2.232512
v 2.009521 10.689097 2.226281
v 2.009521 10.167697 2.455129
v 2.019521 10.177697 2.452581
v 2.020865 10.162843 2.415468
v 2.010768 10.153943 2.420609
v 1.310797 10.689097 3.688372
v 1.282513 10.689097 3.660088
v 1.292513 10.679097 3.658372
v 1.312513 10.679097 3.678372
v 1.312513 10.177697 3.678372
v 1.292513 10.177697 3.658372
v 1.282513 10.167697 3.660088
v 1.310797 10.167697 3.688372
v 2.009521 10.167697 3.283344
v 1.981237 10.167697 3.311628
v 1.999521 10.177697 3.321628
v 2.019521 10.177697 3.301628
v 1.999521 10.679097 3.321628
v 1.981237 10.689097 3.311628
v 2.009521 10.689097 3.283344
v 2.019521 10.679097 3.301628
v 1.310797 10.689097 3.311628
v 1.312513 10.679097 3.321628
v 1.292513 10.679097 3.341628
v 1.282513 10.689097 3.339912
v 1.310797 10.167697 3.311628
v 1.282513 10.167697 3.339912
v 1.292513 10.177697 3.341628
v 1.312513 10.177697 3.321628
v 2.386265 10.167697 3.660088
v 2.376265 10.177697 3.658372
v 2.356265 10.177697 3.678372
v 2.357980 10.167697 3.688372
v 2.357980 10.689097 3.688372
v 2.356265 10.679097 3.678372
v 2.376265 10.679097 3.658372
v 2.386265 10.689097 3.660088
v 2.386265 10.689097 2.226281
v 2.376265 10.679097 2.232512
v 2.377609 10.664790 2.195158
v 2.387552 10.675344 2.191761
v 2.386265 10.167697 2.455129
v 2.387552 10.153943 2.420609
v 2.377609 10.162843 2.415468
v 2.376265 10.177697 2.452581
v 2.878795 0.697969 -8.341297
v 2.868681 0.708984 -8.344206
v 2.870042 0.694216 -8.381330
v 2.880042 0.684216 -8.375817
v 2.878795 0.176568 -8.112450
v 2.880042 0.162814 -8.146970
v 2.870042 0.152814 -8.144514
v 2.868681 0.167588 -8.107392
v 3.360042 0.684216 -8.375817
v 3.370042 0.694216 -8.381330
v 3.368681 0.708984 -8.344206
v 3.358755 0.697970 -8.341297
v 3.358755 0.176568 -8.112450
v 3.368681 0.167588 -8.107392
v 3.370042 0.152814 -8.144514
v 3.360042 0.162814 -8.146970
v 2.447893 10.157697 2.460642
v 2.449254 10.142929 2.423518
v 2.439140 10.153943 2.420609
v 2.437893 10.167697 2.455129
v 2.437893 10.689097 2.226281
v 2.439140 10.675344 2.191761
v 2.449254 10.684323 2.186705
v 2.447893 10.699098 2.223826
v 1.927893 10.699098 3.250000
v 1.947893 10.699098 3.230000
v 1.957893 10.689097 3.231716
v 1.929608 10.689097 3.260000
v 1.927893 10.157697 3.250000
v 1.929608 10.167697 3.260000
v 1.957893 10.167697 3.231716
v 1.947893 10.157697 3.230000
v 1.957893 10.167697 2.455129
v 1.959180 10.153943 2.420609
v 1.949254 10.142929 2.423518
v 1.947893 10.157697 2.460642
v 1.949254 10.684323 2.186704
v 1.959180 10.675344 2.191761
v 1.957893 10.689097 2.226281
v 1.947893 10.699098 2.223826
v 2.437893 10.689097 3.711716
v 2.447893 10.699098 3.730000
v 2.427893 10.699098 3.750000
v 2.409609 10.689097 3.740000
v 2.447893 10.157697 3.730000
v 2.437893 10.167697 3.711716
v 2.409609 10.167697 3.740000
v 2.427893 10.157697 3.750000
v 1.220885 10.157697 3.730000
v 1.240885 10.157697 3.750000
v 1.259169 10.167697 3.740000
v 1.230885 10.167697 3.711716
v 1.230885 10.689097 3.711716
v 1.259169 10.689097 3.740000
v 1.240885 10.699098 3.750000
v 1.220885 10.699098 3.730000
v 1.259169 10.167697 3.260000
v 1.240885 10.157697 3.250000
v 1.220885 10.157697 3.270000
v 1.230885 10.167697 3.288284
v 1.240885 10.699098 3.250000
v 1.259169 10.689097 3.260000
v 1.230885 10.689097 3.288284
v 1.220885 10.699098 3.270000
v 5.437893 10.689097 6.711716
v 5.447893 10.699098 6.730000
v 5.427893 10.699098 6.750000
v 5.409609 10.689097 6.740000
v 5.409609 10.167697 6.740000
v 5.427893 10.157697 6.750000
v 5.447893 10.157697 6.730000
v 5.437893 10.167697 6.711716
v 5.437893 10.689097 2.226281
v 5.439140 10.675344 2.191761
v 5.449255 10.684323 2.186704
v 5.447893 10.699098 2.223826
v 5.437893 10.167697 2.455129
v 5.447893 10.157697 2.460642
v 5.449255 10.142929 2.423518
v 5.439140 10.153943 2.420609
v 1.259169 10.167697 6.740000
v 1.230885 10.167697 6.711716
v 1.220885 10.157697 6.730000
v 1.240885 10.157697 6.750000
v 1.230885 10.689097 6.711716
v 1.259169 10.689097 6.740000
v 1.240885 10.699098 6.750000
v 1.220885 10.699098 6.730000
v 4.959181 10.675344 2.191761
v 4.957893 10.689097 2.226281
v 4.947893 10.699098 2.223826
v 4.949255 10.684323 2.186704
v 4.959181 10.153943 2.420609
v 4.949255 10.142929 2.423518
v 4.947893 10.157697 2.460642
v 4.957893 10.167697 2.455129
v 5.878796 0.176568 -8.112450
v 5.880043 0.162814 -8.146970
v 5.870043 0.152814 -8.144514
v 5.868681 0.167588 -8.107392
v 5.878796 0.697969 -8.341297
v 5.868681 0.708984 -8.344206
v 5.870043 0.694216 -8.381330
v 5.880043 0.684216 -8.375817
v 1.230885 10.689097 6.288284
v 1.220885 10.699098 6.270000
v 1.240885 10.699098 6.250000
v 1.259169 10.689097 6.260000
v 1.230885 10.167697 6.288284
v 1.259169 10.167697 6.260000
v 1.240885 10.157697 6.250000
v 1.220885 10.157697 6.270000
v 4.957893 10.167697 6.231716
v 4.947893 10.157697 6.230000
v 4.927893 10.157697 6.250000
v 4.929609 10.167697 6.260000
v 4.929609 10.689097 6.260000
v 4.927893 10.699098 6.250000
v 4.947893 10.699098 6.230000
v 4.957893 10.689097 6.231716
v 6.358755 0.176568 -8.112450
v 6.368681 0.167588 -8.107392
v 6.370043 0.152814 -8.144514
v 6.360043 0.162814 -8.146970
v 6.370043 0.694216 -8.381330
v 6.368681 0.708984 -8.344206
v 6.358755 0.697970 -8.341297
v 6.360043 0.684216 -8.375817
v 5.009521 10.167697 6.283344
v 4.981237 10.167697 6.311628
v 4.999521 10.177697 6.321628
v 5.019521 10.177697 6.301628
v 4.981237 10.689097 6.311628
v 5.009521 10.689097 6.283344
v 5.019521 10.679097 6.301628
v 4.999521 10.679097 6.321628
v 5.009521 10.689097 2.226281
v 5.010768 10.675344 2.191761
v 5.020865 10.664790 2.195158
v 5.019521 10.679097 2.232512
v 5.009521 10.167697 2.455129
v 5.019521 10.177697 2.452581
v 5.020865 10.162843 2.415468
v 5.010768 10.153943 2.420609
v 6.297071 0.187122 -8.115846
v 6.307168 0.176568 -8.112450
v 6.308415 0.162814 -8.146970
v 6.298415 0.172814 -8.153200
v 6.308415 0.684216 -8.375817
v 6.307168 0.697969 -8.341297
v 6.297071 0.689070 -8.336155
v 6.298415 0.674216 -8.373269
v 5.377609 10.664790 2.195158
v 5.387553 10.675344 2.191761
v 5.386265 10.689097 2.226281
v 5.376265 10.679097 2.232512
v 5.386265 10.167697 2.455129
v 5.387553 10.153943 2.420609
v 5.377609 10.162843 2.415468
v 5.376265 10.177697 2.452581
v 1.312513 10.177697 6.678372
v 1.292513 10.177697 6.658372
v 1.282513 10.167697 6.660088
v 1.310797 10.167697 6.688372
v 1.282513 10.689097 6.660088
v 1.292513 10.679097 6.658372
v 1.312513 10.679097 6.678372
v 1.310797 10.689097 6.688372
v 1.310797 10.689097 6.311628
v 1.312513 10.679097 6.321628
v 1.292513 10.679097 6.341628
v 1.282513 10.689097 6.339912
v 1.282513 10.167697 6.339912
v 1.292513 10.177697 6.341628
v 1.312513 10.177697 6.321628
v 1.310797 10.167697 6.311628
v 5.931671 0.162814 -8.146970
v 5.930383 0.176568 -8.112450
v 5.940327 0.187122 -8.115846
v 5.941671 0.172814 -8.153200
v 5.940327 0.689070 -8.336155
v 5.930383 0.697970 -8.341297
v 5.931671 0.684216 -8.375817
v 5.941671 0.674216 -8.373269
v 5.356265 10.679097 6.678372
v 5.376265 10.679097 6.658372
v 5.386265 10.689097 6.660088
v 5.357981 10.689097 6.688372
v 5.386265 10.167697 6.660088
v 5.376265 10.177697 6.658372
v 5.356265 10.177697 6.678372
v 5.357981 10.167697 6.688372
v 5.870043 0.694216 -8.839354
v 5.860043 0.674216 -8.849354
v 5.880043 0.684216 -8.839354
v 6.440043 -0.000000 -8.849354
v 6.430043 -0.000000 -8.839354
v 3.540042 0.917031 -8.869354
v 3.520042 0.897031 -8.839354
v 3.520042 0.887031 -8.849354
v 3.423205 0.756518 -8.839354
v 3.410042 0.747031 -8.839354
v 3.427250 0.737031 -8.849354
v 2.720042 0.997031 -9.090190
v 2.720042 0.977469 -9.114354
v 2.700042 0.977031 -9.094000
v 2.773205 0.887544 -8.839354
v 2.760042 0.897031 -8.839354
v 2.762835 0.887031 -8.849354
v 5.810043 0.090000 -8.839354
v 5.820043 0.100000 -8.839354
v 5.800043 0.110000 -8.849354
v 5.870043 0.152814 -8.839354
v 5.880043 0.162814 -8.839354
v 5.860043 0.172814 -8.849354
v 2.830042 0.747031 -8.839353
v 2.816880 0.756518 -8.839353
v 2.812835 0.737031 -8.849353
v 3.308414 0.684216 -8.839354
v 3.298414 0.674216 -8.839354
v 3.308414 0.674216 -8.849354
v 3.380042 0.100000 -8.839354
v 3.380042 0.110000 -8.849354
v 3.370042 0.110000 -8.839354
v 5.773205 0.887544 -8.839354
v 5.760043 0.897031 -8.839354
v 5.762836 0.887031 -8.849354
v 2.941670 0.674216 -8.839354
v 2.931670 0.684216 -8.839354
v 2.931670 0.674216 -8.849354
v 6.380043 0.100000 -8.839354
v 6.380043 0.110000 -8.849354
v 6.370043 0.110000 -8.839354
v 3.298414 0.172814 -8.839355
v 3.308414 0.162814 -8.839355
v 3.308414 0.172814 -8.849355
v 6.298415 0.172814 -8.839355
v 6.308415 0.162814 -8.839355
v 6.308415 0.172814 -8.849355
v 6.360043 0.162814 -8.839354
v 6.370043 0.152814 -8.839354
v 6.380043 0.172814 -8.849354
v 6.380043 0.747031 -8.839354
v 6.370043 0.737031 -8.839354
v 6.380043 0.737031 -8.849354
v 5.870043 0.110000 -8.839354
v 5.860043 0.110000 -8.849354
v 5.860043 0.100000 -8.839354
v 2.870042 0.110000 -8.839354
v 2.860042 0.110000 -8.849354
v 2.860042 0.100000 -8.839354
v 2.700042 0.917031 -8.869354
v 2.720042 0.887031 -8.849354
v 2.720042 0.897031 -8.839354
v 6.420043 0.100000 -8.839354
v 6.430043 0.090000 -8.839354
v 6.440043 0.110000 -8.849354
v 6.540043 0.917031 -8.869354
v 6.520043 0.897031 -8.839354
v 6.520043 0.887031 -8.849354
v 5.700043 0.917031 -8.869354
v 5.720043 0.887031 -8.849354
v 5.720043 0.897031 -8.839354
v 3.370042 0.152814 -8.839354
v 3.380042 0.172814 -8.849354
v 3.360042 0.162814 -8.839354
v 3.420042 0.100000 -8.839354
v 3.430042 0.090000 -8.839354
v 3.440042 0.110000 -8.849354
v 5.931671 0.162814 -8.839354
v 5.941671 0.172814 -8.839354
v 5.931671 0.172814 -8.849354
v 6.360043 0.684216 -8.839354
v 6.380043 0.674216 -8.849354
v 6.370043 0.694216 -8.839354
v 2.870042 0.152814 -8.839354
v 2.880042 0.162814 -8.839354
v 2.860042 0.172814 -8.849354
v 5.870043 0.737031 -8.839354
v 5.860043 0.747031 -8.839354
v 5.860043 0.737031 -8.849354
v 3.440042 -0.000000 -8.849354
v 3.430042 -0.000000 -8.839354
v 2.870042 0.694216 -8.839354
v 2.860042 0.674216 -8.849354
v 2.880042 0.684216 -8.839354
v 3.466880 0.887544 -8.839354
v 3.477250 0.887031 -8.849354
v 3.480042 0.897031 -8.839354
v 6.466880 0.887544 -8.839354
v 6.477250 0.887031 -8.849354
v 6.480043 0.897031 -8.839354
v 5.931671 0.684216 -8.839354
v 5.931671 0.674216 -8.849354
v 5.941671 0.674216 -8.839354
v 3.370042 0.737031 -8.839354
v 3.380042 0.737031 -8.849354
v 3.380042 0.747031 -8.839354
v 5.830043 0.747031 -8.839353
v 5.816880 0.756518 -8.839353
v 5.812835 0.737031 -8.849353
v 2.810042 -0.000000 -8.839354
v 2.800042 -0.000000 -8.849354
v 5.810043 -0.000000 -8.839354
v 5.800043 -0.000000 -8.849354
v 2.810042 0.090000 -8.839354
v 2.820042 0.100000 -8.839354
v 2.800042 0.110000 -8.849354
v 6.298415 0.674216 -8.839354
v 6.308415 0.674216 -8.849354
v 6.308415 0.684216 -8.839354
v 2.931670 0.162814 -8.839354
v 2.941670 0.172814 -8.839354
v 2.931670 0.172814 -8.849354
v 3.360042 0.684216 -8.839354
v 3.380042 0.674216 -8.849354
v 3.370042 0.694216 -8.839354
v 2.860042 0.747031 -8.839354
v 2.860042 0.737031 -8.849354
v 2.870042 0.737031 -8.839354
v 6.410043 0.747031 -8.839354
v 6.427250 0.737031 -8.849354
v 6.423205 0.756518 -8.839354
v 3.540042 -0.000000 -8.869354
v 3.520042 -0.000000 -8.849354
v 2.720042 0.019561 -9.318265
v 2.700042 -0.000000 -9.302214
v 2.720042 -0.000000 -8.849354
v 2.700042 -0.000000 -8.869354
v 3.520042 0.019561 -9.318265
v 3.540042 -0.000046 -9.302214
v 6.540043 -0.000000 -8.869354
v 6.520043 -0.000000 -8.849354
v 5.720043 0.019561 -9.318265
v 5.700043 -0.000000 -9.302214
v 5.720043 -0.000000 -8.849354
v 5.700043 -0.000000 -8.869354
v 6.520043 0.019561 -9.318265
v 6.540043 -0.000046 -9.302214
v 5.987368 5.648136 -3.543973
v 5.959824 5.665202 -3.552291
v 6.020788 4.809400 -4.455756
v 6.051909 4.797956 -4.442969
v 5.949095 4.775804 -3.165721
v 5.939366 4.782637 -3.173044
v 6.018567 3.923342 -4.080197
v 6.028296 3.916509 -4.072875
v 5.439358 4.782718 -3.172958
v 5.429127 4.775015 -3.166554
v 5.508343 3.915558 -4.073878
v 5.518574 3.923261 -4.080282
v 5.579949 3.978605 -4.098660
v 5.590156 3.986308 -4.105066
v 5.510983 4.845301 -3.198232
v 5.500776 4.837598 -3.191827
v 5.938895 5.414789 -3.438581
v 5.949126 5.422493 -3.444985
v 6.028264 4.563881 -4.351417
v 6.018033 4.556178 -4.345013
v 5.429125 5.422067 -3.445435
v 5.438854 5.415233 -3.438113
v 5.518074 4.555734 -4.345481
v 5.508345 4.562568 -4.352804
v 5.946884 3.986482 -4.104882
v 5.956637 3.979649 -4.097558
v 5.877496 4.838293 -3.191093
v 5.867743 4.845126 -3.198417
v 5.368289 4.713820 -4.411247
v 5.348833 4.727488 -4.425891
v 5.269603 5.587092 -3.518411
v 5.289060 5.573425 -3.503766
v 6.051860 6.213580 -2.857033
v 6.038093 6.125530 -2.920913
v 6.054130 6.137480 -2.936824
v 6.215879 4.434050 -4.735671
v 6.201962 4.493635 -4.670959
v 6.190160 4.475667 -4.662663
v 6.068343 3.915555 -4.073881
v 6.078072 3.908722 -4.066559
v 5.998855 4.768184 -3.159230
v 5.989126 4.775017 -3.166552
v 5.458076 3.908674 -4.066609
v 5.468308 3.916377 -4.073013
v 5.389082 4.775935 -3.165583
v 5.378851 4.768232 -3.159179
v 5.979173 5.421546 -3.445985
v 5.992516 5.428963 -3.451846
v 6.071640 4.570506 -4.358114
v 6.058297 4.563089 -4.352253
v 5.478311 4.563377 -4.351949
v 5.465397 4.569754 -4.359117
v 5.386166 5.429374 -3.451620
v 5.399079 5.422997 -3.444453
v 6.027274 5.809570 -3.254469
v 6.032403 5.601743 -3.460180
v 6.027820 5.583956 -3.516748
v 6.137832 4.610070 -4.520775
v 6.108525 4.726197 -4.423699
v 6.117822 4.674989 -4.438550
v 5.329117 5.572146 -3.505116
v 5.342031 5.565770 -3.497949
v 5.421265 4.706112 -4.405485
v 5.408352 4.712489 -4.412652
v 6.205420 4.410102 -4.877292
v 6.210108 4.451217 -4.807489
v 6.225019 4.394896 -4.864273
v 6.043595 6.363267 -2.786274
v 6.043675 6.291077 -2.863684
v 6.024295 6.375227 -2.802722
v 5.289066 5.673358 -3.543680
v 5.268603 5.657951 -3.530872
v 5.347820 4.798480 -4.438211
v 5.368283 4.813887 -4.451019
v 5.500776 5.359003 -3.420670
v 5.510530 5.352170 -3.413346
v 5.589704 4.493169 -4.320189
v 5.579950 4.500002 -4.327512
v 5.956632 4.501116 -4.326336
v 5.946425 4.493413 -4.319931
v 5.867296 5.351926 -3.413604
v 5.877502 5.359629 -3.420009
v 6.018536 4.507890 -4.333721
v 6.008305 4.500187 -4.327317
v 5.929165 5.358818 -3.420865
v 5.939396 5.366521 -3.427269
v 5.938877 4.830770 -3.184499
v 5.929148 4.837603 -3.191821
v 6.008322 3.978599 -4.098666
v 6.018051 3.971766 -4.091344
v 5.439366 5.366845 -3.426927
v 5.449095 5.360012 -3.419605
v 5.528295 4.500733 -4.326741
v 5.518566 4.507566 -4.334063
v 5.518063 3.971640 -4.091477
v 5.528294 3.979344 -4.097881
v 5.449096 4.838599 -3.190769
v 5.438865 4.830896 -3.184366
v 6.031579 5.264446 -3.707204
v 6.034448 5.222195 -3.782786
v 6.069056 4.857841 -4.136454
v 6.060062 4.920176 -4.099993
v 6.010683 4.917415 -4.316521
v 5.983313 4.919019 -4.340032
v 5.887647 5.331182 -3.904914
v 5.918297 5.320565 -3.891284
v 5.997030 4.199833 -3.850575
v 5.987301 4.206666 -3.857897
v 5.950169 4.609536 -3.432590
v 5.959898 4.602703 -3.425268
v 5.888761 4.617091 -3.439152
v 5.898514 4.610258 -3.431828
v 5.935619 4.207684 -3.856823
v 5.925866 4.214517 -3.864147
v 5.558969 4.727628 -4.087209
v 5.568723 4.720795 -4.079885
v 5.531510 5.124544 -3.653649
v 5.521756 5.131377 -3.660973
v 5.521763 4.609896 -3.432210
v 5.531970 4.617599 -3.438616
v 5.569169 4.214010 -3.864683
v 5.558962 4.206307 -3.858277
v 5.898526 5.131537 -3.660804
v 5.888319 5.123835 -3.654398
v 5.925402 4.721504 -4.079136
v 5.935608 4.729207 -4.085541
v 5.497587 4.735177 -4.093776
v 5.507316 4.728343 -4.086454
v 5.470074 5.132401 -3.659892
v 5.460345 5.139235 -3.667214
v 5.459864 4.603070 -3.424880
v 5.470095 4.610773 -3.431284
v 5.507295 4.207170 -3.857366
v 5.497064 4.199466 -3.850962
v 5.960432 5.138293 -3.668209
v 5.950201 5.130589 -3.661805
v 5.987269 4.728416 -4.086377
v 5.997500 4.736119 -4.092781
v 5.487373 4.790102 -4.112597
v 5.497102 4.783268 -4.105275
v 5.459826 5.187699 -3.678320
v 5.450097 5.194532 -3.685642
v 5.309974 5.346515 -3.743315
v 5.290517 5.360182 -3.757960
v 5.327919 4.954398 -4.186343
v 5.347375 4.940731 -4.171699
v 5.347410 5.040356 -4.211937
v 5.326947 5.024949 -4.199129
v 5.289476 5.431482 -3.769954
v 5.309939 5.446889 -3.782762
v 6.013579 5.200438 -3.693098
v 6.000236 5.193021 -3.687237
v 6.037234 4.791613 -4.111001
v 6.050577 4.799030 -4.116862
v 5.420040 5.195583 -3.684532
v 5.407127 5.201960 -3.691700
v 5.444437 4.797167 -4.119037
v 5.457350 4.790791 -4.111870
v 5.387412 4.939680 -4.172808
v 5.400325 4.933303 -4.165640
v 5.362971 5.338579 -3.737793
v 5.350058 5.344955 -3.744961
v 5.497566 4.151192 -3.839657
v 5.487334 4.143489 -3.833253
v 5.450135 4.547084 -3.407180
v 5.460367 4.554787 -3.413584
v 5.399865 4.540236 -3.399873
v 5.410097 4.547939 -3.406277
v 5.447294 4.144373 -3.832319
v 5.437062 4.136670 -3.825915
v 6.010149 4.546929 -3.407343
v 6.019878 4.540096 -3.400021
v 6.057049 4.136810 -3.825767
v 6.047320 4.143643 -3.833090
v 6.007273 4.144595 -3.832085
v 5.997544 4.151428 -3.839408
v 5.960389 4.554551 -3.413833
v 5.970118 4.547718 -3.406511
v 5.996983 4.784561 -4.103910
v 6.007214 4.792264 -4.110314
v 5.970176 5.194109 -3.686088
v 5.959945 5.186406 -3.679684
v 3.540042 0.792574 -9.133265
v 3.520042 0.796142 -9.152954
v 3.524258 0.852425 -9.126449
v 3.334653 0.977469 -9.114354
v 3.334654 0.997031 -9.090190
v 3.388140 0.983361 -9.099125
v 3.520042 0.997031 -8.904801
v 3.540042 0.977031 -8.905410
v 3.524258 0.982825 -8.965369
v 3.451903 0.910824 -9.128541
v 3.476154 0.933065 -9.109386
v 3.451903 0.997031 -9.022052
v 3.476154 0.982926 -9.047794
v 3.540042 0.909235 -9.039118
v 3.524220 0.934818 -9.059887
v 5.905431 0.997031 -9.090190
v 5.905432 0.977469 -9.114354
v 5.851944 0.983361 -9.099125
v 5.720043 0.796142 -9.152954
v 5.700043 0.792574 -9.133265
v 5.715827 0.852425 -9.126449
v 5.700043 0.977031 -8.905410
v 5.720043 0.997031 -8.904801
v 5.715827 0.982824 -8.965369
v 5.788181 0.910824 -9.128541
v 5.763931 0.933065 -9.109386
v 5.700043 0.909235 -9.039117
v 5.715865 0.934876 -9.059815
v 5.788181 0.997031 -9.022051
v 5.763930 0.982926 -9.047793
v 6.520043 0.997031 -8.904801
v 6.540043 0.977031 -8.905410
v 6.524259 0.982824 -8.965369
v 6.540043 0.792574 -9.133265
v 6.520043 0.796142 -9.152954
v 6.524259 0.852425 -9.126449
v 6.334654 0.977469 -9.114354
v 6.334655 0.997031 -9.090190
v 6.388142 0.983361 -9.099125
v 6.540043 0.909235 -9.039118
v 6.524221 0.934818 -9.059887
v 6.451904 0.910824 -9.128541
v 6.476155 0.933065 -9.109386
v 6.451904 0.997031 -9.022052
v 6.476156 0.982927 -9.047793
vt 0.007211 1.737986
vt 0.375912 1.737986
vt 0.375912 1.742267
vt 0.007211 1.742267
vt 1.330219 0.162120
vt 0.276913 0.254082
vt 0.276913 0.250086
vt 1.330219 0.158125
vt 0.273461 0.254211
vt 0.148305 0.254211
vt 0.144305 0.250211
vt 0.273461 0.250211
vt 0.805523 1.796407
vt 0.851523 1.796407
vt 0.851523 1.800689
vt 0.805523 1.800689
vt 0.148477 1.796407
vt 0.299094 1.796407
vt 0.300800 1.800689
vt 0.148477 1.800689
vt -0.405412 0.800201
vt -0.405412 0.795919
vt -0.359610 0.795919
vt -0.361316 0.800201
vt 0.148477 1.737986
vt 0.273707 1.737986
vt 0.275413 1.742267
vt 0.148477 1.742267
vt 1.099523 1.726985
vt 1.157523 1.726985
vt 1.157523 1.735986
vt 1.099523 1.735986
vt 0.161227 1.204769
vt 0.722581 1.736508
vt 0.720875 1.740790
vt 0.160087 1.209587
vt 1.105523 1.737986
vt 1.151523 1.737986
vt 1.151523 1.742267
vt 1.105523 1.742267
vt 0.730589 1.726985
vt 0.795316 1.726985
vt 0.795523 1.735986
vt 0.727090 1.735986
vt 0.302806 1.794930
vt 1.355898 0.797396
vt 1.357604 0.801678
vt 0.304513 1.799212
vt -0.405412 0.218996
vt -0.451698 0.145996
vt -0.405412 0.156996
vt 0.624088 1.737986
vt 0.742789 1.737986
vt 0.742789 1.742267
vt 0.624088 1.742267
vt 0.805523 1.737986
vt 0.851523 1.737986
vt 0.851523 1.742267
vt 0.805523 1.742267
vt -0.151523 1.737986
vt 0.273707 1.737986
vt 0.275413 1.742267
vt -0.151523 1.742267
vt 1.405412 0.157996
vt 1.405412 0.161996
vt 1.333671 0.161996
vt 1.333671 0.157996
vt 1.334223 0.737497
vt 1.405412 0.737497
vt 1.405412 0.741779
vt 1.335928 0.741779
vt -0.151523 1.796407
vt 0.299094 1.796407
vt 0.300800 1.800689
vt -0.151523 1.800689
vt 0.802523 0.309039
vt 0.802523 0.376083
vt 0.799523 0.379083
vt 0.799523 0.312039
vt 0.007211 1.796407
vt 0.375912 1.796407
vt 0.375912 1.800689
vt 0.007211 1.800689
vt 0.197477 0.376083
vt 0.197477 0.309039
vt 0.201477 0.313039
vt 0.201477 0.380083
vt -0.102523 0.376083
vt -0.102523 0.009039
vt -0.098523 0.013039
vt -0.098523 0.380083
vt 0.145477 0.257039
vt 0.145477 0.376083
vt 0.141477 0.380083
vt 0.141477 0.253039
vt 0.624088 1.737986
vt 1.042789 1.737986
vt 1.042789 1.742267
vt 0.624088 1.742267
vt 0.135830 1.263182
vt 0.697194 1.794930
vt 0.695487 1.799212
vt 0.134712 1.268021
vt 0.726293 1.737986
vt 1.101523 1.737986
vt 1.101523 1.742267
vt 0.724587 1.742267
vt 0.277419 1.736508
vt 1.330510 0.738974
vt 1.332216 0.743256
vt 0.279125 1.740790
vt 0.726293 1.737986
vt 0.801523 1.737986
vt 0.801523 1.742267
vt 0.724587 1.742267
vt -0.151695 0.378912
vt -0.105351 0.378912
vt -0.101351 0.382912
vt -0.155695 0.382912
vt 0.276913 0.306086
vt 1.330219 0.214125
vt 1.330219 0.218120
vt 0.276913 0.310082
vt -0.405412 -0.083004
vt -0.405412 -0.086004
vt -0.361562 -0.086004
vt -0.361562 -0.083004
vt 0.133979 -0.042913
vt 0.695196 0.006086
vt 0.695196 0.009082
vt 0.134078 -0.039908
vt 1.368070 0.228118
vt 0.314764 0.320080
vt 0.314764 0.240088
vt 1.368070 0.148127
vt 0.612089 1.818689
vt 0.759789 1.818689
vt 0.759789 1.824689
vt 0.612089 1.824689
vt 1.405412 0.743779
vt 1.405412 0.793919
vt 1.358804 0.793919
vt 1.336797 0.743779
vt -0.405412 0.216996
vt -0.405412 0.213996
vt -0.361562 0.213996
vt -0.361562 0.216996
vt 0.624088 1.796407
vt 0.742789 1.796407
vt 0.742789 1.800689
vt 0.624088 1.800689
vt 0.786004 0.743779
vt 0.793167 0.793919
vt 0.786004 0.793919
vt -0.168523 0.387912
vt -0.168523 -0.056961
vt -0.088523 0.023039
vt -0.088523 0.387912
vt 1.359610 0.795919
vt 1.405412 0.795919
vt 1.405412 0.800200
vt 1.361316 0.800200
vt 1.009206 -0.120542
vt 1.368070 -0.151874
vt 1.368070 -0.071882
vt -0.358110 -0.085875
vt 0.043243 -0.050835
vt 0.043328 -0.047831
vt -0.358110 -0.082880
vt 0.302806 1.794930
vt 0.864204 1.263149
vt 0.865335 1.267976
vt 0.304513 1.799212
vt 0.624088 1.796407
vt 1.042789 1.796407
vt 1.042789 1.800689
vt 0.624088 1.800689
vt 1.104523 0.374083
vt 1.104523 0.007039
vt 1.109686 0.001876
vt 1.109686 0.368920
vt 1.411957 0.147996
vt 1.423682 0.154810
vt 1.430496 0.166535
vt 0.700906 1.796407
vt 0.801523 1.796407
vt 0.801523 1.800689
vt 0.699200 1.800689
vt 0.698648 0.006211
vt 1.099695 0.006211
vt 1.096695 0.009210
vt 0.698648 0.009211
vt 0.954849 1.177286
vt 1.355898 0.797396
vt 1.357604 0.801678
vt 0.955978 1.182115
vt 1.105523 1.796407
vt 1.151523 1.796407
vt 1.151523 1.800689
vt 1.105523 1.800689
vt 0.307211 1.796407
vt 0.375912 1.796407
vt 0.375912 1.800689
vt 0.307211 1.800689
vt 0.272975 1.725566
vt 1.326171 0.727898
vt 1.329714 0.736975
vt 0.276622 1.734509
vt -0.326171 -0.142873
vt 0.075159 -0.107833
vt 0.075158 -0.045833
vt -0.326188 -0.080868
vt 0.013418 1.726985
vt 0.381912 1.726985
vt 0.381912 1.735986
vt 0.013211 1.735986
vt 0.165904 -0.099910
vt 0.727025 -0.050926
vt 0.727007 0.011079
vt 0.165905 -0.037910
vt 0.730589 1.726985
vt 1.095316 1.726985
vt 1.095523 1.735986
vt 0.727090 1.735986
vt -0.157316 1.726985
vt 0.269411 1.727012
vt 0.272910 1.735986
vt -0.157523 1.735986
vt 1.329753 0.726497
vt 1.405412 0.726497
vt 1.405412 0.735497
vt 1.333426 0.735497
vt 0.795316 0.311211
vt 0.730589 0.311211
vt 0.730589 0.249211
vt 0.857316 0.249211
vt 0.618088 1.726985
vt 0.748582 1.726985
vt 0.748789 1.735986
vt 0.618088 1.735986
vt 0.305264 1.801174
vt 1.358399 0.803598
vt 1.363625 0.816715
vt 0.310490 1.814291
vt 1.097523 0.381911
vt 1.097730 0.013418
vt 1.159523 0.381911
vt 0.797523 0.381911
vt 0.859523 0.381911
vt 0.857523 0.383911
vt 0.165905 1.194049
vt 0.727007 1.725585
vt 0.723378 1.734509
vt 0.162605 1.203321
vt 0.799523 1.726985
vt 0.857523 1.726985
vt 0.857523 1.735986
vt 0.799523 1.735986
vt 0.618088 1.726985
vt 1.048582 1.726985
vt 1.048789 1.735986
vt 0.618088 1.735986
vt -0.405412 0.735497
vt -0.405412 0.726497
vt -0.329753 0.726471
vt -0.333426 0.735497
vt -0.405412 0.741779
vt -0.405412 0.737497
vt -0.334223 0.737497
vt -0.335928 0.741779
vt 0.313418 1.726985
vt 0.381912 1.726985
vt 0.381912 1.735986
vt 0.313211 1.735986
vt 0.838049 -0.094909
vt 0.276913 -0.045918
vt 0.276913 -0.049914
vt 0.838132 -0.098913
vt -0.154523 -0.042961
vt -0.154523 0.376083
vt -0.158523 0.380083
vt -0.158523 -0.046961
vt -0.405412 -0.081004
vt -0.451698 -0.154004
vt -0.405412 -0.143004
vt -0.405412 0.741779
vt -0.405412 0.737497
vt -0.334223 0.737497
vt -0.335928 0.741779
vt -0.330510 0.738974
vt 0.722581 1.736508
vt 0.720875 1.740790
vt -0.332216 0.743256
vt -0.326188 0.727917
vt 0.727007 1.725585
vt 0.723378 1.734509
vt -0.329713 0.736975
vt 0.928865 -0.050834
vt 1.330219 -0.085876
vt 1.330219 -0.081880
vt 0.928778 -0.046831
vt 1.355093 0.795404
vt 0.953470 1.175839
vt 0.931965 1.125146
vt 1.333062 0.745210
vt 0.698409 1.802637
vt 0.796109 1.802637
vt 0.791742 1.815740
vt 0.693188 1.815740
vt 0.012625 1.802637
vt 0.380912 1.802637
vt 0.380912 1.815740
vt 0.016992 1.815740
vt 0.619088 1.802637
vt 1.048008 1.802637
vt 1.052376 1.815740
vt 0.619088 1.815740
vt -0.156742 1.802637
vt 0.301591 1.802637
vt 0.306812 1.815740
vt -0.161109 1.815740
vt 0.133361 1.269435
vt 0.694707 1.801166
vt 0.689492 1.814254
vt 0.128728 1.283074
vt -0.405412 0.815252
vt -0.405412 0.802149
vt -0.362078 0.802149
vt -0.367298 0.815252
vt 0.311684 1.817211
vt 0.807180 1.347855
vt 0.800104 1.362824
vt 0.314075 1.823212
vt 0.612089 1.818689
vt 1.059789 1.818689
vt 1.059789 1.824689
vt 0.612089 1.824689
vt 0.864523 0.381083
vt 0.864523 0.247039
vt 0.868523 0.243039
vt 0.868523 0.385083
vt -0.430877 0.824201
vt -0.408412 0.818201
vt -0.368488 0.818201
vt -0.370878 0.824201
vt 0.689220 0.244082
vt -0.364086 0.152121
vt -0.364086 0.148127
vt 0.689220 0.240088
vt 0.305264 1.801174
vt 0.866662 1.269394
vt 0.867495 1.286672
vt 0.310490 1.814291
vt 0.312625 1.802637
vt 0.380912 1.802637
vt 0.380912 1.815740
vt 0.316992 1.815740
vt 0.957288 1.183548
vt 1.358399 0.803598
vt 1.363625 0.816715
vt 0.965332 1.193996
vt 1.362078 0.802149
vt 1.405412 0.802149
vt 1.405412 0.815252
vt 1.367298 0.815252
vt 0.143258 1.802637
vt 0.301592 1.802637
vt 0.306812 1.815740
vt 0.138891 1.815740
vt 0.619088 1.802637
vt 0.748008 1.802637
vt 0.752375 1.815740
vt 0.619088 1.815740
vt -0.405412 0.815252
vt -0.405412 0.802149
vt -0.362078 0.802149
vt -0.367298 0.815252
vt 0.131477 0.243039
vt 0.211477 0.323039
vt 0.211477 0.387912
vt 0.131477 0.387912
vt 1.100298 1.802689
vt 1.156748 1.802689
vt 1.161082 1.815689
vt 1.095965 1.815689
vt 0.698409 1.802637
vt 1.096109 1.802637
vt 1.091742 1.815740
vt 0.693188 1.815740
vt 0.995044 1.169902
vt 1.364775 0.819677
vt 1.367166 0.825678
vt 1.007904 1.165987
vt 1.161695 -0.055790
vt 0.692672 -0.055790
vt 0.692672 -0.059790
vt 1.165695 -0.059790
vt 0.689220 -0.055918
vt 0.153076 -0.102728
vt 0.186432 -0.103809
vt 0.689220 -0.059912
vt 0.730589 -0.050789
vt 1.157316 -0.050789
vt 1.095316 0.011211
vt 0.730589 0.011211
vt 1.164523 0.381083
vt 1.164523 -0.052961
vt 1.168523 -0.056961
vt 1.168523 0.385083
vt -0.364086 0.224125
vt 0.689220 0.316086
vt 0.689220 0.320080
vt -0.364086 0.228119
vt 0.692672 0.016211
vt 1.089695 0.016211
vt 1.085695 0.020211
vt 0.692672 0.020211
vt 0.861695 0.244211
vt 0.692672 0.244211
vt 0.692672 0.240211
vt 0.865695 0.240211
vt 0.801749 -0.102430
vt 0.876706 -0.095982
vt 0.875845 -0.028907
vt 1.092523 0.019039
vt 1.092523 0.381083
vt 1.088523 0.385083
vt 1.088523 0.023039
vt -0.364775 0.819677
vt 0.688316 1.817211
vt 0.685925 1.823212
vt -0.367166 0.825678
vt 0.692672 0.316211
vt 0.789695 0.316211
vt 0.785695 0.320211
vt 0.692672 0.320211
vt 0.126682 1.285207
vt 0.688316 1.817211
vt 0.685925 1.823212
vt 0.125436 1.292293
vt 0.026446 -0.113783
vt -0.364086 -0.147880
vt -0.364086 -0.151873
vt 0.012257 -0.119016
vt 0.692028 1.818689
vt 1.084523 1.818689
vt 1.084523 1.824689
vt 0.689637 1.824689
vt 0.792523 0.319039
vt 0.792523 0.381083
vt 0.788523 0.385083
vt 0.788523 0.323039
vt 0.795352 0.383911
vt 0.861695 0.383911
vt 0.865695 0.387911
vt 0.791351 0.387911
vt 0.324211 1.818689
vt 0.387912 1.818689
vt 0.387912 1.824689
vt 0.324211 1.824689
vt 1.095351 0.383911
vt 1.161695 0.383911
vt 1.165695 0.387911
vt 1.091352 0.387911
vt 0.311684 1.817211
vt 1.364775 0.819677
vt 1.367166 0.825678
vt 0.314075 1.823212
vt 1.088523 1.818689
vt 1.168523 1.818689
vt 1.168523 1.824689
vt 1.088523 1.824689
vt 0.924840 1.108091
vt 1.326171 0.727898
vt 1.329714 0.736975
vt 0.928133 1.117370
vt 0.788523 1.818689
vt 0.868523 1.818689
vt 0.868523 1.824689
vt 0.788523 1.824689
vt 0.024211 1.818689
vt 0.387912 1.818689
vt 0.387912 1.824689
vt 0.024211 1.824689
vt 0.131477 1.818689
vt 0.307972 1.818689
vt 0.310363 1.824689
vt 0.131477 1.824689
vt 0.692028 1.818689
vt 0.784523 1.818689
vt 0.784523 1.824689
vt 0.689637 1.824689
vt 0.851695 0.254211
vt 0.698648 0.254211
vt 0.698648 0.251211
vt 0.854695 0.251211
vt 0.854523 0.376083
vt 0.854523 0.257039
vt 0.857523 0.254039
vt 0.857523 0.379083
vt 0.805351 0.378911
vt 0.851695 0.378911
vt 0.854695 0.381911
vt 0.802351 0.381911
vt -0.361562 0.161996
vt -0.405412 0.161996
vt -0.405412 0.158996
vt -0.361562 0.158996
vt 0.148305 0.378912
vt 0.194649 0.378912
vt 0.198649 0.382912
vt 0.144305 0.382912
vt 0.698648 0.306211
vt 0.799695 0.306211
vt 0.796695 0.309211
vt 0.698648 0.309211
vt 1.334223 0.737497
vt 1.405412 0.737497
vt 1.405412 0.741779
vt 1.335928 0.741779
vt 0.695196 0.254082
vt -0.358110 0.162121
vt -0.358110 0.159125
vt 0.695196 0.251086
vt 1.102523 0.009039
vt 1.102523 0.376083
vt 1.099523 0.379083
vt 1.099523 0.012039
vt 1.105351 0.378911
vt 1.151695 0.378911
vt 1.154695 0.381911
vt 1.102352 0.381911
vt 0.307211 1.737986
vt 0.375912 1.737986
vt 0.375912 1.742267
vt 0.307211 1.742267
vt 0.701151 0.256211
vt 0.849695 0.256211
vt 0.844532 0.261373
vt 0.701151 0.261373
vt -0.361562 -0.138004
vt -0.405412 -0.138004
vt -0.405412 -0.141004
vt -0.361562 -0.141004
vt 1.154523 0.376083
vt 1.154523 -0.042961
vt 1.157523 -0.045961
vt 1.157523 0.379083
vt 0.277419 1.736508
vt 0.838781 1.204761
vt 0.839927 1.209574
vt 0.279125 1.740790
vt -0.405412 0.800201
vt -0.405412 0.795919
vt -0.359610 0.795919
vt -0.361316 0.800201
vt 0.192649 0.376912
vt 0.150305 0.376912
vt 0.155468 0.371749
vt 0.187486 0.371749
vt -0.104523 0.007039
vt -0.104523 0.374083
vt -0.109686 0.368920
vt -0.109686 0.001876
vt 1.108686 1.794407
vt 0.701774 1.794407
vt 0.723781 1.744267
vt 1.108686 1.744267
vt 0.804523 0.374083
vt 0.804523 0.307039
vt 0.809686 0.301876
vt 0.809686 0.368920
vt 1.332722 -0.087880
vt 0.931265 -0.052829
vt 0.931343 -0.057995
vt 1.332722 -0.093038
vt 0.045849 -0.052830
vt -0.355607 -0.087880
vt -0.355607 -0.093038
vt 0.045772 -0.057995
vt 0.808686 1.794407
vt 0.701774 1.794407
vt 0.723781 1.744267
vt 0.808686 1.744267
vt 0.695196 -0.045918
vt 0.134024 -0.094913
vt 0.133924 -0.097917
vt 0.695196 -0.048914
vt 0.150305 0.256211
vt 0.275964 0.256211
vt 0.275964 0.261374
vt 0.155468 0.261374
vt 0.852523 0.259039
vt 0.852523 0.374083
vt 0.847360 0.368920
vt 0.847360 0.264202
vt 0.840554 -0.044910
vt 0.279416 0.004082
vt 0.279416 -0.001077
vt 0.840660 -0.050078
vt 0.697699 0.004082
vt 0.136562 -0.044910
vt 0.136456 -0.050078
vt 0.697699 -0.001077
vt -0.405412 -0.130841
vt -0.405412 -0.136004
vt -0.359059 -0.136004
vt -0.359059 -0.130841
vt 0.275964 0.304211
vt 0.198305 0.304211
vt 0.193143 0.299048
vt 0.275964 0.299048
vt 0.136436 -0.092917
vt 0.697699 -0.043914
vt 0.697699 -0.038756
vt 0.136522 -0.087750
vt 0.298226 1.794407
vt 0.155640 1.794407
vt 0.155640 1.744267
vt 0.276219 1.744267
vt 0.368749 1.794407
vt 0.300048 1.794407
vt 0.300048 1.744267
vt 0.368749 1.744267
vt 0.195477 0.307039
vt 0.195477 0.374083
vt 0.190314 0.368920
vt 0.190314 0.301876
vt 0.849695 0.376911
vt 0.807351 0.376911
vt 0.812514 0.371749
vt 0.844532 0.371749
vt -0.358804 0.793919
vt -0.405412 0.793919
vt -0.405412 0.743779
vt -0.336797 0.743779
vt 0.844360 1.794407
vt 0.812686 1.794407
vt 0.812686 1.744267
vt 0.844360 1.744267
vt 0.801695 0.304211
vt 0.701151 0.304211
vt 0.701151 0.299048
vt 0.806857 0.299048
vt 1.332722 0.212121
vt 0.279416 0.304082
vt 0.279416 0.298923
vt 1.332722 0.206962
vt 0.279416 0.256086
vt 1.332722 0.164124
vt 1.332722 0.169283
vt 0.279416 0.261245
vt 0.368749 1.794407
vt 0.000048 1.794407
vt 0.000048 1.744267
vt 0.368749 1.744267
vt 0.128011 -0.032912
vt 0.689220 0.016086
vt 0.689220 0.020080
vt 0.128146 -0.028906
vt -0.358804 0.793919
vt -0.405412 0.793919
vt -0.405412 0.743779
vt -0.336797 0.743779
vt 0.046504 1.175814
vt -0.355092 0.795404
vt -0.333062 0.745210
vt 0.068017 1.125128
vt 0.698039 1.792976
vt 0.137188 1.261714
vt 0.158700 1.211028
vt 0.720070 1.742782
vt 1.035627 1.794407
vt 0.631251 1.794407
vt 0.631251 1.744267
vt 1.035627 1.744267
vt 1.144360 1.794407
vt 1.112686 1.794407
vt 1.112686 1.744267
vt 1.144360 1.744267
vt 0.275964 0.004211
vt -0.101695 0.004211
vt -0.106857 -0.000952
vt 0.275964 -0.000952
vt 0.931344 -0.100832
vt 1.332722 -0.135876
vt 1.332722 -0.130717
vt 0.931233 -0.095664
vt 0.147477 0.374083
vt 0.147477 0.259039
vt 0.152640 0.264202
vt 0.152640 0.368920
vt 0.298226 1.794407
vt -0.144360 1.794407
vt -0.144360 1.744267
vt 0.276219 1.744267
vt -0.405412 0.169159
vt -0.405412 0.163996
vt -0.359059 0.163996
vt -0.359059 0.169159
vt -0.359059 0.211996
vt -0.405412 0.211996
vt -0.405412 0.206833
vt -0.359059 0.206833
vt 1.101695 0.004211
vt 0.701151 0.004211
vt 0.701151 -0.000952
vt 1.106857 -0.000952
vt 1.405412 0.206833
vt 1.405412 0.211996
vt 1.336174 0.211996
vt 1.336174 0.206833
vt 1.152523 -0.040961
vt 1.152523 0.374083
vt 1.147360 0.368920
vt 1.147360 -0.035798
vt 1.336174 0.163996
vt 1.405412 0.163996
vt 1.405412 0.169159
vt 1.336174 0.169159
vt 0.697699 0.304082
vt -0.355607 0.212121
vt -0.355607 0.206962
vt 0.697699 0.298923
vt 1.149695 0.376911
vt 1.107352 0.376911
vt 1.112514 0.371749
vt 1.144532 0.371749
vt 0.701151 -0.043789
vt 1.149695 -0.043789
vt 1.144532 -0.038627
vt 0.701151 -0.038627
vt -0.152523 0.374083
vt -0.152523 -0.040961
vt -0.147360 -0.035798
vt -0.147360 0.368920
vt 0.735626 1.794407
vt 0.631251 1.794407
vt 0.631251 1.744267
vt 0.735626 1.744267
vt -0.149695 -0.043789
vt 0.275964 -0.043789
vt 0.275964 -0.038627
vt -0.144532 -0.038627
vt 1.370878 0.824200
vt 1.368488 0.818200
vt 1.408412 0.818200
vt 0.929497 1.118832
vt 1.330510 0.738974
vt 1.332216 0.743256
vt 0.930611 1.123674
vt -0.364086 -0.075875
vt 0.037258 -0.040835
vt 0.037398 -0.036829
vt -0.364086 -0.071882
vt -0.099695 0.006211
vt 0.273461 0.006211
vt 0.273461 0.010211
vt -0.095695 0.010211
vt -0.408412 0.818201
vt -0.368488 0.818201
vt -0.370878 0.824201
vt -0.359059 -0.088004
vt -0.405412 -0.088004
vt -0.405412 -0.093167
vt -0.359059 -0.093167
vt 1.333671 0.213996
vt 1.405412 0.213996
vt 1.405412 0.217996
vt 1.333671 0.217996
vt 0.043381 -0.102827
vt -0.358110 -0.137880
vt -0.358110 -0.140875
vt 0.043298 -0.105830
vt 1.355093 0.795404
vt 0.301961 1.792976
vt 0.279930 1.742782
vt 1.333062 0.745210
vt -0.355898 0.797396
vt 0.045117 1.177254
vt 0.043975 1.182071
vt -0.357604 0.801678
vt -0.358381 0.803635
vt 0.042611 1.183473
vt 0.037975 1.197109
vt -0.363596 0.816723
vt -0.405412 0.735497
vt -0.405412 0.726497
vt -0.329753 0.726471
vt -0.333426 0.735497
vt 0.727007 0.311079
vt -0.326188 0.219132
vt -0.326171 0.157127
vt 0.727025 0.249074
vt -0.355607 -0.135875
vt 0.045791 -0.100831
vt 0.045889 -0.095663
vt -0.355607 -0.130717
vt 0.698039 1.792976
vt -0.355092 0.795404
vt -0.333062 0.745210
vt 0.720070 1.742782
vt -0.330510 0.738974
vt 0.070495 1.118824
vt 0.069375 1.123661
vt -0.332216 0.743256
vt -0.358110 0.214125
vt 0.695196 0.306086
vt 0.695196 0.309082
vt -0.358110 0.217121
vt -0.358381 0.803635
vt 0.694707 1.801166
vt 0.689492 1.814254
vt -0.363596 0.816723
vt 0.311312 0.240211
vt 0.311312 0.320211
vt 0.214305 0.320211
vt 0.134305 0.240211
vt -0.326188 0.727917
vt 0.075158 1.108090
vt 0.071862 1.117365
vt -0.329713 0.736975
vt -0.355898 0.797396
vt 0.697194 1.794930
vt 0.695487 1.799212
vt -0.357604 0.801678
vt -0.405412 0.227996
vt -0.405412 0.223996
vt -0.367538 0.223996
vt -0.367538 0.227996
vt -0.355607 0.164125
vt 0.697699 0.256086
vt 0.697699 0.261245
vt -0.355607 0.169283
vt 0.862837 1.261690
vt 0.301961 1.792976
vt 0.279930 1.742782
vt 0.841319 1.211010
vt 0.166535 0.824244
vt 0.147996 0.806112
vt 0.227996 0.728454
vt 0.911968 -0.088765
vt 0.899753 -0.030994
vt -0.451698 0.726497
vt -0.408412 0.726497
vt -0.072004 0.806112
vt -0.133465 0.824244
vt -0.152004 0.806112
vt -0.364775 0.819677
vt 0.035934 1.199246
vt 0.034702 1.206345
vt -0.367166 0.825678
vt 0.844004 0.737497
vt 0.842725 0.800200
vt 0.838004 0.793919
vt 1.144004 0.737497
vt 1.142725 0.800200
vt 1.138004 0.793919
vt 1.329753 0.726497
vt 1.405412 0.726497
vt 1.405412 0.735497
vt 1.333426 0.735497
vt 1.336174 -0.136004
vt 1.405412 -0.136004
vt 1.405412 -0.130842
vt 1.336174 -0.130842
vt 1.405412 -0.093167
vt 1.405412 -0.088004
vt 1.336174 -0.088004
vt 1.336174 -0.093167
vt -0.107351 0.376912
vt -0.149695 0.376912
vt -0.144532 0.371749
vt -0.112514 0.371749
vt 0.279416 -0.043914
vt 0.840659 -0.092915
vt 0.840586 -0.087750
vt 0.279416 -0.038755
vt 1.086004 0.743779
vt 1.093167 0.793919
vt 1.086004 0.793919
vt 0.967053 -0.102079
vt 0.966579 -0.036828
vt 0.942671 -0.034741
vt 0.955480 -0.098331
vt 1.405412 0.743779
vt 1.405412 0.793919
vt 1.358804 0.793919
vt 1.336797 0.743779
vt -0.367538 -0.148004
vt -0.405412 -0.148004
vt -0.405412 -0.152004
vt -0.367538 -0.152004
vt -0.168523 1.818689
vt 0.307972 1.818689
vt 0.310363 1.824689
vt -0.168523 1.824689
vt 1.370878 0.824200
vt 1.368488 0.818200
vt 1.408412 0.818200
vt 1.362078 0.802149
vt 1.405412 0.802149
vt 1.405412 0.815252
vt 1.367298 0.815252
vt -0.085695 0.020211
vt -0.165695 -0.059789
vt 0.311312 -0.059789
vt 0.311312 0.020211
vt -0.405412 -0.072004
vt -0.405412 -0.076004
vt -0.367538 -0.076004
vt -0.367538 -0.072004
vt 1.333671 -0.086004
vt 1.405412 -0.086004
vt 1.405412 -0.082004
vt 1.333671 -0.082004
vt 0.142684 1.726985
vt 0.269411 1.727012
vt 0.272910 1.735986
vt 0.142477 1.735986
vt 0.272975 1.725566
vt 0.834096 1.194048
vt 0.837400 1.203316
vt 0.276622 1.734509
vt 0.800298 1.802689
vt 0.856748 1.802689
vt 0.861082 1.815689
vt 0.795965 1.815689
vt 1.371522 -0.072004
vt 1.371522 -0.152004
vt 1.430496 -0.090543
vt 0.700906 1.796407
vt 1.101523 1.796407
vt 1.101523 1.800689
vt 0.699200 1.800689
vt 0.276913 0.006086
vt 0.838132 -0.042913
vt 0.838035 -0.038908
vt 0.276913 0.010082
vt 1.405412 -0.142004
vt 1.405412 -0.138004
vt 1.333671 -0.138004
vt 1.333671 -0.142004
vt 1.151695 -0.045790
vt 0.698648 -0.045790
vt 0.698648 -0.048789
vt 1.154695 -0.048789
vt 1.330219 -0.137880
vt 0.928764 -0.102830
vt 0.928865 -0.106834
vt 1.330219 -0.141876
vt 1.359610 0.795919
vt 1.405412 0.795919
vt 1.405412 0.800200
vt 1.361316 0.800200
vt 0.059889 1.221937
vt 0.058610 1.228992
vt 0.109914 -0.097018
vt 0.109799 -0.100024
vt 0.907214 -0.050730
vt 0.907305 -0.055896
vt 0.069885 -0.098727
vt 0.069969 -0.093561
vt 0.953129 1.218239
vt 0.910605 1.258554
vt 0.899756 1.248717
vt 0.931476 1.218515
vt 0.067263 -0.048737
vt 0.067336 -0.045735
vt 0.110070 -0.042004
vt 0.109959 -0.045010
vt 1.002226 1.171619
vt 0.965774 1.206293
vt 0.963847 1.199117
vt 0.988573 1.175861
vt 0.066619 1.206214
vt 0.061959 1.219828
vt 0.094557 1.141617
vt 0.093427 1.146444
vt 0.904054 1.140178
vt 0.900763 1.130898
vt 0.890787 1.246541
vt 0.892197 1.252942
vt 0.906534 1.146481
vt 0.905418 1.141640
vt 0.099237 -0.105731
vt 0.099233 -0.043731
vt 0.141830 -0.040012
vt 0.141826 -0.102012
vt 0.873152 1.284893
vt 0.875874 1.291311
vt 0.807845 1.355605
vt 0.815159 1.340245
vt 0.069145 1.200015
vt 0.067996 1.204824
vt 0.067423 -0.103723
vt 0.067492 -0.100722
vt 0.904685 -0.100727
vt 0.904786 -0.104732
vt 0.931868 1.204953
vt 0.930755 1.200109
vt 0.110691 1.245267
vt 0.111802 1.240421
vt 0.273461 -0.045789
vt -0.151695 -0.045789
vt -0.155695 -0.049789
vt 0.273461 -0.049789
vt 0.907159 -0.093562
vt 0.907267 -0.098730
vt 0.862195 -0.045014
vt 0.862105 -0.041010
vt 0.865392 1.188206
vt 0.886917 1.238881
vt 0.092055 1.147898
vt 0.070535 1.198577
vt 0.104192 -0.030998
vt 0.104027 -0.035006
vt 0.929391 1.198648
vt 0.907892 1.147949
vt 0.138536 1.180521
vt 0.141831 1.171245
vt 0.099233 1.130894
vt 0.095932 1.140164
vt 0.858174 1.171241
vt 0.861479 1.180507
vt 0.136035 1.186804
vt 0.137165 1.181976
vt 0.061242 -0.038741
vt 0.061353 -0.034738
vt 0.104744 1.260355
vt 0.109353 1.246693
vt 0.101528 1.269646
vt 0.102727 1.262516
vt 0.904709 -0.044729
vt 0.904802 -0.048733
vt 0.112443 -0.089853
vt 0.112343 -0.095020
vt 0.113158 1.238952
vt 0.134662 1.188257
vt 0.864698 -0.052176
vt 0.864605 -0.047010
vt 0.864736 -0.095017
vt 0.864660 -0.089851
vt 0.069802 -0.055897
vt 0.069878 -0.050732
vt 0.862211 -0.101015
vt 0.862128 -0.097012
vt 0.112534 -0.047008
vt 0.112426 -0.052176
vt 0.888298 1.240327
vt 0.889445 1.245138
vt 0.935122 1.212281
vt 0.933163 1.206400
vt 0.147574 0.811740
vt 0.152384 0.819804
vt 0.150562 0.821734
vt 0.147578 0.819979
vt 0.864004 1.186768
vt 0.862860 1.181952
vt 1.431390 0.161186
vt 1.426256 0.152385
vt 1.428880 0.150562
vt 1.432416 0.152385
vt 1.418014 0.147574
vt 1.427466 0.147578
vt 1.431390 -0.085195
vt 1.432416 -0.076393
vt 1.428880 -0.074571
vt 1.426256 -0.076393
vt -0.434122 0.811740
vt -0.427458 0.819985
vt -0.428880 0.821734
vt -0.432416 0.819804
vt 1.418014 -0.071583
vt 1.427459 -0.071587
vt 1.418014 -0.152426
vt 1.427466 -0.152422
vt 1.428880 -0.149438
vt 1.426256 -0.147616
vt -0.152426 0.811740
vt -0.147616 0.819804
vt -0.149438 0.821734
vt -0.152422 0.819979
vt 1.431390 -0.138814
vt 1.432416 -0.147616
vt -0.367538 0.151996
vt -0.405412 0.151996
vt -0.405412 0.147996
vt -0.367538 0.147996
vt 0.723087 1.735610
vt 0.726539 1.736986
vt -0.333671 0.736497
vt -0.330219 0.737873
vt 0.273461 1.736986
vt 0.276913 1.735610
vt 1.330219 0.737873
vt 1.333671 0.736497
vt -0.153523 0.375912
vt -0.151523 0.377912
vt -0.153523 -0.042789
vt -0.151523 -0.044789
vt 0.198477 0.305211
vt 0.200305 0.306211
vt 0.196477 0.307211
vt 0.196477 0.375912
vt 0.194477 0.377912
vt -0.333671 0.736497
vt -0.330219 0.737873
vt 1.330219 0.737873
vt 1.333671 0.736497
vt 0.723087 1.735610
vt 0.726539 1.736986
vt 0.273461 1.736986
vt 0.276913 1.735610
vt -0.103523 0.375912
vt -0.105523 0.377912
vt -0.103523 0.007211
vt -0.101523 0.005211
vt 0.146477 0.257211
vt 0.148477 0.255211
vt 0.146477 0.375912
vt 0.148477 0.377912
vt 1.361562 0.801200
vt 1.358109 0.802576
vt -0.358110 0.802576
vt -0.361562 0.801201
vt 0.698649 1.801689
vt 0.695197 1.800313
vt 0.801523 0.305211
vt 0.803523 0.307211
vt -0.358110 0.802576
vt -0.361562 0.801201
vt 1.358109 0.802576
vt 1.361562 0.801200
vt 0.304804 1.800313
vt 0.301352 1.801689
vt 0.803523 0.375911
vt 0.805523 0.377911
vt 1.153523 0.375911
vt 1.151523 0.377911
vt 1.153523 -0.042789
vt 1.151523 -0.044789
vt 0.698649 1.801689
vt 0.695197 1.800313
vt 0.304804 1.800313
vt 0.301352 1.801689
vt 1.103523 0.375911
vt 1.105523 0.377911
vt 1.103523 0.007211
vt 1.101523 0.005211
vt 0.853523 0.257211
vt 0.851523 0.255211
vt 0.853523 0.375911
vt 0.851523 0.377911
vt 0.868523 0.389911
vt 0.870523 0.387911
vt 0.868523 0.238211
vt 0.870523 0.240211
vt 1.086523 0.024211
vt 1.084523 0.022211
vt 1.088523 0.389911
vt 1.086523 0.387911
vt 0.307328 1.816689
vt 0.310780 1.815313
vt 0.692672 1.816689
vt 0.689220 1.815313
vt 1.168523 -0.061790
vt 1.170523 -0.059790
vt 1.170523 0.387911
vt 1.168523 0.389911
vt 0.788523 0.389911
vt 0.786523 0.387911
vt 0.307328 1.816689
vt 0.310780 1.815313
vt 1.364086 0.817576
vt 1.367538 0.816200
vt -0.367538 0.816201
vt -0.364086 0.817576
vt 0.786523 0.324211
vt 0.784523 0.322211
vt 0.689220 1.815313
vt 0.692672 1.816689
vt -0.364086 0.817576
vt -0.367538 0.816200
vt 1.364086 0.817576
vt 1.367538 0.816200
vt 1.333671 0.736497
vt 1.330219 0.737873
vt -0.330219 0.737873
vt -0.333671 0.736497
vt 0.726539 1.736986
vt 0.723087 1.735610
vt 0.204305 0.310211
vt 0.204477 0.311211
vt 0.202477 0.313211
vt -0.333671 0.736497
vt -0.330219 0.737873
vt 1.330219 0.737873
vt 1.333671 0.736497
vt 0.276913 1.735610
vt 0.273461 1.736986
vt 0.202477 0.381912
vt 0.200477 0.383912
vt -0.157523 0.383912
vt -0.159523 0.381912
vt -0.159523 -0.048789
vt -0.157523 -0.050789
vt 0.726539 1.736986
vt 0.723087 1.735610
vt 0.273461 1.736986
vt 0.276913 1.735610
vt -0.097523 0.381912
vt -0.099523 0.383912
vt -0.095523 0.011211
vt -0.097523 0.013211
vt 0.140477 0.251211
vt 0.142477 0.249211
vt 0.142477 0.383912
vt 0.140477 0.381912
vt -0.362078 0.157680
vt -0.358399 0.157816
vt -0.358381 0.218451
vt -0.362078 0.218312
vt 0.698408 0.310527
vt 0.694707 0.310393
vt 0.798207 0.312624
vt 0.796109 0.310527
vt -0.358381 -0.081549
vt -0.362078 -0.081688
vt -0.362078 -0.142321
vt -0.358399 -0.142184
vt 0.694736 -0.050238
vt 0.698408 -0.050106
vt 0.800298 0.382911
vt 0.798207 0.380911
vt 1.158839 0.380911
vt 1.156748 0.382911
vt 1.156742 -0.050106
vt 1.158839 -0.048008
vt 0.698408 0.010527
vt 0.694707 0.010393
vt 0.694736 0.249763
vt 0.698408 0.249894
vt 1.100298 0.382911
vt 1.098207 0.380911
vt 1.098207 0.012624
vt 1.096109 0.010527
vt 0.856742 0.249894
vt 0.858839 0.251992
vt 0.858839 0.380911
vt 0.856748 0.382911
vt -0.363625 -0.146556
vt -0.367298 -0.146688
vt 0.689492 0.014756
vt 0.693188 0.014894
vt 1.091742 0.014894
vt 1.093839 0.016992
vt -0.367298 0.153312
vt -0.363625 0.153444
vt -0.367298 0.222680
vt -0.363596 0.222813
vt 0.689492 0.314756
vt 0.693188 0.314894
vt 0.791742 0.314894
vt 0.793839 0.316992
vt -0.367298 -0.077320
vt -0.363596 -0.077187
vt 0.693188 -0.054473
vt 0.689510 -0.054610
vt 0.793839 0.380911
vt 0.795965 0.382911
vt 1.163207 0.380911
vt 1.161082 0.382911
vt 1.163207 -0.052376
vt 1.161109 -0.054473
vt 0.693188 0.245527
vt 0.689510 0.245390
vt 1.093839 0.380911
vt 1.095965 0.382911
vt 0.863207 0.247624
vt 0.861109 0.245527
vt 0.861081 0.382911
vt 0.863207 0.380911
vt 0.786523 1.824689
vt 0.788523 1.826689
vt 0.870523 1.824689
vt 0.868523 1.826689
vt 1.371522 0.826200
vt 1.368070 0.827576
vt 0.685236 1.825313
vt 0.688688 1.826689
vt -0.084523 0.022211
vt -0.086523 0.024211
vt 1.368070 0.827576
vt 1.371522 0.826200
vt -0.371522 0.826200
vt -0.368070 0.827576
vt 0.688688 1.826689
vt 0.685236 1.825313
vt 0.215477 0.322211
vt 0.213477 0.324211
vt -0.371522 0.826201
vt -0.368070 0.827576
vt 0.314764 1.825313
vt 0.311312 1.826689
vt 1.170523 1.824689
vt 1.168523 1.826689
vt -0.170523 -0.059789
vt -0.168523 -0.061789
vt 0.314764 1.825313
vt 0.311312 1.826689
vt 1.086523 1.824689
vt 1.088523 1.826689
vt 0.129477 0.240211
vt 0.131477 0.238211
vt 1.332722 0.744154
vt 1.336174 0.742779
vt 1.359059 0.794919
vt 1.355607 0.796294
vt -0.336174 0.742779
vt -0.332722 0.744154
vt -0.355607 0.796294
vt -0.359059 0.794919
vt 0.697699 1.794032
vt 0.701151 1.795407
vt 0.724036 1.743267
vt 0.720584 1.741892
vt 0.844360 0.370749
vt 0.846360 0.368749
vt 0.153640 0.368749
vt 0.155640 0.370749
vt 0.189314 0.300048
vt 0.191314 0.298048
vt 0.810686 0.300048
vt 0.808686 0.298048
vt 0.810686 0.368749
vt 0.812686 0.370749
vt 0.187314 0.370749
vt 0.189314 0.368749
vt 0.155640 0.262374
vt 0.153640 0.264374
vt 0.846360 0.264373
vt 0.844360 0.262373
vt 0.298849 1.795407
vt 0.302301 1.794032
vt 0.275964 1.743267
vt 0.279416 1.741892
vt -0.355607 0.796294
vt -0.359059 0.794919
vt -0.332722 0.744154
vt -0.336174 0.742779
vt 1.359059 0.794919
vt 1.355607 0.796294
vt 1.332722 0.744154
vt 1.336174 0.742779
vt 0.279416 1.741892
vt 0.275964 1.743267
vt 0.298849 1.795407
vt 0.302301 1.794032
vt 0.803523 0.307211
vt 0.801523 0.305211
vt 0.196477 0.307211
vt 0.198477 0.305211
vt 0.724036 1.743267
vt 0.720584 1.741892
vt 0.697699 1.794032
vt 0.701151 1.795407
vt 0.851523 0.255211
vt 0.853523 0.257211
vt 0.148477 0.255211
vt 0.146477 0.257211
vt 0.148477 0.377912
vt 0.146477 0.375912
vt 0.853523 0.375911
vt 0.851523 0.377911
vt 0.196477 0.375912
vt 0.194477 0.377912
vt 0.803523 0.375911
vt 0.805523 0.377911
vt 1.151523 -0.044789
vt 1.153523 -0.042789
vt -0.153523 -0.042789
vt -0.151523 -0.044789
vt 0.298849 1.795407
vt 0.302301 1.794032
vt 0.275964 1.743267
vt 0.279416 1.741892
vt -0.151523 0.377912
vt -0.153523 0.375912
vt 1.153523 0.375911
vt 1.151523 0.377911
vt 0.697699 1.794032
vt 0.701151 1.795407
vt 0.720584 1.741892
vt 0.724036 1.743267
vt -0.332722 0.744154
vt -0.336174 0.742779
vt -0.355607 0.796294
vt -0.359059 0.794919
vt 1.105523 0.377911
vt 1.103523 0.375911
vt -0.103523 0.375912
vt -0.105523 0.377912
vt -0.101523 0.005211
vt -0.103523 0.007211
vt 1.103523 0.007211
vt 1.101523 0.005211
vt 1.332722 0.744154
vt 1.336174 0.742779
vt 1.355607 0.796294
vt 1.359059 0.794919
vt -0.110686 0.000048
vt -0.108686 -0.001952
vt 1.108686 -0.001952
vt 1.110686 0.000048
vt 0.701151 1.795407
vt 0.697699 1.794032
vt 0.724036 1.743267
vt 0.720584 1.741892
vt 1.332722 0.744154
vt 1.336174 0.742779
vt 1.359059 0.794919
vt 1.355607 0.796294
vt 0.302301 1.794032
vt 0.298849 1.795407
vt 0.275964 1.743267
vt 0.279416 1.741892
vt -0.146360 0.368749
vt -0.144360 0.370749
vt 1.144360 0.370749
vt 1.146360 0.368749
vt 1.110686 0.368749
vt 1.112686 0.370749
vt -0.112686 0.370749
vt -0.110686 0.368749
vt -0.336174 0.742779
vt -0.332722 0.744154
vt -0.355607 0.796294
vt -0.359059 0.794919
vt 1.146360 -0.035627
vt 1.144360 -0.037627
vt -0.144360 -0.037627
vt -0.146360 -0.035627
vt 1.087004 0.795919
vt 1.088004 0.794919
vt 1.405412 0.816200
vt 1.406412 0.815200
vt 0.842320 0.802149
vt 0.841004 0.801200
vt 1.430496 0.227996
vt 1.432912 0.227996
vt 1.430877 0.229996
vt -0.405412 0.222680
vt -0.406412 0.223717
vt 1.081004 0.735497
vt 1.082004 0.736497
vt 1.080004 0.737497
vt 1.087004 0.741779
vt 1.088004 0.742779
vt 0.783004 0.801200
vt 0.781688 0.802149
vt 0.781283 0.800200
vt -0.405412 0.170159
vt -0.406412 0.169159
vt 1.405412 0.736497
vt 1.406412 0.737497
vt -0.405412 -0.077320
vt -0.406412 -0.076284
vt -0.405412 0.794919
vt -0.406412 0.793919
vt 1.406412 -0.138004
vt 1.405412 -0.137004
vt 1.405412 0.742779
vt 1.406412 0.743779
vt 1.405412 -0.129842
vt 1.406412 -0.130842
vt 1.136004 0.742779
vt 1.137004 0.741779
vt 1.138004 0.743779
vt -0.405412 -0.137004
vt -0.406412 -0.138004
vt 1.405412 -0.087004
vt 1.406412 -0.086004
vt -0.406412 0.737497
vt -0.405412 0.736497
vt -0.406412 0.815201
vt -0.405412 0.816200
vt 1.142004 0.736497
vt 1.143004 0.735497
vt 1.405412 0.816200
vt 1.406412 0.815200
vt -0.406412 0.815201
vt -0.405412 0.816201
vt 0.837004 0.741779
vt 0.838004 0.743779
vt 0.836004 0.742779
vt 0.842004 0.736497
vt 0.843004 0.735497
vt 1.405412 -0.094167
vt 1.406412 -0.093167
vt 1.136004 0.794919
vt 1.137004 0.795919
vt 0.787004 0.741779
vt 0.788004 0.742779
vt -0.405412 -0.087004
vt -0.406412 -0.086004
vt 0.787004 0.795919
vt 0.788004 0.794919
vt -0.405412 0.153312
vt -0.406412 0.152275
vt -0.405412 -0.146688
vt -0.406412 -0.147725
vt -0.406412 -0.093167
vt -0.405412 -0.094167
vt -0.405412 0.162996
vt -0.406412 0.161996
vt 1.083004 0.801200
vt 1.081688 0.802149
vt 1.081284 0.800200
vt 0.781004 0.735497
vt 0.782004 0.736497
vt 0.780004 0.737497
vt -0.405412 -0.129841
vt -0.406412 -0.130841
vt -0.405412 0.742779
vt -0.406412 0.743779
vt 0.836004 0.794919
vt 0.837004 0.795919
vt -0.405412 0.801201
vt -0.406412 0.800201
vt 1.141004 0.801200
vt 1.142321 0.802149
vt 0.813568 1.339050
vt 0.987743 1.174064
vt 0.846924 1.307454
vt 0.973554 1.187504
vt 1.009206 1.167508
vt 0.801749 1.364020
vt 1.434803 0.805755
vt 1.436772 0.806112
vt 1.434122 0.811740
vt 1.432912 0.166535
vt 1.412018 0.145996
vt 1.432912 -0.090543
vt -0.436772 0.806112
vt -0.434804 0.805755
vt 1.412018 -0.070004
vt 1.411957 -0.072004
vt 1.411957 -0.152004
vt 1.412018 -0.154004
vt 1.434803 0.805755
vt 1.436772 0.806112
vt 1.434122 0.811740
vt 1.432912 -0.133465
vt 1.430496 -0.133466
vt 0.799695 1.736986
vt 1.334223 -0.087004
vt 0.309039 1.736986
vt 0.376083 1.736986
vt 0.273707 -0.044789
vt 0.623917 1.736986
vt 0.742961 1.736986
vt 1.099695 1.736986
vt 0.148305 1.736986
vt 0.806858 1.743267
vt 1.105352 1.736986
vt 1.151695 1.736986
vt 0.805352 1.736986
vt 0.851695 1.736986
vt 0.276219 -0.037627
vt 0.859523 0.251418
vt 0.797730 0.313418
vt 1.159523 -0.048582
vt -0.329753 0.218996
vt -0.329753 0.156996
vt 0.799695 1.801689
vt -0.361316 -0.087004
vt 0.376083 1.801689
vt 0.309039 1.801689
vt 1.042961 1.801689
vt 0.623917 1.801689
vt 0.699200 -0.044789
vt 0.376083 1.801689
vt 0.009039 1.801689
vt 0.742961 1.801689
vt 0.623917 1.801689
vt 1.099695 1.801689
vt 0.148305 1.801689
vt 0.870523 1.818689
vt 0.389912 1.818689
vt 0.389912 1.824689
vt 0.134305 1.816689
vt 1.085695 1.816689
vt 0.614917 1.816689
vt 0.756961 1.816689
vt 1.151695 1.801689
vt 1.105352 1.801689
vt 0.851695 1.801689
vt 0.805352 1.801689
vt 0.023039 1.816689
vt 0.385083 1.816689
vt 0.735798 1.795407
vt 0.631080 1.795407
vt 0.846360 1.744267
vt 0.846360 1.794407
vt 0.368920 1.795407
vt 0.001876 1.795407
vt -0.358804 -0.129841
vt 1.144532 1.795407
vt 1.112514 1.795407
vt 0.298048 1.794407
vt 0.298048 1.744267
vt 0.155468 1.743267
vt 0.155468 1.795407
vt 1.106858 1.795407
vt -0.165695 1.816689
vt 0.614917 1.816689
vt 1.056961 1.816689
vt 0.323039 1.816689
vt 0.385083 1.816689
vt 0.785695 1.816689
vt -0.405412 0.736497
vt 0.795695 1.736986
vt 1.405412 -0.081004
vt 1.333426 -0.081004
vt 0.380083 1.736986
vt 0.313039 1.736986
vt 0.272910 -0.050789
vt 0.746961 1.736986
vt 0.619917 1.736986
vt 1.095695 1.736986
vt 0.144305 1.736986
vt 1.155695 1.736986
vt 1.101351 1.736986
vt 0.855695 1.736986
vt 0.801352 1.736986
vt 0.859523 1.726985
vt 0.859523 1.735986
vt 0.383912 1.726985
vt 0.383912 1.735986
vt 0.750789 1.726985
vt 0.750789 1.735986
vt 1.050789 1.726985
vt 1.050789 1.735986
vt 0.383912 1.726985
vt 0.383912 1.735986
vt 1.097730 1.726985
vt 1.097523 1.735986
vt 1.159523 1.726985
vt 1.159523 1.735986
vt 0.797730 1.726985
vt 0.797523 1.735986
vt -0.329753 -0.081004
vt -0.329753 -0.143004
vt 0.273461 0.310211
vt 0.273461 0.306211
vt -0.405412 0.218312
vt -0.405412 -0.081688
vt 0.842184 0.803598
vt 0.750237 1.801174
vt 0.748914 1.800313
vt 0.840876 0.802576
vt 0.014894 1.815740
vt 0.010527 1.802637
vt 1.102352 1.801689
vt 1.154695 1.801689
vt 0.802352 1.801689
vt 0.854695 1.801689
vt 0.847879 0.817576
vt 0.755918 1.815313
vt 0.754610 1.814291
vt 0.846556 0.816715
vt 1.161695 1.816689
vt 1.095352 1.816689
vt 0.861695 1.816689
vt 0.795352 1.816689
vt 0.858839 1.802637
vt 0.863207 1.815740
vt 0.793839 1.815740
vt 0.798207 1.802637
vt 0.750106 1.802637
vt 0.754473 1.815740
vt 1.050106 1.802637
vt 1.054473 1.815740
vt 0.798207 1.802637
vt 0.793839 1.815740
vt 1.093839 1.815740
vt 1.098207 1.802637
vt 1.158839 1.802637
vt 1.163207 1.815740
vt 0.314764 -0.059912
vt 0.314764 0.020080
vt 1.091352 1.816689
vt 1.165695 1.816689
vt 0.791352 1.816689
vt 0.865695 1.816689
vt 0.022211 1.824689
vt 0.022211 1.818689
vt -0.430496 0.826200
vt 0.785695 1.826689
vt 0.387912 1.826689
vt 0.323039 1.826689
vt 1.056961 1.826689
vt 0.612089 1.826689
vt -0.165695 1.826689
vt 0.387912 1.826689
vt 0.023039 1.826689
vt 0.756961 1.826689
vt 0.612089 1.826689
vt 1.085695 1.826689
vt 0.134305 1.826689
vt 0.761789 1.818689
vt 0.761789 1.824689
vt 1.061789 1.818689
vt 1.061789 1.824689
vt 0.322211 1.824689
vt 0.322211 1.818689
vt 0.389912 1.818689
vt 0.389912 1.824689
vt 1.170523 1.818689
vt 1.371522 0.147996
vt 1.371522 0.227996
vt 1.037627 1.744267
vt 1.037627 1.794407
vt 1.336797 -0.094167
vt 1.146360 1.744267
vt 1.146360 1.794407
vt 1.106858 1.743267
vt -0.001952 1.794407
vt -0.001952 1.744267
vt 1.112514 1.743267
vt 1.144532 1.743267
vt 0.701774 -0.037627
vt 0.370749 1.744267
vt 0.370749 1.794407
vt 1.035798 1.795407
vt 0.631080 1.795407
vt 0.806858 1.795407
vt 0.301876 1.743267
vt 0.368920 1.743267
vt 0.368920 1.795407
vt 0.301876 1.795407
vt 0.737626 1.744267
vt 0.737626 1.794407
vt 0.812514 1.743267
vt 0.844532 1.743267
vt -0.358804 0.170159
vt 0.631080 1.743267
vt 0.735798 1.743267
vt 0.370749 1.744267
vt 0.370749 1.794407
vt 0.844532 1.795407
vt 0.812514 1.795407
vt 0.150305 1.795407
vt 0.150305 1.743267
vt 0.307039 1.795407
vt 0.374083 1.795407
vt 0.374083 1.743267
vt 0.307039 1.743267
vt 0.807352 1.795407
vt 0.849695 1.795407
vt 0.849695 1.743267
vt 0.807352 1.743267
vt 0.625917 1.795407
vt 0.740961 1.795407
vt 0.740961 1.743267
vt 0.625917 1.743267
vt 0.801695 1.795407
vt 0.801695 1.743267
vt -0.405412 0.742779
vt -0.405412 0.162996
vt -0.359610 0.162996
vt 1.101695 1.795407
vt 1.101695 1.743267
vt 1.107352 1.795407
vt 1.149695 1.795407
vt 1.149695 1.743267
vt 1.107352 1.743267
vt -0.405412 -0.137004
vt -0.359610 -0.137004
vt 1.405412 -0.087004
vt 1.335928 -0.087004
vt 0.007039 1.795407
vt 0.374083 1.795407
vt 0.700906 -0.044789
vt 0.275413 -0.044789
vt 0.625917 1.795407
vt 1.040961 1.795407
vt 0.744789 1.737986
vt 0.744789 1.742267
vt 0.744789 1.796407
vt 0.744789 1.800689
vt 0.305211 1.800689
vt 0.305211 1.796407
vt 0.377912 1.796407
vt 0.377912 1.800689
vt 0.305211 1.742267
vt 0.305211 1.737986
vt 0.377912 1.737986
vt 0.377912 1.742267
vt 0.853523 1.796407
vt 0.853523 1.800689
vt 0.853523 1.737986
vt 0.853523 1.742267
vt 1.153523 1.737986
vt 1.153523 1.742267
vt 1.044789 1.737986
vt 1.044789 1.742267
vt 1.153523 1.796407
vt 1.153523 1.800689
vt 1.044789 1.796407
vt 1.044789 1.800689
vt 0.377912 1.737986
vt 0.377912 1.742267
vt 0.377912 1.796407
vt 0.377912 1.800689
vt 0.005211 1.800689
vt 0.005211 1.796407
vt 0.005211 1.742267
vt 0.005211 1.737986
vt -0.361316 0.162996
vt -0.405412 -0.142321
vt -0.359610 -0.087004
vt -0.405412 -0.087004
vt -0.408412 0.145996
vt -0.368488 0.145996
vt -0.405412 0.157680
vt 1.405412 0.742779
vt 1.333426 -0.143004
vt 1.405412 -0.143004
vt 1.405412 0.736497
vt -0.408412 -0.154004
vt -0.368488 -0.154004
vt -0.358804 -0.094167
vt -0.405412 0.794919
vt 1.334223 -0.137004
vt 1.336797 -0.129842
vt 1.335928 -0.137004
vt 1.405412 -0.137004
vt -0.361316 -0.137004
vt 1.406412 0.161996
vt 1.406412 0.169159
vt 1.137004 0.800200
vt 1.138004 0.800200
vt 1.406412 0.726497
vt 1.406412 0.737497
vt -0.406412 0.213996
vt -0.406412 0.206833
vt -0.406412 0.147996
vt -0.406412 -0.152004
vt -0.406412 0.793919
vt -0.406412 0.743779
vt -0.406412 0.157275
vt 1.137004 0.737497
vt 1.138004 0.737497
vt 1.406412 0.743779
vt 1.143004 0.726497
vt 1.144004 0.726497
vt 1.406412 0.793919
vt 1.406412 0.800200
vt 0.846688 0.815252
vt 0.847725 0.815200
vt 1.406412 0.213996
vt 1.406412 0.219996
vt 1.146688 0.815252
vt 1.147725 0.815200
vt 1.406412 -0.080004
vt -0.406412 -0.142725
vt -0.406412 -0.086004
vt 1.406412 -0.138004
vt -0.406412 0.227996
vt 0.776284 0.815200
vt 0.777321 0.815252
vt 1.406412 -0.144004
vt -0.406412 -0.072004
vt 1.076284 0.815200
vt 1.077321 0.815252
vt 1.406412 0.793919
vt 1.406412 0.155996
vt 1.406412 0.161996
vt 1.406412 -0.086004
vt -0.406412 0.743779
vt -0.406412 0.737497
vt -0.406412 -0.138004
vt 1.406412 0.206833
vt 1.406412 0.213996
vt -0.406412 0.743779
vt -0.406412 -0.081283
vt -0.406412 0.800201
vt -0.406412 0.793919
vt -0.406412 0.793919
vt -0.406412 0.161996
vt -0.406412 0.737497
vt -0.406412 0.726497
vt -0.406412 0.737497
vt -0.406412 0.726497
vt 1.129842 0.793919
vt 1.129842 0.743779
vt 1.130841 0.743779
vt 1.130841 0.793919
vt -0.406412 0.218717
vt -0.406412 0.213996
vt 0.145996 0.726493
vt 0.229996 0.726497
vt 0.147996 0.728454
vt -0.406412 0.726497
vt -0.432912 0.824244
vt -0.453303 0.728454
vt 1.406412 0.726497
vt 1.408412 0.726497
vt -0.154004 0.726493
vt -0.070004 0.726497
vt -0.072004 0.728454
vt -0.152004 0.728454
vt -0.406412 0.726497
vt -0.408412 0.726497
vt 1.406412 0.726497
vt 1.408412 0.726497
vt 0.965774 -0.105191
vt 1.002226 -0.121011
vt -0.095982 1.293018
vt -0.102430 1.364020
vt -0.104367 1.355605
vt -0.098737 1.291311
vt 0.838049 1.204078
vt 0.840659 1.210258
vt 0.928764 1.118148
vt 0.928865 1.118053
vt 0.838132 1.203999
vt 0.931344 1.124357
vt 0.161868 1.203999
vt 0.161965 1.204091
vt 0.071135 1.118053
vt 0.068735 1.124432
vt 0.159446 1.210357
vt 0.071222 1.118135
vt 0.136456 1.262398
vt 0.159340 1.210257
vt 0.068657 1.124358
vt 0.045772 1.176498
vt 0.863563 1.262379
vt 0.865975 1.268747
vt 0.956619 1.182886
vt 1.142184 0.803598
vt 1.107164 1.183548
vt 1.105830 1.182806
vt 1.140876 0.802576
vt 1.099252 1.269394
vt 1.050237 1.801174
vt 1.048914 1.800313
vt 1.097917 1.268652
vt 0.954209 1.176516
vt 0.136563 1.262499
vt 0.133980 1.268704
vt 0.043243 1.182754
vt 0.042611 -0.046540
vt 0.133361 -0.038617
vt 0.045849 1.176571
vt 0.954111 1.176609
vt 0.931233 1.124462
vt 0.840586 1.210327
vt 0.863478 1.262460
vt 0.128146 1.283840
vt 0.124155 1.293833
vt 0.037975 -0.042127
vt 0.037398 1.197879
vt 0.033421 1.207886
vt 0.128728 -0.034203
vt 1.054610 1.814291
vt 1.103240 1.286672
vt 1.102727 1.307454
vt 1.055918 1.815313
vt 1.111782 1.193996
vt 1.146556 0.816715
vt 1.147880 0.817576
vt 1.113783 1.187504
vt 1.100024 1.245800
vt 1.103723 1.205659
vt 1.105058 1.206400
vt 1.101358 1.246541
vt 0.932508 1.205724
vt 0.890086 1.245908
vt 0.887657 1.239556
vt 0.930115 1.199339
vt 0.904786 1.140862
vt 0.862211 1.181190
vt 0.862128 1.181269
vt 0.904685 1.140957
vt 0.907267 1.147164
vt 0.864736 1.187451
vt 0.135395 1.187575
vt 0.092786 1.147214
vt 0.095198 1.140846
vt 0.137805 1.181206
vt 0.109353 -0.040713
vt 0.066619 -0.044444
vt 0.109959 1.245951
vt 0.067263 1.205508
vt 0.100247 1.271186
vt 0.057329 1.230533
vt 0.910605 -0.091830
vt 0.953129 -0.101068
vt 0.137895 1.181291
vt 0.095291 1.140935
vt 0.061353 1.220571
vt 0.104192 1.261149
vt 0.061959 -0.040033
vt 0.104744 -0.036297
vt 0.069878 1.199332
vt 0.112534 1.239738
vt 0.930031 1.199418
vt 0.887557 1.239651
vt 0.092695 1.147128
vt 0.135302 1.187487
vt 0.112426 1.239635
vt 0.069802 1.199260
vt 0.864660 1.187523
vt 0.907159 1.147266
vt -0.091830 1.258554
vt -0.088765 1.259616
vt 1.425389 0.817421
vt 1.427466 0.819979
vt 0.154810 0.817580
vt 0.161186 0.824834
vt 1.412018 0.824200
vt 1.418014 0.824780
vt 1.423682 -0.078818
vt -0.090543 0.824244
vt -0.078818 0.817580
vt -0.076393 0.819804
vt -0.085195 0.824834
vt -0.071583 0.811740
vt -0.425389 0.817421
vt -0.412018 0.824201
vt -0.418014 0.824780
vt 1.423682 -0.145190
vt 1.412018 0.824200
vt 1.425389 0.817421
vt 1.427466 0.819979
vt 1.418014 0.824780
vt -0.145190 0.817580
vt -0.138814 0.824834
vt 1.453304 0.728454
vt 1.451698 0.726493
vt 1.370878 0.145996
vt -0.451698 0.726497
vt -0.453303 0.728454
vt 1.451698 0.726493
vt 1.453304 0.728454
vt -0.411957 0.826201
vt 1.370878 -0.154004
vt -0.406412 0.219996
vt -0.406412 0.227996
vt -0.408412 0.229996
vt -0.451698 0.229996
vt -0.408412 0.145996
vt -0.406412 0.155996
vt -0.406412 0.147996
vt 0.786004 0.800200
vt 0.772004 0.815200
vt 0.772004 0.726497
vt 0.780004 0.726497
vt 0.786004 0.737497
vt 0.793167 0.743779
vt 1.157523 0.383911
vt 1.099523 0.383911
vt 0.799523 0.383911
vt -0.406412 -0.080004
vt -0.406412 -0.072004
vt -0.408412 -0.070004
vt -0.451698 -0.070004
vt -0.408412 -0.154004
vt -0.406412 -0.144004
vt -0.406412 -0.152004
vt 0.227996 0.824244
vt 0.830841 0.793919
vt 0.830841 0.743779
vt 0.838004 0.737497
vt 0.844004 0.726497
vt 0.852004 0.726497
vt 0.852004 0.815200
vt 0.838004 0.800200
vt 1.152004 0.726497
vt 1.152004 0.815200
vt 1.086004 0.800200
vt 1.072004 0.815200
vt 1.072004 0.726497
vt 1.080004 0.726497
vt 1.086004 0.737497
vt 1.093167 0.743779
vn -0.0003 0.0446 -0.9990
vn -0.0002 0.0447 -0.9990
vn -0.0003 0.0445 -0.9990
vn 0.0476 0.7273 -0.6847
vn 0.0477 0.7273 -0.6847
vn 0.0471 0.9989 -0.0005
vn 0.0470 0.9989 0.0002
vn 0.0486 0.9988 0.0002
vn 0.0487 0.9988 -0.0005
vn -0.9987 -0.0490 -0.0106
vn -0.9987 -0.0490 0.0105
vn -0.9988 -0.0470 0.0105
vn -0.9988 -0.0470 -0.0106
vn 0.9990 -0.0445 0.0006
vn 0.9990 -0.0442 0.0001
vn 0.9990 -0.0450 0.0001
vn 0.9990 -0.0451 0.0006
vn -0.9990 -0.0439 0.0057
vn -0.9989 -0.0459 0.0067
vn -0.9988 -0.0484 0.0007
vn -0.9989 -0.0464 0.0007
vn 0.9990 0.0444 0.0008
vn 0.9990 0.0445 -0.0000
vn 0.9990 0.0448 -0.0001
vn 0.9990 0.0451 0.0008
vn -1.0000 0.0000 -0.0069
vn -1.0000 -0.0001 0.0069
vn -0.9997 0.0234 0.0076
vn -0.9997 0.0234 -0.0076
vn -0.9956 0.0074 -0.0939
vn -0.9956 0.0072 -0.0937
vn -0.9988 0.0470 -0.0105
vn -0.9988 0.0470 0.0105
vn -0.9987 0.0490 0.0106
vn -0.9987 0.0490 -0.0105
vn -1.0000 -0.0002 -0.0004
vn -1.0000 0.0035 -0.0063
vn -0.9997 0.0232 -0.0069
vn -0.9997 0.0231 -0.0009
vn 0.9956 -0.0072 0.0937
vn 0.0001 -1.0000 -0.0000
vn -0.0000 -1.0000 -0.0038
vn 0.0000 -1.0000 0.0001
vn -0.0008 0.0449 0.9990
vn 0.0008 0.0448 0.9990
vn 0.0008 0.0444 0.9990
vn -0.0008 0.0445 0.9990
vn 0.9990 0.0446 0.0002
vn 0.9990 0.0447 -0.0001
vn 0.9990 0.0447 0.0002
vn 0.0479 0.9988 0.0043
vn 0.0473 0.9989 0.0033
vn 0.0497 0.9988 -0.0045
vn 0.9989 0.0471 -0.0005
vn 0.9990 0.0452 0.0034
vn 0.9990 0.0442 0.0043
vn 0.9990 0.0458 -0.0005
vn 0.9990 -0.0445 0.0002
vn 0.9990 -0.0445 0.0000
vn 0.9990 -0.0447 0.0000
vn 0.9990 -0.0448 0.0002
vn -0.0022 -0.9980 -0.0639
vn -0.0022 -0.9979 -0.0642
vn -0.0016 -0.9768 -0.2140
vn -0.0016 -0.9767 -0.2144
vn -0.0003 -0.0445 -0.9990
vn -0.0003 -0.0447 -0.9990
vn -0.0003 -0.0446 -0.9990
vn -0.0017 0.9988 -0.0489
vn -0.0017 0.9988 -0.0488
vn -0.0001 0.9989 -0.0477
vn -0.0000 0.9989 -0.0477
vn 0.0002 0.9989 0.0461
vn -0.0002 0.9989 0.0461
vn -0.0002 0.9988 0.0498
vn 0.0002 0.9988 0.0498
vn -0.0002 0.0447 0.9990
vn 0.0002 0.0447 0.9990
vn 0.0002 0.0445 0.9990
vn -0.0002 0.0446 0.9990
vn -0.9978 -0.0578 -0.0324
vn -0.9978 -0.0576 -0.0325
vn -0.9978 -0.0576 -0.0326
vn -0.9990 0.0444 -0.0001
vn -0.9990 0.0445 -0.0002
vn -0.9990 0.0448 -0.0002
vn -0.9990 0.0447 -0.0001
vn 0.9978 0.0576 0.0326
vn 0.9978 0.0576 0.0325
vn -0.9990 0.0449 -0.0013
vn -0.9989 0.0472 -0.0064
vn -0.9990 0.0453 -0.0053
vn -0.9990 0.0450 -0.0006
vn -0.0450 0.9990 0.0022
vn -0.0450 0.9990 -0.0022
vn -0.0535 0.9986 -0.0022
vn -0.0535 0.9986 0.0022
vn -0.0476 0.7231 -0.6891
vn -0.2133 -0.9770 0.0055
vn -0.2424 -0.9702 0.0048
vn -0.2435 -0.9699 0.0059
vn -0.2146 -0.9767 0.0060
vn -0.0629 -0.7273 0.6834
vn -0.0626 -0.7274 0.6834
vn -0.0586 -0.7274 0.6837
vn -0.0590 -0.7273 0.6838
vn -0.0050 0.7258 -0.6879
vn -0.0049 0.7258 -0.6879
vn 0.0050 0.7262 -0.6874
vn 0.0050 0.7262 -0.6875
vn -0.0007 -0.0618 0.9981
vn 0.0008 -0.0617 0.9981
vn 0.0007 0.0622 0.9981
vn -0.0006 0.0618 0.9981
vn 1.0000 0.0048 0.0034
vn 1.0000 -0.0032 0.0035
vn 1.0000 -0.0005 0.0005
vn 1.0000 0.0012 0.0005
vn -0.2434 -0.9699 0.0059
vn -0.2147 -0.9767 0.0060
vn -0.0009 -0.0444 0.9990
vn 0.0008 -0.0444 0.9990
vn 0.0008 -0.0448 0.9990
vn -0.0008 -0.0448 0.9990
vn -0.0008 0.0010 1.0000
vn -0.0070 -0.0009 1.0000
vn -0.0008 -0.0009 1.0000
vn -0.0002 1.0000 0.0054
vn -0.0000 1.0000 0.0055
vn 0.0000 1.0000 -0.0045
vn -0.0002 1.0000 -0.0044
vn 0.9989 -0.0478 0.0021
vn 0.9989 -0.0458 0.0067
vn 0.9990 -0.0439 0.0057
vn 0.9989 -0.0459 0.0021
vn 0.0046 0.7262 -0.6874
vn 0.0045 0.7263 -0.6874
vn -0.0050 0.7259 -0.6878
vn -0.0631 -0.7273 0.6834
vn -0.0591 -0.7273 0.6838
vn -0.0587 -0.7274 0.6837
vn 0.9956 -0.0072 0.0938
vn 0.9956 -0.0074 0.0939
vn -0.0002 -0.0445 0.9990
vn 0.0002 -0.0446 0.9990
vn 0.0002 -0.0447 0.9990
vn -0.0002 -0.0447 0.9990
vn -0.0001 -0.9993 -0.0374
vn -0.0000 -0.9993 -0.0374
vn 0.0042 1.0000 -0.0003
vn 0.0010 1.0000 -0.0010
vn 0.0001 1.0000 -0.0053
vn -0.9990 -0.0445 0.0001
vn -0.9990 -0.0444 -0.0009
vn -0.9990 -0.0452 -0.0009
vn -0.9990 -0.0449 0.0000
vn -0.0628 -0.9980 0.0001
vn -0.0627 -0.9980 -0.0001
vn -0.0579 -0.9983 -0.0001
vn -0.0579 -0.9983 0.0002
vn 0.9955 -0.0075 0.0940
vn 0.9956 -0.0073 0.0937
vn -0.9987 -0.0489 -0.0105
vn -0.0071 -0.0456 -0.9989
vn -0.0071 -0.0481 -0.9988
vn -0.0071 -0.0455 -0.9989
vn -0.0071 -0.0482 -0.9988
vn 0.9977 0.0254 0.0630
vn 0.9980 0.0412 0.0482
vn -0.0002 -0.7263 0.6873
vn -0.0001 -0.7260 0.6877
vn -0.0009 -0.0115 -0.9999
vn -0.0008 -0.0115 -0.9999
vn 0.0000 0.0105 -0.9999
vn 0.0000 0.0104 -0.9999
vn -0.0002 -0.7262 0.6874
vn -0.0002 -0.7263 0.6874
vn -1.0000 -0.0000 -0.0001
vn -1.0000 0.0035 -0.0011
vn -0.9998 0.0219 -0.0002
vn -0.9998 0.0219 -0.0000
vn 1.0000 -0.0000 0.0010
vn 1.0000 -0.0001 0.0001
vn 0.9998 0.0219 -0.0000
vn 0.9998 0.0219 0.0002
vn 1.0000 0.0001 0.0003
vn 1.0000 -0.0000 0.0030
vn 0.9998 0.0213 0.0033
vn 0.9998 0.0221 -0.0000
vn 0.0002 -1.0000 -0.0001
vn 0.0003 -1.0000 0.0028
vn -0.0030 0.0000 1.0000
vn 0.0032 -0.0001 1.0000
vn 0.0007 0.0216 0.9998
vn -0.0007 0.0216 0.9998
vn 0.9351 -0.2129 0.2833
vn 0.0000 -1.0000 0.0000
vn -0.9977 -0.0252 -0.0632
vn -0.9969 -0.0094 -0.0782
vn -0.9969 -0.0094 -0.0781
vn -0.0009 0.0000 1.0000
vn 0.0010 -0.0000 1.0000
vn 0.0002 0.0217 0.9998
vn -0.0002 0.0217 0.9998
vn -0.9998 0.0212 0.0034
vn -1.0000 0.0001 0.0030
vn -1.0000 -0.0000 -0.0004
vn -0.9998 0.0218 -0.0008
vn -0.9990 0.0441 0.0043
vn -0.9990 0.0451 0.0034
vn -0.9989 0.0467 -0.0014
vn -0.9990 0.0455 -0.0013
vn -0.0049 -0.0114 -0.9999
vn -0.0043 -0.0115 -0.9999
vn -0.0050 0.0123 -0.9999
vn -0.0056 0.0111 -0.9999
vn 0.0480 0.7272 -0.6847
vn 0.0477 0.7273 -0.6846
vn 0.0479 0.7272 -0.6847
vn 0.0000 0.9989 0.0471
vn -0.0001 0.9988 0.0482
vn 0.0001 0.9988 0.0482
vn -0.9990 0.0452 0.0034
vn -0.9977 -0.0250 -0.0634
vn -0.9969 -0.0092 -0.0783
vn -0.0480 0.7231 -0.6891
vn -0.0476 0.7232 -0.6890
vn 0.9976 0.0242 0.0642
vn 0.9977 0.0264 0.0621
vn 0.9978 0.0276 0.0610
vn 0.9978 0.0298 0.0588
vn -0.9444 -0.3287 0.0007
vn -0.9442 -0.3293 -0.0009
vn -0.9442 -0.3294 -0.0008
vn -0.0002 -0.3291 -0.9443
vn -0.0003 -0.3291 -0.9443
vn -0.0002 -0.3289 -0.9444
vn -0.0002 -0.3290 -0.9443
vn -0.0002 -0.3289 0.9444
vn 0.0002 -0.3290 0.9443
vn 0.0002 -0.3291 0.9443
vn -0.0002 -0.3291 0.9443
vn 0.9444 -0.3289 0.0002
vn 0.9444 -0.3288 0.0001
vn 0.9443 -0.3291 0.0001
vn 0.9443 -0.3292 0.0001
vn -0.9498 -0.2642 0.1674
vn -0.9498 -0.2643 0.1674
vn -0.9446 -0.3282 0.0053
vn -0.9440 -0.3299 0.0056
vn -0.9440 -0.3301 0.0022
vn -0.9445 -0.3284 0.0022
vn 0.9941 -0.0209 0.1065
vn 0.9941 -0.0208 0.1064
vn 0.9973 0.0702 0.0205
vn 0.9973 0.0702 0.0206
vn -0.0002 -0.0622 0.9981
vn 0.0002 -0.0622 0.9981
vn 0.0003 0.0623 0.9981
vn -0.0002 0.0622 0.9981
vn -0.0002 -0.9991 0.0432
vn 0.0002 -0.9991 0.0432
vn 0.0003 -0.9955 0.0947
vn -0.0003 -0.9955 0.0947
vn -0.9999 0.0040 -0.0120
vn -0.9999 -0.0010 0.0111
vn -0.9986 -0.0530 0.0011
vn -0.9973 0.0738 -0.0005
vn 0.0442 -0.7234 0.6890
vn 0.0904 -0.7191 0.6890
vn 0.9351 -0.2130 0.2834
vn 0.9352 -0.2126 0.2831
vn 0.9352 -0.2127 0.2831
vn -0.0059 -0.3311 -0.9436
vn -0.0060 -0.3295 -0.9441
vn -0.0064 -0.3289 -0.9443
vn -0.0063 -0.3315 -0.9434
vn 0.9351 -0.2129 0.2834
vn 0.9351 -0.2130 0.2833
vn 0.9352 -0.2128 0.2832
vn 0.9352 -0.2127 0.2832
vn 0.9441 -0.3296 0.0034
vn 0.9440 -0.3300 0.0056
vn 0.9446 -0.3283 0.0053
vn 0.9447 -0.3279 0.0035
vn 0.9444 -0.3288 0.0006
vn 0.9445 -0.3285 0.0002
vn 0.9442 -0.3294 0.0002
vn 0.9441 -0.3296 0.0006
vn -0.0007 -0.3287 0.9444
vn 0.0006 -0.3289 0.9443
vn 0.0007 -0.3295 0.9442
vn -0.0006 -0.3293 0.9442
vn -0.9446 -0.3282 0.0054
vn 0.0000 1.0000 0.0069
vn -0.0000 1.0000 -0.0006
vn -0.0038 1.0000 -0.0031
vn -0.0008 1.0000 0.0069
vn -0.9998 -0.0175 -0.0070
vn -0.9998 -0.0175 0.0070
vn -0.9998 -0.0193 0.0071
vn -0.9998 -0.0193 -0.0070
vn -0.9443 -0.3290 0.0001
vn -0.9443 -0.3291 -0.0002
vn -0.9443 -0.3290 0.0000
vn 0.9941 -0.0209 0.1067
vn 0.9941 -0.0212 0.1067
vn 0.9973 0.0699 0.0209
vn 0.9973 0.0701 0.0208
vn 0.0443 -0.9990 0.0000
vn 0.0443 -0.9990 0.0002
vn 0.0913 -0.9958 0.0001
vn 0.0912 -0.9958 0.0001
vn 0.0463 -0.7233 0.6890
vn 0.0478 -0.7232 0.6890
vn 0.0886 -0.7194 0.6890
vn 0.0873 -0.7195 0.6890
vn 0.0002 -1.0000 0.0007
vn -0.0000 -0.9990 0.0441
vn 0.0001 -0.9958 0.0919
vn -0.0001 -0.9958 0.0919
vn -0.0449 -0.7272 0.6849
vn -0.0449 -0.7273 0.6849
vn -0.0909 -0.7270 0.6806
vn -0.0908 -0.7270 0.6806
vn -0.0448 -0.9990 0.0002
vn -0.0448 -0.9990 -0.0000
vn -0.0901 -0.9959 -0.0001
vn -0.0902 -0.9959 0.0002
vn 0.0439 -0.9990 0.0001
vn 0.0440 -0.9990 0.0004
vn 0.0927 -0.9957 0.0005
vn 0.0924 -0.9957 0.0002
vn 0.0045 0.7262 -0.6875
vn 0.0001 0.7260 -0.6877
vn -0.0010 0.7259 -0.6878
vn -0.0000 -0.9990 -0.0446
vn -0.0001 -0.9990 -0.0446
vn -0.0001 -0.9959 -0.0908
vn -0.9973 -0.0705 -0.0203
vn -0.9973 -0.0705 -0.0202
vn -0.9942 0.0201 -0.1059
vn -0.9942 0.0201 -0.1058
vn -0.0460 -0.9989 0.0007
vn -0.0458 -0.9990 -0.0002
vn -0.0888 -0.9960 -0.0005
vn -0.0892 -0.9960 0.0008
vn -0.9973 -0.0706 -0.0202
vn -0.9942 0.0200 -0.1058
vn 0.0465 -0.7231 0.6892
vn 0.0454 -0.7234 0.6890
vn 0.0883 -0.7194 0.6890
vn 0.0891 -0.7191 0.6892
vn -0.9981 -0.0623 0.0000
vn -0.9981 -0.0624 -0.0003
vn -0.9980 0.0628 -0.0003
vn -0.9980 0.0628 -0.0001
vn -0.0017 -0.9990 -0.0458
vn -0.0018 -0.9989 -0.0459
vn -0.0024 -0.9488 -0.3157
vn -0.0024 -0.9486 -0.3164
vn -0.0454 -0.9990 -0.0016
vn -0.0454 -0.9990 0.0016
vn -0.3311 -0.9436 0.0021
vn -0.3311 -0.9436 -0.0021
vn -0.0016 -0.0623 -0.9981
vn -0.0017 -0.0627 -0.9980
vn -0.0014 0.0630 -0.9980
vn -0.0017 0.0636 -0.9980
vn -0.3311 -0.9436 0.0020
vn 0.9942 -0.0201 0.1059
vn 0.9973 0.0706 0.0203
vn 0.9973 0.0705 0.0203
vn -0.9981 -0.0611 -0.0014
vn -0.9981 -0.0611 0.0013
vn -0.9980 0.0624 0.0011
vn -0.9980 0.0625 -0.0011
vn 0.9977 0.0252 0.0632
vn 0.9980 0.0410 0.0483
vn -0.0003 -0.0624 -0.9981
vn -0.0003 0.0625 -0.9980
vn -0.0003 0.0626 -0.9980
vn 0.9981 -0.0618 0.0006
vn 0.9981 -0.0616 0.0001
vn 0.9980 0.0627 -0.0001
vn 0.9980 0.0629 0.0006
vn -0.9981 -0.0622 0.0001
vn -0.9981 -0.0623 -0.0011
vn -0.9979 0.0642 -0.0011
vn -0.9979 0.0641 -0.0002
vn 0.0618 -0.9981 0.0002
vn 0.0620 -0.9981 0.0005
vn 0.0592 -0.9982 0.0005
vn 0.0590 -0.9983 0.0002
vn -0.0002 -0.9981 0.0610
vn 0.0002 -0.9981 0.0610
vn 0.0002 -0.9982 0.0603
vn -0.0003 -0.9982 0.0603
vn -0.2292 -0.9734 -0.0024
vn -0.2292 -0.9734 0.0024
vn -0.2559 -0.9667 0.0021
vn -0.2559 -0.9667 -0.0021
vn 0.2435 -0.9699 0.0062
vn 0.2424 -0.9702 0.0048
vn 0.2133 -0.9770 0.0055
vn 0.2146 -0.9767 0.0062
vn -0.0641 -0.9979 0.0007
vn -0.0637 -0.9980 -0.0003
vn -0.0573 -0.9984 -0.0003
vn -0.0575 -0.9983 0.0007
vn 0.9989 0.0470 -0.0005
vn 0.0624 -0.7219 0.6892
vn 0.0623 -0.7219 0.6892
vn 0.0576 -0.7223 0.6892
vn 0.0576 -0.7223 0.6891
vn -0.0001 -0.9980 -0.0625
vn -0.0001 -0.9983 -0.0582
vn -0.0001 -0.9983 -0.0581
vn -0.2292 -0.9734 -0.0023
vn -0.0071 0.0481 -0.9988
vn -0.0070 0.0456 -0.9989
vn -0.0071 0.0482 -0.9988
vn -0.0071 0.0456 -0.9989
vn 0.0383 -0.9993 0.0005
vn 0.0382 -0.9993 0.0001
vn 0.0366 -0.9993 0.0001
vn 0.0367 -0.9993 0.0004
vn -0.0001 -0.9981 0.0620
vn 0.0001 -0.9981 0.0620
vn 0.0001 -0.9983 0.0587
vn -0.0001 -0.9983 0.0587
vn 0.9978 0.0578 0.0324
vn -0.0447 0.9990 -0.0023
vn -0.0447 0.9990 0.0023
vn -0.0335 0.9994 0.0023
vn -0.0335 0.9994 -0.0024
vn -0.0001 0.9993 -0.0374
vn -0.0000 0.9993 -0.0374
vn -1.0000 -0.0041 -0.0002
vn -1.0000 -0.0041 0.0000
vn -1.0000 0.0039 -0.0000
vn -1.0000 0.0039 -0.0002
vn -0.0013 -0.9993 -0.0383
vn -0.0013 -0.9993 -0.0384
vn -0.0373 0.7239 -0.6888
vn -0.0373 0.7239 -0.6889
vn -0.0372 0.7239 -0.6889
vn -0.0373 -0.7271 0.6855
vn -0.0373 -0.7272 0.6854
vn -0.0374 -0.7272 0.6854
vn -1.0000 -0.0044 -0.0042
vn -1.0000 -0.0045 -0.0003
vn -1.0000 0.0006 -0.0003
vn -1.0000 0.0035 -0.0042
vn 0.0627 -0.7218 0.6892
vn 0.0580 -0.7223 0.6892
vn 0.0576 -0.7224 0.6891
vn 0.0382 0.9993 0.0001
vn 0.0384 0.9993 -0.0005
vn 0.0367 0.9993 -0.0005
vn 0.0366 0.9993 0.0001
vn 0.0001 -0.9992 0.0396
vn -0.0002 -0.9992 0.0396
vn -0.0002 -0.9994 0.0356
vn 0.0002 -0.9994 0.0356
vn -0.0373 0.7238 -0.6890
vn -0.0374 -0.7271 0.6855
vn 0.0376 -0.9993 0.0054
vn 0.0372 -0.9993 0.0061
vn 0.0399 -0.9992 0.0069
vn 0.0399 -0.9992 0.0068
vn -0.0360 0.9993 -0.0034
vn -0.0357 0.9994 -0.0002
vn -0.0385 0.9993 -0.0002
vn -0.0389 0.9992 -0.0034
vn 0.0373 -0.7239 0.6889
vn 1.0000 -0.0042 0.0002
vn 1.0000 -0.0043 0.0031
vn 1.0000 0.0037 0.0030
vn 1.0000 0.0037 0.0002
vn -0.0058 -0.0039 -1.0000
vn -0.0058 -0.0040 -1.0000
vn -0.0058 0.0040 -1.0000
vn -0.0058 0.0039 -1.0000
vn -0.0013 0.9993 -0.0384
vn -0.0013 0.9993 -0.0383
vn -0.0447 -0.9990 0.0023
vn -0.0447 -0.9990 -0.0023
vn -0.0335 -0.9994 -0.0023
vn -0.0335 -0.9994 0.0023
vn -1.0000 -0.0009 -0.0004
vn -1.0000 -0.0032 0.0035
vn -1.0000 0.0047 0.0035
vn -1.0000 0.0008 -0.0005
vn -0.9999 -0.0041 0.0125
vn -0.9999 -0.0040 -0.0125
vn -0.9999 0.0040 -0.0125
vn -0.9999 0.0040 0.0125
vn -0.0365 -0.9993 -0.0002
vn -0.0366 -0.9993 0.0006
vn -0.0386 -0.9993 0.0006
vn -0.0384 -0.9993 -0.0002
vn 0.0373 0.7272 -0.6854
vn 0.0373 0.7272 -0.6855
vn -0.0002 -0.0040 -1.0000
vn -0.0002 -0.0039 -1.0000
vn -0.0002 0.0040 -1.0000
vn -0.0452 -0.7272 0.6849
vn -0.0914 -0.7269 0.6806
vn -1.0000 0.0048 0.0035
vn -0.9978 -0.0275 -0.0610
vn -0.9978 -0.0298 -0.0589
vn -0.9976 -0.0242 -0.0642
vn -0.9977 -0.0264 -0.0621
vn -0.9978 -0.0276 -0.0610
vn -0.9977 -0.0265 -0.0621
vn 0.0002 -0.0040 1.0000
vn -0.0002 -0.0040 1.0000
vn -0.0002 0.0040 1.0000
vn 0.0002 0.0040 1.0000
vn -0.9999 -0.0041 0.0124
vn -0.9999 0.0041 -0.0125
vn -0.0371 0.9993 -0.0002
vn -0.0370 0.9993 -0.0000
vn -0.0376 0.9993 -0.0000
vn -0.0377 0.9993 -0.0002
vn 0.0374 0.7271 -0.6855
vn 0.0374 0.7272 -0.6854
vn 0.0373 0.7271 -0.6855
vn -0.0001 0.9992 0.0396
vn 0.0002 0.9992 0.0396
vn 0.0002 0.9994 0.0356
vn -0.0002 0.9994 0.0356
vn 1.0000 -0.0041 0.0000
vn 1.0000 -0.0041 0.0002
vn 1.0000 0.0039 0.0002
vn 1.0000 0.0039 0.0000
vn 0.0375 -0.9993 0.0053
vn 0.0398 -0.9992 0.0069
vn -0.0398 -0.9992 0.0067
vn -0.0373 -0.9993 0.0061
vn -0.0376 -0.9993 0.0053
vn -0.0398 -0.9992 0.0066
vn -0.0370 -0.9993 -0.0000
vn -0.0371 -0.9993 0.0002
vn -0.0376 -0.9993 0.0002
vn -0.0375 -0.9993 -0.0001
vn -0.0372 0.9993 0.0036
vn -0.0375 0.9993 0.0041
vn -0.0390 0.9992 -0.0046
vn 0.0000 -0.9993 0.0379
vn -0.0000 -0.9993 0.0368
vn 0.0390 0.9992 -0.0045
vn 0.0374 0.9993 0.0041
vn 0.0372 0.9993 0.0036
vn 0.0376 -0.9993 0.0001
vn 0.0376 -0.9993 0.0000
vn 0.0371 -0.9993 0.0001
vn -0.0000 0.9993 0.0379
vn 0.0000 0.9993 0.0368
vn 0.0039 -0.0040 1.0000
vn -0.0038 -0.0040 1.0000
vn -0.0038 0.0040 1.0000
vn 0.0038 0.0040 1.0000
vn 0.0375 0.9993 0.0000
vn 0.0376 0.9993 -0.0002
vn 0.0371 0.9993 -0.0001
vn 0.0371 0.9993 0.0000
vn 1.0000 0.0050 0.0000
vn 1.0000 -0.0051 0.0002
vn 0.9999 -0.0009 0.0107
vn 0.9978 0.0579 0.0323
vn 0.9978 0.0577 0.0326
vn 0.9978 0.0579 0.0322
vn -0.0449 -0.7273 0.6848
vn -0.0453 -0.7272 0.6849
vn -0.0915 -0.7269 0.6806
vn -0.0479 0.9989 -0.0001
vn -0.0480 0.9988 -0.0002
vn -0.0473 0.9989 -0.0002
vn -0.0473 0.9989 -0.0000
vn -0.9999 -0.0009 0.0107
vn -1.0000 -0.0051 0.0001
vn -1.0000 0.0050 -0.0001
vn -0.0399 -0.9992 0.0067
vn -0.0399 -0.9992 0.0066
vn -0.0497 0.9988 -0.0046
vn -0.0473 0.9989 0.0034
vn -0.0478 0.9988 0.0043
vn -0.0497 0.9988 -0.0047
vn 0.0629 -0.7218 0.6892
vn 0.0624 -0.7219 0.6891
vn 0.0580 -0.7222 0.6892
vn 0.9978 0.0298 0.0589
vn -0.9978 -0.0579 -0.0323
vn -0.9978 -0.0577 -0.0325
vn -0.9498 -0.2643 0.1673
vn -0.0004 -0.7261 0.6876
vn 0.0372 -0.7239 0.6889
vn 0.0373 -0.7240 0.6888
vn -0.9955 0.0074 -0.0940
vn -0.9955 0.0075 -0.0940
vn -0.9956 0.0073 -0.0937
vn -0.0625 -0.7273 0.6835
vn -0.0626 -0.7273 0.6834
vn -0.0586 -0.7273 0.6838
vn -0.0587 -0.7273 0.6838
vn 0.0065 1.0000 -0.0004
vn -0.0035 1.0000 -0.0020
vn -0.0007 1.0000 -0.0000
vn 0.0064 1.0000 -0.0000
vn -0.9977 -0.0251 -0.0634
vn -0.3219 -0.9468 0.0042
vn -0.1757 -0.9844 0.0045
vn -0.1765 -0.9843 0.0070
vn -0.3223 -0.9466 0.0066
vn 0.0000 0.2113 -0.9774
vn 0.0043 0.2082 -0.9781
vn -0.0050 0.2041 -0.9789
vn 0.0019 0.7260 -0.6877
vn -0.0018 0.7259 -0.6878
vn -0.9999 0.0026 -0.0122
vn -0.9999 0.0002 0.0113
vn -0.0043 0.2082 -0.9781
vn 0.0002 0.2107 -0.9775
vn -0.9942 0.0202 -0.1059
vn 0.0015 0.0008 1.0000
vn 0.0020 -0.0013 1.0000
vn 0.0008 -0.0009 1.0000
vn 0.9998 0.0213 0.0034
vn -0.0335 0.9994 -0.0023
vn 0.0001 0.7260 -0.6876
vn -0.0019 0.7259 -0.6878
vn 0.0011 0.7261 -0.6876
vn 0.1765 -0.9843 0.0072
vn 0.1757 -0.9844 0.0045
vn 0.3219 -0.9468 0.0042
vn 0.3223 -0.9466 0.0070
vn 0.9981 -0.0621 0.0002
vn 0.9981 -0.0621 0.0001
vn 0.9980 0.0625 -0.0000
vn 0.9980 0.0626 0.0002
vn 0.9447 -0.3280 0.0035
vn -0.0045 1.0000 -0.0000
vn 0.0054 1.0000 -0.0000
vn 0.0055 1.0000 -0.0001
vn -0.0045 1.0000 -0.0002
vn 1.0000 -0.0001 0.0033
vn 1.0000 -0.0000 0.0002
vn 0.9998 0.0222 0.0007
vn 0.9977 0.0255 0.0629
vn 0.9980 0.0412 0.0481
vn 0.9980 0.0412 0.0480
vn -0.0008 1.0000 -0.0049
vn 0.0007 1.0000 -0.0049
vn -0.0004 1.0000 -0.0044
vn -0.9990 -0.0445 0.0000
vn -0.9990 -0.0445 -0.0003
vn -0.9990 -0.0447 -0.0002
vn -0.9990 -0.0447 -0.0000
vn -0.0478 0.7231 -0.6891
vn 0.0478 0.9988 0.0043
vn 0.0622 -0.9981 0.0001
vn 0.0623 -0.9981 0.0001
vn 0.0584 -0.9983 0.0002
vn 0.0584 -0.9983 0.0000
vn 0.0480 0.7273 -0.6847
vn 0.0481 0.7273 -0.6847
vn 0.1872 -0.7050 0.6841
vn 0.1669 -0.7085 0.6857
vn 0.8380 0.4605 -0.2926
vn 0.8346 0.4457 -0.3237
vn 0.8408 0.4390 -0.3168
vn 0.8427 0.4553 -0.2874
vn -0.1893 -0.7211 0.6665
vn -0.1711 -0.7227 0.6696
vn -0.1712 -0.7227 0.6696
vn 0.8078 0.5564 -0.1947
vn 0.8109 0.5485 -0.2037
vn 0.8439 0.5108 -0.1640
vn 0.8556 0.5010 -0.1299
vn -0.9528 -0.2576 0.1608
vn -0.9943 0.0195 -0.1052
vn 0.9978 0.0297 0.0590
vn 0.9313 -0.2204 0.2901
vn 0.9494 -0.1847 0.2541
vn 0.9973 0.0699 0.0208
vn 0.0000 -0.7260 0.6877
vn 0.8714 0.3022 -0.3864
vn 0.8424 0.3374 -0.4201
vn 0.8825 0.3106 -0.3532
vn 0.9226 0.2492 -0.2944
vn -0.9973 -0.0699 -0.0209
vn 0.1872 -0.7049 0.6841
vn 0.0657 0.7273 -0.6832
vn 0.9942 -0.0195 0.1053
vn -0.9973 -0.0698 -0.0209
vn 0.0474 0.9989 -0.0002
vn 0.0474 0.9989 0.0000
vn 0.0479 0.9989 0.0001
vn 0.0479 0.9988 -0.0002
vn -0.0654 0.7216 -0.6892
vn 0.9978 0.0278 0.0608
vn 0.9977 0.0262 0.0623
vn -0.9977 -0.0262 -0.0623
vn -0.9978 -0.0278 -0.0608
vn -0.3187 -0.7019 0.6370
vn -0.0614 -0.7273 0.6836
vn -0.9975 -0.0207 -0.0675
vn -0.9943 0.0195 -0.1053
vn -0.0655 0.7216 -0.6892
vn 0.9943 -0.0195 0.1053
vn 0.9483 -0.1826 0.2596
vn 0.9313 -0.2203 0.2900
vn 0.6621 0.3952 -0.6367
vn 0.3753 0.5478 -0.7477
vn 0.5274 0.6604 -0.5346
vn 0.7917 0.4748 -0.3844
vn 0.2443 0.7537 -0.6101
vn 0.3754 0.8453 -0.3801
vn 0.6622 0.7050 -0.2539
vn -0.2443 0.7537 -0.6101
vn -0.3754 0.5478 -0.7477
vn -0.5273 0.6604 -0.5346
vn -0.3753 0.8454 -0.3801
vn -0.6622 0.3952 -0.6367
vn -0.7917 0.4748 -0.3844
vn -0.6621 0.7051 -0.2539
vn 0.6621 0.3951 -0.6367
vn -0.0515 0.9987 -0.0046
vn -0.0501 0.9987 -0.0016
vn -0.0484 0.9988 -0.0047
vn -0.0469 0.9989 -0.0016
vn 0.0007 1.0000 -0.0048
vn -0.0010 1.0000 -0.0047
vn 0.0044 0.7262 -0.6874
vn 0.0247 -0.0002 0.9997
vn -0.0052 1.0000 -0.0052
vn -0.0050 0.2112 -0.9774
vn -0.0020 -0.0013 1.0000
vn -0.0015 0.0008 1.0000
vn 0.0070 -0.0009 1.0000
vn 0.0008 0.0008 1.0000
vn 0.0071 0.0009 1.0000
vn 0.0070 0.0009 1.0000
vn 0.0008 0.0010 1.0000
vn 0.0008 -0.0006 1.0000
vn -0.0008 0.0008 1.0000
vn -0.0247 -0.0002 0.9997
vn -0.0070 0.0010 1.0000
vn -0.0008 -0.0006 1.0000
vn 1.0000 0.0022 -0.0096
vn 1.0000 0.0060 -0.0005
vn -0.0002 0.2107 -0.9775
vn -1.0000 0.0021 -0.0096
vn -1.0000 0.0060 -0.0005
vn -0.0043 1.0000 -0.0003
vn 0.0043 1.0000 -0.0003
vn 0.0003 1.0000 -0.0044
vn 0.0002 -1.0000 0.0020
vn 0.0001 -1.0000 0.0020
vn 0.0014 -0.0002 1.0000
vn 0.0014 -0.0000 1.0000
vn -0.0014 0.0000 1.0000
vn 0.0001 -1.0000 -0.0038
vn 0.0041 0.2041 -0.9789
vn -0.0246 -0.0000 0.9997
vn 0.0246 0.0001 0.9997
vn 0.9999 -0.0000 0.0107
vn -0.0042 0.2041 -0.9789
vn 0.0042 0.2040 -0.9790
vn -0.9999 0.0003 0.0107
vn 0.0246 -0.0000 0.9997
vn 1.0000 0.0018 -0.0015
vn 0.0006 0.2088 -0.9780
vn -0.0010 1.0000 -0.0010
vn -0.0006 0.2088 -0.9780
vn -1.0000 0.0019 -0.0015
vn 1.0000 0.0020 -0.0094
vn -1.0000 0.0020 -0.0094
vn 0.0001 -1.0000 0.0001
usemtl sandstone
s 1
f 4015/7717/1459 4011/7718/1459 4613/7719/1460 4617/7720/1461
f 4000/7721/1462 4010/7722/1462 4234/7723/1463 4172/7724/1463
f 4009/7725/1464 4021/7726/1465 4246/7727/1466 4231/7728/1467
f 4566/7729/1468 4558/7730/1469 4090/7731/1470 4056/7732/1471
f 4544/7733/1472 4526/7734/1473 4074/7735/1474 4084/7736/1475
f 4822/7737/1476 4786/7738/1477 4505/7739/1478 4031/7740/1479
f 4022/7741/1480 4008/7742/1481 4519/7743/1482 4547/7744/1483
f 4219/7745/1484 4164/7746/1485 4205/7747/1486 4238/7748/1487
f 4850/7749/1488 4004/7750/1489 4596/7751/1489 4939/7752/1488
f 4014/7753/1490 3980/7754/1491 4585/7755/1492 4614/7756/1493
f 4161/7757/1494 4168/7758/1495 4185/7759/1496 4182/7760/1497
f 4525/7761/1498 4513/7762/1498 4027/7763/1498 4071/7764/1498
f 4804/7765/1499 4833/7766/1500 4785/7767/1501
f 4023/7768/1502 4019/7769/1503 4550/7770/1504 4552/7771/1505
f 3994/7772/1490 4024/7773/1491 4551/7774/1492 4561/7775/1493
f 3986/7776/1506 3971/7777/1481 4580/7778/1507 4573/7779/1508
f 4769/7780/1509 4724/7781/1510 4001/7782/1511 4171/7783/1511
f 3977/7784/1512 4735/7785/1513 4743/7786/1514 4625/7787/1515
f 4568/7788/1516 4578/7789/1517 4051/7790/1518 4064/7791/1519
f 4041/7792/1520 4058/7793/1521 4282/7794/1522 4263/7795/1523
f 4620/7796/1524 4609/7797/1525 4075/7798/1526 4079/7799/1526
f 3992/7800/1527 3989/7801/1528 4183/7802/1527 4200/7803/1528
f 4012/7804/1529 4018/7805/1530 4242/7806/1529 4236/7807/1529
f 4020/7808/1531 4026/7809/1532 4247/7810/1533 4243/7811/1534
f 3979/7812/1535 3983/7813/1536 4572/7814/1537 4586/7815/1538
f 4932/7816/1539 4594/7817/1540 4070/7818/1541 4863/7819/1539
f 4003/7820/1542 4016/7821/1543 4616/7822/1544 4597/7823/1545
f 4007/7824/1546 3999/7825/1547 4516/7826/1547 4520/7827/1546
f 3963/7828/1548 3987/7829/1549 4534/7830/1550 4538/7831/1551
f 3981/7832/1552 4013/7833/1553 4235/7834/1554 4204/7835/1555
f 3965/7836/1556 3969/7837/1556 4175/7838/1556 4180/7839/1556
f 4801/7840/1557 4782/7841/1558 4046/7842/1559 4270/7843/1560
f 4862/7844/1561 4069/7845/1562 4291/7846/1563 4895/7847/1564
f 4404/7848/1565 4406/7849/1566 4428/7850/1567 4397/7851/1568
f 4094/7852/1569 4097/7853/1570 4437/7854/1571 4382/7855/1572
f 4736/7856/1573 4722/7857/1574 4444/7858/1575 4439/7859/1576
f 4718/7860/1557 4820/7861/1558 4034/7862/1577 4258/7863/1578
f 4557/7864/1579 4545/7865/1580 4083/7866/1581 4087/7867/1582
f 4780/7868/1583 4732/7869/1584 4787/7870/1585
f 4422/7871/1586 4425/7872/1587 4396/7873/1588 4434/7874/1589
f 4512/7875/1590 4819/7876/1591 4798/7877/1592 4028/7878/1593
f 4906/7879/1594 4386/7880/1595 4416/7881/1596
f 4045/7882/1562 4865/7883/1597 4892/7884/1598 4267/7885/1599
f 4577/7886/1600 4927/7887/1601 4858/7888/1601 4052/7889/1498
f 4589/7890/1602 4569/7891/1603 4063/7892/1604 4059/7893/1605
f 4610/7894/1606 4619/7895/1607 4635/7896/1607 4671/7897/1606
f 5030/7898/1608 5035/7899/1609 5028/7900/1610
f 4542/7901/1611 4528/7902/1612 4039/7903/1613 4035/7904/1614
f 4068/7905/1615 4081/7906/1616 4303/7907/1617 4292/7908/1618
f 4924/7909/1619 4628/7910/1498 4048/7911/1620 4861/7912/1619
f 4608/7913/1621 4590/7914/1469 4062/7915/1470 4076/7916/1471
f 4527/7917/1622 4563/7918/1623 4055/7919/1624 4040/7920/1625
f 4217/7921/1626 4214/7922/1626 4173/7923/1627 4233/7924/1627
f 4155/7925/1628 3952/7926/1629 3955/7927/1629 4212/7928/1628
f 4221/7929/1630 4220/7930/1631 4237/7931/1632 4241/7932/1633
f 3953/7933/1629 4158/7934/1634 4215/7935/1635 3954/7936/1629
f 4216/7937/1636 4222/7938/1637 4240/7939/1638 4230/7940/1639
f 4165/7941/1640 4157/7942/1641 4197/7943/1642 4209/7944/1643
f 4213/7945/1644 4785/7946/1645 4770/7947/1646 4174/7948/1647
f 4168/7949/1648 4161/7950/1649 4218/7951/1649 4223/7952/1499
f 4225/7953/1650 4224/7954/1651 4244/7955/1652 4250/7956/1653
f 4297/7957/1654 4253/7958/1654 4330/7959/1654 4366/7960/1654
f 4220/7961/1655 4221/7962/1655 4163/7963/1655
f 4170/7964/1655 4225/7965/1655 4226/7966/1655
f 3954/7967/1656 4215/7968/1656 4229/7969/1657 4887/7970/1658
f 4169/7971/1484 4226/7972/1485 4249/7973/1486 4202/7974/1487
f 4163/7975/1659 4166/7976/1660 4208/7977/1661 4206/7978/1662
f 4712/7979/1663 4806/7980/1664 4211/7981/1665 4188/7982/1666
f 4778/7983/1667 4751/7984/1668 3967/7985/1669 4509/7986/1670
f 4167/7987/1671 4170/7988/1672 4201/7989/1673 4186/7990/1674
f 4846/7991/1675 3973/7992/1463 4195/7993/1676 4883/7994/1677
f 3984/7995/1678 3982/7996/1678 4203/7997/1679 4207/7998/1680
f 4806/7999/1499 4841/8000/1500 4699/8001/1501
f 4715/8002/1667 4748/8003/1681 3995/8004/1669 4601/8005/1670
f 3970/8006/1489 3964/8007/1489 4537/8008/1489 4510/8009/1489
f 4159/8010/1682 4162/8011/1682 4181/8012/1683 4178/8013/1683
f 4852/8014/1684 3997/8015/1685 4190/8016/1685 4885/8017/1684
f 4653/8018/1686 4921/8019/1687 4866/8020/1688 4647/8021/1689
f 4261/8022/1690 4265/8023/1691 4339/8024/1692 4338/8025/1690
f 4305/8026/1693 4301/8027/1694 4368/8028/1695 4324/8029/1696
f 4285/8030/1697 4289/8031/1698 4359/8032/1699 4355/8033/1700
f 4288/8034/1701 4277/8035/1702 4348/8036/1703 4360/8037/1704
f 4894/8038/1705 4294/8039/1705 4319/8040/1706 4903/8041/1706
f 4709/8042/1707 4719/8043/1708 4257/8044/1709 4332/8045/1710
f 4130/8046/1711 4874/8047/1712 4909/8048/1713 4420/8049/1714
f 4119/8050/1715 4116/8051/1716 4426/8052/1717 4421/8053/1718
f 4375/8054/1719 4371/8055/1720 4098/8056/1721 4093/8057/1722
f 4708/8058/1723 4754/8059/1724 4149/8060/1725 4402/8061/1726
f 4363/8062/1727 4329/8063/1727 4151/8064/1728 4108/8065/1728
f 4276/8066/1654 4889/8067/1729 4897/8068/1730 4349/8069/1731
f 4264/8070/1732 4281/8071/1733 4352/8072/1734 4340/8073/1735
f 4890/8074/1736 4274/8075/1737 4315/8076/1738 4901/8077/1739
f 4252/8078/1740 4703/8079/1741 4789/8080/1742 4327/8081/1743
f 4308/8082/1744 4298/8083/1745 4365/8084/1746 4373/8085/1747
f 4313/8086/1748 4309/8087/1749 4372/8088/1750 4378/8089/1751
f 4727/8090/1752 4802/8091/1708 4269/8092/1709 4344/8093/1710
f 4436/8094/1753 4409/8095/1754 4381/8096/1755 4383/8097/1756
f 4300/8098/1757 4286/8099/1758 4358/8100/1759 4369/8101/1760
f 4293/8102/1761 4306/8103/1762 4323/8104/1762 4320/8105/1763
f 4877/8106/1764 4134/8107/1765 4387/8108/1766 4908/8109/1767
f 4361/8110/1768 4347/8111/1769 4128/8112/1770 4118/8113/1771
f 4350/8114/1772 4896/8115/1773 4875/8116/1774 4129/8117/1775
f 4157/8118/1776 4165/8119/1499 4222/8120/1499 4216/8121/1776
f 4356/8122/1777 4362/8123/1777 4117/8124/1778 4122/8125/1779
f 4334/8126/1780 4336/8127/1781 4143/8128/1782 4147/8129/1783
f 4321/8130/1784 4326/8131/1785 4099/8132/1786 4111/8133/1787
f 4374/8134/1788 4364/8135/1789 4107/8136/1790 4095/8137/1791
f 4911/8138/1792 4843/8139/1793 4912/8140/1794
f 4325/8141/1795 4367/8142/1796 4103/8143/1797 4100/8144/1797
f 4148/8145/1798 4146/8146/1799 4407/8147/1800 4403/8148/1801
f 4335/8149/1802 4342/8150/1803 4141/8151/1804 4144/8152/1805
f 4872/8153/1798 4113/8154/1806 4390/8155/1801 4913/8156/1807
f 4899/8157/1808 4318/8158/1809 4131/8159/1810 4879/8160/1811
f 4112/8161/1812 4102/8162/1813 4394/8163/1814 4391/8164/1815
f 4341/8165/1816 4351/8166/1817 4125/8167/1818 4142/8168/1819
f 4354/8169/1820 4376/8170/1821 4092/8171/1822 4126/8172/1823
f 4139/8173/1824 4124/8174/1825 4379/8175/1826 4412/8176/1827
f 4370/8177/1820 4357/8178/1821 4121/8179/1828 4104/8180/1823
f 4109/8181/1829 4154/8182/1829 4398/8183/1830 4431/8184/1831
f 4105/8185/1832 4120/8186/1833 4423/8187/1834 4433/8188/1835
f 3952/8189/1836 4155/8190/1836 4192/8191/1837 4881/8192/1837
f 4123/8193/1832 4091/8194/1833 4384/8195/1834 4380/8196/1835
f 4101/8197/1838 4106/8198/1838 4432/8199/1839 4395/8200/1840
f 4096/8201/1841 4110/8202/1842 4430/8203/1843 4438/8204/1844
f 4145/8205/1845 4140/8206/1846 4411/8207/1847 4408/8208/1848
f 4085/8209/1849 4073/8210/1850 4295/8211/1851 4307/8212/1852
f 4088/8213/1853 4086/8214/1854 4310/8215/1855 4312/8216/1856
f 4057/8217/1857 4089/8218/1858 4311/8219/1859 4279/8220/1860
f 4029/8221/1861 4800/8222/1862 4704/8223/1863 4251/8224/1864
f 4025/8225/1552 3993/8226/1553 4199/8227/1554 4248/8228/1555
f 4036/8229/1865 4042/8230/1866 4266/8231/1867 4260/8232/1868
f 4002/8233/1869 4726/8234/1513 4766/8235/1514 4517/8236/1515
f 4072/8237/1870 4030/8238/1871 4254/8239/1872 4296/8240/1873
f 4080/8241/1874 4078/8242/1874 4302/8243/1875 4304/8244/1876
f 4077/8245/1877 4061/8246/1858 4283/8247/1859 4299/8248/1860
f 3990/8249/1878 3991/8250/1879 4560/8251/1880 4531/8252/1881
f 4523/8253/1882 4543/8254/1883 4494/8255/1884 4495/8256/1885
f 4050/8257/1861 4745/8258/1862 4823/8259/1863 4272/8260/1864
f 4060/8261/1886 4066/8262/1887 4290/8263/1888 4284/8264/1889
f 3974/8265/1547 4847/8266/1890 4928/8267/1890 4581/8268/1547
f 4781/8269/1476 4695/8270/1477 4605/8271/1478 4043/8272/1479
f 4562/8273/1891 4554/8274/1892 4469/8275/1893 4484/8276/1894
f 4618/8277/1895 4612/8278/1895 4678/8279/1896 4632/8280/1896
f 4637/8281/1897 4642/8282/1898 4644/8283/1899 4634/8284/1900
f 4564/8285/1901 4530/8286/1902 4476/8287/1901 4479/8288/1902
f 4599/8289/1903 4937/8290/1904 4854/8291/1905 4680/8292/1904
f 4934/8293/1906 4603/8294/1907 4684/8295/1908 4919/8296/1906
f 4478/8297/1909 4457/8298/1910 4460/8299/1911 4474/8300/1912
f 4053/8301/1870 4859/8302/1913 4888/8303/1914 4275/8304/1915
f 4548/8305/1916 4522/8306/1917 4499/8307/1918 4487/8308/1919
f 4546/8309/1920 4556/8310/1921 4463/8311/1922 4491/8312/1923
f 4938/8313/1905 4595/8314/1905 4646/8315/1904 4857/8316/1924
f 4591/8317/1925 4933/8318/1906 4916/8319/1906 4640/8320/1907
f 4813/8321/1926 4775/8322/1927 4630/8323/1928 4651/8324/1929
f 4535/8325/1930 4533/8326/1931 4471/8327/1932 4459/8328/1933
f 4926/8329/1934 4576/8330/1934 4656/8331/1934 4923/8332/1934
f 4496/8333/1935 4493/8334/1936 4488/8335/1937 4502/8336/1938
f 4480/8337/1939 4475/8338/1940 4473/8339/1941 4486/8340/1942
f 4532/8341/1943 4559/8342/1944 4483/8343/1943 4472/8344/1944
f 4555/8345/1945 4565/8346/1946 4482/8347/1947 4464/8348/1948
f 4453/8349/1949 4730/8350/1950 4815/8351/1951 4450/8352/1952
f 4465/8353/1953 4481/8354/1954 4485/8355/1955 4468/8356/1956
f 4529/8357/1957 4541/8358/1958 4458/8359/1959 4477/8360/1960
f 4507/8361/1905 4536/8362/1904 4462/8363/1904 4448/8364/1904
f 4521/8365/1961 4515/8366/1962 4441/8367/1962 4500/8368/1961
f 4672/8369/1963 4638/8370/1964 4633/8371/1965 4677/8372/1965
f 4902/8373/1966 4322/8374/1781 4114/8375/1782 4873/8376/1967
f 4686/8377/1949 4797/8378/1950 4773/8379/1968 4682/8380/1952
f 4918/8381/1969 4683/8382/1970 4681/8383/1971 4855/8384/1972
f 4641/8385/1970 4917/8386/1973 4856/8387/1974 4645/8388/1971
f 4687/8389/1975 4669/8390/1976 4663/8391/1977 4693/8392/1978
f 4668/8393/1979 4673/8394/1954 4676/8395/1980 4664/8396/1956
f 4598/8397/1981 4615/8398/1982 4631/8399/1983 4643/8400/1984
f 4930/8401/1985 4623/8402/1986 4648/8403/1961 4867/8404/1987
f 4553/8405/1988 4549/8406/1989 4490/8407/1990 4470/8408/1991
f 4658/8409/1992 4688/8410/1993 4692/8411/1994 4662/8412/1995
f 4721/8413/1996 4817/8414/1927 4511/8415/1928 4445/8416/1997
f 4506/8417/1998 4788/8418/1999 4731/8419/2000 4452/8420/2001
f 4622/8421/2002 4592/8422/2003 4639/8423/2004 4636/8424/2005
f 4814/8425/2006 4779/8426/2007 4508/8427/2008 4447/8428/2008
f 4570/8429/2009 4588/8430/2009 4670/8431/2010 4690/8432/2010
f 4518/8433/2011 4768/8434/2012 4737/8435/2013 4442/8436/2011
f 4540/8437/1925 4503/8438/1925 4451/8439/1907 4455/8440/1925
f 4587/8441/1945 4607/8442/1946 4674/8443/1947 4667/8444/1948
f 4575/8445/2014 4567/8446/2015 4689/8447/2016 4657/8448/2016
f 4583/8449/2017 4571/8450/2017 4694/8451/2018 4666/8452/2018
f 4492/8453/2019 4466/8454/2020 4467/8455/2021 4489/8456/2022
f 4574/8457/2023 4579/8458/2024 4659/8459/2025 4691/8460/2026
f 4399/8461/2027 4153/8462/2028 4700/8463/2029
f 4848/8464/2030 3978/8465/2031 4624/8466/1547 4931/8467/2032
f 4346/8468/2033 4905/8469/2034 4870/8470/2035 4137/8471/1783
f 4017/8472/2036 4006/8473/2037 4227/8474/2038 4239/8475/2039
f 4763/8476/2040 4135/8477/2041 4414/8478/2042
f 4606/8479/2043 4697/8480/1999 4795/8481/2000 4685/8482/2044
f 3968/8483/2045 4753/8484/2046 4809/8485/2047 4176/8486/2048
f 4860/8487/2049 4047/8488/2050 4271/8489/1915 4891/8490/2051
f 4443/8491/1686 4497/8492/1686 4501/8493/2052 4440/8494/2052
f 4604/8495/1540 4935/8496/2053 4864/8497/2053 4044/8498/2054
f 4268/8499/2055 4893/8500/1705 4904/8501/1705 4345/8502/1706
f 4808/8503/1663 4804/8504/1664 4160/8505/1665 4177/8506/1666
f 4162/8507/2056 4159/8508/2056 4214/8509/2056 4217/8510/2056
f 4629/8511/1934 4925/8512/2057 4920/8513/1934 4652/8514/2058
f 4456/8515/1970 4454/8516/1970 4449/8517/1971 4461/8518/1971
f 3998/8519/1489 4853/8520/2059 4936/8521/2060 4602/8522/2061
f 4033/8523/2062 4037/8524/2063 4259/8525/2064 4255/8526/2065
f 4256/8527/1705 4262/8528/1705 4337/8529/1706 4333/8530/1705
f 4429/8531/2066 4405/8532/2067 4410/8533/2068 4435/8534/2069
f 4212/8535/1682 3955/8536/2070 4884/8537/1683 4189/8538/1683
f 4504/8539/1540 4539/8540/1541 4038/8541/1541 4032/8542/1541
f 4756/8543/2071 4710/8544/2072 4331/8545/2073 4150/8546/2074
f 4514/8547/1934 4524/8548/2057 4498/8549/2057 4446/8550/1934
f 4922/8551/1687 4655/8552/1686 4661/8553/2052 4869/8554/1688
f 5027/8555/2075 5025/8556/2076 4828/8557/2077
f 4946/8558/2078 4991/8559/2079 4912/8140/1794 4843/8139/1793
f 4754/8059/1724 4708/8058/1723 4829/8560/2080 4831/8561/2081
f 5042/8562/2082 5060/8563/2083 5058/8564/2076
f 4138/8565/1806 4871/8566/1798 4914/8567/1801 4415/8568/2084
f 4771/8569/2085 4705/8570/2086 4818/8571/2087
f 4759/8572/2085 4824/8573/2086 4776/8574/2087
f 4156/8575/1644 4699/8576/1645 4758/8577/2088 4193/8578/1647
f 4626/8579/2011 4742/8580/2012 4740/8581/2013 4649/8582/2011
f 4772/8583/2006 4716/8584/2007 4600/8585/2008 4679/8586/2008
f 4611/8587/1891 4584/8588/1892 4665/8589/1893 4675/8590/2089
f 4582/8591/1961 4929/8592/1987 4868/8593/1987 4660/8594/1961
f 4717/8595/1583 4796/8596/1584 4696/8597/1585
f 4844/8598/2090 4915/8599/1565 4988/8600/2091 4945/8601/2092
f 4739/8602/1573 4811/8603/1574 4654/8604/1575 4650/8605/1576
f 4317/8606/2093 4794/8607/2094 4761/8608/2095 4132/8609/2096
f 4115/8610/2097 4127/8611/2098 4419/8612/2099 4427/8613/2100
f 4388/8614/2027 4133/8615/2028 4760/8616/2029
f 4273/8617/1740 4825/8618/1741 4792/8619/1742 4316/8620/2101
f 4393/8621/2102 4424/8622/2103 4418/8623/2104 4392/8624/2105
f 4765/8625/2071 4728/8626/2072 4343/8627/2073 4136/8628/2074
f 3996/8629/2045 4750/8630/2046 4713/8631/2047 4187/8632/2045
f 4223/8633/2106 4218/8634/2107 4232/8635/1647 4245/8636/2108
f 4158/8637/1626 3953/8638/2109 4882/8639/2110 4198/8640/2111
f 4280/8641/1757 4314/8642/1758 4377/8643/1759 4353/8644/1760
f 4413/8645/2112 4385/8646/2113 5039/8647/2114
f 4593/8648/2115 4621/8649/2116 4082/8650/2117 4067/8651/2118
f 4005/8652/1685 4851/8653/2119 4886/8654/2119 4228/8655/1556
f 4757/8656/2120 4733/8657/1510 3976/8658/1511 4194/8659/1511
f 4065/8660/2121 4054/8661/2122 4278/8662/2123 4287/8663/2124
f 3975/8664/1676 4849/8665/2125 4880/8666/2126 4191/8667/1676
f 4627/8668/1590 4777/8669/1591 4746/8670/1592 4049/8671/1593
f 4986/8672/1798 4989/8673/1800 4914/8567/1801 4871/8566/1798
f 5022/8674/2127 4993/8675/2128 4888/8303/1914 4859/8302/1913
f 4974/8676/1904 4963/8677/1905 4854/8291/1905 4937/8290/1904
f 4978/8678/1934 4967/8679/2057 4920/8513/1934 4925/8512/2057
f 4944/8680/2129 4947/8681/2130 4941/8682/2131 4943/8683/2132
f 4980/8684/2133 4999/8685/2134 4892/7884/1598 4865/7883/1597
f 4862/7844/1561 4895/7847/1564 4996/8686/2135 4983/8687/2133
f 4907/8688/2136 4845/8689/2137 4900/8690/2138 4878/8691/2139
f 4998/8692/2140 5001/8693/2140 4904/8501/1705 4893/8500/1705
f 4845/8689/2137 4944/8680/2129 4943/8683/2132 4900/8690/2138
f 5004/8694/2141 4975/8695/2141 4936/8521/2060 4853/8520/2059
f 3952/8189/1836 4881/8192/1837 5014/8696/2142 3957/8697/1836
f 4889/8067/1729 4992/8698/2143 4940/8699/2144 4897/8068/1730
f 4848/8464/2030 4931/8467/2032 4948/8700/1766 5017/8701/2145
f 3957/8702/2146 3958/8703/2146 3955/7927/1629 3952/7926/1629
f 3953/7933/1629 3954/7936/1629 3959/8704/2146 3956/8705/2146
f 4898/8706/2147 4842/8707/2148 4910/8708/2149 4876/8709/2150
f 4968/8710/2151 4981/8711/2151 4864/8497/2053 4935/8496/2053
f 4860/8487/2049 4891/8490/2051 4994/8712/2128 5021/8713/2152
f 5016/8714/2153 5015/8715/2153 4880/8666/2126 4849/8665/2125
f 4924/7909/1619 4861/7912/1619 5020/8716/2154 4979/8717/2154
f 4991/8559/2079 4946/8558/2078 4945/8601/2092 4988/8600/2091
f 4932/7816/1539 4863/7819/1539 4982/8718/2151 4971/8719/2155
f 3972/8720/2156 3985/8721/2157 4210/8722/2158 4196/8723/2159
f 4930/8401/1985 4867/8404/1987 4954/8724/1987 4949/8725/1987
f 5006/8726/2160 5009/8727/2160 4886/8654/2119 4851/8653/2119
f 4922/8551/1687 4869/8554/1688 4952/8728/2161 4965/8729/2162
f 4918/8381/1969 4855/8384/1972 4962/8730/2163 4957/8731/2164
f 4902/8373/1966 4873/8376/1967 4984/8732/2165 5003/8733/2166
f 4966/8734/2162 4955/8735/2161 4866/8020/1688 4921/8019/1687
f 3954/7967/1656 4887/7970/1658 5008/8736/2167 3959/8737/1656
f 3958/8738/1656 5011/8739/2167 4884/8537/1683 3955/8536/2070
f 3956/8740/1836 5013/8741/2142 4882/8639/2110 3953/8638/2109
f 4850/7749/1488 4939/7752/1488 4972/8742/2141 5007/8743/2168
f 5000/8744/2166 4987/8745/2165 4870/8470/2035 4905/8469/2034
f 4894/8038/1705 4903/8041/1706 5002/8746/2140 4997/8747/2140
f 4872/8153/1798 4913/8156/1807 4990/8748/1800 4985/8749/1798
f 4852/8014/1684 4885/8017/1684 5010/8750/2160 5005/8751/2169
f 4926/8329/1934 4923/8332/1934 4964/8752/2057 4977/8753/2057
f 4958/8754/2164 4961/8755/2163 4856/8387/1974 4917/8386/1973
f 4938/8313/1905 4857/8316/1924 4960/8756/1905 4973/8757/1904
f 4950/8758/1987 4953/8759/1987 4868/8593/1987 4929/8592/1987
f 4934/8293/1906 4919/8296/1906 4956/8760/1906 4969/8761/1906
f 4846/7991/1675 4883/7994/1677 5012/8762/2153 5019/8763/2153
f 4970/8764/1906 4959/8765/1906 4916/8319/1906 4933/8318/1906
f 4976/8766/2154 5023/8767/2170 4858/7888/1601 4927/7887/1601
f 4890/8074/1736 4901/8077/1739 4942/8768/2171 4995/8769/2172
f 4999/8685/2134 4980/8684/2133 4983/8687/2133 4996/8686/2135
f 5026/8770/2173 5034/8771/2174 3960/8772/2175 5038/8773/2176
f 5001/8693/2140 4998/8692/2140 4997/8747/2140 5002/8746/2140
f 4955/8735/2161 4966/8734/2162 4965/8729/2162 4952/8728/2161
f 5023/8767/2170 4976/8766/2154 4979/8717/2154 5020/8716/2154
f 4989/8673/1800 4986/8672/1798 4985/8749/1798 4990/8748/1800
f 4953/8759/1987 4950/8758/1987 4949/8725/1987 4954/8724/1987
f 5013/8741/2142 3956/8740/1836 3957/8697/1836 5014/8696/2142
f 5015/8715/2153 5016/8714/2153 5019/8763/2153 5012/8762/2153
f 3958/8703/2146 3957/8702/2146 3956/8705/2146 3959/8704/2146
f 5011/8739/2167 3958/8738/1656 3959/8737/1656 5008/8736/2167
f 4993/8675/2128 5022/8674/2127 5021/8713/2152 4994/8712/2128
f 5009/8727/2160 5006/8726/2160 5005/8751/2169 5010/8750/2160
f 4987/8745/2165 5000/8744/2166 5003/8733/2166 4984/8732/2165
f 4975/8695/2141 5004/8694/2141 5007/8743/2168 4972/8742/2141
f 4981/8711/2151 4968/8710/2151 4971/8719/2155 4982/8718/2151
f 4967/8679/2057 4978/8678/1934 4977/8753/2057 4964/8752/2057
f 4963/8677/1905 4974/8676/1904 4973/8757/1904 4960/8756/1905
f 4961/8755/2163 4958/8754/2164 4957/8731/2164 4962/8730/2163
f 4959/8765/1906 4970/8764/1906 4969/8761/1906 4956/8760/1906
f 4951/8774/1766 5018/8775/1766 5017/8701/2145 4948/8700/1766
f 4947/8681/2130 4842/8707/2148 4898/8706/2147 4941/8682/2131
f 4942/8768/2171 4940/8699/2144 4992/8698/2143 4995/8769/2172
f 5018/8775/1766 4951/8774/1766 4928/8267/1890 4847/8266/1890
f 5029/8776/2177 5036/8777/2178 3960/8778/2175 5034/8779/2174
f 5032/8780/2179 5038/8781/2176 3960/8778/2175 5036/8777/2178
f 5041/8782/2180 5049/8783/2181 3961/8784/2182 5053/8785/2183
f 5044/8786/2184 5051/8787/2185 3961/8788/2182 5049/8789/2181
f 5047/8790/2186 5053/8785/2183 3961/8784/2182 5051/8791/2185
f 5056/8792/2179 5064/8793/2176 3962/8794/2175 5068/8795/2178
f 5059/8796/2187 5066/8797/2174 3962/8798/2175 5064/8799/2176
f 5062/8800/2177 5068/8795/2178 3962/8794/2175 5066/8801/2174
f 4328/8802/2093 4791/8803/2094 4701/8804/2095 4152/8805/2096
f 3963/7828/1548 3964/8007/1489 3965/8806/1556 3966/8807/2188
f 3967/7985/1669 3968/8808/2045 3969/8809/1556 3970/8006/1489
f 3971/7777/1481 3972/8810/2156 3973/8811/1463 3974/8265/1547
f 3975/8812/1676 3976/8813/1511 3977/7784/1512 3978/8465/2031
f 3979/8814/1535 3980/8815/1491 3981/7832/1552 3982/7996/1678
f 3983/8816/1536 3984/7995/1678 3985/8721/2157 3986/8817/1506
f 3987/8818/1549 3988/8819/2189 3989/7801/1528 3990/8820/1878
f 3991/8821/1879 3992/7800/1527 3993/8226/1553 3994/8822/1490
f 3995/8004/1669 3996/8823/2045 3997/8824/1685 3998/8519/1489
f 3999/7825/1547 4000/8825/1462 4001/8826/1511 4002/8233/1869
f 4003/7820/1542 4004/7750/1489 4005/8827/1685 4006/8828/2037
f 4007/7824/1546 4008/7742/1481 4009/8829/1464 4010/8830/1462
f 4011/8831/1459 4012/7804/1529 4013/7833/1553 4014/8832/1490
f 4015/8833/1459 4016/8834/1543 4017/8472/2036 4018/7805/1530
f 4019/8835/1503 4020/7808/1531 4021/7726/1465 4022/8836/1480
f 4023/8837/1502 4024/8838/1491 4025/8225/1552 4026/7809/1532
f 4027/7763/1498 4028/7878/1593 4029/8839/1861 4030/8840/1871
f 4031/7740/1479 4032/8542/1541 4033/8841/2062 4034/8842/1577
f 4035/7904/1614 4036/8843/1865 4037/8844/2063 4038/8541/1541
f 4039/8845/1613 4040/8846/1625 4041/7792/1520 4042/8230/1866
f 4043/8272/1479 4044/8498/2054 4045/8847/1562 4046/8848/1559
f 4047/8849/2050 4048/7911/1620 4049/8671/1593 4050/8850/1861
f 4051/7790/1518 4052/7889/1498 4053/8851/1870 4054/8852/2122
f 4055/8853/1624 4056/8854/1471 4057/8217/1857 4058/7793/1521
f 4059/8855/1605 4060/8261/1886 4061/8246/1858 4062/8856/1470
f 4063/8857/1604 4064/8858/1519 4065/8660/2121 4066/8262/1887
f 4067/8651/2118 4068/8859/1615 4069/8860/1562 4070/7818/1541
f 4071/7764/1498 4072/8861/1870 4073/8862/1850 4074/7735/1474
f 4075/8863/1526 4076/8864/1471 4077/8245/1877 4078/8242/1874
f 4079/8865/1526 4080/8241/1874 4081/7906/1616 4082/8866/2117
f 4083/8867/1581 4084/8868/1475 4085/8209/1849 4086/8214/1854
f 4087/8869/1582 4088/8213/1853 4089/8218/1858 4090/8870/1470
f 4091/8871/1833 4092/8171/1822 4093/8057/1722 4094/8872/1569
f 4095/8137/1791 4096/8873/1841 4097/8874/1570 4098/8056/1721
f 4099/8132/1786 4100/8144/1797 4101/8875/1838 4102/8876/1813
f 4103/8143/1797 4104/8180/1823 4105/8877/1832 4106/8878/1838
f 4107/8879/1790 4108/8880/1728 4109/8181/1829 4110/8202/1842
f 4111/8881/1787 4112/8161/1812 4113/8154/1806 4114/8882/1782
f 4115/8883/2097 4116/8884/1716 4117/8124/1778 4118/8113/1771
f 4119/8885/1715 4120/8886/1833 4121/8179/1828 4122/8125/1779
f 4123/8887/1832 4124/8888/1825 4125/8167/1818 4126/8172/1823
f 4127/8611/2098 4128/8889/1770 4129/8890/1775 4130/8046/1711
f 4131/8891/1810 4132/8892/2096 4133/8615/2028 4134/8107/1765
f 4135/8477/2041 4136/8893/2074 4137/8894/1783 4138/8565/1806
f 4139/8895/1824 4140/8896/1846 4141/8151/1804 4142/8168/1819
f 4143/8897/1782 4144/8898/1805 4145/8205/1845 4146/8146/1799
f 4147/8899/1783 4148/8145/1798 4149/8060/1725 4150/8900/2074
f 4151/8901/1728 4152/8902/2096 4153/8462/2028 4154/8182/1829
f 4171/8903/1511 4172/8904/1463 4173/7923/1627 4174/7948/1647
f 4175/8905/1556 4176/8906/2048 4177/8506/1666 4178/8013/1683
f 4179/8907/2190 4180/8908/1556 4181/8012/1683 4182/7760/1497
f 4183/7802/1527 4184/8909/2191 4185/8910/1496 4186/8911/1674
f 4187/8912/2045 4188/7982/1666 4189/8538/1683 4190/8913/1685
f 4191/8914/1676 4192/8191/1837 4193/8578/1647 4194/8915/1511
f 4195/8916/1676 4196/8917/2159 4197/7943/1642 4198/8640/2111
f 4199/8227/1554 4200/7803/1528 4201/8918/1673 4202/8919/1487
f 4203/7997/1679 4204/7835/1555 4205/8920/1486 4206/8921/1662
f 4207/7998/1680 4208/8922/1661 4209/8923/1643 4210/8722/2158
f 4227/8924/2038 4228/8925/1556 4229/7969/1657 4230/7940/1639
f 4231/8926/1467 4232/8635/1647 4233/7924/1627 4234/8927/1463
f 4235/7834/1554 4236/7807/1529 4237/8928/1632 4238/8929/1487
f 4239/8475/2039 4240/8930/1638 4241/8931/1633 4242/7806/1529
f 4243/7811/1534 4244/8932/1652 4245/8933/2108 4246/7727/1466
f 4247/7810/1533 4248/8228/1555 4249/8934/1486 4250/8935/1653
f 4251/8224/1864 4252/8936/1740 4253/8937/1654 4254/8239/1872
f 4255/8526/2065 4256/8938/1705 4257/8939/1709 4258/7863/1578
f 4259/8525/2064 4260/8232/1868 4261/8940/1690 4262/8941/1705
f 4263/7795/1523 4264/8942/1732 4265/8943/1691 4266/8231/1867
f 4267/7885/1599 4268/8944/2055 4269/8945/1709 4270/7843/1560
f 4271/8489/1915 4272/8260/1864 4273/8946/1740 4274/8947/1737
f 4275/8304/1915 4276/8948/1654 4277/8949/1702 4278/8662/2123
f 4279/8220/1860 4280/8950/1757 4281/8951/1733 4282/7794/1522
f 4283/8247/1859 4284/8264/1889 4285/8952/1697 4286/8953/1758
f 4287/8663/2124 4288/8954/1701 4289/8955/1698 4290/8263/1888
f 4291/7846/1563 4292/7908/1618 4293/8956/1761 4294/8957/1705
f 4295/8211/1851 4296/8240/1873 4297/8958/1654 4298/8959/1745
f 4299/8248/1860 4300/8960/1757 4301/8961/1694 4302/8243/1875
f 4303/7907/1617 4304/8244/1876 4305/8962/1693 4306/8963/1762
f 4307/8212/1852 4308/8964/1744 4309/8965/1749 4310/8215/1855
f 4311/8219/1859 4312/8216/1856 4313/8966/1748 4314/8967/1758
f 4315/8968/1738 4316/8969/2101 4317/8606/2093 4318/8158/1809
f 4319/8970/1706 4320/8971/1763 4321/8130/1784 4322/8374/1781
f 4323/8972/1762 4324/8973/1696 4325/8141/1795 4326/8131/1785
f 4327/8974/1743 4328/8802/2093 4329/8063/1727 4330/8975/1654
f 4331/8545/2073 4332/8976/1710 4333/8977/1705 4334/8126/1780
f 4335/8149/1802 4336/8127/1781 4337/8978/1706 4338/8979/1690
f 4339/8980/1692 4340/8981/1735 4341/8165/1816 4342/8150/1803
f 4343/8627/2073 4344/8982/1710 4345/8983/1706 4346/8468/2033
f 4347/8111/1769 4348/8984/1703 4349/8985/1731 4350/8114/1772
f 4351/8166/1817 4352/8986/1734 4353/8987/1760 4354/8169/1820
f 4355/8988/1700 4356/8122/1777 4357/8178/1821 4358/8989/1759
f 4359/8990/1699 4360/8991/1704 4361/8110/1768 4362/8123/1777
f 4363/8062/1727 4364/8135/1789 4365/8992/1746 4366/8993/1654
f 4367/8142/1796 4368/8994/1695 4369/8995/1760 4370/8177/1820
f 4371/8055/1720 4372/8996/1750 4373/8997/1747 4374/8134/1788
f 4375/8054/1719 4376/8170/1821 4377/8998/1759 4378/8999/1751
f 4379/9000/1826 4380/8196/1835 4381/9001/1755
f 4382/9002/1572 4383/9003/1756 4384/8195/1834
f 4385/9004/2113 4386/9005/1595 4387/8108/1766 4388/8614/2027
f 4389/9006/1596 4390/8155/1801 4391/8164/1815 4392/9007/2105
f 4393/8621/2102 4394/9008/1814 4395/9009/1840 4396/7873/1588
f 4397/9010/1568 4398/8183/1830 4399/8461/2027 4400/9011/2192
f 4401/9012/2193 4402/8061/1726 4403/8148/1801 4404/9013/1565
f 4405/9014/2067 4406/9015/1566 4407/8147/1800 4408/8208/1848
f 4409/8095/1754 4410/8533/2068 4411/9016/1847 4412/9017/1827
f 4413/9018/2112 4414/8478/2042 4415/8568/2084 4416/9019/1596
f 4417/9020/2194 4418/9021/2104 4419/8612/2099 4420/8049/1714
f 4421/9022/1718 4422/9023/1586 4423/8187/1834
f 4424/8622/2103 4425/7872/1587 4426/9024/1717 4427/9025/2100
f 4428/9026/1567 4429/9027/2066 4430/8203/1843 4431/8184/1831
f 4432/9028/1839 4433/8188/1835 4434/9029/1589
f 4435/8534/2069 4436/8094/1753 4437/9030/1571 4438/9031/1844
f 4439/7859/1576 4440/8494/2052 4441/9032/1962 4442/9033/2011
f 4443/8491/1686 4444/7858/1575 4445/9034/1997 4446/9035/1934
f 4447/9036/2008 4448/9037/1904 4449/8517/1971 4450/8352/1952
f 4451/9038/1907 4452/9039/2001 4453/8349/1949 4454/8516/1970
f 4455/9040/1925 4456/8515/1970 4457/8298/1910 4458/9041/1959
f 4459/9042/1933 4460/8299/1911 4461/8518/1971 4462/9043/1904
f 4463/8311/1922 4464/8348/1948 4465/9044/1953 4466/9045/2020
f 4467/9046/2021 4468/9047/1956 4469/8275/1893 4470/8408/1991
f 4471/8327/1932 4472/8344/1944 4473/9048/1941 4474/9049/1912
f 4475/9050/1940 4476/8287/1901 4477/8360/1960 4478/9051/1909
f 4479/8288/1902 4480/9052/1939 4481/9053/1954 4482/8347/1947
f 4483/8343/1943 4484/8276/1894 4485/9054/1955 4486/9055/1942
f 4487/8308/1919 4488/9056/1937 4489/9057/2022 4490/8407/1990
f 4491/8312/1923 4492/9058/2019 4493/9059/1936 4494/8255/1884
f 4495/9060/1885 4496/8333/1935 4497/8492/1686 4498/9061/2057
f 4499/9062/1918 4500/9063/1961 4501/8493/2052 4502/8336/1938
f 4503/9064/1925 4504/8539/1540 4505/7739/1478 4506/9065/1998
f 4507/9066/1905 4508/9067/2008 4509/7986/1670 4510/8009/1489
f 4511/9068/1928 4512/7875/1590 4513/7762/1498 4514/9069/1934
f 4515/9070/1962 4516/7826/1547 4517/8236/1515 4518/9071/2011
f 4519/7743/1482 4520/7827/1546 4521/9072/1961 4522/9073/1917
f 4523/9074/1882 4524/9075/2057 4525/7761/1498 4526/7734/1473
f 4527/9076/1622 4528/9077/1612 4529/8357/1957 4530/8286/1902
f 4531/9078/1881 4532/8341/1943 4533/8326/1931 4534/9079/1550
f 4535/9080/1930 4536/9081/1904 4537/8008/1489 4538/7831/1551
f 4539/8540/1541 4540/9082/1925 4541/9083/1958 4542/7901/1611
f 4543/8254/1883 4544/9084/1472 4545/9085/1580 4546/8309/1920
f 4547/9086/1483 4548/8305/1916 4549/8406/1989 4550/9087/1504
f 4551/9088/1492 4552/9089/1505 4553/8405/1988 4554/8274/1892
f 4555/8345/1945 4556/8310/1921 4557/9090/1579 4558/9091/1469
f 4559/8342/1944 4560/9092/1880 4561/9093/1493 4562/8273/1891
f 4563/9094/1623 4564/8285/1901 4565/8346/1946 4566/9095/1468
f 4567/8446/2015 4568/9096/1516 4569/9097/1603 4570/8429/2009
f 4571/8450/2017 4572/9098/1537 4573/9099/1508 4574/8457/2023
f 4575/9100/2014 4576/9101/1934 4577/7886/1600 4578/7789/1517
f 4579/9102/2024 4580/7778/1507 4581/8268/1547 4582/9103/1961
f 4583/8449/2017 4584/8588/1892 4585/9104/1492 4586/9105/1538
f 4587/8441/1945 4588/8430/2009 4589/9106/1602 4590/9107/1469
f 4591/9108/1925 4592/9109/2003 4593/8648/2115 4594/7817/1540
f 4595/9110/1905 4596/7751/1489 4597/7823/1545 4598/9111/1981
f 4599/9112/1903 4600/9113/2008 4601/8005/1670 4602/8522/2061
f 4603/9114/1907 4604/8495/1540 4605/8271/1478 4606/9115/2043
f 4607/8442/1946 4608/9116/1621 4609/9117/1525 4610/7894/1606
f 4611/8587/1891 4612/8278/1895 4613/9118/1460 4614/9119/1493
f 4615/8398/1982 4616/9120/1544 4617/9121/1461 4618/8277/1895
f 4619/7895/1607 4620/9122/1524 4621/9123/2116 4622/8421/2002
f 4623/9124/1986 4624/8466/1547 4625/7787/1515 4626/9125/2011
f 4627/8668/1590 4628/7910/1498 4629/9126/1934 4630/9127/1928
f 4631/8399/1983 4632/8280/1896 4633/9128/1965 4634/9129/1900
f 4635/7896/1607 4636/8424/2005 4637/9130/1897 4638/9131/1964
f 4639/9132/2004 4640/9133/1907 4641/8385/1970 4642/8282/1898
f 4643/9134/1984 4644/8283/1899 4645/8388/1971 4646/9135/1904
f 4647/8021/1689 4648/9136/1961 4649/9137/2011 4650/8605/1576
f 4651/9138/1929 4652/9139/2058 4653/8018/1686 4654/8604/1575
f 4655/8552/1686 4656/9140/1934 4657/9141/2016 4658/8409/1992
f 4659/9142/2025 4660/9143/1961 4661/8553/2052 4662/8412/1995
f 4663/9144/1977 4664/9145/1956 4665/8589/1893 4666/8452/2018
f 4667/8444/1948 4668/9146/1979 4669/9147/1976 4670/8431/2010
f 4671/7897/1606 4672/9148/1963 4673/9149/1954 4674/8443/1947
f 4675/8590/2089 4676/9150/1980 4677/9151/1965 4678/8279/1896
f 4679/9152/2008 4680/9153/1904 4681/8383/1971 4682/8380/1952
f 4683/8382/1970 4684/9154/1908 4685/9155/2044 4686/8377/1949
f 4687/9156/1975 4688/9157/1993 4689/8447/2016 4690/8432/2010
f 4691/8460/2026 4692/9158/1994 4693/9159/1978 4694/8451/2018
f 4695/9160/1477 4696/8597/1585 4697/9161/1999
f 4700/8463/2029 4701/9162/2095 4702/9163/2195
f 4703/9164/1741 4704/9165/1863 4705/8570/2086
f 4706/9166/2196 4707/9167/2197 4708/9168/1723
f 4709/9169/1707 4710/8544/2072 4711/9170/2198
f 4712/9171/1663 4713/9172/2047 4714/9173/2199
f 4715/9174/1667 4716/9175/2007 4717/8595/1583
f 4718/9176/1557 4719/9177/1708 4720/9178/2198
f 4721/8413/1996 4722/9179/1574 4723/9180/2200
f 4724/9181/1510 4725/9182/2201 4726/8234/1513
f 4727/9183/1752 4728/8626/2072 4729/9184/2198
f 4730/8350/1950 4731/9185/2000 4732/9186/1584
f 4733/8657/1510 4734/9187/2201 4735/9188/1513
f 4736/7856/1573 4737/9189/2013 4738/9190/2202
f 4739/9191/1573 4740/8581/2013 4741/9192/2203
f 4742/9193/2012 4743/9194/1514 4744/9195/2204
f 4745/8258/1862 4746/9196/1592 4747/9197/2205
f 4748/9198/1681 4749/9199/2206 4750/8630/2046
f 4751/7984/1668 4752/9200/2206 4753/9201/2046
f 4754/8059/1724 4755/9202/2207 4756/9203/2071
f 4757/9204/2120 4758/9205/2088 4759/8572/2085
f 4760/8616/2029 4761/9206/2095 4762/9207/2195
f 4763/8476/2040 4764/9208/2207 4765/9209/2071
f 4766/9210/1514 4767/9211/2204 4768/9212/2012
f 4769/9213/1509 4770/9214/1646 4771/8569/2085
f 4772/8583/2006 4773/9215/1968 4774/9216/2208
f 4775/9217/1927 4776/8574/2087 4777/9218/1591
f 4778/9219/1667 4779/9220/2007 4780/7868/1583
f 4781/9221/1476 4782/7841/1558 4783/9222/2209
f 4786/9223/1477 4787/7870/1585 4788/9224/1999
f 4789/9225/1742 4790/9226/2086 4791/8803/2094
f 4792/9227/1742 4793/9228/2086 4794/8607/2094
f 4795/8481/2000 4796/9229/1584 4797/9230/1950
f 4798/9231/1592 4799/9232/2205 4800/8222/1862
f 4801/9233/1557 4802/9234/1708 4803/9235/2198
f 4808/9236/1663 4809/9237/2047 4810/9238/2199
f 4811/9239/1574 4812/9240/2200 4813/8321/1926
f 4814/9241/2006 4815/8351/1951 4816/9242/2208
f 4817/9243/1927 4818/8571/2087 4819/9244/1591
f 4820/9245/1558 4821/9246/2209 4822/7737/1476
f 4823/9247/1863 4824/8573/2086 4825/9248/1741
f 4874/8047/1712 4875/9249/1774 4876/8709/2150
f 4877/8106/1764 4878/8691/2139 4879/9250/1811
f 4896/9251/1773 4897/8068/1730 4898/8706/2147
f 4899/9252/1808 4900/8690/2138 4901/8077/1739
f 4906/9253/1594 4907/8688/2136 4908/8109/1767
f 4909/8048/1713 4910/8708/2149 4911/9254/1792
f 5024/9255/2210 5025/9256/2076 5026/9257/2173
f 5027/9258/2075 5028/7900/1610 5029/8776/2177
f 5030/7898/1608 5031/9259/2211 5032/8780/2179
f 5039/8647/2114 5040/9260/2212 5041/8782/2180
f 5042/9261/2082 5043/9262/2213 5044/8786/2184
f 5045/9263/2214 5046/9264/2215 5047/8790/2186
f 5054/9265/2216 5055/9266/2211 5056/8792/2179
f 5057/9267/2210 5058/9268/2076 5059/9269/2187
f 5060/9270/2083 5061/9271/2217 5062/8800/2177
f 4753/9201/2046 3968/8808/2045 3967/7985/1669 4751/7984/1668
f 3966/8807/2188 3988/9272/2189 3987/7829/1549 3963/7828/1548
f 4750/8630/2046 3996/8629/2045 3995/9273/1669 4748/9198/1681
f 3989/9274/1528 3992/9275/1527 3991/8250/1879 3990/8249/1878
f 3982/7996/1678 3984/7995/1678 3983/8816/1536 3979/8814/1535
f 3969/8809/1556 3965/8806/1556 3964/8007/1489 3970/8006/1489
f 3971/9276/1481 3986/8817/1506 3985/8721/2157 3972/8720/2156
f 3999/7825/1547 4007/7824/1546 4010/8830/1462 4000/8825/1462
f 4011/8831/1459 4015/8833/1459 4018/7805/1530 4012/7804/1529
f 4019/7769/1503 4023/7768/1502 4026/9277/1532 4020/9278/1531
f 4006/8828/2037 4017/9279/2036 4016/7821/1543 4003/7820/1542
f 4008/7742/1481 4022/7741/1480 4021/9280/1465 4009/8829/1464
f 4459/9042/1933 4471/9281/1932 4474/8300/1912 4460/8299/1911
f 4013/9282/1553 3981/9283/1552 3980/7754/1491 4014/7753/1490
f 3993/9284/1553 4025/9285/1552 4024/7773/1491 3994/7772/1490
f 4691/8460/2026 4659/8459/2025 4662/9286/1995 4692/9158/1994
f 4168/7949/1648 4223/7952/1499 4224/9287/1655 4167/9288/1655
f 4235/7834/1554 4013/7833/1553 4012/7804/1529 4236/7807/1529
f 4017/8472/2036 4239/8475/2039 4242/7806/1529 4018/7805/1530
f 4199/8227/1554 3993/8226/1553 3992/7800/1527 4200/7803/1528
f 3988/8819/2189 4184/8909/2191 4183/7802/1527 3989/7801/1528
f 4222/8120/1499 4165/8119/1499 4166/9289/1655 4221/7962/1655
f 4175/7838/1556 3969/7837/1556 3968/8483/2045 4176/8486/2048
f 4171/7783/1511 4001/7782/1511 4000/7721/1462 4172/7724/1463
f 4009/7725/1464 4231/7728/1467 4234/7723/1463 4010/7722/1462
f 4194/8659/1511 3976/8658/1511 3975/8664/1676 4191/8667/1676
f 3972/8720/2156 4196/8723/2159 4195/7993/1676 3973/7992/1463
f 4218/7951/1649 4161/7950/1649 4162/8507/2056 4217/8510/2056
f 4160/9290/2218 4213/9291/2219 4214/8509/2056 4159/8508/2056
f 4822/7737/1476 4031/7740/1479 4034/8842/1577 4820/9245/1558
f 4035/7904/1614 4039/7903/1613 4042/9292/1866 4036/8843/1865
f 4781/9221/1476 4043/9293/1479 4046/7842/1559 4782/7841/1558
f 4040/7920/1625 4055/7919/1624 4058/9294/1521 4041/9295/1520
f 4059/7893/1605 4063/7892/1604 4066/9296/1887 4060/9297/1886
f 4032/8542/1541 4038/8541/1541 4037/8844/2063 4033/8841/2062
f 4054/8661/2122 4065/8660/2121 4064/8858/1519 4051/9298/1518
f 4030/8840/1871 4072/8861/1870 4071/7764/1498 4027/7763/1498
f 4078/9299/1874 4080/9300/1874 4079/7799/1526 4075/7798/1526
f 4086/9301/1854 4088/9302/1853 4087/7867/1582 4083/7866/1581
f 4067/8651/2118 4082/8650/2117 4081/9303/1616 4068/8859/1615
f 4073/8862/1850 4085/9304/1849 4084/7736/1475 4074/7735/1474
f 4094/9305/1569 4382/9002/1572 4384/8195/1834 4091/8194/1833
f 4379/8175/1826 4124/8174/1825 4123/9306/1832 4380/9307/1835
f 4110/8202/1842 4096/8201/1841 4095/9308/1791 4107/8879/1790
f 4111/8881/1787 4099/9309/1786 4102/8162/1813 4112/8161/1812
f 4097/7853/1570 4094/7852/1569 4093/9310/1722 4098/9311/1721
f 4076/7916/1471 4062/7915/1470 4061/9312/1858 4077/9313/1877
f 4056/7732/1471 4090/7731/1470 4089/9314/1858 4057/9315/1857
f 4106/8198/1838 4101/8197/1838 4100/9316/1797 4103/9317/1797
f 4491/9318/1923 4463/9319/1922 4466/8454/2020 4492/8453/2019
f 4455/9040/1925 4451/9038/1907 4454/8516/1970 4456/8515/1970
f 4467/9320/2021 4466/9321/2020 4465/8353/1953 4468/8356/1956
f 4671/9322/1606 4635/9323/1607 4638/8370/1964 4672/8369/1963
f 4813/8321/1926 4651/8324/1929 4654/9324/1575 4811/9239/1574
f 4667/9325/1948 4674/9326/1947 4673/8394/1954 4668/8393/1979
f 4478/9327/1909 4474/9328/1912 4473/8339/1941 4475/8338/1940
f 4487/9329/1919 4499/9062/1918 4502/8336/1938 4488/8335/1937
f 4650/8605/1576 4654/8604/1575 4653/8018/1686 4647/8021/1689
f 4495/9060/1885 4494/9330/1884 4493/8334/1936 4496/8333/1935
f 4636/9331/2005 4639/9132/2004 4642/8282/1898 4637/8281/1897
f 4154/8182/1829 4109/8181/1829 4108/8880/1728 4151/8901/1728
f 4127/8611/2098 4115/8610/2097 4118/9332/1771 4128/8889/1770
f 4147/8899/1783 4143/8897/1782 4146/8146/1799 4148/8145/1798
f 4122/9333/1779 4117/9334/1778 4116/8051/1716 4119/8050/1715
f 4142/9335/1819 4125/9336/1818 4124/8174/1825 4139/8173/1824
f 4765/9209/2071 4136/8893/2074 4135/8477/2041 4763/8476/2040
f 4144/8898/1805 4141/9337/1804 4140/8206/1846 4145/8205/1845
f 4756/9203/2071 4150/8900/2074 4149/8060/1725 4754/8059/1724
f 4085/8209/1849 4307/8212/1852 4310/8215/1855 4086/8214/1854
f 4303/7907/1617 4081/7906/1616 4080/8241/1874 4304/8244/1876
f 4295/8211/1851 4073/8210/1850 4072/8237/1870 4296/8240/1873
f 4029/8221/1861 4251/8224/1864 4254/8239/1872 4030/8238/1871
f 4270/7843/1560 4046/7842/1559 4045/7882/1562 4267/7885/1599
f 4068/7905/1615 4292/7908/1618 4291/7846/1563 4069/7845/1562
f 4053/8301/1870 4275/8304/1915 4278/8662/2123 4054/8661/2122
f 4088/8213/1853 4312/8216/1856 4311/8219/1859 4089/8218/1858
f 4258/7863/1578 4034/7862/1577 4033/8523/2062 4255/8526/2065
f 4036/8229/1865 4260/8232/1868 4259/8525/2064 4037/8524/2063
f 4302/8243/1875 4078/8242/1874 4077/8245/1877 4299/8248/1860
f 4271/8489/1915 4047/8488/2050 4050/8257/1861 4272/8260/1864
f 4283/8247/1859 4061/8246/1858 4060/8261/1886 4284/8264/1889
f 4065/8660/2121 4287/8663/2124 4290/8263/1888 4066/8262/1887
f 4266/8231/1867 4042/8230/1866 4041/7792/1520 4263/7795/1523
f 4057/8217/1857 4279/8220/1860 4282/7794/1522 4058/7793/1521
f 4808/8503/1663 4177/8506/1666 4176/8906/2048 4809/9338/2047
f 4182/7760/1497 4185/7759/1496 4184/9339/2191 4179/8907/2190
f 4712/9340/1663 4188/9341/1666 4187/8632/2045 4713/8631/2047
f 4186/7990/1674 4201/7989/1673 4200/9342/1528 4183/9343/1527
f 4206/8921/1662 4208/8922/1661 4207/7998/1680 4203/7997/1679
f 4178/8013/1683 4181/8012/1683 4180/8908/1556 4175/8905/1556
f 4196/8723/2159 4210/8722/2158 4209/8923/1643 4197/9344/1642
f 4172/8904/1463 4234/8927/1463 4233/7924/1627 4173/7923/1627
f 4236/7807/1529 4242/7806/1529 4241/8931/1633 4237/8928/1632
f 4243/9345/1534 4247/9346/1533 4250/7956/1653 4244/7955/1652
f 4230/7940/1639 4240/7939/1638 4239/9347/2039 4227/8924/2038
f 4231/8926/1467 4246/9348/1466 4245/8636/2108 4232/8635/1647
f 4238/7748/1487 4205/7747/1486 4204/9349/1555 4235/9350/1554
f 4202/7974/1487 4249/7973/1486 4248/9351/1555 4199/9352/1554
f 4225/9353/1650 4250/9354/1653 4249/7973/1486 4226/7972/1485
f 4201/7989/1673 4170/7988/1672 4169/9355/1484 4202/9356/1487
f 4192/8191/1837 4155/8190/1836 4156/8575/1644 4193/8578/1647
f 4217/7921/1626 4233/7924/1627 4232/8635/1647 4218/8634/2107
f 4244/7955/1652 4224/7954/1651 4223/9357/2106 4245/9358/2108
f 4212/8535/1682 4189/8538/1683 4188/7982/1666 4211/7981/1665
f 4158/8637/1626 4198/8640/2111 4197/7943/1642 4157/7942/1641
f 4208/7977/1661 4166/7976/1660 4165/9359/1640 4209/9360/1643
f 4216/7937/1636 4230/7940/1639 4229/7969/1657 4215/7968/1656
f 4159/8010/1682 4178/8013/1683 4177/8506/1666 4160/8505/1665
f 4213/7945/1644 4174/7948/1647 4173/7923/1627 4214/7922/1626
f 4161/7757/1494 4182/7760/1497 4181/8012/1683 4162/8011/1682
f 4219/9361/1484 4238/9362/1487 4237/7931/1632 4220/7930/1631
f 4240/7939/1638 4222/7938/1637 4221/9363/1630 4241/9364/1633
f 4205/7747/1486 4164/7746/1485 4163/9365/1659 4206/9366/1662
f 4185/7759/1496 4168/7758/1495 4167/9367/1671 4186/9368/1674
f 4025/8225/1552 4248/8228/1555 4247/7810/1533 4026/7809/1532
f 4246/7727/1466 4021/7726/1465 4020/7808/1531 4243/7811/1534
f 4215/7935/1635 4158/7934/1634 4157/8118/1776 4216/8121/1776
f 3981/7832/1552 4204/7835/1555 4203/7997/1679 3982/7996/1678
f 4210/8722/2158 3985/8721/2157 3984/7995/1678 4207/7998/1680
f 4005/8652/1685 4228/8655/1556 4227/8474/2038 4006/8473/2037
f 4155/7925/1628 4212/7928/1628 4211/9369/2218 4156/9370/2219
f 4179/9371/2190 3966/9372/2188 3965/7836/1556 4180/7839/1556
f 4190/8016/1685 3997/8015/1685 3996/8629/2045 4187/8632/2045
f 4718/7860/1557 4258/7863/1578 4257/8939/1709 4719/9373/1708
f 4260/8232/1868 4266/8231/1867 4265/8943/1691 4261/8940/1690
f 4801/7840/1557 4270/7843/1560 4269/8945/1709 4802/9374/1708
f 4263/7795/1523 4282/7794/1522 4281/8951/1733 4264/8942/1732
f 4284/8264/1889 4290/8263/1888 4289/8955/1698 4285/8952/1697
f 4255/8526/2065 4259/8525/2064 4262/8941/1705 4256/8938/1705
f 4277/8949/1702 4288/8954/1701 4287/8663/2124 4278/8662/2123
f 4253/9375/1654 4297/9376/1654 4296/9377/1873 4254/9378/1872
f 4301/8961/1694 4305/8962/1693 4304/8244/1876 4302/8243/1875
f 4309/8965/1749 4313/8966/1748 4312/8216/1856 4310/8215/1855
f 4292/7908/1618 4303/7907/1617 4306/8963/1762 4293/8956/1761
f 4298/8959/1745 4308/8964/1744 4307/8212/1852 4295/8211/1851
f 4315/8076/1738 4274/8075/1737 4273/8617/1740 4316/8620/2101
f 4319/8040/1706 4294/8039/1705 4293/8102/1761 4320/8105/1763
f 4305/8026/1693 4324/8029/1696 4323/9379/1762 4306/9380/1762
f 4330/7959/1654 4253/7958/1654 4252/8078/1740 4327/8081/1743
f 4299/9381/1860 4283/9382/1859 4286/8099/1758 4300/8098/1757
f 4279/9383/1860 4311/9384/1859 4314/8642/1758 4280/8641/1757
f 4709/9169/1707 4332/8976/1710 4331/8545/2073 4710/8544/2072
f 4338/8979/1690 4339/8980/1692 4342/8150/1803 4335/8149/1802
f 4727/9183/1752 4344/8982/1710 4343/8627/2073 4728/8626/2072
f 4340/8981/1735 4352/8986/1734 4351/8166/1817 4341/8165/1816
f 4355/8988/1700 4359/8990/1699 4362/8123/1777 4356/8122/1777
f 4333/8977/1705 4337/8978/1706 4336/8127/1781 4334/8126/1780
f 4347/8111/1769 4361/8110/1768 4360/8991/1704 4348/8984/1703
f 4329/9385/1727 4363/9386/1727 4366/9387/1654 4330/9388/1654
f 4367/8142/1796 4325/8141/1795 4324/8973/1696 4368/8994/1695
f 4371/8055/1720 4375/8054/1719 4378/8999/1751 4372/8996/1750
f 4320/8971/1763 4323/8972/1762 4326/8131/1785 4321/8130/1784
f 4364/8135/1789 4374/8134/1788 4373/8997/1747 4365/8992/1746
f 4121/8179/1828 4357/8178/1821 4356/8122/1777 4122/8125/1779
f 4361/8110/1768 4118/8113/1771 4117/8124/1778 4362/8123/1777
f 4424/8622/2103 4393/8621/2102 4396/7873/1588 4425/7872/1587
f 4369/8101/1760 4358/8100/1759 4357/9389/1821 4370/9390/1820
f 4353/8644/1760 4377/8643/1759 4376/9391/1821 4354/9392/1820
f 4141/8151/1804 4342/8150/1803 4341/8165/1816 4142/8168/1819
f 4313/9393/1748 4378/9394/1751 4377/8643/1759 4314/8642/1758
f 4352/9395/1734 4281/9396/1733 4280/8641/1757 4353/8644/1760
f 4297/7957/1654 4366/7960/1654 4365/8084/1746 4298/8083/1745
f 4372/8088/1750 4309/8087/1749 4308/9397/1744 4373/9398/1747
f 4261/8022/1690 4338/8025/1690 4337/8529/1706 4262/8528/1705
f 4332/8045/1710 4257/8044/1709 4256/8527/1705 4333/8530/1705
f 4276/8066/1654 4349/8069/1731 4348/8036/1703 4277/8035/1702
f 4359/8032/1699 4289/8031/1698 4288/9399/1701 4360/9400/1704
f 4264/9401/1732 4340/9402/1735 4339/8024/1692 4265/8023/1691
f 4344/8093/1710 4269/8092/1709 4268/8499/2055 4345/8502/1706
f 4300/8098/1757 4369/8101/1760 4368/9403/1695 4301/9404/1694
f 4358/8100/1759 4286/8099/1758 4285/9405/1697 4355/9406/1700
f 4354/8169/1820 4126/8172/1823 4125/8167/1818 4351/8166/1817
f 4435/8534/2069 4410/8533/2068 4409/8095/1754 4436/8094/1753
f 4128/8112/1770 4347/8111/1769 4350/8114/1772 4129/8117/1775
f 4317/8606/2093 4132/8609/2096 4131/8159/1810 4318/8158/1809
f 4392/8624/2105 4418/8623/2104 4417/9407/2194 4389/9408/1596
f 4383/9003/1756 4381/9001/1755 4380/8196/1835 4384/8195/1834
f 4346/8468/2033 4137/8471/1783 4136/8628/2074 4343/8627/2073
f 4416/7881/1596 4386/7880/1595 4385/8646/2113 4413/8645/2112
f 4387/8108/1766 4134/8107/1765 4133/8615/2028 4388/8614/2027
f 4390/8155/1801 4113/8154/1806 4112/8161/1812 4391/8164/1815
f 4104/9409/1823 4121/9410/1828 4120/8186/1833 4105/8185/1832
f 4126/9411/1823 4092/9412/1822 4091/8194/1833 4123/8193/1832
f 4101/8197/1838 4395/8200/1840 4394/9413/1814 4102/9414/1813
f 4708/8058/1723 4402/8061/1726 4401/9012/2193 4706/9415/2196
f 4408/8208/1848 4411/8207/1847 4410/9416/2068 4405/9014/2067
f 4412/8176/1827 4379/8175/1826 4381/9417/1755 4409/9418/1754
f 4421/8053/1718 4426/8052/1717 4425/9419/1587 4422/9420/1586
f 4403/8148/1801 4407/8147/1800 4406/9015/1566 4404/9013/1565
f 4418/9021/2104 4424/9421/2103 4427/8613/2100 4419/8612/2099
f 4397/9010/1568 4428/9026/1567 4431/8184/1831 4398/8183/1830
f 4434/9422/1589 4396/9423/1588 4395/8200/1840 4432/8199/1839
f 4436/9424/1753 4383/9425/1756 4382/7855/1572 4437/7854/1571
f 4391/8164/1815 4394/8163/1814 4393/9426/2102 4392/9007/2105
f 4429/9027/2066 4435/9427/2069 4438/8204/1844 4430/8203/1843
f 4433/8188/1835 4423/8187/1834 4422/9023/1586 4434/9029/1589
f 4109/8181/1829 4431/8184/1831 4430/8203/1843 4110/8202/1842
f 4437/7854/1571 4097/7853/1570 4096/9428/1841 4438/9429/1844
f 4145/8205/1845 4408/8208/1848 4407/8147/1800 4146/8146/1799
f 4402/8061/1726 4149/8060/1725 4148/8145/1798 4403/8148/1801
f 4130/8046/1711 4420/8049/1714 4419/8612/2099 4127/8611/2098
f 4426/8052/1717 4116/8051/1716 4115/9430/2097 4427/9431/2100
f 4139/8173/1824 4412/8176/1827 4411/9432/1847 4140/9433/1846
f 4414/8478/2042 4135/8477/2041 4138/8565/1806 4415/8568/2084
f 4153/8462/2028 4399/8461/2027 4398/8183/1830 4154/8182/1829
f 4105/9434/1832 4433/9435/1835 4432/8199/1839 4106/8198/1838
f 4423/8187/1834 4120/8186/1833 4119/9436/1715 4421/9022/1718
f 4103/8143/1797 4367/8142/1796 4370/8177/1820 4104/8180/1823
f 4405/8532/2067 4429/8531/2066 4428/7850/1567 4406/7849/1566
f 4335/8149/1802 4144/8152/1805 4143/8128/1782 4336/8127/1781
f 4150/8546/2074 4331/8545/2073 4334/8126/1780 4147/8129/1783
f 4375/8054/1719 4093/8057/1722 4092/8171/1822 4376/8170/1821
f 4321/8130/1784 4111/8133/1787 4114/8375/1782 4322/8374/1781
f 4400/9437/2192 4401/9438/2193 4404/7848/1565 4397/7851/1568
f 4328/8802/2093 4152/8805/2096 4151/8064/1728 4329/8063/1727
f 4107/8136/1790 4364/8135/1789 4363/8062/1727 4108/8065/1728
f 4099/8132/1786 4326/8131/1785 4325/8141/1795 4100/8144/1797
f 4374/8134/1788 4095/8137/1791 4098/8056/1721 4371/8055/1720
f 4687/8389/1975 4693/8392/1978 4692/9439/1994 4688/9440/1993
f 4772/8583/2006 4679/8586/2008 4682/9441/1952 4773/9215/1968
f 4681/8383/1971 4683/8382/1970 4686/8377/1949 4682/8380/1952
f 4663/9442/1977 4669/9443/1976 4668/8393/1979 4664/8396/1956
f 4658/8409/1992 4662/8412/1995 4661/8553/2052 4655/8552/1686
f 4643/9134/1984 4631/9444/1983 4634/8284/1900 4644/8283/1899
f 4633/8371/1965 4638/8370/1964 4637/9445/1897 4634/9446/1900
f 4675/9447/2089 4665/9448/1893 4664/8396/1956 4676/8395/1980
f 4641/8385/1970 4645/8388/1971 4644/8283/1899 4642/8282/1898
f 4657/8448/2016 4689/8447/2016 4688/9157/1993 4658/9449/1992
f 4672/8369/1963 4677/8372/1965 4676/9450/1980 4673/9451/1954
f 4666/8452/2018 4694/8451/2018 4693/9159/1978 4663/9144/1977
f 4632/8280/1896 4678/8279/1896 4677/9151/1965 4633/9128/1965
f 4690/9452/2010 4670/9453/2010 4669/8390/1976 4687/8389/1975
f 4443/8491/1686 4440/8494/2052 4439/7859/1576 4444/7858/1575
f 4814/9241/2006 4447/9036/2008 4450/8352/1952 4815/8351/1951
f 4477/9454/1960 4458/9041/1959 4457/8298/1910 4478/8297/1909
f 4448/9037/1904 4462/9043/1904 4461/8518/1971 4449/8517/1971
f 4460/8299/1911 4457/8298/1910 4456/8515/1970 4461/8518/1971
f 4472/9455/1944 4483/9456/1943 4486/8340/1942 4473/8339/1941
f 4479/9457/1902 4476/9458/1901 4475/8338/1940 4480/8337/1939
f 4492/8453/2019 4489/8456/2022 4488/9459/1937 4493/9460/1936
f 4501/8493/2052 4497/8492/1686 4496/8333/1935 4502/8336/1938
f 4484/9461/1894 4469/9462/1893 4468/8356/1956 4485/8355/1955
f 4721/8413/1996 4445/8416/1997 4444/9463/1575 4722/9179/1574
f 4453/8349/1949 4450/8352/1952 4449/8517/1971 4454/8516/1970
f 4470/9464/1991 4490/9465/1990 4489/8456/2022 4467/8455/2021
f 4485/9466/1955 4481/9467/1954 4480/8337/1939 4486/8340/1942
f 4500/9063/1961 4441/9032/1962 4440/8494/2052 4501/8493/2052
f 4446/9035/1934 4498/9061/2057 4497/8492/1686 4443/8491/1686
f 4464/9468/1948 4482/9469/1947 4481/8354/1954 4465/8353/1953
f 4526/7734/1473 4544/7733/1472 4543/9470/1883 4523/9074/1882
f 4679/8586/2008 4600/8585/2008 4599/8289/1903 4680/8292/1904
f 4547/7744/1483 4519/7743/1482 4522/9073/1917 4548/9471/1916
f 4598/8397/1981 4643/8400/1984 4646/8315/1904 4595/8314/1905
f 4563/7918/1623 4527/7917/1622 4530/9472/1902 4564/9473/1901
f 4482/8347/1947 4565/8346/1946 4564/8285/1901 4479/8288/1902
f 4531/8252/1881 4560/8251/1880 4559/9474/1944 4532/9475/1943
f 4462/8363/1904 4536/8362/1904 4535/8325/1930 4459/8328/1933
f 4558/7730/1469 4566/7729/1468 4565/9476/1946 4555/9477/1945
f 4561/7775/1493 4551/7774/1492 4554/9478/1892 4562/9479/1891
f 4532/8341/1943 4472/8344/1944 4471/8327/1932 4533/8326/1931
f 4539/8540/1541 4504/8539/1540 4503/9064/1925 4540/9082/1925
f 4606/8479/2043 4685/8482/2044 4684/8295/1908 4603/8294/1907
f 4510/8009/1489 4537/8008/1489 4536/9081/1904 4507/9066/1905
f 4545/7865/1580 4557/7864/1579 4556/9480/1921 4546/9481/1920
f 4552/7771/1505 4550/7770/1504 4549/9482/1989 4553/9483/1988
f 4528/7902/1612 4542/7901/1611 4541/9083/1958 4529/9484/1957
f 4538/7831/1551 4534/7830/1550 4533/9485/1931 4535/9080/1930
f 4635/7896/1607 4619/7895/1607 4622/8421/2002 4636/8424/2005
f 4778/7983/1667 4509/7986/1670 4508/9067/2008 4779/9486/2007
f 4591/8317/1925 4640/8320/1907 4639/8423/2004 4592/8422/2003
f 4819/9487/1591 4512/9488/1590 4511/8415/1928 4817/8414/1927
f 4648/8403/1961 4623/8402/1986 4626/8579/2011 4649/8582/2011
f 4513/7762/1498 4525/7761/1498 4524/9075/2057 4514/9069/1934
f 4520/7827/1546 4516/7826/1547 4515/9070/1962 4521/9072/1961
f 4621/8649/2116 4593/8648/2115 4592/9109/2003 4622/9489/2002
f 4476/8287/1901 4530/8286/1902 4529/8357/1957 4477/8360/1960
f 4597/7823/1545 4616/7822/1544 4615/9490/1982 4598/9111/1981
f 4540/8437/1925 4455/8440/1925 4458/8359/1959 4541/8358/1958
f 4665/8589/1893 4584/8588/1892 4583/8449/2017 4666/8452/2018
f 4574/8457/2023 4691/8460/2026 4694/8451/2018 4571/8450/2017
f 4590/7914/1469 4608/7913/1621 4607/9491/1946 4587/9492/1945
f 4521/8365/1961 4500/8368/1961 4499/8307/1918 4522/8306/1917
f 4614/7756/1493 4585/7755/1492 4584/9493/1892 4611/9494/1891
f 4777/9495/1591 4627/9496/1590 4630/8323/1928 4775/8322/1927
f 4629/8511/1934 4652/8514/2058 4651/8324/1929 4630/8323/1928
f 4469/8275/1893 4554/8274/1892 4553/8405/1988 4470/8408/1991
f 4715/9497/1667 4601/9498/1670 4600/8585/2008 4716/8584/2007
f 4609/7797/1525 4620/7796/1524 4619/9499/1607 4610/9500/1606
f 4617/9121/1461 4613/9118/1460 4612/8278/1895 4618/8277/1895
f 4578/9501/1517 4568/9096/1516 4567/8446/2015 4575/8445/2014
f 4548/8305/1916 4487/8308/1919 4490/8407/1990 4549/8406/1989
f 4573/9099/1508 4580/9502/1507 4579/8458/2024 4574/8457/2023
f 4569/7891/1603 4589/7890/1602 4588/9503/2009 4570/9504/2009
f 4586/9105/1538 4572/9098/1537 4571/8450/2017 4583/8449/2017
f 3970/8006/1489 4510/8009/1489 4509/7986/1670 3967/7985/1669
f 4504/8539/1540 4032/8542/1541 4031/7740/1479 4505/7739/1478
f 4542/7901/1611 4035/7904/1614 4038/8541/1541 4539/8540/1541
f 3963/7828/1548 4538/7831/1551 4537/8008/1489 3964/8007/1489
f 4027/7763/1498 4513/7762/1498 4512/7875/1590 4028/7878/1593
f 4516/7826/1547 3999/7825/1547 4002/8233/1869 4517/8236/1515
f 4519/7743/1482 4008/7742/1481 4007/7824/1546 4520/7827/1546
f 4074/7735/1474 4526/7734/1473 4525/7761/1498 4071/7764/1498
f 4550/7770/1504 4019/7769/1503 4022/9505/1480 4547/9506/1483
f 4083/7866/1581 4545/7865/1580 4544/9507/1472 4084/9508/1475
f 4039/9509/1613 4528/9510/1612 4527/7917/1622 4040/7920/1625
f 4566/9511/1468 4056/9512/1471 4055/7919/1624 4563/7918/1623
f 3990/8249/1878 4531/8252/1881 4534/9513/1550 3987/9514/1549
f 3994/9515/1490 4561/9516/1493 4560/8251/1880 3991/8250/1879
f 4090/7731/1470 4558/7730/1469 4557/9517/1579 4087/9518/1582
f 4551/7774/1492 4024/7773/1491 4023/9519/1502 4552/9520/1505
f 4585/7755/1492 3980/7754/1491 3979/9521/1535 4586/9522/1538
f 3986/9523/1506 4573/9524/1508 4572/7814/1537 3983/7813/1536
f 3974/8265/1547 4581/8268/1547 4580/7778/1507 3971/7777/1481
f 4062/7915/1470 4590/7914/1469 4589/9525/1602 4059/9526/1605
f 4568/9527/1516 4064/9528/1519 4063/7892/1604 4569/7891/1603
f 4577/7886/1600 4052/7889/1498 4051/7790/1518 4578/7789/1517
f 4627/8668/1590 4049/8671/1593 4048/7911/1620 4628/7910/1498
f 3977/7784/1512 4625/7787/1515 4624/8466/1547 3978/8465/2031
f 4604/8495/1540 4044/8498/2054 4043/8272/1479 4605/8271/1478
f 3998/8519/1489 4602/8522/2061 4601/8005/1670 3995/8004/1669
f 4613/7719/1460 4011/7718/1459 4014/9529/1490 4614/9530/1493
f 4075/7798/1526 4609/7797/1525 4608/9531/1621 4076/9532/1471
f 4070/7818/1541 4594/7817/1540 4593/8648/2115 4067/8651/2118
f 4620/7796/1524 4079/7799/1526 4082/9533/2117 4621/9534/2116
f 4003/7820/1542 4597/7823/1545 4596/7751/1489 4004/7750/1489
f 4015/7717/1459 4617/7720/1461 4616/9535/1544 4016/9536/1543
f 4451/8439/1907 4503/8438/1925 4506/8417/1998 4452/8420/2001
f 4618/8277/1895 4632/8280/1896 4631/8399/1983 4615/8398/1982
f 4562/8273/1891 4484/8276/1894 4483/8343/1943 4559/8342/1944
f 4507/8361/1905 4448/8364/1904 4447/8428/2008 4508/8427/2008
f 4575/8445/2014 4657/8448/2016 4656/8331/1934 4576/8330/1934
f 4674/8443/1947 4607/8442/1946 4610/7894/1606 4671/7897/1606
f 4463/8311/1922 4556/8310/1921 4555/8345/1945 4464/8348/1948
f 4514/8547/1934 4446/8550/1934 4445/8416/1997 4511/8415/1928
f 4611/8587/1891 4675/8590/2089 4678/8279/1896 4612/8278/1895
f 4659/8459/2025 4579/8458/2024 4582/8591/1961 4660/8594/1961
f 4441/8367/1962 4515/8366/1962 4518/8433/2011 4442/8436/2011
f 4670/8431/2010 4588/8430/2009 4587/8441/1945 4667/8444/1948
f 4523/8253/1882 4495/8256/1885 4498/8549/2057 4524/8548/2057
f 4570/8429/2009 4690/8432/2010 4689/8447/2016 4567/8446/2015
f 4546/8309/1920 4491/8312/1923 4494/8255/1884 4543/8254/1883
f 4028/9537/1593 4798/9231/1592 4800/8222/1862 4029/8221/1861
f 4327/8974/1743 4789/9225/1742 4791/8803/2094 4328/8802/2093
f 4316/8969/2101 4792/9227/1742 4794/8607/2094 4317/8606/2093
f 4272/8260/1864 4823/8259/1863 4825/9538/1741 4273/8946/1740
f 4605/9539/1478 4695/9540/1477 4697/8480/1999 4606/8479/2043
f 4152/8805/2096 4701/8804/2095 4700/9541/2029 4153/9542/2028
f 4251/8224/1864 4704/8223/1863 4703/9543/1741 4252/8936/1740
f 4517/8236/1515 4766/8235/1514 4768/9544/2012 4518/9071/2011
f 4193/9545/1647 4758/9546/2088 4757/8656/2120 4194/8659/1511
f 4174/7948/1647 4770/7947/1646 4769/9547/1509 4171/8903/1511
f 4132/8609/2096 4761/8608/2095 4760/9548/2029 4133/9549/2028
f 4685/8482/2044 4795/8481/2000 4797/9230/1950 4686/9550/1949
f 4001/8826/1511 4724/9181/1510 4726/8234/1513 4002/8233/1869
f 4452/9039/2001 4731/9185/2000 4730/8350/1950 4453/8349/1949
f 4505/7739/1478 4786/7738/1477 4788/9551/1999 4506/9065/1998
f 3976/8658/1511 4733/8657/1510 4735/9188/1513 3977/9552/1512
f 4442/9033/2011 4737/9189/2013 4736/7856/1573 4439/7859/1576
f 4649/8582/2011 4740/8581/2013 4739/9191/1573 4650/9553/1576
f 4625/9554/1515 4743/9555/1514 4742/8580/2012 4626/8579/2011
f 4049/9556/1593 4746/9196/1592 4745/8258/1862 4050/8257/1861
f 4737/8435/2013 4768/8434/2012 4767/9557/2204 4738/9558/2202
f 4746/9559/1592 4777/9218/1591 4776/8574/2087 4747/9560/2205
f 4770/7947/1646 4785/7946/1645 4784/9561/2220 4771/9562/2085
f 4731/8419/2000 4788/8418/1999 4787/9563/1585 4732/9564/1584
f 4701/8804/2095 4791/8803/2094 4790/9226/2086 4702/9565/2195
f 4761/8608/2095 4794/8607/2094 4793/9228/2086 4762/9566/2195
f 4796/9567/1584 4774/9568/2208 4773/8379/1968 4797/8378/1950
f 4704/8223/1863 4800/8222/1862 4799/9232/2205 4705/9569/2086
f 4743/9194/1514 4735/9570/1513 4734/9571/2201 4744/9195/2204
f 4766/8235/1514 4726/8234/1513 4725/9182/2201 4767/9572/2204
f 4758/9205/2088 4699/9573/1645 4698/9574/2221 4759/8572/2085
f 4798/7877/1592 4819/7876/1591 4818/9575/2087 4799/9576/2205
f 4789/9577/1742 4703/9164/1741 4705/8570/2086 4790/9578/2086
f 4752/9579/2206 4810/9580/2199 4809/8485/2047 4753/8484/2046
f 4792/9581/1742 4825/9248/1741 4824/8573/2086 4793/9582/2086
f 4749/9199/2206 4714/9583/2199 4713/8631/2047 4750/8630/2046
f 4823/8259/1863 4745/8258/1862 4747/9197/2205 4824/9584/2086
f 4795/8481/2000 4697/8480/1999 4696/9585/1585 4796/9229/1584
f 4740/8581/2013 4742/8580/2012 4744/9586/2204 4741/9192/2203
f 4732/9186/1584 4816/9242/2208 4815/8351/1951 4730/8350/1950
f 4710/8544/2072 4756/8543/2071 4755/9587/2207 4711/9170/2198
f 4711/9588/2198 4720/9178/2198 4719/9177/1708 4709/9589/1707
f 4733/8657/1510 4757/8656/2120 4759/9590/2085 4734/9187/2201
f 4728/8626/2072 4765/8625/2071 4764/9591/2207 4729/9184/2198
f 4729/9592/2198 4803/9235/2198 4802/9234/1708 4727/9593/1752
f 4722/7857/1574 4736/7856/1573 4738/9190/2202 4723/9594/2200
f 4724/7781/1510 4769/7780/1509 4771/9595/2085 4725/9596/2201
f 4774/9216/2208 4717/9597/1583 4716/8584/2007 4772/8583/2006
f 4717/9598/1583 4749/9599/2206 4748/8003/1681 4715/8002/1667
f 4775/8322/1927 4813/8321/1926 4812/9240/2200 4776/9600/2087
f 4816/9601/2208 4780/9602/1583 4779/8426/2007 4814/8425/2006
f 4780/9603/1583 4752/9200/2206 4751/7984/1668 4778/7983/1667
f 4782/7841/1558 4801/7840/1557 4803/9604/2198 4783/9222/2209
f 4783/9605/2209 4696/9606/1585 4695/8270/1477 4781/8269/1476
f 4821/9246/2209 4787/9607/1585 4786/7738/1477 4822/7737/1476
f 4817/8414/1927 4721/8413/1996 4723/9180/2200 4818/9608/2087
f 4810/9609/2199 4805/9610/2222 4804/8504/1664 4808/8503/1663
f 4714/9611/2199 4807/9612/2222 4806/7980/1664 4712/7979/1663
f 4811/9613/1574 4739/9614/1573 4741/9615/2203 4812/9616/2200
f 4820/7861/1558 4718/7860/1557 4720/9617/2198 4821/9618/2209
f 4833/9619/1500 4829/9620/2223 4828/8557/2077 4832/9621/2224
f 4830/9622/2225 4755/9202/2207 4754/8059/1724 4831/8561/2081
f 4707/9623/2197 4828/9624/2077 4829/8560/2080 4708/8058/1723
f 4702/9163/2195 4827/9625/2226 4826/9626/2227 4700/8463/2029
f 4841/9627/1500 4837/9628/2223 4836/9629/2228 4840/9630/2229
f 4838/9631/2225 4764/9208/2207 4763/8476/2040 4839/9632/2230
f 4762/9207/2195 4835/9633/2231 4834/9634/2227 4760/8616/2029
f 4906/7879/1594 4844/8598/2090 4845/9635/2137 4907/9636/2136
f 4877/8106/1764 4908/8109/1767 4907/8688/2136 4878/8691/2139
f 4909/8048/1713 4874/8047/1712 4876/8709/2150 4910/8708/2149
f 4899/9252/1808 4879/9250/1811 4878/8691/2139 4900/8690/2138
f 4875/9249/1774 4896/9251/1773 4898/8706/2147 4876/8709/2150
f 4843/9637/1793 4911/9638/1792 4910/9639/2149 4842/9640/2148
f 3973/8811/1463 4846/9641/1675 4847/8266/1890 3974/8265/1547
f 4929/9642/1987 4582/9103/1961 4581/8268/1547 4928/8267/1890
f 3978/8465/2031 4848/8464/2030 4849/9643/2125 3975/8812/1676
f 4881/8192/1837 4192/8191/1837 4191/8914/1676 4880/9644/2126
f 4198/8640/2111 4882/8639/2110 4883/9645/1677 4195/8916/1676
f 4623/9124/1986 4930/9646/1985 4931/8467/2032 4624/8466/1547
f 4004/7750/1489 4850/7749/1488 4851/9647/2119 4005/8827/1685
f 4887/7970/1658 4229/7969/1657 4228/8925/1556 4886/9648/2119
f 3997/8824/1685 4852/9649/1684 4853/8520/2059 3998/8519/1489
f 4937/9650/1904 4599/9112/1903 4602/8522/2061 4936/8521/2060
f 4595/9110/1905 4938/9651/1905 4939/7752/1488 4596/7751/1489
f 4189/8538/1683 4884/8537/1683 4885/9652/1684 4190/8913/1685
f 4640/9133/1907 4916/9653/1906 4917/8386/1973 4641/8385/1970
f 4857/9654/1924 4646/9135/1904 4645/8388/1971 4856/8387/1974
f 4855/8384/1972 4681/8383/1971 4680/9153/1904 4854/9655/1905
f 4919/9656/1906 4684/9154/1908 4683/8382/1970 4918/8381/1969
f 4576/9101/1934 4926/9657/1934 4927/7887/1601 4577/7886/1600
f 4859/9658/1913 4053/8851/1870 4052/7889/1498 4858/7888/1601
f 4861/7912/1619 4048/7911/1620 4047/8849/2050 4860/9659/2049
f 4274/9660/1737 4890/9661/1736 4891/9662/2051 4271/9663/1915
f 4889/9664/1729 4276/9665/1654 4275/9666/1915 4888/9667/1914
f 4925/9668/2057 4629/9126/1934 4628/7910/1498 4924/7909/1619
f 4933/9669/1906 4591/9108/1925 4594/7817/1540 4932/7816/1539
f 4069/8860/1562 4862/9670/1561 4863/7819/1539 4070/7818/1541
f 4044/8498/2054 4864/8497/2053 4865/9671/1597 4045/8847/1562
f 4893/9672/1705 4268/8944/2055 4267/7885/1599 4892/7884/1598
f 4294/8957/1705 4894/9673/1705 4895/7847/1564 4291/7846/1563
f 4603/9114/1907 4934/9674/1906 4935/8496/2053 4604/8495/1540
f 4652/9139/2058 4920/9675/1934 4921/8019/1687 4653/8018/1686
f 4867/9676/1987 4648/9136/1961 4647/8021/1689 4866/8020/1688
f 4869/8554/1688 4661/8553/2052 4660/9143/1961 4868/9677/1987
f 4923/9678/1934 4656/9140/1934 4655/8552/1686 4922/8551/1687
f 4873/9679/1967 4114/8882/1782 4113/8154/1806 4872/8153/1798
f 4389/9006/1596 4912/9680/1794 4913/8156/1807 4390/8155/1801
f 4345/8983/1706 4904/9681/1705 4905/8469/2034 4346/8468/2033
f 4871/8566/1798 4138/8565/1806 4137/8894/1783 4870/9682/2035
f 4915/9683/1565 4416/9019/1596 4415/8568/2084 4914/8567/1801
f 4903/9684/1706 4319/8970/1706 4322/8374/1781 4902/8373/1966
f 4349/9685/1731 4897/9686/1730 4896/9687/1773 4350/9688/1772
f 4874/8047/1712 4130/8046/1711 4129/8890/1775 4875/9249/1774
f 4879/9250/1811 4131/8891/1810 4134/8107/1765 4877/8106/1764
f 4386/9005/1595 4906/9253/1594 4908/8109/1767 4387/8108/1766
f 4911/9254/1792 4417/9020/2194 4420/8049/1714 4909/8048/1713
f 4901/9689/1739 4315/9690/1738 4318/9691/1809 4899/9692/1808
f 4941/8682/2131 4898/8706/2147 4897/8068/1730 4940/8699/2144
f 4940/8699/2144 4942/8768/2171 4943/8683/2132 4941/8682/2131
f 4900/8690/2138 4943/8683/2132 4942/8768/2171 4901/8077/1739
f 4993/9693/2128 4994/9694/2128 4995/9695/2172 4992/9696/2143
f 5021/9697/2152 5022/9698/2127 5023/8767/2170 5020/8716/2154
f 4977/9699/2057 4978/9700/1934 4979/8717/2154 4976/8766/2154
f 5013/8741/2142 5014/8696/2142 5015/9701/2153 5012/9702/2153
f 5017/8701/2145 5018/8775/1766 5019/9703/2153 5016/9704/2153
f 4949/9705/1987 4950/9706/1987 4951/8774/1766 4948/8700/1766
f 4973/9707/1904 4974/9708/1904 4975/8695/2141 4972/8742/2141
f 5005/9709/2169 5006/9710/2160 5007/8743/2168 5004/8694/2141
f 4997/9711/2140 4998/9712/2140 4999/8685/2134 4996/8686/2135
f 4981/8711/2151 4982/8718/2151 4983/9713/2133 4980/9714/2133
f 4989/8673/1800 4990/8748/1800 4991/9715/2079 4988/9716/2091
f 4947/9717/2130 4944/9718/2129 4945/8601/2092 4946/8558/2078
f 5009/9719/2160 5010/9720/2160 5011/8739/2167 5008/8736/2167
f 4985/8749/1798 4986/8672/1798 4987/9721/2165 4984/9722/2165
f 5001/9723/2140 5002/9724/2140 5003/8733/2166 5000/8744/2166
f 4969/9725/1906 4970/9726/1906 4971/8719/2155 4968/8710/2151
f 4965/8729/2162 4966/8734/2162 4967/9727/2057 4964/9728/2057
f 4961/8755/2163 4962/8730/2163 4963/9729/1905 4960/9730/1905
f 4957/8731/2164 4958/8754/2164 4959/9731/1906 4956/9732/1906
f 4953/9733/1987 4954/9734/1987 4955/8735/2161 4952/8728/2161
f 4842/9640/2148 4947/9735/2130 4946/9736/2078 4843/9637/1793
f 4990/8748/1800 4913/8156/1807 4912/9680/1794 4991/9715/2079
f 4844/8598/2090 4945/8601/2092 4944/9718/2129 4845/9635/2137
f 4914/8567/1801 4989/8673/1800 4988/9716/2091 4915/9683/1565
f 4948/8700/1766 4931/8467/2032 4930/9646/1985 4949/9705/1987
f 4866/8020/1688 4955/8735/2161 4954/9734/1987 4867/9676/1987
f 4846/9641/1675 5019/9703/2153 5018/8775/1766 4847/8266/1890
f 4950/9706/1987 4929/9642/1987 4928/8267/1890 4951/8774/1766
f 5016/9704/2153 4849/9643/2125 4848/8464/2030 5017/8701/2145
f 4952/8728/2161 4869/8554/1688 4868/9677/1987 4953/9733/1987
f 4964/9728/2057 4923/9678/1934 4922/8551/1687 4965/8729/2162
f 4920/9675/1934 4967/9727/2057 4966/8734/2162 4921/8019/1687
f 4956/9732/1906 4919/9656/1906 4918/8381/1969 4957/8731/2164
f 4854/9655/1905 4963/9729/1905 4962/8730/2163 4855/8384/1972
f 4932/7816/1539 4971/8719/2155 4970/9726/1906 4933/9669/1906
f 4958/8754/2164 4917/8386/1973 4916/9653/1906 4959/9731/1906
f 4968/8710/2151 4935/8496/2053 4934/9674/1906 4969/9725/1906
f 4960/9730/1905 4857/9654/1924 4856/8387/1974 4961/8755/2163
f 4972/8742/2141 4939/7752/1488 4938/9651/1905 4973/9707/1904
f 4936/8521/2060 4975/8695/2141 4974/9708/1904 4937/9650/1904
f 4976/8766/2154 4927/7887/1601 4926/9657/1934 4977/9699/2057
f 4924/7909/1619 4979/8717/2154 4978/9700/1934 4925/9668/2057
f 4980/9714/2133 4865/9671/1597 4864/8497/2053 4981/8711/2151
f 4862/9670/1561 4983/9713/2133 4982/8718/2151 4863/7819/1539
f 5006/9710/2160 4851/9647/2119 4850/7749/1488 5007/8743/2168
f 4852/9649/1684 5005/9709/2169 5004/8694/2141 4853/8520/2059
f 5022/9698/2127 4859/9658/1913 4858/7888/1601 5023/8767/2170
f 4860/9659/2049 5021/9697/2152 5020/8716/2154 4861/7912/1619
f 4998/9712/2140 4893/9672/1705 4892/7884/1598 4999/8685/2134
f 4894/9673/1705 4997/9711/2140 4996/8686/2135 4895/7847/1564
f 4984/9722/2165 4873/9679/1967 4872/8153/1798 4985/8749/1798
f 4904/9681/1705 5001/9723/2140 5000/8744/2166 4905/8469/2034
f 4986/8672/1798 4871/8566/1798 4870/9682/2035 4987/9721/2165
f 5002/9724/2140 4903/9684/1706 4902/8373/1966 5003/8733/2166
f 4994/9694/2128 4891/9662/2051 4890/9661/1736 4995/9695/2172
f 4992/9696/2143 4889/9664/1729 4888/9667/1914 4993/9693/2128
f 4884/8537/1683 5011/8739/2167 5010/9720/2160 4885/9652/1684
f 5008/8736/2167 4887/7970/1658 4886/9648/2119 5009/9719/2160
f 4880/9644/2126 5015/9701/2153 5014/8696/2142 4881/8192/1837
f 5012/9702/2153 4883/9645/1677 4882/8639/2110 5013/8741/2142
f 5037/9737/2232 5024/9255/2210 5026/9257/2173 5038/9738/2176
f 5025/8556/2076 5033/9739/2233 5034/8771/2174 5026/8770/2173
f 5033/9739/2233 5027/8555/2075 5029/9740/2177 5034/8771/2174
f 5028/7900/1610 5035/7899/1609 5036/8777/2178 5029/8776/2177
f 5035/7899/1609 5030/7898/1608 5032/8780/2179 5036/8777/2178
f 5031/9741/2211 5037/9737/2232 5038/9738/2176 5032/9742/2179
f 5052/9743/2234 5039/8647/2114 5041/8782/2180 5053/8785/2183
f 5040/9744/2212 5048/9745/2235 5049/9746/2181 5041/9747/2180
f 5048/9745/2235 5042/8562/2082 5044/9748/2184 5049/9746/2181
f 5043/9262/2213 5050/9749/2236 5051/8787/2185 5044/8786/2184
f 5050/9749/2236 5045/9750/2214 5047/9751/2186 5051/8787/2185
f 5046/9264/2215 5052/9743/2234 5053/8785/2183 5047/8790/2186
f 5067/9752/1609 5054/9265/2216 5056/8792/2179 5068/8795/2178
f 5055/9753/2211 5063/9754/2232 5064/9755/2176 5056/9756/2179
f 5063/9754/2232 5057/9267/2210 5059/9269/2187 5064/9755/2176
f 5058/8564/2076 5065/9757/2233 5066/8797/2174 5059/8796/2187
f 5065/9757/2233 5060/8563/2083 5062/9758/2177 5066/8797/2174
f 5061/9271/2217 5067/9752/1609 5068/8795/2178 5062/8800/2177
f 4832/9759/2224 5025/9256/2076 5024/9255/2210 4833/9760/2237
f 5030/7898/1608 4400/9437/2192 4399/9761/2027 5031/9259/2211
f 5027/9258/2075 4707/9167/2197 4706/9166/2196 5028/7900/1610
f 4837/9762/2238 5043/9262/2213 5042/9261/2082 4836/9763/2228
f 5039/8647/2114 5061/9271/2217 5060/9270/2083 5040/9260/2212
f 5057/9267/2210 4841/9764/2237 4840/9765/2229 5058/9268/2076
f 4413/9018/2112 5046/9766/2215 5045/9750/2214 4414/8478/2042
f 4388/9767/2027 5055/9266/2211 5054/9265/2216 4385/8646/2113
f 3988/8819/2189 3966/9372/2188 4179/9371/2190 4184/8909/2191
f 4805/9768/1655 4830/9769/1655 4831/9770/1655
f 4831/9770/1655 4829/9771/2223 4805/9768/1655
f 4829/9771/2223 4833/7766/1500 4804/7765/1499
f 4805/9768/1655 4829/9771/2223 4804/7765/1499
f 4833/7766/1500 4826/9772/1501 4784/9773/2239
f 4826/9772/1501 4827/9774/1655 4784/9773/2239
f 4213/9291/2219 4160/9290/2218 4804/7765/1499
f 4833/7766/1500 4784/9773/2239 4785/7767/1501
f 4785/7767/1501 4213/9291/2219 4804/7765/1499
f 4787/7870/1585 4821/9775/2209 4720/9178/2198
f 4720/9178/2198 4711/9588/2198 4755/9776/2207
f 4755/9776/2207 4830/9777/2225 4720/9178/2198
f 4830/9777/2225 4805/9778/2222 4810/9238/2199
f 4810/9238/2199 4752/9779/2206 4780/7868/1583
f 4830/9777/2225 4810/9238/2199 4720/9178/2198
f 4780/7868/1583 4816/9780/2208 4732/7869/1584
f 4720/9178/2198 4810/9238/2199 4787/7870/1585
f 4810/9238/2199 4780/7868/1583 4787/7870/1585
f 4416/7881/1596 4915/8599/1565 4906/7879/1594
f 4915/8599/1565 4844/8598/2090 4906/7879/1594
f 4706/9166/2196 4401/9438/2193 5028/7900/1610
f 4401/9438/2193 4400/9437/2192 5028/7900/1610
f 5028/7900/1610 4400/9437/2192 5030/7898/1608
f 4221/7962/1655 4166/9289/1655 4163/7963/1655
f 4163/7963/1655 4164/9781/1655 4219/9782/1655
f 4219/9782/1655 4220/7961/1655 4163/7963/1655
f 4226/7966/1655 4169/9783/1655 4170/7964/1655
f 4170/7964/1655 4167/9288/1655 4225/7965/1655
f 4167/9288/1655 4224/9287/1655 4225/7965/1655
f 4807/9784/1655 4838/9785/1655 4839/9786/1655
f 4839/9786/1655 4837/9787/2223 4807/9784/1655
f 4837/9787/2223 4841/8000/1500 4806/7999/1499
f 4807/9784/1655 4837/9787/2223 4806/7999/1499
f 4841/8000/1500 4834/9788/1501 4698/9789/2239
f 4834/9788/1501 4835/9790/1655 4698/9789/2239
f 4156/9370/2219 4211/9369/2218 4806/7999/1499
f 4841/8000/1500 4698/9789/2239 4699/8001/1501
f 4699/8001/1501 4156/9370/2219 4806/7999/1499
f 4912/8140/1794 4389/9408/1596 4911/8138/1792
f 4389/9408/1596 4417/9407/2194 4911/8138/1792
f 4700/8463/2029 4826/9626/2227 5024/9255/2210
f 4826/9626/2227 4833/9760/2237 5024/9255/2210
f 5024/9255/2210 5037/9737/2232 4700/8463/2029
f 5037/9737/2232 5031/9741/2211 4700/8463/2029
f 5031/9741/2211 4399/8461/2027 4700/8463/2029
f 4414/8478/2042 5045/9750/2214 4763/8476/2040
f 5045/9750/2214 5050/9749/2236 4763/8476/2040
f 5050/9749/2236 5043/9262/2213 4763/8476/2040
f 5043/9262/2213 4837/9762/2238 4839/9632/2230
f 4763/8476/2040 5043/9262/2213 4839/9632/2230
f 4828/8557/2077 4707/9791/2197 5027/8555/2075
f 5027/8555/2075 5033/9739/2233 5025/8556/2076
f 5025/8556/2076 4832/9621/2224 4828/8557/2077
f 4836/9629/2228 5042/8562/2082 5058/8564/2076
f 5042/8562/2082 5048/9745/2235 5040/9744/2212
f 5060/8563/2083 5042/8562/2082 5040/9744/2212
f 5060/8563/2083 5065/9757/2233 5058/8564/2076
f 5058/8564/2076 4840/9630/2229 4836/9629/2228
f 4723/9792/2200 4738/9793/2202 4767/9211/2204
f 4767/9211/2204 4725/9794/2201 4771/8569/2085
f 4771/8569/2085 4784/9795/2220 4827/9796/2226
f 4827/9796/2226 4702/9797/2195 4705/8570/2086
f 4702/9797/2195 4790/9578/2086 4705/8570/2086
f 4705/8570/2086 4799/9798/2205 4818/8571/2087
f 4723/9792/2200 4767/9211/2204 4818/8571/2087
f 4767/9211/2204 4771/8569/2085 4818/8571/2087
f 4771/8569/2085 4827/9796/2226 4705/8570/2086
f 4812/9616/2200 4741/9615/2203 4744/9195/2204
f 4744/9195/2204 4734/9571/2201 4759/8572/2085
f 4759/8572/2085 4698/9574/2221 4835/9799/2231
f 4835/9799/2231 4762/9800/2195 4824/8573/2086
f 4762/9800/2195 4793/9582/2086 4824/8573/2086
f 4824/8573/2086 4747/9560/2205 4776/8574/2087
f 4812/9616/2200 4744/9195/2204 4776/8574/2087
f 4744/9195/2204 4759/8572/2085 4776/8574/2087
f 4759/8572/2085 4835/9799/2231 4824/8573/2086
f 4696/8597/1585 4783/9801/2209 4803/9235/2198
f 4803/9235/2198 4729/9592/2198 4764/9802/2207
f 4764/9802/2207 4838/9803/2225 4803/9235/2198
f 4838/9803/2225 4807/9804/2222 4714/9173/2199
f 4714/9173/2199 4749/9805/2206 4717/8595/1583
f 4838/9803/2225 4714/9173/2199 4803/9235/2198
f 4717/8595/1583 4774/9806/2208 4796/8596/1584
f 4803/9235/2198 4714/9173/2199 4696/8597/1585
f 4714/9173/2199 4717/8595/1583 4696/8597/1585
f 4760/8616/2029 4834/9634/2227 5057/9267/2210
f 4834/9634/2227 4841/9764/2237 5057/9267/2210
f 5057/9267/2210 5063/9754/2232 4760/8616/2029
f 5063/9754/2232 5055/9753/2211 4760/8616/2029
f 5055/9753/2211 4388/8614/2027 4760/8616/2029
f 4385/8646/2113 5054/9265/2216 5061/9271/2217
f 5054/9265/2216 5067/9752/1609 5061/9271/2217
f 5061/9271/2217 5039/8647/2114 4385/8646/2113
f 5039/8647/2114 5052/9743/2234 5046/9264/2215
f 5046/9264/2215 4413/8645/2112 5039/8647/2114
o Mesh.013_Cube.032
v 2.349421 10.016913 3.692141
v 5.046365 10.016913 6.389085
v 5.945446 -0.000001 -7.769877
v 3.248532 -0.000001 -7.769877
v 1.164931 9.816914 6.389134
v 1.164931 9.816914 3.692091
v 1.174931 10.016913 6.389134
v 1.164931 10.006913 6.389134
v 1.164931 10.006913 3.692091
v 1.174931 10.016913 3.692092
v 2.349436 10.016913 2.550613
v 2.349436 10.006913 2.540613
v 5.046350 10.006913 2.540613
v 5.046350 10.016913 2.550613
v 5.945446 0.240422 -7.769876
v 5.944573 0.250422 -7.759876
v 5.923264 0.250422 -7.515505
v 5.922391 0.260422 -7.505505
v 5.922391 0.490845 -7.505505
v 5.921519 0.500845 -7.495504
v 5.900209 0.500845 -7.251133
v 5.899337 0.510845 -7.241133
v 5.899337 0.741268 -7.241133
v 5.898465 0.751268 -7.231133
v 5.877155 0.751267 -6.986762
v 5.876283 0.761267 -6.976761
v 5.876283 0.991691 -6.976761
v 5.875411 1.001691 -6.966761
v 5.854101 1.001690 -6.722390
v 5.853229 1.011690 -6.712389
v 5.853229 1.242114 -6.712389
v 5.852357 1.252114 -6.702389
v 5.831047 1.252113 -6.458018
v 5.830175 1.262113 -6.448018
v 5.830175 1.492537 -6.448017
v 5.829303 1.502537 -6.438017
v 5.807993 1.502536 -6.193646
v 5.807121 1.512536 -6.183646
v 5.807121 1.742960 -6.183645
v 5.806249 1.752960 -6.173645
v 5.784939 1.752959 -5.929274
v 5.784067 1.762959 -5.919274
v 5.784067 1.993383 -5.919273
v 5.783195 2.003383 -5.909273
v 5.761885 2.003382 -5.664902
v 5.761013 2.013382 -5.654902
v 5.761013 2.243806 -5.654902
v 5.760140 2.253806 -5.644901
v 5.738831 2.253805 -5.400530
v 5.737959 2.263805 -5.390530
v 5.737959 2.494229 -5.390530
v 5.737087 2.504229 -5.380529
v 5.715777 2.504228 -5.136158
v 5.714905 2.514228 -5.126158
v 5.714905 2.744652 -5.126158
v 5.714033 2.754652 -5.116158
v 5.692724 2.754651 -4.871787
v 5.691852 2.764651 -4.861786
v 5.691852 2.995075 -4.861786
v 5.690979 3.005075 -4.851786
v 5.669670 3.005074 -4.607415
v 5.668797 3.015074 -4.597414
v 5.668798 3.245497 -4.597414
v 5.667926 3.255497 -4.587414
v 5.646616 3.255497 -4.343044
v 5.645744 3.265497 -4.333044
v 5.645744 3.495920 -4.333043
v 5.644872 3.505920 -4.323043
v 5.623562 3.505920 -4.078672
v 5.622690 3.515920 -4.068672
v 5.622691 3.746343 -4.068672
v 5.621819 3.756343 -4.058671
v 5.600509 3.756343 -3.814301
v 5.599637 3.766343 -3.804301
v 5.599637 3.996766 -3.804300
v 5.598765 4.006766 -3.794300
v 5.577455 4.006765 -3.549929
v 5.576583 4.016766 -3.539929
v 5.576583 4.247189 -3.539929
v 5.575711 4.257189 -3.529929
v 5.554402 4.257188 -3.285558
v 5.553530 4.267188 -3.275558
v 5.553530 4.497611 -3.275558
v 5.552658 4.507611 -3.265558
v 5.531348 4.507610 -3.021186
v 5.530476 4.517611 -3.011186
v 5.530476 4.748034 -3.011186
v 5.529604 4.758034 -3.001186
v 5.508295 4.758033 -2.756815
v 5.507422 4.768033 -2.746815
v 5.507422 4.998456 -2.746815
v 5.506550 5.008456 -2.736815
v 5.485240 5.008455 -2.492444
v 5.484368 5.018456 -2.482444
v 5.484369 5.248878 -2.482443
v 5.483497 5.258879 -2.472443
v 5.462187 5.258878 -2.228072
v 5.461315 5.268878 -2.218072
v 5.461315 5.499301 -2.218072
v 5.460443 5.509301 -2.208072
v 5.439133 5.509300 -1.963701
v 5.438261 5.519300 -1.953701
v 5.438262 5.749723 -1.953701
v 5.437389 5.759724 -1.943701
v 5.416080 5.759723 -1.699329
v 5.415208 5.769723 -1.689329
v 5.415208 6.000146 -1.689329
v 5.414336 6.010146 -1.679329
v 5.393026 6.010146 -1.434958
v 5.392154 6.020146 -1.424958
v 5.392154 6.250569 -1.424958
v 5.391282 6.260569 -1.414958
v 5.369972 6.260568 -1.170587
v 5.369100 6.270568 -1.160587
v 5.369101 6.500992 -1.160586
v 5.368228 6.510992 -1.150586
v 5.346919 6.510992 -0.906215
v 5.346046 6.520992 -0.896215
v 5.346047 6.751415 -0.896215
v 5.345175 6.761415 -0.886215
v 5.323865 6.761414 -0.641844
v 5.322993 6.771414 -0.631844
v 5.322993 7.001838 -0.631844
v 5.322121 7.011838 -0.621844
v 5.300811 7.011837 -0.377472
v 5.299939 7.021838 -0.367472
v 5.299940 7.252261 -0.367472
v 5.299067 7.262261 -0.357472
v 5.277758 7.262260 -0.113101
v 5.276886 7.272260 -0.103101
v 5.276886 7.502684 -0.103101
v 5.276014 7.512684 -0.093101
v 5.254704 7.512683 0.151270
v 5.253832 7.522684 0.161270
v 5.253832 7.753107 0.161271
v 5.252960 7.763107 0.171271
v 5.231651 7.763106 0.415642
v 5.230779 7.773106 0.425642
v 5.230779 8.003530 0.425642
v 5.229907 8.013530 0.435642
v 5.208597 8.013530 0.680013
v 5.207725 8.023530 0.690013
v 5.207725 8.253953 0.690013
v 5.206853 8.263953 0.700013
v 5.185543 8.263953 0.944384
v 5.184671 8.273953 0.954384
v 5.184671 8.504376 0.954385
v 5.183799 8.514377 0.964385
v 5.162489 8.514377 1.208756
v 5.161617 8.524377 1.218756
v 5.161618 8.754800 1.218756
v 5.160746 8.764800 1.228756
v 5.139436 8.764800 1.473127
v 5.138564 8.774800 1.483127
v 5.138564 9.005223 1.483127
v 5.137692 9.015224 1.493127
v 5.116382 9.015223 1.737499
v 5.115510 9.025223 1.747499
v 5.115510 9.255646 1.747499
v 5.114638 9.265646 1.757499
v 5.093329 9.265646 2.001870
v 5.092457 9.275646 2.011870
v 5.092457 9.506068 2.011870
v 5.091585 9.516068 2.021870
v 5.070275 9.516068 2.266241
v 5.069403 9.526068 2.276241
v 5.069403 9.756491 2.276242
v 5.068531 9.766491 2.286242
v 5.047222 9.766491 2.530613
v 5.046350 9.776491 2.540613
v 3.247660 0.250422 -7.759876
v 3.248532 0.240422 -7.769876
v 3.225478 0.260422 -7.505505
v 3.226351 0.250422 -7.515505
v 3.224607 0.500845 -7.495504
v 3.225479 0.490845 -7.505505
v 3.202425 0.510845 -7.241133
v 3.203297 0.500845 -7.251133
v 3.201553 0.751268 -7.231133
v 3.202425 0.741268 -7.241133
v 3.179371 0.761267 -6.976761
v 3.180243 0.751267 -6.986762
v 3.178499 1.001691 -6.966761
v 3.179371 0.991691 -6.976761
v 3.156317 1.011690 -6.712389
v 3.157190 1.001690 -6.722390
v 3.155446 1.252114 -6.702389
v 3.156318 1.242114 -6.712389
v 3.133264 1.262113 -6.448018
v 3.134136 1.252113 -6.458018
v 3.132392 1.502537 -6.438017
v 3.133264 1.492537 -6.448017
v 3.110210 1.512536 -6.183646
v 3.111082 1.502536 -6.193646
v 3.109338 1.752960 -6.173645
v 3.110210 1.742960 -6.183645
v 3.087157 1.762959 -5.919274
v 3.088029 1.752959 -5.929274
v 3.086285 2.003383 -5.909273
v 3.087157 1.993383 -5.919273
v 3.064103 2.013382 -5.654902
v 3.064975 2.003382 -5.664902
v 3.063231 2.253806 -5.644901
v 3.064103 2.243806 -5.654902
v 3.041049 2.263805 -5.390530
v 3.041921 2.253805 -5.400530
v 3.040177 2.504229 -5.380529
v 3.041049 2.494229 -5.390530
v 3.017996 2.514228 -5.126158
v 3.018868 2.504228 -5.136158
v 3.017124 2.754652 -5.116158
v 3.017996 2.744652 -5.126158
v 2.994942 2.764651 -4.861786
v 2.995814 2.754651 -4.871787
v 2.994070 3.005075 -4.851786
v 2.994942 2.995075 -4.861786
v 2.971888 3.015074 -4.597414
v 2.972760 3.005074 -4.607415
v 2.971016 3.255497 -4.587414
v 2.971889 3.245497 -4.597414
v 2.948835 3.265497 -4.333044
v 2.949707 3.255497 -4.343044
v 2.947963 3.505920 -4.323043
v 2.948835 3.495920 -4.333043
v 2.925781 3.515920 -4.068672
v 2.926653 3.505920 -4.078672
v 2.924909 3.756343 -4.058671
v 2.925781 3.746343 -4.068672
v 2.902727 3.766343 -3.804301
v 2.903600 3.756343 -3.814301
v 2.901855 4.006766 -3.794300
v 2.902728 3.996766 -3.804300
v 2.879674 4.016766 -3.539929
v 2.880546 4.006765 -3.549929
v 2.878802 4.257189 -3.529929
v 2.879674 4.247189 -3.539929
v 2.856620 4.267188 -3.275558
v 2.857492 4.257188 -3.285558
v 2.855748 4.507611 -3.265558
v 2.856620 4.497611 -3.275558
v 2.833566 4.517611 -3.011186
v 2.834439 4.507610 -3.021186
v 2.832695 4.758034 -3.001186
v 2.833567 4.748034 -3.011186
v 2.810513 4.768033 -2.746815
v 2.811385 4.758033 -2.756815
v 2.809641 5.008456 -2.736815
v 2.810513 4.998456 -2.746815
v 2.787459 5.018456 -2.482444
v 2.788331 5.008455 -2.492444
v 2.786587 5.258879 -2.472443
v 2.787459 5.248878 -2.482443
v 2.764405 5.268878 -2.218072
v 2.765278 5.258878 -2.228072
v 2.763534 5.509301 -2.208072
v 2.764406 5.499301 -2.218072
v 2.741352 5.519300 -1.953701
v 2.742224 5.509300 -1.963701
v 2.740480 5.759724 -1.943701
v 2.741352 5.749723 -1.953701
v 2.718298 5.769723 -1.689329
v 2.719170 5.759723 -1.699329
v 2.717426 6.010146 -1.679329
v 2.718298 6.000146 -1.689329
v 2.695244 6.020146 -1.424958
v 2.696116 6.010146 -1.434958
v 2.694372 6.260569 -1.414958
v 2.695245 6.250569 -1.424958
v 2.672190 6.270568 -1.160587
v 2.673063 6.260568 -1.170587
v 2.671319 6.510992 -1.150586
v 2.672191 6.500992 -1.160586
v 2.649137 6.520992 -0.896215
v 2.650009 6.510992 -0.906215
v 2.648265 6.761415 -0.886215
v 2.649137 6.751415 -0.896215
v 2.626083 6.771414 -0.631844
v 2.626955 6.761414 -0.641844
v 2.625211 7.011838 -0.621844
v 2.626083 7.001838 -0.631844
v 2.603029 7.021838 -0.367472
v 2.603901 7.011837 -0.377472
v 2.602157 7.262261 -0.357472
v 2.603029 7.252261 -0.367472
v 2.579975 7.272260 -0.103101
v 2.580847 7.262260 -0.113101
v 2.579103 7.512684 -0.093101
v 2.579975 7.502684 -0.103101
v 2.556921 7.522684 0.161270
v 2.557793 7.512683 0.151270
v 2.556049 7.763107 0.171271
v 2.556921 7.753107 0.161271
v 2.533867 7.773106 0.425642
v 2.534739 7.763106 0.415642
v 2.532995 8.013530 0.435642
v 2.533867 8.003530 0.425642
v 2.510813 8.023530 0.690013
v 2.511685 8.013530 0.680013
v 2.509941 8.263953 0.700013
v 2.510813 8.253953 0.690013
v 2.487759 8.273953 0.954384
v 2.488631 8.263953 0.944384
v 2.486887 8.514377 0.964385
v 2.487760 8.504376 0.954385
v 2.464705 8.524377 1.218756
v 2.465578 8.514377 1.208756
v 2.463834 8.764800 1.228756
v 2.464706 8.754800 1.218756
v 2.441652 8.774800 1.483127
v 2.442524 8.764800 1.473127
v 2.440780 9.015224 1.493127
v 2.441652 9.005223 1.483127
v 2.418598 9.025223 1.747499
v 2.419470 9.015223 1.737499
v 2.417726 9.265646 1.757499
v 2.418598 9.255646 1.747499
v 2.395544 9.275646 2.011870
v 2.396416 9.265646 2.001870
v 2.394672 9.516068 2.021870
v 2.395544 9.506068 2.011870
v 2.372490 9.526068 2.276241
v 2.373362 9.516068 2.266241
v 2.371618 9.766491 2.286242
v 2.372490 9.756491 2.276242
v 2.349436 9.776491 2.540613
v 2.350308 9.766491 2.530613
vt 1.117437 1.727189
vt 0.847732 1.727189
vt 0.847732 1.708189
vt 1.117437 1.708189
vt 0.265056 1.704147
vt 0.265056 1.727189
vt -0.004635 1.727189
vt -0.004635 1.704147
vt 0.175147 0.726497
vt 0.175147 0.750540
vt -0.094545 0.750540
vt -0.094545 0.726497
vt 1.297465 0.175234
vt 1.273028 0.177365
vt 1.273028 -0.092326
vt 1.297465 -0.094457
vt 0.177452 0.752540
vt 0.177452 0.775582
vt -0.092239 0.775582
vt -0.092239 0.752540
vt 1.271027 0.177539
vt 1.246590 0.179670
vt 1.246590 -0.090021
vt 1.271027 -0.092152
vt 0.179757 0.777582
vt 0.179757 0.800624
vt -0.089934 0.800624
vt -0.089934 0.777582
vt 1.244590 0.179845
vt 1.220153 0.181976
vt 1.220153 -0.087716
vt 1.244590 -0.089847
vt 0.182063 0.802624
vt 0.182063 0.825666
vt -0.087628 0.825666
vt -0.087628 0.802624
vt 1.218153 0.182150
vt 1.193716 0.184281
vt 1.193716 -0.085410
vt 1.218153 -0.087541
vt 0.184368 0.827666
vt 0.184368 0.850709
vt -0.085323 0.850709
vt -0.085323 0.827666
vt 1.191716 0.184455
vt 1.167279 0.186586
vt 1.167279 -0.083105
vt 1.191716 -0.085236
vt 0.186674 0.852709
vt 0.186674 0.875751
vt -0.083018 0.875751
vt -0.083018 0.852709
vt 1.165279 0.186761
vt 1.140842 0.188892
vt 1.140842 -0.080799
vt 1.165279 -0.082930
vt 0.188979 0.877751
vt 0.188979 0.900793
vt -0.080712 0.900793
vt -0.080712 0.877751
vt 1.138842 0.189066
vt 1.114404 0.191197
vt 1.114404 -0.078494
vt 1.138842 -0.080625
vt 0.191284 0.902793
vt 0.191284 0.925836
vt -0.078407 0.925836
vt -0.078407 0.902793
vt 1.112404 0.191372
vt 1.087967 0.193502
vt 1.087967 -0.076189
vt 1.112404 -0.078319
vt 0.193590 0.927836
vt 0.193590 0.950878
vt -0.076101 0.950878
vt -0.076101 0.927836
vt 1.085967 0.193677
vt 1.061530 0.195808
vt 1.061530 -0.073883
vt 1.085967 -0.076014
vt 0.195895 0.952878
vt 0.195895 0.975920
vt -0.073796 0.975920
vt -0.073796 0.952878
vt 1.059530 0.195982
vt 1.035093 0.198113
vt 1.035093 -0.071578
vt 1.059530 -0.073709
vt 0.198200 0.977920
vt 0.198200 1.000962
vt -0.071491 1.000962
vt -0.071491 0.977920
vt 1.033093 0.198288
vt 1.008656 0.200419
vt 1.008656 -0.069272
vt 1.033093 -0.071403
vt 0.200506 1.002962
vt 0.200506 1.026005
vt -0.069185 1.026005
vt -0.069185 1.002962
vt 1.006656 0.200593
vt 0.982219 0.202724
vt 0.982218 -0.066967
vt 1.006655 -0.069098
vt 0.202811 1.028005
vt 0.202811 1.051047
vt -0.066880 1.051047
vt -0.066880 1.028005
vt 0.980218 0.202898
vt 0.955781 0.205029
vt 0.955781 -0.064662
vt 0.980218 -0.066793
vt 0.205117 1.053047
vt 0.205116 1.076089
vt -0.064574 1.076089
vt -0.064574 1.053047
vt 0.953781 0.205204
vt 0.929344 0.207335
vt 0.929344 -0.062356
vt 0.953781 -0.064487
vt 0.207422 1.078089
vt 0.207422 1.101132
vt -0.062269 1.101132
vt -0.062269 1.078089
vt 0.927344 0.207509
vt 0.902907 0.209640
vt 0.902907 -0.060051
vt 0.927344 -0.062182
vt 0.209727 1.103132
vt 0.209727 1.126174
vt -0.059964 1.126174
vt -0.059964 1.103132
vt 0.900907 0.209814
vt 0.876470 0.211945
vt 0.876470 -0.057746
vt 0.900907 -0.059877
vt 0.212033 1.128174
vt 0.212033 1.151216
vt -0.057658 1.151216
vt -0.057658 1.128174
vt 0.874470 0.212120
vt 0.850033 0.214251
vt 0.850033 -0.055440
vt 0.874470 -0.057571
vt 0.214338 1.153216
vt 0.214338 1.176258
vt -0.055353 1.176258
vt -0.055353 1.153216
vt 0.848033 0.214425
vt 0.823596 0.216556
vt 0.823596 -0.053135
vt 0.848033 -0.055266
vt 0.216643 1.178258
vt 0.216643 1.201301
vt -0.053048 1.201301
vt -0.053048 1.178258
vt 0.821596 0.216731
vt 0.797158 0.218861
vt 0.797158 -0.050829
vt 0.821596 -0.052960
vt 0.218949 1.203301
vt 0.218949 1.226343
vt -0.050742 1.226343
vt -0.050742 1.203301
vt 0.795159 0.219036
vt 0.770721 0.221167
vt 0.770721 -0.048524
vt 0.795158 -0.050655
vt 0.221254 1.228343
vt 0.221254 1.251385
vt -0.048437 1.251385
vt -0.048437 1.228343
vt 0.768721 0.221341
vt 0.744284 0.223472
vt 0.744284 -0.046219
vt 0.768721 -0.048350
vt 0.223559 1.253385
vt 0.223559 1.276428
vt -0.046132 1.276428
vt -0.046132 1.253385
vt 0.742284 0.223647
vt 0.717847 0.225778
vt 0.717847 -0.043913
vt 0.742284 -0.046044
vt 0.225865 1.278427
vt 0.225865 1.301470
vt -0.043826 1.301470
vt -0.043826 1.278427
vt 0.715847 0.225952
vt 0.691410 0.228083
vt 0.691410 -0.041608
vt 0.715847 -0.043739
vt 0.228170 1.303470
vt 0.228170 1.326512
vt -0.041521 1.326512
vt -0.041521 1.303470
vt 0.689410 0.228257
vt 0.664973 0.230388
vt 0.664973 -0.039303
vt 0.689410 -0.041434
vt 0.230476 1.328512
vt 0.230476 1.351554
vt -0.039215 1.351554
vt -0.039215 1.328512
vt 0.662973 0.230563
vt 0.638536 0.232694
vt 0.638536 -0.036997
vt 0.662973 -0.039128
vt 0.232781 1.353554
vt 0.232781 1.376597
vt -0.036910 1.376597
vt -0.036910 1.353554
vt 0.636536 0.232868
vt 0.612099 0.234999
vt 0.612098 -0.034692
vt 0.636536 -0.036823
vt 0.235086 1.378597
vt 0.235086 1.401639
vt -0.034605 1.401639
vt -0.034605 1.378597
vt 0.610098 0.235174
vt 0.585661 0.237304
vt 0.585661 -0.032387
vt 0.610098 -0.034517
vt 0.237392 1.403639
vt 0.237392 1.426681
vt -0.032299 1.426681
vt -0.032299 1.403639
vt 0.583661 0.237479
vt 0.559224 0.239610
vt 0.559224 -0.030081
vt 0.583661 -0.032212
vt 0.239697 1.428681
vt 0.239697 1.451723
vt -0.029994 1.451723
vt -0.029994 1.428681
vt 0.557224 0.239784
vt 0.532787 0.241915
vt 0.532787 -0.027776
vt 0.557224 -0.029907
vt 0.242002 1.453723
vt 0.242002 1.476766
vt -0.027689 1.476766
vt -0.027689 1.453723
vt 0.530787 0.242090
vt 0.506350 0.244221
vt 0.506350 -0.025470
vt 0.530787 -0.027601
vt 0.244308 1.478766
vt 0.244308 1.501808
vt -0.025383 1.501808
vt -0.025383 1.478766
vt 0.504350 0.244395
vt 0.479913 0.246526
vt 0.479913 -0.023165
vt 0.504350 -0.025296
vt 0.246613 1.503808
vt 0.246613 1.526850
vt -0.023078 1.526850
vt -0.023078 1.503808
vt 0.477913 0.246700
vt 0.453476 0.248831
vt 0.453476 -0.020860
vt 0.477913 -0.022991
vt 0.248919 1.528850
vt 0.248919 1.551893
vt -0.020773 1.551893
vt -0.020772 1.528850
vt 0.451476 0.249006
vt 0.427039 0.251137
vt 0.427039 -0.018554
vt 0.451476 -0.020685
vt 0.251224 1.553893
vt 0.251224 1.576935
vt -0.018467 1.576935
vt -0.018467 1.553893
vt 0.425039 0.251311
vt 0.400601 0.253442
vt 0.400601 -0.016249
vt 0.425038 -0.018380
vt 0.253529 1.578935
vt 0.253529 1.601977
vt -0.016162 1.601977
vt -0.016162 1.578935
vt 0.398601 0.253617
vt 0.374164 0.255748
vt 0.374164 -0.013944
vt 0.398601 -0.016075
vt 0.255835 1.603977
vt 0.255835 1.627020
vt -0.013856 1.627020
vt -0.013856 1.603977
vt 0.372164 0.255922
vt 0.347727 0.258053
vt 0.347727 -0.011638
vt 0.372164 -0.013769
vt 0.258140 1.629020
vt 0.258140 1.652062
vt -0.011551 1.652062
vt -0.011551 1.629020
vt 0.345727 0.258227
vt 0.321290 0.260358
vt 0.321290 -0.009333
vt 0.345727 -0.011464
vt 0.260446 1.654062
vt 0.260446 1.677104
vt -0.009246 1.677104
vt -0.009246 1.654062
vt 0.319290 0.260533
vt 0.294853 0.262664
vt 0.294853 -0.007028
vt 0.319290 -0.009158
vt 0.262751 1.679104
vt 0.262751 1.702146
vt -0.006940 1.702146
vt -0.006940 1.679104
vt 0.292853 0.262838
vt 0.268416 0.264969
vt 0.268416 -0.004722
vt 0.292853 -0.006853
vt 0.266416 0.265056
vt 0.152263 0.265058
vt -0.117432 -0.004637
vt 0.266416 -0.004635
vt 1.117437 1.728189
vt 0.847732 1.728189
vt 0.265056 1.728189
vt -0.004635 1.728189
vt 1.298465 -0.094545
vt 1.298465 0.175147
vt 1.272027 0.177452
vt 1.272027 -0.092239
vt 1.272027 -0.092239
vt 1.272027 0.177452
vt 1.245590 0.179757
vt 1.245590 -0.089934
vt 1.245590 -0.089934
vt 1.245590 0.179757
vt 1.219153 0.182063
vt 1.219153 -0.087628
vt 1.219153 -0.087628
vt 1.219153 0.182063
vt 1.192716 0.184368
vt 1.192716 -0.085323
vt 1.192716 -0.085323
vt 1.192716 0.184368
vt 1.166279 0.186674
vt 1.166279 -0.083018
vt 1.166279 -0.083018
vt 1.166279 0.186674
vt 1.139842 0.188979
vt 1.139842 -0.080712
vt 1.139842 -0.080712
vt 1.139842 0.188979
vt 1.113404 0.191284
vt 1.113404 -0.078407
vt 1.113404 -0.078407
vt 1.113404 0.191284
vt 1.086967 0.193590
vt 1.086967 -0.076101
vt 1.086967 -0.076101
vt 1.086967 0.193590
vt 1.060530 0.195895
vt 1.060530 -0.073796
vt 1.060530 -0.073796
vt 1.060530 0.195895
vt 1.034093 0.198200
vt 1.034093 -0.071490
vt 1.034093 -0.071491
vt 1.034093 0.198200
vt 1.007656 0.200506
vt 1.007656 -0.069185
vt 1.007656 -0.069185
vt 1.007656 0.200506
vt 0.981218 0.202811
vt 0.981218 -0.066880
vt 0.981218 -0.066880
vt 0.981218 0.202811
vt 0.954781 0.205117
vt 0.954781 -0.064574
vt 0.954781 -0.064574
vt 0.954781 0.205116
vt 0.928344 0.207422
vt 0.928344 -0.062269
vt 0.928344 -0.062269
vt 0.928344 0.207422
vt 0.901907 0.209727
vt 0.901907 -0.059964
vt 0.901907 -0.059964
vt 0.901907 0.209727
vt -0.057746 1.127174
vt 0.211945 1.127174
vt 0.212120 1.152216
vt -0.057571 1.152216
vt -0.055440 1.152216
vt 0.214251 1.152216
vt 0.214425 1.177258
vt -0.055266 1.177258
vt -0.053135 1.177258
vt 0.216556 1.177258
vt 0.216731 1.202301
vt -0.052960 1.202301
vt -0.050829 1.202301
vt 0.218861 1.202301
vt 0.219036 1.227343
vt -0.050655 1.227343
vt -0.048524 1.227343
vt 0.221167 1.227343
vt 0.221341 1.252385
vt -0.048350 1.252385
vt -0.046219 1.252385
vt 0.223472 1.252385
vt 0.223647 1.277427
vt -0.046044 1.277427
vt -0.043913 1.277427
vt 0.225778 1.277427
vt 0.225952 1.302470
vt -0.043739 1.302470
vt -0.041608 1.302470
vt 0.228083 1.302470
vt 0.228257 1.327512
vt -0.041434 1.327512
vt -0.039303 1.327512
vt 0.230388 1.327512
vt 0.230563 1.352554
vt -0.039128 1.352554
vt -0.036997 1.352554
vt 0.232694 1.352554
vt 0.232868 1.377597
vt -0.036823 1.377597
vt -0.034692 1.377596
vt 0.234999 1.377596
vt 0.235174 1.402639
vt -0.034517 1.402639
vt -0.032387 1.402639
vt 0.237304 1.402639
vt 0.237479 1.427681
vt -0.032212 1.427681
vt -0.030081 1.427681
vt 0.239610 1.427681
vt 0.239784 1.452724
vt -0.029907 1.452724
vt -0.027776 1.452723
vt 0.241915 1.452723
vt 0.242090 1.477766
vt -0.027601 1.477766
vt -0.025470 1.477766
vt 0.244221 1.477766
vt 0.244395 1.502808
vt -0.025296 1.502808
vt -0.023165 1.502808
vt 0.246526 1.502808
vt 0.246700 1.527850
vt -0.022991 1.527850
vt -0.020860 1.527850
vt 0.248831 1.527850
vt 0.249006 1.552893
vt -0.020685 1.552893
vt -0.018554 1.552893
vt 0.251137 1.552893
vt 0.251311 1.577935
vt -0.018380 1.577935
vt -0.016249 1.577935
vt 0.253442 1.577935
vt 0.253617 1.602977
vt -0.016075 1.602977
vt -0.013944 1.602977
vt 0.255748 1.602977
vt 0.255922 1.628020
vt -0.013769 1.628020
vt -0.011638 1.628020
vt 0.258053 1.628020
vt 0.258227 1.653062
vt -0.011464 1.653062
vt -0.009333 1.653062
vt 0.260358 1.653062
vt 0.260533 1.678104
vt -0.009158 1.678104
vt -0.007028 1.678104
vt 0.262664 1.678104
vt 0.262838 1.703146
vt -0.006853 1.703146
vt -0.004722 1.703146
vt 0.264969 1.703146
vt 0.152268 0.382507
vt -0.117436 0.382507
vn -0.9999 0.0104 0.0002
vn -0.9999 0.0104 0.0000
vn -1.0000 0.0000 0.0000
vn 0.0001 0.0086 -1.0000
vn -0.0001 0.0086 -1.0000
vn 0.0000 0.0086 -1.0000
vn 0.0000 0.0000 -1.0000
vn -0.0000 0.0083 -1.0000
vn 0.0000 0.0082 -1.0000
vn 0.0000 1.0000 -0.0081
vn 0.0002 0.0086 -1.0000
vn -0.0000 1.0000 -0.0008
vn 0.0000 1.0000 -0.0000
vn 0.0001 1.0000 -0.0008
vn -0.0008 1.0000 -0.0000
vn -0.0008 1.0000 -0.0004
usemtl sandstone
s 1
f 5076/9807/2240 5077/9808/2241 5074/9809/2242 5073/9810/2242
f 5393/9811/2243 5080/9812/2244 5081/9813/2245 5238/9814/2245
f 5072/9815/2246 5240/9816/2247 5083/9817/2248 5071/9818/2246
f 5239/9819/2249 5242/9820/2249 5085/9821/2249 5084/9822/2249
f 5241/9823/2245 5244/9824/2245 5087/9825/2245 5086/9826/2245
f 5243/9827/2249 5246/9828/2249 5089/9829/2249 5088/9830/2249
f 5245/9831/2245 5248/9832/2245 5091/9833/2245 5090/9834/2245
f 5247/9835/2249 5250/9836/2249 5093/9837/2249 5092/9838/2249
f 5249/9839/2245 5252/9840/2245 5095/9841/2245 5094/9842/2245
f 5251/9843/2249 5254/9844/2249 5097/9845/2249 5096/9846/2249
f 5253/9847/2250 5256/9848/2245 5099/9849/2245 5098/9850/2245
f 5255/9851/2249 5258/9852/2249 5101/9853/2249 5100/9854/2249
f 5257/9855/2245 5260/9856/2245 5103/9857/2245 5102/9858/2245
f 5259/9859/2249 5262/9860/2249 5105/9861/2249 5104/9862/2249
f 5261/9863/2245 5264/9864/2245 5107/9865/2245 5106/9866/2245
f 5263/9867/2249 5266/9868/2249 5109/9869/2249 5108/9870/2249
f 5265/9871/2245 5268/9872/2245 5111/9873/2245 5110/9874/2245
f 5267/9875/2249 5270/9876/2249 5113/9877/2249 5112/9878/2249
f 5269/9879/2245 5272/9880/2245 5115/9881/2245 5114/9882/2245
f 5271/9883/2249 5274/9884/2249 5117/9885/2249 5116/9886/2249
f 5273/9887/2250 5276/9888/2245 5119/9889/2245 5118/9890/2245
f 5275/9891/2249 5278/9892/2249 5121/9893/2249 5120/9894/2249
f 5277/9895/2243 5280/9896/2245 5123/9897/2245 5122/9898/2245
f 5279/9899/2249 5282/9900/2249 5125/9901/2249 5124/9902/2249
f 5281/9903/2250 5284/9904/2245 5127/9905/2245 5126/9906/2245
f 5283/9907/2249 5286/9908/2249 5129/9909/2249 5128/9910/2249
f 5285/9911/2245 5288/9912/2245 5131/9913/2245 5130/9914/2245
f 5287/9915/2249 5290/9916/2249 5133/9917/2249 5132/9918/2249
f 5289/9919/2245 5292/9920/2245 5135/9921/2245 5134/9922/2245
f 5291/9923/2249 5294/9924/2249 5137/9925/2249 5136/9926/2249
f 5293/9927/2245 5296/9928/2245 5139/9929/2245 5138/9930/2245
f 5295/9931/2249 5298/9932/2249 5141/9933/2249 5140/9934/2249
f 5297/9935/2245 5300/9936/2245 5143/9937/2245 5142/9938/2245
f 5299/9939/2249 5302/9940/2249 5145/9941/2249 5144/9942/2249
f 5301/9943/2250 5304/9944/2245 5147/9945/2245 5146/9946/2245
f 5303/9947/2249 5306/9948/2249 5149/9949/2249 5148/9950/2249
f 5305/9951/2243 5308/9952/2245 5151/9953/2245 5150/9954/2245
f 5307/9955/2249 5310/9956/2249 5153/9957/2249 5152/9958/2249
f 5309/9959/2245 5312/9960/2245 5155/9961/2245 5154/9962/2245
f 5311/9963/2249 5314/9964/2249 5157/9965/2249 5156/9966/2249
f 5313/9967/2245 5316/9968/2245 5159/9969/2245 5158/9970/2245
f 5315/9971/2249 5318/9972/2249 5161/9973/2249 5160/9974/2249
f 5317/9975/2250 5320/9976/2245 5163/9977/2245 5162/9978/2245
f 5319/9979/2249 5322/9980/2249 5165/9981/2249 5164/9982/2249
f 5321/9983/2250 5324/9984/2245 5167/9985/2245 5166/9986/2245
f 5323/9987/2249 5326/9988/2249 5169/9989/2249 5168/9990/2249
f 5325/9991/2245 5328/9992/2245 5171/9993/2245 5170/9994/2245
f 5327/9995/2249 5330/9996/2249 5173/9997/2249 5172/9998/2249
f 5329/9999/2250 5332/10000/2245 5175/10001/2245 5174/10002/2245
f 5331/10003/2249 5334/10004/2249 5177/10005/2249 5176/10006/2249
f 5333/10007/2243 5336/10008/2245 5179/10009/2245 5178/10010/2245
f 5335/10011/2249 5338/10012/2249 5181/10013/2249 5180/10014/2249
f 5337/10015/2250 5340/10016/2245 5183/10017/2245 5182/10018/2245
f 5339/10019/2249 5342/10020/2249 5185/10021/2249 5184/10022/2249
f 5341/10023/2245 5344/10024/2245 5187/10025/2245 5186/10026/2245
f 5343/10027/2249 5346/10028/2249 5189/10029/2249 5188/10030/2249
f 5345/10031/2243 5348/10032/2245 5191/10033/2245 5190/10034/2245
f 5347/10035/2249 5350/10036/2249 5193/10037/2249 5192/10038/2249
f 5349/10039/2243 5352/10040/2245 5195/10041/2245 5194/10042/2245
f 5351/10043/2249 5354/10044/2249 5197/10045/2249 5196/10046/2249
f 5353/10047/2243 5356/10048/2245 5199/10049/2245 5198/10050/2245
f 5355/10051/2249 5358/10052/2249 5201/10053/2249 5200/10054/2249
f 5357/10055/2245 5360/10056/2245 5203/10057/2245 5202/10058/2245
f 5359/10059/2249 5362/10060/2249 5205/10061/2249 5204/10062/2249
f 5361/10063/2243 5364/10064/2245 5207/10065/2245 5206/10066/2245
f 5363/10067/2249 5366/10068/2249 5209/10069/2249 5208/10070/2249
f 5365/10071/2245 5368/10072/2245 5211/10073/2245 5210/10074/2245
f 5367/10075/2249 5370/10076/2249 5213/10077/2249 5212/10078/2249
f 5369/10079/2245 5372/10080/2245 5215/10081/2245 5214/10082/2245
f 5371/10083/2249 5374/10084/2249 5217/10085/2249 5216/10086/2249
f 5373/10087/2245 5376/10088/2245 5219/10089/2245 5218/10090/2245
f 5375/10091/2249 5378/10092/2249 5221/10093/2249 5220/10094/2249
f 5377/10095/2243 5380/10096/2245 5223/10097/2245 5222/10098/2245
f 5379/10099/2249 5382/10100/2249 5225/10101/2249 5224/10102/2249
f 5381/10103/2245 5384/10104/2245 5227/10105/2245 5226/10106/2245
f 5383/10107/2249 5386/10108/2249 5229/10109/2249 5228/10110/2249
f 5385/10111/2245 5388/10112/2245 5231/10113/2245 5230/10114/2245
f 5387/10115/2249 5390/10116/2249 5233/10117/2249 5232/10118/2249
f 5389/10119/2245 5392/10120/2245 5235/10121/2245 5234/10122/2245
f 5391/10123/2249 5394/10124/2249 5237/10125/2249 5236/10126/2249
f 5079/10127/2251 5069/10128/2252 5070/10129/2252 5082/10130/2253
f 5077/9808/2241 5076/9807/2240 5075/10131/2254 5078/10132/2255
f 5079/10133/2251 5082/10134/2253 5081/9813/2245 5080/9812/2244
f 5239/9819/2249 5084/9822/2249 5083/10135/2248 5240/10136/2247
f 5241/10137/2245 5086/10138/2245 5085/9821/2249 5242/9820/2249
f 5243/9827/2249 5088/9830/2249 5087/10139/2245 5244/10140/2245
f 5245/10141/2245 5090/10142/2245 5089/9829/2249 5246/9828/2249
f 5247/9835/2249 5092/9838/2249 5091/10143/2245 5248/10144/2245
f 5249/10145/2245 5094/10146/2245 5093/9837/2249 5250/9836/2249
f 5251/9843/2249 5096/9846/2249 5095/10147/2245 5252/10148/2245
f 5253/10149/2250 5098/10150/2245 5097/9845/2249 5254/9844/2249
f 5255/9851/2249 5100/9854/2249 5099/10151/2245 5256/10152/2245
f 5257/10153/2245 5102/10154/2245 5101/9853/2249 5258/9852/2249
f 5259/9859/2249 5104/9862/2249 5103/10155/2245 5260/10156/2245
f 5261/10157/2245 5106/10158/2245 5105/9861/2249 5262/9860/2249
f 5263/9867/2249 5108/9870/2249 5107/10159/2245 5264/10160/2245
f 5265/10161/2245 5110/10162/2245 5109/9869/2249 5266/9868/2249
f 5267/9875/2249 5112/9878/2249 5111/10163/2245 5268/10164/2245
f 5269/10165/2245 5114/10166/2245 5113/9877/2249 5270/9876/2249
f 5271/9883/2249 5116/9886/2249 5115/10167/2245 5272/10168/2245
f 5273/10169/2250 5118/10170/2245 5117/9885/2249 5274/9884/2249
f 5275/9891/2249 5120/9894/2249 5119/10171/2245 5276/10172/2245
f 5277/10173/2243 5122/10174/2245 5121/9893/2249 5278/9892/2249
f 5279/9899/2249 5124/9902/2249 5123/10175/2245 5280/10176/2245
f 5281/10177/2250 5126/10178/2245 5125/9901/2249 5282/9900/2249
f 5283/9907/2249 5128/9910/2249 5127/10179/2245 5284/10180/2245
f 5285/10181/2245 5130/10182/2245 5129/9909/2249 5286/9908/2249
f 5287/9915/2249 5132/9918/2249 5131/10183/2245 5288/10184/2245
f 5289/10185/2245 5134/10186/2245 5133/9917/2249 5290/9916/2249
f 5291/9923/2249 5136/9926/2249 5135/10187/2245 5292/10188/2245
f 5293/10189/2245 5138/10190/2245 5137/9925/2249 5294/9924/2249
f 5295/9931/2249 5140/9934/2249 5139/10191/2245 5296/10192/2245
f 5297/10193/2245 5142/10194/2245 5141/9933/2249 5298/9932/2249
f 5299/9939/2249 5144/9942/2249 5143/10195/2245 5300/10196/2245
f 5301/9943/2250 5146/9946/2245 5145/10197/2249 5302/10198/2249
f 5303/10199/2249 5148/10200/2249 5147/9945/2245 5304/9944/2245
f 5305/9951/2243 5150/9954/2245 5149/10201/2249 5306/10202/2249
f 5307/10203/2249 5152/10204/2249 5151/9953/2245 5308/9952/2245
f 5309/9959/2245 5154/9962/2245 5153/10205/2249 5310/10206/2249
f 5311/10207/2249 5156/10208/2249 5155/9961/2245 5312/9960/2245
f 5313/9967/2245 5158/9970/2245 5157/10209/2249 5314/10210/2249
f 5315/10211/2249 5160/10212/2249 5159/9969/2245 5316/9968/2245
f 5317/9975/2250 5162/9978/2245 5161/10213/2249 5318/10214/2249
f 5319/10215/2249 5164/10216/2249 5163/9977/2245 5320/9976/2245
f 5321/9983/2250 5166/9986/2245 5165/10217/2249 5322/10218/2249
f 5323/10219/2249 5168/10220/2249 5167/9985/2245 5324/9984/2245
f 5325/9991/2245 5170/9994/2245 5169/10221/2249 5326/10222/2249
f 5327/10223/2249 5172/10224/2249 5171/9993/2245 5328/9992/2245
f 5329/9999/2250 5174/10002/2245 5173/10225/2249 5330/10226/2249
f 5331/10227/2249 5176/10228/2249 5175/10001/2245 5332/10000/2245
f 5333/10007/2243 5178/10010/2245 5177/10229/2249 5334/10230/2249
f 5335/10231/2249 5180/10232/2249 5179/10009/2245 5336/10008/2245
f 5337/10015/2250 5182/10018/2245 5181/10233/2249 5338/10234/2249
f 5339/10235/2249 5184/10236/2249 5183/10017/2245 5340/10016/2245
f 5341/10023/2245 5186/10026/2245 5185/10237/2249 5342/10238/2249
f 5343/10239/2249 5188/10240/2249 5187/10025/2245 5344/10024/2245
f 5345/10031/2243 5190/10034/2245 5189/10241/2249 5346/10242/2249
f 5347/10243/2249 5192/10244/2249 5191/10033/2245 5348/10032/2245
f 5349/10039/2243 5194/10042/2245 5193/10245/2249 5350/10246/2249
f 5351/10247/2249 5196/10248/2249 5195/10041/2245 5352/10040/2245
f 5353/10047/2243 5198/10050/2245 5197/10249/2249 5354/10250/2249
f 5355/10251/2249 5200/10252/2249 5199/10049/2245 5356/10048/2245
f 5357/10055/2245 5202/10058/2245 5201/10253/2249 5358/10254/2249
f 5359/10255/2249 5204/10256/2249 5203/10057/2245 5360/10056/2245
f 5361/10063/2243 5206/10066/2245 5205/10257/2249 5362/10258/2249
f 5363/10259/2249 5208/10260/2249 5207/10065/2245 5364/10064/2245
f 5365/10071/2245 5210/10074/2245 5209/10261/2249 5366/10262/2249
f 5367/10263/2249 5212/10264/2249 5211/10073/2245 5368/10072/2245
f 5369/10079/2245 5214/10082/2245 5213/10265/2249 5370/10266/2249
f 5371/10267/2249 5216/10268/2249 5215/10081/2245 5372/10080/2245
f 5373/10087/2245 5218/10090/2245 5217/10269/2249 5374/10270/2249
f 5375/10271/2249 5220/10272/2249 5219/10089/2245 5376/10088/2245
f 5377/10095/2243 5222/10098/2245 5221/10273/2249 5378/10274/2249
f 5379/10275/2249 5224/10276/2249 5223/10097/2245 5380/10096/2245
f 5381/10103/2245 5226/10106/2245 5225/10277/2249 5382/10278/2249
f 5383/10279/2249 5228/10280/2249 5227/10105/2245 5384/10104/2245
f 5385/10111/2245 5230/10114/2245 5229/10281/2249 5386/10282/2249
f 5387/10283/2249 5232/10284/2249 5231/10113/2245 5388/10112/2245
f 5389/10119/2245 5234/10122/2245 5233/10285/2249 5390/10286/2249
f 5391/10287/2249 5236/10288/2249 5235/10121/2245 5392/10120/2245
f 5393/9811/2243 5238/9814/2245 5237/10289/2249 5394/10290/2249
f 5069/10128/2252 5078/10291/2255 5075/10292/2254 5070/10129/2252
o Mesh.014_Cube.033
v 6.370043 0.000000 -8.074862
v 1.164931 10.016913 6.750000
v 5.447893 10.016913 2.500000
v 1.164931 0.000000 7.672880
v 5.868040 0.000000 6.248472
v 1.164931 10.016913 6.248521
v 4.946350 10.016913 2.500000
v 1.164931 0.000000 6.248472
v 4.946365 10.016913 6.248472
v 5.868499 0.000000 -8.074862
v 1.947893 10.016913 3.250000
v 2.870042 0.000000 -8.074862
v 1.164931 10.016913 3.250000
v 1.947893 10.016913 2.500000
v 2.870042 0.000000 3.250000
v 1.164931 0.000000 3.250000
v 3.371095 0.000000 3.751528
v 1.164931 10.016913 3.751479
v 2.449436 10.016913 2.500000
v 1.164931 0.000000 3.751412
v 2.449420 10.016913 3.751528
v 3.371586 0.000000 -8.074862
v 5.407725 10.016913 6.750000
v 5.447893 10.016913 6.709832
v 5.419609 10.016913 6.721716
v 6.370043 0.000000 7.632712
v 6.329875 0.000000 7.672880
v 5.516058 9.276468 6.778051
v 5.479358 9.238795 6.821690
v 5.511469 9.189161 6.810668
v 5.786958 3.509174 7.349572
v 5.816183 3.519980 7.331485
v 5.180710 6.670050 7.058354
v 5.216554 6.672075 7.044045
v 5.464499 7.792774 6.954915
v 5.498021 7.787720 6.940618
v 5.655025 7.766925 6.726240
v 5.641319 7.763593 6.760612
v 5.751987 6.713674 6.495248
v 5.737657 6.714656 6.530804
v 6.024312 3.755533 6.835520
v 6.014755 3.753529 6.878301
v 6.118799 2.292821 7.461637
v 6.159903 2.282652 7.422406
v 6.137741 2.373245 7.439707
v 5.639021 5.434618 7.172177
v 5.679140 5.400471 7.161355
v 5.661964 5.478292 7.154131
v 5.531614 5.814508 7.137177
v 5.564569 5.823172 7.122398
v 5.833077 5.832824 6.850163
v 5.817649 5.839700 6.882810
v 5.857569 5.411414 6.982413
v 5.868443 5.448656 6.944765
v 5.850174 5.490208 6.969109
v 5.816710 4.124302 7.292899
v 5.847122 4.118535 7.276317
v 5.797767 4.451213 7.262780
v 5.832246 4.404026 7.250895
v 5.823244 4.488132 7.242793
v 5.968445 4.362382 7.049120
v 5.952492 4.410511 7.080943
v 5.958956 4.322644 7.076066
v 6.001355 4.004899 6.964334
v 5.993200 3.995653 7.001688
v 6.075583 3.198593 7.178891
v 6.061882 3.211554 7.211802
v 6.105602 2.872504 7.307783
v 6.091772 2.880120 7.341914
v 6.008290 2.876760 7.407838
v 6.040599 2.881678 7.392045
v 5.907525 3.215264 7.376651
v 5.938259 3.221753 7.359733
vt -0.173000 1.271363
vt -0.183435 1.162736
vt -0.162075 1.102051
vt -0.154584 1.502857
vt -0.159590 1.645414
vt -0.172585 1.505269
vt 1.053161 1.307948
vt 1.018071 1.393502
vt 0.616493 0.726497
vt 1.153523 1.728189
vt 1.103375 1.728189
vt 1.103370 0.726497
vt 1.245811 0.726497
vt 0.383507 1.728189
vt 0.005364 1.728189
vt -0.086804 0.726497
vt 0.383507 0.726497
vt 1.103370 1.728189
vt 0.728523 1.728189
vt -0.328963 0.726497
vt 1.103370 0.726497
vt 0.271477 -0.044789
vt 1.328963 -0.137004
vt 1.328963 -0.086850
vt 0.271477 0.005365
vt 0.146324 0.255058
vt 0.196477 0.305211
vt 0.196477 0.383507
vt 0.146329 0.383507
vt 0.271477 0.255056
vt 0.271477 0.305211
vt 0.803523 1.728189
vt 0.728523 1.728189
vt -0.328963 0.726497
vt 0.803523 0.726497
vt 0.383507 1.728189
vt 0.305211 1.728189
vt 0.212996 0.726497
vt 0.383507 0.726497
vt 0.853671 1.728189
vt 0.803523 1.728189
vt 0.803523 0.726497
vt 0.853664 0.726497
vt 0.271477 1.728189
vt 0.146324 1.728189
vt 0.146324 0.726497
vt 1.328963 0.726497
vt 0.744942 1.728189
vt 0.616493 1.728189
vt 0.616493 0.726497
vt 0.837110 0.726497
vt 1.328963 0.212996
vt 1.328963 0.162841
vt -0.103370 0.005363
vt -0.103375 0.383507
vt -0.153523 0.383507
vt -0.211672 1.078496
vt -0.166353 1.101850
vt -0.178692 1.126063
vt -0.206155 1.138351
vt 1.056457 1.308815
vt 1.081765 1.310467
vt 1.073766 1.397963
vt 1.021655 1.393705
vt -0.186130 1.158762
vt -0.203613 1.166900
vt -0.182928 1.393705
vt -0.131603 1.397963
vt 1.109177 1.014509
vt 1.104060 1.014665
vt 1.113774 0.963822
vt -0.202802 1.175311
vt -0.186617 1.167548
vt -0.176764 1.267639
vt -0.194658 1.266544
vt -0.214496 1.048673
vt -0.199703 1.047653
vt -0.217728 1.014665
vt -0.212714 1.014509
vt 1.066196 1.274327
vt 1.085017 1.275518
vt -0.153523 -0.040773
vt -0.149506 -0.044789
vt -0.150695 -0.041961
vt 1.051606 1.654144
vt 1.047936 1.650377
vt 1.051147 1.645414
vt 1.111880 0.955779
vt 1.115990 0.954763
vt 1.063902 1.269959
vt 1.067914 1.266545
vt -0.175434 1.275518
vt 1.079777 1.171619
vt 1.083225 1.166900
vt 1.082324 1.175311
vt -0.153523 1.728189
vt -0.160692 1.650377
vt -0.156328 1.654144
vt -0.149506 1.728189
vt 1.049802 1.505270
vt 1.046450 1.505775
vt -0.151147 1.503190
vt -0.128048 1.397865
vt -0.241794 0.726497
vt -0.220764 0.954763
vt -0.224687 0.955779
vt -0.245811 0.726497
vt 1.085757 1.267639
vt -0.163539 1.309780
vt -0.166804 1.310467
vt 1.081671 1.138928
vt 1.084712 1.138351
vt -0.174957 1.126987
vt 1.081618 1.078496
vt 1.078696 1.077415
vt -0.209301 1.013748
vt -0.196412 1.046357
vt 1.090753 1.048024
vt 1.100829 1.014173
vt 1.093826 1.048673
vt -0.222494 0.963822
vt 1.328963 0.726497
vt 0.271477 1.728189
vt 1.040773 1.728189
vt 0.616493 1.728189
vt 1.132987 0.726497
vn 0.9958 0.0917 0.0000
vn 0.7253 -0.0922 0.6823
vn 0.7796 0.0534 0.6240
vn 0.7223 -0.0920 0.6855
vn 0.0001 0.0918 0.9958
vn 0.0001 0.0917 0.9958
vn -0.0000 0.0917 0.9958
vn -1.0000 0.0000 0.0000
vn -0.0000 0.0000 -1.0000
vn -0.9958 -0.0916 -0.0000
vn -0.0000 0.7505 -0.6609
vn 0.0000 0.7260 -0.6877
vn 0.0002 0.7505 -0.6609
vn 0.0000 1.0000 0.0000
vn -0.0000 0.7324 -0.6809
vn -0.9958 -0.0917 0.0000
vn 0.9958 0.0916 0.0000
vn -0.0000 -0.0000 1.0000
vn 0.8935 0.0177 0.4487
vn 0.8956 0.0180 0.4445
vn 0.9027 -0.0381 0.4286
vn 0.9006 -0.0377 0.4330
vn 0.6447 0.3281 0.6905
vn 0.6463 0.3281 0.6889
vn 0.7183 -0.0325 0.6950
vn 0.7156 -0.0325 0.6978
vn 0.8623 0.0307 0.5054
vn 0.8510 0.0329 0.5241
vn 0.7527 0.2751 0.5982
vn 0.6927 0.2765 0.6661
vn 0.7086 0.1769 0.6831
vn 0.7402 0.1542 0.6545
vn 0.7563 0.1531 0.6361
vn 0.7559 0.1537 0.6364
vn 0.7398 0.1545 0.6549
vn 0.7442 0.3781 0.5506
vn 0.7474 0.3779 0.5464
vn 0.6586 0.2418 0.7126
vn 0.6721 0.2416 0.7000
vn 0.0002 0.0918 0.9958
vn 0.0004 0.0918 0.9958
vn 0.9958 0.0917 0.0002
vn 0.9958 0.0917 0.0001
vn 0.0004 0.0917 0.9958
vn 0.0000 0.0918 0.9958
usemtl sandstone
s 1
f 5448/10293/2256 5455/10294/2256 5435/10295/2256
f 5432/10296/2257 5424/10297/2258 5430/10298/2259
f 5443/10299/2260 5427/10300/2261 5398/10301/2262
f 5396/10302/2263 5400/10303/2263 5402/10304/2263 5398/10305/2263
f 5400/10306/2264 5403/10307/2264 5399/10308/2264 5402/10309/2264
f 5403/10310/2265 5401/10311/2265 5404/10312/2265 5399/10313/2265
f 5397/10314/2266 5395/10315/2267 5404/10316/2267 5401/10317/2268
f 5415/10318/2269 5405/10319/2269 5407/10320/2269 5412/10321/2269
f 5405/10319/2269 5415/10318/2269 5413/10322/2270 5408/10323/2270
f 5405/10324/2271 5408/10325/2271 5406/10326/2271 5409/10327/2271
f 5407/10328/2264 5405/10329/2264 5409/10330/2264 5410/10331/2264
f 5412/10332/2263 5407/10333/2263 5410/10334/2263 5414/10335/2263
f 5413/10336/2272 5415/10337/2272 5411/10338/2272 5416/10339/2272
f 5415/10340/2273 5412/10341/2273 5414/10342/2273 5411/10343/2273
f 5406/10344/2267 5408/10323/2270 5413/10322/2270 5416/10345/2267
f 5403/10346/2269 5400/10347/2269 5396/10348/2269
f 5426/10349/2274 5436/10350/2275 5459/10351/2276 5451/10352/2277
f 5444/10353/2278 5446/10354/2279 5434/10355/2280 5428/10356/2281
f 5451/10352/2277 5459/10351/2276 5457/10357/2282 5453/10358/2283
f 5432/10296/2257 5430/10298/2259 5428/10359/2281 5434/10360/2280
f 5463/10361/2284 5465/10362/2285 5439/10363/2286
f 5454/10364/2287 5456/10365/2288 5447/10366/2289 5441/10367/2290
f 5436/10350/2275 5426/10349/2274 5467/10368/2291 5461/10369/2292
f 5461/10369/2292 5467/10368/2291 5465/10370/2285 5463/10371/2284
f 5442/10372/2293 5449/10373/2294 5446/10354/2279 5444/10353/2278
f 5417/10374/2269 5418/10375/2269 5419/10376/2269
f 5422/10377/2256 5423/10378/2295 5424/10379/2258
f 5437/10380/2296 5438/10381/2297 5439/10363/2286
f 5440/10382/2260 5441/10383/2290 5442/10372/2293
f 5447/10366/2289 5448/10293/2256 5449/10384/2294
f 5452/10385/2260 5453/10386/2283 5454/10387/2287
f 5455/10294/2256 5456/10365/2288 5457/10357/2282
f 5417/10388/2261 5423/10389/2295 5422/10390/2256 5418/10391/2272
f 5428/10356/2281 5430/10392/2259 5429/10393/2261 5427/10300/2261
f 5430/10392/2259 5424/10379/2258 5423/10378/2295 5429/10393/2261
f 5424/10297/2258 5432/10296/2257 5431/10394/2298 5422/10390/2256
f 5432/10296/2257 5434/10360/2280 5433/10395/2256 5431/10394/2298
f 5420/10396/2297 5438/10397/2297 5437/10398/2296 5421/10399/2299
f 5443/10299/2260 5440/10382/2260 5442/10372/2293 5444/10353/2278
f 5441/10383/2290 5447/10400/2289 5449/10373/2294 5442/10372/2293
f 5448/10293/2256 5445/10401/2256 5446/10402/2279 5449/10384/2294
f 5444/10353/2278 5428/10356/2281 5427/10300/2261 5443/10299/2260
f 5445/10401/2256 5433/10395/2256 5434/10360/2280 5446/10402/2279
f 5452/10385/2260 5450/10403/2260 5451/10404/2277 5453/10386/2283
f 5458/10405/2256 5455/10294/2256 5457/10357/2282 5459/10351/2276
f 5456/10365/2288 5454/10364/2287 5453/10358/2283 5457/10357/2282
f 5426/10406/2274 5451/10404/2277 5450/10403/2260 5425/10407/2261
f 5454/10387/2287 5441/10383/2290 5440/10382/2260 5452/10385/2260
f 5435/10295/2256 5458/10405/2256 5459/10351/2276 5436/10350/2275
f 5455/10294/2256 5448/10293/2256 5447/10366/2289 5456/10365/2288
f 5462/10408/2256 5460/10409/2256 5461/10369/2292 5463/10371/2284
f 5466/10410/2300 5464/10411/2262 5465/10362/2285 5467/10412/2291
f 5438/10397/2297 5462/10408/2256 5463/10371/2284 5439/10413/2286
f 5464/10411/2262 5437/10380/2296 5439/10363/2286 5465/10362/2285
f 5460/10409/2256 5435/10295/2256 5436/10350/2275 5461/10369/2292
f 5425/10407/2261 5466/10410/2300 5467/10412/2291 5426/10406/2274
f 5397/10314/2266 5403/10346/2269 5418/10375/2269
f 5395/10414/2256 5397/10415/2256 5435/10295/2256
f 5397/10415/2256 5418/10391/2272 5422/10390/2256
f 5433/10395/2256 5397/10415/2256 5431/10394/2298
f 5422/10390/2256 5431/10394/2298 5397/10415/2256
f 5433/10395/2256 5445/10401/2256 5435/10295/2256
f 5445/10401/2256 5448/10293/2256 5435/10295/2256
f 5438/10397/2297 5420/10396/2297 5435/10295/2256
f 5420/10396/2297 5395/10414/2256 5435/10295/2256
f 5460/10409/2256 5462/10408/2256 5438/10397/2297
f 5455/10294/2256 5458/10405/2256 5435/10295/2256
f 5435/10295/2256 5460/10409/2256 5438/10397/2297
f 5397/10415/2256 5433/10395/2256 5435/10295/2256
f 5423/10378/2295 5417/10416/2261 5396/10417/2262
f 5396/10417/2262 5398/10301/2262 5427/10300/2261
f 5398/10301/2262 5421/10418/2299 5437/10380/2296
f 5425/10407/2261 5398/10301/2262 5466/10410/2300
f 5437/10380/2296 5464/10411/2262 5398/10301/2262
f 5464/10411/2262 5466/10410/2300 5398/10301/2262
f 5425/10407/2261 5450/10403/2260 5398/10301/2262
f 5450/10403/2260 5452/10385/2260 5398/10301/2262
f 5452/10385/2260 5440/10382/2260 5398/10301/2262
f 5440/10382/2260 5443/10299/2260 5398/10301/2262
f 5427/10300/2261 5429/10393/2261 5396/10417/2262
f 5429/10393/2261 5423/10378/2295 5396/10417/2262
f 5396/10348/2269 5417/10374/2269 5403/10346/2269
f 5417/10374/2269 5419/10376/2269 5403/10346/2269
f 5401/10317/2268 5403/10346/2269 5397/10314/2266
f 5403/10346/2269 5419/10376/2269 5418/10375/2269
o Mesh.015_Cube.035
v 6.410043 0.010000 -8.089266
v 6.400043 0.000000 -8.089266
v 6.400043 0.010000 -8.099266
v 6.410043 0.010000 7.702879
v 6.400043 0.010000 7.712880
v 6.400043 0.000000 7.702879
v 3.266656 0.000000 7.702879
v 3.266656 0.010000 7.712880
v 3.266656 0.010000 -8.099266
v 3.266656 0.000000 -8.089266
v 6.410043 0.050000 -8.089266
v 6.400043 0.050000 -8.099266
v 6.400043 0.060000 -8.089266
v 6.410043 0.050000 7.702879
v 6.400043 0.060000 7.702879
v 6.400043 0.050000 7.712880
v 3.266656 0.050000 7.712880
v 3.266656 0.060000 7.702879
v 3.266656 0.060000 -8.089266
v 3.266656 0.050000 -8.099266
vt 0.173334 0.727497
vt 0.173334 0.731497
vt -0.140004 0.731497
vt -0.140004 0.727497
vt 1.330404 -0.140004
vt 1.330404 0.173334
vt -0.248811 0.173334
vt -0.248811 -0.140004
vt 1.140004 0.727497
vt 1.140004 0.731497
vt 0.826666 0.731497
vt 0.826666 0.727497
vt -0.330404 -0.140004
vt 1.248811 -0.140004
vt 1.248811 0.173334
vt -0.330404 0.173334
vt -0.330404 -0.141004
vt -0.331404 -0.140004
vt 1.248811 -0.141004
vt 1.249811 -0.140004
vt 1.330404 -0.141004
vt 1.331404 -0.140004
vt -0.248811 -0.141004
vt -0.249811 -0.140004
vt 1.249811 0.173334
vt -0.331404 0.173334
vt -0.249811 0.173334
vt 1.331404 0.173334
vt 1.141004 0.727497
vt 1.141004 0.731497
vt 1.331404 0.727497
vt 1.331404 0.731497
vt 1.330404 0.731497
vt 1.330404 0.727497
vt -0.248811 0.731497
vt -0.248811 0.727497
vn 0.0000 -0.0476 -0.9989
vn -0.0000 0.0476 -0.9989
vn 0.0001 0.0476 -0.9989
vn 0.0002 -0.0476 -0.9989
vn 0.0006 1.0000 -0.0000
vn 0.0000 1.0000 -0.0001
vn 0.0003 1.0000 0.0001
vn 0.0006 1.0000 0.0001
vn 0.0001 -0.0476 0.9989
vn 0.0002 0.0476 0.9989
vn 0.0000 0.0476 0.9989
vn 0.0006 -1.0000 -0.0001
vn 0.0006 -1.0000 0.0000
vn 0.0000 -1.0000 0.0001
vn -0.0002 -1.0000 -0.0001
vn 0.9989 -0.0475 -0.0000
vn 0.9989 -0.0476 0.0000
vn 0.9989 0.0476 -0.0000
vn 0.9989 0.0475 0.0000
usemtl sandstone
s 1
f 5476/10419/2301 5487/10420/2302 5479/10421/2303 5470/10422/2304
f 5480/10423/2305 5486/10424/2306 5485/10425/2307 5482/10426/2308
f 5472/10427/2309 5483/10428/2310 5484/10429/2311 5475/10430/2309
f 5469/10431/2312 5473/10432/2313 5474/10433/2314 5477/10434/2315
f 5468/10435/2316 5469/10431/2312 5470/10436/2304
f 5471/10437/2317 5472/10438/2309 5473/10432/2313
f 5478/10439/2318 5479/10440/2303 5480/10423/2305
f 5481/10441/2319 5482/10426/2308 5483/10442/2310
f 5468/10435/2316 5471/10437/2317 5473/10432/2313 5469/10431/2312
f 5472/10438/2309 5475/10443/2309 5474/10433/2314 5473/10432/2313
f 5476/10444/2301 5470/10436/2304 5469/10431/2312 5477/10434/2315
f 5480/10423/2305 5482/10426/2308 5481/10441/2319 5478/10439/2318
f 5482/10426/2308 5485/10425/2307 5484/10445/2311 5483/10442/2310
f 5486/10424/2306 5480/10423/2305 5479/10440/2303 5487/10446/2302
f 5483/10428/2310 5472/10427/2309 5471/10447/2317 5481/10448/2319
f 5470/10449/2304 5479/10450/2303 5478/10451/2318 5468/10452/2316
f 5468/10452/2316 5478/10451/2318 5481/10453/2319 5471/10454/2317
o Mesh.047_Cube.081
v 5.495030 10.381510 6.030278
v 5.514428 10.406380 6.025995
v 5.495029 10.402094 6.050862
v 5.495030 10.381510 5.959563
v 5.495029 10.402094 5.938979
v 5.514428 10.406380 5.963846
v 5.495030 10.493458 5.959563
v 5.514428 10.468588 5.963846
v 5.495029 10.472874 5.938979
v 5.495030 10.493458 6.030278
v 5.495029 10.472874 6.050862
v 5.514428 10.468588 6.025995
v 5.349720 10.345029 6.066737
v 5.349720 10.365613 6.087321
v 5.349720 10.365613 5.902520
v 5.349720 10.345029 5.923104
v 5.349720 10.529939 5.923104
v 5.349720 10.509355 5.902520
v 5.349720 10.509355 6.087321
v 5.349720 10.529939 6.066737
v 5.495030 10.381510 5.030278
v 5.514428 10.406380 5.025995
v 5.495029 10.402094 5.050862
v 5.495030 10.381510 4.959562
v 5.495029 10.402094 4.938979
v 5.514428 10.406380 4.963846
v 5.495030 10.493458 4.959562
v 5.514428 10.468588 4.963846
v 5.495029 10.472874 4.938979
v 5.495030 10.493458 5.030278
v 5.495029 10.472874 5.050862
v 5.514428 10.468588 5.025995
v 5.349720 10.345029 5.066737
v 5.349720 10.365613 5.087321
v 5.349720 10.365613 4.902520
v 5.349720 10.345029 4.923103
v 5.349720 10.529939 4.923103
v 5.349720 10.509355 4.902520
v 5.349720 10.509355 5.087321
v 5.349720 10.529939 5.066737
v 5.495030 10.381510 4.030278
v 5.514428 10.406380 4.025995
v 5.495029 10.402094 4.050862
v 5.495030 10.381510 3.959562
v 5.495029 10.402094 3.938978
v 5.514428 10.406380 3.963846
v 5.495030 10.493458 3.959562
v 5.514428 10.468588 3.963846
v 5.495029 10.472874 3.938978
v 5.495030 10.493458 4.030278
v 5.495029 10.472874 4.050862
v 5.514428 10.468588 4.025995
v 5.349720 10.345029 4.066737
v 5.349720 10.365613 4.087321
v 5.349720 10.365613 3.902520
v 5.349720 10.345029 3.923103
v 5.349720 10.529939 3.923103
v 5.349720 10.509355 3.902520
v 5.349720 10.509355 4.087321
v 5.349720 10.529939 4.066737
v 5.495030 10.381510 3.030278
v 5.514428 10.406380 3.025995
v 5.495029 10.402094 3.050862
v 5.495030 10.381510 2.959562
v 5.495029 10.402094 2.938978
v 5.514428 10.406380 2.963846
v 5.495030 10.493458 2.959562
v 5.514428 10.468588 2.963846
v 5.495029 10.472874 2.938978
v 5.495030 10.493458 3.030278
v 5.495029 10.472874 3.050862
v 5.514428 10.468588 3.025995
v 5.349720 10.345029 3.066737
v 5.349720 10.365613 3.087321
v 5.349720 10.365613 2.902520
v 5.349720 10.345029 2.923103
v 5.349720 10.529939 2.923103
v 5.349720 10.509355 2.902520
v 5.349720 10.509355 3.087321
v 5.349720 10.529939 3.066737
v 2.658608 10.381510 6.790673
v 2.662892 10.406380 6.810071
v 2.638025 10.402094 6.790672
v 2.729324 10.381510 6.790673
v 2.749908 10.402094 6.790672
v 2.725041 10.406380 6.810071
v 2.729324 10.493458 6.790673
v 2.725041 10.468588 6.810071
v 2.749908 10.472874 6.790672
v 2.658608 10.493458 6.790673
v 2.638025 10.472874 6.790672
v 2.662892 10.468588 6.810071
v 2.622150 10.345029 6.645362
v 2.601566 10.365613 6.645362
v 2.786367 10.365613 6.645362
v 2.765784 10.345029 6.645362
v 2.765784 10.529939 6.645362
v 2.786367 10.509355 6.645362
v 2.601566 10.509355 6.645362
v 2.622150 10.529939 6.645362
v 3.658608 10.381510 6.790673
v 3.662892 10.406380 6.810071
v 3.638025 10.402094 6.790672
v 3.729324 10.381510 6.790673
v 3.749908 10.402094 6.790672
v 3.725041 10.406380 6.810071
v 3.729324 10.493458 6.790673
v 3.725041 10.468588 6.810071
v 3.749908 10.472874 6.790672
v 3.658608 10.493458 6.790673
v 3.638025 10.472874 6.790672
v 3.662892 10.468588 6.810071
v 3.622150 10.345029 6.645362
v 3.601566 10.365613 6.645362
v 3.786367 10.365613 6.645362
v 3.765784 10.345029 6.645362
v 3.765784 10.529939 6.645362
v 3.786367 10.509355 6.645362
v 3.601566 10.509355 6.645362
v 3.622150 10.529939 6.645362
v 4.658608 10.381510 6.790673
v 4.662891 10.406380 6.810071
v 4.638024 10.402094 6.790672
v 4.729324 10.381510 6.790673
v 4.749907 10.402094 6.790672
v 4.725040 10.406380 6.810071
v 4.729324 10.493458 6.790673
v 4.725040 10.468588 6.810071
v 4.749907 10.472874 6.790672
v 4.658608 10.493458 6.790673
v 4.638024 10.472874 6.790672
v 4.662891 10.468588 6.810071
v 4.622149 10.345029 6.645362
v 4.601566 10.365613 6.645362
v 4.786367 10.365613 6.645362
v 4.765783 10.345029 6.645362
v 4.765783 10.529939 6.645362
v 4.786367 10.509355 6.645362
v 4.601566 10.509355 6.645362
v 4.622149 10.529939 6.645362
vt -0.085197 -0.034972
vt -0.081551 -0.049503
vt -0.074479 -0.049503
vt -0.070833 -0.034972
vt -0.081123 1.773356
vt -0.081123 1.767135
vt -0.074908 1.767135
vt -0.074908 1.773356
vt 0.970833 -0.034972
vt 0.974479 -0.049503
vt 0.981551 -0.049503
vt 0.985197 -0.034972
vt 1.034972 1.763059
vt 1.049503 1.766707
vt 1.049503 1.773785
vt 1.034972 1.777433
vt -0.034972 1.777433
vt -0.049503 1.773785
vt -0.049503 1.766707
vt -0.034972 1.763059
vt 0.014803 -0.034972
vt 0.018449 -0.049503
vt 0.025521 -0.049503
vt 0.029167 -0.034972
vt 0.018878 1.773356
vt 0.018878 1.767135
vt 0.025092 1.767135
vt 0.025092 1.773356
vt 0.870833 -0.034972
vt 0.874479 -0.049503
vt 0.881551 -0.049503
vt 0.885197 -0.034972
vt 1.034972 1.763059
vt 1.049503 1.766707
vt 1.049503 1.773785
vt 1.034972 1.777433
vt -0.034972 1.777433
vt -0.049503 1.773785
vt -0.049503 1.766707
vt -0.034972 1.763059
vt 0.114803 -0.034972
vt 0.118449 -0.049503
vt 0.125521 -0.049503
vt 0.129167 -0.034972
vt 0.118877 1.773356
vt 0.118877 1.767135
vt 0.125092 1.767135
vt 0.125092 1.773356
vt 0.770833 -0.034972
vt 0.774479 -0.049503
vt 0.781551 -0.049503
vt 0.785197 -0.034972
vt 1.034972 1.763059
vt 1.049503 1.766707
vt 1.049503 1.773785
vt 1.034972 1.777433
vt -0.034972 1.777433
vt -0.049503 1.773785
vt -0.049503 1.766707
vt -0.034972 1.763059
vt 0.214803 -0.034972
vt 0.218449 -0.049503
vt 0.225521 -0.049503
vt 0.229167 -0.034972
vt 0.218877 1.773356
vt 0.218877 1.767135
vt 0.225092 1.767135
vt 0.225092 1.773356
vt 1.143059 0.223421
vt 1.157590 0.227067
vt 1.157590 0.234139
vt 1.143059 0.237785
vt 1.034972 1.763059
vt 1.049503 1.766707
vt 1.049503 1.773785
vt 1.034972 1.777433
vt -0.034972 1.777433
vt -0.049503 1.773785
vt -0.049503 1.766707
vt -0.034972 1.763059
vt -0.143059 0.237785
vt -0.157590 0.234139
vt -0.157590 0.227068
vt -0.143059 0.223422
vt 0.766289 1.773356
vt 0.766289 1.767135
vt 0.772504 1.767135
vt 0.772504 1.773356
vt 1.143059 0.123421
vt 1.157590 0.127067
vt 1.157590 0.134139
vt 1.143059 0.137785
vt 1.143059 1.763059
vt 1.157590 1.766707
vt 1.157590 1.773785
vt 1.143059 1.777433
vt -0.143059 1.777433
vt -0.157590 1.773785
vt -0.157590 1.766707
vt -0.143059 1.763059
vt -0.143059 0.137785
vt -0.157590 0.134139
vt -0.157590 0.127068
vt -0.143059 0.123422
vt 0.866289 1.773356
vt 0.866289 1.767135
vt 0.872504 1.767135
vt 0.872504 1.773356
vt 1.143059 0.023422
vt 1.157590 0.027067
vt 1.157590 0.034139
vt 1.143059 0.037785
vt 1.143059 1.763059
vt 1.157590 1.766707
vt 1.157590 1.773785
vt 1.143059 1.777433
vt -0.143059 1.777433
vt -0.157590 1.773785
vt -0.157590 1.766707
vt -0.143059 1.763059
vt -0.143059 0.037785
vt -0.157590 0.034139
vt -0.157590 0.027068
vt -0.143059 0.023422
vt 0.966289 1.773356
vt 0.966289 1.767135
vt 0.972504 1.767135
vt 0.972504 1.773356
vt 1.143059 1.763059
vt 1.157590 1.766707
vt 1.157590 1.773785
vt 1.143059 1.777433
vt -0.143059 1.777433
vt -0.157590 1.773785
vt -0.157590 1.766707
vt -0.143059 1.763059
vt -0.081551 1.764648
vt -0.083609 1.766707
vt -0.074479 1.764648
vt -0.072421 1.766707
vt -0.074479 1.775843
vt -0.072421 1.773785
vt -0.081551 1.775843
vt -0.083609 1.773785
vt 0.018449 1.764648
vt 0.016391 1.766707
vt 0.025521 1.764648
vt 0.027579 1.766707
vt 0.025521 1.775843
vt 0.027579 1.773785
vt 0.018449 1.775843
vt 0.016391 1.773785
vt 0.118449 1.764648
vt 0.116391 1.766707
vt 0.125521 1.764648
vt 0.127579 1.766707
vt 0.125521 1.775843
vt 0.127579 1.773785
vt 0.118449 1.775843
vt 0.116391 1.773785
vt 0.218449 1.764648
vt 0.216391 1.766707
vt 0.225521 1.764648
vt 0.227579 1.766707
vt 0.225521 1.775843
vt 0.227579 1.773785
vt 0.218449 1.775843
vt 0.216391 1.773785
vt 0.765861 1.764648
vt 0.763802 1.766707
vt 0.772932 1.764648
vt 0.774991 1.766707
vt 0.772932 1.775843
vt 0.774991 1.773785
vt 0.765861 1.775843
vt 0.763802 1.773785
vt 0.865861 1.764648
vt 0.863802 1.766707
vt 0.872932 1.764648
vt 0.874991 1.766707
vt 0.872932 1.775843
vt 0.874991 1.773785
vt 0.865861 1.775843
vt 0.863802 1.773785
vt 0.965861 1.764648
vt 0.963802 1.766707
vt 0.972932 1.764648
vt 0.974991 1.766707
vt 0.972932 1.775843
vt 0.974991 1.773785
vt 0.965861 1.775843
vt 0.963802 1.773785
vt 1.049503 1.775843
vt 1.034972 1.779491
vt -0.034972 1.779491
vt -0.049503 1.775843
vt -0.049503 1.764648
vt -0.034972 1.761000
vt 1.034972 1.761000
vt 1.049503 1.764648
vt 1.049503 1.775843
vt 1.034972 1.779491
vt -0.034972 1.779491
vt -0.049503 1.775843
vt -0.049503 1.764648
vt -0.034972 1.761000
vt 1.034972 1.761000
vt 1.049503 1.764648
vt 1.049503 1.775843
vt 1.034972 1.779491
vt -0.034972 1.779491
vt -0.049503 1.775843
vt -0.049503 1.764648
vt -0.034972 1.761000
vt 1.034972 1.761000
vt 1.049503 1.764648
vt 1.049503 1.775843
vt 1.034972 1.779491
vt -0.034972 1.779491
vt -0.049503 1.775843
vt -0.049503 1.764648
vt -0.034972 1.761000
vt 1.034972 1.761000
vt 1.049503 1.764648
vt 1.157591 1.775843
vt 1.143059 1.779491
vt -0.143059 1.779491
vt -0.157590 1.775843
vt -0.157590 1.764648
vt -0.143059 1.761000
vt 1.143059 1.761000
vt 1.157591 1.764648
vt 1.157591 1.775843
vt 1.143059 1.779491
vt -0.143059 1.779491
vt -0.157590 1.775843
vt -0.157590 1.764648
vt -0.143059 1.761000
vt 1.143059 1.761000
vt 1.157591 1.764648
vt 1.157591 1.775843
vt 1.143059 1.779491
vt -0.143059 1.779491
vt -0.157590 1.775843
vt -0.157590 1.764648
vt -0.143059 1.761000
vt 1.143059 1.761000
vt 1.157591 1.764648
vt 1.070833 -0.034972
vt 1.074479 -0.049503
vt 1.081551 -0.049503
vt 1.085197 -0.034972
vn 0.2517 0.9671 0.0358
vn 0.2689 0.9625 0.0373
vn 0.2689 0.9625 -0.0373
vn 0.2518 0.9671 -0.0358
vn 0.9625 0.1917 0.1919
vn 0.9625 -0.1917 0.1919
vn 0.9625 -0.1917 -0.1919
vn 0.9625 0.1917 -0.1919
vn 0.2519 -0.9671 -0.0357
vn 0.2689 -0.9625 -0.0373
vn 0.2689 -0.9625 0.0373
vn 0.2518 -0.9671 0.0358
vn 0.2517 -0.0357 0.9672
vn 0.2687 -0.0373 0.9625
vn 0.2687 0.0373 0.9625
vn 0.2516 0.0357 0.9672
vn 0.2517 0.0357 -0.9672
vn 0.2687 0.0373 -0.9625
vn 0.2687 -0.0373 -0.9625
vn 0.2516 -0.0357 -0.9672
vn 0.2519 0.9671 0.0357
vn 0.2518 0.9671 -0.0357
vn 0.0357 -0.9671 0.2519
vn 0.0373 -0.9625 0.2689
vn -0.0373 -0.9625 0.2689
vn -0.0357 -0.9671 0.2518
vn -0.0358 0.9671 0.2517
vn -0.0373 0.9625 0.2689
vn 0.0373 0.9625 0.2689
vn 0.0357 0.9671 0.2518
vn -0.1919 0.1917 0.9625
vn -0.1919 -0.1917 0.9625
vn 0.1919 -0.1917 0.9625
vn 0.1919 0.1917 0.9625
vn -0.0358 -0.9671 0.2518
vn -0.9672 -0.0358 0.2515
vn -0.9625 -0.0373 0.2687
vn -0.9625 0.0373 0.2687
vn -0.9672 0.0358 0.2516
vn 0.9672 0.0358 0.2515
vn 0.9625 0.0373 0.2687
vn 0.9625 -0.0373 0.2687
vn 0.9672 -0.0357 0.2516
vn 0.0358 -0.9671 0.2518
vn -0.0373 -0.9625 0.2688
vn -0.9672 -0.0357 0.2517
vn -0.9672 0.0357 0.2516
vn 0.9672 0.0357 0.2517
vn -0.0358 0.9671 0.2518
vn 0.0358 0.9671 0.2518
vn 0.9672 0.0358 0.2516
vn 0.2688 -0.9625 0.0373
vn 0.2518 -0.9671 -0.0358
usemtl sandstone
s 1
f 5507/10455/2320 5497/10456/2321 5494/10457/2322 5504/10458/2323
f 5499/10459/2324 5489/10460/2325 5493/10461/2326 5495/10462/2327
f 5523/10463/2328 5511/10464/2329 5508/10465/2330 5520/10466/2331
f 5501/10467/2332 5490/10468/2333 5498/10469/2334 5506/10470/2335
f 5505/10471/2336 5496/10472/2337 5492/10473/2338 5502/10474/2339
f 5527/10475/2340 5517/10476/2321 5514/10477/2322 5524/10478/2341
f 5519/10479/2324 5509/10480/2325 5513/10481/2326 5515/10482/2327
f 5543/10483/2328 5531/10484/2329 5528/10485/2330 5540/10486/2331
f 5521/10487/2332 5510/10488/2333 5518/10489/2334 5526/10490/2335
f 5525/10491/2336 5516/10492/2337 5512/10493/2338 5522/10494/2339
f 5547/10495/2340 5537/10496/2321 5534/10497/2322 5544/10498/2341
f 5539/10499/2324 5529/10500/2325 5533/10501/2326 5535/10502/2327
f 5563/10503/2328 5551/10504/2329 5548/10505/2330 5560/10506/2331
f 5541/10507/2332 5530/10508/2333 5538/10509/2334 5546/10510/2335
f 5545/10511/2336 5536/10512/2337 5532/10513/2338 5542/10514/2339
f 5567/10515/2340 5557/10516/2321 5554/10517/2322 5564/10518/2341
f 5559/10519/2324 5549/10520/2325 5553/10521/2326 5555/10522/2327
f 5583/10523/2342 5571/10524/2343 5568/10525/2344 5580/10526/2345
f 5561/10527/2332 5550/10528/2333 5558/10529/2334 5566/10530/2335
f 5565/10531/2336 5556/10532/2337 5552/10533/2338 5562/10534/2339
f 5587/10535/2346 5577/10536/2347 5574/10537/2348 5584/10538/2349
f 5579/10539/2350 5569/10540/2351 5573/10541/2352 5575/10542/2353
f 5603/10543/2342 5591/10544/2343 5588/10545/2344 5600/10546/2354
f 5581/10547/2355 5570/10548/2356 5578/10549/2357 5586/10550/2358
f 5585/10551/2359 5576/10552/2360 5572/10553/2361 5582/10554/2362
f 5607/10555/2346 5597/10556/2347 5594/10557/2348 5604/10558/2349
f 5599/10559/2350 5589/10560/2351 5593/10561/2352 5595/10562/2353
f 5623/10563/2363 5611/10564/2343 5608/10565/2364 5620/10566/2354
f 5601/10567/2365 5590/10568/2356 5598/10569/2357 5606/10570/2366
f 5605/10571/2367 5596/10572/2360 5592/10573/2361 5602/10574/2362
f 5627/10575/2368 5617/10576/2347 5614/10577/2348 5624/10578/2369
f 5619/10579/2350 5609/10580/2351 5613/10581/2352 5615/10582/2353
f 5621/10583/2365 5610/10584/2356 5618/10585/2357 5626/10586/2358
f 5625/10587/2370 5616/10588/2360 5612/10589/2361 5622/10590/2362
f 5488/10591/2371 5489/10460/2325 5490/10592/2333
f 5491/10593/2329 5492/10594/2338 5493/10461/2326
f 5494/10595/2322 5495/10462/2327 5496/10596/2337
f 5497/10597/2321 5498/10598/2334 5499/10459/2324
f 5508/10599/2330 5509/10480/2325 5510/10600/2333
f 5511/10601/2329 5512/10602/2338 5513/10481/2326
f 5514/10603/2322 5515/10482/2327 5516/10604/2337
f 5517/10605/2321 5518/10606/2334 5519/10479/2324
f 5528/10607/2330 5529/10500/2325 5530/10608/2333
f 5531/10609/2329 5532/10610/2338 5533/10501/2326
f 5534/10611/2322 5535/10502/2327 5536/10612/2337
f 5537/10613/2321 5538/10614/2334 5539/10499/2324
f 5548/10615/2330 5549/10520/2325 5550/10616/2333
f 5551/10617/2329 5552/10618/2338 5553/10521/2326
f 5554/10619/2322 5555/10522/2327 5556/10620/2337
f 5557/10621/2321 5558/10622/2334 5559/10519/2324
f 5568/10623/2344 5569/10540/2351 5570/10624/2356
f 5571/10625/2343 5572/10626/2361 5573/10541/2352
f 5574/10627/2348 5575/10542/2353 5576/10628/2360
f 5577/10629/2347 5578/10630/2357 5579/10539/2350
f 5588/10631/2344 5589/10560/2351 5590/10632/2356
f 5591/10633/2343 5592/10634/2361 5593/10561/2352
f 5594/10635/2348 5595/10562/2353 5596/10636/2360
f 5597/10637/2347 5598/10638/2357 5599/10559/2350
f 5608/10639/2364 5609/10580/2351 5610/10640/2356
f 5611/10641/2343 5612/10642/2361 5613/10581/2352
f 5614/10643/2348 5615/10582/2353 5616/10644/2360
f 5617/10645/2347 5618/10646/2357 5619/10579/2350
f 5497/10647/2321 5507/10648/2320 5506/10470/2335 5498/10469/2334
f 5504/10649/2323 5494/10650/2322 5496/10472/2337 5505/10471/2336
f 5491/10651/2329 5503/10652/2372 5502/10474/2339 5492/10473/2338
f 5500/10653/2331 5488/10654/2371 5490/10468/2333 5501/10467/2332
f 5495/10462/2327 5493/10461/2326 5492/10594/2338 5496/10596/2337
f 5498/10598/2334 5490/10592/2333 5489/10460/2325 5499/10459/2324
f 5493/10461/2326 5489/10460/2325 5488/10591/2371 5491/10593/2329
f 5499/10459/2324 5495/10462/2327 5494/10595/2322 5497/10597/2321
f 5517/10655/2321 5527/10656/2340 5526/10490/2335 5518/10489/2334
f 5524/10657/2341 5514/10658/2322 5516/10492/2337 5525/10491/2336
f 5511/10659/2329 5523/10660/2328 5522/10494/2339 5512/10493/2338
f 5520/10661/2331 5508/10662/2330 5510/10488/2333 5521/10487/2332
f 5515/10482/2327 5513/10481/2326 5512/10602/2338 5516/10604/2337
f 5518/10606/2334 5510/10600/2333 5509/10480/2325 5519/10479/2324
f 5513/10481/2326 5509/10480/2325 5508/10599/2330 5511/10601/2329
f 5519/10479/2324 5515/10482/2327 5514/10603/2322 5517/10605/2321
f 5537/10663/2321 5547/10664/2340 5546/10510/2335 5538/10509/2334
f 5544/10665/2341 5534/10666/2322 5536/10512/2337 5545/10511/2336
f 5531/10667/2329 5543/10668/2328 5542/10514/2339 5532/10513/2338
f 5540/10669/2331 5528/10670/2330 5530/10508/2333 5541/10507/2332
f 5535/10502/2327 5533/10501/2326 5532/10610/2338 5536/10612/2337
f 5538/10614/2334 5530/10608/2333 5529/10500/2325 5539/10499/2324
f 5533/10501/2326 5529/10500/2325 5528/10607/2330 5531/10609/2329
f 5539/10499/2324 5535/10502/2327 5534/10611/2322 5537/10613/2321
f 5557/10671/2321 5567/10672/2340 5566/10530/2335 5558/10529/2334
f 5564/10673/2341 5554/10674/2322 5556/10532/2337 5565/10531/2336
f 5551/10675/2329 5563/10676/2328 5562/10534/2339 5552/10533/2338
f 5560/10677/2331 5548/10678/2330 5550/10528/2333 5561/10527/2332
f 5555/10522/2327 5553/10521/2326 5552/10618/2338 5556/10620/2337
f 5558/10622/2334 5550/10616/2333 5549/10520/2325 5559/10519/2324
f 5553/10521/2326 5549/10520/2325 5548/10615/2330 5551/10617/2329
f 5559/10519/2324 5555/10522/2327 5554/10619/2322 5557/10621/2321
f 5577/10679/2347 5587/10680/2346 5586/10550/2358 5578/10549/2357
f 5584/10681/2349 5574/10682/2348 5576/10552/2360 5585/10551/2359
f 5571/10683/2343 5583/10684/2342 5582/10554/2362 5572/10553/2361
f 5580/10685/2345 5568/10686/2344 5570/10548/2356 5581/10547/2355
f 5575/10542/2353 5573/10541/2352 5572/10626/2361 5576/10628/2360
f 5578/10630/2357 5570/10624/2356 5569/10540/2351 5579/10539/2350
f 5573/10541/2352 5569/10540/2351 5568/10623/2344 5571/10625/2343
f 5579/10539/2350 5575/10542/2353 5574/10627/2348 5577/10629/2347
f 5597/10687/2347 5607/10688/2346 5606/10570/2366 5598/10569/2357
f 5604/10689/2349 5594/10690/2348 5596/10572/2360 5605/10571/2367
f 5591/10691/2343 5603/10692/2342 5602/10574/2362 5592/10573/2361
f 5600/10693/2354 5588/10694/2344 5590/10568/2356 5601/10567/2365
f 5595/10562/2353 5593/10561/2352 5592/10634/2361 5596/10636/2360
f 5598/10638/2357 5590/10632/2356 5589/10560/2351 5599/10559/2350
f 5593/10561/2352 5589/10560/2351 5588/10631/2344 5591/10633/2343
f 5599/10559/2350 5595/10562/2353 5594/10635/2348 5597/10637/2347
f 5617/10695/2347 5627/10696/2368 5626/10586/2358 5618/10585/2357
f 5624/10697/2369 5614/10698/2348 5616/10588/2360 5625/10587/2370
f 5611/10699/2343 5623/10700/2363 5622/10590/2362 5612/10589/2361
f 5620/10701/2354 5608/10702/2364 5610/10584/2356 5621/10583/2365
f 5615/10582/2353 5613/10581/2352 5612/10642/2361 5616/10644/2360
f 5618/10646/2357 5610/10640/2356 5609/10580/2351 5619/10579/2350
f 5613/10581/2352 5609/10580/2351 5608/10639/2364 5611/10641/2343
f 5619/10579/2350 5615/10582/2353 5614/10643/2348 5617/10645/2347
f 5503/10703/2372 5491/10704/2329 5488/10705/2371 5500/10706/2331
o Mesh.048_Cube.082
v 5.490692 10.044868 1.989246
v 5.510090 10.069738 1.984963
v 5.490692 10.065453 2.009830
v 5.490692 10.044868 1.925256
v 5.490692 10.065453 1.904672
v 5.510090 10.069738 1.929539
v 5.490692 10.150087 1.925256
v 5.510090 10.125217 1.929539
v 5.490692 10.129503 1.904672
v 5.490692 10.150087 1.989246
v 5.490692 10.129503 2.009830
v 5.510090 10.125217 1.984963
v 5.356226 10.011110 2.022984
v 5.356226 10.031694 2.043568
v 5.356226 10.031694 1.870934
v 5.356226 10.011110 1.891518
v 5.356226 10.183846 1.891518
v 5.356226 10.163261 1.870934
v 5.356226 10.163261 2.043568
v 5.356226 10.183846 2.022984
v 5.555692 9.358869 1.264246
v 5.575090 9.383739 1.259963
v 5.555692 9.379453 1.284830
v 5.555692 9.358869 1.200256
v 5.555692 9.379453 1.179672
v 5.575090 9.383739 1.204539
v 5.555692 9.464087 1.200256
v 5.575090 9.439218 1.204539
v 5.555692 9.443503 1.179672
v 5.555692 9.464087 1.264246
v 5.555692 9.443503 1.284830
v 5.575090 9.439218 1.259963
v 5.421226 9.325110 1.297984
v 5.421226 9.345695 1.318568
v 5.421226 9.345695 1.145934
v 5.421226 9.325110 1.166518
v 5.421226 9.497846 1.166518
v 5.421226 9.477262 1.145934
v 5.421226 9.477262 1.318568
v 5.421226 9.497846 1.297984
v 5.620692 8.672869 0.539246
v 5.640090 8.697739 0.534963
v 5.620692 8.693453 0.559830
v 5.620692 8.672869 0.475256
v 5.620692 8.693453 0.454672
v 5.640090 8.697739 0.479539
v 5.620692 8.778088 0.475256
v 5.640090 8.753218 0.479539
v 5.620692 8.757504 0.454672
v 5.620692 8.778088 0.539246
v 5.620692 8.757504 0.559830
v 5.640090 8.753218 0.534963
v 5.486226 8.639111 0.572984
v 5.486226 8.659695 0.593568
v 5.486226 8.659695 0.420934
v 5.486226 8.639111 0.441518
v 5.486226 8.811846 0.441518
v 5.486226 8.791262 0.420934
v 5.486226 8.791262 0.593568
v 5.486226 8.811846 0.572984
v 5.685692 7.986868 -0.185754
v 5.705091 8.011738 -0.190037
v 5.685692 8.007453 -0.165170
v 5.685692 7.986868 -0.249744
v 5.685692 8.007453 -0.270328
v 5.705091 8.011738 -0.245461
v 5.685692 8.092087 -0.249744
v 5.705091 8.067217 -0.245461
v 5.685692 8.071503 -0.270328
v 5.685692 8.092087 -0.185754
v 5.685692 8.071503 -0.165170
v 5.705091 8.067217 -0.190037
v 5.551226 7.953110 -0.152016
v 5.551226 7.973694 -0.131432
v 5.551226 7.973694 -0.304066
v 5.551226 7.953110 -0.283482
v 5.551226 8.125845 -0.283482
v 5.551226 8.105261 -0.304066
v 5.551226 8.105261 -0.131432
v 5.551226 8.125845 -0.152016
v 5.750692 7.300868 -0.910754
v 5.770090 7.325738 -0.915037
v 5.750691 7.321452 -0.890170
v 5.750692 7.300868 -0.974744
v 5.750691 7.321452 -0.995328
v 5.770090 7.325738 -0.970461
v 5.750692 7.406088 -0.974744
v 5.770090 7.381218 -0.970461
v 5.750691 7.385504 -0.995328
v 5.750692 7.406088 -0.910754
v 5.750691 7.385504 -0.890170
v 5.770090 7.381218 -0.915037
v 5.616226 7.267110 -0.877016
v 5.616226 7.287694 -0.856432
v 5.616226 7.287694 -1.029066
v 5.616226 7.267110 -1.008482
v 5.616226 7.439846 -1.008482
v 5.616226 7.419261 -1.029066
v 5.616226 7.419261 -0.856432
v 5.616226 7.439846 -0.877016
v 5.815692 6.614868 -1.635754
v 5.835090 6.639738 -1.640037
v 5.815691 6.635452 -1.615170
v 5.815692 6.614868 -1.699744
v 5.815691 6.635452 -1.720328
v 5.835090 6.639738 -1.695461
v 5.815692 6.720088 -1.699744
v 5.835090 6.695218 -1.695461
v 5.815691 6.699504 -1.720328
v 5.815692 6.720088 -1.635754
v 5.815691 6.699504 -1.615170
v 5.835090 6.695218 -1.640037
v 5.681226 6.581110 -1.602016
v 5.681226 6.601695 -1.581432
v 5.681226 6.601695 -1.754066
v 5.681226 6.581110 -1.733482
v 5.681226 6.753846 -1.733482
v 5.681226 6.733262 -1.754066
v 5.681226 6.733262 -1.581432
v 5.681226 6.753846 -1.602016
v 5.880692 5.928868 -2.360754
v 5.900090 5.953738 -2.365037
v 5.880692 5.949452 -2.340170
v 5.880692 5.928868 -2.424744
v 5.880692 5.949452 -2.445328
v 5.900090 5.953738 -2.420461
v 5.880692 6.034088 -2.424744
v 5.900090 6.009218 -2.420461
v 5.880692 6.013504 -2.445328
v 5.880692 6.034088 -2.360754
v 5.880692 6.013504 -2.340170
v 5.900090 6.009218 -2.365037
v 5.746226 5.895111 -2.327016
v 5.746226 5.915695 -2.306432
v 5.746226 5.915695 -2.479066
v 5.746226 5.895111 -2.458482
v 5.746226 6.067846 -2.458482
v 5.746226 6.047262 -2.479066
v 5.746226 6.047262 -2.306432
v 5.746226 6.067846 -2.327016
v 5.945692 5.242868 -3.085753
v 5.965090 5.267738 -3.090037
v 5.945692 5.263453 -3.065170
v 5.945692 5.242868 -3.149744
v 5.945692 5.263453 -3.170328
v 5.965090 5.267738 -3.145461
v 5.945692 5.348088 -3.149744
v 5.965090 5.323218 -3.145461
v 5.945692 5.327504 -3.170328
v 5.945692 5.348088 -3.085753
v 5.945692 5.327504 -3.065170
v 5.965090 5.323218 -3.090037
v 5.811226 5.209111 -3.052016
v 5.811226 5.229695 -3.031432
v 5.811226 5.229695 -3.204066
v 5.811226 5.209111 -3.183482
v 5.811226 5.381846 -3.183482
v 5.811226 5.361262 -3.204066
v 5.811226 5.361262 -3.031432
v 5.811226 5.381846 -3.052016
v 6.010692 4.556869 -3.810753
v 6.030090 4.581738 -3.815037
v 6.010692 4.577453 -3.790170
v 6.010692 4.556869 -3.874744
v 6.010692 4.577453 -3.895328
v 6.030090 4.581738 -3.870461
v 6.010692 4.662088 -3.874744
v 6.030090 4.637218 -3.870461
v 6.010692 4.641504 -3.895328
v 6.010692 4.662088 -3.810753
v 6.010692 4.641504 -3.790169
v 6.030090 4.637218 -3.815037
v 5.876226 4.523111 -3.777015
v 5.876226 4.543695 -3.756432
v 5.876226 4.543695 -3.929065
v 5.876226 4.523111 -3.908482
v 5.876226 4.695846 -3.908482
v 5.876226 4.675262 -3.929065
v 5.876226 4.675262 -3.756432
v 5.876226 4.695846 -3.777015
v 6.075692 3.870869 -4.535754
v 6.095090 3.895739 -4.540037
v 6.075692 3.891453 -4.515170
v 6.075692 3.870869 -4.599743
v 6.075692 3.891453 -4.620327
v 6.095090 3.895739 -4.595460
v 6.075692 3.976089 -4.599743
v 6.095090 3.951219 -4.595460
v 6.075692 3.955504 -4.620327
v 6.075692 3.976089 -4.535754
v 6.075692 3.955504 -4.515170
v 6.095090 3.951219 -4.540037
v 5.941226 3.837111 -4.502016
v 5.941226 3.857696 -4.481432
v 5.941226 3.857696 -4.654065
v 5.941226 3.837111 -4.633482
v 5.941226 4.009846 -4.633482
v 5.941226 3.989262 -4.654065
v 5.941226 3.989262 -4.481432
v 5.941226 4.009846 -4.502016
v 6.140692 3.184869 -5.260753
v 6.160090 3.209739 -5.265037
v 6.140692 3.205453 -5.240170
v 6.140692 3.184869 -5.324744
v 6.140692 3.205453 -5.345327
v 6.160090 3.209739 -5.320460
v 6.140692 3.290089 -5.324744
v 6.160090 3.265219 -5.320460
v 6.140692 3.269504 -5.345327
v 6.140692 3.290089 -5.260753
v 6.140692 3.269504 -5.240170
v 6.160090 3.265219 -5.265037
v 6.006226 3.151111 -5.227015
v 6.006226 3.171696 -5.206431
v 6.006226 3.171696 -5.379066
v 6.006226 3.151111 -5.358482
v 6.006226 3.323846 -5.358482
v 6.006226 3.303262 -5.379066
v 6.006226 3.303262 -5.206431
v 6.006226 3.323846 -5.227015
v 6.205692 2.498869 -5.985754
v 6.225091 2.523739 -5.990036
v 6.205692 2.519453 -5.965169
v 6.205692 2.498869 -6.049743
v 6.205692 2.519453 -6.070327
v 6.225091 2.523739 -6.045460
v 6.205692 2.604089 -6.049743
v 6.225091 2.579219 -6.045460
v 6.205692 2.583504 -6.070327
v 6.205692 2.604089 -5.985754
v 6.205692 2.583504 -5.965169
v 6.225091 2.579219 -5.990036
v 6.071226 2.465111 -5.952015
v 6.071226 2.485696 -5.931432
v 6.071226 2.485696 -6.104065
v 6.071226 2.465111 -6.083481
v 6.071226 2.637846 -6.083481
v 6.071226 2.617262 -6.104065
v 6.071226 2.617262 -5.931432
v 6.071226 2.637846 -5.952015
v 6.270692 1.812869 -6.710754
v 6.290091 1.837739 -6.715037
v 6.270692 1.833453 -6.690170
v 6.270692 1.812869 -6.774744
v 6.270692 1.833453 -6.795328
v 6.290091 1.837739 -6.770461
v 6.270692 1.918088 -6.774744
v 6.290091 1.893219 -6.770461
v 6.270692 1.897504 -6.795328
v 6.270692 1.918088 -6.710754
v 6.270692 1.897504 -6.690170
v 6.290091 1.893219 -6.715037
v 6.136226 1.779111 -6.677016
v 6.136226 1.799695 -6.656432
v 6.136226 1.799695 -6.829065
v 6.136226 1.779111 -6.808482
v 6.136226 1.951846 -6.808482
v 6.136226 1.931262 -6.829065
v 6.136226 1.931262 -6.656432
v 6.136226 1.951846 -6.677016
v 6.335692 1.126869 -7.435754
v 6.355090 1.151739 -7.440037
v 6.335691 1.147453 -7.415170
v 6.335692 1.126869 -7.499744
v 6.335691 1.147453 -7.520328
v 6.355090 1.151739 -7.495461
v 6.335692 1.232088 -7.499744
v 6.355090 1.207219 -7.495461
v 6.335691 1.211504 -7.520328
v 6.335692 1.232088 -7.435754
v 6.335691 1.211504 -7.415170
v 6.355090 1.207219 -7.440037
v 6.201226 1.093111 -7.402016
v 6.201226 1.113695 -7.381433
v 6.201226 1.113695 -7.554066
v 6.201226 1.093111 -7.533482
v 6.201226 1.265846 -7.533482
v 6.201226 1.245262 -7.554066
v 6.201226 1.245262 -7.381433
v 6.201226 1.265846 -7.402016
v 6.400692 0.440869 -8.160754
v 6.420090 0.465739 -8.165038
v 6.400692 0.461453 -8.140170
v 6.400692 0.440869 -8.224745
v 6.400692 0.461453 -8.245328
v 6.420090 0.465739 -8.220461
v 6.400692 0.546089 -8.224745
v 6.420090 0.521219 -8.220461
v 6.400692 0.525504 -8.245329
v 6.400692 0.546089 -8.160754
v 6.400692 0.525504 -8.140171
v 6.420090 0.521219 -8.165038
v 6.266226 0.407111 -8.127017
v 6.266226 0.427696 -8.106433
v 6.266226 0.427696 -8.279066
v 6.266226 0.407111 -8.258482
v 6.266226 0.579846 -8.258482
v 6.266226 0.559262 -8.279066
v 6.266226 0.559262 -8.106433
v 6.266226 0.579846 -8.127017
vt 0.319179 -0.035623
vt 0.322552 -0.049069
vt 0.328951 -0.049069
vt 0.332325 -0.035623
vt 0.322981 1.739019
vt 0.322981 1.733471
vt 0.328523 1.733471
vt 0.328523 1.739019
vt 0.595175 -0.042123
vt 0.598549 -0.055569
vt 0.604948 -0.055569
vt 0.608321 -0.042123
vt 1.035623 1.729667
vt 1.049069 1.733043
vt 1.049069 1.739448
vt 1.035623 1.742824
vt -0.035623 1.742824
vt -0.049069 1.739448
vt -0.049069 1.733043
vt -0.035623 1.729667
vt 0.391679 -0.042123
vt 0.395052 -0.055569
vt 0.401451 -0.055569
vt 0.404825 -0.042123
vt 0.395481 1.670419
vt 0.395481 1.664871
vt 0.401023 1.664871
vt 0.401023 1.670419
vt 0.522675 -0.048623
vt 0.526049 -0.062069
vt 0.532448 -0.062069
vt 0.535821 -0.048623
vt 1.042123 1.661067
vt 1.055569 1.664443
vt 1.055569 1.670848
vt 1.042123 1.674224
vt -0.042123 1.674224
vt -0.055569 1.670848
vt -0.055569 1.664443
vt -0.042123 1.661067
vt 0.464179 -0.048623
vt 0.467552 -0.062069
vt 0.473951 -0.062069
vt 0.477325 -0.048623
vt 0.467981 1.601819
vt 0.467981 1.596271
vt 0.473523 1.596271
vt 0.473523 1.601819
vt 0.450175 -0.055123
vt 0.453549 -0.068569
vt 0.459948 -0.068569
vt 0.463321 -0.055123
vt 1.048623 1.592467
vt 1.062069 1.595843
vt 1.062069 1.602248
vt 1.048623 1.605623
vt -0.048623 1.605623
vt -0.062069 1.602248
vt -0.062069 1.595843
vt -0.048623 1.592467
vt 0.536679 -0.055123
vt 0.540052 -0.068569
vt 0.546451 -0.068569
vt 0.549825 -0.055123
vt 0.540481 1.533219
vt 0.540481 1.527671
vt 0.546023 1.527671
vt 0.546023 1.533219
vt 0.377675 -0.061623
vt 0.381049 -0.075069
vt 0.387448 -0.075069
vt 0.390821 -0.061623
vt 1.055123 1.523867
vt 1.068569 1.527243
vt 1.068569 1.533648
vt 1.055123 1.537023
vt -0.055123 1.537023
vt -0.068569 1.533648
vt -0.068569 1.527243
vt -0.055123 1.523867
vt 0.609179 -0.061623
vt 0.612552 -0.075069
vt 0.618951 -0.075069
vt 0.622325 -0.061623
vt 0.612981 1.464619
vt 0.612981 1.459071
vt 0.618523 1.459071
vt 0.618523 1.464619
vt 0.305175 -0.068123
vt 0.308549 -0.081569
vt 0.314948 -0.081569
vt 0.318321 -0.068123
vt 1.061623 1.455267
vt 1.075069 1.458643
vt 1.075069 1.465048
vt 1.061623 1.468423
vt -0.061623 1.468423
vt -0.075069 1.465048
vt -0.075069 1.458643
vt -0.061623 1.455267
vt 0.681679 -0.068123
vt 0.685052 -0.081569
vt 0.691451 -0.081569
vt 0.694825 -0.068123
vt 0.685481 1.396019
vt 0.685481 1.390471
vt 0.691023 1.390471
vt 0.691023 1.396019
vt 0.232675 -0.074623
vt 0.236049 -0.088069
vt 0.242448 -0.088069
vt 0.245821 -0.074623
vt 1.068123 1.386667
vt 1.081569 1.390043
vt 1.081569 1.396448
vt 1.068123 1.399824
vt -0.068123 1.399824
vt -0.081569 1.396448
vt -0.081569 1.390043
vt -0.068123 1.386667
vt 0.754179 -0.074623
vt 0.757552 -0.088069
vt 0.763951 -0.088069
vt 0.767325 -0.074623
vt 0.757981 1.327419
vt 0.757981 1.321871
vt 0.763523 1.321871
vt 0.763523 1.327419
vt 0.160175 -0.081123
vt 0.163549 -0.094569
vt 0.169948 -0.094569
vt 0.173321 -0.081123
vt 1.074623 1.318067
vt 1.088069 1.321443
vt 1.088069 1.327848
vt 1.074623 1.331223
vt -0.074623 1.331223
vt -0.088069 1.327848
vt -0.088069 1.321443
vt -0.074623 1.318067
vt 0.826679 -0.081123
vt 0.830052 -0.094569
vt 0.836451 -0.094569
vt 0.839825 -0.081123
vt 0.830481 1.258819
vt 0.830481 1.253271
vt 0.836023 1.253271
vt 0.836023 1.258819
vt 0.087675 -0.087623
vt 0.091049 -0.101069
vt 0.097448 -0.101069
vt 0.100821 -0.087623
vt 1.081123 1.249467
vt 1.094569 1.252843
vt 1.094569 1.259248
vt 1.081123 1.262624
vt -0.081123 1.262624
vt -0.094569 1.259248
vt -0.094569 1.252843
vt -0.081123 1.249467
vt 0.899179 -0.087623
vt 0.902552 -0.101069
vt 0.908951 -0.101069
vt 0.912325 -0.087623
vt 0.902981 1.190219
vt 0.902981 1.184671
vt 0.908523 1.184671
vt 0.908523 1.190219
vt 0.015175 -0.094123
vt 0.018549 -0.107569
vt 0.024948 -0.107569
vt 0.028321 -0.094123
vt 1.087623 1.180867
vt 1.101069 1.184243
vt 1.101069 1.190648
vt 1.087623 1.194023
vt -0.087623 1.194024
vt -0.101069 1.190648
vt -0.101069 1.184243
vt -0.087623 1.180867
vt 0.971678 -0.094123
vt 0.975052 -0.107569
vt 0.981451 -0.107569
vt 0.984825 -0.094123
vt 0.975481 1.121619
vt 0.975481 1.116071
vt 0.981023 1.116071
vt 0.981023 1.121619
vt -0.057325 -0.100623
vt -0.053951 -0.114069
vt -0.047552 -0.114069
vt -0.044178 -0.100623
vt 1.094123 1.112267
vt 1.107569 1.115643
vt 1.107569 1.122048
vt 1.094123 1.125423
vt -0.094123 1.125424
vt -0.107569 1.122048
vt -0.107569 1.115643
vt -0.094123 1.112267
vt 1.044178 -0.100623
vt 1.047552 -0.114069
vt 1.053951 -0.114069
vt 1.057325 -0.100623
vt 1.047981 1.053019
vt 1.047981 1.047471
vt 1.053523 1.047471
vt 1.053523 1.053019
vt -0.129825 -0.107123
vt -0.126451 -0.120569
vt -0.120052 -0.120569
vt -0.116679 -0.107123
vt 1.100623 1.043667
vt 1.114069 1.047043
vt 1.114069 1.053448
vt 1.100623 1.056823
vt -0.100623 1.056823
vt -0.114069 1.053448
vt -0.114069 1.047043
vt -0.100623 1.043667
vt 1.116678 -0.107123
vt 1.120052 -0.120569
vt 1.126451 -0.120569
vt 1.129825 -0.107123
vt 1.120481 0.984419
vt 1.120481 0.978871
vt 1.126023 0.978871
vt 1.126023 0.984419
vt -0.202325 -0.113623
vt -0.198951 -0.127069
vt -0.192552 -0.127069
vt -0.189179 -0.113623
vt 1.107123 0.975067
vt 1.120569 0.978443
vt 1.120569 0.984848
vt 1.107123 0.988224
vt -0.107123 0.988224
vt -0.120569 0.984848
vt -0.120569 0.978443
vt -0.107123 0.975067
vt 1.189179 -0.113623
vt 1.192552 -0.127069
vt 1.198951 -0.127069
vt 1.202325 -0.113623
vt 1.192981 0.915819
vt 1.192981 0.910271
vt 1.198523 0.910271
vt 1.198523 0.915819
vt -0.274825 -0.120123
vt -0.271451 -0.133569
vt -0.265052 -0.133569
vt -0.261679 -0.120123
vt 1.113623 0.906467
vt 1.127069 0.909843
vt 1.127069 0.916248
vt 1.113623 0.919623
vt -0.113623 0.919624
vt -0.127069 0.916248
vt -0.127069 0.909843
vt -0.113623 0.906467
vt 1.261679 -0.120123
vt 1.265052 -0.133569
vt 1.271451 -0.133569
vt 1.274825 -0.120123
vt 1.265481 0.847219
vt 1.265481 0.841671
vt 1.271023 0.841671
vt 1.271023 0.847219
vt -0.347325 -0.126623
vt -0.343951 -0.140069
vt -0.337552 -0.140069
vt -0.334179 -0.126623
vt 1.120123 0.837867
vt 1.133569 0.841243
vt 1.133569 0.847648
vt 1.120123 0.851023
vt -0.120123 0.851024
vt -0.133569 0.847648
vt -0.133569 0.841243
vt -0.120123 0.837867
vt 1.334179 -0.126623
vt 1.337552 -0.140069
vt 1.343951 -0.140069
vt 1.347325 -0.126623
vt 1.337981 0.778619
vt 1.337981 0.773071
vt 1.343523 0.773071
vt 1.343523 0.778619
vt 1.126623 0.769267
vt 1.140069 0.772643
vt 1.140069 0.779048
vt 1.126623 0.782423
vt -0.126623 0.782424
vt -0.140069 0.779048
vt -0.140069 0.772643
vt -0.126623 0.769267
vt 0.322552 1.730984
vt 0.320494 1.733043
vt 0.328951 1.730984
vt 0.331010 1.733043
vt 0.328951 1.741506
vt 0.331010 1.739448
vt 0.322552 1.741506
vt 0.320494 1.739448
vt 0.395052 1.662384
vt 0.392994 1.664443
vt 0.401451 1.662384
vt 0.403510 1.664443
vt 0.401451 1.672906
vt 0.403510 1.670848
vt 0.395052 1.672906
vt 0.392994 1.670848
vt 0.467552 1.593784
vt 0.465494 1.595843
vt 0.473951 1.593784
vt 0.476010 1.595843
vt 0.473951 1.604306
vt 0.476010 1.602248
vt 0.467552 1.604306
vt 0.465494 1.602248
vt 0.540052 1.525184
vt 0.537994 1.527243
vt 0.546451 1.525184
vt 0.548510 1.527243
vt 0.546451 1.535706
vt 0.548510 1.533648
vt 0.540052 1.535706
vt 0.537994 1.533648
vt 0.612552 1.456584
vt 0.610494 1.458643
vt 0.618951 1.456584
vt 0.621010 1.458643
vt 0.618951 1.467106
vt 0.621010 1.465048
vt 0.612552 1.467106
vt 0.610494 1.465048
vt 0.685052 1.387984
vt 0.682994 1.390043
vt 0.691451 1.387984
vt 0.693510 1.390043
vt 0.691451 1.398506
vt 0.693510 1.396448
vt 0.685052 1.398506
vt 0.682994 1.396448
vt 0.757552 1.319384
vt 0.755494 1.321443
vt 0.763951 1.319384
vt 0.766010 1.321443
vt 0.763951 1.329906
vt 0.766010 1.327848
vt 0.757552 1.329906
vt 0.755494 1.327848
vt 0.830052 1.250784
vt 0.827994 1.252843
vt 0.836451 1.250784
vt 0.838510 1.252843
vt 0.836451 1.261306
vt 0.838510 1.259248
vt 0.830052 1.261306
vt 0.827994 1.259248
vt 0.902552 1.182184
vt 0.900494 1.184243
vt 0.908951 1.182184
vt 0.911010 1.184243
vt 0.908951 1.192706
vt 0.911010 1.190648
vt 0.902552 1.192706
vt 0.900494 1.190648
vt 0.975052 1.113584
vt 0.972994 1.115643
vt 0.981451 1.113584
vt 0.983510 1.115643
vt 0.981451 1.124106
vt 0.983510 1.122048
vt 0.975052 1.124106
vt 0.972994 1.122048
vt 1.047552 1.044984
vt 1.045494 1.047043
vt 1.053951 1.044984
vt 1.056010 1.047043
vt 1.053951 1.055506
vt 1.056010 1.053448
vt 1.047552 1.055506
vt 1.045494 1.053448
vt 1.120052 0.976384
vt 1.117994 0.978443
vt 1.126451 0.976384
vt 1.128510 0.978443
vt 1.126451 0.986906
vt 1.128510 0.984848
vt 1.120052 0.986906
vt 1.117994 0.984848
vt 1.192552 0.907784
vt 1.190494 0.909843
vt 1.198951 0.907784
vt 1.201010 0.909843
vt 1.198951 0.918306
vt 1.201010 0.916248
vt 1.192552 0.918306
vt 1.190494 0.916248
vt 1.265052 0.839184
vt 1.262994 0.841243
vt 1.271451 0.839184
vt 1.273510 0.841243
vt 1.271451 0.849706
vt 1.273510 0.847648
vt 1.265052 0.849706
vt 1.262994 0.847648
vt 1.337552 0.770584
vt 1.335494 0.772643
vt 1.343951 0.770584
vt 1.346010 0.772643
vt 1.343951 0.781106
vt 1.346010 0.779048
vt 1.337552 0.781106
vt 1.335494 0.779048
vt 1.049069 1.741506
vt 1.035623 1.744882
vt -0.035623 1.744882
vt -0.049069 1.741506
vt -0.049069 1.730984
vt -0.035623 1.727608
vt 1.035623 1.727608
vt 1.049069 1.730984
vt 1.055569 1.672906
vt 1.042123 1.676282
vt -0.042123 1.676282
vt -0.055569 1.672906
vt -0.055569 1.662384
vt -0.042123 1.659008
vt 1.042123 1.659008
vt 1.055569 1.662384
vt 1.062069 1.604306
vt 1.048623 1.607682
vt -0.048623 1.607682
vt -0.062069 1.604306
vt -0.062069 1.593784
vt -0.048623 1.590408
vt 1.048623 1.590408
vt 1.062069 1.593784
vt 1.068569 1.535706
vt 1.055123 1.539082
vt -0.055123 1.539082
vt -0.068569 1.535706
vt -0.068569 1.525184
vt -0.055123 1.521808
vt 1.055123 1.521808
vt 1.068569 1.525184
vt 1.075069 1.467106
vt 1.061623 1.470482
vt -0.061623 1.470482
vt -0.075069 1.467106
vt -0.075069 1.456584
vt -0.061623 1.453208
vt 1.061623 1.453208
vt 1.075069 1.456584
vt 1.081569 1.398506
vt 1.068123 1.401882
vt -0.068123 1.401882
vt -0.081569 1.398506
vt -0.081569 1.387984
vt -0.068123 1.384608
vt 1.068123 1.384608
vt 1.081569 1.387984
vt 1.088069 1.329906
vt 1.074623 1.333282
vt -0.074623 1.333282
vt -0.088069 1.329906
vt -0.088069 1.319384
vt -0.074623 1.316008
vt 1.074623 1.316008
vt 1.088069 1.319384
vt 1.094569 1.261306
vt 1.081123 1.264682
vt -0.081123 1.264682
vt -0.094569 1.261306
vt -0.094569 1.250784
vt -0.081123 1.247408
vt 1.081123 1.247408
vt 1.094569 1.250784
vt 1.101069 1.192706
vt 1.087623 1.196082
vt -0.087623 1.196082
vt -0.101069 1.192706
vt -0.101069 1.182184
vt -0.087623 1.178808
vt 1.087623 1.178808
vt 1.101069 1.182184
vt 1.107569 1.124106
vt 1.094123 1.127482
vt -0.094123 1.127482
vt -0.107569 1.124106
vt -0.107569 1.113584
vt -0.094123 1.110209
vt 1.094123 1.110208
vt 1.107569 1.113584
vt 1.114069 1.055506
vt 1.100623 1.058882
vt -0.100623 1.058882
vt -0.114069 1.055506
vt -0.114069 1.044984
vt -0.100623 1.041609
vt 1.100623 1.041608
vt 1.114069 1.044984
vt 1.120569 0.986906
vt 1.107123 0.990282
vt -0.107123 0.990282
vt -0.120569 0.986906
vt -0.120569 0.976384
vt -0.107123 0.973009
vt 1.107123 0.973008
vt 1.120569 0.976384
vt 1.127069 0.918306
vt 1.113623 0.921682
vt -0.113623 0.921682
vt -0.127069 0.918306
vt -0.127069 0.907784
vt -0.113623 0.904408
vt 1.113623 0.904408
vt 1.127069 0.907784
vt 1.133569 0.849706
vt 1.120123 0.853082
vt -0.120123 0.853082
vt -0.133569 0.849706
vt -0.133569 0.839184
vt -0.120123 0.835809
vt 1.120123 0.835808
vt 1.133569 0.839184
vt 1.140069 0.781106
vt 1.126623 0.784482
vt -0.126623 0.784482
vt -0.140069 0.781106
vt -0.140069 0.770584
vt -0.126623 0.767209
vt 1.126623 0.767208
vt 1.140069 0.770584
vt 0.667675 -0.035623
vt 0.671049 -0.049069
vt 0.677448 -0.049069
vt 0.680821 -0.035623
vn 0.2788 0.9461 0.1646
vn 0.2937 0.9418 0.1634
vn 0.2937 0.9418 -0.1634
vn 0.2788 0.9461 -0.1646
vn 0.9571 0.2048 0.2050
vn 0.9571 -0.2048 0.2049
vn 0.9571 -0.2048 -0.2050
vn 0.9571 0.2048 -0.2049
vn 0.2788 -0.9461 -0.1646
vn 0.2937 -0.9418 -0.1634
vn 0.2937 -0.9418 0.1634
vn 0.2788 -0.9461 0.1646
vn 0.2787 -0.1645 0.9462
vn 0.2936 -0.1633 0.9419
vn 0.2936 0.1633 0.9419
vn 0.2787 0.1645 0.9462
vn 0.2786 0.1645 -0.9462
vn 0.2936 0.1633 -0.9419
vn 0.2936 -0.1633 -0.9419
vn 0.2787 -0.1645 -0.9462
vn 0.2937 0.9418 -0.1635
vn 0.9571 0.2048 -0.2050
vn 0.2789 -0.9461 -0.1646
vn 0.2937 -0.9418 0.1635
vn 0.2786 -0.1645 0.9462
vn 0.2935 0.1633 0.9419
vn 0.2935 0.1633 -0.9419
vn 0.2789 0.9461 0.1646
vn 0.2937 0.9418 0.1635
vn 0.9571 -0.2048 0.2050
vn 0.2937 -0.9418 -0.1635
vn 0.2935 -0.1633 0.9419
vn 0.2787 0.1645 -0.9462
vn 0.2935 -0.1633 -0.9419
vn 0.9571 -0.2048 -0.2049
usemtl sandstone
s 1
f 5647/10707/2373 5637/10708/2374 5634/10709/2375 5644/10710/2376
f 5639/10711/2377 5629/10712/2378 5633/10713/2379 5635/10714/2380
f 5663/10715/2381 5651/10716/2382 5648/10717/2383 5660/10718/2384
f 5641/10719/2385 5630/10720/2386 5638/10721/2387 5646/10722/2388
f 5645/10723/2389 5636/10724/2390 5632/10725/2391 5642/10726/2392
f 5667/10727/2373 5657/10728/2374 5654/10729/2393 5664/10730/2376
f 5659/10731/2377 5649/10732/2378 5653/10733/2379 5655/10734/2394
f 5683/10735/2395 5671/10736/2382 5668/10737/2396 5680/10738/2384
f 5661/10739/2397 5650/10740/2386 5658/10741/2398 5666/10742/2388
f 5665/10743/2389 5656/10744/2399 5652/10745/2391 5662/10746/2392
f 5687/10747/2400 5677/10748/2401 5674/10749/2393 5684/10750/2376
f 5679/10751/2377 5669/10752/2402 5673/10753/2379 5675/10754/2380
f 5703/10755/2381 5691/10756/2403 5688/10757/2396 5700/10758/2384
f 5681/10759/2385 5670/10760/2404 5678/10761/2398 5686/10762/2388
f 5685/10763/2405 5676/10764/2399 5672/10765/2391 5682/10766/2392
f 5707/10767/2373 5697/10768/2374 5694/10769/2393 5704/10770/2376
f 5699/10771/2377 5689/10772/2402 5693/10773/2379 5695/10774/2380
f 5723/10775/2395 5711/10776/2382 5708/10777/2396 5720/10778/2384
f 5701/10779/2397 5690/10780/2404 5698/10781/2398 5706/10782/2388
f 5705/10783/2389 5696/10784/2399 5692/10785/2406 5702/10786/2392
f 5727/10787/2400 5717/10788/2401 5714/10789/2393 5724/10790/2376
f 5719/10791/2377 5709/10792/2402 5713/10793/2379 5715/10794/2394
f 5743/10795/2381 5731/10796/2382 5728/10797/2396 5740/10798/2384
f 5721/10799/2397 5710/10800/2404 5718/10801/2398 5726/10802/2388
f 5725/10803/2405 5716/10804/2399 5712/10805/2406 5722/10806/2392
f 5747/10807/2400 5737/10808/2374 5734/10809/2393 5744/10810/2376
f 5739/10811/2377 5729/10812/2402 5733/10813/2379 5735/10814/2394
f 5763/10815/2381 5751/10816/2382 5748/10817/2396 5760/10818/2384
f 5741/10819/2385 5730/10820/2404 5738/10821/2398 5746/10822/2388
f 5745/10823/2389 5736/10824/2399 5732/10825/2406 5742/10826/2392
f 5767/10827/2400 5757/10828/2374 5754/10829/2393 5764/10830/2376
f 5759/10831/2377 5749/10832/2402 5753/10833/2379 5755/10834/2394
f 5783/10835/2381 5771/10836/2382 5768/10837/2396 5780/10838/2384
f 5761/10839/2385 5750/10840/2404 5758/10841/2398 5766/10842/2388
f 5765/10843/2405 5756/10844/2399 5752/10845/2406 5762/10846/2392
f 5787/10847/2373 5777/10848/2374 5774/10849/2393 5784/10850/2376
f 5779/10851/2377 5769/10852/2402 5773/10853/2379 5775/10854/2394
f 5803/10855/2381 5791/10856/2382 5788/10857/2396 5800/10858/2384
f 5781/10859/2397 5770/10860/2404 5778/10861/2398 5786/10862/2388
f 5785/10863/2405 5776/10864/2399 5772/10865/2406 5782/10866/2392
f 5807/10867/2373 5797/10868/2374 5794/10869/2393 5804/10870/2376
f 5799/10871/2377 5789/10872/2378 5793/10873/2379 5795/10874/2380
f 5823/10875/2381 5811/10876/2382 5808/10877/2383 5820/10878/2384
f 5801/10879/2385 5790/10880/2404 5798/10881/2398 5806/10882/2388
f 5805/10883/2389 5796/10884/2399 5792/10885/2406 5802/10886/2392
f 5827/10887/2373 5817/10888/2374 5814/10889/2375 5824/10890/2376
f 5819/10891/2377 5809/10892/2402 5813/10893/2379 5815/10894/2380
f 5843/10895/2381 5831/10896/2382 5828/10897/2396 5840/10898/2384
f 5821/10899/2385 5810/10900/2404 5818/10901/2398 5826/10902/2388
f 5825/10903/2405 5816/10904/2399 5812/10905/2406 5822/10906/2392
f 5847/10907/2400 5837/10908/2374 5834/10909/2393 5844/10910/2376
f 5839/10911/2377 5829/10912/2378 5833/10913/2379 5835/10914/2380
f 5863/10915/2381 5851/10916/2382 5848/10917/2396 5860/10918/2384
f 5841/10919/2385 5830/10920/2404 5838/10921/2398 5846/10922/2388
f 5845/10923/2405 5836/10924/2399 5832/10925/2406 5842/10926/2392
f 5867/10927/2373 5857/10928/2374 5854/10929/2393 5864/10930/2376
f 5859/10931/2377 5849/10932/2402 5853/10933/2379 5855/10934/2394
f 5883/10935/2381 5871/10936/2382 5868/10937/2396 5880/10938/2384
f 5861/10939/2385 5850/10940/2404 5858/10941/2398 5866/10942/2388
f 5865/10943/2405 5856/10944/2399 5852/10945/2406 5862/10946/2392
f 5887/10947/2373 5877/10948/2374 5874/10949/2375 5884/10950/2376
f 5879/10951/2377 5869/10952/2402 5873/10953/2379 5875/10954/2394
f 5903/10955/2381 5891/10956/2382 5888/10957/2396 5900/10958/2384
f 5881/10959/2385 5870/10960/2404 5878/10961/2398 5886/10962/2388
f 5885/10963/2405 5876/10964/2399 5872/10965/2406 5882/10966/2392
f 5907/10967/2400 5897/10968/2374 5894/10969/2393 5904/10970/2376
f 5899/10971/2377 5889/10972/2402 5893/10973/2379 5895/10974/2394
f 5923/10975/2395 5911/10976/2403 5908/10977/2383 5920/10978/2384
f 5901/10979/2397 5890/10980/2404 5898/10981/2398 5906/10982/2388
f 5905/10983/2405 5896/10984/2399 5892/10985/2406 5902/10986/2392
f 5927/10987/2373 5917/10988/2401 5914/10989/2375 5924/10990/2376
f 5919/10991/2377 5909/10992/2402 5913/10993/2407 5915/10994/2394
f 5921/10995/2397 5910/10996/2404 5918/10997/2398 5926/10998/2388
f 5925/10999/2405 5916/11000/2399 5912/11001/2391 5922/11002/2392
f 5628/11003/2383 5629/10712/2378 5630/11004/2386
f 5631/11005/2382 5632/11006/2391 5633/10713/2379
f 5634/11007/2375 5635/10714/2380 5636/11008/2390
f 5637/11009/2374 5638/11010/2387 5639/10711/2377
f 5648/11011/2383 5649/10732/2378 5650/11012/2386
f 5651/11013/2382 5652/11014/2391 5653/10733/2379
f 5654/11015/2393 5655/10734/2394 5656/11016/2399
f 5657/11017/2374 5658/11018/2398 5659/10731/2377
f 5668/11019/2396 5669/10752/2402 5670/11020/2404
f 5671/11021/2382 5672/11022/2391 5673/10753/2379
f 5674/11023/2393 5675/10754/2380 5676/11024/2399
f 5677/11025/2401 5678/11026/2398 5679/10751/2377
f 5688/11027/2396 5689/10772/2402 5690/11028/2404
f 5691/11029/2403 5692/11030/2406 5693/10773/2379
f 5694/11031/2393 5695/10774/2380 5696/11032/2399
f 5697/11033/2374 5698/11034/2398 5699/10771/2377
f 5708/11035/2396 5709/10792/2402 5710/11036/2404
f 5711/11037/2382 5712/11038/2406 5713/10793/2379
f 5714/11039/2393 5715/10794/2394 5716/11040/2399
f 5717/11041/2401 5718/11042/2398 5719/10791/2377
f 5728/11043/2396 5729/10812/2402 5730/11044/2404
f 5731/11045/2382 5732/11046/2406 5733/10813/2379
f 5734/11047/2393 5735/10814/2394 5736/11048/2399
f 5737/11049/2374 5738/11050/2398 5739/10811/2377
f 5748/11051/2396 5749/10832/2402 5750/11052/2404
f 5751/11053/2382 5752/11054/2406 5753/10833/2379
f 5754/11055/2393 5755/10834/2394 5756/11056/2399
f 5757/11057/2374 5758/11058/2398 5759/10831/2377
f 5768/11059/2396 5769/10852/2402 5770/11060/2404
f 5771/11061/2382 5772/11062/2406 5773/10853/2379
f 5774/11063/2393 5775/10854/2394 5776/11064/2399
f 5777/11065/2374 5778/11066/2398 5779/10851/2377
f 5788/11067/2396 5789/10872/2378 5790/11068/2404
f 5791/11069/2382 5792/11070/2406 5793/10873/2379
f 5794/11071/2393 5795/10874/2380 5796/11072/2399
f 5797/11073/2374 5798/11074/2398 5799/10871/2377
f 5808/11075/2383 5809/10892/2402 5810/11076/2404
f 5811/11077/2382 5812/11078/2406 5813/10893/2379
f 5814/11079/2375 5815/10894/2380 5816/11080/2399
f 5817/11081/2374 5818/11082/2398 5819/10891/2377
f 5828/11083/2396 5829/10912/2378 5830/11084/2404
f 5831/11085/2382 5832/11086/2406 5833/10913/2379
f 5834/11087/2393 5835/10914/2380 5836/11088/2399
f 5837/11089/2374 5838/11090/2398 5839/10911/2377
f 5848/11091/2396 5849/10932/2402 5850/11092/2404
f 5851/11093/2382 5852/11094/2406 5853/10933/2379
f 5854/11095/2393 5855/10934/2394 5856/11096/2399
f 5857/11097/2374 5858/11098/2398 5859/10931/2377
f 5868/11099/2396 5869/10952/2402 5870/11100/2404
f 5871/11101/2382 5872/11102/2406 5873/10953/2379
f 5874/11103/2375 5875/10954/2394 5876/11104/2399
f 5877/11105/2374 5878/11106/2398 5879/10951/2377
f 5888/11107/2396 5889/10972/2402 5890/11108/2404
f 5891/11109/2382 5892/11110/2406 5893/10973/2379
f 5894/11111/2393 5895/10974/2394 5896/11112/2399
f 5897/11113/2374 5898/11114/2398 5899/10971/2377
f 5908/11115/2383 5909/10992/2402 5910/11116/2404
f 5911/11117/2403 5912/11118/2391 5913/10993/2407
f 5914/11119/2375 5915/10994/2394 5916/11120/2399
f 5917/11121/2401 5918/11122/2398 5919/10991/2377
f 5637/11123/2374 5647/11124/2373 5646/10722/2388 5638/10721/2387
f 5644/11125/2376 5634/11126/2375 5636/10724/2390 5645/10723/2389
f 5631/11127/2382 5643/11128/2381 5642/10726/2392 5632/10725/2391
f 5640/11129/2384 5628/11130/2383 5630/10720/2386 5641/10719/2385
f 5635/10714/2380 5633/10713/2379 5632/11006/2391 5636/11008/2390
f 5638/11010/2387 5630/11004/2386 5629/10712/2378 5639/10711/2377
f 5633/10713/2379 5629/10712/2378 5628/11003/2383 5631/11005/2382
f 5639/10711/2377 5635/10714/2380 5634/11007/2375 5637/11009/2374
f 5657/11131/2374 5667/11132/2373 5666/10742/2388 5658/10741/2398
f 5664/11133/2376 5654/11134/2393 5656/10744/2399 5665/10743/2389
f 5651/11135/2382 5663/11136/2381 5662/10746/2392 5652/10745/2391
f 5660/11137/2384 5648/11138/2383 5650/10740/2386 5661/10739/2397
f 5655/10734/2394 5653/10733/2379 5652/11014/2391 5656/11016/2399
f 5658/11018/2398 5650/11012/2386 5649/10732/2378 5659/10731/2377
f 5653/10733/2379 5649/10732/2378 5648/11011/2383 5651/11013/2382
f 5659/10731/2377 5655/10734/2394 5654/11015/2393 5657/11017/2374
f 5677/11139/2401 5687/11140/2400 5686/10762/2388 5678/10761/2398
f 5684/11141/2376 5674/11142/2393 5676/10764/2399 5685/10763/2405
f 5671/11143/2382 5683/11144/2395 5682/10766/2392 5672/10765/2391
f 5680/11145/2384 5668/11146/2396 5670/10760/2404 5681/10759/2385
f 5675/10754/2380 5673/10753/2379 5672/11022/2391 5676/11024/2399
f 5678/11026/2398 5670/11020/2404 5669/10752/2402 5679/10751/2377
f 5673/10753/2379 5669/10752/2402 5668/11019/2396 5671/11021/2382
f 5679/10751/2377 5675/10754/2380 5674/11023/2393 5677/11025/2401
f 5697/11147/2374 5707/11148/2373 5706/10782/2388 5698/10781/2398
f 5704/11149/2376 5694/11150/2393 5696/10784/2399 5705/10783/2389
f 5691/11151/2403 5703/11152/2381 5702/10786/2392 5692/10785/2406
f 5700/11153/2384 5688/11154/2396 5690/10780/2404 5701/10779/2397
f 5695/10774/2380 5693/10773/2379 5692/11030/2406 5696/11032/2399
f 5698/11034/2398 5690/11028/2404 5689/10772/2402 5699/10771/2377
f 5693/10773/2379 5689/10772/2402 5688/11027/2396 5691/11029/2403
f 5699/10771/2377 5695/10774/2380 5694/11031/2393 5697/11033/2374
f 5717/11155/2401 5727/11156/2400 5726/10802/2388 5718/10801/2398
f 5724/11157/2376 5714/11158/2393 5716/10804/2399 5725/10803/2405
f 5711/11159/2382 5723/11160/2395 5722/10806/2392 5712/10805/2406
f 5720/11161/2384 5708/11162/2396 5710/10800/2404 5721/10799/2397
f 5715/10794/2394 5713/10793/2379 5712/11038/2406 5716/11040/2399
f 5718/11042/2398 5710/11036/2404 5709/10792/2402 5719/10791/2377
f 5713/10793/2379 5709/10792/2402 5708/11035/2396 5711/11037/2382
f 5719/10791/2377 5715/10794/2394 5714/11039/2393 5717/11041/2401
f 5737/11163/2374 5747/11164/2400 5746/10822/2388 5738/10821/2398
f 5744/11165/2376 5734/11166/2393 5736/10824/2399 5745/10823/2389
f 5731/11167/2382 5743/11168/2381 5742/10826/2392 5732/10825/2406
f 5740/11169/2384 5728/11170/2396 5730/10820/2404 5741/10819/2385
f 5735/10814/2394 5733/10813/2379 5732/11046/2406 5736/11048/2399
f 5738/11050/2398 5730/11044/2404 5729/10812/2402 5739/10811/2377
f 5733/10813/2379 5729/10812/2402 5728/11043/2396 5731/11045/2382
f 5739/10811/2377 5735/10814/2394 5734/11047/2393 5737/11049/2374
f 5757/11171/2374 5767/11172/2400 5766/10842/2388 5758/10841/2398
f 5764/11173/2376 5754/11174/2393 5756/10844/2399 5765/10843/2405
f 5751/11175/2382 5763/11176/2381 5762/10846/2392 5752/10845/2406
f 5760/11177/2384 5748/11178/2396 5750/10840/2404 5761/10839/2385
f 5755/10834/2394 5753/10833/2379 5752/11054/2406 5756/11056/2399
f 5758/11058/2398 5750/11052/2404 5749/10832/2402 5759/10831/2377
f 5753/10833/2379 5749/10832/2402 5748/11051/2396 5751/11053/2382
f 5759/10831/2377 5755/10834/2394 5754/11055/2393 5757/11057/2374
f 5777/11179/2374 5787/11180/2373 5786/10862/2388 5778/10861/2398
f 5784/11181/2376 5774/11182/2393 5776/10864/2399 5785/10863/2405
f 5771/11183/2382 5783/11184/2381 5782/10866/2392 5772/10865/2406
f 5780/11185/2384 5768/11186/2396 5770/10860/2404 5781/10859/2397
f 5775/10854/2394 5773/10853/2379 5772/11062/2406 5776/11064/2399
f 5778/11066/2398 5770/11060/2404 5769/10852/2402 5779/10851/2377
f 5773/10853/2379 5769/10852/2402 5768/11059/2396 5771/11061/2382
f 5779/10851/2377 5775/10854/2394 5774/11063/2393 5777/11065/2374
f 5797/11187/2374 5807/11188/2373 5806/10882/2388 5798/10881/2398
f 5804/11189/2376 5794/11190/2393 5796/10884/2399 5805/10883/2389
f 5791/11191/2382 5803/11192/2381 5802/10886/2392 5792/10885/2406
f 5800/11193/2384 5788/11194/2396 5790/10880/2404 5801/10879/2385
f 5795/10874/2380 5793/10873/2379 5792/11070/2406 5796/11072/2399
f 5798/11074/2398 5790/11068/2404 5789/10872/2378 5799/10871/2377
f 5793/10873/2379 5789/10872/2378 5788/11067/2396 5791/11069/2382
f 5799/10871/2377 5795/10874/2380 5794/11071/2393 5797/11073/2374
f 5817/11195/2374 5827/11196/2373 5826/10902/2388 5818/10901/2398
f 5824/11197/2376 5814/11198/2375 5816/10904/2399 5825/10903/2405
f 5811/11199/2382 5823/11200/2381 5822/10906/2392 5812/10905/2406
f 5820/11201/2384 5808/11202/2383 5810/10900/2404 5821/10899/2385
f 5815/10894/2380 5813/10893/2379 5812/11078/2406 5816/11080/2399
f 5818/11082/2398 5810/11076/2404 5809/10892/2402 5819/10891/2377
f 5813/10893/2379 5809/10892/2402 5808/11075/2383 5811/11077/2382
f 5819/10891/2377 5815/10894/2380 5814/11079/2375 5817/11081/2374
f 5837/11203/2374 5847/11204/2400 5846/10922/2388 5838/10921/2398
f 5844/11205/2376 5834/11206/2393 5836/10924/2399 5845/10923/2405
f 5831/11207/2382 5843/11208/2381 5842/10926/2392 5832/10925/2406
f 5840/11209/2384 5828/11210/2396 5830/10920/2404 5841/10919/2385
f 5835/10914/2380 5833/10913/2379 5832/11086/2406 5836/11088/2399
f 5838/11090/2398 5830/11084/2404 5829/10912/2378 5839/10911/2377
f 5833/10913/2379 5829/10912/2378 5828/11083/2396 5831/11085/2382
f 5839/10911/2377 5835/10914/2380 5834/11087/2393 5837/11089/2374
f 5857/11211/2374 5867/11212/2373 5866/10942/2388 5858/10941/2398
f 5864/11213/2376 5854/11214/2393 5856/10944/2399 5865/10943/2405
f 5851/11215/2382 5863/11216/2381 5862/10946/2392 5852/10945/2406
f 5860/11217/2384 5848/11218/2396 5850/10940/2404 5861/10939/2385
f 5855/10934/2394 5853/10933/2379 5852/11094/2406 5856/11096/2399
f 5858/11098/2398 5850/11092/2404 5849/10932/2402 5859/10931/2377
f 5853/10933/2379 5849/10932/2402 5848/11091/2396 5851/11093/2382
f 5859/10931/2377 5855/10934/2394 5854/11095/2393 5857/11097/2374
f 5877/11219/2374 5887/11220/2373 5886/10962/2388 5878/10961/2398
f 5884/11221/2376 5874/11222/2375 5876/10964/2399 5885/10963/2405
f 5871/11223/2382 5883/11224/2381 5882/10966/2392 5872/10965/2406
f 5880/11225/2384 5868/11226/2396 5870/10960/2404 5881/10959/2385
f 5875/10954/2394 5873/10953/2379 5872/11102/2406 5876/11104/2399
f 5878/11106/2398 5870/11100/2404 5869/10952/2402 5879/10951/2377
f 5873/10953/2379 5869/10952/2402 5868/11099/2396 5871/11101/2382
f 5879/10951/2377 5875/10954/2394 5874/11103/2375 5877/11105/2374
f 5897/11227/2374 5907/11228/2400 5906/10982/2388 5898/10981/2398
f 5904/11229/2376 5894/11230/2393 5896/10984/2399 5905/10983/2405
f 5891/11231/2382 5903/11232/2381 5902/10986/2392 5892/10985/2406
f 5900/11233/2384 5888/11234/2396 5890/10980/2404 5901/10979/2397
f 5895/10974/2394 5893/10973/2379 5892/11110/2406 5896/11112/2399
f 5898/11114/2398 5890/11108/2404 5889/10972/2402 5899/10971/2377
f 5893/10973/2379 5889/10972/2402 5888/11107/2396 5891/11109/2382
f 5899/10971/2377 5895/10974/2394 5894/11111/2393 5897/11113/2374
f 5917/11235/2401 5927/11236/2373 5926/10998/2388 5918/10997/2398
f 5924/11237/2376 5914/11238/2375 5916/11000/2399 5925/10999/2405
f 5911/11239/2403 5923/11240/2395 5922/11002/2392 5912/11001/2391
f 5920/11241/2384 5908/11242/2383 5910/10996/2404 5921/10995/2397
f 5915/10994/2394 5913/10993/2407 5912/11118/2391 5916/11120/2399
f 5918/11122/2398 5910/11116/2404 5909/10992/2402 5919/10991/2377
f 5913/10993/2407 5909/10992/2402 5908/11115/2383 5911/11117/2403
f 5919/10991/2377 5915/10994/2394 5914/11119/2375 5917/11121/2401
f 5643/11243/2381 5631/11244/2382 5628/11245/2383 5640/11246/2384
