# Blender v3.5.0 OBJ File: 'Enterables_egypt_urban_buildings_01.blend'
# www.blender.org
mtllib LOD2_egypt_urban_buildings_005.mtl
o Cube.316_Cube.363
v 3.200000 4.512899 -5.500000
v 4.000000 4.512899 -5.500000
v 4.000000 0.550000 -7.454994
v 3.200000 0.550000 -7.454994
v 3.200000 2.879030 -7.454994
v 4.000000 2.879030 -7.454994
v 4.000000 3.195187 -7.419004
v 3.200000 3.195187 -7.419004
v 4.000000 3.493474 -7.312979
v 3.200000 3.493474 -7.312979
v 4.000000 3.772376 -7.138310
v 3.200000 3.772377 -7.138310
v 4.000000 4.020854 -6.899398
v 3.200000 4.020855 -6.899398
v 4.000000 4.227857 -6.603903
v 3.200000 4.227857 -6.603903
v 4.000000 4.383513 -6.262758
v 3.200000 4.383514 -6.262758
v 4.000000 4.480141 -5.889615
v 3.200000 4.480141 -5.889615
v 4.000000 5.348941 -5.500000
v 3.200000 5.499315 -5.500000
v 4.000000 2.822223 -9.051908
v 4.000000 2.822223 -7.904994
v 4.000000 0.700000 -7.904994
v 4.000000 0.700000 -9.051908
v 4.000000 5.152651 -6.712997
v 4.000000 4.677535 -6.712996
v 4.000000 4.363364 -7.192083
v 4.000000 4.049925 -7.493283
v 4.000000 3.690034 -7.718524
v 4.000000 3.297359 -7.857995
v 4.000000 2.965384 -7.900770
v 4.000000 2.965384 -9.051908
v 4.000000 5.152651 -9.051908
v 4.000000 2.772223 -7.954994
v 4.000000 2.772223 -9.001907
v 4.000000 0.750000 -9.001907
v 4.000000 0.750000 -7.954994
v 4.000000 4.708113 -6.762997
v 4.000000 5.102651 -6.762997
v 4.000000 5.102651 -9.001907
v 4.000000 4.401421 -7.224604
v 4.000000 4.080764 -7.532724
v 4.000000 3.711874 -7.763585
v 4.000000 3.308711 -7.906772
v 4.000000 3.015384 -7.947976
v 4.000000 3.015384 -9.001907
v 4.000000 4.818536 -7.453072
v 4.000000 4.618121 -7.453072
v 4.000000 4.440281 -7.651872
v 4.000000 4.231136 -7.829904
v 4.000000 3.998513 -7.983778
v 4.000000 3.659535 -8.127390
v 4.000000 3.659535 -8.698475
v 4.000000 4.818536 -8.698475
v 4.000000 2.463768 -8.693453
v 4.000000 2.463768 -8.263449
v 4.000000 1.058455 -8.263449
v 4.000000 1.058455 -8.693453
v 3.833114 4.653255 -7.671400
v 3.833114 4.818536 -7.671400
v 3.833114 4.818536 -8.698475
v 3.833114 4.506592 -7.835350
v 3.833114 4.334111 -7.982171
v 3.833114 4.142269 -8.109070
v 3.833114 3.862716 -8.227505
v 3.833114 3.862716 -8.698475
v 3.833114 2.256881 -8.263449
v 3.833114 2.256882 -8.693453
v 3.833114 1.265341 -8.693453
v 3.833114 1.265341 -8.263449
v 4.000000 5.499315 -5.500000
v 3.200000 5.499315 -8.700001
v 4.000000 0.550000 -9.500000
v 3.200000 0.550000 -8.700001
v 4.000000 2.887433 -9.500000
v 4.000000 5.348941 -9.500000
v 4.000000 5.499315 -9.500000
v 0.000000 4.512899 -8.700000
v 0.000000 4.512899 -9.500000
v 1.954994 0.550000 -9.500000
v 1.954994 0.550000 -8.700000
v 1.954994 2.879030 -8.700000
v 1.954994 2.879030 -9.500000
v 1.919004 3.195187 -9.500000
v 1.919004 3.195187 -8.700000
v 1.812979 3.493474 -9.500000
v 1.812979 3.493474 -8.700000
v 1.638310 3.772376 -9.500000
v 1.638310 3.772377 -8.700000
v 1.399398 4.020854 -9.500000
v 1.399398 4.020855 -8.700000
v 1.103903 4.227857 -9.500000
v 1.103903 4.227857 -8.700000
v 0.762758 4.383513 -9.500000
v 0.762758 4.383514 -8.700000
v 0.389615 4.480141 -9.500000
v 0.389615 4.480141 -8.700000
v 0.000000 5.348941 -9.500000
v 0.000000 5.499315 -8.700000
v 3.551908 2.822223 -9.500000
v 2.404994 2.822223 -9.500000
v 2.404994 0.700000 -9.500000
v 3.551908 0.700000 -9.500000
v 1.212997 5.152651 -9.500000
v 1.212997 4.677535 -9.500000
v 1.692083 4.363364 -9.500000
v 1.993283 4.049925 -9.500000
v 2.218524 3.690034 -9.500000
v 2.357995 3.297359 -9.500000
v 2.400770 2.965384 -9.500000
v 3.551908 2.965384 -9.500000
v 3.551908 5.152651 -9.500000
v 2.454994 2.772223 -9.500000
v 3.501908 2.772223 -9.500000
v 3.501908 0.750000 -9.500000
v 2.454994 0.750000 -9.500000
v 1.262997 4.708113 -9.500000
v 1.262997 5.102651 -9.500000
v 3.501908 5.102651 -9.500000
v 1.724604 4.401421 -9.500000
v 2.032725 4.080764 -9.500000
v 2.263585 3.711874 -9.500000
v 2.406771 3.308711 -9.500000
v 2.447976 3.015384 -9.500000
v 3.501908 3.015384 -9.500000
v 1.953072 4.818536 -9.500000
v 1.953072 4.618121 -9.500000
v 2.151872 4.440281 -9.500000
v 2.329904 4.231136 -9.500000
v 2.483778 3.998513 -9.500000
v 2.627389 3.659535 -9.500000
v 3.198475 3.659535 -9.500000
v 3.198475 4.818536 -9.500000
v 3.193453 2.463768 -9.500000
v 2.763449 2.463768 -9.500000
v 2.763449 1.058455 -9.500000
v 3.193453 1.058455 -9.500000
v 2.171400 4.653255 -9.333115
v 2.171400 4.818536 -9.333115
v 3.198475 4.818536 -9.333115
v 2.335350 4.506592 -9.333115
v 2.482171 4.334111 -9.333115
v 2.609070 4.142269 -9.333115
v 2.727505 3.862716 -9.333115
v 3.198475 3.862716 -9.333115
v 2.763449 2.256881 -9.333115
v 3.193453 2.256882 -9.333115
v 3.193453 1.265341 -9.333115
v 2.763449 1.265341 -9.333115
v 0.000000 5.499315 -9.500000
v -3.200000 4.512899 -5.500000
v -4.000000 4.512899 -5.500000
v -4.000000 0.550000 -7.454994
v -3.200000 0.550000 -7.454994
v -3.200000 2.879030 -7.454994
v -4.000000 2.879030 -7.454994
v -4.000000 3.195187 -7.419004
v -3.200000 3.195187 -7.419004
v -4.000000 3.493474 -7.312979
v -3.200000 3.493474 -7.312979
v -4.000000 3.772376 -7.138310
v -3.200000 3.772377 -7.138310
v -4.000000 4.020854 -6.899398
v -3.200000 4.020855 -6.899398
v -4.000000 4.227857 -6.603903
v -3.200000 4.227857 -6.603903
v -4.000000 4.383513 -6.262758
v -3.200000 4.383514 -6.262758
v -4.000000 4.480141 -5.889615
v -3.200000 4.480141 -5.889615
v -4.000000 5.348941 -5.500000
v -3.200000 5.499315 -5.500000
v -4.000000 2.822223 -9.051908
v -4.000000 2.822223 -7.904994
v -4.000000 0.700000 -7.904994
v -4.000000 0.700000 -9.051908
v -4.000000 5.152651 -6.712997
v -4.000000 4.677535 -6.712996
v -4.000000 4.363364 -7.192083
v -4.000000 4.049925 -7.493283
v -4.000000 3.690034 -7.718524
v -4.000000 3.297359 -7.857995
v -4.000000 2.965384 -7.900770
v -4.000000 2.965384 -9.051908
v -4.000000 5.152651 -9.051908
v -4.000000 2.772223 -7.954994
v -4.000000 2.772223 -9.001907
v -4.000000 0.750000 -9.001907
v -4.000000 0.750000 -7.954994
v -4.000000 4.708113 -6.762997
v -4.000000 5.102651 -6.762997
v -4.000000 5.102651 -9.001907
v -4.000000 4.401421 -7.224604
v -4.000000 4.080764 -7.532724
v -4.000000 3.711874 -7.763585
v -4.000000 3.308711 -7.906772
v -4.000000 3.015384 -7.947976
v -4.000000 3.015384 -9.001907
v -4.000000 4.818536 -7.453072
v -4.000000 4.618121 -7.453072
v -4.000000 4.440281 -7.651872
v -4.000000 4.231136 -7.829904
v -4.000000 3.998513 -7.983778
v -4.000000 3.659535 -8.127390
v -4.000000 3.659535 -8.698475
v -4.000000 4.818536 -8.698475
v -4.000000 2.463768 -8.693453
v -4.000000 2.463768 -8.263449
v -4.000000 1.058455 -8.263449
v -4.000000 1.058455 -8.693453
v -3.833114 4.653255 -7.671400
v -3.833114 4.818536 -7.671400
v -3.833114 4.818536 -8.698475
v -3.833114 4.506592 -7.835350
v -3.833114 4.334111 -7.982171
v -3.833114 4.142269 -8.109070
v -3.833114 3.862716 -8.227505
v -3.833114 3.862716 -8.698475
v -3.833114 2.256881 -8.263449
v -3.833114 2.256882 -8.693453
v -3.833114 1.265341 -8.693453
v -3.833114 1.265341 -8.263449
v -4.000000 5.499315 -5.500000
v -3.200000 5.499315 -8.700001
v -4.000000 0.550000 -9.500000
v -3.200000 0.550000 -8.700001
v -4.000000 2.887433 -9.500000
v -4.000000 5.348941 -9.500000
v -4.000000 5.499315 -9.500000
v -1.954994 0.550000 -9.500000
v -1.954994 0.550000 -8.700000
v -1.954994 2.879030 -8.700000
v -1.954994 2.879030 -9.500000
v -1.919004 3.195187 -9.500000
v -1.919004 3.195187 -8.700000
v -1.812979 3.493474 -9.500000
v -1.812979 3.493474 -8.700000
v -1.638310 3.772376 -9.500000
v -1.638310 3.772377 -8.700000
v -1.399398 4.020854 -9.500000
v -1.399398 4.020855 -8.700000
v -1.103903 4.227857 -9.500000
v -1.103903 4.227857 -8.700000
v -0.762758 4.383513 -9.500000
v -0.762758 4.383514 -8.700000
v -0.389615 4.480141 -9.500000
v -0.389615 4.480141 -8.700000
v -3.551908 2.822223 -9.500000
v -2.404994 2.822223 -9.500000
v -2.404994 0.700000 -9.500000
v -3.551908 0.700000 -9.500000
v -1.212997 5.152651 -9.500000
v -1.212997 4.677535 -9.500000
v -1.692083 4.363364 -9.500000
v -1.993283 4.049925 -9.500000
v -2.218524 3.690034 -9.500000
v -2.357995 3.297359 -9.500000
v -2.400770 2.965384 -9.500000
v -3.551908 2.965384 -9.500000
v -3.551908 5.152651 -9.500000
v -2.454994 2.772223 -9.500000
v -3.501908 2.772223 -9.500000
v -3.501908 0.750000 -9.500000
v -2.454994 0.750000 -9.500000
v -1.262997 4.708113 -9.500000
v -1.262997 5.102651 -9.500000
v -3.501908 5.102651 -9.500000
v -1.724604 4.401421 -9.500000
v -2.032725 4.080764 -9.500000
v -2.263585 3.711874 -9.500000
v -2.406771 3.308711 -9.500000
v -2.447976 3.015384 -9.500000
v -3.501908 3.015384 -9.500000
v -1.953072 4.818536 -9.500000
v -1.953072 4.618121 -9.500000
v -2.151872 4.440281 -9.500000
v -2.329904 4.231136 -9.500000
v -2.483778 3.998513 -9.500000
v -2.627389 3.659535 -9.500000
v -3.198475 3.659535 -9.500000
v -3.198475 4.818536 -9.500000
v -3.193453 2.463768 -9.500000
v -2.763449 2.463768 -9.500000
v -2.763449 1.058455 -9.500000
v -3.193453 1.058455 -9.500000
v -2.171400 4.653255 -9.333115
v -2.171400 4.818536 -9.333115
v -3.198475 4.818536 -9.333115
v -2.335350 4.506592 -9.333115
v -2.482171 4.334111 -9.333115
v -2.609070 4.142269 -9.333115
v -2.727505 3.862716 -9.333115
v -3.198475 3.862716 -9.333115
v -2.763449 2.256881 -9.333115
v -3.193453 2.256882 -9.333115
v -3.193453 1.265341 -9.333115
v -2.763449 1.265341 -9.333115
v 4.000000 0.550000 -3.545006
v 3.200000 0.550000 -3.545006
v 3.200000 2.879030 -3.545006
v 4.000000 2.879030 -3.545006
v 4.000000 3.195187 -3.580996
v 3.200000 3.195187 -3.580996
v 4.000000 3.493474 -3.687021
v 3.200000 3.493474 -3.687021
v 4.000000 3.772376 -3.861690
v 3.200000 3.772377 -3.861690
v 4.000000 4.020854 -4.100602
v 3.200000 4.020855 -4.100602
v 4.000000 4.227857 -4.396097
v 3.200000 4.227857 -4.396097
v 4.000000 4.383513 -4.737242
v 3.200000 4.383514 -4.737242
v 4.000000 4.480141 -5.110385
v 3.200000 4.480141 -5.110385
v 4.000000 2.822223 -1.948092
v 4.000000 2.822223 -3.095006
v 4.000000 0.700000 -3.095006
v 4.000000 0.700000 -1.948092
v 4.000000 5.152651 -4.287003
v 4.000000 4.677535 -4.287004
v 4.000000 4.363364 -3.807917
v 4.000000 4.049925 -3.506717
v 4.000000 3.690034 -3.281476
v 4.000000 3.297359 -3.142005
v 4.000000 2.965384 -3.099230
v 4.000000 2.965384 -1.948092
v 4.000000 5.152651 -1.948092
v 4.000000 2.772223 -3.045006
v 4.000000 2.772223 -1.998092
v 4.000000 0.750000 -1.998092
v 4.000000 0.750000 -3.045006
v 4.000000 4.708113 -4.237003
v 4.000000 5.102651 -4.237003
v 4.000000 5.102651 -1.998092
v 4.000000 4.401421 -3.775396
v 4.000000 4.080764 -3.467275
v 4.000000 3.711874 -3.236415
v 4.000000 3.308711 -3.093229
v 4.000000 3.015384 -3.052024
v 4.000000 3.015384 -1.998092
v 4.000000 4.818536 -3.546928
v 4.000000 4.618121 -3.546928
v 4.000000 4.440281 -3.348128
v 4.000000 4.231136 -3.170096
v 4.000000 3.998513 -3.016222
v 4.000000 3.659535 -2.872611
v 4.000000 3.659535 -2.301525
v 4.000000 4.818536 -2.301525
v 4.000000 2.463768 -2.306547
v 4.000000 2.463768 -2.736551
v 4.000000 1.058455 -2.736551
v 4.000000 1.058455 -2.306547
v 3.833114 4.653255 -3.328600
v 3.833114 4.818536 -3.328600
v 3.833114 4.818536 -2.301525
v 3.833114 4.506592 -3.164650
v 3.833114 4.334111 -3.017829
v 3.833114 4.142269 -2.890930
v 3.833114 3.862716 -2.772495
v 3.833114 3.862716 -2.301525
v 3.833114 2.256881 -2.736551
v 3.833114 2.256882 -2.306547
v 3.833114 1.265341 -2.306547
v 3.833114 1.265341 -2.736551
v 3.200000 5.499315 -2.300000
v 4.000000 0.550000 -1.500000
v 3.200000 0.550000 -2.300000
v 4.000000 2.887433 -1.500000
v 4.000000 5.348941 -1.500000
v 4.000000 5.499315 -1.500000
v 0.000000 4.512899 -2.300000
v 0.000000 4.512899 -1.500000
v 1.954994 0.550000 -1.500000
v 1.954994 0.550000 -2.300000
v 1.954994 2.879030 -2.300000
v 1.954994 2.879030 -1.500000
v 1.919004 3.195187 -1.500000
v 1.919004 3.195187 -2.300000
v 1.812979 3.493474 -1.500000
v 1.812979 3.493474 -2.300000
v 1.638310 3.772376 -1.500000
v 1.638310 3.772377 -2.300000
v 1.399398 4.020854 -1.500000
v 1.399398 4.020855 -2.300000
v 1.103903 4.227857 -1.500000
v 1.103903 4.227857 -2.300000
v 0.762758 4.383513 -1.500000
v 0.762758 4.383514 -2.300000
v 0.389615 4.480141 -1.500000
v 0.389615 4.480141 -2.300000
v 0.000000 5.348941 -1.500000
v 0.000000 5.499315 -2.300000
v 3.551908 2.822223 -1.500000
v 2.404994 2.822223 -1.500000
v 2.404994 0.700000 -1.500000
v 3.551908 0.700000 -1.500000
v 1.212997 5.152651 -1.500000
v 1.212997 4.677535 -1.500000
v 1.692083 4.363364 -1.500000
v 1.993283 4.049925 -1.500000
v 2.218524 3.690034 -1.500000
v 2.357995 3.297359 -1.500000
v 2.400770 2.965384 -1.500000
v 3.551908 2.965384 -1.500000
v 3.551908 5.152651 -1.500000
v 2.454994 2.772223 -1.500000
v 3.501908 2.772223 -1.500000
v 3.501908 0.750000 -1.500000
v 2.454994 0.750000 -1.500000
v 1.262997 4.708113 -1.500000
v 1.262997 5.102651 -1.500000
v 3.501908 5.102651 -1.500000
v 1.724604 4.401421 -1.500000
v 2.032725 4.080764 -1.500000
v 2.263585 3.711874 -1.500000
v 2.406771 3.308711 -1.500000
v 2.447976 3.015384 -1.500000
v 3.501908 3.015384 -1.500000
v 1.953072 4.818536 -1.500000
v 1.953072 4.618121 -1.500000
v 2.151872 4.440281 -1.500000
v 2.329904 4.231136 -1.500000
v 2.483778 3.998513 -1.500000
v 2.627389 3.659535 -1.500000
v 3.198475 3.659535 -1.500000
v 3.198475 4.818536 -1.500000
v 3.193453 2.463768 -1.500000
v 2.763449 2.463768 -1.500000
v 2.763449 1.058455 -1.500000
v 3.193453 1.058455 -1.500000
v 2.171400 4.653255 -1.666886
v 2.171400 4.818536 -1.666886
v 3.198475 4.818536 -1.666886
v 2.335350 4.506592 -1.666886
v 2.482171 4.334111 -1.666886
v 2.609070 4.142269 -1.666886
v 2.727505 3.862716 -1.666886
v 3.198475 3.862716 -1.666886
v 2.763449 2.256881 -1.666886
v 3.193453 2.256882 -1.666886
v 3.193453 1.265341 -1.666886
v 2.763449 1.265341 -1.666886
v 0.000000 5.499315 -1.500000
v -4.000000 0.550000 -3.545006
v -3.200000 0.550000 -3.545006
v -3.200000 2.879030 -3.545006
v -4.000000 2.879030 -3.545006
v -4.000000 3.195187 -3.580996
v -3.200000 3.195187 -3.580996
v -4.000000 3.493474 -3.687021
v -3.200000 3.493474 -3.687021
v -4.000000 3.772376 -3.861690
v -3.200000 3.772377 -3.861690
v -4.000000 4.020854 -4.100602
v -3.200000 4.020855 -4.100602
v -4.000000 4.227857 -4.396097
v -3.200000 4.227857 -4.396097
v -4.000000 4.383513 -4.737242
v -3.200000 4.383514 -4.737242
v -4.000000 4.480141 -5.110385
v -3.200000 4.480141 -5.110385
v -4.000000 2.822223 -1.948092
v -4.000000 2.822223 -3.095006
v -4.000000 0.700000 -3.095006
v -4.000000 0.700000 -1.948092
v -4.000000 5.152651 -4.287003
v -4.000000 4.677535 -4.287004
v -4.000000 4.363364 -3.807917
v -4.000000 4.049925 -3.506717
v -4.000000 3.690034 -3.281476
v -4.000000 3.297359 -3.142005
v -4.000000 2.965384 -3.099230
v -4.000000 2.965384 -1.948092
v -4.000000 5.152651 -1.948092
v -4.000000 2.772223 -3.045006
v -4.000000 2.772223 -1.998092
v -4.000000 0.750000 -1.998092
v -4.000000 0.750000 -3.045006
v -4.000000 4.708113 -4.237003
v -4.000000 5.102651 -4.237003
v -4.000000 5.102651 -1.998092
v -4.000000 4.401421 -3.775396
v -4.000000 4.080764 -3.467275
v -4.000000 3.711874 -3.236415
v -4.000000 3.308711 -3.093229
v -4.000000 3.015384 -3.052024
v -4.000000 3.015384 -1.998092
v -4.000000 4.818536 -3.546928
v -4.000000 4.618121 -3.546928
v -4.000000 4.440281 -3.348128
v -4.000000 4.231136 -3.170096
v -4.000000 3.998513 -3.016222
v -4.000000 3.659535 -2.872611
v -4.000000 3.659535 -2.301525
v -4.000000 4.818536 -2.301525
v -4.000000 2.463768 -2.306547
v -4.000000 2.463768 -2.736551
v -4.000000 1.058455 -2.736551
v -4.000000 1.058455 -2.306547
v -3.833114 4.653255 -3.328600
v -3.833114 4.818536 -3.328600
v -3.833114 4.818536 -2.301525
v -3.833114 4.506592 -3.164650
v -3.833114 4.334111 -3.017829
v -3.833114 4.142269 -2.890930
v -3.833114 3.862716 -2.772495
v -3.833114 3.862716 -2.301525
v -3.833114 2.256881 -2.736551
v -3.833114 2.256882 -2.306547
v -3.833114 1.265341 -2.306547
v -3.833114 1.265341 -2.736551
v -3.200000 5.499315 -2.300000
v -4.000000 0.550000 -1.500000
v -3.200000 0.550000 -2.300000
v -4.000000 2.887433 -1.500000
v -4.000000 5.348941 -1.500000
v -4.000000 5.499315 -1.500000
v -1.954994 0.550000 -1.500000
v -1.954994 0.550000 -2.300000
v -1.954994 2.879030 -2.300000
v -1.954994 2.879030 -1.500000
v -1.919004 3.195187 -1.500000
v -1.919004 3.195187 -2.300000
v -1.812979 3.493474 -1.500000
v -1.812979 3.493474 -2.300000
v -1.638310 3.772376 -1.500000
v -1.638310 3.772377 -2.300000
v -1.399398 4.020854 -1.500000
v -1.399398 4.020855 -2.300000
v -1.103903 4.227857 -1.500000
v -1.103903 4.227857 -2.300000
v -0.762758 4.383513 -1.500000
v -0.762758 4.383514 -2.300000
v -0.389615 4.480141 -1.500000
v -0.389615 4.480141 -2.300000
v -3.551908 2.822223 -1.500000
v -2.404994 2.822223 -1.500000
v -2.404994 0.700000 -1.500000
v -3.551908 0.700000 -1.500000
v -1.212997 5.152651 -1.500000
v -1.212997 4.677535 -1.500000
v -1.692083 4.363364 -1.500000
v -1.993283 4.049925 -1.500000
v -2.218524 3.690034 -1.500000
v -2.357995 3.297359 -1.500000
v -2.400770 2.965384 -1.500000
v -3.551908 2.965384 -1.500000
v -3.551908 5.152651 -1.500000
v -2.454994 2.772223 -1.500000
v -3.501908 2.772223 -1.500000
v -3.501908 0.750000 -1.500000
v -2.454994 0.750000 -1.500000
v -1.262997 4.708113 -1.500000
v -1.262997 5.102651 -1.500000
v -3.501908 5.102651 -1.500000
v -1.724604 4.401421 -1.500000
v -2.032725 4.080764 -1.500000
v -2.263585 3.711874 -1.500000
v -2.406771 3.308711 -1.500000
v -2.447976 3.015384 -1.500000
v -3.501908 3.015384 -1.500000
v -1.953072 4.818536 -1.500000
v -1.953072 4.618121 -1.500000
v -2.151872 4.440281 -1.500000
v -2.329904 4.231136 -1.500000
v -2.483778 3.998513 -1.500000
v -2.627389 3.659535 -1.500000
v -3.198475 3.659535 -1.500000
v -3.198475 4.818536 -1.500000
v -3.193453 2.463768 -1.500000
v -2.763449 2.463768 -1.500000
v -2.763449 1.058455 -1.500000
v -3.193453 1.058455 -1.500000
v -2.171400 4.653255 -1.666886
v -2.171400 4.818536 -1.666886
v -3.198475 4.818536 -1.666886
v -2.335350 4.506592 -1.666886
v -2.482171 4.334111 -1.666886
v -2.609070 4.142269 -1.666886
v -2.727505 3.862716 -1.666886
v -3.198475 3.862716 -1.666886
v -2.763449 2.256881 -1.666886
v -3.193453 2.256882 -1.666886
v -3.193453 1.265341 -1.666886
v -2.763449 1.265341 -1.666886
v 3.200000 4.512899 5.500000
v 4.000000 4.512899 5.500000
v 4.000000 0.550000 7.454994
v 3.200000 0.550000 7.454994
v 3.200000 2.879030 7.454994
v 4.000000 2.879030 7.454994
v 4.000000 3.195187 7.419004
v 3.200000 3.195187 7.419004
v 4.000000 3.493474 7.312979
v 3.200000 3.493474 7.312979
v 4.000000 3.772376 7.138309
v 3.200000 3.772377 7.138309
v 4.000000 4.020854 6.899399
v 3.200000 4.020855 6.899399
v 4.000000 4.227857 6.603903
v 3.200000 4.227857 6.603903
v 4.000000 4.383513 6.262758
v 3.200000 4.383514 6.262758
v 4.000000 4.480141 5.889615
v 3.200000 4.480141 5.889615
v 4.000000 5.348941 5.500000
v 3.200000 5.499315 5.500000
v 4.000000 2.822223 9.051908
v 4.000000 2.822223 7.904994
v 4.000000 0.700000 7.904994
v 4.000000 0.700000 9.051908
v 4.000000 5.152651 6.712997
v 4.000000 4.677535 6.712996
v 4.000000 4.363364 7.192083
v 4.000000 4.049925 7.493283
v 4.000000 3.690034 7.718525
v 4.000000 3.297359 7.857995
v 4.000000 2.965384 7.900770
v 4.000000 2.965384 9.051908
v 4.000000 5.152651 9.051908
v 4.000000 2.772223 7.954994
v 4.000000 2.772223 9.001907
v 4.000000 0.750000 9.001907
v 4.000000 0.750000 7.954994
v 4.000000 4.708113 6.762997
v 4.000000 5.102651 6.762997
v 4.000000 5.102651 9.001907
v 4.000000 4.401421 7.224604
v 4.000000 4.080764 7.532724
v 4.000000 3.711874 7.763585
v 4.000000 3.308711 7.906772
v 4.000000 3.015384 7.947976
v 4.000000 3.015384 9.001907
v 4.000000 4.818536 7.453072
v 4.000000 4.618121 7.453072
v 4.000000 4.440281 7.651873
v 4.000000 4.231136 7.829904
v 4.000000 3.998513 7.983778
v 4.000000 3.659535 8.127390
v 4.000000 3.659535 8.698475
v 4.000000 4.818536 8.698475
v 4.000000 2.463768 8.693453
v 4.000000 2.463768 8.263449
v 4.000000 1.058455 8.263449
v 4.000000 1.058455 8.693453
v 3.833114 4.653255 7.671400
v 3.833114 4.818536 7.671400
v 3.833114 4.818536 8.698475
v 3.833114 4.506592 7.835350
v 3.833114 4.334111 7.982170
v 3.833114 4.142269 8.109070
v 3.833114 3.862716 8.227505
v 3.833114 3.862716 8.698475
v 3.833114 2.256881 8.263449
v 3.833114 2.256882 8.693453
v 3.833114 1.265341 8.693453
v 3.833114 1.265341 8.263449
v 4.000000 5.499315 5.500000
v 3.200000 5.499315 8.700001
v 4.000000 0.550000 9.500000
v 3.200000 0.550000 8.700001
v 4.000000 2.887433 9.500000
v 4.000000 5.348941 9.500000
v 4.000000 5.499315 9.500000
v 0.000000 4.512899 8.700000
v 0.000000 4.512899 9.500000
v 1.954994 0.550000 9.500000
v 1.954994 0.550000 8.700000
v 1.954994 2.879030 8.700000
v 1.954994 2.879030 9.500000
v 1.919004 3.195187 9.500000
v 1.919004 3.195187 8.700000
v 1.812979 3.493474 9.500000
v 1.812979 3.493474 8.700000
v 1.638310 3.772376 9.500000
v 1.638310 3.772377 8.700000
v 1.399398 4.020854 9.500000
v 1.399398 4.020855 8.700000
v 1.103903 4.227857 9.500000
v 1.103903 4.227857 8.700000
v 0.762758 4.383513 9.500000
v 0.762758 4.383514 8.700000
v 0.389615 4.480141 9.500000
v 0.389615 4.480141 8.700000
v 0.000000 5.348941 9.500000
v 0.000000 5.499315 8.700000
v 3.551908 2.822223 9.500000
v 2.404994 2.822223 9.500000
v 2.404994 0.700000 9.500000
v 3.551908 0.700000 9.500000
v 1.212997 5.152651 9.500000
v 1.212997 4.677535 9.500000
v 1.692083 4.363364 9.500000
v 1.993283 4.049925 9.500000
v 2.218524 3.690034 9.500000
v 2.357995 3.297359 9.500000
v 2.400770 2.965384 9.500000
v 3.551908 2.965384 9.500000
v 3.551908 5.152651 9.500000
v 2.454994 2.772223 9.500000
v 3.501908 2.772223 9.500000
v 3.501908 0.750000 9.500000
v 2.454994 0.750000 9.500000
v 1.262997 4.708113 9.500000
v 1.262997 5.102651 9.500000
v 3.501908 5.102651 9.500000
v 1.724604 4.401421 9.500000
v 2.032725 4.080764 9.500000
v 2.263585 3.711874 9.500000
v 2.406771 3.308711 9.500000
v 2.447976 3.015384 9.500000
v 3.501908 3.015384 9.500000
v 1.953072 4.818536 9.500000
v 1.953072 4.618121 9.500000
v 2.151872 4.440281 9.500000
v 2.329904 4.231136 9.500000
v 2.483778 3.998513 9.500000
v 2.627389 3.659535 9.500000
v 3.198475 3.659535 9.500000
v 3.198475 4.818536 9.500000
v 3.193453 2.463768 9.500000
v 2.763449 2.463768 9.500000
v 2.763449 1.058455 9.500000
v 3.193453 1.058455 9.500000
v 2.171400 4.653255 9.333115
v 2.171400 4.818536 9.333115
v 3.198475 4.818536 9.333115
v 2.335350 4.506592 9.333115
v 2.482171 4.334111 9.333115
v 2.609070 4.142269 9.333115
v 2.727505 3.862716 9.333115
v 3.198475 3.862716 9.333115
v 2.763449 2.256881 9.333115
v 3.193453 2.256882 9.333115
v 3.193453 1.265341 9.333115
v 2.763449 1.265341 9.333115
v 0.000000 5.499315 9.500000
v -3.200000 4.512899 5.500000
v -4.000000 4.512899 5.500000
v -4.000000 0.550000 7.454994
v -3.200000 0.550000 7.454994
v -3.200000 2.879030 7.454994
v -4.000000 2.879030 7.454994
v -4.000000 3.195187 7.419004
v -3.200000 3.195187 7.419004
v -4.000000 3.493474 7.312979
v -3.200000 3.493474 7.312979
v -4.000000 3.772376 7.138309
v -3.200000 3.772377 7.138309
v -4.000000 4.020854 6.899399
v -3.200000 4.020855 6.899399
v -4.000000 4.227857 6.603903
v -3.200000 4.227857 6.603903
v -4.000000 4.383513 6.262758
v -3.200000 4.383514 6.262758
v -4.000000 4.480141 5.889615
v -3.200000 4.480141 5.889615
v -4.000000 5.348941 5.500000
v -3.200000 5.499315 5.500000
v -4.000000 2.822223 9.051908
v -4.000000 2.822223 7.904994
v -4.000000 0.700000 7.904994
v -4.000000 0.700000 9.051908
v -4.000000 5.152651 6.712997
v -4.000000 4.677535 6.712996
v -4.000000 4.363364 7.192083
v -4.000000 4.049925 7.493283
v -4.000000 3.690034 7.718525
v -4.000000 3.297359 7.857995
v -4.000000 2.965384 7.900770
v -4.000000 2.965384 9.051908
v -4.000000 5.152651 9.051908
v -4.000000 2.772223 7.954994
v -4.000000 2.772223 9.001907
v -4.000000 0.750000 9.001907
v -4.000000 0.750000 7.954994
v -4.000000 4.708113 6.762997
v -4.000000 5.102651 6.762997
v -4.000000 5.102651 9.001907
v -4.000000 4.401421 7.224604
v -4.000000 4.080764 7.532724
v -4.000000 3.711874 7.763585
v -4.000000 3.308711 7.906772
v -4.000000 3.015384 7.947976
v -4.000000 3.015384 9.001907
v -4.000000 4.818536 7.453072
v -4.000000 4.618121 7.453072
v -4.000000 4.440281 7.651873
v -4.000000 4.231136 7.829904
v -4.000000 3.998513 7.983778
v -4.000000 3.659535 8.127390
v -4.000000 3.659535 8.698475
v -4.000000 4.818536 8.698475
v -4.000000 2.463768 8.693453
v -4.000000 2.463768 8.263449
v -4.000000 1.058455 8.263449
v -4.000000 1.058455 8.693453
v -3.833114 4.653255 7.671400
v -3.833114 4.818536 7.671400
v -3.833114 4.818536 8.698475
v -3.833114 4.506592 7.835350
v -3.833114 4.334111 7.982170
v -3.833114 4.142269 8.109070
v -3.833114 3.862716 8.227505
v -3.833114 3.862716 8.698475
v -3.833114 2.256881 8.263449
v -3.833114 2.256882 8.693453
v -3.833114 1.265341 8.693453
v -3.833114 1.265341 8.263449
v -4.000000 5.499315 5.500000
v -3.200000 5.499315 8.700001
v -4.000000 0.550000 9.500000
v -3.200000 0.550000 8.700001
v -4.000000 2.887433 9.500000
v -4.000000 5.348941 9.500000
v -4.000000 5.499315 9.500000
v -1.954994 0.550000 9.500000
v -1.954994 0.550000 8.700000
v -1.954994 2.879030 8.700000
v -1.954994 2.879030 9.500000
v -1.919004 3.195187 9.500000
v -1.919004 3.195187 8.700000
v -1.812979 3.493474 9.500000
v -1.812979 3.493474 8.700000
v -1.638310 3.772376 9.500000
v -1.638310 3.772377 8.700000
v -1.399398 4.020854 9.500000
v -1.399398 4.020855 8.700000
v -1.103903 4.227857 9.500000
v -1.103903 4.227857 8.700000
v -0.762758 4.383513 9.500000
v -0.762758 4.383514 8.700000
v -0.389615 4.480141 9.500000
v -0.389615 4.480141 8.700000
v -3.551908 2.822223 9.500000
v -2.404994 2.822223 9.500000
v -2.404994 0.700000 9.500000
v -3.551908 0.700000 9.500000
v -1.212997 5.152651 9.500000
v -1.212997 4.677535 9.500000
v -1.692083 4.363364 9.500000
v -1.993283 4.049925 9.500000
v -2.218524 3.690034 9.500000
v -2.357995 3.297359 9.500000
v -2.400770 2.965384 9.500000
v -3.551908 2.965384 9.500000
v -3.551908 5.152651 9.500000
v -2.454994 2.772223 9.500000
v -3.501908 2.772223 9.500000
v -3.501908 0.750000 9.500000
v -2.454994 0.750000 9.500000
v -1.262997 4.708113 9.500000
v -1.262997 5.102651 9.500000
v -3.501908 5.102651 9.500000
v -1.724604 4.401421 9.500000
v -2.032725 4.080764 9.500000
v -2.263585 3.711874 9.500000
v -2.406771 3.308711 9.500000
v -2.447976 3.015384 9.500000
v -3.501908 3.015384 9.500000
v -1.953072 4.818536 9.500000
v -1.953072 4.618121 9.500000
v -2.151872 4.440281 9.500000
v -2.329904 4.231136 9.500000
v -2.483778 3.998513 9.500000
v -2.627389 3.659535 9.500000
v -3.198475 3.659535 9.500000
v -3.198475 4.818536 9.500000
v -3.193453 2.463768 9.500000
v -2.763449 2.463768 9.500000
v -2.763449 1.058455 9.500000
v -3.193453 1.058455 9.500000
v -2.171400 4.653255 9.333115
v -2.171400 4.818536 9.333115
v -3.198475 4.818536 9.333115
v -2.335350 4.506592 9.333115
v -2.482171 4.334111 9.333115
v -2.609070 4.142269 9.333115
v -2.727505 3.862716 9.333115
v -3.198475 3.862716 9.333115
v -2.763449 2.256881 9.333115
v -3.193453 2.256882 9.333115
v -3.193453 1.265341 9.333115
v -2.763449 1.265341 9.333115
v 4.000000 0.550000 3.545006
v 3.200000 0.550000 3.545006
v 3.200000 2.879030 3.545006
v 4.000000 2.879030 3.545006
v 4.000000 3.195187 3.580996
v 3.200000 3.195187 3.580996
v 4.000000 3.493474 3.687021
v 3.200000 3.493474 3.687021
v 4.000000 3.772376 3.861691
v 3.200000 3.772377 3.861691
v 4.000000 4.020854 4.100601
v 3.200000 4.020855 4.100601
v 4.000000 4.227857 4.396097
v 3.200000 4.227857 4.396097
v 4.000000 4.383513 4.737242
v 3.200000 4.383514 4.737242
v 4.000000 4.480141 5.110385
v 3.200000 4.480141 5.110385
v 4.000000 2.822223 1.948092
v 4.000000 2.822223 3.095006
v 4.000000 0.700000 3.095006
v 4.000000 0.700000 1.948092
v 4.000000 5.152651 4.287003
v 4.000000 4.677535 4.287004
v 4.000000 4.363364 3.807917
v 4.000000 4.049925 3.506717
v 4.000000 3.690034 3.281475
v 4.000000 3.297359 3.142005
v 4.000000 2.965384 3.099230
v 4.000000 2.965384 1.948092
v 4.000000 5.152651 1.948092
v 4.000000 2.772223 3.045006
v 4.000000 2.772223 1.998093
v 4.000000 0.750000 1.998093
v 4.000000 0.750000 3.045006
v 4.000000 4.708113 4.237003
v 4.000000 5.102651 4.237003
v 4.000000 5.102651 1.998093
v 4.000000 4.401421 3.775396
v 4.000000 4.080764 3.467276
v 4.000000 3.711874 3.236415
v 4.000000 3.308711 3.093228
v 4.000000 3.015384 3.052024
v 4.000000 3.015384 1.998093
v 4.000000 4.818536 3.546928
v 4.000000 4.618121 3.546928
v 4.000000 4.440281 3.348127
v 4.000000 4.231136 3.170096
v 4.000000 3.998513 3.016222
v 4.000000 3.659535 2.872610
v 4.000000 3.659535 2.301525
v 4.000000 4.818536 2.301525
v 4.000000 2.463768 2.306547
v 4.000000 2.463768 2.736551
v 4.000000 1.058455 2.736551
v 4.000000 1.058455 2.306547
v 3.833114 4.653255 3.328600
v 3.833114 4.818536 3.328600
v 3.833114 4.818536 2.301525
v 3.833114 4.506592 3.164650
v 3.833114 4.334111 3.017830
v 3.833114 4.142269 2.890930
v 3.833114 3.862716 2.772495
v 3.833114 3.862716 2.301525
v 3.833114 2.256881 2.736551
v 3.833114 2.256882 2.306547
v 3.833114 1.265341 2.306547
v 3.833114 1.265341 2.736551
v 3.200000 5.499315 2.300000
v 4.000000 0.550000 1.500000
v 3.200000 0.550000 2.300000
v 4.000000 2.887433 1.500000
v 4.000000 5.348941 1.500000
v 4.000000 5.499315 1.500000
v 0.000000 4.512899 2.300000
v 0.000000 4.512899 1.500000
v 1.954994 0.550000 1.500000
v 1.954994 0.550000 2.300000
v 1.954994 2.879030 2.300000
v 1.954994 2.879030 1.500000
v 1.919004 3.195187 1.500000
v 1.919004 3.195187 2.300000
v 1.812979 3.493474 1.500000
v 1.812979 3.493474 2.300000
v 1.638310 3.772376 1.500000
v 1.638310 3.772377 2.300000
v 1.399398 4.020854 1.500000
v 1.399398 4.020855 2.300000
v 1.103903 4.227857 1.500000
v 1.103903 4.227857 2.300000
v 0.762758 4.383513 1.500000
v 0.762758 4.383514 2.300000
v 0.389615 4.480141 1.500000
v 0.389615 4.480141 2.300000
v 0.000000 5.348941 1.500000
v 0.000000 5.499315 2.300000
v 3.551908 2.822223 1.500000
v 2.404994 2.822223 1.500000
v 2.404994 0.700000 1.500000
v 3.551908 0.700000 1.500000
v 1.212997 5.152651 1.500000
v 1.212997 4.677535 1.500000
v 1.692083 4.363364 1.500000
v 1.993283 4.049925 1.500000
v 2.218524 3.690034 1.500000
v 2.357995 3.297359 1.500000
v 2.400770 2.965384 1.500000
v 3.551908 2.965384 1.500000
v 3.551908 5.152651 1.500000
v 2.454994 2.772223 1.500000
v 3.501908 2.772223 1.500000
v 3.501908 0.750000 1.500000
v 2.454994 0.750000 1.500000
v 1.262997 4.708113 1.500000
v 1.262997 5.102651 1.500000
v 3.501908 5.102651 1.500000
v 1.724604 4.401421 1.500000
v 2.032725 4.080764 1.500000
v 2.263585 3.711874 1.500000
v 2.406771 3.308711 1.500000
v 2.447976 3.015384 1.500000
v 3.501908 3.015384 1.500000
v 1.953072 4.818536 1.500000
v 1.953072 4.618121 1.500000
v 2.151872 4.440281 1.500000
v 2.329904 4.231136 1.500000
v 2.483778 3.998513 1.500000
v 2.627389 3.659535 1.500000
v 3.198475 3.659535 1.500000
v 3.198475 4.818536 1.500000
v 3.193453 2.463768 1.500000
v 2.763449 2.463768 1.500000
v 2.763449 1.058455 1.500000
v 3.193453 1.058455 1.500000
v 2.171400 4.653255 1.666885
v 2.171400 4.818536 1.666885
v 3.198475 4.818536 1.666885
v 2.335350 4.506592 1.666885
v 2.482171 4.334111 1.666885
v 2.609070 4.142269 1.666885
v 2.727505 3.862716 1.666885
v 3.198475 3.862716 1.666885
v 2.763449 2.256881 1.666885
v 3.193453 2.256882 1.666885
v 3.193453 1.265341 1.666885
v 2.763449 1.265341 1.666885
v 0.000000 5.499315 1.500000
v -4.000000 0.550000 3.545006
v -3.200000 0.550000 3.545006
v -3.200000 2.879030 3.545006
v -4.000000 2.879030 3.545006
v -4.000000 3.195187 3.580996
v -3.200000 3.195187 3.580996
v -4.000000 3.493474 3.687021
v -3.200000 3.493474 3.687021
v -4.000000 3.772376 3.861691
v -3.200000 3.772377 3.861691
v -4.000000 4.020854 4.100601
v -3.200000 4.020855 4.100601
v -4.000000 4.227857 4.396097
v -3.200000 4.227857 4.396097
v -4.000000 4.383513 4.737242
v -3.200000 4.383514 4.737242
v -4.000000 4.480141 5.110385
v -3.200000 4.480141 5.110385
v -4.000000 2.822223 1.948092
v -4.000000 2.822223 3.095006
v -4.000000 0.700000 3.095006
v -4.000000 0.700000 1.948092
v -4.000000 5.152651 4.287003
v -4.000000 4.677535 4.287004
v -4.000000 4.363364 3.807917
v -4.000000 4.049925 3.506717
v -4.000000 3.690034 3.281475
v -4.000000 3.297359 3.142005
v -4.000000 2.965384 3.099230
v -4.000000 2.965384 1.948092
v -4.000000 5.152651 1.948092
v -4.000000 2.772223 3.045006
v -4.000000 2.772223 1.998093
v -4.000000 0.750000 1.998093
v -4.000000 0.750000 3.045006
v -4.000000 4.708113 4.237003
v -4.000000 5.102651 4.237003
v -4.000000 5.102651 1.998093
v -4.000000 4.401421 3.775396
v -4.000000 4.080764 3.467276
v -4.000000 3.711874 3.236415
v -4.000000 3.308711 3.093228
v -4.000000 3.015384 3.052024
v -4.000000 3.015384 1.998093
v -4.000000 4.818536 3.546928
v -4.000000 4.618121 3.546928
v -4.000000 4.440281 3.348127
v -4.000000 4.231136 3.170096
v -4.000000 3.998513 3.016222
v -4.000000 3.659535 2.872610
v -4.000000 3.659535 2.301525
v -4.000000 4.818536 2.301525
v -4.000000 2.463768 2.306547
v -4.000000 2.463768 2.736551
v -4.000000 1.058455 2.736551
v -4.000000 1.058455 2.306547
v -3.833114 4.653255 3.328600
v -3.833114 4.818536 3.328600
v -3.833114 4.818536 2.301525
v -3.833114 4.506592 3.164650
v -3.833114 4.334111 3.017830
v -3.833114 4.142269 2.890930
v -3.833114 3.862716 2.772495
v -3.833114 3.862716 2.301525
v -3.833114 2.256881 2.736551
v -3.833114 2.256882 2.306547
v -3.833114 1.265341 2.306547
v -3.833114 1.265341 2.736551
v -3.200000 5.499315 2.300000
v -4.000000 0.550000 1.500000
v -3.200000 0.550000 2.300000
v -4.000000 2.887433 1.500000
v -4.000000 5.348941 1.500000
v -4.000000 5.499315 1.500000
v -1.954994 0.550000 1.500000
v -1.954994 0.550000 2.300000
v -1.954994 2.879030 2.300000
v -1.954994 2.879030 1.500000
v -1.919004 3.195187 1.500000
v -1.919004 3.195187 2.300000
v -1.812979 3.493474 1.500000
v -1.812979 3.493474 2.300000
v -1.638310 3.772376 1.500000
v -1.638310 3.772377 2.300000
v -1.399398 4.020854 1.500000
v -1.399398 4.020855 2.300000
v -1.103903 4.227857 1.500000
v -1.103903 4.227857 2.300000
v -0.762758 4.383513 1.500000
v -0.762758 4.383514 2.300000
v -0.389615 4.480141 1.500000
v -0.389615 4.480141 2.300000
v -3.551908 2.822223 1.500000
v -2.404994 2.822223 1.500000
v -2.404994 0.700000 1.500000
v -3.551908 0.700000 1.500000
v -1.212997 5.152651 1.500000
v -1.212997 4.677535 1.500000
v -1.692083 4.363364 1.500000
v -1.993283 4.049925 1.500000
v -2.218524 3.690034 1.500000
v -2.357995 3.297359 1.500000
v -2.400770 2.965384 1.500000
v -3.551908 2.965384 1.500000
v -3.551908 5.152651 1.500000
v -2.454994 2.772223 1.500000
v -3.501908 2.772223 1.500000
v -3.501908 0.750000 1.500000
v -2.454994 0.750000 1.500000
v -1.262997 4.708113 1.500000
v -1.262997 5.102651 1.500000
v -3.501908 5.102651 1.500000
v -1.724604 4.401421 1.500000
v -2.032725 4.080764 1.500000
v -2.263585 3.711874 1.500000
v -2.406771 3.308711 1.500000
v -2.447976 3.015384 1.500000
v -3.501908 3.015384 1.500000
v -1.953072 4.818536 1.500000
v -1.953072 4.618121 1.500000
v -2.151872 4.440281 1.500000
v -2.329904 4.231136 1.500000
v -2.483778 3.998513 1.500000
v -2.627389 3.659535 1.500000
v -3.198475 3.659535 1.500000
v -3.198475 4.818536 1.500000
v -3.193453 2.463768 1.500000
v -2.763449 2.463768 1.500000
v -2.763449 1.058455 1.500000
v -3.193453 1.058455 1.500000
v -2.171400 4.653255 1.666885
v -2.171400 4.818536 1.666885
v -3.198475 4.818536 1.666885
v -2.335350 4.506592 1.666885
v -2.482171 4.334111 1.666885
v -2.609070 4.142269 1.666885
v -2.727505 3.862716 1.666885
v -3.198475 3.862716 1.666885
v -2.763449 2.256881 1.666885
v -3.193453 2.256882 1.666885
v -3.193453 1.265341 1.666885
v -2.763449 1.265341 1.666885
vt 1.166704 0.979788
vt 1.166708 1.032481
vt 1.033374 1.032491
vt 1.033370 0.979798
vt 1.512919 1.166667
vt 1.450730 1.166667
vt 1.450730 1.033333
vt 1.512919 1.033333
vt 1.166674 0.591616
vt 1.033341 0.591626
vt 1.166711 1.082195
vt 1.033378 1.082205
vt 1.166715 1.128679
vt 1.033382 1.128689
vt 1.166718 1.170092
vt 1.033385 1.170102
vt 1.619021 1.166667
vt 1.569774 1.166667
vt 1.569774 1.033333
vt 1.619021 1.033333
vt 1.385794 1.166667
vt 1.385794 1.033333
vt 1.618970 1.170092
vt 1.667750 1.227177
vt 1.587903 1.279539
vt 1.569721 1.204592
vt 2.052403 0.981189
vt 1.711569 0.979788
vt 1.786569 0.970320
vt 1.977721 0.970320
vt 1.711569 0.591616
vt 1.786569 0.616616
vt 2.052403 0.591616
vt 1.977721 0.616616
vt 1.512863 1.230535
vt 1.658788 1.128679
vt 1.717951 1.174937
vt 1.687900 1.082195
vt 1.755491 1.114955
vt 1.705571 1.032481
vt 1.778736 1.049510
vt 1.785865 0.994180
vt 1.786865 1.051402
vt 1.793733 1.002514
vt 1.823635 1.109872
vt 2.052403 1.391440
vt 1.977721 1.358725
vt 1.977721 0.994180
vt 1.385737 1.391440
vt 1.587903 1.358725
vt 1.774054 1.205139
vt 1.799700 1.166368
vt 1.820582 1.190330
vt 1.799432 1.222304
vt 1.744382 1.239997
vt 1.774962 1.251050
vt 1.724524 1.180077
vt 1.763001 1.118595
vt 1.711249 1.269637
vt 1.596236 1.284635
vt 1.673171 1.233520
vt 1.918816 1.109872
vt 1.969388 1.002514
vt 1.711249 1.303039
vt 1.596236 1.350391
vt 1.969388 1.350392
vt 1.918816 1.303039
vt 1.969388 0.961987
vt 1.794902 0.961987
vt 1.846312 0.910578
vt 1.917979 0.910578
vt 1.794903 0.624950
vt 1.846312 0.676359
vt 1.969388 0.624950
vt 1.917979 0.676359
vt 1.846312 0.876099
vt 1.917979 0.876099
vt 1.840321 1.143738
vt 1.166681 0.676359
vt 1.166698 0.910578
vt 1.138882 0.876099
vt 1.138869 0.710842
vt 1.747637 1.275494
vt 1.747637 1.303041
vt -0.166697 0.910577
vt -0.166680 0.676358
vt -0.138868 0.710841
vt -0.138880 0.876098
vt 1.918877 1.166667
vt 1.711310 1.166667
vt 1.747698 1.138852
vt 1.918877 1.138853
vt 1.917979 0.710842
vt 1.846312 0.710842
vt 1.918816 1.143738
vt 1.166714 1.109872
vt 1.166728 1.303039
vt 1.138914 1.303041
vt 1.138902 1.143738
vt 1.385737 1.252099
vt 1.450673 1.246640
vt -0.711569 0.979798
vt -0.919070 1.416512
vt -0.919070 0.591626
vt -0.711569 0.591626
vt -1.052404 0.979814
vt -0.919070 0.979814
vt -0.919070 1.032507
vt -1.052404 1.032507
vt 2.052459 0.627127
vt 1.919126 0.627127
vt 1.919127 0.564936
vt 2.052461 0.564936
vt -1.052404 0.591642
vt -0.919070 0.591642
vt -0.919070 1.082223
vt -1.052404 1.082223
vt -0.919070 1.128709
vt -1.052403 1.128709
vt -0.919070 1.170125
vt -1.052403 1.170125
vt 2.052455 0.733233
vt 1.919121 0.733233
vt 1.919124 0.683984
vt 2.052457 0.683984
vt 2.052461 0.500000
vt 1.919128 0.500000
vt 0.266717 1.170124
vt 0.315963 1.204629
vt 0.297775 1.279574
vt 0.217931 1.227206
vt -0.569721 1.204602
vt -0.512863 1.230545
vt -0.166703 0.981188
vt -0.092020 0.970325
vt 0.099132 0.970340
vt 0.174132 0.979813
vt 0.099159 0.616636
vt 0.174161 0.591642
vt -0.166673 0.591616
vt -0.091993 0.616621
vt 0.372819 1.230576
vt 0.226901 1.128708
vt 0.167735 1.174962
vt 0.197793 1.082222
vt 0.130200 1.114977
vt 0.180126 1.032507
vt 0.106960 1.049530
vt 0.099835 0.994200
vt 0.098830 1.051421
vt 0.062056 1.109889
vt 0.091966 1.002533
vt -0.092022 0.994185
vt -0.092049 1.358730
vt -0.166734 1.391439
vt 0.297769 1.358760
vt 0.499933 1.391490
vt 0.111630 1.205160
vt 0.086251 1.222320
vt 0.065103 1.190345
vt 0.085987 1.166387
vt 0.141299 1.240019
vt 0.110718 1.251069
vt 0.122689 1.118617
vt 0.161161 1.180101
vt 0.212511 1.233548
vt 0.289441 1.284669
vt 0.174430 1.269662
vt -0.033125 1.109882
vt -0.083689 1.002519
vt 0.289436 1.350426
vt 0.174428 1.303064
vt -0.033140 1.303049
vt -0.083715 1.350397
vt -0.083686 0.961993
vt -0.032273 0.910587
vt 0.039395 0.910593
vt 0.090800 0.962006
vt 0.039412 0.676374
vt 0.090825 0.624969
vt -0.032255 0.676368
vt -0.083660 0.624955
vt -0.032270 0.876106
vt 0.039397 0.876112
vt 0.045367 1.143751
vt -1.052404 0.676369
vt -1.024589 0.710850
vt -1.024589 0.876107
vt -1.052403 0.910588
vt 0.138039 1.303062
vt 0.138042 1.275515
vt 2.052403 0.910593
vt 2.024589 0.876112
vt 2.024589 0.710856
vt 2.052404 0.676374
vt 2.052465 1.033079
vt 2.024650 1.033079
vt 2.024651 0.861900
vt 2.052465 0.825512
vt 0.039410 0.710855
vt -0.032258 0.710850
vt -0.033128 1.143745
vt -1.052403 1.109882
vt -1.024589 1.143746
vt -1.024589 1.303049
vt -1.052403 1.303049
vt 0.435008 1.246685
vt 0.499943 1.252150
vt 0.825869 0.979814
vt 0.825840 0.591642
vt 1.033341 0.591627
vt 1.033404 1.416512
vt 0.684038 1.204629
vt 0.733285 1.170125
vt -0.166630 0.979890
vt -0.033296 0.979879
vt -0.033292 1.032572
vt -0.166626 1.032582
vt 1.512919 -0.166667
vt 1.512919 -0.033333
vt 1.450730 -0.033333
vt 1.450730 -0.166667
vt -0.166659 0.591718
vt -0.033326 0.591708
vt -0.033289 1.082287
vt -0.166622 1.082297
vt -0.033285 1.128770
vt -0.166618 1.128781
vt -0.033282 1.170183
vt -0.166615 1.170194
vt 1.619021 -0.166667
vt 1.619021 -0.033333
vt 1.569775 -0.033333
vt 1.569775 -0.166667
vt 1.385795 -0.166667
vt 1.385795 -0.033333
vt -0.618970 1.170194
vt -0.569721 1.204694
vt -0.587903 1.279640
vt -0.667751 1.227278
vt -1.052404 0.981290
vt -0.977722 0.970422
vt -0.786570 0.970422
vt -0.711570 0.979890
vt -0.786570 0.616718
vt -0.711570 0.591718
vt -1.052404 0.591718
vt -0.977722 0.616718
vt -0.512864 1.230637
vt -0.658789 1.128781
vt -0.717951 1.175039
vt -0.687900 1.082297
vt -0.755491 1.115057
vt -0.705571 1.032582
vt -0.778736 1.049611
vt -0.785866 0.994282
vt -0.786866 1.051503
vt -0.823636 1.109974
vt -0.793733 1.002615
vt -0.977722 0.994282
vt -0.977722 1.358827
vt -1.052404 1.391541
vt -0.587903 1.358826
vt -0.385737 1.391541
vt -0.774054 1.205241
vt -0.799432 1.222401
vt -0.820582 1.190427
vt -0.799700 1.166470
vt -0.744383 1.240098
vt -0.774962 1.251148
vt -0.763001 1.118697
vt -0.724524 1.180179
vt -0.673171 1.233621
vt -0.596237 1.284737
vt -0.711249 1.269738
vt -0.918816 1.109974
vt -0.969388 1.002615
vt -0.596237 1.350493
vt -0.711249 1.303141
vt -0.918816 1.303141
vt -0.969388 1.350493
vt -0.969388 0.962088
vt -0.917979 0.910679
vt -0.846312 0.910679
vt -0.794903 0.962088
vt -0.846312 0.676460
vt -0.794903 0.625051
vt -0.917979 0.676460
vt -0.969389 0.625051
vt -0.917979 0.876196
vt -0.846312 0.876196
vt -0.840321 1.143835
vt -0.166653 0.676460
vt -0.138836 0.710939
vt -0.138823 0.876196
vt -0.166635 0.910679
vt -0.747637 1.303138
vt -0.747637 1.275592
vt 1.166636 0.910679
vt 1.138824 0.876195
vt 1.138837 0.710939
vt 1.166654 0.676460
vt 1.918878 -0.166667
vt 1.918878 -0.138852
vt 1.747699 -0.138852
vt 1.711311 -0.166667
vt -0.846312 0.710939
vt -0.917979 0.710939
vt -0.918816 1.143835
vt -0.166620 1.109974
vt -0.138803 1.143835
vt -0.138791 1.303138
vt -0.166605 1.303141
vt -0.450673 1.246741
vt -0.385737 1.252201
vt 1.711570 0.979879
vt 1.711570 0.591708
vt 1.919071 0.591708
vt 1.919070 1.416594
vt 2.052404 0.979864
vt 2.052404 1.032556
vt 1.919070 1.032556
vt 1.919070 0.979864
vt 2.052459 0.372874
vt 2.052461 0.435064
vt 1.919127 0.435064
vt 1.919126 0.372874
vt 2.052404 0.591692
vt 1.919071 0.591692
vt 2.052404 1.082269
vt 1.919070 1.082269
vt 2.052404 1.128751
vt 1.919070 1.128751
vt 2.052404 1.170161
vt 1.919070 1.170161
vt 2.052455 0.266767
vt 2.052458 0.316016
vt 1.919124 0.316016
vt 1.919122 0.266767
vt 0.733183 1.170160
vt 0.781959 1.227248
vt 0.702107 1.279604
vt 0.683931 1.204657
vt 1.618970 1.170183
vt 1.658789 1.128770
vt 1.166631 0.981289
vt 0.825796 0.979863
vt 0.900797 0.970401
vt 1.091949 0.970415
vt 0.825826 0.591691
vt 0.900824 0.616697
vt 1.166660 0.591717
vt 1.091976 0.616711
vt 0.627071 1.230595
vt 0.773004 1.128750
vt 0.832163 1.175013
vt 0.802119 1.082268
vt 0.869708 1.115033
vt 0.819794 1.032555
vt 0.892958 1.049589
vt 0.900091 0.994261
vt 0.901087 1.051482
vt 0.907958 1.002595
vt 0.937852 1.109956
vt 1.166600 1.391541
vt 1.091920 1.358820
vt 1.091948 0.994275
vt 0.702101 1.358790
vt 0.888264 1.205219
vt 0.913913 1.166450
vt 0.934793 1.190411
vt 0.913641 1.222383
vt 0.858590 1.240074
vt 0.889168 1.251128
vt 0.838736 1.180153
vt 0.877218 1.118674
vt 0.825454 1.269711
vt 0.710440 1.284701
vt 0.787379 1.233592
vt 1.033033 1.109963
vt 1.083614 1.002608
vt 0.825451 1.303114
vt 0.710435 1.350458
vt 1.083587 1.350486
vt 1.033019 1.303130
vt 1.083617 0.962081
vt 0.909131 0.962068
vt 0.960544 0.910663
vt 1.032212 0.910668
vt 0.909157 0.625031
vt 0.960562 0.676444
vt 1.083642 0.625044
vt 1.032229 0.676449
vt 0.960547 0.876182
vt 1.032214 0.876187
vt 0.954536 1.143820
vt 2.052404 0.676450
vt 2.052404 0.910669
vt 2.024590 0.876188
vt 2.024590 0.710931
vt 0.861842 1.275570
vt 0.861840 1.303117
vt -1.052404 0.910664
vt -1.052404 0.676445
vt -1.024590 0.710926
vt -1.024590 0.876182
vt 2.052465 -0.033079
vt 2.052465 0.174488
vt 2.024651 0.138100
vt 2.024651 -0.033079
vt 1.032227 0.710930
vt 0.960559 0.710925
vt 1.033031 1.143826
vt 2.052404 1.109964
vt 2.052404 1.303130
vt 2.024589 1.303130
vt 2.024589 1.143827
vt 0.564880 1.246695
vt 0.174205 0.979864
vt -0.033263 1.416594
vt -0.033326 0.591708
vt 0.174175 0.591692
vt 0.266818 1.170161
vt 0.316070 1.204657
vt -0.166703 0.979788
vt -0.033370 0.979798
vt -0.033374 1.032491
vt -0.166707 1.032480
vt 1.258666 1.166667
vt 1.258666 1.033333
vt 1.320858 1.033333
vt 1.320858 1.166667
vt -0.166673 0.591616
vt -0.033340 0.591626
vt -0.033377 1.082205
vt -0.166711 1.082195
vt -0.033381 1.128689
vt -0.166714 1.128679
vt -0.033384 1.170102
vt -0.166717 1.170092
vt 1.152555 1.166667
vt 1.152555 1.033333
vt 1.201807 1.033333
vt 1.201807 1.166667
vt 1.152504 1.170092
vt 1.201753 1.204592
vt 1.183571 1.279539
vt 1.103723 1.227177
vt 0.719070 0.981188
vt 0.793752 0.970320
vt 0.984904 0.970320
vt 1.059904 0.979788
vt 0.984905 0.616616
vt 1.059905 0.591616
vt 0.719070 0.591616
vt 0.793752 0.616616
vt 1.258610 1.230535
vt 1.112685 1.128679
vt 1.053523 1.174937
vt 1.083574 1.082195
vt 1.015983 1.114955
vt 1.065903 1.032480
vt 0.992738 1.049509
vt 0.985608 0.994180
vt 0.984608 1.051401
vt 0.947838 1.109872
vt 0.977741 1.002513
vt 0.793752 0.994180
vt 0.793752 1.358725
vt 0.719070 1.391440
vt 1.183571 1.358725
vt 0.997419 1.205139
vt 0.972042 1.222303
vt 0.950892 1.190330
vt 0.971774 1.166368
vt 1.027091 1.239996
vt 0.996512 1.251050
vt 1.008473 1.118595
vt 1.046949 1.180077
vt 1.098303 1.233520
vt 1.175237 1.284635
vt 1.060225 1.269636
vt 0.852658 1.109872
vt 0.802086 1.002513
vt 1.175237 1.350391
vt 1.060225 1.303039
vt 0.852658 1.303039
vt 0.802085 1.350391
vt 0.802086 0.961987
vt 0.853495 0.910577
vt 0.925162 0.910577
vt 0.976571 0.961987
vt 0.925162 0.676358
vt 0.976571 0.624949
vt 0.853495 0.676358
vt 0.802086 0.624949
vt 0.853495 0.876099
vt 0.925162 0.876098
vt 0.931153 1.143738
vt -0.166680 0.676358
vt -0.138868 0.710842
vt -0.138881 0.876098
vt -0.166698 0.910577
vt 1.023837 1.303041
vt 1.023837 1.275494
vt 1.166698 0.910577
vt 1.138881 0.876098
vt 1.138869 0.710842
vt 1.166680 0.676358
vt 0.852719 1.166666
vt 0.852719 1.138852
vt 1.023898 1.138852
vt 1.060286 1.166667
vt 0.925162 0.710842
vt 0.853495 0.710842
vt 0.852658 1.143738
vt -0.166713 1.109872
vt -0.138901 1.143738
vt -0.138913 1.303041
vt -0.166728 1.303039
vt 1.320801 1.246640
vt -0.059904 0.979798
vt -0.059905 0.591626
vt 0.147597 0.591626
vt 0.147597 1.416512
vt 0.280930 0.979814
vt 0.280930 1.032507
vt 0.147597 1.032507
vt 0.147597 0.979814
vt 0.719126 0.627126
vt 0.719127 0.564936
vt 0.852461 0.564936
vt 0.852459 0.627126
vt 0.280930 0.591642
vt 0.147596 0.591642
vt 0.280930 1.082223
vt 0.147597 1.082223
vt 0.280930 1.128709
vt 0.147596 1.128709
vt 0.280930 1.170125
vt 0.147596 1.170125
vt 0.719121 0.733233
vt 0.719124 0.683984
vt 0.852457 0.683984
vt 0.852455 0.733233
vt 0.719128 0.500000
vt 0.852461 0.500000
vt 0.733284 1.170125
vt 0.782069 1.227206
vt 0.702226 1.279574
vt 0.684038 1.204629
vt -0.152504 1.170102
vt -0.112685 1.128689
vt 1.166703 0.981188
vt 0.825869 0.979814
vt 0.900868 0.970340
vt 1.092021 0.970326
vt 0.825839 0.591642
vt 0.900841 0.616636
vt 1.166674 0.591616
vt 1.091994 0.616622
vt 0.627182 1.230576
vt 0.773100 1.128709
vt 0.832265 1.174962
vt 0.802208 1.082223
vt 0.869801 1.114978
vt 0.819875 1.032507
vt 0.893041 1.049530
vt 0.900166 0.994200
vt 0.901171 1.051421
vt 0.908034 1.002533
vt 0.937945 1.109889
vt 1.166735 1.391440
vt 1.092050 1.358730
vt 1.092022 0.994186
vt 0.500068 1.391490
vt 0.702232 1.358760
vt 0.888371 1.205160
vt 0.914014 1.166387
vt 0.934898 1.190345
vt 0.913750 1.222321
vt 0.858702 1.240020
vt 0.889282 1.251069
vt 0.838839 1.180102
vt 0.877311 1.118617
vt 0.825571 1.269662
vt 0.710559 1.284670
vt 0.787490 1.233548
vt 1.033126 1.109882
vt 1.083690 1.002520
vt 0.825573 1.303065
vt 0.710564 1.350426
vt 1.083716 1.350398
vt 1.033140 1.303049
vt 1.083687 0.961993
vt 0.909201 0.962006
vt 0.960606 0.910593
vt 1.032274 0.910588
vt 0.909175 0.624969
vt 0.960588 0.676374
vt 1.083661 0.624956
vt 1.032256 0.676369
vt 0.960604 0.876112
vt 1.032271 0.876107
vt 0.954633 1.143752
vt 0.280930 0.676369
vt 0.280930 0.910588
vt 0.253116 0.876107
vt 0.253116 0.710850
vt 0.861959 1.275515
vt 0.861961 1.303062
vt 0.719070 0.910593
vt 0.719070 0.676374
vt 0.746884 0.710855
vt 0.746884 0.876112
vt 0.719131 1.033079
vt 0.719131 0.825512
vt 0.746946 0.861900
vt 0.746946 1.033079
vt 1.032258 0.710850
vt 0.960591 0.710855
vt 1.033128 1.143746
vt 0.280930 1.109882
vt 0.280930 1.303049
vt 0.253116 1.303049
vt 0.253116 1.143746
vt 0.500057 1.252150
vt 0.564993 1.246685
vt 0.174131 0.979814
vt -0.033403 1.416512
vt -0.033340 0.591626
vt 0.174161 0.591642
vt 0.266716 1.170125
vt 0.315963 1.204629
vt 1.166630 0.979889
vt 1.166626 1.032582
vt 1.033293 1.032572
vt 1.033297 0.979879
vt 1.258667 -0.166667
vt 1.320858 -0.166667
vt 1.320858 -0.033333
vt 1.258667 -0.033333
vt 1.166660 0.591717
vt 1.033327 0.591707
vt 1.166623 1.082296
vt 1.033289 1.082286
vt 1.166619 1.128780
vt 1.033286 1.128770
vt 1.166616 1.170193
vt 1.033283 1.170183
vt 1.152555 -0.166667
vt 1.201807 -0.166667
vt 1.201807 -0.033333
vt 1.152555 -0.033333
vt -0.152504 1.170193
vt -0.103723 1.227278
vt -0.183571 1.279640
vt -0.201753 1.204694
vt 0.280929 0.981290
vt -0.059905 0.979889
vt 0.015095 0.970421
vt 0.206247 0.970421
vt -0.059905 0.591718
vt 0.015095 0.616718
vt 0.280929 0.591718
vt 0.206247 0.616718
vt -0.258611 1.230637
vt -0.112686 1.128780
vt -0.053523 1.175039
vt -0.083574 1.082297
vt -0.015983 1.115057
vt -0.065903 1.032582
vt 0.007262 1.049611
vt 0.014391 0.994282
vt 0.015391 1.051503
vt 0.022259 1.002615
vt 0.052161 1.109973
vt 0.280930 1.391541
vt 0.206247 1.358826
vt 0.206247 0.994282
vt -0.183571 1.358826
vt 0.002580 1.205240
vt 0.028226 1.166470
vt 0.049108 1.190427
vt 0.027958 1.222401
vt -0.027092 1.240098
vt 0.003488 1.251148
vt -0.046950 1.180178
vt -0.008473 1.118697
vt -0.060225 1.269738
vt -0.175238 1.284737
vt -0.098303 1.233621
vt 0.147342 1.109973
vt 0.197914 1.002615
vt -0.060225 1.303140
vt -0.175238 1.350493
vt 0.197914 1.350493
vt 0.147342 1.303140
vt 0.197914 0.962088
vt 0.023428 0.962088
vt 0.074838 0.910679
vt 0.146505 0.910679
vt 0.023428 0.625051
vt 0.074837 0.676460
vt 0.197914 0.625051
vt 0.146505 0.676460
vt 0.074838 0.876196
vt 0.146505 0.876196
vt 0.068847 1.143835
vt 1.166653 0.676460
vt 1.166636 0.910679
vt 1.138824 0.876195
vt 1.138837 0.710939
vt -0.023837 1.275591
vt -0.023837 1.303138
vt -0.166635 0.910679
vt -0.166653 0.676460
vt -0.138836 0.710939
vt -0.138824 0.876196
vt 0.852719 -0.166667
vt 1.060287 -0.166667
vt 1.023898 -0.138853
vt 0.852719 -0.138853
vt 0.146505 0.710939
vt 0.074838 0.710939
vt 0.147342 1.143835
vt 1.166620 1.109973
vt 1.166606 1.303140
vt 1.138792 1.303138
vt 1.138804 1.143835
vt -0.320801 1.246741
vt 1.059905 0.979879
vt 0.852404 1.416593
vt 0.852404 0.591707
vt 1.059905 0.591707
vt 0.719070 0.979863
vt 0.852404 0.979863
vt 0.852404 1.032556
vt 0.719070 1.032556
vt 0.719126 0.372873
vt 0.852459 0.372873
vt 0.852461 0.435064
vt 0.719127 0.435064
vt 0.719070 0.591692
vt 0.852404 0.591692
vt 0.852404 1.082269
vt 0.719070 1.082269
vt 0.852404 1.128750
vt 0.719070 1.128750
vt 0.852404 1.170160
vt 0.719070 1.170160
vt 0.719122 0.266767
vt 0.852455 0.266767
vt 0.852458 0.316016
vt 0.719124 0.316016
vt 0.266818 1.170160
vt 0.316070 1.204657
vt 0.297893 1.279605
vt 0.218042 1.227249
vt 1.201753 1.204684
vt 1.258611 1.230627
vt -0.166630 0.981290
vt -0.091949 0.970416
vt 0.099204 0.970401
vt 0.174204 0.979863
vt 0.099177 0.616697
vt 0.174175 0.591692
vt -0.166660 0.591718
vt -0.091976 0.616712
vt 0.372929 1.230595
vt 0.226996 1.128750
vt 0.167838 1.175013
vt 0.197881 1.082269
vt 0.130293 1.115034
vt 0.180207 1.032556
vt 0.107043 1.049590
vt 0.099909 0.994261
vt 0.098913 1.051483
vt 0.062148 1.109956
vt 0.092042 1.002595
vt -0.091947 0.994276
vt -0.091919 1.358820
vt -0.166599 1.391541
vt 0.297899 1.358791
vt 0.111737 1.205219
vt 0.086360 1.222383
vt 0.065208 1.190411
vt 0.086088 1.166451
vt 0.141411 1.240074
vt 0.110832 1.251128
vt 0.122783 1.118675
vt 0.161264 1.180153
vt 0.212622 1.233592
vt 0.289560 1.284702
vt 0.174547 1.269712
vt -0.033033 1.109963
vt -0.083613 1.002609
vt 0.289565 1.350458
vt 0.174549 1.303114
vt -0.033018 1.303130
vt -0.083586 1.350486
vt -0.083616 0.962082
vt -0.032211 0.910669
vt 0.039457 0.910663
vt 0.090870 0.962068
vt 0.039439 0.676444
vt 0.090844 0.625031
vt -0.032229 0.676450
vt -0.083642 0.625045
vt -0.032213 0.876188
vt 0.039454 0.876182
vt 0.045465 1.143821
vt 0.719070 0.676450
vt 0.746885 0.710931
vt 0.746885 0.876188
vt 0.719070 0.910669
vt 0.138161 1.303117
vt 0.138159 1.275570
vt 0.280929 0.910663
vt 0.253115 0.876182
vt 0.253115 0.710925
vt 0.280929 0.676444
vt 0.719132 -0.033080
vt 0.746946 -0.033080
vt 0.746946 0.138100
vt 0.719132 0.174488
vt 0.039441 0.710925
vt -0.032226 0.710931
vt -0.033030 1.143827
vt 0.719070 1.109963
vt 0.746885 1.143827
vt 0.746885 1.303130
vt 0.719070 1.303130
vt 0.435121 1.246695
vt 0.825796 0.979863
vt 0.825825 0.591691
vt 1.033327 0.591707
vt 1.033264 1.416593
vt 0.683930 1.204657
vt 0.733182 1.170160
vt -0.166704 0.979788
vt -0.033370 0.979798
vt -0.033374 1.032491
vt -0.166708 1.032481
vt -0.574667 1.166666
vt -0.574667 1.033332
vt -0.512475 1.033333
vt -0.512475 1.166666
vt -0.166674 0.591616
vt -0.033341 0.591626
vt -0.033378 1.082205
vt -0.166711 1.082195
vt -0.033381 1.128689
vt -0.166715 1.128679
vt -0.033385 1.170102
vt -0.166718 1.170092
vt -0.680779 1.166666
vt -0.680779 1.033332
vt -0.631527 1.033332
vt -0.631527 1.166666
vt -0.447539 1.166666
vt -0.447539 1.033333
vt -0.680830 1.170091
vt -0.631581 1.204592
vt -0.649763 1.279538
vt -0.729611 1.227176
vt -1.114263 0.981188
vt -1.039581 0.970319
vt -0.848429 0.970319
vt -0.773429 0.979787
vt -0.848429 0.616616
vt -0.773429 0.591616
vt -1.114263 0.591615
vt -1.039581 0.616615
vt -0.574723 1.230535
vt -0.720648 1.128678
vt -0.779811 1.174936
vt -0.749760 1.082195
vt -0.817351 1.114954
vt -0.767431 1.032480
vt -0.840596 1.049509
vt -0.847725 0.994180
vt -0.848725 1.051401
vt -0.885495 1.109871
vt -0.855593 1.002513
vt -1.039581 0.994179
vt -1.039581 1.358724
vt -1.114263 1.391439
vt -0.649763 1.358724
vt -0.447597 1.391439
vt -0.835914 1.205138
vt -0.861292 1.222303
vt -0.882442 1.190329
vt -0.861560 1.166368
vt -0.806242 1.239996
vt -0.836822 1.251050
vt -0.824861 1.118595
vt -0.786384 1.180076
vt -0.735031 1.233519
vt -0.658096 1.284634
vt -0.773109 1.269636
vt -0.980676 1.109871
vt -1.031248 1.002513
vt -0.658096 1.350391
vt -0.773109 1.303038
vt -0.980676 1.303038
vt -1.031248 1.350391
vt -1.031248 0.961986
vt -0.979839 0.910577
vt -0.908171 0.910577
vt -0.856762 0.961986
vt -0.908171 0.676358
vt -0.856762 0.624949
vt -0.979839 0.676358
vt -1.031248 0.624949
vt -0.979839 0.876098
vt -0.908171 0.876098
vt -0.902181 1.143737
vt -0.166681 0.676359
vt -0.138869 0.710842
vt -0.138881 0.876099
vt -0.166698 0.910578
vt -0.809497 1.303040
vt -0.809497 1.275494
vt 1.166698 0.910577
vt 1.138881 0.876098
vt 1.138868 0.710841
vt 1.166680 0.676358
vt -0.980615 1.166666
vt -0.980615 1.138851
vt -0.809435 1.138851
vt -0.773047 1.166666
vt -0.908171 0.710841
vt -0.979839 0.710841
vt -0.980676 1.143737
vt -0.166713 1.109872
vt -0.138902 1.143738
vt -0.138914 1.303041
vt -0.166728 1.303039
vt -0.512533 1.246639
vt -0.447597 1.252099
vt 1.773429 0.979797
vt 1.773429 0.591626
vt 1.980930 0.591626
vt 1.980930 1.416512
vt 2.114263 0.979813
vt 2.114263 1.032506
vt 1.980930 1.032506
vt 1.980930 0.979813
vt -1.114207 0.627125
vt -1.114206 0.564935
vt -0.980873 0.564935
vt -0.980874 0.627125
vt 2.114263 0.591641
vt 1.980930 0.591641
vt 2.114263 1.082222
vt 1.980930 1.082222
vt 2.114263 1.128708
vt 1.980930 1.128708
vt 2.114263 1.170124
vt 1.980930 1.170124
vt -1.114212 0.733232
vt -1.114209 0.683983
vt -0.980876 0.683983
vt -0.980879 0.733232
vt -1.114206 0.499999
vt -0.980872 0.499999
vt 0.733284 1.170124
vt 0.782069 1.227205
vt 0.702225 1.279573
vt 0.684037 1.204628
vt 1.680830 1.170102
vt 1.720648 1.128688
vt 1.166703 0.981188
vt 0.825868 0.979813
vt 0.900868 0.970339
vt 1.092020 0.970325
vt 0.825839 0.591641
vt 0.900841 0.616636
vt 1.166673 0.591615
vt 1.091993 0.616621
vt 0.627181 1.230575
vt 0.773099 1.128708
vt 0.832265 1.174962
vt 0.802207 1.082222
vt 0.869800 1.114977
vt 0.819874 1.032506
vt 0.893040 1.049529
vt 0.900165 0.994200
vt 0.901170 1.051421
vt 0.908034 1.002532
vt 0.937944 1.109889
vt 1.166734 1.391439
vt 1.092049 1.358730
vt 1.092022 0.994185
vt 0.500067 1.391490
vt 0.702231 1.358759
vt 0.888370 1.205159
vt 0.914013 1.166387
vt 0.934897 1.190345
vt 0.913750 1.222320
vt 0.858701 1.240019
vt 0.889282 1.251069
vt 0.838839 1.180101
vt 0.877311 1.118616
vt 0.825570 1.269662
vt 0.710559 1.284669
vt 0.787489 1.233548
vt 1.033125 1.109881
vt 1.083689 1.002519
vt 0.825573 1.303064
vt 0.710564 1.350425
vt 1.083716 1.350397
vt 1.033140 1.303048
vt 1.083686 0.961992
vt 0.909200 0.962005
vt 0.960606 0.910592
vt 1.032273 0.910587
vt 0.909175 0.624968
vt 0.960588 0.676374
vt 1.083660 0.624955
vt 1.032255 0.676368
vt 0.960603 0.876111
vt 1.032270 0.876106
vt 0.954633 1.143751
vt 2.114263 0.676368
vt 2.114263 0.910587
vt 2.086449 0.876106
vt 2.086449 0.710849
vt 0.861959 1.275514
vt 0.861961 1.303061
vt -1.114263 0.910593
vt -1.114263 0.676374
vt -1.086449 0.710855
vt -1.086449 0.876111
vt -1.114202 1.033078
vt -1.114202 0.825511
vt -1.086388 0.861899
vt -1.086388 1.033078
vt 1.032258 0.710849
vt 0.960590 0.710855
vt 1.033128 1.143745
vt 2.114263 1.109881
vt 2.114264 1.303048
vt 2.086449 1.303048
vt 2.086449 1.143745
vt 0.500057 1.252149
vt 0.564992 1.246685
vt 0.174131 0.979814
vt -0.033404 1.416512
vt -0.033341 0.591626
vt 0.174160 0.591642
vt 0.266716 1.170125
vt 0.315962 1.204629
vt 1.166630 0.979889
vt 1.166626 1.032582
vt 1.033293 1.032572
vt 1.033296 0.979879
vt -0.574667 -0.166667
vt -0.512475 -0.166668
vt -0.512475 -0.033334
vt -0.574667 -0.033334
vt 1.166659 0.591718
vt 1.033326 0.591707
vt 1.166622 1.082296
vt 1.033289 1.082286
vt 1.166618 1.128780
vt 1.033285 1.128770
vt 1.166615 1.170193
vt 1.033282 1.170183
vt -0.680778 -0.166667
vt -0.631526 -0.166667
vt -0.631526 -0.033334
vt -0.680778 -0.033334
vt -0.447539 -0.166667
vt -0.447539 -0.033334
vt 1.680829 1.170193
vt 1.729610 1.227278
vt 1.649762 1.279640
vt 1.631580 1.204693
vt 2.114263 0.981289
vt 1.773429 0.979889
vt 1.848428 0.970421
vt 2.039581 0.970421
vt 1.773428 0.591717
vt 1.848428 0.616717
vt 2.114263 0.591717
vt 2.039581 0.616717
vt 1.574723 1.230636
vt 1.720648 1.128780
vt 1.779810 1.175038
vt 1.749759 1.082296
vt 1.817350 1.115056
vt 1.767430 1.032582
vt 1.840595 1.049610
vt 1.847725 0.994281
vt 1.848725 1.051502
vt 1.855592 1.002614
vt 1.885494 1.109973
vt 2.114263 1.391541
vt 2.039581 1.358826
vt 2.039581 0.994281
vt 1.447596 1.391541
vt 1.649763 1.358826
vt 1.835914 1.205240
vt 1.861559 1.166469
vt 1.882441 1.190426
vt 1.861291 1.222400
vt 1.806242 1.240097
vt 1.836821 1.251147
vt 1.786384 1.180178
vt 1.824860 1.118696
vt 1.773108 1.269737
vt 1.658096 1.284736
vt 1.735030 1.233621
vt 1.980675 1.109973
vt 2.031247 1.002614
vt 1.773108 1.303140
vt 1.658096 1.350492
vt 2.031248 1.350492
vt 1.980675 1.303140
vt 2.031247 0.962088
vt 1.856762 0.962088
vt 1.908171 0.910679
vt 1.979838 0.910679
vt 1.856762 0.625050
vt 1.908171 0.676460
vt 2.031247 0.625050
vt 1.979838 0.676459
vt 1.908171 0.876195
vt 1.979838 0.876195
vt 1.902180 1.143834
vt 1.166653 0.676460
vt 1.166635 0.910679
vt 1.138823 0.876196
vt 1.138836 0.710939
vt 1.809496 1.275591
vt 1.809496 1.303138
vt -0.166636 0.910678
vt -0.166654 0.676459
vt -0.138837 0.710938
vt -0.138824 0.876195
vt -0.980614 -0.166668
vt -0.773047 -0.166668
vt -0.809435 -0.138853
vt -0.980614 -0.138853
vt 1.979838 0.710939
vt 1.908171 0.710939
vt 1.980675 1.143834
vt 1.166620 1.109973
vt 1.166605 1.303140
vt 1.138791 1.303138
vt 1.138803 1.143835
vt 1.447596 1.252200
vt 1.512532 1.246741
vt -0.773429 0.979879
vt -0.980930 1.416593
vt -0.980930 0.591707
vt -0.773429 0.591707
vt -1.114263 0.979863
vt -0.980930 0.979863
vt -0.980930 1.032555
vt -1.114263 1.032555
vt -1.114207 0.372873
vt -0.980874 0.372873
vt -0.980873 0.435063
vt -1.114206 0.435063
vt -1.114263 0.591691
vt -0.980929 0.591691
vt -0.980930 1.082268
vt -1.114263 1.082268
vt -0.980930 1.128750
vt -1.114263 1.128750
vt -0.980930 1.170160
vt -1.114263 1.170160
vt -1.114212 0.266766
vt -0.980878 0.266766
vt -0.980876 0.316015
vt -1.114209 0.316015
vt 0.266817 1.170160
vt 0.316069 1.204656
vt 0.297893 1.279604
vt 0.218041 1.227248
vt -0.631580 1.204683
vt -0.574723 1.230626
vt -0.166631 0.981289
vt -0.091949 0.970415
vt 0.099203 0.970401
vt 0.174204 0.979863
vt 0.099176 0.616697
vt 0.174174 0.591691
vt -0.166660 0.591717
vt -0.091976 0.616711
vt 0.372929 1.230595
vt 0.226996 1.128750
vt 0.167837 1.175012
vt 0.197881 1.082268
vt 0.130292 1.115033
vt 0.180206 1.032555
vt 0.107042 1.049589
vt 0.099909 0.994261
vt 0.098913 1.051482
vt 0.062148 1.109955
vt 0.092042 1.002595
vt -0.091948 0.994275
vt -0.091920 1.358820
vt -0.166599 1.391541
vt 0.297899 1.358790
vt 0.111736 1.205219
vt 0.086359 1.222383
vt 0.065207 1.190411
vt 0.086087 1.166450
vt 0.141410 1.240074
vt 0.110832 1.251128
vt 0.122782 1.118674
vt 0.161264 1.180153
vt 0.212621 1.233592
vt 0.289560 1.284701
vt 0.174546 1.269711
vt -0.033033 1.109963
vt -0.083614 1.002608
vt 0.289565 1.350457
vt 0.174549 1.303114
vt -0.033019 1.303129
vt -0.083587 1.350486
vt -0.083617 0.962081
vt -0.032211 0.910668
vt 0.039456 0.910663
vt 0.090869 0.962068
vt 0.039438 0.676444
vt 0.090843 0.625031
vt -0.032229 0.676449
vt -0.083642 0.625044
vt -0.032214 0.876187
vt 0.039453 0.876181
vt 0.045464 1.143820
vt -1.114263 0.676449
vt -1.086449 0.710930
vt -1.086449 0.876187
vt -1.114263 0.910668
vt 0.138161 1.303116
vt 0.138159 1.275570
vt 2.114263 0.910663
vt 2.086449 0.876182
vt 2.086449 0.710925
vt 2.114263 0.676444
vt -1.114202 -0.033080
vt -1.086387 -0.033080
vt -1.086387 0.138099
vt -1.114202 0.174487
vt 0.039441 0.710925
vt -0.032227 0.710930
vt -0.033031 1.143826
vt -1.114263 1.109963
vt -1.086449 1.143826
vt -1.086449 1.303129
vt -1.114263 1.303129
vt 0.435120 1.246695
vt 0.825795 0.979863
vt 0.825825 0.591692
vt 1.033326 0.591707
vt 1.033263 1.416593
vt 0.683930 1.204657
vt 0.733182 1.170161
vt 1.166703 0.979787
vt 1.166707 1.032480
vt 1.033374 1.032490
vt 1.033370 0.979798
vt -0.320415 1.166666
vt -0.382604 1.166666
vt -0.382604 1.033333
vt -0.320415 1.033333
vt 1.166673 0.591616
vt 1.033340 0.591626
vt 1.166711 1.082195
vt 1.033378 1.082205
vt 1.166714 1.128678
vt 1.033381 1.128689
vt 1.166717 1.170091
vt 1.033384 1.170102
vt -0.214312 1.166666
vt -0.263559 1.166666
vt -0.263559 1.033333
vt -0.214312 1.033333
vt -0.214363 1.170091
vt -0.165583 1.227176
vt -0.245431 1.279538
vt -0.263613 1.204592
vt 0.219070 0.981188
vt -0.121764 0.979787
vt -0.046764 0.970320
vt 0.144388 0.970320
vt -0.121764 0.591616
vt -0.046764 0.616616
vt 0.219070 0.591616
vt 0.144388 0.616616
vt -0.320470 1.230535
vt -0.174545 1.128678
vt -0.115383 1.174937
vt -0.145434 1.082195
vt -0.077843 1.114955
vt -0.127763 1.032480
vt -0.054597 1.049509
vt -0.047468 0.994180
vt -0.046468 1.051401
vt -0.039601 1.002513
vt -0.009698 1.109872
vt 0.219070 1.391439
vt 0.144388 1.358724
vt 0.144388 0.994180
vt -0.245430 1.358724
vt -0.059279 1.205138
vt -0.033634 1.166368
vt -0.012752 1.190329
vt -0.033902 1.222303
vt -0.088951 1.239996
vt -0.058372 1.251050
vt -0.108809 1.180076
vt -0.070332 1.118595
vt -0.122085 1.269636
vt -0.237097 1.284635
vt -0.160163 1.233519
vt 0.085483 1.109872
vt 0.136055 1.002513
vt -0.122085 1.303038
vt -0.237097 1.350391
vt 0.136055 1.350391
vt 0.085482 1.303039
vt 0.136055 0.961986
vt -0.038431 0.961986
vt 0.012978 0.910577
vt 0.084646 0.910577
vt -0.038431 0.624949
vt 0.012978 0.676358
vt 0.136055 0.624949
vt 0.084646 0.676358
vt 0.012978 0.876098
vt 0.084646 0.876098
vt 0.006987 1.143737
vt 1.166680 0.676358
vt 1.166698 0.910577
vt 1.138881 0.876098
vt 1.138868 0.710841
vt -0.085697 1.275494
vt -0.085697 1.303041
vt -0.166698 0.910577
vt -0.166680 0.676359
vt -0.138869 0.710842
vt -0.138881 0.876098
vt 0.085544 1.166666
vt -0.122023 1.166666
vt -0.085635 1.138852
vt 0.085544 1.138852
vt 0.084646 0.710841
vt 0.012978 0.710841
vt 0.085483 1.143737
vt 1.166713 1.109872
vt 1.166728 1.303038
vt 1.138913 1.303041
vt 1.138901 1.143737
vt -0.382661 1.246639
vt 1.121764 0.979798
vt 0.914263 1.416512
vt 0.914263 0.591626
vt 1.121764 0.591626
vt 0.780930 0.979813
vt 0.914263 0.979813
vt 0.914263 1.032507
vt 0.780930 1.032507
vt 0.219126 0.627126
vt 0.085793 0.627126
vt 0.085794 0.564935
vt 0.219127 0.564935
vt 0.780930 0.591642
vt 0.914263 0.591642
vt 0.914263 1.082222
vt 0.780930 1.082222
vt 0.914263 1.128709
vt 0.780930 1.128709
vt 0.914263 1.170125
vt 0.780930 1.170125
vt 0.219121 0.733233
vt 0.085788 0.733233
vt 0.085791 0.683983
vt 0.219124 0.683983
vt 0.219128 0.499999
vt 0.085794 0.499999
vt 0.266716 1.170125
vt 0.315963 1.204629
vt 0.297775 1.279574
vt 0.217931 1.227206
vt 1.263613 1.204602
vt 1.320470 1.230545
vt -0.166703 0.981188
vt -0.092020 0.970326
vt 0.099132 0.970340
vt 0.174131 0.979814
vt 0.099159 0.616636
vt 0.174161 0.591642
vt -0.166674 0.591616
vt -0.091994 0.616622
vt 0.372818 1.230576
vt 0.226900 1.128709
vt 0.167735 1.174962
vt 0.197793 1.082223
vt 0.130199 1.114978
vt 0.180125 1.032507
vt 0.106959 1.049530
vt 0.099834 0.994200
vt 0.098829 1.051421
vt 0.062055 1.109889
vt 0.091966 1.002533
vt -0.092022 0.994186
vt -0.092050 1.358730
vt -0.166734 1.391440
vt 0.297768 1.358760
vt 0.499932 1.391490
vt 0.111629 1.205160
vt 0.086250 1.222321
vt 0.065102 1.190345
vt 0.085986 1.166388
vt 0.141298 1.240020
vt 0.110718 1.251069
vt 0.122689 1.118617
vt 0.161161 1.180102
vt 0.212510 1.233548
vt 0.289441 1.284670
vt 0.174429 1.269662
vt -0.033126 1.109882
vt -0.083690 1.002520
vt 0.289436 1.350426
vt 0.174427 1.303065
vt -0.033140 1.303049
vt -0.083716 1.350398
vt -0.083686 0.961993
vt -0.032273 0.910588
vt 0.039394 0.910593
vt 0.090799 0.962006
vt 0.039412 0.676374
vt 0.090825 0.624969
vt -0.032256 0.676369
vt -0.083661 0.624956
vt -0.032271 0.876107
vt 0.039396 0.876112
vt 0.045367 1.143752
vt 0.780930 0.676368
vt 0.808744 0.710850
vt 0.808744 0.876106
vt 0.780930 0.910587
vt 0.138039 1.303062
vt 0.138041 1.275515
vt 0.219070 0.910593
vt 0.191256 0.876112
vt 0.191256 0.710855
vt 0.219070 0.676374
vt 0.219131 1.033079
vt 0.191317 1.033079
vt 0.191317 0.861899
vt 0.219131 0.825511
vt 0.039409 0.710855
vt -0.032258 0.710850
vt -0.033128 1.143746
vt 0.780930 1.109882
vt 0.808744 1.143745
vt 0.808744 1.303049
vt 0.780930 1.303049
vt 0.435007 1.246685
vt 0.499943 1.252150
vt 0.825869 0.979813
vt 0.825839 0.591642
vt 1.033340 0.591626
vt 1.033403 1.416512
vt 0.684037 1.204629
vt 0.733284 1.170125
vt -0.166630 0.979889
vt -0.033297 0.979879
vt -0.033293 1.032572
vt -0.166626 1.032582
vt -0.320414 -0.166667
vt -0.320414 -0.033334
vt -0.382603 -0.033334
vt -0.382603 -0.166667
vt -0.166660 0.591717
vt -0.033327 0.591707
vt -0.033289 1.082286
vt -0.166623 1.082296
vt -0.033286 1.128770
vt -0.166619 1.128780
vt -0.033283 1.170183
vt -0.166616 1.170193
vt -0.214312 -0.166667
vt -0.214312 -0.033334
vt -0.263559 -0.033334
vt -0.263559 -0.166667
vt 1.214363 1.170193
vt 1.263612 1.204694
vt 1.245430 1.279640
vt 1.165582 1.227278
vt 0.780929 0.981290
vt 0.855612 0.970421
vt 1.046764 0.970421
vt 1.121764 0.979889
vt 1.046764 0.616717
vt 1.121764 0.591717
vt 0.780929 0.591717
vt 0.855611 0.616717
vt 1.320470 1.230636
vt 1.174545 1.128780
vt 1.115382 1.175038
vt 1.145433 1.082296
vt 1.077842 1.115056
vt 1.127762 1.032582
vt 1.054597 1.049610
vt 1.047468 0.994281
vt 1.046468 1.051503
vt 1.009698 1.109973
vt 1.039600 1.002615
vt 0.855612 0.994281
vt 0.855612 1.358826
vt 0.780930 1.391541
vt 1.245430 1.358826
vt 1.059279 1.205240
vt 1.033901 1.222400
vt 1.012751 1.190427
vt 1.033633 1.166470
vt 1.088951 1.240098
vt 1.058371 1.251147
vt 1.070332 1.118696
vt 1.108809 1.180178
vt 1.160162 1.233621
vt 1.237097 1.284736
vt 1.122084 1.269737
vt 0.914517 1.109973
vt 0.863945 1.002615
vt 1.237097 1.350492
vt 1.122084 1.303140
vt 0.914517 1.303140
vt 0.863945 1.350493
vt 0.863945 0.962088
vt 0.915354 0.910679
vt 0.987021 0.910679
vt 1.038430 0.962088
vt 0.987021 0.676460
vt 1.038430 0.625051
vt 0.915354 0.676460
vt 0.863945 0.625051
vt 0.915354 0.876196
vt 0.987021 0.876195
vt 0.993012 1.143835
vt -0.166653 0.676460
vt -0.138837 0.710939
vt -0.138824 0.876196
vt -0.166636 0.910679
vt 1.085696 1.303138
vt 1.085696 1.275591
vt 1.166635 0.910679
vt 1.138824 0.876196
vt 1.138836 0.710939
vt 1.166653 0.676460
vt 0.085544 -0.166667
vt 0.085544 -0.138853
vt -0.085635 -0.138853
vt -0.122023 -0.166667
vt 0.987021 0.710939
vt 0.915354 0.710939
vt 0.914517 1.143835
vt -0.166620 1.109973
vt -0.138803 1.143835
vt -0.138791 1.303138
vt -0.166606 1.303140
vt 1.382660 1.246741
vt -0.121764 0.979879
vt -0.121764 0.591707
vt 0.085737 0.591707
vt 0.085737 1.416593
vt 0.219070 0.979863
vt 0.219070 1.032555
vt 0.085737 1.032555
vt 0.085737 0.979863
vt 0.219126 0.372873
vt 0.219127 0.435064
vt 0.085794 0.435064
vt 0.085793 0.372873
vt 0.219070 0.591691
vt 0.085737 0.591691
vt 0.219070 1.082268
vt 0.085737 1.082268
vt 0.219070 1.128750
vt 0.085737 1.128750
vt 0.219070 1.170160
vt 0.085737 1.170160
vt 0.219122 0.266766
vt 0.219124 0.316016
vt 0.085791 0.316016
vt 0.085788 0.266766
vt 0.733182 1.170160
vt 0.781958 1.227249
vt 0.702107 1.279605
vt 0.683930 1.204657
vt -0.214363 1.170183
vt -0.174545 1.128770
vt 1.166630 0.981290
vt 0.825796 0.979863
vt 0.900797 0.970401
vt 1.091949 0.970416
vt 0.825825 0.591691
vt 0.900823 0.616697
vt 1.166660 0.591717
vt 1.091976 0.616712
vt 0.627071 1.230595
vt 0.773004 1.128750
vt 0.832162 1.175013
vt 0.802119 1.082269
vt 0.869707 1.115034
vt 0.819794 1.032555
vt 0.892957 1.049590
vt 0.900091 0.994261
vt 0.901087 1.051482
vt 0.907958 1.002595
vt 0.937852 1.109956
vt 1.166599 1.391541
vt 1.091919 1.358820
vt 1.091947 0.994276
vt 0.702101 1.358791
vt 0.888264 1.205219
vt 0.913912 1.166450
vt 0.934793 1.190411
vt 0.913640 1.222383
vt 0.858589 1.240074
vt 0.889168 1.251128
vt 0.838736 1.180153
vt 0.877217 1.118674
vt 0.825453 1.269712
vt 0.710440 1.284702
vt 0.787378 1.233592
vt 1.033033 1.109963
vt 1.083613 1.002608
vt 0.825451 1.303114
vt 0.710435 1.350458
vt 1.083587 1.350486
vt 1.033018 1.303130
vt 1.083616 0.962082
vt 0.909130 0.962068
vt 0.960544 0.910663
vt 1.032211 0.910669
vt 0.909156 0.625031
vt 0.960561 0.676444
vt 1.083642 0.625044
vt 1.032229 0.676450
vt 0.960546 0.876182
vt 1.032213 0.876187
vt 0.954535 1.143821
vt 0.219071 0.676450
vt 0.219070 0.910668
vt 0.191256 0.876187
vt 0.191256 0.710931
vt 0.861841 1.275570
vt 0.861839 1.303117
vt 0.780930 0.910663
vt 0.780929 0.676444
vt 0.808744 0.710925
vt 0.808744 0.876182
vt 0.219132 -0.033080
vt 0.219132 0.174487
vt 0.191317 0.138099
vt 0.191318 -0.033080
vt 1.032226 0.710931
vt 0.960559 0.710925
vt 1.033030 1.143827
vt 0.219070 1.109963
vt 0.219070 1.303130
vt 0.191256 1.303130
vt 0.191256 1.143827
vt 0.564879 1.246695
vt 0.174204 0.979863
vt -0.033264 1.416593
vt -0.033327 0.591707
vt 0.174175 0.591691
vt 0.266818 1.170160
vt 0.316070 1.204657
vt 1.918816 1.303041
vt -0.705571 1.032491
vt -0.687900 1.082205
vt -0.385737 1.252109
vt -0.385737 1.416512
vt -0.450673 1.246650
vt -0.658788 1.128689
vt -0.618970 1.170102
vt -0.033140 1.303049
vt 0.819875 1.032507
vt 0.500070 1.416553
vt 0.627182 1.230577
vt 0.500058 1.252150
vt 0.564993 1.246686
vt 0.802208 1.082223
vt 0.773100 1.128709
vt -0.918816 1.303138
vt 1.385737 1.416593
vt 1.512863 1.230627
vt 1.385737 1.252191
vt 1.450673 1.246731
vt 1.705571 1.032572
vt 1.687900 1.082287
vt 1.569721 1.204684
vt 1.033019 1.303130
vt 0.435122 1.246696
vt 0.180207 1.032556
vt 0.197882 1.082269
vt 0.372930 1.230596
vt 0.226997 1.128751
vt 0.852658 1.303041
vt -0.258610 1.230545
vt -0.320801 1.246650
vt -0.065903 1.032491
vt -0.083574 1.082205
vt -0.201753 1.204602
vt 1.033140 1.303049
vt 0.435008 1.246685
vt 0.499943 1.252150
vt 0.499931 1.416553
vt 0.180126 1.032507
vt 0.197793 1.082223
vt 0.372818 1.230576
vt 0.226901 1.128709
vt 0.147342 1.303138
vt 1.065903 1.032572
vt 1.083574 1.082286
vt 1.320801 1.246731
vt 1.112685 1.128770
vt 1.152504 1.170183
vt -0.033018 1.303130
vt 0.819794 1.032555
vt 0.627071 1.230595
vt 0.564879 1.246695
vt 0.802119 1.082268
vt 0.773004 1.128750
vt -0.980676 1.303040
vt 1.447597 1.416512
vt 1.574723 1.230545
vt 1.447597 1.252109
vt 1.512533 1.246649
vt 1.767431 1.032490
vt 1.749760 1.082205
vt 1.631581 1.204602
vt 1.033140 1.303048
vt 0.435007 1.246686
vt 0.499942 1.252150
vt 0.499930 1.416553
vt 0.180125 1.032507
vt 0.197792 1.082223
vt 0.372818 1.230576
vt 0.226900 1.128709
vt 1.980675 1.303138
vt -0.767430 1.032571
vt -0.749759 1.082286
vt -0.447596 1.252190
vt -0.447596 1.416593
vt -0.512532 1.246730
vt -0.720648 1.128770
vt -0.680830 1.170183
vt -0.033019 1.303129
vt 0.819793 1.032556
vt 0.627070 1.230596
vt 0.564879 1.246695
vt 0.802118 1.082269
vt 0.773003 1.128750
vt 0.085482 1.303041
vt 1.127763 1.032490
vt 1.145434 1.082205
vt 1.382661 1.246649
vt 1.174545 1.128689
vt 1.214364 1.170102
vt -0.033140 1.303049
vt 0.819875 1.032507
vt 0.500070 1.416552
vt 0.627182 1.230576
vt 0.500057 1.252150
vt 0.564993 1.246685
vt 0.802207 1.082222
vt 0.773099 1.128709
vt 0.914517 1.303138
vt -0.320470 1.230626
vt -0.382660 1.246731
vt -0.127762 1.032572
vt -0.145433 1.082286
vt -0.263612 1.204683
vt 1.033018 1.303130
vt 0.435121 1.246695
vt 0.180206 1.032555
vt 0.197881 1.082268
vt 0.372929 1.230595
vt 0.226996 1.128750
vt 2.052403 1.416502
vt 1.385737 1.416502
vt 0.499931 1.416552
vt -0.166736 1.416502
vt -0.385737 1.416604
vt -1.052404 1.416604
vt 1.166598 1.416603
vt 0.719070 1.416502
vt 1.166737 1.416502
vt 0.500070 1.416553
vt 0.280930 1.416603
vt -0.166597 1.416603
vt -0.447597 1.416502
vt -1.114263 1.416501
vt 1.166736 1.416501
vt 0.500069 1.416552
vt 2.114263 1.416603
vt 1.447596 1.416603
vt -0.166597 1.416603
vt 0.219070 1.416502
vt 0.499930 1.416553
vt -0.166736 1.416502
vt 0.780930 1.416603
vt 1.166597 1.416603
vn 0.0000 -0.0136 0.9999
vn -0.0000 -0.2255 0.9742
vn 0.0000 -0.9429 0.3331
vn -0.0000 -0.9859 0.1672
vn -0.0000 -0.9429 0.3330
vn 0.0000 0.0000 1.0000
vn -0.0000 -0.4374 0.8993
vn -0.0000 -0.6171 0.7869
vn -0.0000 -0.7611 0.6486
vn -0.0000 -0.7611 0.6487
vn -0.0000 -0.8689 0.4950
vn 0.0000 -1.0000 0.0000
vn 1.0000 0.0000 0.0000
vn 0.7400 0.4041 -0.5377
vn 0.7286 0.3163 -0.6075
vn 0.7286 0.3162 -0.6076
vn 0.7400 0.4038 -0.5379
vn 0.7290 0.4776 -0.4904
vn 0.7783 -0.6278 -0.0000
vn 0.7166 0.2721 -0.6423
vn 0.7945 0.0000 -0.6073
vn 0.7823 0.2898 -0.5514
vn 0.0000 0.0000 -1.0000
vn 0.7783 0.6278 0.0000
vn 0.7728 0.6347 0.0000
vn -1.0000 0.0000 -0.0000
vn -0.9999 -0.0136 -0.0000
vn -0.9742 -0.2255 0.0000
vn -0.3331 -0.9429 0.0000
vn -0.1671 -0.9859 0.0000
vn -0.8993 -0.4373 0.0000
vn -0.8993 -0.4374 0.0000
vn -0.7869 -0.6171 0.0000
vn -0.6487 -0.7611 0.0000
vn -0.6486 -0.7611 0.0000
vn -0.4949 -0.8689 0.0000
vn 0.5377 0.4041 -0.7400
vn 0.5378 0.4039 -0.7400
vn 0.6076 0.3162 -0.7286
vn 0.6075 0.3163 -0.7286
vn 0.4904 0.4776 -0.7290
vn 0.0000 -0.6278 -0.7783
vn 0.6423 0.2721 -0.7166
vn 0.6073 0.0000 -0.7945
vn 0.5514 0.2898 -0.7823
vn 0.0000 0.6278 -0.7783
vn 0.0000 0.6347 -0.7728
vn 0.0000 -0.9859 0.1671
vn 0.0000 -0.6172 0.7868
vn -0.7400 0.4041 -0.5377
vn -0.7400 0.4035 -0.5381
vn -0.7286 0.3162 -0.6076
vn -0.7286 0.3163 -0.6076
vn -0.7290 0.4776 -0.4904
vn -0.7783 -0.6278 -0.0000
vn -0.7166 0.2721 -0.6423
vn -0.7945 0.0000 -0.6073
vn -0.7823 0.2898 -0.5514
vn -0.7783 0.6278 0.0000
vn -0.7728 0.6347 0.0000
vn 0.9999 -0.0136 0.0000
vn 0.9742 -0.2255 0.0000
vn 0.3334 -0.9428 0.0000
vn 0.1672 -0.9859 0.0000
vn 0.3331 -0.9429 0.0000
vn 0.8992 -0.4374 -0.0000
vn 0.8993 -0.4374 0.0000
vn 0.7869 -0.6171 0.0000
vn 0.6486 -0.7611 0.0000
vn 0.6487 -0.7611 0.0000
vn 0.4949 -0.8689 0.0000
vn -0.5377 0.4041 -0.7400
vn -0.6075 0.3163 -0.7286
vn -0.6076 0.3162 -0.7286
vn -0.5381 0.4035 -0.7400
vn -0.4904 0.4776 -0.7290
vn -0.6423 0.2721 -0.7166
vn -0.6073 0.0000 -0.7945
vn -0.5514 0.2898 -0.7823
vn 0.0000 -0.0136 -0.9999
vn -0.0000 -0.2255 -0.9742
vn -0.0000 -0.9429 -0.3331
vn 0.0000 -0.9429 -0.3330
vn -0.0000 -0.9859 -0.1671
vn -0.0000 -0.4374 -0.8993
vn -0.0000 -0.6172 -0.7868
vn -0.0000 -0.6171 -0.7869
vn -0.0000 -0.7611 -0.6487
vn -0.0000 -0.7611 -0.6486
vn -0.0000 -0.8689 -0.4950
vn 0.7400 0.4041 0.5377
vn 0.7400 0.4035 0.5381
vn 0.7286 0.3162 0.6076
vn 0.7286 0.3163 0.6076
vn 0.7290 0.4776 0.4904
vn 0.7166 0.2721 0.6423
vn 0.7945 0.0000 0.6073
vn 0.7823 0.2898 0.5514
vn -0.3334 -0.9428 -0.0000
vn -0.1672 -0.9859 -0.0000
vn -0.8992 -0.4374 0.0000
vn 0.5377 0.4041 0.7400
vn 0.6075 0.3163 0.7286
vn 0.6076 0.3162 0.7286
vn 0.5381 0.4035 0.7400
vn 0.4904 0.4776 0.7290
vn 0.0000 -0.6278 0.7783
vn 0.6423 0.2721 0.7166
vn 0.6073 0.0000 0.7945
vn 0.5514 0.2898 0.7823
vn 0.0000 0.6278 0.7783
vn 0.0000 0.6347 0.7728
vn 0.0000 -0.9859 -0.1672
vn -0.7400 0.4041 0.5377
vn -0.7286 0.3163 0.6075
vn -0.7286 0.3162 0.6076
vn -0.7400 0.4038 0.5379
vn -0.7290 0.4776 0.4904
vn -0.7166 0.2721 0.6423
vn -0.7945 0.0000 0.6073
vn -0.7823 0.2898 0.5514
vn 0.1671 -0.9859 -0.0000
vn 0.8993 -0.4373 -0.0000
vn -0.5377 0.4041 0.7400
vn -0.5378 0.4039 0.7400
vn -0.6076 0.3162 0.7286
vn -0.6075 0.3163 0.7286
vn -0.4904 0.4776 0.7290
vn -0.6423 0.2721 0.7166
vn -0.6073 0.0000 0.7945
vn -0.5514 0.2898 0.7823
vn -0.0000 -0.4372 -0.8994
vn -0.0000 -0.4373 -0.8993
vn -0.0000 -0.8689 -0.4949
vn 0.7400 0.4040 0.5378
vn 0.7400 0.4042 0.5376
vn -0.3329 -0.9430 -0.0000
vn -0.1678 -0.9858 -0.0000
vn -0.3330 -0.9429 -0.0000
vn -0.4949 -0.8690 0.0000
vn 0.5379 0.4038 0.7400
vn 0.5513 0.2898 0.7823
vn -0.0000 -0.9429 -0.3332
vn 0.0000 -0.4372 -0.8993
vn 0.0000 -0.8690 -0.4949
vn -0.7400 0.4040 0.5378
vn -0.7286 0.3163 0.6076
vn -0.7290 0.4776 0.4905
vn 0.3329 -0.9430 -0.0000
vn 0.3330 -0.9429 -0.0000
vn 0.1678 -0.9858 -0.0000
vn 0.4949 -0.8690 -0.0000
vn -0.0000 -0.9859 0.1673
vn -0.0000 -0.4372 0.8993
vn -0.0000 -0.8689 0.4949
vn 0.7400 0.4040 -0.5378
vn 0.7286 0.3163 -0.6076
vn 0.7400 0.4042 -0.5376
vn 0.7290 0.4776 -0.4905
vn -0.1675 -0.9859 0.0000
vn 0.6077 0.3162 -0.7286
vn 0.0000 -0.4372 0.8994
vn 0.0000 -0.4373 0.8993
vn -0.7400 0.4039 -0.5378
vn -0.7290 0.4776 -0.4905
vn 0.1675 -0.9859 0.0000
vn -0.6077 0.3162 -0.7286
vn -0.5379 0.4038 -0.7400
usemtl sandstone
s 1
f 6/1/1 7/2/2 8/3/2 5/4/1
f 17/5/3 19/6/4 20/7/4 18/8/5
f 3/9/6 6/1/1 5/4/1 4/10/6
f 7/2/2 9/11/7 10/12/7 8/3/2
f 9/11/7 11/13/8 12/14/8 10/12/7
f 11/13/8 13/15/9 14/16/10 12/14/8
f 13/17/9 15/18/11 16/19/11 14/20/10
f 16/19/11 15/18/11 17/5/3 18/8/5
f 2/21/12 1/22/12 20/7/4 19/6/4
f 13/23/13 29/24/13 28/25/13 15/26/13
f 77/27/13 6/28/13 24/29/13 23/30/13
f 6/28/13 3/31/13 25/32/13 24/29/13
f 75/33/13 77/27/13 23/30/13 26/34/13
f 17/35/13 15/26/13 28/25/13
f 11/36/13 30/37/13 29/24/13 13/23/13
f 9/38/13 31/39/13 30/37/13 11/36/13
f 7/40/13 32/41/13 31/39/13 9/38/13
f 6/28/13 33/42/13 32/41/13 7/40/13
f 46/43/13 47/44/13 54/45/13
f 77/27/13 78/46/13 35/47/13 34/48/13
f 78/46/13 21/49/13 27/50/13 35/47/13
f 52/51/14 53/52/15 66/53/16 65/54/17
f 51/55/18 52/51/14 65/54/17 64/56/18
f 53/52/13 52/51/13 44/57/13 45/58/13
f 54/45/13 53/52/13 45/58/13 46/43/13
f 51/55/13 50/59/13 40/60/13 43/61/13
f 52/51/13 51/55/13 43/61/13 44/57/13
f 55/62/13 54/45/13 47/44/13 48/63/13
f 40/60/13 50/59/13 49/64/13 41/65/13
f 48/63/13 42/66/13 56/67/13 55/62/13
f 42/66/13 41/65/13 49/64/13 56/67/13
f 37/68/13 36/69/13 58/70/13 57/71/13
f 36/69/13 39/72/13 59/73/13 58/70/13
f 39/72/13 38/74/13 60/75/13 59/73/13
f 38/74/13 37/68/13 57/71/13 60/75/13
f 57/71/19 58/70/19 69/76/19 70/77/19
f 53/52/15 54/45/20 67/78/20 66/53/16
f 60/79/6 57/80/6 70/81/6 71/82/6
f 49/64/21 50/59/22 61/83/22 62/84/21
f 58/85/23 59/86/23 72/87/23 69/88/23
f 50/59/22 51/55/18 64/56/18 61/83/22
f 56/89/12 49/90/12 62/91/12 63/92/12
f 59/73/24 60/75/24 71/93/24 72/94/24
f 54/45/25 55/62/25 68/95/25 67/78/25
f 55/96/6 56/97/6 63/98/6 68/99/6
f 71/93/13 70/77/13 69/76/13 72/94/13
f 66/53/13 67/78/13 68/95/13
f 21/49/13 2/100/13 19/101/13
f 27/50/13 21/49/13 19/101/13
f 17/35/13 28/25/13 27/50/13 19/101/13
f 6/28/13 77/27/13 34/48/13 33/42/13
f 3/31/13 75/33/13 26/34/13 25/32/13
f 5/102/26 74/103/26 76/104/26 4/105/26
f 85/106/27 84/107/27 87/108/28 86/109/28
f 96/110/29 97/111/29 99/112/30 98/113/30
f 82/114/26 83/115/26 84/107/27 85/106/27
f 86/109/28 87/108/28 89/116/31 88/117/32
f 88/117/32 89/116/31 91/118/33 90/119/33
f 90/119/33 91/118/33 93/120/34 92/121/35
f 92/122/35 93/123/34 95/124/36 94/125/36
f 95/124/36 97/111/29 96/110/29 94/125/36
f 81/126/12 98/113/30 99/112/30 80/127/12
f 92/128/23 94/129/23 107/130/23 108/131/23
f 74/103/26 16/132/26 18/133/26
f 77/134/23 102/135/23 103/136/23 85/137/23
f 85/137/23 103/136/23 104/138/23 82/139/23
f 75/140/23 105/141/23 102/135/23 77/134/23
f 96/142/23 107/130/23 94/129/23
f 90/143/23 92/128/23 108/131/23 109/144/23
f 88/145/23 90/143/23 109/144/23 110/146/23
f 86/147/23 88/145/23 110/146/23 111/148/23
f 85/137/23 86/147/23 111/148/23 112/149/23
f 125/150/23 133/151/23 126/152/23
f 77/134/23 113/153/23 114/154/23 78/155/23
f 78/155/23 114/154/23 106/156/23 100/157/23
f 131/158/37 144/159/38 145/160/39 132/161/40
f 130/162/41 143/163/41 144/159/38 131/158/37
f 132/161/23 124/164/23 123/165/23 131/158/23
f 133/151/23 125/150/23 124/164/23 132/161/23
f 130/162/23 122/166/23 119/167/23 129/168/23
f 131/158/23 123/165/23 122/166/23 130/162/23
f 134/169/23 127/170/23 126/152/23 133/151/23
f 119/167/23 120/171/23 128/172/23 129/168/23
f 127/170/23 134/169/23 135/173/23 121/174/23
f 121/174/23 135/173/23 128/172/23 120/171/23
f 116/175/23 136/176/23 137/177/23 115/178/23
f 115/178/23 137/177/23 138/179/23 118/180/23
f 118/180/23 138/179/23 139/181/23 117/182/23
f 117/182/23 139/181/23 136/176/23 116/175/23
f 136/176/42 149/183/42 148/184/42 137/177/42
f 132/161/40 145/160/39 146/185/43 133/151/43
f 139/186/26 150/187/26 149/188/26 136/189/26
f 128/172/44 141/190/44 140/191/45 129/168/45
f 137/192/13 148/193/13 151/194/13 138/195/13
f 129/168/45 140/191/45 143/163/41 130/162/41
f 135/196/12 142/197/12 141/198/12 128/199/12
f 138/179/46 151/200/46 150/201/46 139/181/46
f 133/151/47 146/185/47 147/202/47 134/169/47
f 134/203/26 147/204/26 142/205/26 135/206/26
f 150/201/23 151/200/23 148/184/23 149/183/23
f 140/191/23 141/190/23 143/163/23
f 100/157/23 98/207/23 81/208/23
f 106/156/23 98/207/23 100/157/23
f 96/142/23 98/207/23 106/156/23 107/130/23
f 85/137/23 112/149/23 113/153/23 77/134/23
f 82/139/23 104/138/23 105/141/23 75/140/23
f 84/209/6 83/210/6 76/211/6 74/212/6
f 95/213/6 93/214/6 74/212/6
f 158/215/1 157/216/1 160/217/2 159/218/2
f 169/219/3 170/220/5 172/221/48 171/222/48
f 155/223/6 156/224/6 157/216/1 158/215/1
f 159/218/2 160/217/2 162/225/7 161/226/7
f 161/226/7 162/225/7 164/227/49 163/228/8
f 163/228/8 164/227/49 166/229/10 165/230/9
f 165/231/9 166/232/10 168/233/11 167/234/11
f 168/233/11 170/220/5 169/219/3 167/234/11
f 154/235/12 171/222/48 172/221/48 153/236/12
f 165/237/26 167/238/26 180/239/26 181/240/26
f 229/241/26 175/242/26 176/243/26 158/244/26
f 158/244/26 176/243/26 177/245/26 155/246/26
f 227/247/26 178/248/26 175/242/26 229/241/26
f 169/249/26 180/239/26 167/238/26
f 163/250/26 165/237/26 181/240/26 182/251/26
f 161/252/26 163/250/26 182/251/26 183/253/26
f 159/254/26 161/252/26 183/253/26 184/255/26
f 158/244/26 159/254/26 184/255/26 185/256/26
f 198/257/26 206/258/26 199/259/26
f 229/241/26 186/260/26 187/261/26 230/262/26
f 230/262/26 187/261/26 179/263/26 173/264/26
f 204/265/50 217/266/51 218/267/52 205/268/53
f 203/269/54 216/270/54 217/266/51 204/265/50
f 205/268/26 197/271/26 196/272/26 204/265/26
f 206/258/26 198/257/26 197/271/26 205/268/26
f 203/269/26 195/273/26 192/274/26 202/275/26
f 204/265/26 196/272/26 195/273/26 203/269/26
f 207/276/26 200/277/26 199/259/26 206/258/26
f 192/274/26 193/278/26 201/279/26 202/275/26
f 200/277/26 207/276/26 208/280/26 194/281/26
f 194/281/26 208/280/26 201/279/26 193/278/26
f 189/282/26 209/283/26 210/284/26 188/285/26
f 188/285/26 210/284/26 211/286/26 191/287/26
f 191/287/26 211/286/26 212/288/26 190/289/26
f 190/289/26 212/288/26 209/283/26 189/282/26
f 209/283/55 222/290/55 221/291/55 210/284/55
f 205/268/53 218/267/52 219/292/56 206/258/56
f 212/293/6 223/294/6 222/295/6 209/296/6
f 201/279/57 214/297/57 213/298/58 202/275/58
f 210/299/23 221/300/23 224/301/23 211/302/23
f 202/275/58 213/298/58 216/270/54 203/269/54
f 208/303/12 215/304/12 214/305/12 201/306/12
f 211/286/59 224/307/59 223/308/59 212/288/59
f 206/258/60 219/292/60 220/309/60 207/276/60
f 207/310/6 220/311/6 215/312/6 208/313/6
f 223/308/26 224/307/26 221/291/26 222/290/26
f 213/298/26 214/297/26 216/270/26
f 173/264/26 171/314/26 154/315/26
f 179/263/26 171/314/26 173/264/26
f 169/249/26 171/314/26 179/263/26 180/239/26
f 158/244/26 185/256/26 186/260/26 229/241/26
f 155/246/26 177/245/26 178/248/26 227/247/26
f 157/316/13 156/317/13 228/318/13 226/319/13
f 235/320/61 236/321/62 237/322/62 234/323/61
f 246/324/63 248/325/64 249/326/64 247/327/65
f 232/328/13 235/320/61 234/323/61 233/329/13
f 236/321/62 238/330/66 239/331/67 237/322/62
f 238/330/66 240/332/68 241/333/68 239/331/67
f 240/332/68 242/334/69 243/335/70 241/333/68
f 242/336/69 244/337/71 245/338/71 243/339/70
f 245/338/71 244/337/71 246/324/63 247/327/65
f 81/126/12 80/127/12 249/326/64 248/325/64
f 242/340/23 256/341/23 255/342/23 244/343/23
f 226/319/13 166/344/13 164/345/13
f 229/346/23 235/347/23 251/348/23 250/349/23
f 235/347/23 232/350/23 252/351/23 251/348/23
f 227/352/23 229/346/23 250/349/23 253/353/23
f 246/354/23 244/343/23 255/342/23
f 240/355/23 257/356/23 256/341/23 242/340/23
f 238/357/23 258/358/23 257/356/23 240/355/23
f 236/359/23 259/360/23 258/358/23 238/357/23
f 235/347/23 260/361/23 259/360/23 236/359/23
f 273/362/23 274/363/23 281/364/23
f 229/346/23 230/365/23 262/366/23 261/367/23
f 230/365/23 100/157/23 254/368/23 262/366/23
f 279/369/72 280/370/73 293/371/74 292/372/75
f 278/373/76 279/369/72 292/372/75 291/374/76
f 280/370/23 279/369/23 271/375/23 272/376/23
f 281/364/23 280/370/23 272/376/23 273/362/23
f 278/373/23 277/377/23 267/378/23 270/379/23
f 279/369/23 278/373/23 270/379/23 271/375/23
f 282/380/23 281/364/23 274/363/23 275/381/23
f 267/378/23 277/377/23 276/382/23 268/383/23
f 275/381/23 269/384/23 283/385/23 282/380/23
f 269/384/23 268/383/23 276/382/23 283/385/23
f 264/386/23 263/387/23 285/388/23 284/389/23
f 263/387/23 266/390/23 286/391/23 285/388/23
f 266/390/23 265/392/23 287/393/23 286/391/23
f 265/392/23 264/386/23 284/389/23 287/393/23
f 284/389/42 285/388/42 296/394/42 297/395/42
f 280/370/73 281/364/77 294/396/77 293/371/74
f 287/397/13 284/398/13 297/399/13 298/400/13
f 276/382/78 277/377/79 288/401/79 289/402/78
f 285/403/26 286/404/26 299/405/26 296/406/26
f 277/377/79 278/373/76 291/374/76 288/401/79
f 283/407/12 276/408/12 289/409/12 290/410/12
f 286/391/46 287/393/46 298/411/46 299/412/46
f 281/364/47 282/380/47 295/413/47 294/396/47
f 282/414/13 283/415/13 290/416/13 295/417/13
f 298/411/23 297/395/23 296/394/23 299/412/23
f 293/371/23 294/396/23 295/413/23
f 100/157/23 81/208/23 248/418/23
f 254/368/23 100/157/23 248/418/23
f 246/354/23 255/342/23 254/368/23 248/418/23
f 235/347/23 229/346/23 261/367/23 260/361/23
f 232/350/23 227/352/23 253/353/23 252/351/23
f 234/419/6 226/420/6 228/421/6 233/422/6
f 226/420/6 243/423/6 245/424/6
f 303/425/80 302/426/80 305/427/81 304/428/81
f 314/429/82 315/430/83 317/431/84 316/432/84
f 300/433/23 301/434/23 302/426/80 303/425/80
f 304/428/81 305/427/81 307/435/85 306/436/85
f 306/436/85 307/435/85 309/437/86 308/438/87
f 308/438/87 309/437/86 311/439/88 310/440/89
f 310/441/89 311/442/88 313/443/90 312/444/90
f 313/443/90 315/430/83 314/429/82 312/444/90
f 2/21/12 316/432/84 317/431/84 1/22/12
f 310/445/13 312/446/13 323/447/13 324/448/13
f 371/449/13 318/450/13 319/451/13 303/452/13
f 303/452/13 319/451/13 320/453/13 300/454/13
f 369/455/13 321/456/13 318/450/13 371/449/13
f 314/457/13 323/447/13 312/446/13
f 308/458/13 310/445/13 324/448/13 325/459/13
f 306/460/13 308/458/13 325/459/13 326/461/13
f 304/462/13 306/460/13 326/461/13 327/463/13
f 303/452/13 304/462/13 327/463/13 328/464/13
f 341/465/13 349/466/13 342/467/13
f 371/449/13 329/468/13 330/469/13 372/470/13
f 372/470/13 330/469/13 322/471/13 21/49/13
f 347/472/91 360/473/92 361/474/93 348/475/94
f 346/476/95 359/477/95 360/473/92 347/472/91
f 348/475/13 340/478/13 339/479/13 347/472/13
f 349/466/13 341/465/13 340/478/13 348/475/13
f 346/476/13 338/480/13 335/481/13 345/482/13
f 347/472/13 339/479/13 338/480/13 346/476/13
f 350/483/13 343/484/13 342/467/13 349/466/13
f 335/481/13 336/485/13 344/486/13 345/482/13
f 343/484/13 350/483/13 351/487/13 337/488/13
f 337/488/13 351/487/13 344/486/13 336/485/13
f 332/489/13 352/490/13 353/491/13 331/492/13
f 331/492/13 353/491/13 354/493/13 334/494/13
f 334/494/13 354/493/13 355/495/13 333/496/13
f 333/496/13 355/495/13 352/490/13 332/489/13
f 352/490/19 365/497/19 364/498/19 353/491/19
f 348/475/94 361/474/93 362/499/96 349/466/96
f 355/500/23 366/501/23 365/502/23 352/503/23
f 344/486/97 357/504/97 356/505/98 345/482/98
f 353/506/6 364/507/6 367/508/6 354/509/6
f 345/482/98 356/505/98 359/477/95 346/476/95
f 351/510/12 358/511/12 357/512/12 344/513/12
f 354/493/24 367/514/24 366/515/24 355/495/24
f 349/466/25 362/499/25 363/516/25 350/483/25
f 350/517/23 363/518/23 358/519/23 351/520/23
f 366/515/13 367/514/13 364/498/13 365/497/13
f 356/505/13 357/504/13 359/477/13
f 21/49/13 316/521/13 2/100/13
f 322/471/13 316/521/13 21/49/13
f 314/457/13 316/521/13 322/471/13 323/447/13
f 303/452/13 328/464/13 329/468/13 371/449/13
f 300/454/13 320/453/13 321/456/13 369/455/13
f 302/522/26 301/523/26 370/524/26 368/525/26
f 379/526/27 380/527/28 381/528/28 378/529/27
f 390/530/99 392/531/100 393/532/100 391/533/29
f 376/534/26 379/526/27 378/529/27 377/535/26
f 380/527/28 382/536/101 383/537/32 381/528/28
f 382/536/101 384/538/33 385/539/33 383/537/32
f 384/538/33 386/540/35 387/541/34 385/539/33
f 386/542/35 388/543/36 389/544/36 387/545/34
f 389/544/36 388/543/36 390/530/99 391/533/29
f 375/546/12 374/547/12 393/532/100 392/531/100
f 386/548/6 402/549/6 401/550/6 388/551/6
f 368/525/26 311/552/26 309/553/26
f 371/554/6 379/555/6 397/556/6 396/557/6
f 379/555/6 376/558/6 398/559/6 397/556/6
f 369/560/6 371/554/6 396/557/6 399/561/6
f 390/562/6 388/551/6 401/550/6
f 384/563/6 403/564/6 402/549/6 386/548/6
f 382/565/6 404/566/6 403/564/6 384/563/6
f 380/567/6 405/568/6 404/566/6 382/565/6
f 379/555/6 406/569/6 405/568/6 380/567/6
f 419/570/6 420/571/6 427/572/6
f 371/554/6 372/573/6 408/574/6 407/575/6
f 372/573/6 394/576/6 400/577/6 408/574/6
f 425/578/102 426/579/103 439/580/104 438/581/105
f 424/582/106 425/578/102 438/581/105 437/583/106
f 426/579/6 425/578/6 417/584/6 418/585/6
f 427/572/6 426/579/6 418/585/6 419/570/6
f 424/582/6 423/586/6 413/587/6 416/588/6
f 425/578/6 424/582/6 416/588/6 417/584/6
f 428/589/6 427/572/6 420/571/6 421/590/6
f 413/587/6 423/586/6 422/591/6 414/592/6
f 421/590/6 415/593/6 429/594/6 428/589/6
f 415/593/6 414/592/6 422/591/6 429/594/6
f 410/595/6 409/596/6 431/597/6 430/598/6
f 409/596/6 412/599/6 432/600/6 431/597/6
f 412/599/6 411/601/6 433/602/6 432/600/6
f 411/601/6 410/595/6 430/598/6 433/602/6
f 430/598/107 431/597/107 442/603/107 443/604/107
f 426/579/103 427/572/108 440/605/108 439/580/104
f 433/606/26 430/607/26 443/608/26 444/609/26
f 422/591/109 423/586/110 434/610/110 435/611/109
f 431/612/13 432/613/13 445/614/13 442/615/13
f 423/586/110 424/582/106 437/583/106 434/610/110
f 429/616/12 422/617/12 435/618/12 436/619/12
f 432/600/111 433/602/111 444/620/111 445/621/111
f 427/572/112 428/589/112 441/622/112 440/605/112
f 428/623/26 429/624/26 436/625/26 441/626/26
f 444/620/6 443/604/6 442/603/6 445/621/6
f 439/580/6 440/605/6 441/622/6
f 394/576/6 375/627/6 392/628/6
f 400/577/6 394/576/6 392/628/6
f 390/562/6 401/550/6 400/577/6 392/628/6
f 379/555/6 371/554/6 407/575/6 406/569/6
f 376/558/6 369/560/6 399/561/6 398/559/6
f 378/629/23 368/630/23 370/631/23 377/632/23
f 368/630/23 387/633/23 389/634/23
f 450/635/80 451/636/81 452/637/81 449/638/80
f 461/639/82 463/640/113 464/641/113 462/642/83
f 447/643/23 450/635/80 449/638/80 448/644/23
f 451/636/81 453/645/85 454/646/85 452/637/81
f 453/645/85 455/647/87 456/648/87 454/646/85
f 455/647/87 457/649/89 458/650/88 456/648/87
f 457/651/89 459/652/90 460/653/90 458/654/88
f 460/653/90 459/652/90 461/639/82 462/642/83
f 154/235/12 153/236/12 464/641/113 463/640/113
f 457/655/26 471/656/26 470/657/26 459/658/26
f 518/659/26 450/660/26 466/661/26 465/662/26
f 450/660/26 447/663/26 467/664/26 466/661/26
f 516/665/26 518/659/26 465/662/26 468/666/26
f 461/667/26 459/658/26 470/657/26
f 455/668/26 472/669/26 471/656/26 457/655/26
f 453/670/26 473/671/26 472/669/26 455/668/26
f 451/672/26 474/673/26 473/671/26 453/670/26
f 450/660/26 475/674/26 474/673/26 451/672/26
f 488/675/26 489/676/26 496/677/26
f 518/659/26 519/678/26 477/679/26 476/680/26
f 519/678/26 173/264/26 469/681/26 477/679/26
f 494/682/114 495/683/115 508/684/116 507/685/117
f 493/686/118 494/682/114 507/685/117 506/687/118
f 495/683/26 494/682/26 486/688/26 487/689/26
f 496/677/26 495/683/26 487/689/26 488/675/26
f 493/686/26 492/690/26 482/691/26 485/692/26
f 494/682/26 493/686/26 485/692/26 486/688/26
f 497/693/26 496/677/26 489/676/26 490/694/26
f 482/691/26 492/690/26 491/695/26 483/696/26
f 490/694/26 484/697/26 498/698/26 497/693/26
f 484/697/26 483/696/26 491/695/26 498/698/26
f 479/699/26 478/700/26 500/701/26 499/702/26
f 478/700/26 481/703/26 501/704/26 500/701/26
f 481/703/26 480/705/26 502/706/26 501/704/26
f 480/705/26 479/699/26 499/702/26 502/706/26
f 499/702/55 500/701/55 511/707/55 512/708/55
f 495/683/115 496/677/119 509/709/119 508/684/116
f 502/710/23 499/711/23 512/712/23 513/713/23
f 491/695/120 492/690/121 503/714/121 504/715/120
f 500/716/6 501/717/6 514/718/6 511/719/6
f 492/690/121 493/686/118 506/687/118 503/714/121
f 498/720/12 491/721/12 504/722/12 505/723/12
f 501/704/59 502/706/59 513/724/59 514/725/59
f 496/677/60 497/693/60 510/726/60 509/709/60
f 497/727/23 498/728/23 505/729/23 510/730/23
f 513/724/26 512/708/26 511/707/26 514/725/26
f 508/684/26 509/709/26 510/726/26
f 173/264/26 154/315/26 463/731/26
f 469/681/26 173/264/26 463/731/26
f 461/667/26 470/657/26 469/681/26 463/731/26
f 450/660/26 518/659/26 476/680/26 475/674/26
f 447/663/26 516/665/26 468/666/26 467/664/26
f 449/732/13 515/733/13 517/734/13 448/735/13
f 524/736/61 523/737/61 526/738/62 525/739/62
f 535/740/65 536/741/65 538/742/122 537/743/122
f 521/744/13 522/745/13 523/737/61 524/736/61
f 525/739/62 526/738/62 528/746/123 527/747/67
f 527/747/67 528/746/123 530/748/68 529/749/68
f 529/749/68 530/748/68 532/750/70 531/751/69
f 531/752/69 532/753/70 534/754/71 533/755/71
f 534/754/71 536/741/65 535/740/65 533/755/71
f 375/546/12 537/743/122 538/742/122 374/547/12
f 531/756/6 533/757/6 544/758/6 545/759/6
f 515/733/13 460/760/13 462/761/13
f 518/762/6 539/763/6 540/764/6 524/765/6
f 524/765/6 540/764/6 541/766/6 521/767/6
f 516/768/6 542/769/6 539/763/6 518/762/6
f 535/770/6 544/758/6 533/757/6
f 529/771/6 531/756/6 545/759/6 546/772/6
f 527/773/6 529/771/6 546/772/6 547/774/6
f 525/775/6 527/773/6 547/774/6 548/776/6
f 524/765/6 525/775/6 548/776/6 549/777/6
f 562/778/6 570/779/6 563/780/6
f 518/762/6 550/781/6 551/782/6 519/783/6
f 519/783/6 551/782/6 543/784/6 394/576/6
f 568/785/124 581/786/125 582/787/126 569/788/127
f 567/789/128 580/790/128 581/786/125 568/785/124
f 569/788/6 561/791/6 560/792/6 568/785/6
f 570/779/6 562/778/6 561/791/6 569/788/6
f 567/789/6 559/793/6 556/794/6 566/795/6
f 568/785/6 560/792/6 559/793/6 567/789/6
f 571/796/6 564/797/6 563/780/6 570/779/6
f 556/794/6 557/798/6 565/799/6 566/795/6
f 564/797/6 571/796/6 572/800/6 558/801/6
f 558/801/6 572/800/6 565/799/6 557/798/6
f 553/802/6 573/803/6 574/804/6 552/805/6
f 552/805/6 574/804/6 575/806/6 555/807/6
f 555/807/6 575/806/6 576/808/6 554/809/6
f 554/809/6 576/808/6 573/803/6 553/802/6
f 573/803/107 586/810/107 585/811/107 574/804/107
f 569/788/127 582/787/126 583/812/129 570/779/129
f 576/813/13 587/814/13 586/815/13 573/816/13
f 565/799/130 578/817/130 577/818/131 566/795/131
f 574/819/26 585/820/26 588/821/26 575/822/26
f 566/795/131 577/818/131 580/790/128 567/789/128
f 572/823/12 579/824/12 578/825/12 565/826/12
f 575/806/111 588/827/111 587/828/111 576/808/111
f 570/779/112 583/812/112 584/829/112 571/796/112
f 571/830/13 584/831/13 579/832/13 572/833/13
f 587/828/6 588/827/6 585/811/6 586/810/6
f 577/818/6 578/817/6 580/790/6
f 394/576/6 537/834/6 375/627/6
f 543/784/6 537/834/6 394/576/6
f 535/770/6 537/834/6 543/784/6 544/758/6
f 524/765/6 549/777/6 550/781/6 518/762/6
f 521/767/6 541/766/6 542/769/6 516/768/6
f 523/835/23 522/836/23 517/837/23 515/838/23
f 534/839/23 532/840/23 515/838/23
f 594/841/80 593/842/80 596/843/81 595/844/81
f 605/845/82 606/846/83 608/847/113 607/848/113
f 591/849/23 592/850/23 593/842/80 594/841/80
f 595/844/81 596/843/81 598/851/132 597/852/133
f 597/852/133 598/851/132 600/853/87 599/854/86
f 599/854/86 600/853/87 602/855/89 601/856/88
f 601/857/88 602/858/89 604/859/134 603/860/134
f 604/859/134 606/846/83 605/845/82 603/860/134
f 590/861/12 607/848/113 608/847/113 589/862/12
f 601/863/13 603/864/13 616/865/13 617/866/13
f 665/867/13 611/868/13 612/869/13 594/870/13
f 594/870/13 612/869/13 613/871/13 591/872/13
f 663/873/13 614/874/13 611/868/13 665/867/13
f 605/875/13 616/865/13 603/864/13
f 599/876/13 601/863/13 617/866/13 618/877/13
f 597/878/13 599/876/13 618/877/13 619/879/13
f 595/880/13 597/878/13 619/879/13 620/881/13
f 594/870/13 595/880/13 620/881/13 621/882/13
f 634/883/13 642/884/13 635/885/13
f 665/867/13 622/886/13 623/887/13 666/888/13
f 666/888/13 623/887/13 615/889/13 609/890/13
f 640/891/135 653/892/136 654/893/93 641/894/94
f 639/895/95 652/896/95 653/892/136 640/891/135
f 641/894/13 633/897/13 632/898/13 640/891/13
f 642/884/13 634/883/13 633/897/13 641/894/13
f 639/895/13 631/899/13 628/900/13 638/901/13
f 640/891/13 632/898/13 631/899/13 639/895/13
f 643/902/13 636/903/13 635/885/13 642/884/13
f 628/900/13 629/904/13 637/905/13 638/901/13
f 636/903/13 643/902/13 644/906/13 630/907/13
f 630/907/13 644/906/13 637/905/13 629/904/13
f 625/908/13 645/909/13 646/910/13 624/911/13
f 624/911/13 646/910/13 647/912/13 627/913/13
f 627/913/13 647/912/13 648/914/13 626/915/13
f 626/915/13 648/914/13 645/909/13 625/908/13
f 645/909/19 658/916/19 657/917/19 646/910/19
f 641/894/94 654/893/93 655/918/96 642/884/96
f 648/919/23 659/920/23 658/921/23 645/922/23
f 637/905/97 650/923/97 649/924/98 638/901/98
f 646/925/6 657/926/6 660/927/6 647/928/6
f 638/901/98 649/924/98 652/896/95 639/895/95
f 644/929/12 651/930/12 650/931/12 637/932/12
f 647/912/24 660/933/24 659/934/24 648/914/24
f 642/884/25 655/918/25 656/935/25 643/902/25
f 643/936/23 656/937/23 651/938/23 644/939/23
f 659/934/13 660/933/13 657/917/13 658/916/13
f 649/924/13 650/923/13 652/896/13
f 609/890/13 607/940/13 590/941/13
f 615/889/13 607/940/13 609/890/13
f 605/875/13 607/940/13 615/889/13 616/865/13
f 594/870/13 621/882/13 622/886/13 665/867/13
f 591/872/13 613/871/13 614/874/13 663/873/13
f 593/942/26 592/943/26 664/944/26 662/945/26
f 673/946/27 674/947/28 675/948/28 672/949/27
f 684/950/137 686/951/138 687/952/138 685/953/139
f 670/954/26 673/946/27 672/949/27 671/955/26
f 674/947/28 676/956/32 677/957/32 675/948/28
f 676/956/32 678/958/33 679/959/33 677/957/32
f 678/958/33 680/960/35 681/961/35 679/959/33
f 680/962/35 682/963/140 683/964/140 681/965/35
f 683/964/140 682/963/140 684/950/137 685/953/139
f 669/966/12 668/967/12 687/952/138 686/951/138
f 680/968/6 696/969/6 695/970/6 682/971/6
f 662/945/26 602/972/26 600/973/26
f 665/974/6 673/975/6 691/976/6 690/977/6
f 673/975/6 670/978/6 692/979/6 691/976/6
f 663/980/6 665/974/6 690/977/6 693/981/6
f 684/982/6 682/971/6 695/970/6
f 678/983/6 697/984/6 696/969/6 680/968/6
f 676/985/6 698/986/6 697/984/6 678/983/6
f 674/987/6 699/988/6 698/986/6 676/985/6
f 673/975/6 700/989/6 699/988/6 674/987/6
f 713/990/6 714/991/6 721/992/6
f 665/974/6 666/993/6 702/994/6 701/995/6
f 666/993/6 688/996/6 694/997/6 702/994/6
f 719/998/102 720/999/104 733/1000/104 732/1001/141
f 718/1002/106 719/998/102 732/1001/141 731/1003/106
f 720/999/6 719/998/6 711/1004/6 712/1005/6
f 721/992/6 720/999/6 712/1005/6 713/990/6
f 718/1002/6 717/1006/6 707/1007/6 710/1008/6
f 719/998/6 718/1002/6 710/1008/6 711/1004/6
f 722/1009/6 721/992/6 714/991/6 715/1010/6
f 707/1007/6 717/1006/6 716/1011/6 708/1012/6
f 715/1010/6 709/1013/6 723/1014/6 722/1009/6
f 709/1013/6 708/1012/6 716/1011/6 723/1014/6
f 704/1015/6 703/1016/6 725/1017/6 724/1018/6
f 703/1016/6 706/1019/6 726/1020/6 725/1017/6
f 706/1019/6 705/1021/6 727/1022/6 726/1020/6
f 705/1021/6 704/1015/6 724/1018/6 727/1022/6
f 724/1018/107 725/1017/107 736/1023/107 737/1024/107
f 720/999/104 721/992/108 734/1025/108 733/1000/104
f 727/1026/26 724/1027/26 737/1028/26 738/1029/26
f 716/1011/109 717/1006/110 728/1030/142 729/1031/109
f 725/1032/13 726/1033/13 739/1034/13 736/1035/13
f 717/1006/110 718/1002/106 731/1003/106 728/1030/142
f 723/1036/12 716/1037/12 729/1038/12 730/1039/12
f 726/1020/111 727/1022/111 738/1040/111 739/1041/111
f 721/992/112 722/1009/112 735/1042/112 734/1025/112
f 722/1043/26 723/1044/26 730/1045/26 735/1046/26
f 738/1040/6 737/1024/6 736/1023/6 739/1041/6
f 733/1000/6 734/1025/6 735/1042/6
f 688/996/6 669/1047/6 686/1048/6
f 694/997/6 688/996/6 686/1048/6
f 684/982/6 695/970/6 694/997/6 686/1048/6
f 673/975/6 665/974/6 701/995/6 700/989/6
f 670/978/6 663/980/6 693/981/6 692/979/6
f 672/1049/23 662/1050/23 664/1051/23 671/1052/23
f 662/1050/23 681/1053/23 683/1054/23
f 746/1055/80 747/1056/81 748/1057/81 745/1058/80
f 757/1059/143 759/1060/84 760/1061/84 758/1062/83
f 743/1063/23 746/1055/80 745/1058/80 744/1064/23
f 747/1056/81 749/1065/85 750/1066/144 748/1057/81
f 749/1065/85 751/1067/87 752/1068/87 750/1066/144
f 751/1067/87 753/1069/88 754/1070/89 752/1068/87
f 753/1071/88 755/1072/145 756/1073/145 754/1074/89
f 756/1073/145 755/1072/145 757/1059/143 758/1062/83
f 742/1075/12 741/1076/12 760/1061/84 759/1060/84
f 753/1077/26 769/1078/26 768/1079/26 755/1080/26
f 817/1081/26 746/1082/26 764/1083/26 763/1084/26
f 746/1082/26 743/1085/26 765/1086/26 764/1083/26
f 815/1087/26 817/1081/26 763/1084/26 766/1088/26
f 757/1089/26 755/1080/26 768/1079/26
f 751/1090/26 770/1091/26 769/1078/26 753/1077/26
f 749/1092/26 771/1093/26 770/1091/26 751/1090/26
f 747/1094/26 772/1095/26 771/1093/26 749/1092/26
f 746/1082/26 773/1096/26 772/1095/26 747/1094/26
f 786/1097/26 787/1098/26 794/1099/26
f 817/1081/26 818/1100/26 775/1101/26 774/1102/26
f 818/1100/26 761/1103/26 767/1104/26 775/1101/26
f 792/1105/146 793/1106/147 806/1107/116 805/1108/146
f 791/1109/118 792/1105/146 805/1108/146 804/1110/148
f 793/1106/26 792/1105/26 784/1111/26 785/1112/26
f 794/1099/26 793/1106/26 785/1112/26 786/1097/26
f 791/1109/26 790/1113/26 780/1114/26 783/1115/26
f 792/1105/26 791/1109/26 783/1115/26 784/1111/26
f 795/1116/26 794/1099/26 787/1098/26 788/1117/26
f 780/1114/26 790/1113/26 789/1118/26 781/1119/26
f 788/1117/26 782/1120/26 796/1121/26 795/1116/26
f 782/1120/26 781/1119/26 789/1118/26 796/1121/26
f 777/1122/26 776/1123/26 798/1124/26 797/1125/26
f 776/1123/26 779/1126/26 799/1127/26 798/1124/26
f 779/1126/26 778/1128/26 800/1129/26 799/1127/26
f 778/1128/26 777/1122/26 797/1125/26 800/1129/26
f 797/1125/55 798/1124/55 809/1130/55 810/1131/55
f 793/1106/147 794/1099/119 807/1132/119 806/1107/116
f 800/1133/23 797/1134/23 810/1135/23 811/1136/23
f 789/1118/120 790/1113/121 801/1137/121 802/1138/120
f 798/1139/6 799/1140/6 812/1141/6 809/1142/6
f 790/1113/121 791/1109/118 804/1110/148 801/1137/121
f 796/1143/12 789/1144/12 802/1145/12 803/1146/12
f 799/1127/59 800/1129/59 811/1147/59 812/1148/59
f 794/1099/60 795/1116/60 808/1149/60 807/1132/60
f 795/1150/23 796/1151/23 803/1152/23 808/1153/23
f 811/1147/26 810/1131/26 809/1130/26 812/1148/26
f 806/1107/26 807/1132/26 808/1149/26
f 761/1103/26 742/1154/26 759/1155/26
f 767/1104/26 761/1103/26 759/1155/26
f 757/1089/26 768/1079/26 767/1104/26 759/1155/26
f 746/1082/26 817/1081/26 774/1102/26 773/1096/26
f 743/1085/26 815/1087/26 766/1088/26 765/1086/26
f 745/1156/13 814/1157/13 816/1158/13 744/1159/13
f 823/1160/61 822/1161/61 825/1162/62 824/1163/62
f 834/1164/149 835/1165/150 837/1166/151 836/1167/151
f 820/1168/13 821/1169/13 822/1161/61 823/1160/61
f 824/1163/62 825/1162/62 827/1170/67 826/1171/67
f 826/1171/67 827/1170/67 829/1172/68 828/1173/68
f 828/1173/68 829/1172/68 831/1174/69 830/1175/69
f 830/1176/69 831/1177/69 833/1178/152 832/1179/152
f 833/1178/152 835/1165/150 834/1164/149 832/1179/152
f 669/966/12 836/1167/151 837/1166/151 668/967/12
f 830/1180/6 832/1181/6 843/1182/6 844/1183/6
f 814/1157/13 756/1184/13 758/1185/13
f 817/1186/6 838/1187/6 839/1188/6 823/1189/6
f 823/1189/6 839/1188/6 840/1190/6 820/1191/6
f 815/1192/6 841/1193/6 838/1187/6 817/1186/6
f 834/1194/6 843/1182/6 832/1181/6
f 828/1195/6 830/1180/6 844/1183/6 845/1196/6
f 826/1197/6 828/1195/6 845/1196/6 846/1198/6
f 824/1199/6 826/1197/6 846/1198/6 847/1200/6
f 823/1189/6 824/1199/6 847/1200/6 848/1201/6
f 861/1202/6 869/1203/6 862/1204/6
f 817/1186/6 849/1205/6 850/1206/6 818/1207/6
f 818/1207/6 850/1206/6 842/1208/6 688/996/6
f 867/1209/124 880/1210/125 881/1211/126 868/1212/126
f 866/1213/128 879/1214/128 880/1210/125 867/1209/124
f 868/1212/6 860/1215/6 859/1216/6 867/1209/6
f 869/1203/6 861/1202/6 860/1215/6 868/1212/6
f 866/1213/6 858/1217/6 855/1218/6 865/1219/6
f 867/1209/6 859/1216/6 858/1217/6 866/1213/6
f 870/1220/6 863/1221/6 862/1204/6 869/1203/6
f 855/1218/6 856/1222/6 864/1223/6 865/1219/6
f 863/1221/6 870/1220/6 871/1224/6 857/1225/6
f 857/1225/6 871/1224/6 864/1223/6 856/1222/6
f 852/1226/6 872/1227/6 873/1228/6 851/1229/6
f 851/1229/6 873/1228/6 874/1230/6 854/1231/6
f 854/1231/6 874/1230/6 875/1232/6 853/1233/6
f 853/1233/6 875/1232/6 872/1227/6 852/1226/6
f 872/1227/107 885/1234/107 884/1235/107 873/1228/107
f 868/1212/126 881/1211/126 882/1236/129 869/1203/129
f 875/1237/13 886/1238/13 885/1239/13 872/1240/13
f 864/1223/130 877/1241/130 876/1242/131 865/1219/131
f 873/1243/26 884/1244/26 887/1245/26 874/1246/26
f 865/1219/131 876/1242/131 879/1214/128 866/1213/128
f 871/1247/12 878/1248/12 877/1249/12 864/1250/12
f 874/1230/111 887/1251/111 886/1252/111 875/1232/111
f 869/1203/112 882/1236/112 883/1253/112 870/1220/112
f 870/1254/13 883/1255/13 878/1256/13 871/1257/13
f 886/1252/6 887/1251/6 884/1235/6 885/1234/6
f 876/1242/6 877/1241/6 879/1214/6
f 688/996/6 836/1258/6 669/1047/6
f 842/1208/6 836/1258/6 688/996/6
f 834/1194/6 836/1258/6 842/1208/6 843/1182/6
f 823/1189/6 848/1201/6 849/1205/6 817/1186/6
f 820/1191/6 840/1190/6 841/1193/6 815/1192/6
f 822/1259/23 821/1260/23 816/1261/23 814/1262/23
f 833/1263/23 831/1264/23 814/1262/23
f 891/1265/1 892/1266/2 893/1267/2 890/1268/1
f 902/1269/3 904/1270/153 905/1271/4 903/1272/5
f 888/1273/6 891/1265/1 890/1268/1 889/1274/6
f 892/1266/2 894/1275/7 895/1276/154 893/1267/2
f 894/1275/7 896/1277/8 897/1278/8 895/1276/154
f 896/1277/8 898/1279/10 899/1280/9 897/1278/8
f 898/1281/10 900/1282/155 901/1283/155 899/1284/9
f 901/1283/155 900/1282/155 902/1269/3 903/1272/5
f 590/861/12 589/862/12 905/1271/4 904/1270/153
f 898/1285/13 912/1286/13 911/1287/13 900/1288/13
f 959/1289/13 891/1290/13 907/1291/13 906/1292/13
f 891/1290/13 888/1293/13 908/1294/13 907/1291/13
f 957/1295/13 959/1289/13 906/1292/13 909/1296/13
f 902/1297/13 900/1288/13 911/1287/13
f 896/1298/13 913/1299/13 912/1286/13 898/1285/13
f 894/1300/13 914/1301/13 913/1299/13 896/1298/13
f 892/1302/13 915/1303/13 914/1301/13 894/1300/13
f 891/1290/13 916/1304/13 915/1303/13 892/1302/13
f 929/1305/13 930/1306/13 937/1307/13
f 959/1289/13 960/1308/13 918/1309/13 917/1310/13
f 960/1308/13 609/890/13 910/1311/13 918/1309/13
f 935/1312/156 936/1313/157 949/1314/16 948/1315/158
f 934/1316/18 935/1312/156 948/1315/158 947/1317/159
f 936/1313/13 935/1312/13 927/1318/13 928/1319/13
f 937/1307/13 936/1313/13 928/1319/13 929/1305/13
f 934/1316/13 933/1320/13 923/1321/13 926/1322/13
f 935/1312/13 934/1316/13 926/1322/13 927/1318/13
f 938/1323/13 937/1307/13 930/1306/13 931/1324/13
f 923/1321/13 933/1320/13 932/1325/13 924/1326/13
f 931/1324/13 925/1327/13 939/1328/13 938/1323/13
f 925/1327/13 924/1326/13 932/1325/13 939/1328/13
f 920/1329/13 919/1330/13 941/1331/13 940/1332/13
f 919/1330/13 922/1333/13 942/1334/13 941/1331/13
f 922/1333/13 921/1335/13 943/1336/13 942/1334/13
f 921/1335/13 920/1329/13 940/1332/13 943/1336/13
f 940/1332/19 941/1331/19 952/1337/19 953/1338/19
f 936/1313/157 937/1307/20 950/1339/20 949/1314/16
f 943/1340/6 940/1341/6 953/1342/6 954/1343/6
f 932/1325/21 933/1320/22 944/1344/22 945/1345/21
f 941/1346/23 942/1347/23 955/1348/23 952/1349/23
f 933/1320/22 934/1316/18 947/1317/159 944/1344/22
f 939/1350/12 932/1351/12 945/1352/12 946/1353/12
f 942/1334/24 943/1336/24 954/1354/24 955/1355/24
f 937/1307/25 938/1323/25 951/1356/25 950/1339/25
f 938/1357/6 939/1358/6 946/1359/6 951/1360/6
f 954/1354/13 953/1338/13 952/1337/13 955/1355/13
f 949/1314/13 950/1339/13 951/1356/13
f 609/890/13 590/941/13 904/1361/13
f 910/1311/13 609/890/13 904/1361/13
f 902/1297/13 911/1287/13 910/1311/13 904/1361/13
f 891/1290/13 959/1289/13 917/1310/13 916/1304/13
f 888/1293/13 957/1295/13 909/1296/13 908/1294/13
f 890/1362/26 956/1363/26 958/1364/26 889/1365/26
f 967/1366/27 966/1367/27 969/1368/28 968/1369/28
f 978/1370/139 979/1371/139 981/1372/160 980/1373/160
f 964/1374/26 965/1375/26 966/1367/27 967/1366/27
f 968/1369/28 969/1368/28 971/1376/32 970/1377/32
f 970/1377/32 971/1376/32 973/1378/33 972/1379/33
f 972/1379/33 973/1378/33 975/1380/35 974/1381/35
f 974/1382/35 975/1383/35 977/1384/36 976/1385/36
f 977/1384/36 979/1371/139 978/1370/139 976/1385/36
f 963/1386/12 980/1373/160 981/1372/160 962/1387/12
f 974/1388/23 976/1389/23 989/1390/23 990/1391/23
f 956/1363/26 901/1392/26 903/1393/26
f 959/1394/23 984/1395/23 985/1396/23 967/1397/23
f 967/1397/23 985/1396/23 986/1398/23 964/1399/23
f 957/1400/23 987/1401/23 984/1395/23 959/1394/23
f 978/1402/23 989/1390/23 976/1389/23
f 972/1403/23 974/1388/23 990/1391/23 991/1404/23
f 970/1405/23 972/1403/23 991/1404/23 992/1406/23
f 968/1407/23 970/1405/23 992/1406/23 993/1408/23
f 967/1397/23 968/1407/23 993/1408/23 994/1409/23
f 1007/1410/23 1015/1411/23 1008/1412/23
f 959/1394/23 995/1413/23 996/1414/23 960/1415/23
f 960/1415/23 996/1414/23 988/1416/23 982/1417/23
f 1013/1418/37 1026/1419/38 1027/1420/39 1014/1421/161
f 1012/1422/41 1025/1423/41 1026/1419/38 1013/1418/37
f 1014/1421/23 1006/1424/23 1005/1425/23 1013/1418/23
f 1015/1411/23 1007/1410/23 1006/1424/23 1014/1421/23
f 1012/1422/23 1004/1426/23 1001/1427/23 1011/1428/23
f 1013/1418/23 1005/1425/23 1004/1426/23 1012/1422/23
f 1016/1429/23 1009/1430/23 1008/1412/23 1015/1411/23
f 1001/1427/23 1002/1431/23 1010/1432/23 1011/1428/23
f 1009/1430/23 1016/1429/23 1017/1433/23 1003/1434/23
f 1003/1434/23 1017/1433/23 1010/1432/23 1002/1431/23
f 998/1435/23 1018/1436/23 1019/1437/23 997/1438/23
f 997/1438/23 1019/1437/23 1020/1439/23 1000/1440/23
f 1000/1440/23 1020/1439/23 1021/1441/23 999/1442/23
f 999/1442/23 1021/1441/23 1018/1436/23 998/1435/23
f 1018/1436/42 1031/1443/42 1030/1444/42 1019/1437/42
f 1014/1421/161 1027/1420/39 1028/1445/43 1015/1411/43
f 1021/1446/26 1032/1447/26 1031/1448/26 1018/1449/26
f 1010/1432/44 1023/1450/44 1022/1451/45 1011/1428/45
f 1019/1452/13 1030/1453/13 1033/1454/13 1020/1455/13
f 1011/1428/45 1022/1451/45 1025/1423/41 1012/1422/41
f 1017/1456/12 1024/1457/12 1023/1458/12 1010/1459/12
f 1020/1439/46 1033/1460/46 1032/1461/46 1021/1441/46
f 1015/1411/47 1028/1445/47 1029/1462/47 1016/1429/47
f 1016/1463/26 1029/1464/26 1024/1465/26 1017/1466/26
f 1032/1461/23 1033/1460/23 1030/1444/23 1031/1443/23
f 1022/1451/23 1023/1450/23 1025/1423/23
f 982/1417/23 980/1467/23 963/1468/23
f 988/1416/23 980/1467/23 982/1417/23
f 978/1402/23 980/1467/23 988/1416/23 989/1390/23
f 967/1397/23 994/1409/23 995/1413/23 959/1394/23
f 964/1399/23 986/1398/23 987/1401/23 957/1400/23
f 966/1469/6 965/1470/6 958/1471/6 956/1472/6
f 977/1473/6 975/1474/6 956/1472/6
f 1038/1475/1 1037/1476/1 1040/1477/2 1039/1478/2
f 1049/1479/3 1050/1480/5 1052/1481/4 1051/1482/4
f 1035/1483/6 1036/1484/6 1037/1476/1 1038/1475/1
f 1039/1478/2 1040/1477/2 1042/1485/162 1041/1486/163
f 1041/1486/163 1042/1485/162 1044/1487/8 1043/1488/49
f 1043/1488/49 1044/1487/8 1046/1489/9 1045/1490/10
f 1045/1491/10 1046/1492/9 1048/1493/155 1047/1494/155
f 1048/1493/155 1050/1480/5 1049/1479/3 1047/1494/155
f 742/1075/12 1051/1482/4 1052/1481/4 741/1076/12
f 1045/1495/26 1047/1496/26 1058/1497/26 1059/1498/26
f 1106/1499/26 1053/1500/26 1054/1501/26 1038/1502/26
f 1038/1502/26 1054/1501/26 1055/1503/26 1035/1504/26
f 1104/1505/26 1056/1506/26 1053/1500/26 1106/1499/26
f 1049/1507/26 1058/1497/26 1047/1496/26
f 1043/1508/26 1045/1495/26 1059/1498/26 1060/1509/26
f 1041/1510/26 1043/1508/26 1060/1509/26 1061/1511/26
f 1039/1512/26 1041/1510/26 1061/1511/26 1062/1513/26
f 1038/1502/26 1039/1512/26 1062/1513/26 1063/1514/26
f 1076/1515/26 1084/1516/26 1077/1517/26
f 1106/1499/26 1064/1518/26 1065/1519/26 1107/1520/26
f 1107/1520/26 1065/1519/26 1057/1521/26 761/1103/26
f 1082/1522/50 1095/1523/164 1096/1524/52 1083/1525/53
f 1081/1526/54 1094/1527/165 1095/1523/164 1082/1522/50
f 1083/1525/26 1075/1528/26 1074/1529/26 1082/1522/26
f 1084/1516/26 1076/1515/26 1075/1528/26 1083/1525/26
f 1081/1526/26 1073/1530/26 1070/1531/26 1080/1532/26
f 1082/1522/26 1074/1529/26 1073/1530/26 1081/1526/26
f 1085/1533/26 1078/1534/26 1077/1517/26 1084/1516/26
f 1070/1531/26 1071/1535/26 1079/1536/26 1080/1532/26
f 1078/1534/26 1085/1533/26 1086/1537/26 1072/1538/26
f 1072/1538/26 1086/1537/26 1079/1536/26 1071/1535/26
f 1067/1539/26 1087/1540/26 1088/1541/26 1066/1542/26
f 1066/1542/26 1088/1541/26 1089/1543/26 1069/1544/26
f 1069/1544/26 1089/1543/26 1090/1545/26 1068/1546/26
f 1068/1546/26 1090/1545/26 1087/1540/26 1067/1539/26
f 1087/1540/55 1100/1547/55 1099/1548/55 1088/1541/55
f 1083/1525/53 1096/1524/52 1097/1549/56 1084/1516/56
f 1090/1550/6 1101/1551/6 1100/1552/6 1087/1553/6
f 1079/1536/57 1092/1554/57 1091/1555/58 1080/1532/58
f 1088/1556/23 1099/1557/23 1102/1558/23 1089/1559/23
f 1080/1532/58 1091/1555/58 1094/1527/165 1081/1526/54
f 1086/1560/12 1093/1561/12 1092/1562/12 1079/1563/12
f 1089/1543/59 1102/1564/59 1101/1565/59 1090/1545/59
f 1084/1516/60 1097/1549/60 1098/1566/60 1085/1533/60
f 1085/1567/6 1098/1568/6 1093/1569/6 1086/1570/6
f 1101/1565/26 1102/1564/26 1099/1548/26 1100/1547/26
f 1091/1555/26 1092/1554/26 1094/1527/26
f 761/1103/26 1051/1571/26 742/1154/26
f 1057/1521/26 1051/1571/26 761/1103/26
f 1049/1507/26 1051/1571/26 1057/1521/26 1058/1497/26
f 1038/1502/26 1063/1514/26 1064/1518/26 1106/1499/26
f 1035/1504/26 1055/1503/26 1056/1506/26 1104/1505/26
f 1037/1572/13 1036/1573/13 1105/1574/13 1103/1575/13
f 1112/1576/61 1113/1577/62 1114/1578/62 1111/1579/61
f 1123/1580/150 1125/1581/166 1126/1582/166 1124/1583/150
f 1109/1584/13 1112/1576/61 1111/1579/61 1110/1585/13
f 1113/1577/62 1115/1586/67 1116/1587/67 1114/1578/62
f 1115/1586/67 1117/1588/68 1118/1589/68 1116/1587/67
f 1117/1588/68 1119/1590/69 1120/1591/69 1118/1589/68
f 1119/1592/69 1121/1593/71 1122/1594/71 1120/1595/69
f 1122/1594/71 1121/1593/71 1123/1580/150 1124/1583/150
f 963/1386/12 962/1387/12 1126/1582/166 1125/1581/166
f 1119/1596/23 1133/1597/23 1132/1598/23 1121/1599/23
f 1103/1575/13 1046/1600/13 1044/1601/13
f 1106/1602/23 1112/1603/23 1128/1604/23 1127/1605/23
f 1112/1603/23 1109/1606/23 1129/1607/23 1128/1604/23
f 1104/1608/23 1106/1602/23 1127/1605/23 1130/1609/23
f 1123/1610/23 1121/1599/23 1132/1598/23
f 1117/1611/23 1134/1612/23 1133/1597/23 1119/1596/23
f 1115/1613/23 1135/1614/23 1134/1612/23 1117/1611/23
f 1113/1615/23 1136/1616/23 1135/1614/23 1115/1613/23
f 1112/1603/23 1137/1617/23 1136/1616/23 1113/1615/23
f 1150/1618/23 1151/1619/23 1158/1620/23
f 1106/1602/23 1107/1621/23 1139/1622/23 1138/1623/23
f 1107/1621/23 982/1417/23 1131/1624/23 1139/1622/23
f 1156/1625/72 1157/1626/167 1170/1627/74 1169/1628/168
f 1155/1629/76 1156/1625/72 1169/1628/168 1168/1630/76
f 1157/1626/23 1156/1625/23 1148/1631/23 1149/1632/23
f 1158/1620/23 1157/1626/23 1149/1632/23 1150/1618/23
f 1155/1629/23 1154/1633/23 1144/1634/23 1147/1635/23
f 1156/1625/23 1155/1629/23 1147/1635/23 1148/1631/23
f 1159/1636/23 1158/1620/23 1151/1619/23 1152/1637/23
f 1144/1634/23 1154/1633/23 1153/1638/23 1145/1639/23
f 1152/1637/23 1146/1640/23 1160/1641/23 1159/1636/23
f 1146/1640/23 1145/1639/23 1153/1638/23 1160/1641/23
f 1141/1642/23 1140/1643/23 1162/1644/23 1161/1645/23
f 1140/1643/23 1143/1646/23 1163/1647/23 1162/1644/23
f 1143/1646/23 1142/1648/23 1164/1649/23 1163/1647/23
f 1142/1648/23 1141/1642/23 1161/1645/23 1164/1649/23
f 1161/1645/42 1162/1644/42 1173/1650/42 1174/1651/42
f 1157/1626/167 1158/1620/77 1171/1652/77 1170/1627/74
f 1164/1653/13 1161/1654/13 1174/1655/13 1175/1656/13
f 1153/1638/78 1154/1633/79 1165/1657/79 1166/1658/78
f 1162/1659/26 1163/1660/26 1176/1661/26 1173/1662/26
f 1154/1633/79 1155/1629/76 1168/1630/76 1165/1657/79
f 1160/1663/12 1153/1664/12 1166/1665/12 1167/1666/12
f 1163/1647/46 1164/1649/46 1175/1667/46 1176/1668/46
f 1158/1620/47 1159/1636/47 1172/1669/47 1171/1652/47
f 1159/1670/13 1160/1671/13 1167/1672/13 1172/1673/13
f 1175/1667/23 1174/1651/23 1173/1650/23 1176/1668/23
f 1170/1627/23 1171/1652/23 1172/1669/23
f 982/1417/23 963/1468/23 1125/1674/23
f 1131/1624/23 982/1417/23 1125/1674/23
f 1123/1610/23 1132/1598/23 1131/1624/23 1125/1674/23
f 1112/1603/23 1106/1602/23 1138/1623/23 1137/1617/23
f 1109/1606/23 1104/1608/23 1130/1609/23 1129/1607/23
f 1111/1675/6 1103/1676/6 1105/1677/6 1110/1678/6
f 1103/1676/6 1120/1679/6 1122/1680/6
f 68/95/13 63/1681/13 66/53/13
f 63/1681/13 62/84/13 64/56/13
f 66/53/13 63/1681/13 65/54/13
f 62/84/13 61/83/13 64/56/13
f 64/56/13 65/54/13 63/1681/13
f 74/103/26 5/102/26 8/1682/26
f 74/103/26 8/1682/26 10/1683/26
f 1/1684/26 22/1685/26 20/1686/26
f 22/1685/26 74/103/26 18/133/26
f 20/1686/26 22/1685/26 18/133/26
f 74/103/26 10/1683/26 12/1687/26
f 74/103/26 12/1687/26 14/1688/26
f 74/103/26 14/1688/26 16/132/26
f 141/190/23 142/1689/23 143/163/23
f 142/1689/23 147/202/23 145/160/23
f 143/163/23 142/1689/23 144/159/23
f 147/202/23 146/185/23 145/160/23
f 145/160/23 144/159/23 142/1689/23
f 87/1690/6 84/209/6 74/212/6
f 74/212/6 101/1691/6 97/1692/6
f 101/1691/6 80/1693/6 99/1694/6
f 101/1691/6 99/1694/6 97/1692/6
f 89/1695/6 87/1690/6 74/212/6
f 91/1696/6 89/1695/6 74/212/6
f 74/212/6 97/1692/6 95/213/6
f 93/214/6 91/1696/6 74/212/6
f 214/297/26 215/1697/26 216/270/26
f 215/1697/26 220/309/26 218/267/26
f 216/270/26 215/1697/26 217/266/26
f 220/309/26 219/292/26 218/267/26
f 218/267/26 217/266/26 215/1697/26
f 226/319/13 174/1698/13 170/1699/13
f 174/1698/13 153/1700/13 172/1701/13
f 174/1698/13 172/1701/13 170/1699/13
f 160/1702/13 157/316/13 226/319/13
f 162/1703/13 160/1702/13 226/319/13
f 226/319/13 170/1699/13 168/1704/13
f 164/345/13 162/1703/13 226/319/13
f 226/319/13 168/1704/13 166/344/13
f 295/413/23 290/1705/23 293/371/23
f 290/1705/23 289/402/23 291/374/23
f 293/371/23 290/1705/23 292/372/23
f 289/402/23 288/401/23 291/374/23
f 291/374/23 292/372/23 290/1705/23
f 249/1706/6 80/1693/6 101/1691/6
f 226/420/6 234/419/6 237/1707/6
f 226/420/6 237/1707/6 239/1708/6
f 249/1706/6 101/1691/6 247/1709/6
f 101/1691/6 226/420/6 247/1709/6
f 226/420/6 239/1708/6 241/1710/6
f 226/420/6 241/1710/6 243/423/6
f 245/424/6 247/1709/6 226/420/6
f 357/504/13 358/1711/13 359/477/13
f 358/1711/13 363/516/13 361/474/13
f 359/477/13 358/1711/13 360/473/13
f 363/516/13 362/499/13 361/474/13
f 361/474/13 360/473/13 358/1711/13
f 368/525/26 22/1685/26 315/1712/26
f 22/1685/26 1/1684/26 317/1713/26
f 22/1685/26 317/1713/26 315/1712/26
f 305/1714/26 302/522/26 368/525/26
f 307/1715/26 305/1714/26 368/525/26
f 368/525/26 315/1712/26 313/1716/26
f 309/553/26 307/1715/26 368/525/26
f 368/525/26 313/1716/26 311/552/26
f 441/622/6 436/1717/6 439/580/6
f 436/1717/6 435/611/6 437/583/6
f 439/580/6 436/1717/6 438/581/6
f 435/611/6 434/610/6 437/583/6
f 437/583/6 438/581/6 436/1717/6
f 393/1718/23 374/1719/23 395/1720/23
f 368/630/23 378/629/23 381/1721/23
f 368/630/23 381/1721/23 383/1722/23
f 393/1718/23 395/1720/23 391/1723/23
f 395/1720/23 368/630/23 391/1723/23
f 368/630/23 383/1722/23 385/1724/23
f 368/630/23 385/1724/23 387/633/23
f 389/634/23 391/1723/23 368/630/23
f 510/726/26 505/1725/26 508/684/26
f 505/1725/26 504/715/26 506/687/26
f 508/684/26 505/1725/26 507/685/26
f 504/715/26 503/714/26 506/687/26
f 506/687/26 507/685/26 505/1725/26
f 515/733/13 449/732/13 452/1726/13
f 515/733/13 452/1726/13 454/1727/13
f 153/1700/13 174/1698/13 464/1728/13
f 174/1698/13 515/733/13 462/761/13
f 464/1728/13 174/1698/13 462/761/13
f 515/733/13 454/1727/13 456/1729/13
f 515/733/13 456/1729/13 458/1730/13
f 515/733/13 458/1730/13 460/760/13
f 578/817/6 579/1731/6 580/790/6
f 579/1731/6 584/829/6 582/787/6
f 580/790/6 579/1731/6 581/786/6
f 584/829/6 583/812/6 582/787/6
f 582/787/6 581/786/6 579/1731/6
f 526/1732/23 523/835/23 515/838/23
f 515/838/23 395/1720/23 536/1733/23
f 395/1720/23 374/1719/23 538/1734/23
f 395/1720/23 538/1734/23 536/1733/23
f 528/1735/23 526/1732/23 515/838/23
f 530/1736/23 528/1735/23 515/838/23
f 515/838/23 536/1733/23 534/839/23
f 532/840/23 530/1736/23 515/838/23
f 650/923/13 651/1737/13 652/896/13
f 651/1737/13 656/935/13 654/893/13
f 652/896/13 651/1737/13 653/892/13
f 656/935/13 655/918/13 654/893/13
f 654/893/13 653/892/13 651/1737/13
f 662/945/26 610/1738/26 606/1739/26
f 610/1738/26 589/1740/26 608/1741/26
f 610/1738/26 608/1741/26 606/1739/26
f 596/1742/26 593/942/26 662/945/26
f 598/1743/26 596/1742/26 662/945/26
f 662/945/26 606/1739/26 604/1744/26
f 600/973/26 598/1743/26 662/945/26
f 662/945/26 604/1744/26 602/972/26
f 735/1042/6 730/1745/6 733/1000/6
f 730/1745/6 729/1031/6 731/1003/6
f 733/1000/6 730/1745/6 732/1001/6
f 729/1031/6 728/1030/6 731/1003/6
f 731/1003/6 732/1001/6 730/1745/6
f 687/1746/23 668/1747/23 689/1748/23
f 662/1050/23 672/1049/23 675/1749/23
f 662/1050/23 675/1749/23 677/1750/23
f 687/1746/23 689/1748/23 685/1751/23
f 689/1748/23 662/1050/23 685/1751/23
f 662/1050/23 677/1750/23 679/1752/23
f 662/1050/23 679/1752/23 681/1053/23
f 683/1054/23 685/1751/23 662/1050/23
f 808/1149/26 803/1753/26 806/1107/26
f 803/1753/26 802/1138/26 804/1110/26
f 806/1107/26 803/1753/26 805/1108/26
f 802/1138/26 801/1137/26 804/1110/26
f 804/1110/26 805/1108/26 803/1753/26
f 814/1157/13 745/1156/13 748/1754/13
f 814/1157/13 748/1754/13 750/1755/13
f 741/1756/13 762/1757/13 760/1758/13
f 762/1757/13 814/1157/13 758/1185/13
f 760/1758/13 762/1757/13 758/1185/13
f 814/1157/13 750/1755/13 752/1759/13
f 814/1157/13 752/1759/13 754/1760/13
f 814/1157/13 754/1760/13 756/1184/13
f 877/1241/6 878/1761/6 879/1214/6
f 878/1761/6 883/1253/6 881/1211/6
f 879/1214/6 878/1761/6 880/1210/6
f 883/1253/6 882/1236/6 881/1211/6
f 881/1211/6 880/1210/6 878/1761/6
f 825/1762/23 822/1259/23 814/1262/23
f 814/1262/23 689/1748/23 835/1763/23
f 689/1748/23 668/1747/23 837/1764/23
f 689/1748/23 837/1764/23 835/1763/23
f 827/1765/23 825/1762/23 814/1262/23
f 829/1766/23 827/1765/23 814/1262/23
f 814/1262/23 835/1763/23 833/1263/23
f 831/1264/23 829/1766/23 814/1262/23
f 951/1356/13 946/1767/13 949/1314/13
f 946/1767/13 945/1345/13 947/1317/13
f 949/1314/13 946/1767/13 948/1315/13
f 945/1345/13 944/1344/13 947/1317/13
f 947/1317/13 948/1315/13 946/1767/13
f 956/1363/26 890/1362/26 893/1768/26
f 956/1363/26 893/1768/26 895/1769/26
f 589/1740/26 610/1738/26 905/1770/26
f 610/1738/26 956/1363/26 903/1393/26
f 905/1770/26 610/1738/26 903/1393/26
f 956/1363/26 895/1769/26 897/1771/26
f 956/1363/26 897/1771/26 899/1772/26
f 956/1363/26 899/1772/26 901/1392/26
f 1023/1450/23 1024/1773/23 1025/1423/23
f 1024/1773/23 1029/1462/23 1027/1420/23
f 1025/1423/23 1024/1773/23 1026/1419/23
f 1029/1462/23 1028/1445/23 1027/1420/23
f 1027/1420/23 1026/1419/23 1024/1773/23
f 969/1774/6 966/1469/6 956/1472/6
f 956/1472/6 983/1775/6 979/1776/6
f 983/1775/6 962/1777/6 981/1778/6
f 983/1775/6 981/1778/6 979/1776/6
f 971/1779/6 969/1774/6 956/1472/6
f 973/1780/6 971/1779/6 956/1472/6
f 956/1472/6 979/1776/6 977/1473/6
f 975/1474/6 973/1780/6 956/1472/6
f 1092/1554/26 1093/1781/26 1094/1527/26
f 1093/1781/26 1098/1566/26 1096/1524/26
f 1094/1527/26 1093/1781/26 1095/1523/26
f 1098/1566/26 1097/1549/26 1096/1524/26
f 1096/1524/26 1095/1523/26 1093/1781/26
f 1103/1575/13 762/1757/13 1050/1782/13
f 762/1757/13 741/1756/13 1052/1783/13
f 762/1757/13 1052/1783/13 1050/1782/13
f 1040/1784/13 1037/1572/13 1103/1575/13
f 1042/1785/13 1040/1784/13 1103/1575/13
f 1103/1575/13 1050/1782/13 1048/1786/13
f 1044/1601/13 1042/1785/13 1103/1575/13
f 1103/1575/13 1048/1786/13 1046/1600/13
f 1172/1669/23 1167/1787/23 1170/1627/23
f 1167/1787/23 1166/1658/23 1168/1630/23
f 1170/1627/23 1167/1787/23 1169/1628/23
f 1166/1658/23 1165/1657/23 1168/1630/23
f 1168/1630/23 1169/1628/23 1167/1787/23
f 1126/1788/6 962/1777/6 983/1775/6
f 1103/1676/6 1111/1675/6 1114/1789/6
f 1103/1676/6 1114/1789/6 1116/1790/6
f 1126/1788/6 983/1775/6 1124/1791/6
f 983/1775/6 1103/1676/6 1124/1791/6
f 1103/1676/6 1116/1790/6 1118/1792/6
f 1103/1676/6 1118/1792/6 1120/1679/6
f 1122/1680/6 1124/1791/6 1103/1676/6
usemtl sandstone_brown
f 23/30/13 24/29/13 36/69/13 37/68/13
f 24/29/13 25/32/13 39/72/13 36/69/13
f 25/32/13 26/34/13 38/74/13 39/72/13
f 26/34/13 23/30/13 37/68/13 38/74/13
f 27/50/13 28/25/13 40/60/13 41/65/13
f 29/24/13 30/37/13 44/57/13 43/61/13
f 30/37/13 31/39/13 45/58/13 44/57/13
f 31/39/13 32/41/13 46/43/13 45/58/13
f 32/41/13 33/42/13 47/44/13 46/43/13
f 33/42/13 34/48/13 48/63/13 47/44/13
f 34/48/13 35/47/13 42/66/13 48/63/13
f 35/47/13 27/50/13 41/65/13 42/66/13
f 28/25/13 29/24/13 43/61/13 40/60/13
f 21/49/13 78/46/13 79/1793/13 73/1794/13
f 102/135/23 116/175/23 115/178/23 103/136/23
f 103/136/23 115/178/23 118/180/23 104/138/23
f 104/138/23 118/180/23 117/182/23 105/141/23
f 105/141/23 117/182/23 116/175/23 102/135/23
f 106/156/23 120/171/23 119/167/23 107/130/23
f 108/131/23 122/166/23 123/165/23 109/144/23
f 109/144/23 123/165/23 124/164/23 110/146/23
f 110/146/23 124/164/23 125/150/23 111/148/23
f 111/148/23 125/150/23 126/152/23 112/149/23
f 112/149/23 126/152/23 127/170/23 113/153/23
f 113/153/23 127/170/23 121/174/23 114/154/23
f 114/154/23 121/174/23 120/171/23 106/156/23
f 107/130/23 119/167/23 122/166/23 108/131/23
f 100/157/23 152/1795/23 79/1796/23 78/155/23
f 175/242/26 189/282/26 188/285/26 176/243/26
f 176/243/26 188/285/26 191/287/26 177/245/26
f 177/245/26 191/287/26 190/289/26 178/248/26
f 178/248/26 190/289/26 189/282/26 175/242/26
f 179/263/26 193/278/26 192/274/26 180/239/26
f 181/240/26 195/273/26 196/272/26 182/251/26
f 182/251/26 196/272/26 197/271/26 183/253/26
f 183/253/26 197/271/26 198/257/26 184/255/26
f 184/255/26 198/257/26 199/259/26 185/256/26
f 185/256/26 199/259/26 200/277/26 186/260/26
f 186/260/26 200/277/26 194/281/26 187/261/26
f 187/261/26 194/281/26 193/278/26 179/263/26
f 180/239/26 192/274/26 195/273/26 181/240/26
f 173/264/26 225/1797/26 231/1798/26 230/262/26
f 250/349/23 251/348/23 263/387/23 264/386/23
f 251/348/23 252/351/23 266/390/23 263/387/23
f 252/351/23 253/353/23 265/392/23 266/390/23
f 253/353/23 250/349/23 264/386/23 265/392/23
f 254/368/23 255/342/23 267/378/23 268/383/23
f 256/341/23 257/356/23 271/375/23 270/379/23
f 257/356/23 258/358/23 272/376/23 271/375/23
f 258/358/23 259/360/23 273/362/23 272/376/23
f 259/360/23 260/361/23 274/363/23 273/362/23
f 260/361/23 261/367/23 275/381/23 274/363/23
f 261/367/23 262/366/23 269/384/23 275/381/23
f 262/366/23 254/368/23 268/383/23 269/384/23
f 255/342/23 256/341/23 270/379/23 267/378/23
f 100/157/23 230/365/23 231/1799/23 152/1795/23
f 318/450/13 332/489/13 331/492/13 319/451/13
f 319/451/13 331/492/13 334/494/13 320/453/13
f 320/453/13 334/494/13 333/496/13 321/456/13
f 321/456/13 333/496/13 332/489/13 318/450/13
f 322/471/13 336/485/13 335/481/13 323/447/13
f 324/448/13 338/480/13 339/479/13 325/459/13
f 325/459/13 339/479/13 340/478/13 326/461/13
f 326/461/13 340/478/13 341/465/13 327/463/13
f 327/463/13 341/465/13 342/467/13 328/464/13
f 328/464/13 342/467/13 343/484/13 329/468/13
f 329/468/13 343/484/13 337/488/13 330/469/13
f 330/469/13 337/488/13 336/485/13 322/471/13
f 323/447/13 335/481/13 338/480/13 324/448/13
f 21/49/13 73/1794/13 373/1800/13 372/470/13
f 396/557/6 397/556/6 409/596/6 410/595/6
f 397/556/6 398/559/6 412/599/6 409/596/6
f 398/559/6 399/561/6 411/601/6 412/599/6
f 399/561/6 396/557/6 410/595/6 411/601/6
f 400/577/6 401/550/6 413/587/6 414/592/6
f 402/549/6 403/564/6 417/584/6 416/588/6
f 403/564/6 404/566/6 418/585/6 417/584/6
f 404/566/6 405/568/6 419/570/6 418/585/6
f 405/568/6 406/569/6 420/571/6 419/570/6
f 406/569/6 407/575/6 421/590/6 420/571/6
f 407/575/6 408/574/6 415/593/6 421/590/6
f 408/574/6 400/577/6 414/592/6 415/593/6
f 401/550/6 402/549/6 416/588/6 413/587/6
f 394/576/6 372/573/6 373/1801/6 446/1802/6
f 465/662/26 466/661/26 478/700/26 479/699/26
f 466/661/26 467/664/26 481/703/26 478/700/26
f 467/664/26 468/666/26 480/705/26 481/703/26
f 468/666/26 465/662/26 479/699/26 480/705/26
f 469/681/26 470/657/26 482/691/26 483/696/26
f 471/656/26 472/669/26 486/688/26 485/692/26
f 472/669/26 473/671/26 487/689/26 486/688/26
f 473/671/26 474/673/26 488/675/26 487/689/26
f 474/673/26 475/674/26 489/676/26 488/675/26
f 475/674/26 476/680/26 490/694/26 489/676/26
f 476/680/26 477/679/26 484/697/26 490/694/26
f 477/679/26 469/681/26 483/696/26 484/697/26
f 470/657/26 471/656/26 485/692/26 482/691/26
f 173/264/26 519/678/26 520/1803/26 225/1797/26
f 539/763/6 553/802/6 552/805/6 540/764/6
f 540/764/6 552/805/6 555/807/6 541/766/6
f 541/766/6 555/807/6 554/809/6 542/769/6
f 542/769/6 554/809/6 553/802/6 539/763/6
f 543/784/6 557/798/6 556/794/6 544/758/6
f 545/759/6 559/793/6 560/792/6 546/772/6
f 546/772/6 560/792/6 561/791/6 547/774/6
f 547/774/6 561/791/6 562/778/6 548/776/6
f 548/776/6 562/778/6 563/780/6 549/777/6
f 549/777/6 563/780/6 564/797/6 550/781/6
f 550/781/6 564/797/6 558/801/6 551/782/6
f 551/782/6 558/801/6 557/798/6 543/784/6
f 544/758/6 556/794/6 559/793/6 545/759/6
f 394/576/6 446/1802/6 520/1804/6 519/783/6
f 611/868/13 625/908/13 624/911/13 612/869/13
f 612/869/13 624/911/13 627/913/13 613/871/13
f 613/871/13 627/913/13 626/915/13 614/874/13
f 614/874/13 626/915/13 625/908/13 611/868/13
f 615/889/13 629/904/13 628/900/13 616/865/13
f 617/866/13 631/899/13 632/898/13 618/877/13
f 618/877/13 632/898/13 633/897/13 619/879/13
f 619/879/13 633/897/13 634/883/13 620/881/13
f 620/881/13 634/883/13 635/885/13 621/882/13
f 621/882/13 635/885/13 636/903/13 622/886/13
f 622/886/13 636/903/13 630/907/13 623/887/13
f 623/887/13 630/907/13 629/904/13 615/889/13
f 616/865/13 628/900/13 631/899/13 617/866/13
f 609/890/13 661/1805/13 667/1806/13 666/888/13
f 690/977/6 691/976/6 703/1016/6 704/1015/6
f 691/976/6 692/979/6 706/1019/6 703/1016/6
f 692/979/6 693/981/6 705/1021/6 706/1019/6
f 693/981/6 690/977/6 704/1015/6 705/1021/6
f 694/997/6 695/970/6 707/1007/6 708/1012/6
f 696/969/6 697/984/6 711/1004/6 710/1008/6
f 697/984/6 698/986/6 712/1005/6 711/1004/6
f 698/986/6 699/988/6 713/990/6 712/1005/6
f 699/988/6 700/989/6 714/991/6 713/990/6
f 700/989/6 701/995/6 715/1010/6 714/991/6
f 701/995/6 702/994/6 709/1013/6 715/1010/6
f 702/994/6 694/997/6 708/1012/6 709/1013/6
f 695/970/6 696/969/6 710/1008/6 707/1007/6
f 688/996/6 666/993/6 667/1807/6 740/1808/6
f 763/1084/26 764/1083/26 776/1123/26 777/1122/26
f 764/1083/26 765/1086/26 779/1126/26 776/1123/26
f 765/1086/26 766/1088/26 778/1128/26 779/1126/26
f 766/1088/26 763/1084/26 777/1122/26 778/1128/26
f 767/1104/26 768/1079/26 780/1114/26 781/1119/26
f 769/1078/26 770/1091/26 784/1111/26 783/1115/26
f 770/1091/26 771/1093/26 785/1112/26 784/1111/26
f 771/1093/26 772/1095/26 786/1097/26 785/1112/26
f 772/1095/26 773/1096/26 787/1098/26 786/1097/26
f 773/1096/26 774/1102/26 788/1117/26 787/1098/26
f 774/1102/26 775/1101/26 782/1120/26 788/1117/26
f 775/1101/26 767/1104/26 781/1119/26 782/1120/26
f 768/1079/26 769/1078/26 783/1115/26 780/1114/26
f 761/1103/26 818/1100/26 819/1809/26 813/1810/26
f 838/1187/6 852/1226/6 851/1229/6 839/1188/6
f 839/1188/6 851/1229/6 854/1231/6 840/1190/6
f 840/1190/6 854/1231/6 853/1233/6 841/1193/6
f 841/1193/6 853/1233/6 852/1226/6 838/1187/6
f 842/1208/6 856/1222/6 855/1218/6 843/1182/6
f 844/1183/6 858/1217/6 859/1216/6 845/1196/6
f 845/1196/6 859/1216/6 860/1215/6 846/1198/6
f 846/1198/6 860/1215/6 861/1202/6 847/1200/6
f 847/1200/6 861/1202/6 862/1204/6 848/1201/6
f 848/1201/6 862/1204/6 863/1221/6 849/1205/6
f 849/1205/6 863/1221/6 857/1225/6 850/1206/6
f 850/1206/6 857/1225/6 856/1222/6 842/1208/6
f 843/1182/6 855/1218/6 858/1217/6 844/1183/6
f 688/996/6 740/1808/6 819/1811/6 818/1207/6
f 906/1292/13 907/1291/13 919/1330/13 920/1329/13
f 907/1291/13 908/1294/13 922/1333/13 919/1330/13
f 908/1294/13 909/1296/13 921/1335/13 922/1333/13
f 909/1296/13 906/1292/13 920/1329/13 921/1335/13
f 910/1311/13 911/1287/13 923/1321/13 924/1326/13
f 912/1286/13 913/1299/13 927/1318/13 926/1322/13
f 913/1299/13 914/1301/13 928/1319/13 927/1318/13
f 914/1301/13 915/1303/13 929/1305/13 928/1319/13
f 915/1303/13 916/1304/13 930/1306/13 929/1305/13
f 916/1304/13 917/1310/13 931/1324/13 930/1306/13
f 917/1310/13 918/1309/13 925/1327/13 931/1324/13
f 918/1309/13 910/1311/13 924/1326/13 925/1327/13
f 911/1287/13 912/1286/13 926/1322/13 923/1321/13
f 609/890/13 960/1308/13 961/1812/13 661/1805/13
f 984/1395/23 998/1435/23 997/1438/23 985/1396/23
f 985/1396/23 997/1438/23 1000/1440/23 986/1398/23
f 986/1398/23 1000/1440/23 999/1442/23 987/1401/23
f 987/1401/23 999/1442/23 998/1435/23 984/1395/23
f 988/1416/23 1002/1431/23 1001/1427/23 989/1390/23
f 990/1391/23 1004/1426/23 1005/1425/23 991/1404/23
f 991/1404/23 1005/1425/23 1006/1424/23 992/1406/23
f 992/1406/23 1006/1424/23 1007/1410/23 993/1408/23
f 993/1408/23 1007/1410/23 1008/1412/23 994/1409/23
f 994/1409/23 1008/1412/23 1009/1430/23 995/1413/23
f 995/1413/23 1009/1430/23 1003/1434/23 996/1414/23
f 996/1414/23 1003/1434/23 1002/1431/23 988/1416/23
f 989/1390/23 1001/1427/23 1004/1426/23 990/1391/23
f 982/1417/23 1034/1813/23 961/1814/23 960/1415/23
f 1053/1500/26 1067/1539/26 1066/1542/26 1054/1501/26
f 1054/1501/26 1066/1542/26 1069/1544/26 1055/1503/26
f 1055/1503/26 1069/1544/26 1068/1546/26 1056/1506/26
f 1056/1506/26 1068/1546/26 1067/1539/26 1053/1500/26
f 1057/1521/26 1071/1535/26 1070/1531/26 1058/1497/26
f 1059/1498/26 1073/1530/26 1074/1529/26 1060/1509/26
f 1060/1509/26 1074/1529/26 1075/1528/26 1061/1511/26
f 1061/1511/26 1075/1528/26 1076/1515/26 1062/1513/26
f 1062/1513/26 1076/1515/26 1077/1517/26 1063/1514/26
f 1063/1514/26 1077/1517/26 1078/1534/26 1064/1518/26
f 1064/1518/26 1078/1534/26 1072/1538/26 1065/1519/26
f 1065/1519/26 1072/1538/26 1071/1535/26 1057/1521/26
f 1058/1497/26 1070/1531/26 1073/1530/26 1059/1498/26
f 761/1103/26 813/1810/26 1108/1815/26 1107/1520/26
f 1127/1605/23 1128/1604/23 1140/1643/23 1141/1642/23
f 1128/1604/23 1129/1607/23 1143/1646/23 1140/1643/23
f 1129/1607/23 1130/1609/23 1142/1648/23 1143/1646/23
f 1130/1609/23 1127/1605/23 1141/1642/23 1142/1648/23
f 1131/1624/23 1132/1598/23 1144/1634/23 1145/1639/23
f 1133/1597/23 1134/1612/23 1148/1631/23 1147/1635/23
f 1134/1612/23 1135/1614/23 1149/1632/23 1148/1631/23
f 1135/1614/23 1136/1616/23 1150/1618/23 1149/1632/23
f 1136/1616/23 1137/1617/23 1151/1619/23 1150/1618/23
f 1137/1617/23 1138/1623/23 1152/1637/23 1151/1619/23
f 1138/1623/23 1139/1622/23 1146/1640/23 1152/1637/23
f 1139/1622/23 1131/1624/23 1145/1639/23 1146/1640/23
f 1132/1598/23 1133/1597/23 1147/1635/23 1144/1634/23
f 982/1417/23 1107/1621/23 1108/1816/23 1034/1813/23
o Cube.317_Cube.364
v 2.377738 0.500000 -1.500000
v 0.000000 4.891364 -1.500000
v 0.927696 4.734001 -1.500000
v 0.473865 4.851522 -1.500000
v 1.702002 4.292921 -1.500000
v 1.992575 3.990712 -1.500000
v 2.333967 3.288712 -1.500000
v 2.377738 2.904191 -1.500000
v 2.205014 3.651500 -1.500000
v 1.342609 4.544685 -1.500000
v 5.589753 0.500000 -1.500000
v 5.660118 0.500000 -1.400000
v 5.589753 0.500000 -1.400000
v 2.377738 0.500000 0.000000
v 0.000000 4.891364 0.000000
v 0.927696 4.734001 0.000000
v 0.473865 4.851522 0.000000
v 1.702002 4.292921 0.000000
v 1.992575 3.990712 0.000000
v 2.333967 3.288712 0.000000
v 2.377738 2.904191 0.000000
v 2.205014 3.651500 0.000000
v 1.342609 4.544685 0.000000
v 5.660118 0.500000 -0.334573
v 5.660118 0.500000 -0.629147
v 5.660118 0.500000 -0.549147
v 5.660118 0.500000 -0.843720
v 5.560118 0.500000 -0.549147
v 5.067339 5.319864 -0.549147
v 5.560118 0.500000 -1.159883
v 5.560118 0.500000 -0.843720
v 5.096525 5.034405 -0.843720
v 5.175266 5.242339 -0.629147
v 5.560118 0.500000 -0.629147
v 5.038155 5.605324 -0.254573
v 5.560118 0.500000 -0.254573
v 5.560118 0.500000 -0.334573
v 5.075266 5.242339 -0.629147
v 5.104451 4.956880 -0.923720
v 5.046081 5.527799 -0.334573
v 5.138155 5.605324 -0.254573
v 5.660118 0.500000 -1.159883
v 5.204451 4.956880 -0.923720
v 5.167339 5.319864 -0.549147
v 5.146080 5.527799 -0.334573
v 5.196525 5.034405 -0.843720
v 5.125932 5.724867 -1.400000
v 5.055569 5.724863 -1.500000
v 5.055569 5.724864 -1.400000
v 0.000000 5.724861 -1.500000
v 5.138155 5.605324 -0.185392
v 5.125931 5.724878 -0.185392
v 5.895173 0.500000 -0.185392
v 5.464076 4.716572 -0.185392
v 5.514076 4.716572 -0.254573
v 5.945173 0.500000 -0.254573
v 5.945173 0.500000 -0.185392
v 5.188155 5.605324 -0.254573
v 5.188155 5.605324 -0.185392
v 5.514076 4.716572 -0.185392
v -2.377738 0.500000 -1.500000
v -0.927696 4.734001 -1.500000
v -0.473865 4.851522 -1.500000
v -1.702002 4.292921 -1.500000
v -1.992575 3.990712 -1.500000
v -2.333967 3.288712 -1.500000
v -2.377738 2.904191 -1.500000
v -2.205014 3.651500 -1.500000
v -1.342609 4.544685 -1.500000
v -5.589753 0.500000 -1.500000
v -5.660118 0.500000 -1.400000
v -5.589753 0.500000 -1.400000
v -2.377738 0.500000 0.000000
v -0.927696 4.734001 0.000000
v -0.473865 4.851522 0.000000
v -1.702002 4.292921 0.000000
v -1.992575 3.990712 0.000000
v -2.333967 3.288712 0.000000
v -2.377738 2.904191 0.000000
v -2.205014 3.651500 0.000000
v -1.342609 4.544685 0.000000
v -5.660118 0.500000 -0.334573
v -5.660118 0.500000 -0.629147
v -5.660118 0.500000 -0.549147
v -5.660118 0.500000 -0.843720
v -5.560118 0.500000 -0.549147
v -5.067339 5.319864 -0.549147
v -5.560118 0.500000 -1.159883
v -5.560118 0.500000 -0.843720
v -5.096525 5.034405 -0.843720
v -5.175266 5.242339 -0.629147
v -5.560118 0.500000 -0.629147
v -5.038155 5.605324 -0.254573
v -5.560118 0.500000 -0.254573
v -5.560118 0.500000 -0.334573
v -5.075266 5.242339 -0.629147
v -5.104451 4.956880 -0.923720
v -5.046081 5.527799 -0.334573
v -5.138155 5.605324 -0.254573
v -5.660118 0.500000 -1.159883
v -5.204451 4.956880 -0.923720
v -5.167339 5.319864 -0.549147
v -5.146080 5.527799 -0.334573
v -5.196525 5.034405 -0.843720
v -5.125932 5.724867 -1.400000
v -5.055569 5.724863 -1.500000
v -5.055569 5.724864 -1.400000
v -5.138155 5.605324 -0.185392
v -5.125931 5.724878 -0.185392
v -5.895173 0.500000 -0.185392
v -5.464076 4.716572 -0.185392
v -5.514076 4.716572 -0.254573
v -5.945173 0.500000 -0.254573
v -5.945173 0.500000 -0.185392
v -5.188155 5.605324 -0.254573
v -5.188155 5.605324 -0.185392
v -5.514076 4.716572 -0.185392
v 2.377738 0.500000 1.500000
v 0.000000 4.891364 1.500000
v 0.927696 4.734001 1.500000
v 0.473865 4.851522 1.500000
v 1.702002 4.292921 1.500000
v 1.992575 3.990712 1.500000
v 2.333967 3.288712 1.500000
v 2.377738 2.904191 1.500000
v 2.205014 3.651500 1.500000
v 1.342609 4.544685 1.500000
v 5.589753 0.500000 1.500000
v 5.660118 0.500000 1.400000
v 5.589753 0.500000 1.400000
v 5.660118 0.500000 0.334573
v 5.660118 0.500000 0.629147
v 5.660118 0.500000 0.549147
v 5.660118 0.500000 0.843720
v 5.560118 0.500000 0.549147
v 5.067339 5.319864 0.549147
v 5.560118 0.500000 1.159883
v 5.560118 0.500000 0.843720
v 5.096525 5.034405 0.843720
v 5.175266 5.242339 0.629147
v 5.560118 0.500000 0.629147
v 5.038155 5.605324 0.254573
v 5.560118 0.500000 0.254573
v 5.560118 0.500000 0.334573
v 5.075266 5.242339 0.629147
v 5.104451 4.956880 0.923720
v 5.046081 5.527799 0.334573
v 5.138155 5.605324 0.254573
v 5.660118 0.500000 1.159883
v 5.204451 4.956880 0.923720
v 5.167339 5.319864 0.549147
v 5.146080 5.527799 0.334573
v 5.196525 5.034405 0.843720
v 5.125932 5.724867 1.400000
v 5.055569 5.724863 1.500000
v 5.055569 5.724864 1.400000
v 0.000000 5.724861 1.500000
v 5.138155 5.605324 0.185392
v 5.125931 5.724878 0.185392
v 5.895173 0.500000 0.185392
v 5.464076 4.716572 0.185392
v 5.514076 4.716572 0.254573
v 5.945173 0.500000 0.254573
v 5.945173 0.500000 0.185392
v 5.188155 5.605324 0.254573
v 5.188155 5.605324 0.185392
v 5.514076 4.716572 0.185392
v -2.377738 0.500000 1.500000
v -0.927696 4.734001 1.500000
v -0.473865 4.851522 1.500000
v -1.702002 4.292921 1.500000
v -1.992575 3.990712 1.500000
v -2.333967 3.288712 1.500000
v -2.377738 2.904191 1.500000
v -2.205014 3.651500 1.500000
v -1.342609 4.544685 1.500000
v -5.589753 0.500000 1.500000
v -5.660118 0.500000 1.400000
v -5.589753 0.500000 1.400000
v -5.660118 0.500000 0.334573
v -5.660118 0.500000 0.629147
v -5.660118 0.500000 0.549147
v -5.660118 0.500000 0.843720
v -5.560118 0.500000 0.549147
v -5.067339 5.319864 0.549147
v -5.560118 0.500000 1.159883
v -5.560118 0.500000 0.843720
v -5.096525 5.034405 0.843720
v -5.175266 5.242339 0.629147
v -5.560118 0.500000 0.629147
v -5.038155 5.605324 0.254573
v -5.560118 0.500000 0.254573
v -5.560118 0.500000 0.334573
v -5.075266 5.242339 0.629147
v -5.104451 4.956880 0.923720
v -5.046081 5.527799 0.334573
v -5.138155 5.605324 0.254573
v -5.660118 0.500000 1.159883
v -5.204451 4.956880 0.923720
v -5.167339 5.319864 0.549147
v -5.146080 5.527799 0.334573
v -5.196525 5.034405 0.843720
v -5.125932 5.724867 1.400000
v -5.055569 5.724863 1.500000
v -5.055569 5.724864 1.400000
v -5.138155 5.605324 0.185392
v -5.125931 5.724878 0.185392
v -5.895173 0.500000 0.185392
v -5.464076 4.716572 0.185392
v -5.514076 4.716572 0.254573
v -5.945173 0.500000 0.254573
v -5.945173 0.500000 0.185392
v -5.188155 5.605324 0.254573
v -5.188155 5.605324 0.185392
v -5.514076 4.716572 0.185392
vt 0.280930 1.108555
vt 0.530930 1.108555
vt 0.530930 1.165093
vt 0.280930 1.165093
vt 0.719128 0.723768
vt 0.719125 0.783667
vt 0.469125 0.783667
vt 0.469128 0.723768
vt 0.530930 1.215465
vt 0.280930 1.215465
vt 0.719130 0.654616
vt 0.469130 0.654616
vt 0.280930 1.048089
vt 0.530930 1.048089
vt 0.719132 0.500000
vt 0.719132 0.578977
vt 0.469132 0.578977
vt 0.469132 0.500000
vt 0.280930 0.984002
vt 0.280930 0.583303
vt 0.530930 0.583303
vt 0.530930 0.984002
vt 0.609690 0.583262
vt 0.609690 1.339002
vt 0.573928 1.373658
vt 0.573928 0.583262
vt 0.719070 0.583263
vt 0.719070 1.454080
vt 0.702403 1.454080
vt 0.702403 0.583263
vt -0.431632 0.583263
vt -0.342667 1.454080
vt -0.354394 1.454080
vt -0.443359 0.583262
vt 0.560595 0.583262
vt 0.560594 1.386579
vt 0.524832 1.421235
vt 0.524832 0.583262
vt 0.573994 1.362544
vt 0.560662 1.361223
vt 0.560662 1.344556
vt 0.573994 1.345877
vt 0.623086 1.367408
vt 0.609754 1.366087
vt 0.609754 1.349420
vt 0.623086 1.350741
vt -0.366151 1.339002
vt -0.443359 0.583262
vt -0.426693 0.583263
vt -0.349484 1.339003
vt -0.361291 1.386579
vt -0.443359 0.583262
vt -0.426693 0.583263
vt -0.344624 1.386580
vt 1.443359 0.583262
vt 1.367471 1.326081
vt 1.350805 1.326082
vt 1.426693 0.583263
vt 0.573928 1.373659
vt 0.560594 1.386580
vt 0.560595 0.583263
vt 0.573928 0.583263
vt 0.511499 1.434157
vt 0.511499 0.583263
vt 0.524832 0.583263
vt 0.524832 1.421236
vt 1.443359 0.583261
vt 1.357750 1.421235
vt 1.341084 1.421236
vt 1.426693 0.583263
vt 0.623023 1.326082
vt 0.609690 1.339003
vt 0.609690 0.583263
vt 0.662384 0.583263
vt 0.524902 1.357680
vt 0.511570 1.356359
vt 0.511570 1.339692
vt 0.524902 1.341013
vt 1.443359 0.583262
vt 1.362611 1.373658
vt 1.345944 1.373659
vt 1.426693 0.583263
vt 0.702403 1.454080
vt 0.623023 1.326081
vt 0.511499 1.434155
vt 0.499969 1.454081
vt 0.662384 0.583262
vt 0.702403 0.583262
vt 0.438171 0.583259
vt 0.499969 0.583259
vt 0.499969 1.286026
vt 0.438171 1.286026
vt -0.342667 1.454080
vt 0.167854 1.165093
vt 0.216279 1.215465
vt 0.438171 1.454081
vt 0.438171 1.434155
vt 0.499969 1.434155
vt 0.500103 -0.354322
vt 0.561901 -0.354322
vt 0.781002 0.500000
vt 1.410739 1.286026
vt 1.482535 0.583259
vt 1.490869 0.583258
vt 1.419073 1.286025
vt 0.511499 1.434155
vt 0.499969 1.434155
vt 0.499969 1.286025
vt 0.511499 1.286025
vt 0.511499 0.583258
vt 0.499969 0.583258
vt -0.339763 1.434157
vt -0.419072 1.286026
vt -0.426693 0.583263
vt 1.356430 1.434155
vt 1.364764 1.434155
vt 0.488572 1.356359
vt 0.500102 1.356359
vt 0.500102 1.364692
vt 0.488572 1.364692
vt -0.364763 1.434155
vt -0.356430 1.434156
vt 0.719070 1.108611
vt 0.719070 1.165144
vt 0.469070 1.165144
vt 0.469070 1.108611
vt 0.719128 0.276231
vt 0.469128 0.276231
vt 0.469125 0.216333
vt 0.719125 0.216333
vt 0.719070 1.215509
vt 0.469070 1.215508
vt 0.719131 0.345384
vt 0.469131 0.345384
vt 0.719070 1.048148
vt 0.469070 1.048148
vt 0.469132 0.421022
vt 0.719132 0.421022
vt 0.719070 0.984062
vt 0.469070 0.984062
vt 0.469070 0.583364
vt 0.719070 0.583364
vt 0.390309 0.583405
vt 0.426071 0.583405
vt 0.426072 1.373789
vt 0.390309 1.339134
vt 0.280929 0.583404
vt 0.297596 0.583404
vt 0.297596 1.454208
vt 0.280929 1.454208
vt 1.431619 0.583404
vt 1.443347 0.583405
vt 1.354250 1.454209
vt 1.342522 1.454208
vt 0.439405 0.583405
vt 0.475167 0.583405
vt 0.475167 1.421365
vt 0.439405 1.386710
vt 0.573995 -0.362545
vt 0.573995 -0.345878
vt 0.560663 -0.344557
vt 0.560663 -0.361224
vt 0.623087 -0.367409
vt 0.623087 -0.350742
vt 0.609755 -0.349421
vt 0.609755 -0.366088
vt 1.366024 1.339133
vt 1.349357 1.339132
vt 1.426680 0.583404
vt 1.443347 0.583405
vt 1.361156 1.386709
vt 1.344489 1.386708
vt 1.426680 0.583404
vt 1.443347 0.583405
vt -0.443347 0.583405
vt -0.426680 0.583404
vt -0.350679 1.326211
vt -0.367345 1.326213
vt 0.426072 1.373788
vt 0.426071 0.583404
vt 0.439405 0.583404
vt 0.439405 1.386708
vt 0.488501 1.434285
vt 0.475167 1.421364
vt 0.475167 0.583404
vt 0.488500 0.583404
vt -0.443347 0.583405
vt -0.426680 0.583404
vt -0.340943 1.421364
vt -0.357610 1.421365
vt 0.376976 1.326211
vt 0.337615 0.583404
vt 0.390309 0.583404
vt 0.390309 1.339132
vt 0.524903 -0.357681
vt 0.524903 -0.341014
vt 0.511571 -0.339693
vt 0.511571 -0.356360
vt -0.443347 0.583405
vt -0.426680 0.583404
vt -0.345811 1.373788
vt -0.362478 1.373789
vt 0.297596 1.454210
vt 0.376976 1.326213
vt 0.488501 1.434286
vt 0.500031 1.454211
vt 0.297596 0.583405
vt 0.337615 0.583405
vt 0.561828 0.583408
vt 0.561828 1.286165
vt 0.500031 1.286165
vt 0.500030 0.583408
vt 0.783613 1.215508
vt 0.832045 1.165144
vt 1.342522 1.454208
vt 0.500031 1.434286
vt 0.561828 1.434286
vt 0.561828 1.454211
vt -0.410619 1.286165
vt -0.418953 1.286165
vt -0.490856 0.583409
vt -0.482523 0.583408
vt 0.488501 1.434287
vt 0.488501 1.286165
vt 0.500031 1.286165
vt 0.500031 1.434287
vt 0.488500 0.583409
vt 0.500030 0.583409
vt 1.426680 0.583404
vt 1.418953 1.286165
vt 1.339622 1.434284
vt -0.356288 1.434286
vt -0.364621 1.434287
vt 0.488572 -0.356359
vt 0.488572 -0.364693
vt 0.500102 -0.364693
vt 0.500102 -0.356359
vt 1.364621 1.434286
vt 1.356288 1.434286
vt 0.780930 1.108555
vt 0.780930 1.165093
vt 0.219128 0.723768
vt 0.219125 0.783666
vt 0.780930 1.215465
vt 0.219130 0.654615
vt 0.780930 1.048089
vt 0.219132 0.499999
vt 0.219132 0.578977
vt 0.780930 0.984002
vt 0.780930 0.583303
vt 0.328450 0.583261
vt 0.364212 0.583261
vt 0.364212 1.373657
vt 0.328450 1.339001
vt 0.219070 0.583262
vt 0.235737 0.583262
vt 0.235737 1.454080
vt 0.219070 1.454080
vt 1.431632 0.583262
vt 1.443359 0.583261
vt 1.354395 1.454079
vt 1.342667 1.454080
vt 0.377546 0.583261
vt 0.413308 0.583261
vt 0.413308 1.421235
vt 0.377545 1.386579
vt 0.364279 1.362544
vt 0.364279 1.345877
vt 0.377613 1.344556
vt 0.377613 1.361223
vt 0.315180 1.367408
vt 0.315180 1.350741
vt 0.328514 1.349420
vt 0.328514 1.366087
vt 1.366151 1.339001
vt 1.349485 1.339003
vt 1.426693 0.583263
vt 1.443359 0.583261
vt 1.361291 1.386578
vt 1.344624 1.386580
vt 1.426693 0.583263
vt 1.443359 0.583261
vt -0.443359 0.583262
vt -0.426693 0.583263
vt -0.350805 1.326082
vt -0.367471 1.326081
vt 0.364212 1.373659
vt 0.364212 0.583263
vt 0.377546 0.583263
vt 0.377545 1.386580
vt 0.426641 1.434157
vt 0.413308 1.421236
vt 0.413308 0.583263
vt 0.426641 0.583263
vt -0.443359 0.583262
vt -0.426693 0.583263
vt -0.341083 1.421236
vt -0.357750 1.421235
vt 0.315117 1.326082
vt 0.275756 0.583263
vt 0.328450 0.583263
vt 0.328450 1.339003
vt 0.413378 1.357680
vt 0.413378 1.341013
vt 0.426712 1.339692
vt 0.426712 1.356359
vt -0.443359 0.583262
vt -0.426693 0.583263
vt -0.345944 1.373659
vt -0.362611 1.373658
vt 0.235737 1.454079
vt 0.315117 1.326081
vt 0.426641 1.434155
vt 0.235737 0.583261
vt 0.275756 0.583261
vt 0.783721 1.215465
vt 0.832147 1.165093
vt 1.342667 1.454080
vt -0.410739 1.286026
vt -0.419072 1.286026
vt -0.490869 0.583258
vt -0.482535 0.583259
vt 0.426641 1.434155
vt 0.426641 1.286025
vt 0.438171 1.286025
vt 0.438171 1.434155
vt 0.426641 0.583258
vt 0.438171 0.583258
vt 1.426693 0.583263
vt 1.419073 1.286025
vt 1.339764 1.434157
vt -0.356430 1.434156
vt -0.364763 1.434155
vt 0.573430 1.356359
vt 0.573430 1.364692
vt 0.561900 1.364692
vt 0.561900 1.356359
vt 1.364764 1.434155
vt 1.356430 1.434155
vt 0.219070 1.108611
vt 0.219070 1.165144
vt 0.219128 0.276231
vt 0.219125 0.216332
vt 0.219070 1.215508
vt 0.219131 0.345384
vt 0.219070 1.048148
vt 0.219132 0.421022
vt 0.219070 0.984062
vt 0.219070 0.583363
vt 0.671549 0.583405
vt 0.671549 1.339134
vt 0.635787 1.373789
vt 0.635787 0.583405
vt 0.780929 0.583404
vt 0.780929 1.454208
vt 0.764263 1.454208
vt 0.764262 0.583404
vt -0.431619 0.583404
vt -0.342522 1.454208
vt -0.354249 1.454209
vt -0.443347 0.583405
vt 0.622454 0.583405
vt 0.622454 1.386710
vt 0.586692 1.421365
vt 0.586691 0.583405
vt 0.364280 -0.362545
vt 0.377614 -0.361224
vt 0.377614 -0.344557
vt 0.364280 -0.345878
vt 0.315180 -0.367409
vt 0.328515 -0.366088
vt 0.328515 -0.349421
vt 0.315180 -0.350742
vt -0.366024 1.339133
vt -0.443347 0.583405
vt -0.426680 0.583404
vt -0.349357 1.339132
vt -0.361156 1.386710
vt -0.443347 0.583405
vt -0.426680 0.583404
vt -0.344489 1.386708
vt 1.443347 0.583405
vt 1.367346 1.326213
vt 1.350679 1.326211
vt 1.426680 0.583404
vt 0.635787 1.373788
vt 0.622454 1.386708
vt 0.622454 0.583404
vt 0.635787 0.583404
vt 0.573358 1.434285
vt 0.573358 0.583404
vt 0.586691 0.583404
vt 0.586692 1.421364
vt 1.443347 0.583405
vt 1.357610 1.421365
vt 1.340943 1.421364
vt 1.426680 0.583404
vt 0.684883 1.326211
vt 0.671549 1.339132
vt 0.671549 0.583404
vt 0.724243 0.583404
vt 0.413379 -0.357681
vt 0.426713 -0.356360
vt 0.426713 -0.339693
vt 0.413379 -0.341014
vt 1.443347 0.583405
vt 1.362478 1.373789
vt 1.345811 1.373787
vt 1.426680 0.583404
vt 0.764263 1.454210
vt 0.684883 1.326213
vt 0.573358 1.434286
vt 0.724243 0.583405
vt 0.764263 0.583405
vt -0.342522 1.454208
vt 0.167955 1.165144
vt 0.216387 1.215508
vt 1.410619 1.286165
vt 1.482522 0.583408
vt 1.490856 0.583409
vt 1.418953 1.286165
vt 0.573358 1.434287
vt 0.561828 1.434287
vt 0.561828 1.286165
vt 0.573358 1.286165
vt 0.573358 0.583409
vt 0.561828 0.583409
vt -0.339621 1.434285
vt -0.418953 1.286165
vt -0.426680 0.583404
vt 1.356288 1.434286
vt 1.364621 1.434286
vt 0.573429 -0.356359
vt 0.561899 -0.356359
vt 0.561899 -0.364693
vt 0.573429 -0.364693
vt -0.364621 1.434287
vt -0.356288 1.434286
vt 0.561901 1.354322
vt 0.500104 1.354322
vt 0.281002 0.500000
vt 0.420961 1.308581
vt 0.499938 1.315227
vt 0.499928 1.454144
vt -0.431632 0.583263
vt 0.103674 0.984002
vt 0.103704 0.583303
vt 0.345324 1.288988
vt 0.276174 1.257431
vt 0.110964 1.048089
vt 0.132451 1.108555
vt 0.764335 -0.354322
vt 0.764335 -0.342595
vt 0.781002 -0.342595
vt 0.281002 -0.342595
vt 0.297669 -0.342595
vt 0.297669 -0.354322
vt -0.490869 0.583258
vt 0.578916 1.308593
vt 0.654556 1.289012
vt 0.896284 0.583363
vt 1.431619 0.583404
vt 0.896253 0.984062
vt 0.723711 1.257465
vt 0.888953 1.048148
vt 0.867456 1.108611
vt 1.490856 0.583409
vt 0.500073 1.454144
vt 0.500062 1.315227
vt 0.579039 1.308581
vt 0.654676 1.288988
vt 0.896296 0.583303
vt 1.431632 0.583262
vt 0.896327 0.984002
vt 0.723826 1.257431
vt 0.889036 1.048089
vt 0.867549 1.108555
vt 1.490869 0.583258
vt 0.421084 1.308593
vt -0.431619 0.583404
vt 0.103747 0.984062
vt 0.103716 0.583363
vt 0.345444 1.289012
vt 0.276289 1.257465
vt 0.111047 1.048148
vt 0.132544 1.108611
vt -0.490856 0.583409
vt 0.297669 1.354322
vt 0.297669 1.342595
vt 0.281002 1.342595
vt 0.781003 1.342594
vt 0.764336 1.342594
vt 0.764336 1.354322
vn -0.8993 -0.4374 0.0000
vn -0.7869 -0.6171 0.0000
vn -0.4950 -0.8689 0.0000
vn -0.6487 -0.7611 0.0000
vn -0.6487 -0.7610 0.0000
vn -0.4948 -0.8690 0.0000
vn -0.3332 -0.9429 0.0000
vn -0.9743 -0.2251 0.0000
vn -0.9744 -0.2249 0.0000
vn 0.0000 -1.0000 0.0000
vn -0.1675 -0.9859 0.0000
vn -0.1674 -0.9859 -0.0000
vn -0.9999 -0.0157 -0.0000
vn -1.0000 0.0000 0.0000
vn 0.9948 0.1017 -0.0000
vn -0.0000 -0.0000 -1.0000
vn 0.0000 -0.0166 0.9999
vn 0.0000 -0.7181 0.6959
vn 0.0000 -0.0696 0.9976
vn 0.0000 -0.0529 0.9986
vn 0.0000 0.0000 1.0000
vn 0.0000 -0.0157 0.9999
vn 0.9892 0.1467 0.0001
vn 0.9892 0.1467 0.0000
vn 0.9488 0.3158 -0.0001
vn 0.9488 0.3158 -0.0000
vn 0.0000 1.0000 -0.0000
vn 0.9389 0.3443 0.0000
vn 0.8993 -0.4374 -0.0000
vn 0.7869 -0.6171 -0.0000
vn 0.8992 -0.4375 0.0000
vn 0.4950 -0.8689 -0.0000
vn 0.4949 -0.8689 0.0000
vn 0.6487 -0.7610 0.0000
vn 0.6487 -0.7611 -0.0000
vn 0.3332 -0.9429 0.0000
vn 0.9743 -0.2251 0.0000
vn 0.9742 -0.2255 0.0000
vn 0.1674 -0.9859 0.0000
vn 0.1675 -0.9859 0.0000
vn 0.9999 -0.0157 0.0000
vn 1.0000 0.0000 0.0000
vn -0.9948 0.1017 -0.0000
vn -0.9892 0.1467 -0.0001
vn -0.9892 0.1467 0.0000
vn -0.9488 0.3158 0.0001
vn -0.9488 0.3158 0.0000
vn -0.9389 0.3443 0.0000
vn 0.0000 -0.0166 -0.9999
vn 0.0000 -0.7181 -0.6959
vn 0.0000 -0.0696 -0.9976
vn 0.0000 -0.0529 -0.9986
vn 0.0000 -0.0157 -0.9999
usemtl sandstone
s 1
f 1185/1817/169 1198/1818/169 1195/1819/170 1182/1820/170
f 1186/1821/171 1181/1822/172 1194/1823/173 1199/1824/174
f 1182/1820/170 1195/1819/170 1194/1825/173 1181/1826/172
f 1179/1827/175 1186/1821/171 1199/1824/174 1192/1828/175
f 1183/1829/176 1196/1830/177 1198/1818/169 1185/1817/169
f 1178/1831/178 1180/1832/179 1193/1833/180 1191/1834/178
f 1180/1832/179 1179/1827/175 1192/1828/175 1193/1833/180
f 1184/1835/181 1177/1836/182 1190/1837/182 1197/1838/181
f 1203/1839/183 1222/1840/183 1209/1841/183 1201/1842/183
f 1187/1843/183 1224/1844/183 1225/1845/183 1189/1846/183
f 1189/1847/184 1225/1848/184 1223/1849/184 1188/1850/184
f 1202/1851/183 1220/1852/183 1221/1853/183 1200/1854/183
f 1209/1855/185 1220/1856/186 1205/1857/186 1214/1858/185
f 1219/1859/187 1222/1860/186 1208/1861/186 1215/1862/187
f 1222/1863/184 1203/1864/184 1207/1865/184 1208/1866/184
f 1220/1867/184 1202/1868/184 1204/1869/184 1205/1870/184
f 1218/1871/188 1219/1872/187 1215/1873/187 1206/1874/188
f 1214/1875/183 1205/1876/183 1204/1877/183 1210/1878/183
f 1211/1879/183 1212/1880/183 1213/1881/183 1216/1882/183
f 1200/1883/189 1221/1884/190 1216/1885/190 1213/1886/189
f 1215/1887/183 1208/1888/183 1207/1889/183 1206/1890/183
f 1221/1891/190 1217/1892/186 1211/1893/186 1216/1894/190
f 1201/1895/189 1209/1896/185 1214/1897/185 1210/1898/189
f 1221/1853/183 1220/1852/183 1223/1899/183
f 1222/1840/183 1219/1900/183 1223/1899/183
f 1209/1841/183 1222/1840/183 1223/1899/183
f 1217/1901/183 1221/1853/183 1223/1899/183 1228/1902/183
f 1219/1900/183 1218/1903/183 1188/1904/183 1223/1899/183
f 1336/1905/183 1229/1906/183 1230/1907/191 1337/1908/192
f 1224/1909/184 1182/1910/184 1181/1911/184
f 1228/1902/183 1335/1912/183 1334/1913/193 1227/1914/194
f 1334/1913/193 1337/1908/192 1230/1907/191 1227/1914/194
f 1285/1915/195 1383/1916/195 1333/1917/195
f 1230/1918/189 1229/1919/189 1233/1920/189 1236/1921/189
f 1228/1902/183 1227/1914/194 1217/1901/183
f 1234/1922/196 1235/1923/196 1236/1924/192 1231/1925/191
f 1232/1926/183 1231/1925/191 1236/1924/192 1233/1927/183
f 1211/1928/184 1231/1929/184 1212/1930/184
f 1227/1931/189 1230/1918/189 1236/1921/189 1235/1932/189
f 1217/1933/195 1227/1934/195 1235/1935/195 1234/1936/195
f 1220/1852/183 1209/1841/183 1223/1899/183
f 1183/1829/176 1184/1835/181 1197/1838/181 1196/1830/177
f 1234/1937/184 1231/1929/184 1217/1938/184
f 1244/1939/197 1241/1940/198 1253/1941/198 1256/1942/199
f 1245/1943/200 1257/1944/201 1252/1945/202 1240/1946/203
f 1241/1940/198 1240/1947/203 1252/1948/202 1253/1941/198
f 1238/1949/204 1250/1950/204 1257/1944/201 1245/1943/200
f 1242/1951/205 1244/1939/197 1256/1942/199 1254/1952/206
f 1178/1831/178 1191/1834/178 1251/1953/207 1239/1954/208
f 1239/1954/208 1251/1953/207 1250/1950/204 1238/1949/204
f 1243/1955/209 1255/1956/209 1249/1957/210 1237/1958/210
f 1261/1959/211 1259/1960/211 1267/1961/211 1280/1962/211
f 1246/1963/211 1248/1964/211 1283/1965/211 1282/1966/211
f 1248/1967/184 1247/1968/184 1281/1969/184 1283/1970/184
f 1260/1971/211 1258/1972/211 1279/1973/211 1278/1974/211
f 1267/1975/185 1272/1976/185 1263/1977/186 1278/1978/186
f 1277/1979/187 1273/1980/187 1266/1981/186 1280/1982/186
f 1280/1983/184 1266/1984/184 1265/1985/184 1261/1986/184
f 1278/1987/184 1263/1988/184 1262/1989/184 1260/1990/184
f 1276/1991/188 1264/1992/188 1273/1993/187 1277/1994/187
f 1272/1995/211 1268/1996/211 1262/1997/211 1263/1998/211
f 1269/1999/211 1274/2000/211 1271/2001/211 1270/2002/211
f 1258/2003/189 1271/2004/189 1274/2005/190 1279/2006/190
f 1273/2007/211 1264/2008/211 1265/2009/211 1266/2010/211
f 1279/2011/190 1274/2012/190 1269/2013/186 1275/2014/186
f 1259/2015/189 1268/2016/189 1272/2017/185 1267/2018/185
f 1279/1973/211 1281/2019/211 1278/1974/211
f 1280/1962/211 1281/2019/211 1277/2020/211
f 1267/1961/211 1281/2019/211 1280/1962/211
f 1275/2021/211 1285/2022/211 1281/2019/211 1279/1973/211
f 1277/2020/211 1281/2019/211 1247/2023/211 1276/2024/211
f 1384/2025/211 1385/2026/212 1287/2027/213 1286/2028/211
f 1240/2029/184 1241/2030/184 1282/2031/184
f 1284/2032/214 1382/2033/215 1383/2034/211 1285/2022/211
f 1382/2033/215 1284/2032/214 1287/2027/213 1385/2026/212
f 1287/2035/189 1293/2036/189 1290/2037/189 1286/2038/189
f 1285/2022/211 1275/2021/211 1284/2032/214
f 1291/2039/216 1288/2040/213 1293/2041/212 1292/2042/216
f 1289/2043/211 1290/2044/211 1293/2041/212 1288/2040/213
f 1270/2045/184 1288/2046/184 1269/2047/184
f 1284/2048/189 1292/2049/189 1293/2036/189 1287/2035/189
f 1275/2050/195 1291/2051/195 1292/2052/195 1284/2053/195
f 1278/1974/211 1281/2019/211 1267/1961/211
f 1242/1951/205 1254/1952/206 1255/1956/209 1243/1955/209
f 1291/2054/184 1275/2055/184 1288/2046/184
f 1302/2056/169 1299/2057/170 1195/1819/170 1198/1818/169
f 1303/2058/171 1199/1824/174 1194/1823/173 1298/2059/172
f 1299/2057/170 1298/2060/172 1194/1825/173 1195/1819/170
f 1296/2061/175 1192/1828/175 1199/1824/174 1303/2058/171
f 1300/2062/176 1302/2056/169 1198/1818/169 1196/1830/177
f 1295/2063/178 1191/1834/178 1193/1833/180 1297/2064/179
f 1297/2064/179 1193/1833/180 1192/1828/175 1296/2061/175
f 1301/2065/181 1197/1838/181 1190/1837/182 1294/2066/182
f 1310/2067/183 1308/2068/183 1316/2069/183 1329/2070/183
f 1304/2071/183 1306/2072/183 1332/2073/183 1331/2074/183
f 1306/2075/189 1305/2076/189 1330/2077/189 1332/2078/189
f 1309/2079/183 1307/2080/183 1328/2081/183 1327/2082/183
f 1316/2083/217 1321/2084/217 1312/2085/218 1327/2086/218
f 1326/2087/219 1322/2088/219 1315/2089/218 1329/2090/218
f 1329/2091/189 1315/2092/189 1314/2093/189 1310/2094/189
f 1327/2095/189 1312/2096/189 1311/2097/189 1309/2098/189
f 1325/2099/220 1313/2100/220 1322/2101/219 1326/2102/219
f 1321/2103/183 1317/2104/183 1311/2105/183 1312/2106/183
f 1318/2107/183 1323/2108/183 1320/2109/183 1319/2110/183
f 1307/2111/184 1320/2112/184 1323/2113/221 1328/2114/221
f 1322/2115/183 1313/2116/183 1314/2117/183 1315/2118/183
f 1328/2119/221 1323/2120/221 1318/2121/218 1324/2122/218
f 1308/2123/184 1317/2124/184 1321/2125/217 1316/2126/217
f 1328/2081/183 1330/2127/183 1327/2082/183
f 1329/2070/183 1330/2127/183 1326/2128/183
f 1316/2069/183 1330/2127/183 1329/2070/183
f 1324/2129/183 1335/1912/183 1330/2127/183 1328/2081/183
f 1326/2128/183 1330/2127/183 1305/2130/183 1325/2131/183
f 1298/2132/189 1299/2133/189 1331/2134/189
f 1337/2135/184 1343/2136/184 1340/2137/184 1336/2138/184
f 1335/1912/183 1324/2129/183 1334/1913/193
f 1341/2139/196 1338/2140/192 1343/2141/191 1342/2142/196
f 1339/2143/183 1340/2144/183 1343/2141/191 1338/2140/192
f 1319/2145/189 1338/2146/189 1318/2147/189
f 1334/2148/184 1342/2149/184 1343/2136/184 1337/2135/184
f 1324/2150/195 1341/2151/195 1342/2152/195 1334/2153/195
f 1327/2082/183 1330/2127/183 1316/2069/183
f 1300/2062/176 1196/1830/177 1197/1838/181 1301/2065/181
f 1341/2154/189 1324/2155/189 1338/2146/189
f 1351/2156/197 1256/1942/199 1253/1941/198 1348/2157/198
f 1352/2158/200 1347/2159/203 1252/1945/202 1257/1944/201
f 1348/2157/198 1253/1941/198 1252/1948/202 1347/2160/203
f 1345/2161/204 1352/2158/200 1257/1944/201 1250/1950/204
f 1349/2162/205 1254/1952/206 1256/1942/199 1351/2156/197
f 1295/2063/178 1346/2163/208 1251/1953/207 1191/1834/178
f 1346/2163/208 1345/2161/204 1250/1950/204 1251/1953/207
f 1350/2164/209 1344/2165/210 1249/1957/210 1255/1956/209
f 1359/2166/211 1378/2167/211 1365/2168/211 1357/2169/211
f 1353/2170/211 1380/2171/211 1381/2172/211 1355/2173/211
f 1355/2174/189 1381/2175/189 1379/2176/189 1354/2177/189
f 1358/2178/211 1376/2179/211 1377/2180/211 1356/2181/211
f 1365/2182/217 1376/2183/218 1361/2184/218 1370/2185/217
f 1375/2186/219 1378/2187/218 1364/2188/218 1371/2189/219
f 1378/2190/189 1359/2191/189 1363/2192/189 1364/2193/189
f 1376/2194/189 1358/2195/189 1360/2196/189 1361/2197/189
f 1374/2198/220 1375/2199/219 1371/2200/219 1362/2201/220
f 1370/2202/211 1361/2203/211 1360/2204/211 1366/2205/211
f 1367/2206/211 1368/2207/211 1369/2208/211 1372/2209/211
f 1356/2210/184 1377/2211/221 1372/2212/221 1369/2213/184
f 1371/2214/211 1364/2215/211 1363/2216/211 1362/2217/211
f 1377/2218/221 1373/2219/218 1367/2220/218 1372/2221/221
f 1357/2222/184 1365/2223/217 1370/2224/217 1366/2225/184
f 1377/2180/211 1376/2179/211 1379/2226/211
f 1378/2167/211 1375/2227/211 1379/2226/211
f 1365/2168/211 1378/2167/211 1379/2226/211
f 1373/2228/211 1377/2180/211 1379/2226/211 1383/2034/211
f 1375/2227/211 1374/2229/211 1354/2230/211 1379/2226/211
f 1380/2231/189 1348/2232/189 1347/2233/189
f 1385/2234/184 1384/2235/184 1388/2236/184 1391/2237/184
f 1383/2034/211 1382/2033/215 1373/2228/211
f 1389/2238/216 1390/2239/216 1391/2240/213 1386/2241/212
f 1387/2242/211 1386/2241/212 1391/2240/213 1388/2243/211
f 1367/2244/189 1386/2245/189 1368/2246/189
f 1382/2247/184 1385/2234/184 1391/2237/184 1390/2248/184
f 1373/2249/195 1382/2250/195 1390/2251/195 1389/2252/195
f 1376/2179/211 1365/2168/211 1379/2226/211
f 1349/2162/205 1350/2164/209 1255/1956/209 1254/1952/206
f 1389/2253/189 1386/2245/189 1373/2254/189
f 1335/2255/195 1228/2256/195 1226/2257/195
f 1180/2258/184 1178/2259/184 1226/2260/184
f 1224/1909/184 1187/2261/184 1184/2262/184
f 1187/2261/184 1177/2263/184 1184/2262/184
f 1180/2258/184 1226/2260/184 1179/2264/184
f 1226/2260/184 1224/1909/184 1186/2265/184
f 1179/2264/184 1226/2260/184 1186/2265/184
f 1224/1909/184 1184/2262/184 1183/2266/184
f 1224/1909/184 1183/2266/184 1185/2267/184
f 1181/1911/184 1186/2265/184 1224/1909/184
f 1224/1909/184 1185/2267/184 1182/1910/184
f 1383/1916/195 1379/2268/195 1381/2269/195
f 1381/2269/195 1380/2270/195 1333/1917/195
f 1333/1917/195 1226/2257/195 1285/1915/195
f 1226/2257/195 1282/2271/195 1283/2272/195
f 1283/2272/195 1281/2273/195 1285/1915/195
f 1226/2257/195 1283/2272/195 1285/1915/195
f 1383/1916/195 1381/2269/195 1333/1917/195
f 1217/1938/184 1231/1929/184 1211/1928/184
f 1231/1929/184 1232/2274/184 1212/1930/184
f 1226/2260/184 1178/2259/184 1239/2275/184
f 1226/2260/184 1239/2275/184 1238/2276/184
f 1237/2277/184 1246/2278/184 1243/2279/184
f 1246/2278/184 1282/2031/184 1243/2279/184
f 1282/2031/184 1226/2260/184 1245/2280/184
f 1226/2260/184 1238/2276/184 1245/2280/184
f 1242/2281/184 1243/2279/184 1282/2031/184
f 1244/2282/184 1242/2281/184 1282/2031/184
f 1282/2031/184 1245/2280/184 1240/2029/184
f 1241/2030/184 1244/2282/184 1282/2031/184
f 1289/2283/184 1288/2046/184 1270/2045/184
f 1288/2046/184 1275/2055/184 1269/2047/184
f 1333/2284/189 1295/2285/189 1297/2286/189
f 1333/2284/189 1297/2286/189 1296/2287/189
f 1294/2288/189 1304/2289/189 1301/2290/189
f 1304/2289/189 1331/2134/189 1301/2290/189
f 1331/2134/189 1333/2284/189 1303/2291/189
f 1333/2284/189 1296/2287/189 1303/2291/189
f 1300/2292/189 1301/2290/189 1331/2134/189
f 1302/2293/189 1300/2292/189 1331/2134/189
f 1331/2134/189 1303/2291/189 1298/2132/189
f 1299/2133/189 1302/2293/189 1331/2134/189
f 1339/2294/189 1338/2146/189 1319/2145/189
f 1338/2146/189 1324/2155/189 1318/2147/189
f 1346/2295/189 1295/2285/189 1333/2284/189
f 1380/2231/189 1353/2296/189 1350/2297/189
f 1353/2296/189 1344/2298/189 1350/2297/189
f 1346/2295/189 1333/2284/189 1345/2299/189
f 1333/2284/189 1380/2231/189 1352/2300/189
f 1345/2299/189 1333/2284/189 1352/2300/189
f 1380/2231/189 1350/2297/189 1349/2301/189
f 1380/2231/189 1349/2301/189 1351/2302/189
f 1347/2233/189 1352/2300/189 1380/2231/189
f 1380/2231/189 1351/2302/189 1348/2232/189
f 1373/2254/189 1386/2245/189 1367/2244/189
f 1386/2245/189 1387/2303/189 1368/2246/189
f 1228/2256/195 1223/2304/195 1225/2305/195
f 1225/2305/195 1224/2306/195 1226/2257/195
f 1226/2257/195 1333/1917/195 1335/2255/195
f 1333/1917/195 1331/2307/195 1332/2308/195
f 1332/2308/195 1330/2309/195 1335/2255/195
f 1333/1917/195 1332/2308/195 1335/2255/195
f 1228/2256/195 1225/2305/195 1226/2257/195
o Cube.318_Cube.365
v 4.097485 5.499315 -5.500000
v 4.097485 5.565512 -5.500000
v 4.196443 5.565512 -5.500000
v 4.570968 6.549243 -5.500000
v 3.881749 6.549243 -5.500000
v 3.864079 6.489195 -5.500000
v 3.215109 6.489195 -5.500000
v 3.069023 6.618103 -5.500000
v 4.230984 5.691196 -5.500000
v 4.570968 5.948823 -5.500000
v 4.304928 5.818419 -5.500000
v 4.414044 5.909634 -5.500000
v 4.570968 6.016472 -5.500000
v 4.570968 6.481594 -5.500000
v 4.498515 6.481594 -5.500000
v 4.498515 6.016472 -5.500000
v 0.000000 5.499315 -5.500000
v 0.000000 6.618103 -5.500000
v 4.097485 5.499315 -1.402515
v 4.097485 5.565512 -1.402515
v 4.196443 5.565512 -1.303557
v 4.570968 5.948823 -0.929032
v 4.570968 6.549243 -0.929032
v 3.881749 6.549243 -1.618251
v 3.864079 6.489195 -1.635921
v 3.215109 6.489195 -2.284891
v 3.069023 6.618103 -2.430977
v 4.230984 5.691196 -1.269016
v 4.304928 5.818419 -1.195072
v 4.414044 5.909634 -1.085956
v 4.570968 6.016472 -0.929032
v 4.570968 6.481594 -0.929032
v 4.498515 6.016472 -1.001485
v 4.498515 6.481594 -1.001485
v 0.000000 5.499315 -1.402515
v 0.000000 5.565512 -1.402515
v 0.000000 5.565512 -1.303557
v 0.000000 6.549243 -0.929032
v 0.000000 6.549243 -1.618251
v 0.000000 6.489195 -1.635921
v 0.000000 6.489195 -2.284891
v 0.000000 6.618103 -2.430977
v 0.000000 5.691196 -1.269016
v 0.000000 5.948823 -0.929032
v 0.000000 5.818419 -1.195072
v 0.000000 5.909634 -1.085956
v 0.000000 6.016472 -0.929032
v 0.000000 6.481594 -0.929032
v 0.000000 6.481594 -1.001485
v 0.000000 6.016472 -1.001485
v 4.097485 5.499315 -9.597485
v 4.097485 5.565512 -9.597485
v 4.196443 5.565512 -9.696443
v 4.570968 5.948823 -10.070969
v 4.570968 6.549243 -10.070969
v 3.881749 6.549243 -9.381749
v 3.864079 6.489195 -9.364079
v 3.215109 6.489195 -8.715109
v 3.069023 6.618103 -8.569023
v 4.230984 5.691196 -9.730984
v 4.304928 5.818419 -9.804928
v 4.414044 5.909634 -9.914043
v 4.570968 6.016472 -10.070969
v 4.570968 6.481594 -10.070969
v 4.498515 6.016472 -9.998515
v 4.498515 6.481594 -9.998515
v -4.097485 5.499315 -1.402515
v -4.097485 5.565512 -1.402515
v -4.196443 5.565512 -1.303557
v -4.570968 5.948823 -0.929032
v -4.570968 6.549243 -0.929032
v -3.881749 6.549243 -1.618251
v -3.864079 6.489195 -1.635921
v -3.215109 6.489195 -2.284891
v -3.069023 6.618103 -2.430977
v -4.230984 5.691196 -1.269016
v -4.304928 5.818419 -1.195072
v -4.414044 5.909634 -1.085956
v -4.570968 6.016472 -0.929032
v -4.570968 6.481594 -0.929032
v -4.498515 6.016472 -1.001485
v -4.498515 6.481594 -1.001485
v 0.000000 5.499315 -9.597485
v 0.000000 5.565512 -9.597485
v 0.000000 5.565512 -9.696443
v 0.000000 6.549243 -10.070969
v 0.000000 6.549243 -9.381749
v 0.000000 6.489195 -9.364079
v 0.000000 6.489195 -8.715109
v 0.000000 6.618103 -8.569023
v 0.000000 5.691196 -9.730984
v 0.000000 5.948823 -10.070969
v 0.000000 5.818419 -9.804928
v 0.000000 5.909634 -9.914043
v 0.000000 6.016472 -10.070969
v 0.000000 6.481594 -10.070969
v 0.000000 6.481594 -9.998515
v 0.000000 6.016472 -9.998515
v -4.097485 5.499315 -9.597485
v -4.097485 5.565512 -9.597485
v -4.196443 5.565512 -9.696443
v -4.570968 5.948823 -10.070969
v -4.570968 6.549243 -10.070969
v -3.881749 6.549243 -9.381749
v -3.864079 6.489195 -9.364079
v -3.215109 6.489195 -8.715109
v -3.069023 6.618103 -8.569023
v -4.230984 5.691196 -9.730984
v -4.304928 5.818419 -9.804928
v -4.414044 5.909634 -9.914043
v -4.570968 6.016472 -10.070969
v -4.570968 6.481594 -10.070969
v -4.498515 6.016472 -9.998515
v -4.498515 6.481594 -9.998515
v -4.097485 5.499315 -5.500000
v -4.097485 5.565512 -5.500000
v -4.196443 5.565512 -5.500000
v -4.570968 6.549243 -5.500000
v -3.881749 6.549243 -5.500000
v -3.864079 6.489195 -5.500000
v -3.215109 6.489195 -5.500000
v -3.069023 6.618103 -5.500000
v -4.230984 5.691196 -5.500000
v -4.570968 5.948823 -5.500000
v -4.304928 5.818419 -5.500000
v -4.414044 5.909634 -5.500000
v -4.570968 6.016472 -5.500000
v -4.570968 6.481594 -5.500000
v -4.498515 6.481594 -5.500000
v -4.498515 6.016472 -5.500000
v 4.097485 5.499315 5.500000
v 4.097485 5.565512 5.500000
v 4.196443 5.565512 5.500000
v 4.570968 6.549243 5.500000
v 3.881749 6.549243 5.500000
v 3.864079 6.489195 5.500000
v 3.215109 6.489195 5.500000
v 3.069023 6.618103 5.500000
v 4.230984 5.691196 5.500000
v 4.570968 5.948823 5.500000
v 4.304928 5.818419 5.500000
v 4.414044 5.909634 5.500000
v 4.570968 6.016472 5.500000
v 4.570968 6.481594 5.500000
v 4.498515 6.481594 5.500000
v 4.498515 6.016472 5.500000
v 0.000000 5.499315 5.500000
v 0.000000 6.618103 5.500000
v 4.097485 5.499315 1.402515
v 4.097485 5.565512 1.402515
v 4.196443 5.565512 1.303557
v 4.570968 5.948823 0.929032
v 4.570968 6.549243 0.929032
v 3.881749 6.549243 1.618251
v 3.864079 6.489195 1.635921
v 3.215109 6.489195 2.284891
v 3.069023 6.618103 2.430977
v 4.230984 5.691196 1.269016
v 4.304928 5.818419 1.195072
v 4.414044 5.909634 1.085956
v 4.570968 6.016472 0.929032
v 4.570968 6.481594 0.929032
v 4.498515 6.016472 1.001485
v 4.498515 6.481594 1.001485
v 0.000000 5.499315 1.402515
v 0.000000 5.565512 1.402515
v 0.000000 5.565512 1.303557
v 0.000000 6.549243 0.929032
v 0.000000 6.549243 1.618251
v 0.000000 6.489195 1.635921
v 0.000000 6.489195 2.284891
v 0.000000 6.618103 2.430977
v 0.000000 5.691196 1.269016
v 0.000000 5.948823 0.929032
v 0.000000 5.818419 1.195072
v 0.000000 5.909634 1.085956
v 0.000000 6.016472 0.929032
v 0.000000 6.481594 0.929032
v 0.000000 6.481594 1.001485
v 0.000000 6.016472 1.001485
v 4.097485 5.499315 9.597485
v 4.097485 5.565512 9.597485
v 4.196443 5.565512 9.696443
v 4.570968 5.948823 10.070969
v 4.570968 6.549243 10.070969
v 3.881749 6.549243 9.381749
v 3.864079 6.489195 9.364079
v 3.215109 6.489195 8.715109
v 3.069023 6.618103 8.569023
v 4.230984 5.691196 9.730984
v 4.304928 5.818419 9.804928
v 4.414044 5.909634 9.914043
v 4.570968 6.016472 10.070969
v 4.570968 6.481594 10.070969
v 4.498515 6.016472 9.998515
v 4.498515 6.481594 9.998515
v -4.097485 5.499315 1.402515
v -4.097485 5.565512 1.402515
v -4.196443 5.565512 1.303557
v -4.570968 5.948823 0.929032
v -4.570968 6.549243 0.929032
v -3.881749 6.549243 1.618251
v -3.864079 6.489195 1.635921
v -3.215109 6.489195 2.284891
v -3.069023 6.618103 2.430977
v -4.230984 5.691196 1.269016
v -4.304928 5.818419 1.195072
v -4.414044 5.909634 1.085956
v -4.570968 6.016472 0.929032
v -4.570968 6.481594 0.929032
v -4.498515 6.016472 1.001485
v -4.498515 6.481594 1.001485
v 0.000000 5.499315 9.597485
v 0.000000 5.565512 9.597485
v 0.000000 5.565512 9.696443
v 0.000000 6.549243 10.070969
v 0.000000 6.549243 9.381749
v 0.000000 6.489195 9.364079
v 0.000000 6.489195 8.715109
v 0.000000 6.618103 8.569023
v 0.000000 5.691196 9.730984
v 0.000000 5.948823 10.070969
v 0.000000 5.818419 9.804928
v 0.000000 5.909634 9.914043
v 0.000000 6.016472 10.070969
v 0.000000 6.481594 10.070969
v 0.000000 6.481594 9.998515
v 0.000000 6.016472 9.998515
v -4.097485 5.499315 9.597485
v -4.097485 5.565512 9.597485
v -4.196443 5.565512 9.696443
v -4.570968 5.948823 10.070969
v -4.570968 6.549243 10.070969
v -3.881749 6.549243 9.381749
v -3.864079 6.489195 9.364079
v -3.215109 6.489195 8.715109
v -3.069023 6.618103 8.569023
v -4.230984 5.691196 9.730984
v -4.304928 5.818419 9.804928
v -4.414044 5.909634 9.914043
v -4.570968 6.016472 10.070969
v -4.570968 6.481594 10.070969
v -4.498515 6.016472 9.998515
v -4.498515 6.481594 9.998515
v -4.097485 5.499315 5.500000
v -4.097485 5.565512 5.500000
v -4.196443 5.565512 5.500000
v -4.570968 6.549243 5.500000
v -3.881749 6.549243 5.500000
v -3.864079 6.489195 5.500000
v -3.215109 6.489195 5.500000
v -3.069023 6.618103 5.500000
v -4.230984 5.691196 5.500000
v -4.570968 5.948823 5.500000
v -4.304928 5.818419 5.500000
v -4.414044 5.909634 5.500000
v -4.570968 6.016472 5.500000
v -4.570968 6.481594 5.500000
v -4.498515 6.481594 5.500000
v -4.498515 6.016472 5.500000
vt 2.068651 1.416501
vt 2.068651 1.427534
vt 1.385737 1.427534
vt 1.385737 1.416501
vt -0.385653 0.500000
vt -0.385653 1.011504
vt -0.897157 1.011504
vt 2.103299 1.217488
vt 2.121486 1.235674
vt 1.385812 1.235674
vt 1.385811 1.217488
vt 2.147640 1.261828
vt 1.385812 1.261828
vt 2.147647 1.261828
vt 1.385819 1.261828
vt 1.385819 1.249752
vt 2.135571 1.249753
vt 2.090901 1.448479
vt 2.103225 1.469682
vt 1.385737 1.469682
vt 1.385737 1.448479
vt 0.702823 1.416501
vt 0.702823 1.427533
vt 0.125851 1.011504
vt 0.668323 1.217488
vt 0.650138 1.235674
vt 0.623984 1.261828
vt 0.623991 1.261827
vt 0.636067 1.249752
vt 0.680573 1.448479
vt 0.668249 1.469682
vt 1.385737 1.502689
vt 1.385737 1.580209
vt 0.635984 1.580209
vt 0.635984 1.502688
vt -0.385661 1.261828
vt -0.385661 1.249753
vt 0.364092 1.249752
vt 0.376168 1.261828
vt -0.385655 1.035851
vt 0.150197 1.035851
vt -0.385655 1.144013
vt 0.258359 1.144013
vt -0.385737 1.591492
vt -0.385737 1.581484
vt 0.258277 1.581483
vt 0.261222 1.591491
vt -0.385654 1.261828
vt -0.385654 1.146958
vt 0.261304 1.146958
vt 0.376174 1.261828
vt 1.385737 1.591483
vt 0.623909 1.591483
vt 0.623909 1.580208
vt 1.385737 1.580208
vt 1.385737 1.502688
vt 0.623909 1.502687
vt 0.623909 1.491413
vt 1.385737 1.491413
vt 1.385737 1.427532
vt 0.686329 1.427532
vt 1.385807 1.182914
vt 1.385807 1.199407
vt 0.686400 1.199407
vt 0.702893 1.182914
vt 1.385807 1.182914
vt 0.702893 1.182914
vt 1.385807 0.500000
vt -0.182844 1.416605
vt 0.500070 1.416553
vt 0.500071 1.427585
vt -0.182843 1.427637
vt 0.668323 -0.217488
vt 0.668323 0.500000
vt 0.650138 0.500000
vt 0.650138 -0.235675
vt 0.623985 -0.261829
vt 0.623985 0.499999
vt 0.623992 -0.261829
vt 0.636067 -0.249753
vt 0.636067 0.499999
vt 0.623991 0.499999
vt -0.205092 1.448586
vt 0.500072 1.448533
vt 0.500074 1.469737
vt -0.217414 1.469791
vt 1.182984 1.416501
vt 1.182985 1.427533
vt 0.125851 0.500000
vt 1.205236 1.448479
vt 1.217562 1.469682
vt 0.500076 1.502745
vt 1.249829 1.502688
vt 1.249835 1.580209
vt 0.500082 1.580266
vt 0.376167 0.500000
vt 0.364092 0.500000
vt 0.150197 0.500000
vt 0.258358 0.500000
vt 0.499917 1.591541
vt -0.147041 1.591491
vt -0.144095 1.581483
vt 0.499918 1.581532
vt 0.376174 0.500000
vt 0.261304 0.500000
vt 0.500083 1.591541
vt 0.500082 1.580266
vt 1.261910 1.580208
vt 1.261911 1.591483
vt 0.500076 1.502745
vt 0.500076 1.491471
vt 1.261904 1.491413
vt 1.261904 1.502687
vt 0.500071 1.427585
vt 1.199478 1.427532
vt 0.702894 0.500000
vt 0.686401 0.500000
vt 0.702893 0.500000
vt -0.249670 1.580323
vt -0.249676 1.502802
vt 0.364092 -0.249753
vt 0.376167 -0.261828
vt 0.125850 -0.011504
vt 0.150197 -0.035852
vt 0.258358 -0.144014
vt 1.143931 1.581581
vt 1.146875 1.591590
vt 0.261304 -0.146959
vt 0.376174 -0.261828
vt -0.261745 1.591599
vt -0.261746 1.580324
vt -0.261752 1.502803
vt -0.261752 1.491529
vt -0.199336 1.427639
vt 0.686401 -0.199408
vt 0.702894 -0.182915
vt 2.135489 1.502689
vt 2.135489 1.580209
vt -1.147489 1.261828
vt -1.135413 1.249753
vt -0.921506 1.035852
vt -1.029668 1.144013
vt -1.032695 1.591492
vt -1.029750 1.581484
vt -1.147482 1.261828
vt -1.032612 1.146958
vt 2.147565 1.580208
vt 2.147565 1.591483
vt 2.147565 1.491413
vt 2.147565 1.502688
vt 2.085144 1.427533
vt 0.702893 -0.182915
vt 2.068722 1.182914
vt 2.085215 1.199407
vt 2.068721 1.182914
vt -0.182983 1.416500
vt 0.499931 1.416552
vt 0.499930 1.427585
vt -0.182984 1.427533
vt -0.897157 0.500000
vt 2.103299 0.500000
vt 2.121486 0.500000
vt 2.147641 0.500000
vt 2.135572 0.500000
vt 2.147647 0.500000
vt -0.205236 1.448479
vt 0.499928 1.448532
vt 0.499927 1.469736
vt -0.217561 1.469682
vt 1.182845 1.416604
vt 1.182844 1.427637
vt -0.897157 -0.011504
vt 2.103299 -0.217488
vt 2.121486 -0.235674
vt 2.147641 -0.261828
vt 2.147648 -0.261828
vt 2.135572 -0.249752
vt 1.205093 1.448586
vt 1.217415 1.469791
vt 0.499924 1.502745
vt 1.249677 1.502802
vt 1.249671 1.580322
vt 0.499918 1.580265
vt -1.147489 0.500000
vt -1.147489 -0.261828
vt -1.135414 -0.249752
vt -1.135413 0.500000
vt -0.921506 0.500000
vt -0.921506 -0.035851
vt -1.029668 0.500000
vt -1.029668 -0.144013
vt 0.500084 1.591541
vt -0.146875 1.591590
vt -0.143930 1.581582
vt 0.500083 1.581533
vt -1.147482 0.500000
vt -1.147482 -0.261828
vt -1.032612 -0.146958
vt -1.032612 0.500000
vt 0.499918 1.591540
vt 0.499918 1.580265
vt 1.261747 1.580323
vt 1.261746 1.591598
vt 0.499924 1.502745
vt 0.499925 1.491470
vt 1.261753 1.491528
vt 1.261752 1.502803
vt 0.499930 1.427585
vt 1.199337 1.427638
vt 2.068722 0.500000
vt 2.068722 -0.182914
vt 2.085215 -0.199407
vt 2.085215 0.500000
vt 2.068721 0.500000
vt 2.068721 -0.182914
vt 0.297177 1.416605
vt 0.297177 1.427637
vt -0.385737 1.427638
vt -0.385737 1.416605
vt 1.385812 -0.235674
vt 1.385811 -0.217488
vt 1.385813 -0.261828
vt 1.385820 -0.261828
vt 1.385820 -0.249753
vt 0.319427 1.448586
vt 0.331751 1.469791
vt -0.385737 1.469791
vt -0.385737 1.448587
vt -1.068651 1.416605
vt -1.068651 1.427638
vt -0.385653 -0.011504
vt -1.090901 1.448587
vt -1.103225 1.469792
vt -0.385737 1.502803
vt -0.385737 1.580323
vt -1.135490 1.580323
vt -1.135490 1.502803
vt -0.385661 -0.261828
vt -0.385661 -0.249753
vt -0.385655 -0.035852
vt -0.385655 -0.144013
vt 1.385737 1.591590
vt 1.385737 1.581582
vt 2.029750 1.581582
vt 2.032695 1.591590
vt -0.385654 -0.261828
vt -0.385654 -0.146958
vt -0.385737 1.591599
vt -1.147565 1.591599
vt -1.147565 1.580324
vt -0.385737 1.580324
vt -0.385737 1.502804
vt -1.147565 1.502804
vt -1.147565 1.491529
vt -0.385737 1.491529
vt -0.385737 1.427639
vt -1.085144 1.427639
vt 1.385808 -0.182914
vt 1.385808 -0.199407
vt 1.385807 -0.182914
vt 0.364015 1.502803
vt 0.364015 1.580323
vt 0.738779 1.591590
vt 0.741724 1.581582
vt 0.376091 1.580324
vt 0.376091 1.591599
vt 0.376091 1.491529
vt 0.376091 1.502803
vt 0.313670 1.427639
vt -0.249834 1.580208
vt -0.249828 1.502688
vt 1.144096 1.581484
vt 1.147042 1.591492
vt -0.261910 1.591482
vt -0.261910 1.580207
vt -0.261904 1.502687
vt -0.261903 1.491412
vt -0.199477 1.427532
vt -1.130511 1.416500
vt -0.447597 1.416500
vt -0.447597 1.427533
vt -1.130511 1.427533
vt 1.447680 0.499999
vt 1.959184 1.011503
vt 1.447680 1.011503
vt -1.165011 1.217487
vt -0.447523 1.217487
vt -0.447522 1.235673
vt -1.183195 1.235673
vt -1.209349 1.261827
vt -0.447521 1.261827
vt -1.209342 1.261827
vt -1.197267 1.249751
vt -0.447514 1.249752
vt -0.447514 1.261827
vt -1.152761 1.448478
vt -0.447597 1.448479
vt -0.447597 1.469682
vt -1.165085 1.469681
vt 0.235317 1.416501
vt 0.235317 1.427533
vt 0.936177 1.011503
vt 0.269965 1.217487
vt 0.288152 1.235673
vt 0.314307 1.261827
vt 0.314314 1.261827
vt 0.302238 1.249752
vt 0.257567 1.448479
vt 0.269891 1.469682
vt -0.447597 1.502688
vt 0.302156 1.502688
vt 0.302156 1.580209
vt -0.447597 1.580208
vt 1.447673 1.261827
vt 0.685845 1.261828
vt 0.697920 1.249752
vt 1.447673 1.249752
vt 1.447679 1.035851
vt 0.911827 1.035851
vt 1.447679 1.144013
vt 0.803666 1.144013
vt 1.447597 1.591491
vt 0.800639 1.591491
vt 0.803584 1.581483
vt 1.447597 1.581483
vt 1.447680 1.261827
vt 0.685852 1.261828
vt 0.800721 1.146958
vt 1.447680 1.146958
vt -0.447597 1.591482
vt -0.447597 1.580207
vt 0.314231 1.580208
vt 0.314231 1.591483
vt -0.447597 1.502687
vt -0.447597 1.491412
vt 0.314231 1.491412
vt 0.314231 1.502687
vt -0.447597 1.427532
vt 0.251810 1.427532
vt -0.447526 1.182913
vt 0.235388 1.182914
vt 0.251881 1.199407
vt -0.447526 1.199406
vt -0.447527 1.182913
vt -0.447526 0.499999
vt 0.235387 1.182914
vt 1.182844 1.416605
vt 1.182844 1.427637
vt 0.499929 1.427585
vt 0.499930 1.416553
vt 0.269966 -0.217489
vt 0.288153 -0.235675
vt 0.288153 0.499999
vt 0.269966 0.499999
vt 0.314308 -0.261829
vt 0.314307 0.499999
vt 0.314314 -0.261829
vt 0.314314 0.499999
vt 0.302239 0.499999
vt 0.302239 -0.249753
vt 1.205092 1.448586
vt 1.217414 1.469791
vt 0.499926 1.469737
vt 0.499928 1.448533
vt -0.182984 1.416501
vt -0.182985 1.427534
vt 0.936176 0.499999
vt -0.205236 1.448479
vt -0.217562 1.469682
vt 0.499924 1.502745
vt 0.499918 1.580266
vt -0.249835 1.580209
vt -0.249829 1.502688
vt 0.685845 0.500000
vt 0.697920 0.500000
vt 0.911827 0.500000
vt 0.803665 0.500000
vt 0.500083 1.591540
vt 0.500082 1.581532
vt 1.144095 1.581483
vt 1.147041 1.591491
vt 0.685851 0.500000
vt 0.800721 0.500000
vt 0.499917 1.591541
vt -0.261911 1.591483
vt -0.261910 1.580208
vt 0.499918 1.580266
vt 0.499924 1.502745
vt -0.261904 1.502688
vt -0.261903 1.491413
vt 0.499925 1.491471
vt 0.499929 1.427585
vt -0.199478 1.427532
vt 0.235388 0.499999
vt 0.251881 0.499999
vt 0.235388 0.499999
vt 1.249676 1.502802
vt 1.249670 1.580323
vt 0.685844 -0.261828
vt 0.697920 -0.249753
vt 0.911827 -0.035852
vt 0.936176 -0.011504
vt 0.803665 -0.144014
vt -0.146875 1.591590
vt -0.143931 1.581581
vt 0.685851 -0.261828
vt 0.800721 -0.146959
vt 1.261746 1.580324
vt 1.261745 1.591599
vt 1.261753 1.491528
vt 1.261752 1.502803
vt 1.199337 1.427639
vt 0.235389 -0.182915
vt 0.251882 -0.199408
vt -1.197349 1.580208
vt -1.197349 1.502688
vt 2.197425 1.249752
vt 2.209501 1.261827
vt 1.983530 1.035851
vt 2.091692 1.144012
vt 2.091610 1.581483
vt 2.094555 1.591491
vt 2.094638 1.146957
vt 2.209508 1.261827
vt -1.209425 1.591482
vt -1.209425 1.580207
vt -1.209425 1.502687
vt -1.209425 1.491412
vt -1.147004 1.427532
vt 0.235388 -0.182915
vt -1.146933 1.199406
vt -1.130440 1.182913
vt -1.130441 1.182913
vt 1.182983 1.416500
vt 1.182984 1.427533
vt 0.500070 1.427585
vt 0.500069 1.416552
vt 1.959184 0.499999
vt -1.183195 0.499999
vt -1.165010 0.499999
vt -1.209349 0.499999
vt -1.209342 0.499999
vt -1.197267 0.499999
vt 1.205236 1.448478
vt 1.217561 1.469681
vt 0.500073 1.469736
vt 0.500072 1.448532
vt -0.182845 1.416604
vt -0.182844 1.427637
vt 1.959184 -0.011505
vt -1.165010 -0.217489
vt -1.183195 -0.235675
vt -1.209349 -0.261829
vt -1.209342 -0.261829
vt -1.197266 -0.249754
vt -0.205092 1.448586
vt -0.217415 1.469791
vt 0.500076 1.502745
vt 0.500082 1.580265
vt -0.249671 1.580322
vt -0.249677 1.502802
vt 2.209501 0.499999
vt 2.197425 0.499999
vt 2.197425 -0.249753
vt 2.209501 -0.261829
vt 1.983530 0.499999
vt 1.983530 -0.035852
vt 2.091692 0.499999
vt 2.091691 -0.144014
vt 0.499917 1.591541
vt 0.499917 1.581533
vt 1.143931 1.581582
vt 1.146875 1.591590
vt 2.209507 0.499999
vt 2.094637 0.499999
vt 2.094637 -0.146959
vt 2.209507 -0.261829
vt 0.500083 1.591540
vt -0.261745 1.591598
vt -0.261746 1.580323
vt 0.500082 1.580265
vt 0.500076 1.502745
vt -0.261752 1.502803
vt -0.261753 1.491528
vt 0.500075 1.491470
vt 0.500070 1.427585
vt -0.199337 1.427638
vt -1.130440 0.499999
vt -1.146933 0.499999
vt -1.146932 -0.199408
vt -1.130439 -0.182915
vt -1.130440 0.499999
vt -1.130440 -0.182915
vt 0.764682 1.416605
vt 1.447596 1.416604
vt 1.447596 1.427637
vt 0.764682 1.427637
vt -0.447522 -0.217489
vt -0.447521 -0.235675
vt -0.447520 -0.261829
vt -0.447514 -0.249753
vt -0.447514 -0.261829
vt 0.742432 1.448586
vt 1.447596 1.448586
vt 1.447596 1.469791
vt 0.730108 1.469791
vt 2.130510 1.416604
vt 2.130510 1.427637
vt 1.447680 -0.011504
vt 2.152760 1.448586
vt 2.165084 1.469791
vt 1.447596 1.502802
vt 2.197349 1.502802
vt 2.197349 1.580322
vt 1.447596 1.580323
vt 1.447672 -0.261829
vt 1.447672 -0.249753
vt 1.447678 -0.035852
vt 1.447678 -0.144014
vt -0.447596 1.591590
vt -1.094555 1.591589
vt -1.091610 1.581581
vt -0.447596 1.581581
vt 1.447679 -0.261829
vt 1.447679 -0.146959
vt 1.447596 1.591598
vt 1.447596 1.580323
vt 2.209424 1.580323
vt 2.209424 1.591598
vt 1.447596 1.502803
vt 1.447596 1.491528
vt 2.209424 1.491528
vt 2.209424 1.502803
vt 1.447596 1.427638
vt 2.147003 1.427638
vt -0.447525 -0.182915
vt -0.447525 -0.199408
vt -0.447526 -0.182915
vt 0.697844 1.580323
vt 0.697844 1.502802
vt 0.196417 1.581581
vt 0.199362 1.591590
vt 0.685768 1.591599
vt 0.685768 1.580324
vt 0.685768 1.502803
vt 0.685768 1.491529
vt 0.748189 1.427639
vt 1.249828 1.502688
vt 1.249834 1.580208
vt -0.147042 1.591492
vt -0.144096 1.581484
vt 1.261910 1.580207
vt 1.261911 1.591482
vt 1.261903 1.491412
vt 1.261904 1.502687
vt 1.199477 1.427532
vn 1.0000 0.0000 0.0000
vn 0.0000 1.0000 0.0000
vn 0.7653 -0.6437 0.0000
vn 0.2298 -0.9457 -0.2298
vn 0.4370 -0.8994 0.0000
vn 0.7652 -0.6438 0.0000
vn 0.1230 -0.9848 -0.1230
vn 0.2423 -0.9702 0.0000
vn 0.0000 -1.0000 0.0000
vn 0.9187 -0.3950 0.0000
vn 0.2298 -0.9457 0.2298
vn 0.1230 -0.9848 0.1230
vn 0.6616 0.7498 0.0000
vn -0.9593 0.2823 0.0000
vn 0.9642 -0.2650 0.0000
vn 0.0000 0.0000 1.0000
vn 0.0000 -0.6437 0.7653
vn 0.0000 -0.6437 0.7652
vn 0.0000 -0.8994 0.4370
vn -0.2298 -0.9457 0.2298
vn -0.1230 -0.9848 0.1230
vn 0.0000 -0.9702 0.2423
vn 0.0000 -0.3950 0.9187
vn 0.0000 0.7498 0.6616
vn 0.0000 0.2823 -0.9593
vn 0.0000 -0.2650 0.9642
vn 0.0000 0.0000 -1.0000
vn -0.0000 -0.6437 -0.7653
vn 0.0000 -0.6437 -0.7652
vn -0.0000 -0.8994 -0.4370
vn 0.0000 -0.9702 -0.2423
vn -0.0000 -0.3950 -0.9187
vn -0.2298 -0.9457 -0.2298
vn -0.1230 -0.9848 -0.1230
vn 0.0000 0.7498 -0.6616
vn 0.0000 0.2823 0.9593
vn 0.0000 -0.2650 -0.9642
vn -1.0000 0.0000 0.0000
vn -0.7653 -0.6437 -0.0000
vn -0.4370 -0.8994 0.0000
vn -0.7652 -0.6438 -0.0000
vn -0.2423 -0.9702 0.0000
vn -0.9187 -0.3950 -0.0000
vn -0.6616 0.7498 0.0000
vn 0.9593 0.2823 0.0000
vn -0.9642 -0.2650 0.0000
vn -0.2297 -0.9457 -0.2298
vn -0.0000 -0.6438 0.7652
usemtl sandstone
s 1
f 1442/2310/222 1443/2311/222 1393/2312/222 1392/2313/222
f 1409/2314/223 1399/2315/223 1450/2316/223
f 1452/2317/224 1453/2318/225 1403/2319/226 1402/2320/227
f 1445/2321/228 1401/2322/229 1403/2319/226 1453/2318/225
f 1455/2323/230 1405/2324/230 1406/2325/230 1457/2326/230
f 1451/2327/231 1452/2328/224 1402/2329/227 1400/2330/231
f 1410/2331/222 1392/2313/222 1393/2312/222 1411/2332/222
f 1409/2314/223 1418/2333/223 1399/2315/223
f 1420/2334/224 1402/2320/227 1403/2319/226 1421/2335/232
f 1413/2336/233 1421/2335/232 1403/2319/226 1401/2322/229
f 1423/2337/230 1425/2338/230 1406/2325/230 1405/2324/230
f 1419/2339/231 1400/2330/231 1402/2329/227 1420/2340/224
f 1407/2341/222 1406/2342/222 1425/2343/222 1424/2344/222
f 1404/2345/223 1407/2346/223 1424/2347/223 1422/2348/223
f 1398/2349/234 1399/2315/234 1418/2333/234 1417/2350/234
f 1397/2351/223 1398/2349/223 1417/2350/223 1416/2352/223
f 1396/2353/235 1397/2354/235 1416/2355/235 1415/2356/235
f 1395/2357/223 1396/2358/223 1415/2359/223 1414/2360/223
f 1395/2361/222 1414/2362/222 1423/2363/222 1405/2364/222
f 1404/2365/222 1422/2366/222 1413/2367/222 1401/2368/222
f 1394/2369/236 1400/2330/231 1419/2339/231 1412/2370/236
f 1393/2371/230 1394/2372/230 1412/2373/230 1411/2374/230
f 1392/2375/230 1410/2376/230 1408/2377/230
f 1458/2378/237 1426/2379/237 1427/2380/237 1459/2381/237
f 1468/2382/238 1436/2383/239 1437/2384/240 1469/2385/241
f 1461/2386/242 1469/2385/241 1437/2384/240 1435/2387/243
f 1471/2388/230 1473/2389/230 1440/2390/230 1439/2391/230
f 1467/2392/244 1434/2393/244 1436/2394/239 1468/2395/238
f 1410/2396/237 1411/2397/237 1427/2380/237 1426/2379/237
f 1409/2314/223 1433/2398/223 1418/2333/223
f 1420/2334/238 1421/2335/232 1437/2384/240 1436/2383/239
f 1413/2336/233 1435/2387/243 1437/2384/240 1421/2335/232
f 1423/2337/230 1439/2391/230 1440/2390/230 1425/2338/230
f 1419/2399/244 1420/2400/238 1436/2394/239 1434/2393/244
f 1441/2401/237 1424/2402/237 1425/2403/237 1440/2404/237
f 1438/2405/223 1422/2348/223 1424/2347/223 1441/2406/223
f 1432/2407/245 1417/2350/245 1418/2333/245 1433/2398/245
f 1431/2408/223 1416/2352/223 1417/2350/223 1432/2407/223
f 1430/2409/246 1415/2410/246 1416/2411/246 1431/2412/246
f 1429/2413/223 1414/2360/223 1415/2359/223 1430/2414/223
f 1429/2415/237 1439/2416/237 1423/2417/237 1414/2418/237
f 1438/2419/237 1435/2420/237 1413/2421/237 1422/2422/237
f 1428/2423/247 1412/2424/247 1419/2399/244 1434/2393/244
f 1427/2425/230 1411/2374/230 1412/2373/230 1428/2426/230
f 1426/2427/230 1408/2377/230 1410/2376/230
f 1441/2401/237 1440/2404/237 1473/2428/237 1472/2429/237
f 1438/2405/223 1441/2406/223 1472/2430/223 1470/2431/223
f 1432/2407/245 1433/2398/245 1466/2432/245 1465/2433/245
f 1431/2408/223 1432/2407/223 1465/2433/223 1464/2434/223
f 1430/2409/246 1431/2412/246 1464/2435/246 1463/2436/246
f 1429/2413/223 1430/2414/223 1463/2437/223 1462/2438/223
f 1429/2415/237 1462/2439/237 1471/2440/237 1439/2416/237
f 1438/2419/237 1470/2441/237 1461/2442/237 1435/2420/237
f 1428/2423/247 1434/2393/244 1467/2392/244 1460/2443/247
f 1427/2425/230 1428/2426/230 1460/2444/230 1459/2445/230
f 1407/2341/222 1456/2446/222 1457/2447/222 1406/2342/222
f 1404/2345/223 1454/2448/223 1456/2449/223 1407/2346/223
f 1433/2398/223 1409/2314/223 1466/2432/223
f 1398/2349/234 1449/2450/234 1450/2316/234 1399/2315/234
f 1397/2351/223 1448/2451/223 1449/2450/223 1398/2349/223
f 1396/2353/235 1447/2452/235 1448/2453/235 1397/2354/235
f 1395/2357/223 1446/2454/223 1447/2455/223 1396/2358/223
f 1395/2361/222 1405/2364/222 1455/2456/222 1446/2457/222
f 1404/2365/222 1401/2368/222 1445/2458/222 1454/2459/222
f 1394/2369/236 1444/2460/236 1451/2327/231 1400/2330/231
f 1426/2427/230 1458/2461/230 1408/2377/230
f 1393/2371/230 1443/2462/230 1444/2463/230 1394/2372/230
f 1392/2375/230 1408/2377/230 1442/2464/230
f 1442/2465/248 1474/2466/248 1475/2467/248 1443/2468/248
f 1409/2314/223 1450/2316/223 1481/2469/223
f 1452/2317/249 1484/2470/250 1485/2471/251 1453/2318/225
f 1445/2321/228 1453/2318/225 1485/2471/251 1483/2472/252
f 1455/2323/230 1457/2326/230 1488/2473/230 1487/2474/230
f 1451/2475/253 1482/2476/253 1484/2477/250 1452/2478/249
f 1490/2479/248 1491/2480/248 1475/2467/248 1474/2466/248
f 1409/2314/223 1481/2469/223 1498/2481/223
f 1500/2482/249 1501/2483/254 1485/2471/251 1484/2470/250
f 1493/2484/255 1483/2472/252 1485/2471/251 1501/2483/254
f 1503/2485/230 1487/2474/230 1488/2473/230 1505/2486/230
f 1499/2487/253 1500/2488/249 1484/2477/250 1482/2476/253
f 1489/2489/248 1504/2490/248 1505/2491/248 1488/2492/248
f 1486/2493/223 1502/2494/223 1504/2495/223 1489/2496/223
f 1480/2497/256 1497/2498/256 1498/2481/256 1481/2469/256
f 1479/2499/223 1496/2500/223 1497/2498/223 1480/2497/223
f 1478/2501/257 1495/2502/257 1496/2503/257 1479/2504/257
f 1477/2505/223 1494/2506/223 1495/2507/223 1478/2508/223
f 1477/2509/248 1487/2510/248 1503/2511/248 1494/2512/248
f 1486/2513/248 1483/2514/248 1493/2515/248 1502/2516/248
f 1476/2517/258 1492/2518/258 1499/2487/253 1482/2476/253
f 1475/2519/230 1491/2520/230 1492/2521/230 1476/2522/230
f 1474/2523/230 1408/2377/230 1490/2524/230
f 1458/2525/259 1459/2526/259 1507/2527/259 1506/2528/259
f 1468/2382/260 1469/2385/241 1517/2529/261 1516/2530/262
f 1461/2386/242 1515/2531/263 1517/2529/261 1469/2385/241
f 1471/2388/230 1519/2532/230 1520/2533/230 1473/2389/230
f 1467/2534/264 1468/2535/260 1516/2536/262 1514/2537/264
f 1490/2538/259 1506/2528/259 1507/2527/259 1491/2539/259
f 1409/2314/223 1498/2481/223 1513/2540/223
f 1500/2482/260 1516/2530/262 1517/2529/261 1501/2483/254
f 1493/2484/255 1501/2483/254 1517/2529/261 1515/2531/263
f 1503/2485/230 1505/2486/230 1520/2533/230 1519/2532/230
f 1499/2541/264 1514/2537/264 1516/2536/262 1500/2542/260
f 1521/2543/259 1520/2544/259 1505/2545/259 1504/2546/259
f 1518/2547/223 1521/2548/223 1504/2495/223 1502/2494/223
f 1512/2549/265 1513/2540/265 1498/2481/265 1497/2498/265
f 1511/2550/223 1512/2549/223 1497/2498/223 1496/2500/223
f 1510/2551/266 1511/2552/266 1496/2553/266 1495/2554/266
f 1509/2555/223 1510/2556/223 1495/2507/223 1494/2506/223
f 1509/2557/259 1494/2558/259 1503/2559/259 1519/2560/259
f 1518/2561/259 1502/2562/259 1493/2563/259 1515/2564/259
f 1508/2565/267 1514/2537/264 1499/2541/264 1492/2566/267
f 1507/2567/230 1508/2568/230 1492/2521/230 1491/2520/230
f 1506/2569/230 1490/2524/230 1408/2377/230
f 1521/2543/259 1472/2570/259 1473/2571/259 1520/2544/259
f 1518/2547/223 1470/2431/223 1472/2430/223 1521/2548/223
f 1512/2549/265 1465/2433/265 1466/2432/265 1513/2540/265
f 1511/2550/223 1464/2434/223 1465/2433/223 1512/2549/223
f 1510/2551/266 1463/2572/266 1464/2573/266 1511/2552/266
f 1509/2555/223 1462/2438/223 1463/2437/223 1510/2556/223
f 1509/2557/259 1519/2560/259 1471/2574/259 1462/2575/259
f 1518/2561/259 1515/2564/259 1461/2576/259 1470/2577/259
f 1508/2565/267 1460/2578/267 1467/2534/264 1514/2537/264
f 1507/2567/230 1459/2445/230 1460/2444/230 1508/2568/230
f 1489/2489/248 1488/2492/248 1457/2579/248 1456/2580/248
f 1486/2493/223 1489/2496/223 1456/2449/223 1454/2448/223
f 1513/2540/223 1466/2432/223 1409/2314/223
f 1480/2497/256 1481/2469/256 1450/2316/256 1449/2450/256
f 1479/2499/223 1480/2497/223 1449/2450/223 1448/2451/223
f 1478/2501/257 1479/2504/257 1448/2581/257 1447/2582/257
f 1477/2505/223 1478/2508/223 1447/2455/223 1446/2454/223
f 1477/2509/248 1446/2583/248 1455/2584/248 1487/2510/248
f 1486/2513/248 1454/2585/248 1445/2586/248 1483/2514/248
f 1476/2517/258 1482/2476/253 1451/2475/253 1444/2587/258
f 1506/2569/230 1408/2377/230 1458/2461/230
f 1475/2519/230 1476/2522/230 1444/2463/230 1443/2462/230
f 1474/2523/230 1442/2464/230 1408/2377/230
f 1572/2588/222 1522/2589/222 1523/2590/222 1573/2591/222
f 1539/2592/223 1580/2593/223 1529/2594/223
f 1582/2595/224 1532/2596/227 1533/2597/226 1583/2598/232
f 1575/2599/233 1583/2598/232 1533/2597/226 1531/2600/229
f 1585/2601/230 1587/2602/230 1536/2603/230 1535/2604/230
f 1581/2605/231 1530/2606/231 1532/2607/227 1582/2608/224
f 1540/2609/222 1541/2610/222 1523/2590/222 1522/2589/222
f 1539/2592/223 1529/2594/223 1548/2611/223
f 1550/2612/224 1551/2613/225 1533/2597/226 1532/2596/227
f 1543/2614/228 1531/2600/229 1533/2597/226 1551/2613/225
f 1553/2615/230 1535/2604/230 1536/2603/230 1555/2616/230
f 1549/2617/231 1550/2618/224 1532/2607/227 1530/2606/231
f 1537/2619/222 1554/2620/222 1555/2621/222 1536/2622/222
f 1534/2623/223 1552/2624/223 1554/2625/223 1537/2626/223
f 1528/2627/234 1547/2628/234 1548/2611/234 1529/2594/234
f 1527/2629/223 1546/2630/223 1547/2628/223 1528/2627/223
f 1526/2631/235 1545/2632/235 1546/2633/235 1527/2634/235
f 1525/2635/223 1544/2636/223 1545/2637/223 1526/2638/223
f 1525/2639/222 1535/2640/222 1553/2641/222 1544/2642/222
f 1534/2643/222 1531/2644/222 1543/2645/222 1552/2646/222
f 1524/2647/236 1542/2648/236 1549/2617/231 1530/2606/231
f 1523/2649/230 1541/2650/230 1542/2651/230 1524/2652/230
f 1522/2653/230 1538/2654/230 1540/2655/230
f 1588/2656/248 1589/2657/248 1557/2658/248 1556/2659/248
f 1598/2660/249 1599/2661/268 1567/2662/251 1566/2663/250
f 1591/2664/255 1565/2665/252 1567/2662/251 1599/2661/268
f 1601/2666/230 1569/2667/230 1570/2668/230 1603/2669/230
f 1597/2670/253 1598/2671/249 1566/2672/250 1564/2673/253
f 1540/2674/248 1556/2659/248 1557/2658/248 1541/2675/248
f 1539/2592/223 1548/2611/223 1563/2676/223
f 1550/2612/249 1566/2663/250 1567/2662/251 1551/2613/225
f 1543/2614/228 1551/2613/225 1567/2662/251 1565/2665/252
f 1553/2615/230 1555/2616/230 1570/2668/230 1569/2667/230
f 1549/2677/253 1564/2673/253 1566/2672/250 1550/2678/249
f 1571/2679/248 1570/2680/248 1555/2681/248 1554/2682/248
f 1568/2683/223 1571/2684/223 1554/2625/223 1552/2624/223
f 1562/2685/256 1563/2676/256 1548/2611/256 1547/2628/256
f 1561/2686/223 1562/2685/223 1547/2628/223 1546/2630/223
f 1560/2687/257 1561/2688/257 1546/2689/257 1545/2690/257
f 1559/2691/223 1560/2692/223 1545/2637/223 1544/2636/223
f 1559/2693/248 1544/2694/248 1553/2695/248 1569/2696/248
f 1568/2697/248 1552/2698/248 1543/2699/248 1565/2700/248
f 1558/2701/258 1564/2673/253 1549/2677/253 1542/2702/258
f 1557/2703/230 1558/2704/230 1542/2651/230 1541/2650/230
f 1556/2705/230 1540/2655/230 1538/2654/230
f 1571/2679/248 1602/2706/248 1603/2707/248 1570/2680/248
f 1568/2683/223 1600/2708/223 1602/2709/223 1571/2684/223
f 1562/2685/256 1595/2710/256 1596/2711/256 1563/2676/256
f 1561/2686/223 1594/2712/223 1595/2710/223 1562/2685/223
f 1560/2687/257 1593/2713/257 1594/2714/257 1561/2688/257
f 1559/2691/223 1592/2715/223 1593/2716/223 1560/2692/223
f 1559/2693/248 1569/2696/248 1601/2717/248 1592/2718/248
f 1568/2697/248 1565/2700/248 1591/2719/248 1600/2720/248
f 1558/2701/258 1590/2721/258 1597/2670/253 1564/2673/253
f 1557/2703/230 1589/2722/230 1590/2723/230 1558/2704/230
f 1537/2619/222 1536/2622/222 1587/2724/222 1586/2725/222
f 1534/2623/223 1537/2626/223 1586/2726/223 1584/2727/223
f 1563/2676/223 1596/2711/223 1539/2592/223
f 1528/2627/234 1529/2594/234 1580/2593/234 1579/2728/234
f 1527/2629/223 1528/2627/223 1579/2728/223 1578/2729/223
f 1526/2631/235 1527/2634/235 1578/2730/235 1577/2731/235
f 1525/2635/223 1526/2638/223 1577/2732/223 1576/2733/223
f 1525/2639/222 1576/2734/222 1585/2735/222 1535/2640/222
f 1534/2643/222 1584/2736/222 1575/2737/222 1531/2644/222
f 1524/2647/236 1530/2606/231 1581/2605/231 1574/2738/236
f 1556/2705/230 1538/2654/230 1588/2739/230
f 1523/2649/230 1524/2652/230 1574/2740/230 1573/2741/230
f 1522/2653/230 1572/2742/230 1538/2654/230
f 1572/2743/237 1573/2744/237 1605/2745/237 1604/2746/237
f 1539/2592/223 1611/2747/223 1580/2593/223
f 1582/2595/238 1583/2598/232 1615/2748/240 1614/2749/269
f 1575/2599/233 1613/2750/243 1615/2748/240 1583/2598/232
f 1585/2601/230 1617/2751/230 1618/2752/230 1587/2602/230
f 1581/2753/244 1582/2754/238 1614/2755/269 1612/2756/244
f 1620/2757/237 1604/2746/237 1605/2745/237 1621/2758/237
f 1539/2592/223 1628/2759/223 1611/2747/223
f 1630/2760/238 1614/2749/269 1615/2748/240 1631/2761/241
f 1623/2762/242 1631/2761/241 1615/2748/240 1613/2750/243
f 1633/2763/230 1635/2764/230 1618/2752/230 1617/2751/230
f 1629/2765/244 1612/2756/244 1614/2755/269 1630/2766/238
f 1619/2767/237 1618/2768/237 1635/2769/237 1634/2770/237
f 1616/2771/223 1619/2772/223 1634/2773/223 1632/2774/223
f 1610/2775/245 1611/2747/245 1628/2759/245 1627/2776/245
f 1609/2777/223 1610/2775/223 1627/2776/223 1626/2778/223
f 1608/2779/246 1609/2780/246 1626/2781/246 1625/2782/246
f 1607/2783/223 1608/2784/223 1625/2785/223 1624/2786/223
f 1607/2787/237 1624/2788/237 1633/2789/237 1617/2790/237
f 1616/2791/237 1632/2792/237 1623/2793/237 1613/2794/237
f 1606/2795/247 1612/2756/244 1629/2765/244 1622/2796/247
f 1605/2797/230 1606/2798/230 1622/2799/230 1621/2800/230
f 1604/2801/230 1620/2802/230 1538/2654/230
f 1588/2803/259 1636/2804/259 1637/2805/259 1589/2806/259
f 1598/2660/260 1646/2807/262 1647/2808/261 1599/2661/268
f 1591/2664/255 1599/2661/268 1647/2808/261 1645/2809/263
f 1601/2666/230 1603/2669/230 1650/2810/230 1649/2811/230
f 1597/2812/264 1644/2813/264 1646/2814/262 1598/2815/260
f 1620/2816/259 1621/2817/259 1637/2805/259 1636/2804/259
f 1539/2592/223 1643/2818/223 1628/2759/223
f 1630/2760/260 1631/2761/241 1647/2808/261 1646/2807/262
f 1623/2762/242 1645/2809/263 1647/2808/261 1631/2761/241
f 1633/2763/230 1649/2811/230 1650/2810/230 1635/2764/230
f 1629/2819/264 1630/2820/260 1646/2814/262 1644/2813/264
f 1651/2821/259 1634/2822/259 1635/2823/259 1650/2824/259
f 1648/2825/223 1632/2774/223 1634/2773/223 1651/2826/223
f 1642/2827/265 1627/2776/265 1628/2759/265 1643/2818/265
f 1641/2828/223 1626/2778/223 1627/2776/223 1642/2827/223
f 1640/2829/266 1625/2830/266 1626/2831/266 1641/2832/266
f 1639/2833/223 1624/2786/223 1625/2785/223 1640/2834/223
f 1639/2835/259 1649/2836/259 1633/2837/259 1624/2838/259
f 1648/2839/259 1645/2840/259 1623/2841/259 1632/2842/259
f 1638/2843/267 1622/2844/267 1629/2819/264 1644/2813/264
f 1637/2845/230 1621/2800/230 1622/2799/230 1638/2846/230
f 1636/2847/230 1538/2654/230 1620/2802/230
f 1651/2821/259 1650/2824/259 1603/2848/259 1602/2849/259
f 1648/2825/223 1651/2826/223 1602/2709/223 1600/2708/223
f 1642/2827/265 1643/2818/265 1596/2711/265 1595/2710/265
f 1641/2828/223 1642/2827/223 1595/2710/223 1594/2712/223
f 1640/2829/266 1641/2832/266 1594/2850/266 1593/2851/266
f 1639/2833/223 1640/2834/223 1593/2716/223 1592/2715/223
f 1639/2835/259 1592/2852/259 1601/2853/259 1649/2836/259
f 1648/2839/259 1600/2854/259 1591/2855/259 1645/2840/259
f 1638/2843/267 1644/2813/264 1597/2812/264 1590/2856/267
f 1637/2845/230 1638/2846/230 1590/2723/230 1589/2722/230
f 1619/2767/237 1586/2857/237 1587/2858/237 1618/2768/237
f 1616/2771/223 1584/2727/223 1586/2726/223 1619/2772/223
f 1643/2818/223 1539/2592/223 1596/2711/223
f 1610/2775/245 1579/2728/245 1580/2593/245 1611/2747/245
f 1609/2777/223 1578/2729/223 1579/2728/223 1610/2775/223
f 1608/2779/246 1577/2859/246 1578/2860/246 1609/2780/246
f 1607/2783/223 1576/2733/223 1577/2732/223 1608/2784/223
f 1607/2787/237 1617/2790/237 1585/2861/237 1576/2862/237
f 1616/2791/237 1613/2794/237 1575/2863/237 1584/2864/237
f 1606/2795/247 1574/2865/247 1581/2753/244 1612/2756/244
f 1636/2847/230 1588/2739/230 1538/2654/230
f 1605/2797/230 1573/2741/230 1574/2740/230 1606/2798/230
f 1604/2801/230 1538/2654/230 1572/2742/230
o Cube.319_Cube.366
v 4.070000 2.837941 -9.200000
v 4.070000 2.837941 -9.570000
v 4.370000 0.500000 -9.200000
v 4.370000 0.500000 -9.870000
v 3.700000 2.837941 -9.570000
v 3.700000 0.500000 -9.870000
v 3.700000 2.837941 -9.200000
v 3.700000 0.500000 -9.200000
v 4.370000 0.500000 -9.323334
v 3.700000 2.253456 -9.200000
v 3.700000 1.084485 -9.795000
v 3.823334 0.500000 -9.870000
v 3.700000 2.253456 -9.645000
v 4.295000 1.084485 -9.200000
v 4.415000 1.084485 -9.323334
v 4.145000 2.253456 -9.200000
v 3.700000 1.084485 -9.200000
v 4.145000 2.253456 -9.323334
v 4.490000 0.500000 -9.323334
v 4.295000 1.084485 -9.323334
v 4.490000 0.500000 -9.200000
v 3.823334 1.084485 -9.795000
v 4.415000 1.084485 -9.200000
v 3.823334 2.253456 -9.645000
v 3.823334 0.500000 -9.990000
v 3.700000 0.500000 -9.990000
v 3.700000 1.084485 -9.915000
v 3.823334 1.084485 -9.915000
v 4.219965 1.084485 -9.795000
v 4.295000 1.084485 -9.719966
v 4.295611 1.079726 -9.795611
v 4.219965 1.084485 -9.719965
v 4.145000 2.253456 -9.569965
v 4.069966 2.253456 -9.645000
v 4.144140 2.260165 -9.644138
v 4.069965 2.253456 -9.569966
v -4.070000 2.837941 -9.200000
v -4.070000 2.837941 -9.570000
v -4.370000 0.500000 -9.200000
v -4.370000 0.500000 -9.870000
v -3.700000 2.837941 -9.570000
v -3.700000 0.500000 -9.870000
v -3.700000 2.837941 -9.200000
v -3.700000 0.500000 -9.200000
v -4.370000 0.500000 -9.323334
v -3.700000 2.253456 -9.200000
v -3.700000 1.084485 -9.795000
v -3.823334 0.500000 -9.870000
v -3.700000 2.253456 -9.645000
v -4.295000 1.084485 -9.200000
v -4.415000 1.084485 -9.323334
v -4.145000 2.253456 -9.200000
v -3.700000 1.084485 -9.200000
v -4.145000 2.253456 -9.323334
v -4.490000 0.500000 -9.323334
v -4.295000 1.084485 -9.323334
v -4.490000 0.500000 -9.200000
v -3.823334 1.084485 -9.795000
v -4.415000 1.084485 -9.200000
v -3.823334 2.253456 -9.645000
v -3.823334 0.500000 -9.990000
v -3.700000 0.500000 -9.990000
v -3.700000 1.084485 -9.915000
v -3.823334 1.084485 -9.915000
v -4.219965 1.084485 -9.795000
v -4.295000 1.084485 -9.719966
v -4.295611 1.079726 -9.795611
v -4.219965 1.084485 -9.719965
v -4.145000 2.253456 -9.569965
v -4.069966 2.253456 -9.645000
v -4.144140 2.260165 -9.644138
v -4.069965 2.253456 -9.569966
v 4.070000 2.837941 9.200000
v 4.070000 2.837941 9.570000
v 4.370000 0.500000 9.200000
v 4.370000 0.500000 9.870000
v 3.700000 2.837941 9.570000
v 3.700000 0.500000 9.870000
v 3.700000 2.837941 9.200000
v 3.700000 0.500000 9.200000
v 4.370000 0.500000 9.323334
v 3.700000 2.253456 9.200000
v 3.700000 1.084485 9.795000
v 3.823334 0.500000 9.870000
v 3.700000 2.253456 9.645000
v 4.295000 1.084485 9.200000
v 4.415000 1.084485 9.323334
v 4.145000 2.253456 9.200000
v 3.700000 1.084485 9.200000
v 4.145000 2.253456 9.323334
v 4.490000 0.500000 9.323334
v 4.295000 1.084485 9.323334
v 4.490000 0.500000 9.200000
v 3.823334 1.084485 9.795000
v 4.415000 1.084485 9.200000
v 3.823334 2.253456 9.645000
v 3.823334 0.500000 9.990000
v 3.700000 0.500000 9.990000
v 3.700000 1.084485 9.915000
v 3.823334 1.084485 9.915000
v 4.219965 1.084485 9.795000
v 4.295000 1.084485 9.719966
v 4.295611 1.079726 9.795611
v 4.219965 1.084485 9.719965
v 4.145000 2.253456 9.569965
v 4.069966 2.253456 9.645000
v 4.144140 2.260165 9.644138
v 4.069965 2.253456 9.569966
v -4.070000 2.837941 9.200000
v -4.070000 2.837941 9.570000
v -4.370000 0.500000 9.200000
v -4.370000 0.500000 9.870000
v -3.700000 2.837941 9.570000
v -3.700000 0.500000 9.870000
v -3.700000 2.837941 9.200000
v -3.700000 0.500000 9.200000
v -4.370000 0.500000 9.323334
v -3.700000 2.253456 9.200000
v -3.700000 1.084485 9.795000
v -3.823334 0.500000 9.870000
v -3.700000 2.253456 9.645000
v -4.295000 1.084485 9.200000
v -4.415000 1.084485 9.323334
v -4.145000 2.253456 9.200000
v -3.700000 1.084485 9.200000
v -4.145000 2.253456 9.323334
v -4.490000 0.500000 9.323334
v -4.295000 1.084485 9.323334
v -4.490000 0.500000 9.200000
v -3.823334 1.084485 9.795000
v -4.415000 1.084485 9.200000
v -3.823334 2.253456 9.645000
v -3.823334 0.500000 9.990000
v -3.700000 0.500000 9.990000
v -3.700000 1.084485 9.915000
v -3.823334 1.084485 9.915000
v -4.219965 1.084485 9.795000
v -4.295000 1.084485 9.719966
v -4.295611 1.079726 9.795611
v -4.219965 1.084485 9.719965
v -4.145000 2.253456 9.569965
v -4.069966 2.253456 9.645000
v -4.144140 2.260165 9.644138
v -4.069965 2.253456 9.569966
vt 2.076570 0.875528
vt 2.101570 0.680700
vt 2.121570 0.680700
vt 2.022959 0.875524
vt 2.002403 0.972939
vt 2.002403 0.875524
vt -1.076570 0.875529
vt -1.002403 0.875529
vt -1.002403 0.972944
vt -1.064070 0.972944
vt 1.190863 0.875524
vt 1.116696 0.875530
vt 1.116681 0.680701
vt 1.215848 0.680694
vt 1.116673 0.583287
vt 1.228340 0.583278
vt -1.002367 1.178334
vt -1.064034 1.178334
vt -1.064034 1.116667
vt -1.002367 1.116667
vt -1.101570 0.680701
vt -1.002403 0.680701
vt -0.178356 0.875524
vt -0.203341 0.680694
vt -0.137235 0.680699
vt -0.137250 0.875527
vt 2.089065 0.680694
vt 2.064064 0.875524
vt 2.022959 0.680694
vt 2.114070 0.583278
vt 2.022959 0.583278
vt -1.002403 0.583287
vt -1.114070 0.583287
vt -0.228339 0.583278
vt -0.215847 0.680693
vt -0.235847 0.680691
vt -0.248339 0.583276
vt 2.064070 0.972939
vt 1.248340 0.583277
vt 1.235848 0.680692
vt -0.190861 0.875523
vt 2.002403 0.680692
vt 2.022959 0.680692
vt -1.121570 0.680701
vt -0.116702 0.972943
vt -0.116695 0.875529
vt 2.022959 0.583277
vt 2.002403 0.583277
vt -0.137235 0.680699
vt -0.137228 0.583285
vt -0.116672 0.583286
vt -0.116680 0.680700
vt -1.134070 0.583287
vt 2.114070 0.583285
vt 2.134070 0.583285
vt -1.101557 1.203328
vt -1.089051 1.203328
vt -1.101658 1.215936
vt -1.089051 1.215834
vt 2.064093 1.190834
vt 2.064093 1.178328
vt 2.076455 1.190690
vt 2.076599 1.178328
vt -0.190861 0.875523
vt -0.215847 0.680693
vt -0.203341 0.680694
vt -0.178356 0.875524
vt 2.064065 0.875525
vt 2.089064 0.680694
vt 2.101570 0.680694
vt 2.076570 0.875525
vt 1.178370 0.972939
vt 1.116703 0.972944
vt -0.137228 0.583285
vt -0.178369 0.972938
vt -1.076571 0.875625
vt -1.121571 0.680797
vt -1.101571 0.680797
vt -1.022960 0.875629
vt -1.002404 0.875629
vt -1.002404 0.973042
vt 2.076570 0.875623
vt 2.064070 0.973038
vt 2.002404 0.973038
vt 2.002404 0.875623
vt -0.190804 0.875629
vt -0.215819 0.680803
vt -0.116652 0.680795
vt -0.116638 0.875623
vt -0.228327 0.583389
vt -0.116660 0.583381
vt -1.002368 -0.178333
vt -1.002368 -0.116666
vt -1.064035 -0.116666
vt -1.064035 -0.178333
vt 2.101571 0.680795
vt 2.002404 0.680795
vt 1.178300 0.875627
vt 1.137194 0.875624
vt 1.137209 0.680796
vt 1.203314 0.680801
vt -1.089065 0.680803
vt -1.022960 0.680803
vt -1.064065 0.875629
vt -1.022960 0.583389
vt -1.114071 0.583389
vt 2.002404 0.583381
vt 2.114070 0.583381
vt 1.228328 0.583388
vt 1.248328 0.583390
vt 1.235820 0.680803
vt 1.215820 0.680802
vt -1.064071 0.973042
vt -0.235819 0.680804
vt -0.248327 0.583391
vt 1.190805 0.875628
vt -1.022960 0.680804
vt -1.002404 0.680804
vt 2.121571 0.680795
vt 1.116631 0.973037
vt 1.116639 0.875623
vt -1.022960 0.583391
vt -1.002404 0.583391
vt 1.137209 0.680796
vt 1.116653 0.680794
vt 1.116661 0.583380
vt 1.137217 0.583381
vt 2.134070 0.583381
vt -1.134071 0.583382
vt -1.114071 0.583382
vt -1.101557 -0.203327
vt -1.101659 -0.215935
vt -1.089051 -0.203327
vt -1.089051 -0.215833
vt 2.064094 -0.190833
vt 2.076456 -0.190690
vt 2.064094 -0.178327
vt 2.076599 -0.178327
vt 1.190805 0.875628
vt 1.178300 0.875627
vt 1.203314 0.680801
vt 1.215820 0.680802
vt -1.064065 0.875628
vt -1.076571 0.875628
vt -1.101571 0.680802
vt -1.089065 0.680802
vt -0.116630 0.973038
vt -0.178297 0.973042
vt 1.137217 0.583381
vt 1.190662 0.876746
vt 1.178298 0.973042
vt -1.138430 0.875527
vt -1.183430 0.680699
vt -1.163430 0.680699
vt -1.084819 0.875523
vt -1.064263 0.875523
vt -1.064263 0.972938
vt 2.138430 0.875529
vt 2.125930 0.972943
vt 2.064263 0.972943
vt 2.064263 0.875529
vt -0.190863 0.875524
vt -0.215848 0.680693
vt -0.116681 0.680701
vt -0.116696 0.875529
vt -0.228340 0.583278
vt -0.116674 0.583287
vt 2.064299 1.178333
vt 2.064299 1.116666
vt 2.125966 1.116666
vt 2.125966 1.178333
vt 2.163430 0.680700
vt 2.064263 0.680700
vt 1.178356 0.875524
vt 1.137250 0.875527
vt 1.137236 0.680699
vt 1.203341 0.680694
vt -1.150924 0.680693
vt -1.084819 0.680693
vt -1.125924 0.875523
vt -1.084819 0.583277
vt -1.175930 0.583277
vt 2.064263 0.583286
vt 2.175930 0.583286
vt 1.228339 0.583277
vt 1.248339 0.583276
vt 1.235847 0.680691
vt 1.215847 0.680693
vt -1.125930 0.972938
vt -0.235848 0.680692
vt -0.248340 0.583277
vt 1.190861 0.875523
vt -1.084819 0.680691
vt -1.064263 0.680691
vt 2.183430 0.680700
vt 1.116702 0.972943
vt 1.116695 0.875529
vt -1.084819 0.583276
vt -1.064263 0.583276
vt 1.137236 0.680699
vt 1.116680 0.680700
vt 1.116673 0.583286
vt 1.137228 0.583284
vt 2.195930 0.583286
vt -1.195930 0.583284
vt -1.175930 0.583284
vt 2.163444 1.203327
vt 2.163546 1.215935
vt 2.150938 1.203327
vt 2.150938 1.215833
vt -1.125896 1.190833
vt -1.138258 1.190689
vt -1.125896 1.178327
vt -1.138401 1.178327
vt 1.190861 0.875523
vt 1.178356 0.875524
vt 1.203341 0.680694
vt 1.215847 0.680693
vt -1.125924 0.875524
vt -1.138430 0.875524
vt -1.163430 0.680694
vt -1.150924 0.680694
vt -0.116703 0.972944
vt -0.178370 0.972939
vt 1.137228 0.583284
vt 1.190718 0.876641
vt 1.178369 0.972938
vt 2.138430 0.875624
vt 2.163429 0.680796
vt 2.183429 0.680796
vt 2.084818 0.875628
vt 2.064263 0.973042
vt 2.064263 0.875628
vt -1.138430 0.875623
vt -1.064263 0.875623
vt -1.064263 0.973037
vt -1.125930 0.973037
vt 1.190804 0.875629
vt 1.116638 0.875623
vt 1.116652 0.680795
vt 1.215819 0.680802
vt 1.116660 0.583380
vt 1.228327 0.583389
vt 2.064299 -0.178334
vt 2.125965 -0.178334
vt 2.125965 -0.116667
vt 2.064299 -0.116667
vt -1.163429 0.680794
vt -1.064263 0.680794
vt -0.178300 0.875627
vt -0.203314 0.680801
vt -0.137209 0.680796
vt -0.137194 0.875624
vt 2.150924 0.680802
vt 2.125924 0.875628
vt 2.084818 0.680802
vt 2.175929 0.583388
vt 2.084818 0.583388
vt -1.064263 0.583380
vt -1.175929 0.583380
vt -0.228328 0.583388
vt -0.215820 0.680802
vt -0.235820 0.680803
vt -0.248328 0.583390
vt 2.125929 0.973041
vt 1.248327 0.583390
vt 1.235819 0.680804
vt -0.190805 0.875628
vt 2.064262 0.680803
vt 2.084818 0.680803
vt -1.183429 0.680794
vt -0.116631 0.973037
vt -0.116639 0.875623
vt 2.084818 0.583390
vt 2.064262 0.583390
vt -0.137209 0.680796
vt -0.137217 0.583381
vt -0.116661 0.583380
vt -0.116653 0.680794
vt -1.195929 0.583380
vt 2.175929 0.583381
vt 2.195929 0.583381
vt 2.163443 -0.203328
vt 2.150937 -0.203328
vt 2.163545 -0.215936
vt 2.150938 -0.215834
vt -1.125895 -0.190834
vt -1.125895 -0.178328
vt -1.138257 -0.190691
vt -1.138401 -0.178329
vt -0.190805 0.875628
vt -0.215820 0.680802
vt -0.203314 0.680801
vt -0.178299 0.875627
vt 2.125924 0.875627
vt 2.150923 0.680801
vt 2.163429 0.680801
vt 2.138429 0.875627
vt 1.178297 0.973042
vt 1.116630 0.973037
vt -0.137217 0.583381
vt -0.178298 0.973041
vt 2.101672 0.679900
vt 2.076427 0.876642
vt -0.215948 0.679900
vt -0.228339 0.583278
vt -0.190718 0.876642
vt -1.101673 0.680009
vt -1.076427 0.876747
vt 1.228328 0.583388
vt 1.215922 0.680008
vt -1.163532 0.679899
vt -1.138286 0.876641
vt 1.228339 0.583277
vt 1.215948 0.679899
vt 2.163531 0.680008
vt 2.138286 0.876746
vt -0.215922 0.680008
vt -0.228328 0.583388
vt -0.190662 0.876746
vn 1.0000 -0.0000 0.0000
vn 0.9893 0.1462 0.0000
vn 0.9919 0.1273 0.0000
vn 0.9786 0.2059 0.0000
vn -1.0000 -0.0000 0.0000
vn 0.0000 0.0000 1.0000
vn 0.0000 1.0000 0.0000
vn 0.0000 0.1273 -0.9919
vn -0.0000 0.1462 -0.9893
vn 0.0000 0.0000 -1.0000
vn 0.9812 0.1931 0.0000
vn -0.0000 0.2059 -0.9786
vn 0.0000 0.1931 -0.9812
vn 0.0628 0.9980 0.0000
vn 0.0314 0.9990 -0.0314
vn -0.0000 0.9980 -0.0628
vn 0.0000 -0.9959 -0.0901
vn 0.0451 -0.9980 -0.0451
vn 0.0901 -0.9959 0.0000
vn -0.9893 0.1462 0.0000
vn -0.9786 0.2059 0.0000
vn -0.9919 0.1273 0.0000
vn 0.0000 0.1463 -0.9892
vn -0.9812 0.1931 -0.0000
vn -0.0628 0.9980 0.0000
vn -0.0314 0.9990 -0.0314
vn -0.0451 -0.9980 -0.0451
vn -0.0901 -0.9959 0.0000
vn 0.0000 0.1273 0.9919
vn -0.0000 0.1463 0.9892
vn 0.0000 0.2059 0.9786
vn -0.0000 0.1931 0.9812
vn 0.0314 0.9990 0.0314
vn -0.0000 0.9980 0.0628
vn 0.0000 -0.9959 0.0901
vn 0.0451 -0.9980 0.0451
vn 0.0000 0.1462 0.9893
vn -0.0314 0.9990 0.0314
vn -0.0451 -0.9980 0.0451
usemtl sandstone
s 1
f 1675/2866/270 1673/2867/270 1679/2868/270
f 1669/2869/271 1652/2870/272 1667/2871/273
f 1664/2872/274 1661/2873/274 1658/2874/274 1656/2875/274
f 1667/2876/275 1661/2877/275 1668/2878/275 1665/2879/275
f 1665/2879/275 1668/2878/275 1659/2880/275 1654/2881/275
f 1652/2882/276 1653/2883/276 1656/2884/276 1658/2885/276
f 1662/2886/274 1668/2887/274 1661/2873/274 1664/2872/274
f 1685/2888/277 1680/2889/277 1673/2890/277 1675/2891/278
f 1681/2892/272 1684/2893/272 1669/2869/271 1671/2894/272
f 1655/2895/272 1681/2892/272 1660/2896/272
f 1659/2897/274 1668/2887/274 1662/2886/274 1657/2898/274
f 1660/2899/279 1671/2900/279 1666/2901/279 1670/2902/279
f 1653/2903/272 1652/2870/272 1669/2869/271
f 1665/2879/275 1654/2881/275 1672/2904/275 1674/2905/275
f 1671/2900/279 1669/2906/279 1666/2901/279
f 1667/2876/275 1665/2879/275 1674/2905/275
f 1669/2869/271 1667/2871/273 1674/2907/280 1666/2908/280
f 1662/2886/274 1664/2872/274 1678/2909/274
f 1656/2910/277 1675/2891/278 1664/2911/281
f 1670/2912/272 1666/2908/280 1674/2907/280 1672/2913/272
f 1679/2914/282 1676/2915/277 1677/2916/277 1678/2917/282
f 1657/2898/274 1662/2886/274 1678/2909/274 1677/2918/274
f 1673/2867/270 1663/2919/270 1676/2920/270 1679/2868/270
f 1664/2911/281 1675/2891/278 1679/2914/282 1678/2917/282
f 1680/2921/283 1683/2922/284 1682/2923/284
f 1683/2922/284 1681/2924/285 1682/2923/284
f 1684/2925/286 1687/2926/287 1686/2927/287
f 1687/2926/287 1685/2928/288 1686/2927/287
f 1684/2929/277 1681/2930/277 1683/2931/277 1687/2932/277
f 1687/2933/272 1683/2934/272 1680/2935/272 1685/2936/272
f 1667/2876/275 1652/2937/275 1658/2938/275 1661/2877/275
f 1663/2939/277 1673/2890/277 1680/2889/277
f 1653/2940/277 1685/2888/277 1675/2891/278
f 1711/2941/274 1715/2942/274 1709/2943/274
f 1705/2944/289 1703/2945/290 1688/2946/291
f 1700/2947/270 1692/2948/270 1694/2949/270 1697/2950/270
f 1703/2951/275 1701/2952/275 1704/2953/275 1697/2954/275
f 1701/2952/275 1690/2955/275 1695/2956/275 1704/2953/275
f 1688/2957/276 1694/2958/276 1692/2959/276 1689/2960/276
f 1698/2961/270 1700/2947/270 1697/2950/270 1704/2962/270
f 1721/2963/277 1711/2964/292 1709/2965/277 1716/2966/277
f 1717/2967/291 1707/2968/291 1705/2944/289 1720/2969/291
f 1696/2970/291 1717/2967/291 1691/2971/291
f 1695/2972/270 1693/2973/270 1698/2961/270 1704/2962/270
f 1696/2974/279 1706/2975/279 1702/2976/279 1707/2977/279
f 1705/2944/289 1688/2946/291 1689/2978/291
f 1701/2952/275 1710/2979/275 1708/2980/275 1690/2955/275
f 1707/2977/279 1702/2976/279 1705/2981/279
f 1703/2951/275 1710/2979/275 1701/2952/275
f 1705/2944/289 1702/2982/293 1710/2983/293 1703/2945/290
f 1698/2961/270 1714/2984/270 1700/2947/270
f 1692/2985/277 1700/2986/281 1711/2964/292
f 1706/2987/291 1708/2988/291 1710/2983/293 1702/2982/293
f 1715/2989/282 1714/2990/282 1713/2991/277 1712/2992/277
f 1693/2973/270 1713/2993/270 1714/2984/270 1698/2961/270
f 1709/2943/274 1715/2942/274 1712/2994/274 1699/2995/274
f 1700/2986/281 1714/2990/282 1715/2989/282 1711/2964/292
f 1716/2996/294 1718/2997/295 1719/2998/295
f 1719/2998/295 1718/2997/295 1717/2999/285
f 1720/3000/286 1722/3001/296 1723/3002/296
f 1723/3002/296 1722/3001/296 1721/3003/297
f 1720/3004/277 1723/3005/277 1719/3006/277 1717/3007/277
f 1723/3008/291 1721/3009/291 1716/3010/291 1719/3011/291
f 1703/2951/275 1697/2954/275 1694/3012/275 1688/3013/275
f 1716/2966/277 1709/2965/277 1699/3014/277
f 1721/2963/277 1722/3015/277 1689/3016/277
f 1747/3017/270 1751/3018/270 1745/3019/270
f 1741/3020/271 1739/3021/273 1724/3022/272
f 1736/3023/274 1728/3024/274 1730/3025/274 1733/3026/274
f 1739/3027/279 1737/3028/279 1740/3029/279 1733/3030/279
f 1737/3028/279 1726/3031/279 1731/3032/279 1740/3029/279
f 1724/3033/276 1730/3034/276 1728/3035/276 1725/3036/276
f 1734/3037/274 1736/3023/274 1733/3026/274 1740/3038/274
f 1757/3039/298 1747/3040/299 1745/3041/298 1752/3042/298
f 1753/3043/272 1743/3044/272 1741/3020/271 1756/3045/272
f 1732/3046/272 1753/3043/272 1727/3047/272
f 1731/3048/274 1729/3049/274 1734/3037/274 1740/3038/274
f 1732/3050/275 1742/3051/275 1738/3052/275 1743/3053/275
f 1741/3020/271 1724/3022/272 1725/3054/272
f 1737/3028/279 1746/3055/279 1744/3056/279 1726/3031/279
f 1743/3053/275 1738/3052/275 1741/3057/275
f 1739/3027/279 1746/3055/279 1737/3028/279
f 1741/3020/271 1738/3058/280 1746/3059/280 1739/3021/273
f 1734/3037/274 1750/3060/274 1736/3023/274
f 1728/3061/298 1736/3062/300 1747/3040/299
f 1742/3063/272 1744/3064/272 1746/3059/280 1738/3058/280
f 1751/3065/301 1750/3066/301 1749/3067/298 1748/3068/298
f 1729/3049/274 1749/3069/274 1750/3060/274 1734/3037/274
f 1745/3019/270 1751/3018/270 1748/3070/270 1735/3071/270
f 1736/3062/300 1750/3066/301 1751/3065/301 1747/3040/299
f 1752/3072/283 1754/3073/302 1755/3074/302
f 1755/3074/302 1754/3073/302 1753/3075/303
f 1756/3076/304 1758/3077/305 1759/3078/305
f 1759/3078/305 1758/3077/305 1757/3079/288
f 1756/3080/298 1759/3081/298 1755/3082/298 1753/3083/298
f 1759/3084/272 1757/3085/272 1752/3086/272 1755/3087/272
f 1739/3027/279 1733/3030/279 1730/3088/279 1724/3089/279
f 1752/3042/298 1745/3041/298 1735/3090/298
f 1757/3039/298 1758/3091/298 1725/3092/298
f 1783/3093/274 1781/3094/274 1787/3095/274
f 1777/3096/289 1760/3097/291 1775/3098/290
f 1772/3099/270 1769/3100/270 1766/3101/270 1764/3102/270
f 1775/3103/279 1769/3104/279 1776/3105/279 1773/3106/279
f 1773/3106/279 1776/3105/279 1767/3107/279 1762/3108/279
f 1760/3109/276 1761/3110/276 1764/3111/276 1766/3112/276
f 1770/3113/270 1776/3114/270 1769/3100/270 1772/3099/270
f 1793/3115/298 1788/3116/298 1781/3117/298 1783/3118/306
f 1789/3119/291 1792/3120/291 1777/3096/289 1779/3121/291
f 1763/3122/291 1789/3119/291 1768/3123/291
f 1767/3124/270 1776/3114/270 1770/3113/270 1765/3125/270
f 1768/3126/275 1779/3127/275 1774/3128/275 1778/3129/275
f 1761/3130/291 1760/3097/291 1777/3096/289
f 1773/3106/279 1762/3108/279 1780/3131/279 1782/3132/279
f 1779/3127/275 1777/3133/275 1774/3128/275
f 1775/3103/279 1773/3106/279 1782/3132/279
f 1777/3096/289 1775/3098/290 1782/3134/293 1774/3135/293
f 1770/3113/270 1772/3099/270 1786/3136/270
f 1764/3137/298 1783/3118/306 1772/3138/300
f 1778/3139/291 1774/3135/293 1782/3134/293 1780/3140/291
f 1787/3141/301 1784/3142/298 1785/3143/298 1786/3144/301
f 1765/3125/270 1770/3113/270 1786/3136/270 1785/3145/270
f 1781/3094/274 1771/3146/274 1784/3147/274 1787/3095/274
f 1772/3138/300 1783/3118/306 1787/3141/301 1786/3144/301
f 1788/3148/294 1791/3149/307 1790/3150/307
f 1791/3149/307 1789/3151/303 1790/3150/307
f 1792/3152/304 1795/3153/308 1794/3154/308
f 1795/3153/308 1793/3155/297 1794/3154/308
f 1792/3156/298 1789/3157/298 1791/3158/298 1795/3159/298
f 1795/3160/291 1791/3161/291 1788/3162/291 1793/3163/291
f 1775/3103/279 1760/3164/279 1766/3165/279 1769/3104/279
f 1771/3166/298 1781/3117/298 1788/3116/298
f 1761/3167/298 1793/3115/298 1783/3118/306
f 1682/3168/272 1681/2892/272 1655/2895/272
f 1681/2892/272 1671/2894/272 1660/2896/272
f 1669/2869/271 1684/2893/272 1653/2903/272
f 1684/2893/272 1686/3169/272 1653/2903/272
f 1682/3170/277 1655/3171/277 1680/2889/277
f 1655/3171/277 1663/2939/277 1680/2889/277
f 1675/2891/278 1656/2910/277 1653/2940/277
f 1653/2940/277 1686/3172/277 1685/2888/277
f 1707/2968/291 1717/2967/291 1696/2970/291
f 1717/2967/291 1718/3173/291 1691/2971/291
f 1722/3174/291 1720/2969/291 1689/2978/291
f 1720/2969/291 1705/2944/289 1689/2978/291
f 1699/3014/277 1691/3175/277 1716/2966/277
f 1691/3175/277 1718/3176/277 1716/2966/277
f 1689/3016/277 1692/2985/277 1711/2964/292
f 1711/2964/292 1721/2963/277 1689/3016/277
f 1743/3044/272 1753/3043/272 1732/3046/272
f 1753/3043/272 1754/3177/272 1727/3047/272
f 1758/3178/272 1756/3045/272 1725/3054/272
f 1756/3045/272 1741/3020/271 1725/3054/272
f 1735/3090/298 1727/3179/298 1752/3042/298
f 1727/3179/298 1754/3180/298 1752/3042/298
f 1725/3092/298 1728/3061/298 1747/3040/299
f 1747/3040/299 1757/3039/298 1725/3092/298
f 1790/3181/291 1789/3119/291 1763/3122/291
f 1789/3119/291 1779/3121/291 1768/3123/291
f 1777/3096/289 1792/3120/291 1761/3130/291
f 1792/3120/291 1794/3182/291 1761/3130/291
f 1790/3183/298 1763/3184/298 1788/3116/298
f 1763/3184/298 1771/3166/298 1788/3116/298
f 1783/3118/306 1764/3137/298 1761/3167/298
f 1761/3167/298 1794/3185/298 1793/3115/298
o Cube.320_Cube.367
v 3.754019 0.806989 -9.254021
v 4.427384 0.499020 -9.254021
v 4.427384 0.499020 -9.927382
v 3.754019 0.499020 -9.927382
v 4.392975 0.767170 -9.254021
v 4.347721 0.806989 -9.254021
v 4.392975 0.767170 -9.892975
v 4.347721 0.806989 -9.847721
v 3.754019 0.806989 -9.847721
v 3.754019 0.767170 -9.892975
v -3.754019 0.806989 -9.254021
v -4.427384 0.499020 -9.254021
v -4.427384 0.499020 -9.927382
v -3.754019 0.499020 -9.927382
v -4.392975 0.767170 -9.254021
v -4.347721 0.806989 -9.254021
v -4.392975 0.767170 -9.892975
v -4.347721 0.806989 -9.847721
v -3.754019 0.806989 -9.847721
v -3.754019 0.767170 -9.892975
v 3.754019 0.806989 9.254021
v 4.427384 0.499020 9.254021
v 4.427384 0.499020 9.927382
v 3.754019 0.499020 9.927382
v 4.392975 0.767170 9.254021
v 4.347721 0.806989 9.254021
v 4.392975 0.767170 9.892975
v 4.347721 0.806989 9.847721
v 3.754019 0.806989 9.847721
v 3.754019 0.767170 9.892975
v -3.754019 0.806989 9.254021
v -4.427384 0.499020 9.254021
v -4.427384 0.499020 9.927382
v -3.754019 0.499020 9.927382
v -4.392975 0.767170 9.254021
v -4.347721 0.806989 9.254021
v -4.392975 0.767170 9.892975
v -4.347721 0.806989 9.847721
v -3.754019 0.806989 9.847721
v -3.754019 0.767170 9.892975
vt -0.125679 0.627814
vt -0.232172 0.627806
vt -0.237903 0.583114
vt -0.125676 0.583122
vt 2.123634 0.583114
vt 2.117899 0.627806
vt 2.011407 0.627806
vt 2.011407 0.583114
vt -1.110347 1.224621
vt -1.011397 1.224621
vt -1.011397 1.232163
vt -1.117890 1.232163
vt -1.117890 1.125670
vt -1.110347 1.125670
vt -1.011397 1.125670
vt 1.125661 0.627909
vt 1.125664 0.583217
vt 1.237892 0.583226
vt 1.232153 0.627917
vt -1.123635 0.583227
vt -1.011408 0.583227
vt -1.011408 0.627918
vt -1.117900 0.627918
vt -1.110347 -0.224620
vt -1.117890 -0.232162
vt -1.011398 -0.232162
vt -1.011397 -0.224620
vt -1.110347 -0.125669
vt -1.117890 -0.125669
vt -1.011397 -0.125669
vt 1.125679 0.627814
vt 1.125676 0.583122
vt 1.237903 0.583113
vt 1.232172 0.627805
vt -1.185494 0.583113
vt -1.073267 0.583113
vt -1.073267 0.627806
vt -1.179759 0.627806
vt 2.172227 1.224620
vt 2.179769 1.232162
vt 2.073277 1.232162
vt 2.073277 1.224620
vt 2.172227 1.125669
vt 2.179769 1.125669
vt 2.073277 1.125669
vt -0.125661 0.627909
vt -0.232153 0.627917
vt -0.237892 0.583226
vt -0.125664 0.583217
vt 2.185493 0.583226
vt 2.179759 0.627917
vt 2.073266 0.627917
vt 2.073266 0.583226
vt 2.172226 -0.224621
vt 2.073277 -0.224621
vt 2.073276 -0.232163
vt 2.179768 -0.232163
vt 2.179768 -0.125670
vt 2.172226 -0.125670
vt 2.073277 -0.125670
vn 0.0001 0.2441 -0.9697
vn 0.0000 0.2441 -0.9698
vn 0.0000 0.1273 -0.9919
vn 0.9919 0.1273 0.0000
vn 0.9698 0.2441 -0.0000
vn 0.9697 0.2441 0.0000
vn 0.0599 0.9964 -0.0599
vn 0.0644 0.9979 0.0001
vn -0.0000 0.9979 -0.0644
vn -0.0000 1.0000 0.0000
vn -0.0000 0.2441 -0.9697
vn -0.9919 0.1273 0.0000
vn -0.9697 0.2441 -0.0002
vn -0.9698 0.2441 -0.0000
vn -0.0599 0.9964 -0.0599
vn -0.0644 0.9979 0.0000
vn 0.0000 0.2441 0.9697
vn 0.0000 0.1273 0.9919
vn 0.0000 0.2441 0.9698
vn 0.9697 0.2441 0.0002
vn 0.0599 0.9964 0.0599
vn 0.0644 0.9979 -0.0000
vn -0.0000 0.9979 0.0644
vn -0.0001 0.2441 0.9697
vn -0.9697 0.2441 -0.0000
vn -0.0599 0.9964 0.0599
vn -0.0644 0.9979 -0.0001
usemtl sandstone
s 1
f 1805/3186/309 1802/3187/310 1798/3188/311 1799/3189/311
f 1798/3190/312 1802/3191/313 1800/3192/314 1797/3193/312
f 1803/3194/315 1801/3195/316 1800/3196/314 1802/3197/313
f 1802/3197/310 1805/3198/309 1804/3199/317 1803/3194/315
f 1801/3195/316 1803/3194/315 1804/3199/317 1796/3200/318
f 1815/3201/319 1809/3202/311 1808/3203/311 1812/3204/310
f 1808/3205/320 1807/3206/320 1810/3207/321 1812/3208/322
f 1813/3209/323 1812/3210/322 1810/3211/321 1811/3212/324
f 1812/3210/310 1813/3209/323 1814/3213/317 1815/3214/319
f 1811/3212/324 1806/3215/318 1814/3213/317 1813/3209/323
f 1825/3216/325 1819/3217/326 1818/3218/326 1822/3219/327
f 1818/3220/312 1817/3221/312 1820/3222/328 1822/3223/313
f 1823/3224/329 1822/3225/313 1820/3226/328 1821/3227/330
f 1822/3225/327 1823/3224/329 1824/3228/331 1825/3229/325
f 1821/3227/330 1816/3230/318 1824/3228/331 1823/3224/329
f 1835/3231/332 1832/3232/327 1828/3233/326 1829/3234/326
f 1828/3235/320 1832/3236/322 1830/3237/333 1827/3238/320
f 1833/3239/334 1831/3240/335 1830/3241/333 1832/3242/322
f 1832/3242/327 1835/3243/332 1834/3244/331 1833/3239/334
f 1831/3240/335 1833/3239/334 1834/3244/331 1826/3245/318
o Cube.322_Cube.369
v 4.803383 7.120409 -0.663112
v 4.803383 6.456851 -0.663112
v 4.803383 7.120409 0.663112
v 4.803383 6.456851 0.663112
v -4.803383 7.120409 -0.663112
v -4.803383 6.456851 -0.663112
v -4.803383 7.120409 0.663112
v -4.803383 6.456851 0.663112
vt 0.358551 1.576081
vt 0.579589 1.576081
vt 0.579589 1.686674
vt 0.358551 1.686674
vt 0.641448 1.576203
vt 0.641448 1.686796
vt 0.420411 1.686796
vt 0.420411 1.576203
vn 1.0000 0.0000 0.0000
vn -1.0000 0.0000 0.0000
usemtl sandstone
s off
f 1839/3246/336 1837/3247/336 1836/3248/336 1838/3249/336
f 1843/3250/337 1842/3251/337 1840/3252/337 1841/3253/337
o Cube.323_Cube.370
v 6.500095 0.100000 -11.999509
v 2.500000 0.100000 -11.999509
v 6.500095 0.100000 -8.000000
v 6.500095 0.100000 -3.000000
v 5.300095 0.500000 -3.000000
v 5.300095 0.100000 -3.000000
v 5.300095 0.100000 -8.000000
v 2.500000 0.100000 -10.799509
v 6.500095 0.440348 -11.999509
v 6.500095 0.440348 -3.000000
v 6.500095 0.440348 -8.000000
v 2.500000 0.440348 -11.999509
v 2.500000 0.440348 -10.799509
v 6.555101 0.440348 -8.000000
v 6.570095 0.500000 -8.000000
v 6.570095 0.500000 -12.069509
v 6.570095 0.500000 -3.000000
v 2.500000 0.500000 -12.069509
v 6.555100 0.440348 -12.054514
v 6.555101 0.440348 -3.000000
v 2.500000 0.440348 -12.054514
v 2.500000 0.500000 -10.799509
v 5.300095 0.500000 -8.000000
v -6.500095 0.100000 -11.999509
v -2.500000 0.100000 -11.999509
v -6.500095 0.100000 -8.000000
v -6.500095 0.100000 -3.000000
v -5.300095 0.500000 -3.000000
v -5.300095 0.100000 -3.000000
v -5.300095 0.100000 -8.000000
v -2.500000 0.100000 -10.799509
v -6.500095 0.440348 -11.999509
v -6.500095 0.440348 -3.000000
v -6.500095 0.440348 -8.000000
v -2.500000 0.440348 -11.999509
v -2.500000 0.440348 -10.799509
v -6.555101 0.440348 -8.000000
v -6.570095 0.500000 -8.000000
v -6.570095 0.500000 -12.069509
v -6.570095 0.500000 -3.000000
v -2.500000 0.500000 -12.069509
v -6.555100 0.440348 -12.054514
v -6.555101 0.440348 -3.000000
v -2.500000 0.440348 -12.054514
v -2.500000 0.500000 -10.799509
v -5.300095 0.500000 -8.000000
v 6.500095 0.100000 11.999509
v 2.500000 0.100000 11.999509
v 6.500095 0.100000 8.000000
v 6.500095 0.100000 3.000000
v 5.300095 0.500000 3.000000
v 5.300095 0.100000 3.000000
v 5.300095 0.100000 8.000000
v 2.500000 0.100000 10.799509
v 6.500095 0.440348 11.999509
v 6.500095 0.440348 3.000000
v 6.500095 0.440348 8.000000
v 2.500000 0.440348 11.999509
v 2.500000 0.440348 10.799509
v 6.555101 0.440348 8.000000
v 6.570095 0.500000 8.000000
v 6.570095 0.500000 12.069509
v 6.570095 0.500000 3.000000
v 2.500000 0.500000 12.069509
v 6.555100 0.440348 12.054514
v 6.555101 0.440348 3.000000
v 2.500000 0.440348 12.054514
v 2.500000 0.500000 10.799509
v 5.300095 0.500000 8.000000
v -6.500095 0.100000 11.999509
v -2.500000 0.100000 11.999509
v -6.500095 0.100000 8.000000
v -6.500095 0.100000 3.000000
v -5.300095 0.500000 3.000000
v -5.300095 0.100000 3.000000
v -5.300095 0.100000 8.000000
v -2.500000 0.100000 10.799509
v -6.500095 0.440348 11.999509
v -6.500095 0.440348 3.000000
v -6.500095 0.440348 8.000000
v -2.500000 0.440348 11.999509
v -2.500000 0.440348 10.799509
v -6.555101 0.440348 8.000000
v -6.570095 0.500000 8.000000
v -6.570095 0.500000 12.069509
v -6.570095 0.500000 3.000000
v -2.500000 0.500000 12.069509
v -6.555100 0.440348 12.054514
v -6.555101 0.440348 3.000000
v -2.500000 0.440348 12.054514
v -2.500000 0.500000 10.799509
v -5.300095 0.500000 8.000000
vt -0.802397 1.383350
vt -0.802398 -0.383349
vt 0.030936 -0.383349
vt 0.030936 1.383349
vt -0.583355 0.573309
vt -0.595022 0.583250
vt -0.592522 0.573308
vt 1.595023 0.583250
vt 1.583355 0.573309
vt 1.592523 0.573309
vt 0.083328 0.573359
vt 0.916662 0.573423
vt 0.916661 0.583365
vt 0.083328 0.583301
vt -0.030930 0.573308
vt 0.969070 0.573308
vt 0.969070 0.583250
vt -0.030930 0.583250
vt -0.383355 0.583266
vt -0.583350 0.516584
vt -0.383350 0.516599
vt 1.383356 0.583266
vt 1.383351 0.516600
vt 1.583351 0.516585
vt 1.802404 0.583266
vt 0.969070 0.583266
vt 0.969070 0.516600
vt 1.802404 0.516600
vt -1.268988 0.573360
vt -1.468988 0.573360
vt -1.468988 0.516635
vt -1.268988 0.516635
vt 1.030936 1.383349
vt 1.030936 1.595016
vt 0.030936 1.595016
vt 0.083333 0.516635
vt 0.916666 0.516698
vt -1.268988 0.583302
vt -1.480655 0.583302
vt 2.468988 0.516585
vt 2.468988 0.573309
vt 1.802403 0.573309
vt 1.802403 0.516585
vt 0.083333 0.516635
vt 0.083328 0.573359
vt -0.583354 0.573309
vt -0.583350 0.516584
vt -1.268982 0.083334
vt -1.268982 0.916667
vt 0.969076 1.592517
vt -0.030924 1.592517
vt -0.030924 1.583349
vt 0.969076 1.583349
vt 0.083328 0.573359
vt 0.083328 0.583301
vt -0.595021 0.583250
vt -0.592522 0.573308
vt 2.478156 0.573309
vt 2.480655 0.583251
vt 1.802403 0.583250
vt 1.802403 0.573309
vt 1.802409 1.583350
vt 2.468994 1.583350
vt 2.478161 1.592518
vt 1.802409 1.592517
vt -0.802397 1.595016
vt -1.480649 1.595016
vt -1.478156 0.573360
vt 2.468994 0.916667
vt 2.478161 0.916667
vt -1.480649 0.916667
vt 1.030936 -0.383349
vt 1.583344 0.573474
vt 1.592511 0.573474
vt 1.595010 0.583416
vt -0.595009 0.583417
vt -0.592511 0.573475
vt -0.583343 0.573474
vt 0.030936 -0.595016
vt 1.030936 -0.595016
vt 1.030929 0.573474
vt 1.030929 0.583417
vt 0.030929 0.583417
vt 0.030929 0.573475
vt 1.383343 0.583400
vt 1.383348 0.516734
vt 1.583348 0.516749
vt -0.583347 0.516750
vt -0.383348 0.516734
vt -0.383342 0.583401
vt -0.802404 0.583401
vt -0.802404 0.516734
vt 0.030929 0.516734
vt 0.030929 0.583401
vt 2.268989 0.573424
vt 2.268989 0.516699
vt 2.468989 0.516699
vt 2.468989 0.573424
vt 2.268989 0.583366
vt 2.480655 0.583366
vt -1.468989 0.516750
vt -0.802404 0.516750
vt -0.802404 0.573474
vt -1.468989 0.573474
vt 0.916666 0.516698
vt 1.583349 0.516749
vt 1.583344 0.573473
vt 0.916662 0.573423
vt 0.969076 -0.583349
vt -0.030924 -0.583349
vt -0.030924 -0.592517
vt 0.969076 -0.592517
vt 0.916662 0.573423
vt 1.592512 0.573474
vt 1.595010 0.583416
vt 0.916661 0.583365
vt -1.478157 0.573475
vt -0.802404 0.573475
vt -0.802404 0.583417
vt -1.480656 0.583417
vt 1.802410 -0.583349
vt 1.802410 -0.592516
vt 2.478162 -0.592516
vt 2.468995 -0.583348
vt -1.480649 -0.595015
vt -0.802398 -0.595015
vt 2.478156 0.573424
vt 2.478162 0.083334
vt 2.468994 0.083334
vt 1.030929 0.516749
vt 1.030929 0.573474
vt 0.030929 0.573474
vt 0.030929 0.516749
vt -1.480649 0.083334
vt 0.916672 0.583301
vt 0.083339 0.583364
vt 0.083338 0.573422
vt 0.916672 0.573359
vt 1.583355 0.573309
vt 1.592522 0.573308
vt 1.595022 0.583250
vt -0.595023 0.583250
vt -0.592523 0.573309
vt -0.583355 0.573309
vt 1.383355 0.583266
vt 1.383350 0.516599
vt 1.583350 0.516584
vt -0.583351 0.516585
vt -0.383351 0.516600
vt -0.383356 0.583266
vt -0.864263 0.583266
vt -0.864263 0.516599
vt -0.030930 0.516599
vt -0.030930 0.583266
vt 2.330848 0.573359
vt 2.330848 0.516634
vt 2.530848 0.516634
vt 2.530848 0.573359
vt 1.864269 -0.383350
vt 1.864269 1.383349
vt 0.083334 0.516698
vt 0.916667 0.516634
vt 2.330848 0.583301
vt 2.542515 0.583301
vt -1.530848 0.516584
vt -0.864263 0.516584
vt -0.864263 0.573308
vt -1.530848 0.573308
vt 0.916667 0.516634
vt 1.583350 0.516584
vt 1.583354 0.573308
vt 0.916672 0.573359
vt 0.916672 0.573359
vt 1.592522 0.573308
vt 1.595021 0.583249
vt 0.916672 0.583301
vt -1.540015 0.573308
vt -0.864263 0.573308
vt -0.864263 0.583250
vt -1.542515 0.583249
vt -0.864258 1.583349
vt -0.864258 1.592516
vt -1.540010 1.592516
vt -1.530843 1.583348
vt 2.542521 1.595015
vt 1.864270 1.595015
vt 2.540015 0.573359
vt -1.540010 0.916666
vt -1.530842 0.916666
vt 2.330854 0.916666
vt 2.542521 0.916666
vt -0.583344 0.573474
vt -0.595010 0.583417
vt -0.592511 0.573474
vt 1.595009 0.583417
vt 1.583343 0.573474
vt 1.592511 0.573475
vt -0.383343 0.583400
vt -0.583348 0.516749
vt -0.383348 0.516734
vt 1.383343 0.583401
vt 1.383348 0.516734
vt 1.583347 0.516749
vt 1.864263 0.583400
vt 1.030929 0.583400
vt 1.030929 0.516734
vt 1.864263 0.516734
vt -1.330848 0.573423
vt -1.530848 0.573422
vt -1.530848 0.516698
vt -1.330848 0.516698
vt -1.330848 0.583365
vt -1.542514 0.583364
vt 2.530847 0.516749
vt 2.530847 0.573473
vt 1.864262 0.573474
vt 1.864262 0.516749
vt 0.083334 0.516698
vt 0.083338 0.573422
vt -0.583344 0.573473
vt -0.583349 0.516749
vt 0.083338 0.573422
vt 0.083339 0.583364
vt -0.595010 0.583416
vt -0.592512 0.573474
vt 2.540015 0.573474
vt 2.542514 0.583416
vt 1.864262 0.583416
vt 1.864262 0.573474
vt -0.864257 -0.583350
vt -1.530842 -0.583350
vt -1.540009 -0.592518
vt -0.864257 -0.592517
vt 1.864269 -0.595016
vt 2.542521 -0.595016
vt -1.540015 0.573422
vt -1.530842 0.083332
vt -1.540009 0.083332
vt 2.330854 0.083333
vt 2.542521 0.083333
vt -0.030930 0.516584
vt 0.969070 0.516584
vt 0.969070 0.573309
vt -0.030930 0.573309
vn 0.0000 1.0000 0.0000
vn 0.0000 0.0000 -1.0000
vn 0.0000 0.0000 1.0000
vn 0.9698 -0.2438 0.0000
vn 1.0000 0.0000 0.0000
vn -1.0000 0.0000 0.0000
vn 0.0000 -1.0000 0.0000
vn 0.0000 -0.2438 -0.9698
vn -0.9698 -0.2438 0.0000
vn 0.0000 -0.2438 0.9698
usemtl sandstone
s 1
f 1866/3254/338 1889/3255/338 1871/3256/338 1848/3257/338
f 1853/3258/339 1860/3259/339 1863/3260/339
f 1858/3261/340 1854/3262/340 1857/3263/340
f 1856/3264/339 1879/3265/339 1888/3266/339 1865/3267/339
f 1909/3268/341 1863/3269/341 1860/3270/341 1906/3271/341
f 1848/3272/339 1853/3258/339 1847/3273/339 1849/3274/339
f 1854/3262/340 1866/3275/340 1850/3276/340 1846/3277/340
f 1866/3278/342 1848/3279/342 1849/3280/342 1850/3281/342
f 1856/3282/343 1855/3283/343 1845/3284/343 1851/3285/343
f 1894/3286/338 1906/3287/338 1860/3288/338 1848/3257/338
f 1851/3289/339 1874/3290/339 1879/3265/339 1856/3264/339
f 1865/3291/343 1861/3292/343 1855/3283/343 1856/3282/343
f 1858/3261/340 1866/3275/340 1854/3262/340
f 1848/3272/339 1860/3259/339 1853/3258/339
f 1844/3293/342 1852/3294/342 1854/3295/342 1846/3296/342
f 1845/3297/339 1855/3298/339 1852/3299/339 1844/3300/339
f 1888/3301/338 1889/3255/338 1866/3254/338 1865/3302/338
f 1863/3303/344 1909/3304/344 1899/3305/344 1853/3306/344
f 1864/3307/345 1861/3308/345 1859/3309/345 1862/3310/345
f 1862/3311/341 1859/3312/341 1858/3313/341 1857/3314/341
f 1854/3315/344 1852/3316/344 1862/3317/344 1857/3318/344
f 1866/3254/338 1858/3319/338 1859/3320/338
f 1855/3283/343 1861/3292/343 1864/3321/343
f 1852/3316/344 1855/3322/344 1864/3323/344 1862/3317/344
f 1865/3302/338 1859/3320/338 1861/3324/338
f 1866/3254/338 1859/3320/338 1865/3302/338
f 1894/3286/338 1848/3257/338 1871/3256/338 1917/3325/338
f 1876/3326/339 1886/3327/339 1883/3328/339
f 1881/3329/340 1880/3330/340 1877/3331/340
f 1917/3325/338 1871/3256/338 1883/3332/338 1929/3333/338
f 1932/3334/346 1929/3335/346 1883/3336/346 1886/3337/346
f 1871/3338/339 1872/3339/339 1870/3340/339 1876/3326/339
f 1877/3331/340 1869/3341/340 1873/3342/340 1889/3343/340
f 1889/3344/343 1873/3345/343 1872/3346/343 1871/3347/343
f 1879/3348/342 1874/3349/342 1868/3350/342 1878/3351/342
f 1888/3352/342 1879/3348/342 1878/3351/342 1884/3353/342
f 1881/3329/340 1877/3331/340 1889/3343/340
f 1871/3338/339 1876/3326/339 1883/3328/339
f 1867/3354/343 1869/3355/343 1877/3356/343 1875/3357/343
f 1868/3358/339 1867/3359/339 1875/3360/339 1878/3361/339
f 1876/3362/344 1922/3363/344 1932/3364/344 1886/3365/344
f 1887/3366/345 1885/3367/345 1882/3368/345 1884/3369/345
f 1885/3370/346 1880/3371/346 1881/3372/346 1882/3373/346
f 1877/3374/344 1880/3375/344 1885/3376/344 1875/3377/344
f 1889/3255/338 1882/3378/338 1881/3379/338
f 1878/3351/342 1887/3380/342 1884/3353/342
f 1875/3377/344 1885/3376/344 1887/3381/344 1878/3382/344
f 1916/3383/343 1922/3384/343 1876/3385/343 1870/3386/343
f 1888/3301/338 1884/3387/338 1882/3378/338
f 1889/3255/338 1888/3301/338 1882/3378/338
f 1911/3388/340 1934/3389/340 1925/3390/340 1902/3391/340
f 1899/3392/340 1909/3393/340 1906/3394/340
f 1904/3395/339 1903/3396/339 1900/3397/339
f 1894/3398/340 1895/3399/340 1893/3400/340 1899/3392/340
f 1900/3397/339 1892/3401/339 1896/3402/339 1912/3403/339
f 1912/3404/342 1896/3405/342 1895/3406/342 1894/3407/342
f 1902/3408/343 1897/3409/343 1891/3410/343 1901/3411/343
f 1894/3286/338 1917/3325/338 1935/3412/338 1912/3413/338
f 1902/3391/340 1925/3390/340 1920/3414/340 1897/3415/340
f 1911/3416/343 1902/3408/343 1901/3411/343 1907/3417/343
f 1904/3395/339 1900/3397/339 1912/3403/339
f 1894/3398/340 1899/3392/340 1906/3394/340
f 1890/3418/342 1892/3419/342 1900/3420/342 1898/3421/342
f 1891/3422/340 1890/3423/340 1898/3424/340 1901/3425/340
f 1910/3426/347 1908/3427/347 1905/3428/347 1907/3429/347
f 1908/3430/341 1903/3431/341 1904/3432/341 1905/3433/341
f 1900/3434/344 1903/3435/344 1908/3436/344 1898/3437/344
f 1912/3413/338 1905/3438/338 1904/3439/338
f 1901/3411/343 1910/3440/343 1907/3417/343
f 1898/3437/344 1908/3436/344 1910/3441/344 1901/3442/344
f 1911/3443/338 1907/3444/338 1905/3438/338
f 1912/3413/338 1911/3443/338 1905/3438/338
f 1922/3445/340 1929/3446/340 1932/3447/340
f 1927/3448/339 1923/3449/339 1926/3450/339
f 1917/3451/340 1922/3445/340 1916/3452/340 1918/3453/340
f 1923/3449/339 1935/3454/339 1919/3455/339 1915/3456/339
f 1935/3457/343 1917/3458/343 1918/3459/343 1919/3460/343
f 1925/3461/342 1924/3462/342 1914/3463/342 1920/3464/342
f 1934/3465/342 1930/3466/342 1924/3462/342 1925/3461/342
f 1927/3448/339 1935/3454/339 1923/3449/339
f 1917/3451/340 1929/3446/340 1922/3445/340
f 1913/3467/343 1921/3468/343 1923/3469/343 1915/3470/343
f 1914/3471/340 1924/3472/340 1921/3473/340 1913/3474/340
f 1933/3475/347 1930/3476/347 1928/3477/347 1931/3478/347
f 1931/3479/346 1928/3480/346 1927/3481/346 1926/3482/346
f 1923/3483/344 1921/3484/344 1931/3485/344 1926/3486/344
f 1935/3412/338 1927/3487/338 1928/3488/338
f 1924/3462/342 1930/3466/342 1933/3489/342
f 1921/3484/344 1924/3490/344 1933/3491/344 1931/3485/344
f 1934/3492/338 1911/3443/338 1912/3413/338 1935/3412/338
f 1934/3492/338 1928/3488/338 1930/3493/338
f 1935/3412/338 1928/3488/338 1934/3492/338
f 1893/3494/342 1847/3495/342 1853/3496/342 1899/3497/342
o Cube.324_Cube.371
v 6.550095 0.100000 -12.049509
v 6.550095 0.000000 -12.049509
v -6.550095 0.100000 -12.049509
v -6.550095 0.000000 -12.049509
v 6.550095 0.100000 12.049509
v 6.550095 0.000000 12.049509
v -6.550095 0.100000 12.049509
v -6.550095 0.000000 12.049509
vt -0.591682 0.499917
vt 1.591683 0.500083
vt 1.591682 0.516749
vt -0.591683 0.516583
vt -1.539182 1.591682
vt -1.539181 -0.591683
vt 2.477323 -0.591682
vt 2.477322 1.591683
vt 1.591683 0.516583
vt -0.591682 0.516749
vt -0.591683 0.500082
vt 1.591682 0.499916
vt -1.539181 0.499916
vt 2.477322 0.499917
vt 2.477322 0.516584
vt -1.539181 0.516583
vt 2.539181 0.500083
vt 2.539181 0.516749
vt -1.477323 0.516750
vt -1.477323 0.500084
vt 2.539183 1.591682
vt -1.477321 1.591683
vt -1.477321 -0.591682
vt 2.539182 -0.591683
vn 0.0000 0.0000 -1.0000
vn 0.0000 -1.0000 0.0000
vn 0.0000 0.0000 1.0000
vn 1.0000 0.0000 0.0000
vn -1.0000 0.0000 0.0000
vn 0.0000 1.0000 0.0000
usemtl sandstone
s 1
f 1937/3498/348 1939/3499/348 1938/3500/348 1936/3501/348
f 1941/3502/349 1943/3503/349 1939/3504/349 1937/3505/349
f 1940/3506/350 1942/3507/350 1943/3508/350 1941/3509/350
f 1941/3510/351 1937/3511/351 1936/3512/351 1940/3513/351
f 1943/3514/352 1942/3515/352 1938/3516/352 1939/3517/352
f 1940/3518/353 1936/3519/353 1938/3520/353 1942/3521/353
o Cube.325_Cube.372
v 6.100095 0.100000 -8.000000
v 5.300095 0.366667 -8.000000
v 5.700095 0.233333 -3.000000
v 5.700095 0.366667 -3.000000
v 6.100095 0.233333 -3.000000
v 6.100095 0.233333 -8.000000
v 5.700095 0.366667 -8.000000
v 5.700095 0.233333 -8.000000
v 5.300095 0.366667 -3.000000
v 6.100095 0.100000 -3.000000
v 0.000000 0.100000 -11.599509
v 0.000000 0.366667 -10.799510
v 2.500000 0.233333 -11.199510
v 2.500000 0.366667 -11.199510
v 2.500000 0.233333 -11.599509
v 0.000000 0.233333 -11.599509
v 0.000000 0.366667 -11.199510
v 0.000000 0.233333 -11.199510
v 2.500000 0.366667 -10.799509
v 2.500000 0.100000 -11.599509
v -6.100095 0.100000 -8.000000
v -5.300095 0.366667 -8.000000
v -5.700095 0.233333 -3.000000
v -5.700095 0.366667 -3.000000
v -6.100095 0.233333 -3.000000
v -6.100095 0.233333 -8.000000
v -5.700095 0.366667 -8.000000
v -5.700095 0.233333 -8.000000
v -5.300095 0.366667 -3.000000
v -6.100095 0.100000 -3.000000
v -2.500000 0.233333 -11.199510
v -2.500000 0.366667 -11.199510
v -2.500000 0.233333 -11.599509
v -2.500000 0.366667 -10.799509
v -2.500000 0.100000 -11.599509
v 6.100095 0.100000 8.000000
v 5.300095 0.366667 8.000000
v 5.700095 0.233333 3.000000
v 5.700095 0.366667 3.000000
v 6.100095 0.233333 3.000000
v 6.100095 0.233333 8.000000
v 5.700095 0.366667 8.000000
v 5.700095 0.233333 8.000000
v 5.300095 0.366667 3.000000
v 6.100095 0.100000 3.000000
v 0.000000 0.100000 11.599509
v 0.000000 0.366667 10.799510
v 2.500000 0.233333 11.199510
v 2.500000 0.366667 11.199510
v 2.500000 0.233333 11.599509
v 0.000000 0.233333 11.599509
v 0.000000 0.366667 11.199510
v 0.000000 0.233333 11.199510
v 2.500000 0.366667 10.799509
v 2.500000 0.100000 11.599509
v -6.100095 0.100000 8.000000
v -5.300095 0.366667 8.000000
v -5.700095 0.233333 3.000000
v -5.700095 0.366667 3.000000
v -6.100095 0.233333 3.000000
v -6.100095 0.233333 8.000000
v -5.700095 0.366667 8.000000
v -5.700095 0.233333 8.000000
v -5.300095 0.366667 3.000000
v -6.100095 0.100000 3.000000
v -2.500000 0.233333 11.199510
v -2.500000 0.366667 11.199510
v -2.500000 0.233333 11.599509
v -2.500000 0.366667 10.799509
v -2.500000 0.100000 11.599509
vt -0.802399 1.383350
vt 0.030934 1.383349
vt 0.030935 1.450016
vt -0.802399 1.450016
vt 1.802404 0.538812
vt 0.969070 0.538812
vt 0.969070 0.516589
vt 1.802404 0.516590
vt -0.802400 1.516683
vt -0.802400 1.450016
vt 0.030933 1.450016
vt 0.030933 1.516683
vt 1.802404 0.561039
vt 0.969070 0.561039
vt 0.969070 0.538817
vt 1.802404 0.538817
vt -1.268984 0.500001
vt -1.268984 0.916667
vt -1.335651 0.916667
vt -1.335651 0.500001
vt 0.499998 0.538889
vt 0.083331 0.538857
vt 0.083333 0.516635
vt 0.499999 0.516666
vt -1.402319 0.500001
vt -1.335652 0.500001
vt -1.335652 0.916667
vt -1.402319 0.916667
vt 0.499996 0.561111
vt 0.083329 0.561079
vt 0.083331 0.538857
vt 0.499998 0.538889
vt -0.802399 -0.383349
vt -0.802400 -0.450015
vt 0.030934 -0.450016
vt 0.030934 -0.383349
vt -0.802404 0.538967
vt -0.802404 0.516745
vt 0.030929 0.516744
vt 0.030929 0.538967
vt -0.802401 -0.516682
vt 0.030932 -0.516682
vt 0.030932 -0.450016
vt -0.802401 -0.450015
vt -0.802404 0.561184
vt -0.802404 0.538962
vt 0.030929 0.538961
vt 0.030929 0.561184
vt -1.335651 0.083334
vt -1.268984 0.083334
vt 0.916666 0.516698
vt 0.916664 0.538920
vt -1.402319 0.083334
vt -1.335653 0.083334
vt 0.916664 0.538920
vt 0.916663 0.561142
vt 1.864268 1.383349
vt 1.864268 1.450016
vt 1.030935 1.450016
vt 1.030935 1.383349
vt -0.864263 0.538811
vt -0.864263 0.516589
vt -0.030930 0.516589
vt -0.030930 0.538811
vt 1.864266 1.516682
vt 1.030933 1.516682
vt 1.030933 1.450016
vt 1.864266 1.450016
vt -0.864263 0.561038
vt -0.864263 0.538816
vt -0.030930 0.538816
vt -0.030930 0.561039
vt 2.330853 0.499999
vt 2.397519 0.499999
vt 2.397519 0.916666
vt 2.330853 0.916666
vt 0.500002 0.538888
vt 0.500001 0.516666
vt 0.916667 0.516634
vt 0.916669 0.538857
vt 2.464184 0.499999
vt 2.464184 0.916666
vt 2.397518 0.916666
vt 2.397518 0.499999
vt 0.500004 0.561111
vt 0.500002 0.538888
vt 0.916669 0.538857
vt 0.916671 0.561079
vt 1.864267 -0.383350
vt 1.030934 -0.383349
vt 1.030934 -0.450016
vt 1.864267 -0.450016
vt 1.864262 0.538966
vt 1.030929 0.538966
vt 1.030929 0.516744
vt 1.864262 0.516744
vt 1.864266 -0.516683
vt 1.864266 -0.450016
vt 1.030932 -0.450016
vt 1.030932 -0.516683
vt 1.864263 0.561183
vt 1.030929 0.561183
vt 1.030929 0.538961
vt 1.864263 0.538961
vt 2.330852 0.083333
vt 2.397519 0.083333
vt 0.083336 0.538920
vt 0.083334 0.516698
vt 2.397517 0.083333
vt 2.464184 0.083333
vt 0.083337 0.561142
vt 0.083336 0.538920
vn 0.0000 1.0000 0.0000
vn 1.0000 0.0000 0.0000
vn 0.0000 0.0000 -1.0000
vn -1.0000 0.0000 0.0000
vn 0.0000 0.0000 1.0000
usemtl sandstone
s 1
f 1945/3522/354 1952/3523/354 1947/3524/354 1950/3525/354
f 1949/3526/355 1948/3527/355 1953/3528/355 1944/3529/355
f 1949/3530/354 1951/3531/354 1946/3532/354 1948/3533/354
f 1950/3534/355 1947/3535/355 1946/3536/355 1951/3537/355
f 1955/3538/354 1962/3539/354 1957/3540/354 1960/3541/354
f 1959/3542/356 1958/3543/356 1963/3544/356 1954/3545/356
f 1959/3546/354 1961/3547/354 1956/3548/354 1958/3549/354
f 1960/3550/356 1957/3551/356 1956/3552/356 1961/3553/356
f 1965/3554/354 1970/3555/354 1967/3556/354 1972/3557/354
f 1969/3558/357 1964/3559/357 1973/3560/357 1968/3561/357
f 1969/3562/354 1968/3563/354 1966/3564/354 1971/3565/354
f 1970/3566/357 1971/3567/357 1966/3568/357 1967/3569/357
f 1955/3538/354 1960/3541/354 1975/3570/354 1977/3571/354
f 1959/3542/356 1954/3545/356 1978/3572/356 1976/3573/356
f 1959/3546/354 1976/3574/354 1974/3575/354 1961/3547/354
f 1960/3550/356 1961/3553/356 1974/3576/356 1975/3577/356
f 1980/3578/354 1985/3579/354 1982/3580/354 1987/3581/354
f 1984/3582/355 1979/3583/355 1988/3584/355 1983/3585/355
f 1984/3586/354 1983/3587/354 1981/3588/354 1986/3589/354
f 1985/3590/355 1986/3591/355 1981/3592/355 1982/3593/355
f 1990/3594/354 1995/3595/354 1992/3596/354 1997/3597/354
f 1994/3598/358 1989/3599/358 1998/3600/358 1993/3601/358
f 1994/3602/354 1993/3603/354 1991/3604/354 1996/3605/354
f 1995/3606/358 1996/3607/358 1991/3608/358 1992/3609/358
f 2000/3610/354 2007/3611/354 2002/3612/354 2005/3613/354
f 2004/3614/357 2003/3615/357 2008/3616/357 1999/3617/357
f 2004/3618/354 2006/3619/354 2001/3620/354 2003/3621/354
f 2005/3622/357 2002/3623/357 2001/3624/357 2006/3625/357
f 1990/3594/354 2012/3626/354 2010/3627/354 1995/3595/354
f 1994/3598/358 2011/3628/358 2013/3629/358 1989/3599/358
f 1994/3602/354 1996/3605/354 2009/3630/354 2011/3631/354
f 1995/3606/358 2010/3632/358 2009/3633/358 1996/3607/358
o Cube.326_Cube.373
v 4.036645 0.550000 -7.393614
v 3.163355 0.550000 -7.393614
v 4.036645 0.500000 -7.393614
v 3.163355 0.500000 -7.393614
v 4.036645 0.550000 -3.606386
v 3.163355 0.550000 -3.606386
v 4.036645 0.500000 -3.606386
v 3.163355 0.500000 -3.606386
v 3.163355 0.550000 -2.336645
v 4.036645 0.550000 -1.463355
v 3.163355 0.500000 -2.336645
v 4.036645 0.500000 -1.463355
v -1.893614 0.550000 -1.463355
v -1.893614 0.550000 -2.336645
v -1.893614 0.500000 -1.463355
v -1.893614 0.500000 -2.336645
v 1.893614 0.550000 -1.463355
v 1.893614 0.550000 -2.336645
v 1.893614 0.500000 -1.463355
v 1.893614 0.500000 -2.336645
v 3.163355 0.550000 -8.663355
v 4.036645 0.550000 -9.536645
v 3.163355 0.500000 -8.663355
v 4.036645 0.500000 -9.536645
v -3.163355 0.550000 -2.336645
v -4.036645 0.550000 -1.463355
v -3.163355 0.500000 -2.336645
v -4.036645 0.500000 -1.463355
v 1.893614 0.550000 -9.536645
v 1.893614 0.550000 -8.663355
v 1.893614 0.500000 -9.536645
v 1.893614 0.500000 -8.663355
v -1.893614 0.550000 -9.536645
v -1.893614 0.550000 -8.663355
v -1.893614 0.500000 -9.536645
v -1.893614 0.500000 -8.663355
v -3.163355 0.550000 -8.663355
v -4.036645 0.550000 -9.536645
v -3.163355 0.500000 -8.663355
v -4.036645 0.500000 -9.536645
v -4.036645 0.550000 -3.606386
v -3.163355 0.550000 -3.606386
v -4.036645 0.500000 -3.606386
v -3.163355 0.500000 -3.606386
v -4.036645 0.550000 -7.393614
v -3.163355 0.550000 -7.393614
v -4.036645 0.500000 -7.393614
v -3.163355 0.500000 -7.393614
v 4.036645 0.550000 7.393614
v 3.163355 0.550000 7.393614
v 4.036645 0.500000 7.393614
v 3.163355 0.500000 7.393614
v 4.036645 0.550000 3.606386
v 3.163355 0.550000 3.606386
v 4.036645 0.500000 3.606386
v 3.163355 0.500000 3.606386
v 3.163355 0.550000 2.336645
v 4.036645 0.550000 1.463355
v 3.163355 0.500000 2.336645
v 4.036645 0.500000 1.463355
v -1.893614 0.550000 1.463355
v -1.893614 0.550000 2.336645
v -1.893614 0.500000 1.463355
v -1.893614 0.500000 2.336645
v 1.893614 0.550000 1.463355
v 1.893614 0.550000 2.336645
v 1.893614 0.500000 1.463355
v 1.893614 0.500000 2.336645
v 3.163355 0.550000 8.663355
v 4.036645 0.550000 9.536645
v 3.163355 0.500000 8.663355
v 4.036645 0.500000 9.536645
v -3.163355 0.550000 2.336645
v -4.036645 0.550000 1.463355
v -3.163355 0.500000 2.336645
v -4.036645 0.500000 1.463355
v 1.893614 0.550000 9.536645
v 1.893614 0.550000 8.663355
v 1.893614 0.500000 9.536645
v 1.893614 0.500000 8.663355
v -1.893614 0.550000 9.536645
v -1.893614 0.550000 8.663355
v -1.893614 0.500000 9.536645
v -1.893614 0.500000 8.663355
v -3.163355 0.550000 8.663355
v -4.036645 0.550000 9.536645
v -3.163355 0.500000 8.663355
v -4.036645 0.500000 9.536645
v -4.036645 0.550000 3.606386
v -3.163355 0.550000 3.606386
v -4.036645 0.500000 3.606386
v -3.163355 0.500000 3.606386
v -4.036645 0.550000 7.393614
v -3.163355 0.550000 7.393614
v -4.036645 0.500000 7.393614
v -3.163355 0.500000 7.393614
vt -0.912963 0.591627
vt -0.912963 0.583294
vt -0.701339 0.583293
vt -0.701339 0.591627
vt 1.027233 0.591627
vt 1.027233 0.583294
vt 1.172781 0.583282
vt 1.172782 0.591616
vt 0.141489 0.591627
vt -0.070135 0.591627
vt -0.070135 0.583293
vt 0.141489 0.583293
vt -0.027233 0.591627
vt -0.172781 0.591615
vt -0.172780 0.583282
vt -0.027232 0.583293
vt 1.070135 0.591616
vt 0.712963 0.591615
vt 0.712963 0.583282
vt 1.070135 0.583282
vt -0.070128 1.027226
vt 0.141496 1.027226
vt 0.287044 1.172774
vt -0.070128 1.172774
vt 1.027219 0.591707
vt 0.815596 0.591691
vt 0.815596 0.583357
vt 1.027220 0.583373
vt 0.858511 0.591691
vt 0.712963 0.591691
vt 0.712963 0.583357
vt 0.858511 0.583357
vt -0.027233 0.591627
vt -0.027232 0.583293
vt 0.184391 0.583309
vt 0.184391 0.591643
vt 0.141489 0.591643
vt 0.141489 0.583309
vt 0.287037 0.583309
vt 0.287037 0.591643
vt 0.815609 0.591643
vt 0.815609 0.583309
vt 1.172781 0.583282
vt 1.172781 0.591615
vt 0.141496 0.815602
vt 0.287044 0.815602
vt 0.184405 0.591691
vt -0.172767 0.591718
vt -0.172768 0.583385
vt 0.184404 0.583357
vt 0.141496 0.184398
vt 0.141496 -0.027226
vt 0.287044 -0.172774
vt 0.287044 0.184398
vt 1.701339 0.591616
vt 1.701339 0.583282
vt 2.058511 0.583283
vt 2.058511 0.591616
vt -0.701332 1.027226
vt -0.701332 1.172775
vt -1.058504 1.172775
vt -0.912956 1.027226
vt 1.027233 0.591627
vt 0.815610 0.591643
vt 0.815609 0.583310
vt 1.027233 0.583294
vt -0.912963 0.591643
vt -1.058511 0.591643
vt -1.058511 0.583310
vt -0.912963 0.583310
vt -0.027218 0.591707
vt -0.027219 0.583374
vt 0.184404 0.583358
vt 0.184405 0.591691
vt 1.912963 0.591691
vt 1.912963 0.583358
vt 2.058511 0.583358
vt 2.058511 0.591691
vt 0.815596 0.591690
vt 0.815597 0.583357
vt 1.172768 0.583384
vt 1.172768 0.591718
vt -0.912956 0.184398
vt -1.058504 0.184398
vt -1.058504 -0.172774
vt -0.912956 -0.027225
vt 0.858511 0.591707
vt 0.858511 0.583374
vt 1.070135 0.583374
vt 1.070135 0.591707
vt 1.027219 0.591707
vt 1.027220 0.583373
vt 1.172768 0.583384
vt 1.172767 0.591718
vt 1.912963 0.591707
vt 1.701340 0.591707
vt 1.701340 0.583374
vt 1.912963 0.583374
vt -0.027218 0.591707
vt -0.172767 0.591718
vt -0.172767 0.583385
vt -0.027219 0.583374
vt -0.701340 0.591718
vt -1.058511 0.591718
vt -1.058511 0.583385
vt -0.701340 0.583385
vt -0.701333 -0.027226
vt -0.701333 -0.172774
vt -0.070135 0.591718
vt -0.070135 0.583385
vt 0.287037 0.583385
vt 0.287037 0.591718
vt -0.070128 -0.027226
vt -0.070128 -0.172774
vt 0.184391 0.591642
vt -0.172781 0.591615
vt -0.172780 0.583282
vt 0.184392 0.583309
vt -0.912956 0.815603
vt -1.058504 0.815603
vt 1.974822 0.591626
vt 1.763199 0.591626
vt 1.763199 0.583293
vt 1.974822 0.583293
vt -0.027233 0.591627
vt -0.172782 0.591616
vt -0.172781 0.583282
vt -0.027233 0.583293
vt 0.920371 0.591626
vt 0.920371 0.583293
vt 1.131994 0.583293
vt 1.131994 0.591626
vt 1.027233 0.591626
vt 1.027232 0.583293
vt 1.172780 0.583282
vt 1.172781 0.591615
vt -0.131994 0.591615
vt -0.131994 0.583282
vt 0.225178 0.583282
vt 0.225178 0.591615
vt 1.132001 1.027226
vt 1.132001 1.172774
vt 0.774829 1.172774
vt 0.920378 1.027226
vt -0.027219 0.591707
vt -0.027220 0.583373
vt 0.184404 0.583357
vt 0.184404 0.591691
vt 0.079630 0.591691
vt 0.079630 0.583357
vt 0.225178 0.583357
vt 0.225178 0.591691
vt 1.027233 0.591626
vt 0.815609 0.591642
vt 0.815609 0.583309
vt 1.027232 0.583293
vt 0.920371 0.591642
vt 0.774822 0.591643
vt 0.774822 0.583309
vt 0.920371 0.583309
vt 0.184391 0.591643
vt -0.172781 0.591616
vt -0.172781 0.583282
vt 0.184391 0.583309
vt 0.920377 0.815602
vt 0.774829 0.815602
vt 0.815595 0.591691
vt 0.815596 0.583357
vt 1.172768 0.583385
vt 1.172767 0.591718
vt 0.920377 0.184397
vt 0.774829 0.184398
vt 0.774829 -0.172774
vt 0.920377 -0.027226
vt -0.763199 0.591615
vt -1.120371 0.591615
vt -1.120371 0.583282
vt -0.763199 0.583282
vt 1.763206 1.027225
vt 1.974829 1.027225
vt 2.120378 1.172774
vt 1.763206 1.172774
vt -0.027233 0.591627
vt -0.027233 0.583293
vt 0.184391 0.583310
vt 0.184390 0.591643
vt 1.974822 0.591642
vt 1.974822 0.583309
vt 2.120370 0.583309
vt 2.120370 0.591642
vt 1.027218 0.591707
vt 0.815595 0.591691
vt 0.815596 0.583358
vt 1.027219 0.583374
vt -0.974822 0.591690
vt -1.120370 0.591690
vt -1.120370 0.583357
vt -0.974822 0.583357
vt 0.184404 0.591690
vt -0.172768 0.591717
vt -0.172768 0.583384
vt 0.184403 0.583357
vt 1.974829 0.184397
vt 1.974829 -0.027226
vt 2.120377 -0.172775
vt 2.120377 0.184397
vt 0.079630 0.591707
vt -0.131994 0.591707
vt -0.131994 0.583373
vt 0.079630 0.583373
vt -0.027219 0.591707
vt -0.172767 0.591718
vt -0.172768 0.583384
vt -0.027220 0.583373
vt -0.974822 0.591706
vt -0.974822 0.583373
vt -0.763198 0.583373
vt -0.763198 0.591706
vt 1.027218 0.591707
vt 1.027219 0.583374
vt 1.172767 0.583385
vt 1.172767 0.591718
vt 1.763198 0.591718
vt 1.763198 0.583384
vt 2.120370 0.583384
vt 2.120370 0.591717
vt 1.763206 -0.027226
vt 1.763205 -0.172775
vt 1.131994 0.591718
vt 0.774822 0.591718
vt 0.774822 0.583385
vt 1.131994 0.583384
vt 1.132001 -0.027226
vt 1.132001 -0.172774
vt 0.815609 0.591642
vt 0.815608 0.583309
vt 1.172780 0.583282
vt 1.172781 0.591615
vt 1.974829 0.815602
vt 2.120378 0.815602
vn -1.0000 0.0000 0.0000
vn 0.0000 0.0000 1.0000
vn 0.0000 0.0000 -1.0000
vn 1.0000 0.0000 0.0000
vn 0.0000 1.0000 0.0000
usemtl sandstone
s 1
f 2034/3634/359 2036/3635/359 2017/3636/359 2015/3637/359
f 2015/3638/360 2017/3639/360 2016/3640/360 2014/3641/360
f 2022/3642/359 2019/3643/359 2021/3644/359 2024/3645/359
f 2019/3646/361 2018/3647/361 2020/3648/361 2021/3649/361
f 2018/3650/362 2023/3651/362 2025/3652/362 2020/3653/362
f 2019/3654/363 2022/3655/363 2023/3656/363 2018/3657/363
f 2038/3658/361 2027/3659/361 2029/3660/361 2040/3661/361
f 2027/3662/362 2026/3663/362 2028/3664/362 2029/3665/362
f 2022/3666/361 2024/3667/361 2033/3668/361 2031/3669/361
f 2031/3670/359 2033/3671/359 2032/3672/359 2030/3673/359
f 2030/3674/360 2032/3675/360 2025/3676/360 2023/3677/360
f 2031/3678/363 2030/3679/363 2023/3656/363 2022/3655/363
f 2026/3680/360 2039/3681/360 2041/3682/360 2028/3683/360
f 2027/3684/363 2038/3685/363 2039/3686/363 2026/3687/363
f 2014/3688/362 2016/3689/362 2037/3690/362 2035/3691/362
f 2015/3692/363 2014/3693/363 2035/3694/363 2034/3695/363
f 2034/3696/360 2043/3697/360 2045/3698/360 2036/3699/360
f 2043/3700/359 2042/3701/359 2044/3702/359 2045/3703/359
f 2050/3704/360 2052/3705/360 2049/3706/360 2047/3707/360
f 2047/3708/362 2049/3709/362 2048/3710/362 2046/3711/362
f 2046/3712/361 2048/3713/361 2053/3714/361 2051/3715/361
f 2047/3716/363 2046/3717/363 2051/3718/363 2050/3719/363
f 2038/3720/362 2040/3721/362 2057/3722/362 2055/3723/362
f 2055/3724/361 2057/3725/361 2056/3726/361 2054/3727/361
f 2050/3728/362 2059/3729/362 2061/3730/362 2052/3731/362
f 2059/3732/360 2058/3733/360 2060/3734/360 2061/3735/360
f 2058/3736/359 2051/3737/359 2053/3738/359 2060/3739/359
f 2059/3740/363 2050/3719/363 2051/3718/363 2058/3741/363
f 2054/3742/359 2056/3743/359 2041/3744/359 2039/3745/359
f 2055/3746/363 2054/3747/363 2039/3686/363 2038/3685/363
f 2042/3748/361 2035/3749/361 2037/3750/361 2044/3751/361
f 2043/3752/363 2034/3695/363 2035/3694/363 2042/3753/363
f 2082/3754/359 2063/3755/359 2065/3756/359 2084/3757/359
f 2063/3758/361 2062/3759/361 2064/3760/361 2065/3761/361
f 2070/3762/359 2072/3763/359 2069/3764/359 2067/3765/359
f 2067/3766/360 2069/3767/360 2068/3768/360 2066/3769/360
f 2066/3770/362 2068/3771/362 2073/3772/362 2071/3773/362
f 2067/3774/363 2066/3775/363 2071/3776/363 2070/3777/363
f 2086/3778/360 2088/3779/360 2077/3780/360 2075/3781/360
f 2075/3782/362 2077/3783/362 2076/3784/362 2074/3785/362
f 2070/3786/360 2079/3787/360 2081/3788/360 2072/3789/360
f 2079/3790/359 2078/3791/359 2080/3792/359 2081/3793/359
f 2078/3794/361 2071/3795/361 2073/3796/361 2080/3797/361
f 2079/3798/363 2070/3777/363 2071/3776/363 2078/3799/363
f 2074/3800/361 2076/3801/361 2089/3802/361 2087/3803/361
f 2075/3804/363 2074/3805/363 2087/3806/363 2086/3807/363
f 2062/3808/362 2083/3809/362 2085/3810/362 2064/3811/362
f 2063/3812/363 2082/3813/363 2083/3814/363 2062/3815/363
f 2082/3816/361 2084/3817/361 2093/3818/361 2091/3819/361
f 2091/3820/359 2093/3821/359 2092/3822/359 2090/3823/359
f 2098/3824/361 2095/3825/361 2097/3826/361 2100/3827/361
f 2095/3828/362 2094/3829/362 2096/3830/362 2097/3831/362
f 2094/3832/360 2099/3833/360 2101/3834/360 2096/3835/360
f 2095/3836/363 2098/3837/363 2099/3838/363 2094/3839/363
f 2086/3840/362 2103/3841/362 2105/3842/362 2088/3843/362
f 2103/3844/360 2102/3845/360 2104/3846/360 2105/3847/360
f 2098/3848/362 2100/3849/362 2109/3850/362 2107/3851/362
f 2107/3852/361 2109/3853/361 2108/3854/361 2106/3855/361
f 2106/3856/359 2108/3857/359 2101/3858/359 2099/3859/359
f 2107/3860/363 2106/3861/363 2099/3838/363 2098/3837/363
f 2102/3862/359 2087/3863/359 2089/3864/359 2104/3865/359
f 2103/3866/363 2086/3807/363 2087/3806/363 2102/3867/363
f 2090/3868/360 2092/3869/360 2085/3870/360 2083/3871/360
f 2091/3872/363 2090/3873/363 2083/3814/363 2082/3813/363
o Cube.327_Cube.374
v 4.883683 7.406075 -1.500000
v 4.946891 7.476075 -1.400000
v 4.883683 7.406075 -1.400000
v 4.946891 7.476075 -1.178293
v 5.075173 5.744792 -1.350053
v 5.004756 5.744792 -1.450052
v 5.042182 7.440094 -0.981083
v 5.175387 6.137214 -0.981083
v 5.074335 7.617213 -1.178293
v 5.225287 6.140740 -1.178293
v 5.225287 6.140740 -1.108864
v 5.074335 7.617213 -1.108864
v 5.121076 5.772369 -1.178293
v 5.004756 5.744792 -1.350053
v 5.004756 5.724867 -1.350053
v 5.123895 5.744792 -1.400000
v 5.053531 5.744797 -1.500000
v 5.053531 5.744794 -1.400000
v 5.075173 5.724867 -1.350053
v 5.004756 5.724867 -1.450052
v 5.188384 6.010095 -1.108864
v 4.750640 6.474472 -0.642067
v 4.750640 7.102836 -0.642067
v 5.125387 6.137214 -0.981083
v 4.992182 7.440094 -0.981083
v 4.906451 7.291994 -0.832211
v 5.009319 6.285373 -0.832152
v 4.982398 6.424731 -0.692067
v 4.907984 7.152577 -0.692067
v 5.032398 6.424731 -0.692067
v 4.957984 7.152577 -0.692067
v 5.027313 6.474472 -0.642067
v 4.963069 7.102836 -0.642067
v 5.029186 7.567213 -1.108864
v 4.390381 7.567213 -0.825669
v 4.390381 7.417212 -0.825669
v -4.883683 7.406075 -1.500000
v -4.946891 7.476075 -1.400000
v -4.883683 7.406075 -1.400000
v -4.946891 7.476075 -1.178293
v -5.075173 5.744792 -1.350053
v -5.004756 5.744792 -1.450052
v -5.042182 7.440094 -0.981083
v -5.175387 6.137214 -0.981083
v -5.074335 7.617213 -1.178293
v -5.225287 6.140740 -1.178293
v -5.225287 6.140740 -1.108864
v -5.074335 7.617213 -1.108864
v -5.121076 5.772369 -1.178293
v -5.004756 5.744792 -1.350053
v -5.004756 5.724867 -1.350053
v -5.123895 5.744792 -1.400000
v -5.053531 5.744797 -1.500000
v -5.053531 5.744794 -1.400000
v -5.075173 5.724867 -1.350053
v -5.004756 5.724867 -1.450052
v -5.188384 6.010095 -1.108864
v -4.750640 6.474472 -0.642067
v -4.750640 7.102836 -0.642067
v -5.125387 6.137214 -0.981083
v -4.992182 7.440094 -0.981083
v -4.906451 7.291994 -0.832211
v -5.009319 6.285373 -0.832152
v -4.982398 6.424731 -0.692067
v -4.907984 7.152577 -0.692067
v -5.032398 6.424731 -0.692067
v -4.957984 7.152577 -0.692067
v -5.027313 6.474472 -0.642067
v -4.963069 7.102836 -0.642067
v -5.029186 7.567213 -1.108864
v -4.390381 7.567213 -0.825669
v -4.390381 7.417212 -0.825669
v 4.883683 7.406075 1.500000
v 4.946891 7.476075 1.400000
v 4.883683 7.406075 1.400000
v 4.946891 7.476075 1.178293
v 5.075173 5.744792 1.350053
v 5.004756 5.744792 1.450052
v 5.042182 7.440094 0.981083
v 5.175387 6.137214 0.981083
v 5.074335 7.617213 1.178293
v 5.225287 6.140740 1.178293
v 5.225287 6.140740 1.108864
v 5.074335 7.617213 1.108864
v 5.121076 5.772369 1.178293
v 5.004756 5.744792 1.350053
v 5.004756 5.724867 1.350053
v 5.123895 5.744792 1.400000
v 5.053531 5.744797 1.500000
v 5.053531 5.744794 1.400000
v 5.075173 5.724867 1.350053
v 5.004756 5.724867 1.450052
v 5.188384 6.010095 1.108864
v 4.750640 6.474472 0.642067
v 4.750640 7.102836 0.642067
v 5.125387 6.137214 0.981083
v 4.992182 7.440094 0.981083
v 4.906451 7.291994 0.832211
v 5.009319 6.285373 0.832152
v 4.982398 6.424731 0.692067
v 4.907984 7.152577 0.692067
v 5.032398 6.424731 0.692067
v 4.957984 7.152577 0.692067
v 5.027313 6.474472 0.642067
v 4.963069 7.102836 0.642067
v 5.029186 7.567213 1.108864
v 4.390381 7.567213 0.825669
v 4.390381 7.417212 0.825669
v -4.883683 7.406075 1.500000
v -4.946891 7.476075 1.400000
v -4.883683 7.406075 1.400000
v -4.946891 7.476075 1.178293
v -5.075173 5.744792 1.350053
v -5.004756 5.744792 1.450052
v -5.042182 7.440094 0.981083
v -5.175387 6.137214 0.981083
v -5.074335 7.617213 1.178293
v -5.225287 6.140740 1.178293
v -5.225287 6.140740 1.108864
v -5.074335 7.617213 1.108864
v -5.121076 5.772369 1.178293
v -5.004756 5.744792 1.350053
v -5.004756 5.724867 1.350053
v -5.123895 5.744792 1.400000
v -5.053531 5.744797 1.500000
v -5.053531 5.744794 1.400000
v -5.075173 5.724867 1.350053
v -5.004756 5.724867 1.450052
v -5.188384 6.010095 1.108864
v -4.750640 6.474472 0.642067
v -4.750640 7.102836 0.642067
v -5.125387 6.137214 0.981083
v -4.992182 7.440094 0.981083
v -4.906451 7.291994 0.832211
v -5.009319 6.285373 0.832152
v -4.982398 6.424731 0.692067
v -4.907984 7.152577 0.692067
v -5.032398 6.424731 0.692067
v -4.957984 7.152577 0.692067
v -5.027313 6.474472 0.642067
v -4.963069 7.102836 0.642067
v -5.029186 7.567213 1.108864
v -4.390381 7.567213 0.825669
v -4.390381 7.417212 0.825669
vt 0.719070 1.457402
vt 0.719070 1.734284
vt 0.702403 1.734284
vt 0.702403 1.457402
vt -0.342328 1.457402
vt -0.314041 1.734284
vt -0.324576 1.745950
vt -0.354055 1.457400
vt 1.313854 1.734408
vt 1.324387 1.746075
vt 0.297691 1.324481
vt 0.297691 -0.324482
vt 0.334642 -0.324482
vt 0.334642 1.324481
vt -0.353586 1.461997
vt -0.324576 1.745950
vt -0.345819 1.769471
vt -0.370959 1.523391
vt 0.702403 1.457400
vt 0.702403 1.745950
vt 0.665452 1.745950
vt 0.665452 1.461997
vt 0.305651 1.340363
vt 0.305651 1.332030
vt 0.632678 1.332030
vt 0.632678 1.340363
vt 0.653881 1.501617
vt 0.665452 1.523390
vt 0.653881 1.523390
vt 1.345819 1.769471
vt -0.345626 1.769600
vt -0.338102 1.761266
vt 1.338294 1.761138
vt 0.665452 1.769471
vt 0.653881 1.769471
vt 1.364807 1.501617
vt 1.370959 1.523390
vt -0.334198 1.454081
vt 1.334054 1.454208
vt 1.334053 1.457529
vt -0.334199 1.457402
vt 0.719143 1.342255
vt 0.702476 1.342255
vt 0.694152 1.334126
vt 0.710818 1.334126
vt 1.342182 1.457530
vt 1.313854 1.734408
vt -0.314041 1.734284
vt -0.342328 1.457402
vt 0.710819 -0.334126
vt 0.719144 -0.342256
vt -0.334198 1.454081
vt -0.334199 1.457402
vt -0.345935 1.457401
vt -0.345935 1.454080
vt 0.334644 1.345722
vt 0.334644 -0.345723
vt 0.346215 -0.345723
vt 0.346216 1.345722
vt 0.710745 1.454081
vt 0.710745 1.457402
vt 0.694079 1.457402
vt 0.694079 1.454081
vt 0.235810 1.353982
vt 0.244134 1.345861
vt 0.694152 1.345862
vt 0.702476 1.353982
vt 0.305556 1.522803
vt 0.284259 1.501617
vt 0.632584 1.522803
vt 0.235737 1.457400
vt 0.272688 1.461997
vt 0.694079 1.457401
vt 0.244061 1.457401
vt 0.244061 1.454080
vt 0.694079 1.454080
vt 0.330378 1.547498
vt 0.305556 1.522804
vt 0.632584 1.522804
vt 0.607762 1.547499
vt 0.653881 1.761138
vt 0.284259 1.761138
vt 0.305556 1.739952
vt 0.632584 1.739952
vt 0.632584 1.739952
vt 0.305556 1.739952
vt 0.330368 1.715270
vt 0.607772 1.715270
vt 0.367494 1.354231
vt 0.694522 1.354231
vt 0.694522 1.362564
vt 0.367494 1.362564
vt 1.362643 1.522803
vt 1.340458 1.739952
vt 1.332125 1.739952
vt 1.354309 1.522804
vt 1.324387 1.746075
vt 1.345626 1.769600
vt 0.638023 1.291773
vt 0.638023 1.337885
vt 0.424001 1.337885
vt 0.424001 1.291773
vt 0.353725 1.692034
vt 0.584414 1.692034
vt 0.584414 1.570725
vt 0.646365 1.317997
vt 0.646365 1.326330
vt 0.415676 1.326330
vt 0.415676 1.317997
vt 0.715740 1.501748
vt 0.346119 1.501748
vt 0.334547 1.462127
vt 0.727312 1.462126
vt 1.291863 1.683746
vt 1.291856 1.579018
vt 1.337968 1.579015
vt 1.327268 1.683743
vt 0.362059 1.579015
vt 0.353725 1.570725
vt 0.584414 1.570725
vt 0.576081 1.579015
vt 0.576081 1.683743
vt 0.584414 1.692033
vt 0.576171 1.327178
vt 0.362149 1.327178
vt 0.362149 1.291773
vt 0.576171 1.291773
vt 0.584496 1.338732
vt 0.353807 1.338732
vt 0.353807 1.330399
vt 0.584496 1.330399
vt -0.330481 1.570725
vt -0.318088 1.692034
vt -0.326421 1.692033
vt -0.338814 1.570725
vt -0.231634 1.761258
vt -0.231636 1.736258
vt 1.231824 1.736146
vt 1.231826 1.761146
vt 0.353725 1.692033
vt 0.362059 1.683743
vt 0.305651 -0.340365
vt 0.632679 -0.340364
vt 0.632679 -0.332031
vt 0.305651 -0.332031
vt 0.668637 1.231730
vt 0.715837 1.338197
vt 0.346215 1.338197
vt 0.393414 1.231730
vt 0.346215 -0.338198
vt 0.393414 -0.231731
vt 0.353725 1.570725
vt 0.280929 1.457530
vt 0.297596 1.457530
vt 0.297596 1.734408
vt 0.280930 1.734408
vt 1.342182 1.457530
vt 1.353910 1.457530
vt 1.353440 1.462126
vt 1.370804 1.523523
vt 0.297596 1.457530
vt 0.334547 1.746075
vt 0.297596 1.746075
vt 0.346119 1.523523
vt 0.334547 1.523523
vt 0.346119 1.769600
vt 0.334547 1.769600
vt -0.370803 1.523523
vt -0.364654 1.501748
vt 0.694152 -0.334126
vt 0.702477 -0.342256
vt 1.334054 1.454208
vt 1.345790 1.454209
vt 1.345789 1.457530
vt 1.334053 1.457529
vt 0.289254 1.454208
vt 0.305921 1.454208
vt 0.305921 1.457529
vt 0.289254 1.457529
vt 0.235810 -0.353983
vt 0.702477 -0.353983
vt 0.694152 -0.345863
vt 0.244135 -0.345863
vt 0.694443 1.522935
vt 0.367416 1.522935
vt 0.764263 1.457530
vt 0.305921 1.454209
vt 0.755938 1.454209
vt 0.755938 1.457530
vt 0.305921 1.457530
vt 0.669621 1.547626
vt 0.392238 1.547626
vt 0.367416 1.522934
vt 0.694443 1.522934
vt 0.367416 1.740080
vt 0.346119 1.761266
vt 0.392228 1.715395
vt 0.669631 1.715395
vt 0.694443 1.740079
vt 0.367416 1.740079
vt 0.367493 -0.362565
vt 0.694521 -0.362565
vt 0.694521 -0.354232
vt 0.367493 -0.354232
vt -0.362487 1.522935
vt -0.354153 1.522934
vt -0.331936 1.740079
vt -0.340269 1.740080
vt 0.694443 1.740080
vt 0.715740 1.761266
vt 0.638023 -0.291774
vt 0.424000 -0.291774
vt 0.424000 -0.337886
vt 0.638023 -0.337886
vt 0.415585 1.692159
vt 0.646274 1.692159
vt 0.415585 1.570852
vt 0.646365 -0.317998
vt 0.415676 -0.317998
vt 0.415676 -0.326331
vt 0.646365 -0.326331
vt -0.291683 1.683866
vt -0.327088 1.683869
vt -0.337803 1.579143
vt -0.291691 1.579139
vt 0.637941 1.579142
vt 0.423918 1.579143
vt 0.415585 1.570853
vt 0.646274 1.570852
vt 0.423918 1.683869
vt 0.415585 1.692159
vt 0.576172 -0.291774
vt 0.362150 -0.291774
vt 0.362150 -0.327179
vt 0.576172 -0.327179
vt 0.584497 -0.330400
vt 0.353808 -0.330400
vt 0.353808 -0.338734
vt 0.584497 -0.338734
vt 1.330318 1.570852
vt 1.338652 1.570852
vt 1.326240 1.692159
vt 1.317907 1.692158
vt 0.668637 -0.231731
vt 0.715836 -0.338198
vt 0.637941 1.683869
vt 0.646274 1.692159
vt 0.668635 1.231730
vt 0.393412 1.231730
vt 0.393412 -0.231731
vt 0.668635 -0.231731
vt 0.781023 -0.313948
vt 0.781024 1.313947
vt 0.764357 1.313947
vt 0.764357 -0.313948
vt 0.393319 1.736146
vt 0.668542 1.736146
vt 0.668542 1.761146
vt 0.393319 1.761146
vt 0.646274 1.570852
vt 0.219070 1.457402
vt 0.235737 1.457402
vt 0.235737 1.734284
vt 0.219070 1.734284
vt 1.342328 1.457402
vt 1.354055 1.457400
vt 1.324577 1.745950
vt 1.314041 1.734284
vt -0.313853 1.734408
vt -0.324387 1.746075
vt 0.727407 1.324481
vt 0.727406 -0.324482
vt 0.764358 -0.324482
vt 0.764358 1.324481
vt 1.353586 1.461997
vt 1.370959 1.523390
vt 1.345819 1.769471
vt 1.324577 1.745950
vt 0.272688 1.745950
vt 0.235736 1.745950
vt -0.345626 1.769600
vt -0.324387 1.746075
vt 0.284259 1.523390
vt 0.272688 1.523390
vt -0.338294 1.761138
vt 1.338102 1.761266
vt 1.345626 1.769600
vt -0.345819 1.769471
vt 0.284259 1.769471
vt 0.272688 1.769471
vt -0.370959 1.523391
vt -0.364807 1.501617
vt 1.334199 1.457402
vt -0.334053 1.457529
vt -0.334053 1.454208
vt 1.334199 1.454081
vt 0.219143 1.342254
vt 0.227468 1.334125
vt 0.244134 1.334125
vt 0.235810 1.342254
vt -0.342182 1.457530
vt 1.342328 1.457402
vt 1.314041 1.734284
vt -0.313853 1.734408
vt 0.219144 -0.342256
vt 0.227468 -0.334127
vt 1.334199 1.454081
vt 1.345935 1.454080
vt 1.345935 1.457401
vt 1.334199 1.457402
vt 0.715837 1.345722
vt 0.715837 -0.345723
vt 0.727408 -0.345723
vt 0.727409 1.345722
vt 0.227395 1.454081
vt 0.244061 1.454081
vt 0.244061 1.457402
vt 0.227395 1.457402
vt 1.231634 1.761258
vt -0.231826 1.761147
vt -0.231824 1.736147
vt 1.231636 1.736258
vt -0.362642 1.522804
vt -0.354309 1.522804
vt -0.332125 1.739953
vt -0.340458 1.739952
vt -0.291863 1.683746
vt -0.327268 1.683743
vt -0.337968 1.579015
vt -0.291855 1.579019
vt 1.330481 1.570725
vt 1.338814 1.570725
vt 1.326421 1.692033
vt 1.318088 1.692034
vt 0.780930 1.457530
vt 0.780930 1.734408
vt 0.764263 1.734408
vt 0.764263 1.457530
vt -0.342182 1.457530
vt -0.353910 1.457530
vt -0.353439 1.462126
vt -0.370803 1.523523
vt 0.764263 1.746075
vt 0.727312 1.746075
vt 0.727312 1.523523
vt 0.715740 1.523523
vt 0.727312 1.769600
vt 0.715740 1.769600
vt 1.364654 1.501748
vt 1.370803 1.523523
vt 0.235810 -0.342256
vt 0.244135 -0.334127
vt -0.334053 1.454208
vt -0.334053 1.457529
vt -0.345789 1.457530
vt -0.345790 1.454209
vt 0.772605 1.454208
vt 0.772605 1.457529
vt 0.755938 1.457529
vt 0.755938 1.454208
vt 1.362487 1.522935
vt 1.340270 1.740080
vt 1.331936 1.740079
vt 1.354153 1.522934
vt 1.291683 1.683866
vt 1.291691 1.579139
vt 1.337803 1.579142
vt 1.327088 1.683869
vt -0.330318 1.570852
vt -0.317907 1.692158
vt -0.326240 1.692159
vt -0.338652 1.570852
vt 0.606682 1.761258
vt 0.331459 1.761258
vt 0.331459 1.736258
vt 0.606682 1.736258
vt 0.281023 -0.313947
vt 0.297690 -0.313947
vt 0.297691 1.313947
vt 0.281024 1.313947
vn 0.9948 0.1017 0.0000
vn 0.0000 -0.0000 -1.0000
vn 0.0000 1.0000 0.0000
vn 0.0000 -1.0000 0.0000
vn 0.9938 -0.1113 -0.0003
vn 0.9989 0.0465 -0.0001
vn 0.9963 0.0857 0.0000
vn 0.9622 -0.2724 -0.0001
vn 0.0000 0.0000 1.0000
vn 0.0000 -1.0000 -0.0001
vn 1.0000 0.0000 0.0000
vn 0.9938 -0.1113 0.0003
vn 0.8862 0.4633 -0.0000
vn 0.7872 0.6167 0.0000
vn 0.8655 -0.5010 0.0000
vn 0.9529 -0.3033 0.0000
vn 0.9131 0.0933 0.3968
vn 0.9131 0.0934 0.3968
vn 0.8249 0.0843 0.5590
vn 0.9999 0.0110 0.0000
vn 0.9908 0.1013 0.0898
vn -0.9938 -0.1113 0.0003
vn -0.9938 -0.1113 -0.0003
vn -0.9622 -0.2724 -0.0001
vn -0.9622 -0.2724 0.0001
vn 0.9818 0.1897 0.0000
vn -0.9948 0.1017 0.0000
vn -0.9963 0.0857 0.0000
vn -0.9989 0.0465 -0.0001
vn -1.0000 0.0000 0.0000
vn -0.8862 0.4633 -0.0000
vn -0.7872 0.6167 0.0000
vn -0.9529 -0.3033 -0.0000
vn -0.8655 -0.5010 0.0000
vn -0.9131 0.0933 0.3968
vn -0.8249 0.0843 0.5590
vn -0.9131 0.0934 0.3968
vn -0.9999 0.0110 0.0000
vn -0.9908 0.1013 0.0898
vn -0.9818 0.1897 0.0000
vn 0.9989 0.0465 0.0001
vn 0.9622 -0.2724 0.0001
vn 0.0000 -1.0000 0.0001
vn 0.9131 0.0933 -0.3968
vn 0.8249 0.0843 -0.5590
vn 0.9131 0.0934 -0.3968
vn 0.9908 0.1013 -0.0898
vn -0.9989 0.0465 0.0001
vn -0.9131 0.0933 -0.3968
vn -0.9131 0.0934 -0.3968
vn -0.8249 0.0843 -0.5590
vn -0.9908 0.1013 -0.0898
usemtl sandstone
s 1
f 2126/3874/364 2110/3875/364 2112/3876/364 2127/3877/364
f 2127/3878/365 2112/3879/365 2111/3880/365 2125/3881/365
f 2148/3882/365 2147/3883/365 2111/3880/365 2112/3879/365
f 2111/3884/366 2147/3885/366 2149/3886/366 2113/3887/366
f 2122/3888/365 2113/3889/365 2118/3890/365 2119/3891/365
f 2125/3892/364 2111/3893/364 2113/3894/364 2122/3895/364
f 2188/3896/367 2206/3897/367 2134/3898/367 2116/3899/367
f 2130/3900/368 2119/3901/369 2120/3902/370
f 2122/3895/371 2119/3901/369 2130/3900/368
f 2121/3903/372 2157/3904/372 2179/3905/372 2143/3906/372
f 2119/3901/369 2118/3907/364 2121/3908/364 2120/3902/370
f 2143/3906/372 2130/3909/372 2120/3910/372 2121/3903/372
f 2129/3911/365 2165/3912/365 2151/3913/365 2115/3914/365
f 2126/3915/373 2127/3916/367 2123/3917/367 2115/3918/373
f 2162/3919/365 2146/3920/365 2110/3921/365 2126/3922/365
f 2115/3918/373 2151/3923/373 2162/3924/373 2126/3915/373
f 2124/3925/365 2123/3926/365 2114/3927/365 2128/3928/365
f 2118/3929/366 2154/3930/366 2157/3931/366 2121/3932/366
f 2129/3933/374 2115/3934/374 2123/3935/374 2124/3936/374
f 2197/3937/367 2186/3938/367 2114/3939/367 2125/3940/367
f 2189/3941/364 2202/3942/375 2130/3900/368 2117/3943/364
f 2127/3916/367 2125/3940/367 2114/3939/367 2123/3917/367
f 2197/3944/364 2125/3892/364 2122/3895/364 2194/3945/364
f 2114/3946/374 2186/3947/374 2200/3948/374 2128/3949/374
f 2208/3950/376 2205/3951/377 2133/3952/377 2136/3953/376
f 2143/3954/364 2215/3955/364 2188/3956/364 2116/3957/364
f 2116/3957/364 2117/3943/364 2130/3900/368 2143/3954/364
f 2134/3958/378 2206/3959/378 2207/3960/379 2135/3961/379
f 2133/3962/366 2205/3963/366 2189/3964/366 2117/3965/366
f 2117/3966/372 2116/3967/372 2134/3968/372 2133/3969/372
f 2113/3889/365 2149/3970/365 2154/3971/365 2118/3890/365
f 2203/3972/366 2213/3973/366 2141/3974/366 2131/3975/366
f 2135/3961/380 2136/3953/381 2133/3952/382 2134/3958/382
f 2207/3960/379 2210/3976/383 2138/3977/383 2135/3961/379
f 2138/3977/384 2137/3978/384 2136/3953/381 2135/3961/380
f 2210/3979/366 2212/3980/366 2140/3981/366 2138/3982/366
f 2238/3983/385 2166/3984/386 2158/3985/387 2230/3986/388
f 2132/3987/372 2131/3988/372 2141/3989/372 2142/3990/372
f 2213/3991/364 2211/3992/364 2139/3993/364 2141/3994/364
f 2142/3995/364 2141/3994/364 2139/3993/364 2140/3996/364
f 2142/3997/367 2214/3998/367 2204/3999/367 2132/4000/367
f 2139/4001/367 2211/4002/367 2209/4003/367 2137/4004/367
f 2137/4005/365 2138/4006/365 2140/4007/365 2139/4008/365
f 2180/4009/372 2181/4010/372 2145/4011/372 2144/4012/372
f 2140/3996/364 2212/4013/364 2214/4014/364 2142/3995/364
f 2224/4015/367 2152/4016/367 2170/4017/367 2242/4018/367
f 2216/4019/366 2215/4020/366 2143/4021/366 2144/4022/366
f 2143/4021/366 2179/4023/366 2180/4024/366 2144/4022/366
f 2137/3978/389 2209/4025/389 2208/3950/376 2136/3953/376
f 2162/4026/390 2163/4027/390 2148/4028/390 2146/4029/390
f 2163/4030/365 2161/4031/365 2147/3883/365 2148/3882/365
f 2158/4032/365 2155/4033/365 2154/3971/365 2149/3970/365
f 2161/4034/390 2158/3985/390 2149/4035/390 2147/4036/390
f 2166/3984/386 2156/4037/391 2155/4038/392
f 2158/3985/387 2166/3984/386 2155/4038/392
f 2155/4038/392 2156/4037/391 2157/4039/390 2154/4040/390
f 2179/3905/372 2157/3904/372 2156/4041/372 2166/4042/372
f 2162/3924/373 2151/3923/373 2159/4043/367 2163/4044/367
f 2160/4045/365 2164/4046/365 2150/4047/365 2159/4048/365
f 2165/4049/393 2160/4050/393 2159/4051/393 2151/4052/393
f 2233/4053/367 2161/4054/367 2150/4055/367 2222/4056/367
f 2225/4057/390 2153/4058/390 2166/3984/386 2238/3983/385
f 2163/4044/367 2159/4043/367 2150/4055/367 2161/4054/367
f 2233/4059/390 2230/3986/390 2158/3985/390 2161/4034/390
f 2164/4060/393 2236/4061/393 2222/4062/393 2150/4063/393
f 2244/4064/394 2172/4065/394 2169/4066/395 2241/4067/395
f 2152/4068/390 2179/4069/390 2166/3984/386 2153/4058/390
f 2171/4070/396 2243/4071/396 2242/4072/397 2170/4073/397
f 2153/4074/366 2225/4075/366 2241/4076/366 2169/4077/366
f 2153/4078/372 2169/4079/372 2170/4080/372 2152/4081/372
f 2152/4068/390 2224/4082/390 2251/4083/390 2179/4069/390
f 2239/4084/366 2167/4085/366 2177/4086/366 2249/4087/366
f 2171/4070/398 2170/4073/399 2169/4066/399 2172/4065/400
f 2243/4071/396 2171/4070/396 2174/4088/401 2246/4089/401
f 2174/4088/402 2171/4070/398 2172/4065/400 2173/4090/402
f 2246/4091/366 2174/4092/366 2176/4093/366 2248/4094/366
f 2168/4095/372 2178/4096/372 2177/4097/372 2167/4098/372
f 2249/4099/390 2177/4100/390 2175/4101/390 2247/4102/390
f 2178/4103/390 2176/4104/390 2175/4101/390 2177/4100/390
f 2168/4105/367 2240/4106/367 2250/4107/367 2178/4108/367
f 2173/4109/367 2245/4110/367 2247/4111/367 2175/4112/367
f 2173/4113/365 2175/4114/365 2176/4115/365 2174/4116/365
f 2252/4117/366 2180/4024/366 2179/4023/366 2251/4118/366
f 2178/4103/390 2250/4119/390 2248/4120/390 2176/4104/390
f 2217/4121/366 2145/4122/366 2181/4123/366 2253/4124/366
f 2218/4125/366 2182/4126/366 2184/4127/366 2220/4128/366
f 2145/4129/393 2217/4130/393 2216/4131/393 2144/4132/393
f 2172/4065/394 2244/4064/394 2245/4133/403 2173/4090/403
f 2198/4134/364 2199/4135/364 2184/4136/364 2182/4137/364
f 2199/4138/372 2197/4139/372 2183/4140/372 2184/4141/372
f 2220/4142/372 2184/4141/372 2183/4140/372 2219/4143/372
f 2185/4144/366 2221/4145/366 2219/4146/366 2183/4147/366
f 2194/4148/372 2191/4149/372 2190/4150/372 2185/4151/372
f 2197/3944/364 2194/3945/364 2185/4152/364 2183/4153/364
f 2190/4150/372 2226/4154/372 2221/4155/372 2185/4151/372
f 2202/3942/375 2192/4156/370 2191/4157/404
f 2194/3945/405 2202/3942/375 2191/4157/404
f 2215/4158/365 2251/4159/365 2229/4160/365 2193/4161/365
f 2191/4157/404 2192/4156/370 2193/4162/364 2190/4163/364
f 2215/4158/365 2193/4161/365 2192/4164/365 2202/4165/365
f 2187/4166/372 2223/4167/372 2237/4168/372 2201/4169/372
f 2198/4170/406 2187/4171/406 2195/4172/367 2199/4173/367
f 2234/4174/372 2198/4175/372 2182/4176/372 2218/4177/372
f 2198/4170/406 2234/4178/406 2223/4179/406 2187/4171/406
f 2196/4180/372 2200/4181/372 2186/4182/372 2195/4183/372
f 2193/4184/366 2229/4185/366 2226/4186/366 2190/4187/366
f 2201/4188/374 2196/4189/374 2195/4190/374 2187/4191/374
f 2199/4173/367 2195/4172/367 2186/3938/367 2197/3937/367
f 2252/4192/365 2216/4193/365 2217/4194/365 2253/4195/365
f 2188/3956/364 2215/3955/364 2202/3942/375 2189/3941/364
f 2189/4196/365 2205/4197/365 2206/4198/365 2188/4199/365
f 2207/3960/407 2206/3959/408 2205/3951/408 2208/3950/409
f 2210/3976/410 2207/3960/407 2208/3950/409 2209/4025/410
f 2204/4200/365 2214/4201/365 2213/4202/365 2203/4203/365
f 2214/4014/364 2212/4013/364 2211/3992/364 2213/3991/364
f 2209/4204/372 2211/4205/372 2212/4206/372 2210/4207/372
f 2202/3942/375 2194/3945/405 2122/3895/371 2130/3900/368
f 2216/4019/366 2252/4117/366 2251/4118/366 2215/4020/366
f 2234/4208/390 2218/4209/390 2220/4210/390 2235/4211/390
f 2235/4212/372 2220/4142/372 2219/4143/372 2233/4213/372
f 2230/4214/372 2221/4155/372 2226/4154/372 2227/4215/372
f 2233/4059/390 2219/4216/390 2221/4217/390 2230/3986/390
f 2238/3983/385 2227/4218/411 2228/4219/391
f 2230/3986/388 2227/4218/411 2238/3983/385
f 2227/4218/411 2226/4220/390 2229/4221/390 2228/4219/391
f 2251/4159/365 2238/4222/365 2228/4223/365 2229/4160/365
f 2234/4178/406 2235/4224/367 2231/4225/367 2223/4179/406
f 2232/4226/372 2231/4227/372 2222/4228/372 2236/4229/372
f 2237/4230/393 2223/4231/393 2231/4232/393 2232/4233/393
f 2235/4224/367 2233/4053/367 2222/4056/367 2231/4225/367
f 2224/4082/390 2225/4057/390 2238/3983/385 2251/4083/390
f 2225/4234/365 2224/4235/365 2242/4236/365 2241/4237/365
f 2243/4071/412 2244/4064/413 2241/4067/414 2242/4072/414
f 2246/4089/415 2245/4133/415 2244/4064/413 2243/4071/412
f 2240/4238/365 2239/4239/365 2249/4240/365 2250/4241/365
f 2250/4119/390 2249/4099/390 2247/4102/390 2248/4120/390
f 2245/4242/372 2246/4243/372 2248/4244/372 2247/4245/372
f 2180/4246/374 2252/4247/374 2253/4248/374 2181/4249/374
f 2146/4250/366 2148/4251/366 2112/4252/366 2110/4253/366
