# Blender v3.5.0 OBJ File: 'Enterables_egypt_atrium_01.blend'
# www.blender.org
mtllib LOD2_egypt_atrium_007.mtl
o Cube.483_Cube.582
v 17.500000 6.739159 -13.750000
v 18.437489 6.739159 -13.750000
v 17.968744 6.739159 -14.561890
v 17.968744 6.739159 -12.938110
v 17.031256 6.739159 -14.561890
v 17.500000 6.739159 -12.812510
v 17.500000 6.739159 -14.687490
v 18.311890 6.739159 -13.281256
v 16.688110 6.739159 -13.281256
v 16.562511 6.739159 -13.750000
v 18.311890 6.739159 -14.218744
v 17.031256 6.739159 -12.938110
v 16.688110 6.739159 -14.218744
v 18.432159 6.635069 -13.750000
v 17.966080 6.635069 -14.557273
v 17.966080 6.635069 -12.942727
v 17.033920 6.635069 -14.557273
v 17.500000 6.635069 -12.817842
v 17.500000 6.635069 -14.682158
v 18.307274 6.635069 -13.283920
v 16.692726 6.635069 -13.283920
v 16.567841 6.635069 -13.750000
v 18.307274 6.635069 -14.216080
v 17.033920 6.635069 -12.942727
v 16.692726 6.635069 -14.216080
v 18.024357 6.170309 -14.052737
v 17.500000 6.170309 -14.355475
v 16.894526 6.170309 -13.750000
v 16.975643 6.170309 -13.447263
v 18.024357 6.170309 -13.447263
v 17.197262 6.170309 -13.225643
v 16.975643 6.170309 -14.052737
v 17.197262 6.170309 -14.274357
v 17.500000 6.170309 -13.144525
v 17.802738 6.170309 -13.225643
v 18.105474 6.170309 -13.750000
v 17.802738 6.170309 -14.274357
v 17.500000 6.739159 -13.144525
v 17.802738 6.739159 -13.225643
v 17.197262 6.739159 -14.274357
v 18.105474 6.739159 -13.750000
v 16.975643 6.739159 -14.052737
v 17.197262 6.739159 -13.225643
v 18.024357 6.739159 -13.447263
v 18.024357 6.739159 -14.052737
v 17.802738 6.739159 -14.274357
v 16.975643 6.739159 -13.447263
v 16.894526 6.739159 -13.750000
v 17.500000 6.739159 -14.355475
v 17.197262 7.113807 -14.274357
v 16.975643 7.113807 -14.052737
v 16.894526 7.113807 -13.750000
v 16.975643 7.113807 -13.447263
v 17.197262 7.113807 -13.225643
v 17.500000 7.113807 -13.144525
v 17.802738 7.113807 -13.225643
v 18.024357 7.113807 -13.447263
v 18.105474 7.113807 -13.750000
v 18.024357 7.113807 -14.052737
v 17.802738 7.113807 -14.274357
v 17.500000 7.113807 -14.355475
v 17.500000 1.229868 -14.356918
v 17.803459 1.229868 -14.275606
v 18.025606 1.229868 -14.053459
v 18.106918 1.229868 -13.750000
v 18.025606 1.229868 -13.446541
v 17.803459 1.229868 -13.224394
v 17.500000 1.229868 -13.143082
v 17.196541 1.229868 -13.224394
v 16.974394 1.229868 -13.446541
v 16.893082 1.229868 -13.750000
v 16.974394 1.229868 -14.053459
v 17.196541 1.229868 -14.275606
v 12.500000 6.739159 -13.750000
v 13.437489 6.739159 -13.750000
v 12.968744 6.739159 -14.561890
v 12.968744 6.739159 -12.938110
v 12.031256 6.739159 -14.561890
v 12.500000 6.739159 -12.812510
v 12.500000 6.739159 -14.687490
v 13.311890 6.739159 -13.281256
v 11.688110 6.739159 -13.281256
v 11.562511 6.739159 -13.750000
v 13.311890 6.739159 -14.218744
v 12.031256 6.739159 -12.938110
v 11.688110 6.739159 -14.218744
v 13.432159 6.635069 -13.750000
v 12.966080 6.635069 -14.557273
v 12.966080 6.635069 -12.942727
v 12.033920 6.635069 -14.557273
v 12.500000 6.635069 -12.817842
v 12.500000 6.635069 -14.682158
v 13.307274 6.635069 -13.283920
v 11.692726 6.635069 -13.283920
v 11.567841 6.635069 -13.750000
v 13.307274 6.635069 -14.216080
v 12.033920 6.635069 -12.942727
v 11.692726 6.635069 -14.216080
v 13.024357 6.170309 -14.052737
v 12.500000 6.170309 -14.355475
v 11.894526 6.170309 -13.750000
v 11.975643 6.170309 -13.447263
v 13.024357 6.170309 -13.447263
v 12.197262 6.170309 -13.225643
v 11.975643 6.170309 -14.052737
v 12.197262 6.170309 -14.274357
v 12.500000 6.170309 -13.144525
v 12.802738 6.170309 -13.225643
v 13.105474 6.170309 -13.750000
v 12.802738 6.170309 -14.274357
v 12.500000 6.739159 -13.144525
v 12.802738 6.739159 -13.225643
v 12.197262 6.739159 -14.274357
v 13.105474 6.739159 -13.750000
v 11.975643 6.739159 -14.052737
v 12.197262 6.739159 -13.225643
v 13.024357 6.739159 -13.447263
v 13.024357 6.739159 -14.052737
v 12.802738 6.739159 -14.274357
v 11.975643 6.739159 -13.447263
v 11.894526 6.739159 -13.750000
v 12.500000 6.739159 -14.355475
v 12.197262 7.113807 -14.274357
v 11.975643 7.113807 -14.052737
v 11.894526 7.113807 -13.750000
v 11.975643 7.113807 -13.447263
v 12.197262 7.113807 -13.225643
v 12.500000 7.113807 -13.144525
v 12.802738 7.113807 -13.225643
v 13.024357 7.113807 -13.447263
v 13.105474 7.113807 -13.750000
v 13.024357 7.113807 -14.052737
v 12.802738 7.113807 -14.274357
v 12.500000 7.113807 -14.355475
v 12.500000 1.229868 -14.356918
v 12.803459 1.229868 -14.275606
v 13.025606 1.229868 -14.053459
v 13.106918 1.229868 -13.750000
v 13.025606 1.229868 -13.446541
v 12.803459 1.229868 -13.224394
v 12.500000 1.229868 -13.143082
v 12.196541 1.229868 -13.224394
v 11.974394 1.229868 -13.446541
v 11.893082 1.229868 -13.750000
v 11.974394 1.229868 -14.053459
v 12.196541 1.229868 -14.275606
v 2.500000 6.739159 -13.750000
v 3.437489 6.739159 -13.750000
v 2.968744 6.739159 -14.561890
v 2.968744 6.739159 -12.938110
v 2.031256 6.739159 -14.561890
v 2.500000 6.739159 -12.812510
v 2.500000 6.739159 -14.687490
v 3.311890 6.739159 -13.281256
v 1.688110 6.739159 -13.281256
v 1.562511 6.739159 -13.750000
v 3.311890 6.739159 -14.218744
v 2.031256 6.739159 -12.938110
v 1.688110 6.739159 -14.218744
v 3.432159 6.635069 -13.750000
v 2.966080 6.635069 -14.557273
v 2.966080 6.635069 -12.942727
v 2.033920 6.635069 -14.557273
v 2.500000 6.635069 -12.817842
v 2.500000 6.635069 -14.682158
v 3.307274 6.635069 -13.283920
v 1.692726 6.635069 -13.283920
v 1.567841 6.635069 -13.750000
v 3.307274 6.635069 -14.216080
v 2.033920 6.635069 -12.942727
v 1.692726 6.635069 -14.216080
v 3.024357 6.170309 -14.052737
v 2.500000 6.170309 -14.355475
v 1.894526 6.170309 -13.750000
v 1.975643 6.170309 -13.447263
v 3.024357 6.170309 -13.447263
v 2.197262 6.170309 -13.225643
v 1.975643 6.170309 -14.052737
v 2.197262 6.170309 -14.274357
v 2.500000 6.170309 -13.144525
v 2.802738 6.170309 -13.225643
v 3.105474 6.170309 -13.750000
v 2.802738 6.170309 -14.274357
v 2.500000 6.739159 -13.144525
v 2.802738 6.739159 -13.225643
v 2.197262 6.739159 -14.274357
v 3.105474 6.739159 -13.750000
v 1.975643 6.739159 -14.052737
v 2.197262 6.739159 -13.225643
v 3.024357 6.739159 -13.447263
v 3.024357 6.739159 -14.052737
v 2.802738 6.739159 -14.274357
v 1.975643 6.739159 -13.447263
v 1.894526 6.739159 -13.750000
v 2.500000 6.739159 -14.355475
v 2.197262 7.113807 -14.274357
v 1.975643 7.113807 -14.052737
v 1.894526 7.113807 -13.750000
v 1.975643 7.113807 -13.447263
v 2.197262 7.113807 -13.225643
v 2.500000 7.113807 -13.144525
v 2.802738 7.113807 -13.225643
v 3.024357 7.113807 -13.447263
v 3.105474 7.113807 -13.750000
v 3.024357 7.113807 -14.052737
v 2.802738 7.113807 -14.274357
v 2.500000 7.113807 -14.355475
v 2.500000 1.229868 -14.356918
v 2.803459 1.229868 -14.275606
v 3.025606 1.229868 -14.053459
v 3.106918 1.229868 -13.750000
v 3.025606 1.229868 -13.446541
v 2.803459 1.229868 -13.224394
v 2.500000 1.229868 -13.143082
v 2.196541 1.229868 -13.224394
v 1.974394 1.229868 -13.446541
v 1.893082 1.229868 -13.750000
v 1.974394 1.229868 -14.053459
v 2.196541 1.229868 -14.275606
v 17.500000 6.739159 -9.750000
v 18.437489 6.739159 -9.750000
v 17.968744 6.739159 -10.561890
v 17.968744 6.739159 -8.938110
v 17.031256 6.739159 -10.561890
v 17.500000 6.739159 -8.812510
v 17.500000 6.739159 -10.687490
v 18.311890 6.739159 -9.281256
v 16.688110 6.739159 -9.281256
v 16.562511 6.739159 -9.750000
v 18.311890 6.739159 -10.218744
v 17.031256 6.739159 -8.938110
v 16.688110 6.739159 -10.218744
v 18.432159 6.635069 -9.750000
v 17.966080 6.635069 -10.557273
v 17.966080 6.635069 -8.942727
v 17.033920 6.635069 -10.557273
v 17.500000 6.635069 -8.817842
v 17.500000 6.635069 -10.682158
v 18.307274 6.635069 -9.283920
v 16.692726 6.635069 -9.283920
v 16.567841 6.635069 -9.750000
v 18.307274 6.635069 -10.216080
v 17.033920 6.635069 -8.942727
v 16.692726 6.635069 -10.216080
v 18.024357 6.170309 -10.052737
v 17.500000 6.170309 -10.355475
v 16.894526 6.170309 -9.750000
v 16.975643 6.170309 -9.447263
v 18.024357 6.170309 -9.447263
v 17.197262 6.170309 -9.225643
v 16.975643 6.170309 -10.052737
v 17.197262 6.170309 -10.274357
v 17.500000 6.170309 -9.144525
v 17.802738 6.170309 -9.225643
v 18.105474 6.170309 -9.750000
v 17.802738 6.170309 -10.274357
v 17.500000 6.739159 -9.144525
v 17.802738 6.739159 -9.225643
v 17.197262 6.739159 -10.274357
v 18.105474 6.739159 -9.750000
v 16.975643 6.739159 -10.052737
v 17.197262 6.739159 -9.225643
v 18.024357 6.739159 -9.447263
v 18.024357 6.739159 -10.052737
v 17.802738 6.739159 -10.274357
v 16.975643 6.739159 -9.447263
v 16.894526 6.739159 -9.750000
v 17.500000 6.739159 -10.355475
v 17.197262 7.113807 -10.274357
v 16.975643 7.113807 -10.052737
v 16.894526 7.113807 -9.750000
v 16.975643 7.113807 -9.447263
v 17.197262 7.113807 -9.225643
v 17.500000 7.113807 -9.144525
v 17.802738 7.113807 -9.225643
v 18.024357 7.113807 -9.447263
v 18.105474 7.113807 -9.750000
v 18.024357 7.113807 -10.052737
v 17.802738 7.113807 -10.274357
v 17.500000 7.113807 -10.355475
v 17.500000 1.229868 -10.356918
v 17.803459 1.229868 -10.275606
v 18.025606 1.229868 -10.053459
v 18.106918 1.229868 -9.750000
v 18.025606 1.229868 -9.446541
v 17.803459 1.229868 -9.224394
v 17.500000 1.229868 -9.143082
v 17.196541 1.229868 -9.224394
v 16.974394 1.229868 -9.446541
v 16.893082 1.229868 -9.750000
v 16.974394 1.229868 -10.053459
v 17.196541 1.229868 -10.275606
v 12.500000 6.739159 -9.750000
v 13.437489 6.739159 -9.750000
v 12.968744 6.739159 -10.561890
v 12.968744 6.739159 -8.938110
v 12.031256 6.739159 -10.561890
v 12.500000 6.739159 -8.812510
v 12.500000 6.739159 -10.687490
v 13.311890 6.739159 -9.281256
v 11.688110 6.739159 -9.281256
v 11.562511 6.739159 -9.750000
v 13.311890 6.739159 -10.218744
v 12.031256 6.739159 -8.938110
v 11.688110 6.739159 -10.218744
v 13.432159 6.635069 -9.750000
v 12.966080 6.635069 -10.557273
v 12.966080 6.635069 -8.942727
v 12.033920 6.635069 -10.557273
v 12.500000 6.635069 -8.817842
v 12.500000 6.635069 -10.682158
v 13.307274 6.635069 -9.283920
v 11.692726 6.635069 -9.283920
v 11.567841 6.635069 -9.750000
v 13.307274 6.635069 -10.216080
v 12.033920 6.635069 -8.942727
v 11.692726 6.635069 -10.216080
v 13.024357 6.170309 -10.052737
v 12.500000 6.170309 -10.355475
v 11.894526 6.170309 -9.750000
v 11.975643 6.170309 -9.447263
v 13.024357 6.170309 -9.447263
v 12.197262 6.170309 -9.225643
v 11.975643 6.170309 -10.052737
v 12.197262 6.170309 -10.274357
v 12.500000 6.170309 -9.144525
v 12.802738 6.170309 -9.225643
v 13.105474 6.170309 -9.750000
v 12.802738 6.170309 -10.274357
v 12.500000 6.739159 -9.144525
v 12.802738 6.739159 -9.225643
v 12.197262 6.739159 -10.274357
v 13.105474 6.739159 -9.750000
v 11.975643 6.739159 -10.052737
v 12.197262 6.739159 -9.225643
v 13.024357 6.739159 -9.447263
v 13.024357 6.739159 -10.052737
v 12.802738 6.739159 -10.274357
v 11.975643 6.739159 -9.447263
v 11.894526 6.739159 -9.750000
v 12.500000 6.739159 -10.355475
v 12.197262 7.113807 -10.274357
v 11.975643 7.113807 -10.052737
v 11.894526 7.113807 -9.750000
v 11.975643 7.113807 -9.447263
v 12.197262 7.113807 -9.225643
v 12.500000 7.113807 -9.144525
v 12.802738 7.113807 -9.225643
v 13.024357 7.113807 -9.447263
v 13.105474 7.113807 -9.750000
v 13.024357 7.113807 -10.052737
v 12.802738 7.113807 -10.274357
v 12.500000 7.113807 -10.355475
v 12.500000 1.229868 -10.356918
v 12.803459 1.229868 -10.275606
v 13.025606 1.229868 -10.053459
v 13.106918 1.229868 -9.750000
v 13.025606 1.229868 -9.446541
v 12.803459 1.229868 -9.224394
v 12.500000 1.229868 -9.143082
v 12.196541 1.229868 -9.224394
v 11.974394 1.229868 -9.446541
v 11.893082 1.229868 -9.750000
v 11.974394 1.229868 -10.053459
v 12.196541 1.229868 -10.275606
v 2.500000 6.739159 -9.750000
v 3.437489 6.739159 -9.750000
v 2.968744 6.739159 -10.561890
v 2.968744 6.739159 -8.938110
v 2.031256 6.739159 -10.561890
v 2.500000 6.739159 -8.812510
v 2.500000 6.739159 -10.687490
v 3.311890 6.739159 -9.281256
v 1.688110 6.739159 -9.281256
v 1.562511 6.739159 -9.750000
v 3.311890 6.739159 -10.218744
v 2.031256 6.739159 -8.938110
v 1.688110 6.739159 -10.218744
v 3.432159 6.635069 -9.750000
v 2.966080 6.635069 -10.557273
v 2.966080 6.635069 -8.942727
v 2.033920 6.635069 -10.557273
v 2.500000 6.635069 -8.817842
v 2.500000 6.635069 -10.682158
v 3.307274 6.635069 -9.283920
v 1.692726 6.635069 -9.283920
v 1.567841 6.635069 -9.750000
v 3.307274 6.635069 -10.216080
v 2.033920 6.635069 -8.942727
v 1.692726 6.635069 -10.216080
v 3.024357 6.170309 -10.052737
v 2.500000 6.170309 -10.355475
v 1.894526 6.170309 -9.750000
v 1.975643 6.170309 -9.447263
v 3.024357 6.170309 -9.447263
v 2.197262 6.170309 -9.225643
v 1.975643 6.170309 -10.052737
v 2.197262 6.170309 -10.274357
v 2.500000 6.170309 -9.144525
v 2.802738 6.170309 -9.225643
v 3.105474 6.170309 -9.750000
v 2.802738 6.170309 -10.274357
v 2.500000 6.739159 -9.144525
v 2.802738 6.739159 -9.225643
v 2.197262 6.739159 -10.274357
v 3.105474 6.739159 -9.750000
v 1.975643 6.739159 -10.052737
v 2.197262 6.739159 -9.225643
v 3.024357 6.739159 -9.447263
v 3.024357 6.739159 -10.052737
v 2.802738 6.739159 -10.274357
v 1.975643 6.739159 -9.447263
v 1.894526 6.739159 -9.750000
v 2.500000 6.739159 -10.355475
v 2.197262 7.113807 -10.274357
v 1.975643 7.113807 -10.052737
v 1.894526 7.113807 -9.750000
v 1.975643 7.113807 -9.447263
v 2.197262 7.113807 -9.225643
v 2.500000 7.113807 -9.144525
v 2.802738 7.113807 -9.225643
v 3.024357 7.113807 -9.447263
v 3.105474 7.113807 -9.750000
v 3.024357 7.113807 -10.052737
v 2.802738 7.113807 -10.274357
v 2.500000 7.113807 -10.355475
v 2.500000 1.229868 -10.356918
v 2.803459 1.229868 -10.275606
v 3.025606 1.229868 -10.053459
v 3.106918 1.229868 -9.750000
v 3.025606 1.229868 -9.446541
v 2.803459 1.229868 -9.224394
v 2.500000 1.229868 -9.143082
v 2.196541 1.229868 -9.224394
v 1.974394 1.229868 -9.446541
v 1.893082 1.229868 -9.750000
v 1.974394 1.229868 -10.053459
v 2.196541 1.229868 -10.275606
v -17.500000 6.739159 -13.750000
v -18.437489 6.739159 -13.750000
v -17.968744 6.739159 -14.561890
v -17.968744 6.739159 -12.938110
v -17.031256 6.739159 -14.561890
v -17.500000 6.739159 -12.812510
v -17.500000 6.739159 -14.687490
v -18.311890 6.739159 -13.281256
v -16.688110 6.739159 -13.281256
v -16.562511 6.739159 -13.750000
v -18.311890 6.739159 -14.218744
v -17.031256 6.739159 -12.938110
v -16.688110 6.739159 -14.218744
v -18.432159 6.635069 -13.750000
v -17.966080 6.635069 -14.557273
v -17.966080 6.635069 -12.942727
v -17.033920 6.635069 -14.557273
v -17.500000 6.635069 -12.817842
v -17.500000 6.635069 -14.682158
v -18.307274 6.635069 -13.283920
v -16.692726 6.635069 -13.283920
v -16.567841 6.635069 -13.750000
v -18.307274 6.635069 -14.216080
v -17.033920 6.635069 -12.942727
v -16.692726 6.635069 -14.216080
v -18.024357 6.170309 -14.052737
v -17.500000 6.170309 -14.355475
v -16.894526 6.170309 -13.750000
v -16.975643 6.170309 -13.447263
v -18.024357 6.170309 -13.447263
v -17.197262 6.170309 -13.225643
v -16.975643 6.170309 -14.052737
v -17.197262 6.170309 -14.274357
v -17.500000 6.170309 -13.144525
v -17.802738 6.170309 -13.225643
v -18.105474 6.170309 -13.750000
v -17.802738 6.170309 -14.274357
v -17.500000 6.739159 -13.144525
v -17.802738 6.739159 -13.225643
v -17.197262 6.739159 -14.274357
v -18.105474 6.739159 -13.750000
v -16.975643 6.739159 -14.052737
v -17.197262 6.739159 -13.225643
v -18.024357 6.739159 -13.447263
v -18.024357 6.739159 -14.052737
v -17.802738 6.739159 -14.274357
v -16.975643 6.739159 -13.447263
v -16.894526 6.739159 -13.750000
v -17.500000 6.739159 -14.355475
v -17.197262 7.113807 -14.274357
v -16.975643 7.113807 -14.052737
v -16.894526 7.113807 -13.750000
v -16.975643 7.113807 -13.447263
v -17.197262 7.113807 -13.225643
v -17.500000 7.113807 -13.144525
v -17.802738 7.113807 -13.225643
v -18.024357 7.113807 -13.447263
v -18.105474 7.113807 -13.750000
v -18.024357 7.113807 -14.052737
v -17.802738 7.113807 -14.274357
v -17.500000 7.113807 -14.355475
v -17.500000 1.229868 -14.356918
v -17.803459 1.229868 -14.275606
v -18.025606 1.229868 -14.053459
v -18.106918 1.229868 -13.750000
v -18.025606 1.229868 -13.446541
v -17.803459 1.229868 -13.224394
v -17.500000 1.229868 -13.143082
v -17.196541 1.229868 -13.224394
v -16.974394 1.229868 -13.446541
v -16.893082 1.229868 -13.750000
v -16.974394 1.229868 -14.053459
v -17.196541 1.229868 -14.275606
v -12.500000 6.739159 -13.750000
v -13.437489 6.739159 -13.750000
v -12.968744 6.739159 -14.561890
v -12.968744 6.739159 -12.938110
v -12.031256 6.739159 -14.561890
v -12.500000 6.739159 -12.812510
v -12.500000 6.739159 -14.687490
v -13.311890 6.739159 -13.281256
v -11.688110 6.739159 -13.281256
v -11.562511 6.739159 -13.750000
v -13.311890 6.739159 -14.218744
v -12.031256 6.739159 -12.938110
v -11.688110 6.739159 -14.218744
v -13.432159 6.635069 -13.750000
v -12.966080 6.635069 -14.557273
v -12.966080 6.635069 -12.942727
v -12.033920 6.635069 -14.557273
v -12.500000 6.635069 -12.817842
v -12.500000 6.635069 -14.682158
v -13.307274 6.635069 -13.283920
v -11.692726 6.635069 -13.283920
v -11.567841 6.635069 -13.750000
v -13.307274 6.635069 -14.216080
v -12.033920 6.635069 -12.942727
v -11.692726 6.635069 -14.216080
v -13.024357 6.170309 -14.052737
v -12.500000 6.170309 -14.355475
v -11.894526 6.170309 -13.750000
v -11.975643 6.170309 -13.447263
v -13.024357 6.170309 -13.447263
v -12.197262 6.170309 -13.225643
v -11.975643 6.170309 -14.052737
v -12.197262 6.170309 -14.274357
v -12.500000 6.170309 -13.144525
v -12.802738 6.170309 -13.225643
v -13.105474 6.170309 -13.750000
v -12.802738 6.170309 -14.274357
v -12.500000 6.739159 -13.144525
v -12.802738 6.739159 -13.225643
v -12.197262 6.739159 -14.274357
v -13.105474 6.739159 -13.750000
v -11.975643 6.739159 -14.052737
v -12.197262 6.739159 -13.225643
v -13.024357 6.739159 -13.447263
v -13.024357 6.739159 -14.052737
v -12.802738 6.739159 -14.274357
v -11.975643 6.739159 -13.447263
v -11.894526 6.739159 -13.750000
v -12.500000 6.739159 -14.355475
v -12.197262 7.113807 -14.274357
v -11.975643 7.113807 -14.052737
v -11.894526 7.113807 -13.750000
v -11.975643 7.113807 -13.447263
v -12.197262 7.113807 -13.225643
v -12.500000 7.113807 -13.144525
v -12.802738 7.113807 -13.225643
v -13.024357 7.113807 -13.447263
v -13.105474 7.113807 -13.750000
v -13.024357 7.113807 -14.052737
v -12.802738 7.113807 -14.274357
v -12.500000 7.113807 -14.355475
v -12.500000 1.229868 -14.356918
v -12.803459 1.229868 -14.275606
v -13.025606 1.229868 -14.053459
v -13.106918 1.229868 -13.750000
v -13.025606 1.229868 -13.446541
v -12.803459 1.229868 -13.224394
v -12.500000 1.229868 -13.143082
v -12.196541 1.229868 -13.224394
v -11.974394 1.229868 -13.446541
v -11.893082 1.229868 -13.750000
v -11.974394 1.229868 -14.053459
v -12.196541 1.229868 -14.275606
v -2.500000 6.739159 -13.750000
v -3.437489 6.739159 -13.750000
v -2.968744 6.739159 -14.561890
v -2.968744 6.739159 -12.938110
v -2.031256 6.739159 -14.561890
v -2.500000 6.739159 -12.812510
v -2.500000 6.739159 -14.687490
v -3.311890 6.739159 -13.281256
v -1.688110 6.739159 -13.281256
v -1.562511 6.739159 -13.750000
v -3.311890 6.739159 -14.218744
v -2.031256 6.739159 -12.938110
v -1.688110 6.739159 -14.218744
v -3.432159 6.635069 -13.750000
v -2.966080 6.635069 -14.557273
v -2.966080 6.635069 -12.942727
v -2.033920 6.635069 -14.557273
v -2.500000 6.635069 -12.817842
v -2.500000 6.635069 -14.682158
v -3.307274 6.635069 -13.283920
v -1.692726 6.635069 -13.283920
v -1.567841 6.635069 -13.750000
v -3.307274 6.635069 -14.216080
v -2.033920 6.635069 -12.942727
v -1.692726 6.635069 -14.216080
v -3.024357 6.170309 -14.052737
v -2.500000 6.170309 -14.355475
v -1.894526 6.170309 -13.750000
v -1.975643 6.170309 -13.447263
v -3.024357 6.170309 -13.447263
v -2.197262 6.170309 -13.225643
v -1.975643 6.170309 -14.052737
v -2.197262 6.170309 -14.274357
v -2.500000 6.170309 -13.144525
v -2.802738 6.170309 -13.225643
v -3.105474 6.170309 -13.750000
v -2.802738 6.170309 -14.274357
v -2.500000 6.739159 -13.144525
v -2.802738 6.739159 -13.225643
v -2.197262 6.739159 -14.274357
v -3.105474 6.739159 -13.750000
v -1.975643 6.739159 -14.052737
v -2.197262 6.739159 -13.225643
v -3.024357 6.739159 -13.447263
v -3.024357 6.739159 -14.052737
v -2.802738 6.739159 -14.274357
v -1.975643 6.739159 -13.447263
v -1.894526 6.739159 -13.750000
v -2.500000 6.739159 -14.355475
v -2.197262 7.113807 -14.274357
v -1.975643 7.113807 -14.052737
v -1.894526 7.113807 -13.750000
v -1.975643 7.113807 -13.447263
v -2.197262 7.113807 -13.225643
v -2.500000 7.113807 -13.144525
v -2.802738 7.113807 -13.225643
v -3.024357 7.113807 -13.447263
v -3.105474 7.113807 -13.750000
v -3.024357 7.113807 -14.052737
v -2.802738 7.113807 -14.274357
v -2.500000 7.113807 -14.355475
v -2.500000 1.229868 -14.356918
v -2.803459 1.229868 -14.275606
v -3.025606 1.229868 -14.053459
v -3.106918 1.229868 -13.750000
v -3.025606 1.229868 -13.446541
v -2.803459 1.229868 -13.224394
v -2.500000 1.229868 -13.143082
v -2.196541 1.229868 -13.224394
v -1.974394 1.229868 -13.446541
v -1.893082 1.229868 -13.750000
v -1.974394 1.229868 -14.053459
v -2.196541 1.229868 -14.275606
v -17.500000 6.739159 -9.750000
v -18.437489 6.739159 -9.750000
v -17.968744 6.739159 -10.561890
v -17.968744 6.739159 -8.938110
v -17.031256 6.739159 -10.561890
v -17.500000 6.739159 -8.812510
v -17.500000 6.739159 -10.687490
v -18.311890 6.739159 -9.281256
v -16.688110 6.739159 -9.281256
v -16.562511 6.739159 -9.750000
v -18.311890 6.739159 -10.218744
v -17.031256 6.739159 -8.938110
v -16.688110 6.739159 -10.218744
v -18.432159 6.635069 -9.750000
v -17.966080 6.635069 -10.557273
v -17.966080 6.635069 -8.942727
v -17.033920 6.635069 -10.557273
v -17.500000 6.635069 -8.817842
v -17.500000 6.635069 -10.682158
v -18.307274 6.635069 -9.283920
v -16.692726 6.635069 -9.283920
v -16.567841 6.635069 -9.750000
v -18.307274 6.635069 -10.216080
v -17.033920 6.635069 -8.942727
v -16.692726 6.635069 -10.216080
v -18.024357 6.170309 -10.052737
v -17.500000 6.170309 -10.355475
v -16.894526 6.170309 -9.750000
v -16.975643 6.170309 -9.447263
v -18.024357 6.170309 -9.447263
v -17.197262 6.170309 -9.225643
v -16.975643 6.170309 -10.052737
v -17.197262 6.170309 -10.274357
v -17.500000 6.170309 -9.144525
v -17.802738 6.170309 -9.225643
v -18.105474 6.170309 -9.750000
v -17.802738 6.170309 -10.274357
v -17.500000 6.739159 -9.144525
v -17.802738 6.739159 -9.225643
v -17.197262 6.739159 -10.274357
v -18.105474 6.739159 -9.750000
v -16.975643 6.739159 -10.052737
v -17.197262 6.739159 -9.225643
v -18.024357 6.739159 -9.447263
v -18.024357 6.739159 -10.052737
v -17.802738 6.739159 -10.274357
v -16.975643 6.739159 -9.447263
v -16.894526 6.739159 -9.750000
v -17.500000 6.739159 -10.355475
v -17.197262 7.113807 -10.274357
v -16.975643 7.113807 -10.052737
v -16.894526 7.113807 -9.750000
v -16.975643 7.113807 -9.447263
v -17.197262 7.113807 -9.225643
v -17.500000 7.113807 -9.144525
v -17.802738 7.113807 -9.225643
v -18.024357 7.113807 -9.447263
v -18.105474 7.113807 -9.750000
v -18.024357 7.113807 -10.052737
v -17.802738 7.113807 -10.274357
v -17.500000 7.113807 -10.355475
v -17.500000 1.229868 -10.356918
v -17.803459 1.229868 -10.275606
v -18.025606 1.229868 -10.053459
v -18.106918 1.229868 -9.750000
v -18.025606 1.229868 -9.446541
v -17.803459 1.229868 -9.224394
v -17.500000 1.229868 -9.143082
v -17.196541 1.229868 -9.224394
v -16.974394 1.229868 -9.446541
v -16.893082 1.229868 -9.750000
v -16.974394 1.229868 -10.053459
v -17.196541 1.229868 -10.275606
v -12.500000 6.739159 -9.750000
v -13.437489 6.739159 -9.750000
v -12.968744 6.739159 -10.561890
v -12.968744 6.739159 -8.938110
v -12.031256 6.739159 -10.561890
v -12.500000 6.739159 -8.812510
v -12.500000 6.739159 -10.687490
v -13.311890 6.739159 -9.281256
v -11.688110 6.739159 -9.281256
v -11.562511 6.739159 -9.750000
v -13.311890 6.739159 -10.218744
v -12.031256 6.739159 -8.938110
v -11.688110 6.739159 -10.218744
v -13.432159 6.635069 -9.750000
v -12.966080 6.635069 -10.557273
v -12.966080 6.635069 -8.942727
v -12.033920 6.635069 -10.557273
v -12.500000 6.635069 -8.817842
v -12.500000 6.635069 -10.682158
v -13.307274 6.635069 -9.283920
v -11.692726 6.635069 -9.283920
v -11.567841 6.635069 -9.750000
v -13.307274 6.635069 -10.216080
v -12.033920 6.635069 -8.942727
v -11.692726 6.635069 -10.216080
v -13.024357 6.170309 -10.052737
v -12.500000 6.170309 -10.355475
v -11.894526 6.170309 -9.750000
v -11.975643 6.170309 -9.447263
v -13.024357 6.170309 -9.447263
v -12.197262 6.170309 -9.225643
v -11.975643 6.170309 -10.052737
v -12.197262 6.170309 -10.274357
v -12.500000 6.170309 -9.144525
v -12.802738 6.170309 -9.225643
v -13.105474 6.170309 -9.750000
v -12.802738 6.170309 -10.274357
v -12.500000 6.739159 -9.144525
v -12.802738 6.739159 -9.225643
v -12.197262 6.739159 -10.274357
v -13.105474 6.739159 -9.750000
v -11.975643 6.739159 -10.052737
v -12.197262 6.739159 -9.225643
v -13.024357 6.739159 -9.447263
v -13.024357 6.739159 -10.052737
v -12.802738 6.739159 -10.274357
v -11.975643 6.739159 -9.447263
v -11.894526 6.739159 -9.750000
v -12.500000 6.739159 -10.355475
v -12.197262 7.113807 -10.274357
v -11.975643 7.113807 -10.052737
v -11.894526 7.113807 -9.750000
v -11.975643 7.113807 -9.447263
v -12.197262 7.113807 -9.225643
v -12.500000 7.113807 -9.144525
v -12.802738 7.113807 -9.225643
v -13.024357 7.113807 -9.447263
v -13.105474 7.113807 -9.750000
v -13.024357 7.113807 -10.052737
v -12.802738 7.113807 -10.274357
v -12.500000 7.113807 -10.355475
v -12.500000 1.229868 -10.356918
v -12.803459 1.229868 -10.275606
v -13.025606 1.229868 -10.053459
v -13.106918 1.229868 -9.750000
v -13.025606 1.229868 -9.446541
v -12.803459 1.229868 -9.224394
v -12.500000 1.229868 -9.143082
v -12.196541 1.229868 -9.224394
v -11.974394 1.229868 -9.446541
v -11.893082 1.229868 -9.750000
v -11.974394 1.229868 -10.053459
v -12.196541 1.229868 -10.275606
v -2.500000 6.739159 -9.750000
v -3.437489 6.739159 -9.750000
v -2.968744 6.739159 -10.561890
v -2.968744 6.739159 -8.938110
v -2.031256 6.739159 -10.561890
v -2.500000 6.739159 -8.812510
v -2.500000 6.739159 -10.687490
v -3.311890 6.739159 -9.281256
v -1.688110 6.739159 -9.281256
v -1.562511 6.739159 -9.750000
v -3.311890 6.739159 -10.218744
v -2.031256 6.739159 -8.938110
v -1.688110 6.739159 -10.218744
v -3.432159 6.635069 -9.750000
v -2.966080 6.635069 -10.557273
v -2.966080 6.635069 -8.942727
v -2.033920 6.635069 -10.557273
v -2.500000 6.635069 -8.817842
v -2.500000 6.635069 -10.682158
v -3.307274 6.635069 -9.283920
v -1.692726 6.635069 -9.283920
v -1.567841 6.635069 -9.750000
v -3.307274 6.635069 -10.216080
v -2.033920 6.635069 -8.942727
v -1.692726 6.635069 -10.216080
v -3.024357 6.170309 -10.052737
v -2.500000 6.170309 -10.355475
v -1.894526 6.170309 -9.750000
v -1.975643 6.170309 -9.447263
v -3.024357 6.170309 -9.447263
v -2.197262 6.170309 -9.225643
v -1.975643 6.170309 -10.052737
v -2.197262 6.170309 -10.274357
v -2.500000 6.170309 -9.144525
v -2.802738 6.170309 -9.225643
v -3.105474 6.170309 -9.750000
v -2.802738 6.170309 -10.274357
v -2.500000 6.739159 -9.144525
v -2.802738 6.739159 -9.225643
v -2.197262 6.739159 -10.274357
v -3.105474 6.739159 -9.750000
v -1.975643 6.739159 -10.052737
v -2.197262 6.739159 -9.225643
v -3.024357 6.739159 -9.447263
v -3.024357 6.739159 -10.052737
v -2.802738 6.739159 -10.274357
v -1.975643 6.739159 -9.447263
v -1.894526 6.739159 -9.750000
v -2.500000 6.739159 -10.355475
v -2.197262 7.113807 -10.274357
v -1.975643 7.113807 -10.052737
v -1.894526 7.113807 -9.750000
v -1.975643 7.113807 -9.447263
v -2.197262 7.113807 -9.225643
v -2.500000 7.113807 -9.144525
v -2.802738 7.113807 -9.225643
v -3.024357 7.113807 -9.447263
v -3.105474 7.113807 -9.750000
v -3.024357 7.113807 -10.052737
v -2.802738 7.113807 -10.274357
v -2.500000 7.113807 -10.355475
v -2.500000 1.229868 -10.356918
v -2.803459 1.229868 -10.275606
v -3.025606 1.229868 -10.053459
v -3.106918 1.229868 -9.750000
v -3.025606 1.229868 -9.446541
v -2.803459 1.229868 -9.224394
v -2.500000 1.229868 -9.143082
v -2.196541 1.229868 -9.224394
v -1.974394 1.229868 -9.446541
v -1.893082 1.229868 -9.750000
v -1.974394 1.229868 -10.053459
v -2.196541 1.229868 -10.275606
v 17.500000 6.739159 13.750000
v 18.437489 6.739159 13.750000
v 17.968744 6.739159 14.561890
v 17.968744 6.739159 12.938110
v 17.031256 6.739159 14.561890
v 17.500000 6.739159 12.812510
v 17.500000 6.739159 14.687490
v 18.311890 6.739159 13.281256
v 16.688110 6.739159 13.281256
v 16.562511 6.739159 13.750000
v 18.311890 6.739159 14.218744
v 17.031256 6.739159 12.938110
v 16.688110 6.739159 14.218744
v 18.432159 6.635069 13.750000
v 17.966080 6.635069 14.557273
v 17.966080 6.635069 12.942727
v 17.033920 6.635069 14.557273
v 17.500000 6.635069 12.817842
v 17.500000 6.635069 14.682158
v 18.307274 6.635069 13.283920
v 16.692726 6.635069 13.283920
v 16.567841 6.635069 13.750000
v 18.307274 6.635069 14.216080
v 17.033920 6.635069 12.942727
v 16.692726 6.635069 14.216080
v 18.024357 6.170309 14.052737
v 17.500000 6.170309 14.355475
v 16.894526 6.170309 13.750000
v 16.975643 6.170309 13.447263
v 18.024357 6.170309 13.447263
v 17.197262 6.170309 13.225643
v 16.975643 6.170309 14.052737
v 17.197262 6.170309 14.274357
v 17.500000 6.170309 13.144525
v 17.802738 6.170309 13.225643
v 18.105474 6.170309 13.750000
v 17.802738 6.170309 14.274357
v 17.500000 6.739159 13.144525
v 17.802738 6.739159 13.225643
v 17.197262 6.739159 14.274357
v 18.105474 6.739159 13.750000
v 16.975643 6.739159 14.052737
v 17.197262 6.739159 13.225643
v 18.024357 6.739159 13.447263
v 18.024357 6.739159 14.052737
v 17.802738 6.739159 14.274357
v 16.975643 6.739159 13.447263
v 16.894526 6.739159 13.750000
v 17.500000 6.739159 14.355475
v 17.197262 7.113807 14.274357
v 16.975643 7.113807 14.052737
v 16.894526 7.113807 13.750000
v 16.975643 7.113807 13.447263
v 17.197262 7.113807 13.225643
v 17.500000 7.113807 13.144525
v 17.802738 7.113807 13.225643
v 18.024357 7.113807 13.447263
v 18.105474 7.113807 13.750000
v 18.024357 7.113807 14.052737
v 17.802738 7.113807 14.274357
v 17.500000 7.113807 14.355475
v 17.500000 1.229868 14.356918
v 17.803459 1.229868 14.275606
v 18.025606 1.229868 14.053459
v 18.106918 1.229868 13.750000
v 18.025606 1.229868 13.446541
v 17.803459 1.229868 13.224394
v 17.500000 1.229868 13.143082
v 17.196541 1.229868 13.224394
v 16.974394 1.229868 13.446541
v 16.893082 1.229868 13.750000
v 16.974394 1.229868 14.053459
v 17.196541 1.229868 14.275606
v 12.500000 6.739159 13.750000
v 13.437489 6.739159 13.750000
v 12.968744 6.739159 14.561890
v 12.968744 6.739159 12.938110
v 12.031256 6.739159 14.561890
v 12.500000 6.739159 12.812510
v 12.500000 6.739159 14.687490
v 13.311890 6.739159 13.281256
v 11.688110 6.739159 13.281256
v 11.562511 6.739159 13.750000
v 13.311890 6.739159 14.218744
v 12.031256 6.739159 12.938110
v 11.688110 6.739159 14.218744
v 13.432159 6.635069 13.750000
v 12.966080 6.635069 14.557273
v 12.966080 6.635069 12.942727
v 12.033920 6.635069 14.557273
v 12.500000 6.635069 12.817842
v 12.500000 6.635069 14.682158
v 13.307274 6.635069 13.283920
v 11.692726 6.635069 13.283920
v 11.567841 6.635069 13.750000
v 13.307274 6.635069 14.216080
v 12.033920 6.635069 12.942727
v 11.692726 6.635069 14.216080
v 13.024357 6.170309 14.052737
v 12.500000 6.170309 14.355475
v 11.894526 6.170309 13.750000
v 11.975643 6.170309 13.447263
v 13.024357 6.170309 13.447263
v 12.197262 6.170309 13.225643
v 11.975643 6.170309 14.052737
v 12.197262 6.170309 14.274357
v 12.500000 6.170309 13.144525
v 12.802738 6.170309 13.225643
v 13.105474 6.170309 13.750000
v 12.802738 6.170309 14.274357
v 12.500000 6.739159 13.144525
v 12.802738 6.739159 13.225643
v 12.197262 6.739159 14.274357
v 13.105474 6.739159 13.750000
v 11.975643 6.739159 14.052737
v 12.197262 6.739159 13.225643
v 13.024357 6.739159 13.447263
v 13.024357 6.739159 14.052737
v 12.802738 6.739159 14.274357
v 11.975643 6.739159 13.447263
v 11.894526 6.739159 13.750000
v 12.500000 6.739159 14.355475
v 12.197262 7.113807 14.274357
v 11.975643 7.113807 14.052737
v 11.894526 7.113807 13.750000
v 11.975643 7.113807 13.447263
v 12.197262 7.113807 13.225643
v 12.500000 7.113807 13.144525
v 12.802738 7.113807 13.225643
v 13.024357 7.113807 13.447263
v 13.105474 7.113807 13.750000
v 13.024357 7.113807 14.052737
v 12.802738 7.113807 14.274357
v 12.500000 7.113807 14.355475
v 12.500000 1.229868 14.356918
v 12.803459 1.229868 14.275606
v 13.025606 1.229868 14.053459
v 13.106918 1.229868 13.750000
v 13.025606 1.229868 13.446541
v 12.803459 1.229868 13.224394
v 12.500000 1.229868 13.143082
v 12.196541 1.229868 13.224394
v 11.974394 1.229868 13.446541
v 11.893082 1.229868 13.750000
v 11.974394 1.229868 14.053459
v 12.196541 1.229868 14.275606
v 2.500000 6.739159 13.750000
v 3.437489 6.739159 13.750000
v 2.968744 6.739159 14.561890
v 2.968744 6.739159 12.938110
v 2.031256 6.739159 14.561890
v 2.500000 6.739159 12.812510
v 2.500000 6.739159 14.687490
v 3.311890 6.739159 13.281256
v 1.688110 6.739159 13.281256
v 1.562511 6.739159 13.750000
v 3.311890 6.739159 14.218744
v 2.031256 6.739159 12.938110
v 1.688110 6.739159 14.218744
v 3.432159 6.635069 13.750000
v 2.966080 6.635069 14.557273
v 2.966080 6.635069 12.942727
v 2.033920 6.635069 14.557273
v 2.500000 6.635069 12.817842
v 2.500000 6.635069 14.682158
v 3.307274 6.635069 13.283920
v 1.692726 6.635069 13.283920
v 1.567841 6.635069 13.750000
v 3.307274 6.635069 14.216080
v 2.033920 6.635069 12.942727
v 1.692726 6.635069 14.216080
v 3.024357 6.170309 14.052737
v 2.500000 6.170309 14.355475
v 1.894526 6.170309 13.750000
v 1.975643 6.170309 13.447263
v 3.024357 6.170309 13.447263
v 2.197262 6.170309 13.225643
v 1.975643 6.170309 14.052737
v 2.197262 6.170309 14.274357
v 2.500000 6.170309 13.144525
v 2.802738 6.170309 13.225643
v 3.105474 6.170309 13.750000
v 2.802738 6.170309 14.274357
v 2.500000 6.739159 13.144525
v 2.802738 6.739159 13.225643
v 2.197262 6.739159 14.274357
v 3.105474 6.739159 13.750000
v 1.975643 6.739159 14.052737
v 2.197262 6.739159 13.225643
v 3.024357 6.739159 13.447263
v 3.024357 6.739159 14.052737
v 2.802738 6.739159 14.274357
v 1.975643 6.739159 13.447263
v 1.894526 6.739159 13.750000
v 2.500000 6.739159 14.355475
v 2.197262 7.113807 14.274357
v 1.975643 7.113807 14.052737
v 1.894526 7.113807 13.750000
v 1.975643 7.113807 13.447263
v 2.197262 7.113807 13.225643
v 2.500000 7.113807 13.144525
v 2.802738 7.113807 13.225643
v 3.024357 7.113807 13.447263
v 3.105474 7.113807 13.750000
v 3.024357 7.113807 14.052737
v 2.802738 7.113807 14.274357
v 2.500000 7.113807 14.355475
v 2.500000 1.229868 14.356918
v 2.803459 1.229868 14.275606
v 3.025606 1.229868 14.053459
v 3.106918 1.229868 13.750000
v 3.025606 1.229868 13.446541
v 2.803459 1.229868 13.224394
v 2.500000 1.229868 13.143082
v 2.196541 1.229868 13.224394
v 1.974394 1.229868 13.446541
v 1.893082 1.229868 13.750000
v 1.974394 1.229868 14.053459
v 2.196541 1.229868 14.275606
v 17.500000 6.739159 9.750000
v 18.437489 6.739159 9.750000
v 17.968744 6.739159 10.561890
v 17.968744 6.739159 8.938110
v 17.031256 6.739159 10.561890
v 17.500000 6.739159 8.812510
v 17.500000 6.739159 10.687490
v 18.311890 6.739159 9.281256
v 16.688110 6.739159 9.281256
v 16.562511 6.739159 9.750000
v 18.311890 6.739159 10.218744
v 17.031256 6.739159 8.938110
v 16.688110 6.739159 10.218744
v 18.432159 6.635069 9.750000
v 17.966080 6.635069 10.557273
v 17.966080 6.635069 8.942727
v 17.033920 6.635069 10.557273
v 17.500000 6.635069 8.817842
v 17.500000 6.635069 10.682158
v 18.307274 6.635069 9.283920
v 16.692726 6.635069 9.283920
v 16.567841 6.635069 9.750000
v 18.307274 6.635069 10.216080
v 17.033920 6.635069 8.942727
v 16.692726 6.635069 10.216080
v 18.024357 6.170309 10.052737
v 17.500000 6.170309 10.355475
v 16.894526 6.170309 9.750000
v 16.975643 6.170309 9.447263
v 18.024357 6.170309 9.447263
v 17.197262 6.170309 9.225643
v 16.975643 6.170309 10.052737
v 17.197262 6.170309 10.274357
v 17.500000 6.170309 9.144525
v 17.802738 6.170309 9.225643
v 18.105474 6.170309 9.750000
v 17.802738 6.170309 10.274357
v 17.500000 6.739159 9.144525
v 17.802738 6.739159 9.225643
v 17.197262 6.739159 10.274357
v 18.105474 6.739159 9.750000
v 16.975643 6.739159 10.052737
v 17.197262 6.739159 9.225643
v 18.024357 6.739159 9.447263
v 18.024357 6.739159 10.052737
v 17.802738 6.739159 10.274357
v 16.975643 6.739159 9.447263
v 16.894526 6.739159 9.750000
v 17.500000 6.739159 10.355475
v 17.197262 7.113807 10.274357
v 16.975643 7.113807 10.052737
v 16.894526 7.113807 9.750000
v 16.975643 7.113807 9.447263
v 17.197262 7.113807 9.225643
v 17.500000 7.113807 9.144525
v 17.802738 7.113807 9.225643
v 18.024357 7.113807 9.447263
v 18.105474 7.113807 9.750000
v 18.024357 7.113807 10.052737
v 17.802738 7.113807 10.274357
v 17.500000 7.113807 10.355475
v 17.500000 1.229868 10.356918
v 17.803459 1.229868 10.275606
v 18.025606 1.229868 10.053459
v 18.106918 1.229868 9.750000
v 18.025606 1.229868 9.446541
v 17.803459 1.229868 9.224394
v 17.500000 1.229868 9.143082
v 17.196541 1.229868 9.224394
v 16.974394 1.229868 9.446541
v 16.893082 1.229868 9.750000
v 16.974394 1.229868 10.053459
v 17.196541 1.229868 10.275606
v 12.500000 6.739159 9.750000
v 13.437489 6.739159 9.750000
v 12.968744 6.739159 10.561890
v 12.968744 6.739159 8.938110
v 12.031256 6.739159 10.561890
v 12.500000 6.739159 8.812510
v 12.500000 6.739159 10.687490
v 13.311890 6.739159 9.281256
v 11.688110 6.739159 9.281256
v 11.562511 6.739159 9.750000
v 13.311890 6.739159 10.218744
v 12.031256 6.739159 8.938110
v 11.688110 6.739159 10.218744
v 13.432159 6.635069 9.750000
v 12.966080 6.635069 10.557273
v 12.966080 6.635069 8.942727
v 12.033920 6.635069 10.557273
v 12.500000 6.635069 8.817842
v 12.500000 6.635069 10.682158
v 13.307274 6.635069 9.283920
v 11.692726 6.635069 9.283920
v 11.567841 6.635069 9.750000
v 13.307274 6.635069 10.216080
v 12.033920 6.635069 8.942727
v 11.692726 6.635069 10.216080
v 13.024357 6.170309 10.052737
v 12.500000 6.170309 10.355475
v 11.894526 6.170309 9.750000
v 11.975643 6.170309 9.447263
v 13.024357 6.170309 9.447263
v 12.197262 6.170309 9.225643
v 11.975643 6.170309 10.052737
v 12.197262 6.170309 10.274357
v 12.500000 6.170309 9.144525
v 12.802738 6.170309 9.225643
v 13.105474 6.170309 9.750000
v 12.802738 6.170309 10.274357
v 12.500000 6.739159 9.144525
v 12.802738 6.739159 9.225643
v 12.197262 6.739159 10.274357
v 13.105474 6.739159 9.750000
v 11.975643 6.739159 10.052737
v 12.197262 6.739159 9.225643
v 13.024357 6.739159 9.447263
v 13.024357 6.739159 10.052737
v 12.802738 6.739159 10.274357
v 11.975643 6.739159 9.447263
v 11.894526 6.739159 9.750000
v 12.500000 6.739159 10.355475
v 12.197262 7.113807 10.274357
v 11.975643 7.113807 10.052737
v 11.894526 7.113807 9.750000
v 11.975643 7.113807 9.447263
v 12.197262 7.113807 9.225643
v 12.500000 7.113807 9.144525
v 12.802738 7.113807 9.225643
v 13.024357 7.113807 9.447263
v 13.105474 7.113807 9.750000
v 13.024357 7.113807 10.052737
v 12.802738 7.113807 10.274357
v 12.500000 7.113807 10.355475
v 12.500000 1.229868 10.356918
v 12.803459 1.229868 10.275606
v 13.025606 1.229868 10.053459
v 13.106918 1.229868 9.750000
v 13.025606 1.229868 9.446541
v 12.803459 1.229868 9.224394
v 12.500000 1.229868 9.143082
v 12.196541 1.229868 9.224394
v 11.974394 1.229868 9.446541
v 11.893082 1.229868 9.750000
v 11.974394 1.229868 10.053459
v 12.196541 1.229868 10.275606
v 2.500000 6.739159 9.750000
v 3.437489 6.739159 9.750000
v 2.968744 6.739159 10.561890
v 2.968744 6.739159 8.938110
v 2.031256 6.739159 10.561890
v 2.500000 6.739159 8.812510
v 2.500000 6.739159 10.687490
v 3.311890 6.739159 9.281256
v 1.688110 6.739159 9.281256
v 1.562511 6.739159 9.750000
v 3.311890 6.739159 10.218744
v 2.031256 6.739159 8.938110
v 1.688110 6.739159 10.218744
v 3.432159 6.635069 9.750000
v 2.966080 6.635069 10.557273
v 2.966080 6.635069 8.942727
v 2.033920 6.635069 10.557273
v 2.500000 6.635069 8.817842
v 2.500000 6.635069 10.682158
v 3.307274 6.635069 9.283920
v 1.692726 6.635069 9.283920
v 1.567841 6.635069 9.750000
v 3.307274 6.635069 10.216080
v 2.033920 6.635069 8.942727
v 1.692726 6.635069 10.216080
v 3.024357 6.170309 10.052737
v 2.500000 6.170309 10.355475
v 1.894526 6.170309 9.750000
v 1.975643 6.170309 9.447263
v 3.024357 6.170309 9.447263
v 2.197262 6.170309 9.225643
v 1.975643 6.170309 10.052737
v 2.197262 6.170309 10.274357
v 2.500000 6.170309 9.144525
v 2.802738 6.170309 9.225643
v 3.105474 6.170309 9.750000
v 2.802738 6.170309 10.274357
v 2.500000 6.739159 9.144525
v 2.802738 6.739159 9.225643
v 2.197262 6.739159 10.274357
v 3.105474 6.739159 9.750000
v 1.975643 6.739159 10.052737
v 2.197262 6.739159 9.225643
v 3.024357 6.739159 9.447263
v 3.024357 6.739159 10.052737
v 2.802738 6.739159 10.274357
v 1.975643 6.739159 9.447263
v 1.894526 6.739159 9.750000
v 2.500000 6.739159 10.355475
v 2.197262 7.113807 10.274357
v 1.975643 7.113807 10.052737
v 1.894526 7.113807 9.750000
v 1.975643 7.113807 9.447263
v 2.197262 7.113807 9.225643
v 2.500000 7.113807 9.144525
v 2.802738 7.113807 9.225643
v 3.024357 7.113807 9.447263
v 3.105474 7.113807 9.750000
v 3.024357 7.113807 10.052737
v 2.802738 7.113807 10.274357
v 2.500000 7.113807 10.355475
v 2.500000 1.229868 10.356918
v 2.803459 1.229868 10.275606
v 3.025606 1.229868 10.053459
v 3.106918 1.229868 9.750000
v 3.025606 1.229868 9.446541
v 2.803459 1.229868 9.224394
v 2.500000 1.229868 9.143082
v 2.196541 1.229868 9.224394
v 1.974394 1.229868 9.446541
v 1.893082 1.229868 9.750000
v 1.974394 1.229868 10.053459
v 2.196541 1.229868 10.275606
v -17.500000 6.739159 13.750000
v -18.437489 6.739159 13.750000
v -17.968744 6.739159 14.561890
v -17.968744 6.739159 12.938110
v -17.031256 6.739159 14.561890
v -17.500000 6.739159 12.812510
v -17.500000 6.739159 14.687490
v -18.311890 6.739159 13.281256
v -16.688110 6.739159 13.281256
v -16.562511 6.739159 13.750000
v -18.311890 6.739159 14.218744
v -17.031256 6.739159 12.938110
v -16.688110 6.739159 14.218744
v -18.432159 6.635069 13.750000
v -17.966080 6.635069 14.557273
v -17.966080 6.635069 12.942727
v -17.033920 6.635069 14.557273
v -17.500000 6.635069 12.817842
v -17.500000 6.635069 14.682158
v -18.307274 6.635069 13.283920
v -16.692726 6.635069 13.283920
v -16.567841 6.635069 13.750000
v -18.307274 6.635069 14.216080
v -17.033920 6.635069 12.942727
v -16.692726 6.635069 14.216080
v -18.024357 6.170309 14.052737
v -17.500000 6.170309 14.355475
v -16.894526 6.170309 13.750000
v -16.975643 6.170309 13.447263
v -18.024357 6.170309 13.447263
v -17.197262 6.170309 13.225643
v -16.975643 6.170309 14.052737
v -17.197262 6.170309 14.274357
v -17.500000 6.170309 13.144525
v -17.802738 6.170309 13.225643
v -18.105474 6.170309 13.750000
v -17.802738 6.170309 14.274357
v -17.500000 6.739159 13.144525
v -17.802738 6.739159 13.225643
v -17.197262 6.739159 14.274357
v -18.105474 6.739159 13.750000
v -16.975643 6.739159 14.052737
v -17.197262 6.739159 13.225643
v -18.024357 6.739159 13.447263
v -18.024357 6.739159 14.052737
v -17.802738 6.739159 14.274357
v -16.975643 6.739159 13.447263
v -16.894526 6.739159 13.750000
v -17.500000 6.739159 14.355475
v -17.197262 7.113807 14.274357
v -16.975643 7.113807 14.052737
v -16.894526 7.113807 13.750000
v -16.975643 7.113807 13.447263
v -17.197262 7.113807 13.225643
v -17.500000 7.113807 13.144525
v -17.802738 7.113807 13.225643
v -18.024357 7.113807 13.447263
v -18.105474 7.113807 13.750000
v -18.024357 7.113807 14.052737
v -17.802738 7.113807 14.274357
v -17.500000 7.113807 14.355475
v -17.500000 1.229868 14.356918
v -17.803459 1.229868 14.275606
v -18.025606 1.229868 14.053459
v -18.106918 1.229868 13.750000
v -18.025606 1.229868 13.446541
v -17.803459 1.229868 13.224394
v -17.500000 1.229868 13.143082
v -17.196541 1.229868 13.224394
v -16.974394 1.229868 13.446541
v -16.893082 1.229868 13.750000
v -16.974394 1.229868 14.053459
v -17.196541 1.229868 14.275606
v -12.500000 6.739159 13.750000
v -13.437489 6.739159 13.750000
v -12.968744 6.739159 14.561890
v -12.968744 6.739159 12.938110
v -12.031256 6.739159 14.561890
v -12.500000 6.739159 12.812510
v -12.500000 6.739159 14.687490
v -13.311890 6.739159 13.281256
v -11.688110 6.739159 13.281256
v -11.562511 6.739159 13.750000
v -13.311890 6.739159 14.218744
v -12.031256 6.739159 12.938110
v -11.688110 6.739159 14.218744
v -13.432159 6.635069 13.750000
v -12.966080 6.635069 14.557273
v -12.966080 6.635069 12.942727
v -12.033920 6.635069 14.557273
v -12.500000 6.635069 12.817842
v -12.500000 6.635069 14.682158
v -13.307274 6.635069 13.283920
v -11.692726 6.635069 13.283920
v -11.567841 6.635069 13.750000
v -13.307274 6.635069 14.216080
v -12.033920 6.635069 12.942727
v -11.692726 6.635069 14.216080
v -13.024357 6.170309 14.052737
v -12.500000 6.170309 14.355475
v -11.894526 6.170309 13.750000
v -11.975643 6.170309 13.447263
v -13.024357 6.170309 13.447263
v -12.197262 6.170309 13.225643
v -11.975643 6.170309 14.052737
v -12.197262 6.170309 14.274357
v -12.500000 6.170309 13.144525
v -12.802738 6.170309 13.225643
v -13.105474 6.170309 13.750000
v -12.802738 6.170309 14.274357
v -12.500000 6.739159 13.144525
v -12.802738 6.739159 13.225643
v -12.197262 6.739159 14.274357
v -13.105474 6.739159 13.750000
v -11.975643 6.739159 14.052737
v -12.197262 6.739159 13.225643
v -13.024357 6.739159 13.447263
v -13.024357 6.739159 14.052737
v -12.802738 6.739159 14.274357
v -11.975643 6.739159 13.447263
v -11.894526 6.739159 13.750000
v -12.500000 6.739159 14.355475
v -12.197262 7.113807 14.274357
v -11.975643 7.113807 14.052737
v -11.894526 7.113807 13.750000
v -11.975643 7.113807 13.447263
v -12.197262 7.113807 13.225643
v -12.500000 7.113807 13.144525
v -12.802738 7.113807 13.225643
v -13.024357 7.113807 13.447263
v -13.105474 7.113807 13.750000
v -13.024357 7.113807 14.052737
v -12.802738 7.113807 14.274357
v -12.500000 7.113807 14.355475
v -12.500000 1.229868 14.356918
v -12.803459 1.229868 14.275606
v -13.025606 1.229868 14.053459
v -13.106918 1.229868 13.750000
v -13.025606 1.229868 13.446541
v -12.803459 1.229868 13.224394
v -12.500000 1.229868 13.143082
v -12.196541 1.229868 13.224394
v -11.974394 1.229868 13.446541
v -11.893082 1.229868 13.750000
v -11.974394 1.229868 14.053459
v -12.196541 1.229868 14.275606
v -2.500000 6.739159 13.750000
v -3.437489 6.739159 13.750000
v -2.968744 6.739159 14.561890
v -2.968744 6.739159 12.938110
v -2.031256 6.739159 14.561890
v -2.500000 6.739159 12.812510
v -2.500000 6.739159 14.687490
v -3.311890 6.739159 13.281256
v -1.688110 6.739159 13.281256
v -1.562511 6.739159 13.750000
v -3.311890 6.739159 14.218744
v -2.031256 6.739159 12.938110
v -1.688110 6.739159 14.218744
v -3.432159 6.635069 13.750000
v -2.966080 6.635069 14.557273
v -2.966080 6.635069 12.942727
v -2.033920 6.635069 14.557273
v -2.500000 6.635069 12.817842
v -2.500000 6.635069 14.682158
v -3.307274 6.635069 13.283920
v -1.692726 6.635069 13.283920
v -1.567841 6.635069 13.750000
v -3.307274 6.635069 14.216080
v -2.033920 6.635069 12.942727
v -1.692726 6.635069 14.216080
v -3.024357 6.170309 14.052737
v -2.500000 6.170309 14.355475
v -1.894526 6.170309 13.750000
v -1.975643 6.170309 13.447263
v -3.024357 6.170309 13.447263
v -2.197262 6.170309 13.225643
v -1.975643 6.170309 14.052737
v -2.197262 6.170309 14.274357
v -2.500000 6.170309 13.144525
v -2.802738 6.170309 13.225643
v -3.105474 6.170309 13.750000
v -2.802738 6.170309 14.274357
v -2.500000 6.739159 13.144525
v -2.802738 6.739159 13.225643
v -2.197262 6.739159 14.274357
v -3.105474 6.739159 13.750000
v -1.975643 6.739159 14.052737
v -2.197262 6.739159 13.225643
v -3.024357 6.739159 13.447263
v -3.024357 6.739159 14.052737
v -2.802738 6.739159 14.274357
v -1.975643 6.739159 13.447263
v -1.894526 6.739159 13.750000
v -2.500000 6.739159 14.355475
v -2.197262 7.113807 14.274357
v -1.975643 7.113807 14.052737
v -1.894526 7.113807 13.750000
v -1.975643 7.113807 13.447263
v -2.197262 7.113807 13.225643
v -2.500000 7.113807 13.144525
v -2.802738 7.113807 13.225643
v -3.024357 7.113807 13.447263
v -3.105474 7.113807 13.750000
v -3.024357 7.113807 14.052737
v -2.802738 7.113807 14.274357
v -2.500000 7.113807 14.355475
v -2.500000 1.229868 14.356918
v -2.803459 1.229868 14.275606
v -3.025606 1.229868 14.053459
v -3.106918 1.229868 13.750000
v -3.025606 1.229868 13.446541
v -2.803459 1.229868 13.224394
v -2.500000 1.229868 13.143082
v -2.196541 1.229868 13.224394
v -1.974394 1.229868 13.446541
v -1.893082 1.229868 13.750000
v -1.974394 1.229868 14.053459
v -2.196541 1.229868 14.275606
v -17.500000 6.739159 9.750000
v -18.437489 6.739159 9.750000
v -17.968744 6.739159 10.561890
v -17.968744 6.739159 8.938110
v -17.031256 6.739159 10.561890
v -17.500000 6.739159 8.812510
v -17.500000 6.739159 10.687490
v -18.311890 6.739159 9.281256
v -16.688110 6.739159 9.281256
v -16.562511 6.739159 9.750000
v -18.311890 6.739159 10.218744
v -17.031256 6.739159 8.938110
v -16.688110 6.739159 10.218744
v -18.432159 6.635069 9.750000
v -17.966080 6.635069 10.557273
v -17.966080 6.635069 8.942727
v -17.033920 6.635069 10.557273
v -17.500000 6.635069 8.817842
v -17.500000 6.635069 10.682158
v -18.307274 6.635069 9.283920
v -16.692726 6.635069 9.283920
v -16.567841 6.635069 9.750000
v -18.307274 6.635069 10.216080
v -17.033920 6.635069 8.942727
v -16.692726 6.635069 10.216080
v -18.024357 6.170309 10.052737
v -17.500000 6.170309 10.355475
v -16.894526 6.170309 9.750000
v -16.975643 6.170309 9.447263
v -18.024357 6.170309 9.447263
v -17.197262 6.170309 9.225643
v -16.975643 6.170309 10.052737
v -17.197262 6.170309 10.274357
v -17.500000 6.170309 9.144525
v -17.802738 6.170309 9.225643
v -18.105474 6.170309 9.750000
v -17.802738 6.170309 10.274357
v -17.500000 6.739159 9.144525
v -17.802738 6.739159 9.225643
v -17.197262 6.739159 10.274357
v -18.105474 6.739159 9.750000
v -16.975643 6.739159 10.052737
v -17.197262 6.739159 9.225643
v -18.024357 6.739159 9.447263
v -18.024357 6.739159 10.052737
v -17.802738 6.739159 10.274357
v -16.975643 6.739159 9.447263
v -16.894526 6.739159 9.750000
v -17.500000 6.739159 10.355475
v -17.197262 7.113807 10.274357
v -16.975643 7.113807 10.052737
v -16.894526 7.113807 9.750000
v -16.975643 7.113807 9.447263
v -17.197262 7.113807 9.225643
v -17.500000 7.113807 9.144525
v -17.802738 7.113807 9.225643
v -18.024357 7.113807 9.447263
v -18.105474 7.113807 9.750000
v -18.024357 7.113807 10.052737
v -17.802738 7.113807 10.274357
v -17.500000 7.113807 10.355475
v -17.500000 1.229868 10.356918
v -17.803459 1.229868 10.275606
v -18.025606 1.229868 10.053459
v -18.106918 1.229868 9.750000
v -18.025606 1.229868 9.446541
v -17.803459 1.229868 9.224394
v -17.500000 1.229868 9.143082
v -17.196541 1.229868 9.224394
v -16.974394 1.229868 9.446541
v -16.893082 1.229868 9.750000
v -16.974394 1.229868 10.053459
v -17.196541 1.229868 10.275606
v -12.500000 6.739159 9.750000
v -13.437489 6.739159 9.750000
v -12.968744 6.739159 10.561890
v -12.968744 6.739159 8.938110
v -12.031256 6.739159 10.561890
v -12.500000 6.739159 8.812510
v -12.500000 6.739159 10.687490
v -13.311890 6.739159 9.281256
v -11.688110 6.739159 9.281256
v -11.562511 6.739159 9.750000
v -13.311890 6.739159 10.218744
v -12.031256 6.739159 8.938110
v -11.688110 6.739159 10.218744
v -13.432159 6.635069 9.750000
v -12.966080 6.635069 10.557273
v -12.966080 6.635069 8.942727
v -12.033920 6.635069 10.557273
v -12.500000 6.635069 8.817842
v -12.500000 6.635069 10.682158
v -13.307274 6.635069 9.283920
v -11.692726 6.635069 9.283920
v -11.567841 6.635069 9.750000
v -13.307274 6.635069 10.216080
v -12.033920 6.635069 8.942727
v -11.692726 6.635069 10.216080
v -13.024357 6.170309 10.052737
v -12.500000 6.170309 10.355475
v -11.894526 6.170309 9.750000
v -11.975643 6.170309 9.447263
v -13.024357 6.170309 9.447263
v -12.197262 6.170309 9.225643
v -11.975643 6.170309 10.052737
v -12.197262 6.170309 10.274357
v -12.500000 6.170309 9.144525
v -12.802738 6.170309 9.225643
v -13.105474 6.170309 9.750000
v -12.802738 6.170309 10.274357
v -12.500000 6.739159 9.144525
v -12.802738 6.739159 9.225643
v -12.197262 6.739159 10.274357
v -13.105474 6.739159 9.750000
v -11.975643 6.739159 10.052737
v -12.197262 6.739159 9.225643
v -13.024357 6.739159 9.447263
v -13.024357 6.739159 10.052737
v -12.802738 6.739159 10.274357
v -11.975643 6.739159 9.447263
v -11.894526 6.739159 9.750000
v -12.500000 6.739159 10.355475
v -12.197262 7.113807 10.274357
v -11.975643 7.113807 10.052737
v -11.894526 7.113807 9.750000
v -11.975643 7.113807 9.447263
v -12.197262 7.113807 9.225643
v -12.500000 7.113807 9.144525
v -12.802738 7.113807 9.225643
v -13.024357 7.113807 9.447263
v -13.105474 7.113807 9.750000
v -13.024357 7.113807 10.052737
v -12.802738 7.113807 10.274357
v -12.500000 7.113807 10.355475
v -12.500000 1.229868 10.356918
v -12.803459 1.229868 10.275606
v -13.025606 1.229868 10.053459
v -13.106918 1.229868 9.750000
v -13.025606 1.229868 9.446541
v -12.803459 1.229868 9.224394
v -12.500000 1.229868 9.143082
v -12.196541 1.229868 9.224394
v -11.974394 1.229868 9.446541
v -11.893082 1.229868 9.750000
v -11.974394 1.229868 10.053459
v -12.196541 1.229868 10.275606
v -2.500000 6.739159 9.750000
v -3.437489 6.739159 9.750000
v -2.968744 6.739159 10.561890
v -2.968744 6.739159 8.938110
v -2.031256 6.739159 10.561890
v -2.500000 6.739159 8.812510
v -2.500000 6.739159 10.687490
v -3.311890 6.739159 9.281256
v -1.688110 6.739159 9.281256
v -1.562511 6.739159 9.750000
v -3.311890 6.739159 10.218744
v -2.031256 6.739159 8.938110
v -1.688110 6.739159 10.218744
v -3.432159 6.635069 9.750000
v -2.966080 6.635069 10.557273
v -2.966080 6.635069 8.942727
v -2.033920 6.635069 10.557273
v -2.500000 6.635069 8.817842
v -2.500000 6.635069 10.682158
v -3.307274 6.635069 9.283920
v -1.692726 6.635069 9.283920
v -1.567841 6.635069 9.750000
v -3.307274 6.635069 10.216080
v -2.033920 6.635069 8.942727
v -1.692726 6.635069 10.216080
v -3.024357 6.170309 10.052737
v -2.500000 6.170309 10.355475
v -1.894526 6.170309 9.750000
v -1.975643 6.170309 9.447263
v -3.024357 6.170309 9.447263
v -2.197262 6.170309 9.225643
v -1.975643 6.170309 10.052737
v -2.197262 6.170309 10.274357
v -2.500000 6.170309 9.144525
v -2.802738 6.170309 9.225643
v -3.105474 6.170309 9.750000
v -2.802738 6.170309 10.274357
v -2.500000 6.739159 9.144525
v -2.802738 6.739159 9.225643
v -2.197262 6.739159 10.274357
v -3.105474 6.739159 9.750000
v -1.975643 6.739159 10.052737
v -2.197262 6.739159 9.225643
v -3.024357 6.739159 9.447263
v -3.024357 6.739159 10.052737
v -2.802738 6.739159 10.274357
v -1.975643 6.739159 9.447263
v -1.894526 6.739159 9.750000
v -2.500000 6.739159 10.355475
v -2.197262 7.113807 10.274357
v -1.975643 7.113807 10.052737
v -1.894526 7.113807 9.750000
v -1.975643 7.113807 9.447263
v -2.197262 7.113807 9.225643
v -2.500000 7.113807 9.144525
v -2.802738 7.113807 9.225643
v -3.024357 7.113807 9.447263
v -3.105474 7.113807 9.750000
v -3.024357 7.113807 10.052737
v -2.802738 7.113807 10.274357
v -2.500000 7.113807 10.355475
v -2.500000 1.229868 10.356918
v -2.803459 1.229868 10.275606
v -3.025606 1.229868 10.053459
v -3.106918 1.229868 9.750000
v -3.025606 1.229868 9.446541
v -2.803459 1.229868 9.224394
v -2.500000 1.229868 9.143082
v -2.196541 1.229868 9.224394
v -1.974394 1.229868 9.446541
v -1.893082 1.229868 9.750000
v -1.974394 1.229868 10.053459
v -2.196541 1.229868 10.275606
vt 0.848220 0.157817
vt 0.702970 0.176939
vt 0.712868 0.101752
vt 0.983572 0.213881
vt 0.937406 0.274046
vt 0.077289 0.952091
vt 0.022049 0.952091
vt 0.023161 0.861164
vt 0.077289 0.861164
vt 0.792155 0.293168
vt 0.731991 0.247002
vt 0.351910 0.968683
vt 0.296986 0.968683
vt 0.296986 0.952091
vt 0.351910 0.952091
vt 0.964449 0.068631
vt 0.993470 0.138694
vt 0.187138 0.861164
vt 0.187138 0.017065
vt 0.242062 0.017065
vt 0.242062 0.861165
vt 0.759034 0.041588
vt 0.904284 0.022465
vt 0.187138 0.968683
vt 0.187138 0.952091
vt 0.242062 0.952091
vt 0.242062 0.968683
vt 0.681770 0.952091
vt 0.626530 0.952091
vt 0.626530 0.861164
vt 0.680658 0.861164
vt 0.406834 0.952091
vt 0.406834 0.861164
vt 0.461758 0.861164
vt 0.461758 0.952091
vt 0.132213 0.952091
vt 0.132213 0.861165
vt 0.296986 0.861164
vt 0.571606 0.968683
vt 0.516682 0.968683
vt 0.516682 0.952091
vt 0.571606 0.952091
vt 0.516682 0.861164
vt 0.626530 0.968683
vt 0.132213 0.968683
vt 0.077289 0.968683
vt 0.571606 0.861165
vt 0.351910 0.861164
vt 0.681454 0.968683
vt 0.406834 0.968683
vt 0.022365 0.968683
vt 0.461758 0.968683
vt 0.829097 0.012566
vt 0.867342 0.303067
vt 0.132213 0.017065
vt 0.406834 0.017065
vt 0.461758 0.017065
vt 0.296986 0.017065
vt 0.351910 0.017065
vt 0.077289 0.017065
vt 0.516682 0.017065
vt 0.571606 0.017065
vt 0.022365 0.017065
vt 0.626530 0.017065
vt 0.681454 0.017065
vt 1.048220 0.757817
vt 0.902970 0.776939
vt 0.912868 0.701752
vt 1.183572 0.813881
vt 1.137406 0.874046
vt 0.277289 1.552091
vt 0.222049 1.552091
vt 0.223161 1.461164
vt 0.277289 1.461164
vt 0.992155 0.893168
vt 0.931991 0.847002
vt 0.551910 1.568683
vt 0.496986 1.568683
vt 0.496986 1.552091
vt 0.551910 1.552091
vt 1.164449 0.668631
vt 1.193470 0.738694
vt 0.387138 1.461164
vt 0.387138 0.617065
vt 0.442062 0.617065
vt 0.442062 1.461164
vt 0.959034 0.641588
vt 1.104284 0.622465
vt 0.387138 1.568683
vt 0.387138 1.552091
vt 0.442062 1.552091
vt 0.442062 1.568683
vt 0.881770 1.552091
vt 0.826530 1.552091
vt 0.826530 1.461164
vt 0.880658 1.461164
vt 0.606834 1.552091
vt 0.606834 1.461164
vt 0.661758 1.461164
vt 0.661758 1.552091
vt 0.332213 1.552091
vt 0.332213 1.461164
vt 0.496986 1.461164
vt 0.771606 1.568683
vt 0.716682 1.568683
vt 0.716682 1.552091
vt 0.771606 1.552091
vt 0.716682 1.461164
vt 0.826530 1.568683
vt 0.332213 1.568683
vt 0.277289 1.568683
vt 0.771606 1.461164
vt 0.551910 1.461164
vt 0.881454 1.568683
vt 0.606834 1.568683
vt 0.222365 1.568683
vt 0.661758 1.568683
vt 1.029097 0.612566
vt 1.067343 0.903067
vt 0.332213 0.617065
vt 0.606834 0.617065
vt 0.661758 0.617065
vt 0.496986 0.617065
vt 0.551910 0.617065
vt 0.277289 0.617065
vt 0.716682 0.617065
vt 0.771606 0.617065
vt 0.222365 0.617065
vt 0.826530 0.617065
vt 0.881454 0.617065
vt 1.448220 1.957817
vt 1.302970 1.976939
vt 1.312868 1.901752
vt 1.583572 2.013881
vt 1.537406 2.074046
vt 0.677289 2.752091
vt 0.622049 2.752091
vt 0.623161 2.661165
vt 0.677289 2.661165
vt 1.392155 2.093168
vt 1.331991 2.047002
vt 0.951910 2.768682
vt 0.896986 2.768682
vt 0.896986 2.752091
vt 0.951910 2.752091
vt 1.564449 1.868631
vt 1.593470 1.938694
vt 0.787138 2.661165
vt 0.787138 1.817065
vt 0.842062 1.817065
vt 0.842062 2.661165
vt 1.359034 1.841588
vt 1.504284 1.822465
vt 0.787138 2.768682
vt 0.787138 2.752091
vt 0.842062 2.752091
vt 0.842062 2.768682
vt 1.281770 2.752091
vt 1.226530 2.752091
vt 1.226530 2.661165
vt 1.280658 2.661165
vt 1.006834 2.752091
vt 1.006834 2.661165
vt 1.061758 2.661165
vt 1.061758 2.752091
vt 0.732213 2.752091
vt 0.732213 2.661165
vt 0.896986 2.661165
vt 1.171606 2.768682
vt 1.116682 2.768682
vt 1.116682 2.752091
vt 1.171606 2.752091
vt 1.116682 2.661165
vt 1.226530 2.768682
vt 0.732213 2.768682
vt 0.677289 2.768682
vt 1.171606 2.661165
vt 0.951910 2.661164
vt 1.281454 2.768682
vt 1.006834 2.768682
vt 0.622365 2.768682
vt 1.061758 2.768682
vt 1.429097 1.812566
vt 1.467342 2.103067
vt 0.732213 1.817065
vt 1.006834 1.817065
vt 1.061758 1.817065
vt 0.896986 1.817065
vt 0.951910 1.817065
vt 0.677289 1.817065
vt 1.116682 1.817065
vt 1.171606 1.817065
vt 0.622365 1.817065
vt 1.226530 1.817065
vt 1.281454 1.817065
vt 0.948220 0.457817
vt 0.802970 0.476939
vt 0.812868 0.401752
vt 1.083572 0.513881
vt 1.037406 0.574046
vt 0.177289 1.252091
vt 0.122049 1.252091
vt 0.123161 1.161165
vt 0.177289 1.161165
vt 0.892155 0.593168
vt 0.831991 0.547002
vt 0.451910 1.268682
vt 0.396986 1.268682
vt 0.396986 1.252091
vt 0.451910 1.252091
vt 1.064449 0.368631
vt 1.093470 0.438694
vt 0.287138 1.161165
vt 0.287138 0.317065
vt 0.342062 0.317065
vt 0.342062 1.161165
vt 0.859034 0.341588
vt 1.004284 0.322465
vt 0.287138 1.268682
vt 0.287138 1.252091
vt 0.342062 1.252091
vt 0.342062 1.268682
vt 0.781770 1.252091
vt 0.726530 1.252091
vt 0.726530 1.161165
vt 0.780658 1.161164
vt 0.506834 1.252091
vt 0.506834 1.161165
vt 0.561758 1.161164
vt 0.561758 1.252091
vt 0.232213 1.252091
vt 0.232213 1.161165
vt 0.396986 1.161164
vt 0.671606 1.268682
vt 0.616682 1.268682
vt 0.616682 1.252091
vt 0.671606 1.252091
vt 0.616682 1.161165
vt 0.726530 1.268682
vt 0.232213 1.268682
vt 0.177289 1.268682
vt 0.671606 1.161165
vt 0.451910 1.161164
vt 0.781454 1.268682
vt 0.506834 1.268682
vt 0.122365 1.268682
vt 0.561758 1.268682
vt 0.929097 0.312566
vt 0.967342 0.603067
vt 0.232213 0.317065
vt 0.506834 0.317065
vt 0.561758 0.317065
vt 0.396986 0.317065
vt 0.451910 0.317065
vt 0.177289 0.317065
vt 0.616682 0.317065
vt 0.671606 0.317065
vt 0.122365 0.317065
vt 0.726530 0.317065
vt 0.781454 0.317065
vt 1.148220 1.057817
vt 1.002970 1.076939
vt 1.012868 1.001752
vt 1.283572 1.113881
vt 1.237406 1.174046
vt 0.377289 1.852091
vt 0.322049 1.852091
vt 0.323161 1.761164
vt 0.377289 1.761164
vt 1.092155 1.193168
vt 1.031991 1.147002
vt 0.651910 1.868683
vt 0.596986 1.868683
vt 0.596986 1.852091
vt 0.651910 1.852091
vt 1.264449 0.968631
vt 1.293470 1.038694
vt 0.487138 1.761164
vt 0.487138 0.917065
vt 0.542062 0.917065
vt 0.542062 1.761164
vt 1.059034 0.941588
vt 1.204284 0.922465
vt 0.487138 1.868683
vt 0.487138 1.852091
vt 0.542062 1.852091
vt 0.542062 1.868683
vt 0.981770 1.852091
vt 0.926530 1.852091
vt 0.926530 1.761164
vt 0.980658 1.761164
vt 0.706834 1.852091
vt 0.706834 1.761164
vt 0.761758 1.761164
vt 0.761758 1.852091
vt 0.432213 1.852091
vt 0.432213 1.761164
vt 0.596986 1.761164
vt 0.871606 1.868683
vt 0.816682 1.868683
vt 0.816682 1.852091
vt 0.871606 1.852091
vt 0.816682 1.761164
vt 0.926530 1.868683
vt 0.432213 1.868683
vt 0.377289 1.868683
vt 0.871606 1.761164
vt 0.651910 1.761164
vt 0.981454 1.868683
vt 0.706834 1.868683
vt 0.322365 1.868683
vt 0.761758 1.868683
vt 1.129097 0.912566
vt 1.167343 1.203067
vt 0.432213 0.917065
vt 0.706834 0.917065
vt 0.761758 0.917065
vt 0.596986 0.917065
vt 0.651910 0.917065
vt 0.377289 0.917065
vt 0.816682 0.917065
vt 0.871606 0.917065
vt 0.322365 0.917065
vt 0.926530 0.917065
vt 0.981454 0.917065
vt 1.548220 2.257817
vt 1.402970 2.276939
vt 1.412868 2.201752
vt 1.683572 2.313881
vt 1.637406 2.374046
vt 0.777289 3.052091
vt 0.722049 3.052091
vt 0.723161 2.961164
vt 0.777289 2.961164
vt 1.492155 2.393168
vt 1.431991 2.347002
vt 1.051910 3.068682
vt 0.996986 3.068682
vt 0.996986 3.052091
vt 1.051910 3.052091
vt 1.664449 2.168631
vt 1.693470 2.238694
vt 0.887138 2.961164
vt 0.887138 2.117065
vt 0.942062 2.117065
vt 0.942062 2.961164
vt 1.459034 2.141588
vt 1.604284 2.122465
vt 0.887138 3.068682
vt 0.887138 3.052091
vt 0.942062 3.052091
vt 0.942062 3.068682
vt 1.381770 3.052091
vt 1.326530 3.052091
vt 1.326530 2.961164
vt 1.380658 2.961164
vt 1.106834 3.052091
vt 1.106834 2.961164
vt 1.161758 2.961164
vt 1.161758 3.052091
vt 0.832213 3.052091
vt 0.832213 2.961164
vt 0.996986 2.961164
vt 1.271606 3.068682
vt 1.216682 3.068682
vt 1.216682 3.052091
vt 1.271606 3.052091
vt 1.216682 2.961164
vt 1.326530 3.068682
vt 0.832213 3.068682
vt 0.777289 3.068682
vt 1.271606 2.961164
vt 1.051910 2.961164
vt 1.381454 3.068682
vt 1.106834 3.068682
vt 0.722365 3.068682
vt 1.161758 3.068682
vt 1.529097 2.112566
vt 1.567343 2.403067
vt 0.832213 2.117065
vt 1.106834 2.117065
vt 1.161758 2.117065
vt 0.996986 2.117065
vt 1.051910 2.117065
vt 0.777289 2.117065
vt 1.216682 2.117065
vt 1.271606 2.117065
vt 0.722365 2.117065
vt 1.326530 2.117065
vt 1.381454 2.117065
vt 0.848220 0.157817
vt 0.712868 0.101752
vt 0.702970 0.176939
vt 0.983572 0.213881
vt 0.937406 0.274046
vt 0.077289 0.952091
vt 0.077289 0.861164
vt 0.023161 0.861164
vt 0.022049 0.952091
vt 0.792155 0.293168
vt 0.731991 0.247002
vt 0.351910 0.968683
vt 0.351910 0.952091
vt 0.296986 0.952091
vt 0.296986 0.968683
vt 0.964449 0.068631
vt 0.993470 0.138694
vt 0.187138 0.861164
vt 0.242062 0.861165
vt 0.242062 0.017065
vt 0.187138 0.017065
vt 0.759034 0.041588
vt 0.904284 0.022465
vt 0.187138 0.968683
vt 0.242062 0.968683
vt 0.242062 0.952091
vt 0.187138 0.952091
vt 0.681770 0.952091
vt 0.680658 0.861164
vt 0.626530 0.861164
vt 0.626530 0.952091
vt 0.406834 0.952091
vt 0.461758 0.952091
vt 0.461758 0.861164
vt 0.406834 0.861164
vt 0.132213 0.861165
vt 0.132213 0.952091
vt 0.296986 0.861164
vt 0.571606 0.968683
vt 0.571606 0.952091
vt 0.516682 0.952091
vt 0.516682 0.968683
vt 0.516682 0.861164
vt 0.626530 0.968683
vt 0.132213 0.968683
vt 0.077289 0.968683
vt 0.571606 0.861165
vt 0.351910 0.861164
vt 0.681454 0.968683
vt 0.406834 0.968683
vt 0.022365 0.968683
vt 0.461758 0.968683
vt 0.829097 0.012566
vt 0.867342 0.303067
vt 0.132213 0.017065
vt 0.461758 0.017065
vt 0.406834 0.017065
vt 0.351910 0.017065
vt 0.296986 0.017065
vt 0.077289 0.017065
vt 0.571606 0.017065
vt 0.516682 0.017065
vt 0.022365 0.017065
vt 0.626530 0.017065
vt 0.681454 0.017065
vt 1.048220 0.757817
vt 0.912868 0.701752
vt 0.902970 0.776939
vt 1.183572 0.813881
vt 1.137406 0.874046
vt 0.277289 1.552091
vt 0.277289 1.461164
vt 0.223161 1.461164
vt 0.222049 1.552091
vt 0.992155 0.893168
vt 0.931991 0.847002
vt 0.551910 1.568683
vt 0.551910 1.552091
vt 0.496986 1.552091
vt 0.496986 1.568683
vt 1.164449 0.668631
vt 1.193470 0.738694
vt 0.387138 1.461164
vt 0.442062 1.461164
vt 0.442062 0.617065
vt 0.387138 0.617065
vt 0.959034 0.641588
vt 1.104284 0.622465
vt 0.387138 1.568683
vt 0.442062 1.568683
vt 0.442062 1.552091
vt 0.387138 1.552091
vt 0.881770 1.552091
vt 0.880658 1.461164
vt 0.826530 1.461164
vt 0.826530 1.552091
vt 0.606834 1.552091
vt 0.661758 1.552091
vt 0.661758 1.461164
vt 0.606834 1.461164
vt 0.332213 1.461164
vt 0.332213 1.552091
vt 0.496986 1.461164
vt 0.771606 1.568683
vt 0.771606 1.552091
vt 0.716682 1.552091
vt 0.716682 1.568683
vt 0.716682 1.461164
vt 0.826530 1.568683
vt 0.332213 1.568683
vt 0.277289 1.568683
vt 0.771606 1.461164
vt 0.551910 1.461164
vt 0.881454 1.568683
vt 0.606834 1.568683
vt 0.222365 1.568683
vt 0.661758 1.568683
vt 1.029097 0.612566
vt 1.067343 0.903067
vt 0.332213 0.617065
vt 0.661758 0.617065
vt 0.606834 0.617065
vt 0.551910 0.617065
vt 0.496986 0.617065
vt 0.277289 0.617065
vt 0.771606 0.617065
vt 0.716682 0.617065
vt 0.222365 0.617065
vt 0.826530 0.617065
vt 0.881454 0.617065
vt 1.448220 1.957817
vt 1.312868 1.901752
vt 1.302970 1.976939
vt 1.583572 2.013881
vt 1.537406 2.074046
vt 0.677289 2.752091
vt 0.677289 2.661165
vt 0.623161 2.661165
vt 0.622049 2.752091
vt 1.392155 2.093168
vt 1.331991 2.047002
vt 0.951910 2.768682
vt 0.951910 2.752091
vt 0.896986 2.752091
vt 0.896986 2.768682
vt 1.564449 1.868631
vt 1.593470 1.938694
vt 0.787138 2.661165
vt 0.842062 2.661165
vt 0.842062 1.817065
vt 0.787138 1.817065
vt 1.359034 1.841588
vt 1.504284 1.822465
vt 0.787138 2.768682
vt 0.842062 2.768682
vt 0.842062 2.752091
vt 0.787138 2.752091
vt 1.281770 2.752091
vt 1.280658 2.661165
vt 1.226530 2.661165
vt 1.226530 2.752091
vt 1.006834 2.752091
vt 1.061758 2.752091
vt 1.061758 2.661165
vt 1.006834 2.661165
vt 0.732213 2.661165
vt 0.732213 2.752091
vt 0.896986 2.661165
vt 1.171606 2.768682
vt 1.171606 2.752091
vt 1.116682 2.752091
vt 1.116682 2.768682
vt 1.116682 2.661165
vt 1.226530 2.768682
vt 0.732213 2.768682
vt 0.677289 2.768682
vt 1.171606 2.661165
vt 0.951910 2.661164
vt 1.281454 2.768682
vt 1.006834 2.768682
vt 0.622365 2.768682
vt 1.061758 2.768682
vt 1.429097 1.812566
vt 1.467342 2.103067
vt 0.732213 1.817065
vt 1.061758 1.817065
vt 1.006834 1.817065
vt 0.951910 1.817065
vt 0.896986 1.817065
vt 0.677289 1.817065
vt 1.171606 1.817065
vt 1.116682 1.817065
vt 0.622365 1.817065
vt 1.226530 1.817065
vt 1.281454 1.817065
vt 0.948220 0.457817
vt 0.812868 0.401752
vt 0.802970 0.476939
vt 1.083572 0.513881
vt 1.037406 0.574046
vt 0.177289 1.252091
vt 0.177289 1.161165
vt 0.123161 1.161165
vt 0.122049 1.252091
vt 0.892155 0.593168
vt 0.831991 0.547002
vt 0.451910 1.268682
vt 0.451910 1.252091
vt 0.396986 1.252091
vt 0.396986 1.268682
vt 1.064449 0.368631
vt 1.093470 0.438694
vt 0.287138 1.161165
vt 0.342062 1.161165
vt 0.342062 0.317065
vt 0.287138 0.317065
vt 0.859034 0.341588
vt 1.004284 0.322465
vt 0.287138 1.268682
vt 0.342062 1.268682
vt 0.342062 1.252091
vt 0.287138 1.252091
vt 0.781770 1.252091
vt 0.780658 1.161164
vt 0.726530 1.161165
vt 0.726530 1.252091
vt 0.506834 1.252091
vt 0.561758 1.252091
vt 0.561758 1.161164
vt 0.506834 1.161165
vt 0.232213 1.161165
vt 0.232213 1.252091
vt 0.396986 1.161164
vt 0.671606 1.268682
vt 0.671606 1.252091
vt 0.616682 1.252091
vt 0.616682 1.268682
vt 0.616682 1.161165
vt 0.726530 1.268682
vt 0.232213 1.268682
vt 0.177289 1.268682
vt 0.671606 1.161165
vt 0.451910 1.161164
vt 0.781454 1.268682
vt 0.506834 1.268682
vt 0.122365 1.268682
vt 0.561758 1.268682
vt 0.929097 0.312566
vt 0.967342 0.603067
vt 0.232213 0.317065
vt 0.561758 0.317065
vt 0.506834 0.317065
vt 0.451910 0.317065
vt 0.396986 0.317065
vt 0.177289 0.317065
vt 0.671606 0.317065
vt 0.616682 0.317065
vt 0.122365 0.317065
vt 0.726530 0.317065
vt 0.781454 0.317065
vt 1.148220 1.057817
vt 1.012868 1.001752
vt 1.002970 1.076939
vt 1.283572 1.113881
vt 1.237406 1.174046
vt 0.377289 1.852091
vt 0.377289 1.761164
vt 0.323161 1.761164
vt 0.322049 1.852091
vt 1.092155 1.193168
vt 1.031991 1.147002
vt 0.651910 1.868683
vt 0.651910 1.852091
vt 0.596986 1.852091
vt 0.596986 1.868683
vt 1.264449 0.968631
vt 1.293470 1.038694
vt 0.487138 1.761164
vt 0.542062 1.761164
vt 0.542062 0.917065
vt 0.487138 0.917065
vt 1.059034 0.941588
vt 1.204284 0.922465
vt 0.487138 1.868683
vt 0.542062 1.868683
vt 0.542062 1.852091
vt 0.487138 1.852091
vt 0.981770 1.852091
vt 0.980658 1.761164
vt 0.926530 1.761164
vt 0.926530 1.852091
vt 0.706834 1.852091
vt 0.761758 1.852091
vt 0.761758 1.761164
vt 0.706834 1.761164
vt 0.432213 1.761164
vt 0.432213 1.852091
vt 0.596986 1.761164
vt 0.871606 1.868683
vt 0.871606 1.852091
vt 0.816682 1.852091
vt 0.816682 1.868683
vt 0.816682 1.761164
vt 0.926530 1.868683
vt 0.432213 1.868683
vt 0.377289 1.868683
vt 0.871606 1.761164
vt 0.651910 1.761164
vt 0.981454 1.868683
vt 0.706834 1.868683
vt 0.322365 1.868683
vt 0.761758 1.868683
vt 1.129097 0.912566
vt 1.167343 1.203067
vt 0.432213 0.917065
vt 0.761758 0.917065
vt 0.706834 0.917065
vt 0.651910 0.917065
vt 0.596986 0.917065
vt 0.377289 0.917065
vt 0.871606 0.917065
vt 0.816682 0.917065
vt 0.322365 0.917065
vt 0.926530 0.917065
vt 0.981454 0.917065
vt 1.548220 2.257817
vt 1.412868 2.201752
vt 1.402970 2.276939
vt 1.683572 2.313881
vt 1.637406 2.374046
vt 0.777289 3.052091
vt 0.777289 2.961164
vt 0.723161 2.961164
vt 0.722049 3.052091
vt 1.492155 2.393168
vt 1.431991 2.347002
vt 1.051910 3.068682
vt 1.051910 3.052091
vt 0.996986 3.052091
vt 0.996986 3.068682
vt 1.664449 2.168631
vt 1.693470 2.238694
vt 0.887138 2.961164
vt 0.942062 2.961164
vt 0.942062 2.117065
vt 0.887138 2.117065
vt 1.459034 2.141588
vt 1.604284 2.122465
vt 0.887138 3.068682
vt 0.942062 3.068682
vt 0.942062 3.052091
vt 0.887138 3.052091
vt 1.381770 3.052091
vt 1.380658 2.961164
vt 1.326530 2.961164
vt 1.326530 3.052091
vt 1.106834 3.052091
vt 1.161758 3.052091
vt 1.161758 2.961164
vt 1.106834 2.961164
vt 0.832213 2.961164
vt 0.832213 3.052091
vt 0.996986 2.961164
vt 1.271606 3.068682
vt 1.271606 3.052091
vt 1.216682 3.052091
vt 1.216682 3.068682
vt 1.216682 2.961164
vt 1.326530 3.068682
vt 0.832213 3.068682
vt 0.777289 3.068682
vt 1.271606 2.961164
vt 1.051910 2.961164
vt 1.381454 3.068682
vt 1.106834 3.068682
vt 0.722365 3.068682
vt 1.161758 3.068682
vt 1.529097 2.112566
vt 1.567343 2.403067
vt 0.832213 2.117065
vt 1.161758 2.117065
vt 1.106834 2.117065
vt 1.051910 2.117065
vt 0.996986 2.117065
vt 0.777289 2.117065
vt 1.271606 2.117065
vt 1.216682 2.117065
vt 0.722365 2.117065
vt 1.326530 2.117065
vt 1.381454 2.117065
vt 0.848220 0.157817
vt 0.712868 0.101752
vt 0.702970 0.176939
vt 0.983572 0.213881
vt 0.937406 0.274046
vt 0.077289 0.952091
vt 0.077289 0.861164
vt 0.023161 0.861164
vt 0.022049 0.952091
vt 0.792155 0.293168
vt 0.731991 0.247002
vt 0.351910 0.968683
vt 0.351910 0.952091
vt 0.296986 0.952091
vt 0.296986 0.968683
vt 0.964449 0.068631
vt 0.993470 0.138694
vt 0.187138 0.861164
vt 0.242062 0.861165
vt 0.242062 0.017065
vt 0.187138 0.017065
vt 0.759034 0.041588
vt 0.904284 0.022465
vt 0.187138 0.968683
vt 0.242062 0.968683
vt 0.242062 0.952091
vt 0.187138 0.952091
vt 0.681770 0.952091
vt 0.680658 0.861164
vt 0.626530 0.861164
vt 0.626530 0.952091
vt 0.406834 0.952091
vt 0.461758 0.952091
vt 0.461758 0.861164
vt 0.406834 0.861164
vt 0.132213 0.861165
vt 0.132213 0.952091
vt 0.296986 0.861164
vt 0.571606 0.968683
vt 0.571606 0.952091
vt 0.516682 0.952091
vt 0.516682 0.968683
vt 0.516682 0.861164
vt 0.626530 0.968683
vt 0.132213 0.968683
vt 0.077289 0.968683
vt 0.571606 0.861165
vt 0.351910 0.861164
vt 0.681454 0.968683
vt 0.406834 0.968683
vt 0.022365 0.968683
vt 0.461758 0.968683
vt 0.829097 0.012566
vt 0.867342 0.303067
vt 0.132213 0.017065
vt 0.461758 0.017065
vt 0.406834 0.017065
vt 0.351910 0.017065
vt 0.296986 0.017065
vt 0.077289 0.017065
vt 0.571606 0.017065
vt 0.516682 0.017065
vt 0.022365 0.017065
vt 0.626530 0.017065
vt 0.681454 0.017065
vt 1.048220 0.757817
vt 0.912868 0.701752
vt 0.902970 0.776939
vt 1.183572 0.813881
vt 1.137406 0.874046
vt 0.277289 1.552091
vt 0.277289 1.461164
vt 0.223161 1.461164
vt 0.222049 1.552091
vt 0.992155 0.893168
vt 0.931991 0.847002
vt 0.551910 1.568683
vt 0.551910 1.552091
vt 0.496986 1.552091
vt 0.496986 1.568683
vt 1.164449 0.668631
vt 1.193470 0.738694
vt 0.387138 1.461164
vt 0.442062 1.461164
vt 0.442062 0.617065
vt 0.387138 0.617065
vt 0.959034 0.641588
vt 1.104284 0.622465
vt 0.387138 1.568683
vt 0.442062 1.568683
vt 0.442062 1.552091
vt 0.387138 1.552091
vt 0.881770 1.552091
vt 0.880658 1.461164
vt 0.826530 1.461164
vt 0.826530 1.552091
vt 0.606834 1.552091
vt 0.661758 1.552091
vt 0.661758 1.461164
vt 0.606834 1.461164
vt 0.332213 1.461164
vt 0.332213 1.552091
vt 0.496986 1.461164
vt 0.771606 1.568683
vt 0.771606 1.552091
vt 0.716682 1.552091
vt 0.716682 1.568683
vt 0.716682 1.461164
vt 0.826530 1.568683
vt 0.332213 1.568683
vt 0.277289 1.568683
vt 0.771606 1.461164
vt 0.551910 1.461164
vt 0.881454 1.568683
vt 0.606834 1.568683
vt 0.222365 1.568683
vt 0.661758 1.568683
vt 1.029097 0.612566
vt 1.067343 0.903067
vt 0.332213 0.617065
vt 0.661758 0.617065
vt 0.606834 0.617065
vt 0.551910 0.617065
vt 0.496986 0.617065
vt 0.277289 0.617065
vt 0.771606 0.617065
vt 0.716682 0.617065
vt 0.222365 0.617065
vt 0.826530 0.617065
vt 0.881454 0.617065
vt 1.448220 1.957817
vt 1.312868 1.901752
vt 1.302970 1.976939
vt 1.583572 2.013881
vt 1.537406 2.074046
vt 0.677289 2.752091
vt 0.677289 2.661165
vt 0.623161 2.661165
vt 0.622049 2.752091
vt 1.392155 2.093168
vt 1.331991 2.047002
vt 0.951910 2.768682
vt 0.951910 2.752091
vt 0.896986 2.752091
vt 0.896986 2.768682
vt 1.564449 1.868631
vt 1.593470 1.938694
vt 0.787138 2.661165
vt 0.842062 2.661165
vt 0.842062 1.817065
vt 0.787138 1.817065
vt 1.359034 1.841588
vt 1.504284 1.822465
vt 0.787138 2.768682
vt 0.842062 2.768682
vt 0.842062 2.752091
vt 0.787138 2.752091
vt 1.281770 2.752091
vt 1.280658 2.661165
vt 1.226530 2.661165
vt 1.226530 2.752091
vt 1.006834 2.752091
vt 1.061758 2.752091
vt 1.061758 2.661165
vt 1.006834 2.661165
vt 0.732213 2.661165
vt 0.732213 2.752091
vt 0.896986 2.661165
vt 1.171606 2.768682
vt 1.171606 2.752091
vt 1.116682 2.752091
vt 1.116682 2.768682
vt 1.116682 2.661165
vt 1.226530 2.768682
vt 0.732213 2.768682
vt 0.677289 2.768682
vt 1.171606 2.661165
vt 0.951910 2.661164
vt 1.281454 2.768682
vt 1.006834 2.768682
vt 0.622365 2.768682
vt 1.061758 2.768682
vt 1.429097 1.812566
vt 1.467342 2.103067
vt 0.732213 1.817065
vt 1.061758 1.817065
vt 1.006834 1.817065
vt 0.951910 1.817065
vt 0.896986 1.817065
vt 0.677289 1.817065
vt 1.171606 1.817065
vt 1.116682 1.817065
vt 0.622365 1.817065
vt 1.226530 1.817065
vt 1.281454 1.817065
vt 0.948220 0.457817
vt 0.812868 0.401752
vt 0.802970 0.476939
vt 1.083572 0.513881
vt 1.037406 0.574046
vt 0.177289 1.252091
vt 0.177289 1.161165
vt 0.123161 1.161165
vt 0.122049 1.252091
vt 0.892155 0.593168
vt 0.831991 0.547002
vt 0.451910 1.268682
vt 0.451910 1.252091
vt 0.396986 1.252091
vt 0.396986 1.268682
vt 1.064449 0.368631
vt 1.093470 0.438694
vt 0.287138 1.161165
vt 0.342062 1.161165
vt 0.342062 0.317065
vt 0.287138 0.317065
vt 0.859034 0.341588
vt 1.004284 0.322465
vt 0.287138 1.268682
vt 0.342062 1.268682
vt 0.342062 1.252091
vt 0.287138 1.252091
vt 0.781770 1.252091
vt 0.780658 1.161164
vt 0.726530 1.161165
vt 0.726530 1.252091
vt 0.506834 1.252091
vt 0.561758 1.252091
vt 0.561758 1.161164
vt 0.506834 1.161165
vt 0.232213 1.161165
vt 0.232213 1.252091
vt 0.396986 1.161164
vt 0.671606 1.268682
vt 0.671606 1.252091
vt 0.616682 1.252091
vt 0.616682 1.268682
vt 0.616682 1.161165
vt 0.726530 1.268682
vt 0.232213 1.268682
vt 0.177289 1.268682
vt 0.671606 1.161165
vt 0.451910 1.161164
vt 0.781454 1.268682
vt 0.506834 1.268682
vt 0.122365 1.268682
vt 0.561758 1.268682
vt 0.929097 0.312566
vt 0.967342 0.603067
vt 0.232213 0.317065
vt 0.561758 0.317065
vt 0.506834 0.317065
vt 0.451910 0.317065
vt 0.396986 0.317065
vt 0.177289 0.317065
vt 0.671606 0.317065
vt 0.616682 0.317065
vt 0.122365 0.317065
vt 0.726530 0.317065
vt 0.781454 0.317065
vt 1.148220 1.057817
vt 1.012868 1.001752
vt 1.002970 1.076939
vt 1.283572 1.113881
vt 1.237406 1.174046
vt 0.377289 1.852091
vt 0.377289 1.761164
vt 0.323161 1.761164
vt 0.322049 1.852091
vt 1.092155 1.193168
vt 1.031991 1.147002
vt 0.651910 1.868683
vt 0.651910 1.852091
vt 0.596986 1.852091
vt 0.596986 1.868683
vt 1.264449 0.968631
vt 1.293470 1.038694
vt 0.487138 1.761164
vt 0.542062 1.761164
vt 0.542062 0.917065
vt 0.487138 0.917065
vt 1.059034 0.941588
vt 1.204284 0.922465
vt 0.487138 1.868683
vt 0.542062 1.868683
vt 0.542062 1.852091
vt 0.487138 1.852091
vt 0.981770 1.852091
vt 0.980658 1.761164
vt 0.926530 1.761164
vt 0.926530 1.852091
vt 0.706834 1.852091
vt 0.761758 1.852091
vt 0.761758 1.761164
vt 0.706834 1.761164
vt 0.432213 1.761164
vt 0.432213 1.852091
vt 0.596986 1.761164
vt 0.871606 1.868683
vt 0.871606 1.852091
vt 0.816682 1.852091
vt 0.816682 1.868683
vt 0.816682 1.761164
vt 0.926530 1.868683
vt 0.432213 1.868683
vt 0.377289 1.868683
vt 0.871606 1.761164
vt 0.651910 1.761164
vt 0.981454 1.868683
vt 0.706834 1.868683
vt 0.322365 1.868683
vt 0.761758 1.868683
vt 1.129097 0.912566
vt 1.167343 1.203067
vt 0.432213 0.917065
vt 0.761758 0.917065
vt 0.706834 0.917065
vt 0.651910 0.917065
vt 0.596986 0.917065
vt 0.377289 0.917065
vt 0.871606 0.917065
vt 0.816682 0.917065
vt 0.322365 0.917065
vt 0.926530 0.917065
vt 0.981454 0.917065
vt 1.548220 2.257817
vt 1.412868 2.201752
vt 1.402970 2.276939
vt 1.683572 2.313881
vt 1.637406 2.374046
vt 0.777289 3.052091
vt 0.777289 2.961164
vt 0.723161 2.961164
vt 0.722049 3.052091
vt 1.492155 2.393168
vt 1.431991 2.347002
vt 1.051910 3.068682
vt 1.051910 3.052091
vt 0.996986 3.052091
vt 0.996986 3.068682
vt 1.664449 2.168631
vt 1.693470 2.238694
vt 0.887138 2.961164
vt 0.942062 2.961164
vt 0.942062 2.117065
vt 0.887138 2.117065
vt 1.459034 2.141588
vt 1.604284 2.122465
vt 0.887138 3.068682
vt 0.942062 3.068682
vt 0.942062 3.052091
vt 0.887138 3.052091
vt 1.381770 3.052091
vt 1.380658 2.961164
vt 1.326530 2.961164
vt 1.326530 3.052091
vt 1.106834 3.052091
vt 1.161758 3.052091
vt 1.161758 2.961164
vt 1.106834 2.961164
vt 0.832213 2.961164
vt 0.832213 3.052091
vt 0.996986 2.961164
vt 1.271606 3.068682
vt 1.271606 3.052091
vt 1.216682 3.052091
vt 1.216682 3.068682
vt 1.216682 2.961164
vt 1.326530 3.068682
vt 0.832213 3.068682
vt 0.777289 3.068682
vt 1.271606 2.961164
vt 1.051910 2.961164
vt 1.381454 3.068682
vt 1.106834 3.068682
vt 0.722365 3.068682
vt 1.161758 3.068682
vt 1.529097 2.112566
vt 1.567343 2.403067
vt 0.832213 2.117065
vt 1.161758 2.117065
vt 1.106834 2.117065
vt 1.051910 2.117065
vt 0.996986 2.117065
vt 0.777289 2.117065
vt 1.271606 2.117065
vt 1.216682 2.117065
vt 0.722365 2.117065
vt 1.326530 2.117065
vt 1.381454 2.117065
vt 0.848220 0.157817
vt 0.702970 0.176939
vt 0.712868 0.101752
vt 0.983572 0.213881
vt 0.937406 0.274046
vt 0.077289 0.952091
vt 0.022049 0.952091
vt 0.023161 0.861164
vt 0.077289 0.861164
vt 0.792155 0.293168
vt 0.731991 0.247002
vt 0.351910 0.968683
vt 0.296986 0.968683
vt 0.296986 0.952091
vt 0.351910 0.952091
vt 0.964449 0.068631
vt 0.993470 0.138694
vt 0.187138 0.861164
vt 0.187138 0.017065
vt 0.242062 0.017065
vt 0.242062 0.861165
vt 0.759034 0.041588
vt 0.904284 0.022465
vt 0.187138 0.968683
vt 0.187138 0.952091
vt 0.242062 0.952091
vt 0.242062 0.968683
vt 0.681770 0.952091
vt 0.626530 0.952091
vt 0.626530 0.861164
vt 0.680658 0.861164
vt 0.406834 0.952091
vt 0.406834 0.861164
vt 0.461758 0.861164
vt 0.461758 0.952091
vt 0.132213 0.952091
vt 0.132213 0.861165
vt 0.296986 0.861164
vt 0.571606 0.968683
vt 0.516682 0.968683
vt 0.516682 0.952091
vt 0.571606 0.952091
vt 0.516682 0.861164
vt 0.626530 0.968683
vt 0.132213 0.968683
vt 0.077289 0.968683
vt 0.571606 0.861165
vt 0.351910 0.861164
vt 0.681454 0.968683
vt 0.406834 0.968683
vt 0.022365 0.968683
vt 0.461758 0.968683
vt 0.829097 0.012566
vt 0.867342 0.303067
vt 0.132213 0.017065
vt 0.406834 0.017065
vt 0.461758 0.017065
vt 0.296986 0.017065
vt 0.351910 0.017065
vt 0.077289 0.017065
vt 0.516682 0.017065
vt 0.571606 0.017065
vt 0.022365 0.017065
vt 0.626530 0.017065
vt 0.681454 0.017065
vt 1.048220 0.757817
vt 0.902970 0.776939
vt 0.912868 0.701752
vt 1.183572 0.813881
vt 1.137406 0.874046
vt 0.277289 1.552091
vt 0.222049 1.552091
vt 0.223161 1.461164
vt 0.277289 1.461164
vt 0.992155 0.893168
vt 0.931991 0.847002
vt 0.551910 1.568683
vt 0.496986 1.568683
vt 0.496986 1.552091
vt 0.551910 1.552091
vt 1.164449 0.668631
vt 1.193470 0.738694
vt 0.387138 1.461164
vt 0.387138 0.617065
vt 0.442062 0.617065
vt 0.442062 1.461164
vt 0.959034 0.641588
vt 1.104284 0.622465
vt 0.387138 1.568683
vt 0.387138 1.552091
vt 0.442062 1.552091
vt 0.442062 1.568683
vt 0.881770 1.552091
vt 0.826530 1.552091
vt 0.826530 1.461164
vt 0.880658 1.461164
vt 0.606834 1.552091
vt 0.606834 1.461164
vt 0.661758 1.461164
vt 0.661758 1.552091
vt 0.332213 1.552091
vt 0.332213 1.461164
vt 0.496986 1.461164
vt 0.771606 1.568683
vt 0.716682 1.568683
vt 0.716682 1.552091
vt 0.771606 1.552091
vt 0.716682 1.461164
vt 0.826530 1.568683
vt 0.332213 1.568683
vt 0.277289 1.568683
vt 0.771606 1.461164
vt 0.551910 1.461164
vt 0.881454 1.568683
vt 0.606834 1.568683
vt 0.222365 1.568683
vt 0.661758 1.568683
vt 1.029097 0.612566
vt 1.067343 0.903067
vt 0.332213 0.617065
vt 0.606834 0.617065
vt 0.661758 0.617065
vt 0.496986 0.617065
vt 0.551910 0.617065
vt 0.277289 0.617065
vt 0.716682 0.617065
vt 0.771606 0.617065
vt 0.222365 0.617065
vt 0.826530 0.617065
vt 0.881454 0.617065
vt 1.448220 1.957817
vt 1.302970 1.976939
vt 1.312868 1.901752
vt 1.583572 2.013881
vt 1.537406 2.074046
vt 0.677289 2.752091
vt 0.622049 2.752091
vt 0.623161 2.661165
vt 0.677289 2.661165
vt 1.392155 2.093168
vt 1.331991 2.047002
vt 0.951910 2.768682
vt 0.896986 2.768682
vt 0.896986 2.752091
vt 0.951910 2.752091
vt 1.564449 1.868631
vt 1.593470 1.938694
vt 0.787138 2.661165
vt 0.787138 1.817065
vt 0.842062 1.817065
vt 0.842062 2.661165
vt 1.359034 1.841588
vt 1.504284 1.822465
vt 0.787138 2.768682
vt 0.787138 2.752091
vt 0.842062 2.752091
vt 0.842062 2.768682
vt 1.281770 2.752091
vt 1.226530 2.752091
vt 1.226530 2.661165
vt 1.280658 2.661165
vt 1.006834 2.752091
vt 1.006834 2.661165
vt 1.061758 2.661165
vt 1.061758 2.752091
vt 0.732213 2.752091
vt 0.732213 2.661165
vt 0.896986 2.661165
vt 1.171606 2.768682
vt 1.116682 2.768682
vt 1.116682 2.752091
vt 1.171606 2.752091
vt 1.116682 2.661165
vt 1.226530 2.768682
vt 0.732213 2.768682
vt 0.677289 2.768682
vt 1.171606 2.661165
vt 0.951910 2.661164
vt 1.281454 2.768682
vt 1.006834 2.768682
vt 0.622365 2.768682
vt 1.061758 2.768682
vt 1.429097 1.812566
vt 1.467342 2.103067
vt 0.732213 1.817065
vt 1.006834 1.817065
vt 1.061758 1.817065
vt 0.896986 1.817065
vt 0.951910 1.817065
vt 0.677289 1.817065
vt 1.116682 1.817065
vt 1.171606 1.817065
vt 0.622365 1.817065
vt 1.226530 1.817065
vt 1.281454 1.817065
vt 0.948220 0.457817
vt 0.802970 0.476939
vt 0.812868 0.401752
vt 1.083572 0.513881
vt 1.037406 0.574046
vt 0.177289 1.252091
vt 0.122049 1.252091
vt 0.123161 1.161165
vt 0.177289 1.161165
vt 0.892155 0.593168
vt 0.831991 0.547002
vt 0.451910 1.268682
vt 0.396986 1.268682
vt 0.396986 1.252091
vt 0.451910 1.252091
vt 1.064449 0.368631
vt 1.093470 0.438694
vt 0.287138 1.161165
vt 0.287138 0.317065
vt 0.342062 0.317065
vt 0.342062 1.161165
vt 0.859034 0.341588
vt 1.004284 0.322465
vt 0.287138 1.268682
vt 0.287138 1.252091
vt 0.342062 1.252091
vt 0.342062 1.268682
vt 0.781770 1.252091
vt 0.726530 1.252091
vt 0.726530 1.161165
vt 0.780658 1.161164
vt 0.506834 1.252091
vt 0.506834 1.161165
vt 0.561758 1.161164
vt 0.561758 1.252091
vt 0.232213 1.252091
vt 0.232213 1.161165
vt 0.396986 1.161164
vt 0.671606 1.268682
vt 0.616682 1.268682
vt 0.616682 1.252091
vt 0.671606 1.252091
vt 0.616682 1.161165
vt 0.726530 1.268682
vt 0.232213 1.268682
vt 0.177289 1.268682
vt 0.671606 1.161165
vt 0.451910 1.161164
vt 0.781454 1.268682
vt 0.506834 1.268682
vt 0.122365 1.268682
vt 0.561758 1.268682
vt 0.929097 0.312566
vt 0.967342 0.603067
vt 0.232213 0.317065
vt 0.506834 0.317065
vt 0.561758 0.317065
vt 0.396986 0.317065
vt 0.451910 0.317065
vt 0.177289 0.317065
vt 0.616682 0.317065
vt 0.671606 0.317065
vt 0.122365 0.317065
vt 0.726530 0.317065
vt 0.781454 0.317065
vt 1.148220 1.057817
vt 1.002970 1.076939
vt 1.012868 1.001752
vt 1.283572 1.113881
vt 1.237406 1.174046
vt 0.377289 1.852091
vt 0.322049 1.852091
vt 0.323161 1.761164
vt 0.377289 1.761164
vt 1.092155 1.193168
vt 1.031991 1.147002
vt 0.651910 1.868683
vt 0.596986 1.868683
vt 0.596986 1.852091
vt 0.651910 1.852091
vt 1.264449 0.968631
vt 1.293470 1.038694
vt 0.487138 1.761164
vt 0.487138 0.917065
vt 0.542062 0.917065
vt 0.542062 1.761164
vt 1.059034 0.941588
vt 1.204284 0.922465
vt 0.487138 1.868683
vt 0.487138 1.852091
vt 0.542062 1.852091
vt 0.542062 1.868683
vt 0.981770 1.852091
vt 0.926530 1.852091
vt 0.926530 1.761164
vt 0.980658 1.761164
vt 0.706834 1.852091
vt 0.706834 1.761164
vt 0.761758 1.761164
vt 0.761758 1.852091
vt 0.432213 1.852091
vt 0.432213 1.761164
vt 0.596986 1.761164
vt 0.871606 1.868683
vt 0.816682 1.868683
vt 0.816682 1.852091
vt 0.871606 1.852091
vt 0.816682 1.761164
vt 0.926530 1.868683
vt 0.432213 1.868683
vt 0.377289 1.868683
vt 0.871606 1.761164
vt 0.651910 1.761164
vt 0.981454 1.868683
vt 0.706834 1.868683
vt 0.322365 1.868683
vt 0.761758 1.868683
vt 1.129097 0.912566
vt 1.167343 1.203067
vt 0.432213 0.917065
vt 0.706834 0.917065
vt 0.761758 0.917065
vt 0.596986 0.917065
vt 0.651910 0.917065
vt 0.377289 0.917065
vt 0.816682 0.917065
vt 0.871606 0.917065
vt 0.322365 0.917065
vt 0.926530 0.917065
vt 0.981454 0.917065
vt 1.548220 2.257817
vt 1.402970 2.276939
vt 1.412868 2.201752
vt 1.683572 2.313881
vt 1.637406 2.374046
vt 0.777289 3.052091
vt 0.722049 3.052091
vt 0.723161 2.961164
vt 0.777289 2.961164
vt 1.492155 2.393168
vt 1.431991 2.347002
vt 1.051910 3.068682
vt 0.996986 3.068682
vt 0.996986 3.052091
vt 1.051910 3.052091
vt 1.664449 2.168631
vt 1.693470 2.238694
vt 0.887138 2.961164
vt 0.887138 2.117065
vt 0.942062 2.117065
vt 0.942062 2.961164
vt 1.459034 2.141588
vt 1.604284 2.122465
vt 0.887138 3.068682
vt 0.887138 3.052091
vt 0.942062 3.052091
vt 0.942062 3.068682
vt 1.381770 3.052091
vt 1.326530 3.052091
vt 1.326530 2.961164
vt 1.380658 2.961164
vt 1.106834 3.052091
vt 1.106834 2.961164
vt 1.161758 2.961164
vt 1.161758 3.052091
vt 0.832213 3.052091
vt 0.832213 2.961164
vt 0.996986 2.961164
vt 1.271606 3.068682
vt 1.216682 3.068682
vt 1.216682 3.052091
vt 1.271606 3.052091
vt 1.216682 2.961164
vt 1.326530 3.068682
vt 0.832213 3.068682
vt 0.777289 3.068682
vt 1.271606 2.961164
vt 1.051910 2.961164
vt 1.381454 3.068682
vt 1.106834 3.068682
vt 0.722365 3.068682
vt 1.161758 3.068682
vt 1.529097 2.112566
vt 1.567343 2.403067
vt 0.832213 2.117065
vt 1.106834 2.117065
vt 1.161758 2.117065
vt 0.996986 2.117065
vt 1.051910 2.117065
vt 0.777289 2.117065
vt 1.216682 2.117065
vt 1.271606 2.117065
vt 0.722365 2.117065
vt 1.326530 2.117065
vt 1.381454 2.117065
vt 0.096610 0.994063
vt 0.096610 1.052611
vt 0.047209 1.052610
vt 0.047209 0.994063
vt 0.541219 0.994063
vt 0.541219 1.052610
vt 0.491818 1.052610
vt 0.491818 0.994063
vt 0.590620 0.994063
vt 0.590620 1.052610
vt 0.393016 0.994063
vt 0.442417 0.994063
vt 0.442417 1.052610
vt 0.393016 1.052610
vt 0.294214 0.994063
vt 0.343615 0.994063
vt 0.343615 1.052610
vt 0.294214 1.052610
vt 0.146011 0.994063
vt 0.195412 0.994063
vt 0.195412 1.052611
vt 0.146011 1.052610
vt 0.244813 0.994063
vt 0.244813 1.052610
vt 0.640020 0.994063
vt 0.640021 1.052610
vt 0.296610 1.594063
vt 0.296610 1.652611
vt 0.247209 1.652610
vt 0.247209 1.594063
vt 0.741219 1.594063
vt 0.741219 1.652610
vt 0.691818 1.652610
vt 0.691818 1.594063
vt 0.790620 1.594063
vt 0.790620 1.652610
vt 0.593016 1.594063
vt 0.642417 1.594063
vt 0.642417 1.652610
vt 0.593016 1.652610
vt 0.494214 1.594063
vt 0.543615 1.594063
vt 0.543615 1.652610
vt 0.494214 1.652610
vt 0.346011 1.594063
vt 0.395412 1.594063
vt 0.395412 1.652611
vt 0.346011 1.652610
vt 0.444813 1.594063
vt 0.444813 1.652610
vt 0.840020 1.594063
vt 0.840021 1.652610
vt 0.696610 2.794063
vt 0.696610 2.852611
vt 0.647209 2.852610
vt 0.647209 2.794063
vt 1.141219 2.794063
vt 1.141219 2.852610
vt 1.091818 2.852610
vt 1.091818 2.794063
vt 1.190620 2.794063
vt 1.190620 2.852610
vt 0.993016 2.794063
vt 1.042417 2.794063
vt 1.042417 2.852610
vt 0.993016 2.852610
vt 0.894214 2.794063
vt 0.943615 2.794063
vt 0.943615 2.852610
vt 0.894214 2.852611
vt 0.746011 2.794063
vt 0.795412 2.794063
vt 0.795412 2.852611
vt 0.746011 2.852610
vt 0.844813 2.794063
vt 0.844813 2.852611
vt 1.240020 2.794063
vt 1.240021 2.852610
vt 0.196610 1.294063
vt 0.196610 1.352611
vt 0.147209 1.352610
vt 0.147209 1.294063
vt 0.641219 1.294063
vt 0.641219 1.352610
vt 0.591818 1.352610
vt 0.591818 1.294063
vt 0.690620 1.294063
vt 0.690620 1.352610
vt 0.493016 1.294063
vt 0.542417 1.294063
vt 0.542417 1.352610
vt 0.493016 1.352610
vt 0.394214 1.294063
vt 0.443615 1.294063
vt 0.443615 1.352610
vt 0.394214 1.352610
vt 0.246011 1.294063
vt 0.295412 1.294063
vt 0.295412 1.352611
vt 0.246011 1.352610
vt 0.344813 1.294063
vt 0.344813 1.352610
vt 0.740020 1.294063
vt 0.740021 1.352610
vt 0.396610 1.894063
vt 0.396610 1.952611
vt 0.347209 1.952610
vt 0.347209 1.894063
vt 0.841219 1.894063
vt 0.841219 1.952610
vt 0.791818 1.952610
vt 0.791818 1.894063
vt 0.890620 1.894063
vt 0.890620 1.952610
vt 0.693016 1.894063
vt 0.742417 1.894063
vt 0.742417 1.952610
vt 0.693016 1.952610
vt 0.594214 1.894063
vt 0.643615 1.894063
vt 0.643615 1.952610
vt 0.594214 1.952610
vt 0.446011 1.894063
vt 0.495412 1.894063
vt 0.495412 1.952611
vt 0.446011 1.952610
vt 0.544813 1.894063
vt 0.544813 1.952610
vt 0.940020 1.894063
vt 0.940021 1.952610
vt 0.796610 3.094063
vt 0.796610 3.152611
vt 0.747209 3.152610
vt 0.747209 3.094063
vt 1.241219 3.094063
vt 1.241219 3.152610
vt 1.191818 3.152610
vt 1.191818 3.094063
vt 1.290620 3.094063
vt 1.290620 3.152610
vt 1.093016 3.094063
vt 1.142417 3.094063
vt 1.142417 3.152610
vt 1.093016 3.152610
vt 0.994214 3.094063
vt 1.043615 3.094063
vt 1.043615 3.152610
vt 0.994214 3.152611
vt 0.846011 3.094063
vt 0.895412 3.094063
vt 0.895412 3.152611
vt 0.846011 3.152610
vt 0.944813 3.094063
vt 0.944813 3.152611
vt 1.340020 3.094063
vt 1.340021 3.152610
vt 0.096610 0.994063
vt 0.047209 0.994063
vt 0.047209 1.052610
vt 0.096610 1.052611
vt 0.541219 0.994063
vt 0.491818 0.994063
vt 0.491818 1.052610
vt 0.541219 1.052610
vt 0.590620 1.052610
vt 0.590620 0.994063
vt 0.393016 0.994063
vt 0.393016 1.052610
vt 0.442417 1.052610
vt 0.442417 0.994063
vt 0.294214 0.994063
vt 0.294214 1.052610
vt 0.343615 1.052610
vt 0.343615 0.994063
vt 0.146011 0.994063
vt 0.146011 1.052610
vt 0.195412 1.052611
vt 0.195412 0.994063
vt 0.244813 0.994063
vt 0.244813 1.052610
vt 0.640021 1.052610
vt 0.640020 0.994063
vt 0.296610 1.594063
vt 0.247209 1.594063
vt 0.247209 1.652610
vt 0.296610 1.652611
vt 0.741219 1.594063
vt 0.691818 1.594063
vt 0.691818 1.652610
vt 0.741219 1.652610
vt 0.790620 1.652610
vt 0.790620 1.594063
vt 0.593016 1.594063
vt 0.593016 1.652610
vt 0.642417 1.652610
vt 0.642417 1.594063
vt 0.494214 1.594063
vt 0.494214 1.652610
vt 0.543615 1.652610
vt 0.543615 1.594063
vt 0.346011 1.594063
vt 0.346011 1.652610
vt 0.395412 1.652611
vt 0.395412 1.594063
vt 0.444813 1.594063
vt 0.444813 1.652610
vt 0.840021 1.652610
vt 0.840020 1.594063
vt 0.696610 2.794063
vt 0.647209 2.794063
vt 0.647209 2.852610
vt 0.696610 2.852611
vt 1.141219 2.794063
vt 1.091818 2.794063
vt 1.091818 2.852610
vt 1.141219 2.852610
vt 1.190620 2.852610
vt 1.190620 2.794063
vt 0.993016 2.794063
vt 0.993016 2.852610
vt 1.042417 2.852610
vt 1.042417 2.794063
vt 0.894214 2.794063
vt 0.894214 2.852611
vt 0.943615 2.852610
vt 0.943615 2.794063
vt 0.746011 2.794063
vt 0.746011 2.852610
vt 0.795412 2.852611
vt 0.795412 2.794063
vt 0.844813 2.794063
vt 0.844813 2.852611
vt 1.240021 2.852610
vt 1.240020 2.794063
vt 0.196610 1.294063
vt 0.147209 1.294063
vt 0.147209 1.352610
vt 0.196610 1.352611
vt 0.641219 1.294063
vt 0.591818 1.294063
vt 0.591818 1.352610
vt 0.641219 1.352610
vt 0.690620 1.352610
vt 0.690620 1.294063
vt 0.493016 1.294063
vt 0.493016 1.352610
vt 0.542417 1.352610
vt 0.542417 1.294063
vt 0.394214 1.294063
vt 0.394214 1.352610
vt 0.443615 1.352610
vt 0.443615 1.294063
vt 0.246011 1.294063
vt 0.246011 1.352610
vt 0.295412 1.352611
vt 0.295412 1.294063
vt 0.344813 1.294063
vt 0.344813 1.352610
vt 0.740021 1.352610
vt 0.740020 1.294063
vt 0.396610 1.894063
vt 0.347209 1.894063
vt 0.347209 1.952610
vt 0.396610 1.952611
vt 0.841219 1.894063
vt 0.791818 1.894063
vt 0.791818 1.952610
vt 0.841219 1.952610
vt 0.890620 1.952610
vt 0.890620 1.894063
vt 0.693016 1.894063
vt 0.693016 1.952610
vt 0.742417 1.952610
vt 0.742417 1.894063
vt 0.594214 1.894063
vt 0.594214 1.952610
vt 0.643615 1.952610
vt 0.643615 1.894063
vt 0.446011 1.894063
vt 0.446011 1.952610
vt 0.495412 1.952611
vt 0.495412 1.894063
vt 0.544813 1.894063
vt 0.544813 1.952610
vt 0.940021 1.952610
vt 0.940020 1.894063
vt 0.796610 3.094063
vt 0.747209 3.094063
vt 0.747209 3.152610
vt 0.796610 3.152611
vt 1.241219 3.094063
vt 1.191818 3.094063
vt 1.191818 3.152610
vt 1.241219 3.152610
vt 1.290620 3.152610
vt 1.290620 3.094063
vt 1.093016 3.094063
vt 1.093016 3.152610
vt 1.142417 3.152610
vt 1.142417 3.094063
vt 0.994214 3.094063
vt 0.994214 3.152611
vt 1.043615 3.152610
vt 1.043615 3.094063
vt 0.846011 3.094063
vt 0.846011 3.152610
vt 0.895412 3.152611
vt 0.895412 3.094063
vt 0.944813 3.094063
vt 0.944813 3.152611
vt 1.340021 3.152610
vt 1.340020 3.094063
vt 0.096610 0.994063
vt 0.047209 0.994063
vt 0.047209 1.052610
vt 0.096610 1.052611
vt 0.541219 0.994063
vt 0.491818 0.994063
vt 0.491818 1.052610
vt 0.541219 1.052610
vt 0.590620 1.052610
vt 0.590620 0.994063
vt 0.393016 0.994063
vt 0.393016 1.052610
vt 0.442417 1.052610
vt 0.442417 0.994063
vt 0.294214 0.994063
vt 0.294214 1.052610
vt 0.343615 1.052610
vt 0.343615 0.994063
vt 0.146011 0.994063
vt 0.146011 1.052610
vt 0.195412 1.052611
vt 0.195412 0.994063
vt 0.244813 0.994063
vt 0.244813 1.052610
vt 0.640021 1.052610
vt 0.640020 0.994063
vt 0.296610 1.594063
vt 0.247209 1.594063
vt 0.247209 1.652610
vt 0.296610 1.652611
vt 0.741219 1.594063
vt 0.691818 1.594063
vt 0.691818 1.652610
vt 0.741219 1.652610
vt 0.790620 1.652610
vt 0.790620 1.594063
vt 0.593016 1.594063
vt 0.593016 1.652610
vt 0.642417 1.652610
vt 0.642417 1.594063
vt 0.494214 1.594063
vt 0.494214 1.652610
vt 0.543615 1.652610
vt 0.543615 1.594063
vt 0.346011 1.594063
vt 0.346011 1.652610
vt 0.395412 1.652611
vt 0.395412 1.594063
vt 0.444813 1.594063
vt 0.444813 1.652610
vt 0.840021 1.652610
vt 0.840020 1.594063
vt 0.696610 2.794063
vt 0.647209 2.794063
vt 0.647209 2.852610
vt 0.696610 2.852611
vt 1.141219 2.794063
vt 1.091818 2.794063
vt 1.091818 2.852610
vt 1.141219 2.852610
vt 1.190620 2.852610
vt 1.190620 2.794063
vt 0.993016 2.794063
vt 0.993016 2.852610
vt 1.042417 2.852610
vt 1.042417 2.794063
vt 0.894214 2.794063
vt 0.894214 2.852611
vt 0.943615 2.852610
vt 0.943615 2.794063
vt 0.746011 2.794063
vt 0.746011 2.852610
vt 0.795412 2.852611
vt 0.795412 2.794063
vt 0.844813 2.794063
vt 0.844813 2.852611
vt 1.240021 2.852610
vt 1.240020 2.794063
vt 0.196610 1.294063
vt 0.147209 1.294063
vt 0.147209 1.352610
vt 0.196610 1.352611
vt 0.641219 1.294063
vt 0.591818 1.294063
vt 0.591818 1.352610
vt 0.641219 1.352610
vt 0.690620 1.352610
vt 0.690620 1.294063
vt 0.493016 1.294063
vt 0.493016 1.352610
vt 0.542417 1.352610
vt 0.542417 1.294063
vt 0.394214 1.294063
vt 0.394214 1.352610
vt 0.443615 1.352610
vt 0.443615 1.294063
vt 0.246011 1.294063
vt 0.246011 1.352610
vt 0.295412 1.352611
vt 0.295412 1.294063
vt 0.344813 1.294063
vt 0.344813 1.352610
vt 0.740021 1.352610
vt 0.740020 1.294063
vt 0.396610 1.894063
vt 0.347209 1.894063
vt 0.347209 1.952610
vt 0.396610 1.952611
vt 0.841219 1.894063
vt 0.791818 1.894063
vt 0.791818 1.952610
vt 0.841219 1.952610
vt 0.890620 1.952610
vt 0.890620 1.894063
vt 0.693016 1.894063
vt 0.693016 1.952610
vt 0.742417 1.952610
vt 0.742417 1.894063
vt 0.594214 1.894063
vt 0.594214 1.952610
vt 0.643615 1.952610
vt 0.643615 1.894063
vt 0.446011 1.894063
vt 0.446011 1.952610
vt 0.495412 1.952611
vt 0.495412 1.894063
vt 0.544813 1.894063
vt 0.544813 1.952610
vt 0.940021 1.952610
vt 0.940020 1.894063
vt 0.796610 3.094063
vt 0.747209 3.094063
vt 0.747209 3.152610
vt 0.796610 3.152611
vt 1.241219 3.094063
vt 1.191818 3.094063
vt 1.191818 3.152610
vt 1.241219 3.152610
vt 1.290620 3.152610
vt 1.290620 3.094063
vt 1.093016 3.094063
vt 1.093016 3.152610
vt 1.142417 3.152610
vt 1.142417 3.094063
vt 0.994214 3.094063
vt 0.994214 3.152611
vt 1.043615 3.152610
vt 1.043615 3.094063
vt 0.846011 3.094063
vt 0.846011 3.152610
vt 0.895412 3.152611
vt 0.895412 3.094063
vt 0.944813 3.094063
vt 0.944813 3.152611
vt 1.340021 3.152610
vt 1.340020 3.094063
vt 0.096610 0.994063
vt 0.096610 1.052611
vt 0.047209 1.052610
vt 0.047209 0.994063
vt 0.541219 0.994063
vt 0.541219 1.052610
vt 0.491818 1.052610
vt 0.491818 0.994063
vt 0.590620 0.994063
vt 0.590620 1.052610
vt 0.393016 0.994063
vt 0.442417 0.994063
vt 0.442417 1.052610
vt 0.393016 1.052610
vt 0.294214 0.994063
vt 0.343615 0.994063
vt 0.343615 1.052610
vt 0.294214 1.052610
vt 0.146011 0.994063
vt 0.195412 0.994063
vt 0.195412 1.052611
vt 0.146011 1.052610
vt 0.244813 0.994063
vt 0.244813 1.052610
vt 0.640020 0.994063
vt 0.640021 1.052610
vt 0.296610 1.594063
vt 0.296610 1.652611
vt 0.247209 1.652610
vt 0.247209 1.594063
vt 0.741219 1.594063
vt 0.741219 1.652610
vt 0.691818 1.652610
vt 0.691818 1.594063
vt 0.790620 1.594063
vt 0.790620 1.652610
vt 0.593016 1.594063
vt 0.642417 1.594063
vt 0.642417 1.652610
vt 0.593016 1.652610
vt 0.494214 1.594063
vt 0.543615 1.594063
vt 0.543615 1.652610
vt 0.494214 1.652610
vt 0.346011 1.594063
vt 0.395412 1.594063
vt 0.395412 1.652611
vt 0.346011 1.652610
vt 0.444813 1.594063
vt 0.444813 1.652610
vt 0.840020 1.594063
vt 0.840021 1.652610
vt 0.696610 2.794063
vt 0.696610 2.852611
vt 0.647209 2.852610
vt 0.647209 2.794063
vt 1.141219 2.794063
vt 1.141219 2.852610
vt 1.091818 2.852610
vt 1.091818 2.794063
vt 1.190620 2.794063
vt 1.190620 2.852610
vt 0.993016 2.794063
vt 1.042417 2.794063
vt 1.042417 2.852610
vt 0.993016 2.852610
vt 0.894214 2.794063
vt 0.943615 2.794063
vt 0.943615 2.852610
vt 0.894214 2.852611
vt 0.746011 2.794063
vt 0.795412 2.794063
vt 0.795412 2.852611
vt 0.746011 2.852610
vt 0.844813 2.794063
vt 0.844813 2.852611
vt 1.240020 2.794063
vt 1.240021 2.852610
vt 0.196610 1.294063
vt 0.196610 1.352611
vt 0.147209 1.352610
vt 0.147209 1.294063
vt 0.641219 1.294063
vt 0.641219 1.352610
vt 0.591818 1.352610
vt 0.591818 1.294063
vt 0.690620 1.294063
vt 0.690620 1.352610
vt 0.493016 1.294063
vt 0.542417 1.294063
vt 0.542417 1.352610
vt 0.493016 1.352610
vt 0.394214 1.294063
vt 0.443615 1.294063
vt 0.443615 1.352610
vt 0.394214 1.352610
vt 0.246011 1.294063
vt 0.295412 1.294063
vt 0.295412 1.352611
vt 0.246011 1.352610
vt 0.344813 1.294063
vt 0.344813 1.352610
vt 0.740020 1.294063
vt 0.740021 1.352610
vt 0.396610 1.894063
vt 0.396610 1.952611
vt 0.347209 1.952610
vt 0.347209 1.894063
vt 0.841219 1.894063
vt 0.841219 1.952610
vt 0.791818 1.952610
vt 0.791818 1.894063
vt 0.890620 1.894063
vt 0.890620 1.952610
vt 0.693016 1.894063
vt 0.742417 1.894063
vt 0.742417 1.952610
vt 0.693016 1.952610
vt 0.594214 1.894063
vt 0.643615 1.894063
vt 0.643615 1.952610
vt 0.594214 1.952610
vt 0.446011 1.894063
vt 0.495412 1.894063
vt 0.495412 1.952611
vt 0.446011 1.952610
vt 0.544813 1.894063
vt 0.544813 1.952610
vt 0.940020 1.894063
vt 0.940021 1.952610
vt 0.796610 3.094063
vt 0.796610 3.152611
vt 0.747209 3.152610
vt 0.747209 3.094063
vt 1.241219 3.094063
vt 1.241219 3.152610
vt 1.191818 3.152610
vt 1.191818 3.094063
vt 1.290620 3.094063
vt 1.290620 3.152610
vt 1.093016 3.094063
vt 1.142417 3.094063
vt 1.142417 3.152610
vt 1.093016 3.152610
vt 0.994214 3.094063
vt 1.043615 3.094063
vt 1.043615 3.152610
vt 0.994214 3.152611
vt 0.846011 3.094063
vt 0.895412 3.094063
vt 0.895412 3.152611
vt 0.846011 3.152610
vt 0.944813 3.094063
vt 0.944813 3.152611
vt 1.340020 3.094063
vt 1.340021 3.152610
vn 0.0000 1.0000 0.0000
vn -0.7085 -0.5751 0.4091
vn -0.8181 -0.5751 0.0000
vn -0.9972 -0.0745 0.0000
vn -0.8636 -0.0745 0.4986
vn 0.9987 -0.0511 -0.0000
vn 0.8649 -0.0511 0.4993
vn -0.0000 -0.0745 0.9972
vn 0.0000 0.0003 1.0000
vn 0.5000 0.0003 0.8660
vn 0.4986 -0.0745 0.8636
vn 0.0000 -0.0511 0.9987
vn 0.4993 -0.0511 0.8649
vn -0.7085 -0.5751 -0.4091
vn -0.8636 -0.0745 -0.4986
vn 0.7085 -0.5751 -0.4091
vn 0.8636 -0.0745 -0.4986
vn 0.4986 -0.0745 -0.8636
vn 0.4091 -0.5751 -0.7085
vn 0.0000 -0.5751 0.8181
vn 0.4091 -0.5751 0.7085
vn -0.4091 -0.5751 0.7085
vn -0.4986 -0.0745 0.8636
vn 0.8636 -0.0745 0.4986
vn 0.7085 -0.5751 0.4091
vn -0.4993 -0.0511 -0.8649
vn 0.0000 -0.0511 -0.9987
vn 0.0000 -0.5751 -0.8181
vn 0.0000 -0.0745 -0.9972
vn -0.8649 -0.0511 -0.4993
vn -0.4993 -0.0511 0.8649
vn -0.8649 -0.0511 0.4993
vn -0.4091 -0.5751 -0.7085
vn -0.4986 -0.0745 -0.8636
vn 0.8181 -0.5751 -0.0000
vn 0.9972 -0.0745 -0.0000
vn -0.9987 -0.0511 0.0000
vn 0.8649 -0.0511 -0.4993
vn 0.4993 -0.0511 -0.8649
vn -0.5000 0.0003 0.8660
vn 0.8660 0.0003 -0.5000
vn 0.5000 0.0003 -0.8660
vn 0.8660 0.0003 0.5000
vn 1.0000 0.0003 -0.0000
vn -0.8660 0.0003 0.5000
vn 0.0000 0.0003 -1.0000
vn -0.5000 0.0003 -0.8660
vn -1.0000 0.0003 -0.0000
vn -0.8660 0.0003 -0.5000
vn -0.0001 -0.0745 0.9972
vn -0.4987 -0.0745 0.8636
vn 0.4987 -0.0745 -0.8636
vn 0.0001 -0.0745 -0.9972
vn -0.8660 0.0000 0.5000
vn -1.0000 0.0000 0.0000
vn -0.5000 0.0000 -0.8660
vn 0.0000 0.0000 -1.0000
vn -0.8660 0.0000 -0.5000
vn 0.8660 0.0000 -0.5000
vn 0.5000 0.0000 -0.8660
vn 0.8660 0.0000 0.5000
vn 1.0000 0.0000 0.0000
vn -0.5000 0.0000 0.8660
vn 0.0000 0.0000 1.0000
vn 0.5000 0.0000 0.8660
usemtl sandstone
s 1
f 1/1/1 7/2/1 5/3/1
f 4/4/1 8/5/1 1/1/1
f 21/6/2 22/7/3 28/8/4 29/9/5
f 11/10/1 3/11/1 1/1/1
f 2/12/6 8/13/7 20/14/7 14/15/6
f 12/16/1 6/17/1 1/1/1
f 34/18/8 68/19/9 67/20/10 35/21/11
f 1/1/1 5/3/1 13/22/1
f 1/1/1 9/23/1 12/16/1
f 1/1/1 6/17/1 4/4/1
f 6/24/12 18/25/12 16/26/13 4/27/13
f 22/28/3 25/29/14 32/30/15 28/31/4
f 23/32/16 26/33/17 37/34/18 15/35/19
f 18/25/20 34/18/8 35/21/11 16/26/21
f 34/18/8 18/25/20 24/36/22 31/37/23
f 16/26/21 35/21/11 30/38/24 20/14/25
f 5/39/26 7/40/27 19/41/27 17/42/26
f 19/41/28 15/35/19 37/34/18 27/43/29
f 13/44/30 5/39/26 17/42/26 25/29/30
f 6/24/12 12/45/31 24/36/31 18/25/12
f 9/46/32 21/6/32 24/36/31 12/45/31
f 25/29/14 17/42/33 33/47/34 32/30/15
f 26/33/17 23/32/16 14/15/35 36/48/36
f 10/49/37 13/44/30 25/29/30 22/28/37
f 4/27/13 16/26/13 20/14/7 8/13/7
f 2/12/6 14/15/6 23/32/38 11/50/38
f 9/46/32 10/51/37 22/7/37 21/6/32
f 7/40/27 3/52/39 15/35/39 19/41/27
f 33/47/34 17/42/33 19/41/28 27/43/29
f 1/1/1 13/22/1 10/53/1
f 1/1/1 8/5/1 2/54/1
f 1/1/1 3/11/1 7/2/1
f 2/54/1 11/10/1 1/1/1
f 36/48/36 14/15/35 20/14/25 30/38/24
f 21/6/2 29/9/5 31/37/23 24/36/22
f 1/1/1 10/53/1 9/23/1
f 69/55/40 68/19/9 34/18/8 31/37/23
f 26/33/17 64/56/41 63/57/42 37/34/18
f 30/38/24 66/58/43 65/59/44 36/48/36
f 29/9/5 70/60/45 69/55/40 31/37/23
f 11/50/38 23/32/38 15/35/39 3/52/39
f 27/43/29 62/61/46 73/62/47 33/47/34
f 71/63/48 70/60/45 29/9/5 28/8/4
f 73/62/47 72/64/49 32/30/15 33/47/34
f 63/57/42 62/61/46 27/43/29 37/34/18
f 35/21/11 67/20/10 66/58/43 30/38/24
f 36/48/36 65/59/44 64/56/41 26/33/17
f 32/30/15 72/64/49 71/65/48 28/31/4
f 74/66/1 80/67/1 78/68/1
f 77/69/1 81/70/1 74/66/1
f 94/71/2 95/72/3 101/73/4 102/74/5
f 84/75/1 76/76/1 74/66/1
f 75/77/6 81/78/7 93/79/7 87/80/6
f 85/81/1 79/82/1 74/66/1
f 107/83/8 141/84/9 140/85/10 108/86/11
f 74/66/1 78/68/1 86/87/1
f 74/66/1 82/88/1 85/81/1
f 74/66/1 79/82/1 77/69/1
f 79/89/12 91/90/12 89/91/13 77/92/13
f 95/93/3 98/94/14 105/95/15 101/96/4
f 96/97/16 99/98/17 110/99/18 88/100/19
f 91/90/20 107/83/8 108/86/11 89/91/21
f 107/83/8 91/90/20 97/101/22 104/102/23
f 89/91/21 108/86/11 103/103/24 93/79/25
f 78/104/26 80/105/27 92/106/27 90/107/26
f 92/106/28 88/100/19 110/99/18 100/108/29
f 86/109/30 78/104/26 90/107/26 98/94/30
f 79/89/12 85/110/31 97/101/31 91/90/12
f 82/111/32 94/71/32 97/101/31 85/110/31
f 98/94/14 90/107/33 106/112/34 105/95/15
f 99/98/17 96/97/16 87/80/35 109/113/36
f 83/114/37 86/109/30 98/94/30 95/93/37
f 77/92/13 89/91/13 93/79/7 81/78/7
f 75/77/6 87/80/6 96/97/38 84/115/38
f 82/111/32 83/116/37 95/72/37 94/71/32
f 80/105/27 76/117/39 88/100/39 92/106/27
f 106/112/34 90/107/33 92/106/28 100/108/29
f 74/66/1 86/87/1 83/118/1
f 74/66/1 81/70/1 75/119/1
f 74/66/1 76/76/1 80/67/1
f 75/119/1 84/75/1 74/66/1
f 109/113/36 87/80/35 93/79/25 103/103/24
f 94/71/2 102/74/5 104/102/23 97/101/22
f 74/66/1 83/118/1 82/88/1
f 142/120/40 141/84/9 107/83/8 104/102/23
f 99/98/17 137/121/41 136/122/42 110/99/18
f 103/103/24 139/123/43 138/124/44 109/113/36
f 102/74/5 143/125/45 142/120/40 104/102/23
f 84/115/38 96/97/38 88/100/39 76/117/39
f 100/108/29 135/126/46 146/127/47 106/112/34
f 144/128/48 143/125/45 102/74/5 101/73/4
f 146/127/47 145/129/49 105/95/15 106/112/34
f 136/122/42 135/126/46 100/108/29 110/99/18
f 108/86/11 140/85/10 139/123/43 103/103/24
f 109/113/36 138/124/44 137/121/41 99/98/17
f 105/95/15 145/129/49 144/130/48 101/96/4
f 147/131/1 153/132/1 151/133/1
f 150/134/1 154/135/1 147/131/1
f 167/136/2 168/137/3 174/138/4 175/139/5
f 157/140/1 149/141/1 147/131/1
f 148/142/6 154/143/7 166/144/7 160/145/6
f 158/146/1 152/147/1 147/131/1
f 180/148/8 214/149/9 213/150/10 181/151/11
f 147/131/1 151/133/1 159/152/1
f 147/131/1 155/153/1 158/146/1
f 147/131/1 152/147/1 150/134/1
f 152/154/12 164/155/12 162/156/13 150/157/13
f 168/158/3 171/159/14 178/160/15 174/161/4
f 169/162/16 172/163/17 183/164/18 161/165/19
f 164/155/20 180/148/8 181/151/11 162/156/21
f 180/148/8 164/155/20 170/166/22 177/167/23
f 162/156/21 181/151/11 176/168/24 166/144/25
f 151/169/26 153/170/27 165/171/27 163/172/26
f 165/171/28 161/165/19 183/164/18 173/173/29
f 159/174/30 151/169/26 163/172/26 171/159/30
f 152/154/12 158/175/31 170/166/31 164/155/12
f 155/176/32 167/136/32 170/166/31 158/175/31
f 171/159/14 163/172/33 179/177/34 178/160/15
f 172/163/17 169/162/16 160/145/35 182/178/36
f 156/179/37 159/174/30 171/159/30 168/158/37
f 150/157/13 162/156/13 166/144/7 154/143/7
f 148/142/6 160/145/6 169/162/38 157/180/38
f 155/176/32 156/181/37 168/137/37 167/136/32
f 153/170/27 149/182/39 161/165/39 165/171/27
f 179/177/34 163/172/33 165/171/28 173/173/29
f 147/131/1 159/152/1 156/183/1
f 147/131/1 154/135/1 148/184/1
f 147/131/1 149/141/1 153/132/1
f 148/184/1 157/140/1 147/131/1
f 182/178/36 160/145/35 166/144/25 176/168/24
f 167/136/2 175/139/5 177/167/23 170/166/22
f 147/131/1 156/183/1 155/153/1
f 215/185/40 214/149/9 180/148/8 177/167/23
f 172/163/17 210/186/41 209/187/42 183/164/18
f 176/168/24 212/188/43 211/189/44 182/178/36
f 175/139/5 216/190/45 215/185/40 177/167/23
f 157/180/38 169/162/38 161/165/39 149/182/39
f 173/173/29 208/191/46 219/192/47 179/177/34
f 217/193/48 216/190/45 175/139/5 174/138/4
f 219/192/47 218/194/49 178/160/15 179/177/34
f 209/187/42 208/191/46 173/173/29 183/164/18
f 181/151/11 213/150/10 212/188/43 176/168/24
f 182/178/36 211/189/44 210/186/41 172/163/17
f 178/160/15 218/194/49 217/195/48 174/161/4
f 220/196/1 226/197/1 224/198/1
f 223/199/1 227/200/1 220/196/1
f 240/201/2 241/202/3 247/203/4 248/204/5
f 230/205/1 222/206/1 220/196/1
f 221/207/6 227/208/7 239/209/7 233/210/6
f 231/211/1 225/212/1 220/196/1
f 253/213/8 287/214/9 286/215/10 254/216/11
f 220/196/1 224/198/1 232/217/1
f 220/196/1 228/218/1 231/211/1
f 220/196/1 225/212/1 223/199/1
f 225/219/12 237/220/12 235/221/13 223/222/13
f 241/223/3 244/224/14 251/225/15 247/226/4
f 242/227/16 245/228/17 256/229/18 234/230/19
f 237/220/20 253/213/8 254/216/11 235/221/21
f 253/213/8 237/220/20 243/231/22 250/232/23
f 235/221/21 254/216/11 249/233/24 239/209/25
f 224/234/26 226/235/27 238/236/27 236/237/26
f 238/236/28 234/230/19 256/229/18 246/238/29
f 232/239/30 224/234/26 236/237/26 244/224/30
f 225/219/12 231/240/31 243/231/31 237/220/12
f 228/241/32 240/201/32 243/231/31 231/240/31
f 244/224/14 236/237/33 252/242/34 251/225/15
f 245/228/17 242/227/16 233/210/35 255/243/36
f 229/244/37 232/239/30 244/224/30 241/223/37
f 223/222/13 235/221/13 239/209/7 227/208/7
f 221/207/6 233/210/6 242/227/38 230/245/38
f 228/241/32 229/246/37 241/202/37 240/201/32
f 226/235/27 222/247/39 234/230/39 238/236/27
f 252/242/34 236/237/33 238/236/28 246/238/29
f 220/196/1 232/217/1 229/248/1
f 220/196/1 227/200/1 221/249/1
f 220/196/1 222/206/1 226/197/1
f 221/249/1 230/205/1 220/196/1
f 255/243/36 233/210/35 239/209/25 249/233/24
f 240/201/2 248/204/5 250/232/23 243/231/22
f 220/196/1 229/248/1 228/218/1
f 288/250/40 287/214/9 253/213/8 250/232/23
f 245/228/17 283/251/41 282/252/42 256/229/18
f 249/233/24 285/253/43 284/254/44 255/243/36
f 248/204/5 289/255/45 288/250/40 250/232/23
f 230/245/38 242/227/38 234/230/39 222/247/39
f 246/238/29 281/256/46 292/257/47 252/242/34
f 290/258/48 289/255/45 248/204/5 247/203/4
f 292/257/47 291/259/49 251/225/15 252/242/34
f 282/252/42 281/256/46 246/238/29 256/229/18
f 254/216/11 286/215/10 285/253/43 249/233/24
f 255/243/36 284/254/44 283/251/41 245/228/17
f 251/225/15 291/259/49 290/260/48 247/226/4
f 293/261/1 299/262/1 297/263/1
f 296/264/1 300/265/1 293/261/1
f 313/266/2 314/267/3 320/268/4 321/269/5
f 303/270/1 295/271/1 293/261/1
f 294/272/6 300/273/7 312/274/7 306/275/6
f 304/276/1 298/277/1 293/261/1
f 326/278/50 360/279/9 359/280/10 327/281/11
f 293/261/1 297/263/1 305/282/1
f 293/261/1 301/283/1 304/276/1
f 293/261/1 298/277/1 296/264/1
f 298/284/12 310/285/12 308/286/13 296/287/13
f 314/288/3 317/289/14 324/290/15 320/291/4
f 315/292/16 318/293/17 329/294/18 307/295/19
f 310/285/20 326/278/50 327/281/11 308/286/21
f 326/278/50 310/285/20 316/296/22 323/297/23
f 308/286/21 327/281/11 322/298/24 312/274/25
f 297/299/26 299/300/27 311/301/27 309/302/26
f 311/301/28 307/295/19 329/294/18 319/303/29
f 305/304/30 297/299/26 309/302/26 317/289/30
f 298/284/12 304/305/31 316/296/31 310/285/12
f 301/306/32 313/266/32 316/296/31 304/305/31
f 317/289/14 309/302/33 325/307/34 324/290/15
f 318/293/17 315/292/16 306/275/35 328/308/36
f 302/309/37 305/304/30 317/289/30 314/288/37
f 296/287/13 308/286/13 312/274/7 300/273/7
f 294/272/6 306/275/6 315/292/38 303/310/38
f 301/306/32 302/311/37 314/267/37 313/266/32
f 299/300/27 295/312/39 307/295/39 311/301/27
f 325/307/34 309/302/33 311/301/28 319/303/29
f 293/261/1 305/282/1 302/313/1
f 293/261/1 300/265/1 294/314/1
f 293/261/1 295/271/1 299/262/1
f 294/314/1 303/270/1 293/261/1
f 328/308/36 306/275/35 312/274/25 322/298/24
f 313/266/2 321/269/5 323/297/23 316/296/22
f 293/261/1 302/313/1 301/283/1
f 361/315/40 360/279/9 326/278/50 323/297/23
f 318/293/17 356/316/41 355/317/42 329/294/18
f 322/298/24 358/318/43 357/319/44 328/308/36
f 321/269/5 362/320/45 361/315/40 323/297/23
f 303/310/38 315/292/38 307/295/39 295/312/39
f 319/303/29 354/321/46 365/322/47 325/307/34
f 363/323/48 362/320/45 321/269/5 320/268/4
f 365/322/47 364/324/49 324/290/15 325/307/34
f 355/317/42 354/321/46 319/303/29 329/294/18
f 327/281/11 359/280/10 358/318/43 322/298/24
f 328/308/36 357/319/44 356/316/41 318/293/17
f 324/290/15 364/324/49 363/325/48 320/291/4
f 366/326/1 372/327/1 370/328/1
f 369/329/1 373/330/1 366/326/1
f 386/331/2 387/332/3 393/333/4 394/334/5
f 376/335/1 368/336/1 366/326/1
f 367/337/6 373/338/7 385/339/7 379/340/6
f 377/341/1 371/342/1 366/326/1
f 399/343/8 433/344/9 432/345/10 400/346/11
f 366/326/1 370/328/1 378/347/1
f 366/326/1 374/348/1 377/341/1
f 366/326/1 371/342/1 369/329/1
f 371/349/12 383/350/12 381/351/13 369/352/13
f 387/353/3 390/354/14 397/355/15 393/356/4
f 388/357/16 391/358/17 402/359/18 380/360/19
f 383/350/20 399/343/8 400/346/11 381/351/21
f 399/343/8 383/350/20 389/361/22 396/362/23
f 381/351/21 400/346/11 395/363/24 385/339/25
f 370/364/26 372/365/27 384/366/27 382/367/26
f 384/366/28 380/360/19 402/359/18 392/368/29
f 378/369/30 370/364/26 382/367/26 390/354/30
f 371/349/12 377/370/31 389/361/31 383/350/12
f 374/371/32 386/331/32 389/361/31 377/370/31
f 390/354/14 382/367/33 398/372/34 397/355/15
f 391/358/17 388/357/16 379/340/35 401/373/36
f 375/374/37 378/369/30 390/354/30 387/353/37
f 369/352/13 381/351/13 385/339/7 373/338/7
f 367/337/6 379/340/6 388/357/38 376/375/38
f 374/371/32 375/376/37 387/332/37 386/331/32
f 372/365/27 368/377/39 380/360/39 384/366/27
f 398/372/34 382/367/33 384/366/28 392/368/29
f 366/326/1 378/347/1 375/378/1
f 366/326/1 373/330/1 367/379/1
f 366/326/1 368/336/1 372/327/1
f 367/379/1 376/335/1 366/326/1
f 401/373/36 379/340/35 385/339/25 395/363/24
f 386/331/2 394/334/5 396/362/23 389/361/22
f 366/326/1 375/378/1 374/348/1
f 434/380/40 433/344/9 399/343/8 396/362/23
f 391/358/17 429/381/41 428/382/42 402/359/18
f 395/363/24 431/383/43 430/384/44 401/373/36
f 394/334/5 435/385/45 434/380/40 396/362/23
f 376/375/38 388/357/38 380/360/39 368/377/39
f 392/368/29 427/386/46 438/387/47 398/372/34
f 436/388/48 435/385/45 394/334/5 393/333/4
f 438/387/47 437/389/49 397/355/15 398/372/34
f 428/382/42 427/386/46 392/368/29 402/359/18
f 400/346/11 432/345/10 431/383/43 395/363/24
f 401/373/36 430/384/44 429/381/41 391/358/17
f 397/355/15 437/389/49 436/390/48 393/356/4
f 439/391/1 443/392/1 445/393/1
f 442/394/1 439/391/1 446/395/1
f 459/396/25 467/397/24 466/398/36 460/399/35
f 449/400/1 439/391/1 441/401/1
f 440/402/37 452/403/37 458/404/32 446/405/32
f 450/406/1 439/391/1 444/407/1
f 472/408/8 473/409/23 505/410/40 506/411/9
f 439/391/1 451/412/1 443/392/1
f 439/391/1 450/406/1 447/413/1
f 439/391/1 442/394/1 444/407/1
f 444/414/12 442/415/31 454/416/31 456/417/12
f 460/418/35 466/419/36 470/420/17 463/421/16
f 461/422/14 453/423/33 475/424/34 464/425/15
f 456/417/20 454/416/22 473/409/23 472/408/8
f 472/408/8 469/426/11 462/427/21 456/417/20
f 454/416/22 458/404/2 468/428/5 473/409/23
f 443/429/39 455/430/39 457/431/27 445/432/27
f 457/431/28 465/433/29 475/424/34 453/423/33
f 451/434/38 463/421/38 455/430/39 443/429/39
f 444/414/12 456/417/12 462/427/13 450/435/13
f 447/436/7 450/435/13 462/427/13 459/396/7
f 463/421/16 470/420/17 471/437/18 455/430/19
f 464/425/15 474/438/4 452/403/3 461/422/14
f 448/439/6 460/418/6 463/421/38 451/434/38
f 442/415/31 446/405/32 458/404/32 454/416/31
f 440/402/37 449/440/30 461/422/30 452/403/37
f 447/436/7 459/396/7 460/399/6 448/441/6
f 445/432/27 457/431/27 453/423/26 441/442/26
f 471/437/18 465/433/29 457/431/28 455/430/19
f 439/391/1 448/443/1 451/412/1
f 439/391/1 440/444/1 446/395/1
f 439/391/1 445/393/1 441/401/1
f 440/444/1 439/391/1 449/400/1
f 474/438/4 468/428/5 458/404/2 452/403/3
f 459/396/25 462/427/21 469/426/11 467/397/24
f 439/391/1 447/413/1 448/443/1
f 507/445/10 469/426/11 472/408/8 506/411/9
f 464/425/15 475/424/34 501/446/47 502/447/49
f 468/428/5 474/438/4 503/448/48 504/449/45
f 467/397/24 469/426/11 507/445/10 508/450/43
f 449/440/30 441/442/26 453/423/26 461/422/30
f 465/433/29 471/437/18 511/451/42 500/452/46
f 509/453/44 466/398/36 467/397/24 508/450/43
f 511/451/42 471/437/18 470/420/17 510/454/41
f 501/446/47 475/424/34 465/433/29 500/452/46
f 473/409/23 468/428/5 504/449/45 505/410/40
f 474/438/4 464/425/15 502/447/49 503/448/48
f 470/420/17 466/419/36 509/455/44 510/454/41
f 512/456/1 516/457/1 518/458/1
f 515/459/1 512/456/1 519/460/1
f 532/461/25 540/462/24 539/463/36 533/464/35
f 522/465/1 512/456/1 514/466/1
f 513/467/37 525/468/37 531/469/32 519/470/32
f 523/471/1 512/456/1 517/472/1
f 545/473/8 546/474/23 578/475/40 579/476/9
f 512/456/1 524/477/1 516/457/1
f 512/456/1 523/471/1 520/478/1
f 512/456/1 515/459/1 517/472/1
f 517/479/12 515/480/31 527/481/31 529/482/12
f 533/483/35 539/484/36 543/485/17 536/486/16
f 534/487/14 526/488/33 548/489/34 537/490/15
f 529/482/20 527/481/22 546/474/23 545/473/8
f 545/473/8 542/491/11 535/492/21 529/482/20
f 527/481/22 531/469/2 541/493/5 546/474/23
f 516/494/39 528/495/39 530/496/27 518/497/27
f 530/496/28 538/498/29 548/489/34 526/488/33
f 524/499/38 536/486/38 528/495/39 516/494/39
f 517/479/12 529/482/12 535/492/13 523/500/13
f 520/501/7 523/500/13 535/492/13 532/461/7
f 536/486/16 543/485/17 544/502/18 528/495/19
f 537/490/15 547/503/4 525/468/3 534/487/14
f 521/504/6 533/483/6 536/486/38 524/499/38
f 515/480/31 519/470/32 531/469/32 527/481/31
f 513/467/37 522/505/30 534/487/30 525/468/37
f 520/501/7 532/461/7 533/464/6 521/506/6
f 518/497/27 530/496/27 526/488/26 514/507/26
f 544/502/18 538/498/29 530/496/28 528/495/19
f 512/456/1 521/508/1 524/477/1
f 512/456/1 513/509/1 519/460/1
f 512/456/1 518/458/1 514/466/1
f 513/509/1 512/456/1 522/465/1
f 547/503/4 541/493/5 531/469/2 525/468/3
f 532/461/25 535/492/21 542/491/11 540/462/24
f 512/456/1 520/478/1 521/508/1
f 580/510/10 542/491/11 545/473/8 579/476/9
f 537/490/15 548/489/34 574/511/47 575/512/49
f 541/493/5 547/503/4 576/513/48 577/514/45
f 540/462/24 542/491/11 580/510/10 581/515/43
f 522/505/30 514/507/26 526/488/26 534/487/30
f 538/498/29 544/502/18 584/516/42 573/517/46
f 582/518/44 539/463/36 540/462/24 581/515/43
f 584/516/42 544/502/18 543/485/17 583/519/41
f 574/511/47 548/489/34 538/498/29 573/517/46
f 546/474/23 541/493/5 577/514/45 578/475/40
f 547/503/4 537/490/15 575/512/49 576/513/48
f 543/485/17 539/484/36 582/520/44 583/519/41
f 585/521/1 589/522/1 591/523/1
f 588/524/1 585/521/1 592/525/1
f 605/526/25 613/527/24 612/528/36 606/529/35
f 595/530/1 585/521/1 587/531/1
f 586/532/37 598/533/37 604/534/32 592/535/32
f 596/536/1 585/521/1 590/537/1
f 618/538/8 619/539/23 651/540/40 652/541/9
f 585/521/1 597/542/1 589/522/1
f 585/521/1 596/536/1 593/543/1
f 585/521/1 588/524/1 590/537/1
f 590/544/12 588/545/31 600/546/31 602/547/12
f 606/548/35 612/549/36 616/550/17 609/551/16
f 607/552/14 599/553/33 621/554/34 610/555/15
f 602/547/20 600/546/22 619/539/23 618/538/8
f 618/538/8 615/556/11 608/557/21 602/547/20
f 600/546/22 604/534/2 614/558/5 619/539/23
f 589/559/39 601/560/39 603/561/27 591/562/27
f 603/561/28 611/563/29 621/554/34 599/553/33
f 597/564/38 609/551/38 601/560/39 589/559/39
f 590/544/12 602/547/12 608/557/13 596/565/13
f 593/566/7 596/565/13 608/557/13 605/526/7
f 609/551/16 616/550/17 617/567/18 601/560/19
f 610/555/15 620/568/4 598/533/3 607/552/14
f 594/569/6 606/548/6 609/551/38 597/564/38
f 588/545/31 592/535/32 604/534/32 600/546/31
f 586/532/37 595/570/30 607/552/30 598/533/37
f 593/566/7 605/526/7 606/529/6 594/571/6
f 591/562/27 603/561/27 599/553/26 587/572/26
f 617/567/18 611/563/29 603/561/28 601/560/19
f 585/521/1 594/573/1 597/542/1
f 585/521/1 586/574/1 592/525/1
f 585/521/1 591/523/1 587/531/1
f 586/574/1 585/521/1 595/530/1
f 620/568/4 614/558/5 604/534/2 598/533/3
f 605/526/25 608/557/21 615/556/11 613/527/24
f 585/521/1 593/543/1 594/573/1
f 653/575/10 615/556/11 618/538/8 652/541/9
f 610/555/15 621/554/34 647/576/47 648/577/49
f 614/558/5 620/568/4 649/578/48 650/579/45
f 613/527/24 615/556/11 653/575/10 654/580/43
f 595/570/30 587/572/26 599/553/26 607/552/30
f 611/563/29 617/567/18 657/581/42 646/582/46
f 655/583/44 612/528/36 613/527/24 654/580/43
f 657/581/42 617/567/18 616/550/17 656/584/41
f 647/576/47 621/554/34 611/563/29 646/582/46
f 619/539/23 614/558/5 650/579/45 651/540/40
f 620/568/4 610/555/15 648/577/49 649/578/48
f 616/550/17 612/549/36 655/585/44 656/584/41
f 658/586/1 662/587/1 664/588/1
f 661/589/1 658/586/1 665/590/1
f 678/591/25 686/592/24 685/593/36 679/594/35
f 668/595/1 658/586/1 660/596/1
f 659/597/37 671/598/37 677/599/32 665/600/32
f 669/601/1 658/586/1 663/602/1
f 691/603/8 692/604/51 724/605/40 725/606/9
f 658/586/1 670/607/1 662/587/1
f 658/586/1 669/601/1 666/608/1
f 658/586/1 661/589/1 663/602/1
f 663/609/12 661/610/31 673/611/31 675/612/12
f 679/613/35 685/614/36 689/615/17 682/616/16
f 680/617/14 672/618/33 694/619/34 683/620/15
f 675/612/20 673/611/22 692/604/51 691/603/8
f 691/603/8 688/621/11 681/622/21 675/612/20
f 673/611/22 677/599/2 687/623/5 692/604/51
f 662/624/39 674/625/39 676/626/27 664/627/27
f 676/626/28 684/628/29 694/619/34 672/618/33
f 670/629/38 682/616/38 674/625/39 662/624/39
f 663/609/12 675/612/12 681/622/13 669/630/13
f 666/631/7 669/630/13 681/622/13 678/591/7
f 682/616/16 689/615/17 690/632/18 674/625/19
f 683/620/15 693/633/4 671/598/3 680/617/14
f 667/634/6 679/613/6 682/616/38 670/629/38
f 661/610/31 665/600/32 677/599/32 673/611/31
f 659/597/37 668/635/30 680/617/30 671/598/37
f 666/631/7 678/591/7 679/594/6 667/636/6
f 664/627/27 676/626/27 672/618/26 660/637/26
f 690/632/18 684/628/29 676/626/28 674/625/19
f 658/586/1 667/638/1 670/607/1
f 658/586/1 659/639/1 665/590/1
f 658/586/1 664/588/1 660/596/1
f 659/639/1 658/586/1 668/595/1
f 693/633/4 687/623/5 677/599/2 671/598/3
f 678/591/25 681/622/21 688/621/11 686/592/24
f 658/586/1 666/608/1 667/638/1
f 726/640/10 688/621/11 691/603/8 725/606/9
f 683/620/15 694/619/34 720/641/47 721/642/49
f 687/623/5 693/633/4 722/643/48 723/644/45
f 686/592/24 688/621/11 726/640/10 727/645/43
f 668/635/30 660/637/26 672/618/26 680/617/30
f 684/628/29 690/632/18 730/646/42 719/647/46
f 728/648/44 685/593/36 686/592/24 727/645/43
f 730/646/42 690/632/18 689/615/17 729/649/41
f 720/641/47 694/619/34 684/628/29 719/647/46
f 692/604/51 687/623/5 723/644/45 724/605/40
f 693/633/4 683/620/15 721/642/49 722/643/48
f 689/615/17 685/614/36 728/650/44 729/649/41
f 731/651/1 735/652/1 737/653/1
f 734/654/1 731/651/1 738/655/1
f 751/656/25 759/657/24 758/658/36 752/659/35
f 741/660/1 731/651/1 733/661/1
f 732/662/37 744/663/37 750/664/32 738/665/32
f 742/666/1 731/651/1 736/667/1
f 764/668/8 765/669/23 797/670/40 798/671/9
f 731/651/1 743/672/1 735/652/1
f 731/651/1 742/666/1 739/673/1
f 731/651/1 734/654/1 736/667/1
f 736/674/12 734/675/31 746/676/31 748/677/12
f 752/678/35 758/679/36 762/680/17 755/681/16
f 753/682/14 745/683/33 767/684/34 756/685/15
f 748/677/20 746/676/22 765/669/23 764/668/8
f 764/668/8 761/686/11 754/687/21 748/677/20
f 746/676/22 750/664/2 760/688/5 765/669/23
f 735/689/39 747/690/39 749/691/27 737/692/27
f 749/691/28 757/693/29 767/684/34 745/683/33
f 743/694/38 755/681/38 747/690/39 735/689/39
f 736/674/12 748/677/12 754/687/13 742/695/13
f 739/696/7 742/695/13 754/687/13 751/656/7
f 755/681/16 762/680/17 763/697/18 747/690/19
f 756/685/15 766/698/4 744/663/3 753/682/14
f 740/699/6 752/678/6 755/681/38 743/694/38
f 734/675/31 738/665/32 750/664/32 746/676/31
f 732/662/37 741/700/30 753/682/30 744/663/37
f 739/696/7 751/656/7 752/659/6 740/701/6
f 737/692/27 749/691/27 745/683/26 733/702/26
f 763/697/18 757/693/29 749/691/28 747/690/19
f 731/651/1 740/703/1 743/672/1
f 731/651/1 732/704/1 738/655/1
f 731/651/1 737/653/1 733/661/1
f 732/704/1 731/651/1 741/660/1
f 766/698/4 760/688/5 750/664/2 744/663/3
f 751/656/25 754/687/21 761/686/11 759/657/24
f 731/651/1 739/673/1 740/703/1
f 799/705/10 761/686/11 764/668/8 798/671/9
f 756/685/15 767/684/34 793/706/47 794/707/49
f 760/688/5 766/698/4 795/708/48 796/709/45
f 759/657/24 761/686/11 799/705/10 800/710/43
f 741/700/30 733/702/26 745/683/26 753/682/30
f 757/693/29 763/697/18 803/711/42 792/712/46
f 801/713/44 758/658/36 759/657/24 800/710/43
f 803/711/42 763/697/18 762/680/17 802/714/41
f 793/706/47 767/684/34 757/693/29 792/712/46
f 765/669/23 760/688/5 796/709/45 797/670/40
f 766/698/4 756/685/15 794/707/49 795/708/48
f 762/680/17 758/679/36 801/715/44 802/714/41
f 804/716/1 808/717/1 810/718/1
f 807/719/1 804/716/1 811/720/1
f 824/721/25 832/722/24 831/723/36 825/724/35
f 814/725/1 804/716/1 806/726/1
f 805/727/37 817/728/37 823/729/32 811/730/32
f 815/731/1 804/716/1 809/732/1
f 837/733/8 838/734/23 870/735/40 871/736/9
f 804/716/1 816/737/1 808/717/1
f 804/716/1 815/731/1 812/738/1
f 804/716/1 807/719/1 809/732/1
f 809/739/12 807/740/31 819/741/31 821/742/12
f 825/743/35 831/744/36 835/745/17 828/746/16
f 826/747/14 818/748/33 840/749/34 829/750/15
f 821/742/20 819/741/22 838/734/23 837/733/8
f 837/733/8 834/751/11 827/752/21 821/742/20
f 819/741/22 823/729/2 833/753/5 838/734/23
f 808/754/39 820/755/39 822/756/27 810/757/27
f 822/756/28 830/758/29 840/749/34 818/748/33
f 816/759/38 828/746/38 820/755/39 808/754/39
f 809/739/12 821/742/12 827/752/13 815/760/13
f 812/761/7 815/760/13 827/752/13 824/721/7
f 828/746/16 835/745/17 836/762/18 820/755/19
f 829/750/15 839/763/4 817/728/3 826/747/14
f 813/764/6 825/743/6 828/746/38 816/759/38
f 807/740/31 811/730/32 823/729/32 819/741/31
f 805/727/37 814/765/30 826/747/30 817/728/37
f 812/761/7 824/721/7 825/724/6 813/766/6
f 810/757/27 822/756/27 818/748/26 806/767/26
f 836/762/18 830/758/29 822/756/28 820/755/19
f 804/716/1 813/768/1 816/737/1
f 804/716/1 805/769/1 811/720/1
f 804/716/1 810/718/1 806/726/1
f 805/769/1 804/716/1 814/725/1
f 839/763/4 833/753/5 823/729/2 817/728/3
f 824/721/25 827/752/21 834/751/11 832/722/24
f 804/716/1 812/738/1 813/768/1
f 872/770/10 834/751/11 837/733/8 871/736/9
f 829/750/15 840/749/34 866/771/47 867/772/49
f 833/753/5 839/763/4 868/773/48 869/774/45
f 832/722/24 834/751/11 872/770/10 873/775/43
f 814/765/30 806/767/26 818/748/26 826/747/30
f 830/758/29 836/762/18 876/776/42 865/777/46
f 874/778/44 831/723/36 832/722/24 873/775/43
f 876/776/42 836/762/18 835/745/17 875/779/41
f 866/771/47 840/749/34 830/758/29 865/777/46
f 838/734/23 833/753/5 869/774/45 870/735/40
f 839/763/4 829/750/15 867/772/49 868/773/48
f 835/745/17 831/744/36 874/780/44 875/779/41
f 877/781/1 881/782/1 883/783/1
f 880/784/1 877/781/1 884/785/1
f 897/786/14 905/787/15 904/788/4 898/789/3
f 887/790/1 877/781/1 879/791/1
f 878/792/6 890/793/6 896/794/38 884/795/38
f 888/796/1 877/781/1 882/797/1
f 910/798/29 911/799/18 943/800/42 944/801/46
f 877/781/1 889/802/1 881/782/1
f 877/781/1 888/796/1 885/803/1
f 877/781/1 880/784/1 882/797/1
f 882/804/27 880/805/39 892/806/39 894/807/27
f 898/808/3 904/809/4 908/810/5 901/811/2
f 899/812/25 891/813/21 913/814/11 902/815/24
f 894/807/28 892/806/19 911/799/18 910/798/29
f 910/798/29 907/816/34 900/817/33 894/807/28
f 892/806/19 896/794/16 906/818/17 911/799/18
f 881/819/31 893/820/31 895/821/12 883/822/12
f 895/821/20 903/823/8 913/814/11 891/813/21
f 889/824/32 901/811/32 893/820/31 881/819/31
f 882/804/27 894/807/27 900/817/26 888/825/26
f 885/826/30 888/825/26 900/817/26 897/786/30
f 901/811/2 908/810/5 909/827/23 893/820/22
f 902/815/24 912/828/36 890/793/35 899/812/25
f 886/829/37 898/808/37 901/811/32 889/824/32
f 880/805/39 884/795/38 896/794/38 892/806/39
f 878/792/6 887/830/7 899/812/7 890/793/6
f 885/826/30 897/786/30 898/789/37 886/831/37
f 883/822/12 895/821/12 891/813/13 879/832/13
f 909/827/23 903/823/8 895/821/20 893/820/22
f 877/781/1 886/833/1 889/802/1
f 877/781/1 878/834/1 884/785/1
f 877/781/1 883/783/1 879/791/1
f 878/834/1 877/781/1 887/790/1
f 912/828/36 906/818/17 896/794/16 890/793/35
f 897/786/14 900/817/33 907/816/34 905/787/15
f 877/781/1 885/803/1 886/833/1
f 945/835/47 907/816/34 910/798/29 944/801/46
f 902/815/24 913/814/11 939/836/10 940/837/43
f 906/818/17 912/828/36 941/838/44 942/839/41
f 905/787/15 907/816/34 945/835/47 946/840/49
f 887/830/7 879/832/13 891/813/13 899/812/7
f 903/823/8 909/827/23 949/841/40 938/842/9
f 947/843/48 904/788/4 905/787/15 946/840/49
f 949/841/40 909/827/23 908/810/5 948/844/45
f 939/836/10 913/814/11 903/823/8 938/842/9
f 911/799/18 906/818/17 942/839/41 943/800/42
f 912/828/36 902/815/24 940/837/43 941/838/44
f 908/810/5 904/809/4 947/845/48 948/844/45
f 950/846/1 954/847/1 956/848/1
f 953/849/1 950/846/1 957/850/1
f 970/851/14 978/852/15 977/853/4 971/854/3
f 960/855/1 950/846/1 952/856/1
f 951/857/6 963/858/6 969/859/38 957/860/38
f 961/861/1 950/846/1 955/862/1
f 983/863/29 984/864/18 1016/865/42 1017/866/46
f 950/846/1 962/867/1 954/847/1
f 950/846/1 961/861/1 958/868/1
f 950/846/1 953/849/1 955/862/1
f 955/869/27 953/870/39 965/871/39 967/872/27
f 971/873/3 977/874/4 981/875/5 974/876/2
f 972/877/25 964/878/21 986/879/11 975/880/24
f 967/872/28 965/871/19 984/864/18 983/863/29
f 983/863/29 980/881/34 973/882/33 967/872/28
f 965/871/19 969/859/16 979/883/17 984/864/18
f 954/884/31 966/885/31 968/886/12 956/887/12
f 968/886/20 976/888/8 986/879/11 964/878/21
f 962/889/32 974/876/32 966/885/31 954/884/31
f 955/869/27 967/872/27 973/882/26 961/890/26
f 958/891/30 961/890/26 973/882/26 970/851/30
f 974/876/2 981/875/5 982/892/23 966/885/22
f 975/880/24 985/893/36 963/858/35 972/877/25
f 959/894/37 971/873/37 974/876/32 962/889/32
f 953/870/39 957/860/38 969/859/38 965/871/39
f 951/857/6 960/895/7 972/877/7 963/858/6
f 958/891/30 970/851/30 971/854/37 959/896/37
f 956/887/12 968/886/12 964/878/13 952/897/13
f 982/892/23 976/888/8 968/886/20 966/885/22
f 950/846/1 959/898/1 962/867/1
f 950/846/1 951/899/1 957/850/1
f 950/846/1 956/848/1 952/856/1
f 951/899/1 950/846/1 960/855/1
f 985/893/36 979/883/17 969/859/16 963/858/35
f 970/851/14 973/882/33 980/881/34 978/852/15
f 950/846/1 958/868/1 959/898/1
f 1018/900/47 980/881/34 983/863/29 1017/866/46
f 975/880/24 986/879/11 1012/901/10 1013/902/43
f 979/883/17 985/893/36 1014/903/44 1015/904/41
f 978/852/15 980/881/34 1018/900/47 1019/905/49
f 960/895/7 952/897/13 964/878/13 972/877/7
f 976/888/8 982/892/23 1022/906/40 1011/907/9
f 1020/908/48 977/853/4 978/852/15 1019/905/49
f 1022/906/40 982/892/23 981/875/5 1021/909/45
f 1012/901/10 986/879/11 976/888/8 1011/907/9
f 984/864/18 979/883/17 1015/904/41 1016/865/42
f 985/893/36 975/880/24 1013/902/43 1014/903/44
f 981/875/5 977/874/4 1020/910/48 1021/909/45
f 1023/911/1 1027/912/1 1029/913/1
f 1026/914/1 1023/911/1 1030/915/1
f 1043/916/14 1051/917/15 1050/918/4 1044/919/3
f 1033/920/1 1023/911/1 1025/921/1
f 1024/922/6 1036/923/6 1042/924/38 1030/925/38
f 1034/926/1 1023/911/1 1028/927/1
f 1056/928/29 1057/929/18 1089/930/42 1090/931/46
f 1023/911/1 1035/932/1 1027/912/1
f 1023/911/1 1034/926/1 1031/933/1
f 1023/911/1 1026/914/1 1028/927/1
f 1028/934/27 1026/935/39 1038/936/39 1040/937/27
f 1044/938/3 1050/939/4 1054/940/5 1047/941/2
f 1045/942/25 1037/943/21 1059/944/11 1048/945/24
f 1040/937/28 1038/936/19 1057/929/18 1056/928/29
f 1056/928/29 1053/946/34 1046/947/33 1040/937/28
f 1038/936/19 1042/924/16 1052/948/17 1057/929/18
f 1027/949/31 1039/950/31 1041/951/12 1029/952/12
f 1041/951/20 1049/953/8 1059/944/11 1037/943/21
f 1035/954/32 1047/941/32 1039/950/31 1027/949/31
f 1028/934/27 1040/937/27 1046/947/26 1034/955/26
f 1031/956/30 1034/955/26 1046/947/26 1043/916/30
f 1047/941/2 1054/940/5 1055/957/23 1039/950/22
f 1048/945/24 1058/958/36 1036/923/35 1045/942/25
f 1032/959/37 1044/938/37 1047/941/32 1035/954/32
f 1026/935/39 1030/925/38 1042/924/38 1038/936/39
f 1024/922/6 1033/960/7 1045/942/7 1036/923/6
f 1031/956/30 1043/916/30 1044/919/37 1032/961/37
f 1029/952/12 1041/951/12 1037/943/13 1025/962/13
f 1055/957/23 1049/953/8 1041/951/20 1039/950/22
f 1023/911/1 1032/963/1 1035/932/1
f 1023/911/1 1024/964/1 1030/915/1
f 1023/911/1 1029/913/1 1025/921/1
f 1024/964/1 1023/911/1 1033/920/1
f 1058/958/36 1052/948/17 1042/924/16 1036/923/35
f 1043/916/14 1046/947/33 1053/946/34 1051/917/15
f 1023/911/1 1031/933/1 1032/963/1
f 1091/965/47 1053/946/34 1056/928/29 1090/931/46
f 1048/945/24 1059/944/11 1085/966/10 1086/967/43
f 1052/948/17 1058/958/36 1087/968/44 1088/969/41
f 1051/917/15 1053/946/34 1091/965/47 1092/970/49
f 1033/960/7 1025/962/13 1037/943/13 1045/942/7
f 1049/953/8 1055/957/23 1095/971/40 1084/972/9
f 1093/973/48 1050/918/4 1051/917/15 1092/970/49
f 1095/971/40 1055/957/23 1054/940/5 1094/974/45
f 1085/966/10 1059/944/11 1049/953/8 1084/972/9
f 1057/929/18 1052/948/17 1088/969/41 1089/930/42
f 1058/958/36 1048/945/24 1086/967/43 1087/968/44
f 1054/940/5 1050/939/4 1093/975/48 1094/974/45
f 1096/976/1 1100/977/1 1102/978/1
f 1099/979/1 1096/976/1 1103/980/1
f 1116/981/14 1124/982/15 1123/983/4 1117/984/3
f 1106/985/1 1096/976/1 1098/986/1
f 1097/987/6 1109/988/6 1115/989/38 1103/990/38
f 1107/991/1 1096/976/1 1101/992/1
f 1129/993/29 1130/994/52 1162/995/42 1163/996/46
f 1096/976/1 1108/997/1 1100/977/1
f 1096/976/1 1107/991/1 1104/998/1
f 1096/976/1 1099/979/1 1101/992/1
f 1101/999/27 1099/1000/39 1111/1001/39 1113/1002/27
f 1117/1003/3 1123/1004/4 1127/1005/5 1120/1006/2
f 1118/1007/25 1110/1008/21 1132/1009/11 1121/1010/24
f 1113/1002/28 1111/1001/19 1130/994/52 1129/993/29
f 1129/993/29 1126/1011/34 1119/1012/33 1113/1002/28
f 1111/1001/19 1115/989/16 1125/1013/17 1130/994/52
f 1100/1014/31 1112/1015/31 1114/1016/12 1102/1017/12
f 1114/1016/20 1122/1018/8 1132/1009/11 1110/1008/21
f 1108/1019/32 1120/1006/32 1112/1015/31 1100/1014/31
f 1101/999/27 1113/1002/27 1119/1012/26 1107/1020/26
f 1104/1021/30 1107/1020/26 1119/1012/26 1116/981/30
f 1120/1006/2 1127/1005/5 1128/1022/23 1112/1015/22
f 1121/1010/24 1131/1023/36 1109/988/35 1118/1007/25
f 1105/1024/37 1117/1003/37 1120/1006/32 1108/1019/32
f 1099/1000/39 1103/990/38 1115/989/38 1111/1001/39
f 1097/987/6 1106/1025/7 1118/1007/7 1109/988/6
f 1104/1021/30 1116/981/30 1117/984/37 1105/1026/37
f 1102/1017/12 1114/1016/12 1110/1008/13 1098/1027/13
f 1128/1022/23 1122/1018/8 1114/1016/20 1112/1015/22
f 1096/976/1 1105/1028/1 1108/997/1
f 1096/976/1 1097/1029/1 1103/980/1
f 1096/976/1 1102/978/1 1098/986/1
f 1097/1029/1 1096/976/1 1106/985/1
f 1131/1023/36 1125/1013/17 1115/989/16 1109/988/35
f 1116/981/14 1119/1012/33 1126/1011/34 1124/982/15
f 1096/976/1 1104/998/1 1105/1028/1
f 1164/1030/47 1126/1011/34 1129/993/29 1163/996/46
f 1121/1010/24 1132/1009/11 1158/1031/10 1159/1032/43
f 1125/1013/17 1131/1023/36 1160/1033/44 1161/1034/41
f 1124/982/15 1126/1011/34 1164/1030/47 1165/1035/49
f 1106/1025/7 1098/1027/13 1110/1008/13 1118/1007/7
f 1122/1018/8 1128/1022/23 1168/1036/40 1157/1037/9
f 1166/1038/48 1123/983/4 1124/982/15 1165/1035/49
f 1168/1036/40 1128/1022/23 1127/1005/5 1167/1039/45
f 1158/1031/10 1132/1009/11 1122/1018/8 1157/1037/9
f 1130/994/52 1125/1013/17 1161/1034/41 1162/995/42
f 1131/1023/36 1121/1010/24 1159/1032/43 1160/1033/44
f 1127/1005/5 1123/1004/4 1166/1040/48 1167/1039/45
f 1169/1041/1 1173/1042/1 1175/1043/1
f 1172/1044/1 1169/1041/1 1176/1045/1
f 1189/1046/14 1197/1047/15 1196/1048/4 1190/1049/3
f 1179/1050/1 1169/1041/1 1171/1051/1
f 1170/1052/6 1182/1053/6 1188/1054/38 1176/1055/38
f 1180/1056/1 1169/1041/1 1174/1057/1
f 1202/1058/29 1203/1059/18 1235/1060/42 1236/1061/46
f 1169/1041/1 1181/1062/1 1173/1042/1
f 1169/1041/1 1180/1056/1 1177/1063/1
f 1169/1041/1 1172/1044/1 1174/1057/1
f 1174/1064/27 1172/1065/39 1184/1066/39 1186/1067/27
f 1190/1068/3 1196/1069/4 1200/1070/5 1193/1071/2
f 1191/1072/25 1183/1073/21 1205/1074/11 1194/1075/24
f 1186/1067/28 1184/1066/19 1203/1059/18 1202/1058/29
f 1202/1058/29 1199/1076/34 1192/1077/33 1186/1067/28
f 1184/1066/19 1188/1054/16 1198/1078/17 1203/1059/18
f 1173/1079/31 1185/1080/31 1187/1081/12 1175/1082/12
f 1187/1081/20 1195/1083/8 1205/1074/11 1183/1073/21
f 1181/1084/32 1193/1071/32 1185/1080/31 1173/1079/31
f 1174/1064/27 1186/1067/27 1192/1077/26 1180/1085/26
f 1177/1086/30 1180/1085/26 1192/1077/26 1189/1046/30
f 1193/1071/2 1200/1070/5 1201/1087/23 1185/1080/22
f 1194/1075/24 1204/1088/36 1182/1053/35 1191/1072/25
f 1178/1089/37 1190/1068/37 1193/1071/32 1181/1084/32
f 1172/1065/39 1176/1055/38 1188/1054/38 1184/1066/39
f 1170/1052/6 1179/1090/7 1191/1072/7 1182/1053/6
f 1177/1086/30 1189/1046/30 1190/1049/37 1178/1091/37
f 1175/1082/12 1187/1081/12 1183/1073/13 1171/1092/13
f 1201/1087/23 1195/1083/8 1187/1081/20 1185/1080/22
f 1169/1041/1 1178/1093/1 1181/1062/1
f 1169/1041/1 1170/1094/1 1176/1045/1
f 1169/1041/1 1175/1043/1 1171/1051/1
f 1170/1094/1 1169/1041/1 1179/1050/1
f 1204/1088/36 1198/1078/17 1188/1054/16 1182/1053/35
f 1189/1046/14 1192/1077/33 1199/1076/34 1197/1047/15
f 1169/1041/1 1177/1063/1 1178/1093/1
f 1237/1095/47 1199/1076/34 1202/1058/29 1236/1061/46
f 1194/1075/24 1205/1074/11 1231/1096/10 1232/1097/43
f 1198/1078/17 1204/1088/36 1233/1098/44 1234/1099/41
f 1197/1047/15 1199/1076/34 1237/1095/47 1238/1100/49
f 1179/1090/7 1171/1092/13 1183/1073/13 1191/1072/7
f 1195/1083/8 1201/1087/23 1241/1101/40 1230/1102/9
f 1239/1103/48 1196/1048/4 1197/1047/15 1238/1100/49
f 1241/1101/40 1201/1087/23 1200/1070/5 1240/1104/45
f 1231/1096/10 1205/1074/11 1195/1083/8 1230/1102/9
f 1203/1059/18 1198/1078/17 1234/1099/41 1235/1060/42
f 1204/1088/36 1194/1075/24 1232/1097/43 1233/1098/44
f 1200/1070/5 1196/1069/4 1239/1105/48 1240/1104/45
f 1242/1106/1 1246/1107/1 1248/1108/1
f 1245/1109/1 1242/1106/1 1249/1110/1
f 1262/1111/14 1270/1112/15 1269/1113/4 1263/1114/3
f 1252/1115/1 1242/1106/1 1244/1116/1
f 1243/1117/6 1255/1118/6 1261/1119/38 1249/1120/38
f 1253/1121/1 1242/1106/1 1247/1122/1
f 1275/1123/29 1276/1124/18 1308/1125/42 1309/1126/46
f 1242/1106/1 1254/1127/1 1246/1107/1
f 1242/1106/1 1253/1121/1 1250/1128/1
f 1242/1106/1 1245/1109/1 1247/1122/1
f 1247/1129/27 1245/1130/39 1257/1131/39 1259/1132/27
f 1263/1133/3 1269/1134/4 1273/1135/5 1266/1136/2
f 1264/1137/25 1256/1138/21 1278/1139/11 1267/1140/24
f 1259/1132/28 1257/1131/19 1276/1124/18 1275/1123/29
f 1275/1123/29 1272/1141/34 1265/1142/33 1259/1132/28
f 1257/1131/19 1261/1119/16 1271/1143/17 1276/1124/18
f 1246/1144/31 1258/1145/31 1260/1146/12 1248/1147/12
f 1260/1146/20 1268/1148/8 1278/1139/11 1256/1138/21
f 1254/1149/32 1266/1136/32 1258/1145/31 1246/1144/31
f 1247/1129/27 1259/1132/27 1265/1142/26 1253/1150/26
f 1250/1151/30 1253/1150/26 1265/1142/26 1262/1111/30
f 1266/1136/2 1273/1135/5 1274/1152/23 1258/1145/22
f 1267/1140/24 1277/1153/36 1255/1118/35 1264/1137/25
f 1251/1154/37 1263/1133/37 1266/1136/32 1254/1149/32
f 1245/1130/39 1249/1120/38 1261/1119/38 1257/1131/39
f 1243/1117/6 1252/1155/7 1264/1137/7 1255/1118/6
f 1250/1151/30 1262/1111/30 1263/1114/37 1251/1156/37
f 1248/1147/12 1260/1146/12 1256/1138/13 1244/1157/13
f 1274/1152/23 1268/1148/8 1260/1146/20 1258/1145/22
f 1242/1106/1 1251/1158/1 1254/1127/1
f 1242/1106/1 1243/1159/1 1249/1110/1
f 1242/1106/1 1248/1108/1 1244/1116/1
f 1243/1159/1 1242/1106/1 1252/1115/1
f 1277/1153/36 1271/1143/17 1261/1119/16 1255/1118/35
f 1262/1111/14 1265/1142/33 1272/1141/34 1270/1112/15
f 1242/1106/1 1250/1128/1 1251/1158/1
f 1310/1160/47 1272/1141/34 1275/1123/29 1309/1126/46
f 1267/1140/24 1278/1139/11 1304/1161/10 1305/1162/43
f 1271/1143/17 1277/1153/36 1306/1163/44 1307/1164/41
f 1270/1112/15 1272/1141/34 1310/1160/47 1311/1165/49
f 1252/1155/7 1244/1157/13 1256/1138/13 1264/1137/7
f 1268/1148/8 1274/1152/23 1314/1166/40 1303/1167/9
f 1312/1168/48 1269/1113/4 1270/1112/15 1311/1165/49
f 1314/1166/40 1274/1152/23 1273/1135/5 1313/1169/45
f 1304/1161/10 1278/1139/11 1268/1148/8 1303/1167/9
f 1276/1124/18 1271/1143/17 1307/1164/41 1308/1125/42
f 1277/1153/36 1267/1140/24 1305/1162/43 1306/1163/44
f 1273/1135/5 1269/1134/4 1312/1170/48 1313/1169/45
f 1315/1171/1 1321/1172/1 1319/1173/1
f 1318/1174/1 1322/1175/1 1315/1171/1
f 1335/1176/16 1336/1177/35 1342/1178/36 1343/1179/17
f 1325/1180/1 1317/1181/1 1315/1171/1
f 1316/1182/37 1322/1183/30 1334/1184/30 1328/1185/37
f 1326/1186/1 1320/1187/1 1315/1171/1
f 1348/1188/29 1382/1189/46 1381/1190/47 1349/1191/34
f 1315/1171/1 1319/1173/1 1327/1192/1
f 1315/1171/1 1323/1193/1 1326/1186/1
f 1315/1171/1 1320/1187/1 1318/1174/1
f 1320/1194/27 1332/1195/27 1330/1196/26 1318/1197/26
f 1336/1198/35 1339/1199/25 1346/1200/24 1342/1201/36
f 1337/1202/2 1340/1203/5 1351/1204/23 1329/1205/22
f 1332/1195/28 1348/1188/29 1349/1191/34 1330/1196/33
f 1348/1188/29 1332/1195/28 1338/1206/19 1345/1207/18
f 1330/1196/33 1349/1191/34 1344/1208/15 1334/1184/14
f 1319/1209/13 1321/1210/12 1333/1211/12 1331/1212/13
f 1333/1211/20 1329/1205/22 1351/1204/23 1341/1213/8
f 1327/1214/7 1319/1209/13 1331/1212/13 1339/1199/7
f 1320/1194/27 1326/1215/39 1338/1206/39 1332/1195/27
f 1323/1216/38 1335/1176/38 1338/1206/39 1326/1215/39
f 1339/1199/25 1331/1212/21 1347/1217/11 1346/1200/24
f 1340/1203/5 1337/1202/2 1328/1185/3 1350/1218/4
f 1324/1219/6 1327/1214/7 1339/1199/7 1336/1198/6
f 1318/1197/26 1330/1196/26 1334/1184/30 1322/1183/30
f 1316/1182/37 1328/1185/37 1337/1202/32 1325/1220/32
f 1323/1216/38 1324/1221/6 1336/1177/6 1335/1176/38
f 1321/1210/12 1317/1222/31 1329/1205/31 1333/1211/12
f 1347/1217/11 1331/1212/21 1333/1211/20 1341/1213/8
f 1315/1171/1 1327/1192/1 1324/1223/1
f 1315/1171/1 1322/1175/1 1316/1224/1
f 1315/1171/1 1317/1181/1 1321/1172/1
f 1316/1224/1 1325/1180/1 1315/1171/1
f 1350/1218/4 1328/1185/3 1334/1184/14 1344/1208/15
f 1335/1176/16 1343/1179/17 1345/1207/18 1338/1206/19
f 1315/1171/1 1324/1223/1 1323/1193/1
f 1383/1225/42 1382/1189/46 1348/1188/29 1345/1207/18
f 1340/1203/5 1378/1226/45 1377/1227/40 1351/1204/23
f 1344/1208/15 1380/1228/49 1379/1229/48 1350/1218/4
f 1343/1179/17 1384/1230/41 1383/1225/42 1345/1207/18
f 1325/1220/32 1337/1202/32 1329/1205/31 1317/1222/31
f 1341/1213/8 1376/1231/9 1387/1232/10 1347/1217/11
f 1385/1233/44 1384/1230/41 1343/1179/17 1342/1178/36
f 1387/1232/10 1386/1234/43 1346/1200/24 1347/1217/11
f 1377/1227/40 1376/1231/9 1341/1213/8 1351/1204/23
f 1349/1191/34 1381/1190/47 1380/1228/49 1344/1208/15
f 1350/1218/4 1379/1229/48 1378/1226/45 1340/1203/5
f 1346/1200/24 1386/1234/43 1385/1235/44 1342/1201/36
f 1388/1236/1 1394/1237/1 1392/1238/1
f 1391/1239/1 1395/1240/1 1388/1236/1
f 1408/1241/16 1409/1242/35 1415/1243/36 1416/1244/17
f 1398/1245/1 1390/1246/1 1388/1236/1
f 1389/1247/37 1395/1248/30 1407/1249/30 1401/1250/37
f 1399/1251/1 1393/1252/1 1388/1236/1
f 1421/1253/29 1455/1254/46 1454/1255/47 1422/1256/34
f 1388/1236/1 1392/1238/1 1400/1257/1
f 1388/1236/1 1396/1258/1 1399/1251/1
f 1388/1236/1 1393/1252/1 1391/1239/1
f 1393/1259/27 1405/1260/27 1403/1261/26 1391/1262/26
f 1409/1263/35 1412/1264/25 1419/1265/24 1415/1266/36
f 1410/1267/2 1413/1268/5 1424/1269/23 1402/1270/22
f 1405/1260/28 1421/1253/29 1422/1256/34 1403/1261/33
f 1421/1253/29 1405/1260/28 1411/1271/19 1418/1272/18
f 1403/1261/33 1422/1256/34 1417/1273/15 1407/1249/14
f 1392/1274/13 1394/1275/12 1406/1276/12 1404/1277/13
f 1406/1276/20 1402/1270/22 1424/1269/23 1414/1278/8
f 1400/1279/7 1392/1274/13 1404/1277/13 1412/1264/7
f 1393/1259/27 1399/1280/39 1411/1271/39 1405/1260/27
f 1396/1281/38 1408/1241/38 1411/1271/39 1399/1280/39
f 1412/1264/25 1404/1277/21 1420/1282/11 1419/1265/24
f 1413/1268/5 1410/1267/2 1401/1250/3 1423/1283/4
f 1397/1284/6 1400/1279/7 1412/1264/7 1409/1263/6
f 1391/1262/26 1403/1261/26 1407/1249/30 1395/1248/30
f 1389/1247/37 1401/1250/37 1410/1267/32 1398/1285/32
f 1396/1281/38 1397/1286/6 1409/1242/6 1408/1241/38
f 1394/1275/12 1390/1287/31 1402/1270/31 1406/1276/12
f 1420/1282/11 1404/1277/21 1406/1276/20 1414/1278/8
f 1388/1236/1 1400/1257/1 1397/1288/1
f 1388/1236/1 1395/1240/1 1389/1289/1
f 1388/1236/1 1390/1246/1 1394/1237/1
f 1389/1289/1 1398/1245/1 1388/1236/1
f 1423/1283/4 1401/1250/3 1407/1249/14 1417/1273/15
f 1408/1241/16 1416/1244/17 1418/1272/18 1411/1271/19
f 1388/1236/1 1397/1288/1 1396/1258/1
f 1456/1290/42 1455/1254/46 1421/1253/29 1418/1272/18
f 1413/1268/5 1451/1291/45 1450/1292/40 1424/1269/23
f 1417/1273/15 1453/1293/49 1452/1294/48 1423/1283/4
f 1416/1244/17 1457/1295/41 1456/1290/42 1418/1272/18
f 1398/1285/32 1410/1267/32 1402/1270/31 1390/1287/31
f 1414/1278/8 1449/1296/9 1460/1297/10 1420/1282/11
f 1458/1298/44 1457/1295/41 1416/1244/17 1415/1243/36
f 1460/1297/10 1459/1299/43 1419/1265/24 1420/1282/11
f 1450/1292/40 1449/1296/9 1414/1278/8 1424/1269/23
f 1422/1256/34 1454/1255/47 1453/1293/49 1417/1273/15
f 1423/1283/4 1452/1294/48 1451/1291/45 1413/1268/5
f 1419/1265/24 1459/1299/43 1458/1300/44 1415/1266/36
f 1461/1301/1 1467/1302/1 1465/1303/1
f 1464/1304/1 1468/1305/1 1461/1301/1
f 1481/1306/16 1482/1307/35 1488/1308/36 1489/1309/17
f 1471/1310/1 1463/1311/1 1461/1301/1
f 1462/1312/37 1468/1313/30 1480/1314/30 1474/1315/37
f 1472/1316/1 1466/1317/1 1461/1301/1
f 1494/1318/29 1528/1319/46 1527/1320/47 1495/1321/34
f 1461/1301/1 1465/1303/1 1473/1322/1
f 1461/1301/1 1469/1323/1 1472/1316/1
f 1461/1301/1 1466/1317/1 1464/1304/1
f 1466/1324/27 1478/1325/27 1476/1326/26 1464/1327/26
f 1482/1328/35 1485/1329/25 1492/1330/24 1488/1331/36
f 1483/1332/2 1486/1333/5 1497/1334/23 1475/1335/22
f 1478/1325/28 1494/1318/29 1495/1321/34 1476/1326/33
f 1494/1318/29 1478/1325/28 1484/1336/19 1491/1337/18
f 1476/1326/33 1495/1321/34 1490/1338/15 1480/1314/14
f 1465/1339/13 1467/1340/12 1479/1341/12 1477/1342/13
f 1479/1341/20 1475/1335/22 1497/1334/23 1487/1343/8
f 1473/1344/7 1465/1339/13 1477/1342/13 1485/1329/7
f 1466/1324/27 1472/1345/39 1484/1336/39 1478/1325/27
f 1469/1346/38 1481/1306/38 1484/1336/39 1472/1345/39
f 1485/1329/25 1477/1342/21 1493/1347/11 1492/1330/24
f 1486/1333/5 1483/1332/2 1474/1315/3 1496/1348/4
f 1470/1349/6 1473/1344/7 1485/1329/7 1482/1328/6
f 1464/1327/26 1476/1326/26 1480/1314/30 1468/1313/30
f 1462/1312/37 1474/1315/37 1483/1332/32 1471/1350/32
f 1469/1346/38 1470/1351/6 1482/1307/6 1481/1306/38
f 1467/1340/12 1463/1352/31 1475/1335/31 1479/1341/12
f 1493/1347/11 1477/1342/21 1479/1341/20 1487/1343/8
f 1461/1301/1 1473/1322/1 1470/1353/1
f 1461/1301/1 1468/1305/1 1462/1354/1
f 1461/1301/1 1463/1311/1 1467/1302/1
f 1462/1354/1 1471/1310/1 1461/1301/1
f 1496/1348/4 1474/1315/3 1480/1314/14 1490/1338/15
f 1481/1306/16 1489/1309/17 1491/1337/18 1484/1336/19
f 1461/1301/1 1470/1353/1 1469/1323/1
f 1529/1355/42 1528/1319/46 1494/1318/29 1491/1337/18
f 1486/1333/5 1524/1356/45 1523/1357/40 1497/1334/23
f 1490/1338/15 1526/1358/49 1525/1359/48 1496/1348/4
f 1489/1309/17 1530/1360/41 1529/1355/42 1491/1337/18
f 1471/1350/32 1483/1332/32 1475/1335/31 1463/1352/31
f 1487/1343/8 1522/1361/9 1533/1362/10 1493/1347/11
f 1531/1363/44 1530/1360/41 1489/1309/17 1488/1308/36
f 1533/1362/10 1532/1364/43 1492/1330/24 1493/1347/11
f 1523/1357/40 1522/1361/9 1487/1343/8 1497/1334/23
f 1495/1321/34 1527/1320/47 1526/1358/49 1490/1338/15
f 1496/1348/4 1525/1359/48 1524/1356/45 1486/1333/5
f 1492/1330/24 1532/1364/43 1531/1365/44 1488/1331/36
f 1534/1366/1 1540/1367/1 1538/1368/1
f 1537/1369/1 1541/1370/1 1534/1366/1
f 1554/1371/16 1555/1372/35 1561/1373/36 1562/1374/17
f 1544/1375/1 1536/1376/1 1534/1366/1
f 1535/1377/37 1541/1378/30 1553/1379/30 1547/1380/37
f 1545/1381/1 1539/1382/1 1534/1366/1
f 1567/1383/29 1601/1384/46 1600/1385/47 1568/1386/34
f 1534/1366/1 1538/1368/1 1546/1387/1
f 1534/1366/1 1542/1388/1 1545/1381/1
f 1534/1366/1 1539/1382/1 1537/1369/1
f 1539/1389/27 1551/1390/27 1549/1391/26 1537/1392/26
f 1555/1393/35 1558/1394/25 1565/1395/24 1561/1396/36
f 1556/1397/2 1559/1398/5 1570/1399/23 1548/1400/22
f 1551/1390/28 1567/1383/29 1568/1386/34 1549/1391/33
f 1567/1383/29 1551/1390/28 1557/1401/19 1564/1402/18
f 1549/1391/33 1568/1386/34 1563/1403/15 1553/1379/14
f 1538/1404/13 1540/1405/12 1552/1406/12 1550/1407/13
f 1552/1406/20 1548/1400/22 1570/1399/23 1560/1408/8
f 1546/1409/7 1538/1404/13 1550/1407/13 1558/1394/7
f 1539/1389/27 1545/1410/39 1557/1401/39 1551/1390/27
f 1542/1411/38 1554/1371/38 1557/1401/39 1545/1410/39
f 1558/1394/25 1550/1407/21 1566/1412/11 1565/1395/24
f 1559/1398/5 1556/1397/2 1547/1380/3 1569/1413/4
f 1543/1414/6 1546/1409/7 1558/1394/7 1555/1393/6
f 1537/1392/26 1549/1391/26 1553/1379/30 1541/1378/30
f 1535/1377/37 1547/1380/37 1556/1397/32 1544/1415/32
f 1542/1411/38 1543/1416/6 1555/1372/6 1554/1371/38
f 1540/1405/12 1536/1417/31 1548/1400/31 1552/1406/12
f 1566/1412/11 1550/1407/21 1552/1406/20 1560/1408/8
f 1534/1366/1 1546/1387/1 1543/1418/1
f 1534/1366/1 1541/1370/1 1535/1419/1
f 1534/1366/1 1536/1376/1 1540/1367/1
f 1535/1419/1 1544/1375/1 1534/1366/1
f 1569/1413/4 1547/1380/3 1553/1379/14 1563/1403/15
f 1554/1371/16 1562/1374/17 1564/1402/18 1557/1401/19
f 1534/1366/1 1543/1418/1 1542/1388/1
f 1602/1420/42 1601/1384/46 1567/1383/29 1564/1402/18
f 1559/1398/5 1597/1421/45 1596/1422/40 1570/1399/23
f 1563/1403/15 1599/1423/49 1598/1424/48 1569/1413/4
f 1562/1374/17 1603/1425/41 1602/1420/42 1564/1402/18
f 1544/1415/32 1556/1397/32 1548/1400/31 1536/1417/31
f 1560/1408/8 1595/1426/9 1606/1427/10 1566/1412/11
f 1604/1428/44 1603/1425/41 1562/1374/17 1561/1373/36
f 1606/1427/10 1605/1429/43 1565/1395/24 1566/1412/11
f 1596/1422/40 1595/1426/9 1560/1408/8 1570/1399/23
f 1568/1386/34 1600/1385/47 1599/1423/49 1563/1403/15
f 1569/1413/4 1598/1424/48 1597/1421/45 1559/1398/5
f 1565/1395/24 1605/1429/43 1604/1430/44 1561/1396/36
f 1607/1431/1 1613/1432/1 1611/1433/1
f 1610/1434/1 1614/1435/1 1607/1431/1
f 1627/1436/16 1628/1437/35 1634/1438/36 1635/1439/17
f 1617/1440/1 1609/1441/1 1607/1431/1
f 1608/1442/37 1614/1443/30 1626/1444/30 1620/1445/37
f 1618/1446/1 1612/1447/1 1607/1431/1
f 1640/1448/53 1674/1449/46 1673/1450/47 1641/1451/34
f 1607/1431/1 1611/1433/1 1619/1452/1
f 1607/1431/1 1615/1453/1 1618/1446/1
f 1607/1431/1 1612/1447/1 1610/1434/1
f 1612/1454/27 1624/1455/27 1622/1456/26 1610/1457/26
f 1628/1458/35 1631/1459/25 1638/1460/24 1634/1461/36
f 1629/1462/2 1632/1463/5 1643/1464/23 1621/1465/22
f 1624/1455/28 1640/1448/53 1641/1451/34 1622/1456/33
f 1640/1448/53 1624/1455/28 1630/1466/19 1637/1467/18
f 1622/1456/33 1641/1451/34 1636/1468/15 1626/1444/14
f 1611/1469/13 1613/1470/12 1625/1471/12 1623/1472/13
f 1625/1471/20 1621/1465/22 1643/1464/23 1633/1473/8
f 1619/1474/7 1611/1469/13 1623/1472/13 1631/1459/7
f 1612/1454/27 1618/1475/39 1630/1466/39 1624/1455/27
f 1615/1476/38 1627/1436/38 1630/1466/39 1618/1475/39
f 1631/1459/25 1623/1472/21 1639/1477/11 1638/1460/24
f 1632/1463/5 1629/1462/2 1620/1445/3 1642/1478/4
f 1616/1479/6 1619/1474/7 1631/1459/7 1628/1458/6
f 1610/1457/26 1622/1456/26 1626/1444/30 1614/1443/30
f 1608/1442/37 1620/1445/37 1629/1462/32 1617/1480/32
f 1615/1476/38 1616/1481/6 1628/1437/6 1627/1436/38
f 1613/1470/12 1609/1482/31 1621/1465/31 1625/1471/12
f 1639/1477/11 1623/1472/21 1625/1471/20 1633/1473/8
f 1607/1431/1 1619/1452/1 1616/1483/1
f 1607/1431/1 1614/1435/1 1608/1484/1
f 1607/1431/1 1609/1441/1 1613/1432/1
f 1608/1484/1 1617/1440/1 1607/1431/1
f 1642/1478/4 1620/1445/3 1626/1444/14 1636/1468/15
f 1627/1436/16 1635/1439/17 1637/1467/18 1630/1466/19
f 1607/1431/1 1616/1483/1 1615/1453/1
f 1675/1485/42 1674/1449/46 1640/1448/53 1637/1467/18
f 1632/1463/5 1670/1486/45 1669/1487/40 1643/1464/23
f 1636/1468/15 1672/1488/49 1671/1489/48 1642/1478/4
f 1635/1439/17 1676/1490/41 1675/1485/42 1637/1467/18
f 1617/1480/32 1629/1462/32 1621/1465/31 1609/1482/31
f 1633/1473/8 1668/1491/9 1679/1492/10 1639/1477/11
f 1677/1493/44 1676/1490/41 1635/1439/17 1634/1438/36
f 1679/1492/10 1678/1494/43 1638/1460/24 1639/1477/11
f 1669/1487/40 1668/1491/9 1633/1473/8 1643/1464/23
f 1641/1451/34 1673/1450/47 1672/1488/49 1636/1468/15
f 1642/1478/4 1671/1489/48 1670/1486/45 1632/1463/5
f 1638/1460/24 1678/1494/43 1677/1495/44 1634/1461/36
f 1680/1496/1 1686/1497/1 1684/1498/1
f 1683/1499/1 1687/1500/1 1680/1496/1
f 1700/1501/16 1701/1502/35 1707/1503/36 1708/1504/17
f 1690/1505/1 1682/1506/1 1680/1496/1
f 1681/1507/37 1687/1508/30 1699/1509/30 1693/1510/37
f 1691/1511/1 1685/1512/1 1680/1496/1
f 1713/1513/29 1747/1514/46 1746/1515/47 1714/1516/34
f 1680/1496/1 1684/1498/1 1692/1517/1
f 1680/1496/1 1688/1518/1 1691/1511/1
f 1680/1496/1 1685/1512/1 1683/1499/1
f 1685/1519/27 1697/1520/27 1695/1521/26 1683/1522/26
f 1701/1523/35 1704/1524/25 1711/1525/24 1707/1526/36
f 1702/1527/2 1705/1528/5 1716/1529/23 1694/1530/22
f 1697/1520/28 1713/1513/29 1714/1516/34 1695/1521/33
f 1713/1513/29 1697/1520/28 1703/1531/19 1710/1532/18
f 1695/1521/33 1714/1516/34 1709/1533/15 1699/1509/14
f 1684/1534/13 1686/1535/12 1698/1536/12 1696/1537/13
f 1698/1536/20 1694/1530/22 1716/1529/23 1706/1538/8
f 1692/1539/7 1684/1534/13 1696/1537/13 1704/1524/7
f 1685/1519/27 1691/1540/39 1703/1531/39 1697/1520/27
f 1688/1541/38 1700/1501/38 1703/1531/39 1691/1540/39
f 1704/1524/25 1696/1537/21 1712/1542/11 1711/1525/24
f 1705/1528/5 1702/1527/2 1693/1510/3 1715/1543/4
f 1689/1544/6 1692/1539/7 1704/1524/7 1701/1523/6
f 1683/1522/26 1695/1521/26 1699/1509/30 1687/1508/30
f 1681/1507/37 1693/1510/37 1702/1527/32 1690/1545/32
f 1688/1541/38 1689/1546/6 1701/1502/6 1700/1501/38
f 1686/1535/12 1682/1547/31 1694/1530/31 1698/1536/12
f 1712/1542/11 1696/1537/21 1698/1536/20 1706/1538/8
f 1680/1496/1 1692/1517/1 1689/1548/1
f 1680/1496/1 1687/1500/1 1681/1549/1
f 1680/1496/1 1682/1506/1 1686/1497/1
f 1681/1549/1 1690/1505/1 1680/1496/1
f 1715/1543/4 1693/1510/3 1699/1509/14 1709/1533/15
f 1700/1501/16 1708/1504/17 1710/1532/18 1703/1531/19
f 1680/1496/1 1689/1548/1 1688/1518/1
f 1748/1550/42 1747/1514/46 1713/1513/29 1710/1532/18
f 1705/1528/5 1743/1551/45 1742/1552/40 1716/1529/23
f 1709/1533/15 1745/1553/49 1744/1554/48 1715/1543/4
f 1708/1504/17 1749/1555/41 1748/1550/42 1710/1532/18
f 1690/1545/32 1702/1527/32 1694/1530/31 1682/1547/31
f 1706/1538/8 1741/1556/9 1752/1557/10 1712/1542/11
f 1750/1558/44 1749/1555/41 1708/1504/17 1707/1503/36
f 1752/1557/10 1751/1559/43 1711/1525/24 1712/1542/11
f 1742/1552/40 1741/1556/9 1706/1538/8 1716/1529/23
f 1714/1516/34 1746/1515/47 1745/1553/49 1709/1533/15
f 1715/1543/4 1744/1554/48 1743/1551/45 1705/1528/5
f 1711/1525/24 1751/1559/43 1750/1560/44 1707/1526/36
usemtl sandstone_color
f 47/1561/54 53/1562/54 52/1563/55 48/1564/55
f 40/1565/56 50/1566/56 61/1567/57 49/1568/57
f 40/1565/56 42/1569/58 51/1570/58 50/1566/56
f 45/1571/59 46/1572/60 60/1573/60 59/1574/59
f 49/1568/57 61/1567/57 60/1573/60 46/1572/60
f 44/1575/61 41/1576/62 58/1577/62 57/1578/61
f 43/1579/63 38/1580/64 55/1581/64 54/1582/63
f 47/1561/54 43/1579/63 54/1582/63 53/1562/54
f 39/1583/65 44/1575/61 57/1578/61 56/1584/65
f 38/1580/64 39/1583/65 56/1584/65 55/1581/64
f 41/1576/62 45/1571/59 59/1574/59 58/1577/62
f 42/1569/58 48/1585/55 52/1586/55 51/1570/58
f 120/1587/54 126/1588/54 125/1589/55 121/1590/55
f 113/1591/56 123/1592/56 134/1593/57 122/1594/57
f 113/1591/56 115/1595/58 124/1596/58 123/1592/56
f 118/1597/59 119/1598/60 133/1599/60 132/1600/59
f 122/1594/57 134/1593/57 133/1599/60 119/1598/60
f 117/1601/61 114/1602/62 131/1603/62 130/1604/61
f 116/1605/63 111/1606/64 128/1607/64 127/1608/63
f 120/1587/54 116/1605/63 127/1608/63 126/1588/54
f 112/1609/65 117/1601/61 130/1604/61 129/1610/65
f 111/1606/64 112/1609/65 129/1610/65 128/1607/64
f 114/1602/62 118/1597/59 132/1600/59 131/1603/62
f 115/1595/58 121/1611/55 125/1612/55 124/1596/58
f 193/1613/54 199/1614/54 198/1615/55 194/1616/55
f 186/1617/56 196/1618/56 207/1619/57 195/1620/57
f 186/1617/56 188/1621/58 197/1622/58 196/1618/56
f 191/1623/59 192/1624/60 206/1625/60 205/1626/59
f 195/1620/57 207/1619/57 206/1625/60 192/1624/60
f 190/1627/61 187/1628/62 204/1629/62 203/1630/61
f 189/1631/63 184/1632/64 201/1633/64 200/1634/63
f 193/1613/54 189/1631/63 200/1634/63 199/1614/54
f 185/1635/65 190/1627/61 203/1630/61 202/1636/65
f 184/1632/64 185/1635/65 202/1636/65 201/1633/64
f 187/1628/62 191/1623/59 205/1626/59 204/1629/62
f 188/1621/58 194/1637/55 198/1638/55 197/1622/58
f 266/1639/54 272/1640/54 271/1641/55 267/1642/55
f 259/1643/56 269/1644/56 280/1645/57 268/1646/57
f 259/1643/56 261/1647/58 270/1648/58 269/1644/56
f 264/1649/59 265/1650/60 279/1651/60 278/1652/59
f 268/1646/57 280/1645/57 279/1651/60 265/1650/60
f 263/1653/61 260/1654/62 277/1655/62 276/1656/61
f 262/1657/63 257/1658/64 274/1659/64 273/1660/63
f 266/1639/54 262/1657/63 273/1660/63 272/1640/54
f 258/1661/65 263/1653/61 276/1656/61 275/1662/65
f 257/1658/64 258/1661/65 275/1662/65 274/1659/64
f 260/1654/62 264/1649/59 278/1652/59 277/1655/62
f 261/1647/58 267/1663/55 271/1664/55 270/1648/58
f 339/1665/54 345/1666/54 344/1667/55 340/1668/55
f 332/1669/56 342/1670/56 353/1671/57 341/1672/57
f 332/1669/56 334/1673/58 343/1674/58 342/1670/56
f 337/1675/59 338/1676/60 352/1677/60 351/1678/59
f 341/1672/57 353/1671/57 352/1677/60 338/1676/60
f 336/1679/61 333/1680/62 350/1681/62 349/1682/61
f 335/1683/63 330/1684/64 347/1685/64 346/1686/63
f 339/1665/54 335/1683/63 346/1686/63 345/1666/54
f 331/1687/65 336/1679/61 349/1682/61 348/1688/65
f 330/1684/64 331/1687/65 348/1688/65 347/1685/64
f 333/1680/62 337/1675/59 351/1678/59 350/1681/62
f 334/1673/58 340/1689/55 344/1690/55 343/1674/58
f 412/1691/54 418/1692/54 417/1693/55 413/1694/55
f 405/1695/56 415/1696/56 426/1697/57 414/1698/57
f 405/1695/56 407/1699/58 416/1700/58 415/1696/56
f 410/1701/59 411/1702/60 425/1703/60 424/1704/59
f 414/1698/57 426/1697/57 425/1703/60 411/1702/60
f 409/1705/61 406/1706/62 423/1707/62 422/1708/61
f 408/1709/63 403/1710/64 420/1711/64 419/1712/63
f 412/1691/54 408/1709/63 419/1712/63 418/1692/54
f 404/1713/65 409/1705/61 422/1708/61 421/1714/65
f 403/1710/64 404/1713/65 421/1714/65 420/1711/64
f 406/1706/62 410/1701/59 424/1704/59 423/1707/62
f 407/1699/58 413/1715/55 417/1716/55 416/1700/58
f 485/1717/61 486/1718/62 490/1719/62 491/1720/61
f 478/1721/60 487/1722/57 499/1723/57 488/1724/60
f 478/1721/60 488/1724/60 489/1725/59 480/1726/59
f 483/1727/58 497/1728/58 498/1729/56 484/1730/56
f 487/1722/57 484/1730/56 498/1729/56 499/1723/57
f 482/1731/54 495/1732/54 496/1733/55 479/1734/55
f 481/1735/65 492/1736/65 493/1737/64 476/1738/64
f 485/1717/61 491/1720/61 492/1736/65 481/1735/65
f 477/1739/63 494/1740/63 495/1732/54 482/1731/54
f 476/1738/64 493/1737/64 494/1740/63 477/1739/63
f 479/1734/55 496/1733/55 497/1728/58 483/1727/58
f 480/1726/59 489/1725/59 490/1741/62 486/1742/62
f 558/1743/61 559/1744/62 563/1745/62 564/1746/61
f 551/1747/60 560/1748/57 572/1749/57 561/1750/60
f 551/1747/60 561/1750/60 562/1751/59 553/1752/59
f 556/1753/58 570/1754/58 571/1755/56 557/1756/56
f 560/1748/57 557/1756/56 571/1755/56 572/1749/57
f 555/1757/54 568/1758/54 569/1759/55 552/1760/55
f 554/1761/65 565/1762/65 566/1763/64 549/1764/64
f 558/1743/61 564/1746/61 565/1762/65 554/1761/65
f 550/1765/63 567/1766/63 568/1758/54 555/1757/54
f 549/1764/64 566/1763/64 567/1766/63 550/1765/63
f 552/1760/55 569/1759/55 570/1754/58 556/1753/58
f 553/1752/59 562/1751/59 563/1767/62 559/1768/62
f 631/1769/61 632/1770/62 636/1771/62 637/1772/61
f 624/1773/60 633/1774/57 645/1775/57 634/1776/60
f 624/1773/60 634/1776/60 635/1777/59 626/1778/59
f 629/1779/58 643/1780/58 644/1781/56 630/1782/56
f 633/1774/57 630/1782/56 644/1781/56 645/1775/57
f 628/1783/54 641/1784/54 642/1785/55 625/1786/55
f 627/1787/65 638/1788/65 639/1789/64 622/1790/64
f 631/1769/61 637/1772/61 638/1788/65 627/1787/65
f 623/1791/63 640/1792/63 641/1784/54 628/1783/54
f 622/1790/64 639/1789/64 640/1792/63 623/1791/63
f 625/1786/55 642/1785/55 643/1780/58 629/1779/58
f 626/1778/59 635/1777/59 636/1793/62 632/1794/62
f 704/1795/61 705/1796/62 709/1797/62 710/1798/61
f 697/1799/60 706/1800/57 718/1801/57 707/1802/60
f 697/1799/60 707/1802/60 708/1803/59 699/1804/59
f 702/1805/58 716/1806/58 717/1807/56 703/1808/56
f 706/1800/57 703/1808/56 717/1807/56 718/1801/57
f 701/1809/54 714/1810/54 715/1811/55 698/1812/55
f 700/1813/65 711/1814/65 712/1815/64 695/1816/64
f 704/1795/61 710/1798/61 711/1814/65 700/1813/65
f 696/1817/63 713/1818/63 714/1810/54 701/1809/54
f 695/1816/64 712/1815/64 713/1818/63 696/1817/63
f 698/1812/55 715/1811/55 716/1806/58 702/1805/58
f 699/1804/59 708/1803/59 709/1819/62 705/1820/62
f 777/1821/61 778/1822/62 782/1823/62 783/1824/61
f 770/1825/60 779/1826/57 791/1827/57 780/1828/60
f 770/1825/60 780/1828/60 781/1829/59 772/1830/59
f 775/1831/58 789/1832/58 790/1833/56 776/1834/56
f 779/1826/57 776/1834/56 790/1833/56 791/1827/57
f 774/1835/54 787/1836/54 788/1837/55 771/1838/55
f 773/1839/65 784/1840/65 785/1841/64 768/1842/64
f 777/1821/61 783/1824/61 784/1840/65 773/1839/65
f 769/1843/63 786/1844/63 787/1836/54 774/1835/54
f 768/1842/64 785/1841/64 786/1844/63 769/1843/63
f 771/1838/55 788/1837/55 789/1832/58 775/1831/58
f 772/1830/59 781/1829/59 782/1845/62 778/1846/62
f 850/1847/61 851/1848/62 855/1849/62 856/1850/61
f 843/1851/60 852/1852/57 864/1853/57 853/1854/60
f 843/1851/60 853/1854/60 854/1855/59 845/1856/59
f 848/1857/58 862/1858/58 863/1859/56 849/1860/56
f 852/1852/57 849/1860/56 863/1859/56 864/1853/57
f 847/1861/54 860/1862/54 861/1863/55 844/1864/55
f 846/1865/65 857/1866/65 858/1867/64 841/1868/64
f 850/1847/61 856/1850/61 857/1866/65 846/1865/65
f 842/1869/63 859/1870/63 860/1862/54 847/1861/54
f 841/1868/64 858/1867/64 859/1870/63 842/1869/63
f 844/1864/55 861/1863/55 862/1858/58 848/1857/58
f 845/1856/59 854/1855/59 855/1871/62 851/1872/62
f 923/1873/58 924/1874/55 928/1875/55 929/1876/58
f 916/1877/63 925/1878/64 937/1879/64 926/1880/63
f 916/1877/63 926/1880/63 927/1881/54 918/1882/54
f 921/1883/61 935/1884/61 936/1885/65 922/1886/65
f 925/1878/64 922/1886/65 936/1885/65 937/1879/64
f 920/1887/59 933/1888/59 934/1889/62 917/1890/62
f 919/1891/56 930/1892/56 931/1893/57 914/1894/57
f 923/1873/58 929/1876/58 930/1892/56 919/1891/56
f 915/1895/60 932/1896/60 933/1888/59 920/1887/59
f 914/1894/57 931/1893/57 932/1896/60 915/1895/60
f 917/1890/62 934/1889/62 935/1884/61 921/1883/61
f 918/1882/54 927/1881/54 928/1897/55 924/1898/55
f 996/1899/58 997/1900/55 1001/1901/55 1002/1902/58
f 989/1903/63 998/1904/64 1010/1905/64 999/1906/63
f 989/1903/63 999/1906/63 1000/1907/54 991/1908/54
f 994/1909/61 1008/1910/61 1009/1911/65 995/1912/65
f 998/1904/64 995/1912/65 1009/1911/65 1010/1905/64
f 993/1913/59 1006/1914/59 1007/1915/62 990/1916/62
f 992/1917/56 1003/1918/56 1004/1919/57 987/1920/57
f 996/1899/58 1002/1902/58 1003/1918/56 992/1917/56
f 988/1921/60 1005/1922/60 1006/1914/59 993/1913/59
f 987/1920/57 1004/1919/57 1005/1922/60 988/1921/60
f 990/1916/62 1007/1915/62 1008/1910/61 994/1909/61
f 991/1908/54 1000/1907/54 1001/1923/55 997/1924/55
f 1069/1925/58 1070/1926/55 1074/1927/55 1075/1928/58
f 1062/1929/63 1071/1930/64 1083/1931/64 1072/1932/63
f 1062/1929/63 1072/1932/63 1073/1933/54 1064/1934/54
f 1067/1935/61 1081/1936/61 1082/1937/65 1068/1938/65
f 1071/1930/64 1068/1938/65 1082/1937/65 1083/1931/64
f 1066/1939/59 1079/1940/59 1080/1941/62 1063/1942/62
f 1065/1943/56 1076/1944/56 1077/1945/57 1060/1946/57
f 1069/1925/58 1075/1928/58 1076/1944/56 1065/1943/56
f 1061/1947/60 1078/1948/60 1079/1940/59 1066/1939/59
f 1060/1946/57 1077/1945/57 1078/1948/60 1061/1947/60
f 1063/1942/62 1080/1941/62 1081/1936/61 1067/1935/61
f 1064/1934/54 1073/1933/54 1074/1949/55 1070/1950/55
f 1142/1951/58 1143/1952/55 1147/1953/55 1148/1954/58
f 1135/1955/63 1144/1956/64 1156/1957/64 1145/1958/63
f 1135/1955/63 1145/1958/63 1146/1959/54 1137/1960/54
f 1140/1961/61 1154/1962/61 1155/1963/65 1141/1964/65
f 1144/1956/64 1141/1964/65 1155/1963/65 1156/1957/64
f 1139/1965/59 1152/1966/59 1153/1967/62 1136/1968/62
f 1138/1969/56 1149/1970/56 1150/1971/57 1133/1972/57
f 1142/1951/58 1148/1954/58 1149/1970/56 1138/1969/56
f 1134/1973/60 1151/1974/60 1152/1966/59 1139/1965/59
f 1133/1972/57 1150/1971/57 1151/1974/60 1134/1973/60
f 1136/1968/62 1153/1967/62 1154/1962/61 1140/1961/61
f 1137/1960/54 1146/1959/54 1147/1975/55 1143/1976/55
f 1215/1977/58 1216/1978/55 1220/1979/55 1221/1980/58
f 1208/1981/63 1217/1982/64 1229/1983/64 1218/1984/63
f 1208/1981/63 1218/1984/63 1219/1985/54 1210/1986/54
f 1213/1987/61 1227/1988/61 1228/1989/65 1214/1990/65
f 1217/1982/64 1214/1990/65 1228/1989/65 1229/1983/64
f 1212/1991/59 1225/1992/59 1226/1993/62 1209/1994/62
f 1211/1995/56 1222/1996/56 1223/1997/57 1206/1998/57
f 1215/1977/58 1221/1980/58 1222/1996/56 1211/1995/56
f 1207/1999/60 1224/2000/60 1225/1992/59 1212/1991/59
f 1206/1998/57 1223/1997/57 1224/2000/60 1207/1999/60
f 1209/1994/62 1226/1993/62 1227/1988/61 1213/1987/61
f 1210/1986/54 1219/1985/54 1220/2001/55 1216/2002/55
f 1288/2003/58 1289/2004/55 1293/2005/55 1294/2006/58
f 1281/2007/63 1290/2008/64 1302/2009/64 1291/2010/63
f 1281/2007/63 1291/2010/63 1292/2011/54 1283/2012/54
f 1286/2013/61 1300/2014/61 1301/2015/65 1287/2016/65
f 1290/2008/64 1287/2016/65 1301/2015/65 1302/2009/64
f 1285/2017/59 1298/2018/59 1299/2019/62 1282/2020/62
f 1284/2021/56 1295/2022/56 1296/2023/57 1279/2024/57
f 1288/2003/58 1294/2006/58 1295/2022/56 1284/2021/56
f 1280/2025/60 1297/2026/60 1298/2018/59 1285/2017/59
f 1279/2024/57 1296/2023/57 1297/2026/60 1280/2025/60
f 1282/2020/62 1299/2019/62 1300/2014/61 1286/2013/61
f 1283/2012/54 1292/2011/54 1293/2027/55 1289/2028/55
f 1361/2029/59 1367/2030/59 1366/2031/62 1362/2032/62
f 1354/2033/65 1364/2034/65 1375/2035/64 1363/2036/64
f 1354/2033/65 1356/2037/61 1365/2038/61 1364/2034/65
f 1359/2039/54 1360/2040/63 1374/2041/63 1373/2042/54
f 1363/2036/64 1375/2035/64 1374/2041/63 1360/2040/63
f 1358/2043/58 1355/2044/55 1372/2045/55 1371/2046/58
f 1357/2047/60 1352/2048/57 1369/2049/57 1368/2050/60
f 1361/2029/59 1357/2047/60 1368/2050/60 1367/2030/59
f 1353/2051/56 1358/2043/58 1371/2046/58 1370/2052/56
f 1352/2048/57 1353/2051/56 1370/2052/56 1369/2049/57
f 1355/2044/55 1359/2039/54 1373/2042/54 1372/2045/55
f 1356/2037/61 1362/2053/62 1366/2054/62 1365/2038/61
f 1434/2055/59 1440/2056/59 1439/2057/62 1435/2058/62
f 1427/2059/65 1437/2060/65 1448/2061/64 1436/2062/64
f 1427/2059/65 1429/2063/61 1438/2064/61 1437/2060/65
f 1432/2065/54 1433/2066/63 1447/2067/63 1446/2068/54
f 1436/2062/64 1448/2061/64 1447/2067/63 1433/2066/63
f 1431/2069/58 1428/2070/55 1445/2071/55 1444/2072/58
f 1430/2073/60 1425/2074/57 1442/2075/57 1441/2076/60
f 1434/2055/59 1430/2073/60 1441/2076/60 1440/2056/59
f 1426/2077/56 1431/2069/58 1444/2072/58 1443/2078/56
f 1425/2074/57 1426/2077/56 1443/2078/56 1442/2075/57
f 1428/2070/55 1432/2065/54 1446/2068/54 1445/2071/55
f 1429/2063/61 1435/2079/62 1439/2080/62 1438/2064/61
f 1507/2081/59 1513/2082/59 1512/2083/62 1508/2084/62
f 1500/2085/65 1510/2086/65 1521/2087/64 1509/2088/64
f 1500/2085/65 1502/2089/61 1511/2090/61 1510/2086/65
f 1505/2091/54 1506/2092/63 1520/2093/63 1519/2094/54
f 1509/2088/64 1521/2087/64 1520/2093/63 1506/2092/63
f 1504/2095/58 1501/2096/55 1518/2097/55 1517/2098/58
f 1503/2099/60 1498/2100/57 1515/2101/57 1514/2102/60
f 1507/2081/59 1503/2099/60 1514/2102/60 1513/2082/59
f 1499/2103/56 1504/2095/58 1517/2098/58 1516/2104/56
f 1498/2100/57 1499/2103/56 1516/2104/56 1515/2101/57
f 1501/2096/55 1505/2091/54 1519/2094/54 1518/2097/55
f 1502/2089/61 1508/2105/62 1512/2106/62 1511/2090/61
f 1580/2107/59 1586/2108/59 1585/2109/62 1581/2110/62
f 1573/2111/65 1583/2112/65 1594/2113/64 1582/2114/64
f 1573/2111/65 1575/2115/61 1584/2116/61 1583/2112/65
f 1578/2117/54 1579/2118/63 1593/2119/63 1592/2120/54
f 1582/2114/64 1594/2113/64 1593/2119/63 1579/2118/63
f 1577/2121/58 1574/2122/55 1591/2123/55 1590/2124/58
f 1576/2125/60 1571/2126/57 1588/2127/57 1587/2128/60
f 1580/2107/59 1576/2125/60 1587/2128/60 1586/2108/59
f 1572/2129/56 1577/2121/58 1590/2124/58 1589/2130/56
f 1571/2126/57 1572/2129/56 1589/2130/56 1588/2127/57
f 1574/2122/55 1578/2117/54 1592/2120/54 1591/2123/55
f 1575/2115/61 1581/2131/62 1585/2132/62 1584/2116/61
f 1653/2133/59 1659/2134/59 1658/2135/62 1654/2136/62
f 1646/2137/65 1656/2138/65 1667/2139/64 1655/2140/64
f 1646/2137/65 1648/2141/61 1657/2142/61 1656/2138/65
f 1651/2143/54 1652/2144/63 1666/2145/63 1665/2146/54
f 1655/2140/64 1667/2139/64 1666/2145/63 1652/2144/63
f 1650/2147/58 1647/2148/55 1664/2149/55 1663/2150/58
f 1649/2151/60 1644/2152/57 1661/2153/57 1660/2154/60
f 1653/2133/59 1649/2151/60 1660/2154/60 1659/2134/59
f 1645/2155/56 1650/2147/58 1663/2150/58 1662/2156/56
f 1644/2152/57 1645/2155/56 1662/2156/56 1661/2153/57
f 1647/2148/55 1651/2143/54 1665/2146/54 1664/2149/55
f 1648/2141/61 1654/2157/62 1658/2158/62 1657/2142/61
f 1726/2159/59 1732/2160/59 1731/2161/62 1727/2162/62
f 1719/2163/65 1729/2164/65 1740/2165/64 1728/2166/64
f 1719/2163/65 1721/2167/61 1730/2168/61 1729/2164/65
f 1724/2169/54 1725/2170/63 1739/2171/63 1738/2172/54
f 1728/2166/64 1740/2165/64 1739/2171/63 1725/2170/63
f 1723/2173/58 1720/2174/55 1737/2175/55 1736/2176/58
f 1722/2177/60 1717/2178/57 1734/2179/57 1733/2180/60
f 1726/2159/59 1722/2177/60 1733/2180/60 1732/2160/59
f 1718/2181/56 1723/2173/58 1736/2176/58 1735/2182/56
f 1717/2178/57 1718/2181/56 1735/2182/56 1734/2179/57
f 1720/2174/55 1724/2169/54 1738/2172/54 1737/2175/55
f 1721/2167/61 1727/2183/62 1731/2184/62 1730/2168/61
o Cube.485_Cube.584
v 17.574574 1.250000 -6.600375
v 18.984940 9.392088 -2.539282
v 17.063837 10.886010 -5.291012
v 19.062748 1.250000 -4.520567
v 19.062748 1.250000 -5.030342
v 18.634241 11.342749 -3.110929
v 18.906002 7.096773 -4.424850
v 18.906002 7.096773 -3.976436
v 19.037596 7.096773 -3.976436
v 19.037596 7.096773 -4.424850
v 19.587414 1.250000 -4.520567
v 19.587414 1.250000 -5.030342
v 16.156418 1.250000 -2.950534
v 19.787415 1.250000 -3.050634
v 19.587414 1.250000 -6.500170
v 18.994808 9.291948 -2.462043
v 18.450087 13.292671 -4.888627
v 19.787415 1.250000 -6.600375
v 19.787415 1.250000 -6.500170
v 19.787415 1.250000 -2.950534
v 18.600502 13.292671 -4.888627
v 19.587414 1.250000 -3.050634
v 18.818464 9.392088 -2.539282
v 15.865830 5.120913 -3.075328
v 15.940804 1.250000 -3.341624
v 15.940804 1.250000 -6.581317
v 16.156418 1.250000 -3.341624
v 16.156420 1.250000 -6.581317
v 16.059130 5.336528 -3.060494
v 16.059130 5.336528 -6.027633
v 15.865830 5.120913 -6.056847
v 18.578850 11.929249 -3.170040
v 18.634241 11.342749 -4.073704
v 18.578850 11.929249 -4.011616
v 18.677376 10.886013 -5.210685
v 18.837700 10.886013 -5.210685
v 18.837700 10.886013 -5.291011
v 17.065170 11.342752 -3.110929
v 17.065170 11.342752 -4.073703
v 17.065990 11.929252 -4.011616
v 17.065990 11.929252 -3.170040
v 16.156420 1.250000 -6.950375
v 17.549641 1.250000 -6.950375
v 17.058735 10.886170 -5.571557
v 16.059130 5.336528 -6.374056
v 16.059130 5.336528 -2.693894
v 18.789495 8.801905 -3.316337
v 18.789495 8.801905 -2.576347
v 18.734978 9.392088 -2.539282
v 19.105381 9.392088 -2.539282
v 19.361557 9.392088 -2.539282
v 19.690268 9.392088 -0.902536
v 19.461721 9.392088 -1.413019
v 19.361557 9.392088 -1.865415
v 18.698078 9.791522 -3.236334
v 19.064823 9.791522 -3.236334
v 19.064823 9.791522 -2.514196
v 19.318468 9.791522 -2.514196
v 19.643932 9.791522 -0.893620
v 19.318468 9.791522 -1.846986
v 19.417643 9.791522 -1.399060
v 18.952015 8.882120 -2.571310
v 19.120731 9.240906 -2.548777
v 19.082546 9.027318 -2.562191
v 19.120731 9.240906 -3.280847
v 18.952015 8.882120 -3.309853
v 19.082546 9.027318 -3.298114
v 18.525513 13.292671 -0.422707
v 18.441196 13.292671 -0.422707
v 18.771404 9.787184 -0.373464
v 18.771404 9.787184 -0.463451
v 18.441196 13.292671 -0.340598
v 18.525513 13.292671 -0.340598
v 18.863813 9.787184 -0.373464
v 18.863813 9.787184 -0.463451
v 18.525513 13.292671 -0.166354
v 18.441196 13.292671 -0.166354
v 18.771404 9.787184 -0.092512
v 18.771404 9.787184 -0.182499
v 18.441196 13.292671 -0.084245
v 18.525513 13.292671 -0.084245
v 18.863813 9.787184 -0.092512
v 18.863813 9.787184 -0.182499
v 17.063679 13.393549 -4.950281
v 18.590561 13.393549 -4.950281
v 17.444523 13.393549 -4.570808
v 18.210821 13.393549 -4.570808
v 17.458206 13.182483 -4.596391
v 18.228792 13.182483 -4.596391
v 19.342381 9.791522 -1.620481
v 19.385708 9.392088 -1.636650
v 18.734978 9.392088 0.000000
v 18.698078 9.791522 0.000000
v 12.425426 1.250000 -6.600375
v 11.015060 9.392088 -2.539282
v 12.936163 10.886010 -5.291012
v 10.937252 1.250000 -4.520567
v 10.937252 1.250000 -5.030342
v 11.365759 11.342749 -3.110929
v 11.093999 7.096773 -4.424850
v 11.093999 7.096773 -3.976436
v 10.962404 7.096773 -3.976436
v 10.962404 7.096773 -4.424850
v 10.412586 1.250000 -4.520567
v 10.412586 1.250000 -5.030342
v 13.843581 1.250000 -2.950534
v 10.212586 1.250000 -3.050634
v 10.412586 1.250000 -6.500170
v 11.005191 9.291948 -2.462043
v 11.549912 13.292671 -4.888627
v 10.212586 1.250000 -6.600375
v 10.212586 1.250000 -6.500170
v 10.212586 1.250000 -2.950534
v 11.399498 13.292671 -4.888627
v 10.412586 1.250000 -3.050634
v 11.181536 9.392088 -2.539282
v 14.134170 5.120913 -3.075328
v 14.059196 1.250000 -3.341624
v 14.059196 1.250000 -6.581317
v 13.843581 1.250000 -3.341624
v 13.843581 1.250000 -6.581317
v 13.940870 5.336528 -3.060494
v 13.940870 5.336528 -6.027633
v 14.134170 5.120913 -6.056847
v 11.421149 11.929249 -3.170040
v 11.365759 11.342749 -4.073704
v 11.421149 11.929249 -4.011616
v 11.322624 10.886013 -5.210685
v 11.162300 10.886013 -5.210685
v 11.162300 10.886013 -5.291011
v 12.934831 11.342752 -3.110929
v 12.934831 11.342752 -4.073703
v 12.934010 11.929252 -4.011616
v 12.934010 11.929252 -3.170040
v 13.843581 1.250000 -6.950375
v 12.450358 1.250000 -6.950375
v 12.941266 10.886170 -5.571557
v 13.940870 5.336528 -6.374056
v 13.940870 5.336528 -2.693894
v 11.210505 8.801905 -3.316337
v 11.210505 8.801905 -2.576347
v 11.265023 9.392088 -2.539282
v 10.894619 9.392088 -2.539282
v 10.638443 9.392088 -2.539282
v 10.309732 9.392088 -0.902536
v 10.538279 9.392088 -1.413019
v 10.638443 9.392088 -1.865415
v 11.301922 9.791522 -3.236334
v 10.935177 9.791522 -3.236334
v 10.935177 9.791522 -2.514196
v 10.681532 9.791522 -2.514196
v 10.356068 9.791522 -0.893620
v 10.681532 9.791522 -1.846986
v 10.582357 9.791522 -1.399060
v 11.047985 8.882120 -2.571310
v 10.879269 9.240906 -2.548777
v 10.917454 9.027318 -2.562191
v 10.879269 9.240906 -3.280847
v 11.047985 8.882120 -3.309853
v 10.917454 9.027318 -3.298114
v 11.474486 13.292671 -0.422707
v 11.558805 13.292671 -0.422707
v 11.228595 9.787184 -0.373464
v 11.228595 9.787184 -0.463451
v 11.558805 13.292671 -0.340598
v 11.474486 13.292671 -0.340598
v 11.136186 9.787184 -0.373464
v 11.136186 9.787184 -0.463451
v 11.474486 13.292671 -0.166354
v 11.558805 13.292671 -0.166354
v 11.228595 9.787184 -0.092512
v 11.228595 9.787184 -0.182499
v 11.558805 13.292671 -0.084245
v 11.474486 13.292671 -0.084245
v 11.136186 9.787184 -0.092512
v 11.136186 9.787184 -0.182499
v 12.936321 13.393549 -4.950281
v 11.409440 13.393549 -4.950281
v 12.555476 13.393549 -4.570808
v 11.789179 13.393549 -4.570808
v 12.541794 13.182483 -4.596391
v 11.771208 13.182483 -4.596391
v 10.657619 9.791522 -1.620481
v 10.614292 9.392088 -1.636650
v 11.265023 9.392088 0.000000
v 11.301922 9.791522 0.000000
v 17.574574 1.250000 6.600375
v 18.984940 9.392088 2.539282
v 17.063837 10.886010 5.291012
v 19.062748 1.250000 4.520567
v 19.062748 1.250000 5.030342
v 18.634241 11.342749 3.110929
v 18.906002 7.096773 4.424850
v 18.906002 7.096773 3.976436
v 19.037596 7.096773 3.976436
v 19.037596 7.096773 4.424850
v 19.587414 1.250000 4.520567
v 19.587414 1.250000 5.030342
v 16.156418 1.250000 2.950534
v 19.787415 1.250000 3.050634
v 19.587414 1.250000 6.500170
v 18.994808 9.291948 2.462043
v 18.450087 13.292671 4.888627
v 19.787415 1.250000 6.600375
v 19.787415 1.250000 6.500170
v 19.787415 1.250000 2.950534
v 18.600502 13.292671 4.888627
v 19.587414 1.250000 3.050634
v 18.818464 9.392088 2.539282
v 15.865830 5.120913 3.075328
v 15.940804 1.250000 3.341624
v 15.940804 1.250000 6.581317
v 16.156418 1.250000 3.341624
v 16.156420 1.250000 6.581317
v 16.059130 5.336528 3.060494
v 16.059130 5.336528 6.027633
v 15.865830 5.120913 6.056847
v 18.578850 11.929249 3.170040
v 18.634241 11.342749 4.073704
v 18.578850 11.929249 4.011616
v 18.677376 10.886013 5.210685
v 18.837700 10.886013 5.210685
v 18.837700 10.886013 5.291011
v 17.065170 11.342752 3.110929
v 17.065170 11.342752 4.073703
v 17.065990 11.929252 4.011616
v 17.065990 11.929252 3.170040
v 16.156420 1.250000 6.950375
v 17.549641 1.250000 6.950375
v 17.058735 10.886170 5.571557
v 16.059130 5.336528 6.374056
v 16.059130 5.336528 2.693894
v 18.789495 8.801905 3.316337
v 18.789495 8.801905 2.576347
v 18.734978 9.392088 2.539282
v 19.105381 9.392088 2.539282
v 19.361557 9.392088 2.539282
v 19.690268 9.392088 0.902536
v 19.461721 9.392088 1.413019
v 19.361557 9.392088 1.865415
v 18.698078 9.791522 3.236334
v 19.064823 9.791522 3.236334
v 19.064823 9.791522 2.514196
v 19.318468 9.791522 2.514196
v 19.643932 9.791522 0.893620
v 19.318468 9.791522 1.846986
v 19.417643 9.791522 1.399060
v 18.952015 8.882120 2.571310
v 19.120731 9.240906 2.548777
v 19.082546 9.027318 2.562191
v 19.120731 9.240906 3.280847
v 18.952015 8.882120 3.309853
v 19.082546 9.027318 3.298114
v 18.525513 13.292671 0.422707
v 18.441196 13.292671 0.422707
v 18.771404 9.787184 0.373464
v 18.771404 9.787184 0.463451
v 18.441196 13.292671 0.340598
v 18.525513 13.292671 0.340598
v 18.863813 9.787184 0.373464
v 18.863813 9.787184 0.463451
v 18.525513 13.292671 0.166354
v 18.441196 13.292671 0.166354
v 18.771404 9.787184 0.092512
v 18.771404 9.787184 0.182499
v 18.441196 13.292671 0.084245
v 18.525513 13.292671 0.084245
v 18.863813 9.787184 0.092512
v 18.863813 9.787184 0.182499
v 17.063679 13.393549 4.950281
v 18.590561 13.393549 4.950281
v 17.444523 13.393549 4.570808
v 18.210821 13.393549 4.570808
v 17.458206 13.182483 4.596391
v 18.228792 13.182483 4.596391
v 19.342381 9.791522 1.620481
v 19.385708 9.392088 1.636650
v 12.425426 1.250000 6.600375
v 11.015060 9.392088 2.539282
v 12.936163 10.886010 5.291012
v 10.937252 1.250000 4.520567
v 10.937252 1.250000 5.030342
v 11.365759 11.342749 3.110929
v 11.093999 7.096773 4.424850
v 11.093999 7.096773 3.976436
v 10.962404 7.096773 3.976436
v 10.962404 7.096773 4.424850
v 10.412586 1.250000 4.520567
v 10.412586 1.250000 5.030342
v 13.843581 1.250000 2.950534
v 10.212586 1.250000 3.050634
v 10.412586 1.250000 6.500170
v 11.005191 9.291948 2.462043
v 11.549912 13.292671 4.888627
v 10.212586 1.250000 6.600375
v 10.212586 1.250000 6.500170
v 10.212586 1.250000 2.950534
v 11.399498 13.292671 4.888627
v 10.412586 1.250000 3.050634
v 11.181536 9.392088 2.539282
v 14.134170 5.120913 3.075328
v 14.059196 1.250000 3.341624
v 14.059196 1.250000 6.581317
v 13.843581 1.250000 3.341624
v 13.843581 1.250000 6.581317
v 13.940870 5.336528 3.060494
v 13.940870 5.336528 6.027633
v 14.134170 5.120913 6.056847
v 11.421149 11.929249 3.170040
v 11.365759 11.342749 4.073704
v 11.421149 11.929249 4.011616
v 11.322624 10.886013 5.210685
v 11.162300 10.886013 5.210685
v 11.162300 10.886013 5.291011
v 12.934831 11.342752 3.110929
v 12.934831 11.342752 4.073703
v 12.934010 11.929252 4.011616
v 12.934010 11.929252 3.170040
v 13.843581 1.250000 6.950375
v 12.450358 1.250000 6.950375
v 12.941266 10.886170 5.571557
v 13.940870 5.336528 6.374056
v 13.940870 5.336528 2.693894
v 11.210505 8.801905 3.316337
v 11.210505 8.801905 2.576347
v 11.265023 9.392088 2.539282
v 10.894619 9.392088 2.539282
v 10.638443 9.392088 2.539282
v 10.309732 9.392088 0.902536
v 10.538279 9.392088 1.413019
v 10.638443 9.392088 1.865415
v 11.301922 9.791522 3.236334
v 10.935177 9.791522 3.236334
v 10.935177 9.791522 2.514196
v 10.681532 9.791522 2.514196
v 10.356068 9.791522 0.893620
v 10.681532 9.791522 1.846986
v 10.582357 9.791522 1.399060
v 11.047985 8.882120 2.571310
v 10.879269 9.240906 2.548777
v 10.917454 9.027318 2.562191
v 10.879269 9.240906 3.280847
v 11.047985 8.882120 3.309853
v 10.917454 9.027318 3.298114
v 11.474486 13.292671 0.422707
v 11.558805 13.292671 0.422707
v 11.228595 9.787184 0.373464
v 11.228595 9.787184 0.463451
v 11.558805 13.292671 0.340598
v 11.474486 13.292671 0.340598
v 11.136186 9.787184 0.373464
v 11.136186 9.787184 0.463451
v 11.474486 13.292671 0.166354
v 11.558805 13.292671 0.166354
v 11.228595 9.787184 0.092512
v 11.228595 9.787184 0.182499
v 11.558805 13.292671 0.084245
v 11.474486 13.292671 0.084245
v 11.136186 9.787184 0.092512
v 11.136186 9.787184 0.182499
v 12.936321 13.393549 4.950281
v 11.409440 13.393549 4.950281
v 12.555476 13.393549 4.570808
v 11.789179 13.393549 4.570808
v 12.541794 13.182483 4.596391
v 11.771208 13.182483 4.596391
v 10.657619 9.791522 1.620481
v 10.614292 9.392088 1.636650
v -17.574574 1.250000 -6.600375
v -18.984940 9.392088 -2.539282
v -17.063837 10.886010 -5.291012
v -19.062748 1.250000 -4.520567
v -19.062748 1.250000 -5.030342
v -18.634241 11.342749 -3.110929
v -18.906002 7.096773 -4.424850
v -18.906002 7.096773 -3.976436
v -19.037596 7.096773 -3.976436
v -19.037596 7.096773 -4.424850
v -19.587414 1.250000 -4.520567
v -19.587414 1.250000 -5.030342
v -16.156418 1.250000 -2.950534
v -19.787415 1.250000 -3.050634
v -19.587414 1.250000 -6.500170
v -18.994808 9.291948 -2.462043
v -18.450087 13.292671 -4.888627
v -19.787415 1.250000 -6.600375
v -19.787415 1.250000 -6.500170
v -19.787415 1.250000 -2.950534
v -18.600502 13.292671 -4.888627
v -19.587414 1.250000 -3.050634
v -18.818464 9.392088 -2.539282
v -15.865830 5.120913 -3.075328
v -15.940804 1.250000 -3.341624
v -15.940804 1.250000 -6.581317
v -16.156418 1.250000 -3.341624
v -16.156420 1.250000 -6.581317
v -16.059130 5.336528 -3.060494
v -16.059130 5.336528 -6.027633
v -15.865830 5.120913 -6.056847
v -18.578850 11.929249 -3.170040
v -18.634241 11.342749 -4.073704
v -18.578850 11.929249 -4.011616
v -18.677376 10.886013 -5.210685
v -18.837700 10.886013 -5.210685
v -18.837700 10.886013 -5.291011
v -17.065170 11.342752 -3.110929
v -17.065170 11.342752 -4.073703
v -17.065990 11.929252 -4.011616
v -17.065990 11.929252 -3.170040
v -16.156420 1.250000 -6.950375
v -17.549641 1.250000 -6.950375
v -17.058735 10.886170 -5.571557
v -16.059130 5.336528 -6.374056
v -16.059130 5.336528 -2.693894
v -18.789495 8.801905 -3.316337
v -18.789495 8.801905 -2.576347
v -18.734978 9.392088 -2.539282
v -19.105381 9.392088 -2.539282
v -19.361557 9.392088 -2.539282
v -19.690268 9.392088 -0.902536
v -19.461721 9.392088 -1.413019
v -19.361557 9.392088 -1.865415
v -18.698078 9.791522 -3.236334
v -19.064823 9.791522 -3.236334
v -19.064823 9.791522 -2.514196
v -19.318468 9.791522 -2.514196
v -19.643932 9.791522 -0.893620
v -19.318468 9.791522 -1.846986
v -19.417643 9.791522 -1.399060
v -18.952015 8.882120 -2.571310
v -19.120731 9.240906 -2.548777
v -19.082546 9.027318 -2.562191
v -19.120731 9.240906 -3.280847
v -18.952015 8.882120 -3.309853
v -19.082546 9.027318 -3.298114
v -18.525513 13.292671 -0.422707
v -18.441196 13.292671 -0.422707
v -18.771404 9.787184 -0.373464
v -18.771404 9.787184 -0.463451
v -18.441196 13.292671 -0.340598
v -18.525513 13.292671 -0.340598
v -18.863813 9.787184 -0.373464
v -18.863813 9.787184 -0.463451
v -18.525513 13.292671 -0.166354
v -18.441196 13.292671 -0.166354
v -18.771404 9.787184 -0.092512
v -18.771404 9.787184 -0.182499
v -18.441196 13.292671 -0.084245
v -18.525513 13.292671 -0.084245
v -18.863813 9.787184 -0.092512
v -18.863813 9.787184 -0.182499
v -17.063679 13.393549 -4.950281
v -18.590561 13.393549 -4.950281
v -17.444523 13.393549 -4.570808
v -18.210821 13.393549 -4.570808
v -17.458206 13.182483 -4.596391
v -18.228792 13.182483 -4.596391
v -19.342381 9.791522 -1.620481
v -19.385708 9.392088 -1.636650
v -18.734978 9.392088 0.000000
v -18.698078 9.791522 0.000000
v -12.425426 1.250000 -6.600375
v -11.015060 9.392088 -2.539282
v -12.936163 10.886010 -5.291012
v -10.937252 1.250000 -4.520567
v -10.937252 1.250000 -5.030342
v -11.365759 11.342749 -3.110929
v -11.093999 7.096773 -4.424850
v -11.093999 7.096773 -3.976436
v -10.962404 7.096773 -3.976436
v -10.962404 7.096773 -4.424850
v -10.412586 1.250000 -4.520567
v -10.412586 1.250000 -5.030342
v -13.843581 1.250000 -2.950534
v -10.212586 1.250000 -3.050634
v -10.412586 1.250000 -6.500170
v -11.005191 9.291948 -2.462043
v -11.549912 13.292671 -4.888627
v -10.212586 1.250000 -6.600375
v -10.212586 1.250000 -6.500170
v -10.212586 1.250000 -2.950534
v -11.399498 13.292671 -4.888627
v -10.412586 1.250000 -3.050634
v -11.181536 9.392088 -2.539282
v -14.134170 5.120913 -3.075328
v -14.059196 1.250000 -3.341624
v -14.059196 1.250000 -6.581317
v -13.843581 1.250000 -3.341624
v -13.843581 1.250000 -6.581317
v -13.940870 5.336528 -3.060494
v -13.940870 5.336528 -6.027633
v -14.134170 5.120913 -6.056847
v -11.421149 11.929249 -3.170040
v -11.365759 11.342749 -4.073704
v -11.421149 11.929249 -4.011616
v -11.322624 10.886013 -5.210685
v -11.162300 10.886013 -5.210685
v -11.162300 10.886013 -5.291011
v -12.934831 11.342752 -3.110929
v -12.934831 11.342752 -4.073703
v -12.934010 11.929252 -4.011616
v -12.934010 11.929252 -3.170040
v -13.843581 1.250000 -6.950375
v -12.450358 1.250000 -6.950375
v -12.941266 10.886170 -5.571557
v -13.940870 5.336528 -6.374056
v -13.940870 5.336528 -2.693894
v -11.210505 8.801905 -3.316337
v -11.210505 8.801905 -2.576347
v -11.265023 9.392088 -2.539282
v -10.894619 9.392088 -2.539282
v -10.638443 9.392088 -2.539282
v -10.309732 9.392088 -0.902536
v -10.538279 9.392088 -1.413019
v -10.638443 9.392088 -1.865415
v -11.301922 9.791522 -3.236334
v -10.935177 9.791522 -3.236334
v -10.935177 9.791522 -2.514196
v -10.681532 9.791522 -2.514196
v -10.356068 9.791522 -0.893620
v -10.681532 9.791522 -1.846986
v -10.582357 9.791522 -1.399060
v -11.047985 8.882120 -2.571310
v -10.879269 9.240906 -2.548777
v -10.917454 9.027318 -2.562191
v -10.879269 9.240906 -3.280847
v -11.047985 8.882120 -3.309853
v -10.917454 9.027318 -3.298114
v -11.474486 13.292671 -0.422707
v -11.558805 13.292671 -0.422707
v -11.228595 9.787184 -0.373464
v -11.228595 9.787184 -0.463451
v -11.558805 13.292671 -0.340598
v -11.474486 13.292671 -0.340598
v -11.136186 9.787184 -0.373464
v -11.136186 9.787184 -0.463451
v -11.474486 13.292671 -0.166354
v -11.558805 13.292671 -0.166354
v -11.228595 9.787184 -0.092512
v -11.228595 9.787184 -0.182499
v -11.558805 13.292671 -0.084245
v -11.474486 13.292671 -0.084245
v -11.136186 9.787184 -0.092512
v -11.136186 9.787184 -0.182499
v -12.936321 13.393549 -4.950281
v -11.409440 13.393549 -4.950281
v -12.555476 13.393549 -4.570808
v -11.789179 13.393549 -4.570808
v -12.541794 13.182483 -4.596391
v -11.771208 13.182483 -4.596391
v -10.657619 9.791522 -1.620481
v -10.614292 9.392088 -1.636650
v -11.265023 9.392088 0.000000
v -11.301922 9.791522 0.000000
v -17.574574 1.250000 6.600375
v -18.984940 9.392088 2.539282
v -17.063837 10.886010 5.291012
v -19.062748 1.250000 4.520567
v -19.062748 1.250000 5.030342
v -18.634241 11.342749 3.110929
v -18.906002 7.096773 4.424850
v -18.906002 7.096773 3.976436
v -19.037596 7.096773 3.976436
v -19.037596 7.096773 4.424850
v -19.587414 1.250000 4.520567
v -19.587414 1.250000 5.030342
v -16.156418 1.250000 2.950534
v -19.787415 1.250000 3.050634
v -19.587414 1.250000 6.500170
v -18.994808 9.291948 2.462043
v -18.450087 13.292671 4.888627
v -19.787415 1.250000 6.600375
v -19.787415 1.250000 6.500170
v -19.787415 1.250000 2.950534
v -18.600502 13.292671 4.888627
v -19.587414 1.250000 3.050634
v -18.818464 9.392088 2.539282
v -15.865830 5.120913 3.075328
v -15.940804 1.250000 3.341624
v -15.940804 1.250000 6.581317
v -16.156418 1.250000 3.341624
v -16.156420 1.250000 6.581317
v -16.059130 5.336528 3.060494
v -16.059130 5.336528 6.027633
v -15.865830 5.120913 6.056847
v -18.578850 11.929249 3.170040
v -18.634241 11.342749 4.073704
v -18.578850 11.929249 4.011616
v -18.677376 10.886013 5.210685
v -18.837700 10.886013 5.210685
v -18.837700 10.886013 5.291011
v -17.065170 11.342752 3.110929
v -17.065170 11.342752 4.073703
v -17.065990 11.929252 4.011616
v -17.065990 11.929252 3.170040
v -16.156420 1.250000 6.950375
v -17.549641 1.250000 6.950375
v -17.058735 10.886170 5.571557
v -16.059130 5.336528 6.374056
v -16.059130 5.336528 2.693894
v -18.789495 8.801905 3.316337
v -18.789495 8.801905 2.576347
v -18.734978 9.392088 2.539282
v -19.105381 9.392088 2.539282
v -19.361557 9.392088 2.539282
v -19.690268 9.392088 0.902536
v -19.461721 9.392088 1.413019
v -19.361557 9.392088 1.865415
v -18.698078 9.791522 3.236334
v -19.064823 9.791522 3.236334
v -19.064823 9.791522 2.514196
v -19.318468 9.791522 2.514196
v -19.643932 9.791522 0.893620
v -19.318468 9.791522 1.846986
v -19.417643 9.791522 1.399060
v -18.952015 8.882120 2.571310
v -19.120731 9.240906 2.548777
v -19.082546 9.027318 2.562191
v -19.120731 9.240906 3.280847
v -18.952015 8.882120 3.309853
v -19.082546 9.027318 3.298114
v -18.525513 13.292671 0.422707
v -18.441196 13.292671 0.422707
v -18.771404 9.787184 0.373464
v -18.771404 9.787184 0.463451
v -18.441196 13.292671 0.340598
v -18.525513 13.292671 0.340598
v -18.863813 9.787184 0.373464
v -18.863813 9.787184 0.463451
v -18.525513 13.292671 0.166354
v -18.441196 13.292671 0.166354
v -18.771404 9.787184 0.092512
v -18.771404 9.787184 0.182499
v -18.441196 13.292671 0.084245
v -18.525513 13.292671 0.084245
v -18.863813 9.787184 0.092512
v -18.863813 9.787184 0.182499
v -17.063679 13.393549 4.950281
v -18.590561 13.393549 4.950281
v -17.444523 13.393549 4.570808
v -18.210821 13.393549 4.570808
v -17.458206 13.182483 4.596391
v -18.228792 13.182483 4.596391
v -19.342381 9.791522 1.620481
v -19.385708 9.392088 1.636650
v -12.425426 1.250000 6.600375
v -11.015060 9.392088 2.539282
v -12.936163 10.886010 5.291012
v -10.937252 1.250000 4.520567
v -10.937252 1.250000 5.030342
v -11.365759 11.342749 3.110929
v -11.093999 7.096773 4.424850
v -11.093999 7.096773 3.976436
v -10.962404 7.096773 3.976436
v -10.962404 7.096773 4.424850
v -10.412586 1.250000 4.520567
v -10.412586 1.250000 5.030342
v -13.843581 1.250000 2.950534
v -10.212586 1.250000 3.050634
v -10.412586 1.250000 6.500170
v -11.005191 9.291948 2.462043
v -11.549912 13.292671 4.888627
v -10.212586 1.250000 6.600375
v -10.212586 1.250000 6.500170
v -10.212586 1.250000 2.950534
v -11.399498 13.292671 4.888627
v -10.412586 1.250000 3.050634
v -11.181536 9.392088 2.539282
v -14.134170 5.120913 3.075328
v -14.059196 1.250000 3.341624
v -14.059196 1.250000 6.581317
v -13.843581 1.250000 3.341624
v -13.843581 1.250000 6.581317
v -13.940870 5.336528 3.060494
v -13.940870 5.336528 6.027633
v -14.134170 5.120913 6.056847
v -11.421149 11.929249 3.170040
v -11.365759 11.342749 4.073704
v -11.421149 11.929249 4.011616
v -11.322624 10.886013 5.210685
v -11.162300 10.886013 5.210685
v -11.162300 10.886013 5.291011
v -12.934831 11.342752 3.110929
v -12.934831 11.342752 4.073703
v -12.934010 11.929252 4.011616
v -12.934010 11.929252 3.170040
v -13.843581 1.250000 6.950375
v -12.450358 1.250000 6.950375
v -12.941266 10.886170 5.571557
v -13.940870 5.336528 6.374056
v -13.940870 5.336528 2.693894
v -11.210505 8.801905 3.316337
v -11.210505 8.801905 2.576347
v -11.265023 9.392088 2.539282
v -10.894619 9.392088 2.539282
v -10.638443 9.392088 2.539282
v -10.309732 9.392088 0.902536
v -10.538279 9.392088 1.413019
v -10.638443 9.392088 1.865415
v -11.301922 9.791522 3.236334
v -10.935177 9.791522 3.236334
v -10.935177 9.791522 2.514196
v -10.681532 9.791522 2.514196
v -10.356068 9.791522 0.893620
v -10.681532 9.791522 1.846986
v -10.582357 9.791522 1.399060
v -11.047985 8.882120 2.571310
v -10.879269 9.240906 2.548777
v -10.917454 9.027318 2.562191
v -10.879269 9.240906 3.280847
v -11.047985 8.882120 3.309853
v -10.917454 9.027318 3.298114
v -11.474486 13.292671 0.422707
v -11.558805 13.292671 0.422707
v -11.228595 9.787184 0.373464
v -11.228595 9.787184 0.463451
v -11.558805 13.292671 0.340598
v -11.474486 13.292671 0.340598
v -11.136186 9.787184 0.373464
v -11.136186 9.787184 0.463451
v -11.474486 13.292671 0.166354
v -11.558805 13.292671 0.166354
v -11.228595 9.787184 0.092512
v -11.228595 9.787184 0.182499
v -11.558805 13.292671 0.084245
v -11.474486 13.292671 0.084245
v -11.136186 9.787184 0.092512
v -11.136186 9.787184 0.182499
v -12.936321 13.393549 4.950281
v -11.409440 13.393549 4.950281
v -12.555476 13.393549 4.570808
v -11.789179 13.393549 4.570808
v -12.541794 13.182483 4.596391
v -11.771208 13.182483 4.596391
v -10.657619 9.791522 1.620481
v -10.614292 9.392088 1.636650
vt 0.491771 1.478684
vt 0.493511 1.829233
vt 0.485301 1.829305
vt 0.482773 1.478762
vt 0.519864 1.478439
vt 0.519144 1.829010
vt 0.510934 1.829081
vt 0.510866 1.478517
vt 2.377386 -0.478439
vt 2.344357 -0.829010
vt 2.352789 -0.829010
vt 2.386626 -0.478439
vt 2.344286 1.829081
vt 2.377307 1.478517
vt 2.386548 1.478517
vt 2.352717 1.829081
vt 2.377141 -0.478684
vt 2.344134 -0.829233
vt 2.352565 -0.829233
vt 2.386381 -0.478684
vt 2.344062 1.829305
vt 2.377062 1.478762
vt 2.386303 1.478762
vt 2.352494 1.829305
vt 0.501485 1.478684
vt 0.510483 1.478762
vt 0.508546 1.829305
vt 0.500336 1.829233
vt 0.473392 1.478438
vt 0.482390 1.478517
vt 0.482913 1.829081
vt 0.474703 1.829010
vt 1.623134 -0.478439
vt 1.613893 -0.478439
vt 1.647713 -0.829010
vt 1.656144 -0.829010
vt 1.656073 1.829081
vt 1.647641 1.829081
vt 1.613815 1.478517
vt 1.623055 1.478517
vt 1.622889 -0.478684
vt 1.613648 -0.478684
vt 1.647489 -0.829233
vt 1.655921 -0.829233
vt 1.655849 1.829305
vt 1.647418 1.829305
vt 1.613569 1.478762
vt 1.622810 1.478762
vt 0.455274 1.479002
vt 0.464272 1.478924
vt 0.468453 1.829452
vt 0.460243 1.829524
vt 0.427181 1.479247
vt 0.436179 1.479169
vt 0.442820 1.829676
vt 0.434610 1.829747
vt 2.376577 1.479247
vt 2.385818 1.479247
vt 2.352051 1.829747
vt 2.343620 1.829747
vt 2.343691 -0.829676
vt 2.352123 -0.829676
vt 2.385896 -0.479169
vt 2.376656 -0.479169
vt 2.376822 1.479002
vt 2.386063 1.479002
vt 2.352275 1.829524
vt 2.343843 1.829524
vt 2.343915 -0.829452
vt 2.352346 -0.829452
vt 2.386141 -0.478924
vt 2.376901 -0.478924
vt 0.537982 1.479002
vt 0.533604 1.829524
vt 0.525394 1.829452
vt 0.528984 1.478924
vt 0.566076 1.479247
vt 0.559238 1.829747
vt 0.551027 1.829676
vt 0.557077 1.479169
vt 1.622325 1.479247
vt 1.655407 1.829747
vt 1.646975 1.829747
vt 1.613084 1.479247
vt 1.655478 -0.829676
vt 1.622403 -0.479169
vt 1.613163 -0.479169
vt 1.647047 -0.829676
vt 1.622570 1.479002
vt 1.655630 1.829524
vt 1.647199 1.829524
vt 1.613329 1.479002
vt 1.655702 -0.829452
vt 1.622648 -0.478924
vt 1.613408 -0.478924
vt 1.647271 -0.829452
vt 0.475306 1.478684
vt 0.484304 1.478762
vt 0.482367 1.829305
vt 0.474156 1.829233
vt 0.447213 1.478439
vt 0.456211 1.478517
vt 0.456733 1.829081
vt 0.448523 1.829010
vt -1.376752 -0.478439
vt -1.385993 -0.478439
vt -1.352173 -0.829010
vt -1.343741 -0.829010
vt -1.343813 1.829081
vt -1.352244 1.829081
vt -1.386071 1.478517
vt -1.376830 1.478517
vt -1.376997 -0.478684
vt -1.386238 -0.478684
vt -1.352396 -0.829233
vt -1.343965 -0.829233
vt -1.344037 1.829305
vt -1.352468 1.829305
vt -1.386316 1.478762
vt -1.377076 1.478762
vt 0.517951 1.478684
vt 0.519690 1.829233
vt 0.511480 1.829305
vt 0.508953 1.478762
vt 0.546044 1.478438
vt 0.545324 1.829010
vt 0.537114 1.829081
vt 0.537046 1.478517
vt -0.622500 -0.478439
vt -0.655528 -0.829010
vt -0.647097 -0.829010
vt -0.613259 -0.478439
vt -0.655600 1.829081
vt -0.622578 1.478517
vt -0.613338 1.478517
vt -0.647168 1.829081
vt -0.622745 -0.478684
vt -0.655752 -0.829233
vt -0.647320 -0.829233
vt -0.613504 -0.478684
vt -0.655824 1.829305
vt -0.622823 1.478762
vt -0.613583 1.478762
vt -0.647392 1.829305
vt 0.511803 1.479002
vt 0.507425 1.829524
vt 0.499214 1.829452
vt 0.502805 1.478924
vt 0.539896 1.479248
vt 0.533058 1.829747
vt 0.524848 1.829676
vt 0.530898 1.479169
vt -1.377561 1.479247
vt -1.344479 1.829747
vt -1.352910 1.829747
vt -1.386801 1.479247
vt -1.344407 -0.829676
vt -1.377482 -0.479169
vt -1.386723 -0.479169
vt -1.352839 -0.829676
vt -1.377316 1.479002
vt -1.344255 1.829524
vt -1.352687 1.829524
vt -1.386556 1.479002
vt -1.344184 -0.829452
vt -1.377237 -0.478924
vt -1.386477 -0.478924
vt -1.352615 -0.829452
vt 0.481454 1.479002
vt 0.490452 1.478924
vt 0.494632 1.829452
vt 0.486422 1.829524
vt 0.453361 1.479247
vt 0.462359 1.479169
vt 0.468999 1.829676
vt 0.460789 1.829747
vt -0.623308 1.479247
vt -0.614068 1.479247
vt -0.647834 1.829747
vt -0.656266 1.829747
vt -0.656194 -0.829676
vt -0.647763 -0.829676
vt -0.613989 -0.479169
vt -0.623230 -0.479169
vt -0.623063 1.479002
vt -0.613823 1.479002
vt -0.647611 1.829524
vt -0.656042 1.829524
vt -0.655971 -0.829452
vt -0.647539 -0.829452
vt -0.613744 -0.478924
vt -0.622985 -0.478924
vt 2.363245 -0.835146
vt 2.388236 -0.584104
vt 2.210857 -0.584104
vt 2.210562 -0.835146
vt 2.111293 -0.028232
vt 1.899475 -0.028232
vt 1.798860 -0.583875
vt 2.210591 -0.583875
vt 0.726981 1.437119
vt 0.719162 1.427173
vt 0.760298 0.622582
vt 0.770307 0.622495
vt 0.913590 1.205951
vt 0.868752 1.206342
vt 0.917922 0.621212
vt 0.968895 0.620767
vt 2.372134 1.584175
vt 2.464186 0.619485
vt 2.484186 0.619485
vt 2.388166 1.584175
vt 2.461176 0.377505
vt 2.383900 -0.437119
vt 2.400547 -0.437119
vt 2.481176 0.377505
vt 0.995673 1.584175
vt 0.913475 1.205951
vt 0.968437 0.620767
vt 1.115409 0.619485
vt 2.394281 1.205951
vt 2.410439 0.620767
vt 2.462904 0.620767
vt 2.407440 1.205951
vt 2.409994 0.378788
vt 2.393890 -0.206342
vt 2.407049 -0.206342
vt 2.462459 0.378788
vt 0.197240 0.622241
vt 0.220424 1.009550
vt -0.077705 1.006948
vt -0.126705 0.619414
vt 1.162205 0.619092
vt 1.033170 1.583875
vt 1.005113 1.584104
vt 1.127185 0.619397
vt 0.876772 1.689541
vt 0.965768 1.825112
vt 0.792621 1.690275
vt 0.882420 1.630839
vt 1.003565 1.584105
vt 0.995533 1.584175
vt 1.115235 0.619485
vt 1.125254 0.619397
vt 2.349144 1.825112
vt 2.364184 1.825112
vt 2.324941 0.934285
vt 2.316964 0.020193
vt 2.354606 -0.018082
vt 2.363245 0.971898
vt 0.868637 1.206342
vt 0.727126 1.437119
vt 0.770482 0.622495
vt 0.917464 0.621212
vt 2.091685 -0.006948
vt 1.918525 -0.006948
vt 1.899173 -0.028534
vt 2.110990 -0.028534
vt 2.108081 1.031444
vt 2.118002 0.622582
vt 2.481088 0.622582
vt 2.401466 1.427173
vt 0.258545 1.031443
vt 0.221888 1.031124
vt 0.197428 0.622241
vt 0.236534 0.622582
vt 1.915924 0.218913
vt 1.918525 -0.079217
vt 2.091685 -0.077706
vt 2.089083 0.220424
vt 1.896583 1.031124
vt 1.915924 1.009550
vt 2.089083 1.009550
vt 2.108401 1.031124
vt 2.121171 0.380586
vt 2.099610 0.380586
vt 2.118344 0.622241
vt 2.096783 0.622241
vt 2.379468 0.219309
vt 2.396115 0.219163
vt 2.400547 0.726981
vt 2.383900 0.727126
vt 1.053009 1.593338
vt 0.834620 1.637109
vt 0.212481 1.631679
vt -0.005113 1.584104
vt 0.971899 1.835146
vt 0.965637 1.825112
vt 0.026769 1.835146
vt 0.121908 1.689541
vt 0.206059 1.690275
vt 2.393890 0.131249
vt 2.394281 0.086411
vt 2.407440 0.086525
vt 2.407049 0.131363
vt 2.209964 1.689541
vt 2.209931 1.630839
vt 2.366832 1.630839
vt 2.361244 1.689541
vt 0.219164 1.441551
vt 0.226791 1.431470
vt 0.116211 1.630839
vt 2.210591 1.033170
vt 1.798860 1.036763
vt 1.798105 1.008715
vt 2.210857 1.005113
vt 2.209229 0.206059
vt 2.209964 0.121908
vt 2.361244 0.123228
vt 2.360509 0.207379
vt 2.209091 -0.631679
vt 2.209229 -0.690275
vt 2.360509 -0.690275
vt 2.365992 -0.631679
vt 2.209931 0.883789
vt 2.209091 0.787519
vt 2.365992 0.786150
vt 2.366832 0.882420
vt 1.896583 0.220039
vt 2.108401 0.221887
vt 2.108081 0.258545
vt 1.896263 0.256696
vt 2.110990 -0.074804
vt 1.899173 -0.076652
vt 1.899475 -0.111292
vt 2.111293 -0.109443
vt 2.260810 0.380908
vt 2.121493 0.380908
vt -0.074804 1.028534
vt -0.109443 1.028232
vt -0.163420 0.619092
vt -0.126517 0.619414
vt 0.023071 1.822371
vt 0.942279 1.814349
vt 0.939889 1.835477
vt 0.025797 1.843455
vt 2.410325 1.400623
vt 2.414133 1.421993
vt 2.375552 1.437119
vt 2.439835 0.363625
vt 2.375552 0.272801
vt 2.437619 0.340729
vt 2.414772 -0.421354
vt 2.410967 -0.399981
vt 2.397923 -0.385452
vt 0.796960 1.476453
vt 0.726876 1.437119
vt 0.727680 1.421993
vt 0.800882 1.421354
vt 0.562201 1.478497
vt 0.562704 1.438547
vt 0.613948 1.438102
vt 0.612939 1.478056
vt 1.788871 -0.049407
vt 2.201622 -0.053009
vt 1.536260 0.570306
vt 1.534700 0.391596
vt 1.630062 0.480125
vt 0.724530 1.477083
vt 0.657814 1.477665
vt 0.659271 1.437707
vt 0.726653 1.437119
vt 2.373336 0.526710
vt 2.447241 0.386053
vt 0.636375 1.437907
vt 0.635145 1.477863
vt 2.412591 -0.437119
vt 2.408516 -0.477083
vt 2.433880 -0.477083
vt 2.438207 -0.437119
vt 0.724752 1.477083
vt 0.802455 1.399981
vt 0.728868 1.400623
vt 2.381031 0.269657
vt 2.381677 0.195664
vt 2.397923 0.196384
vt 2.397279 0.270233
vt 0.840019 1.695808
vt 1.016750 1.843786
vt 2.484273 0.380603
vt 2.262998 0.380603
vt 0.158661 1.695808
vt 0.164011 1.637108
vt 0.786150 1.631679
vt 2.201923 -0.016750
vt 2.240337 0.020862
vt 2.248314 0.934954
vt 2.210562 0.973231
vt 2.324941 1.835477
vt 2.248314 1.835477
vt 2.249703 1.814349
vt 2.326759 1.814349
vt 2.412591 0.273124
vt 2.438207 0.273348
vt 2.469649 0.437297
vt 2.433297 0.657814
vt 2.433880 0.724530
vt 2.408516 0.724751
vt 2.409146 0.796960
vt 2.372473 0.797280
vt 2.369649 0.473671
vt 2.435491 0.635145
vt 2.468074 0.617790
vt 2.465011 0.562201
vt 2.442824 0.612938
vt 0.803616 1.385452
vt 0.729767 1.386096
vt 0.383491 1.480057
vt 0.382210 1.440123
vt 2.241682 0.018108
vt 2.318737 0.017435
vt 2.326759 0.936644
vt 2.249703 0.937316
vt 0.934954 1.835477
vt 0.020862 1.843455
vt 0.018108 1.822371
vt 0.937316 1.814349
vt -0.011883 1.833645
vt 2.103380 -0.036145
vt 1.891562 -0.036145
vt 1.598238 -0.431470
vt 2.397169 -0.431470
vt 0.266209 1.437119
vt 0.774027 1.441551
vt 0.829646 1.637108
vt 0.207508 1.631679
vt 2.364184 0.034363
vt 2.355653 1.012014
vt 2.340612 1.011883
vt 2.349144 0.034232
vt -0.018082 1.843786
vt -0.012014 1.833645
vt 0.219309 1.441551
vt 1.645160 -0.835146
vt 1.797843 -0.835146
vt 1.798105 -0.584104
vt 1.620725 -0.584104
vt 0.266064 1.437119
vt 0.221337 0.622495
vt 0.231347 0.622582
vt 0.273866 1.427173
vt 0.079594 1.205951
vt 0.024014 0.620767
vt 0.074988 0.621212
vt 0.124431 1.206342
vt 1.636687 1.584175
vt 1.620655 1.584175
vt 1.526740 0.619485
vt 1.546739 0.619485
vt 1.543729 0.377505
vt 1.523729 0.377505
vt 1.603590 -0.437119
vt 1.620236 -0.437119
vt -0.002091 1.584174
vt -0.123415 0.619485
vt 0.023556 0.620767
vt 0.079479 1.205951
vt 1.613111 1.205951
vt 1.599952 1.205951
vt 1.545456 0.620767
vt 1.597921 0.620767
vt 1.597476 0.378788
vt 1.545011 0.378788
vt 1.599561 -0.206342
vt 1.612720 -0.206342
vt 0.804403 0.622241
vt 1.128347 0.619414
vt 1.079217 1.006948
vt 0.781088 1.009550
vt -0.166654 0.619092
vt -0.131679 0.619397
vt -0.008715 1.584104
vt -0.036763 1.583875
vt 0.116982 1.689541
vt 0.201133 1.690275
vt 0.028210 1.825112
vt 0.111237 1.630838
vt -0.010263 1.584104
vt -0.133610 0.619397
vt -0.123590 0.619485
vt -0.002231 1.584174
vt 1.659152 1.825112
vt 1.644111 1.825112
vt 1.645160 0.978165
vt 1.636521 -0.011816
vt 1.674824 0.025797
vt 1.682802 0.939889
vt 0.124317 1.206342
vt 0.074530 0.621212
vt 0.221512 0.622495
vt 1.896263 1.031444
vt 1.602534 1.427173
vt 1.523642 0.622582
vt 1.886728 0.622582
vt 0.743304 1.031444
vt 0.765485 0.622582
vt 0.804591 0.622241
vt 0.779961 1.031124
vt 1.911457 0.380586
vt 1.889896 0.380586
vt 1.887069 0.622241
vt 1.908630 0.622241
vt 1.615805 0.225973
vt 1.620236 0.733791
vt 1.603590 0.733936
vt 1.599158 0.226118
vt -0.049406 1.593339
vt 1.008715 1.584104
vt 0.791123 1.631679
vt 0.168985 1.637109
vt 0.028079 1.825112
vt 0.021835 1.835146
vt 0.976833 1.835146
vt 0.797547 1.690275
vt 0.881698 1.689541
vt 1.612720 0.124431
vt 1.599561 0.124316
vt 1.599952 0.079479
vt 1.613111 0.079593
vt 1.796781 1.689541
vt 1.645501 1.689541
vt 1.640012 1.630839
vt 1.796913 1.630839
vt 0.773882 1.441551
vt 0.766237 1.431470
vt 0.887393 1.630839
vt 1.796047 0.202454
vt 1.644767 0.201133
vt 1.645501 0.116982
vt 1.796781 0.118302
vt 1.796073 -0.631679
vt 1.639172 -0.631679
vt 1.644767 -0.690275
vt 1.796047 -0.690275
vt 1.796913 0.887393
vt 1.640012 0.888763
vt 1.639172 0.792493
vt 1.796073 0.791123
vt 1.890218 0.380908
vt 1.750901 0.380908
vt 1.076653 1.028534
vt 1.128536 0.619414
vt 1.165439 0.619092
vt 1.111292 1.028232
vt 1.593846 1.400623
vt 1.606906 1.386096
vt 1.628585 1.437119
vt 1.562726 0.355971
vt 1.565341 0.333117
vt 1.628585 0.266282
vt 1.590657 -0.421354
vt 1.596213 -0.476453
vt 1.632886 -0.476453
vt 0.195946 1.476453
vt 0.191927 1.421354
vt 0.265128 1.421993
vt 0.265959 1.437119
vt 0.429694 1.478497
vt 0.379351 1.478056
vt 0.378266 1.438102
vt 0.429111 1.438547
vt 0.267933 1.477083
vt 0.265735 1.437119
vt 0.333117 1.437707
vt 0.334649 1.477665
vt 1.626369 0.520191
vt 1.554930 0.378266
vt 0.355971 1.437907
vt 0.357277 1.477863
vt 1.591546 -0.437119
vt 1.565929 -0.437119
vt 1.570219 -0.477083
vt 1.595582 -0.477083
vt 0.268154 1.477083
vt 0.190420 1.399981
vt 0.264007 1.400623
vt 1.623161 0.263043
vt 1.606906 0.263335
vt 1.607550 0.189487
vt 1.623807 0.189050
vt 0.163587 1.695808
vt -0.013148 1.843786
vt 1.748102 0.380603
vt 1.526827 0.380603
vt 0.835093 1.695808
vt 1.789203 -0.013148
vt 1.797843 0.976833
vt 1.759429 0.939221
vt 1.751451 0.025129
vt 1.682802 1.835477
vt 1.681025 1.814349
vt 1.758081 1.814349
vt 1.759429 1.835477
vt 1.591546 0.265959
vt 1.565929 0.265735
vt 1.531631 0.429111
vt 1.569637 0.665351
vt 1.595582 0.731846
vt 1.570219 0.732067
vt 1.632886 0.803734
vt 1.596213 0.804054
vt 1.567048 0.642723
vt 1.530056 0.609604
vt 1.559329 0.620649
vt 0.189487 1.385452
vt 0.263335 1.386096
vt 0.609604 1.440122
vt 0.608405 1.480057
vt 1.750059 0.022398
vt 1.758081 0.941606
vt 1.681025 0.942279
vt 1.673003 0.023071
vt 0.058394 1.814349
vt 0.977602 1.822371
vt 0.974871 1.843454
vt 0.060779 1.835477
vt 1.005862 1.833644
vt 1.659152 0.028210
vt 1.650620 1.005861
vt 1.635580 1.005730
vt 1.644111 0.028079
vt 1.005730 1.833644
vt 1.011816 1.843786
vt 2.401466 0.280838
vt 2.397169 0.773209
vt 1.598238 0.766237
vt 1.602534 0.273866
vt 2.354606 1.843786
vt 2.201923 1.843786
vt 2.201622 1.593339
vt 2.379002 1.593339
vt 2.200867 1.593600
vt 1.789136 1.593600
vt 1.888350 1.039357
vt 2.100168 1.039357
vt 0.160227 0.627819
vt 0.170236 0.627732
vt 0.028687 1.213674
vt -0.037096 0.629547
vt 0.013877 0.629102
vt 0.073525 1.213282
vt 2.363040 -0.593269
vt 2.379072 -0.593269
vt 2.472841 0.369170
vt 2.452842 0.369170
vt 2.455852 0.627819
vt 2.475852 0.627819
vt 2.396115 1.441551
vt 2.379468 1.441551
vt -0.046384 1.593269
vt -0.184526 0.630830
vt -0.037554 0.629547
vt 0.028572 1.213674
vt 2.386559 -0.213674
vt 2.399718 -0.213674
vt 2.454125 0.370453
vt 2.401660 0.370453
vt 2.402105 0.629102
vt 2.454570 0.629102
vt 2.400109 1.213282
vt 2.386950 1.213282
vt 0.865513 0.628073
vt 1.189458 0.630900
vt 1.133572 1.017519
vt 0.835443 1.014917
vt -0.227765 0.631222
vt -0.192789 0.630917
vt -0.053009 1.593339
vt -0.081056 1.593600
vt 0.074510 1.696542
vt 0.067741 1.637949
vt -0.054556 1.593339
vt -0.194720 0.630917
vt -0.184700 0.630830
vt -0.046524 1.593269
vt 2.340612 -0.833645
vt 2.355653 -0.833645
vt 0.073410 1.213282
vt 0.013419 0.629102
vt 0.160401 0.627819
vt 2.100471 1.039054
vt 1.888653 1.039054
vt 1.907955 1.017519
vt 2.081114 1.017519
vt 2.475939 0.372268
vt 2.112853 0.372268
vt 0.797283 1.036145
vt 0.826596 0.627732
vt 0.865702 0.628073
vt 0.833940 1.036465
vt 2.463451 0.383490
vt 1.910557 0.833931
vt 2.083716 0.835442
vt 2.081114 1.133572
vt 1.907955 1.132061
vt 1.891242 -0.036465
vt 2.103060 -0.036465
vt 2.083716 -0.014917
vt 1.910557 -0.014917
vt 2.088124 0.630900
vt 2.109685 0.630900
vt 2.112512 0.371927
vt 2.090951 0.371927
vt 0.924170 1.696542
vt 2.386950 0.926475
vt 2.400109 0.926590
vt 2.399718 0.971428
vt 2.386559 0.971313
vt 2.202962 -0.696542
vt 2.354243 -0.696542
vt 2.359723 -0.637948
vt 2.202822 -0.637949
vt 0.930890 1.637949
vt 1.789136 -0.077463
vt 2.200867 -0.081056
vt 2.203697 0.840019
vt 2.354977 0.841339
vt 2.354243 0.925490
vt 2.202962 0.924170
vt 2.203662 1.637109
vt 2.360563 1.637108
vt 2.354977 1.695808
vt 2.203697 1.695808
vt 2.202822 0.069110
vt 2.359723 0.067741
vt 2.360563 0.164011
vt 2.203662 0.165380
vt 1.891242 0.832091
vt 1.891562 0.795434
vt 2.103380 0.797282
vt 2.103060 0.833940
vt 2.100168 1.165271
vt 1.888350 1.163422
vt 1.888653 1.128783
vt 2.100471 1.130631
vt 2.109363 0.631222
vt 2.248680 0.631222
vt 1.130631 1.039054
vt 1.189646 0.630900
vt 1.226549 0.631222
vt 1.165271 1.039357
vt 2.405853 -0.405095
vt 2.392791 -0.390584
vt 2.371120 -0.441551
vt 2.436978 0.690930
vt 2.434364 0.713784
vt 2.371120 0.780618
vt 2.409046 1.427080
vt 2.403498 1.482101
vt 2.366825 1.482101
vt 0.149742 1.482101
vt 0.144762 1.427080
vt 0.217964 1.426442
vt 0.219058 1.441551
vt 0.333148 1.480498
vt 0.331365 1.440568
vt 0.221729 1.481471
vt 0.218835 1.441551
vt 0.286216 1.440963
vt 0.288445 1.480889
vt 2.444775 0.668635
vt 0.309070 1.440763
vt 0.311073 1.480691
vt 2.408159 1.441551
vt 2.433776 1.441551
vt 2.429492 1.481471
vt 2.404128 1.481471
vt 0.221951 1.481471
vt 0.142883 1.405738
vt 0.216469 1.405095
vt 2.376535 0.784887
vt 2.392791 0.784455
vt 2.392147 0.858304
vt 2.375889 0.858881
vt 2.251478 0.630917
vt 2.472754 0.630917
vt 2.316964 -0.843455
vt 2.318737 -0.822371
vt 2.241682 -0.822371
vt 2.240337 -0.843455
vt 2.408159 0.780942
vt 2.433776 0.781165
vt 2.430074 0.288445
vt 2.404128 0.221951
vt 2.429492 0.221729
vt 2.366825 0.150062
vt 2.403498 0.149742
vt 2.432663 0.311073
vt 2.440382 0.333148
vt 0.141696 1.391229
vt 0.215545 1.390584
vt 0.982565 1.822371
vt 0.979807 1.843454
vt 0.065715 1.835477
vt 0.063356 1.814349
vt 1.636521 1.843786
vt 1.611491 1.593339
vt 1.788871 1.593339
vt 1.789203 1.843786
vt 0.821409 0.627732
vt 0.831418 0.627819
vt 0.964496 1.213674
vt 0.919658 1.213282
vt 0.979032 0.629102
vt 1.030006 0.629547
vt 1.627593 -0.593269
vt 1.535394 0.369170
vt 1.515395 0.369170
vt 1.611561 -0.593269
vt 1.538404 0.627819
vt 1.615805 1.441551
vt 1.599158 1.441551
vt 1.518405 0.627819
vt 1.039967 1.593269
vt 0.964381 1.213674
vt 1.029548 0.629547
vt 1.176520 0.630830
vt 1.605388 -0.213674
vt 1.589142 0.370453
vt 1.536677 0.370453
vt 1.592230 -0.213674
vt 1.589586 0.629102
vt 1.605780 1.213282
vt 1.592621 1.213282
vt 1.537122 0.629102
vt 0.136129 0.628073
vt 0.166069 1.014917
vt -0.132060 1.017519
vt -0.187816 0.630900
vt 1.223315 0.631222
vt 1.077463 1.593599
vt 1.049407 1.593339
vt 1.188296 0.630917
vt 0.919244 1.696542
vt 0.925916 1.637948
vt 1.047859 1.593339
vt 1.039827 1.593269
vt 1.176345 0.630830
vt 1.186365 0.630917
vt 1.650620 -0.833645
vt 1.635580 -0.833645
vt 0.919543 1.213282
vt 0.831592 0.627819
vt 0.978575 0.629102
vt 1.881578 0.372268
vt 1.518493 0.372268
vt 0.204566 1.036145
vt 0.167909 1.036465
vt 0.136317 0.628073
vt 0.175423 0.627732
vt 1.878410 0.630900
vt 1.899971 0.630900
vt 1.881237 0.371927
vt 1.902798 0.371927
vt 0.079436 1.696543
vt 1.605780 0.919658
vt 1.605388 0.964496
vt 1.592230 0.964381
vt 1.592621 0.919543
vt 1.789780 -0.696542
vt 1.789804 -0.637949
vt 1.632902 -0.637948
vt 1.638500 -0.696542
vt 0.072715 1.637949
vt 1.790514 0.836413
vt 1.789780 0.920564
vt 1.638500 0.919244
vt 1.639234 0.835093
vt 1.790644 1.637109
vt 1.790514 1.695808
vt 1.639234 1.695808
vt 1.633742 1.637108
vt 1.789804 0.072715
vt 1.790644 0.168985
vt 1.633742 0.170354
vt 1.632902 0.074084
vt 1.738771 0.631222
vt 1.878088 0.631222
vt -0.128782 1.039055
vt -0.163422 1.039357
vt -0.224531 0.631222
vt -0.187628 0.630900
vt 1.589375 -0.405095
vt 1.585570 -0.426441
vt 1.624153 -0.441551
vt 1.559870 0.683276
vt 1.624153 0.774100
vt 1.562086 0.706171
vt 1.584931 1.427080
vt 1.588733 1.405737
vt 1.601774 1.391228
vt 0.843163 1.482101
vt 0.773777 1.441551
vt 0.774845 1.426441
vt 0.848046 1.427080
vt 0.660848 1.440568
vt 0.659142 1.480498
vt 0.770734 1.481471
vt 0.704018 1.480889
vt 0.706172 1.440963
vt 0.773553 1.441551
vt 1.552464 0.660848
vt 0.683276 1.440763
vt 0.681348 1.480691
vt 1.587114 1.441551
vt 1.591195 1.481471
vt 1.565831 1.481471
vt 1.561497 1.441551
vt 0.770955 1.481471
vt 0.849992 1.405737
vt 0.776406 1.405095
vt 1.618665 0.778274
vt 1.618019 0.852267
vt 1.601774 0.851407
vt 1.602418 0.777558
vt 1.515308 0.630917
vt 1.736583 0.630917
vt 1.674824 -0.843455
vt 1.751451 -0.843455
vt 1.750059 -0.822371
vt 1.673003 -0.822371
vt 1.587114 0.773777
vt 1.561497 0.773553
vt 1.566413 0.295982
vt 1.565831 0.229266
vt 1.591195 0.229045
vt 1.590564 0.156837
vt 1.627238 0.156516
vt 1.564220 0.318652
vt 1.556887 0.340858
vt 0.851407 1.391228
vt 0.777558 1.390584
vt -1.354725 -0.835146
vt -1.202043 -0.835146
vt -1.201781 -0.584104
vt -1.379160 -0.584104
vt -1.100411 -0.028232
vt -1.201026 -0.583875
vt -0.789295 -0.583875
vt -0.888593 -0.028232
vt 0.239884 1.437119
vt 0.195158 0.622495
vt 0.205167 0.622582
vt 0.247686 1.427173
vt 0.053414 1.205951
vt -0.002166 0.620767
vt 0.048808 0.621212
vt 0.098252 1.206342
vt -1.363199 1.584175
vt -1.379230 1.584175
vt -1.473146 0.619485
vt -1.453147 0.619485
vt -1.456157 0.377505
vt -1.476156 0.377505
vt -1.396296 -0.437119
vt -1.379649 -0.437119
vt -0.028271 1.584175
vt -0.149595 0.619485
vt -0.002623 0.620768
vt 0.053299 1.205951
vt -1.386775 1.205951
vt -1.399934 1.205951
vt -1.454430 0.620767
vt -1.401965 0.620767
vt -1.402410 0.378788
vt -1.454874 0.378788
vt -1.400325 -0.206342
vt -1.387166 -0.206342
vt 0.830582 0.622241
vt 1.154527 0.619414
vt 1.105396 1.006948
vt 0.807267 1.009550
vt -0.192834 0.619092
vt -0.157858 0.619397
vt -0.034895 1.584104
vt -0.062943 1.583875
vt 0.090803 1.689541
vt 0.174954 1.690275
vt 0.002031 1.825112
vt 0.085058 1.630839
vt -0.036443 1.584105
vt -0.159789 0.619397
vt -0.149770 0.619485
vt -0.028411 1.584175
vt -1.340733 1.825112
vt -1.355774 1.825112
vt -1.317084 0.966069
vt -1.354725 1.004345
vt -1.363365 0.014364
vt -1.325061 0.051977
vt 0.098137 1.206342
vt 0.048350 0.621212
vt 0.195332 0.622495
vt 0.240030 1.437119
vt -1.081360 -0.006948
vt -1.100713 -0.028534
vt -0.888895 -0.028534
vt -0.908201 -0.006948
vt -1.103622 1.031444
vt -1.397351 1.427173
vt -1.476244 0.622582
vt -1.113158 0.622582
vt 0.769483 1.031444
vt 0.791664 0.622582
vt 0.830770 0.622241
vt 0.806140 1.031124
vt -0.910802 0.194244
vt -1.083962 0.192733
vt -1.081360 -0.105396
vt -0.908201 -0.103885
vt -0.891485 1.031124
vt -1.103302 1.031124
vt -1.083962 1.009550
vt -0.910802 1.009550
vt -1.088429 0.380586
vt -1.109990 0.380586
vt -1.112817 0.622241
vt -1.091256 0.622241
vt -1.384081 0.252153
vt -1.379649 0.759970
vt -1.396296 0.760116
vt -1.400728 0.252298
vt -0.023227 1.593339
vt 1.034895 1.584104
vt 0.817303 1.631679
vt 0.195164 1.637109
vt 0.001899 1.825112
vt -0.004345 1.835146
vt 1.003012 1.835146
vt 0.823726 1.690275
vt 0.907877 1.689541
vt -1.387166 0.098252
vt -1.400325 0.098137
vt -1.399934 0.053299
vt -1.386775 0.053414
vt -1.203104 1.689541
vt -1.354385 1.689541
vt -1.359874 1.630839
vt -1.202973 1.630839
vt 0.747702 1.441551
vt 0.740058 1.431470
vt 0.913573 1.630839
vt -1.201026 1.062943
vt -1.201781 1.034895
vt -0.789029 1.031293
vt -0.789295 1.059350
vt -1.203839 0.176274
vt -1.355119 0.174954
vt -1.354385 0.090803
vt -1.203104 0.092123
vt -1.203813 -0.631679
vt -1.360714 -0.631679
vt -1.355119 -0.690275
vt -1.203839 -0.690275
vt -1.202973 0.913573
vt -1.359874 0.914942
vt -1.360714 0.818672
vt -1.203813 0.817303
vt -0.891485 0.195708
vt -0.891805 0.232365
vt -1.103622 0.230517
vt -1.103302 0.193859
vt -1.100713 -0.102832
vt -1.100411 -0.137472
vt -0.888593 -0.135623
vt -0.888895 -0.100984
vt -1.109668 0.380908
vt -1.248985 0.380908
vt 1.102832 1.028534
vt 1.154715 0.619414
vt 1.191618 0.619092
vt 1.137471 1.028232
vt 0.956385 1.822371
vt 0.953627 1.843455
vt 0.039535 1.835477
vt 0.037177 1.814349
vt -1.406039 1.400623
vt -1.392980 1.386096
vt -1.371301 1.437119
vt -1.437159 0.329791
vt -1.434545 0.306937
vt -1.371301 0.240103
vt -1.409229 -0.421354
vt -1.403673 -0.476453
vt -1.367000 -0.476453
vt 0.169766 1.476453
vt 0.165747 1.421354
vt 0.238948 1.421993
vt 0.239779 1.437119
vt 0.403514 1.478497
vt 0.353172 1.478056
vt 0.352086 1.438102
vt 0.402931 1.438547
vt -1.211015 -0.023227
vt -0.798263 -0.026829
vt -0.534875 0.588380
vt -0.630237 0.499851
vt -0.536434 0.409670
vt 0.241753 1.477083
vt 0.239556 1.437119
vt 0.306937 1.437707
vt 0.308469 1.477665
vt -1.373517 0.494011
vt -1.444955 0.352086
vt 0.329791 1.437907
vt 0.331097 1.477863
vt -1.408340 -0.437119
vt -1.433956 -0.437119
vt -1.429667 -0.477083
vt -1.404303 -0.477083
vt 0.241975 1.477083
vt 0.164240 1.399981
vt 0.237827 1.400624
vt -1.376725 0.236864
vt -1.392980 0.237156
vt -1.392335 0.163307
vt -1.376079 0.162870
vt 0.189766 1.695808
vt 0.013031 1.843786
vt -1.251783 0.380603
vt -1.473059 0.380603
vt 0.181328 1.631679
vt 0.803466 1.637108
vt 0.808914 1.695808
vt -1.210682 0.013031
vt -1.202043 1.003012
vt -1.240457 0.965400
vt -1.248434 0.051308
vt -1.317084 1.835477
vt -1.318860 1.814349
vt -1.241805 1.814349
vt -1.240457 1.835477
vt -1.408340 0.239779
vt -1.433956 0.239556
vt -1.468255 0.402931
vt -1.430249 0.691531
vt -1.404303 0.758025
vt -1.429667 0.758247
vt -1.367000 0.829914
vt -1.403673 0.830234
vt -1.369824 0.506305
vt -1.432838 0.668903
vt -1.469830 0.583424
vt -1.463626 0.596485
vt -1.440557 0.646828
vt 0.163307 1.385452
vt 0.237156 1.386096
vt 0.583424 1.440123
vt 0.582225 1.480057
vt -1.249826 0.048578
vt -1.241805 0.967786
vt -1.318860 0.968458
vt -1.326882 0.049250
vt 0.034600 1.835477
vt 0.032214 1.814349
vt 0.951422 1.822371
vt 0.948692 1.843455
vt 0.979682 1.833645
vt -1.108324 -0.036145
vt -1.401648 -0.431470
vt -0.602717 -0.431470
vt -0.896506 -0.036145
vt 0.753306 1.437119
vt 0.812329 1.631679
vt 0.190191 1.637108
vt 0.245488 1.441551
vt -1.355774 0.001899
vt -1.340733 0.002031
vt -1.349265 0.979682
vt -1.364306 0.979550
vt 0.979550 1.833645
vt 0.985636 1.843786
vt 0.747847 1.441551
vt -0.636641 -0.835146
vt -0.611649 -0.584104
vt -0.789029 -0.584104
vt -0.789323 -0.835146
vt 0.753160 1.437119
vt 0.745341 1.427173
vt 0.786477 0.622582
vt 0.796487 0.622495
vt 0.939769 1.205951
vt 0.894931 1.206342
vt 0.944101 0.621212
vt 0.995075 0.620767
vt -0.627751 1.584175
vt -0.535699 0.619485
vt -0.515700 0.619485
vt -0.611720 1.584175
vt -0.538709 0.377505
vt -0.615985 -0.437119
vt -0.599339 -0.437119
vt -0.518710 0.377505
vt 1.021852 1.584175
vt 0.939654 1.205951
vt 0.994617 0.620767
vt 1.141588 0.619485
vt -0.605604 1.205951
vt -0.589446 0.620767
vt -0.536982 0.620767
vt -0.592445 1.205951
vt -0.589891 0.378788
vt -0.605996 -0.206342
vt -0.592837 -0.206342
vt -0.537427 0.378788
vt 0.171060 0.622241
vt 0.194244 1.009550
vt -0.103885 1.006948
vt -0.152885 0.619414
vt 1.188384 0.619092
vt 1.059350 1.583875
vt 1.031293 1.584104
vt 1.153365 0.619397
vt 0.902951 1.689541
vt 0.991948 1.825112
vt 0.818800 1.690275
vt 0.908599 1.630839
vt 1.029745 1.584105
vt 1.021713 1.584175
vt 1.141414 0.619485
vt 1.151434 0.619397
vt -0.650742 1.825112
vt -0.635701 1.825112
vt -0.636641 0.998078
vt -0.674944 0.960465
vt -0.682921 0.046373
vt -0.645280 0.008097
vt 0.894816 1.206342
vt 0.796661 0.622495
vt 0.943643 0.621212
vt -0.891805 1.031444
vt -0.881883 0.622582
vt -0.518797 0.622582
vt -0.598420 1.427173
vt 0.232365 1.031444
vt 0.195708 1.031124
vt 0.171248 0.622241
vt 0.210354 0.622582
vt -0.878715 0.380586
vt -0.900275 0.380586
vt -0.881542 0.622241
vt -0.903102 0.622241
vt -0.620417 0.245488
vt -0.603770 0.245343
vt -0.599339 0.753161
vt -0.615985 0.753306
vt 1.026829 1.593339
vt 0.808440 1.637109
vt 0.186301 1.631679
vt -0.031293 1.584104
vt 0.998078 1.835146
vt 0.991816 1.825112
vt 0.000589 1.835146
vt 0.095729 1.689541
vt 0.179880 1.690275
vt -0.605996 0.105069
vt -0.605604 0.060231
vt -0.592445 0.060346
vt -0.592837 0.105184
vt -0.789922 1.689541
vt -0.789954 1.630839
vt -0.633053 1.630839
vt -0.638642 1.689541
vt 0.245343 1.441551
vt 0.252970 1.431470
vt 0.090031 1.630839
vt -0.790657 0.179880
vt -0.789922 0.095729
vt -0.638642 0.097049
vt -0.639376 0.181200
vt -0.790795 -0.631679
vt -0.790657 -0.690275
vt -0.639376 -0.690275
vt -0.633893 -0.631679
vt -0.789954 0.909968
vt -0.790795 0.813698
vt -0.633893 0.812329
vt -0.633053 0.908599
vt -0.739076 0.380908
vt -0.878393 0.380908
vt -0.100984 1.028534
vt -0.135623 1.028232
vt -0.189600 0.619092
vt -0.152697 0.619414
vt -0.589561 1.400623
vt -0.585753 1.421993
vt -0.624334 1.437119
vt -0.560051 0.337445
vt -0.624334 0.246621
vt -0.562266 0.314550
vt -0.585114 -0.421354
vt -0.588919 -0.399981
vt -0.601963 -0.385452
vt 0.823139 1.476453
vt 0.753055 1.437119
vt 0.753860 1.421993
vt 0.827061 1.421354
vt 0.588380 1.478497
vt 0.588883 1.438547
vt 0.640127 1.438102
vt 0.639118 1.478056
vt 0.750710 1.477083
vt 0.683994 1.477665
vt 0.685450 1.437707
vt 0.752832 1.437119
vt -0.626550 0.500530
vt -0.552645 0.359873
vt 0.662555 1.437907
vt 0.661324 1.477863
vt -0.587295 -0.437119
vt -0.591369 -0.477083
vt -0.566006 -0.477083
vt -0.561678 -0.437119
vt 0.750931 1.477083
vt 0.828635 1.399981
vt 0.755048 1.400623
vt -0.618854 0.243478
vt -0.618209 0.169484
vt -0.601963 0.170204
vt -0.602607 0.244053
vt 0.813839 1.695808
vt 0.990570 1.843786
vt -0.515613 0.380603
vt -0.736888 0.380603
vt 0.184840 1.695808
vt -0.797962 0.009430
vt -0.759548 0.047042
vt -0.751571 0.961134
vt -0.789323 0.999411
vt -0.674944 1.835477
vt -0.751571 1.835477
vt -0.750182 1.814349
vt -0.673127 1.814349
vt -0.587295 0.246944
vt -0.561678 0.247168
vt -0.530237 0.411117
vt -0.566588 0.683994
vt -0.566006 0.750710
vt -0.591369 0.750931
vt -0.590739 0.823139
vt -0.627412 0.823459
vt -0.564395 0.661324
vt -0.531812 0.591610
vt -0.557062 0.639118
vt 0.829795 1.385452
vt 0.755947 1.386096
vt 0.409670 1.480057
vt 0.408389 1.440122
vt -0.758204 0.044288
vt -0.681148 0.043615
vt -0.673127 0.962823
vt -0.750182 0.963496
vt 0.963496 1.814349
vt 0.961134 1.835477
vt 0.047042 1.843455
vt 0.044287 1.822371
vt 0.014297 1.833644
vt -0.650742 0.008052
vt -0.635701 0.008183
vt -0.644233 0.985834
vt -0.659274 0.985703
vt 0.008097 1.843786
vt 0.014165 1.833644
vt -1.397351 0.247686
vt -0.598420 0.254659
vt -0.602717 0.747030
vt -1.401648 0.740058
vt -1.363365 1.843786
vt -1.388394 1.593339
vt -1.211015 1.593339
vt -1.210682 1.843786
vt -1.210749 1.593600
vt -1.111535 1.039357
vt -0.899717 1.039357
vt -0.799018 1.593600
vt 0.795229 0.627732
vt 0.805238 0.627819
vt 0.938316 1.213674
vt 0.893478 1.213282
vt 0.952853 0.629102
vt 1.003826 0.629547
vt -1.372293 -0.593269
vt -1.464491 0.369170
vt -1.484491 0.369170
vt -1.388324 -0.593269
vt -1.461481 0.627819
vt -1.384081 1.441551
vt -1.400728 1.441551
vt -1.481480 0.627819
vt 1.013787 1.593269
vt 0.938201 1.213674
vt 1.003368 0.629547
vt 1.150340 0.630830
vt -1.394497 -0.213674
vt -1.410744 0.370453
vt -1.463209 0.370453
vt -1.407656 -0.213674
vt -1.410299 0.629102
vt -1.394106 1.213282
vt -1.407265 1.213282
vt -1.462764 0.629102
vt 0.162308 0.628073
vt 0.192248 1.014917
vt -0.105881 1.017519
vt -0.161637 0.630900
vt 1.197135 0.631223
vt 1.051284 1.593600
vt 1.023227 1.593339
vt 1.162116 0.630917
vt 0.893065 1.696542
vt 0.899736 1.637949
vt 1.021679 1.593339
vt 1.013647 1.593269
vt 1.150166 0.630830
vt 1.160185 0.630917
vt -1.349265 -0.833645
vt -1.364306 -0.833645
vt 0.893364 1.213282
vt 0.805413 0.627819
vt 0.952395 0.629102
vt -1.111233 1.039054
vt -1.091931 1.017519
vt -0.918771 1.017519
vt -0.899415 1.039054
vt -1.118307 0.372268
vt -1.481393 0.372268
vt 0.230745 1.036145
vt 0.194088 1.036465
vt 0.162496 0.628073
vt 0.201602 0.627732
vt -1.465185 0.417775
vt -0.916170 0.809263
vt -0.918771 1.107392
vt -1.091931 1.105881
vt -1.089329 0.807752
vt -0.896826 -0.036465
vt -0.916170 -0.014917
vt -1.089329 -0.014917
vt -1.108644 -0.036465
vt -1.121476 0.630900
vt -1.099915 0.630900
vt -1.118649 0.371927
vt -1.097088 0.371927
vt 0.105615 1.696542
vt -1.394106 0.893478
vt -1.394497 0.938316
vt -1.407656 0.938202
vt -1.407265 0.893364
vt -1.210106 -0.696542
vt -1.210082 -0.637949
vt -1.366983 -0.637948
vt -1.361386 -0.696542
vt 0.098894 1.637949
vt -1.210749 -0.051284
vt -0.799018 -0.054877
vt -1.209371 0.810234
vt -1.210106 0.894385
vt -1.361386 0.893065
vt -1.360651 0.808913
vt -1.209242 1.637109
vt -1.209371 1.695808
vt -1.360651 1.695808
vt -1.366143 1.637108
vt -1.210082 0.098894
vt -1.209242 0.195164
vt -1.366143 0.196534
vt -1.366983 0.100263
vt -0.896826 0.807760
vt -1.108644 0.805912
vt -1.108324 0.769254
vt -0.896506 0.771103
vt -1.111535 1.137243
vt -1.111233 1.102603
vt -0.899415 1.104451
vt -0.899717 1.139091
vt -1.261115 0.631222
vt -1.121798 0.631222
vt -0.102603 1.039054
vt -0.137243 1.039357
vt -0.198351 0.631222
vt -0.161448 0.630900
vt -1.410511 -0.405095
vt -1.414316 -0.426441
vt -1.375733 -0.441551
vt -1.440015 0.657096
vt -1.375733 0.747920
vt -1.437800 0.679992
vt -1.414955 1.427080
vt -1.411153 1.405737
vt -1.398112 1.391228
vt 0.816984 1.482101
vt 0.747597 1.441551
vt 0.748665 1.426442
vt 0.821866 1.427080
vt 0.634668 1.440568
vt 0.632962 1.480498
vt 0.744554 1.481471
vt 0.677838 1.480889
vt 0.679992 1.440963
vt 0.747373 1.441551
vt -1.447421 0.634668
vt 0.657096 1.440763
vt 0.655169 1.480691
vt -1.412771 1.441551
vt -1.408691 1.481471
vt -1.434055 1.481471
vt -1.438388 1.441551
vt 0.744775 1.481471
vt 0.823813 1.405738
vt 0.750226 1.405095
vt -1.381221 0.752094
vt -1.381867 0.826087
vt -1.398112 0.825227
vt -1.397467 0.751378
vt -1.484578 0.630917
vt -1.263302 0.630917
vt -1.325061 -0.843455
vt -1.248434 -0.843455
vt -1.249826 -0.822371
vt -1.326882 -0.822371
vt -1.412771 0.747597
vt -1.438388 0.747373
vt -1.433472 0.322162
vt -1.434055 0.255446
vt -1.408691 0.255224
vt -1.409321 0.183016
vt -1.372648 0.182696
vt -1.435666 0.344831
vt -1.442998 0.367037
vt 0.825227 1.391229
vt 0.751378 1.390584
vt 0.049250 1.822371
vt 0.968458 1.814349
vt 0.966069 1.835477
vt 0.051977 1.843455
vt -0.645280 1.843786
vt -0.797962 1.843786
vt -0.798263 1.593339
vt -0.620884 1.593339
vt 0.186406 0.627819
vt 0.196415 0.627732
vt 0.054866 1.213674
vt -0.010917 0.629547
vt 0.040056 0.629102
vt 0.099704 1.213282
vt -0.636845 -0.593269
vt -0.620814 -0.593269
vt -0.527044 0.369170
vt -0.547044 0.369170
vt -0.544033 0.627819
vt -0.524034 0.627819
vt -0.603770 1.441551
vt -0.620417 1.441551
vt -0.020205 1.593269
vt -0.158347 0.630830
vt -0.011375 0.629547
vt 0.054751 1.213674
vt -0.613327 -0.213674
vt -0.600168 -0.213674
vt -0.545761 0.370453
vt -0.598225 0.370453
vt -0.597781 0.629102
vt -0.545316 0.629102
vt -0.599777 1.213282
vt -0.612935 1.213282
vt 0.839334 0.628073
vt 1.163278 0.630901
vt 1.107392 1.017519
vt 0.809263 1.014917
vt -0.201585 0.631222
vt -0.166610 0.630917
vt -0.026829 1.593339
vt -0.054877 1.593600
vt 0.100689 1.696542
vt 0.093920 1.637949
vt -0.028377 1.593339
vt -0.168541 0.630917
vt -0.158521 0.630830
vt -0.020345 1.593269
vt -0.659274 -0.833645
vt -0.644233 -0.833645
vt 0.099589 1.213282
vt 0.039599 0.629102
vt 0.186581 0.627819
vt -0.523947 0.372268
vt -0.887032 0.372268
vt 0.771103 1.036145
vt 0.800416 0.627732
vt 0.839522 0.628073
vt 0.807760 1.036465
vt -0.911761 0.630900
vt -0.890201 0.630900
vt -0.887374 0.371927
vt -0.908934 0.371927
vt 0.897991 1.696543
vt -0.612935 0.900296
vt -0.599777 0.900410
vt -0.600168 0.945248
vt -0.613327 0.945134
vt -0.796923 -0.696542
vt -0.645643 -0.696542
vt -0.640163 -0.637948
vt -0.797064 -0.637949
vt 0.904710 1.637949
vt -0.796189 0.813839
vt -0.644909 0.815160
vt -0.645643 0.899311
vt -0.796923 0.897991
vt -0.796224 1.637109
vt -0.639323 1.637108
vt -0.644909 1.695808
vt -0.796189 1.695808
vt -0.797064 0.095290
vt -0.640163 0.093921
vt -0.639323 0.190191
vt -0.796224 0.191560
vt -0.890523 0.631222
vt -0.751206 0.631222
vt 1.104451 1.039055
vt 1.163466 0.630901
vt 1.200369 0.631223
vt 1.139091 1.039357
vt -0.594033 -0.405095
vt -0.607094 -0.390584
vt -0.628766 -0.441551
vt -0.562907 0.664750
vt -0.565522 0.687604
vt -0.628766 0.754439
vt -0.590840 1.427080
vt -0.596387 1.482101
vt -0.633061 1.482101
vt 0.175922 1.482101
vt 0.170942 1.427080
vt 0.244143 1.426441
vt 0.245238 1.441551
vt 0.359327 1.480498
vt 0.357544 1.440568
vt 0.247909 1.481471
vt 0.245014 1.441551
vt 0.312396 1.440963
vt 0.314625 1.480889
vt -0.555111 0.642455
vt 0.335249 1.440763
vt 0.337252 1.480691
vt -0.591727 1.441551
vt -0.566110 1.441551
vt -0.570394 1.481471
vt -0.595757 1.481471
vt 0.248130 1.481471
vt 0.169062 1.405737
vt 0.242649 1.405095
vt -0.623351 0.758708
vt -0.607094 0.758276
vt -0.607739 0.832125
vt -0.623997 0.832701
vt -0.748407 0.630917
vt -0.527132 0.630917
vt -0.682921 -0.843455
vt -0.681148 -0.822371
vt -0.758204 -0.822371
vt -0.759548 -0.843455
vt -0.591727 0.754762
vt -0.566110 0.754986
vt -0.569812 0.314625
vt -0.595757 0.248130
vt -0.570394 0.247909
vt -0.633061 0.176242
vt -0.596387 0.175922
vt -0.567223 0.337253
vt -0.559504 0.359327
vt 0.167875 1.391228
vt 0.241724 1.390584
vt 2.412591 1.437119
vt 2.381031 1.378071
vt 2.397279 1.386096
vt 2.381677 -0.377425
vt 2.372473 -0.476453
vt 2.409146 -0.476453
vt 1.623161 1.378071
vt 1.591546 1.437119
vt 1.590018 1.421993
vt 1.623807 -0.377425
vt 1.607550 -0.385452
vt 1.594489 -0.399981
vt 2.376535 -0.382567
vt 2.408159 -0.441551
vt 2.409684 -0.426441
vt 2.375889 1.383213
vt 2.392147 1.391228
vt 2.405211 1.405737
vt 1.587114 -0.441551
vt 1.618665 -0.382567
vt 1.602418 -0.390584
vt 1.618019 1.383213
vt 1.627238 1.482101
vt 1.590564 1.482101
vt -1.376725 1.378071
vt -1.408340 1.437119
vt -1.409868 1.421993
vt -1.376079 -0.377425
vt -1.392335 -0.385452
vt -1.405397 -0.399981
vt -0.587295 1.437119
vt -0.618854 1.378071
vt -0.602607 1.386096
vt -0.618209 -0.377425
vt -0.627412 -0.476453
vt -0.590739 -0.476453
vt -1.412771 -0.441551
vt -1.381221 -0.382567
vt -1.397467 -0.390584
vt -1.381867 1.383213
vt -1.372648 1.482101
vt -1.409321 1.482101
vt -0.623351 -0.382567
vt -0.591727 -0.441551
vt -0.590201 -0.426441
vt -0.623997 1.383213
vt -0.607739 1.391228
vt -0.594675 1.405737
vn 0.9954 0.0961 0.0000
vn 0.0000 0.0116 -0.9999
vn 0.0000 -0.0094 1.0000
vn 0.0000 0.0046 -1.0000
vn 0.0000 -0.0024 1.0000
vn -0.9954 0.0961 0.0000
vn 0.0000 0.0116 0.9999
vn 0.0000 -0.0094 -1.0000
vn 0.0000 0.0046 1.0000
vn 0.0000 -0.0024 -1.0000
vn -0.0000 0.1346 -0.9909
vn 0.0005 0.1429 -0.9897
vn -0.0005 0.1429 -0.9897
vn -0.0003 0.1430 -0.9897
vn 0.0006 0.1429 -0.9897
vn 0.9952 0.0981 0.0000
vn 0.9996 0.0268 0.0000
vn 0.0000 -0.1326 0.9912
vn 0.0000 0.0627 -0.9980
vn 0.9956 0.0941 -0.0009
vn 0.9956 0.0941 -0.0010
vn 0.9956 0.0940 -0.0011
vn 0.0000 -0.1030 0.9947
vn 0.0000 0.0927 -0.9957
vn -0.9998 -0.0194 0.0000
vn 0.9972 0.0584 -0.0475
vn 0.9956 0.0940 0.0000
vn 0.0000 1.0000 0.0000
vn 0.9956 0.0942 0.0007
vn 0.9955 0.0942 0.0002
vn 0.9956 0.0938 0.0010
vn 0.0000 0.1343 -0.9909
vn 0.0014 -0.0608 0.9982
vn 0.0016 -0.0612 0.9981
vn 0.0014 -0.0608 0.9981
vn -0.9997 -0.0238 0.0000
vn 0.0000 -1.0000 0.0000
vn 0.0000 -0.0686 0.9976
vn -1.0000 0.0028 -0.0001
vn -1.0000 0.0024 0.0000
vn -1.0000 0.0029 0.0000
vn -1.0000 0.0028 0.0001
vn -1.0000 -0.0014 0.0002
vn -1.0000 -0.0003 0.0014
vn -1.0000 -0.0015 0.0000
vn -0.0000 -0.1053 0.9944
vn -1.0000 0.0001 0.0016
vn 0.0000 1.0000 0.0006
vn 0.0000 1.0000 0.0003
vn -0.0000 -0.1003 -0.9950
vn 0.0044 0.1412 -0.9900
vn 0.9964 -0.0848 0.0000
vn -0.0000 -0.0627 0.9980
vn 0.0000 0.0806 -0.9967
vn 0.9949 0.1010 -0.0000
vn 0.9975 0.0708 0.0000
vn 0.9067 0.1142 -0.4059
vn 0.9096 0.1144 -0.3994
vn 0.9096 0.1143 -0.3994
vn 0.0000 1.0000 -0.0003
vn 0.9942 0.1073 0.0000
vn 0.9942 0.1076 -0.0067
vn 0.9700 0.1139 -0.2148
vn 0.9700 0.1139 -0.2149
vn 0.9666 -0.2564 -0.0000
vn 0.9666 -0.2565 -0.0000
vn 0.4426 -0.8967 0.0000
vn 0.6095 -0.7928 -0.0000
vn -1.0000 -0.0014 -0.0002
vn 0.0000 -0.1203 0.9927
vn 0.9933 0.1152 0.0000
vn 0.9979 0.0647 0.0000
vn 0.0014 -0.0608 -0.9982
vn -0.0013 -0.0607 -0.9982
vn -0.0014 -0.0608 -0.9982
vn 0.0014 -0.0608 -0.9981
vn -0.9955 0.0942 0.0002
vn -0.9955 0.0942 -0.0002
vn -0.9956 0.0940 0.0000
vn 0.9955 0.0942 -0.0002
vn -0.9952 0.0981 0.0000
vn -0.9996 0.0268 0.0000
vn -0.9956 0.0941 -0.0009
vn -0.9956 0.0940 -0.0011
vn -0.9956 0.0939 -0.0012
vn 0.9998 -0.0194 0.0000
vn -0.9972 0.0584 -0.0475
vn -0.9956 0.0942 0.0007
vn -0.9956 0.0938 0.0010
vn -0.0013 -0.0607 0.9982
vn -0.0014 -0.0608 0.9982
vn -0.0016 -0.0612 0.9981
vn 0.9997 -0.0238 0.0000
vn 1.0000 0.0027 -0.0001
vn 1.0000 0.0027 0.0001
vn 1.0000 0.0024 0.0000
vn 1.0000 -0.0013 0.0003
vn 1.0000 -0.0013 0.0000
vn 1.0000 -0.0002 0.0015
vn 1.0000 0.0001 0.0016
vn -0.0044 0.1412 -0.9900
vn -0.9949 0.1010 -0.0000
vn -0.9975 0.0708 0.0000
vn -0.9067 0.1142 -0.4059
vn -0.9096 0.1144 -0.3994
vn -0.9096 0.1143 -0.3994
vn -0.9942 0.1073 0.0000
vn -0.9942 0.1076 -0.0067
vn -0.9700 0.1139 -0.2148
vn -0.9666 -0.2564 -0.0000
vn -0.9666 -0.2565 -0.0000
vn -0.4426 -0.8967 0.0000
vn -0.6095 -0.7928 0.0000
vn 1.0000 -0.0013 -0.0003
vn -0.9933 0.1152 0.0000
vn -0.9979 0.0647 0.0000
vn -0.0000 0.1346 0.9909
vn 0.0006 0.1429 0.9897
vn -0.0002 0.1430 0.9897
vn -0.0005 0.1429 0.9897
vn 0.0005 0.1429 0.9897
vn 0.0000 -0.1326 -0.9912
vn 0.0000 0.0627 0.9980
vn 0.9956 0.0941 0.0009
vn 0.9956 0.0940 0.0011
vn 0.9956 0.0939 0.0012
vn 0.0000 -0.1030 -0.9947
vn 0.0000 0.0927 0.9957
vn 0.9972 0.0584 0.0475
vn 0.9956 0.0942 -0.0007
vn 0.9956 0.0938 -0.0010
vn 0.0000 0.1343 0.9909
vn 0.0016 -0.0612 -0.9981
vn 0.0000 -0.0686 -0.9976
vn -1.0000 -0.0002 -0.0015
vn -0.0000 -0.1053 -0.9944
vn -1.0000 0.0001 -0.0016
vn 0.0000 1.0000 -0.0006
vn -0.0000 -0.1003 0.9950
vn 0.0044 0.1412 0.9900
vn -0.0000 -0.0627 -0.9980
vn 0.0000 0.0806 0.9967
vn 0.9067 0.1142 0.4059
vn 0.9096 0.1144 0.3993
vn 0.9096 0.1143 0.3994
vn 0.9942 0.1076 0.0067
vn 0.9700 0.1139 0.2148
vn 0.9701 0.1139 0.2144
vn 0.0000 -0.1203 -0.9927
vn -0.9964 -0.0848 0.0000
vn -0.9956 0.0940 0.0011
vn -0.9956 0.0941 0.0010
vn -0.9972 0.0584 0.0475
vn -0.9956 0.0942 -0.0007
vn -0.9956 0.0938 -0.0010
vn -0.0016 -0.0612 -0.9981
vn 1.0000 -0.0003 -0.0014
vn 1.0000 0.0001 -0.0016
vn -0.0044 0.1412 0.9900
vn -0.9067 0.1142 0.4059
vn -0.9096 0.1144 0.3994
vn -0.9096 0.1143 0.3994
vn -0.9942 0.1076 0.0067
vn -0.9700 0.1139 0.2148
vn -0.0006 0.1429 -0.9897
vn 0.0002 0.1430 -0.9897
vn -0.0014 -0.0608 0.9981
vn -0.9096 0.1144 -0.3993
vn -0.9701 0.1139 -0.2144
vn -0.0014 -0.0608 -0.9981
vn 0.0013 -0.0607 -0.9982
vn 0.0013 -0.0607 0.9982
vn -0.0006 0.1429 0.9897
vn 0.0003 0.1430 0.9897
vn -0.9956 0.0941 0.0009
vn -0.9700 0.1139 0.2149
vn 0.9096 0.1144 0.3994
usemtl sandstone
s off
f 1835/2185/66 1828/2186/66 1833/2187/66 1834/2188/66
f 1827/2189/66 1820/2190/66 1825/2191/66 1826/2192/66
f 1823/2193/67 1821/2194/67 1820/2195/67 1827/2196/67
f 1824/2197/68 1822/2198/68 1826/2199/68 1825/2200/68
f 1831/2201/69 1829/2202/69 1828/2203/69 1835/2204/69
f 1832/2205/70 1830/2206/70 1834/2207/70 1833/2208/70
f 1928/2209/71 1927/2210/71 1926/2211/71 1921/2212/71
f 1920/2213/71 1919/2214/71 1918/2215/71 1913/2216/71
f 1916/2217/67 1920/2218/67 1913/2219/67 1914/2220/67
f 1917/2221/68 1918/2222/68 1919/2223/68 1915/2224/68
f 1924/2225/69 1928/2226/69 1921/2227/69 1922/2228/69
f 1925/2229/70 1926/2230/70 1927/2231/70 1923/2232/70
f 2021/2233/66 2020/2234/66 2019/2235/66 2014/2236/66
f 2013/2237/66 2012/2238/66 2011/2239/66 2006/2240/66
f 2009/2241/72 2013/2242/72 2006/2243/72 2007/2244/72
f 2010/2245/73 2011/2246/73 2012/2247/73 2008/2248/73
f 2017/2249/74 2021/2250/74 2014/2251/74 2015/2252/74
f 2018/2253/75 2019/2254/75 2020/2255/75 2016/2256/75
f 2112/2257/71 2105/2258/71 2110/2259/71 2111/2260/71
f 2104/2261/71 2097/2262/71 2102/2263/71 2103/2264/71
f 2100/2265/72 2098/2266/72 2097/2267/72 2104/2268/72
f 2101/2269/73 2099/2270/73 2103/2271/73 2102/2272/73
f 2108/2273/74 2106/2274/74 2105/2275/74 2112/2276/74
f 2109/2277/75 2107/2278/75 2111/2279/75 2110/2280/75
f 2203/2281/71 2202/2282/71 2201/2283/71 2196/2284/71
f 2195/2285/71 2194/2286/71 2193/2287/71 2188/2288/71
f 2191/2289/67 2195/2290/67 2188/2291/67 2189/2292/67
f 2192/2293/68 2193/2294/68 2194/2295/68 2190/2296/68
f 2199/2297/69 2203/2298/69 2196/2299/69 2197/2300/69
f 2200/2301/70 2201/2302/70 2202/2303/70 2198/2304/70
f 2296/2305/66 2289/2306/66 2294/2307/66 2295/2308/66
f 2288/2309/66 2281/2310/66 2286/2311/66 2287/2312/66
f 2284/2313/67 2282/2314/67 2281/2315/67 2288/2316/67
f 2285/2317/68 2283/2318/68 2287/2319/68 2286/2320/68
f 2292/2321/69 2290/2322/69 2289/2323/69 2296/2324/69
f 2293/2325/70 2291/2326/70 2295/2327/70 2294/2328/70
f 2389/2329/71 2382/2330/71 2387/2331/71 2388/2332/71
f 2381/2333/71 2374/2334/71 2379/2335/71 2380/2336/71
f 2377/2337/72 2375/2338/72 2374/2339/72 2381/2340/72
f 2378/2341/73 2376/2342/73 2380/2343/73 2379/2344/73
f 2385/2345/74 2383/2346/74 2382/2347/74 2389/2348/74
f 2386/2349/75 2384/2350/75 2388/2351/75 2387/2352/75
f 2480/2353/66 2479/2354/66 2478/2355/66 2473/2356/66
f 2472/2357/66 2471/2358/66 2470/2359/66 2465/2360/66
f 2468/2361/72 2472/2362/72 2465/2363/72 2466/2364/72
f 2469/2365/73 2470/2366/73 2471/2367/73 2467/2368/73
f 2476/2369/74 2480/2370/74 2473/2371/74 2474/2372/74
f 2477/2373/75 2478/2374/75 2479/2375/75 2475/2376/75
s 1
f 1837/2377/76 1789/2378/76 1755/2379/76 1836/2380/76
f 1797/2381/77 1890/2382/78 1889/2383/79 1796/2384/80
f 1754/2385/81 1768/2386/81 1772/2387/81 1766/2388/81
f 1759/2389/82 1760/2390/82 1756/2391/82 1757/2392/82
f 1787/2393/83 1767/2394/83 1771/2395/83 1788/2396/83
f 1774/2397/84 1775/2398/84 1754/2399/84 1766/2400/84
f 1787/2401/85 1762/2402/86 1764/2403/87 1767/2404/87
f 1759/2405/88 1757/2406/88 1764/2407/88 1762/2408/88
f 1756/2409/89 1760/2410/89 1761/2411/89 1763/2412/89
f 1777/2413/90 1776/2414/90 1783/2415/90 1778/2416/90
f 1795/2417/91 1796/2418/91 1755/2419/91 1753/2420/91
f 1786/2421/92 1769/2422/92 1784/2423/92
f 1785/2424/92 1787/2401/85 1769/2422/92 1786/2421/92
f 1789/2425/81 1788/2426/81 1771/2427/81 1770/2428/81
f 1769/2429/83 1787/2393/83 1788/2396/83 1773/2430/83
f 1839/2431/93 2025/2432/93 2023/2433/93 1837/2434/93
f 1761/2435/94 1775/2436/95 1774/2437/96 1763/2438/96
f 1783/2439/97 1876/2440/97 1875/2441/97 1782/2442/97
f 1798/2443/98 1765/2444/99 1772/2445/99 1768/2446/100
f 1798/2447/101 1781/2448/101 1779/2449/101 1765/2450/101
f 1869/2451/102 1876/2452/102 1783/2453/102 1776/2454/102
f 1874/2455/103 1869/2456/103 1776/2457/103 1781/2458/103
f 1782/2442/97 1780/2459/97 1778/2460/97 1783/2439/97
f 1779/2461/103 1781/2458/103 1776/2457/103 1777/2462/103
f 1961/2463/93 1940/2464/93 1754/2465/93 1775/2466/93
f 1941/2467/104 1976/2468/105 1790/2469/106 1755/2470/107
f 1788/2426/81 1789/2425/81 1837/2471/81 1773/2472/81
f 1836/2473/108 1792/2474/109 1793/2475/110
f 1760/2476/102 1759/2477/102 1762/2478/102 1761/2479/102
f 1792/2480/111 1791/2481/111 1785/2482/111 1786/2483/111
f 1940/2484/81 1954/2485/81 1768/2386/81 1754/2385/81
f 1792/2474/109 1836/2473/108 1755/2470/107 1791/2486/112
f 1796/2487/113 1889/2488/113 1848/2489/114 1755/2490/114
f 1793/2491/102 1792/2492/102 1786/2493/102 1784/2494/102
f 1790/2469/106 1791/2486/112 1755/2470/107
f 1790/2495/115 1793/2496/115 1784/2497/115 1758/2498/115
f 1791/2499/93 1790/2500/93 1758/2501/93 1785/2502/93
f 1874/2503/102 1781/2504/102 1798/2505/102 1891/2506/102
f 1782/2507/102 1875/2508/102 1890/2509/102 1797/2510/102
f 1797/2381/77 1796/2384/80 1795/2511/116 1794/2512/116
f 1782/2513/101 1797/2514/101 1794/2515/101 1780/2516/101
f 2118/2517/117 1934/2518/117 1932/2519/117 2116/2520/117
f 1816/2521/118 1815/2522/118 1801/2523/118
f 1843/2524/102 1801/2525/102 1806/2526/102
f 1817/2527/119 1819/2528/119 1818/2529/119
f 1808/2530/120 1802/2531/120 1815/2532/121 1817/2533/121
f 1811/2534/122 1804/2535/122 1805/2536/123 1813/2537/124
f 1848/2489/114 2032/2538/125 1941/2539/125 1755/2490/114
f 1904/2540/93 2088/2541/93 1938/2542/93
f 1810/2543/126 1812/2544/127 1806/2545/127 1803/2546/126
f 1844/2547/102 1843/2524/102 1805/2548/102
f 1843/2549/128 1842/2550/129 1813/2537/124 1805/2536/123
f 1802/2551/84 1809/2552/84 1810/2553/84 1803/2554/84
f 1808/2530/120 1809/2555/120 1802/2531/120
f 1819/2556/130 1817/2533/121 1815/2532/121 1816/2557/131
f 1800/2558/132 1799/2559/132 1818/2560/133 1814/2561/133
f 1979/2562/110 2022/2563/134 1836/2473/108 1793/2475/110
f 1755/2379/76 1789/2378/76 1770/2564/76 1753/2565/76
f 1784/2423/92 1970/2566/92 1944/2567/92 1758/2568/92
f 2022/2569/93 2024/2570/93 1838/2571/93 1836/2572/93
f 1839/2573/135 1838/2574/135 1840/2575/135 1841/2576/135
f 1775/2436/95 1787/2401/85 1785/2424/92 1758/2568/92
f 1761/2435/94 1762/2402/86 1787/2401/85 1775/2436/95
f 1801/2525/102 1802/2577/102 1806/2526/102
f 1844/2547/102 1801/2525/102 1843/2524/102
f 1802/2577/102 1803/2578/102 1806/2526/102
f 1805/2548/102 1804/2579/102 1844/2547/102
f 1812/2544/127 1842/2550/129 1843/2549/128 1806/2545/127
f 1812/2580/93 1810/2581/93 1809/2582/93
f 1809/2582/93 1808/2583/93 1807/2584/93
f 1809/2582/93 1807/2584/93 1845/2585/93
f 1842/2586/93 1812/2580/93 1809/2582/93
f 1990/2587/102 1844/2547/102 1804/2579/102
f 1811/2588/93 1813/2589/93 1845/2585/93
f 1842/2586/93 1809/2582/93 1845/2585/93
f 1813/2589/93 1842/2586/93 1845/2585/93
f 1818/2590/133 1819/2556/130 1816/2557/131 1814/2591/133
f 1811/2534/136 1997/2592/136 1990/2593/136 1804/2535/136
f 2026/2594/93 2027/2595/93 1841/2596/93 1840/2597/93
f 1838/2598/137 2024/2599/137 2026/2600/137 1840/2601/137
f 1976/2468/105 1979/2562/110 1793/2475/110 1790/2469/106
f 1769/2422/92 1955/2602/92 1970/2566/92 1784/2423/92
f 1984/2603/138 2075/2604/139 2045/2605/140 1954/2606/141
f 1868/2607/142 2052/2608/143 2035/2609/144 1851/2610/144
f 1773/2611/102 1959/2612/102 1955/2613/102 1769/2614/102
f 1837/2471/81 2023/2615/81 1959/2616/81 1773/2472/81
f 1758/2568/92 1944/2567/92 1961/2617/145 1775/2436/95
f 1838/2571/93 1839/2431/93 1837/2434/93 1836/2572/93
f 1930/2618/76 1929/2619/76 1848/2620/76 1882/2621/76
f 1847/2622/146 1859/2623/146 1865/2624/146 1861/2625/146
f 1852/2626/147 1850/2627/147 1849/2628/147 1853/2629/147
f 1880/2630/83 1881/2631/83 1864/2632/83 1860/2633/83
f 1867/2634/84 1859/2635/84 1847/2636/84 1868/2637/84
f 1880/2638/148 1860/2639/149 1857/2640/149 1855/2641/150
f 1852/2642/88 1855/2643/88 1857/2644/88 1850/2645/88
f 1849/2646/89 1856/2647/89 1854/2648/89 1853/2649/89
f 1870/2650/151 1871/2651/151 1876/2652/151 1869/2653/151
f 1888/2654/152 1846/2655/152 1848/2656/152 1889/2657/152
f 1879/2658/144 1877/2659/144 1862/2660/144
f 1878/2661/144 1879/2658/144 1862/2660/144 1880/2638/148
f 1882/2662/146 1863/2663/146 1864/2664/146 1881/2665/146
f 1862/2666/83 1866/2667/83 1881/2631/83 1880/2630/83
f 1930/2668/93 2114/2669/93 2116/2670/93 1932/2671/93
f 1854/2672/153 1856/2673/154 1867/2674/154 1868/2607/142
f 1891/2675/155 1861/2676/156 1865/2677/157 1858/2678/157
f 1891/2679/158 1858/2680/158 1872/2681/158 1874/2682/158
f 1875/2441/97 1876/2440/97 1871/2683/97 1873/2684/97
f 1872/2685/103 1870/2686/103 1869/2456/103 1874/2455/103
f 2052/2687/93 1868/2688/93 1847/2689/93 2031/2690/93
f 2032/2691/159 1848/2692/160 1883/2693/161 2067/2694/161
f 1881/2665/146 1866/2695/146 1930/2696/146 1882/2662/146
f 1929/2697/162 1886/2698/163 1885/2699/164
f 1853/2700/102 1854/2701/102 1855/2702/102 1852/2703/102
f 1885/2704/111 1879/2705/111 1878/2706/111 1884/2707/111
f 2031/2708/146 1847/2622/146 1861/2625/146 2045/2709/146
f 1885/2699/164 1884/2710/165 1848/2692/160 1929/2697/162
f 1886/2711/102 1877/2712/102 1879/2713/102 1885/2714/102
f 1883/2693/161 1848/2692/160 1884/2710/165
f 1883/2715/115 1851/2716/115 1877/2717/115 1886/2718/115
f 1884/2719/93 1878/2720/93 1851/2721/93 1883/2722/93
f 1890/2382/78 1887/2723/166 1888/2724/166 1889/2383/79
f 1875/2725/158 1873/2726/158 1887/2727/158 1890/2728/158
f 1909/2729/118 1907/2730/118 1894/2731/118
f 1936/2732/102 1899/2733/102 1894/2734/102
f 1910/2735/119 1901/2736/119 1900/2737/119
f 1901/2738/167 1910/2739/168 1908/2740/168 1895/2741/167
f 1904/2742/169 1906/2743/170 1898/2744/171 1897/2745/169
f 1903/2746/172 1896/2747/172 1899/2748/173 1905/2749/173
f 1937/2750/102 1898/2751/102 1936/2732/102
f 1936/2752/174 1898/2744/171 1906/2743/170 1935/2753/174
f 1895/2754/84 1896/2755/84 1903/2756/84 1902/2757/84
f 1901/2738/167 1895/2741/167 1902/2758/167
f 1912/2759/175 1909/2760/176 1908/2740/168 1910/2739/168
f 1893/2761/177 1907/2762/178 1911/2763/178 1892/2764/177
f 2070/2765/163 1886/2698/163 1929/2697/162 2113/2766/179
f 1848/2620/76 1846/2767/76 1863/2768/76 1882/2621/76
f 1851/2610/144 2035/2609/144 2061/2769/144 1877/2659/144
f 2113/2770/93 1929/2771/93 1931/2772/93 2115/2773/93
f 1932/2774/135 1934/2775/135 1933/2776/135 1931/2777/135
f 1868/2607/142 1851/2610/144 1878/2661/144 1880/2638/148
f 1854/2672/153 1868/2607/142 1880/2638/148 1855/2641/150
f 1894/2734/102 1899/2733/102 1895/2778/102
f 1937/2750/102 1936/2732/102 1894/2734/102
f 1895/2778/102 1899/2733/102 1896/2779/102
f 1898/2751/102 1937/2750/102 1897/2780/102
f 1905/2749/173 1899/2748/173 1936/2752/174 1935/2753/174
f 1905/2781/93 1902/2782/93 1903/2783/93
f 1902/2782/93 1900/2784/93 1901/2785/93
f 1902/2782/93 1938/2542/93 1900/2784/93
f 1935/2786/93 1902/2782/93 1905/2781/93
f 2081/2787/102 1897/2780/102 1937/2750/102
f 1904/2540/93 1938/2542/93 1906/2788/93
f 1935/2786/93 1938/2542/93 1902/2782/93
f 1906/2788/93 1938/2542/93 1935/2786/93
f 1911/2789/178 1907/2790/178 1909/2760/176 1912/2759/175
f 1897/2745/180 2081/2791/180 2088/2792/180 1904/2742/180
f 2117/2793/93 1933/2794/93 1934/2795/93 2118/2796/93
f 1933/2797/181 2117/2798/181 2115/2799/181 1931/2800/181
f 2067/2694/161 1883/2693/161 1886/2698/163 2070/2765/163
f 1877/2659/144 2061/2769/144 2046/2801/144 1862/2660/144
f 1862/2802/102 2046/2803/102 2050/2804/102 1866/2805/102
f 1866/2695/146 2050/2806/146 2114/2807/146 1930/2696/146
f 1768/2808/102 1954/2809/102 2045/2810/102 1861/2811/102
f 1931/2772/93 1929/2771/93 1930/2668/93 1932/2671/93
f 2023/2812/182 2022/2813/182 1941/2814/182 1975/2815/182
f 1982/2816/183 2073/2817/184 2074/2818/185 1983/2819/186
f 1940/2484/81 1952/2820/81 1958/2821/81 1954/2485/81
f 1945/2822/82 1943/2823/82 1942/2824/82 1946/2825/82
f 1973/2826/187 1974/2827/187 1957/2828/187 1953/2829/187
f 1960/2830/188 1952/2831/188 1940/2832/188 1961/2833/188
f 1973/2834/189 1953/2835/190 1950/2836/190 1948/2837/191
f 1945/2838/192 1948/2839/192 1950/2840/192 1943/2841/192
f 1942/2842/193 1949/2843/193 1947/2844/193 1946/2845/193
f 1963/2846/90 1964/2847/90 1969/2848/90 1962/2849/90
f 1981/2850/194 1939/2851/194 1941/2852/194 1982/2853/194
f 1972/2854/92 1970/2566/92 1955/2602/92
f 1971/2855/92 1972/2854/92 1955/2602/92 1973/2834/189
f 1975/2856/81 1956/2857/81 1957/2858/81 1974/2859/81
f 1955/2860/187 1959/2861/187 1974/2827/187 1973/2826/187
f 1947/2862/195 1949/2863/196 1960/2864/196 1961/2617/145
f 1968/2865/197 2059/2866/197 2060/2867/197 1969/2868/197
f 1984/2603/138 1954/2606/141 1958/2869/198 1951/2870/198
f 1984/2871/101 1951/2872/101 1965/2873/101 1967/2874/101
f 1845/2585/93 1997/2875/93 1811/2588/93
f 2053/2876/102 1962/2877/102 1969/2878/102 2060/2879/102
f 2058/2880/199 1967/2881/199 1962/2882/199 2053/2883/199
f 1968/2865/197 1969/2868/197 1964/2884/197 1966/2885/197
f 1965/2886/199 1963/2887/199 1962/2882/199 1967/2881/199
f 1974/2859/81 1959/2616/81 2023/2615/81 1975/2856/81
f 2022/2563/134 1979/2562/110 1978/2888/200
f 1946/2889/102 1947/2890/102 1948/2891/102 1945/2892/102
f 1978/2893/201 1972/2894/201 1971/2895/201 1977/2896/201
f 1978/2888/200 1977/2897/202 1941/2467/104 2022/2563/134
f 1941/2539/125 2032/2538/125 2073/2898/203 1982/2899/203
f 1979/2900/102 1970/2901/102 1972/2902/102 1978/2903/102
f 1976/2468/105 1941/2467/104 1977/2897/202
f 1976/2904/204 1944/2905/204 1970/2906/204 1979/2907/204
f 1977/2908/93 1971/2909/93 1944/2910/93 1976/2911/93
f 2058/2912/102 2075/2913/102 1984/2914/102 1967/2915/102
f 1983/2916/102 2074/2917/102 2059/2918/102 1968/2919/102
f 1983/2819/186 1980/2920/205 1981/2921/205 1982/2816/183
f 1968/2922/101 1966/2923/101 1980/2924/101 1983/2925/101
f 2002/2926/206 2000/2927/206 1987/2928/206
f 2029/2929/102 1992/2930/102 1987/2931/102
f 2003/2932/207 1994/2933/207 1993/2934/207
f 1994/2935/120 2003/2936/121 2001/2937/121 1988/2938/120
f 1997/2592/208 1999/2939/209 1991/2940/210 1990/2593/208
f 1996/2941/126 1989/2942/126 1992/2943/211 1998/2944/211
f 1844/2547/102 1991/2945/102 2029/2929/102
f 2029/2946/212 1991/2940/210 1999/2939/209 2028/2947/213
f 1988/2948/188 1989/2949/188 1996/2950/188 1995/2951/188
f 1994/2935/120 1988/2938/120 1995/2952/120
f 2005/2953/130 2002/2954/131 2001/2937/121 2003/2936/121
f 1986/2955/132 2000/2956/133 2004/2957/133 1985/2958/132
f 1941/2814/182 1939/2959/182 1956/2960/182 1975/2815/182
f 2025/2961/214 2027/2962/214 2026/2963/214 2024/2964/214
f 1961/2617/145 1944/2567/92 1971/2855/92 1973/2834/189
f 1947/2862/195 1961/2617/145 1973/2834/189 1948/2837/191
f 1987/2931/102 1992/2930/102 1988/2965/102
f 1844/2547/102 2029/2929/102 1987/2931/102
f 1988/2965/102 1992/2930/102 1989/2966/102
f 1991/2945/102 1844/2547/102 1990/2587/102
f 1998/2944/211 1992/2943/211 2029/2946/212 2028/2947/213
f 1998/2967/93 1995/2968/93 1996/2969/93
f 1995/2968/93 1993/2970/93 1994/2971/93
f 1995/2968/93 1845/2585/93 1993/2970/93
f 2028/2972/93 1995/2968/93 1998/2967/93
f 1997/2875/93 1845/2585/93 1999/2973/93
f 2028/2972/93 1845/2585/93 1995/2968/93
f 1999/2973/93 1845/2585/93 2028/2972/93
f 2004/2974/133 2000/2975/133 2002/2954/131 2005/2953/130
f 2027/2976/215 2025/2977/215 1839/2978/215 1841/2979/215
f 2024/2570/93 2022/2569/93 2023/2433/93 2025/2432/93
f 2114/2980/182 2066/2981/182 2032/2982/182 2113/2983/182
f 2031/2708/146 2045/2709/146 2049/2984/146 2043/2985/146
f 2036/2986/147 2037/2987/147 2033/2988/147 2034/2989/147
f 2064/2990/187 2044/2991/187 2048/2992/187 2065/2993/187
f 2051/2994/188 2052/2995/188 2031/2996/188 2043/2997/188
f 2064/2998/216 2039/2999/217 2041/3000/216 2044/3001/216
f 2036/3002/192 2034/3003/192 2041/3004/192 2039/3005/192
f 2033/3006/193 2037/3007/193 2038/3008/193 2040/3009/193
f 2054/3010/151 2053/3011/151 2060/3012/151 2055/3013/151
f 2072/3014/218 2073/3015/218 2032/3016/218 2030/3017/218
f 2063/3018/144 2046/2801/144 2061/2769/144
f 2062/3019/144 2064/2998/216 2046/2801/144 2063/3018/144
f 2066/3020/146 2065/3021/146 2048/3022/146 2047/3023/146
f 2046/3024/187 2064/2990/187 2065/2993/187 2050/3025/187
f 2038/3026/219 2052/2608/143 2051/3027/220 2040/3028/220
f 2075/2604/139 2042/3029/221 2049/3030/221 2045/2605/140
f 2075/3031/158 2058/3032/158 2056/3033/158 2042/3034/158
f 2059/2866/197 2057/3035/197 2055/3036/197 2060/2867/197
f 2056/3037/199 2058/2880/199 2053/2883/199 2054/3038/199
f 2065/3021/146 2066/3020/146 2114/2807/146 2050/2806/146
f 2113/2766/179 2069/3039/222 2070/2765/163
f 2037/3040/102 2036/3041/102 2039/3042/102 2038/3043/102
f 2069/3044/201 2068/3045/201 2062/3046/201 2063/3047/201
f 2069/3039/222 2113/2766/179 2032/2691/159 2068/3048/223
f 2070/3049/102 2069/3050/102 2063/3051/102 2061/3052/102
f 2067/2694/161 2068/3048/223 2032/2691/159
f 2067/3053/204 2070/3054/204 2061/3055/204 2035/3056/204
f 2068/3057/93 2067/3058/93 2035/3059/93 2062/3060/93
f 2074/2818/185 2073/2817/184 2072/3061/224 2071/3062/224
f 2059/3063/158 2074/3064/158 2071/3065/158 2057/3066/158
f 2093/3067/206 2092/3068/206 2078/3069/206
f 2120/3070/102 2078/3071/102 2083/3072/102
f 2094/3073/207 2096/3074/207 2095/3075/207
f 2085/3076/167 2079/3077/167 2092/3078/168 2094/3079/168
f 2088/2792/225 2081/2791/225 2082/3080/226 2090/3081/227
f 2087/3082/172 2089/3083/228 2083/3084/228 2080/3085/172
f 1937/2750/102 2120/3070/102 2082/3086/102
f 2120/3087/229 2119/3088/229 2090/3081/227 2082/3080/226
f 2079/3089/188 2086/3090/188 2087/3091/188 2080/3092/188
f 2085/3076/167 2086/3093/167 2079/3077/167
f 2096/3094/175 2094/3079/168 2092/3078/168 2093/3095/176
f 2077/3096/177 2076/3097/177 2095/3098/178 2091/3099/178
f 2032/2982/182 2066/2981/182 2047/3100/182 2030/3101/182
f 2116/3102/214 2115/3103/214 2117/3104/214 2118/3105/214
f 2052/2608/143 2064/2998/216 2062/3019/144 2035/2609/144
f 2038/3026/219 2039/2999/217 2064/2998/216 2052/2608/143
f 2078/3071/102 2079/3106/102 2083/3072/102
f 1937/2750/102 2078/3071/102 2120/3070/102
f 2079/3106/102 2080/3107/102 2083/3072/102
f 2082/3086/102 2081/2787/102 1937/2750/102
f 2089/3083/228 2119/3088/229 2120/3087/229 2083/3084/228
f 2089/3108/93 2087/3109/93 2086/3110/93
f 2086/3110/93 2085/3111/93 2084/3112/93
f 2086/3110/93 2084/3112/93 1938/2542/93
f 2119/3113/93 2089/3108/93 2086/3110/93
f 2088/2541/93 2090/3114/93 1938/2542/93
f 2119/3113/93 2086/3110/93 1938/2542/93
f 2090/3114/93 2119/3113/93 1938/2542/93
f 2095/3115/178 2096/3094/175 2093/3095/176 2091/3116/178
f 2115/2773/93 2116/2670/93 2114/2669/93 2113/2770/93
f 1768/2446/100 1861/2676/156 1891/2675/155 1798/2443/98
f 2205/3117/76 2204/3118/76 2123/3119/76 2157/3120/76
f 2165/3121/78 2164/3122/230 2257/3123/231 2258/3124/77
f 2122/3125/146 2134/3126/146 2140/3127/146 2136/3128/146
f 2127/3129/147 2125/3130/147 2124/3131/147 2128/3132/147
f 2155/3133/83 2156/3134/83 2139/3135/83 2135/3136/83
f 2142/3137/84 2134/3138/84 2122/3139/84 2143/3140/84
f 2155/3141/148 2135/3142/149 2132/3143/149 2130/3144/150
f 2127/3145/88 2130/3146/88 2132/3147/88 2125/3148/88
f 2124/3149/89 2131/3150/89 2129/3151/89 2128/3152/89
f 2145/3153/151 2146/3154/151 2151/3155/151 2144/3156/151
f 2163/3157/152 2121/3158/152 2123/3159/152 2164/3160/152
f 2154/3161/144 2152/3162/144 2137/3163/144
f 2153/3164/144 2154/3161/144 2137/3163/144 2155/3141/148
f 2157/3165/146 2138/3166/146 2139/3167/146 2156/3168/146
f 2137/3169/83 2141/3170/83 2156/3134/83 2155/3133/83
f 2207/3171/93 2205/3172/93 2391/3173/93 2393/3174/93
f 2129/3175/153 2131/3176/154 2142/3177/154 2143/3178/142
f 2151/3179/97 2150/3180/97 2243/3181/97 2244/3182/97
f 2166/3183/156 2136/3184/232 2140/3185/157 2133/3186/157
f 2166/3187/158 2133/3188/158 2147/3189/158 2149/3190/158
f 2237/3191/102 2144/3192/102 2151/3193/102 2244/3194/102
f 2242/3195/103 2149/3196/103 2144/3197/103 2237/3198/103
f 2150/3180/97 2151/3179/97 2146/3199/97 2148/3200/97
f 2147/3201/103 2145/3202/103 2144/3197/103 2149/3196/103
f 2329/3203/93 2143/3204/93 2122/3205/93 2308/3206/93
f 2309/3207/159 2123/3208/160 2158/3209/161 2344/3210/161
f 2156/3168/146 2141/3211/146 2205/3212/146 2157/3165/146
f 2204/3213/162 2161/3214/163 2160/3215/164
f 2128/3216/102 2129/3217/102 2130/3218/102 2127/3219/102
f 2160/3220/111 2154/3221/111 2153/3222/111 2159/3223/111
f 2308/3224/146 2122/3125/146 2136/3128/146 2322/3225/146
f 2160/3215/164 2159/3226/165 2123/3208/160 2204/3213/162
f 2164/3227/113 2123/3228/114 2216/3229/114 2257/3230/113
f 2161/3231/102 2152/3232/102 2154/3233/102 2160/3234/102
f 2158/3209/161 2123/3208/160 2159/3226/165
f 2158/3235/115 2126/3236/115 2152/3237/115 2161/3238/115
f 2159/3239/93 2153/3240/93 2126/3241/93 2158/3242/93
f 2242/3243/102 2259/3244/102 2166/3245/102 2149/3246/102
f 2150/3247/102 2165/3248/102 2258/3249/102 2243/3250/102
f 2165/3121/78 2162/3251/166 2163/3252/166 2164/3122/230
f 2150/3253/158 2148/3254/158 2162/3255/158 2165/3256/158
f 2486/3257/215 2484/3258/215 2300/3259/215 2302/3260/215
f 2184/3261/118 2182/3262/118 2169/3263/118
f 2211/3264/102 2174/3265/102 2169/3266/102
f 2185/3267/119 2176/3268/119 2175/3269/119
f 2176/3270/167 2185/3271/168 2183/3272/168 2170/3273/167
f 2179/3274/169 2181/3275/233 2173/3276/171 2172/3277/169
f 2216/3229/114 2123/3228/114 2309/3278/125 2400/3279/125
f 2272/3280/93 2306/3281/93 2456/3282/93
f 2178/3283/172 2171/3284/172 2174/3285/173 2180/3286/173
f 2212/3287/102 2173/3288/102 2211/3264/102
f 2211/3289/174 2173/3276/171 2181/3275/233 2210/3290/234
f 2170/3291/84 2171/3292/84 2178/3293/84 2177/3294/84
f 2176/3270/167 2170/3273/167 2177/3295/167
f 2187/3296/175 2184/3297/176 2183/3272/168 2185/3271/168
f 2168/3298/177 2182/3299/178 2186/3300/178 2167/3301/177
f 2347/3302/163 2161/3214/163 2204/3213/162 2390/3303/179
f 2123/3119/76 2121/3304/76 2138/3305/76 2157/3120/76
f 2152/3162/144 2126/3306/144 2312/3307/144 2338/3308/144
f 2390/3309/93 2204/3310/93 2206/3311/93 2392/3312/93
f 2207/3313/135 2209/3314/135 2208/3315/135 2206/3316/135
f 2143/3178/142 2126/3306/144 2153/3164/144 2155/3141/148
f 2129/3175/153 2143/3178/142 2155/3141/148 2130/3144/150
f 2169/3266/102 2174/3265/102 2170/3317/102
f 2212/3287/102 2211/3264/102 2169/3266/102
f 2170/3317/102 2174/3265/102 2171/3318/102
f 2173/3288/102 2212/3287/102 2172/3319/102
f 2180/3286/173 2174/3285/173 2211/3289/174 2210/3290/234
f 2180/3320/93 2177/3321/93 2178/3322/93
f 2177/3321/93 2175/3323/93 2176/3324/93
f 2177/3321/93 2213/3325/93 2175/3323/93
f 2210/3326/93 2177/3321/93 2180/3320/93
f 2358/3327/102 2172/3319/102 2212/3287/102
f 2179/3328/93 2213/3325/93 2181/3329/93
f 2210/3326/93 2213/3325/93 2177/3321/93
f 2181/3329/93 2213/3325/93 2210/3326/93
f 2186/3330/178 2182/3331/178 2184/3297/176 2187/3296/175
f 2179/3274/180 2172/3277/180 2358/3332/180 2365/3333/180
f 2394/3334/93 2208/3335/93 2209/3336/93 2395/3337/93
f 2206/3338/181 2208/3339/181 2394/3340/181 2392/3341/181
f 2344/3210/161 2158/3209/161 2161/3214/163 2347/3302/163
f 2137/3163/144 2152/3162/144 2338/3308/144 2323/3342/144
f 2352/3343/140 2322/3344/235 2413/3345/138 2443/3346/236
f 2236/3347/95 2219/3348/92 2403/3349/92 2420/3350/145
f 2141/3351/102 2137/3352/102 2323/3353/102 2327/3354/102
f 2205/3212/146 2141/3211/146 2327/3355/146 2391/3356/146
f 2126/3306/144 2143/3178/142 2329/3357/143 2312/3307/144
f 2206/3311/93 2204/3310/93 2205/3172/93 2207/3171/93
f 2298/3358/76 2250/3359/76 2216/3360/76 2297/3361/76
f 2215/3362/81 2229/3363/81 2233/3364/81 2227/3365/81
f 2220/3366/82 2221/3367/82 2217/3368/82 2218/3369/82
f 2248/3370/83 2228/3371/83 2232/3372/83 2249/3373/83
f 2235/3374/84 2236/3375/84 2215/3376/84 2227/3377/84
f 2248/3378/87 2223/3379/86 2225/3380/87 2228/3381/87
f 2220/3382/88 2218/3383/88 2225/3384/88 2223/3385/88
f 2217/3386/89 2221/3387/89 2222/3388/89 2224/3389/89
f 2238/3390/90 2237/3391/90 2244/3392/90 2239/3393/90
f 2256/3394/91 2257/3395/91 2216/3396/91 2214/3397/91
f 2247/3398/92 2230/3399/92 2245/3400/92
f 2246/3401/92 2248/3378/87 2230/3399/92 2247/3398/92
f 2250/3402/81 2249/3403/81 2232/3404/81 2231/3405/81
f 2230/3406/83 2248/3370/83 2249/3373/83 2234/3407/83
f 2298/3408/93 2300/3409/93 2484/3410/93 2482/3411/93
f 2222/3412/94 2236/3347/95 2235/3413/96 2224/3414/96
f 2259/3415/237 2226/3416/99 2233/3417/99 2229/3418/237
f 2259/3419/101 2242/3420/101 2240/3421/101 2226/3422/101
f 2243/3181/97 2241/3423/97 2239/3424/97 2244/3182/97
f 2240/3425/103 2242/3195/103 2237/3198/103 2238/3426/103
f 2420/3427/93 2399/3428/93 2215/3429/93 2236/3430/93
f 2400/3431/104 2435/3432/105 2251/3433/105 2216/3434/107
f 2249/3403/81 2250/3402/81 2298/3435/81 2234/3436/81
f 2297/3437/108 2253/3438/109 2254/3439/110
f 2221/3440/102 2220/3441/102 2223/3442/102 2222/3443/102
f 2253/3444/111 2252/3445/111 2246/3446/111 2247/3447/111
f 2399/3448/81 2413/3449/81 2229/3363/81 2215/3362/81
f 2253/3438/109 2297/3437/108 2216/3434/107 2252/3450/112
f 2254/3451/102 2253/3452/102 2247/3453/102 2245/3454/102
f 2251/3433/105 2252/3450/112 2216/3434/107
f 2251/3455/115 2254/3456/115 2245/3457/115 2219/3458/115
f 2252/3459/93 2251/3460/93 2219/3461/93 2246/3462/93
f 2258/3124/77 2257/3123/231 2256/3463/116 2255/3464/116
f 2243/3465/101 2258/3466/101 2255/3467/101 2241/3468/101
f 2277/3469/118 2276/3470/118 2262/3471/118
f 2304/3472/102 2262/3473/102 2267/3474/102
f 2278/3475/119 2280/3476/119 2279/3477/119
f 2269/3478/120 2263/3479/120 2276/3480/121 2278/3481/121
f 2272/3482/122 2265/3483/122 2266/3484/123 2274/3485/124
f 2271/3486/126 2273/3487/127 2267/3488/127 2264/3489/126
f 2305/3490/102 2304/3472/102 2266/3491/102
f 2304/3492/128 2303/3493/128 2274/3485/124 2266/3484/123
f 2263/3494/84 2270/3495/84 2271/3496/84 2264/3497/84
f 2269/3478/120 2270/3498/120 2263/3479/120
f 2280/3499/130 2278/3481/121 2276/3480/121 2277/3500/131
f 2261/3501/132 2260/3502/132 2279/3503/133 2275/3504/133
f 2438/3505/110 2481/3506/134 2297/3437/108 2254/3439/110
f 2216/3360/76 2250/3359/76 2231/3507/76 2214/3508/76
f 2219/3348/92 2245/3400/92 2429/3509/92 2403/3349/92
f 2481/3510/93 2483/3511/93 2299/3512/93 2297/3513/93
f 2300/3514/135 2299/3515/135 2301/3516/135 2302/3517/135
f 2236/3347/95 2248/3378/87 2246/3401/92 2219/3348/92
f 2222/3412/94 2223/3379/86 2248/3378/87 2236/3347/95
f 2262/3473/102 2263/3518/102 2267/3474/102
f 2305/3490/102 2262/3473/102 2304/3472/102
f 2263/3518/102 2264/3519/102 2267/3474/102
f 2266/3491/102 2265/3520/102 2305/3490/102
f 2273/3487/127 2303/3493/128 2304/3492/128 2267/3488/127
f 2273/3521/93 2271/3522/93 2270/3523/93
f 2270/3523/93 2269/3524/93 2268/3525/93
f 2270/3523/93 2268/3525/93 2306/3281/93
f 2303/3526/93 2273/3521/93 2270/3523/93
f 2449/3527/102 2305/3490/102 2265/3520/102
f 2272/3280/93 2274/3528/93 2306/3281/93
f 2303/3526/93 2270/3523/93 2306/3281/93
f 2274/3528/93 2303/3526/93 2306/3281/93
f 2279/3529/133 2280/3499/130 2277/3500/131 2275/3530/133
f 2265/3483/136 2272/3482/136 2456/3531/136 2449/3532/136
f 2485/3533/93 2486/3534/93 2302/3535/93 2301/3536/93
f 2301/3537/137 2299/3538/137 2483/3539/137 2485/3540/137
f 2435/3432/105 2438/3505/110 2254/3439/110 2251/3433/105
f 2245/3400/92 2230/3399/92 2414/3541/92 2429/3509/92
f 2230/3542/102 2234/3543/102 2418/3544/102 2414/3545/102
f 2234/3436/81 2298/3435/81 2482/3546/81 2418/3547/81
f 2136/3548/102 2229/3549/102 2413/3550/102 2322/3551/102
f 2299/3512/93 2300/3409/93 2298/3408/93 2297/3513/93
f 2391/3552/182 2343/3553/182 2309/3554/182 2390/3555/182
f 2350/3556/238 2351/3557/185 2442/3558/186 2441/3559/239
f 2308/3224/146 2322/3225/146 2326/3560/146 2320/3561/146
f 2313/3562/147 2314/3563/147 2310/3564/147 2311/3565/147
f 2341/3566/187 2321/3567/187 2325/3568/187 2342/3569/187
f 2328/3570/188 2329/3571/188 2308/3572/188 2320/3573/188
f 2341/3574/240 2316/3575/217 2318/3576/216 2321/3577/216
f 2313/3578/192 2311/3579/192 2318/3580/192 2316/3581/192
f 2310/3582/193 2314/3583/193 2315/3584/193 2317/3585/193
f 2331/3586/151 2330/3587/151 2337/3588/151 2332/3589/151
f 2349/3590/218 2350/3591/218 2309/3592/218 2307/3593/218
f 2340/3594/144 2323/3342/144 2338/3308/144
f 2339/3595/144 2341/3574/240 2323/3342/144 2340/3594/144
f 2343/3596/146 2342/3597/146 2325/3598/146 2324/3599/146
f 2323/3600/187 2341/3566/187 2342/3569/187 2327/3601/187
f 2315/3602/219 2329/3357/143 2328/3603/220 2317/3604/220
f 2336/3605/197 2337/3606/197 2428/3607/197 2427/3608/197
f 2352/3343/140 2319/3609/221 2326/3610/221 2322/3344/235
f 2352/3611/158 2335/3612/158 2333/3613/158 2319/3614/158
f 2213/3325/93 2179/3328/93 2365/3615/93
f 2421/3616/102 2428/3617/102 2337/3618/102 2330/3619/102
f 2426/3620/199 2421/3621/199 2330/3622/199 2335/3623/199
f 2336/3605/197 2334/3624/197 2332/3625/197 2337/3606/197
f 2333/3626/199 2335/3623/199 2330/3622/199 2331/3627/199
f 2342/3597/146 2343/3596/146 2391/3356/146 2327/3355/146
f 2390/3303/179 2346/3628/222 2347/3302/163
f 2314/3629/102 2313/3630/102 2316/3631/102 2315/3632/102
f 2346/3633/201 2345/3634/201 2339/3635/201 2340/3636/201
f 2346/3628/222 2390/3303/179 2309/3207/159 2345/3637/223
f 2309/3278/125 2350/3638/203 2441/3639/203 2400/3279/125
f 2347/3640/102 2346/3641/102 2340/3642/102 2338/3643/102
f 2344/3210/161 2345/3637/223 2309/3207/159
f 2344/3644/204 2347/3645/204 2338/3646/204 2312/3647/204
f 2345/3648/93 2344/3649/93 2312/3650/93 2339/3651/93
f 2426/3652/102 2335/3653/102 2352/3654/102 2443/3655/102
f 2351/3656/102 2336/3657/102 2427/3658/102 2442/3659/102
f 2351/3557/185 2350/3556/238 2349/3660/224 2348/3661/224
f 2336/3662/158 2351/3663/158 2348/3664/158 2334/3665/158
f 2370/3666/206 2369/3667/206 2355/3668/206
f 2397/3669/102 2355/3670/102 2360/3671/102
f 2371/3672/207 2373/3673/207 2372/3674/207
f 2362/3675/167 2356/3676/167 2369/3677/168 2371/3678/168
f 2365/3333/225 2358/3332/225 2359/3679/226 2367/3680/227
f 2364/3681/172 2366/3682/228 2360/3683/228 2357/3684/172
f 2212/3287/102 2397/3669/102 2359/3685/102
f 2397/3686/229 2396/3687/241 2367/3680/227 2359/3679/226
f 2356/3688/188 2363/3689/188 2364/3690/188 2357/3691/188
f 2362/3675/167 2363/3692/167 2356/3676/167
f 2373/3693/175 2371/3678/168 2369/3677/168 2370/3694/176
f 2354/3695/177 2353/3696/177 2372/3697/178 2368/3698/178
f 2309/3554/182 2343/3553/182 2324/3699/182 2307/3700/182
f 2393/3701/214 2392/3702/214 2394/3703/214 2395/3704/214
f 2329/3357/143 2341/3574/240 2339/3595/144 2312/3307/144
f 2315/3602/219 2316/3575/217 2341/3574/240 2329/3357/143
f 2355/3670/102 2356/3705/102 2360/3671/102
f 2212/3287/102 2355/3670/102 2397/3669/102
f 2356/3705/102 2357/3706/102 2360/3671/102
f 2359/3685/102 2358/3327/102 2212/3287/102
f 2366/3682/228 2396/3687/241 2397/3686/229 2360/3683/228
f 2366/3707/93 2364/3708/93 2363/3709/93
f 2363/3709/93 2362/3710/93 2361/3711/93
f 2363/3709/93 2361/3711/93 2213/3325/93
f 2396/3712/93 2366/3707/93 2363/3709/93
f 2365/3615/93 2367/3713/93 2213/3325/93
f 2396/3712/93 2363/3709/93 2213/3325/93
f 2367/3713/93 2396/3712/93 2213/3325/93
f 2372/3714/178 2373/3693/175 2370/3694/176 2368/3715/178
f 2395/3716/117 2209/3717/117 2207/3718/117 2393/3719/117
f 2392/3312/93 2393/3174/93 2391/3173/93 2390/3309/93
f 2482/3720/182 2481/3721/182 2400/3722/182 2434/3723/182
f 2399/3448/81 2411/3724/81 2417/3725/81 2413/3449/81
f 2404/3726/82 2402/3727/82 2401/3728/82 2405/3729/82
f 2432/3730/187 2433/3731/187 2416/3732/187 2412/3733/187
f 2419/3734/188 2411/3735/188 2399/3736/188 2420/3737/188
f 2432/3738/189 2412/3739/190 2409/3740/190 2407/3741/191
f 2404/3742/192 2407/3743/192 2409/3744/192 2402/3745/192
f 2401/3746/193 2408/3747/193 2406/3748/193 2405/3749/193
f 2422/3750/90 2423/3751/90 2428/3752/90 2421/3753/90
f 2440/3754/194 2398/3755/194 2400/3756/194 2441/3757/194
f 2431/3758/92 2429/3509/92 2414/3541/92
f 2430/3759/92 2431/3758/92 2414/3541/92 2432/3738/189
f 2434/3760/81 2415/3761/81 2416/3762/81 2433/3763/81
f 2414/3764/187 2418/3765/187 2433/3731/187 2432/3730/187
f 2406/3766/195 2408/3767/196 2419/3768/196 2420/3350/145
f 2443/3346/236 2413/3345/138 2417/3769/198 2410/3770/198
f 2443/3771/101 2410/3772/101 2424/3773/101 2426/3774/101
f 2427/3608/197 2428/3607/197 2423/3775/197 2425/3776/197
f 2424/3777/199 2422/3778/199 2421/3621/199 2426/3620/199
f 2433/3763/81 2418/3547/81 2482/3546/81 2434/3760/81
f 2481/3506/134 2438/3505/110 2437/3779/200
f 2405/3780/102 2406/3781/102 2407/3782/102 2404/3783/102
f 2437/3784/201 2431/3785/201 2430/3786/201 2436/3787/201
f 2437/3779/200 2436/3788/202 2400/3431/104 2481/3506/134
f 2438/3789/102 2429/3790/102 2431/3791/102 2437/3792/102
f 2435/3432/105 2400/3431/104 2436/3788/202
f 2435/3793/204 2403/3794/204 2429/3795/204 2438/3796/204
f 2436/3797/93 2430/3798/93 2403/3799/93 2435/3800/93
f 2442/3558/186 2439/3801/205 2440/3802/205 2441/3559/239
f 2427/3803/101 2425/3804/101 2439/3805/101 2442/3806/101
f 2461/3807/206 2459/3808/206 2446/3809/206
f 2488/3810/102 2451/3811/102 2446/3812/102
f 2462/3813/207 2453/3814/207 2452/3815/207
f 2453/3816/120 2462/3817/121 2460/3818/121 2447/3819/120
f 2456/3531/208 2458/3820/242 2450/3821/210 2449/3532/208
f 2455/3822/126 2448/3823/126 2451/3824/211 2457/3825/211
f 2305/3490/102 2450/3826/102 2488/3810/102
f 2488/3827/212 2450/3821/210 2458/3820/242 2487/3828/212
f 2447/3829/188 2448/3830/188 2455/3831/188 2454/3832/188
f 2453/3816/120 2447/3819/120 2454/3833/120
f 2464/3834/130 2461/3835/131 2460/3818/121 2462/3817/121
f 2445/3836/132 2459/3837/133 2463/3838/133 2444/3839/132
f 2400/3722/182 2398/3840/182 2415/3841/182 2434/3723/182
f 2484/3842/214 2486/3843/214 2485/3844/214 2483/3845/214
f 2420/3350/145 2403/3349/92 2430/3759/92 2432/3738/189
f 2406/3766/195 2420/3350/145 2432/3738/189 2407/3741/191
f 2446/3812/102 2451/3811/102 2447/3846/102
f 2305/3490/102 2488/3810/102 2446/3812/102
f 2447/3846/102 2451/3811/102 2448/3847/102
f 2450/3826/102 2305/3490/102 2449/3527/102
f 2457/3825/211 2451/3824/211 2488/3827/212 2487/3828/212
f 2457/3848/93 2454/3849/93 2455/3850/93
f 2454/3849/93 2452/3851/93 2453/3852/93
f 2454/3849/93 2306/3281/93 2452/3851/93
f 2487/3853/93 2454/3849/93 2457/3848/93
f 2456/3282/93 2306/3281/93 2458/3854/93
f 2487/3853/93 2306/3281/93 2454/3849/93
f 2458/3854/93 2306/3281/93 2487/3853/93
f 2463/3855/133 2459/3856/133 2461/3835/131 2464/3834/130
f 2483/3511/93 2481/3510/93 2482/3411/93 2484/3410/93
f 2136/3184/232 2166/3183/156 2259/3415/237 2229/3418/237
f 1802/3857/118 1801/2523/118 1815/2522/118
f 1801/2523/118 1800/3858/118 1814/3859/118
f 1816/2521/118 1801/2523/118 1814/3859/118
f 1818/2529/119 1799/3860/119 1817/2527/119
f 1799/3860/119 1807/3861/119 1817/2527/119
f 1807/3861/119 1808/3862/119 1817/2527/119
f 1893/3863/118 1894/2731/118 1907/2730/118
f 1894/2731/118 1895/3864/118 1908/3865/118
f 1909/2729/118 1894/2731/118 1908/3865/118
f 1900/2737/119 1892/3866/119 1910/2735/119
f 1892/3866/119 1911/3867/119 1910/2735/119
f 1911/3867/119 1912/3868/119 1910/2735/119
f 1986/3869/206 1987/2928/206 2000/2927/206
f 1987/2928/206 1988/3870/206 2001/3871/206
f 2002/2926/206 1987/2928/206 2001/3871/206
f 1993/2934/207 1985/3872/207 2003/2932/207
f 1985/3872/207 2004/3873/207 2003/2932/207
f 2004/3873/207 2005/3874/207 2003/2932/207
f 2079/3875/206 2078/3069/206 2092/3068/206
f 2078/3069/206 2077/3876/206 2091/3877/206
f 2093/3067/206 2078/3069/206 2091/3877/206
f 2095/3075/207 2076/3878/207 2094/3073/207
f 2076/3878/207 2084/3879/207 2094/3073/207
f 2084/3879/207 2085/3880/207 2094/3073/207
f 2168/3881/118 2169/3263/118 2182/3262/118
f 2169/3263/118 2170/3882/118 2183/3883/118
f 2184/3261/118 2169/3263/118 2183/3883/118
f 2175/3269/119 2167/3884/119 2185/3267/119
f 2167/3884/119 2186/3885/119 2185/3267/119
f 2186/3885/119 2187/3886/119 2185/3267/119
f 2263/3887/118 2262/3471/118 2276/3470/118
f 2262/3471/118 2261/3888/118 2275/3889/118
f 2277/3469/118 2262/3471/118 2275/3889/118
f 2279/3477/119 2260/3890/119 2278/3475/119
f 2260/3890/119 2268/3891/119 2278/3475/119
f 2268/3891/119 2269/3892/119 2278/3475/119
f 2356/3893/206 2355/3668/206 2369/3667/206
f 2355/3668/206 2354/3894/206 2368/3895/206
f 2370/3666/206 2355/3668/206 2368/3895/206
f 2372/3674/207 2353/3896/207 2371/3672/207
f 2353/3896/207 2361/3897/207 2371/3672/207
f 2361/3897/207 2362/3898/207 2371/3672/207
f 2445/3899/206 2446/3809/206 2459/3808/206
f 2446/3809/206 2447/3900/206 2460/3901/206
f 2461/3807/206 2446/3809/206 2460/3901/206
f 2452/3815/207 2444/3902/207 2462/3813/207
f 2444/3902/207 2463/3903/207 2462/3813/207
f 2463/3903/207 2464/3904/207 2462/3813/207
o Cube.486_Cube.585
v 16.402494 7.279187 -5.112230
v 13.597507 7.279187 -5.112230
v 13.597506 7.279187 -10.832603
v 16.402494 7.279187 -12.739897
v 18.602493 7.279187 -5.112230
v 11.397507 7.279187 -5.112230
v 11.397507 7.279187 -7.647505
v 18.602493 7.279187 -14.852494
v 11.291738 7.677670 -7.541737
v 18.708263 7.677670 -5.112230
v 18.708263 7.677670 -14.958263
v 11.291739 7.677670 -5.112230
v 18.621881 7.990303 -14.871882
v 11.378119 7.990303 -5.112230
v 11.378119 7.990303 -7.628117
v 18.621881 7.990303 -5.112230
v 18.708263 7.557090 -14.958263
v 11.291739 7.557090 -5.112230
v 11.291738 7.557090 -7.541737
v 18.708263 7.557090 -5.112230
v 11.064498 7.557090 -7.314497
v 11.036962 7.677670 -7.286961
v 18.935503 7.557090 -5.112230
v 18.963039 7.677670 -5.112230
v 18.963039 7.677670 -15.213039
v 11.036963 7.677670 -5.112230
v 18.935503 7.557090 -15.185503
v 11.064499 7.557090 -5.112230
v 16.321697 7.420633 -5.112230
v 13.678304 7.420633 -5.112230
v 13.678303 7.420633 -10.887543
v 16.321697 7.420633 -12.684958
v 18.427872 9.671198 -5.112230
v 18.427872 9.671198 -14.677873
v 11.572128 9.671198 -7.822126
v 11.572128 9.671198 -5.112230
v 11.420997 9.771198 -7.670995
v 18.579004 9.771198 -5.112230
v 18.579004 9.771198 -14.829004
v 11.420998 9.771198 -5.112230
v 18.709322 7.919397 -5.112230
v 11.290680 7.919397 -5.112230
v 18.709322 7.919397 -14.959321
v 11.290679 7.919397 -7.540678
v 18.779320 7.918784 -5.112230
v 18.779629 7.989690 -5.112230
v 18.779320 7.918784 -15.029320
v 18.779629 7.989690 -15.029630
v 11.220681 7.918784 -7.470680
v 11.220371 7.989690 -7.470369
v 11.220371 7.989690 -5.112230
v 11.220682 7.918784 -5.112230
v 18.673992 9.771198 -14.923992
v 17.779564 10.103523 -14.029565
v 18.673992 9.771198 -5.112230
v 12.220436 10.103523 -8.470434
v 11.326008 9.771198 -7.576007
v 11.326008 9.771198 -5.112230
v 11.297577 9.889594 -5.112230
v 18.702423 9.889594 -5.112230
v 18.702423 9.889594 -14.952423
v 11.297577 9.889594 -7.547576
v 12.220436 10.103523 -5.112230
v 17.779564 10.103523 -5.112230
v 14.057336 10.103523 -5.112230
v 15.942665 10.103523 -5.112230
v 15.942665 10.103523 -12.192665
v 14.057335 10.103523 -10.307335
v 14.057335 9.824934 -10.307335
v 15.942665 9.824934 -12.192665
v 14.057336 9.824934 -5.112230
v 15.942665 9.824934 -5.112230
v 15.359486 9.610909 -5.112230
v 15.357164 9.609232 -11.607164
v 14.640517 9.610915 -5.112230
v 14.642838 9.609237 -10.892838
v -16.402496 7.279187 -5.112230
v -13.597506 7.279187 -5.112230
v -13.597506 7.279187 -10.832603
v -16.402496 7.279187 -12.739897
v -18.602493 7.279187 -5.112230
v -11.397507 7.279187 -5.112230
v -11.397507 7.279187 -7.647505
v -18.602493 7.279187 -14.852494
v -11.291737 7.677670 -7.541737
v -18.708263 7.677670 -5.112230
v -18.708263 7.677670 -14.958263
v -11.291739 7.677670 -5.112230
v -18.621883 7.990303 -14.871882
v -11.378119 7.990303 -5.112230
v -11.378119 7.990303 -7.628117
v -18.621883 7.990303 -5.112230
v -18.708263 7.557090 -14.958263
v -11.291739 7.557090 -5.112230
v -11.291737 7.557090 -7.541737
v -18.708263 7.557090 -5.112230
v -11.064499 7.557090 -7.314497
v -11.036961 7.677670 -7.286961
v -18.935501 7.557090 -5.112230
v -18.963039 7.677670 -5.112230
v -18.963039 7.677670 -15.213039
v -11.036963 7.677670 -5.112230
v -18.935501 7.557090 -15.185503
v -11.064499 7.557090 -5.112230
v -16.321697 7.420633 -5.112230
v -13.678303 7.420633 -5.112230
v -13.678303 7.420633 -10.887543
v -16.321697 7.420633 -12.684958
v -18.427872 9.671198 -5.112230
v -18.427872 9.671198 -14.677873
v -11.572128 9.671198 -7.822126
v -11.572128 9.671198 -5.112230
v -11.420998 9.771198 -7.670995
v -18.579002 9.771198 -5.112230
v -18.579002 9.771198 -14.829004
v -11.420998 9.771198 -5.112230
v -18.709320 7.919397 -5.112230
v -11.290680 7.919397 -5.112230
v -18.709320 7.919397 -14.959321
v -11.290680 7.919397 -7.540678
v -18.779320 7.918784 -5.112230
v -18.779629 7.989690 -5.112230
v -18.779320 7.918784 -15.029320
v -18.779629 7.989690 -15.029630
v -11.220680 7.918784 -7.470680
v -11.220371 7.989690 -7.470369
v -11.220371 7.989690 -5.112230
v -11.220682 7.918784 -5.112230
v -18.673992 9.771198 -14.923992
v -17.779564 10.103523 -14.029565
v -18.673992 9.771198 -5.112230
v -12.220436 10.103523 -8.470434
v -11.326008 9.771198 -7.576007
v -11.326008 9.771198 -5.112230
v -11.297577 9.889594 -5.112230
v -18.702423 9.889594 -5.112230
v -18.702423 9.889594 -14.952423
v -11.297577 9.889594 -7.547576
v -12.220436 10.103523 -5.112230
v -17.779564 10.103523 -5.112230
v -14.057337 10.103523 -5.112230
v -15.942665 10.103523 -5.112230
v -15.942665 10.103523 -12.192665
v -14.057335 10.103523 -10.307335
v -14.057335 9.824934 -10.307335
v -15.942665 9.824934 -12.192665
v -14.057337 9.824934 -5.112230
v -15.942665 9.824934 -5.112230
v -15.359486 9.610909 -5.112230
v -15.357166 9.609232 -11.607164
v -14.640518 9.610915 -5.112230
v -14.642838 9.609237 -10.892838
v 16.402494 7.279187 5.112230
v 13.597507 7.279187 5.112230
v 13.597506 7.279187 10.832603
v 16.402494 7.279187 12.739897
v 18.602493 7.279187 5.112230
v 11.397507 7.279187 5.112230
v 11.397507 7.279187 7.647505
v 18.602493 7.279187 14.852493
v 11.291738 7.677670 7.541737
v 18.708263 7.677670 5.112230
v 18.708263 7.677670 14.958263
v 11.291739 7.677670 5.112230
v 18.621881 7.990303 14.871881
v 11.378119 7.990303 5.112230
v 11.378119 7.990303 7.628117
v 18.621881 7.990303 5.112230
v 18.708263 7.557090 14.958263
v 11.291739 7.557090 5.112230
v 11.291738 7.557090 7.541737
v 18.708263 7.557090 5.112230
v 11.064498 7.557090 7.314497
v 11.036962 7.677670 7.286961
v 18.935503 7.557090 5.112230
v 18.963039 7.677670 5.112230
v 18.963039 7.677670 15.213039
v 11.036963 7.677670 5.112230
v 18.935503 7.557090 15.185503
v 11.064499 7.557090 5.112230
v 16.321697 7.420633 5.112230
v 13.678304 7.420633 5.112230
v 13.678303 7.420633 10.887543
v 16.321697 7.420633 12.684958
v 18.427872 9.671198 5.112230
v 18.427872 9.671198 14.677872
v 11.572128 9.671198 7.822126
v 11.572128 9.671198 5.112230
v 11.420997 9.771198 7.670996
v 18.579004 9.771198 5.112230
v 18.579004 9.771198 14.829004
v 11.420998 9.771198 5.112230
v 18.709322 7.919397 5.112230
v 11.290680 7.919397 5.112230
v 18.709322 7.919397 14.959322
v 11.290679 7.919397 7.540678
v 18.779320 7.918784 5.112230
v 18.779629 7.989690 5.112230
v 18.779320 7.918784 15.029320
v 18.779629 7.989690 15.029629
v 11.220681 7.918784 7.470680
v 11.220371 7.989690 7.470369
v 11.220371 7.989690 5.112230
v 11.220682 7.918784 5.112230
v 18.673992 9.771198 14.923992
v 17.779564 10.103523 14.029564
v 18.673992 9.771198 5.112230
v 12.220436 10.103523 8.470434
v 11.326008 9.771198 7.576006
v 11.326008 9.771198 5.112230
v 11.297577 9.889594 5.112230
v 18.702423 9.889594 5.112230
v 18.702423 9.889594 14.952423
v 11.297577 9.889594 7.547575
v 12.220436 10.103523 5.112230
v 17.779564 10.103523 5.112230
v 14.057336 10.103523 5.112230
v 15.942665 10.103523 5.112230
v 15.942665 10.103523 12.192665
v 14.057335 10.103523 10.307335
v 14.057335 9.824934 10.307335
v 15.942665 9.824934 12.192665
v 14.057336 9.824934 5.112230
v 15.942665 9.824934 5.112230
v 15.359486 9.610909 5.112230
v 15.357164 9.609232 11.607164
v 14.640517 9.610915 5.112230
v 14.642838 9.609237 10.892838
v -16.402496 7.279187 5.112230
v -13.597506 7.279187 5.112230
v -13.597506 7.279187 10.832603
v -16.402496 7.279187 12.739897
v -18.602493 7.279187 5.112230
v -11.397507 7.279187 5.112230
v -11.397507 7.279187 7.647505
v -18.602493 7.279187 14.852493
v -11.291737 7.677670 7.541737
v -18.708263 7.677670 5.112230
v -18.708263 7.677670 14.958263
v -11.291739 7.677670 5.112230
v -18.621883 7.990303 14.871881
v -11.378119 7.990303 5.112230
v -11.378119 7.990303 7.628117
v -18.621883 7.990303 5.112230
v -18.708263 7.557090 14.958263
v -11.291739 7.557090 5.112230
v -11.291737 7.557090 7.541737
v -18.708263 7.557090 5.112230
v -11.064499 7.557090 7.314497
v -11.036961 7.677670 7.286961
v -18.935501 7.557090 5.112230
v -18.963039 7.677670 5.112230
v -18.963039 7.677670 15.213039
v -11.036963 7.677670 5.112230
v -18.935501 7.557090 15.185503
v -11.064499 7.557090 5.112230
v -16.321697 7.420633 5.112230
v -13.678303 7.420633 5.112230
v -13.678303 7.420633 10.887543
v -16.321697 7.420633 12.684958
v -18.427872 9.671198 5.112230
v -18.427872 9.671198 14.677872
v -11.572128 9.671198 7.822126
v -11.572128 9.671198 5.112230
v -11.420998 9.771198 7.670996
v -18.579002 9.771198 5.112230
v -18.579002 9.771198 14.829004
v -11.420998 9.771198 5.112230
v -18.709320 7.919397 5.112230
v -11.290680 7.919397 5.112230
v -18.709320 7.919397 14.959322
v -11.290680 7.919397 7.540678
v -18.779320 7.918784 5.112230
v -18.779629 7.989690 5.112230
v -18.779320 7.918784 15.029320
v -18.779629 7.989690 15.029629
v -11.220680 7.918784 7.470680
v -11.220371 7.989690 7.470369
v -11.220371 7.989690 5.112230
v -11.220682 7.918784 5.112230
v -18.673992 9.771198 14.923992
v -17.779564 10.103523 14.029564
v -18.673992 9.771198 5.112230
v -12.220436 10.103523 8.470434
v -11.326008 9.771198 7.576006
v -11.326008 9.771198 5.112230
v -11.297577 9.889594 5.112230
v -18.702423 9.889594 5.112230
v -18.702423 9.889594 14.952423
v -11.297577 9.889594 7.547575
v -12.220436 10.103523 5.112230
v -17.779564 10.103523 5.112230
v -14.057337 10.103523 5.112230
v -15.942665 10.103523 5.112230
v -15.942665 10.103523 12.192665
v -14.057335 10.103523 10.307335
v -14.057335 9.824934 10.307335
v -15.942665 9.824934 12.192665
v -14.057337 9.824934 5.112230
v -15.942665 9.824934 5.112230
v -15.359486 9.610909 5.112230
v -15.357166 9.609232 11.607164
v -14.640518 9.610915 5.112230
v -14.642838 9.609237 10.892838
vt 2.144542 0.015334
vt 2.151197 -0.747375
vt 2.373032 -0.956699
vt 2.364533 0.017254
vt -1.129177 1.216935
vt 2.151197 1.216935
vt 2.143071 1.231128
vt -1.121144 1.231128
vt -1.357806 -1.000077
vt -1.380331 -1.022997
vt 2.406625 -0.989949
vt 2.383703 -0.967425
vt 1.869045 -0.218600
vt -0.850352 -0.218600
vt -0.858383 -0.232696
vt 1.877173 -0.232696
vt 1.869045 -0.559108
vt 1.864053 0.012886
vt 1.644062 0.010966
vt 1.646274 -0.242542
vt -0.633140 -0.262434
vt -0.850352 -0.582839
vt 0.010966 1.223592
vt 0.010632 1.251381
vt -0.232301 1.249261
vt -0.242542 1.221379
vt 2.406625 -0.242590
vt -1.380331 -0.242590
vt -1.383060 -0.254624
vt 2.409403 -0.254624
vt -1.357908 -1.000499
vt -1.364847 -1.007559
vt 2.390874 -0.974784
vt 2.383813 -0.967846
vt 1.956699 1.215092
vt 1.967425 1.242789
vt 0.982897 1.251381
vt 0.982746 1.223592
vt -1.129177 -0.776002
vt -1.347324 -0.989166
vt 1.642128 0.989671
vt 1.644324 1.241241
vt 1.628412 1.225604
vt 1.626354 0.989808
vt 1.628443 -0.225573
vt -0.615608 -0.245157
vt -0.622546 -0.252218
vt 1.635503 -0.232512
vt 2.366477 0.983350
vt 2.382251 0.983212
vt 2.390905 1.974876
vt 2.374994 1.959241
vt 1.559108 1.218600
vt 1.564654 1.232696
vt 0.987167 1.237736
vt 0.987114 1.223592
vt 0.015334 1.223592
vt 0.015140 1.237736
vt -0.742075 1.231127
vt -0.747374 1.216935
vt 1.612686 -0.209777
vt -0.600129 -0.229088
vt -0.622654 -0.252008
vt 1.635607 -0.232301
vt 2.373032 -0.215092
vt -1.347324 -0.215092
vt -1.357806 -0.242789
vt 2.383703 -0.242789
vt -0.622653 1.252113
vt -0.597399 1.226415
vt 1.609909 1.207152
vt 1.635608 1.232406
vt -0.597399 1.261541
vt -0.600129 1.249459
vt 1.612686 1.249459
vt 1.609909 1.261541
vt 2.383704 1.967530
vt 2.375113 0.983002
vt 2.400589 0.982779
vt 2.409403 1.992783
vt 1.992784 1.254624
vt 0.982780 1.263438
vt 0.982698 1.251381
vt 1.989949 1.242590
vt 0.010304 1.263438
vt -0.207152 1.261541
vt -0.209777 1.249459
vt 0.010433 1.251381
vt 2.375112 0.017104
vt 2.397835 0.017302
vt -1.383060 2.025880
vt -1.357805 2.000182
vt -1.121144 -0.770562
vt 2.143071 -0.742075
vt 1.877173 -0.564654
vt -0.858383 -0.588527
vt 1.633488 0.989474
vt 1.608012 0.989696
vt 1.633487 0.010632
vt 1.610764 0.010433
vt 2.136463 0.015140
vt 1.872134 0.012833
vt -1.349241 -0.286184
vt -1.329997 -0.454436
vt 2.355437 -0.454436
vt 2.374994 -0.286184
vt 1.663906 1.460419
vt -0.650431 1.460419
vt -0.631213 1.292505
vt 1.644324 1.292505
vt 1.639081 -0.237630
vt -0.626034 -0.257397
vt -0.635450 -0.266978
vt 1.648662 -0.247045
vt 0.983350 1.294701
vt 1.959241 1.286184
vt 1.941478 1.454436
vt 0.984986 1.462784
vt -0.241241 1.292505
vt 0.010329 1.294701
vt 0.009032 1.462784
vt -0.261937 1.460419
vt 2.383132 1.968881
vt -1.357210 2.001523
vt -1.265731 1.908625
vt 2.290046 1.877594
vt -1.364847 -0.278895
vt -1.364877 -0.285985
vt 2.390905 -0.285985
vt 2.390874 -0.278895
vt 1.628412 1.292581
vt -0.615577 1.292581
vt -0.615608 1.285491
vt 1.628443 1.285491
vt -0.631213 1.261099
vt -0.615577 1.245187
vt -0.225573 1.285491
vt 0.010254 1.287549
vt 0.010192 1.294639
vt -0.225604 1.292581
vt 0.983212 1.294639
vt 0.983150 1.287549
vt 1.974784 1.278895
vt 1.974876 1.285985
vt 2.375220 0.016788
vt 2.382220 0.016850
vt -1.354393 -0.464221
vt -1.357210 -0.476035
vt 2.383132 -0.476035
vt 2.380264 -0.464221
vt 1.633384 0.010314
vt 1.626385 0.010254
vt 1.646430 0.008812
vt 1.636931 0.008729
vt -0.237629 1.470633
vt 0.008730 1.472783
vt 0.008601 1.484622
vt -0.234915 1.482497
vt -1.344977 -0.988971
vt -1.354393 -0.998552
vt 2.380264 -0.965960
vt 2.370682 -0.956545
vt 0.984859 1.472783
vt 1.965960 1.464221
vt 1.968881 1.476035
vt 0.984937 1.484622
vt 1.636214 1.482497
vt -0.623215 1.482497
vt -0.626034 1.470633
vt 1.639081 1.470633
vt 2.362203 0.015059
vt 2.371701 0.015142
vt -0.714691 1.347903
vt -0.623215 1.254632
vt 1.636214 1.234915
vt 1.729303 1.326575
vt -1.083651 1.723346
vt 2.104760 1.695521
vt 1.726373 0.990780
vt 1.634089 0.991399
vt 2.282264 0.985929
vt 2.374545 0.984937
vt 1.914589 1.508648
vt -0.896771 1.533182
vt 1.914587 -0.473623
vt -0.896773 -0.473623
vt -0.896771 -0.501481
vt 1.914589 -0.501481
vt 2.098582 0.987532
vt 1.910056 0.989177
vt -1.083651 1.499836
vt -1.083653 1.471978
vt 2.104758 1.471978
vt 2.104760 1.499836
vt 0.012468 1.506014
vt -0.695521 1.499835
vt -0.695278 1.471978
vt 0.012711 1.478157
vt 2.104758 1.695278
vt 2.045698 1.637055
vt 2.040262 0.987611
vt 2.098580 0.987289
vt 1.508648 1.501481
vt 0.989177 1.506015
vt 0.988934 1.478157
vt 1.508405 1.473623
vt -0.954811 1.591808
vt -0.896773 1.532939
vt 1.914587 1.508405
vt 1.973644 1.566252
vt 1.968368 0.988238
vt 1.910054 0.988934
vt -1.025618 1.663858
vt -1.083653 1.723103
vt -1.364877 2.007652
vt -1.349241 1.991742
vt -1.135833 -0.013293
vt -1.355824 -0.015213
vt -0.635353 -0.008926
vt -0.855344 -0.010846
vt 1.008926 1.223592
vt 1.262434 1.221379
vt 1.252008 1.249261
vt 1.009076 1.251381
vt -0.989166 1.215092
vt -0.015213 1.223592
vt -0.015548 1.251381
vt -1.000077 1.242789
vt -0.633409 1.009529
vt -0.617634 1.009391
vt -1.357757 1.015851
vt -1.373531 1.015988
vt -0.582839 1.218600
vt -0.010846 1.223592
vt -0.011040 1.237736
vt -0.588527 1.232696
vt 1.013293 1.223592
vt 1.776002 1.216935
vt 1.770561 1.231127
vt 1.013346 1.237736
vt -1.391874 1.015876
vt -1.366397 1.015653
vt -1.025880 1.254624
vt -1.022997 1.242590
vt -0.015746 1.251381
vt -0.015876 1.263439
vt 1.008959 1.263438
vt 1.008878 1.251381
vt 1.229087 1.249459
vt 1.226415 1.261541
vt -1.366398 -0.015548
vt -1.389121 -0.015746
vt -0.624773 1.009181
vt -0.599297 1.008959
vt -0.602051 -0.008878
vt -0.624774 -0.009076
vt -0.863422 -0.011040
vt -1.127752 -0.013346
vt -0.015851 1.294701
vt -0.017148 1.462784
vt -0.973640 1.454436
vt -0.991742 1.286184
vt 1.261099 1.292505
vt 1.282134 1.460419
vt 1.011165 1.462784
vt 1.009529 1.294701
vt 1.245157 1.285491
vt 1.245187 1.292581
vt 1.009391 1.294639
vt 1.009330 1.287549
vt -0.015988 1.294639
vt -1.007652 1.285985
vt -1.007559 1.278895
vt -0.015926 1.287549
vt -1.366501 -0.015865
vt -1.373501 -0.015926
vt -0.617666 -0.009330
vt -0.624666 -0.009391
vt -0.628184 -0.011038
vt -0.637683 -0.011121
vt 1.257397 1.470633
vt 1.254632 1.482497
vt 1.011116 1.484622
vt 1.011038 1.472783
vt -0.017450 1.472783
vt -0.017578 1.484622
vt -1.001523 1.476035
vt -0.998552 1.464221
vt -1.353456 -0.017367
vt -1.362955 -0.017450
vt -0.717621 1.012108
vt -0.625340 1.011116
vt -1.365797 1.017578
vt -1.273513 1.016960
vt -1.089830 1.015357
vt -0.901304 1.013711
vt 1.015357 1.506014
vt 1.015113 1.478157
vt 1.723103 1.471978
vt 1.723346 1.499836
vt -1.089832 1.015114
vt -1.031518 1.014418
vt -0.533183 1.501481
vt -0.532939 1.473623
vt -0.013468 1.478157
vt -0.013712 1.506015
vt -0.959624 1.013790
vt -0.901306 1.013468
vt 2.135619 1.037702
vt 2.355611 1.039622
vt 2.347111 2.013574
vt 2.128963 1.800411
vt -1.151411 -0.239171
vt -1.143282 -0.253267
vt 2.120933 -0.253267
vt 2.128963 -0.239171
vt -1.383912 1.991349
vt 2.357598 2.024000
vt 2.380123 2.046921
vt -1.406833 2.013872
vt 1.858172 1.251698
vt -0.877384 1.251698
vt -0.869258 1.237506
vt 1.850139 1.237506
vt 1.850139 1.607248
vt 1.632927 1.286843
vt 1.635140 1.033334
vt 1.855131 1.035254
vt -0.869258 1.583516
vt -0.646487 1.266950
vt 1.033334 1.232514
vt 1.286843 1.234726
vt 1.275932 1.262423
vt 1.033000 1.260303
vt 2.382853 1.281175
vt -1.409610 1.281175
vt -1.406833 1.269094
vt 2.380123 1.269094
vt -1.384016 1.991137
vt 2.357705 2.023791
vt 2.364644 2.030851
vt -1.391077 1.998076
vt -1.013574 1.241014
vt -0.039622 1.232514
vt -0.039472 1.260303
vt -1.024000 1.268896
vt -1.151411 1.771783
vt -1.373245 1.981107
vt 1.633206 -0.032697
vt 1.617432 -0.032560
vt 1.615374 -0.268356
vt 1.631011 -0.284267
vt 1.622343 1.275509
vt -0.635707 1.255803
vt -0.628646 1.248865
vt 1.615405 1.268449
vt 2.357555 -0.039018
vt 2.349039 -1.014909
vt 2.364675 -1.030821
vt 2.373329 -0.039157
vt -0.607248 1.237506
vt -0.035254 1.232514
vt -0.035201 1.246658
vt -0.612689 1.251698
vt 1.037702 1.232514
vt 1.800411 1.239170
vt 1.794723 1.253267
vt 1.037508 1.246658
vt 1.622445 1.275932
vt -0.635816 1.256224
vt -0.612895 1.233700
vt 1.599921 1.253011
vt 2.357598 1.268895
vt -1.383912 1.268895
vt -1.373245 1.241014
vt 2.347111 1.241014
vt -0.635815 -0.256119
vt 1.622446 -0.275827
vt 1.597192 -0.250129
vt -0.610116 -0.230866
vt -0.610116 -0.274259
vt 1.597192 -0.274259
vt 1.599921 -0.262225
vt -0.612895 -0.262225
vt 2.357599 -1.023895
vt 2.382853 -1.049593
vt 2.391667 -0.039589
vt 2.366190 -0.039367
vt -1.049593 1.281175
vt -1.046920 1.269094
vt -0.039670 1.260303
vt -0.039589 1.272361
vt 1.032672 1.272361
vt 1.032802 1.260303
vt 1.253011 1.262225
vt 1.250129 1.274259
vt 2.366189 1.039472
vt 2.388913 1.039670
vt -1.383911 -0.991243
vt -1.409610 -1.016497
vt -1.143282 1.766237
vt -0.877384 1.588816
vt 1.858172 1.612689
vt 2.120933 1.794723
vt 1.624566 -0.032895
vt 1.599090 -0.032672
vt 1.601842 1.032801
vt 1.624565 1.033000
vt 1.863212 1.035201
vt 2.127541 1.037508
vt -1.375196 1.312140
vt 2.349039 1.312140
vt 2.329820 1.480053
vt -1.355613 1.480053
vt 1.631011 -0.305819
vt -0.644526 -0.305819
vt -0.664083 -0.474071
vt 1.650255 -0.474071
vt 1.635275 1.287037
vt -0.648838 1.267104
vt -0.639256 1.257689
vt 1.625859 1.277456
vt -0.039018 1.303623
vt -0.037382 1.471706
vt -0.993873 1.480054
vt -1.014909 1.312140
vt 1.284267 1.305818
vt 1.302369 1.474071
vt 1.031400 1.471706
vt 1.032697 1.303623
vt 2.265561 -0.928105
vt -1.290216 -0.897074
vt -1.383305 -0.988734
vt 2.357037 -1.021376
vt -1.391077 1.305125
vt 2.364644 1.305125
vt 2.364675 1.312216
vt -1.391108 1.312216
vt 1.615405 -0.298530
vt -0.628646 -0.298530
vt -0.628614 -0.305620
vt 1.615374 -0.305620
vt -0.644526 -0.264408
vt -0.628614 -0.248773
vt 1.268449 1.298529
vt 1.268356 1.305619
vt 1.032560 1.303562
vt 1.032622 1.296471
vt -0.039156 1.303562
vt -1.030821 1.312216
vt -1.030851 1.305126
vt -0.039218 1.296471
vt 2.366298 1.039156
vt 2.373298 1.039218
vt -1.380439 1.490268
vt 2.354218 1.490268
vt 2.357037 1.502132
vt -1.383305 1.502132
vt 1.617463 1.032622
vt 1.624462 1.032683
vt 1.628009 1.031097
vt 1.637508 1.031180
vt 1.277457 1.483856
vt 1.274485 1.495670
vt 1.030969 1.493545
vt 1.031098 1.481706
vt -1.370857 1.976604
vt 2.344802 2.009030
vt 2.354218 2.018611
vt -1.380439 1.986019
vt -0.037510 1.481706
vt -0.037431 1.493545
vt -1.021376 1.502132
vt -1.018611 1.490268
vt 1.625859 -0.483856
vt -0.639256 -0.483856
vt -0.636387 -0.495670
vt 1.623042 -0.495670
vt 2.353281 1.037427
vt 2.362779 1.037510
vt -0.729474 -0.346055
vt 1.714520 -0.367383
vt 1.623042 -0.274485
vt -0.636387 -0.254768
vt 2.083481 -0.742826
vt -1.104930 -0.715001
vt 1.717451 -0.031588
vt 1.625167 -0.030969
vt 2.365623 -0.037431
vt 2.273342 -0.036439
vt -0.914759 -0.528128
vt 1.896600 -0.552662
vt 1.896600 1.519470
vt -0.914759 1.519470
vt -0.914761 1.491613
vt 1.896599 1.491613
vt 2.089660 -0.034836
vt 1.901134 -0.033191
vt -1.104930 -0.521116
vt 2.083481 -0.521116
vt 2.083479 -0.493258
vt -1.104932 -0.493258
vt 1.034836 1.514937
vt 1.035079 1.487079
vt 1.743069 1.493258
vt 1.742826 1.521116
vt 2.083479 -0.743069
vt 2.089658 -0.035079
vt 2.031340 -0.034757
vt 2.025440 -0.684201
vt -0.552662 1.519470
vt -0.552905 1.491613
vt -0.033434 1.487079
vt -0.033191 1.514937
vt -0.973822 -0.586594
vt 1.954634 -0.612150
vt 1.896599 -0.552905
vt -0.914761 -0.528371
vt 1.959446 -0.034130
vt 1.901132 -0.033434
vt -1.045876 -0.657398
vt -1.104932 -0.715244
vt -1.391108 -0.998045
vt -1.375196 -0.982408
vt -1.144755 1.009075
vt -1.364746 1.007155
vt -0.864266 1.011523
vt -0.644275 1.013442
vt -0.013442 1.232514
vt -0.013292 1.260303
vt -0.256224 1.262423
vt -0.266951 1.234727
vt 1.981107 1.241014
vt 1.991348 1.268896
vt 1.006820 1.260303
vt 1.007155 1.232514
vt -0.642331 -0.012839
vt -0.626557 -0.012977
vt -1.366679 -0.006517
vt -1.382453 -0.006380
vt 1.583516 1.237506
vt 1.588816 1.251698
vt 1.011329 1.246658
vt 1.011523 1.232514
vt -0.009075 1.232514
vt -0.009022 1.246658
vt -0.766237 1.253267
vt -0.771783 1.239170
vt -1.375319 -0.006715
vt -1.400796 -0.006493
vt 2.016497 1.281176
vt 1.006492 1.272361
vt 1.006622 1.260303
vt 2.013872 1.269094
vt -0.013409 1.272361
vt -0.230866 1.274259
vt -0.233700 1.262225
vt -0.013491 1.260303
vt -1.375320 1.006820
vt -1.398043 1.006622
vt -0.633695 -0.013187
vt -0.608219 -0.013409
vt -0.633696 1.013292
vt -0.610973 1.013490
vt -1.136674 1.009022
vt -0.872345 1.011328
vt 1.006517 1.303623
vt 1.982408 1.312140
vt 1.961711 1.480054
vt 1.005220 1.471706
vt -0.264408 1.305819
vt -0.012839 1.303623
vt -0.011203 1.471706
vt -0.282172 1.474071
vt -0.248866 1.298530
vt -0.013039 1.296471
vt -0.012977 1.303562
vt -0.248773 1.305619
vt 1.006380 1.303562
vt 1.006442 1.296472
vt 1.998076 1.305126
vt 1.998045 1.312216
vt -1.375423 1.006503
vt -1.382423 1.006442
vt -0.633588 1.012977
vt -0.626588 1.013038
vt -0.646605 1.011247
vt -0.637106 1.011330
vt -0.257689 1.483856
vt -0.011330 1.481706
vt -0.011252 1.493545
vt -0.254768 1.495670
vt 1.004918 1.481706
vt 1.986019 1.490268
vt 1.988734 1.502132
vt 1.004790 1.493545
vt -1.362378 1.005001
vt -1.371877 1.004918
vt -0.726543 -0.010260
vt -0.634262 -0.011252
vt -1.282435 -0.005408
vt -1.374719 -0.004790
vt -1.098752 -0.007011
vt -0.910226 -0.008657
vt -0.007012 1.514937
vt -0.715001 1.521116
vt -0.715244 1.493258
vt -0.007255 1.487079
vt -1.040440 -0.007950
vt -1.098754 -0.007255
vt 1.528128 1.519470
vt 1.008657 1.514937
vt 1.008900 1.487079
vt 1.528371 1.491613
vt -0.968546 -0.008578
vt -0.910228 -0.008900
vt -0.622654 1.249261
vt -0.633140 1.221379
vt 1.646274 1.221379
vt 1.635607 1.249261
vt -0.635816 -0.262424
vt 1.622445 -0.262424
vt 1.632927 -0.234727
vt -0.646487 -0.234727
vn 0.0000 -1.0000 0.0000
vn 0.0000 -0.3621 0.9322
vn 0.0000 -0.3621 -0.9322
vn -0.9346 -0.3557 0.0000
vn 0.0000 -0.2226 -0.9749
vn 0.0018 -1.0000 0.0069
vn -0.0019 -1.0000 0.0069
vn -0.0018 -1.0000 0.0069
vn 0.9346 -0.3557 0.0000
vn -0.0039 1.0000 0.0000
vn -0.0004 1.0000 0.0035
vn -0.0005 1.0000 0.0034
vn 0.0008 -1.0000 -0.0080
vn -0.0008 -1.0000 -0.0079
vn 0.0008 -1.0000 -0.0079
vn 0.0039 1.0000 0.0000
vn 0.0008 1.0000 -0.0031
vn 0.0009 1.0000 -0.0030
vn 0.8683 -0.4960 -0.0000
vn -0.8683 -0.4960 0.0000
vn 0.0000 -0.3557 -0.9346
vn 0.0000 1.0000 -0.0000
vn 0.0000 -0.2226 0.9749
vn 0.9749 -0.2226 0.0000
vn -0.9749 -0.2226 0.0000
vn 0.0000 0.1147 -0.9934
vn 0.0000 0.1147 0.9934
vn 0.9934 0.1147 0.0000
vn -0.9934 0.1147 0.0000
vn 0.0000 0.9742 -0.2258
vn -0.0000 0.9967 -0.0814
vn 0.0000 -0.0044 -1.0000
vn 0.0000 -0.0044 1.0000
vn 0.0004 1.0000 0.0035
vn 0.0005 1.0000 0.0034
vn -1.0000 -0.0044 0.0000
vn 1.0000 -0.0044 0.0000
vn -0.0088 -1.0000 0.0000
vn 0.0000 -0.2335 -0.9724
vn 0.0088 -1.0000 -0.0000
vn -0.9724 -0.2335 0.0000
vn 0.9724 -0.2335 0.0000
vn 0.0000 -0.2335 0.9724
vn 0.0000 0.9974 0.0717
vn 0.0000 0.9742 0.2258
vn -0.0588 0.9983 0.0000
vn -0.0587 0.9983 0.0000
vn -0.2258 0.9742 0.0000
vn 0.0856 0.9963 -0.0000
vn 0.2258 0.9742 0.0000
vn 0.0000 0.0000 -1.0000
vn 0.0000 0.0000 1.0000
vn -1.0000 0.0000 0.0000
vn -0.3451 0.9386 -0.0001
vn -0.1718 0.9851 -0.0002
vn -0.1719 0.9851 -0.0002
vn 1.0000 0.0000 -0.0000
vn -0.0000 0.9871 -0.1598
vn 0.0000 0.9384 -0.3457
vn 0.1531 0.9882 -0.0002
vn 0.3451 0.9386 -0.0001
vn 0.0000 0.9859 0.1674
vn 0.0000 0.9383 0.3457
vn -0.0008 1.0000 -0.0031
vn -0.0009 1.0000 -0.0030
vn -0.9749 -0.2227 0.0000
vn 0.0588 0.9983 0.0000
vn 0.0587 0.9983 0.0000
vn -0.0856 0.9963 -0.0000
vn 0.1719 0.9851 -0.0002
vn 0.1718 0.9851 -0.0002
vn -0.1531 0.9882 -0.0002
vn 0.0018 -1.0000 -0.0070
vn -0.0018 -1.0000 -0.0070
vn -0.0018 -1.0000 -0.0069
vn 0.0018 -1.0000 -0.0069
vn -0.0004 1.0000 -0.0035
vn 0.0008 -1.0000 0.0079
vn -0.0008 -1.0000 0.0079
vn 0.0008 -1.0000 0.0080
vn 0.0010 1.0000 0.0029
vn 0.0008 1.0000 0.0031
vn 0.0000 -0.3557 0.9346
vn 0.0000 0.9967 0.0814
vn 0.0004 1.0000 -0.0035
vn -0.0000 0.9974 -0.0717
vn -0.0585 0.9983 -0.0000
vn -0.3451 0.9386 0.0001
vn -0.1719 0.9851 0.0002
vn -0.1718 0.9851 0.0002
vn -0.0000 0.9871 0.1598
vn 0.0000 0.9384 0.3457
vn 0.1531 0.9882 0.0002
vn 0.3451 0.9386 0.0001
vn 0.0000 0.9859 -0.1674
vn 0.0000 0.9383 -0.3457
vn -0.0009 1.0000 0.0030
vn 0.0586 0.9983 -0.0000
vn 0.1718 0.9851 0.0002
vn 0.1719 0.9851 0.0002
vn -0.1531 0.9882 0.0002
usemtl sandstone
s 1
f 2489/3905/243 2492/3906/243 2496/3907/243 2493/3908/243
f 2568/3909/244 2492/3910/244 2520/3911/244 2596/3912/244
f 2581/3913/243 2591/3914/243 2515/3915/243 2505/3916/243
f 2491/3917/245 2567/3918/245 2595/3919/245 2519/3920/245
f 2491/3921/243 2490/3922/243 2494/3923/243 2495/3924/243
f 2495/3924/243 2571/3925/243 2567/3926/243 2491/3921/243
f 2494/3927/246 2506/3928/246 2507/3929/246 2495/3930/246
f 2515/3931/247 2591/3932/247 2589/3933/247 2513/3934/247
f 2607/3935/248 2611/3936/248 2535/3937/249 2531/3938/250
f 2496/3939/251 2505/3940/251 2508/3941/251 2493/3942/251
f 2568/3943/243 2572/3944/243 2496/3907/243 2492/3906/243
f 2502/3945/252 2503/3946/253 2538/3947/254 2539/3948/252
f 2537/3949/255 2613/3950/256 2608/3951/256 2532/3952/257
f 2504/3953/258 2534/3954/258 2536/3955/259 2501/3956/260
f 2491/3957/261 2519/3958/261 2518/3959/261 2490/3960/261
f 2489/3961/262 2517/3962/262 2520/3963/262 2492/3964/262
f 2509/3965/243 2585/3966/243 2583/3967/243 2507/3968/243
f 2496/3969/263 2572/3970/263 2581/3971/263 2505/3972/263
f 2573/3973/264 2586/3974/264 2510/3975/264 2497/3976/264
f 2586/3977/265 2585/3978/265 2509/3979/265 2510/3980/265
f 2499/3981/264 2498/3982/264 2512/3983/264 2513/3984/264
f 2513/3985/266 2512/3986/266 2511/3987/266 2515/3988/266
f 2514/3989/267 2510/3990/267 2509/3991/267 2516/3992/267
f 2508/3993/243 2505/3916/243 2515/3915/243 2511/3994/243
f 2513/3984/264 2589/3995/264 2575/3996/264 2499/3981/264
f 2596/3997/243 2520/3998/243 2519/3999/243 2595/4000/243
f 2500/4001/264 2497/3976/264 2510/3975/264 2514/4002/264
f 2507/3968/243 2506/4003/243 2516/4004/243 2509/3965/243
f 2519/3999/243 2520/3998/243 2517/4005/243 2518/4006/243
f 2577/4007/268 2598/4008/268 2522/4009/268 2501/4010/268
f 2523/4011/269 2599/4012/269 2579/4013/269 2503/4014/269
f 2545/4015/243 2621/4016/243 2601/4017/243 2525/4018/243
f 2504/4019/270 2501/4020/270 2522/4021/270 2521/4022/270
f 2503/4023/271 2502/4024/271 2524/4025/271 2523/4026/271
f 2549/4027/272 2625/4028/272 2618/4029/273 2542/4030/273
f 2611/4031/274 2612/4032/274 2536/4033/274 2535/4034/274
f 2538/4035/275 2614/4036/275 2613/4037/275 2537/4038/275
f 2579/4039/276 2614/4040/277 2538/3947/254 2503/3946/253
f 2537/4041/278 2540/4042/278 2539/4043/278 2538/4044/278
f 2534/4045/279 2533/4046/279 2535/4047/279 2536/4048/279
f 2529/4049/280 2531/3938/250 2535/3937/249 2533/4050/280
f 2617/4051/281 2625/4052/281 2549/4053/281 2541/4054/281
f 2532/3952/257 2530/4055/282 2540/4056/282 2537/3949/255
f 2525/4018/243 2528/4057/243 2546/4058/243 2545/4015/243
f 2545/4059/283 2546/4060/283 2547/4061/283 2550/4062/283
f 2603/4063/243 2617/4064/243 2541/4065/243 2527/4066/243
f 2543/4067/284 2541/4068/284 2549/4069/284 2548/4070/284
f 2550/4071/285 2626/4072/285 2621/4073/285 2545/4074/285
f 2526/4075/243 2527/4066/243 2541/4065/243 2543/4076/243
f 2620/4077/286 2626/4078/287 2550/4079/287 2544/4080/286
f 2618/4029/273 2631/4081/264 2555/4082/264 2542/4030/273
f 2551/4083/288 2544/4080/289 2550/4079/290 2547/4084/290
f 2542/4030/291 2552/4085/291 2548/4086/292 2549/4027/292
f 2556/4087/264 2632/4088/264 2620/4077/286 2544/4080/286
f 2557/4089/293 2633/4090/293 2632/4091/293 2556/4092/293
f 2552/4085/291 2542/4030/291 2555/4082/264 2554/4093/264
f 2544/4080/289 2551/4083/288 2553/4094/264 2556/4087/264
f 2631/4095/294 2634/4096/294 2558/4097/294 2555/4098/294
f 2554/4099/295 2555/4100/295 2558/4101/295 2560/4102/295
f 2558/4103/296 2562/4104/297 2561/4105/298 2560/4106/296
f 2556/4107/299 2553/4108/299 2559/4109/299 2557/4110/299
f 2640/4111/300 2633/4112/301 2557/4113/301 2564/4114/300
f 2563/4115/302 2564/4114/302 2557/4113/303 2559/4116/303
f 2562/4104/297 2564/4114/302 2563/4115/302 2561/4105/298
f 2638/4117/304 2640/4111/300 2564/4114/300 2562/4104/304
f 2558/4103/305 2634/4118/305 2638/4117/304 2562/4104/304
f 2612/4119/306 2577/4120/307 2501/3956/260 2536/3955/259
f 2565/4121/243 2569/4122/243 2572/3944/243 2568/3943/243
f 2567/3926/243 2571/3925/243 2570/4123/243 2566/4124/243
f 2570/4125/251 2571/4126/251 2583/4127/251 2582/4128/251
f 2572/4129/246 2569/4130/246 2584/4131/246 2581/4132/246
f 2578/4133/258 2615/4134/258 2614/4040/277 2579/4039/276
f 2580/4135/252 2577/4120/307 2612/4119/306 2610/4136/252
f 2567/4137/262 2566/4138/262 2594/4139/262 2595/4140/262
f 2565/4141/261 2568/4142/261 2596/4143/261 2593/4144/261
f 2575/3996/264 2589/3995/264 2588/4145/264 2574/4146/264
f 2589/4147/308 2591/4148/308 2587/4149/308 2588/4150/308
f 2590/4151/266 2592/4152/266 2585/4153/266 2586/4154/266
f 2584/4155/243 2587/4156/243 2591/3914/243 2581/3913/243
f 2576/4157/264 2590/4158/264 2586/3974/264 2573/3973/264
f 2583/3967/243 2585/3966/243 2592/4159/243 2582/4160/243
f 2595/4000/243 2594/4161/243 2593/4162/243 2596/3997/243
f 2580/4163/271 2597/4164/271 2598/4165/271 2577/4166/271
f 2579/4167/270 2599/4168/270 2600/4169/270 2578/4170/270
f 2613/4171/279 2614/4172/279 2615/4173/279 2616/4174/279
f 2610/4175/278 2612/4176/278 2611/4177/278 2609/4178/278
f 2605/4179/282 2609/4180/282 2611/3936/248 2607/3935/248
f 2608/3951/256 2613/3950/256 2616/4181/280 2606/4182/280
f 2601/4017/243 2621/4016/243 2622/4183/243 2604/4184/243
f 2621/4185/284 2626/4186/284 2623/4187/284 2622/4188/284
f 2619/4189/283 2624/4190/283 2625/4191/283 2617/4192/283
f 2602/4193/243 2619/4194/243 2617/4064/243 2603/4063/243
f 2627/4195/309 2623/4196/292 2626/4078/292 2620/4077/310
f 2618/4029/311 2625/4028/290 2624/4197/290 2628/4198/311
f 2628/4198/311 2630/4199/264 2631/4081/264 2618/4029/311
f 2620/4077/310 2632/4088/264 2629/4200/264 2627/4195/309
f 2630/4201/299 2636/4202/299 2634/4203/299 2631/4204/299
f 2634/4118/303 2636/4205/303 2637/4206/312 2638/4117/313
f 2632/4207/295 2633/4208/295 2635/4209/295 2629/4210/295
f 2639/4211/314 2635/4212/296 2633/4112/296 2640/4111/314
f 2638/4117/313 2637/4206/312 2639/4211/314 2640/4111/314
f 2641/4213/243 2645/4214/243 2648/4215/243 2644/4216/243
f 2720/4217/245 2748/4218/245 2672/4219/245 2644/4220/245
f 2733/4221/243 2657/4222/243 2667/4223/243 2743/4224/243
f 2671/4225/244 2747/4226/244 2719/4227/244 2643/4228/244
f 2643/4229/243 2647/4230/243 2646/4231/243 2642/4232/243
f 2643/4229/243 2719/4233/243 2723/4234/243 2647/4230/243
f 2646/4235/246 2647/4236/246 2659/4237/246 2658/4238/246
f 2665/4239/265 2741/4240/265 2743/4241/265 2667/4242/265
f 2759/4243/315 2683/4244/316 2687/4245/317 2763/4246/318
f 2648/4247/251 2645/4248/251 2660/4249/251 2657/4250/251
f 2720/4251/243 2644/4216/243 2648/4215/243 2724/4252/243
f 2654/4253/252 2691/4254/252 2690/4255/319 2655/4256/319
f 2684/4257/320 2760/4258/321 2765/4259/321 2689/4260/322
f 2656/4261/258 2653/4262/323 2688/4263/324 2686/4264/258
f 2643/4265/261 2642/4266/261 2670/4267/261 2671/4268/261
f 2641/4269/262 2644/4270/262 2672/4271/262 2669/4272/262
f 2659/4273/243 2735/4274/243 2737/4275/243 2661/4276/243
f 2657/4277/325 2733/4278/325 2724/4279/325 2648/4280/325
f 2725/4281/264 2649/4282/264 2662/4283/264 2738/4284/264
f 2738/4285/247 2662/4286/247 2661/4287/247 2737/4288/247
f 2651/4289/264 2665/4290/264 2664/4291/264 2650/4292/264
f 2665/4293/266 2667/4294/266 2663/4295/266 2664/4296/266
f 2666/4297/267 2668/4298/267 2661/4299/267 2662/4300/267
f 2660/4301/243 2663/4302/243 2667/4223/243 2657/4222/243
f 2651/4289/264 2727/4303/264 2741/4304/264 2665/4290/264
f 2748/4305/243 2747/4306/243 2671/4307/243 2672/4308/243
f 2652/4309/264 2666/4310/264 2662/4283/264 2649/4282/264
f 2659/4273/243 2661/4276/243 2668/4311/243 2658/4312/243
f 2671/4307/243 2670/4313/243 2669/4314/243 2672/4308/243
f 2729/4315/269 2653/4316/269 2674/4317/269 2750/4318/269
f 2655/4319/268 2731/4320/268 2751/4321/268 2675/4322/268
f 2677/4323/243 2753/4324/243 2773/4325/243 2697/4326/243
f 2656/4327/270 2673/4328/270 2674/4329/270 2653/4330/270
f 2655/4331/271 2675/4332/271 2676/4333/271 2654/4334/271
f 2694/4335/326 2770/4336/326 2777/4337/287 2701/4338/287
f 2763/4339/275 2687/4340/275 2688/4341/275 2764/4342/275
f 2689/4343/274 2765/4344/274 2766/4345/274 2690/4346/274
f 2731/4347/327 2655/4256/319 2690/4255/319 2766/4348/327
f 2689/4349/278 2690/4350/278 2691/4351/278 2692/4352/278
f 2686/4353/279 2688/4354/279 2687/4355/279 2685/4356/279
f 2681/4357/280 2685/4358/280 2687/4245/317 2683/4244/316
f 2769/4359/285 2693/4360/285 2701/4361/285 2777/4362/285
f 2684/4257/320 2689/4260/322 2692/4363/282 2682/4364/282
f 2677/4323/243 2697/4326/243 2698/4365/243 2680/4366/243
f 2697/4367/283 2702/4368/283 2699/4369/283 2698/4370/283
f 2755/4371/243 2679/4372/243 2693/4373/243 2769/4374/243
f 2695/4375/284 2700/4376/284 2701/4377/284 2693/4378/284
f 2697/4379/281 2773/4380/281 2778/4381/281 2702/4382/281
f 2678/4383/243 2695/4384/243 2693/4373/243 2679/4372/243
f 2772/4385/328 2696/4386/328 2702/4387/272 2778/4388/272
f 2770/4336/326 2694/4335/326 2707/4389/264 2783/4390/264
f 2703/4391/288 2699/4392/290 2702/4387/290 2696/4386/329
f 2694/4335/291 2701/4338/292 2700/4393/292 2704/4394/291
f 2696/4386/328 2772/4385/328 2784/4395/264 2708/4396/264
f 2708/4397/294 2784/4398/294 2785/4399/294 2709/4400/294
f 2704/4394/291 2706/4401/264 2707/4389/264 2694/4335/291
f 2696/4386/329 2708/4396/264 2705/4402/264 2703/4391/288
f 2783/4403/293 2707/4404/293 2710/4405/293 2786/4406/293
f 2706/4407/295 2712/4408/295 2710/4409/295 2707/4410/295
f 2710/4411/330 2712/4412/330 2713/4413/331 2714/4414/332
f 2708/4415/299 2709/4416/299 2711/4417/299 2705/4418/299
f 2792/4419/333 2716/4420/333 2709/4421/334 2785/4422/334
f 2715/4423/335 2711/4424/336 2709/4421/336 2716/4420/335
f 2714/4414/332 2713/4413/331 2715/4423/335 2716/4420/335
f 2790/4425/337 2714/4414/337 2716/4420/333 2792/4419/333
f 2714/4414/337 2790/4425/337 2786/4426/338 2710/4411/338
f 2764/4427/339 2688/4263/324 2653/4262/323 2729/4428/339
f 2717/4429/243 2720/4251/243 2724/4252/243 2721/4430/243
f 2719/4233/243 2718/4431/243 2722/4432/243 2723/4234/243
f 2722/4433/251 2734/4434/251 2735/4435/251 2723/4436/251
f 2724/4437/246 2733/4438/246 2736/4439/246 2721/4440/246
f 2730/4441/258 2731/4347/327 2766/4348/327 2767/4442/258
f 2732/4443/252 2762/4444/252 2764/4427/339 2729/4428/339
f 2719/4445/262 2747/4446/262 2746/4447/262 2718/4448/262
f 2717/4449/261 2745/4450/261 2748/4451/261 2720/4452/261
f 2727/4303/264 2726/4453/264 2740/4454/264 2741/4304/264
f 2741/4455/308 2740/4456/308 2739/4457/308 2743/4458/308
f 2742/4459/266 2738/4460/266 2737/4461/266 2744/4462/266
f 2736/4463/243 2733/4221/243 2743/4224/243 2739/4464/243
f 2728/4465/264 2725/4281/264 2738/4284/264 2742/4466/264
f 2735/4274/243 2734/4467/243 2744/4468/243 2737/4275/243
f 2747/4306/243 2748/4305/243 2745/4469/243 2746/4470/243
f 2732/4471/271 2729/4472/271 2750/4473/271 2749/4474/271
f 2731/4475/270 2730/4476/270 2752/4477/270 2751/4478/270
f 2765/4479/279 2768/4480/279 2767/4481/279 2766/4482/279
f 2762/4483/278 2761/4484/278 2763/4485/278 2764/4486/278
f 2757/4487/282 2759/4243/315 2763/4246/318 2761/4488/282
f 2760/4258/321 2758/4489/280 2768/4490/280 2765/4259/321
f 2753/4324/243 2756/4491/243 2774/4492/243 2773/4325/243
f 2773/4493/284 2774/4494/284 2775/4495/284 2778/4496/284
f 2771/4497/283 2769/4498/283 2777/4499/283 2776/4500/283
f 2754/4501/243 2755/4371/243 2769/4374/243 2771/4502/243
f 2779/4503/309 2772/4385/340 2778/4388/292 2775/4504/292
f 2770/4336/311 2780/4505/311 2776/4506/290 2777/4337/290
f 2780/4505/311 2770/4336/311 2783/4390/264 2782/4507/264
f 2772/4385/340 2779/4503/309 2781/4508/264 2784/4395/264
f 2782/4509/299 2783/4510/299 2786/4511/299 2788/4512/299
f 2786/4426/336 2790/4425/341 2789/4513/342 2788/4514/336
f 2784/4515/295 2781/4516/295 2787/4517/295 2785/4518/295
f 2791/4519/343 2792/4419/343 2785/4422/330 2787/4520/330
f 2790/4425/341 2792/4419/343 2791/4519/343 2789/4513/342
f 2583/4521/325 2571/4522/325 2495/4523/325 2507/4524/325
f 2735/4525/263 2659/4526/263 2647/4527/263 2723/4528/263
o Cube.487_Cube.586
v 19.922073 1.066666 -6.735034
v 19.922073 1.066666 -2.815875
v 19.835461 1.251571 -2.902487
v 15.892756 1.251571 -2.902487
v 19.835461 1.251571 -6.648422
v 17.622622 1.251571 -6.648422
v 15.892756 1.251571 -6.998422
v 17.622622 1.251571 -6.998422
v 15.806143 1.066666 -7.085034
v 15.806143 1.066666 -2.815875
v 17.709234 1.066666 -6.735034
v 17.709234 1.066666 -7.085034
v 15.756144 1.000000 -2.765875
v 19.972073 1.000000 -6.785035
v 17.759233 1.000000 -6.785035
v 19.972073 1.066666 -6.785035
v 19.972073 1.066666 -2.765875
v 19.972073 1.000000 -2.765875
v 17.759233 1.000000 -7.135035
v 15.756144 1.000000 -7.135035
v 15.756144 1.066666 -7.135035
v 15.756144 1.066666 -2.765875
v 17.759233 1.066666 -6.785035
v 17.759233 1.066666 -7.135035
v 10.077927 1.066666 -6.735034
v 10.077927 1.066666 -2.815875
v 10.164539 1.251571 -2.902487
v 14.107244 1.251571 -2.902487
v 10.164539 1.251571 -6.648422
v 12.377378 1.251571 -6.648422
v 14.107244 1.251571 -6.998422
v 12.377378 1.251571 -6.998422
v 14.193857 1.066666 -7.085034
v 14.193857 1.066666 -2.815875
v 12.290766 1.066666 -6.735034
v 12.290766 1.066666 -7.085034
v 14.243856 1.000000 -2.765875
v 10.027927 1.000000 -6.785035
v 12.240767 1.000000 -6.785035
v 10.027927 1.066666 -6.785035
v 10.027927 1.066666 -2.765875
v 10.027927 1.000000 -2.765875
v 12.240767 1.000000 -7.135035
v 14.243856 1.000000 -7.135035
v 14.243856 1.066666 -7.135035
v 14.243856 1.066666 -2.765875
v 12.240767 1.066666 -6.785035
v 12.240767 1.066666 -7.135035
v 19.922073 1.066666 6.735034
v 19.922073 1.066666 2.815875
v 19.835461 1.251571 2.902487
v 15.892756 1.251571 2.902487
v 19.835461 1.251571 6.648422
v 17.622622 1.251571 6.648422
v 15.892756 1.251571 6.998422
v 17.622622 1.251571 6.998422
v 15.806143 1.066666 7.085034
v 15.806143 1.066666 2.815875
v 17.709234 1.066666 6.735034
v 17.709234 1.066666 7.085034
v 15.756144 1.000000 2.765875
v 19.972073 1.000000 6.785035
v 17.759233 1.000000 6.785035
v 19.972073 1.066666 6.785035
v 19.972073 1.066666 2.765875
v 19.972073 1.000000 2.765875
v 17.759233 1.000000 7.135035
v 15.756144 1.000000 7.135035
v 15.756144 1.066666 7.135035
v 15.756144 1.066666 2.765875
v 17.759233 1.066666 6.785035
v 17.759233 1.066666 7.135035
v 10.077927 1.066666 6.735034
v 10.077927 1.066666 2.815875
v 10.164539 1.251571 2.902487
v 14.107244 1.251571 2.902487
v 10.164539 1.251571 6.648422
v 12.377378 1.251571 6.648422
v 14.107244 1.251571 6.998422
v 12.377378 1.251571 6.998422
v 14.193857 1.066666 7.085034
v 14.193857 1.066666 2.815875
v 12.290766 1.066666 6.735034
v 12.290766 1.066666 7.085034
v 14.243856 1.000000 2.765875
v 10.027927 1.000000 6.785035
v 12.240767 1.000000 6.785035
v 10.027927 1.066666 6.785035
v 10.027927 1.066666 2.765875
v 10.027927 1.000000 2.765875
v 12.240767 1.000000 7.135035
v 14.243856 1.000000 7.135035
v 14.243856 1.066666 7.135035
v 14.243856 1.066666 2.765875
v 12.240767 1.066666 6.785035
v 12.240767 1.066666 7.135035
v -19.922073 1.066666 -6.735034
v -19.922073 1.066666 -2.815875
v -19.835461 1.251571 -2.902487
v -15.892756 1.251571 -2.902487
v -19.835461 1.251571 -6.648422
v -17.622622 1.251571 -6.648422
v -15.892756 1.251571 -6.998422
v -17.622622 1.251571 -6.998422
v -15.806143 1.066666 -7.085034
v -15.806143 1.066666 -2.815875
v -17.709234 1.066666 -6.735034
v -17.709234 1.066666 -7.085034
v -15.756144 1.000000 -2.765875
v -19.972073 1.000000 -6.785035
v -17.759233 1.000000 -6.785035
v -19.972073 1.066666 -6.785035
v -19.972073 1.066666 -2.765875
v -19.972073 1.000000 -2.765875
v -17.759233 1.000000 -7.135035
v -15.756144 1.000000 -7.135035
v -15.756144 1.066666 -7.135035
v -15.756144 1.066666 -2.765875
v -17.759233 1.066666 -6.785035
v -17.759233 1.066666 -7.135035
v -10.077927 1.066666 -6.735034
v -10.077927 1.066666 -2.815875
v -10.164539 1.251571 -2.902487
v -14.107244 1.251571 -2.902487
v -10.164539 1.251571 -6.648422
v -12.377378 1.251571 -6.648422
v -14.107244 1.251571 -6.998422
v -12.377378 1.251571 -6.998422
v -14.193857 1.066666 -7.085034
v -14.193857 1.066666 -2.815875
v -12.290766 1.066666 -6.735034
v -12.290766 1.066666 -7.085034
v -14.243856 1.000000 -2.765875
v -10.027927 1.000000 -6.785035
v -12.240767 1.000000 -6.785035
v -10.027927 1.066666 -6.785035
v -10.027927 1.066666 -2.765875
v -10.027927 1.000000 -2.765875
v -12.240767 1.000000 -7.135035
v -14.243856 1.000000 -7.135035
v -14.243856 1.066666 -7.135035
v -14.243856 1.066666 -2.765875
v -12.240767 1.066666 -6.785035
v -12.240767 1.066666 -7.135035
v -19.922073 1.066666 6.735034
v -19.922073 1.066666 2.815875
v -19.835461 1.251571 2.902487
v -15.892756 1.251571 2.902487
v -19.835461 1.251571 6.648422
v -17.622622 1.251571 6.648422
v -15.892756 1.251571 6.998422
v -17.622622 1.251571 6.998422
v -15.806143 1.066666 7.085034
v -15.806143 1.066666 2.815875
v -17.709234 1.066666 6.735034
v -17.709234 1.066666 7.085034
v -15.756144 1.000000 2.765875
v -19.972073 1.000000 6.785035
v -17.759233 1.000000 6.785035
v -19.972073 1.066666 6.785035
v -19.972073 1.066666 2.765875
v -19.972073 1.000000 2.765875
v -17.759233 1.000000 7.135035
v -15.756144 1.000000 7.135035
v -15.756144 1.066666 7.135035
v -15.756144 1.066666 2.765875
v -17.759233 1.066666 6.785035
v -17.759233 1.066666 7.135035
v -10.077927 1.066666 6.735034
v -10.077927 1.066666 2.815875
v -10.164539 1.251571 2.902487
v -14.107244 1.251571 2.902487
v -10.164539 1.251571 6.648422
v -12.377378 1.251571 6.648422
v -14.107244 1.251571 6.998422
v -12.377378 1.251571 6.998422
v -14.193857 1.066666 7.085034
v -14.193857 1.066666 2.815875
v -12.290766 1.066666 6.735034
v -12.290766 1.066666 7.085034
v -14.243856 1.000000 2.765875
v -10.027927 1.000000 6.785035
v -12.240767 1.000000 6.785035
v -10.027927 1.066666 6.785035
v -10.027927 1.066666 2.765875
v -10.027927 1.000000 2.765875
v -12.240767 1.000000 7.135035
v -14.243856 1.000000 7.135035
v -14.243856 1.066666 7.135035
v -14.243856 1.066666 2.765875
v -12.240767 1.066666 6.785035
v -12.240767 1.066666 7.135035
vt 2.281622 -0.145270
vt 2.502898 -0.143339
vt 2.077813 0.254867
vt 2.499390 0.258546
vt 2.485851 0.755453
vt 2.489120 1.130018
vt 2.267844 1.131949
vt 2.091595 0.758894
vt 2.081626 -0.182016
vt 2.281928 -0.180268
vt 2.268150 1.166946
vt 2.095170 1.168456
vt 0.249853 0.604367
vt 0.241107 0.622781
vt -0.168456 0.619207
vt -0.177031 0.600642
vt 2.268150 0.380793
vt 2.276885 0.399358
vt 2.086583 0.399358
vt 2.095170 0.380793
vt 2.489120 0.380488
vt 2.497855 0.399053
vt 2.276579 0.399053
vt 2.267844 0.380488
vt 1.131949 0.619512
vt 1.140373 0.600947
vt 1.175370 0.600642
vt 1.166946 0.619207
vt 0.755453 0.622781
vt 0.746556 0.604367
vt 1.138442 0.600947
vt 1.130018 0.619512
vt 2.091595 0.622781
vt 2.082857 0.604367
vt 2.494435 0.604367
vt 2.485851 0.622781
vt 2.086583 1.177031
vt 2.276885 1.175370
vt 2.281928 1.180326
vt 2.081627 1.182074
vt 2.082857 0.750147
vt 2.077814 0.745191
vt 2.494435 0.746555
vt 2.499391 0.741512
vt 2.497855 1.138442
vt 2.502898 1.143398
vt 2.276579 1.140373
vt 2.281623 1.145329
vt 2.077814 0.604411
vt 2.077813 0.597744
vt 2.499390 0.597744
vt 2.499391 0.604411
vt 0.741512 0.604411
vt 0.741454 0.597745
vt 1.143340 0.594237
vt 1.143398 0.600904
vt 1.145329 0.600904
vt 1.145271 0.594237
vt 1.180268 0.593932
vt 1.180326 0.600598
vt 2.502898 0.399097
vt 2.502898 0.405763
vt 2.281622 0.405763
vt 2.281623 0.399097
vt 2.281928 0.399402
vt 2.281928 0.406068
vt 2.081626 0.406068
vt 2.081627 0.399402
vt 0.254867 0.597744
vt 0.254809 0.604411
vt -0.182074 0.600598
vt -0.182016 0.593932
vt 1.729796 -0.150086
vt 1.926590 0.253547
vt 1.508521 -0.152017
vt 1.505014 0.249868
vt 1.518795 0.763892
vt 1.913051 0.760452
vt 1.743340 1.136526
vt 1.522064 1.138457
vt 1.730102 -0.185083
vt 1.930403 -0.183335
vt 1.916625 1.170014
vt 1.743645 1.171524
vt 0.751554 0.604367
vt 1.178438 0.600642
vt 1.170014 0.619207
vt 0.760452 0.622781
vt 1.743645 0.380793
vt 1.916625 0.380793
vt 1.925360 0.399358
vt 1.735058 0.399358
vt 1.522064 0.380488
vt 1.743340 0.380488
vt 1.734753 0.399053
vt 1.513478 0.399053
vt -0.136526 0.619512
vt -0.171523 0.619207
vt -0.180098 0.600642
vt -0.145101 0.600947
vt 0.236108 0.622781
vt -0.138457 0.619512
vt -0.147032 0.600947
vt 0.244854 0.604367
vt 1.913051 0.622781
vt 1.518795 0.622781
vt 1.510057 0.604367
vt 1.921635 0.604367
vt 1.925360 1.178438
vt 1.930404 1.183394
vt 1.730102 1.185142
vt 1.735058 1.180098
vt 1.921635 0.751554
vt 1.926591 0.746511
vt 1.510057 0.755146
vt 1.505014 0.750190
vt 1.513478 1.147032
vt 1.508521 1.152075
vt 1.729797 1.150144
vt 1.734753 1.145101
vt 1.926591 0.604411
vt 1.505014 0.604411
vt 1.505014 0.597744
vt 1.926590 0.597744
vt 0.249810 0.604411
vt -0.152075 0.600903
vt -0.152017 0.594237
vt 0.249868 0.597744
vt -0.150144 0.600903
vt -0.185142 0.600598
vt -0.185083 0.593932
vt -0.150086 0.594237
vt 1.508521 0.399097
vt 1.729797 0.399097
vt 1.729796 0.405763
vt 1.508521 0.405763
vt 1.730102 0.399402
vt 1.930404 0.399402
vt 1.930403 0.406068
vt 1.730102 0.406068
vt 0.746453 0.597744
vt 1.183336 0.593932
vt 1.183394 0.600598
vt 0.746511 0.604411
vt 2.269781 1.211633
vt 2.072986 0.808000
vt 2.491056 1.213564
vt 2.494563 0.811679
vt 2.480785 0.175000
vt 2.086530 0.178440
vt 2.256241 -0.197634
vt 2.477516 -0.199565
vt 2.269475 1.246631
vt 2.069174 1.244883
vt 2.082956 -0.231122
vt 2.255936 -0.232631
vt 0.812985 0.609282
vt 1.239868 0.613007
vt 1.231122 0.631421
vt 0.821560 0.627847
vt 2.255936 0.631421
vt 2.082956 0.631421
vt 2.074218 0.613007
vt 2.264519 0.613007
vt 2.477516 0.631116
vt 2.256241 0.631116
vt 2.264825 0.612702
vt 2.486100 0.612702
vt -0.197634 0.631116
vt -0.232631 0.631422
vt -0.241529 0.613007
vt -0.206532 0.612702
vt 0.175000 0.627847
vt -0.199565 0.631116
vt -0.208463 0.612702
vt 0.183424 0.609282
vt 2.086530 0.372153
vt 2.480785 0.372153
vt 2.489520 0.390718
vt 2.077943 0.390718
vt 2.074218 -0.239868
vt 2.069174 -0.244824
vt 2.269476 -0.246572
vt 2.264519 -0.241529
vt 2.077943 0.187015
vt 2.072987 0.192058
vt 2.489520 0.183423
vt 2.494564 0.188379
vt 2.486100 -0.208463
vt 2.491056 -0.213506
vt 2.269781 -0.211575
vt 2.264825 -0.206532
vt 2.072987 0.390762
vt 2.494564 0.390762
vt 2.494563 0.397428
vt 2.072986 0.397428
vt 0.188380 0.609238
vt -0.213506 0.612746
vt -0.213564 0.606079
vt 0.188321 0.602572
vt -0.211575 0.612746
vt -0.246572 0.613051
vt -0.246630 0.606385
vt -0.211633 0.606079
vt 2.491056 0.612745
vt 2.269781 0.612745
vt 2.269781 0.606079
vt 2.491056 0.606079
vt 2.269476 0.613051
vt 2.069174 0.613051
vt 2.069174 0.606385
vt 2.269475 0.606385
vt 0.808000 0.602572
vt 1.244883 0.606384
vt 1.244824 0.613051
vt 0.807942 0.609238
vt 1.717955 1.206818
vt 1.496679 1.204886
vt 1.921763 0.806680
vt 1.500187 0.803001
vt 1.513730 0.183439
vt 1.510461 -0.191126
vt 1.731737 -0.193057
vt 1.907985 0.179998
vt 1.917951 1.243563
vt 1.717649 1.241815
vt 1.731431 -0.228054
vt 1.904411 -0.229564
vt 0.188422 0.609282
vt 0.179999 0.627847
vt -0.229564 0.631422
vt -0.238461 0.613007
vt 1.731431 0.631421
vt 1.722693 0.613007
vt 1.912995 0.613007
vt 1.904411 0.631421
vt 1.510461 0.631116
vt 1.501723 0.612702
vt 1.722999 0.612702
vt 1.731737 0.631116
vt 1.193057 0.631116
vt 1.201803 0.612702
vt 1.236801 0.613007
vt 1.228054 0.631421
vt 0.816561 0.627847
vt 0.807986 0.609282
vt 1.199872 0.612702
vt 1.191126 0.631116
vt 1.907985 0.372153
vt 1.916721 0.390718
vt 1.505143 0.390718
vt 1.513730 0.372153
vt 1.912995 -0.238461
vt 1.722693 -0.236801
vt 1.717650 -0.241757
vt 1.917951 -0.243505
vt 1.916721 0.188422
vt 1.921764 0.193378
vt 1.505143 0.192014
vt 1.500187 0.197057
vt 1.501723 -0.199872
vt 1.496680 -0.204828
vt 1.722999 -0.201803
vt 1.717955 -0.206759
vt 1.921764 0.390762
vt 1.921763 0.397428
vt 1.500187 0.397428
vt 1.500187 0.390762
vt 0.802943 0.609238
vt 0.803001 0.602572
vt 1.204887 0.606079
vt 1.204828 0.612745
vt 1.206759 0.612745
vt 1.206818 0.606079
vt 1.241815 0.606385
vt 1.241757 0.613051
vt 1.496680 0.612745
vt 1.496679 0.606079
vt 1.717955 0.606079
vt 1.717955 0.612745
vt 1.717650 0.613051
vt 1.717649 0.606385
vt 1.917951 0.606385
vt 1.917951 0.613051
vt 0.193320 0.602572
vt 0.193378 0.609238
vt -0.243504 0.613051
vt -0.243563 0.606385
vt -1.270089 -0.176266
vt -1.073295 0.227368
vt -1.491365 -0.178197
vt -1.494872 0.223689
vt -1.481090 0.790072
vt -1.086835 0.786631
vt -1.256546 1.162706
vt -1.477821 1.164637
vt -1.269784 -0.211263
vt -1.069482 -0.209515
vt -1.083261 1.196194
vt -1.256240 1.197703
vt 0.777734 0.604367
vt 1.204617 0.600642
vt 1.196193 0.619207
vt 0.786631 0.622781
vt -1.256240 0.380793
vt -1.083261 0.380793
vt -1.074525 0.399358
vt -1.264827 0.399358
vt -1.477821 0.380488
vt -1.256546 0.380488
vt -1.265133 0.399053
vt -1.486408 0.399053
vt -0.162706 0.619513
vt -0.197703 0.619207
vt -0.206278 0.600642
vt -0.171281 0.600947
vt 0.209928 0.622782
vt -0.164637 0.619513
vt -0.173212 0.600947
vt 0.218674 0.604367
vt -1.086835 0.622781
vt -1.481090 0.622781
vt -1.489828 0.604367
vt -1.078251 0.604367
vt -1.074525 1.204617
vt -1.069482 1.209573
vt -1.269783 1.211321
vt -1.264827 1.206278
vt -1.078251 0.777734
vt -1.073295 0.772691
vt -1.489828 0.781326
vt -1.494871 0.776370
vt -1.486408 1.173212
vt -1.491364 1.178255
vt -1.270089 1.176324
vt -1.265133 1.171281
vt -1.073295 0.604411
vt -1.494871 0.604411
vt -1.494872 0.597744
vt -1.073295 0.597744
vt 0.223630 0.604411
vt -0.178255 0.600904
vt -0.178197 0.594237
vt 0.223689 0.597745
vt -0.176324 0.600904
vt -0.211321 0.600598
vt -0.211263 0.593932
vt -0.176266 0.594237
vt -1.491364 0.399097
vt -1.270089 0.399097
vt -1.270089 0.405763
vt -1.491365 0.405763
vt -1.269783 0.399402
vt -1.069482 0.399402
vt -1.069482 0.406068
vt -1.269784 0.406068
vt 0.772632 0.597744
vt 1.209515 0.593932
vt 1.209573 0.600598
vt 0.772690 0.604411
vt -0.718264 -0.171450
vt -0.496988 -0.169519
vt -0.922072 0.228687
vt -0.500495 0.232366
vt -0.514035 0.781633
vt -0.510766 1.156198
vt -0.732042 1.158128
vt -0.908290 0.785073
vt -0.918259 -0.208195
vt -0.717958 -0.206447
vt -0.731736 1.193126
vt -0.904716 1.194635
vt 0.223673 0.604367
vt 0.214927 0.622781
vt -0.194635 0.619207
vt -0.203210 0.600642
vt -0.731736 0.380793
vt -0.723001 0.399358
vt -0.913303 0.399358
vt -0.904716 0.380793
vt -0.510766 0.380488
vt -0.502031 0.399053
vt -0.723306 0.399053
vt -0.732042 0.380488
vt 1.158128 0.619512
vt 1.166552 0.600947
vt 1.201549 0.600642
vt 1.193126 0.619207
vt 0.781632 0.622781
vt 0.772735 0.604367
vt 1.164621 0.600947
vt 1.156197 0.619512
vt -0.908290 0.622781
vt -0.917028 0.604367
vt -0.505451 0.604367
vt -0.514035 0.622781
vt -0.913303 1.203210
vt -0.723001 1.201550
vt -0.717958 1.206506
vt -0.918259 1.208254
vt -0.917028 0.776327
vt -0.922072 0.771371
vt -0.505451 0.772735
vt -0.500495 0.767692
vt -0.502031 1.164621
vt -0.496988 1.169577
vt -0.723306 1.166552
vt -0.718263 1.171508
vt -0.922072 0.604411
vt -0.922072 0.597744
vt -0.500495 0.597744
vt -0.500495 0.604411
vt 0.767692 0.604411
vt 0.767633 0.597744
vt 1.169519 0.594237
vt 1.169577 0.600904
vt 1.171508 0.600904
vt 1.171450 0.594237
vt 1.206447 0.593932
vt 1.206505 0.600598
vt -0.496988 0.399097
vt -0.496988 0.405763
vt -0.718264 0.405763
vt -0.718263 0.399097
vt -0.717958 0.399402
vt -0.717958 0.406068
vt -0.918259 0.406068
vt -0.918259 0.399402
vt 0.228687 0.597745
vt 0.228629 0.604411
vt -0.208254 0.600598
vt -0.208195 0.593932
vt -1.281931 1.180638
vt -1.503206 1.178707
vt -1.078122 0.780500
vt -1.499699 0.776821
vt -1.486156 0.209619
vt -1.489424 -0.164946
vt -1.268149 -0.166877
vt -1.091900 0.206178
vt -1.081935 1.217383
vt -1.282236 1.215635
vt -1.268454 -0.201875
vt -1.095474 -0.203384
vt 0.214602 0.609282
vt 0.206178 0.627847
vt -0.203384 0.631421
vt -0.212282 0.613007
vt -1.268454 0.631421
vt -1.277192 0.613007
vt -1.086890 0.613007
vt -1.095474 0.631421
vt -1.489424 0.631116
vt -1.498162 0.612702
vt -1.276887 0.612702
vt -1.268149 0.631116
vt 1.166877 0.631116
vt 1.175624 0.612702
vt 1.210621 0.613007
vt 1.201874 0.631422
vt 0.790381 0.627847
vt 0.781806 0.609282
vt 1.173693 0.612702
vt 1.164946 0.631116
vt -1.091900 0.372153
vt -1.083165 0.390718
vt -1.494742 0.390718
vt -1.486156 0.372153
vt -1.086890 -0.212282
vt -1.277192 -0.210621
vt -1.282236 -0.215577
vt -1.081934 -0.217325
vt -1.083165 0.214602
vt -1.078122 0.219558
vt -1.494742 0.218194
vt -1.499698 0.223237
vt -1.498162 -0.173693
vt -1.503206 -0.178649
vt -1.276887 -0.175624
vt -1.281930 -0.180580
vt -1.078122 0.390762
vt -1.078122 0.397428
vt -1.499699 0.397428
vt -1.499698 0.390762
vt 0.776763 0.609238
vt 0.776821 0.602572
vt 1.178707 0.606079
vt 1.178649 0.612746
vt 1.180580 0.612746
vt 1.180638 0.606079
vt 1.215635 0.606385
vt 1.215577 0.613051
vt -1.503206 0.612745
vt -1.503206 0.606079
vt -1.281931 0.606079
vt -1.281930 0.612745
vt -1.282236 0.613051
vt -1.282236 0.606385
vt -1.081935 0.606385
vt -1.081934 0.613051
vt 0.219499 0.602572
vt 0.219558 0.609238
vt -0.217325 0.613051
vt -0.217383 0.606385
vt -0.730105 1.185454
vt -0.926899 0.781820
vt -0.508830 1.187385
vt -0.505322 0.785499
vt -0.519100 0.201179
vt -0.913356 0.204620
vt -0.743645 -0.171455
vt -0.522369 -0.173386
vt -0.730411 1.220451
vt -0.930712 1.218703
vt -0.916930 -0.204942
vt -0.743950 -0.206452
vt 0.786805 0.609282
vt 1.213689 0.613007
vt 1.204942 0.631422
vt 0.795380 0.627847
vt -0.743950 0.631421
vt -0.916930 0.631421
vt -0.925668 0.613007
vt -0.735366 0.613007
vt -0.522369 0.631116
vt -0.743645 0.631116
vt -0.735061 0.612702
vt -0.513785 0.612702
vt -0.171455 0.631116
vt -0.206452 0.631421
vt -0.215350 0.613007
vt -0.180352 0.612702
vt 0.201179 0.627847
vt -0.173386 0.631116
vt -0.182283 0.612702
vt 0.209603 0.609282
vt -0.913356 0.372153
vt -0.519100 0.372153
vt -0.510365 0.390718
vt -0.921943 0.390718
vt -0.925668 -0.213689
vt -0.930711 -0.218645
vt -0.730410 -0.220393
vt -0.735366 -0.215349
vt -0.921943 0.213195
vt -0.926899 0.218238
vt -0.510365 0.209603
vt -0.505322 0.214559
vt -0.513785 -0.182283
vt -0.508829 -0.187326
vt -0.730105 -0.185395
vt -0.735061 -0.180352
vt -0.926899 0.390762
vt -0.505322 0.390762
vt -0.505322 0.397428
vt -0.926899 0.397428
vt 0.214559 0.609238
vt -0.187327 0.612746
vt -0.187385 0.606079
vt 0.214501 0.602572
vt -0.185396 0.612746
vt -0.220393 0.613051
vt -0.220451 0.606385
vt -0.185454 0.606079
vt -0.508829 0.612745
vt -0.730105 0.612745
vt -0.730105 0.606079
vt -0.508830 0.606079
vt -0.730410 0.613051
vt -0.930711 0.613051
vt -0.930712 0.606385
vt -0.730411 0.606385
vt 0.781820 0.602572
vt 1.218703 0.606385
vt 1.218645 0.613051
vt 0.781762 0.609238
vn 0.0000 -1.0000 0.0000
vn 0.0000 1.0000 -0.0000
vn -0.9056 0.4242 0.0000
vn 0.0000 0.4242 -0.9056
vn 0.9056 0.4242 0.0000
vn 0.0000 0.4242 0.9056
vn 0.0000 0.0000 1.0000
vn 1.0000 0.0000 0.0000
vn 0.0000 0.0000 -1.0000
vn -1.0000 0.0000 0.0000
usemtl sandstone
s 1
f 2807/4529/344 2806/4530/344 2805/4531/344
f 2810/4532/344 2805/4531/344 2806/4530/344
f 2795/4533/345 2797/4534/345 2798/4535/345 2796/4536/345
f 2805/4531/344 2812/4537/344 2811/4538/344 2807/4529/344
f 2796/4536/345 2798/4535/345 2800/4539/345 2799/4540/345
f 2802/4541/346 2796/4542/346 2799/4543/346 2801/4544/346
f 2800/4545/347 2804/4546/347 2801/4547/347 2799/4548/347
f 2797/4549/347 2793/4550/347 2803/4551/347 2798/4552/347
f 2798/4553/348 2803/4554/348 2804/4555/348 2800/4556/348
f 2795/4557/348 2794/4558/348 2793/4559/348 2797/4560/348
f 2796/4561/349 2802/4562/349 2794/4563/349 2795/4564/349
f 2801/4565/345 2804/4566/345 2816/4567/345 2813/4568/345
f 2802/4569/345 2801/4565/345 2813/4568/345 2814/4570/345
f 2794/4571/345 2802/4569/345 2814/4570/345 2809/4572/345
f 2793/4573/345 2794/4571/345 2809/4572/345 2808/4574/345
f 2804/4566/345 2803/4575/345 2815/4576/345 2816/4567/345
f 2814/4577/350 2805/4578/350 2810/4579/350 2809/4580/350
f 2809/4581/351 2810/4582/351 2806/4583/351 2808/4584/351
f 2815/4585/351 2807/4586/351 2811/4587/351 2816/4588/351
f 2808/4589/352 2806/4590/352 2807/4591/352 2815/4592/352
f 2816/4593/352 2811/4594/352 2812/4595/352 2813/4596/352
f 2805/4597/353 2814/4598/353 2813/4599/353 2812/4600/353
f 2803/4575/345 2793/4573/345 2808/4574/345 2815/4576/345
f 2831/4601/344 2829/4602/344 2830/4603/344
f 2834/4604/344 2830/4603/344 2829/4602/344
f 2819/4605/345 2820/4606/345 2822/4607/345 2821/4608/345
f 2829/4602/344 2831/4601/344 2835/4609/344 2836/4610/344
f 2820/4606/345 2823/4611/345 2824/4612/345 2822/4607/345
f 2826/4613/348 2825/4614/348 2823/4615/348 2820/4616/348
f 2824/4617/347 2823/4618/347 2825/4619/347 2828/4620/347
f 2821/4621/347 2822/4622/347 2827/4623/347 2817/4624/347
f 2822/4625/346 2824/4626/346 2828/4627/346 2827/4628/346
f 2819/4629/346 2821/4630/346 2817/4631/346 2818/4632/346
f 2820/4633/349 2819/4634/349 2818/4635/349 2826/4636/349
f 2825/4637/345 2837/4638/345 2840/4639/345 2828/4640/345
f 2826/4641/345 2838/4642/345 2837/4638/345 2825/4637/345
f 2818/4643/345 2833/4644/345 2838/4642/345 2826/4641/345
f 2817/4645/345 2832/4646/345 2833/4644/345 2818/4643/345
f 2828/4640/345 2840/4639/345 2839/4647/345 2827/4648/345
f 2838/4649/350 2833/4650/350 2834/4651/350 2829/4652/350
f 2833/4653/353 2832/4654/353 2830/4655/353 2834/4656/353
f 2839/4657/353 2840/4658/353 2835/4659/353 2831/4660/353
f 2832/4661/352 2839/4662/352 2831/4663/352 2830/4664/352
f 2840/4665/352 2837/4666/352 2836/4667/352 2835/4668/352
f 2829/4669/351 2836/4670/351 2837/4671/351 2838/4672/351
f 2827/4648/345 2839/4647/345 2832/4646/345 2817/4645/345
f 2855/4673/344 2853/4674/344 2854/4675/344
f 2858/4676/344 2854/4675/344 2853/4674/344
f 2843/4677/345 2844/4678/345 2846/4679/345 2845/4680/345
f 2853/4674/344 2855/4673/344 2859/4681/344 2860/4682/344
f 2844/4678/345 2847/4683/345 2848/4684/345 2846/4679/345
f 2850/4685/346 2849/4686/346 2847/4687/346 2844/4688/346
f 2848/4689/349 2847/4690/349 2849/4691/349 2852/4692/349
f 2845/4693/349 2846/4694/349 2851/4695/349 2841/4696/349
f 2846/4697/348 2848/4698/348 2852/4699/348 2851/4700/348
f 2843/4701/348 2845/4702/348 2841/4703/348 2842/4704/348
f 2844/4705/347 2843/4706/347 2842/4707/347 2850/4708/347
f 2849/4709/345 2861/4710/345 2864/4711/345 2852/4712/345
f 2850/4713/345 2862/4714/345 2861/4710/345 2849/4709/345
f 2842/4715/345 2857/4716/345 2862/4714/345 2850/4713/345
f 2841/4717/345 2856/4718/345 2857/4716/345 2842/4715/345
f 2852/4712/345 2864/4711/345 2863/4719/345 2851/4720/345
f 2862/4721/352 2857/4722/352 2858/4723/352 2853/4724/352
f 2857/4725/351 2856/4726/351 2854/4727/351 2858/4728/351
f 2863/4729/351 2864/4730/351 2859/4731/351 2855/4732/351
f 2856/4733/350 2863/4734/350 2855/4735/350 2854/4736/350
f 2864/4737/350 2861/4738/350 2860/4739/350 2859/4740/350
f 2853/4741/353 2860/4742/353 2861/4743/353 2862/4744/353
f 2851/4720/345 2863/4719/345 2856/4718/345 2841/4717/345
f 2879/4745/344 2878/4746/344 2877/4747/344
f 2882/4748/344 2877/4747/344 2878/4746/344
f 2867/4749/345 2869/4750/345 2870/4751/345 2868/4752/345
f 2877/4747/344 2884/4753/344 2883/4754/344 2879/4745/344
f 2868/4752/345 2870/4751/345 2872/4755/345 2871/4756/345
f 2874/4757/348 2868/4758/348 2871/4759/348 2873/4760/348
f 2872/4761/349 2876/4762/349 2873/4763/349 2871/4764/349
f 2869/4765/349 2865/4766/349 2875/4767/349 2870/4768/349
f 2870/4769/346 2875/4770/346 2876/4771/346 2872/4772/346
f 2867/4773/346 2866/4774/346 2865/4775/346 2869/4776/346
f 2868/4777/347 2874/4778/347 2866/4779/347 2867/4780/347
f 2873/4781/345 2876/4782/345 2888/4783/345 2885/4784/345
f 2874/4785/345 2873/4781/345 2885/4784/345 2886/4786/345
f 2866/4787/345 2874/4785/345 2886/4786/345 2881/4788/345
f 2865/4789/345 2866/4787/345 2881/4788/345 2880/4790/345
f 2876/4782/345 2875/4791/345 2887/4792/345 2888/4783/345
f 2886/4793/352 2877/4794/352 2882/4795/352 2881/4796/352
f 2881/4797/353 2882/4798/353 2878/4799/353 2880/4800/353
f 2887/4801/353 2879/4802/353 2883/4803/353 2888/4804/353
f 2880/4805/350 2878/4806/350 2879/4807/350 2887/4808/350
f 2888/4809/350 2883/4810/350 2884/4811/350 2885/4812/350
f 2877/4813/351 2886/4814/351 2885/4815/351 2884/4816/351
f 2875/4791/345 2865/4789/345 2880/4790/345 2887/4792/345
f 2903/4817/344 2901/4818/344 2902/4819/344
f 2906/4820/344 2902/4819/344 2901/4818/344
f 2891/4821/345 2892/4822/345 2894/4823/345 2893/4824/345
f 2901/4818/344 2903/4817/344 2907/4825/344 2908/4826/344
f 2892/4822/345 2895/4827/345 2896/4828/345 2894/4823/345
f 2898/4829/348 2897/4830/348 2895/4831/348 2892/4832/348
f 2896/4833/347 2895/4834/347 2897/4835/347 2900/4836/347
f 2893/4837/347 2894/4838/347 2899/4839/347 2889/4840/347
f 2894/4841/346 2896/4842/346 2900/4843/346 2899/4844/346
f 2891/4845/346 2893/4846/346 2889/4847/346 2890/4848/346
f 2892/4849/349 2891/4850/349 2890/4851/349 2898/4852/349
f 2897/4853/345 2909/4854/345 2912/4855/345 2900/4856/345
f 2898/4857/345 2910/4858/345 2909/4854/345 2897/4853/345
f 2890/4859/345 2905/4860/345 2910/4858/345 2898/4857/345
f 2889/4861/345 2904/4862/345 2905/4860/345 2890/4859/345
f 2900/4856/345 2912/4855/345 2911/4863/345 2899/4864/345
f 2910/4865/350 2905/4866/350 2906/4867/350 2901/4868/350
f 2905/4869/353 2904/4870/353 2902/4871/353 2906/4872/353
f 2911/4873/353 2912/4874/353 2907/4875/353 2903/4876/353
f 2904/4877/352 2911/4878/352 2903/4879/352 2902/4880/352
f 2912/4881/352 2909/4882/352 2908/4883/352 2907/4884/352
f 2901/4885/351 2908/4886/351 2909/4887/351 2910/4888/351
f 2899/4864/345 2911/4863/345 2904/4862/345 2889/4861/345
f 2927/4889/344 2926/4890/344 2925/4891/344
f 2930/4892/344 2925/4891/344 2926/4890/344
f 2915/4893/345 2917/4894/345 2918/4895/345 2916/4896/345
f 2925/4891/344 2932/4897/344 2931/4898/344 2927/4889/344
f 2916/4896/345 2918/4895/345 2920/4899/345 2919/4900/345
f 2922/4901/346 2916/4902/346 2919/4903/346 2921/4904/346
f 2920/4905/347 2924/4906/347 2921/4907/347 2919/4908/347
f 2917/4909/347 2913/4910/347 2923/4911/347 2918/4912/347
f 2918/4913/348 2923/4914/348 2924/4915/348 2920/4916/348
f 2915/4917/348 2914/4918/348 2913/4919/348 2917/4920/348
f 2916/4921/349 2922/4922/349 2914/4923/349 2915/4924/349
f 2921/4925/345 2924/4926/345 2936/4927/345 2933/4928/345
f 2922/4929/345 2921/4925/345 2933/4928/345 2934/4930/345
f 2914/4931/345 2922/4929/345 2934/4930/345 2929/4932/345
f 2913/4933/345 2914/4931/345 2929/4932/345 2928/4934/345
f 2924/4926/345 2923/4935/345 2935/4936/345 2936/4927/345
f 2934/4937/350 2925/4938/350 2930/4939/350 2929/4940/350
f 2929/4941/351 2930/4942/351 2926/4943/351 2928/4944/351
f 2935/4945/351 2927/4946/351 2931/4947/351 2936/4948/351
f 2928/4949/352 2926/4950/352 2927/4951/352 2935/4952/352
f 2936/4953/352 2931/4954/352 2932/4955/352 2933/4956/352
f 2925/4957/353 2934/4958/353 2933/4959/353 2932/4960/353
f 2923/4935/345 2913/4933/345 2928/4934/345 2935/4936/345
f 2951/4961/344 2950/4962/344 2949/4963/344
f 2954/4964/344 2949/4963/344 2950/4962/344
f 2939/4965/345 2941/4966/345 2942/4967/345 2940/4968/345
f 2949/4963/344 2956/4969/344 2955/4970/344 2951/4961/344
f 2940/4968/345 2942/4967/345 2944/4971/345 2943/4972/345
f 2946/4973/348 2940/4974/348 2943/4975/348 2945/4976/348
f 2944/4977/349 2948/4978/349 2945/4979/349 2943/4980/349
f 2941/4981/349 2937/4982/349 2947/4983/349 2942/4984/349
f 2942/4985/346 2947/4986/346 2948/4987/346 2944/4988/346
f 2939/4989/346 2938/4990/346 2937/4991/346 2941/4992/346
f 2940/4993/347 2946/4994/347 2938/4995/347 2939/4996/347
f 2945/4997/345 2948/4998/345 2960/4999/345 2957/5000/345
f 2946/5001/345 2945/4997/345 2957/5000/345 2958/5002/345
f 2938/5003/345 2946/5001/345 2958/5002/345 2953/5004/345
f 2937/5005/345 2938/5003/345 2953/5004/345 2952/5006/345
f 2948/4998/345 2947/5007/345 2959/5008/345 2960/4999/345
f 2958/5009/352 2949/5010/352 2954/5011/352 2953/5012/352
f 2953/5013/353 2954/5014/353 2950/5015/353 2952/5016/353
f 2959/5017/353 2951/5018/353 2955/5019/353 2960/5020/353
f 2952/5021/350 2950/5022/350 2951/5023/350 2959/5024/350
f 2960/5025/350 2955/5026/350 2956/5027/350 2957/5028/350
f 2949/5029/351 2958/5030/351 2957/5031/351 2956/5032/351
f 2947/5007/345 2937/5005/345 2952/5006/345 2959/5008/345
f 2975/5033/344 2973/5034/344 2974/5035/344
f 2978/5036/344 2974/5035/344 2973/5034/344
f 2963/5037/345 2964/5038/345 2966/5039/345 2965/5040/345
f 2973/5034/344 2975/5033/344 2979/5041/344 2980/5042/344
f 2964/5038/345 2967/5043/345 2968/5044/345 2966/5039/345
f 2970/5045/346 2969/5046/346 2967/5047/346 2964/5048/346
f 2968/5049/349 2967/5050/349 2969/5051/349 2972/5052/349
f 2965/5053/349 2966/5054/349 2971/5055/349 2961/5056/349
f 2966/5057/348 2968/5058/348 2972/5059/348 2971/5060/348
f 2963/5061/348 2965/5062/348 2961/5063/348 2962/5064/348
f 2964/5065/347 2963/5066/347 2962/5067/347 2970/5068/347
f 2969/5069/345 2981/5070/345 2984/5071/345 2972/5072/345
f 2970/5073/345 2982/5074/345 2981/5070/345 2969/5069/345
f 2962/5075/345 2977/5076/345 2982/5074/345 2970/5073/345
f 2961/5077/345 2976/5078/345 2977/5076/345 2962/5075/345
f 2972/5072/345 2984/5071/345 2983/5079/345 2971/5080/345
f 2982/5081/352 2977/5082/352 2978/5083/352 2973/5084/352
f 2977/5085/351 2976/5086/351 2974/5087/351 2978/5088/351
f 2983/5089/351 2984/5090/351 2979/5091/351 2975/5092/351
f 2976/5093/350 2983/5094/350 2975/5095/350 2974/5096/350
f 2984/5097/350 2981/5098/350 2980/5099/350 2979/5100/350
f 2973/5101/353 2980/5102/353 2981/5103/353 2982/5104/353
f 2971/5080/345 2983/5079/345 2976/5078/345 2961/5077/345
o Cube.488_Cube.587
v 19.825001 1.000000 -16.075001
v 19.825001 1.100000 -16.075001
v 18.520000 1.000000 -14.770000
v 18.520000 1.100000 -14.770000
v 18.520000 1.100000 -6.590612
v 19.825001 1.100000 -6.590612
v 18.520000 1.000000 -6.590612
v 19.825001 1.000000 -6.590612
v -19.825001 1.000000 -16.075001
v -19.825001 1.100000 -16.075001
v -18.520000 1.000000 -14.770000
v -18.520000 1.100000 -14.770000
v -18.520000 1.100000 -6.590612
v -19.825001 1.100000 -6.590612
v -18.520000 1.000000 -6.590612
v -19.825001 1.000000 -6.590612
v 19.825001 1.000000 16.075001
v 19.825001 1.100000 16.075001
v 18.520000 1.000000 14.770000
v 18.520000 1.100000 14.770000
v 18.520000 1.100000 6.590612
v 19.825001 1.100000 6.590612
v 18.520000 1.000000 6.590612
v 19.825001 1.000000 6.590612
v -19.825001 1.000000 16.075001
v -19.825001 1.100000 16.075001
v -18.520000 1.000000 14.770000
v -18.520000 1.100000 14.770000
v -18.520000 1.100000 6.590612
v -19.825001 1.100000 6.590612
v -18.520000 1.000000 6.590612
v -19.825001 1.000000 6.590612
vt -1.339195 0.597269
vt -1.339195 0.587269
vt 2.364664 0.587269
vt 2.364664 0.597269
vt -0.125253 0.604406
vt -0.943129 0.597268
vt -0.943042 0.587269
vt -0.125166 0.594407
vt 2.496298 2.072481
vt -1.468551 2.107082
vt -1.339195 1.975453
vt 2.364664 1.943130
vt 2.072481 0.596130
vt 1.124114 0.604406
vt 1.124027 0.594407
vt 2.072394 0.586130
vt 2.357527 1.125253
vt 2.488022 1.124114
vt 2.468244 0.624186
vt -1.496605 0.624186
vt -1.496606 0.614186
vt 2.468243 0.614186
vt 1.157576 0.604406
vt 1.157489 0.594407
vt 1.975365 0.587269
vt 1.975452 0.597269
vt -1.107082 0.596130
vt -1.106994 0.586130
vt -0.158628 0.594407
vt -0.158715 0.604407
vt -1.476827 1.158715
vt -1.346332 1.157576
vt -1.364972 0.376953
vt 2.338887 0.376953
vt 2.338886 0.386953
vt -1.364972 0.386953
vt 1.192769 0.615909
vt 1.192856 0.605909
vt 2.010733 0.613047
vt 2.010646 0.623047
vt 2.338887 -1.010646
vt -1.364972 -0.978323
vt -1.496605 -1.107674
vt 2.468244 -1.142274
vt -1.142274 0.624186
vt -1.142362 0.614186
vt -0.193995 0.605910
vt -0.193908 0.615909
vt 2.476520 -0.193908
vt 2.346025 -0.192769
vt -0.160446 0.615909
vt -0.978323 0.623047
vt -0.978410 0.613047
vt -0.160533 0.605909
vt 2.107674 0.624186
vt 1.159307 0.615909
vt 1.159394 0.605910
vt 2.107761 0.614186
vt -1.357834 -0.160446
vt -1.488329 -0.159307
vt 2.496298 0.413870
vt -1.468551 0.413870
vt -1.468551 0.403870
vt 2.496298 0.403870
vn 0.0000 0.0000 1.0000
vn -1.0000 0.0000 0.0000
vn 0.0000 1.0000 -0.0000
vn 1.0000 0.0000 0.0000
vn 0.0000 0.0000 -1.0000
usemtl sandstone
s 1
f 2996/5105/354 2995/5106/354 2987/5107/354 2988/5108/354
f 2989/5109/355 2988/5110/355 2987/5111/355 2991/5112/355
f 2986/5113/356 2994/5114/356 2996/5115/356 2988/5116/356
f 2986/5117/357 2990/5118/357 2992/5119/357 2985/5120/357
f 2986/5113/356 2988/5116/356 2989/5121/356 2990/5122/356
f 3002/5123/354 3010/5124/354 3009/5125/354 3001/5126/354
f 2997/5127/357 2999/5128/357 2995/5129/357 2996/5130/357
f 2994/5131/355 2993/5132/355 3000/5133/355 2998/5134/355
f 2994/5114/356 2998/5135/356 2997/5136/356 2996/5115/356
f 3012/5137/358 3004/5138/358 3003/5139/358 3011/5140/358
f 3005/5141/355 3007/5142/355 3003/5143/355 3004/5144/355
f 3004/5145/356 3012/5146/356 3010/5147/356 3002/5148/356
f 3002/5149/357 3001/5150/357 3008/5151/357 3006/5152/357
f 3002/5148/356 3006/5153/356 3005/5154/356 3004/5145/356
f 3013/5155/357 3012/5156/357 3011/5157/357 3015/5158/357
f 3010/5159/355 3014/5160/355 3016/5161/355 3009/5162/355
f 3010/5147/356 3012/5146/356 3013/5163/356 3014/5164/356
f 2985/5165/358 2993/5166/358 2994/5167/358 2986/5168/358
o Cube.489_Cube.588
v 7.930984 0.800000 -6.382163
v 8.430984 1.000000 -6.882163
v 8.430984 0.800000 -6.882163
v 7.930984 0.600000 -6.382163
v 20.600000 0.800000 -16.850000
v 21.225000 0.600000 -17.475000
v 21.850000 0.400000 -18.100000
v 20.600000 0.933333 -16.850000
v 21.910000 0.600000 -18.160000
v 21.225000 0.733333 -17.475000
v 21.285000 0.800000 -17.535000
v 21.850000 0.533333 -18.100000
v 20.660000 1.000000 -16.910000
v 20.660000 0.933333 -16.910000
v 21.285000 0.733333 -17.535000
v 21.910000 0.533333 -18.160000
v -7.930984 0.800000 -6.382163
v -8.430984 1.000000 -6.882163
v -8.430984 0.800000 -6.882163
v -7.930984 0.600000 -6.382163
v -20.600000 0.800000 -16.850000
v -21.225000 0.600000 -17.475000
v -21.850000 0.400000 -18.100000
v -20.600000 0.933333 -16.850000
v -21.910000 0.600000 -18.160000
v -21.225000 0.733333 -17.475000
v -21.285000 0.800000 -17.535000
v -21.850000 0.533333 -18.100000
v -20.660000 1.000000 -16.910000
v -20.660000 0.933333 -16.910000
v -21.285000 0.733333 -17.535000
v -21.910000 0.533333 -18.160000
v 7.930984 0.800000 6.382163
v 8.430984 1.000000 6.882163
v 8.430984 0.800000 6.882163
v 7.930984 0.600000 6.382163
v 20.600000 0.800000 16.850000
v 21.225000 0.600000 17.475000
v 21.850000 0.400000 18.100000
v 20.600000 0.933333 16.850000
v 21.910000 0.600000 18.160000
v 21.225000 0.733333 17.475000
v 21.285000 0.800000 17.535000
v 21.850000 0.533333 18.100000
v 20.660000 1.000000 16.910000
v 20.660000 0.933333 16.910000
v 21.285000 0.733333 17.535000
v 21.910000 0.533333 18.160000
v -7.930984 0.800000 6.382163
v -8.430984 1.000000 6.882163
v -8.430984 0.800000 6.882163
v -7.930984 0.600000 6.382163
v -20.600000 0.800000 16.850000
v -21.225000 0.600000 17.475000
v -21.850000 0.400000 18.100000
v -20.600000 0.933333 16.850000
v -21.910000 0.600000 18.160000
v -21.225000 0.733333 17.475000
v -21.285000 0.800000 17.535000
v -21.850000 0.533333 18.100000
v -20.660000 1.000000 16.910000
v -20.660000 0.933333 16.910000
v -21.285000 0.733333 17.535000
v -21.910000 0.533333 18.160000
vt -0.162948 0.574153
vt 1.213380 0.586165
vt 1.213205 0.606164
vt -0.163123 0.594152
vt 1.287343 -0.162947
vt 1.336905 -0.213379
vt 1.348916 1.162948
vt 1.298481 1.113389
vt -0.337217 0.574153
vt 1.348916 0.574153
vt 1.348917 0.594152
vt -0.337215 0.594152
vt 1.348917 1.163123
vt 1.336906 -0.213205
vt 2.551011 -1.226584
vt 2.580523 2.155159
vt -0.337217 1.177663
vt -0.287655 1.127231
vt -0.113214 0.554590
vt 1.163122 0.565729
vt 1.162947 0.585728
vt -0.113388 0.574589
vt 2.607014 2.283805
vt 2.637512 -1.210929
vt 2.643564 -1.216876
vt 2.612961 2.289857
vt 2.580523 0.421265
vt -1.551320 0.421265
vt -1.551320 0.414599
vt 2.580523 0.414599
vt -1.607327 2.247856
vt 2.637511 2.210812
vt 2.706606 2.278709
vt -1.675227 2.316949
vt -1.289799 0.595461
vt -1.289857 0.588795
vt 2.216876 0.558190
vt 2.216934 0.564857
vt -0.337215 1.177837
vt -1.551320 2.191216
vt -1.607327 -1.247973
vt -1.613274 -1.254025
vt 2.155159 0.585402
vt -1.226584 0.614915
vt -1.226642 0.608248
vt 2.155101 0.578735
vt -1.283805 0.588742
vt -1.283922 0.575409
vt 2.210812 0.544910
vt 2.210929 0.558243
vt -1.220590 0.608196
vt -1.220706 0.594863
vt 2.149037 0.565455
vt 2.149153 0.578788
vt 1.177837 0.594152
vt -0.198490 0.606164
vt -0.198665 0.586165
vt 1.177663 0.574153
vt -1.545373 2.184990
vt 2.574470 2.149037
vt 2.643565 2.216934
vt -1.613273 2.254083
vt 2.545062 -1.220707
vt 2.612962 -1.289799
vt -1.669280 -1.310839
vt -1.675228 -1.316891
vt 2.706605 -1.278651
vt 2.700553 -1.272704
vt -1.353014 0.576007
vt -1.353072 0.569341
vt 2.278651 0.537646
vt 2.278709 0.544312
vt 2.668964 2.347021
vt 2.674912 2.353073
vt 2.545063 2.220590
vt 2.574471 -1.149153
vt 2.580523 -1.155100
vt 2.551011 2.226642
vt 2.643564 0.441810
vt -1.613274 0.441810
vt -1.613273 0.435143
vt 2.643565 0.435143
vt 2.574470 0.434546
vt -1.545373 0.434546
vt -1.545372 0.421213
vt 2.574471 0.421213
vt 2.700552 0.475635
vt -1.669281 0.475635
vt -1.669280 0.462302
vt 2.700553 0.462302
vt -1.347021 0.569288
vt -1.347137 0.555956
vt 2.272588 0.524365
vt 2.272704 0.537698
vt 2.637511 0.455090
vt -1.607327 0.455090
vt -1.607327 0.441757
vt 2.637512 0.441757
vt -1.545372 -1.185107
vt -1.551320 -1.191158
vt -0.287656 1.127056
vt -0.298795 -0.149280
vt 1.287342 -0.163121
vt 1.298480 1.113214
vt -0.298793 -0.149105
vt -0.349228 -0.198665
vt 1.127230 0.574589
vt -0.149105 0.585728
vt -0.149280 0.565729
vt 1.127056 0.554590
vt -1.637825 2.246761
vt -1.643877 2.252708
vt 2.607013 -1.283922
vt 2.674912 -1.353014
vt -1.580832 -1.190526
vt -0.349226 -0.198490
vt 2.668963 2.347137
vt -1.700870 2.309002
vt -1.669281 -1.310722
vt 2.700552 -1.272587
vt 2.246761 0.588742
vt -1.247973 0.558243
vt -1.247856 0.544910
vt 2.246878 0.575409
vt 2.184637 0.608196
vt -1.185107 0.578788
vt -1.184990 0.565455
vt 2.184753 0.594863
vt -0.298793 0.414272
vt 1.287343 0.414272
vt 1.287342 0.434271
vt -0.298795 0.434271
vt -1.643876 -1.252650
vt -1.574781 -1.184753
vt 2.314775 0.576007
vt -1.316949 0.544312
vt -1.316891 0.537646
vt 2.314833 0.569341
vt -1.574780 2.184637
vt -1.580832 2.190584
vt -1.191158 0.578735
vt 2.190584 0.608248
vt 2.190526 0.614915
vt -1.191217 0.585402
vt 2.308886 0.569288
vt -1.310839 0.537698
vt -1.310723 0.524365
vt 2.309002 0.555956
vt 2.252650 0.595461
vt -1.254083 0.564857
vt -1.254025 0.558191
vt 2.252708 0.588795
vt -0.349228 0.413835
vt -0.349226 0.393836
vt 1.336906 0.393836
vt 1.336905 0.413835
vt 2.674912 0.576007
vt -1.706921 0.576007
vt -1.706921 0.569341
vt 2.674912 0.569341
vt 2.706605 0.462354
vt -1.675228 0.462354
vt -1.675227 0.455688
vt 2.706606 0.455688
vt 2.607014 0.588742
vt -1.637825 0.588742
vt -1.637825 0.575409
vt 2.607013 0.575409
vt -1.637825 -1.246878
vt -1.706921 -1.314775
vt 2.668964 0.569288
vt -1.700869 0.569288
vt -1.700870 0.555955
vt 2.668963 0.555955
vt -1.700869 2.308886
vt -1.706921 2.314833
vt 2.551011 0.614915
vt -1.580832 0.614915
vt -1.580832 0.608248
vt 2.551011 0.608248
vt 2.612962 0.595461
vt -1.643876 0.595461
vt -1.643877 0.588794
vt 2.612961 0.588794
vt 2.545063 0.608196
vt -1.574780 0.608196
vt -1.574781 0.594863
vt 2.545062 0.594863
vt -0.287655 0.574589
vt -0.287656 0.554590
vt 1.298480 0.554590
vt 1.298481 0.574589
vn -1.0000 0.0000 0.0000
vn 0.0000 1.0000 0.0000
vn 0.0000 0.0000 1.0000
vn 0.0000 -1.0000 0.0000
vn 0.0000 0.0000 -1.0000
vn 1.0000 0.0000 0.0000
usemtl sandstone
s 1
f 3019/5169/359 3051/5170/359 3050/5171/359 3018/5172/359
f 3049/5173/360 3051/5174/360 3019/5175/360 3017/5176/360
f 3035/5177/361 3019/5178/361 3018/5179/361 3034/5180/361
f 3018/5181/360 3050/5182/360 3061/5183/360 3029/5184/360
f 3019/5175/360 3035/5185/360 3033/5186/360 3017/5176/360
f 3020/5187/359 3052/5188/359 3049/5189/359 3017/5190/359
f 3058/5191/362 3026/5192/362 3031/5193/362 3063/5194/362
f 3030/5195/363 3046/5196/363 3045/5197/363 3029/5198/363
f 3038/5199/360 3022/5200/360 3025/5201/360 3041/5202/360
f 3059/5203/364 3063/5204/364 3031/5205/364 3027/5206/364
f 3034/5207/360 3018/5181/360 3029/5184/360 3045/5208/360
f 3042/5209/362 3047/5210/362 3031/5193/362 3026/5192/362
f 3029/5211/364 3061/5212/364 3062/5213/364 3030/5214/364
f 3058/5215/364 3054/5216/364 3022/5217/364 3026/5218/364
f 3056/5219/364 3053/5220/364 3021/5221/364 3024/5222/364
f 3034/5223/364 3066/5224/364 3067/5225/364 3035/5226/364
f 3037/5227/360 3021/5228/360 3027/5229/360 3043/5230/360
f 3021/5228/360 3053/5231/360 3059/5232/360 3027/5229/360
f 3044/5233/362 3048/5234/362 3032/5235/362 3028/5236/362
f 3057/5237/364 3064/5238/364 3032/5239/364 3025/5240/364
f 3060/5241/362 3028/5236/362 3032/5235/362 3064/5242/362
f 3056/5243/362 3024/5244/362 3030/5245/362 3062/5246/362
f 3031/5247/363 3047/5248/363 3043/5249/363 3027/5250/363
f 3021/5251/363 3037/5252/363 3040/5253/363 3024/5254/363
f 3023/5255/363 3039/5256/363 3044/5257/363 3028/5258/363
f 3060/5259/364 3055/5260/364 3023/5261/364 3028/5262/364
f 3022/5263/363 3038/5264/363 3042/5265/363 3026/5266/363
f 3040/5267/362 3046/5268/362 3030/5245/362 3024/5244/362
f 3036/5269/360 3068/5270/360 3052/5271/360 3020/5272/360
f 3065/5273/360 3033/5186/360 3035/5185/360 3067/5274/360
f 3033/5275/364 3065/5276/364 3068/5277/364 3036/5278/364
f 3074/5279/362 3079/5280/362 3047/5210/362 3042/5209/362
f 3022/5200/360 3054/5281/360 3057/5282/360 3025/5201/360
f 3045/5208/360 3077/5283/360 3066/5284/360 3034/5207/360
f 3055/5285/362 3071/5286/362 3039/5287/362 3023/5288/362
f 3074/5289/359 3042/5290/359 3038/5291/359 3070/5292/359
f 3072/5293/359 3040/5294/359 3037/5295/359 3069/5296/359
f 3065/5297/363 3049/5298/363 3052/5299/363 3068/5300/363
f 3043/5230/360 3075/5301/360 3069/5302/360 3037/5227/360
f 3073/5303/359 3041/5304/359 3048/5305/359 3080/5306/359
f 3072/5307/362 3078/5308/362 3046/5268/362 3040/5267/362
f 3046/5309/359 3078/5310/359 3077/5311/359 3045/5312/359
f 3076/5313/359 3044/5314/359 3039/5315/359 3071/5316/359
f 3075/5317/359 3043/5318/359 3047/5319/359 3079/5320/359
f 3067/5321/363 3066/5322/363 3050/5323/363 3051/5324/363
f 3049/5173/360 3065/5273/360 3067/5274/360 3051/5174/360
f 3057/5325/361 3073/5326/361 3080/5327/361 3064/5328/361
f 3032/5329/363 3048/5330/363 3041/5331/363 3025/5332/363
f 3058/5333/361 3074/5334/361 3070/5335/361 3054/5336/361
f 3070/5337/360 3073/5338/360 3057/5282/360 3054/5281/360
f 3060/5339/361 3076/5340/361 3071/5341/361 3055/5342/361
f 3066/5284/360 3077/5283/360 3061/5183/360 3050/5182/360
f 3074/5279/362 3058/5191/362 3063/5194/362 3079/5280/362
f 3069/5302/360 3075/5301/360 3059/5232/360 3053/5231/360
f 3076/5343/362 3060/5241/362 3064/5242/362 3080/5344/362
f 3061/5345/361 3077/5346/361 3078/5347/361 3062/5348/361
f 3059/5349/361 3075/5350/361 3079/5351/361 3063/5352/361
f 3056/5353/361 3072/5354/361 3069/5355/361 3053/5356/361
f 3072/5307/362 3056/5243/362 3062/5246/362 3078/5308/362
f 3076/5343/362 3080/5344/362 3048/5234/362 3044/5233/362
f 3041/5202/360 3073/5338/360 3070/5337/360 3038/5199/360
f 3033/5357/361 3036/5358/361 3020/5359/361 3017/5360/361
o Cube.490_Cube.589
v 1.185474 1.235449 -5.268959
v 1.455334 2.001122 -4.999098
v 1.733016 2.085737 -4.721416
v 1.733016 1.619748 -4.721416
v 1.130241 0.710571 -5.267125
v 1.000194 0.600000 -5.397171
v 1.000194 0.650795 -5.397171
v 1.130241 1.173898 -5.317011
v 1.099322 1.231581 -5.357354
v 1.096942 1.170305 -5.347809
v 1.275560 2.085737 -5.178873
v 1.296087 2.001122 -5.158346
v 6.679163 1.235449 -5.268959
v 6.409303 2.001122 -4.999098
v 6.131620 2.085737 -4.721416
v 6.131620 1.619748 -4.721416
v 6.734396 0.710571 -5.267125
v 6.864443 0.600000 -5.397171
v 6.864443 0.650795 -5.397171
v 6.734396 1.173898 -5.317011
v 6.765315 1.231581 -5.357354
v 6.767695 1.170305 -5.347809
v 6.589077 2.085737 -5.178873
v 6.568550 2.001122 -5.158346
v 1.185474 1.235449 -1.128208
v 1.455334 2.001122 -1.398069
v 1.733016 2.085737 -1.675751
v 1.733016 1.619748 -1.675751
v 1.130241 0.710571 -1.130043
v 1.000194 0.600000 -0.999996
v 1.000194 0.650795 -0.999996
v 1.130241 1.173898 -1.080156
v 1.099322 1.231581 -1.039813
v 1.096942 1.170305 -1.049358
v 1.275560 2.085737 -1.218295
v 1.296087 2.001122 -1.238821
v 6.679163 1.235449 -1.128208
v 6.409303 2.001122 -1.398069
v 6.131620 2.085737 -1.675751
v 6.131620 1.619748 -1.675751
v 6.734396 0.710571 -1.130043
v 6.864443 0.600000 -0.999996
v 6.864443 0.650795 -0.999996
v 6.734396 1.173898 -1.080156
v 6.765315 1.231581 -1.039813
v 6.767695 1.170305 -1.049358
v 6.589077 2.085737 -1.218295
v 6.568550 2.001122 -1.238821
v -1.185474 1.235449 -5.268959
v -1.455334 2.001122 -4.999098
v -1.733016 2.085737 -4.721416
v -1.733016 1.619748 -4.721416
v -1.130241 0.710571 -5.267125
v -1.000194 0.600000 -5.397171
v -1.000194 0.650795 -5.397171
v -1.130241 1.173898 -5.317011
v -1.099322 1.231581 -5.357354
v -1.096942 1.170305 -5.347809
v -1.275560 2.085737 -5.178873
v -1.296087 2.001122 -5.158346
v -6.679163 1.235449 -5.268959
v -6.409303 2.001122 -4.999098
v -6.131620 2.085737 -4.721416
v -6.131620 1.619748 -4.721416
v -6.734396 0.710571 -5.267125
v -6.864443 0.600000 -5.397171
v -6.864443 0.650795 -5.397171
v -6.734396 1.173898 -5.317011
v -6.765315 1.231581 -5.357354
v -6.767695 1.170305 -5.347809
v -6.589077 2.085737 -5.178873
v -6.568550 2.001122 -5.158346
v -1.185474 1.235449 -1.128208
v -1.455334 2.001122 -1.398069
v -1.733016 2.085737 -1.675751
v -1.733016 1.619748 -1.675751
v -1.130241 0.710571 -1.130043
v -1.000194 0.600000 -0.999996
v -1.000194 0.650795 -0.999996
v -1.130241 1.173898 -1.080156
v -1.099322 1.231581 -1.039813
v -1.096942 1.170305 -1.049358
v -1.275560 2.085737 -1.218295
v -1.296087 2.001122 -1.238821
v -6.679163 1.235449 -1.128208
v -6.409303 2.001122 -1.398069
v -6.131620 2.085737 -1.675751
v -6.131620 1.619748 -1.675751
v -6.734396 0.710571 -1.130043
v -6.864443 0.600000 -0.999996
v -6.864443 0.650795 -0.999996
v -6.734396 1.173898 -1.080156
v -6.765315 1.231581 -1.039813
v -6.767695 1.170305 -1.049358
v -6.589077 2.085737 -1.218295
v -6.568550 2.001122 -1.238821
v 1.185474 1.235449 5.268959
v 1.455334 2.001122 4.999098
v 1.733016 2.085737 4.721416
v 1.733016 1.619748 4.721416
v 1.130241 0.710571 5.267125
v 1.000194 0.600000 5.397171
v 1.000194 0.650795 5.397171
v 1.130241 1.173898 5.317011
v 1.099322 1.231581 5.357354
v 1.096942 1.170305 5.347809
v 1.275560 2.085737 5.178873
v 1.296087 2.001122 5.158346
v 6.679163 1.235449 5.268959
v 6.409303 2.001122 4.999098
v 6.131620 2.085737 4.721416
v 6.131620 1.619748 4.721416
v 6.734396 0.710571 5.267125
v 6.864443 0.600000 5.397171
v 6.864443 0.650795 5.397171
v 6.734396 1.173898 5.317011
v 6.765315 1.231581 5.357354
v 6.767695 1.170305 5.347809
v 6.589077 2.085737 5.178873
v 6.568550 2.001122 5.158346
v 1.185474 1.235449 1.128208
v 1.455334 2.001122 1.398069
v 1.733016 2.085737 1.675751
v 1.733016 1.619748 1.675751
v 1.130241 0.710571 1.130043
v 1.000194 0.600000 0.999996
v 1.000194 0.650795 0.999996
v 1.130241 1.173898 1.080156
v 1.099322 1.231581 1.039813
v 1.096942 1.170305 1.049358
v 1.275560 2.085737 1.218295
v 1.296087 2.001122 1.238821
v 6.679163 1.235449 1.128208
v 6.409303 2.001122 1.398069
v 6.131620 2.085737 1.675751
v 6.131620 1.619748 1.675751
v 6.734396 0.710571 1.130043
v 6.864443 0.600000 0.999996
v 6.864443 0.650795 0.999996
v 6.734396 1.173898 1.080156
v 6.765315 1.231581 1.039813
v 6.767695 1.170305 1.049358
v 6.589077 2.085737 1.218295
v 6.568550 2.001122 1.238821
v -1.185474 1.235449 5.268959
v -1.455334 2.001122 4.999098
v -1.733016 2.085737 4.721416
v -1.733016 1.619748 4.721416
v -1.130241 0.710571 5.267125
v -1.000194 0.600000 5.397171
v -1.000194 0.650795 5.397171
v -1.130241 1.173898 5.317011
v -1.099322 1.231581 5.357354
v -1.096942 1.170305 5.347809
v -1.275560 2.085737 5.178873
v -1.296087 2.001122 5.158346
v -6.679163 1.235449 5.268959
v -6.409303 2.001122 4.999098
v -6.131620 2.085737 4.721416
v -6.131620 1.619748 4.721416
v -6.734396 0.710571 5.267125
v -6.864443 0.600000 5.397171
v -6.864443 0.650795 5.397171
v -6.734396 1.173898 5.317011
v -6.765315 1.231581 5.357354
v -6.767695 1.170305 5.347809
v -6.589077 2.085737 5.178873
v -6.568550 2.001122 5.158346
v -1.185474 1.235449 1.128208
v -1.455334 2.001122 1.398069
v -1.733016 2.085737 1.675751
v -1.733016 1.619748 1.675751
v -1.130241 0.710571 1.130043
v -1.000194 0.600000 0.999996
v -1.000194 0.650795 0.999996
v -1.130241 1.173898 1.080156
v -1.099322 1.231581 1.039813
v -1.096942 1.170305 1.049358
v -1.275560 2.085737 1.218295
v -1.296087 2.001122 1.238821
v -6.679163 1.235449 1.128208
v -6.409303 2.001122 1.398069
v -6.131620 2.085737 1.675751
v -6.131620 1.619748 1.675751
v -6.734396 0.710571 1.130043
v -6.864443 0.600000 0.999996
v -6.864443 0.650795 0.999996
v -6.734396 1.173898 1.080156
v -6.765315 1.231581 1.039813
v -6.767695 1.170305 1.049358
v -6.589077 2.085737 1.218295
v -6.568550 2.001122 1.238821
vt 0.614204 -0.016248
vt 1.181257 -0.011299
vt 1.177901 -0.008252
vt 0.617507 -0.013142
vt -0.007750 0.566620
vt 0.405927 0.570230
vt 0.410511 0.616605
vt -0.013142 0.612907
vt 0.631924 0.295792
vt 1.163256 0.295792
vt 1.161185 0.304235
vt 0.633958 0.304235
vt 0.405701 0.622718
vt 0.378284 0.699046
vt 0.018208 0.695904
vt -0.008343 0.619104
vt 1.114455 0.645475
vt 0.674611 0.649314
vt 0.628468 0.603971
vt 1.159800 0.599334
vt 1.190971 0.439471
vt 1.190970 0.444550
vt 0.604568 0.444550
vt 0.604568 0.439471
vt 0.613809 0.410511
vt 0.610453 0.413565
vt 0.613849 0.594073
vt 0.617459 1.007750
vt 0.604568 1.020815
vt 0.600731 0.581131
vt 1.177854 1.002859
vt 1.190971 1.015697
vt 0.677265 0.658010
vt 1.117109 0.658010
vt 1.117113 0.704608
vt 0.677269 0.704608
vt -0.020770 0.555450
vt 0.418914 0.559287
vt 0.418869 0.564366
vt -0.020815 0.560529
vt 0.649314 0.707265
vt 0.648907 0.660668
vt 0.953451 0.658010
vt 0.953857 0.704607
vt 1.003549 0.619104
vt 0.977469 0.695904
vt 0.617393 0.699046
vt 0.589505 0.622718
vt 0.613809 0.616605
vt 0.613849 0.570230
vt 1.174243 0.570230
vt 1.174204 0.616605
vt 0.414468 0.622408
vt -0.017254 0.618640
vt -0.016248 0.612521
vt 0.413565 0.616272
vt 0.619375 0.594299
vt 0.622988 1.008343
vt 0.614450 1.017254
vt 0.610683 0.585532
vt 0.614450 0.381360
vt 1.181028 0.381360
vt 1.181257 0.387479
vt 0.614204 0.387479
vt 1.172336 1.003549
vt 1.181028 1.012309
vt 0.394069 0.699185
vt 0.396029 0.707664
vt 0.000002 0.704208
vt 0.002146 0.695765
vt 0.646601 0.378284
vt 0.630538 0.394069
vt 0.633958 0.002146
vt 0.649743 0.018208
vt 1.015697 0.560529
vt 0.576013 0.564366
vt 0.575969 0.559287
vt 1.015653 0.555450
vt 1.141979 0.382607
vt 1.157764 0.398670
vt 1.174204 0.415401
vt 1.177506 0.418513
vt 1.117109 0.949612
vt 0.677265 0.953451
vt 0.674608 0.648907
vt 1.114451 0.645069
vt 0.604568 -0.020770
vt 1.190970 -0.015653
vt 1.187133 0.424031
vt 0.600731 0.418914
vt 1.174243 0.589183
vt 1.187134 0.576013
vt 1.117113 0.950019
vt 1.163256 0.995362
vt 0.354525 0.707265
vt 0.049981 0.704607
vt 0.050388 0.658010
vt 0.354931 0.660668
vt 1.168723 0.622718
vt 1.141979 0.699046
vt 0.646601 0.699046
vt 0.619375 0.622718
vt 1.168723 0.589505
vt 1.177260 0.580588
vt 0.580588 0.622408
vt 0.581487 0.616272
vt 1.011299 0.612521
vt 1.012309 0.618640
vt 1.145121 0.022531
vt 1.161185 0.006747
vt 0.601331 0.699185
vt 0.993253 0.695765
vt 0.995362 0.704208
vt 0.599334 0.707665
vt 0.584599 0.616605
vt 0.589183 0.570230
vt 1.002859 0.566620
vt 1.008252 0.612907
vt 0.630538 0.699185
vt 1.157764 0.699185
vt 1.159800 0.707665
vt 0.628468 0.707665
vt 1.187134 0.564366
vt 0.600731 0.564366
vt 0.600731 0.559287
vt 1.187133 0.559287
vt 0.631924 0.999998
vt 0.677269 0.953857
vt 1.145121 0.304096
vt 1.172336 0.380896
vt 0.622988 0.380896
vt 0.649743 0.304096
vt 0.674611 0.292735
vt 1.114455 0.292735
vt 1.114451 0.339332
vt 0.674608 0.339332
vt 0.610453 0.616272
vt 1.177506 0.616272
vt 1.177260 0.622408
vt 0.610683 0.622408
vt 1.177901 0.387093
vt 1.177854 0.433380
vt 0.617459 0.433380
vt 0.617507 0.387093
vt 0.394824 -0.018162
vt 0.391467 -0.015115
vt -0.168927 -0.020005
vt -0.172230 -0.023111
vt 1.009722 0.566620
vt 1.015115 0.612907
vt 0.591462 0.616605
vt 0.596046 0.570230
vt 0.376822 0.295792
vt 0.374751 0.304235
vt -0.152475 0.304235
vt -0.154509 0.295792
vt 0.596368 0.622718
vt 1.010412 0.619104
vt 0.984332 0.695904
vt 0.624256 0.699046
vt -0.111822 0.656177
vt -0.157966 0.610834
vt 0.373366 0.606197
vt 0.328021 0.652338
vt -0.181865 0.439471
vt 0.404537 0.439471
vt 0.404537 0.444550
vt -0.181866 0.444550
vt 0.387770 0.408538
vt 0.391073 0.411650
vt 0.387810 0.596046
vt 0.400700 0.582876
vt 0.404537 1.022560
vt 0.391420 1.009722
vt -0.168974 1.014613
vt -0.181865 1.027678
vt 0.330675 0.658010
vt 0.330679 0.704608
vt -0.109165 0.704608
vt -0.109168 0.658010
vt 1.022516 0.555450
vt 1.022560 0.560529
vt 0.582876 0.564366
vt 0.582832 0.559287
vt 0.347662 0.707265
vt 0.043118 0.704607
vt 0.043525 0.658010
vt 0.348068 0.660668
vt -0.015206 0.619104
vt 0.398837 0.622718
vt 0.371421 0.699046
vt 0.011345 0.695904
vt 0.387770 0.616605
vt -0.172624 0.616605
vt -0.172584 0.570230
vt 0.387810 0.570230
vt 0.587451 0.622408
vt 0.588350 0.616272
vt 1.018162 0.612521
vt 1.019172 0.618640
vt 0.382289 0.596368
vt 0.390827 0.587451
vt 0.394594 1.019172
vt 0.385902 1.010412
vt 0.394594 0.381360
vt 0.394824 0.387479
vt -0.172230 0.387479
vt -0.171983 0.381360
vt -0.171983 1.024117
vt -0.163446 1.015206
vt 0.608194 0.699185
vt 1.000116 0.695765
vt 1.002225 0.704208
vt 0.606197 0.707664
vt 0.355545 0.375744
vt 0.358688 0.015668
vt 0.374751 -0.000116
vt 0.371331 0.391806
vt -0.027678 0.560529
vt -0.027634 0.555450
vt 0.412050 0.559287
vt 0.412006 0.564366
vt -0.155896 0.387205
vt -0.139833 0.371421
vt -0.172624 0.403648
vt -0.175981 0.406701
vt -0.109168 0.960314
vt -0.111826 0.655770
vt 0.328018 0.651932
vt 0.330675 0.956475
vt 0.404537 -0.022516
vt 0.400700 0.417168
vt -0.185703 0.412051
vt -0.181866 -0.027633
vt -0.172584 0.600936
vt -0.185703 0.587994
vt -0.109165 0.960720
vt -0.154509 1.006862
vt 0.656177 0.707265
vt 0.655770 0.660668
vt 0.960314 0.658010
vt 0.960720 0.704607
vt -0.167059 0.622718
vt 0.382289 0.622718
vt 0.355545 0.699046
vt -0.139833 0.699046
vt -0.167059 0.601163
vt -0.175751 0.592396
vt 0.407604 0.622408
vt -0.024117 0.618640
vt -0.023111 0.612521
vt 0.406701 0.616272
vt -0.152475 -0.004717
vt -0.136690 0.011345
vt 0.387205 0.699185
vt 0.389166 0.707665
vt -0.006862 0.704208
vt -0.004717 0.695765
vt 0.403648 0.616605
vt -0.020006 0.612907
vt -0.014613 0.566620
vt 0.399064 0.570230
vt 0.371331 0.699185
vt 0.373366 0.707665
vt -0.157966 0.707665
vt -0.155896 0.699185
vt -0.185703 0.564366
vt -0.185703 0.559287
vt 0.400700 0.559287
vt 0.400700 0.564366
vt 0.330679 0.956882
vt 0.376822 1.002225
vt -0.136690 0.304096
vt 0.358688 0.304096
vt 0.385902 0.380896
vt -0.163446 0.380896
vt 0.328021 0.292735
vt 0.328018 0.339332
vt -0.111826 0.339332
vt -0.111822 0.292735
vt 0.391073 0.616272
vt 0.390827 0.622408
vt -0.175751 0.622408
vt -0.175981 0.616272
vt -0.168927 0.387093
vt 0.391467 0.387093
vt 0.391420 0.433380
vt -0.168974 0.433380
vt 0.604870 1.053233
vt 0.608227 1.050179
vt 1.168621 1.055069
vt 1.171924 1.058181
vt 1.045595 0.575813
vt 1.050179 0.622187
vt 0.626526 0.618490
vt 0.631918 0.572202
vt 0.622886 0.713247
vt 0.624956 0.704768
vt 1.152182 0.704768
vt 1.154217 0.713247
vt 0.631325 0.624687
vt 1.045369 0.628300
vt 1.017952 0.704629
vt 0.657876 0.701487
vt 1.111530 0.310351
vt 1.157673 0.355694
vt 0.626342 0.360330
vt 0.671687 0.314189
vt 1.181551 0.569949
vt 0.595149 0.569949
vt 0.595149 0.564870
vt 1.181551 0.564870
vt 0.611924 0.626526
vt 0.608621 0.623420
vt 0.611877 0.368082
vt 0.598986 0.381147
vt 0.595149 -0.058537
vt 0.608267 -0.045595
vt 1.168661 -0.050485
vt 1.181551 -0.063655
vt 0.669025 0.333749
vt 0.669029 0.287152
vt 1.108873 0.287152
vt 1.108869 0.333749
vt 1.058582 0.564870
vt 1.058537 0.569949
vt 0.618853 0.566112
vt 0.618898 0.561032
vt 0.314189 0.710190
vt 0.009646 0.712848
vt 0.009239 0.666251
vt 0.313783 0.663593
vt -0.050163 0.628300
vt 0.363881 0.624687
vt 0.337801 0.701487
vt -0.022275 0.704629
vt 0.611924 0.381510
vt 1.172318 0.381510
vt 1.172271 0.427798
vt 0.611877 0.427798
vt 0.622414 0.624223
vt 0.623420 0.618104
vt 1.053233 0.621855
vt 1.054136 0.627990
vt 0.617406 0.368675
vt 0.608868 0.377586
vt 0.605101 -0.054136
vt 0.613793 -0.045369
vt 0.605101 0.627990
vt 0.604870 0.621855
vt 1.171924 0.621855
vt 1.171678 0.627990
vt 1.171678 -0.059080
vt 1.163141 -0.050163
vt 0.641814 0.701348
vt 1.033736 0.704768
vt 1.035697 0.713247
vt 0.639670 0.709791
vt 0.644161 0.657876
vt 0.641019 1.017952
vt 0.624956 1.033736
vt 0.628376 0.641814
vt -0.063655 0.569949
vt -0.063699 0.564870
vt 0.375985 0.561032
vt 0.376029 0.566112
vt 1.155602 0.646415
vt 1.139539 0.662199
vt 1.172318 0.631416
vt 1.175675 0.628369
vt 1.108869 0.005401
vt 1.111527 0.309944
vt 0.671683 0.313782
vt 0.669025 0.009239
vt 0.595149 1.058582
vt 0.598986 0.618898
vt 1.185388 0.624015
vt 1.181551 1.063699
vt 1.172271 0.363191
vt 1.185389 0.376029
vt 1.108873 0.005807
vt 1.154217 -0.040334
vt 0.689649 0.710190
vt 0.690056 0.663593
vt 0.994599 0.666251
vt 0.994193 0.712848
vt 1.166754 0.375313
vt 0.617406 0.375313
vt 0.644161 0.298513
vt 1.139539 0.298513
vt 1.166754 0.363881
vt 1.175446 0.372641
vt 0.372641 0.624223
vt -0.059080 0.627990
vt -0.058181 0.621855
vt 0.371631 0.618104
vt 1.152182 1.038337
vt 1.136397 1.022275
vt 0.353585 0.701348
vt 0.355694 0.709791
vt -0.040334 0.713247
vt -0.038337 0.704768
vt 0.368584 0.618490
vt -0.055069 0.622187
vt -0.050485 0.575813
vt 0.363191 0.572203
vt 0.628376 0.298652
vt 0.626342 0.290209
vt 1.157673 0.290209
vt 1.155602 0.298652
vt 1.185389 0.433888
vt 1.185388 0.438968
vt 0.598986 0.438968
vt 0.598986 0.433888
vt 0.669029 0.009646
vt 0.622886 -0.035697
vt 1.136397 0.704629
vt 0.641019 0.704629
vt 0.613793 0.628300
vt 1.163141 0.628300
vt 0.671687 0.710190
vt 0.671683 0.663593
vt 1.111527 0.663593
vt 1.111530 0.710190
vt 0.608621 0.381896
vt 0.608868 0.375777
vt 1.175446 0.375777
vt 1.175675 0.381896
vt 1.168621 0.622187
vt 0.608227 0.622187
vt 0.608267 0.575813
vt 1.168661 0.575813
vt 0.385490 1.051318
vt -0.181563 1.046369
vt -0.178207 1.043316
vt 0.382187 1.048206
vt -0.043622 0.575813
vt 0.370054 0.572202
vt 0.375447 0.618490
vt -0.048206 0.622187
vt 0.367784 0.713247
vt -0.163548 0.713247
vt -0.161478 0.704768
vt 0.365748 0.704768
vt 0.370744 0.624687
vt 0.344664 0.701487
vt -0.015412 0.704629
vt -0.043300 0.628300
vt -0.114747 0.321052
vt 0.325097 0.317214
vt 0.371240 0.362557
vt -0.160092 0.367194
vt -0.191285 0.569949
vt -0.191285 0.564870
vt 0.395117 0.564870
vt 0.395118 0.569949
vt 0.385885 0.624553
vt 0.389241 0.621506
vt 0.385838 0.370054
vt 0.382227 -0.043622
vt 0.395118 -0.056792
vt 0.398955 0.382892
vt -0.178167 -0.038732
vt -0.191285 -0.051674
vt 0.322435 0.333749
vt -0.117408 0.333749
vt -0.117405 0.287152
vt 0.322439 0.287152
vt -0.056836 0.564870
vt 0.382848 0.561032
vt 0.382892 0.566112
vt -0.056792 0.569949
vt 0.682786 0.710190
vt 0.683193 0.663593
vt 0.987736 0.666251
vt 0.987330 0.712848
vt 1.038505 0.628300
vt 1.011089 0.704629
vt 0.651013 0.701487
vt 0.624462 0.624687
vt 0.385885 0.381510
vt 0.385838 0.427798
vt -0.174557 0.427798
vt -0.174510 0.381510
vt 0.379504 0.624223
vt -0.052217 0.627990
vt -0.051318 0.621855
vt 0.378494 0.618104
vt 0.380320 0.370744
vt 0.376707 -0.043300
vt 0.385244 -0.052217
vt 0.389012 0.379504
vt 0.385244 0.627990
vt -0.181333 0.627990
vt -0.181563 0.621855
vt 0.385490 0.621855
vt -0.172641 -0.038505
vt -0.181333 -0.047272
vt 0.360448 0.701348
vt 0.362557 0.709791
vt -0.033471 0.713247
vt -0.031474 0.704768
vt 0.353105 0.655336
vt 0.369169 0.639552
vt 0.365748 1.031474
vt 0.349963 1.015412
vt 1.051674 0.569949
vt 0.611990 0.566112
vt 0.612034 0.561032
vt 1.051718 0.564870
vt -0.142273 0.651013
vt -0.158058 0.634951
vt -0.174510 0.619663
vt -0.177812 0.616557
vt -0.117408 0.016102
vt 0.322435 0.012264
vt 0.325093 0.316807
vt -0.114751 0.320646
vt 0.395117 1.056836
vt -0.191285 1.051718
vt -0.187448 0.612034
vt 0.398954 0.617152
vt -0.174557 0.374945
vt -0.187448 0.388010
vt -0.117405 0.016509
vt -0.163548 -0.028834
vt 0.321052 0.710190
vt 0.016509 0.712848
vt 0.016102 0.666251
vt 0.320646 0.663593
vt -0.169028 0.375313
vt -0.142273 0.298513
vt 0.353105 0.298513
vt 0.380320 0.375313
vt -0.169028 0.375538
vt -0.177566 0.384449
vt 0.615551 0.624223
vt 0.616557 0.618104
vt 1.046369 0.621855
vt 1.047272 0.627990
vt -0.145415 1.011089
vt -0.161478 1.026873
vt 0.634951 0.701348
vt 1.026873 0.704768
vt 1.028834 0.713247
vt 0.632806 0.709791
vt 0.619663 0.618490
vt 0.625055 0.572203
vt 1.038732 0.575813
vt 1.043316 0.622187
vt 0.369169 0.298652
vt -0.158058 0.298652
vt -0.160092 0.290209
vt 0.371240 0.290209
vt -0.187448 0.433888
vt 0.398955 0.433888
vt 0.398954 0.438968
vt -0.187448 0.438968
vt 0.367784 -0.033471
vt 0.322439 0.012670
vt -0.145415 0.704629
vt -0.172641 0.628300
vt 0.376707 0.628300
vt 0.349963 0.704629
vt 0.325097 0.710190
vt -0.114747 0.710190
vt -0.114751 0.663593
vt 0.325093 0.663593
vt 0.389241 0.381896
vt -0.177812 0.381896
vt -0.177566 0.375777
vt 0.389012 0.375777
vt -0.178207 0.622187
vt -0.178167 0.575813
vt 0.382227 0.575813
vt 0.382187 0.622187
vn 0.0151 -0.9949 0.0997
vn -0.0151 -0.9949 0.0997
vn -1.0000 0.0000 0.0000
vn 0.0000 -0.2357 -0.9718
vn -0.9431 0.3324 0.0000
vn 0.0000 1.0000 0.0000
vn 0.0000 0.0000 -1.0000
vn 0.0151 -0.9949 -0.0997
vn -0.0552 0.9270 0.3709
vn -0.0552 0.9270 -0.3709
vn 0.0552 0.9270 -0.3709
vn 0.0000 0.0000 1.0000
vn 1.0000 0.0000 0.0000
vn 0.9431 0.3324 0.0000
vn 0.0000 -0.1071 0.9943
vn -0.9992 0.0388 0.0000
vn -0.0058 0.9993 0.0381
vn -0.0058 0.9993 -0.0381
vn 0.0000 -0.1539 -0.9881
vn 0.0058 0.9993 -0.0381
vn -0.9718 -0.2358 0.0000
vn 0.0000 -1.0000 0.0000
vn -0.0151 -0.9949 -0.0997
vn 0.0552 0.9270 0.3709
vn 0.0000 0.3324 0.9431
vn 0.0058 0.9993 0.0381
vn 0.9992 0.0388 0.0000
vn 0.9718 -0.2357 0.0000
vn 0.0000 -0.2357 0.9718
vn 0.0000 0.3324 -0.9431
vn 0.0000 -0.1539 0.9881
vn 0.0000 -0.1071 -0.9943
vn 0.9718 -0.2358 0.0000
vn -0.9718 -0.2357 0.0000
usemtl sandstone
s 1
f 3090/5361/365 3102/5362/366 3100/5363/366 3088/5364/365
f 3085/5365/367 3109/5366/367 3112/5367/367 3088/5368/367
f 3091/5369/368 3103/5370/368 3104/5371/368 3092/5372/368
f 3105/5373/369 3106/5374/369 3082/5375/369 3081/5376/369
f 3119/5377/370 3107/5378/370 3115/5379/370 3127/5380/370
f 3099/5381/371 3098/5382/371 3086/5383/371 3087/5384/371
f 3112/5385/372 3114/5386/372 3090/5361/365 3088/5364/365
f 3109/5387/373 3085/5388/374 3087/5389/374 3111/5390/373
f 3097/5391/375 3099/5392/375 3087/5389/374 3085/5388/374
f 3084/5393/376 3096/5394/376 3095/5395/376 3083/5396/376
f 3086/5397/367 3110/5398/367 3111/5399/367 3087/5400/367
f 3107/5401/377 3108/5402/377 3084/5403/377 3083/5404/377
f 3093/5405/378 3094/5406/378 3118/5407/378 3117/5408/378
f 3112/5409/379 3109/5410/379 3121/5411/379 3124/5412/379
f 3113/5413/380 3089/5414/380 3090/5415/380 3114/5416/380
f 3105/5417/381 3081/5418/382 3089/5419/382 3113/5420/381
f 3089/5421/383 3101/5422/383 3102/5423/383 3090/5424/383
f 3081/5418/382 3093/5425/384 3101/5426/384 3089/5419/382
f 3116/5427/385 3115/5428/385 3091/5429/385 3092/5430/385
f 3106/5431/386 3116/5432/386 3092/5433/386 3082/5434/386
f 3099/5435/377 3123/5436/377 3122/5437/377 3098/5438/377
f 3106/5431/386 3118/5439/386 3128/5440/386 3116/5432/386
f 3124/5441/387 3100/5363/366 3102/5362/366 3126/5442/387
f 3096/5443/370 3084/5444/370 3108/5445/370 3120/5446/370
f 3086/5447/386 3098/5448/386 3122/5449/386 3110/5450/386
f 3121/5451/388 3123/5452/388 3099/5392/375 3097/5391/375
f 3095/5453/370 3119/5377/370 3127/5380/370 3103/5454/370
f 3119/5455/367 3095/5456/367 3096/5457/367 3120/5458/367
f 3117/5459/389 3118/5460/389 3106/5461/389 3105/5462/389
f 3117/5463/390 3125/5464/390 3101/5426/384 3093/5425/384
f 3125/5465/391 3126/5466/391 3102/5467/391 3101/5468/391
f 3118/5439/386 3094/5469/386 3104/5470/386 3128/5440/386
f 3128/5471/392 3104/5472/392 3103/5473/392 3127/5474/392
f 3112/5385/372 3124/5441/387 3126/5442/387 3114/5386/372
f 3124/5475/377 3121/5476/377 3097/5477/377 3100/5478/377
f 3116/5479/393 3128/5480/393 3127/5481/393 3115/5482/393
f 3123/5483/376 3111/5484/376 3110/5485/376 3122/5486/376
f 3095/5453/370 3103/5454/370 3091/5487/370 3083/5488/370
f 3094/5489/394 3093/5490/394 3081/5491/394 3082/5492/394
f 3121/5451/388 3109/5387/373 3111/5390/373 3123/5452/388
f 3107/5493/371 3119/5494/371 3120/5495/371 3108/5496/371
f 3114/5497/395 3126/5498/395 3125/5499/395 3113/5500/395
f 3113/5420/381 3125/5464/390 3117/5463/390 3105/5417/381
f 3092/5433/386 3104/5470/386 3094/5469/386 3082/5434/386
f 3107/5378/370 3083/5488/370 3091/5487/370 3115/5379/370
f 3100/5501/396 3097/5502/396 3085/5503/396 3088/5504/396
f 3138/5505/366 3136/5506/366 3148/5507/365 3150/5508/365
f 3133/5509/377 3136/5510/377 3160/5511/377 3157/5512/377
f 3139/5513/368 3140/5514/368 3152/5515/368 3151/5516/368
f 3153/5517/378 3129/5518/378 3130/5519/378 3154/5520/378
f 3167/5521/370 3175/5522/370 3163/5523/370 3155/5524/370
f 3147/5525/371 3135/5526/371 3134/5527/371 3146/5528/371
f 3160/5529/387 3136/5506/366 3138/5505/366 3162/5530/387
f 3157/5531/388 3159/5532/388 3135/5533/375 3133/5534/375
f 3145/5535/374 3133/5534/375 3135/5533/375 3147/5536/374
f 3132/5537/376 3131/5538/376 3143/5539/376 3144/5540/376
f 3134/5541/377 3135/5542/377 3159/5543/377 3158/5544/377
f 3155/5545/367 3131/5546/367 3132/5547/367 3156/5548/367
f 3141/5549/369 3165/5550/369 3166/5551/369 3142/5552/369
f 3160/5553/379 3172/5554/379 3169/5555/379 3157/5556/379
f 3161/5557/391 3162/5558/391 3138/5559/391 3137/5560/391
f 3153/5561/390 3161/5562/390 3137/5563/384 3129/5564/384
f 3137/5565/383 3138/5566/383 3150/5567/383 3149/5568/383
f 3129/5564/384 3137/5563/384 3149/5569/382 3141/5570/382
f 3164/5571/397 3140/5572/397 3139/5573/397 3163/5574/397
f 3154/5575/386 3130/5576/386 3140/5577/386 3164/5578/386
f 3147/5579/367 3146/5580/367 3170/5581/367 3171/5582/367
f 3154/5575/386 3164/5578/386 3176/5583/386 3166/5584/386
f 3172/5585/372 3174/5586/372 3150/5508/365 3148/5507/365
f 3144/5587/370 3168/5588/370 3156/5589/370 3132/5590/370
f 3134/5591/386 3158/5592/386 3170/5593/386 3146/5594/386
f 3169/5595/373 3145/5535/374 3147/5536/374 3171/5596/373
f 3143/5597/370 3151/5598/370 3175/5522/370 3167/5521/370
f 3167/5599/377 3168/5600/377 3144/5601/377 3143/5602/377
f 3165/5603/389 3153/5604/389 3154/5605/389 3166/5606/389
f 3165/5607/381 3141/5570/382 3149/5569/382 3173/5608/381
f 3173/5609/380 3149/5610/380 3150/5611/380 3174/5612/380
f 3166/5584/386 3176/5583/386 3152/5613/386 3142/5614/386
f 3176/5615/385 3175/5616/385 3151/5617/385 3152/5618/385
f 3160/5529/387 3162/5530/387 3174/5586/372 3172/5585/372
f 3172/5619/367 3148/5620/367 3145/5621/367 3169/5622/367
f 3164/5623/393 3163/5624/393 3175/5625/393 3176/5626/393
f 3171/5627/376 3170/5628/376 3158/5629/376 3159/5630/376
f 3143/5597/370 3131/5631/370 3139/5632/370 3151/5598/370
f 3142/5633/394 3130/5634/394 3129/5635/394 3141/5636/394
f 3169/5595/373 3171/5596/373 3159/5532/388 3157/5531/388
f 3155/5637/371 3156/5638/371 3168/5639/371 3167/5640/371
f 3162/5641/395 3161/5642/395 3173/5643/395 3174/5644/395
f 3161/5562/390 3153/5561/390 3165/5607/381 3173/5608/381
f 3140/5577/386 3130/5576/386 3142/5614/386 3152/5613/386
f 3155/5524/370 3163/5523/370 3139/5632/370 3131/5631/370
f 3148/5645/396 3136/5646/396 3133/5647/396 3145/5648/396
f 3186/5649/372 3184/5650/372 3196/5651/387 3198/5652/387
f 3181/5653/367 3184/5654/367 3208/5655/367 3205/5656/367
f 3187/5657/393 3188/5658/393 3200/5659/393 3199/5660/393
f 3201/5661/369 3177/5662/369 3178/5663/369 3202/5664/369
f 3215/5665/370 3223/5666/370 3211/5667/370 3203/5668/370
f 3195/5669/376 3183/5670/376 3182/5671/376 3194/5672/376
f 3208/5673/365 3184/5650/372 3186/5649/372 3210/5674/365
f 3205/5675/374 3207/5676/374 3183/5677/373 3181/5678/373
f 3193/5679/388 3181/5678/373 3183/5677/373 3195/5680/388
f 3180/5681/371 3179/5682/371 3191/5683/371 3192/5684/371
f 3182/5685/367 3183/5686/367 3207/5687/367 3206/5688/367
f 3203/5689/377 3179/5690/377 3180/5691/377 3204/5692/377
f 3189/5693/378 3213/5694/378 3214/5695/378 3190/5696/378
f 3208/5697/396 3220/5698/396 3217/5699/396 3205/5700/396
f 3209/5701/380 3210/5702/380 3186/5703/380 3185/5704/380
f 3201/5705/382 3209/5706/382 3185/5707/381 3177/5708/381
f 3185/5709/395 3186/5710/395 3198/5711/395 3197/5712/395
f 3177/5708/381 3185/5707/381 3197/5713/390 3189/5714/390
f 3212/5715/385 3188/5716/385 3187/5717/385 3211/5718/385
f 3202/5719/386 3178/5720/386 3188/5721/386 3212/5722/386
f 3195/5723/377 3194/5724/377 3218/5725/377 3219/5726/377
f 3202/5719/386 3212/5722/386 3224/5727/386 3214/5728/386
f 3220/5729/366 3222/5730/366 3198/5652/387 3196/5651/387
f 3192/5731/370 3216/5732/370 3204/5733/370 3180/5734/370
f 3182/5735/386 3206/5736/386 3218/5737/386 3194/5738/386
f 3217/5739/375 3193/5679/388 3195/5680/388 3219/5740/375
f 3191/5741/370 3199/5742/370 3223/5666/370 3215/5665/370
f 3215/5743/367 3216/5744/367 3192/5745/367 3191/5746/367
f 3213/5747/394 3201/5748/394 3202/5749/394 3214/5750/394
f 3213/5751/384 3189/5714/390 3197/5713/390 3221/5752/384
f 3221/5753/391 3197/5754/391 3198/5755/391 3222/5756/391
f 3214/5728/386 3224/5727/386 3200/5757/386 3190/5758/386
f 3224/5759/397 3223/5760/397 3199/5761/397 3200/5762/397
f 3208/5673/365 3210/5674/365 3222/5730/366 3220/5729/366
f 3220/5763/377 3196/5764/377 3193/5765/377 3217/5766/377
f 3212/5767/368 3211/5768/368 3223/5769/368 3224/5770/368
f 3219/5771/371 3218/5772/371 3206/5773/371 3207/5774/371
f 3191/5741/370 3179/5775/370 3187/5776/370 3199/5742/370
f 3190/5777/389 3178/5778/389 3177/5779/389 3189/5780/389
f 3217/5739/375 3219/5740/375 3207/5676/374 3205/5675/374
f 3203/5781/376 3204/5782/376 3216/5783/376 3215/5784/376
f 3210/5785/383 3209/5786/383 3221/5787/383 3222/5788/383
f 3209/5706/382 3201/5705/382 3213/5751/384 3221/5752/384
f 3188/5721/386 3178/5720/386 3190/5758/386 3200/5757/386
f 3203/5668/370 3211/5667/370 3187/5776/370 3179/5775/370
f 3196/5789/379 3184/5790/379 3181/5791/379 3193/5792/379
f 3234/5793/387 3246/5794/372 3244/5795/372 3232/5796/387
f 3229/5797/377 3253/5798/377 3256/5799/377 3232/5800/377
f 3235/5801/393 3247/5802/393 3248/5803/393 3236/5804/393
f 3249/5805/378 3250/5806/378 3226/5807/378 3225/5808/378
f 3263/5809/370 3251/5810/370 3259/5811/370 3271/5812/370
f 3243/5813/376 3242/5814/376 3230/5815/376 3231/5816/376
f 3256/5817/366 3258/5818/366 3234/5793/387 3232/5796/387
f 3253/5819/375 3229/5820/388 3231/5821/388 3255/5822/375
f 3241/5823/373 3243/5824/373 3231/5821/388 3229/5820/388
f 3228/5825/371 3240/5826/371 3239/5827/371 3227/5828/371
f 3230/5829/377 3254/5830/377 3255/5831/377 3231/5832/377
f 3251/5833/367 3252/5834/367 3228/5835/367 3227/5836/367
f 3237/5837/369 3238/5838/369 3262/5839/369 3261/5840/369
f 3256/5841/396 3253/5842/396 3265/5843/396 3268/5844/396
f 3257/5845/391 3233/5846/391 3234/5847/391 3258/5848/391
f 3249/5849/384 3225/5850/390 3233/5851/390 3257/5852/384
f 3233/5853/395 3245/5854/395 3246/5855/395 3234/5856/395
f 3225/5850/390 3237/5857/381 3245/5858/381 3233/5851/390
f 3260/5859/397 3259/5860/397 3235/5861/397 3236/5862/397
f 3250/5863/386 3260/5864/386 3236/5865/386 3226/5866/386
f 3243/5867/367 3267/5868/367 3266/5869/367 3242/5870/367
f 3250/5863/386 3262/5871/386 3272/5872/386 3260/5864/386
f 3268/5873/365 3244/5795/372 3246/5794/372 3270/5874/365
f 3240/5875/370 3228/5876/370 3252/5877/370 3264/5878/370
f 3230/5879/386 3242/5880/386 3266/5881/386 3254/5882/386
f 3265/5883/374 3267/5884/374 3243/5824/373 3241/5823/373
f 3239/5885/370 3263/5809/370 3271/5812/370 3247/5886/370
f 3263/5887/377 3239/5888/377 3240/5889/377 3264/5890/377
f 3261/5891/394 3262/5892/394 3250/5893/394 3249/5894/394
f 3261/5895/382 3269/5896/382 3245/5858/381 3237/5857/381
f 3269/5897/380 3270/5898/380 3246/5899/380 3245/5900/380
f 3262/5871/386 3238/5901/386 3248/5902/386 3272/5872/386
f 3272/5903/398 3248/5904/398 3247/5905/398 3271/5906/398
f 3256/5817/366 3268/5873/365 3270/5874/365 3258/5818/366
f 3268/5907/367 3265/5908/367 3241/5909/367 3244/5910/367
f 3260/5911/368 3272/5912/368 3271/5913/368 3259/5914/368
f 3267/5915/371 3255/5916/371 3254/5917/371 3266/5918/371
f 3239/5885/370 3247/5886/370 3235/5919/370 3227/5920/370
f 3238/5921/389 3237/5922/389 3225/5923/389 3226/5924/389
f 3265/5883/374 3253/5819/375 3255/5822/375 3267/5884/374
f 3251/5925/376 3263/5926/376 3264/5927/376 3252/5928/376
f 3258/5929/383 3270/5930/383 3269/5931/383 3257/5932/383
f 3257/5852/384 3269/5896/382 3261/5895/382 3249/5849/384
f 3236/5865/386 3248/5902/386 3238/5901/386 3226/5866/386
f 3251/5810/370 3227/5920/370 3235/5919/370 3259/5811/370
f 3244/5933/379 3241/5934/379 3229/5935/379 3232/5936/379
o Cube.491_Cube.590
v 10.999999 2.181281 -13.500000
v 10.999999 2.181281 -14.000000
v 11.499999 2.181281 -13.500000
v 11.499999 2.181281 -14.000000
v 10.962910 2.237181 -13.462911
v 10.962910 2.237181 -14.037089
v 11.537088 2.237181 -14.037089
v 11.537088 2.237181 -13.462911
v 10.999999 1.056631 -13.500000
v 10.999999 1.056631 -14.000000
v 11.499999 1.056631 -14.000000
v 11.499999 1.056631 -13.500000
v 10.942679 1.000000 -14.110641
v 10.942679 1.000000 -13.389359
v 10.971591 1.056631 -14.080359
v 11.557319 1.000000 -14.110641
v 11.528407 1.056631 -14.080359
v 11.557319 1.000000 -13.389359
v 11.528407 1.056631 -13.419641
v 10.971591 1.056631 -13.419641
v 8.499999 2.181281 -13.500000
v 8.499999 2.181281 -14.000000
v 8.999999 2.181281 -13.500000
v 8.999999 2.181281 -14.000000
v 8.462910 2.237181 -13.462911
v 8.462910 2.237181 -14.037089
v 9.037088 2.237181 -14.037089
v 9.037088 2.237181 -13.462911
v 8.499999 1.056631 -13.500000
v 8.499999 1.056631 -14.000000
v 8.999999 1.056631 -14.000000
v 8.999999 1.056631 -13.500000
v 8.442679 1.000000 -14.110641
v 8.442679 1.000000 -13.389359
v 8.471591 1.056631 -14.080359
v 9.057319 1.000000 -14.110641
v 9.028407 1.056631 -14.080359
v 9.057319 1.000000 -13.389359
v 9.028407 1.056631 -13.419641
v 8.471591 1.056631 -13.419641
v 6.000000 2.181281 -13.500000
v 6.000000 2.181281 -14.000000
v 6.500000 2.181281 -13.500000
v 6.500000 2.181281 -14.000000
v 5.962910 2.237181 -13.462911
v 5.962910 2.237181 -14.037089
v 6.537089 2.237181 -14.037089
v 6.537089 2.237181 -13.462911
v 6.000000 1.056631 -13.500000
v 6.000000 1.056631 -14.000000
v 6.500000 1.056631 -14.000000
v 6.500000 1.056631 -13.500000
v 5.942680 1.000000 -14.110641
v 5.942680 1.000000 -13.389359
v 5.971591 1.056631 -14.080359
v 6.557319 1.000000 -14.110641
v 6.528408 1.056631 -14.080359
v 6.557319 1.000000 -13.389359
v 6.528408 1.056631 -13.419641
v 5.971591 1.056631 -13.419641
v 3.500000 2.181281 -13.500000
v 3.500000 2.181281 -14.000000
v 4.000000 2.181281 -13.500000
v 4.000000 2.181281 -14.000000
v 3.462911 2.237181 -13.462911
v 3.462911 2.237181 -14.037089
v 4.037089 2.237181 -14.037089
v 4.037089 2.237181 -13.462911
v 3.500000 1.056631 -13.500000
v 3.500000 1.056631 -14.000000
v 4.000000 1.056631 -14.000000
v 4.000000 1.056631 -13.500000
v 3.442680 1.000000 -14.110641
v 3.442680 1.000000 -13.389359
v 3.471592 1.056631 -14.080359
v 4.057320 1.000000 -14.110641
v 4.028408 1.056631 -14.080359
v 4.057320 1.000000 -13.389359
v 4.028408 1.056631 -13.419641
v 3.471592 1.056631 -13.419641
v 10.999999 2.181281 -9.500000
v 10.999999 2.181281 -10.000000
v 11.499999 2.181281 -9.500000
v 11.499999 2.181281 -10.000000
v 10.962910 2.237181 -9.462911
v 10.962910 2.237181 -10.037089
v 11.537088 2.237181 -10.037089
v 11.537088 2.237181 -9.462911
v 10.999999 1.056631 -9.500000
v 10.999999 1.056631 -10.000000
v 11.499999 1.056631 -10.000000
v 11.499999 1.056631 -9.500000
v 10.942679 1.000000 -10.110641
v 10.942679 1.000000 -9.389359
v 10.971591 1.056631 -10.080359
v 11.557319 1.000000 -10.110641
v 11.528407 1.056631 -10.080359
v 11.557319 1.000000 -9.389359
v 11.528407 1.056631 -9.419641
v 10.971591 1.056631 -9.419641
v 8.499999 2.181281 -9.500000
v 8.499999 2.181281 -10.000000
v 8.999999 2.181281 -9.500000
v 8.999999 2.181281 -10.000000
v 8.462910 2.237181 -9.462911
v 8.462910 2.237181 -10.037089
v 9.037088 2.237181 -10.037089
v 9.037088 2.237181 -9.462911
v 8.499999 1.056631 -9.500000
v 8.499999 1.056631 -10.000000
v 8.999999 1.056631 -10.000000
v 8.999999 1.056631 -9.500000
v 8.442679 1.000000 -10.110641
v 8.442679 1.000000 -9.389359
v 8.471591 1.056631 -10.080359
v 9.057319 1.000000 -10.110641
v 9.028407 1.056631 -10.080359
v 9.057319 1.000000 -9.389359
v 9.028407 1.056631 -9.419641
v 8.471591 1.056631 -9.419641
v 6.000000 2.181281 -9.500000
v 6.000000 2.181281 -10.000000
v 6.500000 2.181281 -9.500000
v 6.500000 2.181281 -10.000000
v 5.962910 2.237181 -9.462911
v 5.962910 2.237181 -10.037089
v 6.537089 2.237181 -10.037089
v 6.537089 2.237181 -9.462911
v 6.000000 1.056631 -9.500000
v 6.000000 1.056631 -10.000000
v 6.500000 1.056631 -10.000000
v 6.500000 1.056631 -9.500000
v 5.942680 1.000000 -10.110641
v 5.942680 1.000000 -9.389359
v 5.971591 1.056631 -10.080359
v 6.557319 1.000000 -10.110641
v 6.528408 1.056631 -10.080359
v 6.557319 1.000000 -9.389359
v 6.528408 1.056631 -9.419641
v 5.971591 1.056631 -9.419641
v 3.500000 2.181281 -9.500000
v 3.500000 2.181281 -10.000000
v 4.000000 2.181281 -9.500000
v 4.000000 2.181281 -10.000000
v 3.462911 2.237181 -9.462911
v 3.462911 2.237181 -10.037089
v 4.037089 2.237181 -10.037089
v 4.037089 2.237181 -9.462911
v 3.500000 1.056631 -9.500000
v 3.500000 1.056631 -10.000000
v 4.000000 1.056631 -10.000000
v 4.000000 1.056631 -9.500000
v 3.442680 1.000000 -10.110641
v 3.442680 1.000000 -9.389359
v 3.471592 1.056631 -10.080359
v 4.057320 1.000000 -10.110641
v 4.028408 1.056631 -10.080359
v 4.057320 1.000000 -9.389359
v 4.028408 1.056631 -9.419641
v 3.471592 1.056631 -9.419641
v 10.999999 2.181281 13.500000
v 10.999999 2.181281 14.000000
v 11.499999 2.181281 13.500000
v 11.499999 2.181281 14.000000
v 10.962910 2.237181 13.462911
v 10.962910 2.237181 14.037089
v 11.537088 2.237181 14.037089
v 11.537088 2.237181 13.462911
v 10.999999 1.056631 13.500000
v 10.999999 1.056631 14.000000
v 11.499999 1.056631 14.000000
v 11.499999 1.056631 13.500000
v 10.942679 1.000000 14.110641
v 10.942679 1.000000 13.389359
v 10.971591 1.056631 14.080359
v 11.557319 1.000000 14.110641
v 11.528407 1.056631 14.080359
v 11.557319 1.000000 13.389359
v 11.528407 1.056631 13.419641
v 10.971591 1.056631 13.419641
v 8.499999 2.181281 13.500000
v 8.499999 2.181281 14.000000
v 8.999999 2.181281 13.500000
v 8.999999 2.181281 14.000000
v 8.462910 2.237181 13.462911
v 8.462910 2.237181 14.037089
v 9.037088 2.237181 14.037089
v 9.037088 2.237181 13.462911
v 8.499999 1.056631 13.500000
v 8.499999 1.056631 14.000000
v 8.999999 1.056631 14.000000
v 8.999999 1.056631 13.500000
v 8.442679 1.000000 14.110641
v 8.442679 1.000000 13.389359
v 8.471591 1.056631 14.080359
v 9.057319 1.000000 14.110641
v 9.028407 1.056631 14.080359
v 9.057319 1.000000 13.389359
v 9.028407 1.056631 13.419641
v 8.471591 1.056631 13.419641
v 6.000000 2.181281 13.500000
v 6.000000 2.181281 14.000000
v 6.500000 2.181281 13.500000
v 6.500000 2.181281 14.000000
v 5.962910 2.237181 13.462911
v 5.962910 2.237181 14.037089
v 6.537089 2.237181 14.037089
v 6.537089 2.237181 13.462911
v 6.000000 1.056631 13.500000
v 6.000000 1.056631 14.000000
v 6.500000 1.056631 14.000000
v 6.500000 1.056631 13.500000
v 5.942680 1.000000 14.110641
v 5.942680 1.000000 13.389359
v 5.971591 1.056631 14.080359
v 6.557319 1.000000 14.110641
v 6.528408 1.056631 14.080359
v 6.557319 1.000000 13.389359
v 6.528408 1.056631 13.419641
v 5.971591 1.056631 13.419641
v 3.500000 2.181281 13.500000
v 3.500000 2.181281 14.000000
v 4.000000 2.181281 13.500000
v 4.000000 2.181281 14.000000
v 3.462911 2.237181 13.462911
v 3.462911 2.237181 14.037089
v 4.037089 2.237181 14.037089
v 4.037089 2.237181 13.462911
v 3.500000 1.056631 13.500000
v 3.500000 1.056631 14.000000
v 4.000000 1.056631 14.000000
v 4.000000 1.056631 13.500000
v 3.442680 1.000000 14.110641
v 3.442680 1.000000 13.389359
v 3.471592 1.056631 14.080359
v 4.057320 1.000000 14.110641
v 4.028408 1.056631 14.080359
v 4.057320 1.000000 13.389359
v 4.028408 1.056631 13.419641
v 3.471592 1.056631 13.419641
v 10.999999 2.181281 9.500000
v 10.999999 2.181281 10.000000
v 11.499999 2.181281 9.500000
v 11.499999 2.181281 10.000000
v 10.962910 2.237181 9.462911
v 10.962910 2.237181 10.037089
v 11.537088 2.237181 10.037089
v 11.537088 2.237181 9.462911
v 10.999999 1.056631 9.500000
v 10.999999 1.056631 10.000000
v 11.499999 1.056631 10.000000
v 11.499999 1.056631 9.500000
v 10.942679 1.000000 10.110641
v 10.942679 1.000000 9.389359
v 10.971591 1.056631 10.080359
v 11.557319 1.000000 10.110641
v 11.528407 1.056631 10.080359
v 11.557319 1.000000 9.389359
v 11.528407 1.056631 9.419641
v 10.971591 1.056631 9.419641
v 8.499999 2.181281 9.500000
v 8.499999 2.181281 10.000000
v 8.999999 2.181281 9.500000
v 8.999999 2.181281 10.000000
v 8.462910 2.237181 9.462911
v 8.462910 2.237181 10.037089
v 9.037088 2.237181 10.037089
v 9.037088 2.237181 9.462911
v 8.499999 1.056631 9.500000
v 8.499999 1.056631 10.000000
v 8.999999 1.056631 10.000000
v 8.999999 1.056631 9.500000
v 8.442679 1.000000 10.110641
v 8.442679 1.000000 9.389359
v 8.471591 1.056631 10.080359
v 9.057319 1.000000 10.110641
v 9.028407 1.056631 10.080359
v 9.057319 1.000000 9.389359
v 9.028407 1.056631 9.419641
v 8.471591 1.056631 9.419641
v 6.000000 2.181281 9.500000
v 6.000000 2.181281 10.000000
v 6.500000 2.181281 9.500000
v 6.500000 2.181281 10.000000
v 5.962910 2.237181 9.462911
v 5.962910 2.237181 10.037089
v 6.537089 2.237181 10.037089
v 6.537089 2.237181 9.462911
v 6.000000 1.056631 9.500000
v 6.000000 1.056631 10.000000
v 6.500000 1.056631 10.000000
v 6.500000 1.056631 9.500000
v 5.942680 1.000000 10.110641
v 5.942680 1.000000 9.389359
v 5.971591 1.056631 10.080359
v 6.557319 1.000000 10.110641
v 6.528408 1.056631 10.080359
v 6.557319 1.000000 9.389359
v 6.528408 1.056631 9.419641
v 5.971591 1.056631 9.419641
v 3.500000 2.181281 9.500000
v 3.500000 2.181281 10.000000
v 4.000000 2.181281 9.500000
v 4.000000 2.181281 10.000000
v 3.462911 2.237181 9.462911
v 3.462911 2.237181 10.037089
v 4.037089 2.237181 10.037089
v 4.037089 2.237181 9.462911
v 3.500000 1.056631 9.500000
v 3.500000 1.056631 10.000000
v 4.000000 1.056631 10.000000
v 4.000000 1.056631 9.500000
v 3.442680 1.000000 10.110641
v 3.442680 1.000000 9.389359
v 3.471592 1.056631 10.080359
v 4.057320 1.000000 10.110641
v 4.028408 1.056631 10.080359
v 4.057320 1.000000 9.389359
v 4.028408 1.056631 9.419641
v 3.471592 1.056631 9.419641
v -10.999999 2.181281 -13.500000
v -10.999999 2.181281 -14.000000
v -11.499999 2.181281 -13.500000
v -11.499999 2.181281 -14.000000
v -10.962910 2.237181 -13.462911
v -10.962910 2.237181 -14.037089
v -11.537088 2.237181 -14.037089
v -11.537088 2.237181 -13.462911
v -10.999999 1.056631 -13.500000
v -10.999999 1.056631 -14.000000
v -11.499999 1.056631 -14.000000
v -11.499999 1.056631 -13.500000
v -10.942679 1.000000 -14.110641
v -10.942679 1.000000 -13.389359
v -10.971591 1.056631 -14.080359
v -11.557319 1.000000 -14.110641
v -11.528407 1.056631 -14.080359
v -11.557319 1.000000 -13.389359
v -11.528407 1.056631 -13.419641
v -10.971591 1.056631 -13.419641
v -8.499999 2.181281 -13.500000
v -8.499999 2.181281 -14.000000
v -8.999999 2.181281 -13.500000
v -8.999999 2.181281 -14.000000
v -8.462910 2.237181 -13.462911
v -8.462910 2.237181 -14.037089
v -9.037088 2.237181 -14.037089
v -9.037088 2.237181 -13.462911
v -8.499999 1.056631 -13.500000
v -8.499999 1.056631 -14.000000
v -8.999999 1.056631 -14.000000
v -8.999999 1.056631 -13.500000
v -8.442679 1.000000 -14.110641
v -8.442679 1.000000 -13.389359
v -8.471591 1.056631 -14.080359
v -9.057319 1.000000 -14.110641
v -9.028407 1.056631 -14.080359
v -9.057319 1.000000 -13.389359
v -9.028407 1.056631 -13.419641
v -8.471591 1.056631 -13.419641
v -6.000000 2.181281 -13.500000
v -6.000000 2.181281 -14.000000
v -6.500000 2.181281 -13.500000
v -6.500000 2.181281 -14.000000
v -5.962910 2.237181 -13.462911
v -5.962910 2.237181 -14.037089
v -6.537089 2.237181 -14.037089
v -6.537089 2.237181 -13.462911
v -6.000000 1.056631 -13.500000
v -6.000000 1.056631 -14.000000
v -6.500000 1.056631 -14.000000
v -6.500000 1.056631 -13.500000
v -5.942680 1.000000 -14.110641
v -5.942680 1.000000 -13.389359
v -5.971591 1.056631 -14.080359
v -6.557319 1.000000 -14.110641
v -6.528408 1.056631 -14.080359
v -6.557319 1.000000 -13.389359
v -6.528408 1.056631 -13.419641
v -5.971591 1.056631 -13.419641
v -3.500000 2.181281 -13.500000
v -3.500000 2.181281 -14.000000
v -4.000000 2.181281 -13.500000
v -4.000000 2.181281 -14.000000
v -3.462911 2.237181 -13.462911
v -3.462911 2.237181 -14.037089
v -4.037089 2.237181 -14.037089
v -4.037089 2.237181 -13.462911
v -3.500000 1.056631 -13.500000
v -3.500000 1.056631 -14.000000
v -4.000000 1.056631 -14.000000
v -4.000000 1.056631 -13.500000
v -3.442680 1.000000 -14.110641
v -3.442680 1.000000 -13.389359
v -3.471592 1.056631 -14.080359
v -4.057320 1.000000 -14.110641
v -4.028408 1.056631 -14.080359
v -4.057320 1.000000 -13.389359
v -4.028408 1.056631 -13.419641
v -3.471592 1.056631 -13.419641
v -10.999999 2.181281 -9.500000
v -10.999999 2.181281 -10.000000
v -11.499999 2.181281 -9.500000
v -11.499999 2.181281 -10.000000
v -10.962910 2.237181 -9.462911
v -10.962910 2.237181 -10.037089
v -11.537088 2.237181 -10.037089
v -11.537088 2.237181 -9.462911
v -10.999999 1.056631 -9.500000
v -10.999999 1.056631 -10.000000
v -11.499999 1.056631 -10.000000
v -11.499999 1.056631 -9.500000
v -10.942679 1.000000 -10.110641
v -10.942679 1.000000 -9.389359
v -10.971591 1.056631 -10.080359
v -11.557319 1.000000 -10.110641
v -11.528407 1.056631 -10.080359
v -11.557319 1.000000 -9.389359
v -11.528407 1.056631 -9.419641
v -10.971591 1.056631 -9.419641
v -8.499999 2.181281 -9.500000
v -8.499999 2.181281 -10.000000
v -8.999999 2.181281 -9.500000
v -8.999999 2.181281 -10.000000
v -8.462910 2.237181 -9.462911
v -8.462910 2.237181 -10.037089
v -9.037088 2.237181 -10.037089
v -9.037088 2.237181 -9.462911
v -8.499999 1.056631 -9.500000
v -8.499999 1.056631 -10.000000
v -8.999999 1.056631 -10.000000
v -8.999999 1.056631 -9.500000
v -8.442679 1.000000 -10.110641
v -8.442679 1.000000 -9.389359
v -8.471591 1.056631 -10.080359
v -9.057319 1.000000 -10.110641
v -9.028407 1.056631 -10.080359
v -9.057319 1.000000 -9.389359
v -9.028407 1.056631 -9.419641
v -8.471591 1.056631 -9.419641
v -6.000000 2.181281 -9.500000
v -6.000000 2.181281 -10.000000
v -6.500000 2.181281 -9.500000
v -6.500000 2.181281 -10.000000
v -5.962910 2.237181 -9.462911
v -5.962910 2.237181 -10.037089
v -6.537089 2.237181 -10.037089
v -6.537089 2.237181 -9.462911
v -6.000000 1.056631 -9.500000
v -6.000000 1.056631 -10.000000
v -6.500000 1.056631 -10.000000
v -6.500000 1.056631 -9.500000
v -5.942680 1.000000 -10.110641
v -5.942680 1.000000 -9.389359
v -5.971591 1.056631 -10.080359
v -6.557319 1.000000 -10.110641
v -6.528408 1.056631 -10.080359
v -6.557319 1.000000 -9.389359
v -6.528408 1.056631 -9.419641
v -5.971591 1.056631 -9.419641
v -3.500000 2.181281 -9.500000
v -3.500000 2.181281 -10.000000
v -4.000000 2.181281 -9.500000
v -4.000000 2.181281 -10.000000
v -3.462911 2.237181 -9.462911
v -3.462911 2.237181 -10.037089
v -4.037089 2.237181 -10.037089
v -4.037089 2.237181 -9.462911
v -3.500000 1.056631 -9.500000
v -3.500000 1.056631 -10.000000
v -4.000000 1.056631 -10.000000
v -4.000000 1.056631 -9.500000
v -3.442680 1.000000 -10.110641
v -3.442680 1.000000 -9.389359
v -3.471592 1.056631 -10.080359
v -4.057320 1.000000 -10.110641
v -4.028408 1.056631 -10.080359
v -4.057320 1.000000 -9.389359
v -4.028408 1.056631 -9.419641
v -3.471592 1.056631 -9.419641
v -10.999999 2.181281 13.500000
v -10.999999 2.181281 14.000000
v -11.499999 2.181281 13.500000
v -11.499999 2.181281 14.000000
v -10.962910 2.237181 13.462911
v -10.962910 2.237181 14.037089
v -11.537088 2.237181 14.037089
v -11.537088 2.237181 13.462911
v -10.999999 1.056631 13.500000
v -10.999999 1.056631 14.000000
v -11.499999 1.056631 14.000000
v -11.499999 1.056631 13.500000
v -10.942679 1.000000 14.110641
v -10.942679 1.000000 13.389359
v -10.971591 1.056631 14.080359
v -11.557319 1.000000 14.110641
v -11.528407 1.056631 14.080359
v -11.557319 1.000000 13.389359
v -11.528407 1.056631 13.419641
v -10.971591 1.056631 13.419641
v -8.499999 2.181281 13.500000
v -8.499999 2.181281 14.000000
v -8.999999 2.181281 13.500000
v -8.999999 2.181281 14.000000
v -8.462910 2.237181 13.462911
v -8.462910 2.237181 14.037089
v -9.037088 2.237181 14.037089
v -9.037088 2.237181 13.462911
v -8.499999 1.056631 13.500000
v -8.499999 1.056631 14.000000
v -8.999999 1.056631 14.000000
v -8.999999 1.056631 13.500000
v -8.442679 1.000000 14.110641
v -8.442679 1.000000 13.389359
v -8.471591 1.056631 14.080359
v -9.057319 1.000000 14.110641
v -9.028407 1.056631 14.080359
v -9.057319 1.000000 13.389359
v -9.028407 1.056631 13.419641
v -8.471591 1.056631 13.419641
v -6.000000 2.181281 13.500000
v -6.000000 2.181281 14.000000
v -6.500000 2.181281 13.500000
v -6.500000 2.181281 14.000000
v -5.962910 2.237181 13.462911
v -5.962910 2.237181 14.037089
v -6.537089 2.237181 14.037089
v -6.537089 2.237181 13.462911
v -6.000000 1.056631 13.500000
v -6.000000 1.056631 14.000000
v -6.500000 1.056631 14.000000
v -6.500000 1.056631 13.500000
v -5.942680 1.000000 14.110641
v -5.942680 1.000000 13.389359
v -5.971591 1.056631 14.080359
v -6.557319 1.000000 14.110641
v -6.528408 1.056631 14.080359
v -6.557319 1.000000 13.389359
v -6.528408 1.056631 13.419641
v -5.971591 1.056631 13.419641
v -3.500000 2.181281 13.500000
v -3.500000 2.181281 14.000000
v -4.000000 2.181281 13.500000
v -4.000000 2.181281 14.000000
v -3.462911 2.237181 13.462911
v -3.462911 2.237181 14.037089
v -4.037089 2.237181 14.037089
v -4.037089 2.237181 13.462911
v -3.500000 1.056631 13.500000
v -3.500000 1.056631 14.000000
v -4.000000 1.056631 14.000000
v -4.000000 1.056631 13.500000
v -3.442680 1.000000 14.110641
v -3.442680 1.000000 13.389359
v -3.471592 1.056631 14.080359
v -4.057320 1.000000 14.110641
v -4.028408 1.056631 14.080359
v -4.057320 1.000000 13.389359
v -4.028408 1.056631 13.419641
v -3.471592 1.056631 13.419641
v -10.999999 2.181281 9.500000
v -10.999999 2.181281 10.000000
v -11.499999 2.181281 9.500000
v -11.499999 2.181281 10.000000
v -10.962910 2.237181 9.462911
v -10.962910 2.237181 10.037089
v -11.537088 2.237181 10.037089
v -11.537088 2.237181 9.462911
v -10.999999 1.056631 9.500000
v -10.999999 1.056631 10.000000
v -11.499999 1.056631 10.000000
v -11.499999 1.056631 9.500000
v -10.942679 1.000000 10.110641
v -10.942679 1.000000 9.389359
v -10.971591 1.056631 10.080359
v -11.557319 1.000000 10.110641
v -11.528407 1.056631 10.080359
v -11.557319 1.000000 9.389359
v -11.528407 1.056631 9.419641
v -10.971591 1.056631 9.419641
v -8.499999 2.181281 9.500000
v -8.499999 2.181281 10.000000
v -8.999999 2.181281 9.500000
v -8.999999 2.181281 10.000000
v -8.462910 2.237181 9.462911
v -8.462910 2.237181 10.037089
v -9.037088 2.237181 10.037089
v -9.037088 2.237181 9.462911
v -8.499999 1.056631 9.500000
v -8.499999 1.056631 10.000000
v -8.999999 1.056631 10.000000
v -8.999999 1.056631 9.500000
v -8.442679 1.000000 10.110641
v -8.442679 1.000000 9.389359
v -8.471591 1.056631 10.080359
v -9.057319 1.000000 10.110641
v -9.028407 1.056631 10.080359
v -9.057319 1.000000 9.389359
v -9.028407 1.056631 9.419641
v -8.471591 1.056631 9.419641
v -6.000000 2.181281 9.500000
v -6.000000 2.181281 10.000000
v -6.500000 2.181281 9.500000
v -6.500000 2.181281 10.000000
v -5.962910 2.237181 9.462911
v -5.962910 2.237181 10.037089
v -6.537089 2.237181 10.037089
v -6.537089 2.237181 9.462911
v -6.000000 1.056631 9.500000
v -6.000000 1.056631 10.000000
v -6.500000 1.056631 10.000000
v -6.500000 1.056631 9.500000
v -5.942680 1.000000 10.110641
v -5.942680 1.000000 9.389359
v -5.971591 1.056631 10.080359
v -6.557319 1.000000 10.110641
v -6.528408 1.056631 10.080359
v -6.557319 1.000000 9.389359
v -6.528408 1.056631 9.419641
v -5.971591 1.056631 9.419641
v -3.500000 2.181281 9.500000
v -3.500000 2.181281 10.000000
v -4.000000 2.181281 9.500000
v -4.000000 2.181281 10.000000
v -3.462911 2.237181 9.462911
v -3.462911 2.237181 10.037089
v -4.037089 2.237181 10.037089
v -4.037089 2.237181 9.462911
v -3.500000 1.056631 9.500000
v -3.500000 1.056631 10.000000
v -4.000000 1.056631 10.000000
v -4.000000 1.056631 9.500000
v -3.442680 1.000000 10.110641
v -3.442680 1.000000 9.389359
v -3.471592 1.056631 10.080359
v -4.057320 1.000000 10.110641
v -4.028408 1.056631 10.080359
v -4.057320 1.000000 9.389359
v -4.028408 1.056631 9.419641
v -3.471592 1.056631 9.419641
v 10.999999 2.181281 13.500000
v 10.999999 2.181281 14.000000
v 11.499999 2.181281 13.500000
v 11.499999 2.181281 14.000000
v 10.962910 2.237181 13.462911
v 10.962910 2.237181 14.037089
v 11.537088 2.237181 14.037089
v 11.537088 2.237181 13.462911
v 10.999999 1.056631 13.500000
v 10.999999 1.056631 14.000000
v 11.499999 1.056631 14.000000
v 11.499999 1.056631 13.500000
v 10.942679 1.000000 14.110641
v 10.942679 1.000000 13.389359
v 10.971591 1.056631 14.080359
v 11.557319 1.000000 14.110641
v 11.528407 1.056631 14.080359
v 11.557319 1.000000 13.389359
v 11.528407 1.056631 13.419641
v 10.971591 1.056631 13.419641
v 8.499999 2.181281 13.500000
v 8.499999 2.181281 14.000000
v 8.999999 2.181281 13.500000
v 8.999999 2.181281 14.000000
v 8.462910 2.237181 13.462911
v 8.462910 2.237181 14.037089
v 9.037088 2.237181 14.037089
v 9.037088 2.237181 13.462911
v 8.499999 1.056631 13.500000
v 8.499999 1.056631 14.000000
v 8.999999 1.056631 14.000000
v 8.999999 1.056631 13.500000
v 8.442679 1.000000 14.110641
v 8.442679 1.000000 13.389359
v 8.471591 1.056631 14.080359
v 9.057319 1.000000 14.110641
v 9.028407 1.056631 14.080359
v 9.057319 1.000000 13.389359
v 9.028407 1.056631 13.419641
v 8.471591 1.056631 13.419641
v 6.000000 2.181281 13.500000
v 6.000000 2.181281 14.000000
v 6.500000 2.181281 13.500000
v 6.500000 2.181281 14.000000
v 5.962910 2.237181 13.462911
v 5.962910 2.237181 14.037089
v 6.537089 2.237181 14.037089
v 6.537089 2.237181 13.462911
v 6.000000 1.056631 13.500000
v 6.000000 1.056631 14.000000
v 6.500000 1.056631 14.000000
v 6.500000 1.056631 13.500000
v 5.942680 1.000000 14.110641
v 5.942680 1.000000 13.389359
v 5.971591 1.056631 14.080359
v 6.557319 1.000000 14.110641
v 6.528408 1.056631 14.080359
v 6.557319 1.000000 13.389359
v 6.528408 1.056631 13.419641
v 5.971591 1.056631 13.419641
v 3.500000 2.181281 13.500000
v 3.500000 2.181281 14.000000
v 4.000000 2.181281 13.500000
v 4.000000 2.181281 14.000000
v 3.462911 2.237181 13.462911
v 3.462911 2.237181 14.037089
v 4.037089 2.237181 14.037089
v 4.037089 2.237181 13.462911
v 3.500000 1.056631 13.500000
v 3.500000 1.056631 14.000000
v 4.000000 1.056631 14.000000
v 4.000000 1.056631 13.500000
v 3.442680 1.000000 14.110641
v 3.442680 1.000000 13.389359
v 3.471592 1.056631 14.080359
v 4.057320 1.000000 14.110641
v 4.028408 1.056631 14.080359
v 4.057320 1.000000 13.389359
v 4.028408 1.056631 13.419641
v 3.471592 1.056631 13.419641
v 10.999999 2.181281 9.500000
v 10.999999 2.181281 10.000000
v 11.499999 2.181281 9.500000
v 11.499999 2.181281 10.000000
v 10.962910 2.237181 9.462911
v 10.962910 2.237181 10.037089
v 11.537088 2.237181 10.037089
v 11.537088 2.237181 9.462911
v 10.999999 1.056631 9.500000
v 10.999999 1.056631 10.000000
v 11.499999 1.056631 10.000000
v 11.499999 1.056631 9.500000
v 10.942679 1.000000 10.110641
v 10.942679 1.000000 9.389359
v 10.971591 1.056631 10.080359
v 11.557319 1.000000 10.110641
v 11.528407 1.056631 10.080359
v 11.557319 1.000000 9.389359
v 11.528407 1.056631 9.419641
v 10.971591 1.056631 9.419641
v 8.499999 2.181281 9.500000
v 8.499999 2.181281 10.000000
v 8.999999 2.181281 9.500000
v 8.999999 2.181281 10.000000
v 8.462910 2.237181 9.462911
v 8.462910 2.237181 10.037089
v 9.037088 2.237181 10.037089
v 9.037088 2.237181 9.462911
v 8.499999 1.056631 9.500000
v 8.499999 1.056631 10.000000
v 8.999999 1.056631 10.000000
v 8.999999 1.056631 9.500000
v 8.442679 1.000000 10.110641
v 8.442679 1.000000 9.389359
v 8.471591 1.056631 10.080359
v 9.057319 1.000000 10.110641
v 9.028407 1.056631 10.080359
v 9.057319 1.000000 9.389359
v 9.028407 1.056631 9.419641
v 8.471591 1.056631 9.419641
v 6.000000 2.181281 9.500000
v 6.000000 2.181281 10.000000
v 6.500000 2.181281 9.500000
v 6.500000 2.181281 10.000000
v 5.962910 2.237181 9.462911
v 5.962910 2.237181 10.037089
v 6.537089 2.237181 10.037089
v 6.537089 2.237181 9.462911
v 6.000000 1.056631 9.500000
v 6.000000 1.056631 10.000000
v 6.500000 1.056631 10.000000
v 6.500000 1.056631 9.500000
v 5.942680 1.000000 10.110641
v 5.942680 1.000000 9.389359
v 5.971591 1.056631 10.080359
v 6.557319 1.000000 10.110641
v 6.528408 1.056631 10.080359
v 6.557319 1.000000 9.389359
v 6.528408 1.056631 9.419641
v 5.971591 1.056631 9.419641
v 3.500000 2.181281 9.500000
v 3.500000 2.181281 10.000000
v 4.000000 2.181281 9.500000
v 4.000000 2.181281 10.000000
v 3.462911 2.237181 9.462911
v 3.462911 2.237181 10.037089
v 4.037089 2.237181 10.037089
v 4.037089 2.237181 9.462911
v 3.500000 1.056631 9.500000
v 3.500000 1.056631 10.000000
v 4.000000 1.056631 10.000000
v 4.000000 1.056631 9.500000
v 3.442680 1.000000 10.110641
v 3.442680 1.000000 9.389359
v 3.471592 1.056631 10.080359
v 4.057320 1.000000 10.110641
v 4.028408 1.056631 10.080359
v 4.057320 1.000000 9.389359
v 4.028408 1.056631 9.419641
v 3.471592 1.056631 9.419641
v 10.999999 2.181281 -13.500000
v 10.999999 2.181281 -14.000000
v 11.499999 2.181281 -13.500000
v 11.499999 2.181281 -14.000000
v 10.962910 2.237181 -13.462911
v 10.962910 2.237181 -14.037089
v 11.537088 2.237181 -14.037089
v 11.537088 2.237181 -13.462911
v 10.999999 1.056631 -13.500000
v 10.999999 1.056631 -14.000000
v 11.499999 1.056631 -14.000000
v 11.499999 1.056631 -13.500000
v 10.942679 1.000000 -14.110641
v 10.942679 1.000000 -13.389359
v 10.971591 1.056631 -14.080359
v 11.557319 1.000000 -14.110641
v 11.528407 1.056631 -14.080359
v 11.557319 1.000000 -13.389359
v 11.528407 1.056631 -13.419641
v 10.971591 1.056631 -13.419641
v 8.499999 2.181281 -13.500000
v 8.499999 2.181281 -14.000000
v 8.999999 2.181281 -13.500000
v 8.999999 2.181281 -14.000000
v 8.462910 2.237181 -13.462911
v 8.462910 2.237181 -14.037089
v 9.037088 2.237181 -14.037089
v 9.037088 2.237181 -13.462911
v 8.499999 1.056631 -13.500000
v 8.499999 1.056631 -14.000000
v 8.999999 1.056631 -14.000000
v 8.999999 1.056631 -13.500000
v 8.442679 1.000000 -14.110641
v 8.442679 1.000000 -13.389359
v 8.471591 1.056631 -14.080359
v 9.057319 1.000000 -14.110641
v 9.028407 1.056631 -14.080359
v 9.057319 1.000000 -13.389359
v 9.028407 1.056631 -13.419641
v 8.471591 1.056631 -13.419641
v 6.000000 2.181281 -13.500000
v 6.000000 2.181281 -14.000000
v 6.500000 2.181281 -13.500000
v 6.500000 2.181281 -14.000000
v 5.962910 2.237181 -13.462911
v 5.962910 2.237181 -14.037089
v 6.537089 2.237181 -14.037089
v 6.537089 2.237181 -13.462911
v 6.000000 1.056631 -13.500000
v 6.000000 1.056631 -14.000000
v 6.500000 1.056631 -14.000000
v 6.500000 1.056631 -13.500000
v 5.942680 1.000000 -14.110641
v 5.942680 1.000000 -13.389359
v 5.971591 1.056631 -14.080359
v 6.557319 1.000000 -14.110641
v 6.528408 1.056631 -14.080359
v 6.557319 1.000000 -13.389359
v 6.528408 1.056631 -13.419641
v 5.971591 1.056631 -13.419641
v 3.500000 2.181281 -13.500000
v 3.500000 2.181281 -14.000000
v 4.000000 2.181281 -13.500000
v 4.000000 2.181281 -14.000000
v 3.462911 2.237181 -13.462911
v 3.462911 2.237181 -14.037089
v 4.037089 2.237181 -14.037089
v 4.037089 2.237181 -13.462911
v 3.500000 1.056631 -13.500000
v 3.500000 1.056631 -14.000000
v 4.000000 1.056631 -14.000000
v 4.000000 1.056631 -13.500000
v 3.442680 1.000000 -14.110641
v 3.442680 1.000000 -13.389359
v 3.471592 1.056631 -14.080359
v 4.057320 1.000000 -14.110641
v 4.028408 1.056631 -14.080359
v 4.057320 1.000000 -13.389359
v 4.028408 1.056631 -13.419641
v 3.471592 1.056631 -13.419641
v 10.999999 2.181281 -9.500000
v 10.999999 2.181281 -10.000000
v 11.499999 2.181281 -9.500000
v 11.499999 2.181281 -10.000000
v 10.962910 2.237181 -9.462911
v 10.962910 2.237181 -10.037089
v 11.537088 2.237181 -10.037089
v 11.537088 2.237181 -9.462911
v 10.999999 1.056631 -9.500000
v 10.999999 1.056631 -10.000000
v 11.499999 1.056631 -10.000000
v 11.499999 1.056631 -9.500000
v 10.942679 1.000000 -10.110641
v 10.942679 1.000000 -9.389359
v 10.971591 1.056631 -10.080359
v 11.557319 1.000000 -10.110641
v 11.528407 1.056631 -10.080359
v 11.557319 1.000000 -9.389359
v 11.528407 1.056631 -9.419641
v 10.971591 1.056631 -9.419641
v 8.499999 2.181281 -9.500000
v 8.499999 2.181281 -10.000000
v 8.999999 2.181281 -9.500000
v 8.999999 2.181281 -10.000000
v 8.462910 2.237181 -9.462911
v 8.462910 2.237181 -10.037089
v 9.037088 2.237181 -10.037089
v 9.037088 2.237181 -9.462911
v 8.499999 1.056631 -9.500000
v 8.499999 1.056631 -10.000000
v 8.999999 1.056631 -10.000000
v 8.999999 1.056631 -9.500000
v 8.442679 1.000000 -10.110641
v 8.442679 1.000000 -9.389359
v 8.471591 1.056631 -10.080359
v 9.057319 1.000000 -10.110641
v 9.028407 1.056631 -10.080359
v 9.057319 1.000000 -9.389359
v 9.028407 1.056631 -9.419641
v 8.471591 1.056631 -9.419641
v 6.000000 2.181281 -9.500000
v 6.000000 2.181281 -10.000000
v 6.500000 2.181281 -9.500000
v 6.500000 2.181281 -10.000000
v 5.962910 2.237181 -9.462911
v 5.962910 2.237181 -10.037089
v 6.537089 2.237181 -10.037089
v 6.537089 2.237181 -9.462911
v 6.000000 1.056631 -9.500000
v 6.000000 1.056631 -10.000000
v 6.500000 1.056631 -10.000000
v 6.500000 1.056631 -9.500000
v 5.942680 1.000000 -10.110641
v 5.942680 1.000000 -9.389359
v 5.971591 1.056631 -10.080359
v 6.557319 1.000000 -10.110641
v 6.528408 1.056631 -10.080359
v 6.557319 1.000000 -9.389359
v 6.528408 1.056631 -9.419641
v 5.971591 1.056631 -9.419641
v 3.500000 2.181281 -9.500000
v 3.500000 2.181281 -10.000000
v 4.000000 2.181281 -9.500000
v 4.000000 2.181281 -10.000000
v 3.462911 2.237181 -9.462911
v 3.462911 2.237181 -10.037089
v 4.037089 2.237181 -10.037089
v 4.037089 2.237181 -9.462911
v 3.500000 1.056631 -9.500000
v 3.500000 1.056631 -10.000000
v 4.000000 1.056631 -10.000000
v 4.000000 1.056631 -9.500000
v 3.442680 1.000000 -10.110641
v 3.442680 1.000000 -9.389359
v 3.471592 1.056631 -10.080359
v 4.057320 1.000000 -10.110641
v 4.028408 1.056631 -10.080359
v 4.057320 1.000000 -9.389359
v 4.028408 1.056631 -9.419641
v 3.471592 1.056631 -9.419641
v -10.999999 2.181281 13.500000
v -10.999999 2.181281 14.000000
v -11.499999 2.181281 13.500000
v -11.499999 2.181281 14.000000
v -10.962910 2.237181 13.462911
v -10.962910 2.237181 14.037089
v -11.537088 2.237181 14.037089
v -11.537088 2.237181 13.462911
v -10.999999 1.056631 13.500000
v -10.999999 1.056631 14.000000
v -11.499999 1.056631 14.000000
v -11.499999 1.056631 13.500000
v -10.942679 1.000000 14.110641
v -10.942679 1.000000 13.389359
v -10.971591 1.056631 14.080359
v -11.557319 1.000000 14.110641
v -11.528407 1.056631 14.080359
v -11.557319 1.000000 13.389359
v -11.528407 1.056631 13.419641
v -10.971591 1.056631 13.419641
v -8.499999 2.181281 13.500000
v -8.499999 2.181281 14.000000
v -8.999999 2.181281 13.500000
v -8.999999 2.181281 14.000000
v -8.462910 2.237181 13.462911
v -8.462910 2.237181 14.037089
v -9.037088 2.237181 14.037089
v -9.037088 2.237181 13.462911
v -8.499999 1.056631 13.500000
v -8.499999 1.056631 14.000000
v -8.999999 1.056631 14.000000
v -8.999999 1.056631 13.500000
v -8.442679 1.000000 14.110641
v -8.442679 1.000000 13.389359
v -8.471591 1.056631 14.080359
v -9.057319 1.000000 14.110641
v -9.028407 1.056631 14.080359
v -9.057319 1.000000 13.389359
v -9.028407 1.056631 13.419641
v -8.471591 1.056631 13.419641
v -6.000000 2.181281 13.500000
v -6.000000 2.181281 14.000000
v -6.500000 2.181281 13.500000
v -6.500000 2.181281 14.000000
v -5.962910 2.237181 13.462911
v -5.962910 2.237181 14.037089
v -6.537089 2.237181 14.037089
v -6.537089 2.237181 13.462911
v -6.000000 1.056631 13.500000
v -6.000000 1.056631 14.000000
v -6.500000 1.056631 14.000000
v -6.500000 1.056631 13.500000
v -5.942680 1.000000 14.110641
v -5.942680 1.000000 13.389359
v -5.971591 1.056631 14.080359
v -6.557319 1.000000 14.110641
v -6.528408 1.056631 14.080359
v -6.557319 1.000000 13.389359
v -6.528408 1.056631 13.419641
v -5.971591 1.056631 13.419641
v -3.500000 2.181281 13.500000
v -3.500000 2.181281 14.000000
v -4.000000 2.181281 13.500000
v -4.000000 2.181281 14.000000
v -3.462911 2.237181 13.462911
v -3.462911 2.237181 14.037089
v -4.037089 2.237181 14.037089
v -4.037089 2.237181 13.462911
v -3.500000 1.056631 13.500000
v -3.500000 1.056631 14.000000
v -4.000000 1.056631 14.000000
v -4.000000 1.056631 13.500000
v -3.442680 1.000000 14.110641
v -3.442680 1.000000 13.389359
v -3.471592 1.056631 14.080359
v -4.057320 1.000000 14.110641
v -4.028408 1.056631 14.080359
v -4.057320 1.000000 13.389359
v -4.028408 1.056631 13.419641
v -3.471592 1.056631 13.419641
v -10.999999 2.181281 9.500000
v -10.999999 2.181281 10.000000
v -11.499999 2.181281 9.500000
v -11.499999 2.181281 10.000000
v -10.962910 2.237181 9.462911
v -10.962910 2.237181 10.037089
v -11.537088 2.237181 10.037089
v -11.537088 2.237181 9.462911
v -10.999999 1.056631 9.500000
v -10.999999 1.056631 10.000000
v -11.499999 1.056631 10.000000
v -11.499999 1.056631 9.500000
v -10.942679 1.000000 10.110641
v -10.942679 1.000000 9.389359
v -10.971591 1.056631 10.080359
v -11.557319 1.000000 10.110641
v -11.528407 1.056631 10.080359
v -11.557319 1.000000 9.389359
v -11.528407 1.056631 9.419641
v -10.971591 1.056631 9.419641
v -8.499999 2.181281 9.500000
v -8.499999 2.181281 10.000000
v -8.999999 2.181281 9.500000
v -8.999999 2.181281 10.000000
v -8.462910 2.237181 9.462911
v -8.462910 2.237181 10.037089
v -9.037088 2.237181 10.037089
v -9.037088 2.237181 9.462911
v -8.499999 1.056631 9.500000
v -8.499999 1.056631 10.000000
v -8.999999 1.056631 10.000000
v -8.999999 1.056631 9.500000
v -8.442679 1.000000 10.110641
v -8.442679 1.000000 9.389359
v -8.471591 1.056631 10.080359
v -9.057319 1.000000 10.110641
v -9.028407 1.056631 10.080359
v -9.057319 1.000000 9.389359
v -9.028407 1.056631 9.419641
v -8.471591 1.056631 9.419641
v -6.000000 2.181281 9.500000
v -6.000000 2.181281 10.000000
v -6.500000 2.181281 9.500000
v -6.500000 2.181281 10.000000
v -5.962910 2.237181 9.462911
v -5.962910 2.237181 10.037089
v -6.537089 2.237181 10.037089
v -6.537089 2.237181 9.462911
v -6.000000 1.056631 9.500000
v -6.000000 1.056631 10.000000
v -6.500000 1.056631 10.000000
v -6.500000 1.056631 9.500000
v -5.942680 1.000000 10.110641
v -5.942680 1.000000 9.389359
v -5.971591 1.056631 10.080359
v -6.557319 1.000000 10.110641
v -6.528408 1.056631 10.080359
v -6.557319 1.000000 9.389359
v -6.528408 1.056631 9.419641
v -5.971591 1.056631 9.419641
v -3.500000 2.181281 9.500000
v -3.500000 2.181281 10.000000
v -4.000000 2.181281 9.500000
v -4.000000 2.181281 10.000000
v -3.462911 2.237181 9.462911
v -3.462911 2.237181 10.037089
v -4.037089 2.237181 10.037089
v -4.037089 2.237181 9.462911
v -3.500000 1.056631 9.500000
v -3.500000 1.056631 10.000000
v -4.000000 1.056631 10.000000
v -4.000000 1.056631 9.500000
v -3.442680 1.000000 10.110641
v -3.442680 1.000000 9.389359
v -3.471592 1.056631 10.080359
v -4.057320 1.000000 10.110641
v -4.028408 1.056631 10.080359
v -4.057320 1.000000 9.389359
v -4.028408 1.056631 9.419641
v -3.471592 1.056631 9.419641
v -10.999999 2.181281 -13.500000
v -10.999999 2.181281 -14.000000
v -11.499999 2.181281 -13.500000
v -11.499999 2.181281 -14.000000
v -10.962910 2.237181 -13.462911
v -10.962910 2.237181 -14.037089
v -11.537088 2.237181 -14.037089
v -11.537088 2.237181 -13.462911
v -10.999999 1.056631 -13.500000
v -10.999999 1.056631 -14.000000
v -11.499999 1.056631 -14.000000
v -11.499999 1.056631 -13.500000
v -10.942679 1.000000 -14.110641
v -10.942679 1.000000 -13.389359
v -10.971591 1.056631 -14.080359
v -11.557319 1.000000 -14.110641
v -11.528407 1.056631 -14.080359
v -11.557319 1.000000 -13.389359
v -11.528407 1.056631 -13.419641
v -10.971591 1.056631 -13.419641
v -8.499999 2.181281 -13.500000
v -8.499999 2.181281 -14.000000
v -8.999999 2.181281 -13.500000
v -8.999999 2.181281 -14.000000
v -8.462910 2.237181 -13.462911
v -8.462910 2.237181 -14.037089
v -9.037088 2.237181 -14.037089
v -9.037088 2.237181 -13.462911
v -8.499999 1.056631 -13.500000
v -8.499999 1.056631 -14.000000
v -8.999999 1.056631 -14.000000
v -8.999999 1.056631 -13.500000
v -8.442679 1.000000 -14.110641
v -8.442679 1.000000 -13.389359
v -8.471591 1.056631 -14.080359
v -9.057319 1.000000 -14.110641
v -9.028407 1.056631 -14.080359
v -9.057319 1.000000 -13.389359
v -9.028407 1.056631 -13.419641
v -8.471591 1.056631 -13.419641
v -6.000000 2.181281 -13.500000
v -6.000000 2.181281 -14.000000
v -6.500000 2.181281 -13.500000
v -6.500000 2.181281 -14.000000
v -5.962910 2.237181 -13.462911
v -5.962910 2.237181 -14.037089
v -6.537089 2.237181 -14.037089
v -6.537089 2.237181 -13.462911
v -6.000000 1.056631 -13.500000
v -6.000000 1.056631 -14.000000
v -6.500000 1.056631 -14.000000
v -6.500000 1.056631 -13.500000
v -5.942680 1.000000 -14.110641
v -5.942680 1.000000 -13.389359
v -5.971591 1.056631 -14.080359
v -6.557319 1.000000 -14.110641
v -6.528408 1.056631 -14.080359
v -6.557319 1.000000 -13.389359
v -6.528408 1.056631 -13.419641
v -5.971591 1.056631 -13.419641
v -3.500000 2.181281 -13.500000
v -3.500000 2.181281 -14.000000
v -4.000000 2.181281 -13.500000
v -4.000000 2.181281 -14.000000
v -3.462911 2.237181 -13.462911
v -3.462911 2.237181 -14.037089
v -4.037089 2.237181 -14.037089
v -4.037089 2.237181 -13.462911
v -3.500000 1.056631 -13.500000
v -3.500000 1.056631 -14.000000
v -4.000000 1.056631 -14.000000
v -4.000000 1.056631 -13.500000
v -3.442680 1.000000 -14.110641
v -3.442680 1.000000 -13.389359
v -3.471592 1.056631 -14.080359
v -4.057320 1.000000 -14.110641
v -4.028408 1.056631 -14.080359
v -4.057320 1.000000 -13.389359
v -4.028408 1.056631 -13.419641
v -3.471592 1.056631 -13.419641
v -10.999999 2.181281 -9.500000
v -10.999999 2.181281 -10.000000
v -11.499999 2.181281 -9.500000
v -11.499999 2.181281 -10.000000
v -10.962910 2.237181 -9.462911
v -10.962910 2.237181 -10.037089
v -11.537088 2.237181 -10.037089
v -11.537088 2.237181 -9.462911
v -10.999999 1.056631 -9.500000
v -10.999999 1.056631 -10.000000
v -11.499999 1.056631 -10.000000
v -11.499999 1.056631 -9.500000
v -10.942679 1.000000 -10.110641
v -10.942679 1.000000 -9.389359
v -10.971591 1.056631 -10.080359
v -11.557319 1.000000 -10.110641
v -11.528407 1.056631 -10.080359
v -11.557319 1.000000 -9.389359
v -11.528407 1.056631 -9.419641
v -10.971591 1.056631 -9.419641
v -8.499999 2.181281 -9.500000
v -8.499999 2.181281 -10.000000
v -8.999999 2.181281 -9.500000
v -8.999999 2.181281 -10.000000
v -8.462910 2.237181 -9.462911
v -8.462910 2.237181 -10.037089
v -9.037088 2.237181 -10.037089
v -9.037088 2.237181 -9.462911
v -8.499999 1.056631 -9.500000
v -8.499999 1.056631 -10.000000
v -8.999999 1.056631 -10.000000
v -8.999999 1.056631 -9.500000
v -8.442679 1.000000 -10.110641
v -8.442679 1.000000 -9.389359
v -8.471591 1.056631 -10.080359
v -9.057319 1.000000 -10.110641
v -9.028407 1.056631 -10.080359
v -9.057319 1.000000 -9.389359
v -9.028407 1.056631 -9.419641
v -8.471591 1.056631 -9.419641
v -6.000000 2.181281 -9.500000
v -6.000000 2.181281 -10.000000
v -6.500000 2.181281 -9.500000
v -6.500000 2.181281 -10.000000
v -5.962910 2.237181 -9.462911
v -5.962910 2.237181 -10.037089
v -6.537089 2.237181 -10.037089
v -6.537089 2.237181 -9.462911
v -6.000000 1.056631 -9.500000
v -6.000000 1.056631 -10.000000
v -6.500000 1.056631 -10.000000
v -6.500000 1.056631 -9.500000
v -5.942680 1.000000 -10.110641
v -5.942680 1.000000 -9.389359
v -5.971591 1.056631 -10.080359
v -6.557319 1.000000 -10.110641
v -6.528408 1.056631 -10.080359
v -6.557319 1.000000 -9.389359
v -6.528408 1.056631 -9.419641
v -5.971591 1.056631 -9.419641
v -3.500000 2.181281 -9.500000
v -3.500000 2.181281 -10.000000
v -4.000000 2.181281 -9.500000
v -4.000000 2.181281 -10.000000
v -3.462911 2.237181 -9.462911
v -3.462911 2.237181 -10.037089
v -4.037089 2.237181 -10.037089
v -4.037089 2.237181 -9.462911
v -3.500000 1.056631 -9.500000
v -3.500000 1.056631 -10.000000
v -4.000000 1.056631 -10.000000
v -4.000000 1.056631 -9.500000
v -3.442680 1.000000 -10.110641
v -3.442680 1.000000 -9.389359
v -3.471592 1.056631 -10.080359
v -4.057320 1.000000 -10.110641
v -4.028408 1.056631 -10.080359
v -4.057320 1.000000 -9.389359
v -4.028408 1.056631 -9.419641
v -3.471592 1.056631 -9.419641
vt -2.140466 0.687735
vt -2.142426 0.912243
vt -2.242234 0.911371
vt -2.240275 0.686863
vt 2.719955 0.313137
vt 2.719972 0.088629
vt 2.819784 0.088629
vt 2.819767 0.313137
vt 3.239405 0.686864
vt 3.241364 0.911372
vt 3.141555 0.912243
vt 3.139596 0.687735
vt 2.818896 0.687735
vt 2.818913 0.912243
vt 2.719101 0.912243
vt 2.719084 0.687735
vt 2.826253 0.923467
vt 2.711633 0.923467
vt 2.712634 0.077534
vt 2.827254 0.077534
vt 3.248800 0.922466
vt 3.134184 0.923467
vt 2.827254 3.248800
vt 2.712634 3.249800
vt 2.711633 3.135184
vt 2.826253 3.134184
vt -2.135184 0.923466
vt -2.249800 0.922466
vt 2.830145 0.676623
vt 2.824427 0.687875
vt 2.713273 0.687875
vt 2.707448 0.676623
vt 3.261292 0.675366
vt 3.255396 0.686724
vt 3.123505 0.687875
vt 3.117312 0.676623
vt 2.708704 0.324634
vt 2.714424 0.313277
vt 2.825578 0.313277
vt 2.831402 0.324634
vt -2.118382 0.676622
vt -2.124475 0.687875
vt -2.256366 0.686723
vt -2.262362 0.675366
vt 2.824427 3.123505
vt 2.825578 3.255396
vt 2.714424 3.256366
vt 2.713273 3.124475
vt -2.144822 0.687735
vt -2.146781 0.912243
vt -2.246590 0.911371
vt -2.244630 0.686864
vt 2.220893 0.313137
vt 2.220910 0.088629
vt 2.320722 0.088629
vt 2.320705 0.313137
vt 3.243760 0.686864
vt 3.245719 0.911372
vt 3.145911 0.912243
vt 3.143951 0.687735
vt 2.319834 0.687735
vt 2.319851 0.912243
vt 2.220039 0.912243
vt 2.220022 0.687735
vt 2.327191 0.923467
vt 2.212571 0.923467
vt 2.213571 0.077534
vt 2.328192 0.077534
vt 3.253155 0.922466
vt 3.138540 0.923467
vt 2.328192 3.253155
vt 2.213571 3.254155
vt 2.212571 3.139539
vt 2.327191 3.138539
vt -2.139539 0.923466
vt -2.254155 0.922466
vt 2.331083 0.676623
vt 2.325365 0.687875
vt 2.214211 0.687875
vt 2.208385 0.676623
vt 3.265647 0.675366
vt 3.259751 0.686724
vt 3.127861 0.687875
vt 3.121667 0.676623
vt 2.209642 0.324634
vt 2.215362 0.313277
vt 2.326516 0.313277
vt 2.332339 0.324634
vt -2.122737 0.676622
vt -2.128830 0.687875
vt -2.260721 0.686724
vt -2.266718 0.675366
vt 2.325365 3.127860
vt 2.326516 3.259751
vt 2.215362 3.260721
vt 2.214211 3.128830
vt -2.149177 0.687735
vt -2.151136 0.912243
vt -2.250945 0.911371
vt -2.248986 0.686864
vt 1.721830 0.313137
vt 1.721848 0.088629
vt 1.821660 0.088629
vt 1.821643 0.313137
vt 3.248115 0.686864
vt 3.250074 0.911372
vt 3.150266 0.912243
vt 3.148306 0.687735
vt 1.820772 0.687735
vt 1.820789 0.912243
vt 1.720976 0.912243
vt 1.720959 0.687735
vt 1.828129 0.923467
vt 1.713509 0.923467
vt 1.714509 0.077534
vt 1.829129 0.077534
vt 3.257511 0.922466
vt 3.142895 0.923466
vt 1.829129 3.257510
vt 1.714509 3.258511
vt 1.713509 3.143895
vt 1.828129 3.142895
vt -2.143894 0.923466
vt -2.258510 0.922466
vt 1.832021 0.676623
vt 1.826303 0.687875
vt 1.715148 0.687875
vt 1.709323 0.676623
vt 3.270003 0.675366
vt 3.264107 0.686724
vt 3.132216 0.687875
vt 3.126022 0.676623
vt 1.710580 0.324634
vt 1.716300 0.313277
vt 1.827454 0.313277
vt 1.833277 0.324634
vt -2.127092 0.676622
vt -2.133185 0.687875
vt -2.265076 0.686724
vt -2.271073 0.675366
vt 1.826303 3.132216
vt 1.827454 3.264107
vt 1.716300 3.265076
vt 1.715148 3.133186
vt -2.153532 0.687735
vt -2.155492 0.912243
vt -2.255300 0.911372
vt -2.253341 0.686864
vt 1.222768 0.313137
vt 1.222785 0.088629
vt 1.322598 0.088629
vt 1.322581 0.313137
vt 3.252470 0.686864
vt 3.254430 0.911372
vt 3.154621 0.912243
vt 3.152662 0.687735
vt 1.321710 0.687735
vt 1.321727 0.912243
vt 1.221914 0.912243
vt 1.221897 0.687735
vt 1.329067 0.923467
vt 1.214447 0.923467
vt 1.215447 0.077534
vt 1.330067 0.077534
vt 3.261866 0.922466
vt 3.147250 0.923466
vt 1.330067 3.261866
vt 1.215447 3.262866
vt 1.214447 3.148250
vt 1.329067 3.147250
vt -2.148250 0.923466
vt -2.262866 0.922466
vt 1.332959 0.676623
vt 1.327241 0.687875
vt 1.216086 0.687875
vt 1.210261 0.676623
vt 3.274358 0.675366
vt 3.268462 0.686724
vt 3.136571 0.687875
vt 3.130377 0.676623
vt 1.211518 0.324634
vt 1.217237 0.313277
vt 1.328392 0.313277
vt 1.334215 0.324634
vt -2.131448 0.676622
vt -2.137541 0.687875
vt -2.269431 0.686724
vt -2.275428 0.675366
vt 1.327241 3.136571
vt 1.328392 3.268462
vt 1.217237 3.269432
vt 1.216086 3.137541
vt -1.341997 0.694703
vt -1.343956 0.919211
vt -1.443765 0.918340
vt -1.441806 0.693832
vt 2.712986 0.306168
vt 2.713004 0.081660
vt 2.812816 0.081660
vt 2.812799 0.306168
vt 2.440935 0.693832
vt 2.442895 0.918340
vt 2.343086 0.919211
vt 2.341127 0.694703
vt 2.811928 0.694703
vt 2.811945 0.919211
vt 2.712133 0.919211
vt 2.712116 0.694703
vt 2.819285 0.930435
vt 2.704665 0.930435
vt 2.705665 0.070566
vt 2.820286 0.070566
vt 2.450331 0.929435
vt 2.335715 0.930435
vt 2.820286 2.450331
vt 2.705665 2.451331
vt 2.704665 2.336715
vt 2.819285 2.335715
vt -1.336715 0.930435
vt -1.451331 0.929434
vt 2.823177 0.683591
vt 2.817459 0.694843
vt 2.706305 0.694843
vt 2.700480 0.683591
vt 2.462823 0.682334
vt 2.456927 0.693692
vt 2.325036 0.694843
vt 2.318842 0.683591
vt 2.701736 0.317666
vt 2.707456 0.306308
vt 2.818610 0.306308
vt 2.824434 0.317666
vt -1.319912 0.683591
vt -1.326006 0.694843
vt -1.457897 0.693692
vt -1.463893 0.682334
vt 2.817459 2.325036
vt 2.818610 2.456927
vt 2.707456 2.457897
vt 2.706305 2.326006
vt -1.346353 0.694703
vt -1.348312 0.919211
vt -1.448120 0.918340
vt -1.446161 0.693832
vt 2.213924 0.306168
vt 2.213942 0.081660
vt 2.313754 0.081660
vt 2.313737 0.306168
vt 2.445291 0.693832
vt 2.447250 0.918340
vt 2.347441 0.919211
vt 2.345482 0.694703
vt 2.312866 0.694703
vt 2.312883 0.919211
vt 2.213070 0.919211
vt 2.213053 0.694703
vt 2.320223 0.930435
vt 2.205603 0.930435
vt 2.206603 0.070566
vt 2.321223 0.070566
vt 2.454686 0.929435
vt 2.340070 0.930435
vt 2.321223 2.454686
vt 2.206603 2.455686
vt 2.205603 2.341070
vt 2.320223 2.340070
vt -1.341070 0.930435
vt -1.455686 0.929434
vt 2.324115 0.683591
vt 2.318397 0.694843
vt 2.207242 0.694843
vt 2.201417 0.683591
vt 2.467178 0.682334
vt 2.461282 0.693692
vt 2.329391 0.694843
vt 2.323198 0.683591
vt 2.202674 0.317666
vt 2.208394 0.306308
vt 2.319548 0.306308
vt 2.325371 0.317666
vt -1.324268 0.683591
vt -1.330361 0.694843
vt -1.462252 0.693692
vt -1.468248 0.682334
vt 2.318397 2.329391
vt 2.319548 2.461282
vt 2.208394 2.462252
vt 2.207242 2.330361
vt -1.350708 0.694703
vt -1.352667 0.919211
vt -1.452476 0.918340
vt -1.450516 0.693832
vt 1.714862 0.306168
vt 1.714879 0.081660
vt 1.814692 0.081660
vt 1.814675 0.306168
vt 2.449646 0.693832
vt 2.451605 0.918340
vt 2.351796 0.919211
vt 2.349837 0.694703
vt 1.813804 0.694703
vt 1.813821 0.919211
vt 1.714008 0.919211
vt 1.713991 0.694703
vt 1.821161 0.930435
vt 1.706541 0.930435
vt 1.707541 0.070566
vt 1.822161 0.070566
vt 2.459042 0.929435
vt 2.344425 0.930435
vt 1.822161 2.459041
vt 1.707541 2.460042
vt 1.706541 2.345425
vt 1.821161 2.344425
vt -1.345425 0.930435
vt -1.460042 0.929434
vt 1.825053 0.683591
vt 1.819335 0.694843
vt 1.708180 0.694843
vt 1.702355 0.683591
vt 2.471533 0.682334
vt 2.465637 0.693692
vt 2.333747 0.694843
vt 2.327553 0.683591
vt 1.703612 0.317666
vt 1.709331 0.306308
vt 1.820486 0.306308
vt 1.826309 0.317666
vt -1.328623 0.683591
vt -1.334716 0.694843
vt -1.466607 0.693692
vt -1.472604 0.682334
vt 1.819335 2.333746
vt 1.820486 2.465637
vt 1.709331 2.466607
vt 1.708180 2.334717
vt -1.355063 0.694703
vt -1.357022 0.919211
vt -1.456831 0.918340
vt -1.454872 0.693832
vt 1.215800 0.306168
vt 1.215817 0.081660
vt 1.315630 0.081660
vt 1.315613 0.306168
vt 2.454001 0.693832
vt 2.455960 0.918340
vt 2.356152 0.919211
vt 2.354192 0.694703
vt 1.314742 0.694703
vt 1.314759 0.919211
vt 1.214946 0.919211
vt 1.214929 0.694703
vt 1.322099 0.930435
vt 1.207479 0.930435
vt 1.208479 0.070566
vt 1.323099 0.070566
vt 2.463397 0.929435
vt 2.348781 0.930435
vt 1.323099 2.463397
vt 1.208479 2.464397
vt 1.207479 2.349781
vt 1.322099 2.348780
vt -1.349781 0.930435
vt -1.464397 0.929434
vt 1.325990 0.683591
vt 1.320273 0.694843
vt 1.209118 0.694843
vt 1.203293 0.683591
vt 2.475888 0.682334
vt 2.469993 0.693692
vt 2.338102 0.694843
vt 2.331908 0.683591
vt 1.204550 0.317666
vt 1.210269 0.306308
vt 1.321424 0.306308
vt 1.327247 0.317666
vt -1.332978 0.683591
vt -1.339072 0.694843
vt -1.470962 0.693692
vt -1.476959 0.682334
vt 1.320273 2.338102
vt 1.321424 2.469993
vt 1.210269 2.470963
vt 1.209118 2.339072
vt 3.249201 0.734771
vt 3.349009 0.735643
vt 3.347050 0.960150
vt 3.247241 0.959279
vt 2.671178 0.735642
vt 2.770990 0.735642
vt 2.771007 0.960150
vt 2.671195 0.960150
vt -2.349880 0.735643
vt -2.250072 0.734772
vt -2.248112 0.959280
vt -2.347921 0.960151
vt 2.771861 0.265228
vt 2.672049 0.265228
vt 2.672066 0.040720
vt 2.771878 0.040720
vt 2.664728 0.029626
vt 2.779348 0.029626
vt 2.778347 0.971374
vt 2.663727 0.971374
vt -2.240676 0.970374
vt -2.355292 0.971374
vt 2.778347 -2.355292
vt 2.779348 -2.240676
vt 2.664728 -2.239676
vt 2.663727 -2.354292
vt 3.354292 0.971374
vt 3.239676 0.970374
vt 2.783496 0.276726
vt 2.660798 0.276726
vt 2.666518 0.265368
vt 2.777672 0.265368
vt -2.372164 0.724531
vt -2.228184 0.723274
vt -2.234080 0.734632
vt -2.365971 0.735783
vt 2.659542 0.724530
vt 2.782239 0.724530
vt 2.776521 0.735783
vt 2.665367 0.735783
vt 3.227113 0.723274
vt 3.371094 0.724530
vt 3.365001 0.735783
vt 3.233110 0.734631
vt 2.777672 -2.234080
vt 2.666518 -2.233110
vt 2.665367 -2.365001
vt 2.776521 -2.365971
vt 3.244845 0.734771
vt 3.344654 0.735643
vt 3.342695 0.960150
vt 3.242886 0.959279
vt 2.172116 0.735642
vt 2.271928 0.735642
vt 2.271945 0.960150
vt 2.172133 0.960150
vt -2.345525 0.735643
vt -2.245716 0.734772
vt -2.243757 0.959280
vt -2.343566 0.960151
vt 2.272799 0.265228
vt 2.172987 0.265228
vt 2.173004 0.040720
vt 2.272816 0.040720
vt 2.165665 0.029626
vt 2.280286 0.029626
vt 2.279285 0.971374
vt 2.164665 0.971374
vt -2.236321 0.970374
vt -2.350937 0.971374
vt 2.279285 -2.350937
vt 2.280286 -2.236321
vt 2.165665 -2.235321
vt 2.164665 -2.349937
vt 3.349936 0.971374
vt 3.235321 0.970374
vt 2.284433 0.276726
vt 2.161736 0.276726
vt 2.167456 0.265368
vt 2.278610 0.265368
vt -2.367809 0.724531
vt -2.223829 0.723274
vt -2.229725 0.734632
vt -2.361616 0.735783
vt 2.160480 0.724530
vt 2.283177 0.724530
vt 2.277459 0.735783
vt 2.166305 0.735783
vt 3.222758 0.723274
vt 3.366739 0.724530
vt 3.360646 0.735783
vt 3.228755 0.734632
vt 2.278610 -2.229725
vt 2.167456 -2.228755
vt 2.166305 -2.360646
vt 2.277459 -2.361616
vt 3.240490 0.734772
vt 3.340299 0.735643
vt 3.338340 0.960151
vt 3.238531 0.959279
vt 1.673054 0.735642
vt 1.772866 0.735642
vt 1.772883 0.960150
vt 1.673071 0.960150
vt -2.341170 0.735643
vt -2.241361 0.734772
vt -2.239402 0.959280
vt -2.339211 0.960151
vt 1.773737 0.265228
vt 1.673925 0.265228
vt 1.673942 0.040720
vt 1.773754 0.040720
vt 1.666603 0.029626
vt 1.781223 0.029626
vt 1.780223 0.971374
vt 1.665603 0.971374
vt -2.231966 0.970374
vt -2.346581 0.971374
vt 1.780223 -2.346582
vt 1.781223 -2.231966
vt 1.666603 -2.230965
vt 1.665603 -2.345581
vt 3.345581 0.971374
vt 3.230965 0.970374
vt 1.785371 0.276726
vt 1.662674 0.276726
vt 1.668394 0.265368
vt 1.779548 0.265368
vt -2.363454 0.724531
vt -2.219474 0.723274
vt -2.225370 0.734632
vt -2.357260 0.735783
vt 1.661417 0.724530
vt 1.784115 0.724530
vt 1.778397 0.735783
vt 1.667243 0.735783
vt 3.218403 0.723274
vt 3.362383 0.724530
vt 3.356290 0.735783
vt 3.224400 0.734632
vt 1.779548 -2.225370
vt 1.668394 -2.224400
vt 1.667243 -2.356291
vt 1.778397 -2.357260
vt 3.236135 0.734772
vt 3.335943 0.735643
vt 3.333984 0.960151
vt 3.234175 0.959280
vt 1.173991 0.735642
vt 1.273804 0.735642
vt 1.273821 0.960150
vt 1.174008 0.960150
vt -2.336815 0.735643
vt -2.237006 0.734772
vt -2.235047 0.959280
vt -2.334855 0.960151
vt 1.274675 0.265228
vt 1.174862 0.265228
vt 1.174880 0.040720
vt 1.274692 0.040720
vt 1.167541 0.029626
vt 1.282161 0.029626
vt 1.281161 0.971374
vt 1.166541 0.971374
vt -2.227610 0.970374
vt -2.342226 0.971374
vt 1.281161 -2.342227
vt 1.282161 -2.227611
vt 1.167541 -2.226610
vt 1.166541 -2.341226
vt 3.341226 0.971374
vt 3.226610 0.970374
vt 1.286309 0.276726
vt 1.163612 0.276726
vt 1.169331 0.265368
vt 1.280486 0.265368
vt -2.359099 0.724531
vt -2.215118 0.723274
vt -2.221014 0.734632
vt -2.352905 0.735783
vt 1.162355 0.724530
vt 1.285053 0.724530
vt 1.279335 0.735783
vt 1.168180 0.735783
vt 3.214047 0.723274
vt 3.358028 0.724530
vt 3.351935 0.735783
vt 3.220044 0.734632
vt 1.280486 -2.221014
vt 1.169331 -2.220045
vt 1.168180 -2.351935
vt 1.279335 -2.352905
vt 2.450731 0.727803
vt 2.550540 0.728674
vt 2.548581 0.953182
vt 2.448772 0.952311
vt 2.678146 0.728674
vt 2.777958 0.728674
vt 2.777976 0.953182
vt 2.678163 0.953182
vt -1.551411 0.728674
vt -1.451602 0.727803
vt -1.449643 0.952311
vt -1.549451 0.953182
vt 2.778829 0.272197
vt 2.679017 0.272197
vt 2.679034 0.047689
vt 2.778847 0.047689
vt 2.671696 0.036594
vt 2.786316 0.036594
vt 2.785316 0.964406
vt 2.670696 0.964406
vt -1.442207 0.963406
vt -1.556823 0.964406
vt 2.785316 -1.556823
vt 2.786316 -1.442207
vt 2.671696 -1.441207
vt 2.670696 -1.555823
vt 2.555823 0.964406
vt 2.441206 0.963405
vt 2.790464 0.283694
vt 2.667767 0.283694
vt 2.673486 0.272337
vt 2.784640 0.272337
vt -1.573695 0.717562
vt -1.429715 0.716306
vt -1.435611 0.727663
vt -1.567502 0.728814
vt 2.666510 0.717562
vt 2.789207 0.717562
vt 2.783489 0.728814
vt 2.672335 0.728814
vt 2.428644 0.716305
vt 2.572625 0.717562
vt 2.566532 0.728814
vt 2.434641 0.727663
vt 2.784640 -1.435611
vt 2.673486 -1.434641
vt 2.672335 -1.566532
vt 2.783489 -1.567502
vt 2.446376 0.727803
vt 2.546185 0.728674
vt 2.544225 0.953182
vt 2.444417 0.952311
vt 2.179084 0.728674
vt 2.278896 0.728674
vt 2.278913 0.953182
vt 2.179101 0.953182
vt -1.547056 0.728674
vt -1.447247 0.727803
vt -1.445288 0.952311
vt -1.545096 0.953182
vt 2.279767 0.272197
vt 2.179955 0.272197
vt 2.179972 0.047689
vt 2.279784 0.047689
vt 2.172633 0.036594
vt 2.287254 0.036594
vt 2.286253 0.964406
vt 2.171633 0.964406
vt -1.437851 0.963406
vt -1.552467 0.964406
vt 2.286253 -1.552468
vt 2.287254 -1.437852
vt 2.172633 -1.436851
vt 2.171633 -1.551468
vt 2.551467 0.964406
vt 2.436851 0.963405
vt 2.291402 0.283694
vt 2.168704 0.283694
vt 2.174424 0.272337
vt 2.285578 0.272337
vt -1.569340 0.717562
vt -1.425359 0.716306
vt -1.431255 0.727663
vt -1.563146 0.728814
vt 2.167448 0.717562
vt 2.290145 0.717562
vt 2.284427 0.728814
vt 2.173273 0.728814
vt 2.424289 0.716305
vt 2.568269 0.717562
vt 2.562176 0.728814
vt 2.430285 0.727663
vt 2.285578 -1.431255
vt 2.174424 -1.430285
vt 2.173273 -1.562177
vt 2.284427 -1.563147
vt 2.442021 0.727803
vt 2.541830 0.728674
vt 2.539870 0.953182
vt 2.440062 0.952311
vt 1.680022 0.728674
vt 1.779834 0.728674
vt 1.779851 0.953182
vt 1.680039 0.953182
vt -1.542700 0.728674
vt -1.442892 0.727803
vt -1.440933 0.952311
vt -1.540741 0.953182
vt 1.780705 0.272197
vt 1.680893 0.272197
vt 1.680910 0.047689
vt 1.780722 0.047689
vt 1.673571 0.036594
vt 1.788192 0.036594
vt 1.787191 0.964406
vt 1.672571 0.964406
vt -1.433496 0.963406
vt -1.548112 0.964406
vt 1.787191 -1.548113
vt 1.788192 -1.433496
vt 1.673571 -1.432496
vt 1.672571 -1.547112
vt 2.547112 0.964406
vt 2.432496 0.963406
vt 1.792339 0.283694
vt 1.669642 0.283694
vt 1.675362 0.272337
vt 1.786516 0.272337
vt -1.564985 0.717562
vt -1.421004 0.716306
vt -1.426900 0.727663
vt -1.558791 0.728814
vt 1.668386 0.717562
vt 1.791083 0.717562
vt 1.785365 0.728814
vt 1.674211 0.728814
vt 2.419934 0.716305
vt 2.563914 0.717562
vt 2.557821 0.728814
vt 2.425930 0.727663
vt 1.786516 -1.426900
vt 1.675362 -1.425930
vt 1.674211 -1.557821
vt 1.785365 -1.558791
vt 2.437665 0.727803
vt 2.537474 0.728674
vt 2.535515 0.953182
vt 2.435706 0.952311
vt 1.180959 0.728674
vt 1.280772 0.728674
vt 1.280789 0.953182
vt 1.180977 0.953182
vt -1.538345 0.728674
vt -1.438537 0.727803
vt -1.436577 0.952311
vt -1.536386 0.953182
vt 1.281643 0.272197
vt 1.181831 0.272197
vt 1.181848 0.047689
vt 1.281660 0.047689
vt 1.174509 0.036594
vt 1.289130 0.036594
vt 1.288129 0.964406
vt 1.173509 0.964406
vt -1.429141 0.963406
vt -1.543757 0.964406
vt 1.288129 -1.543757
vt 1.289130 -1.429141
vt 1.174509 -1.428141
vt 1.173509 -1.542757
vt 2.542757 0.964406
vt 2.428141 0.963406
vt 1.293277 0.283694
vt 1.170580 0.283694
vt 1.176300 0.272337
vt 1.287454 0.272337
vt -1.560629 0.717562
vt -1.416649 0.716306
vt -1.422545 0.727663
vt -1.554436 0.728814
vt 1.169323 0.717562
vt 1.292021 0.717562
vt 1.286303 0.728814
vt 1.175148 0.728814
vt 2.415578 0.716305
vt 2.559559 0.717562
vt 2.553466 0.728814
vt 2.421575 0.727663
vt 1.287454 -1.422545
vt 1.176300 -1.421575
vt 1.175149 -1.553466
vt 1.286303 -1.554436
vt 3.178793 0.687735
vt 3.278601 0.686864
vt 3.280561 0.911372
vt 3.180752 0.912243
vt -1.671792 0.313137
vt -1.771605 0.313137
vt -1.771587 0.088629
vt -1.671775 0.088629
vt -2.279473 0.686864
vt -2.179664 0.687735
vt -2.181623 0.912243
vt -2.281432 0.911372
vt -1.772476 0.687735
vt -1.672663 0.687735
vt -1.672646 0.912243
vt -1.772459 0.912243
vt -1.665306 0.923467
vt -1.779926 0.923467
vt -1.778926 0.077534
vt -1.664306 0.077534
vt -2.174381 0.923467
vt -2.288997 0.922466
vt -1.778926 3.288997
vt -1.779926 3.174381
vt -1.665306 3.173381
vt -1.664306 3.287997
vt 3.287997 0.922466
vt 3.173381 0.923466
vt -1.784112 0.676623
vt -1.661414 0.676623
vt -1.667132 0.687875
vt -1.778287 0.687875
vt -2.301560 0.675366
vt -2.157579 0.676623
vt -2.163672 0.687875
vt -2.295563 0.686724
vt -1.660158 0.324634
vt -1.782855 0.324634
vt -1.777136 0.313277
vt -1.665981 0.313277
vt 3.156508 0.676623
vt 3.300489 0.675366
vt 3.294593 0.686724
vt 3.162702 0.687875
vt -1.778287 3.163672
vt -1.667132 3.162702
vt -1.665981 3.294593
vt -1.777136 3.295563
vt 3.174438 0.687735
vt 3.274246 0.686864
vt 3.276206 0.911372
vt 3.176397 0.912243
vt -1.172730 0.313137
vt -1.272542 0.313137
vt -1.272525 0.088629
vt -1.172713 0.088629
vt -2.275117 0.686864
vt -2.175308 0.687735
vt -2.177268 0.912243
vt -2.277076 0.911372
vt -1.273413 0.687735
vt -1.173601 0.687735
vt -1.173584 0.912243
vt -1.273396 0.912243
vt -1.166244 0.923467
vt -1.280864 0.923467
vt -1.279864 0.077534
vt -1.165244 0.077534
vt -2.170026 0.923466
vt -2.284642 0.922466
vt -1.279864 3.284642
vt -1.280864 3.170026
vt -1.166244 3.169026
vt -1.165244 3.283642
vt 3.283642 0.922466
vt 3.169026 0.923466
vt -1.285049 0.676623
vt -1.162352 0.676623
vt -1.168070 0.687875
vt -1.279225 0.687875
vt -2.297204 0.675366
vt -2.153224 0.676623
vt -2.159317 0.687875
vt -2.291208 0.686724
vt -1.161096 0.324634
vt -1.283793 0.324634
vt -1.278073 0.313277
vt -1.166919 0.313277
vt 3.152153 0.676623
vt 3.296134 0.675366
vt 3.290238 0.686724
vt 3.158347 0.687875
vt -1.279225 3.159317
vt -1.168070 3.158347
vt -1.166919 3.290238
vt -1.278073 3.291208
vt 3.170082 0.687735
vt 3.269891 0.686864
vt 3.271850 0.911372
vt 3.172042 0.912243
vt -0.673668 0.313137
vt -0.773480 0.313137
vt -0.773463 0.088629
vt -0.673651 0.088629
vt -2.270762 0.686864
vt -2.170953 0.687735
vt -2.172913 0.912243
vt -2.272721 0.911372
vt -0.774351 0.687735
vt -0.674539 0.687735
vt -0.674522 0.912243
vt -0.774334 0.912243
vt -0.667182 0.923467
vt -0.781802 0.923467
vt -0.780802 0.077534
vt -0.666182 0.077534
vt -2.165671 0.923466
vt -2.280287 0.922466
vt -0.780802 3.280287
vt -0.781802 3.165671
vt -0.667182 3.164671
vt -0.666182 3.279287
vt 3.279287 0.922466
vt 3.164671 0.923466
vt -0.785987 0.676623
vt -0.663290 0.676623
vt -0.669008 0.687875
vt -0.780162 0.687875
vt -2.292849 0.675366
vt -2.148869 0.676623
vt -2.154962 0.687875
vt -2.286853 0.686724
vt -0.662034 0.324634
vt -0.784731 0.324634
vt -0.779011 0.313277
vt -0.667857 0.313277
vt 3.147798 0.676623
vt 3.291779 0.675366
vt 3.285882 0.686724
vt 3.153992 0.687875
vt -0.780162 3.154962
vt -0.669008 3.153992
vt -0.667857 3.285883
vt -0.779011 3.286853
vt 3.165727 0.687735
vt 3.265536 0.686864
vt 3.267495 0.911372
vt 3.167686 0.912243
vt -0.174606 0.313137
vt -0.274418 0.313137
vt -0.274401 0.088629
vt -0.174589 0.088629
vt -2.266407 0.686864
vt -2.166598 0.687735
vt -2.168557 0.912243
vt -2.268366 0.911372
vt -0.275289 0.687735
vt -0.175477 0.687735
vt -0.175460 0.912243
vt -0.275272 0.912243
vt -0.168120 0.923467
vt -0.282740 0.923467
vt -0.281740 0.077534
vt -0.167119 0.077534
vt -2.161316 0.923466
vt -2.275932 0.922466
vt -0.281740 3.275932
vt -0.282740 3.161316
vt -0.168120 3.160316
vt -0.167119 3.274931
vt 3.274931 0.922466
vt 3.160316 0.923466
vt -0.286925 0.676623
vt -0.164228 0.676623
vt -0.169946 0.687875
vt -0.281100 0.687875
vt -2.288494 0.675366
vt -2.144514 0.676623
vt -2.150606 0.687875
vt -2.282497 0.686724
vt -0.162972 0.324634
vt -0.285669 0.324634
vt -0.279949 0.313277
vt -0.168795 0.313277
vt 3.143443 0.676623
vt 3.287423 0.675366
vt 3.281527 0.686724
vt 3.149637 0.687875
vt -0.281100 3.150607
vt -0.169946 3.149637
vt -0.168795 3.281528
vt -0.279949 3.282497
vt 2.380324 0.694703
vt 2.480132 0.693832
vt 2.482091 0.918340
vt 2.382283 0.919211
vt -1.678760 0.306168
vt -1.778573 0.306168
vt -1.778556 0.081660
vt -1.678743 0.081660
vt -1.481003 0.693832
vt -1.381195 0.694703
vt -1.383154 0.919211
vt -1.482963 0.918340
vt -1.779444 0.694703
vt -1.679631 0.694703
vt -1.679614 0.919211
vt -1.779427 0.919211
vt -1.672274 0.930435
vt -1.786894 0.930435
vt -1.785894 0.070566
vt -1.671274 0.070566
vt -1.375912 0.930435
vt -1.490528 0.929435
vt -1.785894 2.490528
vt -1.786894 2.375912
vt -1.672274 2.374912
vt -1.671274 2.489528
vt 2.489528 0.929435
vt 2.374912 0.930435
vt -1.791080 0.683591
vt -1.668383 0.683591
vt -1.674100 0.694843
vt -1.785255 0.694843
vt -1.503091 0.682335
vt -1.359110 0.683591
vt -1.365203 0.694843
vt -1.497094 0.693692
vt -1.667126 0.317666
vt -1.789823 0.317666
vt -1.784104 0.306308
vt -1.672950 0.306308
vt 2.358039 0.683591
vt 2.502020 0.682334
vt 2.496124 0.693692
vt 2.364233 0.694843
vt -1.785255 2.365203
vt -1.674101 2.364233
vt -1.672950 2.496124
vt -1.784104 2.497094
vt 2.375968 0.694703
vt 2.475777 0.693832
vt 2.477736 0.918340
vt 2.377928 0.919211
vt -1.179698 0.306168
vt -1.279511 0.306168
vt -1.279494 0.081660
vt -1.179681 0.081660
vt -1.476648 0.693832
vt -1.376840 0.694703
vt -1.378799 0.919211
vt -1.478607 0.918340
vt -1.280382 0.694703
vt -1.180569 0.694703
vt -1.180552 0.919211
vt -1.280365 0.919211
vt -1.173212 0.930435
vt -1.287832 0.930435
vt -1.286832 0.070566
vt -1.172212 0.070566
vt -1.371557 0.930435
vt -1.486173 0.929435
vt -1.286832 2.486173
vt -1.287832 2.371557
vt -1.173212 2.370557
vt -1.172212 2.485173
vt 2.485173 0.929435
vt 2.370557 0.930435
vt -1.292018 0.683591
vt -1.169320 0.683591
vt -1.175038 0.694843
vt -1.286193 0.694843
vt -1.498735 0.682334
vt -1.354755 0.683591
vt -1.360848 0.694843
vt -1.492739 0.693692
vt -1.168064 0.317666
vt -1.290761 0.317666
vt -1.285042 0.306308
vt -1.173887 0.306308
vt 2.353684 0.683591
vt 2.497664 0.682334
vt 2.491769 0.693692
vt 2.359878 0.694843
vt -1.286193 2.360848
vt -1.175038 2.359878
vt -1.173887 2.491769
vt -1.285042 2.492739
vt 2.371613 0.694703
vt 2.471422 0.693832
vt 2.473381 0.918340
vt 2.373573 0.919211
vt -0.680636 0.306168
vt -0.780448 0.306168
vt -0.780431 0.081660
vt -0.680619 0.081660
vt -1.472293 0.693832
vt -1.372484 0.694703
vt -1.374444 0.919211
vt -1.474252 0.918340
vt -0.781319 0.694703
vt -0.681507 0.694703
vt -0.681490 0.919211
vt -0.781302 0.919211
vt -0.674150 0.930435
vt -0.788770 0.930435
vt -0.787770 0.070566
vt -0.673150 0.070566
vt -1.367202 0.930435
vt -1.481818 0.929435
vt -0.787770 2.481818
vt -0.788770 2.367202
vt -0.674150 2.366202
vt -0.673150 2.480818
vt 2.480818 0.929435
vt 2.366202 0.930435
vt -0.792956 0.683591
vt -0.670258 0.683591
vt -0.675976 0.694843
vt -0.787130 0.694843
vt -1.494380 0.682334
vt -1.350399 0.683591
vt -1.356493 0.694843
vt -1.488384 0.693692
vt -0.669002 0.317666
vt -0.791699 0.317666
vt -0.785979 0.306308
vt -0.674825 0.306308
vt 2.349329 0.683591
vt 2.493309 0.682334
vt 2.487413 0.693692
vt 2.355523 0.694843
vt -0.787130 2.356493
vt -0.675976 2.355523
vt -0.674825 2.487414
vt -0.785979 2.488384
vt 2.367258 0.694703
vt 2.467067 0.693832
vt 2.469026 0.918340
vt 2.369217 0.919211
vt -0.181574 0.306168
vt -0.281386 0.306168
vt -0.281369 0.081660
vt -0.181557 0.081660
vt -1.467937 0.693832
vt -1.368129 0.694703
vt -1.370088 0.919211
vt -1.469897 0.918340
vt -0.282257 0.694703
vt -0.182445 0.694703
vt -0.182428 0.919211
vt -0.282240 0.919211
vt -0.175088 0.930435
vt -0.289708 0.930435
vt -0.288708 0.070566
vt -0.174087 0.070566
vt -1.362847 0.930435
vt -1.477463 0.929435
vt -0.288708 2.477463
vt -0.289708 2.362847
vt -0.175088 2.361846
vt -0.174087 2.476462
vt 2.476462 0.929435
vt 2.361846 0.930435
vt -0.293893 0.683591
vt -0.171196 0.683591
vt -0.176914 0.694843
vt -0.288068 0.694843
vt -1.490025 0.682334
vt -1.346044 0.683591
vt -1.352137 0.694843
vt -1.484028 0.693692
vt -0.169940 0.317666
vt -0.292637 0.317666
vt -0.286917 0.306308
vt -0.175763 0.306308
vt 2.344973 0.683591
vt 2.488954 0.682334
vt 2.483058 0.693692
vt 2.351167 0.694843
vt -0.288068 2.352137
vt -0.176914 2.351167
vt -0.175763 2.483058
vt -0.286917 2.484028
vt -2.210875 0.734772
vt -2.208915 0.959280
vt -2.308724 0.960151
vt -2.310683 0.735643
vt -1.720569 0.735642
vt -1.720552 0.960150
vt -1.820365 0.960150
vt -1.820382 0.735642
vt 3.309812 0.735643
vt 3.307853 0.960151
vt 3.208044 0.959280
vt 3.210003 0.734772
vt -1.819511 0.265228
vt -1.819493 0.040720
vt -1.719681 0.040720
vt -1.719698 0.265228
vt -1.826832 0.029626
vt -1.712211 0.029626
vt -1.713212 0.971374
vt -1.827832 0.971374
vt 3.315094 0.971375
vt 3.200478 0.970374
vt -1.827832 -2.315095
vt -1.713212 -2.316095
vt -1.712211 -2.201479
vt -1.826832 -2.200479
vt -2.201479 0.970374
vt -2.316095 0.971374
vt -1.830761 0.276726
vt -1.825042 0.265368
vt -1.713887 0.265368
vt -1.708064 0.276726
vt 3.331896 0.724531
vt 3.325804 0.735783
vt 3.193913 0.734632
vt 3.187916 0.723274
vt -1.709320 0.724530
vt -1.715038 0.735783
vt -1.826193 0.735783
vt -1.832018 0.724530
vt -2.188987 0.723274
vt -2.194883 0.734632
vt -2.326774 0.735783
vt -2.332968 0.724531
vt -1.825042 -2.193913
vt -1.826193 -2.325804
vt -1.715038 -2.326774
vt -1.713887 -2.194883
vt -2.215230 0.734772
vt -2.213271 0.959280
vt -2.313079 0.960151
vt -2.315039 0.735643
vt -1.221507 0.735642
vt -1.221490 0.960150
vt -1.321302 0.960150
vt -1.321319 0.735642
vt 3.314167 0.735643
vt 3.312208 0.960151
vt 3.212399 0.959280
vt 3.214359 0.734772
vt -1.320448 0.265228
vt -1.320431 0.040720
vt -1.220619 0.040720
vt -1.220636 0.265228
vt -1.327770 0.029626
vt -1.213150 0.029626
vt -1.214150 0.971374
vt -1.328770 0.971374
vt 3.319450 0.971374
vt 3.204834 0.970374
vt -1.328770 -2.319450
vt -1.214150 -2.320450
vt -1.213150 -2.205834
vt -1.327770 -2.204834
vt -2.205834 0.970374
vt -2.320450 0.971374
vt -1.331699 0.276726
vt -1.325979 0.265368
vt -1.214825 0.265368
vt -1.209002 0.276726
vt 3.336252 0.724531
vt 3.330159 0.735783
vt 3.198268 0.734632
vt 3.192271 0.723274
vt -1.210258 0.724530
vt -1.215976 0.735783
vt -1.327130 0.735783
vt -1.332955 0.724530
vt -2.193342 0.723274
vt -2.199239 0.734632
vt -2.331129 0.735783
vt -2.337323 0.724531
vt -1.325979 -2.198268
vt -1.327130 -2.330159
vt -1.215976 -2.331129
vt -1.214825 -2.199238
vt -2.219585 0.734772
vt -2.217626 0.959280
vt -2.317435 0.960151
vt -2.319394 0.735643
vt -0.722445 0.735642
vt -0.722428 0.960150
vt -0.822240 0.960150
vt -0.822257 0.735642
vt 3.318522 0.735643
vt 3.316563 0.960151
vt 3.216754 0.959280
vt 3.218714 0.734772
vt -0.821386 0.265228
vt -0.821369 0.040720
vt -0.721557 0.040720
vt -0.721574 0.265228
vt -0.828708 0.029626
vt -0.714087 0.029626
vt -0.715088 0.971374
vt -0.829708 0.971374
vt 3.323805 0.971374
vt 3.209189 0.970374
vt -0.829708 -2.323805
vt -0.715088 -2.324805
vt -0.714087 -2.210190
vt -0.828708 -2.209189
vt -2.210190 0.970374
vt -2.324805 0.971374
vt -0.832637 0.276726
vt -0.826917 0.265368
vt -0.715763 0.265368
vt -0.709940 0.276726
vt 3.340607 0.724531
vt 3.334514 0.735783
vt 3.202623 0.734632
vt 3.196626 0.723274
vt -0.711196 0.724530
vt -0.716914 0.735783
vt -0.828068 0.735783
vt -0.833893 0.724530
vt -2.197698 0.723274
vt -2.203594 0.734632
vt -2.335485 0.735783
vt -2.341678 0.724531
vt -0.826917 -2.202624
vt -0.828068 -2.334514
vt -0.716914 -2.335484
vt -0.715763 -2.203593
vt -2.223940 0.734772
vt -2.221981 0.959280
vt -2.321790 0.960151
vt -2.323749 0.735643
vt -0.223383 0.735642
vt -0.223366 0.960150
vt -0.323178 0.960150
vt -0.323195 0.735642
vt 3.322878 0.735643
vt 3.320918 0.960151
vt 3.221110 0.959280
vt 3.223069 0.734772
vt -0.322324 0.265228
vt -0.322307 0.040720
vt -0.222495 0.040720
vt -0.222512 0.265228
vt -0.329646 0.029626
vt -0.215025 0.029626
vt -0.216025 0.971374
vt -0.330646 0.971374
vt 3.328160 0.971374
vt 3.213544 0.970374
vt -0.330646 -2.328160
vt -0.216025 -2.329161
vt -0.215025 -2.214545
vt -0.329646 -2.213544
vt -2.214545 0.970374
vt -2.329161 0.971374
vt -0.333575 0.276726
vt -0.327855 0.265368
vt -0.216701 0.265368
vt -0.210877 0.276726
vt 3.344962 0.724531
vt 3.338869 0.735783
vt 3.206979 0.734632
vt 3.200982 0.723274
vt -0.212134 0.724530
vt -0.217852 0.735783
vt -0.329006 0.735783
vt -0.334831 0.724530
vt -2.202053 0.723274
vt -2.207949 0.734632
vt -2.339840 0.735783
vt -2.346033 0.724531
vt -0.327855 -2.206979
vt -0.329006 -2.338870
vt -0.217852 -2.339839
vt -0.216701 -2.207949
vt -1.412405 0.727803
vt -1.410446 0.952311
vt -1.510255 0.953182
vt -1.512214 0.728674
vt -1.713601 0.728674
vt -1.713584 0.953182
vt -1.813396 0.953182
vt -1.813414 0.728674
vt 2.511342 0.728674
vt 2.509383 0.953182
vt 2.409575 0.952311
vt 2.411534 0.727803
vt -1.812543 0.272197
vt -1.812525 0.047689
vt -1.712713 0.047689
vt -1.712730 0.272197
vt -1.819864 0.036594
vt -1.705243 0.036594
vt -1.706244 0.964406
vt -1.820864 0.964406
vt 2.516625 0.964406
vt 2.402009 0.963406
vt -1.820864 -1.516625
vt -1.706244 -1.517626
vt -1.705243 -1.403010
vt -1.819864 -1.402009
vt -1.403010 0.963406
vt -1.517626 0.964406
vt -1.823793 0.283694
vt -1.818074 0.272337
vt -1.706919 0.272337
vt -1.701095 0.283694
vt 2.533427 0.717562
vt 2.527334 0.728814
vt 2.395443 0.727663
vt 2.389447 0.716306
vt -1.702352 0.717562
vt -1.708070 0.728814
vt -1.819224 0.728814
vt -1.825050 0.717562
vt -1.390518 0.716305
vt -1.396414 0.727663
vt -1.528305 0.728814
vt -1.534498 0.717562
vt -1.818074 -1.395443
vt -1.819224 -1.527334
vt -1.708070 -1.528304
vt -1.706919 -1.396413
vt -1.416761 0.727803
vt -1.414801 0.952311
vt -1.514610 0.953182
vt -1.516569 0.728674
vt -1.214539 0.728674
vt -1.214522 0.953182
vt -1.314334 0.953182
vt -1.314351 0.728674
vt 2.515698 0.728674
vt 2.513738 0.953182
vt 2.413930 0.952311
vt 2.415889 0.727803
vt -1.313480 0.272197
vt -1.313463 0.047689
vt -1.213651 0.047689
vt -1.213668 0.272197
vt -1.320802 0.036594
vt -1.206181 0.036594
vt -1.207182 0.964406
vt -1.321802 0.964406
vt 2.520980 0.964406
vt 2.406364 0.963406
vt -1.321802 -1.520981
vt -1.207182 -1.521981
vt -1.206181 -1.407365
vt -1.320802 -1.406365
vt -1.407365 0.963406
vt -1.521981 0.964406
vt -1.324731 0.283694
vt -1.319011 0.272337
vt -1.207857 0.272337
vt -1.202034 0.283694
vt 2.537782 0.717562
vt 2.531689 0.728814
vt 2.399798 0.727663
vt 2.393802 0.716306
vt -1.203290 0.717562
vt -1.209008 0.728814
vt -1.320162 0.728814
vt -1.325987 0.717562
vt -1.394873 0.716306
vt -1.400769 0.727663
vt -1.532660 0.728814
vt -1.538854 0.717562
vt -1.319011 -1.399799
vt -1.320162 -1.531690
vt -1.209008 -1.532660
vt -1.207857 -1.400769
vt -1.421116 0.727803
vt -1.419157 0.952311
vt -1.518965 0.953182
vt -1.520924 0.728674
vt -0.715477 0.728674
vt -0.715460 0.953182
vt -0.815272 0.953182
vt -0.815289 0.728674
vt 2.520053 0.728674
vt 2.518094 0.953182
vt 2.418285 0.952311
vt 2.420244 0.727803
vt -0.814418 0.272197
vt -0.814401 0.047689
vt -0.714589 0.047689
vt -0.714606 0.272197
vt -0.821740 0.036594
vt -0.707119 0.036594
vt -0.708120 0.964406
vt -0.822740 0.964406
vt 2.525336 0.964406
vt 2.410719 0.963406
vt -0.822740 -1.525336
vt -0.708119 -1.526336
vt -0.707119 -1.411720
vt -0.821740 -1.410720
vt -1.411720 0.963406
vt -1.526336 0.964406
vt -0.825669 0.283694
vt -0.819949 0.272337
vt -0.708795 0.272337
vt -0.702971 0.283694
vt 2.542138 0.717562
vt 2.536045 0.728814
vt 2.404154 0.727663
vt 2.398157 0.716306
vt -0.704228 0.717562
vt -0.709946 0.728814
vt -0.821100 0.728814
vt -0.826925 0.717562
vt -1.399228 0.716306
vt -1.405124 0.727663
vt -1.537015 0.728814
vt -1.543209 0.717562
vt -0.819949 -1.404154
vt -0.821100 -1.536045
vt -0.709946 -1.537015
vt -0.708795 -1.405124
vt -1.425471 0.727803
vt -1.423512 0.952311
vt -1.523320 0.953182
vt -1.525280 0.728674
vt -0.216415 0.728674
vt -0.216398 0.953182
vt -0.316210 0.953182
vt -0.316227 0.728674
vt 2.524408 0.728674
vt 2.522449 0.953182
vt 2.422640 0.952311
vt 2.424600 0.727803
vt -0.315356 0.272197
vt -0.315339 0.047689
vt -0.215527 0.047689
vt -0.215544 0.272197
vt -0.322677 0.036594
vt -0.208057 0.036594
vt -0.209057 0.964406
vt -0.323678 0.964406
vt 2.529691 0.964406
vt 2.415075 0.963406
vt -0.323678 -1.529691
vt -0.209057 -1.530692
vt -0.208057 -1.416075
vt -0.322677 -1.415075
vt -1.416075 0.963406
vt -1.530691 0.964406
vt -0.326607 0.283694
vt -0.320887 0.272337
vt -0.209733 0.272337
vt -0.203909 0.283694
vt 2.546493 0.717562
vt 2.540400 0.728814
vt 2.408509 0.727663
vt 2.402513 0.716306
vt -0.205166 0.717562
vt -0.210884 0.728814
vt -0.322038 0.728814
vt -0.327863 0.717562
vt -1.403584 0.716306
vt -1.409479 0.727663
vt -1.541371 0.728814
vt -1.547564 0.717562
vt -0.320887 -1.408509
vt -0.322038 -1.540400
vt -0.210884 -1.541370
vt -0.209733 -1.409479
vt 3.249201 0.734771
vt 3.349009 0.735643
vt 3.347050 0.960150
vt 3.247241 0.959279
vt 2.671178 0.735642
vt 2.770990 0.735642
vt 2.771007 0.960150
vt 2.671195 0.960150
vt -2.349880 0.735643
vt -2.250072 0.734772
vt -2.248112 0.959280
vt -2.347921 0.960151
vt 2.771861 0.265228
vt 2.672049 0.265228
vt 2.672066 0.040720
vt 2.771878 0.040720
vt 2.664728 0.029626
vt 2.779348 0.029626
vt 2.778347 0.971374
vt 2.663727 0.971374
vt -2.240676 0.970374
vt -2.355292 0.971374
vt 2.778347 -2.355292
vt 2.779348 -2.240676
vt 2.664728 -2.239676
vt 2.663727 -2.354292
vt 3.354292 0.971374
vt 3.239676 0.970374
vt 2.783496 0.276726
vt 2.660798 0.276726
vt 2.666518 0.265368
vt 2.777672 0.265368
vt -2.372164 0.724531
vt -2.228184 0.723274
vt -2.234080 0.734632
vt -2.365971 0.735783
vt 2.659542 0.724530
vt 2.782239 0.724530
vt 2.776521 0.735783
vt 2.665367 0.735783
vt 3.227113 0.723274
vt 3.371094 0.724530
vt 3.365001 0.735783
vt 3.233110 0.734631
vt 2.777672 -2.234080
vt 2.666518 -2.233110
vt 2.665367 -2.365001
vt 2.776521 -2.365971
vt 3.244845 0.734771
vt 3.344654 0.735643
vt 3.342695 0.960150
vt 3.242886 0.959279
vt 2.172116 0.735642
vt 2.271928 0.735642
vt 2.271945 0.960150
vt 2.172133 0.960150
vt -2.345525 0.735643
vt -2.245716 0.734772
vt -2.243757 0.959280
vt -2.343566 0.960151
vt 2.272799 0.265228
vt 2.172987 0.265228
vt 2.173004 0.040720
vt 2.272816 0.040720
vt 2.165665 0.029626
vt 2.280286 0.029626
vt 2.279285 0.971374
vt 2.164665 0.971374
vt -2.236321 0.970374
vt -2.350937 0.971374
vt 2.279285 -2.350937
vt 2.280286 -2.236321
vt 2.165665 -2.235321
vt 2.164665 -2.349937
vt 3.349936 0.971374
vt 3.235321 0.970374
vt 2.284433 0.276726
vt 2.161736 0.276726
vt 2.167456 0.265368
vt 2.278610 0.265368
vt -2.367809 0.724531
vt -2.223829 0.723274
vt -2.229725 0.734632
vt -2.361616 0.735783
vt 2.160480 0.724530
vt 2.283177 0.724530
vt 2.277459 0.735783
vt 2.166305 0.735783
vt 3.222758 0.723274
vt 3.366739 0.724530
vt 3.360646 0.735783
vt 3.228755 0.734632
vt 2.278610 -2.229725
vt 2.167456 -2.228755
vt 2.166305 -2.360646
vt 2.277459 -2.361616
vt 3.240490 0.734772
vt 3.340299 0.735643
vt 3.338340 0.960151
vt 3.238531 0.959279
vt 1.673054 0.735642
vt 1.772866 0.735642
vt 1.772883 0.960150
vt 1.673071 0.960150
vt -2.341170 0.735643
vt -2.241361 0.734772
vt -2.239402 0.959280
vt -2.339211 0.960151
vt 1.773737 0.265228
vt 1.673925 0.265228
vt 1.673942 0.040720
vt 1.773754 0.040720
vt 1.666603 0.029626
vt 1.781223 0.029626
vt 1.780223 0.971374
vt 1.665603 0.971374
vt -2.231966 0.970374
vt -2.346581 0.971374
vt 1.780223 -2.346582
vt 1.781223 -2.231966
vt 1.666603 -2.230965
vt 1.665603 -2.345581
vt 3.345581 0.971374
vt 3.230965 0.970374
vt 1.785371 0.276726
vt 1.662674 0.276726
vt 1.668394 0.265368
vt 1.779548 0.265368
vt -2.363454 0.724531
vt -2.219474 0.723274
vt -2.225370 0.734632
vt -2.357260 0.735783
vt 1.661417 0.724530
vt 1.784115 0.724530
vt 1.778397 0.735783
vt 1.667243 0.735783
vt 3.218403 0.723274
vt 3.362383 0.724530
vt 3.356290 0.735783
vt 3.224400 0.734632
vt 1.779548 -2.225370
vt 1.668394 -2.224400
vt 1.667243 -2.356291
vt 1.778397 -2.357260
vt 3.236135 0.734772
vt 3.335943 0.735643
vt 3.333984 0.960151
vt 3.234175 0.959280
vt 1.173991 0.735642
vt 1.273804 0.735642
vt 1.273821 0.960150
vt 1.174008 0.960150
vt -2.336815 0.735643
vt -2.237006 0.734772
vt -2.235047 0.959280
vt -2.334855 0.960151
vt 1.274675 0.265228
vt 1.174862 0.265228
vt 1.174880 0.040720
vt 1.274692 0.040720
vt 1.167541 0.029626
vt 1.282161 0.029626
vt 1.281161 0.971374
vt 1.166541 0.971374
vt -2.227610 0.970374
vt -2.342226 0.971374
vt 1.281161 -2.342227
vt 1.282161 -2.227611
vt 1.167541 -2.226610
vt 1.166541 -2.341226
vt 3.341226 0.971374
vt 3.226610 0.970374
vt 1.286309 0.276726
vt 1.163612 0.276726
vt 1.169331 0.265368
vt 1.280486 0.265368
vt -2.359099 0.724531
vt -2.215118 0.723274
vt -2.221014 0.734632
vt -2.352905 0.735783
vt 1.162355 0.724530
vt 1.285053 0.724530
vt 1.279335 0.735783
vt 1.168180 0.735783
vt 3.214047 0.723274
vt 3.358028 0.724530
vt 3.351935 0.735783
vt 3.220044 0.734632
vt 1.280486 -2.221014
vt 1.169331 -2.220045
vt 1.168180 -2.351935
vt 1.279335 -2.352905
vt 2.450731 0.727803
vt 2.550540 0.728674
vt 2.548581 0.953182
vt 2.448772 0.952311
vt 2.678146 0.728674
vt 2.777958 0.728674
vt 2.777976 0.953182
vt 2.678163 0.953182
vt -1.551411 0.728674
vt -1.451602 0.727803
vt -1.449643 0.952311
vt -1.549451 0.953182
vt 2.778829 0.272197
vt 2.679017 0.272197
vt 2.679034 0.047689
vt 2.778847 0.047689
vt 2.671696 0.036594
vt 2.786316 0.036594
vt 2.785316 0.964406
vt 2.670696 0.964406
vt -1.442207 0.963406
vt -1.556823 0.964406
vt 2.785316 -1.556823
vt 2.786316 -1.442207
vt 2.671696 -1.441207
vt 2.670696 -1.555823
vt 2.555823 0.964406
vt 2.441206 0.963405
vt 2.790464 0.283694
vt 2.667767 0.283694
vt 2.673486 0.272337
vt 2.784640 0.272337
vt -1.573695 0.717562
vt -1.429715 0.716306
vt -1.435611 0.727663
vt -1.567502 0.728814
vt 2.666510 0.717562
vt 2.789207 0.717562
vt 2.783489 0.728814
vt 2.672335 0.728814
vt 2.428644 0.716305
vt 2.572625 0.717562
vt 2.566532 0.728814
vt 2.434641 0.727663
vt 2.784640 -1.435611
vt 2.673486 -1.434641
vt 2.672335 -1.566532
vt 2.783489 -1.567502
vt 2.446376 0.727803
vt 2.546185 0.728674
vt 2.544225 0.953182
vt 2.444417 0.952311
vt 2.179084 0.728674
vt 2.278896 0.728674
vt 2.278913 0.953182
vt 2.179101 0.953182
vt -1.547056 0.728674
vt -1.447247 0.727803
vt -1.445288 0.952311
vt -1.545096 0.953182
vt 2.279767 0.272197
vt 2.179955 0.272197
vt 2.179972 0.047689
vt 2.279784 0.047689
vt 2.172633 0.036594
vt 2.287254 0.036594
vt 2.286253 0.964406
vt 2.171633 0.964406
vt -1.437851 0.963406
vt -1.552467 0.964406
vt 2.286253 -1.552468
vt 2.287254 -1.437852
vt 2.172633 -1.436851
vt 2.171633 -1.551468
vt 2.551467 0.964406
vt 2.436851 0.963405
vt 2.291402 0.283694
vt 2.168704 0.283694
vt 2.174424 0.272337
vt 2.285578 0.272337
vt -1.569340 0.717562
vt -1.425359 0.716306
vt -1.431255 0.727663
vt -1.563146 0.728814
vt 2.167448 0.717562
vt 2.290145 0.717562
vt 2.284427 0.728814
vt 2.173273 0.728814
vt 2.424289 0.716305
vt 2.568269 0.717562
vt 2.562176 0.728814
vt 2.430285 0.727663
vt 2.285578 -1.431255
vt 2.174424 -1.430285
vt 2.173273 -1.562177
vt 2.284427 -1.563147
vt 2.442021 0.727803
vt 2.541830 0.728674
vt 2.539870 0.953182
vt 2.440062 0.952311
vt 1.680022 0.728674
vt 1.779834 0.728674
vt 1.779851 0.953182
vt 1.680039 0.953182
vt -1.542700 0.728674
vt -1.442892 0.727803
vt -1.440933 0.952311
vt -1.540741 0.953182
vt 1.780705 0.272197
vt 1.680893 0.272197
vt 1.680910 0.047689
vt 1.780722 0.047689
vt 1.673571 0.036594
vt 1.788192 0.036594
vt 1.787191 0.964406
vt 1.672571 0.964406
vt -1.433496 0.963406
vt -1.548112 0.964406
vt 1.787191 -1.548113
vt 1.788192 -1.433496
vt 1.673571 -1.432496
vt 1.672571 -1.547112
vt 2.547112 0.964406
vt 2.432496 0.963406
vt 1.792339 0.283694
vt 1.669642 0.283694
vt 1.675362 0.272337
vt 1.786516 0.272337
vt -1.564985 0.717562
vt -1.421004 0.716306
vt -1.426900 0.727663
vt -1.558791 0.728814
vt 1.668386 0.717562
vt 1.791083 0.717562
vt 1.785365 0.728814
vt 1.674211 0.728814
vt 2.419934 0.716305
vt 2.563914 0.717562
vt 2.557821 0.728814
vt 2.425930 0.727663
vt 1.786516 -1.426900
vt 1.675362 -1.425930
vt 1.674211 -1.557821
vt 1.785365 -1.558791
vt 2.437665 0.727803
vt 2.537474 0.728674
vt 2.535515 0.953182
vt 2.435706 0.952311
vt 1.180959 0.728674
vt 1.280772 0.728674
vt 1.280789 0.953182
vt 1.180977 0.953182
vt -1.538345 0.728674
vt -1.438537 0.727803
vt -1.436577 0.952311
vt -1.536386 0.953182
vt 1.281643 0.272197
vt 1.181831 0.272197
vt 1.181848 0.047689
vt 1.281660 0.047689
vt 1.174509 0.036594
vt 1.289130 0.036594
vt 1.288129 0.964406
vt 1.173509 0.964406
vt -1.429141 0.963406
vt -1.543757 0.964406
vt 1.288129 -1.543757
vt 1.289130 -1.429141
vt 1.174509 -1.428141
vt 1.173509 -1.542757
vt 2.542757 0.964406
vt 2.428141 0.963406
vt 1.293277 0.283694
vt 1.170580 0.283694
vt 1.176300 0.272337
vt 1.287454 0.272337
vt -1.560629 0.717562
vt -1.416649 0.716306
vt -1.422545 0.727663
vt -1.554436 0.728814
vt 1.169323 0.717562
vt 1.292021 0.717562
vt 1.286303 0.728814
vt 1.175148 0.728814
vt 2.415578 0.716305
vt 2.559559 0.717562
vt 2.553466 0.728814
vt 2.421575 0.727663
vt 1.287454 -1.422545
vt 1.176300 -1.421575
vt 1.175149 -1.553466
vt 1.286303 -1.554436
vt -2.140466 0.687735
vt -2.142426 0.912243
vt -2.242234 0.911371
vt -2.240275 0.686863
vt 2.719955 0.313137
vt 2.719972 0.088629
vt 2.819784 0.088629
vt 2.819767 0.313137
vt 3.239405 0.686864
vt 3.241364 0.911372
vt 3.141555 0.912243
vt 3.139596 0.687735
vt 2.818896 0.687735
vt 2.818913 0.912243
vt 2.719101 0.912243
vt 2.719084 0.687735
vt 2.826253 0.923467
vt 2.711633 0.923467
vt 2.712634 0.077534
vt 2.827254 0.077534
vt 3.248800 0.922466
vt 3.134184 0.923467
vt 2.827254 3.248800
vt 2.712634 3.249800
vt 2.711633 3.135184
vt 2.826253 3.134184
vt -2.135184 0.923466
vt -2.249800 0.922466
vt 2.830145 0.676623
vt 2.824427 0.687875
vt 2.713273 0.687875
vt 2.707448 0.676623
vt 3.261292 0.675366
vt 3.255396 0.686724
vt 3.123505 0.687875
vt 3.117312 0.676623
vt 2.708704 0.324634
vt 2.714424 0.313277
vt 2.825578 0.313277
vt 2.831402 0.324634
vt -2.118382 0.676622
vt -2.124475 0.687875
vt -2.256366 0.686723
vt -2.262362 0.675366
vt 2.824427 3.123505
vt 2.825578 3.255396
vt 2.714424 3.256366
vt 2.713273 3.124475
vt -2.144822 0.687735
vt -2.146781 0.912243
vt -2.246590 0.911371
vt -2.244630 0.686864
vt 2.220893 0.313137
vt 2.220910 0.088629
vt 2.320722 0.088629
vt 2.320705 0.313137
vt 3.243760 0.686864
vt 3.245719 0.911372
vt 3.145911 0.912243
vt 3.143951 0.687735
vt 2.319834 0.687735
vt 2.319851 0.912243
vt 2.220039 0.912243
vt 2.220022 0.687735
vt 2.327191 0.923467
vt 2.212571 0.923467
vt 2.213571 0.077534
vt 2.328192 0.077534
vt 3.253155 0.922466
vt 3.138540 0.923467
vt 2.328192 3.253155
vt 2.213571 3.254155
vt 2.212571 3.139539
vt 2.327191 3.138539
vt -2.139539 0.923466
vt -2.254155 0.922466
vt 2.331083 0.676623
vt 2.325365 0.687875
vt 2.214211 0.687875
vt 2.208385 0.676623
vt 3.265647 0.675366
vt 3.259751 0.686724
vt 3.127861 0.687875
vt 3.121667 0.676623
vt 2.209642 0.324634
vt 2.215362 0.313277
vt 2.326516 0.313277
vt 2.332339 0.324634
vt -2.122737 0.676622
vt -2.128830 0.687875
vt -2.260721 0.686724
vt -2.266718 0.675366
vt 2.325365 3.127860
vt 2.326516 3.259751
vt 2.215362 3.260721
vt 2.214211 3.128830
vt -2.149177 0.687735
vt -2.151136 0.912243
vt -2.250945 0.911371
vt -2.248986 0.686864
vt 1.721830 0.313137
vt 1.721848 0.088629
vt 1.821660 0.088629
vt 1.821643 0.313137
vt 3.248115 0.686864
vt 3.250074 0.911372
vt 3.150266 0.912243
vt 3.148306 0.687735
vt 1.820772 0.687735
vt 1.820789 0.912243
vt 1.720976 0.912243
vt 1.720959 0.687735
vt 1.828129 0.923467
vt 1.713509 0.923467
vt 1.714509 0.077534
vt 1.829129 0.077534
vt 3.257511 0.922466
vt 3.142895 0.923466
vt 1.829129 3.257510
vt 1.714509 3.258511
vt 1.713509 3.143895
vt 1.828129 3.142895
vt -2.143894 0.923466
vt -2.258510 0.922466
vt 1.832021 0.676623
vt 1.826303 0.687875
vt 1.715148 0.687875
vt 1.709323 0.676623
vt 3.270003 0.675366
vt 3.264107 0.686724
vt 3.132216 0.687875
vt 3.126022 0.676623
vt 1.710580 0.324634
vt 1.716300 0.313277
vt 1.827454 0.313277
vt 1.833277 0.324634
vt -2.127092 0.676622
vt -2.133185 0.687875
vt -2.265076 0.686724
vt -2.271073 0.675366
vt 1.826303 3.132216
vt 1.827454 3.264107
vt 1.716300 3.265076
vt 1.715148 3.133186
vt -2.153532 0.687735
vt -2.155492 0.912243
vt -2.255300 0.911372
vt -2.253341 0.686864
vt 1.222768 0.313137
vt 1.222785 0.088629
vt 1.322598 0.088629
vt 1.322581 0.313137
vt 3.252470 0.686864
vt 3.254430 0.911372
vt 3.154621 0.912243
vt 3.152662 0.687735
vt 1.321710 0.687735
vt 1.321727 0.912243
vt 1.221914 0.912243
vt 1.221897 0.687735
vt 1.329067 0.923467
vt 1.214447 0.923467
vt 1.215447 0.077534
vt 1.330067 0.077534
vt 3.261866 0.922466
vt 3.147250 0.923466
vt 1.330067 3.261866
vt 1.215447 3.262866
vt 1.214447 3.148250
vt 1.329067 3.147250
vt -2.148250 0.923466
vt -2.262866 0.922466
vt 1.332959 0.676623
vt 1.327241 0.687875
vt 1.216086 0.687875
vt 1.210261 0.676623
vt 3.274358 0.675366
vt 3.268462 0.686724
vt 3.136571 0.687875
vt 3.130377 0.676623
vt 1.211518 0.324634
vt 1.217237 0.313277
vt 1.328392 0.313277
vt 1.334215 0.324634
vt -2.131448 0.676622
vt -2.137541 0.687875
vt -2.269431 0.686724
vt -2.275428 0.675366
vt 1.327241 3.136571
vt 1.328392 3.268462
vt 1.217237 3.269432
vt 1.216086 3.137541
vt -1.341997 0.694703
vt -1.343956 0.919211
vt -1.443765 0.918340
vt -1.441806 0.693832
vt 2.712986 0.306168
vt 2.713004 0.081660
vt 2.812816 0.081660
vt 2.812799 0.306168
vt 2.440935 0.693832
vt 2.442895 0.918340
vt 2.343086 0.919211
vt 2.341127 0.694703
vt 2.811928 0.694703
vt 2.811945 0.919211
vt 2.712133 0.919211
vt 2.712116 0.694703
vt 2.819285 0.930435
vt 2.704665 0.930435
vt 2.705665 0.070566
vt 2.820286 0.070566
vt 2.450331 0.929435
vt 2.335715 0.930435
vt 2.820286 2.450331
vt 2.705665 2.451331
vt 2.704665 2.336715
vt 2.819285 2.335715
vt -1.336715 0.930435
vt -1.451331 0.929434
vt 2.823177 0.683591
vt 2.817459 0.694843
vt 2.706305 0.694843
vt 2.700480 0.683591
vt 2.462823 0.682334
vt 2.456927 0.693692
vt 2.325036 0.694843
vt 2.318842 0.683591
vt 2.701736 0.317666
vt 2.707456 0.306308
vt 2.818610 0.306308
vt 2.824434 0.317666
vt -1.319912 0.683591
vt -1.326006 0.694843
vt -1.457897 0.693692
vt -1.463893 0.682334
vt 2.817459 2.325036
vt 2.818610 2.456927
vt 2.707456 2.457897
vt 2.706305 2.326006
vt -1.346353 0.694703
vt -1.348312 0.919211
vt -1.448120 0.918340
vt -1.446161 0.693832
vt 2.213924 0.306168
vt 2.213942 0.081660
vt 2.313754 0.081660
vt 2.313737 0.306168
vt 2.445291 0.693832
vt 2.447250 0.918340
vt 2.347441 0.919211
vt 2.345482 0.694703
vt 2.312866 0.694703
vt 2.312883 0.919211
vt 2.213070 0.919211
vt 2.213053 0.694703
vt 2.320223 0.930435
vt 2.205603 0.930435
vt 2.206603 0.070566
vt 2.321223 0.070566
vt 2.454686 0.929435
vt 2.340070 0.930435
vt 2.321223 2.454686
vt 2.206603 2.455686
vt 2.205603 2.341070
vt 2.320223 2.340070
vt -1.341070 0.930435
vt -1.455686 0.929434
vt 2.324115 0.683591
vt 2.318397 0.694843
vt 2.207242 0.694843
vt 2.201417 0.683591
vt 2.467178 0.682334
vt 2.461282 0.693692
vt 2.329391 0.694843
vt 2.323198 0.683591
vt 2.202674 0.317666
vt 2.208394 0.306308
vt 2.319548 0.306308
vt 2.325371 0.317666
vt -1.324268 0.683591
vt -1.330361 0.694843
vt -1.462252 0.693692
vt -1.468248 0.682334
vt 2.318397 2.329391
vt 2.319548 2.461282
vt 2.208394 2.462252
vt 2.207242 2.330361
vt -1.350708 0.694703
vt -1.352667 0.919211
vt -1.452476 0.918340
vt -1.450516 0.693832
vt 1.714862 0.306168
vt 1.714879 0.081660
vt 1.814692 0.081660
vt 1.814675 0.306168
vt 2.449646 0.693832
vt 2.451605 0.918340
vt 2.351796 0.919211
vt 2.349837 0.694703
vt 1.813804 0.694703
vt 1.813821 0.919211
vt 1.714008 0.919211
vt 1.713991 0.694703
vt 1.821161 0.930435
vt 1.706541 0.930435
vt 1.707541 0.070566
vt 1.822161 0.070566
vt 2.459042 0.929435
vt 2.344425 0.930435
vt 1.822161 2.459041
vt 1.707541 2.460042
vt 1.706541 2.345425
vt 1.821161 2.344425
vt -1.345425 0.930435
vt -1.460042 0.929434
vt 1.825053 0.683591
vt 1.819335 0.694843
vt 1.708180 0.694843
vt 1.702355 0.683591
vt 2.471533 0.682334
vt 2.465637 0.693692
vt 2.333747 0.694843
vt 2.327553 0.683591
vt 1.703612 0.317666
vt 1.709331 0.306308
vt 1.820486 0.306308
vt 1.826309 0.317666
vt -1.328623 0.683591
vt -1.334716 0.694843
vt -1.466607 0.693692
vt -1.472604 0.682334
vt 1.819335 2.333746
vt 1.820486 2.465637
vt 1.709331 2.466607
vt 1.708180 2.334717
vt -1.355063 0.694703
vt -1.357022 0.919211
vt -1.456831 0.918340
vt -1.454872 0.693832
vt 1.215800 0.306168
vt 1.215817 0.081660
vt 1.315630 0.081660
vt 1.315613 0.306168
vt 2.454001 0.693832
vt 2.455960 0.918340
vt 2.356152 0.919211
vt 2.354192 0.694703
vt 1.314742 0.694703
vt 1.314759 0.919211
vt 1.214946 0.919211
vt 1.214929 0.694703
vt 1.322099 0.930435
vt 1.207479 0.930435
vt 1.208479 0.070566
vt 1.323099 0.070566
vt 2.463397 0.929435
vt 2.348781 0.930435
vt 1.323099 2.463397
vt 1.208479 2.464397
vt 1.207479 2.349781
vt 1.322099 2.348780
vt -1.349781 0.930435
vt -1.464397 0.929434
vt 1.325990 0.683591
vt 1.320273 0.694843
vt 1.209118 0.694843
vt 1.203293 0.683591
vt 2.475888 0.682334
vt 2.469993 0.693692
vt 2.338102 0.694843
vt 2.331908 0.683591
vt 1.204550 0.317666
vt 1.210269 0.306308
vt 1.321424 0.306308
vt 1.327247 0.317666
vt -1.332978 0.683591
vt -1.339072 0.694843
vt -1.470962 0.693692
vt -1.476959 0.682334
vt 1.320273 2.338102
vt 1.321424 2.469993
vt 1.210269 2.470963
vt 1.209118 2.339072
vt -2.210875 0.734772
vt -2.208915 0.959280
vt -2.308724 0.960151
vt -2.310683 0.735643
vt -1.720569 0.735642
vt -1.720552 0.960150
vt -1.820365 0.960150
vt -1.820382 0.735642
vt 3.309812 0.735643
vt 3.307853 0.960151
vt 3.208044 0.959280
vt 3.210003 0.734772
vt -1.819511 0.265228
vt -1.819493 0.040720
vt -1.719681 0.040720
vt -1.719698 0.265228
vt -1.826832 0.029626
vt -1.712211 0.029626
vt -1.713212 0.971374
vt -1.827832 0.971374
vt 3.315094 0.971375
vt 3.200478 0.970374
vt -1.827832 -2.315095
vt -1.713212 -2.316095
vt -1.712211 -2.201479
vt -1.826832 -2.200479
vt -2.201479 0.970374
vt -2.316095 0.971374
vt -1.830761 0.276726
vt -1.825042 0.265368
vt -1.713887 0.265368
vt -1.708064 0.276726
vt 3.331896 0.724531
vt 3.325804 0.735783
vt 3.193913 0.734632
vt 3.187916 0.723274
vt -1.709320 0.724530
vt -1.715038 0.735783
vt -1.826193 0.735783
vt -1.832018 0.724530
vt -2.188987 0.723274
vt -2.194883 0.734632
vt -2.326774 0.735783
vt -2.332968 0.724531
vt -1.825042 -2.193913
vt -1.826193 -2.325804
vt -1.715038 -2.326774
vt -1.713887 -2.194883
vt -2.215230 0.734772
vt -2.213271 0.959280
vt -2.313079 0.960151
vt -2.315039 0.735643
vt -1.221507 0.735642
vt -1.221490 0.960150
vt -1.321302 0.960150
vt -1.321319 0.735642
vt 3.314167 0.735643
vt 3.312208 0.960151
vt 3.212399 0.959280
vt 3.214359 0.734772
vt -1.320448 0.265228
vt -1.320431 0.040720
vt -1.220619 0.040720
vt -1.220636 0.265228
vt -1.327770 0.029626
vt -1.213150 0.029626
vt -1.214150 0.971374
vt -1.328770 0.971374
vt 3.319450 0.971374
vt 3.204834 0.970374
vt -1.328770 -2.319450
vt -1.214150 -2.320450
vt -1.213150 -2.205834
vt -1.327770 -2.204834
vt -2.205834 0.970374
vt -2.320450 0.971374
vt -1.331699 0.276726
vt -1.325979 0.265368
vt -1.214825 0.265368
vt -1.209002 0.276726
vt 3.336252 0.724531
vt 3.330159 0.735783
vt 3.198268 0.734632
vt 3.192271 0.723274
vt -1.210258 0.724530
vt -1.215976 0.735783
vt -1.327130 0.735783
vt -1.332955 0.724530
vt -2.193342 0.723274
vt -2.199239 0.734632
vt -2.331129 0.735783
vt -2.337323 0.724531
vt -1.325979 -2.198268
vt -1.327130 -2.330159
vt -1.215976 -2.331129
vt -1.214825 -2.199238
vt -2.219585 0.734772
vt -2.217626 0.959280
vt -2.317435 0.960151
vt -2.319394 0.735643
vt -0.722445 0.735642
vt -0.722428 0.960150
vt -0.822240 0.960150
vt -0.822257 0.735642
vt 3.318522 0.735643
vt 3.316563 0.960151
vt 3.216754 0.959280
vt 3.218714 0.734772
vt -0.821386 0.265228
vt -0.821369 0.040720
vt -0.721557 0.040720
vt -0.721574 0.265228
vt -0.828708 0.029626
vt -0.714087 0.029626
vt -0.715088 0.971374
vt -0.829708 0.971374
vt 3.323805 0.971374
vt 3.209189 0.970374
vt -0.829708 -2.323805
vt -0.715088 -2.324805
vt -0.714087 -2.210190
vt -0.828708 -2.209189
vt -2.210190 0.970374
vt -2.324805 0.971374
vt -0.832637 0.276726
vt -0.826917 0.265368
vt -0.715763 0.265368
vt -0.709940 0.276726
vt 3.340607 0.724531
vt 3.334514 0.735783
vt 3.202623 0.734632
vt 3.196626 0.723274
vt -0.711196 0.724530
vt -0.716914 0.735783
vt -0.828068 0.735783
vt -0.833893 0.724530
vt -2.197698 0.723274
vt -2.203594 0.734632
vt -2.335485 0.735783
vt -2.341678 0.724531
vt -0.826917 -2.202624
vt -0.828068 -2.334514
vt -0.716914 -2.335484
vt -0.715763 -2.203593
vt -2.223940 0.734772
vt -2.221981 0.959280
vt -2.321790 0.960151
vt -2.323749 0.735643
vt -0.223383 0.735642
vt -0.223366 0.960150
vt -0.323178 0.960150
vt -0.323195 0.735642
vt 3.322878 0.735643
vt 3.320918 0.960151
vt 3.221110 0.959280
vt 3.223069 0.734772
vt -0.322324 0.265228
vt -0.322307 0.040720
vt -0.222495 0.040720
vt -0.222512 0.265228
vt -0.329646 0.029626
vt -0.215025 0.029626
vt -0.216025 0.971374
vt -0.330646 0.971374
vt 3.328160 0.971374
vt 3.213544 0.970374
vt -0.330646 -2.328160
vt -0.216025 -2.329161
vt -0.215025 -2.214545
vt -0.329646 -2.213544
vt -2.214545 0.970374
vt -2.329161 0.971374
vt -0.333575 0.276726
vt -0.327855 0.265368
vt -0.216701 0.265368
vt -0.210877 0.276726
vt 3.344962 0.724531
vt 3.338869 0.735783
vt 3.206979 0.734632
vt 3.200982 0.723274
vt -0.212134 0.724530
vt -0.217852 0.735783
vt -0.329006 0.735783
vt -0.334831 0.724530
vt -2.202053 0.723274
vt -2.207949 0.734632
vt -2.339840 0.735783
vt -2.346033 0.724531
vt -0.327855 -2.206979
vt -0.329006 -2.338870
vt -0.217852 -2.339839
vt -0.216701 -2.207949
vt -1.412405 0.727803
vt -1.410446 0.952311
vt -1.510255 0.953182
vt -1.512214 0.728674
vt -1.713601 0.728674
vt -1.713584 0.953182
vt -1.813396 0.953182
vt -1.813414 0.728674
vt 2.511342 0.728674
vt 2.509383 0.953182
vt 2.409575 0.952311
vt 2.411534 0.727803
vt -1.812543 0.272197
vt -1.812525 0.047689
vt -1.712713 0.047689
vt -1.712730 0.272197
vt -1.819864 0.036594
vt -1.705243 0.036594
vt -1.706244 0.964406
vt -1.820864 0.964406
vt 2.516625 0.964406
vt 2.402009 0.963406
vt -1.820864 -1.516625
vt -1.706244 -1.517626
vt -1.705243 -1.403010
vt -1.819864 -1.402009
vt -1.403010 0.963406
vt -1.517626 0.964406
vt -1.823793 0.283694
vt -1.818074 0.272337
vt -1.706919 0.272337
vt -1.701095 0.283694
vt 2.533427 0.717562
vt 2.527334 0.728814
vt 2.395443 0.727663
vt 2.389447 0.716306
vt -1.702352 0.717562
vt -1.708070 0.728814
vt -1.819224 0.728814
vt -1.825050 0.717562
vt -1.390518 0.716305
vt -1.396414 0.727663
vt -1.528305 0.728814
vt -1.534498 0.717562
vt -1.818074 -1.395443
vt -1.819224 -1.527334
vt -1.708070 -1.528304
vt -1.706919 -1.396413
vt -1.416761 0.727803
vt -1.414801 0.952311
vt -1.514610 0.953182
vt -1.516569 0.728674
vt -1.214539 0.728674
vt -1.214522 0.953182
vt -1.314334 0.953182
vt -1.314351 0.728674
vt 2.515698 0.728674
vt 2.513738 0.953182
vt 2.413930 0.952311
vt 2.415889 0.727803
vt -1.313480 0.272197
vt -1.313463 0.047689
vt -1.213651 0.047689
vt -1.213668 0.272197
vt -1.320802 0.036594
vt -1.206181 0.036594
vt -1.207182 0.964406
vt -1.321802 0.964406
vt 2.520980 0.964406
vt 2.406364 0.963406
vt -1.321802 -1.520981
vt -1.207182 -1.521981
vt -1.206181 -1.407365
vt -1.320802 -1.406365
vt -1.407365 0.963406
vt -1.521981 0.964406
vt -1.324731 0.283694
vt -1.319011 0.272337
vt -1.207857 0.272337
vt -1.202034 0.283694
vt 2.537782 0.717562
vt 2.531689 0.728814
vt 2.399798 0.727663
vt 2.393802 0.716306
vt -1.203290 0.717562
vt -1.209008 0.728814
vt -1.320162 0.728814
vt -1.325987 0.717562
vt -1.394873 0.716306
vt -1.400769 0.727663
vt -1.532660 0.728814
vt -1.538854 0.717562
vt -1.319011 -1.399799
vt -1.320162 -1.531690
vt -1.209008 -1.532660
vt -1.207857 -1.400769
vt -1.421116 0.727803
vt -1.419157 0.952311
vt -1.518965 0.953182
vt -1.520924 0.728674
vt -0.715477 0.728674
vt -0.715460 0.953182
vt -0.815272 0.953182
vt -0.815289 0.728674
vt 2.520053 0.728674
vt 2.518094 0.953182
vt 2.418285 0.952311
vt 2.420244 0.727803
vt -0.814418 0.272197
vt -0.814401 0.047689
vt -0.714589 0.047689
vt -0.714606 0.272197
vt -0.821740 0.036594
vt -0.707119 0.036594
vt -0.708120 0.964406
vt -0.822740 0.964406
vt 2.525336 0.964406
vt 2.410719 0.963406
vt -0.822740 -1.525336
vt -0.708119 -1.526336
vt -0.707119 -1.411720
vt -0.821740 -1.410720
vt -1.411720 0.963406
vt -1.526336 0.964406
vt -0.825669 0.283694
vt -0.819949 0.272337
vt -0.708795 0.272337
vt -0.702971 0.283694
vt 2.542138 0.717562
vt 2.536045 0.728814
vt 2.404154 0.727663
vt 2.398157 0.716306
vt -0.704228 0.717562
vt -0.709946 0.728814
vt -0.821100 0.728814
vt -0.826925 0.717562
vt -1.399228 0.716306
vt -1.405124 0.727663
vt -1.537015 0.728814
vt -1.543209 0.717562
vt -0.819949 -1.404154
vt -0.821100 -1.536045
vt -0.709946 -1.537015
vt -0.708795 -1.405124
vt -1.425471 0.727803
vt -1.423512 0.952311
vt -1.523320 0.953182
vt -1.525280 0.728674
vt -0.216415 0.728674
vt -0.216398 0.953182
vt -0.316210 0.953182
vt -0.316227 0.728674
vt 2.524408 0.728674
vt 2.522449 0.953182
vt 2.422640 0.952311
vt 2.424600 0.727803
vt -0.315356 0.272197
vt -0.315339 0.047689
vt -0.215527 0.047689
vt -0.215544 0.272197
vt -0.322677 0.036594
vt -0.208057 0.036594
vt -0.209057 0.964406
vt -0.323678 0.964406
vt 2.529691 0.964406
vt 2.415075 0.963406
vt -0.323678 -1.529691
vt -0.209057 -1.530692
vt -0.208057 -1.416075
vt -0.322677 -1.415075
vt -1.416075 0.963406
vt -1.530691 0.964406
vt -0.326607 0.283694
vt -0.320887 0.272337
vt -0.209733 0.272337
vt -0.203909 0.283694
vt 2.546493 0.717562
vt 2.540400 0.728814
vt 2.408509 0.727663
vt 2.402513 0.716306
vt -0.205166 0.717562
vt -0.210884 0.728814
vt -0.322038 0.728814
vt -0.327863 0.717562
vt -1.403584 0.716306
vt -1.409479 0.727663
vt -1.541371 0.728814
vt -1.547564 0.717562
vt -0.320887 -1.408509
vt -0.322038 -1.540400
vt -0.210884 -1.541370
vt -0.209733 -1.409479
vt 3.178793 0.687735
vt 3.278601 0.686864
vt 3.280561 0.911372
vt 3.180752 0.912243
vt -1.671792 0.313137
vt -1.771605 0.313137
vt -1.771587 0.088629
vt -1.671775 0.088629
vt -2.279473 0.686864
vt -2.179664 0.687735
vt -2.181623 0.912243
vt -2.281432 0.911372
vt -1.772476 0.687735
vt -1.672663 0.687735
vt -1.672646 0.912243
vt -1.772459 0.912243
vt -1.665306 0.923467
vt -1.779926 0.923467
vt -1.778926 0.077534
vt -1.664306 0.077534
vt -2.174381 0.923467
vt -2.288997 0.922466
vt -1.778926 3.288997
vt -1.779926 3.174381
vt -1.665306 3.173381
vt -1.664306 3.287997
vt 3.287997 0.922466
vt 3.173381 0.923466
vt -1.784112 0.676623
vt -1.661414 0.676623
vt -1.667132 0.687875
vt -1.778287 0.687875
vt -2.301560 0.675366
vt -2.157579 0.676623
vt -2.163672 0.687875
vt -2.295563 0.686724
vt -1.660158 0.324634
vt -1.782855 0.324634
vt -1.777136 0.313277
vt -1.665981 0.313277
vt 3.156508 0.676623
vt 3.300489 0.675366
vt 3.294593 0.686724
vt 3.162702 0.687875
vt -1.778287 3.163672
vt -1.667132 3.162702
vt -1.665981 3.294593
vt -1.777136 3.295563
vt 3.174438 0.687735
vt 3.274246 0.686864
vt 3.276206 0.911372
vt 3.176397 0.912243
vt -1.172730 0.313137
vt -1.272542 0.313137
vt -1.272525 0.088629
vt -1.172713 0.088629
vt -2.275117 0.686864
vt -2.175308 0.687735
vt -2.177268 0.912243
vt -2.277076 0.911372
vt -1.273413 0.687735
vt -1.173601 0.687735
vt -1.173584 0.912243
vt -1.273396 0.912243
vt -1.166244 0.923467
vt -1.280864 0.923467
vt -1.279864 0.077534
vt -1.165244 0.077534
vt -2.170026 0.923466
vt -2.284642 0.922466
vt -1.279864 3.284642
vt -1.280864 3.170026
vt -1.166244 3.169026
vt -1.165244 3.283642
vt 3.283642 0.922466
vt 3.169026 0.923466
vt -1.285049 0.676623
vt -1.162352 0.676623
vt -1.168070 0.687875
vt -1.279225 0.687875
vt -2.297204 0.675366
vt -2.153224 0.676623
vt -2.159317 0.687875
vt -2.291208 0.686724
vt -1.161096 0.324634
vt -1.283793 0.324634
vt -1.278073 0.313277
vt -1.166919 0.313277
vt 3.152153 0.676623
vt 3.296134 0.675366
vt 3.290238 0.686724
vt 3.158347 0.687875
vt -1.279225 3.159317
vt -1.168070 3.158347
vt -1.166919 3.290238
vt -1.278073 3.291208
vt 3.170082 0.687735
vt 3.269891 0.686864
vt 3.271850 0.911372
vt 3.172042 0.912243
vt -0.673668 0.313137
vt -0.773480 0.313137
vt -0.773463 0.088629
vt -0.673651 0.088629
vt -2.270762 0.686864
vt -2.170953 0.687735
vt -2.172913 0.912243
vt -2.272721 0.911372
vt -0.774351 0.687735
vt -0.674539 0.687735
vt -0.674522 0.912243
vt -0.774334 0.912243
vt -0.667182 0.923467
vt -0.781802 0.923467
vt -0.780802 0.077534
vt -0.666182 0.077534
vt -2.165671 0.923466
vt -2.280287 0.922466
vt -0.780802 3.280287
vt -0.781802 3.165671
vt -0.667182 3.164671
vt -0.666182 3.279287
vt 3.279287 0.922466
vt 3.164671 0.923466
vt -0.785987 0.676623
vt -0.663290 0.676623
vt -0.669008 0.687875
vt -0.780162 0.687875
vt -2.292849 0.675366
vt -2.148869 0.676623
vt -2.154962 0.687875
vt -2.286853 0.686724
vt -0.662034 0.324634
vt -0.784731 0.324634
vt -0.779011 0.313277
vt -0.667857 0.313277
vt 3.147798 0.676623
vt 3.291779 0.675366
vt 3.285882 0.686724
vt 3.153992 0.687875
vt -0.780162 3.154962
vt -0.669008 3.153992
vt -0.667857 3.285883
vt -0.779011 3.286853
vt 3.165727 0.687735
vt 3.265536 0.686864
vt 3.267495 0.911372
vt 3.167686 0.912243
vt -0.174606 0.313137
vt -0.274418 0.313137
vt -0.274401 0.088629
vt -0.174589 0.088629
vt -2.266407 0.686864
vt -2.166598 0.687735
vt -2.168557 0.912243
vt -2.268366 0.911372
vt -0.275289 0.687735
vt -0.175477 0.687735
vt -0.175460 0.912243
vt -0.275272 0.912243
vt -0.168120 0.923467
vt -0.282740 0.923467
vt -0.281740 0.077534
vt -0.167119 0.077534
vt -2.161316 0.923466
vt -2.275932 0.922466
vt -0.281740 3.275932
vt -0.282740 3.161316
vt -0.168120 3.160316
vt -0.167119 3.274931
vt 3.274931 0.922466
vt 3.160316 0.923466
vt -0.286925 0.676623
vt -0.164228 0.676623
vt -0.169946 0.687875
vt -0.281100 0.687875
vt -2.288494 0.675366
vt -2.144514 0.676623
vt -2.150606 0.687875
vt -2.282497 0.686724
vt -0.162972 0.324634
vt -0.285669 0.324634
vt -0.279949 0.313277
vt -0.168795 0.313277
vt 3.143443 0.676623
vt 3.287423 0.675366
vt 3.281527 0.686724
vt 3.149637 0.687875
vt -0.281100 3.150607
vt -0.169946 3.149637
vt -0.168795 3.281528
vt -0.279949 3.282497
vt 2.380324 0.694703
vt 2.480132 0.693832
vt 2.482091 0.918340
vt 2.382283 0.919211
vt -1.678760 0.306168
vt -1.778573 0.306168
vt -1.778556 0.081660
vt -1.678743 0.081660
vt -1.481003 0.693832
vt -1.381195 0.694703
vt -1.383154 0.919211
vt -1.482963 0.918340
vt -1.779444 0.694703
vt -1.679631 0.694703
vt -1.679614 0.919211
vt -1.779427 0.919211
vt -1.672274 0.930435
vt -1.786894 0.930435
vt -1.785894 0.070566
vt -1.671274 0.070566
vt -1.375912 0.930435
vt -1.490528 0.929435
vt -1.785894 2.490528
vt -1.786894 2.375912
vt -1.672274 2.374912
vt -1.671274 2.489528
vt 2.489528 0.929435
vt 2.374912 0.930435
vt -1.791080 0.683591
vt -1.668383 0.683591
vt -1.674100 0.694843
vt -1.785255 0.694843
vt -1.503091 0.682335
vt -1.359110 0.683591
vt -1.365203 0.694843
vt -1.497094 0.693692
vt -1.667126 0.317666
vt -1.789823 0.317666
vt -1.784104 0.306308
vt -1.672950 0.306308
vt 2.358039 0.683591
vt 2.502020 0.682334
vt 2.496124 0.693692
vt 2.364233 0.694843
vt -1.785255 2.365203
vt -1.674101 2.364233
vt -1.672950 2.496124
vt -1.784104 2.497094
vt 2.375968 0.694703
vt 2.475777 0.693832
vt 2.477736 0.918340
vt 2.377928 0.919211
vt -1.179698 0.306168
vt -1.279511 0.306168
vt -1.279494 0.081660
vt -1.179681 0.081660
vt -1.476648 0.693832
vt -1.376840 0.694703
vt -1.378799 0.919211
vt -1.478607 0.918340
vt -1.280382 0.694703
vt -1.180569 0.694703
vt -1.180552 0.919211
vt -1.280365 0.919211
vt -1.173212 0.930435
vt -1.287832 0.930435
vt -1.286832 0.070566
vt -1.172212 0.070566
vt -1.371557 0.930435
vt -1.486173 0.929435
vt -1.286832 2.486173
vt -1.287832 2.371557
vt -1.173212 2.370557
vt -1.172212 2.485173
vt 2.485173 0.929435
vt 2.370557 0.930435
vt -1.292018 0.683591
vt -1.169320 0.683591
vt -1.175038 0.694843
vt -1.286193 0.694843
vt -1.498735 0.682334
vt -1.354755 0.683591
vt -1.360848 0.694843
vt -1.492739 0.693692
vt -1.168064 0.317666
vt -1.290761 0.317666
vt -1.285042 0.306308
vt -1.173887 0.306308
vt 2.353684 0.683591
vt 2.497664 0.682334
vt 2.491769 0.693692
vt 2.359878 0.694843
vt -1.286193 2.360848
vt -1.175038 2.359878
vt -1.173887 2.491769
vt -1.285042 2.492739
vt 2.371613 0.694703
vt 2.471422 0.693832
vt 2.473381 0.918340
vt 2.373573 0.919211
vt -0.680636 0.306168
vt -0.780448 0.306168
vt -0.780431 0.081660
vt -0.680619 0.081660
vt -1.472293 0.693832
vt -1.372484 0.694703
vt -1.374444 0.919211
vt -1.474252 0.918340
vt -0.781319 0.694703
vt -0.681507 0.694703
vt -0.681490 0.919211
vt -0.781302 0.919211
vt -0.674150 0.930435
vt -0.788770 0.930435
vt -0.787770 0.070566
vt -0.673150 0.070566
vt -1.367202 0.930435
vt -1.481818 0.929435
vt -0.787770 2.481818
vt -0.788770 2.367202
vt -0.674150 2.366202
vt -0.673150 2.480818
vt 2.480818 0.929435
vt 2.366202 0.930435
vt -0.792956 0.683591
vt -0.670258 0.683591
vt -0.675976 0.694843
vt -0.787130 0.694843
vt -1.494380 0.682334
vt -1.350399 0.683591
vt -1.356493 0.694843
vt -1.488384 0.693692
vt -0.669002 0.317666
vt -0.791699 0.317666
vt -0.785979 0.306308
vt -0.674825 0.306308
vt 2.349329 0.683591
vt 2.493309 0.682334
vt 2.487413 0.693692
vt 2.355523 0.694843
vt -0.787130 2.356493
vt -0.675976 2.355523
vt -0.674825 2.487414
vt -0.785979 2.488384
vt 2.367258 0.694703
vt 2.467067 0.693832
vt 2.469026 0.918340
vt 2.369217 0.919211
vt -0.181574 0.306168
vt -0.281386 0.306168
vt -0.281369 0.081660
vt -0.181557 0.081660
vt -1.467937 0.693832
vt -1.368129 0.694703
vt -1.370088 0.919211
vt -1.469897 0.918340
vt -0.282257 0.694703
vt -0.182445 0.694703
vt -0.182428 0.919211
vt -0.282240 0.919211
vt -0.175088 0.930435
vt -0.289708 0.930435
vt -0.288708 0.070566
vt -0.174087 0.070566
vt -1.362847 0.930435
vt -1.477463 0.929435
vt -0.288708 2.477463
vt -0.289708 2.362847
vt -0.175088 2.361846
vt -0.174087 2.476462
vt 2.476462 0.929435
vt 2.361846 0.930435
vt -0.293893 0.683591
vt -0.171196 0.683591
vt -0.176914 0.694843
vt -0.288068 0.694843
vt -1.490025 0.682334
vt -1.346044 0.683591
vt -1.352137 0.694843
vt -1.484028 0.693692
vt -0.169940 0.317666
vt -0.292637 0.317666
vt -0.286917 0.306308
vt -0.175763 0.306308
vt 2.344973 0.683591
vt 2.488954 0.682334
vt 2.483058 0.693692
vt 2.351167 0.694843
vt -0.288068 2.352137
vt -0.176914 2.351167
vt -0.175763 2.483058
vt -0.286917 2.484028
vn -1.0000 0.0000 0.0000
vn 0.0000 0.0000 -1.0000
vn 1.0000 0.0000 0.0000
vn 0.0000 0.0000 1.0000
vn 0.0000 -0.5529 0.8333
vn 0.0000 -0.5529 -0.8333
vn 0.8333 -0.5529 0.0000
vn 0.0000 1.0000 0.0000
vn -0.8333 -0.5529 0.0000
vn 0.0000 0.4715 0.8818
vn 0.8906 0.4547 0.0000
vn 0.0000 0.4715 -0.8818
vn -0.8906 0.4547 0.0000
usemtl sandstone
s 1
f 3281/5937/399 3273/5938/399 3274/5939/399 3282/5940/399
f 3282/5941/400 3274/5942/400 3276/5943/400 3283/5944/400
f 3283/5945/401 3276/5946/401 3275/5947/401 3284/5948/401
f 3284/5949/402 3275/5950/402 3273/5951/402 3281/5952/402
f 3273/5951/403 3275/5950/403 3280/5953/403 3277/5954/403
f 3274/5942/404 3278/5955/404 3279/5956/404 3276/5943/404
f 3276/5946/405 3279/5957/405 3280/5958/405 3275/5947/405
f 3279/5959/406 3278/5960/406 3277/5961/406 3280/5962/406
f 3273/5938/407 3277/5963/407 3278/5964/407 3274/5939/407
f 3290/5965/408 3291/5966/408 3292/5967/408 3286/5968/408
f 3288/5969/409 3289/5970/409 3291/5971/409 3290/5972/409
f 3285/5973/410 3287/5974/410 3289/5975/410 3288/5976/410
f 3286/5977/411 3292/5978/411 3287/5979/411 3285/5980/411
f 3291/5981/406 3289/5982/406 3287/5983/406 3292/5984/406
f 3301/5985/399 3293/5986/399 3294/5987/399 3302/5988/399
f 3302/5989/400 3294/5990/400 3296/5991/400 3303/5992/400
f 3303/5993/401 3296/5994/401 3295/5995/401 3304/5996/401
f 3304/5997/402 3295/5998/402 3293/5999/402 3301/6000/402
f 3293/5999/403 3295/5998/403 3300/6001/403 3297/6002/403
f 3294/5990/404 3298/6003/404 3299/6004/404 3296/5991/404
f 3296/5994/405 3299/6005/405 3300/6006/405 3295/5995/405
f 3299/6007/406 3298/6008/406 3297/6009/406 3300/6010/406
f 3293/5986/407 3297/6011/407 3298/6012/407 3294/5987/407
f 3310/6013/408 3311/6014/408 3312/6015/408 3306/6016/408
f 3308/6017/409 3309/6018/409 3311/6019/409 3310/6020/409
f 3305/6021/410 3307/6022/410 3309/6023/410 3308/6024/410
f 3306/6025/411 3312/6026/411 3307/6027/411 3305/6028/411
f 3311/6029/406 3309/6030/406 3307/6031/406 3312/6032/406
f 3321/6033/399 3313/6034/399 3314/6035/399 3322/6036/399
f 3322/6037/400 3314/6038/400 3316/6039/400 3323/6040/400
f 3323/6041/401 3316/6042/401 3315/6043/401 3324/6044/401
f 3324/6045/402 3315/6046/402 3313/6047/402 3321/6048/402
f 3313/6047/403 3315/6046/403 3320/6049/403 3317/6050/403
f 3314/6038/404 3318/6051/404 3319/6052/404 3316/6039/404
f 3316/6042/405 3319/6053/405 3320/6054/405 3315/6043/405
f 3319/6055/406 3318/6056/406 3317/6057/406 3320/6058/406
f 3313/6034/407 3317/6059/407 3318/6060/407 3314/6035/407
f 3330/6061/408 3331/6062/408 3332/6063/408 3326/6064/408
f 3328/6065/409 3329/6066/409 3331/6067/409 3330/6068/409
f 3325/6069/410 3327/6070/410 3329/6071/410 3328/6072/410
f 3326/6073/411 3332/6074/411 3327/6075/411 3325/6076/411
f 3331/6077/406 3329/6078/406 3327/6079/406 3332/6080/406
f 3341/6081/399 3333/6082/399 3334/6083/399 3342/6084/399
f 3342/6085/400 3334/6086/400 3336/6087/400 3343/6088/400
f 3343/6089/401 3336/6090/401 3335/6091/401 3344/6092/401
f 3344/6093/402 3335/6094/402 3333/6095/402 3341/6096/402
f 3333/6095/403 3335/6094/403 3340/6097/403 3337/6098/403
f 3334/6086/404 3338/6099/404 3339/6100/404 3336/6087/404
f 3336/6090/405 3339/6101/405 3340/6102/405 3335/6091/405
f 3339/6103/406 3338/6104/406 3337/6105/406 3340/6106/406
f 3333/6082/407 3337/6107/407 3338/6108/407 3334/6083/407
f 3350/6109/408 3351/6110/408 3352/6111/408 3346/6112/408
f 3348/6113/409 3349/6114/409 3351/6115/409 3350/6116/409
f 3345/6117/410 3347/6118/410 3349/6119/410 3348/6120/410
f 3346/6121/411 3352/6122/411 3347/6123/411 3345/6124/411
f 3351/6125/406 3349/6126/406 3347/6127/406 3352/6128/406
f 3361/6129/399 3353/6130/399 3354/6131/399 3362/6132/399
f 3362/6133/400 3354/6134/400 3356/6135/400 3363/6136/400
f 3363/6137/401 3356/6138/401 3355/6139/401 3364/6140/401
f 3364/6141/402 3355/6142/402 3353/6143/402 3361/6144/402
f 3353/6143/403 3355/6142/403 3360/6145/403 3357/6146/403
f 3354/6134/404 3358/6147/404 3359/6148/404 3356/6135/404
f 3356/6138/405 3359/6149/405 3360/6150/405 3355/6139/405
f 3359/6151/406 3358/6152/406 3357/6153/406 3360/6154/406
f 3353/6130/407 3357/6155/407 3358/6156/407 3354/6131/407
f 3370/6157/408 3371/6158/408 3372/6159/408 3366/6160/408
f 3368/6161/409 3369/6162/409 3371/6163/409 3370/6164/409
f 3365/6165/410 3367/6166/410 3369/6167/410 3368/6168/410
f 3366/6169/411 3372/6170/411 3367/6171/411 3365/6172/411
f 3371/6173/406 3369/6174/406 3367/6175/406 3372/6176/406
f 3381/6177/399 3373/6178/399 3374/6179/399 3382/6180/399
f 3382/6181/400 3374/6182/400 3376/6183/400 3383/6184/400
f 3383/6185/401 3376/6186/401 3375/6187/401 3384/6188/401
f 3384/6189/402 3375/6190/402 3373/6191/402 3381/6192/402
f 3373/6191/403 3375/6190/403 3380/6193/403 3377/6194/403
f 3374/6182/404 3378/6195/404 3379/6196/404 3376/6183/404
f 3376/6186/405 3379/6197/405 3380/6198/405 3375/6187/405
f 3379/6199/406 3378/6200/406 3377/6201/406 3380/6202/406
f 3373/6178/407 3377/6203/407 3378/6204/407 3374/6179/407
f 3390/6205/408 3391/6206/408 3392/6207/408 3386/6208/408
f 3388/6209/409 3389/6210/409 3391/6211/409 3390/6212/409
f 3385/6213/410 3387/6214/410 3389/6215/410 3388/6216/410
f 3386/6217/411 3392/6218/411 3387/6219/411 3385/6220/411
f 3391/6221/406 3389/6222/406 3387/6223/406 3392/6224/406
f 3401/6225/399 3393/6226/399 3394/6227/399 3402/6228/399
f 3402/6229/400 3394/6230/400 3396/6231/400 3403/6232/400
f 3403/6233/401 3396/6234/401 3395/6235/401 3404/6236/401
f 3404/6237/402 3395/6238/402 3393/6239/402 3401/6240/402
f 3393/6239/403 3395/6238/403 3400/6241/403 3397/6242/403
f 3394/6230/404 3398/6243/404 3399/6244/404 3396/6231/404
f 3396/6234/405 3399/6245/405 3400/6246/405 3395/6235/405
f 3399/6247/406 3398/6248/406 3397/6249/406 3400/6250/406
f 3393/6226/407 3397/6251/407 3398/6252/407 3394/6227/407
f 3410/6253/408 3411/6254/408 3412/6255/408 3406/6256/408
f 3408/6257/409 3409/6258/409 3411/6259/409 3410/6260/409
f 3405/6261/410 3407/6262/410 3409/6263/410 3408/6264/410
f 3406/6265/411 3412/6266/411 3407/6267/411 3405/6268/411
f 3411/6269/406 3409/6270/406 3407/6271/406 3412/6272/406
f 3421/6273/399 3413/6274/399 3414/6275/399 3422/6276/399
f 3422/6277/400 3414/6278/400 3416/6279/400 3423/6280/400
f 3423/6281/401 3416/6282/401 3415/6283/401 3424/6284/401
f 3424/6285/402 3415/6286/402 3413/6287/402 3421/6288/402
f 3413/6287/403 3415/6286/403 3420/6289/403 3417/6290/403
f 3414/6278/404 3418/6291/404 3419/6292/404 3416/6279/404
f 3416/6282/405 3419/6293/405 3420/6294/405 3415/6283/405
f 3419/6295/406 3418/6296/406 3417/6297/406 3420/6298/406
f 3413/6274/407 3417/6299/407 3418/6300/407 3414/6275/407
f 3430/6301/408 3431/6302/408 3432/6303/408 3426/6304/408
f 3428/6305/409 3429/6306/409 3431/6307/409 3430/6308/409
f 3425/6309/410 3427/6310/410 3429/6311/410 3428/6312/410
f 3426/6313/411 3432/6314/411 3427/6315/411 3425/6316/411
f 3431/6317/406 3429/6318/406 3427/6319/406 3432/6320/406
f 3441/6321/399 3442/6322/399 3434/6323/399 3433/6324/399
f 3442/6325/402 3443/6326/402 3436/6327/402 3434/6328/402
f 3443/6329/401 3444/6330/401 3435/6331/401 3436/6332/401
f 3444/6333/400 3441/6334/400 3433/6335/400 3435/6336/400
f 3433/6335/404 3437/6337/404 3440/6338/404 3435/6336/404
f 3434/6328/403 3436/6327/403 3439/6339/403 3438/6340/403
f 3436/6332/405 3435/6331/405 3440/6341/405 3439/6342/405
f 3439/6343/406 3440/6344/406 3437/6345/406 3438/6346/406
f 3433/6324/407 3434/6323/407 3438/6347/407 3437/6348/407
f 3450/6349/410 3446/6350/410 3452/6351/410 3451/6352/410
f 3448/6353/409 3450/6354/409 3451/6355/409 3449/6356/409
f 3445/6357/408 3448/6358/408 3449/6359/408 3447/6360/408
f 3446/6361/411 3445/6362/411 3447/6363/411 3452/6364/411
f 3451/6365/406 3452/6366/406 3447/6367/406 3449/6368/406
f 3461/6369/399 3462/6370/399 3454/6371/399 3453/6372/399
f 3462/6373/402 3463/6374/402 3456/6375/402 3454/6376/402
f 3463/6377/401 3464/6378/401 3455/6379/401 3456/6380/401
f 3464/6381/400 3461/6382/400 3453/6383/400 3455/6384/400
f 3453/6383/404 3457/6385/404 3460/6386/404 3455/6384/404
f 3454/6376/403 3456/6375/403 3459/6387/403 3458/6388/403
f 3456/6380/405 3455/6379/405 3460/6389/405 3459/6390/405
f 3459/6391/406 3460/6392/406 3457/6393/406 3458/6394/406
f 3453/6372/407 3454/6371/407 3458/6395/407 3457/6396/407
f 3470/6397/410 3466/6398/410 3472/6399/410 3471/6400/410
f 3468/6401/409 3470/6402/409 3471/6403/409 3469/6404/409
f 3465/6405/408 3468/6406/408 3469/6407/408 3467/6408/408
f 3466/6409/411 3465/6410/411 3467/6411/411 3472/6412/411
f 3471/6413/406 3472/6414/406 3467/6415/406 3469/6416/406
f 3481/6417/399 3482/6418/399 3474/6419/399 3473/6420/399
f 3482/6421/402 3483/6422/402 3476/6423/402 3474/6424/402
f 3483/6425/401 3484/6426/401 3475/6427/401 3476/6428/401
f 3484/6429/400 3481/6430/400 3473/6431/400 3475/6432/400
f 3473/6431/404 3477/6433/404 3480/6434/404 3475/6432/404
f 3474/6424/403 3476/6423/403 3479/6435/403 3478/6436/403
f 3476/6428/405 3475/6427/405 3480/6437/405 3479/6438/405
f 3479/6439/406 3480/6440/406 3477/6441/406 3478/6442/406
f 3473/6420/407 3474/6419/407 3478/6443/407 3477/6444/407
f 3490/6445/410 3486/6446/410 3492/6447/410 3491/6448/410
f 3488/6449/409 3490/6450/409 3491/6451/409 3489/6452/409
f 3485/6453/408 3488/6454/408 3489/6455/408 3487/6456/408
f 3486/6457/411 3485/6458/411 3487/6459/411 3492/6460/411
f 3491/6461/406 3492/6462/406 3487/6463/406 3489/6464/406
f 3501/6465/399 3502/6466/399 3494/6467/399 3493/6468/399
f 3502/6469/402 3503/6470/402 3496/6471/402 3494/6472/402
f 3503/6473/401 3504/6474/401 3495/6475/401 3496/6476/401
f 3504/6477/400 3501/6478/400 3493/6479/400 3495/6480/400
f 3493/6479/404 3497/6481/404 3500/6482/404 3495/6480/404
f 3494/6472/403 3496/6471/403 3499/6483/403 3498/6484/403
f 3496/6476/405 3495/6475/405 3500/6485/405 3499/6486/405
f 3499/6487/406 3500/6488/406 3497/6489/406 3498/6490/406
f 3493/6468/407 3494/6467/407 3498/6491/407 3497/6492/407
f 3510/6493/410 3506/6494/410 3512/6495/410 3511/6496/410
f 3508/6497/409 3510/6498/409 3511/6499/409 3509/6500/409
f 3505/6501/408 3508/6502/408 3509/6503/408 3507/6504/408
f 3506/6505/411 3505/6506/411 3507/6507/411 3512/6508/411
f 3511/6509/406 3512/6510/406 3507/6511/406 3509/6512/406
f 3521/6513/399 3522/6514/399 3514/6515/399 3513/6516/399
f 3522/6517/402 3523/6518/402 3516/6519/402 3514/6520/402
f 3523/6521/401 3524/6522/401 3515/6523/401 3516/6524/401
f 3524/6525/400 3521/6526/400 3513/6527/400 3515/6528/400
f 3513/6527/404 3517/6529/404 3520/6530/404 3515/6528/404
f 3514/6520/403 3516/6519/403 3519/6531/403 3518/6532/403
f 3516/6524/405 3515/6523/405 3520/6533/405 3519/6534/405
f 3519/6535/406 3520/6536/406 3517/6537/406 3518/6538/406
f 3513/6516/407 3514/6515/407 3518/6539/407 3517/6540/407
f 3530/6541/410 3526/6542/410 3532/6543/410 3531/6544/410
f 3528/6545/409 3530/6546/409 3531/6547/409 3529/6548/409
f 3525/6549/408 3528/6550/408 3529/6551/408 3527/6552/408
f 3526/6553/411 3525/6554/411 3527/6555/411 3532/6556/411
f 3531/6557/406 3532/6558/406 3527/6559/406 3529/6560/406
f 3541/6561/399 3542/6562/399 3534/6563/399 3533/6564/399
f 3542/6565/402 3543/6566/402 3536/6567/402 3534/6568/402
f 3543/6569/401 3544/6570/401 3535/6571/401 3536/6572/401
f 3544/6573/400 3541/6574/400 3533/6575/400 3535/6576/400
f 3533/6575/404 3537/6577/404 3540/6578/404 3535/6576/404
f 3534/6568/403 3536/6567/403 3539/6579/403 3538/6580/403
f 3536/6572/405 3535/6571/405 3540/6581/405 3539/6582/405
f 3539/6583/406 3540/6584/406 3537/6585/406 3538/6586/406
f 3533/6564/407 3534/6563/407 3538/6587/407 3537/6588/407
f 3550/6589/410 3546/6590/410 3552/6591/410 3551/6592/410
f 3548/6593/409 3550/6594/409 3551/6595/409 3549/6596/409
f 3545/6597/408 3548/6598/408 3549/6599/408 3547/6600/408
f 3546/6601/411 3545/6602/411 3547/6603/411 3552/6604/411
f 3551/6605/406 3552/6606/406 3547/6607/406 3549/6608/406
f 3561/6609/399 3562/6610/399 3554/6611/399 3553/6612/399
f 3562/6613/402 3563/6614/402 3556/6615/402 3554/6616/402
f 3563/6617/401 3564/6618/401 3555/6619/401 3556/6620/401
f 3564/6621/400 3561/6622/400 3553/6623/400 3555/6624/400
f 3553/6623/404 3557/6625/404 3560/6626/404 3555/6624/404
f 3554/6616/403 3556/6615/403 3559/6627/403 3558/6628/403
f 3556/6620/405 3555/6619/405 3560/6629/405 3559/6630/405
f 3559/6631/406 3560/6632/406 3557/6633/406 3558/6634/406
f 3553/6612/407 3554/6611/407 3558/6635/407 3557/6636/407
f 3570/6637/410 3566/6638/410 3572/6639/410 3571/6640/410
f 3568/6641/409 3570/6642/409 3571/6643/409 3569/6644/409
f 3565/6645/408 3568/6646/408 3569/6647/408 3567/6648/408
f 3566/6649/411 3565/6650/411 3567/6651/411 3572/6652/411
f 3571/6653/406 3572/6654/406 3567/6655/406 3569/6656/406
f 3581/6657/399 3582/6658/399 3574/6659/399 3573/6660/399
f 3582/6661/402 3583/6662/402 3576/6663/402 3574/6664/402
f 3583/6665/401 3584/6666/401 3575/6667/401 3576/6668/401
f 3584/6669/400 3581/6670/400 3573/6671/400 3575/6672/400
f 3573/6671/404 3577/6673/404 3580/6674/404 3575/6672/404
f 3574/6664/403 3576/6663/403 3579/6675/403 3578/6676/403
f 3576/6668/405 3575/6667/405 3580/6677/405 3579/6678/405
f 3579/6679/406 3580/6680/406 3577/6681/406 3578/6682/406
f 3573/6660/407 3574/6659/407 3578/6683/407 3577/6684/407
f 3590/6685/410 3586/6686/410 3592/6687/410 3591/6688/410
f 3588/6689/409 3590/6690/409 3591/6691/409 3589/6692/409
f 3585/6693/408 3588/6694/408 3589/6695/408 3587/6696/408
f 3586/6697/411 3585/6698/411 3587/6699/411 3592/6700/411
f 3591/6701/406 3592/6702/406 3587/6703/406 3589/6704/406
f 3601/6705/401 3602/6706/401 3594/6707/401 3593/6708/401
f 3602/6709/400 3603/6710/400 3596/6711/400 3594/6712/400
f 3603/6713/399 3604/6714/399 3595/6715/399 3596/6716/399
f 3604/6717/402 3601/6718/402 3593/6719/402 3595/6720/402
f 3593/6719/403 3597/6721/403 3600/6722/403 3595/6720/403
f 3594/6712/404 3596/6711/404 3599/6723/404 3598/6724/404
f 3596/6716/407 3595/6715/407 3600/6725/407 3599/6726/407
f 3599/6727/406 3600/6728/406 3597/6729/406 3598/6730/406
f 3593/6708/405 3594/6707/405 3598/6731/405 3597/6732/405
f 3610/6733/408 3606/6734/408 3612/6735/408 3611/6736/408
f 3608/6737/411 3610/6738/411 3611/6739/411 3609/6740/411
f 3605/6741/410 3608/6742/410 3609/6743/410 3607/6744/410
f 3606/6745/409 3605/6746/409 3607/6747/409 3612/6748/409
f 3611/6749/406 3612/6750/406 3607/6751/406 3609/6752/406
f 3621/6753/401 3622/6754/401 3614/6755/401 3613/6756/401
f 3622/6757/400 3623/6758/400 3616/6759/400 3614/6760/400
f 3623/6761/399 3624/6762/399 3615/6763/399 3616/6764/399
f 3624/6765/402 3621/6766/402 3613/6767/402 3615/6768/402
f 3613/6767/403 3617/6769/403 3620/6770/403 3615/6768/403
f 3614/6760/404 3616/6759/404 3619/6771/404 3618/6772/404
f 3616/6764/407 3615/6763/407 3620/6773/407 3619/6774/407
f 3619/6775/406 3620/6776/406 3617/6777/406 3618/6778/406
f 3613/6756/405 3614/6755/405 3618/6779/405 3617/6780/405
f 3630/6781/408 3626/6782/408 3632/6783/408 3631/6784/408
f 3628/6785/411 3630/6786/411 3631/6787/411 3629/6788/411
f 3625/6789/410 3628/6790/410 3629/6791/410 3627/6792/410
f 3626/6793/409 3625/6794/409 3627/6795/409 3632/6796/409
f 3631/6797/406 3632/6798/406 3627/6799/406 3629/6800/406
f 3641/6801/401 3642/6802/401 3634/6803/401 3633/6804/401
f 3642/6805/400 3643/6806/400 3636/6807/400 3634/6808/400
f 3643/6809/399 3644/6810/399 3635/6811/399 3636/6812/399
f 3644/6813/402 3641/6814/402 3633/6815/402 3635/6816/402
f 3633/6815/403 3637/6817/403 3640/6818/403 3635/6816/403
f 3634/6808/404 3636/6807/404 3639/6819/404 3638/6820/404
f 3636/6812/407 3635/6811/407 3640/6821/407 3639/6822/407
f 3639/6823/406 3640/6824/406 3637/6825/406 3638/6826/406
f 3633/6804/405 3634/6803/405 3638/6827/405 3637/6828/405
f 3650/6829/408 3646/6830/408 3652/6831/408 3651/6832/408
f 3648/6833/411 3650/6834/411 3651/6835/411 3649/6836/411
f 3645/6837/410 3648/6838/410 3649/6839/410 3647/6840/410
f 3646/6841/409 3645/6842/409 3647/6843/409 3652/6844/409
f 3651/6845/406 3652/6846/406 3647/6847/406 3649/6848/406
f 3661/6849/401 3662/6850/401 3654/6851/401 3653/6852/401
f 3662/6853/400 3663/6854/400 3656/6855/400 3654/6856/400
f 3663/6857/399 3664/6858/399 3655/6859/399 3656/6860/399
f 3664/6861/402 3661/6862/402 3653/6863/402 3655/6864/402
f 3653/6863/403 3657/6865/403 3660/6866/403 3655/6864/403
f 3654/6856/404 3656/6855/404 3659/6867/404 3658/6868/404
f 3656/6860/407 3655/6859/407 3660/6869/407 3659/6870/407
f 3659/6871/406 3660/6872/406 3657/6873/406 3658/6874/406
f 3653/6852/405 3654/6851/405 3658/6875/405 3657/6876/405
f 3670/6877/408 3666/6878/408 3672/6879/408 3671/6880/408
f 3668/6881/411 3670/6882/411 3671/6883/411 3669/6884/411
f 3665/6885/410 3668/6886/410 3669/6887/410 3667/6888/410
f 3666/6889/409 3665/6890/409 3667/6891/409 3672/6892/409
f 3671/6893/406 3672/6894/406 3667/6895/406 3669/6896/406
f 3681/6897/401 3682/6898/401 3674/6899/401 3673/6900/401
f 3682/6901/400 3683/6902/400 3676/6903/400 3674/6904/400
f 3683/6905/399 3684/6906/399 3675/6907/399 3676/6908/399
f 3684/6909/402 3681/6910/402 3673/6911/402 3675/6912/402
f 3673/6911/403 3677/6913/403 3680/6914/403 3675/6912/403
f 3674/6904/404 3676/6903/404 3679/6915/404 3678/6916/404
f 3676/6908/407 3675/6907/407 3680/6917/407 3679/6918/407
f 3679/6919/406 3680/6920/406 3677/6921/406 3678/6922/406
f 3673/6900/405 3674/6899/405 3678/6923/405 3677/6924/405
f 3690/6925/408 3686/6926/408 3692/6927/408 3691/6928/408
f 3688/6929/411 3690/6930/411 3691/6931/411 3689/6932/411
f 3685/6933/410 3688/6934/410 3689/6935/410 3687/6936/410
f 3686/6937/409 3685/6938/409 3687/6939/409 3692/6940/409
f 3691/6941/406 3692/6942/406 3687/6943/406 3689/6944/406
f 3701/6945/401 3702/6946/401 3694/6947/401 3693/6948/401
f 3702/6949/400 3703/6950/400 3696/6951/400 3694/6952/400
f 3703/6953/399 3704/6954/399 3695/6955/399 3696/6956/399
f 3704/6957/402 3701/6958/402 3693/6959/402 3695/6960/402
f 3693/6959/403 3697/6961/403 3700/6962/403 3695/6960/403
f 3694/6952/404 3696/6951/404 3699/6963/404 3698/6964/404
f 3696/6956/407 3695/6955/407 3700/6965/407 3699/6966/407
f 3699/6967/406 3700/6968/406 3697/6969/406 3698/6970/406
f 3693/6948/405 3694/6947/405 3698/6971/405 3697/6972/405
f 3710/6973/408 3706/6974/408 3712/6975/408 3711/6976/408
f 3708/6977/411 3710/6978/411 3711/6979/411 3709/6980/411
f 3705/6981/410 3708/6982/410 3709/6983/410 3707/6984/410
f 3706/6985/409 3705/6986/409 3707/6987/409 3712/6988/409
f 3711/6989/406 3712/6990/406 3707/6991/406 3709/6992/406
f 3721/6993/401 3722/6994/401 3714/6995/401 3713/6996/401
f 3722/6997/400 3723/6998/400 3716/6999/400 3714/7000/400
f 3723/7001/399 3724/7002/399 3715/7003/399 3716/7004/399
f 3724/7005/402 3721/7006/402 3713/7007/402 3715/7008/402
f 3713/7007/403 3717/7009/403 3720/7010/403 3715/7008/403
f 3714/7000/404 3716/6999/404 3719/7011/404 3718/7012/404
f 3716/7004/407 3715/7003/407 3720/7013/407 3719/7014/407
f 3719/7015/406 3720/7016/406 3717/7017/406 3718/7018/406
f 3713/6996/405 3714/6995/405 3718/7019/405 3717/7020/405
f 3730/7021/408 3726/7022/408 3732/7023/408 3731/7024/408
f 3728/7025/411 3730/7026/411 3731/7027/411 3729/7028/411
f 3725/7029/410 3728/7030/410 3729/7031/410 3727/7032/410
f 3726/7033/409 3725/7034/409 3727/7035/409 3732/7036/409
f 3731/7037/406 3732/7038/406 3727/7039/406 3729/7040/406
f 3741/7041/401 3742/7042/401 3734/7043/401 3733/7044/401
f 3742/7045/400 3743/7046/400 3736/7047/400 3734/7048/400
f 3743/7049/399 3744/7050/399 3735/7051/399 3736/7052/399
f 3744/7053/402 3741/7054/402 3733/7055/402 3735/7056/402
f 3733/7055/403 3737/7057/403 3740/7058/403 3735/7056/403
f 3734/7048/404 3736/7047/404 3739/7059/404 3738/7060/404
f 3736/7052/407 3735/7051/407 3740/7061/407 3739/7062/407
f 3739/7063/406 3740/7064/406 3737/7065/406 3738/7066/406
f 3733/7044/405 3734/7043/405 3738/7067/405 3737/7068/405
f 3750/7069/408 3746/7070/408 3752/7071/408 3751/7072/408
f 3748/7073/411 3750/7074/411 3751/7075/411 3749/7076/411
f 3745/7077/410 3748/7078/410 3749/7079/410 3747/7080/410
f 3746/7081/409 3745/7082/409 3747/7083/409 3752/7084/409
f 3751/7085/406 3752/7086/406 3747/7087/406 3749/7088/406
f 3761/7089/401 3753/7090/401 3754/7091/401 3762/7092/401
f 3762/7093/402 3754/7094/402 3756/7095/402 3763/7096/402
f 3763/7097/399 3756/7098/399 3755/7099/399 3764/7100/399
f 3764/7101/400 3755/7102/400 3753/7103/400 3761/7104/400
f 3753/7103/404 3755/7102/404 3760/7105/404 3757/7106/404
f 3754/7094/403 3758/7107/403 3759/7108/403 3756/7095/403
f 3756/7098/407 3759/7109/407 3760/7110/407 3755/7099/407
f 3759/7111/406 3758/7112/406 3757/7113/406 3760/7114/406
f 3753/7090/405 3757/7115/405 3758/7116/405 3754/7091/405
f 3770/7117/410 3771/7118/410 3772/7119/410 3766/7120/410
f 3768/7121/411 3769/7122/411 3771/7123/411 3770/7124/411
f 3765/7125/408 3767/7126/408 3769/7127/408 3768/7128/408
f 3766/7129/409 3772/7130/409 3767/7131/409 3765/7132/409
f 3771/7133/406 3769/7134/406 3767/7135/406 3772/7136/406
f 3781/7137/401 3773/7138/401 3774/7139/401 3782/7140/401
f 3782/7141/402 3774/7142/402 3776/7143/402 3783/7144/402
f 3783/7145/399 3776/7146/399 3775/7147/399 3784/7148/399
f 3784/7149/400 3775/7150/400 3773/7151/400 3781/7152/400
f 3773/7151/404 3775/7150/404 3780/7153/404 3777/7154/404
f 3774/7142/403 3778/7155/403 3779/7156/403 3776/7143/403
f 3776/7146/407 3779/7157/407 3780/7158/407 3775/7147/407
f 3779/7159/406 3778/7160/406 3777/7161/406 3780/7162/406
f 3773/7138/405 3777/7163/405 3778/7164/405 3774/7139/405
f 3790/7165/410 3791/7166/410 3792/7167/410 3786/7168/410
f 3788/7169/411 3789/7170/411 3791/7171/411 3790/7172/411
f 3785/7173/408 3787/7174/408 3789/7175/408 3788/7176/408
f 3786/7177/409 3792/7178/409 3787/7179/409 3785/7180/409
f 3791/7181/406 3789/7182/406 3787/7183/406 3792/7184/406
f 3801/7185/401 3793/7186/401 3794/7187/401 3802/7188/401
f 3802/7189/402 3794/7190/402 3796/7191/402 3803/7192/402
f 3803/7193/399 3796/7194/399 3795/7195/399 3804/7196/399
f 3804/7197/400 3795/7198/400 3793/7199/400 3801/7200/400
f 3793/7199/404 3795/7198/404 3800/7201/404 3797/7202/404
f 3794/7190/403 3798/7203/403 3799/7204/403 3796/7191/403
f 3796/7194/407 3799/7205/407 3800/7206/407 3795/7195/407
f 3799/7207/406 3798/7208/406 3797/7209/406 3800/7210/406
f 3793/7186/405 3797/7211/405 3798/7212/405 3794/7187/405
f 3810/7213/410 3811/7214/410 3812/7215/410 3806/7216/410
f 3808/7217/411 3809/7218/411 3811/7219/411 3810/7220/411
f 3805/7221/408 3807/7222/408 3809/7223/408 3808/7224/408
f 3806/7225/409 3812/7226/409 3807/7227/409 3805/7228/409
f 3811/7229/406 3809/7230/406 3807/7231/406 3812/7232/406
f 3821/7233/401 3813/7234/401 3814/7235/401 3822/7236/401
f 3822/7237/402 3814/7238/402 3816/7239/402 3823/7240/402
f 3823/7241/399 3816/7242/399 3815/7243/399 3824/7244/399
f 3824/7245/400 3815/7246/400 3813/7247/400 3821/7248/400
f 3813/7247/404 3815/7246/404 3820/7249/404 3817/7250/404
f 3814/7238/403 3818/7251/403 3819/7252/403 3816/7239/403
f 3816/7242/407 3819/7253/407 3820/7254/407 3815/7243/407
f 3819/7255/406 3818/7256/406 3817/7257/406 3820/7258/406
f 3813/7234/405 3817/7259/405 3818/7260/405 3814/7235/405
f 3830/7261/410 3831/7262/410 3832/7263/410 3826/7264/410
f 3828/7265/411 3829/7266/411 3831/7267/411 3830/7268/411
f 3825/7269/408 3827/7270/408 3829/7271/408 3828/7272/408
f 3826/7273/409 3832/7274/409 3827/7275/409 3825/7276/409
f 3831/7277/406 3829/7278/406 3827/7279/406 3832/7280/406
f 3841/7281/401 3833/7282/401 3834/7283/401 3842/7284/401
f 3842/7285/402 3834/7286/402 3836/7287/402 3843/7288/402
f 3843/7289/399 3836/7290/399 3835/7291/399 3844/7292/399
f 3844/7293/400 3835/7294/400 3833/7295/400 3841/7296/400
f 3833/7295/404 3835/7294/404 3840/7297/404 3837/7298/404
f 3834/7286/403 3838/7299/403 3839/7300/403 3836/7287/403
f 3836/7290/407 3839/7301/407 3840/7302/407 3835/7291/407
f 3839/7303/406 3838/7304/406 3837/7305/406 3840/7306/406
f 3833/7282/405 3837/7307/405 3838/7308/405 3834/7283/405
f 3850/7309/410 3851/7310/410 3852/7311/410 3846/7312/410
f 3848/7313/411 3849/7314/411 3851/7315/411 3850/7316/411
f 3845/7317/408 3847/7318/408 3849/7319/408 3848/7320/408
f 3846/7321/409 3852/7322/409 3847/7323/409 3845/7324/409
f 3851/7325/406 3849/7326/406 3847/7327/406 3852/7328/406
f 3861/7329/401 3853/7330/401 3854/7331/401 3862/7332/401
f 3862/7333/402 3854/7334/402 3856/7335/402 3863/7336/402
f 3863/7337/399 3856/7338/399 3855/7339/399 3864/7340/399
f 3864/7341/400 3855/7342/400 3853/7343/400 3861/7344/400
f 3853/7343/404 3855/7342/404 3860/7345/404 3857/7346/404
f 3854/7334/403 3858/7347/403 3859/7348/403 3856/7335/403
f 3856/7338/407 3859/7349/407 3860/7350/407 3855/7339/407
f 3859/7351/406 3858/7352/406 3857/7353/406 3860/7354/406
f 3853/7330/405 3857/7355/405 3858/7356/405 3854/7331/405
f 3870/7357/410 3871/7358/410 3872/7359/410 3866/7360/410
f 3868/7361/411 3869/7362/411 3871/7363/411 3870/7364/411
f 3865/7365/408 3867/7366/408 3869/7367/408 3868/7368/408
f 3866/7369/409 3872/7370/409 3867/7371/409 3865/7372/409
f 3871/7373/406 3869/7374/406 3867/7375/406 3872/7376/406
f 3881/7377/401 3873/7378/401 3874/7379/401 3882/7380/401
f 3882/7381/402 3874/7382/402 3876/7383/402 3883/7384/402
f 3883/7385/399 3876/7386/399 3875/7387/399 3884/7388/399
f 3884/7389/400 3875/7390/400 3873/7391/400 3881/7392/400
f 3873/7391/404 3875/7390/404 3880/7393/404 3877/7394/404
f 3874/7382/403 3878/7395/403 3879/7396/403 3876/7383/403
f 3876/7386/407 3879/7397/407 3880/7398/407 3875/7387/407
f 3879/7399/406 3878/7400/406 3877/7401/406 3880/7402/406
f 3873/7378/405 3877/7403/405 3878/7404/405 3874/7379/405
f 3890/7405/410 3891/7406/410 3892/7407/410 3886/7408/410
f 3888/7409/411 3889/7410/411 3891/7411/411 3890/7412/411
f 3885/7413/408 3887/7414/408 3889/7415/408 3888/7416/408
f 3886/7417/409 3892/7418/409 3887/7419/409 3885/7420/409
f 3891/7421/406 3889/7422/406 3887/7423/406 3892/7424/406
f 3901/7425/401 3893/7426/401 3894/7427/401 3902/7428/401
f 3902/7429/402 3894/7430/402 3896/7431/402 3903/7432/402
f 3903/7433/399 3896/7434/399 3895/7435/399 3904/7436/399
f 3904/7437/400 3895/7438/400 3893/7439/400 3901/7440/400
f 3893/7439/404 3895/7438/404 3900/7441/404 3897/7442/404
f 3894/7430/403 3898/7443/403 3899/7444/403 3896/7431/403
f 3896/7434/407 3899/7445/407 3900/7446/407 3895/7435/407
f 3899/7447/406 3898/7448/406 3897/7449/406 3900/7450/406
f 3893/7426/405 3897/7451/405 3898/7452/405 3894/7427/405
f 3910/7453/410 3911/7454/410 3912/7455/410 3906/7456/410
f 3908/7457/411 3909/7458/411 3911/7459/411 3910/7460/411
f 3905/7461/408 3907/7462/408 3909/7463/408 3908/7464/408
f 3906/7465/409 3912/7466/409 3907/7467/409 3905/7468/409
f 3911/7469/406 3909/7470/406 3907/7471/406 3912/7472/406
f 3921/7473/399 3922/7474/399 3914/7475/399 3913/7476/399
f 3922/7477/402 3923/7478/402 3916/7479/402 3914/7480/402
f 3923/7481/401 3924/7482/401 3915/7483/401 3916/7484/401
f 3924/7485/400 3921/7486/400 3913/7487/400 3915/7488/400
f 3913/7487/404 3917/7489/404 3920/7490/404 3915/7488/404
f 3914/7480/403 3916/7479/403 3919/7491/403 3918/7492/403
f 3916/7484/405 3915/7483/405 3920/7493/405 3919/7494/405
f 3919/7495/406 3920/7496/406 3917/7497/406 3918/7498/406
f 3913/7476/407 3914/7475/407 3918/7499/407 3917/7500/407
f 3930/7501/410 3926/7502/410 3932/7503/410 3931/7504/410
f 3928/7505/409 3930/7506/409 3931/7507/409 3929/7508/409
f 3925/7509/408 3928/7510/408 3929/7511/408 3927/7512/408
f 3926/7513/411 3925/7514/411 3927/7515/411 3932/7516/411
f 3931/7517/406 3932/7518/406 3927/7519/406 3929/7520/406
f 3941/7521/399 3942/7522/399 3934/7523/399 3933/7524/399
f 3942/7525/402 3943/7526/402 3936/7527/402 3934/7528/402
f 3943/7529/401 3944/7530/401 3935/7531/401 3936/7532/401
f 3944/7533/400 3941/7534/400 3933/7535/400 3935/7536/400
f 3933/7535/404 3937/7537/404 3940/7538/404 3935/7536/404
f 3934/7528/403 3936/7527/403 3939/7539/403 3938/7540/403
f 3936/7532/405 3935/7531/405 3940/7541/405 3939/7542/405
f 3939/7543/406 3940/7544/406 3937/7545/406 3938/7546/406
f 3933/7524/407 3934/7523/407 3938/7547/407 3937/7548/407
f 3950/7549/410 3946/7550/410 3952/7551/410 3951/7552/410
f 3948/7553/409 3950/7554/409 3951/7555/409 3949/7556/409
f 3945/7557/408 3948/7558/408 3949/7559/408 3947/7560/408
f 3946/7561/411 3945/7562/411 3947/7563/411 3952/7564/411
f 3951/7565/406 3952/7566/406 3947/7567/406 3949/7568/406
f 3961/7569/399 3962/7570/399 3954/7571/399 3953/7572/399
f 3962/7573/402 3963/7574/402 3956/7575/402 3954/7576/402
f 3963/7577/401 3964/7578/401 3955/7579/401 3956/7580/401
f 3964/7581/400 3961/7582/400 3953/7583/400 3955/7584/400
f 3953/7583/404 3957/7585/404 3960/7586/404 3955/7584/404
f 3954/7576/403 3956/7575/403 3959/7587/403 3958/7588/403
f 3956/7580/405 3955/7579/405 3960/7589/405 3959/7590/405
f 3959/7591/406 3960/7592/406 3957/7593/406 3958/7594/406
f 3953/7572/407 3954/7571/407 3958/7595/407 3957/7596/407
f 3970/7597/410 3966/7598/410 3972/7599/410 3971/7600/410
f 3968/7601/409 3970/7602/409 3971/7603/409 3969/7604/409
f 3965/7605/408 3968/7606/408 3969/7607/408 3967/7608/408
f 3966/7609/411 3965/7610/411 3967/7611/411 3972/7612/411
f 3971/7613/406 3972/7614/406 3967/7615/406 3969/7616/406
f 3981/7617/399 3982/7618/399 3974/7619/399 3973/7620/399
f 3982/7621/402 3983/7622/402 3976/7623/402 3974/7624/402
f 3983/7625/401 3984/7626/401 3975/7627/401 3976/7628/401
f 3984/7629/400 3981/7630/400 3973/7631/400 3975/7632/400
f 3973/7631/404 3977/7633/404 3980/7634/404 3975/7632/404
f 3974/7624/403 3976/7623/403 3979/7635/403 3978/7636/403
f 3976/7628/405 3975/7627/405 3980/7637/405 3979/7638/405
f 3979/7639/406 3980/7640/406 3977/7641/406 3978/7642/406
f 3973/7620/407 3974/7619/407 3978/7643/407 3977/7644/407
f 3990/7645/410 3986/7646/410 3992/7647/410 3991/7648/410
f 3988/7649/409 3990/7650/409 3991/7651/409 3989/7652/409
f 3985/7653/408 3988/7654/408 3989/7655/408 3987/7656/408
f 3986/7657/411 3985/7658/411 3987/7659/411 3992/7660/411
f 3991/7661/406 3992/7662/406 3987/7663/406 3989/7664/406
f 4001/7665/399 4002/7666/399 3994/7667/399 3993/7668/399
f 4002/7669/402 4003/7670/402 3996/7671/402 3994/7672/402
f 4003/7673/401 4004/7674/401 3995/7675/401 3996/7676/401
f 4004/7677/400 4001/7678/400 3993/7679/400 3995/7680/400
f 3993/7679/404 3997/7681/404 4000/7682/404 3995/7680/404
f 3994/7672/403 3996/7671/403 3999/7683/403 3998/7684/403
f 3996/7676/405 3995/7675/405 4000/7685/405 3999/7686/405
f 3999/7687/406 4000/7688/406 3997/7689/406 3998/7690/406
f 3993/7668/407 3994/7667/407 3998/7691/407 3997/7692/407
f 4010/7693/410 4006/7694/410 4012/7695/410 4011/7696/410
f 4008/7697/409 4010/7698/409 4011/7699/409 4009/7700/409
f 4005/7701/408 4008/7702/408 4009/7703/408 4007/7704/408
f 4006/7705/411 4005/7706/411 4007/7707/411 4012/7708/411
f 4011/7709/406 4012/7710/406 4007/7711/406 4009/7712/406
f 4021/7713/399 4022/7714/399 4014/7715/399 4013/7716/399
f 4022/7717/402 4023/7718/402 4016/7719/402 4014/7720/402
f 4023/7721/401 4024/7722/401 4015/7723/401 4016/7724/401
f 4024/7725/400 4021/7726/400 4013/7727/400 4015/7728/400
f 4013/7727/404 4017/7729/404 4020/7730/404 4015/7728/404
f 4014/7720/403 4016/7719/403 4019/7731/403 4018/7732/403
f 4016/7724/405 4015/7723/405 4020/7733/405 4019/7734/405
f 4019/7735/406 4020/7736/406 4017/7737/406 4018/7738/406
f 4013/7716/407 4014/7715/407 4018/7739/407 4017/7740/407
f 4030/7741/410 4026/7742/410 4032/7743/410 4031/7744/410
f 4028/7745/409 4030/7746/409 4031/7747/409 4029/7748/409
f 4025/7749/408 4028/7750/408 4029/7751/408 4027/7752/408
f 4026/7753/411 4025/7754/411 4027/7755/411 4032/7756/411
f 4031/7757/406 4032/7758/406 4027/7759/406 4029/7760/406
f 4041/7761/399 4042/7762/399 4034/7763/399 4033/7764/399
f 4042/7765/402 4043/7766/402 4036/7767/402 4034/7768/402
f 4043/7769/401 4044/7770/401 4035/7771/401 4036/7772/401
f 4044/7773/400 4041/7774/400 4033/7775/400 4035/7776/400
f 4033/7775/404 4037/7777/404 4040/7778/404 4035/7776/404
f 4034/7768/403 4036/7767/403 4039/7779/403 4038/7780/403
f 4036/7772/405 4035/7771/405 4040/7781/405 4039/7782/405
f 4039/7783/406 4040/7784/406 4037/7785/406 4038/7786/406
f 4033/7764/407 4034/7763/407 4038/7787/407 4037/7788/407
f 4050/7789/410 4046/7790/410 4052/7791/410 4051/7792/410
f 4048/7793/409 4050/7794/409 4051/7795/409 4049/7796/409
f 4045/7797/408 4048/7798/408 4049/7799/408 4047/7800/408
f 4046/7801/411 4045/7802/411 4047/7803/411 4052/7804/411
f 4051/7805/406 4052/7806/406 4047/7807/406 4049/7808/406
f 4061/7809/399 4062/7810/399 4054/7811/399 4053/7812/399
f 4062/7813/402 4063/7814/402 4056/7815/402 4054/7816/402
f 4063/7817/401 4064/7818/401 4055/7819/401 4056/7820/401
f 4064/7821/400 4061/7822/400 4053/7823/400 4055/7824/400
f 4053/7823/404 4057/7825/404 4060/7826/404 4055/7824/404
f 4054/7816/403 4056/7815/403 4059/7827/403 4058/7828/403
f 4056/7820/405 4055/7819/405 4060/7829/405 4059/7830/405
f 4059/7831/406 4060/7832/406 4057/7833/406 4058/7834/406
f 4053/7812/407 4054/7811/407 4058/7835/407 4057/7836/407
f 4070/7837/410 4066/7838/410 4072/7839/410 4071/7840/410
f 4068/7841/409 4070/7842/409 4071/7843/409 4069/7844/409
f 4065/7845/408 4068/7846/408 4069/7847/408 4067/7848/408
f 4066/7849/411 4065/7850/411 4067/7851/411 4072/7852/411
f 4071/7853/406 4072/7854/406 4067/7855/406 4069/7856/406
f 4081/7857/399 4073/7858/399 4074/7859/399 4082/7860/399
f 4082/7861/400 4074/7862/400 4076/7863/400 4083/7864/400
f 4083/7865/401 4076/7866/401 4075/7867/401 4084/7868/401
f 4084/7869/402 4075/7870/402 4073/7871/402 4081/7872/402
f 4073/7871/403 4075/7870/403 4080/7873/403 4077/7874/403
f 4074/7862/404 4078/7875/404 4079/7876/404 4076/7863/404
f 4076/7866/405 4079/7877/405 4080/7878/405 4075/7867/405
f 4079/7879/406 4078/7880/406 4077/7881/406 4080/7882/406
f 4073/7858/407 4077/7883/407 4078/7884/407 4074/7859/407
f 4090/7885/408 4091/7886/408 4092/7887/408 4086/7888/408
f 4088/7889/409 4089/7890/409 4091/7891/409 4090/7892/409
f 4085/7893/410 4087/7894/410 4089/7895/410 4088/7896/410
f 4086/7897/411 4092/7898/411 4087/7899/411 4085/7900/411
f 4091/7901/406 4089/7902/406 4087/7903/406 4092/7904/406
f 4101/7905/399 4093/7906/399 4094/7907/399 4102/7908/399
f 4102/7909/400 4094/7910/400 4096/7911/400 4103/7912/400
f 4103/7913/401 4096/7914/401 4095/7915/401 4104/7916/401
f 4104/7917/402 4095/7918/402 4093/7919/402 4101/7920/402
f 4093/7919/403 4095/7918/403 4100/7921/403 4097/7922/403
f 4094/7910/404 4098/7923/404 4099/7924/404 4096/7911/404
f 4096/7914/405 4099/7925/405 4100/7926/405 4095/7915/405
f 4099/7927/406 4098/7928/406 4097/7929/406 4100/7930/406
f 4093/7906/407 4097/7931/407 4098/7932/407 4094/7907/407
f 4110/7933/408 4111/7934/408 4112/7935/408 4106/7936/408
f 4108/7937/409 4109/7938/409 4111/7939/409 4110/7940/409
f 4105/7941/410 4107/7942/410 4109/7943/410 4108/7944/410
f 4106/7945/411 4112/7946/411 4107/7947/411 4105/7948/411
f 4111/7949/406 4109/7950/406 4107/7951/406 4112/7952/406
f 4121/7953/399 4113/7954/399 4114/7955/399 4122/7956/399
f 4122/7957/400 4114/7958/400 4116/7959/400 4123/7960/400
f 4123/7961/401 4116/7962/401 4115/7963/401 4124/7964/401
f 4124/7965/402 4115/7966/402 4113/7967/402 4121/7968/402
f 4113/7967/403 4115/7966/403 4120/7969/403 4117/7970/403
f 4114/7958/404 4118/7971/404 4119/7972/404 4116/7959/404
f 4116/7962/405 4119/7973/405 4120/7974/405 4115/7963/405
f 4119/7975/406 4118/7976/406 4117/7977/406 4120/7978/406
f 4113/7954/407 4117/7979/407 4118/7980/407 4114/7955/407
f 4130/7981/408 4131/7982/408 4132/7983/408 4126/7984/408
f 4128/7985/409 4129/7986/409 4131/7987/409 4130/7988/409
f 4125/7989/410 4127/7990/410 4129/7991/410 4128/7992/410
f 4126/7993/411 4132/7994/411 4127/7995/411 4125/7996/411
f 4131/7997/406 4129/7998/406 4127/7999/406 4132/8000/406
f 4141/8001/399 4133/8002/399 4134/8003/399 4142/8004/399
f 4142/8005/400 4134/8006/400 4136/8007/400 4143/8008/400
f 4143/8009/401 4136/8010/401 4135/8011/401 4144/8012/401
f 4144/8013/402 4135/8014/402 4133/8015/402 4141/8016/402
f 4133/8015/403 4135/8014/403 4140/8017/403 4137/8018/403
f 4134/8006/404 4138/8019/404 4139/8020/404 4136/8007/404
f 4136/8010/405 4139/8021/405 4140/8022/405 4135/8011/405
f 4139/8023/406 4138/8024/406 4137/8025/406 4140/8026/406
f 4133/8002/407 4137/8027/407 4138/8028/407 4134/8003/407
f 4150/8029/408 4151/8030/408 4152/8031/408 4146/8032/408
f 4148/8033/409 4149/8034/409 4151/8035/409 4150/8036/409
f 4145/8037/410 4147/8038/410 4149/8039/410 4148/8040/410
f 4146/8041/411 4152/8042/411 4147/8043/411 4145/8044/411
f 4151/8045/406 4149/8046/406 4147/8047/406 4152/8048/406
f 4161/8049/399 4153/8050/399 4154/8051/399 4162/8052/399
f 4162/8053/400 4154/8054/400 4156/8055/400 4163/8056/400
f 4163/8057/401 4156/8058/401 4155/8059/401 4164/8060/401
f 4164/8061/402 4155/8062/402 4153/8063/402 4161/8064/402
f 4153/8063/403 4155/8062/403 4160/8065/403 4157/8066/403
f 4154/8054/404 4158/8067/404 4159/8068/404 4156/8055/404
f 4156/8058/405 4159/8069/405 4160/8070/405 4155/8059/405
f 4159/8071/406 4158/8072/406 4157/8073/406 4160/8074/406
f 4153/8050/407 4157/8075/407 4158/8076/407 4154/8051/407
f 4170/8077/408 4171/8078/408 4172/8079/408 4166/8080/408
f 4168/8081/409 4169/8082/409 4171/8083/409 4170/8084/409
f 4165/8085/410 4167/8086/410 4169/8087/410 4168/8088/410
f 4166/8089/411 4172/8090/411 4167/8091/411 4165/8092/411
f 4171/8093/406 4169/8094/406 4167/8095/406 4172/8096/406
f 4181/8097/399 4173/8098/399 4174/8099/399 4182/8100/399
f 4182/8101/400 4174/8102/400 4176/8103/400 4183/8104/400
f 4183/8105/401 4176/8106/401 4175/8107/401 4184/8108/401
f 4184/8109/402 4175/8110/402 4173/8111/402 4181/8112/402
f 4173/8111/403 4175/8110/403 4180/8113/403 4177/8114/403
f 4174/8102/404 4178/8115/404 4179/8116/404 4176/8103/404
f 4176/8106/405 4179/8117/405 4180/8118/405 4175/8107/405
f 4179/8119/406 4178/8120/406 4177/8121/406 4180/8122/406
f 4173/8098/407 4177/8123/407 4178/8124/407 4174/8099/407
f 4190/8125/408 4191/8126/408 4192/8127/408 4186/8128/408
f 4188/8129/409 4189/8130/409 4191/8131/409 4190/8132/409
f 4185/8133/410 4187/8134/410 4189/8135/410 4188/8136/410
f 4186/8137/411 4192/8138/411 4187/8139/411 4185/8140/411
f 4191/8141/406 4189/8142/406 4187/8143/406 4192/8144/406
f 4201/8145/399 4193/8146/399 4194/8147/399 4202/8148/399
f 4202/8149/400 4194/8150/400 4196/8151/400 4203/8152/400
f 4203/8153/401 4196/8154/401 4195/8155/401 4204/8156/401
f 4204/8157/402 4195/8158/402 4193/8159/402 4201/8160/402
f 4193/8159/403 4195/8158/403 4200/8161/403 4197/8162/403
f 4194/8150/404 4198/8163/404 4199/8164/404 4196/8151/404
f 4196/8154/405 4199/8165/405 4200/8166/405 4195/8155/405
f 4199/8167/406 4198/8168/406 4197/8169/406 4200/8170/406
f 4193/8146/407 4197/8171/407 4198/8172/407 4194/8147/407
f 4210/8173/408 4211/8174/408 4212/8175/408 4206/8176/408
f 4208/8177/409 4209/8178/409 4211/8179/409 4210/8180/409
f 4205/8181/410 4207/8182/410 4209/8183/410 4208/8184/410
f 4206/8185/411 4212/8186/411 4207/8187/411 4205/8188/411
f 4211/8189/406 4209/8190/406 4207/8191/406 4212/8192/406
f 4221/8193/399 4213/8194/399 4214/8195/399 4222/8196/399
f 4222/8197/400 4214/8198/400 4216/8199/400 4223/8200/400
f 4223/8201/401 4216/8202/401 4215/8203/401 4224/8204/401
f 4224/8205/402 4215/8206/402 4213/8207/402 4221/8208/402
f 4213/8207/403 4215/8206/403 4220/8209/403 4217/8210/403
f 4214/8198/404 4218/8211/404 4219/8212/404 4216/8199/404
f 4216/8202/405 4219/8213/405 4220/8214/405 4215/8203/405
f 4219/8215/406 4218/8216/406 4217/8217/406 4220/8218/406
f 4213/8194/407 4217/8219/407 4218/8220/407 4214/8195/407
f 4230/8221/408 4231/8222/408 4232/8223/408 4226/8224/408
f 4228/8225/409 4229/8226/409 4231/8227/409 4230/8228/409
f 4225/8229/410 4227/8230/410 4229/8231/410 4228/8232/410
f 4226/8233/411 4232/8234/411 4227/8235/411 4225/8236/411
f 4231/8237/406 4229/8238/406 4227/8239/406 4232/8240/406
f 4241/8241/401 4233/8242/401 4234/8243/401 4242/8244/401
f 4242/8245/402 4234/8246/402 4236/8247/402 4243/8248/402
f 4243/8249/399 4236/8250/399 4235/8251/399 4244/8252/399
f 4244/8253/400 4235/8254/400 4233/8255/400 4241/8256/400
f 4233/8255/404 4235/8254/404 4240/8257/404 4237/8258/404
f 4234/8246/403 4238/8259/403 4239/8260/403 4236/8247/403
f 4236/8250/407 4239/8261/407 4240/8262/407 4235/8251/407
f 4239/8263/406 4238/8264/406 4237/8265/406 4240/8266/406
f 4233/8242/405 4237/8267/405 4238/8268/405 4234/8243/405
f 4250/8269/410 4251/8270/410 4252/8271/410 4246/8272/410
f 4248/8273/411 4249/8274/411 4251/8275/411 4250/8276/411
f 4245/8277/408 4247/8278/408 4249/8279/408 4248/8280/408
f 4246/8281/409 4252/8282/409 4247/8283/409 4245/8284/409
f 4251/8285/406 4249/8286/406 4247/8287/406 4252/8288/406
f 4261/8289/401 4253/8290/401 4254/8291/401 4262/8292/401
f 4262/8293/402 4254/8294/402 4256/8295/402 4263/8296/402
f 4263/8297/399 4256/8298/399 4255/8299/399 4264/8300/399
f 4264/8301/400 4255/8302/400 4253/8303/400 4261/8304/400
f 4253/8303/404 4255/8302/404 4260/8305/404 4257/8306/404
f 4254/8294/403 4258/8307/403 4259/8308/403 4256/8295/403
f 4256/8298/407 4259/8309/407 4260/8310/407 4255/8299/407
f 4259/8311/406 4258/8312/406 4257/8313/406 4260/8314/406
f 4253/8290/405 4257/8315/405 4258/8316/405 4254/8291/405
f 4270/8317/410 4271/8318/410 4272/8319/410 4266/8320/410
f 4268/8321/411 4269/8322/411 4271/8323/411 4270/8324/411
f 4265/8325/408 4267/8326/408 4269/8327/408 4268/8328/408
f 4266/8329/409 4272/8330/409 4267/8331/409 4265/8332/409
f 4271/8333/406 4269/8334/406 4267/8335/406 4272/8336/406
f 4281/8337/401 4273/8338/401 4274/8339/401 4282/8340/401
f 4282/8341/402 4274/8342/402 4276/8343/402 4283/8344/402
f 4283/8345/399 4276/8346/399 4275/8347/399 4284/8348/399
f 4284/8349/400 4275/8350/400 4273/8351/400 4281/8352/400
f 4273/8351/404 4275/8350/404 4280/8353/404 4277/8354/404
f 4274/8342/403 4278/8355/403 4279/8356/403 4276/8343/403
f 4276/8346/407 4279/8357/407 4280/8358/407 4275/8347/407
f 4279/8359/406 4278/8360/406 4277/8361/406 4280/8362/406
f 4273/8338/405 4277/8363/405 4278/8364/405 4274/8339/405
f 4290/8365/410 4291/8366/410 4292/8367/410 4286/8368/410
f 4288/8369/411 4289/8370/411 4291/8371/411 4290/8372/411
f 4285/8373/408 4287/8374/408 4289/8375/408 4288/8376/408
f 4286/8377/409 4292/8378/409 4287/8379/409 4285/8380/409
f 4291/8381/406 4289/8382/406 4287/8383/406 4292/8384/406
f 4301/8385/401 4293/8386/401 4294/8387/401 4302/8388/401
f 4302/8389/402 4294/8390/402 4296/8391/402 4303/8392/402
f 4303/8393/399 4296/8394/399 4295/8395/399 4304/8396/399
f 4304/8397/400 4295/8398/400 4293/8399/400 4301/8400/400
f 4293/8399/404 4295/8398/404 4300/8401/404 4297/8402/404
f 4294/8390/403 4298/8403/403 4299/8404/403 4296/8391/403
f 4296/8394/407 4299/8405/407 4300/8406/407 4295/8395/407
f 4299/8407/406 4298/8408/406 4297/8409/406 4300/8410/406
f 4293/8386/405 4297/8411/405 4298/8412/405 4294/8387/405
f 4310/8413/410 4311/8414/410 4312/8415/410 4306/8416/410
f 4308/8417/411 4309/8418/411 4311/8419/411 4310/8420/411
f 4305/8421/408 4307/8422/408 4309/8423/408 4308/8424/408
f 4306/8425/409 4312/8426/409 4307/8427/409 4305/8428/409
f 4311/8429/406 4309/8430/406 4307/8431/406 4312/8432/406
f 4321/8433/401 4313/8434/401 4314/8435/401 4322/8436/401
f 4322/8437/402 4314/8438/402 4316/8439/402 4323/8440/402
f 4323/8441/399 4316/8442/399 4315/8443/399 4324/8444/399
f 4324/8445/400 4315/8446/400 4313/8447/400 4321/8448/400
f 4313/8447/404 4315/8446/404 4320/8449/404 4317/8450/404
f 4314/8438/403 4318/8451/403 4319/8452/403 4316/8439/403
f 4316/8442/407 4319/8453/407 4320/8454/407 4315/8443/407
f 4319/8455/406 4318/8456/406 4317/8457/406 4320/8458/406
f 4313/8434/405 4317/8459/405 4318/8460/405 4314/8435/405
f 4330/8461/410 4331/8462/410 4332/8463/410 4326/8464/410
f 4328/8465/411 4329/8466/411 4331/8467/411 4330/8468/411
f 4325/8469/408 4327/8470/408 4329/8471/408 4328/8472/408
f 4326/8473/409 4332/8474/409 4327/8475/409 4325/8476/409
f 4331/8477/406 4329/8478/406 4327/8479/406 4332/8480/406
f 4341/8481/401 4333/8482/401 4334/8483/401 4342/8484/401
f 4342/8485/402 4334/8486/402 4336/8487/402 4343/8488/402
f 4343/8489/399 4336/8490/399 4335/8491/399 4344/8492/399
f 4344/8493/400 4335/8494/400 4333/8495/400 4341/8496/400
f 4333/8495/404 4335/8494/404 4340/8497/404 4337/8498/404
f 4334/8486/403 4338/8499/403 4339/8500/403 4336/8487/403
f 4336/8490/407 4339/8501/407 4340/8502/407 4335/8491/407
f 4339/8503/406 4338/8504/406 4337/8505/406 4340/8506/406
f 4333/8482/405 4337/8507/405 4338/8508/405 4334/8483/405
f 4350/8509/410 4351/8510/410 4352/8511/410 4346/8512/410
f 4348/8513/411 4349/8514/411 4351/8515/411 4350/8516/411
f 4345/8517/408 4347/8518/408 4349/8519/408 4348/8520/408
f 4346/8521/409 4352/8522/409 4347/8523/409 4345/8524/409
f 4351/8525/406 4349/8526/406 4347/8527/406 4352/8528/406
f 4361/8529/401 4353/8530/401 4354/8531/401 4362/8532/401
f 4362/8533/402 4354/8534/402 4356/8535/402 4363/8536/402
f 4363/8537/399 4356/8538/399 4355/8539/399 4364/8540/399
f 4364/8541/400 4355/8542/400 4353/8543/400 4361/8544/400
f 4353/8543/404 4355/8542/404 4360/8545/404 4357/8546/404
f 4354/8534/403 4358/8547/403 4359/8548/403 4356/8535/403
f 4356/8538/407 4359/8549/407 4360/8550/407 4355/8539/407
f 4359/8551/406 4358/8552/406 4357/8553/406 4360/8554/406
f 4353/8530/405 4357/8555/405 4358/8556/405 4354/8531/405
f 4370/8557/410 4371/8558/410 4372/8559/410 4366/8560/410
f 4368/8561/411 4369/8562/411 4371/8563/411 4370/8564/411
f 4365/8565/408 4367/8566/408 4369/8567/408 4368/8568/408
f 4366/8569/409 4372/8570/409 4367/8571/409 4365/8572/409
f 4371/8573/406 4369/8574/406 4367/8575/406 4372/8576/406
f 4381/8577/401 4373/8578/401 4374/8579/401 4382/8580/401
f 4382/8581/402 4374/8582/402 4376/8583/402 4383/8584/402
f 4383/8585/399 4376/8586/399 4375/8587/399 4384/8588/399
f 4384/8589/400 4375/8590/400 4373/8591/400 4381/8592/400
f 4373/8591/404 4375/8590/404 4380/8593/404 4377/8594/404
f 4374/8582/403 4378/8595/403 4379/8596/403 4376/8583/403
f 4376/8586/407 4379/8597/407 4380/8598/407 4375/8587/407
f 4379/8599/406 4378/8600/406 4377/8601/406 4380/8602/406
f 4373/8578/405 4377/8603/405 4378/8604/405 4374/8579/405
f 4390/8605/410 4391/8606/410 4392/8607/410 4386/8608/410
f 4388/8609/411 4389/8610/411 4391/8611/411 4390/8612/411
f 4385/8613/408 4387/8614/408 4389/8615/408 4388/8616/408
f 4386/8617/409 4392/8618/409 4387/8619/409 4385/8620/409
f 4391/8621/406 4389/8622/406 4387/8623/406 4392/8624/406
f 4401/8625/401 4402/8626/401 4394/8627/401 4393/8628/401
f 4402/8629/400 4403/8630/400 4396/8631/400 4394/8632/400
f 4403/8633/399 4404/8634/399 4395/8635/399 4396/8636/399
f 4404/8637/402 4401/8638/402 4393/8639/402 4395/8640/402
f 4393/8639/403 4397/8641/403 4400/8642/403 4395/8640/403
f 4394/8632/404 4396/8631/404 4399/8643/404 4398/8644/404
f 4396/8636/407 4395/8635/407 4400/8645/407 4399/8646/407
f 4399/8647/406 4400/8648/406 4397/8649/406 4398/8650/406
f 4393/8628/405 4394/8627/405 4398/8651/405 4397/8652/405
f 4410/8653/408 4406/8654/408 4412/8655/408 4411/8656/408
f 4408/8657/411 4410/8658/411 4411/8659/411 4409/8660/411
f 4405/8661/410 4408/8662/410 4409/8663/410 4407/8664/410
f 4406/8665/409 4405/8666/409 4407/8667/409 4412/8668/409
f 4411/8669/406 4412/8670/406 4407/8671/406 4409/8672/406
f 4421/8673/401 4422/8674/401 4414/8675/401 4413/8676/401
f 4422/8677/400 4423/8678/400 4416/8679/400 4414/8680/400
f 4423/8681/399 4424/8682/399 4415/8683/399 4416/8684/399
f 4424/8685/402 4421/8686/402 4413/8687/402 4415/8688/402
f 4413/8687/403 4417/8689/403 4420/8690/403 4415/8688/403
f 4414/8680/404 4416/8679/404 4419/8691/404 4418/8692/404
f 4416/8684/407 4415/8683/407 4420/8693/407 4419/8694/407
f 4419/8695/406 4420/8696/406 4417/8697/406 4418/8698/406
f 4413/8676/405 4414/8675/405 4418/8699/405 4417/8700/405
f 4430/8701/408 4426/8702/408 4432/8703/408 4431/8704/408
f 4428/8705/411 4430/8706/411 4431/8707/411 4429/8708/411
f 4425/8709/410 4428/8710/410 4429/8711/410 4427/8712/410
f 4426/8713/409 4425/8714/409 4427/8715/409 4432/8716/409
f 4431/8717/406 4432/8718/406 4427/8719/406 4429/8720/406
f 4441/8721/401 4442/8722/401 4434/8723/401 4433/8724/401
f 4442/8725/400 4443/8726/400 4436/8727/400 4434/8728/400
f 4443/8729/399 4444/8730/399 4435/8731/399 4436/8732/399
f 4444/8733/402 4441/8734/402 4433/8735/402 4435/8736/402
f 4433/8735/403 4437/8737/403 4440/8738/403 4435/8736/403
f 4434/8728/404 4436/8727/404 4439/8739/404 4438/8740/404
f 4436/8732/407 4435/8731/407 4440/8741/407 4439/8742/407
f 4439/8743/406 4440/8744/406 4437/8745/406 4438/8746/406
f 4433/8724/405 4434/8723/405 4438/8747/405 4437/8748/405
f 4450/8749/408 4446/8750/408 4452/8751/408 4451/8752/408
f 4448/8753/411 4450/8754/411 4451/8755/411 4449/8756/411
f 4445/8757/410 4448/8758/410 4449/8759/410 4447/8760/410
f 4446/8761/409 4445/8762/409 4447/8763/409 4452/8764/409
f 4451/8765/406 4452/8766/406 4447/8767/406 4449/8768/406
f 4461/8769/401 4462/8770/401 4454/8771/401 4453/8772/401
f 4462/8773/400 4463/8774/400 4456/8775/400 4454/8776/400
f 4463/8777/399 4464/8778/399 4455/8779/399 4456/8780/399
f 4464/8781/402 4461/8782/402 4453/8783/402 4455/8784/402
f 4453/8783/403 4457/8785/403 4460/8786/403 4455/8784/403
f 4454/8776/404 4456/8775/404 4459/8787/404 4458/8788/404
f 4456/8780/407 4455/8779/407 4460/8789/407 4459/8790/407
f 4459/8791/406 4460/8792/406 4457/8793/406 4458/8794/406
f 4453/8772/405 4454/8771/405 4458/8795/405 4457/8796/405
f 4470/8797/408 4466/8798/408 4472/8799/408 4471/8800/408
f 4468/8801/411 4470/8802/411 4471/8803/411 4469/8804/411
f 4465/8805/410 4468/8806/410 4469/8807/410 4467/8808/410
f 4466/8809/409 4465/8810/409 4467/8811/409 4472/8812/409
f 4471/8813/406 4472/8814/406 4467/8815/406 4469/8816/406
f 4481/8817/401 4482/8818/401 4474/8819/401 4473/8820/401
f 4482/8821/400 4483/8822/400 4476/8823/400 4474/8824/400
f 4483/8825/399 4484/8826/399 4475/8827/399 4476/8828/399
f 4484/8829/402 4481/8830/402 4473/8831/402 4475/8832/402
f 4473/8831/403 4477/8833/403 4480/8834/403 4475/8832/403
f 4474/8824/404 4476/8823/404 4479/8835/404 4478/8836/404
f 4476/8828/407 4475/8827/407 4480/8837/407 4479/8838/407
f 4479/8839/406 4480/8840/406 4477/8841/406 4478/8842/406
f 4473/8820/405 4474/8819/405 4478/8843/405 4477/8844/405
f 4490/8845/408 4486/8846/408 4492/8847/408 4491/8848/408
f 4488/8849/411 4490/8850/411 4491/8851/411 4489/8852/411
f 4485/8853/410 4488/8854/410 4489/8855/410 4487/8856/410
f 4486/8857/409 4485/8858/409 4487/8859/409 4492/8860/409
f 4491/8861/406 4492/8862/406 4487/8863/406 4489/8864/406
f 4501/8865/401 4502/8866/401 4494/8867/401 4493/8868/401
f 4502/8869/400 4503/8870/400 4496/8871/400 4494/8872/400
f 4503/8873/399 4504/8874/399 4495/8875/399 4496/8876/399
f 4504/8877/402 4501/8878/402 4493/8879/402 4495/8880/402
f 4493/8879/403 4497/8881/403 4500/8882/403 4495/8880/403
f 4494/8872/404 4496/8871/404 4499/8883/404 4498/8884/404
f 4496/8876/407 4495/8875/407 4500/8885/407 4499/8886/407
f 4499/8887/406 4500/8888/406 4497/8889/406 4498/8890/406
f 4493/8868/405 4494/8867/405 4498/8891/405 4497/8892/405
f 4510/8893/408 4506/8894/408 4512/8895/408 4511/8896/408
f 4508/8897/411 4510/8898/411 4511/8899/411 4509/8900/411
f 4505/8901/410 4508/8902/410 4509/8903/410 4507/8904/410
f 4506/8905/409 4505/8906/409 4507/8907/409 4512/8908/409
f 4511/8909/406 4512/8910/406 4507/8911/406 4509/8912/406
f 4521/8913/401 4522/8914/401 4514/8915/401 4513/8916/401
f 4522/8917/400 4523/8918/400 4516/8919/400 4514/8920/400
f 4523/8921/399 4524/8922/399 4515/8923/399 4516/8924/399
f 4524/8925/402 4521/8926/402 4513/8927/402 4515/8928/402
f 4513/8927/403 4517/8929/403 4520/8930/403 4515/8928/403
f 4514/8920/404 4516/8919/404 4519/8931/404 4518/8932/404
f 4516/8924/407 4515/8923/407 4520/8933/407 4519/8934/407
f 4519/8935/406 4520/8936/406 4517/8937/406 4518/8938/406
f 4513/8916/405 4514/8915/405 4518/8939/405 4517/8940/405
f 4530/8941/408 4526/8942/408 4532/8943/408 4531/8944/408
f 4528/8945/411 4530/8946/411 4531/8947/411 4529/8948/411
f 4525/8949/410 4528/8950/410 4529/8951/410 4527/8952/410
f 4526/8953/409 4525/8954/409 4527/8955/409 4532/8956/409
f 4531/8957/406 4532/8958/406 4527/8959/406 4529/8960/406
f 4541/8961/401 4542/8962/401 4534/8963/401 4533/8964/401
f 4542/8965/400 4543/8966/400 4536/8967/400 4534/8968/400
f 4543/8969/399 4544/8970/399 4535/8971/399 4536/8972/399
f 4544/8973/402 4541/8974/402 4533/8975/402 4535/8976/402
f 4533/8975/403 4537/8977/403 4540/8978/403 4535/8976/403
f 4534/8968/404 4536/8967/404 4539/8979/404 4538/8980/404
f 4536/8972/407 4535/8971/407 4540/8981/407 4539/8982/407
f 4539/8983/406 4540/8984/406 4537/8985/406 4538/8986/406
f 4533/8964/405 4534/8963/405 4538/8987/405 4537/8988/405
f 4550/8989/408 4546/8990/408 4552/8991/408 4551/8992/408
f 4548/8993/411 4550/8994/411 4551/8995/411 4549/8996/411
f 4545/8997/410 4548/8998/410 4549/8999/410 4547/9000/410
f 4546/9001/409 4545/9002/409 4547/9003/409 4552/9004/409
f 4551/9005/406 4552/9006/406 4547/9007/406 4549/9008/406
o Cube.492_Cube.591
v 8.999999 1.000000 -13.524622
v 8.999999 1.071432 -13.524622
v 8.999999 1.000000 -13.975378
v 8.999999 1.071432 -13.975378
v 10.999999 1.000000 -13.524622
v 10.999999 1.071432 -13.524622
v 10.999999 1.000000 -13.975378
v 10.999999 1.071432 -13.975378
v 8.999999 2.145029 -13.975378
v 8.999999 2.089204 -13.975378
v 8.999999 2.145029 -13.524622
v 8.999999 2.089204 -13.524622
v 8.999999 1.238436 -13.614002
v 8.999999 1.238436 -13.885998
v 10.999999 1.238436 -13.885998
v 10.999999 1.238436 -13.614002
v 10.999999 2.089204 -13.524622
v 10.999999 2.145029 -13.524622
v 10.999999 2.089204 -13.975378
v 10.999999 2.145029 -13.975378
v 10.999999 2.015874 -13.614002
v 10.999999 2.015874 -13.885998
v 8.999999 2.015874 -13.885998
v 8.999999 2.015874 -13.614002
v 6.499999 1.000000 -13.524622
v 6.499999 1.071432 -13.524622
v 6.499999 1.000000 -13.975378
v 6.499999 1.071432 -13.975378
v 8.499999 1.000000 -13.524622
v 8.499999 1.071432 -13.524622
v 8.499999 1.000000 -13.975378
v 8.499999 1.071432 -13.975378
v 6.499999 2.145029 -13.975378
v 6.499999 2.089204 -13.975378
v 6.499999 2.145029 -13.524622
v 6.499999 2.089204 -13.524622
v 6.499999 1.238436 -13.614002
v 6.499999 1.238436 -13.885998
v 8.499999 1.238436 -13.885998
v 8.499999 1.238436 -13.614002
v 8.499999 2.089204 -13.524622
v 8.499999 2.145029 -13.524622
v 8.499999 2.089204 -13.975378
v 8.499999 2.145029 -13.975378
v 8.499999 2.015874 -13.614002
v 8.499999 2.015874 -13.885998
v 6.499999 2.015874 -13.885998
v 6.499999 2.015874 -13.614002
v 3.999999 1.000000 -13.524622
v 3.999999 1.071432 -13.524622
v 3.999999 1.000000 -13.975378
v 3.999999 1.071432 -13.975378
v 5.999999 1.000000 -13.524622
v 5.999999 1.071432 -13.524622
v 5.999999 1.000000 -13.975378
v 5.999999 1.071432 -13.975378
v 3.999999 2.145029 -13.975378
v 3.999999 2.089204 -13.975378
v 3.999999 2.145029 -13.524622
v 3.999999 2.089204 -13.524622
v 3.999999 1.238436 -13.614002
v 3.999999 1.238436 -13.885998
v 5.999999 1.238436 -13.885998
v 5.999999 1.238436 -13.614002
v 5.999999 2.089204 -13.524622
v 5.999999 2.145029 -13.524622
v 5.999999 2.089204 -13.975378
v 5.999999 2.145029 -13.975378
v 5.999999 2.015874 -13.614002
v 5.999999 2.015874 -13.885998
v 3.999999 2.015874 -13.885998
v 3.999999 2.015874 -13.614002
v 8.999999 1.000000 -9.524622
v 8.999999 1.071432 -9.524622
v 8.999999 1.000000 -9.975378
v 8.999999 1.071432 -9.975378
v 10.999999 1.000000 -9.524622
v 10.999999 1.071432 -9.524622
v 10.999999 1.000000 -9.975378
v 10.999999 1.071432 -9.975378
v 8.999999 2.145029 -9.975378
v 8.999999 2.089204 -9.975378
v 8.999999 2.145029 -9.524622
v 8.999999 2.089204 -9.524622
v 8.999999 1.238436 -9.614002
v 8.999999 1.238436 -9.885998
v 10.999999 1.238436 -9.885998
v 10.999999 1.238436 -9.614002
v 10.999999 2.089204 -9.524622
v 10.999999 2.145029 -9.524622
v 10.999999 2.089204 -9.975378
v 10.999999 2.145029 -9.975378
v 10.999999 2.015874 -9.614002
v 10.999999 2.015874 -9.885998
v 8.999999 2.015874 -9.885998
v 8.999999 2.015874 -9.614002
v 6.499999 1.000000 -9.524622
v 6.499999 1.071432 -9.524622
v 6.499999 1.000000 -9.975378
v 6.499999 1.071432 -9.975378
v 8.499999 1.000000 -9.524622
v 8.499999 1.071432 -9.524622
v 8.499999 1.000000 -9.975378
v 8.499999 1.071432 -9.975378
v 6.499999 2.145029 -9.975378
v 6.499999 2.089204 -9.975378
v 6.499999 2.145029 -9.524622
v 6.499999 2.089204 -9.524622
v 6.499999 1.238436 -9.614002
v 6.499999 1.238436 -9.885998
v 8.499999 1.238436 -9.885998
v 8.499999 1.238436 -9.614002
v 8.499999 2.089204 -9.524622
v 8.499999 2.145029 -9.524622
v 8.499999 2.089204 -9.975378
v 8.499999 2.145029 -9.975378
v 8.499999 2.015874 -9.614002
v 8.499999 2.015874 -9.885998
v 6.499999 2.015874 -9.885998
v 6.499999 2.015874 -9.614002
v 3.999999 1.000000 -9.524622
v 3.999999 1.071432 -9.524622
v 3.999999 1.000000 -9.975378
v 3.999999 1.071432 -9.975378
v 5.999999 1.000000 -9.524622
v 5.999999 1.071432 -9.524622
v 5.999999 1.000000 -9.975378
v 5.999999 1.071432 -9.975378
v 3.999999 2.145029 -9.975378
v 3.999999 2.089204 -9.975378
v 3.999999 2.145029 -9.524622
v 3.999999 2.089204 -9.524622
v 3.999999 1.238436 -9.614002
v 3.999999 1.238436 -9.885998
v 5.999999 1.238436 -9.885998
v 5.999999 1.238436 -9.614002
v 5.999999 2.089204 -9.524622
v 5.999999 2.145029 -9.524622
v 5.999999 2.089204 -9.975378
v 5.999999 2.145029 -9.975378
v 5.999999 2.015874 -9.614002
v 5.999999 2.015874 -9.885998
v 3.999999 2.015874 -9.885998
v 3.999999 2.015874 -9.614002
v 8.999999 1.000000 13.524622
v 8.999999 1.071432 13.524622
v 8.999999 1.000000 13.975378
v 8.999999 1.071432 13.975378
v 10.999999 1.000000 13.524622
v 10.999999 1.071432 13.524622
v 10.999999 1.000000 13.975378
v 10.999999 1.071432 13.975378
v 8.999999 2.145029 13.975378
v 8.999999 2.089204 13.975378
v 8.999999 2.145029 13.524622
v 8.999999 2.089204 13.524622
v 8.999999 1.238436 13.614002
v 8.999999 1.238436 13.885998
v 10.999999 1.238436 13.885998
v 10.999999 1.238436 13.614002
v 10.999999 2.089204 13.524622
v 10.999999 2.145029 13.524622
v 10.999999 2.089204 13.975378
v 10.999999 2.145029 13.975378
v 10.999999 2.015874 13.614002
v 10.999999 2.015874 13.885998
v 8.999999 2.015874 13.885998
v 8.999999 2.015874 13.614002
v 6.499999 1.000000 13.524622
v 6.499999 1.071432 13.524622
v 6.499999 1.000000 13.975378
v 6.499999 1.071432 13.975378
v 8.499999 1.000000 13.524622
v 8.499999 1.071432 13.524622
v 8.499999 1.000000 13.975378
v 8.499999 1.071432 13.975378
v 6.499999 2.145029 13.975378
v 6.499999 2.089204 13.975378
v 6.499999 2.145029 13.524622
v 6.499999 2.089204 13.524622
v 6.499999 1.238436 13.614002
v 6.499999 1.238436 13.885998
v 8.499999 1.238436 13.885998
v 8.499999 1.238436 13.614002
v 8.499999 2.089204 13.524622
v 8.499999 2.145029 13.524622
v 8.499999 2.089204 13.975378
v 8.499999 2.145029 13.975378
v 8.499999 2.015874 13.614002
v 8.499999 2.015874 13.885998
v 6.499999 2.015874 13.885998
v 6.499999 2.015874 13.614002
v 3.999999 1.000000 13.524622
v 3.999999 1.071432 13.524622
v 3.999999 1.000000 13.975378
v 3.999999 1.071432 13.975378
v 5.999999 1.000000 13.524622
v 5.999999 1.071432 13.524622
v 5.999999 1.000000 13.975378
v 5.999999 1.071432 13.975378
v 3.999999 2.145029 13.975378
v 3.999999 2.089204 13.975378
v 3.999999 2.145029 13.524622
v 3.999999 2.089204 13.524622
v 3.999999 1.238436 13.614002
v 3.999999 1.238436 13.885998
v 5.999999 1.238436 13.885998
v 5.999999 1.238436 13.614002
v 5.999999 2.089204 13.524622
v 5.999999 2.145029 13.524622
v 5.999999 2.089204 13.975378
v 5.999999 2.145029 13.975378
v 5.999999 2.015874 13.614002
v 5.999999 2.015874 13.885998
v 3.999999 2.015874 13.885998
v 3.999999 2.015874 13.614002
v 8.999999 1.000000 9.524622
v 8.999999 1.071432 9.524622
v 8.999999 1.000000 9.975378
v 8.999999 1.071432 9.975378
v 10.999999 1.000000 9.524622
v 10.999999 1.071432 9.524622
v 10.999999 1.000000 9.975378
v 10.999999 1.071432 9.975378
v 8.999999 2.145029 9.975378
v 8.999999 2.089204 9.975378
v 8.999999 2.145029 9.524622
v 8.999999 2.089204 9.524622
v 8.999999 1.238436 9.614002
v 8.999999 1.238436 9.885998
v 10.999999 1.238436 9.885998
v 10.999999 1.238436 9.614002
v 10.999999 2.089204 9.524622
v 10.999999 2.145029 9.524622
v 10.999999 2.089204 9.975378
v 10.999999 2.145029 9.975378
v 10.999999 2.015874 9.614002
v 10.999999 2.015874 9.885998
v 8.999999 2.015874 9.885998
v 8.999999 2.015874 9.614002
v 6.499999 1.000000 9.524622
v 6.499999 1.071432 9.524622
v 6.499999 1.000000 9.975378
v 6.499999 1.071432 9.975378
v 8.499999 1.000000 9.524622
v 8.499999 1.071432 9.524622
v 8.499999 1.000000 9.975378
v 8.499999 1.071432 9.975378
v 6.499999 2.145029 9.975378
v 6.499999 2.089204 9.975378
v 6.499999 2.145029 9.524622
v 6.499999 2.089204 9.524622
v 6.499999 1.238436 9.614002
v 6.499999 1.238436 9.885998
v 8.499999 1.238436 9.885998
v 8.499999 1.238436 9.614002
v 8.499999 2.089204 9.524622
v 8.499999 2.145029 9.524622
v 8.499999 2.089204 9.975378
v 8.499999 2.145029 9.975378
v 8.499999 2.015874 9.614002
v 8.499999 2.015874 9.885998
v 6.499999 2.015874 9.885998
v 6.499999 2.015874 9.614002
v 3.999999 1.000000 9.524622
v 3.999999 1.071432 9.524622
v 3.999999 1.000000 9.975378
v 3.999999 1.071432 9.975378
v 5.999999 1.000000 9.524622
v 5.999999 1.071432 9.524622
v 5.999999 1.000000 9.975378
v 5.999999 1.071432 9.975378
v 3.999999 2.145029 9.975378
v 3.999999 2.089204 9.975378
v 3.999999 2.145029 9.524622
v 3.999999 2.089204 9.524622
v 3.999999 1.238436 9.614002
v 3.999999 1.238436 9.885998
v 5.999999 1.238436 9.885998
v 5.999999 1.238436 9.614002
v 5.999999 2.089204 9.524622
v 5.999999 2.145029 9.524622
v 5.999999 2.089204 9.975378
v 5.999999 2.145029 9.975378
v 5.999999 2.015874 9.614002
v 5.999999 2.015874 9.885998
v 3.999999 2.015874 9.885998
v 3.999999 2.015874 9.614002
v -8.999999 1.000000 -13.524622
v -8.999999 1.071432 -13.524622
v -8.999999 1.000000 -13.975378
v -8.999999 1.071432 -13.975378
v -10.999999 1.000000 -13.524622
v -10.999999 1.071432 -13.524622
v -10.999999 1.000000 -13.975378
v -10.999999 1.071432 -13.975378
v -8.999999 2.145029 -13.975378
v -8.999999 2.089204 -13.975378
v -8.999999 2.145029 -13.524622
v -8.999999 2.089204 -13.524622
v -8.999999 1.238436 -13.614002
v -8.999999 1.238436 -13.885998
v -10.999999 1.238436 -13.885998
v -10.999999 1.238436 -13.614002
v -10.999999 2.089204 -13.524622
v -10.999999 2.145029 -13.524622
v -10.999999 2.089204 -13.975378
v -10.999999 2.145029 -13.975378
v -10.999999 2.015874 -13.614002
v -10.999999 2.015874 -13.885998
v -8.999999 2.015874 -13.885998
v -8.999999 2.015874 -13.614002
v -6.499999 1.000000 -13.524622
v -6.499999 1.071432 -13.524622
v -6.499999 1.000000 -13.975378
v -6.499999 1.071432 -13.975378
v -8.499999 1.000000 -13.524622
v -8.499999 1.071432 -13.524622
v -8.499999 1.000000 -13.975378
v -8.499999 1.071432 -13.975378
v -6.499999 2.145029 -13.975378
v -6.499999 2.089204 -13.975378
v -6.499999 2.145029 -13.524622
v -6.499999 2.089204 -13.524622
v -6.499999 1.238436 -13.614002
v -6.499999 1.238436 -13.885998
v -8.499999 1.238436 -13.885998
v -8.499999 1.238436 -13.614002
v -8.499999 2.089204 -13.524622
v -8.499999 2.145029 -13.524622
v -8.499999 2.089204 -13.975378
v -8.499999 2.145029 -13.975378
v -8.499999 2.015874 -13.614002
v -8.499999 2.015874 -13.885998
v -6.499999 2.015874 -13.885998
v -6.499999 2.015874 -13.614002
v -3.999999 1.000000 -13.524622
v -3.999999 1.071432 -13.524622
v -3.999999 1.000000 -13.975378
v -3.999999 1.071432 -13.975378
v -5.999999 1.000000 -13.524622
v -5.999999 1.071432 -13.524622
v -5.999999 1.000000 -13.975378
v -5.999999 1.071432 -13.975378
v -3.999999 2.145029 -13.975378
v -3.999999 2.089204 -13.975378
v -3.999999 2.145029 -13.524622
v -3.999999 2.089204 -13.524622
v -3.999999 1.238436 -13.614002
v -3.999999 1.238436 -13.885998
v -5.999999 1.238436 -13.885998
v -5.999999 1.238436 -13.614002
v -5.999999 2.089204 -13.524622
v -5.999999 2.145029 -13.524622
v -5.999999 2.089204 -13.975378
v -5.999999 2.145029 -13.975378
v -5.999999 2.015874 -13.614002
v -5.999999 2.015874 -13.885998
v -3.999999 2.015874 -13.885998
v -3.999999 2.015874 -13.614002
v -8.999999 1.000000 -9.524622
v -8.999999 1.071432 -9.524622
v -8.999999 1.000000 -9.975378
v -8.999999 1.071432 -9.975378
v -10.999999 1.000000 -9.524622
v -10.999999 1.071432 -9.524622
v -10.999999 1.000000 -9.975378
v -10.999999 1.071432 -9.975378
v -8.999999 2.145029 -9.975378
v -8.999999 2.089204 -9.975378
v -8.999999 2.145029 -9.524622
v -8.999999 2.089204 -9.524622
v -8.999999 1.238436 -9.614002
v -8.999999 1.238436 -9.885998
v -10.999999 1.238436 -9.885998
v -10.999999 1.238436 -9.614002
v -10.999999 2.089204 -9.524622
v -10.999999 2.145029 -9.524622
v -10.999999 2.089204 -9.975378
v -10.999999 2.145029 -9.975378
v -10.999999 2.015874 -9.614002
v -10.999999 2.015874 -9.885998
v -8.999999 2.015874 -9.885998
v -8.999999 2.015874 -9.614002
v -6.499999 1.000000 -9.524622
v -6.499999 1.071432 -9.524622
v -6.499999 1.000000 -9.975378
v -6.499999 1.071432 -9.975378
v -8.499999 1.000000 -9.524622
v -8.499999 1.071432 -9.524622
v -8.499999 1.000000 -9.975378
v -8.499999 1.071432 -9.975378
v -6.499999 2.145029 -9.975378
v -6.499999 2.089204 -9.975378
v -6.499999 2.145029 -9.524622
v -6.499999 2.089204 -9.524622
v -6.499999 1.238436 -9.614002
v -6.499999 1.238436 -9.885998
v -8.499999 1.238436 -9.885998
v -8.499999 1.238436 -9.614002
v -8.499999 2.089204 -9.524622
v -8.499999 2.145029 -9.524622
v -8.499999 2.089204 -9.975378
v -8.499999 2.145029 -9.975378
v -8.499999 2.015874 -9.614002
v -8.499999 2.015874 -9.885998
v -6.499999 2.015874 -9.885998
v -6.499999 2.015874 -9.614002
v -3.999999 1.000000 -9.524622
v -3.999999 1.071432 -9.524622
v -3.999999 1.000000 -9.975378
v -3.999999 1.071432 -9.975378
v -5.999999 1.000000 -9.524622
v -5.999999 1.071432 -9.524622
v -5.999999 1.000000 -9.975378
v -5.999999 1.071432 -9.975378
v -3.999999 2.145029 -9.975378
v -3.999999 2.089204 -9.975378
v -3.999999 2.145029 -9.524622
v -3.999999 2.089204 -9.524622
v -3.999999 1.238436 -9.614002
v -3.999999 1.238436 -9.885998
v -5.999999 1.238436 -9.885998
v -5.999999 1.238436 -9.614002
v -5.999999 2.089204 -9.524622
v -5.999999 2.145029 -9.524622
v -5.999999 2.089204 -9.975378
v -5.999999 2.145029 -9.975378
v -5.999999 2.015874 -9.614002
v -5.999999 2.015874 -9.885998
v -3.999999 2.015874 -9.885998
v -3.999999 2.015874 -9.614002
v -8.999999 1.000000 13.524622
v -8.999999 1.071432 13.524622
v -8.999999 1.000000 13.975378
v -8.999999 1.071432 13.975378
v -10.999999 1.000000 13.524622
v -10.999999 1.071432 13.524622
v -10.999999 1.000000 13.975378
v -10.999999 1.071432 13.975378
v -8.999999 2.145029 13.975378
v -8.999999 2.089204 13.975378
v -8.999999 2.145029 13.524622
v -8.999999 2.089204 13.524622
v -8.999999 1.238436 13.614002
v -8.999999 1.238436 13.885998
v -10.999999 1.238436 13.885998
v -10.999999 1.238436 13.614002
v -10.999999 2.089204 13.524622
v -10.999999 2.145029 13.524622
v -10.999999 2.089204 13.975378
v -10.999999 2.145029 13.975378
v -10.999999 2.015874 13.614002
v -10.999999 2.015874 13.885998
v -8.999999 2.015874 13.885998
v -8.999999 2.015874 13.614002
v -6.499999 1.000000 13.524622
v -6.499999 1.071432 13.524622
v -6.499999 1.000000 13.975378
v -6.499999 1.071432 13.975378
v -8.499999 1.000000 13.524622
v -8.499999 1.071432 13.524622
v -8.499999 1.000000 13.975378
v -8.499999 1.071432 13.975378
v -6.499999 2.145029 13.975378
v -6.499999 2.089204 13.975378
v -6.499999 2.145029 13.524622
v -6.499999 2.089204 13.524622
v -6.499999 1.238436 13.614002
v -6.499999 1.238436 13.885998
v -8.499999 1.238436 13.885998
v -8.499999 1.238436 13.614002
v -8.499999 2.089204 13.524622
v -8.499999 2.145029 13.524622
v -8.499999 2.089204 13.975378
v -8.499999 2.145029 13.975378
v -8.499999 2.015874 13.614002
v -8.499999 2.015874 13.885998
v -6.499999 2.015874 13.885998
v -6.499999 2.015874 13.614002
v -3.999999 1.000000 13.524622
v -3.999999 1.071432 13.524622
v -3.999999 1.000000 13.975378
v -3.999999 1.071432 13.975378
v -5.999999 1.000000 13.524622
v -5.999999 1.071432 13.524622
v -5.999999 1.000000 13.975378
v -5.999999 1.071432 13.975378
v -3.999999 2.145029 13.975378
v -3.999999 2.089204 13.975378
v -3.999999 2.145029 13.524622
v -3.999999 2.089204 13.524622
v -3.999999 1.238436 13.614002
v -3.999999 1.238436 13.885998
v -5.999999 1.238436 13.885998
v -5.999999 1.238436 13.614002
v -5.999999 2.089204 13.524622
v -5.999999 2.145029 13.524622
v -5.999999 2.089204 13.975378
v -5.999999 2.145029 13.975378
v -5.999999 2.015874 13.614002
v -5.999999 2.015874 13.885998
v -3.999999 2.015874 13.885998
v -3.999999 2.015874 13.614002
v -8.999999 1.000000 9.524622
v -8.999999 1.071432 9.524622
v -8.999999 1.000000 9.975378
v -8.999999 1.071432 9.975378
v -10.999999 1.000000 9.524622
v -10.999999 1.071432 9.524622
v -10.999999 1.000000 9.975378
v -10.999999 1.071432 9.975378
v -8.999999 2.145029 9.975378
v -8.999999 2.089204 9.975378
v -8.999999 2.145029 9.524622
v -8.999999 2.089204 9.524622
v -8.999999 1.238436 9.614002
v -8.999999 1.238436 9.885998
v -10.999999 1.238436 9.885998
v -10.999999 1.238436 9.614002
v -10.999999 2.089204 9.524622
v -10.999999 2.145029 9.524622
v -10.999999 2.089204 9.975378
v -10.999999 2.145029 9.975378
v -10.999999 2.015874 9.614002
v -10.999999 2.015874 9.885998
v -8.999999 2.015874 9.885998
v -8.999999 2.015874 9.614002
v -6.499999 1.000000 9.524622
v -6.499999 1.071432 9.524622
v -6.499999 1.000000 9.975378
v -6.499999 1.071432 9.975378
v -8.499999 1.000000 9.524622
v -8.499999 1.071432 9.524622
v -8.499999 1.000000 9.975378
v -8.499999 1.071432 9.975378
v -6.499999 2.145029 9.975378
v -6.499999 2.089204 9.975378
v -6.499999 2.145029 9.524622
v -6.499999 2.089204 9.524622
v -6.499999 1.238436 9.614002
v -6.499999 1.238436 9.885998
v -8.499999 1.238436 9.885998
v -8.499999 1.238436 9.614002
v -8.499999 2.089204 9.524622
v -8.499999 2.145029 9.524622
v -8.499999 2.089204 9.975378
v -8.499999 2.145029 9.975378
v -8.499999 2.015874 9.614002
v -8.499999 2.015874 9.885998
v -6.499999 2.015874 9.885998
v -6.499999 2.015874 9.614002
v -3.999999 1.000000 9.524622
v -3.999999 1.071432 9.524622
v -3.999999 1.000000 9.975378
v -3.999999 1.071432 9.975378
v -5.999999 1.000000 9.524622
v -5.999999 1.071432 9.524622
v -5.999999 1.000000 9.975378
v -5.999999 1.071432 9.975378
v -3.999999 2.145029 9.975378
v -3.999999 2.089204 9.975378
v -3.999999 2.145029 9.524622
v -3.999999 2.089204 9.524622
v -3.999999 1.238436 9.614002
v -3.999999 1.238436 9.885998
v -5.999999 1.238436 9.885998
v -5.999999 1.238436 9.614002
v -5.999999 2.089204 9.524622
v -5.999999 2.145029 9.524622
v -5.999999 2.089204 9.975378
v -5.999999 2.145029 9.975378
v -5.999999 2.015874 9.614002
v -5.999999 2.015874 9.885998
v -3.999999 2.015874 9.885998
v -3.999999 2.015874 9.614002
v 8.999999 1.000000 13.524622
v 8.999999 1.071432 13.524622
v 8.999999 1.000000 13.975378
v 8.999999 1.071432 13.975378
v 10.999999 1.000000 13.524622
v 10.999999 1.071432 13.524622
v 10.999999 1.000000 13.975378
v 10.999999 1.071432 13.975378
v 8.999999 2.145029 13.975378
v 8.999999 2.089204 13.975378
v 8.999999 2.145029 13.524622
v 8.999999 2.089204 13.524622
v 8.999999 1.238436 13.614002
v 8.999999 1.238436 13.885998
v 10.999999 1.238436 13.885998
v 10.999999 1.238436 13.614002
v 10.999999 2.089204 13.524622
v 10.999999 2.145029 13.524622
v 10.999999 2.089204 13.975378
v 10.999999 2.145029 13.975378
v 10.999999 2.015874 13.614002
v 10.999999 2.015874 13.885998
v 8.999999 2.015874 13.885998
v 8.999999 2.015874 13.614002
v 6.499999 1.000000 13.524622
v 6.499999 1.071432 13.524622
v 6.499999 1.000000 13.975378
v 6.499999 1.071432 13.975378
v 8.499999 1.000000 13.524622
v 8.499999 1.071432 13.524622
v 8.499999 1.000000 13.975378
v 8.499999 1.071432 13.975378
v 6.499999 2.145029 13.975378
v 6.499999 2.089204 13.975378
v 6.499999 2.145029 13.524622
v 6.499999 2.089204 13.524622
v 6.499999 1.238436 13.614002
v 6.499999 1.238436 13.885998
v 8.499999 1.238436 13.885998
v 8.499999 1.238436 13.614002
v 8.499999 2.089204 13.524622
v 8.499999 2.145029 13.524622
v 8.499999 2.089204 13.975378
v 8.499999 2.145029 13.975378
v 8.499999 2.015874 13.614002
v 8.499999 2.015874 13.885998
v 6.499999 2.015874 13.885998
v 6.499999 2.015874 13.614002
v 3.999999 1.000000 13.524622
v 3.999999 1.071432 13.524622
v 3.999999 1.000000 13.975378
v 3.999999 1.071432 13.975378
v 5.999999 1.000000 13.524622
v 5.999999 1.071432 13.524622
v 5.999999 1.000000 13.975378
v 5.999999 1.071432 13.975378
v 3.999999 2.145029 13.975378
v 3.999999 2.089204 13.975378
v 3.999999 2.145029 13.524622
v 3.999999 2.089204 13.524622
v 3.999999 1.238436 13.614002
v 3.999999 1.238436 13.885998
v 5.999999 1.238436 13.885998
v 5.999999 1.238436 13.614002
v 5.999999 2.089204 13.524622
v 5.999999 2.145029 13.524622
v 5.999999 2.089204 13.975378
v 5.999999 2.145029 13.975378
v 5.999999 2.015874 13.614002
v 5.999999 2.015874 13.885998
v 3.999999 2.015874 13.885998
v 3.999999 2.015874 13.614002
v 8.999999 1.000000 9.524622
v 8.999999 1.071432 9.524622
v 8.999999 1.000000 9.975378
v 8.999999 1.071432 9.975378
v 10.999999 1.000000 9.524622
v 10.999999 1.071432 9.524622
v 10.999999 1.000000 9.975378
v 10.999999 1.071432 9.975378
v 8.999999 2.145029 9.975378
v 8.999999 2.089204 9.975378
v 8.999999 2.145029 9.524622
v 8.999999 2.089204 9.524622
v 8.999999 1.238436 9.614002
v 8.999999 1.238436 9.885998
v 10.999999 1.238436 9.885998
v 10.999999 1.238436 9.614002
v 10.999999 2.089204 9.524622
v 10.999999 2.145029 9.524622
v 10.999999 2.089204 9.975378
v 10.999999 2.145029 9.975378
v 10.999999 2.015874 9.614002
v 10.999999 2.015874 9.885998
v 8.999999 2.015874 9.885998
v 8.999999 2.015874 9.614002
v 6.499999 1.000000 9.524622
v 6.499999 1.071432 9.524622
v 6.499999 1.000000 9.975378
v 6.499999 1.071432 9.975378
v 8.499999 1.000000 9.524622
v 8.499999 1.071432 9.524622
v 8.499999 1.000000 9.975378
v 8.499999 1.071432 9.975378
v 6.499999 2.145029 9.975378
v 6.499999 2.089204 9.975378
v 6.499999 2.145029 9.524622
v 6.499999 2.089204 9.524622
v 6.499999 1.238436 9.614002
v 6.499999 1.238436 9.885998
v 8.499999 1.238436 9.885998
v 8.499999 1.238436 9.614002
v 8.499999 2.089204 9.524622
v 8.499999 2.145029 9.524622
v 8.499999 2.089204 9.975378
v 8.499999 2.145029 9.975378
v 8.499999 2.015874 9.614002
v 8.499999 2.015874 9.885998
v 6.499999 2.015874 9.885998
v 6.499999 2.015874 9.614002
v 3.999999 1.000000 9.524622
v 3.999999 1.071432 9.524622
v 3.999999 1.000000 9.975378
v 3.999999 1.071432 9.975378
v 5.999999 1.000000 9.524622
v 5.999999 1.071432 9.524622
v 5.999999 1.000000 9.975378
v 5.999999 1.071432 9.975378
v 3.999999 2.145029 9.975378
v 3.999999 2.089204 9.975378
v 3.999999 2.145029 9.524622
v 3.999999 2.089204 9.524622
v 3.999999 1.238436 9.614002
v 3.999999 1.238436 9.885998
v 5.999999 1.238436 9.885998
v 5.999999 1.238436 9.614002
v 5.999999 2.089204 9.524622
v 5.999999 2.145029 9.524622
v 5.999999 2.089204 9.975378
v 5.999999 2.145029 9.975378
v 5.999999 2.015874 9.614002
v 5.999999 2.015874 9.885998
v 3.999999 2.015874 9.885998
v 3.999999 2.015874 9.614002
v 8.999999 1.000000 -13.524622
v 8.999999 1.071432 -13.524622
v 8.999999 1.000000 -13.975378
v 8.999999 1.071432 -13.975378
v 10.999999 1.000000 -13.524622
v 10.999999 1.071432 -13.524622
v 10.999999 1.000000 -13.975378
v 10.999999 1.071432 -13.975378
v 8.999999 2.145029 -13.975378
v 8.999999 2.089204 -13.975378
v 8.999999 2.145029 -13.524622
v 8.999999 2.089204 -13.524622
v 8.999999 1.238436 -13.614002
v 8.999999 1.238436 -13.885998
v 10.999999 1.238436 -13.885998
v 10.999999 1.238436 -13.614002
v 10.999999 2.089204 -13.524622
v 10.999999 2.145029 -13.524622
v 10.999999 2.089204 -13.975378
v 10.999999 2.145029 -13.975378
v 10.999999 2.015874 -13.614002
v 10.999999 2.015874 -13.885998
v 8.999999 2.015874 -13.885998
v 8.999999 2.015874 -13.614002
v 6.499999 1.000000 -13.524622
v 6.499999 1.071432 -13.524622
v 6.499999 1.000000 -13.975378
v 6.499999 1.071432 -13.975378
v 8.499999 1.000000 -13.524622
v 8.499999 1.071432 -13.524622
v 8.499999 1.000000 -13.975378
v 8.499999 1.071432 -13.975378
v 6.499999 2.145029 -13.975378
v 6.499999 2.089204 -13.975378
v 6.499999 2.145029 -13.524622
v 6.499999 2.089204 -13.524622
v 6.499999 1.238436 -13.614002
v 6.499999 1.238436 -13.885998
v 8.499999 1.238436 -13.885998
v 8.499999 1.238436 -13.614002
v 8.499999 2.089204 -13.524622
v 8.499999 2.145029 -13.524622
v 8.499999 2.089204 -13.975378
v 8.499999 2.145029 -13.975378
v 8.499999 2.015874 -13.614002
v 8.499999 2.015874 -13.885998
v 6.499999 2.015874 -13.885998
v 6.499999 2.015874 -13.614002
v 3.999999 1.000000 -13.524622
v 3.999999 1.071432 -13.524622
v 3.999999 1.000000 -13.975378
v 3.999999 1.071432 -13.975378
v 5.999999 1.000000 -13.524622
v 5.999999 1.071432 -13.524622
v 5.999999 1.000000 -13.975378
v 5.999999 1.071432 -13.975378
v 3.999999 2.145029 -13.975378
v 3.999999 2.089204 -13.975378
v 3.999999 2.145029 -13.524622
v 3.999999 2.089204 -13.524622
v 3.999999 1.238436 -13.614002
v 3.999999 1.238436 -13.885998
v 5.999999 1.238436 -13.885998
v 5.999999 1.238436 -13.614002
v 5.999999 2.089204 -13.524622
v 5.999999 2.145029 -13.524622
v 5.999999 2.089204 -13.975378
v 5.999999 2.145029 -13.975378
v 5.999999 2.015874 -13.614002
v 5.999999 2.015874 -13.885998
v 3.999999 2.015874 -13.885998
v 3.999999 2.015874 -13.614002
v 8.999999 1.000000 -9.524622
v 8.999999 1.071432 -9.524622
v 8.999999 1.000000 -9.975378
v 8.999999 1.071432 -9.975378
v 10.999999 1.000000 -9.524622
v 10.999999 1.071432 -9.524622
v 10.999999 1.000000 -9.975378
v 10.999999 1.071432 -9.975378
v 8.999999 2.145029 -9.975378
v 8.999999 2.089204 -9.975378
v 8.999999 2.145029 -9.524622
v 8.999999 2.089204 -9.524622
v 8.999999 1.238436 -9.614002
v 8.999999 1.238436 -9.885998
v 10.999999 1.238436 -9.885998
v 10.999999 1.238436 -9.614002
v 10.999999 2.089204 -9.524622
v 10.999999 2.145029 -9.524622
v 10.999999 2.089204 -9.975378
v 10.999999 2.145029 -9.975378
v 10.999999 2.015874 -9.614002
v 10.999999 2.015874 -9.885998
v 8.999999 2.015874 -9.885998
v 8.999999 2.015874 -9.614002
v 6.499999 1.000000 -9.524622
v 6.499999 1.071432 -9.524622
v 6.499999 1.000000 -9.975378
v 6.499999 1.071432 -9.975378
v 8.499999 1.000000 -9.524622
v 8.499999 1.071432 -9.524622
v 8.499999 1.000000 -9.975378
v 8.499999 1.071432 -9.975378
v 6.499999 2.145029 -9.975378
v 6.499999 2.089204 -9.975378
v 6.499999 2.145029 -9.524622
v 6.499999 2.089204 -9.524622
v 6.499999 1.238436 -9.614002
v 6.499999 1.238436 -9.885998
v 8.499999 1.238436 -9.885998
v 8.499999 1.238436 -9.614002
v 8.499999 2.089204 -9.524622
v 8.499999 2.145029 -9.524622
v 8.499999 2.089204 -9.975378
v 8.499999 2.145029 -9.975378
v 8.499999 2.015874 -9.614002
v 8.499999 2.015874 -9.885998
v 6.499999 2.015874 -9.885998
v 6.499999 2.015874 -9.614002
v 3.999999 1.000000 -9.524622
v 3.999999 1.071432 -9.524622
v 3.999999 1.000000 -9.975378
v 3.999999 1.071432 -9.975378
v 5.999999 1.000000 -9.524622
v 5.999999 1.071432 -9.524622
v 5.999999 1.000000 -9.975378
v 5.999999 1.071432 -9.975378
v 3.999999 2.145029 -9.975378
v 3.999999 2.089204 -9.975378
v 3.999999 2.145029 -9.524622
v 3.999999 2.089204 -9.524622
v 3.999999 1.238436 -9.614002
v 3.999999 1.238436 -9.885998
v 5.999999 1.238436 -9.885998
v 5.999999 1.238436 -9.614002
v 5.999999 2.089204 -9.524622
v 5.999999 2.145029 -9.524622
v 5.999999 2.089204 -9.975378
v 5.999999 2.145029 -9.975378
v 5.999999 2.015874 -9.614002
v 5.999999 2.015874 -9.885998
v 3.999999 2.015874 -9.885998
v 3.999999 2.015874 -9.614002
v -8.999999 1.000000 13.524622
v -8.999999 1.071432 13.524622
v -8.999999 1.000000 13.975378
v -8.999999 1.071432 13.975378
v -10.999999 1.000000 13.524622
v -10.999999 1.071432 13.524622
v -10.999999 1.000000 13.975378
v -10.999999 1.071432 13.975378
v -8.999999 2.145029 13.975378
v -8.999999 2.089204 13.975378
v -8.999999 2.145029 13.524622
v -8.999999 2.089204 13.524622
v -8.999999 1.238436 13.614002
v -8.999999 1.238436 13.885998
v -10.999999 1.238436 13.885998
v -10.999999 1.238436 13.614002
v -10.999999 2.089204 13.524622
v -10.999999 2.145029 13.524622
v -10.999999 2.089204 13.975378
v -10.999999 2.145029 13.975378
v -10.999999 2.015874 13.614002
v -10.999999 2.015874 13.885998
v -8.999999 2.015874 13.885998
v -8.999999 2.015874 13.614002
v -6.499999 1.000000 13.524622
v -6.499999 1.071432 13.524622
v -6.499999 1.000000 13.975378
v -6.499999 1.071432 13.975378
v -8.499999 1.000000 13.524622
v -8.499999 1.071432 13.524622
v -8.499999 1.000000 13.975378
v -8.499999 1.071432 13.975378
v -6.499999 2.145029 13.975378
v -6.499999 2.089204 13.975378
v -6.499999 2.145029 13.524622
v -6.499999 2.089204 13.524622
v -6.499999 1.238436 13.614002
v -6.499999 1.238436 13.885998
v -8.499999 1.238436 13.885998
v -8.499999 1.238436 13.614002
v -8.499999 2.089204 13.524622
v -8.499999 2.145029 13.524622
v -8.499999 2.089204 13.975378
v -8.499999 2.145029 13.975378
v -8.499999 2.015874 13.614002
v -8.499999 2.015874 13.885998
v -6.499999 2.015874 13.885998
v -6.499999 2.015874 13.614002
v -3.999999 1.000000 13.524622
v -3.999999 1.071432 13.524622
v -3.999999 1.000000 13.975378
v -3.999999 1.071432 13.975378
v -5.999999 1.000000 13.524622
v -5.999999 1.071432 13.524622
v -5.999999 1.000000 13.975378
v -5.999999 1.071432 13.975378
v -3.999999 2.145029 13.975378
v -3.999999 2.089204 13.975378
v -3.999999 2.145029 13.524622
v -3.999999 2.089204 13.524622
v -3.999999 1.238436 13.614002
v -3.999999 1.238436 13.885998
v -5.999999 1.238436 13.885998
v -5.999999 1.238436 13.614002
v -5.999999 2.089204 13.524622
v -5.999999 2.145029 13.524622
v -5.999999 2.089204 13.975378
v -5.999999 2.145029 13.975378
v -5.999999 2.015874 13.614002
v -5.999999 2.015874 13.885998
v -3.999999 2.015874 13.885998
v -3.999999 2.015874 13.614002
v -8.999999 1.000000 9.524622
v -8.999999 1.071432 9.524622
v -8.999999 1.000000 9.975378
v -8.999999 1.071432 9.975378
v -10.999999 1.000000 9.524622
v -10.999999 1.071432 9.524622
v -10.999999 1.000000 9.975378
v -10.999999 1.071432 9.975378
v -8.999999 2.145029 9.975378
v -8.999999 2.089204 9.975378
v -8.999999 2.145029 9.524622
v -8.999999 2.089204 9.524622
v -8.999999 1.238436 9.614002
v -8.999999 1.238436 9.885998
v -10.999999 1.238436 9.885998
v -10.999999 1.238436 9.614002
v -10.999999 2.089204 9.524622
v -10.999999 2.145029 9.524622
v -10.999999 2.089204 9.975378
v -10.999999 2.145029 9.975378
v -10.999999 2.015874 9.614002
v -10.999999 2.015874 9.885998
v -8.999999 2.015874 9.885998
v -8.999999 2.015874 9.614002
v -6.499999 1.000000 9.524622
v -6.499999 1.071432 9.524622
v -6.499999 1.000000 9.975378
v -6.499999 1.071432 9.975378
v -8.499999 1.000000 9.524622
v -8.499999 1.071432 9.524622
v -8.499999 1.000000 9.975378
v -8.499999 1.071432 9.975378
v -6.499999 2.145029 9.975378
v -6.499999 2.089204 9.975378
v -6.499999 2.145029 9.524622
v -6.499999 2.089204 9.524622
v -6.499999 1.238436 9.614002
v -6.499999 1.238436 9.885998
v -8.499999 1.238436 9.885998
v -8.499999 1.238436 9.614002
v -8.499999 2.089204 9.524622
v -8.499999 2.145029 9.524622
v -8.499999 2.089204 9.975378
v -8.499999 2.145029 9.975378
v -8.499999 2.015874 9.614002
v -8.499999 2.015874 9.885998
v -6.499999 2.015874 9.885998
v -6.499999 2.015874 9.614002
v -3.999999 1.000000 9.524622
v -3.999999 1.071432 9.524622
v -3.999999 1.000000 9.975378
v -3.999999 1.071432 9.975378
v -5.999999 1.000000 9.524622
v -5.999999 1.071432 9.524622
v -5.999999 1.000000 9.975378
v -5.999999 1.071432 9.975378
v -3.999999 2.145029 9.975378
v -3.999999 2.089204 9.975378
v -3.999999 2.145029 9.524622
v -3.999999 2.089204 9.524622
v -3.999999 1.238436 9.614002
v -3.999999 1.238436 9.885998
v -5.999999 1.238436 9.885998
v -5.999999 1.238436 9.614002
v -5.999999 2.089204 9.524622
v -5.999999 2.145029 9.524622
v -5.999999 2.089204 9.975378
v -5.999999 2.145029 9.975378
v -5.999999 2.015874 9.614002
v -5.999999 2.015874 9.885998
v -3.999999 2.015874 9.885998
v -3.999999 2.015874 9.614002
v -8.999999 1.000000 -13.524622
v -8.999999 1.071432 -13.524622
v -8.999999 1.000000 -13.975378
v -8.999999 1.071432 -13.975378
v -10.999999 1.000000 -13.524622
v -10.999999 1.071432 -13.524622
v -10.999999 1.000000 -13.975378
v -10.999999 1.071432 -13.975378
v -8.999999 2.145029 -13.975378
v -8.999999 2.089204 -13.975378
v -8.999999 2.145029 -13.524622
v -8.999999 2.089204 -13.524622
v -8.999999 1.238436 -13.614002
v -8.999999 1.238436 -13.885998
v -10.999999 1.238436 -13.885998
v -10.999999 1.238436 -13.614002
v -10.999999 2.089204 -13.524622
v -10.999999 2.145029 -13.524622
v -10.999999 2.089204 -13.975378
v -10.999999 2.145029 -13.975378
v -10.999999 2.015874 -13.614002
v -10.999999 2.015874 -13.885998
v -8.999999 2.015874 -13.885998
v -8.999999 2.015874 -13.614002
v -6.499999 1.000000 -13.524622
v -6.499999 1.071432 -13.524622
v -6.499999 1.000000 -13.975378
v -6.499999 1.071432 -13.975378
v -8.499999 1.000000 -13.524622
v -8.499999 1.071432 -13.524622
v -8.499999 1.000000 -13.975378
v -8.499999 1.071432 -13.975378
v -6.499999 2.145029 -13.975378
v -6.499999 2.089204 -13.975378
v -6.499999 2.145029 -13.524622
v -6.499999 2.089204 -13.524622
v -6.499999 1.238436 -13.614002
v -6.499999 1.238436 -13.885998
v -8.499999 1.238436 -13.885998
v -8.499999 1.238436 -13.614002
v -8.499999 2.089204 -13.524622
v -8.499999 2.145029 -13.524622
v -8.499999 2.089204 -13.975378
v -8.499999 2.145029 -13.975378
v -8.499999 2.015874 -13.614002
v -8.499999 2.015874 -13.885998
v -6.499999 2.015874 -13.885998
v -6.499999 2.015874 -13.614002
v -3.999999 1.000000 -13.524622
v -3.999999 1.071432 -13.524622
v -3.999999 1.000000 -13.975378
v -3.999999 1.071432 -13.975378
v -5.999999 1.000000 -13.524622
v -5.999999 1.071432 -13.524622
v -5.999999 1.000000 -13.975378
v -5.999999 1.071432 -13.975378
v -3.999999 2.145029 -13.975378
v -3.999999 2.089204 -13.975378
v -3.999999 2.145029 -13.524622
v -3.999999 2.089204 -13.524622
v -3.999999 1.238436 -13.614002
v -3.999999 1.238436 -13.885998
v -5.999999 1.238436 -13.885998
v -5.999999 1.238436 -13.614002
v -5.999999 2.089204 -13.524622
v -5.999999 2.145029 -13.524622
v -5.999999 2.089204 -13.975378
v -5.999999 2.145029 -13.975378
v -5.999999 2.015874 -13.614002
v -5.999999 2.015874 -13.885998
v -3.999999 2.015874 -13.885998
v -3.999999 2.015874 -13.614002
v -8.999999 1.000000 -9.524622
v -8.999999 1.071432 -9.524622
v -8.999999 1.000000 -9.975378
v -8.999999 1.071432 -9.975378
v -10.999999 1.000000 -9.524622
v -10.999999 1.071432 -9.524622
v -10.999999 1.000000 -9.975378
v -10.999999 1.071432 -9.975378
v -8.999999 2.145029 -9.975378
v -8.999999 2.089204 -9.975378
v -8.999999 2.145029 -9.524622
v -8.999999 2.089204 -9.524622
v -8.999999 1.238436 -9.614002
v -8.999999 1.238436 -9.885998
v -10.999999 1.238436 -9.885998
v -10.999999 1.238436 -9.614002
v -10.999999 2.089204 -9.524622
v -10.999999 2.145029 -9.524622
v -10.999999 2.089204 -9.975378
v -10.999999 2.145029 -9.975378
v -10.999999 2.015874 -9.614002
v -10.999999 2.015874 -9.885998
v -8.999999 2.015874 -9.885998
v -8.999999 2.015874 -9.614002
v -6.499999 1.000000 -9.524622
v -6.499999 1.071432 -9.524622
v -6.499999 1.000000 -9.975378
v -6.499999 1.071432 -9.975378
v -8.499999 1.000000 -9.524622
v -8.499999 1.071432 -9.524622
v -8.499999 1.000000 -9.975378
v -8.499999 1.071432 -9.975378
v -6.499999 2.145029 -9.975378
v -6.499999 2.089204 -9.975378
v -6.499999 2.145029 -9.524622
v -6.499999 2.089204 -9.524622
v -6.499999 1.238436 -9.614002
v -6.499999 1.238436 -9.885998
v -8.499999 1.238436 -9.885998
v -8.499999 1.238436 -9.614002
v -8.499999 2.089204 -9.524622
v -8.499999 2.145029 -9.524622
v -8.499999 2.089204 -9.975378
v -8.499999 2.145029 -9.975378
v -8.499999 2.015874 -9.614002
v -8.499999 2.015874 -9.885998
v -6.499999 2.015874 -9.885998
v -6.499999 2.015874 -9.614002
v -3.999999 1.000000 -9.524622
v -3.999999 1.071432 -9.524622
v -3.999999 1.000000 -9.975378
v -3.999999 1.071432 -9.975378
v -5.999999 1.000000 -9.524622
v -5.999999 1.071432 -9.524622
v -5.999999 1.000000 -9.975378
v -5.999999 1.071432 -9.975378
v -3.999999 2.145029 -9.975378
v -3.999999 2.089204 -9.975378
v -3.999999 2.145029 -9.524622
v -3.999999 2.089204 -9.524622
v -3.999999 1.238436 -9.614002
v -3.999999 1.238436 -9.885998
v -5.999999 1.238436 -9.885998
v -5.999999 1.238436 -9.614002
v -5.999999 2.089204 -9.524622
v -5.999999 2.145029 -9.524622
v -5.999999 2.089204 -9.975378
v -5.999999 2.145029 -9.975378
v -5.999999 2.015874 -9.614002
v -5.999999 2.015874 -9.885998
v -3.999999 2.015874 -9.885998
v -3.999999 2.015874 -9.614002
vt 2.320661 0.324399
vt 2.320662 0.310139
vt 2.719912 0.310139
vt 2.719911 0.324399
vt 2.719126 0.676387
vt 2.719127 0.690647
vt 2.319877 0.690647
vt 2.319876 0.676387
vt 2.719285 0.723829
vt 2.320035 0.723829
vt 2.719759 3.217835
vt 2.320509 3.221320
vt 2.320035 3.167025
vt 2.719285 3.163540
vt 2.320678 0.106966
vt 2.320679 0.095822
vt 2.719929 0.095822
vt 2.719928 0.106966
vt 2.719142 0.893819
vt 2.719143 0.904963
vt 2.319893 0.904963
vt 2.319892 0.893819
vt 2.320521 -2.222674
vt 2.719771 -2.219190
vt 2.719297 -2.164895
vt 2.320047 -2.168379
vt 2.719142 -2.147181
vt 2.319892 -2.150665
vt 2.319893 3.150762
vt 2.719143 3.147278
vt 2.719929 3.237257
vt 2.320679 3.240741
vt 2.320509 0.276645
vt 2.719759 0.276645
vt 2.320678 -2.240644
vt 2.719928 -2.237159
vt 1.821599 0.324399
vt 1.821600 0.310139
vt 2.220850 0.310139
vt 2.220849 0.324399
vt 2.220064 0.676387
vt 2.220065 0.690647
vt 1.820815 0.690647
vt 1.820814 0.676387
vt 2.220223 0.723829
vt 1.820973 0.723829
vt 2.220697 3.222191
vt 1.821447 3.225675
vt 1.820973 3.171380
vt 2.220223 3.167896
vt 1.821615 0.106966
vt 1.821616 0.095822
vt 2.220866 0.095822
vt 2.220865 0.106966
vt 2.220080 0.893819
vt 2.220081 0.904963
vt 1.820831 0.904963
vt 1.820830 0.893819
vt 1.821459 -2.227029
vt 2.220709 -2.223545
vt 2.220235 -2.169250
vt 1.820985 -2.172734
vt 2.220080 -2.151536
vt 1.820830 -2.155020
vt 1.820831 3.155117
vt 2.220081 3.151633
vt 2.220866 3.241612
vt 1.821616 3.245096
vt 1.821447 0.276645
vt 2.220697 0.276645
vt 1.821615 -2.244999
vt 2.220865 -2.241514
vt 1.322537 0.324399
vt 1.322538 0.310139
vt 1.721788 0.310139
vt 1.721787 0.324399
vt 1.721002 0.676387
vt 1.721003 0.690647
vt 1.321753 0.690647
vt 1.321752 0.676387
vt 1.721161 0.723829
vt 1.321911 0.723829
vt 1.721635 3.226546
vt 1.322385 3.230030
vt 1.321911 3.175735
vt 1.721161 3.172251
vt 1.322553 0.106966
vt 1.322554 0.095822
vt 1.721804 0.095822
vt 1.721803 0.106966
vt 1.721018 0.893819
vt 1.721019 0.904963
vt 1.321769 0.904963
vt 1.321768 0.893819
vt 1.322397 -2.231384
vt 1.721646 -2.227900
vt 1.721173 -2.173605
vt 1.321923 -2.177089
vt 1.721018 -2.155891
vt 1.321768 -2.159375
vt 1.321769 3.159472
vt 1.721019 3.155988
vt 1.721804 3.245967
vt 1.322554 3.249451
vt 1.322385 0.276645
vt 1.721635 0.276645
vt 1.322553 -2.249354
vt 1.721803 -2.245870
vt 2.313693 0.317430
vt 2.313694 0.303171
vt 2.712944 0.303171
vt 2.712943 0.317430
vt 2.712158 0.683355
vt 2.712159 0.697615
vt 2.312909 0.697615
vt 2.312908 0.683355
vt 2.712317 0.730797
vt 2.313067 0.730797
vt 2.712791 2.419366
vt 2.313541 2.422850
vt 2.313067 2.368555
vt 2.712317 2.365071
vt 2.313710 0.099998
vt 2.313711 0.088854
vt 2.712960 0.088854
vt 2.712959 0.099998
vt 2.712174 0.900788
vt 2.712175 0.911932
vt 2.312925 0.911932
vt 2.312924 0.900788
vt 2.313553 -1.424205
vt 2.712803 -1.420720
vt 2.712329 -1.366425
vt 2.313079 -1.369910
vt 2.712174 -1.348711
vt 2.312924 -1.352196
vt 2.312925 2.352293
vt 2.712175 2.348809
vt 2.712960 2.438787
vt 2.313711 2.442271
vt 2.313541 0.269677
vt 2.712791 0.269677
vt 2.313710 -1.442174
vt 2.712959 -1.438690
vt 1.814631 0.317430
vt 1.814632 0.303171
vt 2.213882 0.303171
vt 2.213881 0.317430
vt 2.213096 0.683355
vt 2.213097 0.697615
vt 1.813847 0.697615
vt 1.813846 0.683355
vt 2.213255 0.730797
vt 1.814005 0.730797
vt 2.213729 2.423722
vt 1.814479 2.427206
vt 1.814005 2.372911
vt 2.213255 2.369426
vt 1.814647 0.099998
vt 1.814648 0.088854
vt 2.213898 0.088854
vt 2.213897 0.099998
vt 2.213112 0.900788
vt 2.213113 0.911932
vt 1.813863 0.911932
vt 1.813862 0.900788
vt 1.814491 -1.428560
vt 2.213740 -1.425076
vt 2.213267 -1.370781
vt 1.814017 -1.374265
vt 2.213112 -1.353067
vt 1.813862 -1.356551
vt 1.813863 2.356648
vt 2.213113 2.353164
vt 2.213898 2.443143
vt 1.814648 2.446627
vt 1.814479 0.269677
vt 2.213729 0.269677
vt 1.814647 -1.446530
vt 2.213897 -1.443045
vt 1.315569 0.317430
vt 1.315570 0.303171
vt 1.714820 0.303171
vt 1.714819 0.317430
vt 1.714033 0.683355
vt 1.714034 0.697615
vt 1.314785 0.697615
vt 1.314783 0.683355
vt 1.714193 0.730797
vt 1.314943 0.730797
vt 1.714666 2.428077
vt 1.315417 2.431561
vt 1.314943 2.377266
vt 1.714193 2.373782
vt 1.315585 0.099998
vt 1.315586 0.088854
vt 1.714836 0.088854
vt 1.714835 0.099998
vt 1.714050 0.900788
vt 1.714051 0.911932
vt 1.314801 0.911932
vt 1.314800 0.900788
vt 1.315428 -1.432915
vt 1.714678 -1.429431
vt 1.714204 -1.375136
vt 1.314955 -1.378620
vt 1.714050 -1.357422
vt 1.314800 -1.360906
vt 1.314801 2.361003
vt 1.714051 2.357519
vt 1.714836 2.447498
vt 1.315586 2.450982
vt 1.315417 0.269677
vt 1.714666 0.269677
vt 1.315585 -1.450885
vt 1.714835 -1.447401
vt 2.271970 0.724295
vt 2.671220 0.724295
vt 2.671221 0.738554
vt 2.271971 0.738554
vt 2.672005 0.276490
vt 2.272755 0.276490
vt 2.272757 0.262231
vt 2.672006 0.262231
vt 2.671853 0.228737
vt 2.272603 0.228737
vt 2.671379 -2.325936
vt 2.671853 -2.271641
vt 2.272603 -2.268157
vt 2.272130 -2.322452
vt 2.271986 0.941727
vt 2.671236 0.941727
vt 2.671237 0.952871
vt 2.271987 0.952871
vt 2.672022 0.059058
vt 2.272772 0.059058
vt 2.272773 0.047914
vt 2.672023 0.047914
vt 2.272141 3.321097
vt 2.272615 3.266802
vt 2.671865 3.270287
vt 2.671391 3.324582
vt 2.272772 3.248833
vt 2.672022 3.252317
vt 2.272773 -2.248735
vt 2.271988 -2.338714
vt 2.671237 -2.342198
vt 2.672023 -2.252220
vt 2.272130 0.771737
vt 2.671379 0.771737
vt 2.671236 3.342296
vt 2.271987 3.338811
vt 1.772908 0.724295
vt 2.172158 0.724295
vt 2.172159 0.738554
vt 1.772909 0.738554
vt 2.172943 0.276490
vt 1.773693 0.276490
vt 1.773694 0.262231
vt 2.172944 0.262231
vt 2.172791 0.228737
vt 1.773541 0.228737
vt 2.172317 -2.321581
vt 2.172791 -2.267286
vt 1.773541 -2.263801
vt 1.773067 -2.318096
vt 1.772924 0.941727
vt 2.172174 0.941727
vt 2.172175 0.952871
vt 1.772925 0.952871
vt 2.172960 0.059058
vt 1.773710 0.059058
vt 1.773711 0.047914
vt 2.172961 0.047914
vt 1.773079 3.316742
vt 1.773553 3.262447
vt 2.172803 3.265931
vt 2.172329 3.320226
vt 1.773710 3.244478
vt 2.172960 3.247962
vt 1.773711 -2.244380
vt 1.772925 -2.334359
vt 2.172175 -2.337843
vt 2.172961 -2.247864
vt 1.773067 0.771737
vt 2.172317 0.771737
vt 2.172174 3.337940
vt 1.772924 3.334456
vt 1.273846 0.724295
vt 1.673095 0.724295
vt 1.673097 0.738554
vt 1.273847 0.738554
vt 1.673881 0.276490
vt 1.274631 0.276490
vt 1.274632 0.262231
vt 1.673882 0.262231
vt 1.673729 0.228737
vt 1.274479 0.228737
vt 1.673255 -2.317225
vt 1.673729 -2.262930
vt 1.274479 -2.259446
vt 1.274005 -2.313741
vt 1.273862 0.941727
vt 1.673112 0.941727
vt 1.673113 0.952871
vt 1.273863 0.952871
vt 1.673897 0.059058
vt 1.274647 0.059058
vt 1.274648 0.047914
vt 1.673898 0.047914
vt 1.274017 3.312387
vt 1.274491 3.258092
vt 1.673740 3.261576
vt 1.673267 3.315871
vt 1.274647 3.240122
vt 1.673897 3.243606
vt 1.274648 -2.240025
vt 1.273863 -2.330004
vt 1.673113 -2.333488
vt 1.673898 -2.243509
vt 1.274005 0.771737
vt 1.673255 0.771737
vt 1.673112 3.333585
vt 1.273862 3.330101
vt 2.278938 0.717326
vt 2.678188 0.717326
vt 2.678189 0.731586
vt 2.278939 0.731586
vt 2.678973 0.283459
vt 2.279723 0.283459
vt 2.279725 0.269199
vt 2.678974 0.269199
vt 2.678821 0.235705
vt 2.279571 0.235705
vt 2.678347 -1.527466
vt 2.678821 -1.473171
vt 2.279571 -1.469687
vt 2.279098 -1.523982
vt 2.278955 0.934758
vt 2.678205 0.934758
vt 2.678205 0.945902
vt 2.278955 0.945902
vt 2.678990 0.066027
vt 2.279740 0.066027
vt 2.279741 0.054882
vt 2.678991 0.054882
vt 2.279109 2.522628
vt 2.279583 2.468333
vt 2.678833 2.471817
vt 2.678359 2.526112
vt 2.279740 2.450363
vt 2.678990 2.453848
vt 2.279741 -1.450266
vt 2.278956 -1.540245
vt 2.678205 -1.543729
vt 2.678991 -1.453750
vt 2.279098 0.764768
vt 2.678347 0.764768
vt 2.678205 2.543826
vt 2.278955 2.540342
vt 1.779876 0.717326
vt 2.179126 0.717326
vt 2.179127 0.731586
vt 1.779877 0.731586
vt 2.179911 0.283459
vt 1.780661 0.283459
vt 1.780662 0.269199
vt 2.179912 0.269199
vt 2.179759 0.235705
vt 1.780509 0.235705
vt 2.179285 -1.523111
vt 2.179759 -1.468816
vt 1.780509 -1.465332
vt 1.780035 -1.519627
vt 1.779892 0.934758
vt 2.179142 0.934758
vt 2.179143 0.945902
vt 1.779893 0.945902
vt 2.179928 0.066027
vt 1.780678 0.066027
vt 1.780679 0.054882
vt 2.179929 0.054882
vt 1.780047 2.518273
vt 1.780521 2.463978
vt 2.179771 2.467462
vt 2.179297 2.521757
vt 1.780678 2.446008
vt 2.179928 2.449492
vt 1.780679 -1.445911
vt 1.779893 -1.535890
vt 2.179143 -1.539374
vt 2.179929 -1.449395
vt 1.780035 0.764768
vt 2.179285 0.764768
vt 2.179142 2.539471
vt 1.779892 2.535987
vt 1.280814 0.717326
vt 1.680064 0.717326
vt 1.680065 0.731586
vt 1.280815 0.731586
vt 1.680849 0.283459
vt 1.281599 0.283459
vt 1.281600 0.269199
vt 1.680850 0.269199
vt 1.680697 0.235705
vt 1.281447 0.235705
vt 1.680223 -1.518756
vt 1.680697 -1.464461
vt 1.281447 -1.460977
vt 1.280973 -1.515272
vt 1.280830 0.934758
vt 1.680080 0.934758
vt 1.680081 0.945902
vt 1.280831 0.945902
vt 1.680865 0.066027
vt 1.281616 0.066027
vt 1.281616 0.054882
vt 1.680866 0.054882
vt 1.280985 2.513917
vt 1.281459 2.459622
vt 1.680709 2.463107
vt 1.680235 2.517402
vt 1.281616 2.441653
vt 1.680865 2.445137
vt 1.281616 -1.441556
vt 1.280831 -1.531534
vt 1.680081 -1.535019
vt 1.680866 -1.445040
vt 1.280973 0.764768
vt 1.680223 0.764768
vt 1.680080 2.535116
vt 1.280830 2.531631
vt -1.272586 0.324399
vt -1.671836 0.324399
vt -1.671835 0.310139
vt -1.272585 0.310139
vt -1.672621 0.676387
vt -1.273371 0.676387
vt -1.273370 0.690647
vt -1.672620 0.690647
vt -1.672462 0.723829
vt -1.273212 0.723829
vt -1.671988 3.256162
vt -1.672462 3.201867
vt -1.273212 3.198382
vt -1.272738 3.252677
vt -1.272570 0.106966
vt -1.671819 0.106966
vt -1.671818 0.095822
vt -1.272569 0.095822
vt -1.672605 0.893819
vt -1.273355 0.893819
vt -1.273354 0.904963
vt -1.672604 0.904963
vt -1.272727 -2.254032
vt -1.273200 -2.199737
vt -1.672450 -2.203221
vt -1.671976 -2.257516
vt -1.273355 -2.182023
vt -1.672605 -2.185507
vt -1.273354 3.182120
vt -1.272569 3.272099
vt -1.671818 3.275583
vt -1.672604 3.185604
vt -1.272738 0.276645
vt -1.671988 0.276645
vt -1.671819 -2.275486
vt -1.272570 -2.272001
vt -0.773524 0.324399
vt -1.172774 0.324399
vt -1.172773 0.310139
vt -0.773523 0.310139
vt -1.173559 0.676387
vt -0.774309 0.676387
vt -0.774308 0.690647
vt -1.173558 0.690647
vt -1.173400 0.723829
vt -0.774150 0.723829
vt -1.172926 3.251806
vt -1.173400 3.197511
vt -0.774150 3.194027
vt -0.773676 3.248322
vt -0.773508 0.106966
vt -1.172757 0.106966
vt -1.172756 0.095822
vt -0.773507 0.095822
vt -1.173542 0.893819
vt -0.774293 0.893819
vt -0.774292 0.904963
vt -1.173542 0.904963
vt -0.773664 -2.249676
vt -0.774138 -2.195381
vt -1.173388 -2.198866
vt -1.172914 -2.253161
vt -0.774293 -2.177667
vt -1.173543 -2.181152
vt -0.774292 3.177765
vt -0.773507 3.267743
vt -1.172756 3.271228
vt -1.173542 3.181249
vt -0.773676 0.276645
vt -1.172926 0.276645
vt -1.172757 -2.271130
vt -0.773508 -2.267646
vt -0.274462 0.324399
vt -0.673712 0.324399
vt -0.673711 0.310139
vt -0.274461 0.310139
vt -0.674497 0.676387
vt -0.275247 0.676387
vt -0.275246 0.690647
vt -0.674496 0.690647
vt -0.674338 0.723829
vt -0.275088 0.723829
vt -0.673864 3.247451
vt -0.674337 3.193156
vt -0.275088 3.189672
vt -0.274614 3.243967
vt -0.274445 0.106966
vt -0.673695 0.106966
vt -0.673694 0.095822
vt -0.274444 0.095822
vt -0.674480 0.893819
vt -0.275231 0.893819
vt -0.275230 0.904963
vt -0.674479 0.904963
vt -0.274602 -2.245321
vt -0.275076 -2.191026
vt -0.674326 -2.194510
vt -0.673852 -2.248805
vt -0.275231 -2.173312
vt -0.674480 -2.176796
vt -0.275230 3.173409
vt -0.274444 3.263388
vt -0.673694 3.266872
vt -0.674479 3.176893
vt -0.274614 0.276645
vt -0.673864 0.276645
vt -0.673695 -2.266775
vt -0.274445 -2.263291
vt -1.279554 0.317430
vt -1.678804 0.317430
vt -1.678803 0.303171
vt -1.279553 0.303171
vt -1.679589 0.683355
vt -1.280339 0.683355
vt -1.280338 0.697615
vt -1.679588 0.697615
vt -1.679430 0.730797
vt -1.280180 0.730797
vt -1.678956 2.457692
vt -1.679430 2.403397
vt -1.280180 2.399913
vt -1.279706 2.454208
vt -1.279538 0.099998
vt -1.678788 0.099998
vt -1.678787 0.088854
vt -1.279537 0.088854
vt -1.679573 0.900788
vt -1.280323 0.900788
vt -1.280322 0.911932
vt -1.679572 0.911932
vt -1.279695 -1.455562
vt -1.280168 -1.401267
vt -1.679418 -1.404752
vt -1.678944 -1.459047
vt -1.280323 -1.383553
vt -1.679573 -1.387038
vt -1.280322 2.383651
vt -1.279537 2.473629
vt -1.678787 2.477113
vt -1.679572 2.387135
vt -1.279706 0.269677
vt -1.678956 0.269677
vt -1.678788 -1.477016
vt -1.279538 -1.473532
vt -0.780492 0.317430
vt -1.179742 0.317430
vt -1.179741 0.303171
vt -0.780491 0.303171
vt -1.180527 0.683355
vt -0.781277 0.683355
vt -0.781276 0.697615
vt -1.180526 0.697615
vt -1.180368 0.730797
vt -0.781118 0.730797
vt -1.179894 2.453337
vt -1.180368 2.399042
vt -0.781118 2.395558
vt -0.780644 2.449853
vt -0.780476 0.099998
vt -1.179725 0.099998
vt -1.179724 0.088854
vt -0.780475 0.088854
vt -1.180511 0.900788
vt -0.781261 0.900788
vt -0.781260 0.911932
vt -1.180510 0.911932
vt -0.780632 -1.451207
vt -0.781106 -1.396912
vt -1.180356 -1.400396
vt -1.179882 -1.454691
vt -0.781261 -1.379198
vt -1.180511 -1.382682
vt -0.781260 2.379296
vt -0.780475 2.469274
vt -1.179724 2.472758
vt -1.180510 2.382780
vt -0.780644 0.269677
vt -1.179894 0.269677
vt -1.179725 -1.472661
vt -0.780476 -1.469177
vt -0.281430 0.317430
vt -0.680680 0.317430
vt -0.680679 0.303171
vt -0.281429 0.303171
vt -0.681465 0.683355
vt -0.282215 0.683355
vt -0.282214 0.697615
vt -0.681464 0.697615
vt -0.681306 0.730797
vt -0.282056 0.730797
vt -0.680832 2.448982
vt -0.681306 2.394687
vt -0.282056 2.391203
vt -0.281582 2.445498
vt -0.281413 0.099998
vt -0.680663 0.099998
vt -0.680662 0.088854
vt -0.281413 0.088854
vt -0.681448 0.900788
vt -0.282199 0.900788
vt -0.282198 0.911932
vt -0.681448 0.911932
vt -0.281570 -1.446852
vt -0.282044 -1.392557
vt -0.681294 -1.396041
vt -0.680820 -1.450336
vt -0.282199 -1.374843
vt -0.681448 -1.378327
vt -0.282198 2.374940
vt -0.281413 2.464919
vt -0.680662 2.468403
vt -0.681447 2.378424
vt -0.281582 0.269677
vt -0.680832 0.269677
vt -0.680663 -1.468306
vt -0.281413 -1.464821
vt -1.321277 0.724295
vt -1.321276 0.738554
vt -1.720526 0.738554
vt -1.720527 0.724295
vt -1.719742 0.276490
vt -1.719741 0.262231
vt -1.320491 0.262231
vt -1.320492 0.276490
vt -1.719894 0.228737
vt -1.320644 0.228737
vt -1.720368 -2.287610
vt -1.321118 -2.291094
vt -1.320644 -2.236799
vt -1.719894 -2.233315
vt -1.321261 0.941727
vt -1.321260 0.952871
vt -1.720510 0.952871
vt -1.720511 0.941727
vt -1.719725 0.059058
vt -1.719724 0.047914
vt -1.320475 0.047914
vt -1.320476 0.059058
vt -1.321106 3.289740
vt -1.720356 3.286255
vt -1.719882 3.231960
vt -1.320632 3.235445
vt -1.719725 3.213991
vt -1.320476 3.217475
vt -1.320475 -2.217378
vt -1.719724 -2.213893
vt -1.720510 -2.303872
vt -1.321260 -2.307356
vt -1.321118 0.771737
vt -1.720368 0.771737
vt -1.321261 3.307454
vt -1.720511 3.303969
vt -0.822215 0.724295
vt -0.822214 0.738554
vt -1.221464 0.738554
vt -1.221465 0.724295
vt -1.220680 0.276490
vt -1.220679 0.262231
vt -0.821429 0.262231
vt -0.821430 0.276490
vt -1.220832 0.228737
vt -0.821582 0.228737
vt -1.221306 -2.291965
vt -0.822056 -2.295449
vt -0.821582 -2.241154
vt -1.220832 -2.237670
vt -0.822199 0.941727
vt -0.822198 0.952871
vt -1.221448 0.952871
vt -1.221449 0.941727
vt -1.220663 0.059058
vt -1.220662 0.047914
vt -0.821412 0.047914
vt -0.821413 0.059058
vt -0.822044 3.294095
vt -1.221294 3.290611
vt -1.220820 3.236315
vt -0.821570 3.239800
vt -1.220663 3.218346
vt -0.821413 3.221830
vt -0.821412 -2.221733
vt -1.220662 -2.218249
vt -1.221447 -2.308227
vt -0.822198 -2.311712
vt -0.822056 0.771737
vt -1.221306 0.771737
vt -0.822199 3.311809
vt -1.221448 3.308325
vt -0.323153 0.724295
vt -0.323152 0.738554
vt -0.722402 0.738554
vt -0.722403 0.724295
vt -0.721617 0.276490
vt -0.721616 0.262231
vt -0.322367 0.262231
vt -0.322368 0.276490
vt -0.721770 0.228737
vt -0.322520 0.228737
vt -0.722243 -2.296320
vt -0.322994 -2.299804
vt -0.322520 -2.245509
vt -0.721770 -2.242025
vt -0.323136 0.941727
vt -0.323136 0.952871
vt -0.722385 0.952871
vt -0.722386 0.941727
vt -0.721601 0.059058
vt -0.721600 0.047914
vt -0.322350 0.047914
vt -0.322351 0.059058
vt -0.322982 3.298450
vt -0.722232 3.294966
vt -0.721758 3.240671
vt -0.322508 3.244155
vt -0.721601 3.222701
vt -0.322351 3.226185
vt -0.322350 -2.226088
vt -0.721600 -2.222604
vt -0.722385 -2.312583
vt -0.323136 -2.316067
vt -0.322994 0.771737
vt -0.722243 0.771737
vt -0.323136 3.316164
vt -0.722386 3.312680
vt -1.314309 0.717326
vt -1.314308 0.731586
vt -1.713558 0.731586
vt -1.713559 0.717326
vt -1.712774 0.283459
vt -1.712773 0.269199
vt -1.313523 0.269199
vt -1.313524 0.283459
vt -1.712926 0.235705
vt -1.313676 0.235705
vt -1.713400 -1.489140
vt -1.314150 -1.492624
vt -1.313676 -1.438329
vt -1.712926 -1.434845
vt -1.314293 0.934758
vt -1.314292 0.945902
vt -1.713542 0.945902
vt -1.713542 0.934758
vt -1.712757 0.066027
vt -1.712756 0.054882
vt -1.313507 0.054882
vt -1.313508 0.066027
vt -1.314138 2.491270
vt -1.713388 2.487786
vt -1.712914 2.433491
vt -1.313664 2.436975
vt -1.712757 2.415521
vt -1.313508 2.419006
vt -1.313507 -1.418908
vt -1.712756 -1.415424
vt -1.713541 -1.505403
vt -1.314292 -1.508887
vt -1.314150 0.764768
vt -1.713400 0.764768
vt -1.314293 2.508984
vt -1.713542 2.505500
vt -0.815247 0.717326
vt -0.815246 0.731586
vt -1.214496 0.731586
vt -1.214497 0.717326
vt -1.213712 0.283459
vt -1.213711 0.269199
vt -0.814461 0.269199
vt -0.814462 0.283459
vt -1.213864 0.235705
vt -0.814614 0.235705
vt -1.214337 -1.493495
vt -0.815088 -1.496980
vt -0.814614 -1.442685
vt -1.213864 -1.439201
vt -0.815231 0.934758
vt -0.815230 0.945902
vt -1.214479 0.945902
vt -1.214480 0.934758
vt -1.213695 0.066027
vt -1.213694 0.054882
vt -0.814444 0.054882
vt -0.814445 0.066027
vt -0.815076 2.495625
vt -1.214326 2.492141
vt -1.213852 2.437846
vt -0.814602 2.441330
vt -1.213695 2.419877
vt -0.814445 2.423361
vt -0.814444 -1.423264
vt -1.213694 -1.419779
vt -1.214479 -1.509758
vt -0.815230 -1.513242
vt -0.815088 0.764768
vt -1.214337 0.764768
vt -0.815231 2.513340
vt -1.214480 2.509855
vt -0.316185 0.717326
vt -0.316184 0.731586
vt -0.715434 0.731586
vt -0.715435 0.717326
vt -0.714649 0.283459
vt -0.714648 0.269199
vt -0.315399 0.269199
vt -0.315400 0.283459
vt -0.714801 0.235705
vt -0.315552 0.235705
vt -0.715275 -1.497851
vt -0.316026 -1.501335
vt -0.315552 -1.447040
vt -0.714801 -1.443556
vt -0.316168 0.934758
vt -0.316167 0.945902
vt -0.715417 0.945902
vt -0.715418 0.934758
vt -0.714633 0.066027
vt -0.714632 0.054882
vt -0.315382 0.054882
vt -0.315383 0.066027
vt -0.316014 2.499981
vt -0.715263 2.496496
vt -0.714790 2.442201
vt -0.315540 2.445686
vt -0.714633 2.424232
vt -0.315383 2.427716
vt -0.315382 -1.427619
vt -0.714632 -1.424135
vt -0.715417 -1.514113
vt -0.316167 -1.517598
vt -0.316026 0.764768
vt -0.715275 0.764768
vt -0.316168 2.517695
vt -0.715418 2.514210
vt 2.271970 0.724295
vt 2.671220 0.724295
vt 2.671221 0.738554
vt 2.271971 0.738554
vt 2.672005 0.276490
vt 2.272755 0.276490
vt 2.272757 0.262231
vt 2.672006 0.262231
vt 2.671853 0.228737
vt 2.272603 0.228737
vt 2.671379 -2.325936
vt 2.671853 -2.271641
vt 2.272603 -2.268157
vt 2.272130 -2.322452
vt 2.271986 0.941727
vt 2.671236 0.941727
vt 2.671237 0.952871
vt 2.271987 0.952871
vt 2.672022 0.059058
vt 2.272772 0.059058
vt 2.272773 0.047914
vt 2.672023 0.047914
vt 2.272141 3.321097
vt 2.272615 3.266802
vt 2.671865 3.270287
vt 2.671391 3.324582
vt 2.272772 3.248833
vt 2.672022 3.252317
vt 2.272773 -2.248735
vt 2.271988 -2.338714
vt 2.671237 -2.342198
vt 2.672023 -2.252220
vt 2.272130 0.771737
vt 2.671379 0.771737
vt 2.671236 3.342296
vt 2.271987 3.338811
vt 1.772908 0.724295
vt 2.172158 0.724295
vt 2.172159 0.738554
vt 1.772909 0.738554
vt 2.172943 0.276490
vt 1.773693 0.276490
vt 1.773694 0.262231
vt 2.172944 0.262231
vt 2.172791 0.228737
vt 1.773541 0.228737
vt 2.172317 -2.321581
vt 2.172791 -2.267286
vt 1.773541 -2.263801
vt 1.773067 -2.318096
vt 1.772924 0.941727
vt 2.172174 0.941727
vt 2.172175 0.952871
vt 1.772925 0.952871
vt 2.172960 0.059058
vt 1.773710 0.059058
vt 1.773711 0.047914
vt 2.172961 0.047914
vt 1.773079 3.316742
vt 1.773553 3.262447
vt 2.172803 3.265931
vt 2.172329 3.320226
vt 1.773710 3.244478
vt 2.172960 3.247962
vt 1.773711 -2.244380
vt 1.772925 -2.334359
vt 2.172175 -2.337843
vt 2.172961 -2.247864
vt 1.773067 0.771737
vt 2.172317 0.771737
vt 2.172174 3.337940
vt 1.772924 3.334456
vt 1.273846 0.724295
vt 1.673095 0.724295
vt 1.673097 0.738554
vt 1.273847 0.738554
vt 1.673881 0.276490
vt 1.274631 0.276490
vt 1.274632 0.262231
vt 1.673882 0.262231
vt 1.673729 0.228737
vt 1.274479 0.228737
vt 1.673255 -2.317225
vt 1.673729 -2.262930
vt 1.274479 -2.259446
vt 1.274005 -2.313741
vt 1.273862 0.941727
vt 1.673112 0.941727
vt 1.673113 0.952871
vt 1.273863 0.952871
vt 1.673897 0.059058
vt 1.274647 0.059058
vt 1.274648 0.047914
vt 1.673898 0.047914
vt 1.274017 3.312387
vt 1.274491 3.258092
vt 1.673740 3.261576
vt 1.673267 3.315871
vt 1.274647 3.240122
vt 1.673897 3.243606
vt 1.274648 -2.240025
vt 1.273863 -2.330004
vt 1.673113 -2.333488
vt 1.673898 -2.243509
vt 1.274005 0.771737
vt 1.673255 0.771737
vt 1.673112 3.333585
vt 1.273862 3.330101
vt 2.278938 0.717326
vt 2.678188 0.717326
vt 2.678189 0.731586
vt 2.278939 0.731586
vt 2.678973 0.283459
vt 2.279723 0.283459
vt 2.279725 0.269199
vt 2.678974 0.269199
vt 2.678821 0.235705
vt 2.279571 0.235705
vt 2.678347 -1.527466
vt 2.678821 -1.473171
vt 2.279571 -1.469687
vt 2.279098 -1.523982
vt 2.278955 0.934758
vt 2.678205 0.934758
vt 2.678205 0.945902
vt 2.278955 0.945902
vt 2.678990 0.066027
vt 2.279740 0.066027
vt 2.279741 0.054882
vt 2.678991 0.054882
vt 2.279109 2.522628
vt 2.279583 2.468333
vt 2.678833 2.471817
vt 2.678359 2.526112
vt 2.279740 2.450363
vt 2.678990 2.453848
vt 2.279741 -1.450266
vt 2.278956 -1.540245
vt 2.678205 -1.543729
vt 2.678991 -1.453750
vt 2.279098 0.764768
vt 2.678347 0.764768
vt 2.678205 2.543826
vt 2.278955 2.540342
vt 1.779876 0.717326
vt 2.179126 0.717326
vt 2.179127 0.731586
vt 1.779877 0.731586
vt 2.179911 0.283459
vt 1.780661 0.283459
vt 1.780662 0.269199
vt 2.179912 0.269199
vt 2.179759 0.235705
vt 1.780509 0.235705
vt 2.179285 -1.523111
vt 2.179759 -1.468816
vt 1.780509 -1.465332
vt 1.780035 -1.519627
vt 1.779892 0.934758
vt 2.179142 0.934758
vt 2.179143 0.945902
vt 1.779893 0.945902
vt 2.179928 0.066027
vt 1.780678 0.066027
vt 1.780679 0.054882
vt 2.179929 0.054882
vt 1.780047 2.518273
vt 1.780521 2.463978
vt 2.179771 2.467462
vt 2.179297 2.521757
vt 1.780678 2.446008
vt 2.179928 2.449492
vt 1.780679 -1.445911
vt 1.779893 -1.535890
vt 2.179143 -1.539374
vt 2.179929 -1.449395
vt 1.780035 0.764768
vt 2.179285 0.764768
vt 2.179142 2.539471
vt 1.779892 2.535987
vt 1.280814 0.717326
vt 1.680064 0.717326
vt 1.680065 0.731586
vt 1.280815 0.731586
vt 1.680849 0.283459
vt 1.281599 0.283459
vt 1.281600 0.269199
vt 1.680850 0.269199
vt 1.680697 0.235705
vt 1.281447 0.235705
vt 1.680223 -1.518756
vt 1.680697 -1.464461
vt 1.281447 -1.460977
vt 1.280973 -1.515272
vt 1.280830 0.934758
vt 1.680080 0.934758
vt 1.680081 0.945902
vt 1.280831 0.945902
vt 1.680865 0.066027
vt 1.281616 0.066027
vt 1.281616 0.054882
vt 1.680866 0.054882
vt 1.280985 2.513917
vt 1.281459 2.459622
vt 1.680709 2.463107
vt 1.680235 2.517402
vt 1.281616 2.441653
vt 1.680865 2.445137
vt 1.281616 -1.441556
vt 1.280831 -1.531534
vt 1.680081 -1.535019
vt 1.680866 -1.445040
vt 1.280973 0.764768
vt 1.680223 0.764768
vt 1.680080 2.535116
vt 1.280830 2.531631
vt 2.320661 0.324399
vt 2.320662 0.310139
vt 2.719912 0.310139
vt 2.719911 0.324399
vt 2.719126 0.676387
vt 2.719127 0.690647
vt 2.319877 0.690647
vt 2.319876 0.676387
vt 2.719285 0.723829
vt 2.320035 0.723829
vt 2.719759 3.217835
vt 2.320509 3.221320
vt 2.320035 3.167025
vt 2.719285 3.163540
vt 2.320678 0.106966
vt 2.320679 0.095822
vt 2.719929 0.095822
vt 2.719928 0.106966
vt 2.719142 0.893819
vt 2.719143 0.904963
vt 2.319893 0.904963
vt 2.319892 0.893819
vt 2.320521 -2.222674
vt 2.719771 -2.219190
vt 2.719297 -2.164895
vt 2.320047 -2.168379
vt 2.719142 -2.147181
vt 2.319892 -2.150665
vt 2.319893 3.150762
vt 2.719143 3.147278
vt 2.719929 3.237257
vt 2.320679 3.240741
vt 2.320509 0.276645
vt 2.719759 0.276645
vt 2.320678 -2.240644
vt 2.719928 -2.237159
vt 1.821599 0.324399
vt 1.821600 0.310139
vt 2.220850 0.310139
vt 2.220849 0.324399
vt 2.220064 0.676387
vt 2.220065 0.690647
vt 1.820815 0.690647
vt 1.820814 0.676387
vt 2.220223 0.723829
vt 1.820973 0.723829
vt 2.220697 3.222191
vt 1.821447 3.225675
vt 1.820973 3.171380
vt 2.220223 3.167896
vt 1.821615 0.106966
vt 1.821616 0.095822
vt 2.220866 0.095822
vt 2.220865 0.106966
vt 2.220080 0.893819
vt 2.220081 0.904963
vt 1.820831 0.904963
vt 1.820830 0.893819
vt 1.821459 -2.227029
vt 2.220709 -2.223545
vt 2.220235 -2.169250
vt 1.820985 -2.172734
vt 2.220080 -2.151536
vt 1.820830 -2.155020
vt 1.820831 3.155117
vt 2.220081 3.151633
vt 2.220866 3.241612
vt 1.821616 3.245096
vt 1.821447 0.276645
vt 2.220697 0.276645
vt 1.821615 -2.244999
vt 2.220865 -2.241514
vt 1.322537 0.324399
vt 1.322538 0.310139
vt 1.721788 0.310139
vt 1.721787 0.324399
vt 1.721002 0.676387
vt 1.721003 0.690647
vt 1.321753 0.690647
vt 1.321752 0.676387
vt 1.721161 0.723829
vt 1.321911 0.723829
vt 1.721635 3.226546
vt 1.322385 3.230030
vt 1.321911 3.175735
vt 1.721161 3.172251
vt 1.322553 0.106966
vt 1.322554 0.095822
vt 1.721804 0.095822
vt 1.721803 0.106966
vt 1.721018 0.893819
vt 1.721019 0.904963
vt 1.321769 0.904963
vt 1.321768 0.893819
vt 1.322397 -2.231384
vt 1.721646 -2.227900
vt 1.721173 -2.173605
vt 1.321923 -2.177089
vt 1.721018 -2.155891
vt 1.321768 -2.159375
vt 1.321769 3.159472
vt 1.721019 3.155988
vt 1.721804 3.245967
vt 1.322554 3.249451
vt 1.322385 0.276645
vt 1.721635 0.276645
vt 1.322553 -2.249354
vt 1.721803 -2.245870
vt 2.313693 0.317430
vt 2.313694 0.303171
vt 2.712944 0.303171
vt 2.712943 0.317430
vt 2.712158 0.683355
vt 2.712159 0.697615
vt 2.312909 0.697615
vt 2.312908 0.683355
vt 2.712317 0.730797
vt 2.313067 0.730797
vt 2.712791 2.419366
vt 2.313541 2.422850
vt 2.313067 2.368555
vt 2.712317 2.365071
vt 2.313710 0.099998
vt 2.313711 0.088854
vt 2.712960 0.088854
vt 2.712959 0.099998
vt 2.712174 0.900788
vt 2.712175 0.911932
vt 2.312925 0.911932
vt 2.312924 0.900788
vt 2.313553 -1.424205
vt 2.712803 -1.420720
vt 2.712329 -1.366425
vt 2.313079 -1.369910
vt 2.712174 -1.348711
vt 2.312924 -1.352196
vt 2.312925 2.352293
vt 2.712175 2.348809
vt 2.712960 2.438787
vt 2.313711 2.442271
vt 2.313541 0.269677
vt 2.712791 0.269677
vt 2.313710 -1.442174
vt 2.712959 -1.438690
vt 1.814631 0.317430
vt 1.814632 0.303171
vt 2.213882 0.303171
vt 2.213881 0.317430
vt 2.213096 0.683355
vt 2.213097 0.697615
vt 1.813847 0.697615
vt 1.813846 0.683355
vt 2.213255 0.730797
vt 1.814005 0.730797
vt 2.213729 2.423722
vt 1.814479 2.427206
vt 1.814005 2.372911
vt 2.213255 2.369426
vt 1.814647 0.099998
vt 1.814648 0.088854
vt 2.213898 0.088854
vt 2.213897 0.099998
vt 2.213112 0.900788
vt 2.213113 0.911932
vt 1.813863 0.911932
vt 1.813862 0.900788
vt 1.814491 -1.428560
vt 2.213740 -1.425076
vt 2.213267 -1.370781
vt 1.814017 -1.374265
vt 2.213112 -1.353067
vt 1.813862 -1.356551
vt 1.813863 2.356648
vt 2.213113 2.353164
vt 2.213898 2.443143
vt 1.814648 2.446627
vt 1.814479 0.269677
vt 2.213729 0.269677
vt 1.814647 -1.446530
vt 2.213897 -1.443045
vt 1.315569 0.317430
vt 1.315570 0.303171
vt 1.714820 0.303171
vt 1.714819 0.317430
vt 1.714033 0.683355
vt 1.714034 0.697615
vt 1.314785 0.697615
vt 1.314783 0.683355
vt 1.714193 0.730797
vt 1.314943 0.730797
vt 1.714666 2.428077
vt 1.315417 2.431561
vt 1.314943 2.377266
vt 1.714193 2.373782
vt 1.315585 0.099998
vt 1.315586 0.088854
vt 1.714836 0.088854
vt 1.714835 0.099998
vt 1.714050 0.900788
vt 1.714051 0.911932
vt 1.314801 0.911932
vt 1.314800 0.900788
vt 1.315428 -1.432915
vt 1.714678 -1.429431
vt 1.714204 -1.375136
vt 1.314955 -1.378620
vt 1.714050 -1.357422
vt 1.314800 -1.360906
vt 1.314801 2.361003
vt 1.714051 2.357519
vt 1.714836 2.447498
vt 1.315586 2.450982
vt 1.315417 0.269677
vt 1.714666 0.269677
vt 1.315585 -1.450885
vt 1.714835 -1.447401
vt -1.321277 0.724295
vt -1.321276 0.738554
vt -1.720526 0.738554
vt -1.720527 0.724295
vt -1.719742 0.276490
vt -1.719741 0.262231
vt -1.320491 0.262231
vt -1.320492 0.276490
vt -1.719894 0.228737
vt -1.320644 0.228737
vt -1.720368 -2.287610
vt -1.321118 -2.291094
vt -1.320644 -2.236799
vt -1.719894 -2.233315
vt -1.321261 0.941727
vt -1.321260 0.952871
vt -1.720510 0.952871
vt -1.720511 0.941727
vt -1.719725 0.059058
vt -1.719724 0.047914
vt -1.320475 0.047914
vt -1.320476 0.059058
vt -1.321106 3.289740
vt -1.720356 3.286255
vt -1.719882 3.231960
vt -1.320632 3.235445
vt -1.719725 3.213991
vt -1.320476 3.217475
vt -1.320475 -2.217378
vt -1.719724 -2.213893
vt -1.720510 -2.303872
vt -1.321260 -2.307356
vt -1.321118 0.771737
vt -1.720368 0.771737
vt -1.321261 3.307454
vt -1.720511 3.303969
vt -0.822215 0.724295
vt -0.822214 0.738554
vt -1.221464 0.738554
vt -1.221465 0.724295
vt -1.220680 0.276490
vt -1.220679 0.262231
vt -0.821429 0.262231
vt -0.821430 0.276490
vt -1.220832 0.228737
vt -0.821582 0.228737
vt -1.221306 -2.291965
vt -0.822056 -2.295449
vt -0.821582 -2.241154
vt -1.220832 -2.237670
vt -0.822199 0.941727
vt -0.822198 0.952871
vt -1.221448 0.952871
vt -1.221449 0.941727
vt -1.220663 0.059058
vt -1.220662 0.047914
vt -0.821412 0.047914
vt -0.821413 0.059058
vt -0.822044 3.294095
vt -1.221294 3.290611
vt -1.220820 3.236315
vt -0.821570 3.239800
vt -1.220663 3.218346
vt -0.821413 3.221830
vt -0.821412 -2.221733
vt -1.220662 -2.218249
vt -1.221447 -2.308227
vt -0.822198 -2.311712
vt -0.822056 0.771737
vt -1.221306 0.771737
vt -0.822199 3.311809
vt -1.221448 3.308325
vt -0.323153 0.724295
vt -0.323152 0.738554
vt -0.722402 0.738554
vt -0.722403 0.724295
vt -0.721617 0.276490
vt -0.721616 0.262231
vt -0.322367 0.262231
vt -0.322368 0.276490
vt -0.721770 0.228737
vt -0.322520 0.228737
vt -0.722243 -2.296320
vt -0.322994 -2.299804
vt -0.322520 -2.245509
vt -0.721770 -2.242025
vt -0.323136 0.941727
vt -0.323136 0.952871
vt -0.722385 0.952871
vt -0.722386 0.941727
vt -0.721601 0.059058
vt -0.721600 0.047914
vt -0.322350 0.047914
vt -0.322351 0.059058
vt -0.322982 3.298450
vt -0.722232 3.294966
vt -0.721758 3.240671
vt -0.322508 3.244155
vt -0.721601 3.222701
vt -0.322351 3.226185
vt -0.322350 -2.226088
vt -0.721600 -2.222604
vt -0.722385 -2.312583
vt -0.323136 -2.316067
vt -0.322994 0.771737
vt -0.722243 0.771737
vt -0.323136 3.316164
vt -0.722386 3.312680
vt -1.314309 0.717326
vt -1.314308 0.731586
vt -1.713558 0.731586
vt -1.713559 0.717326
vt -1.712774 0.283459
vt -1.712773 0.269199
vt -1.313523 0.269199
vt -1.313524 0.283459
vt -1.712926 0.235705
vt -1.313676 0.235705
vt -1.713400 -1.489140
vt -1.314150 -1.492624
vt -1.313676 -1.438329
vt -1.712926 -1.434845
vt -1.314293 0.934758
vt -1.314292 0.945902
vt -1.713542 0.945902
vt -1.713542 0.934758
vt -1.712757 0.066027
vt -1.712756 0.054882
vt -1.313507 0.054882
vt -1.313508 0.066027
vt -1.314138 2.491270
vt -1.713388 2.487786
vt -1.712914 2.433491
vt -1.313664 2.436975
vt -1.712757 2.415521
vt -1.313508 2.419006
vt -1.313507 -1.418908
vt -1.712756 -1.415424
vt -1.713541 -1.505403
vt -1.314292 -1.508887
vt -1.314150 0.764768
vt -1.713400 0.764768
vt -1.314293 2.508984
vt -1.713542 2.505500
vt -0.815247 0.717326
vt -0.815246 0.731586
vt -1.214496 0.731586
vt -1.214497 0.717326
vt -1.213712 0.283459
vt -1.213711 0.269199
vt -0.814461 0.269199
vt -0.814462 0.283459
vt -1.213864 0.235705
vt -0.814614 0.235705
vt -1.214337 -1.493495
vt -0.815088 -1.496980
vt -0.814614 -1.442685
vt -1.213864 -1.439201
vt -0.815231 0.934758
vt -0.815230 0.945902
vt -1.214479 0.945902
vt -1.214480 0.934758
vt -1.213695 0.066027
vt -1.213694 0.054882
vt -0.814444 0.054882
vt -0.814445 0.066027
vt -0.815076 2.495625
vt -1.214326 2.492141
vt -1.213852 2.437846
vt -0.814602 2.441330
vt -1.213695 2.419877
vt -0.814445 2.423361
vt -0.814444 -1.423264
vt -1.213694 -1.419779
vt -1.214479 -1.509758
vt -0.815230 -1.513242
vt -0.815088 0.764768
vt -1.214337 0.764768
vt -0.815231 2.513340
vt -1.214480 2.509855
vt -0.316185 0.717326
vt -0.316184 0.731586
vt -0.715434 0.731586
vt -0.715435 0.717326
vt -0.714649 0.283459
vt -0.714648 0.269199
vt -0.315399 0.269199
vt -0.315400 0.283459
vt -0.714801 0.235705
vt -0.315552 0.235705
vt -0.715275 -1.497851
vt -0.316026 -1.501335
vt -0.315552 -1.447040
vt -0.714801 -1.443556
vt -0.316168 0.934758
vt -0.316167 0.945902
vt -0.715417 0.945902
vt -0.715418 0.934758
vt -0.714633 0.066027
vt -0.714632 0.054882
vt -0.315382 0.054882
vt -0.315383 0.066027
vt -0.316014 2.499981
vt -0.715263 2.496496
vt -0.714790 2.442201
vt -0.315540 2.445686
vt -0.714633 2.424232
vt -0.315383 2.427716
vt -0.315382 -1.427619
vt -0.714632 -1.424135
vt -0.715417 -1.514113
vt -0.316167 -1.517598
vt -0.316026 0.764768
vt -0.715275 0.764768
vt -0.316168 2.517695
vt -0.715418 2.514210
vt -1.272586 0.324399
vt -1.671836 0.324399
vt -1.671835 0.310139
vt -1.272585 0.310139
vt -1.672621 0.676387
vt -1.273371 0.676387
vt -1.273370 0.690647
vt -1.672620 0.690647
vt -1.672462 0.723829
vt -1.273212 0.723829
vt -1.671988 3.256162
vt -1.672462 3.201867
vt -1.273212 3.198382
vt -1.272738 3.252677
vt -1.272570 0.106966
vt -1.671819 0.106966
vt -1.671818 0.095822
vt -1.272569 0.095822
vt -1.672605 0.893819
vt -1.273355 0.893819
vt -1.273354 0.904963
vt -1.672604 0.904963
vt -1.272727 -2.254032
vt -1.273200 -2.199737
vt -1.672450 -2.203221
vt -1.671976 -2.257516
vt -1.273355 -2.182023
vt -1.672605 -2.185507
vt -1.273354 3.182120
vt -1.272569 3.272099
vt -1.671818 3.275583
vt -1.672604 3.185604
vt -1.272738 0.276645
vt -1.671988 0.276645
vt -1.671819 -2.275486
vt -1.272570 -2.272001
vt -0.773524 0.324399
vt -1.172774 0.324399
vt -1.172773 0.310139
vt -0.773523 0.310139
vt -1.173559 0.676387
vt -0.774309 0.676387
vt -0.774308 0.690647
vt -1.173558 0.690647
vt -1.173400 0.723829
vt -0.774150 0.723829
vt -1.172926 3.251806
vt -1.173400 3.197511
vt -0.774150 3.194027
vt -0.773676 3.248322
vt -0.773508 0.106966
vt -1.172757 0.106966
vt -1.172756 0.095822
vt -0.773507 0.095822
vt -1.173542 0.893819
vt -0.774293 0.893819
vt -0.774292 0.904963
vt -1.173542 0.904963
vt -0.773664 -2.249676
vt -0.774138 -2.195381
vt -1.173388 -2.198866
vt -1.172914 -2.253161
vt -0.774293 -2.177667
vt -1.173543 -2.181152
vt -0.774292 3.177765
vt -0.773507 3.267743
vt -1.172756 3.271228
vt -1.173542 3.181249
vt -0.773676 0.276645
vt -1.172926 0.276645
vt -1.172757 -2.271130
vt -0.773508 -2.267646
vt -0.274462 0.324399
vt -0.673712 0.324399
vt -0.673711 0.310139
vt -0.274461 0.310139
vt -0.674497 0.676387
vt -0.275247 0.676387
vt -0.275246 0.690647
vt -0.674496 0.690647
vt -0.674338 0.723829
vt -0.275088 0.723829
vt -0.673864 3.247451
vt -0.674337 3.193156
vt -0.275088 3.189672
vt -0.274614 3.243967
vt -0.274445 0.106966
vt -0.673695 0.106966
vt -0.673694 0.095822
vt -0.274444 0.095822
vt -0.674480 0.893819
vt -0.275231 0.893819
vt -0.275230 0.904963
vt -0.674479 0.904963
vt -0.274602 -2.245321
vt -0.275076 -2.191026
vt -0.674326 -2.194510
vt -0.673852 -2.248805
vt -0.275231 -2.173312
vt -0.674480 -2.176796
vt -0.275230 3.173409
vt -0.274444 3.263388
vt -0.673694 3.266872
vt -0.674479 3.176893
vt -0.274614 0.276645
vt -0.673864 0.276645
vt -0.673695 -2.266775
vt -0.274445 -2.263291
vt -1.279554 0.317430
vt -1.678804 0.317430
vt -1.678803 0.303171
vt -1.279553 0.303171
vt -1.679589 0.683355
vt -1.280339 0.683355
vt -1.280338 0.697615
vt -1.679588 0.697615
vt -1.679430 0.730797
vt -1.280180 0.730797
vt -1.678956 2.457692
vt -1.679430 2.403397
vt -1.280180 2.399913
vt -1.279706 2.454208
vt -1.279538 0.099998
vt -1.678788 0.099998
vt -1.678787 0.088854
vt -1.279537 0.088854
vt -1.679573 0.900788
vt -1.280323 0.900788
vt -1.280322 0.911932
vt -1.679572 0.911932
vt -1.279695 -1.455562
vt -1.280168 -1.401267
vt -1.679418 -1.404752
vt -1.678944 -1.459047
vt -1.280323 -1.383553
vt -1.679573 -1.387038
vt -1.280322 2.383651
vt -1.279537 2.473629
vt -1.678787 2.477113
vt -1.679572 2.387135
vt -1.279706 0.269677
vt -1.678956 0.269677
vt -1.678788 -1.477016
vt -1.279538 -1.473532
vt -0.780492 0.317430
vt -1.179742 0.317430
vt -1.179741 0.303171
vt -0.780491 0.303171
vt -1.180527 0.683355
vt -0.781277 0.683355
vt -0.781276 0.697615
vt -1.180526 0.697615
vt -1.180368 0.730797
vt -0.781118 0.730797
vt -1.179894 2.453337
vt -1.180368 2.399042
vt -0.781118 2.395558
vt -0.780644 2.449853
vt -0.780476 0.099998
vt -1.179725 0.099998
vt -1.179724 0.088854
vt -0.780475 0.088854
vt -1.180511 0.900788
vt -0.781261 0.900788
vt -0.781260 0.911932
vt -1.180510 0.911932
vt -0.780632 -1.451207
vt -0.781106 -1.396912
vt -1.180356 -1.400396
vt -1.179882 -1.454691
vt -0.781261 -1.379198
vt -1.180511 -1.382682
vt -0.781260 2.379296
vt -0.780475 2.469274
vt -1.179724 2.472758
vt -1.180510 2.382780
vt -0.780644 0.269677
vt -1.179894 0.269677
vt -1.179725 -1.472661
vt -0.780476 -1.469177
vt -0.281430 0.317430
vt -0.680680 0.317430
vt -0.680679 0.303171
vt -0.281429 0.303171
vt -0.681465 0.683355
vt -0.282215 0.683355
vt -0.282214 0.697615
vt -0.681464 0.697615
vt -0.681306 0.730797
vt -0.282056 0.730797
vt -0.680832 2.448982
vt -0.681306 2.394687
vt -0.282056 2.391203
vt -0.281582 2.445498
vt -0.281413 0.099998
vt -0.680663 0.099998
vt -0.680662 0.088854
vt -0.281413 0.088854
vt -0.681448 0.900788
vt -0.282199 0.900788
vt -0.282198 0.911932
vt -0.681448 0.911932
vt -0.281570 -1.446852
vt -0.282044 -1.392557
vt -0.681294 -1.396041
vt -0.680820 -1.450336
vt -0.282199 -1.374843
vt -0.681448 -1.378327
vt -0.282198 2.374940
vt -0.281413 2.464919
vt -0.680662 2.468403
vt -0.681447 2.378424
vt -0.281582 0.269677
vt -0.680832 0.269677
vt -0.680663 -1.468306
vt -0.281413 -1.464821
vn 0.0000 0.0000 -1.0000
vn 0.0000 0.0000 1.0000
vn 0.0000 0.4719 0.8817
vn 0.0000 1.0000 0.0000
vn 0.0000 -1.0000 0.0000
vn 0.0000 -0.7731 0.6343
vn 0.0000 0.4719 -0.8817
vn 0.0000 -0.7731 -0.6343
usemtl sandstone
s 1
f 4555/9009/412 4556/9010/412 4560/9011/412 4559/9012/412
f 4557/9013/413 4558/9014/413 4554/9015/413 4553/9016/413
f 4568/9017/414 4565/9018/414 4554/9015/414 4558/9014/414
f 4567/9019/415 4566/9020/415 4565/9021/415 4568/9022/415
f 4562/9023/412 4561/9024/412 4572/9025/412 4571/9026/412
f 4569/9027/413 4570/9028/413 4563/9029/413 4564/9030/413
f 4575/9031/416 4574/9032/416 4573/9033/416 4576/9034/416
f 4576/9034/417 4573/9033/417 4569/9035/417 4564/9036/417
f 4563/9037/415 4570/9038/415 4572/9039/415 4561/9040/415
f 4566/9041/418 4567/9042/418 4560/9011/418 4556/9010/418
f 4574/9032/419 4575/9031/419 4562/9043/419 4571/9044/419
f 4579/9045/412 4580/9046/412 4584/9047/412 4583/9048/412
f 4581/9049/413 4582/9050/413 4578/9051/413 4577/9052/413
f 4592/9053/414 4589/9054/414 4578/9051/414 4582/9050/414
f 4591/9055/415 4590/9056/415 4589/9057/415 4592/9058/415
f 4586/9059/412 4585/9060/412 4596/9061/412 4595/9062/412
f 4593/9063/413 4594/9064/413 4587/9065/413 4588/9066/413
f 4599/9067/416 4598/9068/416 4597/9069/416 4600/9070/416
f 4600/9070/417 4597/9069/417 4593/9071/417 4588/9072/417
f 4587/9073/415 4594/9074/415 4596/9075/415 4585/9076/415
f 4590/9077/418 4591/9078/418 4584/9047/418 4580/9046/418
f 4598/9068/419 4599/9067/419 4586/9079/419 4595/9080/419
f 4603/9081/412 4604/9082/412 4608/9083/412 4607/9084/412
f 4605/9085/413 4606/9086/413 4602/9087/413 4601/9088/413
f 4616/9089/414 4613/9090/414 4602/9087/414 4606/9086/414
f 4615/9091/415 4614/9092/415 4613/9093/415 4616/9094/415
f 4610/9095/412 4609/9096/412 4620/9097/412 4619/9098/412
f 4617/9099/413 4618/9100/413 4611/9101/413 4612/9102/413
f 4623/9103/416 4622/9104/416 4621/9105/416 4624/9106/416
f 4624/9106/417 4621/9105/417 4617/9107/417 4612/9108/417
f 4611/9109/415 4618/9110/415 4620/9111/415 4609/9112/415
f 4614/9113/418 4615/9114/418 4608/9083/418 4604/9082/418
f 4622/9104/419 4623/9103/419 4610/9115/419 4619/9116/419
f 4627/9117/412 4628/9118/412 4632/9119/412 4631/9120/412
f 4629/9121/413 4630/9122/413 4626/9123/413 4625/9124/413
f 4640/9125/414 4637/9126/414 4626/9123/414 4630/9122/414
f 4639/9127/415 4638/9128/415 4637/9129/415 4640/9130/415
f 4634/9131/412 4633/9132/412 4644/9133/412 4643/9134/412
f 4641/9135/413 4642/9136/413 4635/9137/413 4636/9138/413
f 4647/9139/416 4646/9140/416 4645/9141/416 4648/9142/416
f 4648/9142/417 4645/9141/417 4641/9143/417 4636/9144/417
f 4635/9145/415 4642/9146/415 4644/9147/415 4633/9148/415
f 4638/9149/418 4639/9150/418 4632/9119/418 4628/9118/418
f 4646/9140/419 4647/9139/419 4634/9151/419 4643/9152/419
f 4651/9153/412 4652/9154/412 4656/9155/412 4655/9156/412
f 4653/9157/413 4654/9158/413 4650/9159/413 4649/9160/413
f 4664/9161/414 4661/9162/414 4650/9159/414 4654/9158/414
f 4663/9163/415 4662/9164/415 4661/9165/415 4664/9166/415
f 4658/9167/412 4657/9168/412 4668/9169/412 4667/9170/412
f 4665/9171/413 4666/9172/413 4659/9173/413 4660/9174/413
f 4671/9175/416 4670/9176/416 4669/9177/416 4672/9178/416
f 4672/9178/417 4669/9177/417 4665/9179/417 4660/9180/417
f 4659/9181/415 4666/9182/415 4668/9183/415 4657/9184/415
f 4662/9185/418 4663/9186/418 4656/9155/418 4652/9154/418
f 4670/9176/419 4671/9175/419 4658/9187/419 4667/9188/419
f 4675/9189/412 4676/9190/412 4680/9191/412 4679/9192/412
f 4677/9193/413 4678/9194/413 4674/9195/413 4673/9196/413
f 4688/9197/414 4685/9198/414 4674/9195/414 4678/9194/414
f 4687/9199/415 4686/9200/415 4685/9201/415 4688/9202/415
f 4682/9203/412 4681/9204/412 4692/9205/412 4691/9206/412
f 4689/9207/413 4690/9208/413 4683/9209/413 4684/9210/413
f 4695/9211/416 4694/9212/416 4693/9213/416 4696/9214/416
f 4696/9214/417 4693/9213/417 4689/9215/417 4684/9216/417
f 4683/9217/415 4690/9218/415 4692/9219/415 4681/9220/415
f 4686/9221/418 4687/9222/418 4680/9191/418 4676/9190/418
f 4694/9212/419 4695/9211/419 4682/9223/419 4691/9224/419
f 4699/9225/413 4703/9226/413 4704/9227/413 4700/9228/413
f 4701/9229/412 4697/9230/412 4698/9231/412 4702/9232/412
f 4712/9233/418 4702/9232/418 4698/9231/418 4709/9234/418
f 4711/9235/415 4712/9236/415 4709/9237/415 4710/9238/415
f 4706/9239/413 4715/9240/413 4716/9241/413 4705/9242/413
f 4713/9243/412 4708/9244/412 4707/9245/412 4714/9246/412
f 4719/9247/416 4720/9248/416 4717/9249/416 4718/9250/416
f 4720/9248/419 4708/9251/419 4713/9252/419 4717/9249/419
f 4707/9253/415 4705/9254/415 4716/9255/415 4714/9256/415
f 4710/9257/414 4700/9228/414 4704/9227/414 4711/9258/414
f 4718/9250/417 4715/9259/417 4706/9260/417 4719/9247/417
f 4723/9261/413 4727/9262/413 4728/9263/413 4724/9264/413
f 4725/9265/412 4721/9266/412 4722/9267/412 4726/9268/412
f 4736/9269/418 4726/9268/418 4722/9267/418 4733/9270/418
f 4735/9271/415 4736/9272/415 4733/9273/415 4734/9274/415
f 4730/9275/413 4739/9276/413 4740/9277/413 4729/9278/413
f 4737/9279/412 4732/9280/412 4731/9281/412 4738/9282/412
f 4743/9283/416 4744/9284/416 4741/9285/416 4742/9286/416
f 4744/9284/419 4732/9287/419 4737/9288/419 4741/9285/419
f 4731/9289/415 4729/9290/415 4740/9291/415 4738/9292/415
f 4734/9293/414 4724/9264/414 4728/9263/414 4735/9294/414
f 4742/9286/417 4739/9295/417 4730/9296/417 4743/9283/417
f 4747/9297/413 4751/9298/413 4752/9299/413 4748/9300/413
f 4749/9301/412 4745/9302/412 4746/9303/412 4750/9304/412
f 4760/9305/418 4750/9304/418 4746/9303/418 4757/9306/418
f 4759/9307/415 4760/9308/415 4757/9309/415 4758/9310/415
f 4754/9311/413 4763/9312/413 4764/9313/413 4753/9314/413
f 4761/9315/412 4756/9316/412 4755/9317/412 4762/9318/412
f 4767/9319/416 4768/9320/416 4765/9321/416 4766/9322/416
f 4768/9320/419 4756/9323/419 4761/9324/419 4765/9321/419
f 4755/9325/415 4753/9326/415 4764/9327/415 4762/9328/415
f 4758/9329/414 4748/9300/414 4752/9299/414 4759/9330/414
f 4766/9322/417 4763/9331/417 4754/9332/417 4767/9319/417
f 4771/9333/413 4775/9334/413 4776/9335/413 4772/9336/413
f 4773/9337/412 4769/9338/412 4770/9339/412 4774/9340/412
f 4784/9341/418 4774/9340/418 4770/9339/418 4781/9342/418
f 4783/9343/415 4784/9344/415 4781/9345/415 4782/9346/415
f 4778/9347/413 4787/9348/413 4788/9349/413 4777/9350/413
f 4785/9351/412 4780/9352/412 4779/9353/412 4786/9354/412
f 4791/9355/416 4792/9356/416 4789/9357/416 4790/9358/416
f 4792/9356/419 4780/9359/419 4785/9360/419 4789/9357/419
f 4779/9361/415 4777/9362/415 4788/9363/415 4786/9364/415
f 4782/9365/414 4772/9336/414 4776/9335/414 4783/9366/414
f 4790/9358/417 4787/9367/417 4778/9368/417 4791/9355/417
f 4795/9369/413 4799/9370/413 4800/9371/413 4796/9372/413
f 4797/9373/412 4793/9374/412 4794/9375/412 4798/9376/412
f 4808/9377/418 4798/9376/418 4794/9375/418 4805/9378/418
f 4807/9379/415 4808/9380/415 4805/9381/415 4806/9382/415
f 4802/9383/413 4811/9384/413 4812/9385/413 4801/9386/413
f 4809/9387/412 4804/9388/412 4803/9389/412 4810/9390/412
f 4815/9391/416 4816/9392/416 4813/9393/416 4814/9394/416
f 4816/9392/419 4804/9395/419 4809/9396/419 4813/9393/419
f 4803/9397/415 4801/9398/415 4812/9399/415 4810/9400/415
f 4806/9401/414 4796/9372/414 4800/9371/414 4807/9402/414
f 4814/9394/417 4811/9403/417 4802/9404/417 4815/9391/417
f 4819/9405/413 4823/9406/413 4824/9407/413 4820/9408/413
f 4821/9409/412 4817/9410/412 4818/9411/412 4822/9412/412
f 4832/9413/418 4822/9412/418 4818/9411/418 4829/9414/418
f 4831/9415/415 4832/9416/415 4829/9417/415 4830/9418/415
f 4826/9419/413 4835/9420/413 4836/9421/413 4825/9422/413
f 4833/9423/412 4828/9424/412 4827/9425/412 4834/9426/412
f 4839/9427/416 4840/9428/416 4837/9429/416 4838/9430/416
f 4840/9428/419 4828/9431/419 4833/9432/419 4837/9429/419
f 4827/9433/415 4825/9434/415 4836/9435/415 4834/9436/415
f 4830/9437/414 4820/9408/414 4824/9407/414 4831/9438/414
f 4838/9430/417 4835/9439/417 4826/9440/417 4839/9427/417
f 4843/9441/412 4847/9442/412 4848/9443/412 4844/9444/412
f 4845/9445/413 4841/9446/413 4842/9447/413 4846/9448/413
f 4856/9449/414 4846/9448/414 4842/9447/414 4853/9450/414
f 4855/9451/415 4856/9452/415 4853/9453/415 4854/9454/415
f 4850/9455/412 4859/9456/412 4860/9457/412 4849/9458/412
f 4857/9459/413 4852/9460/413 4851/9461/413 4858/9462/413
f 4863/9463/416 4864/9464/416 4861/9465/416 4862/9466/416
f 4864/9464/417 4852/9467/417 4857/9468/417 4861/9465/417
f 4851/9469/415 4849/9470/415 4860/9471/415 4858/9472/415
f 4854/9473/418 4844/9444/418 4848/9443/418 4855/9474/418
f 4862/9466/419 4859/9475/419 4850/9476/419 4863/9463/419
f 4867/9477/412 4871/9478/412 4872/9479/412 4868/9480/412
f 4869/9481/413 4865/9482/413 4866/9483/413 4870/9484/413
f 4880/9485/414 4870/9484/414 4866/9483/414 4877/9486/414
f 4879/9487/415 4880/9488/415 4877/9489/415 4878/9490/415
f 4874/9491/412 4883/9492/412 4884/9493/412 4873/9494/412
f 4881/9495/413 4876/9496/413 4875/9497/413 4882/9498/413
f 4887/9499/416 4888/9500/416 4885/9501/416 4886/9502/416
f 4888/9500/417 4876/9503/417 4881/9504/417 4885/9501/417
f 4875/9505/415 4873/9506/415 4884/9507/415 4882/9508/415
f 4878/9509/418 4868/9480/418 4872/9479/418 4879/9510/418
f 4886/9502/419 4883/9511/419 4874/9512/419 4887/9499/419
f 4891/9513/412 4895/9514/412 4896/9515/412 4892/9516/412
f 4893/9517/413 4889/9518/413 4890/9519/413 4894/9520/413
f 4904/9521/414 4894/9520/414 4890/9519/414 4901/9522/414
f 4903/9523/415 4904/9524/415 4901/9525/415 4902/9526/415
f 4898/9527/412 4907/9528/412 4908/9529/412 4897/9530/412
f 4905/9531/413 4900/9532/413 4899/9533/413 4906/9534/413
f 4911/9535/416 4912/9536/416 4909/9537/416 4910/9538/416
f 4912/9536/417 4900/9539/417 4905/9540/417 4909/9537/417
f 4899/9541/415 4897/9542/415 4908/9543/415 4906/9544/415
f 4902/9545/418 4892/9516/418 4896/9515/418 4903/9546/418
f 4910/9538/419 4907/9547/419 4898/9548/419 4911/9535/419
f 4915/9549/412 4919/9550/412 4920/9551/412 4916/9552/412
f 4917/9553/413 4913/9554/413 4914/9555/413 4918/9556/413
f 4928/9557/414 4918/9556/414 4914/9555/414 4925/9558/414
f 4927/9559/415 4928/9560/415 4925/9561/415 4926/9562/415
f 4922/9563/412 4931/9564/412 4932/9565/412 4921/9566/412
f 4929/9567/413 4924/9568/413 4923/9569/413 4930/9570/413
f 4935/9571/416 4936/9572/416 4933/9573/416 4934/9574/416
f 4936/9572/417 4924/9575/417 4929/9576/417 4933/9573/417
f 4923/9577/415 4921/9578/415 4932/9579/415 4930/9580/415
f 4926/9581/418 4916/9552/418 4920/9551/418 4927/9582/418
f 4934/9574/419 4931/9583/419 4922/9584/419 4935/9571/419
f 4939/9585/412 4943/9586/412 4944/9587/412 4940/9588/412
f 4941/9589/413 4937/9590/413 4938/9591/413 4942/9592/413
f 4952/9593/414 4942/9592/414 4938/9591/414 4949/9594/414
f 4951/9595/415 4952/9596/415 4949/9597/415 4950/9598/415
f 4946/9599/412 4955/9600/412 4956/9601/412 4945/9602/412
f 4953/9603/413 4948/9604/413 4947/9605/413 4954/9606/413
f 4959/9607/416 4960/9608/416 4957/9609/416 4958/9610/416
f 4960/9608/417 4948/9611/417 4953/9612/417 4957/9609/417
f 4947/9613/415 4945/9614/415 4956/9615/415 4954/9616/415
f 4950/9617/418 4940/9588/418 4944/9587/418 4951/9618/418
f 4958/9610/419 4955/9619/419 4946/9620/419 4959/9607/419
f 4963/9621/412 4967/9622/412 4968/9623/412 4964/9624/412
f 4965/9625/413 4961/9626/413 4962/9627/413 4966/9628/413
f 4976/9629/414 4966/9628/414 4962/9627/414 4973/9630/414
f 4975/9631/415 4976/9632/415 4973/9633/415 4974/9634/415
f 4970/9635/412 4979/9636/412 4980/9637/412 4969/9638/412
f 4977/9639/413 4972/9640/413 4971/9641/413 4978/9642/413
f 4983/9643/416 4984/9644/416 4981/9645/416 4982/9646/416
f 4984/9644/417 4972/9647/417 4977/9648/417 4981/9645/417
f 4971/9649/415 4969/9650/415 4980/9651/415 4978/9652/415
f 4974/9653/418 4964/9624/418 4968/9623/418 4975/9654/418
f 4982/9646/419 4979/9655/419 4970/9656/419 4983/9643/419
f 4987/9657/413 4988/9658/413 4992/9659/413 4991/9660/413
f 4989/9661/412 4990/9662/412 4986/9663/412 4985/9664/412
f 5000/9665/418 4997/9666/418 4986/9663/418 4990/9662/418
f 4999/9667/415 4998/9668/415 4997/9669/415 5000/9670/415
f 4994/9671/413 4993/9672/413 5004/9673/413 5003/9674/413
f 5001/9675/412 5002/9676/412 4995/9677/412 4996/9678/412
f 5007/9679/416 5006/9680/416 5005/9681/416 5008/9682/416
f 5008/9682/419 5005/9681/419 5001/9683/419 4996/9684/419
f 4995/9685/415 5002/9686/415 5004/9687/415 4993/9688/415
f 4998/9689/414 4999/9690/414 4992/9659/414 4988/9658/414
f 5006/9680/417 5007/9679/417 4994/9691/417 5003/9692/417
f 5011/9693/413 5012/9694/413 5016/9695/413 5015/9696/413
f 5013/9697/412 5014/9698/412 5010/9699/412 5009/9700/412
f 5024/9701/418 5021/9702/418 5010/9699/418 5014/9698/418
f 5023/9703/415 5022/9704/415 5021/9705/415 5024/9706/415
f 5018/9707/413 5017/9708/413 5028/9709/413 5027/9710/413
f 5025/9711/412 5026/9712/412 5019/9713/412 5020/9714/412
f 5031/9715/416 5030/9716/416 5029/9717/416 5032/9718/416
f 5032/9718/419 5029/9717/419 5025/9719/419 5020/9720/419
f 5019/9721/415 5026/9722/415 5028/9723/415 5017/9724/415
f 5022/9725/414 5023/9726/414 5016/9695/414 5012/9694/414
f 5030/9716/417 5031/9715/417 5018/9727/417 5027/9728/417
f 5035/9729/413 5036/9730/413 5040/9731/413 5039/9732/413
f 5037/9733/412 5038/9734/412 5034/9735/412 5033/9736/412
f 5048/9737/418 5045/9738/418 5034/9735/418 5038/9734/418
f 5047/9739/415 5046/9740/415 5045/9741/415 5048/9742/415
f 5042/9743/413 5041/9744/413 5052/9745/413 5051/9746/413
f 5049/9747/412 5050/9748/412 5043/9749/412 5044/9750/412
f 5055/9751/416 5054/9752/416 5053/9753/416 5056/9754/416
f 5056/9754/419 5053/9753/419 5049/9755/419 5044/9756/419
f 5043/9757/415 5050/9758/415 5052/9759/415 5041/9760/415
f 5046/9761/414 5047/9762/414 5040/9731/414 5036/9730/414
f 5054/9752/417 5055/9751/417 5042/9763/417 5051/9764/417
f 5059/9765/413 5060/9766/413 5064/9767/413 5063/9768/413
f 5061/9769/412 5062/9770/412 5058/9771/412 5057/9772/412
f 5072/9773/418 5069/9774/418 5058/9771/418 5062/9770/418
f 5071/9775/415 5070/9776/415 5069/9777/415 5072/9778/415
f 5066/9779/413 5065/9780/413 5076/9781/413 5075/9782/413
f 5073/9783/412 5074/9784/412 5067/9785/412 5068/9786/412
f 5079/9787/416 5078/9788/416 5077/9789/416 5080/9790/416
f 5080/9790/419 5077/9789/419 5073/9791/419 5068/9792/419
f 5067/9793/415 5074/9794/415 5076/9795/415 5065/9796/415
f 5070/9797/414 5071/9798/414 5064/9767/414 5060/9766/414
f 5078/9788/417 5079/9787/417 5066/9799/417 5075/9800/417
f 5083/9801/413 5084/9802/413 5088/9803/413 5087/9804/413
f 5085/9805/412 5086/9806/412 5082/9807/412 5081/9808/412
f 5096/9809/418 5093/9810/418 5082/9807/418 5086/9806/418
f 5095/9811/415 5094/9812/415 5093/9813/415 5096/9814/415
f 5090/9815/413 5089/9816/413 5100/9817/413 5099/9818/413
f 5097/9819/412 5098/9820/412 5091/9821/412 5092/9822/412
f 5103/9823/416 5102/9824/416 5101/9825/416 5104/9826/416
f 5104/9826/419 5101/9825/419 5097/9827/419 5092/9828/419
f 5091/9829/415 5098/9830/415 5100/9831/415 5089/9832/415
f 5094/9833/414 5095/9834/414 5088/9803/414 5084/9802/414
f 5102/9824/417 5103/9823/417 5090/9835/417 5099/9836/417
f 5107/9837/413 5108/9838/413 5112/9839/413 5111/9840/413
f 5109/9841/412 5110/9842/412 5106/9843/412 5105/9844/412
f 5120/9845/418 5117/9846/418 5106/9843/418 5110/9842/418
f 5119/9847/415 5118/9848/415 5117/9849/415 5120/9850/415
f 5114/9851/413 5113/9852/413 5124/9853/413 5123/9854/413
f 5121/9855/412 5122/9856/412 5115/9857/412 5116/9858/412
f 5127/9859/416 5126/9860/416 5125/9861/416 5128/9862/416
f 5128/9862/419 5125/9861/419 5121/9863/419 5116/9864/419
f 5115/9865/415 5122/9866/415 5124/9867/415 5113/9868/415
f 5118/9869/414 5119/9870/414 5112/9839/414 5108/9838/414
f 5126/9860/417 5127/9859/417 5114/9871/417 5123/9872/417
f 5131/9873/413 5135/9874/413 5136/9875/413 5132/9876/413
f 5133/9877/412 5129/9878/412 5130/9879/412 5134/9880/412
f 5144/9881/418 5134/9880/418 5130/9879/418 5141/9882/418
f 5143/9883/415 5144/9884/415 5141/9885/415 5142/9886/415
f 5138/9887/413 5147/9888/413 5148/9889/413 5137/9890/413
f 5145/9891/412 5140/9892/412 5139/9893/412 5146/9894/412
f 5151/9895/416 5152/9896/416 5149/9897/416 5150/9898/416
f 5152/9896/419 5140/9899/419 5145/9900/419 5149/9897/419
f 5139/9901/415 5137/9902/415 5148/9903/415 5146/9904/415
f 5142/9905/414 5132/9876/414 5136/9875/414 5143/9906/414
f 5150/9898/417 5147/9907/417 5138/9908/417 5151/9895/417
f 5155/9909/413 5159/9910/413 5160/9911/413 5156/9912/413
f 5157/9913/412 5153/9914/412 5154/9915/412 5158/9916/412
f 5168/9917/418 5158/9916/418 5154/9915/418 5165/9918/418
f 5167/9919/415 5168/9920/415 5165/9921/415 5166/9922/415
f 5162/9923/413 5171/9924/413 5172/9925/413 5161/9926/413
f 5169/9927/412 5164/9928/412 5163/9929/412 5170/9930/412
f 5175/9931/416 5176/9932/416 5173/9933/416 5174/9934/416
f 5176/9932/419 5164/9935/419 5169/9936/419 5173/9933/419
f 5163/9937/415 5161/9938/415 5172/9939/415 5170/9940/415
f 5166/9941/414 5156/9912/414 5160/9911/414 5167/9942/414
f 5174/9934/417 5171/9943/417 5162/9944/417 5175/9931/417
f 5179/9945/413 5183/9946/413 5184/9947/413 5180/9948/413
f 5181/9949/412 5177/9950/412 5178/9951/412 5182/9952/412
f 5192/9953/418 5182/9952/418 5178/9951/418 5189/9954/418
f 5191/9955/415 5192/9956/415 5189/9957/415 5190/9958/415
f 5186/9959/413 5195/9960/413 5196/9961/413 5185/9962/413
f 5193/9963/412 5188/9964/412 5187/9965/412 5194/9966/412
f 5199/9967/416 5200/9968/416 5197/9969/416 5198/9970/416
f 5200/9968/419 5188/9971/419 5193/9972/419 5197/9969/419
f 5187/9973/415 5185/9974/415 5196/9975/415 5194/9976/415
f 5190/9977/414 5180/9948/414 5184/9947/414 5191/9978/414
f 5198/9970/417 5195/9979/417 5186/9980/417 5199/9967/417
f 5203/9981/413 5207/9982/413 5208/9983/413 5204/9984/413
f 5205/9985/412 5201/9986/412 5202/9987/412 5206/9988/412
f 5216/9989/418 5206/9988/418 5202/9987/418 5213/9990/418
f 5215/9991/415 5216/9992/415 5213/9993/415 5214/9994/415
f 5210/9995/413 5219/9996/413 5220/9997/413 5209/9998/413
f 5217/9999/412 5212/10000/412 5211/10001/412 5218/10002/412
f 5223/10003/416 5224/10004/416 5221/10005/416 5222/10006/416
f 5224/10004/419 5212/10007/419 5217/10008/419 5221/10005/419
f 5211/10009/415 5209/10010/415 5220/10011/415 5218/10012/415
f 5214/10013/414 5204/9984/414 5208/9983/414 5215/10014/414
f 5222/10006/417 5219/10015/417 5210/10016/417 5223/10003/417
f 5227/10017/413 5231/10018/413 5232/10019/413 5228/10020/413
f 5229/10021/412 5225/10022/412 5226/10023/412 5230/10024/412
f 5240/10025/418 5230/10024/418 5226/10023/418 5237/10026/418
f 5239/10027/415 5240/10028/415 5237/10029/415 5238/10030/415
f 5234/10031/413 5243/10032/413 5244/10033/413 5233/10034/413
f 5241/10035/412 5236/10036/412 5235/10037/412 5242/10038/412
f 5247/10039/416 5248/10040/416 5245/10041/416 5246/10042/416
f 5248/10040/419 5236/10043/419 5241/10044/419 5245/10041/419
f 5235/10045/415 5233/10046/415 5244/10047/415 5242/10048/415
f 5238/10049/414 5228/10020/414 5232/10019/414 5239/10050/414
f 5246/10042/417 5243/10051/417 5234/10052/417 5247/10039/417
f 5251/10053/413 5255/10054/413 5256/10055/413 5252/10056/413
f 5253/10057/412 5249/10058/412 5250/10059/412 5254/10060/412
f 5264/10061/418 5254/10060/418 5250/10059/418 5261/10062/418
f 5263/10063/415 5264/10064/415 5261/10065/415 5262/10066/415
f 5258/10067/413 5267/10068/413 5268/10069/413 5257/10070/413
f 5265/10071/412 5260/10072/412 5259/10073/412 5266/10074/412
f 5271/10075/416 5272/10076/416 5269/10077/416 5270/10078/416
f 5272/10076/419 5260/10079/419 5265/10080/419 5269/10077/419
f 5259/10081/415 5257/10082/415 5268/10083/415 5266/10084/415
f 5262/10085/414 5252/10056/414 5256/10055/414 5263/10086/414
f 5270/10078/417 5267/10087/417 5258/10088/417 5271/10075/417
f 5275/10089/412 5276/10090/412 5280/10091/412 5279/10092/412
f 5277/10093/413 5278/10094/413 5274/10095/413 5273/10096/413
f 5288/10097/414 5285/10098/414 5274/10095/414 5278/10094/414
f 5287/10099/415 5286/10100/415 5285/10101/415 5288/10102/415
f 5282/10103/412 5281/10104/412 5292/10105/412 5291/10106/412
f 5289/10107/413 5290/10108/413 5283/10109/413 5284/10110/413
f 5295/10111/416 5294/10112/416 5293/10113/416 5296/10114/416
f 5296/10114/417 5293/10113/417 5289/10115/417 5284/10116/417
f 5283/10117/415 5290/10118/415 5292/10119/415 5281/10120/415
f 5286/10121/418 5287/10122/418 5280/10091/418 5276/10090/418
f 5294/10112/419 5295/10111/419 5282/10123/419 5291/10124/419
f 5299/10125/412 5300/10126/412 5304/10127/412 5303/10128/412
f 5301/10129/413 5302/10130/413 5298/10131/413 5297/10132/413
f 5312/10133/414 5309/10134/414 5298/10131/414 5302/10130/414
f 5311/10135/415 5310/10136/415 5309/10137/415 5312/10138/415
f 5306/10139/412 5305/10140/412 5316/10141/412 5315/10142/412
f 5313/10143/413 5314/10144/413 5307/10145/413 5308/10146/413
f 5319/10147/416 5318/10148/416 5317/10149/416 5320/10150/416
f 5320/10150/417 5317/10149/417 5313/10151/417 5308/10152/417
f 5307/10153/415 5314/10154/415 5316/10155/415 5305/10156/415
f 5310/10157/418 5311/10158/418 5304/10127/418 5300/10126/418
f 5318/10148/419 5319/10147/419 5306/10159/419 5315/10160/419
f 5323/10161/412 5324/10162/412 5328/10163/412 5327/10164/412
f 5325/10165/413 5326/10166/413 5322/10167/413 5321/10168/413
f 5336/10169/414 5333/10170/414 5322/10167/414 5326/10166/414
f 5335/10171/415 5334/10172/415 5333/10173/415 5336/10174/415
f 5330/10175/412 5329/10176/412 5340/10177/412 5339/10178/412
f 5337/10179/413 5338/10180/413 5331/10181/413 5332/10182/413
f 5343/10183/416 5342/10184/416 5341/10185/416 5344/10186/416
f 5344/10186/417 5341/10185/417 5337/10187/417 5332/10188/417
f 5331/10189/415 5338/10190/415 5340/10191/415 5329/10192/415
f 5334/10193/418 5335/10194/418 5328/10163/418 5324/10162/418
f 5342/10184/419 5343/10183/419 5330/10195/419 5339/10196/419
f 5347/10197/412 5348/10198/412 5352/10199/412 5351/10200/412
f 5349/10201/413 5350/10202/413 5346/10203/413 5345/10204/413
f 5360/10205/414 5357/10206/414 5346/10203/414 5350/10202/414
f 5359/10207/415 5358/10208/415 5357/10209/415 5360/10210/415
f 5354/10211/412 5353/10212/412 5364/10213/412 5363/10214/412
f 5361/10215/413 5362/10216/413 5355/10217/413 5356/10218/413
f 5367/10219/416 5366/10220/416 5365/10221/416 5368/10222/416
f 5368/10222/417 5365/10221/417 5361/10223/417 5356/10224/417
f 5355/10225/415 5362/10226/415 5364/10227/415 5353/10228/415
f 5358/10229/418 5359/10230/418 5352/10199/418 5348/10198/418
f 5366/10220/419 5367/10219/419 5354/10231/419 5363/10232/419
f 5371/10233/412 5372/10234/412 5376/10235/412 5375/10236/412
f 5373/10237/413 5374/10238/413 5370/10239/413 5369/10240/413
f 5384/10241/414 5381/10242/414 5370/10239/414 5374/10238/414
f 5383/10243/415 5382/10244/415 5381/10245/415 5384/10246/415
f 5378/10247/412 5377/10248/412 5388/10249/412 5387/10250/412
f 5385/10251/413 5386/10252/413 5379/10253/413 5380/10254/413
f 5391/10255/416 5390/10256/416 5389/10257/416 5392/10258/416
f 5392/10258/417 5389/10257/417 5385/10259/417 5380/10260/417
f 5379/10261/415 5386/10262/415 5388/10263/415 5377/10264/415
f 5382/10265/418 5383/10266/418 5376/10235/418 5372/10234/418
f 5390/10256/419 5391/10255/419 5378/10267/419 5387/10268/419
f 5395/10269/412 5396/10270/412 5400/10271/412 5399/10272/412
f 5397/10273/413 5398/10274/413 5394/10275/413 5393/10276/413
f 5408/10277/414 5405/10278/414 5394/10275/414 5398/10274/414
f 5407/10279/415 5406/10280/415 5405/10281/415 5408/10282/415
f 5402/10283/412 5401/10284/412 5412/10285/412 5411/10286/412
f 5409/10287/413 5410/10288/413 5403/10289/413 5404/10290/413
f 5415/10291/416 5414/10292/416 5413/10293/416 5416/10294/416
f 5416/10294/417 5413/10293/417 5409/10295/417 5404/10296/417
f 5403/10297/415 5410/10298/415 5412/10299/415 5401/10300/415
f 5406/10301/418 5407/10302/418 5400/10271/418 5396/10270/418
f 5414/10292/419 5415/10291/419 5402/10303/419 5411/10304/419
f 5419/10305/413 5420/10306/413 5424/10307/413 5423/10308/413
f 5421/10309/412 5422/10310/412 5418/10311/412 5417/10312/412
f 5432/10313/418 5429/10314/418 5418/10311/418 5422/10310/418
f 5431/10315/415 5430/10316/415 5429/10317/415 5432/10318/415
f 5426/10319/413 5425/10320/413 5436/10321/413 5435/10322/413
f 5433/10323/412 5434/10324/412 5427/10325/412 5428/10326/412
f 5439/10327/416 5438/10328/416 5437/10329/416 5440/10330/416
f 5440/10330/419 5437/10329/419 5433/10331/419 5428/10332/419
f 5427/10333/415 5434/10334/415 5436/10335/415 5425/10336/415
f 5430/10337/414 5431/10338/414 5424/10307/414 5420/10306/414
f 5438/10328/417 5439/10327/417 5426/10339/417 5435/10340/417
f 5443/10341/413 5444/10342/413 5448/10343/413 5447/10344/413
f 5445/10345/412 5446/10346/412 5442/10347/412 5441/10348/412
f 5456/10349/418 5453/10350/418 5442/10347/418 5446/10346/418
f 5455/10351/415 5454/10352/415 5453/10353/415 5456/10354/415
f 5450/10355/413 5449/10356/413 5460/10357/413 5459/10358/413
f 5457/10359/412 5458/10360/412 5451/10361/412 5452/10362/412
f 5463/10363/416 5462/10364/416 5461/10365/416 5464/10366/416
f 5464/10366/419 5461/10365/419 5457/10367/419 5452/10368/419
f 5451/10369/415 5458/10370/415 5460/10371/415 5449/10372/415
f 5454/10373/414 5455/10374/414 5448/10343/414 5444/10342/414
f 5462/10364/417 5463/10363/417 5450/10375/417 5459/10376/417
f 5467/10377/413 5468/10378/413 5472/10379/413 5471/10380/413
f 5469/10381/412 5470/10382/412 5466/10383/412 5465/10384/412
f 5480/10385/418 5477/10386/418 5466/10383/418 5470/10382/418
f 5479/10387/415 5478/10388/415 5477/10389/415 5480/10390/415
f 5474/10391/413 5473/10392/413 5484/10393/413 5483/10394/413
f 5481/10395/412 5482/10396/412 5475/10397/412 5476/10398/412
f 5487/10399/416 5486/10400/416 5485/10401/416 5488/10402/416
f 5488/10402/419 5485/10401/419 5481/10403/419 5476/10404/419
f 5475/10405/415 5482/10406/415 5484/10407/415 5473/10408/415
f 5478/10409/414 5479/10410/414 5472/10379/414 5468/10378/414
f 5486/10400/417 5487/10399/417 5474/10411/417 5483/10412/417
f 5491/10413/413 5492/10414/413 5496/10415/413 5495/10416/413
f 5493/10417/412 5494/10418/412 5490/10419/412 5489/10420/412
f 5504/10421/418 5501/10422/418 5490/10419/418 5494/10418/418
f 5503/10423/415 5502/10424/415 5501/10425/415 5504/10426/415
f 5498/10427/413 5497/10428/413 5508/10429/413 5507/10430/413
f 5505/10431/412 5506/10432/412 5499/10433/412 5500/10434/412
f 5511/10435/416 5510/10436/416 5509/10437/416 5512/10438/416
f 5512/10438/419 5509/10437/419 5505/10439/419 5500/10440/419
f 5499/10441/415 5506/10442/415 5508/10443/415 5497/10444/415
f 5502/10445/414 5503/10446/414 5496/10415/414 5492/10414/414
f 5510/10436/417 5511/10435/417 5498/10447/417 5507/10448/417
f 5515/10449/413 5516/10450/413 5520/10451/413 5519/10452/413
f 5517/10453/412 5518/10454/412 5514/10455/412 5513/10456/412
f 5528/10457/418 5525/10458/418 5514/10455/418 5518/10454/418
f 5527/10459/415 5526/10460/415 5525/10461/415 5528/10462/415
f 5522/10463/413 5521/10464/413 5532/10465/413 5531/10466/413
f 5529/10467/412 5530/10468/412 5523/10469/412 5524/10470/412
f 5535/10471/416 5534/10472/416 5533/10473/416 5536/10474/416
f 5536/10474/419 5533/10473/419 5529/10475/419 5524/10476/419
f 5523/10477/415 5530/10478/415 5532/10479/415 5521/10480/415
f 5526/10481/414 5527/10482/414 5520/10451/414 5516/10450/414
f 5534/10472/417 5535/10471/417 5522/10483/417 5531/10484/417
f 5539/10485/413 5540/10486/413 5544/10487/413 5543/10488/413
f 5541/10489/412 5542/10490/412 5538/10491/412 5537/10492/412
f 5552/10493/418 5549/10494/418 5538/10491/418 5542/10490/418
f 5551/10495/415 5550/10496/415 5549/10497/415 5552/10498/415
f 5546/10499/413 5545/10500/413 5556/10501/413 5555/10502/413
f 5553/10503/412 5554/10504/412 5547/10505/412 5548/10506/412
f 5559/10507/416 5558/10508/416 5557/10509/416 5560/10510/416
f 5560/10510/419 5557/10509/419 5553/10511/419 5548/10512/419
f 5547/10513/415 5554/10514/415 5556/10515/415 5545/10516/415
f 5550/10517/414 5551/10518/414 5544/10487/414 5540/10486/414
f 5558/10508/417 5559/10507/417 5546/10519/417 5555/10520/417
f 5563/10521/412 5567/10522/412 5568/10523/412 5564/10524/412
f 5565/10525/413 5561/10526/413 5562/10527/413 5566/10528/413
f 5576/10529/414 5566/10528/414 5562/10527/414 5573/10530/414
f 5575/10531/415 5576/10532/415 5573/10533/415 5574/10534/415
f 5570/10535/412 5579/10536/412 5580/10537/412 5569/10538/412
f 5577/10539/413 5572/10540/413 5571/10541/413 5578/10542/413
f 5583/10543/416 5584/10544/416 5581/10545/416 5582/10546/416
f 5584/10544/417 5572/10547/417 5577/10548/417 5581/10545/417
f 5571/10549/415 5569/10550/415 5580/10551/415 5578/10552/415
f 5574/10553/418 5564/10524/418 5568/10523/418 5575/10554/418
f 5582/10546/419 5579/10555/419 5570/10556/419 5583/10543/419
f 5587/10557/412 5591/10558/412 5592/10559/412 5588/10560/412
f 5589/10561/413 5585/10562/413 5586/10563/413 5590/10564/413
f 5600/10565/414 5590/10564/414 5586/10563/414 5597/10566/414
f 5599/10567/415 5600/10568/415 5597/10569/415 5598/10570/415
f 5594/10571/412 5603/10572/412 5604/10573/412 5593/10574/412
f 5601/10575/413 5596/10576/413 5595/10577/413 5602/10578/413
f 5607/10579/416 5608/10580/416 5605/10581/416 5606/10582/416
f 5608/10580/417 5596/10583/417 5601/10584/417 5605/10581/417
f 5595/10585/415 5593/10586/415 5604/10587/415 5602/10588/415
f 5598/10589/418 5588/10560/418 5592/10559/418 5599/10590/418
f 5606/10582/419 5603/10591/419 5594/10592/419 5607/10579/419
f 5611/10593/412 5615/10594/412 5616/10595/412 5612/10596/412
f 5613/10597/413 5609/10598/413 5610/10599/413 5614/10600/413
f 5624/10601/414 5614/10600/414 5610/10599/414 5621/10602/414
f 5623/10603/415 5624/10604/415 5621/10605/415 5622/10606/415
f 5618/10607/412 5627/10608/412 5628/10609/412 5617/10610/412
f 5625/10611/413 5620/10612/413 5619/10613/413 5626/10614/413
f 5631/10615/416 5632/10616/416 5629/10617/416 5630/10618/416
f 5632/10616/417 5620/10619/417 5625/10620/417 5629/10617/417
f 5619/10621/415 5617/10622/415 5628/10623/415 5626/10624/415
f 5622/10625/418 5612/10596/418 5616/10595/418 5623/10626/418
f 5630/10618/419 5627/10627/419 5618/10628/419 5631/10615/419
f 5635/10629/412 5639/10630/412 5640/10631/412 5636/10632/412
f 5637/10633/413 5633/10634/413 5634/10635/413 5638/10636/413
f 5648/10637/414 5638/10636/414 5634/10635/414 5645/10638/414
f 5647/10639/415 5648/10640/415 5645/10641/415 5646/10642/415
f 5642/10643/412 5651/10644/412 5652/10645/412 5641/10646/412
f 5649/10647/413 5644/10648/413 5643/10649/413 5650/10650/413
f 5655/10651/416 5656/10652/416 5653/10653/416 5654/10654/416
f 5656/10652/417 5644/10655/417 5649/10656/417 5653/10653/417
f 5643/10657/415 5641/10658/415 5652/10659/415 5650/10660/415
f 5646/10661/418 5636/10632/418 5640/10631/418 5647/10662/418
f 5654/10654/419 5651/10663/419 5642/10664/419 5655/10651/419
f 5659/10665/412 5663/10666/412 5664/10667/412 5660/10668/412
f 5661/10669/413 5657/10670/413 5658/10671/413 5662/10672/413
f 5672/10673/414 5662/10672/414 5658/10671/414 5669/10674/414
f 5671/10675/415 5672/10676/415 5669/10677/415 5670/10678/415
f 5666/10679/412 5675/10680/412 5676/10681/412 5665/10682/412
f 5673/10683/413 5668/10684/413 5667/10685/413 5674/10686/413
f 5679/10687/416 5680/10688/416 5677/10689/416 5678/10690/416
f 5680/10688/417 5668/10691/417 5673/10692/417 5677/10689/417
f 5667/10693/415 5665/10694/415 5676/10695/415 5674/10696/415
f 5670/10697/418 5660/10668/418 5664/10667/418 5671/10698/418
f 5678/10690/419 5675/10699/419 5666/10700/419 5679/10687/419
f 5683/10701/412 5687/10702/412 5688/10703/412 5684/10704/412
f 5685/10705/413 5681/10706/413 5682/10707/413 5686/10708/413
f 5696/10709/414 5686/10708/414 5682/10707/414 5693/10710/414
f 5695/10711/415 5696/10712/415 5693/10713/415 5694/10714/415
f 5690/10715/412 5699/10716/412 5700/10717/412 5689/10718/412
f 5697/10719/413 5692/10720/413 5691/10721/413 5698/10722/413
f 5703/10723/416 5704/10724/416 5701/10725/416 5702/10726/416
f 5704/10724/417 5692/10727/417 5697/10728/417 5701/10725/417
f 5691/10729/415 5689/10730/415 5700/10731/415 5698/10732/415
f 5694/10733/418 5684/10704/418 5688/10703/418 5695/10734/418
f 5702/10726/419 5699/10735/419 5690/10736/419 5703/10723/419
o Cube.493_Cube.592
v 8.999999 1.238436 -13.799997
v 10.999999 1.238436 -13.799997
v 8.999999 2.015874 -13.799997
v 10.999999 2.015874 -13.799997
v 8.999999 1.238436 -13.700003
v 10.999999 1.238436 -13.700003
v 8.999999 2.015874 -13.700003
v 10.999999 2.015874 -13.700003
v 6.499999 1.238436 -13.799997
v 8.499999 1.238436 -13.799997
v 6.499999 2.015874 -13.799997
v 8.499999 2.015874 -13.799997
v 6.499999 1.238436 -13.700003
v 8.499999 1.238436 -13.700003
v 6.499999 2.015874 -13.700003
v 8.499999 2.015874 -13.700003
v 3.999999 1.238436 -13.799997
v 5.999999 1.238436 -13.799997
v 3.999999 2.015874 -13.799997
v 5.999999 2.015874 -13.799997
v 3.999999 1.238436 -13.700003
v 5.999999 1.238436 -13.700003
v 3.999999 2.015874 -13.700003
v 5.999999 2.015874 -13.700003
v 8.999999 1.238436 -9.799997
v 10.999999 1.238436 -9.799997
v 8.999999 2.015874 -9.799997
v 10.999999 2.015874 -9.799997
v 8.999999 1.238436 -9.700003
v 10.999999 1.238436 -9.700003
v 8.999999 2.015874 -9.700003
v 10.999999 2.015874 -9.700003
v 6.499999 1.238436 -9.799997
v 8.499999 1.238436 -9.799997
v 6.499999 2.015874 -9.799997
v 8.499999 2.015874 -9.799997
v 6.499999 1.238436 -9.700003
v 8.499999 1.238436 -9.700003
v 6.499999 2.015874 -9.700003
v 8.499999 2.015874 -9.700003
v 3.999999 1.238436 -9.799997
v 5.999999 1.238436 -9.799997
v 3.999999 2.015874 -9.799997
v 5.999999 2.015874 -9.799997
v 3.999999 1.238436 -9.700003
v 5.999999 1.238436 -9.700003
v 3.999999 2.015874 -9.700003
v 5.999999 2.015874 -9.700003
v 8.999999 1.238436 13.799997
v 10.999999 1.238436 13.799997
v 8.999999 2.015874 13.799997
v 10.999999 2.015874 13.799997
v 8.999999 1.238436 13.700003
v 10.999999 1.238436 13.700003
v 8.999999 2.015874 13.700003
v 10.999999 2.015874 13.700003
v 6.499999 1.238436 13.799997
v 8.499999 1.238436 13.799997
v 6.499999 2.015874 13.799997
v 8.499999 2.015874 13.799997
v 6.499999 1.238436 13.700003
v 8.499999 1.238436 13.700003
v 6.499999 2.015874 13.700003
v 8.499999 2.015874 13.700003
v 3.999999 1.238436 13.799997
v 5.999999 1.238436 13.799997
v 3.999999 2.015874 13.799997
v 5.999999 2.015874 13.799997
v 3.999999 1.238436 13.700003
v 5.999999 1.238436 13.700003
v 3.999999 2.015874 13.700003
v 5.999999 2.015874 13.700003
v 8.999999 1.238436 9.799997
v 10.999999 1.238436 9.799997
v 8.999999 2.015874 9.799997
v 10.999999 2.015874 9.799997
v 8.999999 1.238436 9.700003
v 10.999999 1.238436 9.700003
v 8.999999 2.015874 9.700003
v 10.999999 2.015874 9.700003
v 6.499999 1.238436 9.799997
v 8.499999 1.238436 9.799997
v 6.499999 2.015874 9.799997
v 8.499999 2.015874 9.799997
v 6.499999 1.238436 9.700003
v 8.499999 1.238436 9.700003
v 6.499999 2.015874 9.700003
v 8.499999 2.015874 9.700003
v 3.999999 1.238436 9.799997
v 5.999999 1.238436 9.799997
v 3.999999 2.015874 9.799997
v 5.999999 2.015874 9.799997
v 3.999999 1.238436 9.700003
v 5.999999 1.238436 9.700003
v 3.999999 2.015874 9.700003
v 5.999999 2.015874 9.700003
v -8.999999 1.238436 -13.799997
v -10.999999 1.238436 -13.799997
v -8.999999 2.015874 -13.799997
v -10.999999 2.015874 -13.799997
v -8.999999 1.238436 -13.700003
v -10.999999 1.238436 -13.700003
v -8.999999 2.015874 -13.700003
v -10.999999 2.015874 -13.700003
v -6.499999 1.238436 -13.799997
v -8.499999 1.238436 -13.799997
v -6.499999 2.015874 -13.799997
v -8.499999 2.015874 -13.799997
v -6.499999 1.238436 -13.700003
v -8.499999 1.238436 -13.700003
v -6.499999 2.015874 -13.700003
v -8.499999 2.015874 -13.700003
v -3.999999 1.238436 -13.799997
v -5.999999 1.238436 -13.799997
v -3.999999 2.015874 -13.799997
v -5.999999 2.015874 -13.799997
v -3.999999 1.238436 -13.700003
v -5.999999 1.238436 -13.700003
v -3.999999 2.015874 -13.700003
v -5.999999 2.015874 -13.700003
v -8.999999 1.238436 -9.799997
v -10.999999 1.238436 -9.799997
v -8.999999 2.015874 -9.799997
v -10.999999 2.015874 -9.799997
v -8.999999 1.238436 -9.700003
v -10.999999 1.238436 -9.700003
v -8.999999 2.015874 -9.700003
v -10.999999 2.015874 -9.700003
v -6.499999 1.238436 -9.799997
v -8.499999 1.238436 -9.799997
v -6.499999 2.015874 -9.799997
v -8.499999 2.015874 -9.799997
v -6.499999 1.238436 -9.700003
v -8.499999 1.238436 -9.700003
v -6.499999 2.015874 -9.700003
v -8.499999 2.015874 -9.700003
v -3.999999 1.238436 -9.799997
v -5.999999 1.238436 -9.799997
v -3.999999 2.015874 -9.799997
v -5.999999 2.015874 -9.799997
v -3.999999 1.238436 -9.700003
v -5.999999 1.238436 -9.700003
v -3.999999 2.015874 -9.700003
v -5.999999 2.015874 -9.700003
v -8.999999 1.238436 13.799997
v -10.999999 1.238436 13.799997
v -8.999999 2.015874 13.799997
v -10.999999 2.015874 13.799997
v -8.999999 1.238436 13.700003
v -10.999999 1.238436 13.700003
v -8.999999 2.015874 13.700003
v -10.999999 2.015874 13.700003
v -6.499999 1.238436 13.799997
v -8.499999 1.238436 13.799997
v -6.499999 2.015874 13.799997
v -8.499999 2.015874 13.799997
v -6.499999 1.238436 13.700003
v -8.499999 1.238436 13.700003
v -6.499999 2.015874 13.700003
v -8.499999 2.015874 13.700003
v -3.999999 1.238436 13.799997
v -5.999999 1.238436 13.799997
v -3.999999 2.015874 13.799997
v -5.999999 2.015874 13.799997
v -3.999999 1.238436 13.700003
v -5.999999 1.238436 13.700003
v -3.999999 2.015874 13.700003
v -5.999999 2.015874 13.700003
v -8.999999 1.238436 9.799997
v -10.999999 1.238436 9.799997
v -8.999999 2.015874 9.799997
v -10.999999 2.015874 9.799997
v -8.999999 1.238436 9.700003
v -10.999999 1.238436 9.700003
v -8.999999 2.015874 9.700003
v -10.999999 2.015874 9.700003
v -6.499999 1.238436 9.799997
v -8.499999 1.238436 9.799997
v -6.499999 2.015874 9.799997
v -8.499999 2.015874 9.799997
v -6.499999 1.238436 9.700003
v -8.499999 1.238436 9.700003
v -6.499999 2.015874 9.700003
v -8.499999 2.015874 9.700003
v -3.999999 1.238436 9.799997
v -5.999999 1.238436 9.799997
v -3.999999 2.015874 9.799997
v -5.999999 2.015874 9.799997
v -3.999999 1.238436 9.700003
v -5.999999 1.238436 9.700003
v -3.999999 2.015874 9.700003
v -5.999999 2.015874 9.700003
v 8.999999 1.238436 13.799997
v 10.999999 1.238436 13.799997
v 8.999999 2.015874 13.799997
v 10.999999 2.015874 13.799997
v 8.999999 1.238436 13.700003
v 10.999999 1.238436 13.700003
v 8.999999 2.015874 13.700003
v 10.999999 2.015874 13.700003
v 6.499999 1.238436 13.799997
v 8.499999 1.238436 13.799997
v 6.499999 2.015874 13.799997
v 8.499999 2.015874 13.799997
v 6.499999 1.238436 13.700003
v 8.499999 1.238436 13.700003
v 6.499999 2.015874 13.700003
v 8.499999 2.015874 13.700003
v 3.999999 1.238436 13.799997
v 5.999999 1.238436 13.799997
v 3.999999 2.015874 13.799997
v 5.999999 2.015874 13.799997
v 3.999999 1.238436 13.700003
v 5.999999 1.238436 13.700003
v 3.999999 2.015874 13.700003
v 5.999999 2.015874 13.700003
v 8.999999 1.238436 9.799997
v 10.999999 1.238436 9.799997
v 8.999999 2.015874 9.799997
v 10.999999 2.015874 9.799997
v 8.999999 1.238436 9.700003
v 10.999999 1.238436 9.700003
v 8.999999 2.015874 9.700003
v 10.999999 2.015874 9.700003
v 6.499999 1.238436 9.799997
v 8.499999 1.238436 9.799997
v 6.499999 2.015874 9.799997
v 8.499999 2.015874 9.799997
v 6.499999 1.238436 9.700003
v 8.499999 1.238436 9.700003
v 6.499999 2.015874 9.700003
v 8.499999 2.015874 9.700003
v 3.999999 1.238436 9.799997
v 5.999999 1.238436 9.799997
v 3.999999 2.015874 9.799997
v 5.999999 2.015874 9.799997
v 3.999999 1.238436 9.700003
v 5.999999 1.238436 9.700003
v 3.999999 2.015874 9.700003
v 5.999999 2.015874 9.700003
v 8.999999 1.238436 -13.799997
v 10.999999 1.238436 -13.799997
v 8.999999 2.015874 -13.799997
v 10.999999 2.015874 -13.799997
v 8.999999 1.238436 -13.700003
v 10.999999 1.238436 -13.700003
v 8.999999 2.015874 -13.700003
v 10.999999 2.015874 -13.700003
v 6.499999 1.238436 -13.799997
v 8.499999 1.238436 -13.799997
v 6.499999 2.015874 -13.799997
v 8.499999 2.015874 -13.799997
v 6.499999 1.238436 -13.700003
v 8.499999 1.238436 -13.700003
v 6.499999 2.015874 -13.700003
v 8.499999 2.015874 -13.700003
v 3.999999 1.238436 -13.799997
v 5.999999 1.238436 -13.799997
v 3.999999 2.015874 -13.799997
v 5.999999 2.015874 -13.799997
v 3.999999 1.238436 -13.700003
v 5.999999 1.238436 -13.700003
v 3.999999 2.015874 -13.700003
v 5.999999 2.015874 -13.700003
v 8.999999 1.238436 -9.799997
v 10.999999 1.238436 -9.799997
v 8.999999 2.015874 -9.799997
v 10.999999 2.015874 -9.799997
v 8.999999 1.238436 -9.700003
v 10.999999 1.238436 -9.700003
v 8.999999 2.015874 -9.700003
v 10.999999 2.015874 -9.700003
v 6.499999 1.238436 -9.799997
v 8.499999 1.238436 -9.799997
v 6.499999 2.015874 -9.799997
v 8.499999 2.015874 -9.799997
v 6.499999 1.238436 -9.700003
v 8.499999 1.238436 -9.700003
v 6.499999 2.015874 -9.700003
v 8.499999 2.015874 -9.700003
v 3.999999 1.238436 -9.799997
v 5.999999 1.238436 -9.799997
v 3.999999 2.015874 -9.799997
v 5.999999 2.015874 -9.799997
v 3.999999 1.238436 -9.700003
v 5.999999 1.238436 -9.700003
v 3.999999 2.015874 -9.700003
v 5.999999 2.015874 -9.700003
v -8.999999 1.238436 13.799997
v -10.999999 1.238436 13.799997
v -8.999999 2.015874 13.799997
v -10.999999 2.015874 13.799997
v -8.999999 1.238436 13.700003
v -10.999999 1.238436 13.700003
v -8.999999 2.015874 13.700003
v -10.999999 2.015874 13.700003
v -6.499999 1.238436 13.799997
v -8.499999 1.238436 13.799997
v -6.499999 2.015874 13.799997
v -8.499999 2.015874 13.799997
v -6.499999 1.238436 13.700003
v -8.499999 1.238436 13.700003
v -6.499999 2.015874 13.700003
v -8.499999 2.015874 13.700003
v -3.999999 1.238436 13.799997
v -5.999999 1.238436 13.799997
v -3.999999 2.015874 13.799997
v -5.999999 2.015874 13.799997
v -3.999999 1.238436 13.700003
v -5.999999 1.238436 13.700003
v -3.999999 2.015874 13.700003
v -5.999999 2.015874 13.700003
v -8.999999 1.238436 9.799997
v -10.999999 1.238436 9.799997
v -8.999999 2.015874 9.799997
v -10.999999 2.015874 9.799997
v -8.999999 1.238436 9.700003
v -10.999999 1.238436 9.700003
v -8.999999 2.015874 9.700003
v -10.999999 2.015874 9.700003
v -6.499999 1.238436 9.799997
v -8.499999 1.238436 9.799997
v -6.499999 2.015874 9.799997
v -8.499999 2.015874 9.799997
v -6.499999 1.238436 9.700003
v -8.499999 1.238436 9.700003
v -6.499999 2.015874 9.700003
v -8.499999 2.015874 9.700003
v -3.999999 1.238436 9.799997
v -5.999999 1.238436 9.799997
v -3.999999 2.015874 9.799997
v -5.999999 2.015874 9.799997
v -3.999999 1.238436 9.700003
v -5.999999 1.238436 9.700003
v -3.999999 2.015874 9.700003
v -5.999999 2.015874 9.700003
v -8.999999 1.238436 -13.799997
v -10.999999 1.238436 -13.799997
v -8.999999 2.015874 -13.799997
v -10.999999 2.015874 -13.799997
v -8.999999 1.238436 -13.700003
v -10.999999 1.238436 -13.700003
v -8.999999 2.015874 -13.700003
v -10.999999 2.015874 -13.700003
v -6.499999 1.238436 -13.799997
v -8.499999 1.238436 -13.799997
v -6.499999 2.015874 -13.799997
v -8.499999 2.015874 -13.799997
v -6.499999 1.238436 -13.700003
v -8.499999 1.238436 -13.700003
v -6.499999 2.015874 -13.700003
v -8.499999 2.015874 -13.700003
v -3.999999 1.238436 -13.799997
v -5.999999 1.238436 -13.799997
v -3.999999 2.015874 -13.799997
v -5.999999 2.015874 -13.799997
v -3.999999 1.238436 -13.700003
v -5.999999 1.238436 -13.700003
v -3.999999 2.015874 -13.700003
v -5.999999 2.015874 -13.700003
v -8.999999 1.238436 -9.799997
v -10.999999 1.238436 -9.799997
v -8.999999 2.015874 -9.799997
v -10.999999 2.015874 -9.799997
v -8.999999 1.238436 -9.700003
v -10.999999 1.238436 -9.700003
v -8.999999 2.015874 -9.700003
v -10.999999 2.015874 -9.700003
v -6.499999 1.238436 -9.799997
v -8.499999 1.238436 -9.799997
v -6.499999 2.015874 -9.799997
v -8.499999 2.015874 -9.799997
v -6.499999 1.238436 -9.700003
v -8.499999 1.238436 -9.700003
v -6.499999 2.015874 -9.700003
v -8.499999 2.015874 -9.700003
v -3.999999 1.238436 -9.799997
v -5.999999 1.238436 -9.799997
v -3.999999 2.015874 -9.799997
v -5.999999 2.015874 -9.799997
v -3.999999 1.238436 -9.700003
v -5.999999 1.238436 -9.700003
v -3.999999 2.015874 -9.700003
v -5.999999 2.015874 -9.700003
vt 2.320371 0.121299
vt 2.719621 0.121299
vt 2.719609 0.276495
vt 2.320359 0.276495
vt 2.320197 0.878875
vt 2.320185 0.723679
vt 2.719435 0.723679
vt 2.719447 0.878875
vt 1.821309 0.121299
vt 2.220559 0.121299
vt 2.220547 0.276495
vt 1.821297 0.276495
vt 1.821135 0.878875
vt 1.821123 0.723679
vt 2.220373 0.723679
vt 2.220385 0.878875
vt 1.322247 0.121299
vt 1.721497 0.121299
vt 1.721485 0.276495
vt 1.322235 0.276495
vt 1.322073 0.878875
vt 1.322061 0.723679
vt 1.721310 0.723679
vt 1.721322 0.878875
vt 2.313403 0.114331
vt 2.712653 0.114331
vt 2.712641 0.269527
vt 2.313391 0.269527
vt 2.313229 0.885844
vt 2.313217 0.730648
vt 2.712467 0.730648
vt 2.712479 0.885844
vt 1.814341 0.114331
vt 2.213591 0.114331
vt 2.213579 0.269527
vt 1.814329 0.269527
vt 1.814167 0.885844
vt 1.814155 0.730648
vt 2.213405 0.730648
vt 2.213416 0.885844
vt 1.315279 0.114331
vt 1.714528 0.114331
vt 1.714517 0.269527
vt 1.315267 0.269527
vt 1.315104 0.885844
vt 1.315093 0.730648
vt 1.714342 0.730648
vt 1.714354 0.885844
vt 2.272291 0.926783
vt 2.272279 0.771587
vt 2.671529 0.771587
vt 2.671541 0.926783
vt 2.272465 0.073391
vt 2.671715 0.073391
vt 2.671703 0.228587
vt 2.272454 0.228587
vt 1.773229 0.926783
vt 1.773217 0.771587
vt 2.172467 0.771587
vt 2.172479 0.926783
vt 1.773403 0.073391
vt 2.172653 0.073391
vt 2.172641 0.228587
vt 1.773391 0.228587
vt 1.274167 0.926783
vt 1.274155 0.771587
vt 1.673405 0.771587
vt 1.673416 0.926783
vt 1.274341 0.073391
vt 1.673591 0.073391
vt 1.673579 0.228587
vt 1.274329 0.228587
vt 2.279259 0.919814
vt 2.279247 0.764618
vt 2.678497 0.764618
vt 2.678509 0.919814
vt 2.279433 0.080360
vt 2.678683 0.080360
vt 2.678671 0.235555
vt 2.279422 0.235555
vt 1.780197 0.919814
vt 1.780185 0.764618
vt 2.179435 0.764618
vt 2.179447 0.919814
vt 1.780371 0.080360
vt 2.179621 0.080360
vt 2.179609 0.235555
vt 1.780359 0.235555
vt 1.281135 0.919814
vt 1.281123 0.764618
vt 1.680373 0.764618
vt 1.680385 0.919814
vt 1.281309 0.080360
vt 1.680559 0.080360
vt 1.680547 0.235555
vt 1.281297 0.235556
vt -1.272876 0.121299
vt -1.272888 0.276495
vt -1.672138 0.276495
vt -1.672126 0.121299
vt -1.273051 0.878875
vt -1.672300 0.878875
vt -1.672312 0.723679
vt -1.273062 0.723679
vt -0.773814 0.121299
vt -0.773826 0.276495
vt -1.173076 0.276495
vt -1.173064 0.121299
vt -0.773988 0.878875
vt -1.173238 0.878875
vt -1.173250 0.723679
vt -0.774000 0.723679
vt -0.274752 0.121299
vt -0.274764 0.276495
vt -0.674013 0.276495
vt -0.674002 0.121299
vt -0.274926 0.878875
vt -0.674176 0.878875
vt -0.674188 0.723679
vt -0.274938 0.723679
vt -1.279844 0.114331
vt -1.279856 0.269527
vt -1.679106 0.269527
vt -1.679094 0.114331
vt -1.280019 0.885844
vt -1.679268 0.885844
vt -1.679280 0.730648
vt -1.280030 0.730648
vt -0.780782 0.114331
vt -0.780794 0.269527
vt -1.180044 0.269527
vt -1.180032 0.114331
vt -0.780957 0.885844
vt -1.180206 0.885844
vt -1.180218 0.730648
vt -0.780968 0.730648
vt -0.281720 0.114331
vt -0.281732 0.269527
vt -0.680982 0.269527
vt -0.680970 0.114331
vt -0.281894 0.885844
vt -0.681144 0.885844
vt -0.681156 0.730648
vt -0.281906 0.730648
vt -1.320956 0.926783
vt -1.720206 0.926783
vt -1.720218 0.771587
vt -1.320968 0.771587
vt -1.320782 0.073391
vt -1.320794 0.228587
vt -1.720044 0.228587
vt -1.720032 0.073391
vt -0.821894 0.926783
vt -1.221144 0.926783
vt -1.221156 0.771587
vt -0.821906 0.771587
vt -0.821720 0.073391
vt -0.821732 0.228587
vt -1.220982 0.228587
vt -1.220970 0.073391
vt -0.322832 0.926783
vt -0.722082 0.926783
vt -0.722094 0.771587
vt -0.322844 0.771587
vt -0.322658 0.073391
vt -0.322670 0.228587
vt -0.721919 0.228587
vt -0.721908 0.073391
vt -1.313988 0.919814
vt -1.713238 0.919814
vt -1.713250 0.764618
vt -1.314000 0.764618
vt -1.313814 0.080360
vt -1.313826 0.235556
vt -1.713076 0.235556
vt -1.713064 0.080360
vt -0.814926 0.919814
vt -1.214176 0.919814
vt -1.214188 0.764618
vt -0.814938 0.764618
vt -0.814752 0.080360
vt -0.814764 0.235556
vt -1.214013 0.235556
vt -1.214002 0.080360
vt -0.315864 0.919814
vt -0.715114 0.919814
vt -0.715126 0.764618
vt -0.315876 0.764618
vt -0.315690 0.080360
vt -0.315702 0.235556
vt -0.714951 0.235556
vt -0.714939 0.080360
vt 2.272291 0.926783
vt 2.272279 0.771587
vt 2.671529 0.771587
vt 2.671541 0.926783
vt 2.272465 0.073391
vt 2.671715 0.073391
vt 2.671703 0.228587
vt 2.272454 0.228587
vt 1.773229 0.926783
vt 1.773217 0.771587
vt 2.172467 0.771587
vt 2.172479 0.926783
vt 1.773403 0.073391
vt 2.172653 0.073391
vt 2.172641 0.228587
vt 1.773391 0.228587
vt 1.274167 0.926783
vt 1.274155 0.771587
vt 1.673405 0.771587
vt 1.673416 0.926783
vt 1.274341 0.073391
vt 1.673591 0.073391
vt 1.673579 0.228587
vt 1.274329 0.228587
vt 2.279259 0.919814
vt 2.279247 0.764618
vt 2.678497 0.764618
vt 2.678509 0.919814
vt 2.279433 0.080360
vt 2.678683 0.080360
vt 2.678671 0.235555
vt 2.279422 0.235555
vt 1.780197 0.919814
vt 1.780185 0.764618
vt 2.179435 0.764618
vt 2.179447 0.919814
vt 1.780371 0.080360
vt 2.179621 0.080360
vt 2.179609 0.235555
vt 1.780359 0.235555
vt 1.281135 0.919814
vt 1.281123 0.764618
vt 1.680373 0.764618
vt 1.680385 0.919814
vt 1.281309 0.080360
vt 1.680559 0.080360
vt 1.680547 0.235555
vt 1.281297 0.235556
vt 2.320371 0.121299
vt 2.719621 0.121299
vt 2.719609 0.276495
vt 2.320359 0.276495
vt 2.320197 0.878875
vt 2.320185 0.723679
vt 2.719435 0.723679
vt 2.719447 0.878875
vt 1.821309 0.121299
vt 2.220559 0.121299
vt 2.220547 0.276495
vt 1.821297 0.276495
vt 1.821135 0.878875
vt 1.821123 0.723679
vt 2.220373 0.723679
vt 2.220385 0.878875
vt 1.322247 0.121299
vt 1.721497 0.121299
vt 1.721485 0.276495
vt 1.322235 0.276495
vt 1.322073 0.878875
vt 1.322061 0.723679
vt 1.721310 0.723679
vt 1.721322 0.878875
vt 2.313403 0.114331
vt 2.712653 0.114331
vt 2.712641 0.269527
vt 2.313391 0.269527
vt 2.313229 0.885844
vt 2.313217 0.730648
vt 2.712467 0.730648
vt 2.712479 0.885844
vt 1.814341 0.114331
vt 2.213591 0.114331
vt 2.213579 0.269527
vt 1.814329 0.269527
vt 1.814167 0.885844
vt 1.814155 0.730648
vt 2.213405 0.730648
vt 2.213416 0.885844
vt 1.315279 0.114331
vt 1.714528 0.114331
vt 1.714517 0.269527
vt 1.315267 0.269527
vt 1.315104 0.885844
vt 1.315093 0.730648
vt 1.714342 0.730648
vt 1.714354 0.885844
vt -1.320956 0.926783
vt -1.720206 0.926783
vt -1.720218 0.771587
vt -1.320968 0.771587
vt -1.320782 0.073391
vt -1.320794 0.228587
vt -1.720044 0.228587
vt -1.720032 0.073391
vt -0.821894 0.926783
vt -1.221144 0.926783
vt -1.221156 0.771587
vt -0.821906 0.771587
vt -0.821720 0.073391
vt -0.821732 0.228587
vt -1.220982 0.228587
vt -1.220970 0.073391
vt -0.322832 0.926783
vt -0.722082 0.926783
vt -0.722094 0.771587
vt -0.322844 0.771587
vt -0.322658 0.073391
vt -0.322670 0.228587
vt -0.721919 0.228587
vt -0.721908 0.073391
vt -1.313988 0.919814
vt -1.713238 0.919814
vt -1.713250 0.764618
vt -1.314000 0.764618
vt -1.313814 0.080360
vt -1.313826 0.235556
vt -1.713076 0.235556
vt -1.713064 0.080360
vt -0.814926 0.919814
vt -1.214176 0.919814
vt -1.214188 0.764618
vt -0.814938 0.764618
vt -0.814752 0.080360
vt -0.814764 0.235556
vt -1.214013 0.235556
vt -1.214002 0.080360
vt -0.315864 0.919814
vt -0.715114 0.919814
vt -0.715126 0.764618
vt -0.315876 0.764618
vt -0.315690 0.080360
vt -0.315702 0.235556
vt -0.714951 0.235556
vt -0.714939 0.080360
vt -1.272876 0.121299
vt -1.272888 0.276495
vt -1.672138 0.276495
vt -1.672126 0.121299
vt -1.273051 0.878875
vt -1.672300 0.878875
vt -1.672312 0.723679
vt -1.273062 0.723679
vt -0.773814 0.121299
vt -0.773826 0.276495
vt -1.173076 0.276495
vt -1.173064 0.121299
vt -0.773988 0.878875
vt -1.173238 0.878875
vt -1.173250 0.723679
vt -0.774000 0.723679
vt -0.274752 0.121299
vt -0.274764 0.276495
vt -0.674013 0.276495
vt -0.674002 0.121299
vt -0.274926 0.878875
vt -0.674176 0.878875
vt -0.674188 0.723679
vt -0.274938 0.723679
vt -1.279844 0.114331
vt -1.279856 0.269527
vt -1.679106 0.269527
vt -1.679094 0.114331
vt -1.280019 0.885844
vt -1.679268 0.885844
vt -1.679280 0.730648
vt -1.280030 0.730648
vt -0.780782 0.114331
vt -0.780794 0.269527
vt -1.180044 0.269527
vt -1.180032 0.114331
vt -0.780957 0.885844
vt -1.180206 0.885844
vt -1.180218 0.730648
vt -0.780968 0.730648
vt -0.281720 0.114331
vt -0.281732 0.269527
vt -0.680982 0.269527
vt -0.680970 0.114331
vt -0.281894 0.885844
vt -0.681144 0.885844
vt -0.681156 0.730648
vt -0.281906 0.730648
vn 0.0000 0.0000 -1.0000
vn 0.0000 0.0000 1.0000
usemtl sandstone
s off
f 5707/10737/420 5708/10738/420 5706/10739/420 5705/10740/420
f 5711/10741/421 5709/10742/421 5710/10743/421 5712/10744/421
f 5715/10745/420 5716/10746/420 5714/10747/420 5713/10748/420
f 5719/10749/421 5717/10750/421 5718/10751/421 5720/10752/421
f 5723/10753/420 5724/10754/420 5722/10755/420 5721/10756/420
f 5727/10757/421 5725/10758/421 5726/10759/421 5728/10760/421
f 5731/10761/420 5732/10762/420 5730/10763/420 5729/10764/420
f 5735/10765/421 5733/10766/421 5734/10767/421 5736/10768/421
f 5739/10769/420 5740/10770/420 5738/10771/420 5737/10772/420
f 5743/10773/421 5741/10774/421 5742/10775/421 5744/10776/421
f 5747/10777/420 5748/10778/420 5746/10779/420 5745/10780/420
f 5751/10781/421 5749/10782/421 5750/10783/421 5752/10784/421
f 5755/10785/421 5753/10786/421 5754/10787/421 5756/10788/421
f 5759/10789/420 5760/10790/420 5758/10791/420 5757/10792/420
f 5763/10793/421 5761/10794/421 5762/10795/421 5764/10796/421
f 5767/10797/420 5768/10798/420 5766/10799/420 5765/10800/420
f 5771/10801/421 5769/10802/421 5770/10803/421 5772/10804/421
f 5775/10805/420 5776/10806/420 5774/10807/420 5773/10808/420
f 5779/10809/421 5777/10810/421 5778/10811/421 5780/10812/421
f 5783/10813/420 5784/10814/420 5782/10815/420 5781/10816/420
f 5787/10817/421 5785/10818/421 5786/10819/421 5788/10820/421
f 5791/10821/420 5792/10822/420 5790/10823/420 5789/10824/420
f 5795/10825/421 5793/10826/421 5794/10827/421 5796/10828/421
f 5799/10829/420 5800/10830/420 5798/10831/420 5797/10832/420
f 5803/10833/420 5801/10834/420 5802/10835/420 5804/10836/420
f 5807/10837/421 5808/10838/421 5806/10839/421 5805/10840/421
f 5811/10841/420 5809/10842/420 5810/10843/420 5812/10844/420
f 5815/10845/421 5816/10846/421 5814/10847/421 5813/10848/421
f 5819/10849/420 5817/10850/420 5818/10851/420 5820/10852/420
f 5823/10853/421 5824/10854/421 5822/10855/421 5821/10856/421
f 5827/10857/420 5825/10858/420 5826/10859/420 5828/10860/420
f 5831/10861/421 5832/10862/421 5830/10863/421 5829/10864/421
f 5835/10865/420 5833/10866/420 5834/10867/420 5836/10868/420
f 5839/10869/421 5840/10870/421 5838/10871/421 5837/10872/421
f 5843/10873/420 5841/10874/420 5842/10875/420 5844/10876/420
f 5847/10877/421 5848/10878/421 5846/10879/421 5845/10880/421
f 5851/10881/421 5852/10882/421 5850/10883/421 5849/10884/421
f 5855/10885/420 5853/10886/420 5854/10887/420 5856/10888/420
f 5859/10889/421 5860/10890/421 5858/10891/421 5857/10892/421
f 5863/10893/420 5861/10894/420 5862/10895/420 5864/10896/420
f 5867/10897/421 5868/10898/421 5866/10899/421 5865/10900/421
f 5871/10901/420 5869/10902/420 5870/10903/420 5872/10904/420
f 5875/10905/421 5876/10906/421 5874/10907/421 5873/10908/421
f 5879/10909/420 5877/10910/420 5878/10911/420 5880/10912/420
f 5883/10913/421 5884/10914/421 5882/10915/421 5881/10916/421
f 5887/10917/420 5885/10918/420 5886/10919/420 5888/10920/420
f 5891/10921/421 5892/10922/421 5890/10923/421 5889/10924/421
f 5895/10925/420 5893/10926/420 5894/10927/420 5896/10928/420
f 5899/10929/421 5897/10930/421 5898/10931/421 5900/10932/421
f 5903/10933/420 5904/10934/420 5902/10935/420 5901/10936/420
f 5907/10937/421 5905/10938/421 5906/10939/421 5908/10940/421
f 5911/10941/420 5912/10942/420 5910/10943/420 5909/10944/420
f 5915/10945/421 5913/10946/421 5914/10947/421 5916/10948/421
f 5919/10949/420 5920/10950/420 5918/10951/420 5917/10952/420
f 5923/10953/421 5921/10954/421 5922/10955/421 5924/10956/421
f 5927/10957/420 5928/10958/420 5926/10959/420 5925/10960/420
f 5931/10961/421 5929/10962/421 5930/10963/421 5932/10964/421
f 5935/10965/420 5936/10966/420 5934/10967/420 5933/10968/420
f 5939/10969/421 5937/10970/421 5938/10971/421 5940/10972/421
f 5943/10973/420 5944/10974/420 5942/10975/420 5941/10976/420
f 5947/10977/420 5948/10978/420 5946/10979/420 5945/10980/420
f 5951/10981/421 5949/10982/421 5950/10983/421 5952/10984/421
f 5955/10985/420 5956/10986/420 5954/10987/420 5953/10988/420
f 5959/10989/421 5957/10990/421 5958/10991/421 5960/10992/421
f 5963/10993/420 5964/10994/420 5962/10995/420 5961/10996/420
f 5967/10997/421 5965/10998/421 5966/10999/421 5968/11000/421
f 5971/11001/420 5972/11002/420 5970/11003/420 5969/11004/420
f 5975/11005/421 5973/11006/421 5974/11007/421 5976/11008/421
f 5979/11009/420 5980/11010/420 5978/11011/420 5977/11012/420
f 5983/11013/421 5981/11014/421 5982/11015/421 5984/11016/421
f 5987/11017/420 5988/11018/420 5986/11019/420 5985/11020/420
f 5991/11021/421 5989/11022/421 5990/11023/421 5992/11024/421
f 5995/11025/421 5996/11026/421 5994/11027/421 5993/11028/421
f 5999/11029/420 5997/11030/420 5998/11031/420 6000/11032/420
f 6003/11033/421 6004/11034/421 6002/11035/421 6001/11036/421
f 6007/11037/420 6005/11038/420 6006/11039/420 6008/11040/420
f 6011/11041/421 6012/11042/421 6010/11043/421 6009/11044/421
f 6015/11045/420 6013/11046/420 6014/11047/420 6016/11048/420
f 6019/11049/421 6020/11050/421 6018/11051/421 6017/11052/421
f 6023/11053/420 6021/11054/420 6022/11055/420 6024/11056/420
f 6027/11057/421 6028/11058/421 6026/11059/421 6025/11060/421
f 6031/11061/420 6029/11062/420 6030/11063/420 6032/11064/420
f 6035/11065/421 6036/11066/421 6034/11067/421 6033/11068/421
f 6039/11069/420 6037/11070/420 6038/11071/420 6040/11072/420
f 6043/11073/420 6041/11074/420 6042/11075/420 6044/11076/420
f 6047/11077/421 6048/11078/421 6046/11079/421 6045/11080/421
f 6051/11081/420 6049/11082/420 6050/11083/420 6052/11084/420
f 6055/11085/421 6056/11086/421 6054/11087/421 6053/11088/421
f 6059/11089/420 6057/11090/420 6058/11091/420 6060/11092/420
f 6063/11093/421 6064/11094/421 6062/11095/421 6061/11096/421
f 6067/11097/420 6065/11098/420 6066/11099/420 6068/11100/420
f 6071/11101/421 6072/11102/421 6070/11103/421 6069/11104/421
f 6075/11105/420 6073/11106/420 6074/11107/420 6076/11108/420
f 6079/11109/421 6080/11110/421 6078/11111/421 6077/11112/421
f 6083/11113/420 6081/11114/420 6082/11115/420 6084/11116/420
f 6087/11117/421 6088/11118/421 6086/11119/421 6085/11120/421
o Cube.496_Cube.595
v 18.373829 1.147178 -12.876170
v 18.373829 1.147178 -14.623830
v 16.626171 1.147178 -14.623830
v 16.626171 1.147178 -12.876170
v 18.311159 1.147178 -12.938842
v 18.311159 1.147178 -14.561158
v 16.688841 1.147178 -14.561158
v 16.688841 1.147178 -12.938842
v 16.574507 1.000000 -14.675493
v 18.425493 1.000000 -14.675493
v 18.425493 1.000000 -12.824507
v 16.574507 1.000000 -12.824507
v 18.311159 1.104070 -14.561158
v 18.346516 1.031108 -14.596516
v 18.311159 1.104070 -12.938842
v 18.346516 1.031108 -12.903484
v 16.688841 1.104070 -14.561158
v 16.653484 1.031108 -14.596516
v 16.688841 1.104070 -12.938842
v 16.653484 1.031108 -12.903484
v 18.400103 1.229868 -12.849897
v 16.599897 1.229868 -12.849897
v 18.400103 1.229868 -14.650103
v 16.599897 1.229868 -14.650103
v 16.652426 7.113859 -12.902426
v 16.599897 7.279187 -12.849897
v 16.599897 7.279187 -14.650103
v 18.400103 7.279187 -14.650103
v 18.400103 7.279187 -12.849897
v 16.652426 7.113859 -14.597574
v 18.347574 7.113859 -14.597574
v 18.347574 7.113859 -12.902426
v 13.373829 1.147178 -12.876170
v 13.373829 1.147178 -14.623830
v 11.626171 1.147178 -14.623830
v 11.626171 1.147178 -12.876170
v 13.311159 1.147178 -12.938842
v 13.311159 1.147178 -14.561158
v 11.688841 1.147178 -14.561158
v 11.688841 1.147178 -12.938842
v 11.574507 1.000000 -14.675493
v 13.425493 1.000000 -14.675493
v 13.425493 1.000000 -12.824507
v 11.574507 1.000000 -12.824507
v 13.311159 1.104070 -14.561158
v 13.346516 1.031108 -14.596516
v 13.311159 1.104070 -12.938842
v 13.346516 1.031108 -12.903484
v 11.688841 1.104070 -14.561158
v 11.653484 1.031108 -14.596516
v 11.688841 1.104070 -12.938842
v 11.653484 1.031108 -12.903484
v 13.400103 1.229868 -12.849897
v 11.599897 1.229868 -12.849897
v 13.400103 1.229868 -14.650103
v 11.599897 1.229868 -14.650103
v 11.652426 7.113859 -12.902426
v 11.599897 7.279187 -12.849897
v 11.599897 7.279187 -14.650103
v 13.400103 7.279187 -14.650103
v 13.400103 7.279187 -12.849897
v 11.652426 7.113859 -14.597574
v 13.347574 7.113859 -14.597574
v 13.347574 7.113859 -12.902426
v 3.373829 1.147178 -12.876170
v 3.373829 1.147178 -14.623830
v 1.626171 1.147178 -14.623830
v 1.626171 1.147178 -12.876170
v 3.311159 1.147178 -12.938842
v 3.311159 1.147178 -14.561158
v 1.688841 1.147178 -14.561158
v 1.688841 1.147178 -12.938842
v 1.574507 1.000000 -14.675493
v 3.425493 1.000000 -14.675493
v 3.425493 1.000000 -12.824507
v 1.574507 1.000000 -12.824507
v 3.311159 1.104070 -14.561158
v 3.346516 1.031108 -14.596516
v 3.311159 1.104070 -12.938842
v 3.346516 1.031108 -12.903484
v 1.688841 1.104070 -14.561158
v 1.653484 1.031108 -14.596516
v 1.688841 1.104070 -12.938842
v 1.653484 1.031108 -12.903484
v 3.400103 1.229868 -12.849897
v 1.599897 1.229868 -12.849897
v 3.400103 1.229868 -14.650103
v 1.599897 1.229868 -14.650103
v 1.652426 7.113859 -12.902426
v 1.599897 7.279187 -12.849897
v 1.599897 7.279187 -14.650103
v 3.400103 7.279187 -14.650103
v 3.400103 7.279187 -12.849897
v 1.652426 7.113859 -14.597574
v 3.347574 7.113859 -14.597574
v 3.347574 7.113859 -12.902426
v 18.373829 1.147178 -8.876170
v 18.373829 1.147178 -10.623830
v 16.626171 1.147178 -10.623830
v 16.626171 1.147178 -8.876170
v 18.311159 1.147178 -8.938842
v 18.311159 1.147178 -10.561158
v 16.688841 1.147178 -10.561158
v 16.688841 1.147178 -8.938842
v 16.574507 1.000000 -10.675493
v 18.425493 1.000000 -10.675493
v 18.425493 1.000000 -8.824507
v 16.574507 1.000000 -8.824507
v 18.311159 1.104070 -10.561158
v 18.346516 1.031108 -10.596516
v 18.311159 1.104070 -8.938842
v 18.346516 1.031108 -8.903484
v 16.688841 1.104070 -10.561158
v 16.653484 1.031108 -10.596516
v 16.688841 1.104070 -8.938842
v 16.653484 1.031108 -8.903484
v 18.400103 1.229868 -8.849897
v 16.599897 1.229868 -8.849897
v 18.400103 1.229868 -10.650103
v 16.599897 1.229868 -10.650103
v 16.652426 7.113859 -8.902426
v 16.599897 7.279187 -8.849897
v 16.599897 7.279187 -10.650103
v 18.400103 7.279187 -10.650103
v 18.400103 7.279187 -8.849897
v 16.652426 7.113859 -10.597574
v 18.347574 7.113859 -10.597574
v 18.347574 7.113859 -8.902426
v 13.373829 1.147178 -8.876170
v 13.373829 1.147178 -10.623830
v 11.626171 1.147178 -10.623830
v 11.626171 1.147178 -8.876170
v 13.311159 1.147178 -8.938842
v 13.311159 1.147178 -10.561158
v 11.688841 1.147178 -10.561158
v 11.688841 1.147178 -8.938842
v 11.574507 1.000000 -10.675493
v 13.425493 1.000000 -10.675493
v 13.425493 1.000000 -8.824507
v 11.574507 1.000000 -8.824507
v 13.311159 1.104070 -10.561158
v 13.346516 1.031108 -10.596516
v 13.311159 1.104070 -8.938842
v 13.346516 1.031108 -8.903484
v 11.688841 1.104070 -10.561158
v 11.653484 1.031108 -10.596516
v 11.688841 1.104070 -8.938842
v 11.653484 1.031108 -8.903484
v 13.400103 1.229868 -8.849897
v 11.599897 1.229868 -8.849897
v 13.400103 1.229868 -10.650103
v 11.599897 1.229868 -10.650103
v 11.652426 7.113859 -8.902426
v 11.599897 7.279187 -8.849897
v 11.599897 7.279187 -10.650103
v 13.400103 7.279187 -10.650103
v 13.400103 7.279187 -8.849897
v 11.652426 7.113859 -10.597574
v 13.347574 7.113859 -10.597574
v 13.347574 7.113859 -8.902426
v 3.373829 1.147178 -8.876170
v 3.373829 1.147178 -10.623830
v 1.626171 1.147178 -10.623830
v 1.626171 1.147178 -8.876170
v 3.311159 1.147178 -8.938842
v 3.311159 1.147178 -10.561158
v 1.688841 1.147178 -10.561158
v 1.688841 1.147178 -8.938842
v 1.574507 1.000000 -10.675493
v 3.425493 1.000000 -10.675493
v 3.425493 1.000000 -8.824507
v 1.574507 1.000000 -8.824507
v 3.311159 1.104070 -10.561158
v 3.346516 1.031108 -10.596516
v 3.311159 1.104070 -8.938842
v 3.346516 1.031108 -8.903484
v 1.688841 1.104070 -10.561158
v 1.653484 1.031108 -10.596516
v 1.688841 1.104070 -8.938842
v 1.653484 1.031108 -8.903484
v 3.400103 1.229868 -8.849897
v 1.599897 1.229868 -8.849897
v 3.400103 1.229868 -10.650103
v 1.599897 1.229868 -10.650103
v 1.652426 7.113859 -8.902426
v 1.599897 7.279187 -8.849897
v 1.599897 7.279187 -10.650103
v 3.400103 7.279187 -10.650103
v 3.400103 7.279187 -8.849897
v 1.652426 7.113859 -10.597574
v 3.347574 7.113859 -10.597574
v 3.347574 7.113859 -8.902426
v -18.373829 1.147178 -12.876170
v -18.373829 1.147178 -14.623830
v -16.626171 1.147178 -14.623830
v -16.626171 1.147178 -12.876170
v -18.311159 1.147178 -12.938842
v -18.311159 1.147178 -14.561158
v -16.688841 1.147178 -14.561158
v -16.688841 1.147178 -12.938842
v -16.574507 1.000000 -14.675493
v -18.425493 1.000000 -14.675493
v -18.425493 1.000000 -12.824507
v -16.574507 1.000000 -12.824507
v -18.311159 1.104070 -14.561158
v -18.346516 1.031108 -14.596516
v -18.311159 1.104070 -12.938842
v -18.346516 1.031108 -12.903484
v -16.688841 1.104070 -14.561158
v -16.653484 1.031108 -14.596516
v -16.688841 1.104070 -12.938842
v -16.653484 1.031108 -12.903484
v -18.400103 1.229868 -12.849897
v -16.599897 1.229868 -12.849897
v -18.400103 1.229868 -14.650103
v -16.599897 1.229868 -14.650103
v -16.652426 7.113859 -12.902426
v -16.599897 7.279187 -12.849897
v -16.599897 7.279187 -14.650103
v -18.400103 7.279187 -14.650103
v -18.400103 7.279187 -12.849897
v -16.652426 7.113859 -14.597574
v -18.347574 7.113859 -14.597574
v -18.347574 7.113859 -12.902426
v -13.373829 1.147178 -12.876170
v -13.373829 1.147178 -14.623830
v -11.626171 1.147178 -14.623830
v -11.626171 1.147178 -12.876170
v -13.311159 1.147178 -12.938842
v -13.311159 1.147178 -14.561158
v -11.688841 1.147178 -14.561158
v -11.688841 1.147178 -12.938842
v -11.574507 1.000000 -14.675493
v -13.425493 1.000000 -14.675493
v -13.425493 1.000000 -12.824507
v -11.574507 1.000000 -12.824507
v -13.311159 1.104070 -14.561158
v -13.346516 1.031108 -14.596516
v -13.311159 1.104070 -12.938842
v -13.346516 1.031108 -12.903484
v -11.688841 1.104070 -14.561158
v -11.653484 1.031108 -14.596516
v -11.688841 1.104070 -12.938842
v -11.653484 1.031108 -12.903484
v -13.400103 1.229868 -12.849897
v -11.599897 1.229868 -12.849897
v -13.400103 1.229868 -14.650103
v -11.599897 1.229868 -14.650103
v -11.652426 7.113859 -12.902426
v -11.599897 7.279187 -12.849897
v -11.599897 7.279187 -14.650103
v -13.400103 7.279187 -14.650103
v -13.400103 7.279187 -12.849897
v -11.652426 7.113859 -14.597574
v -13.347574 7.113859 -14.597574
v -13.347574 7.113859 -12.902426
v -3.373829 1.147178 -12.876170
v -3.373829 1.147178 -14.623830
v -1.626171 1.147178 -14.623830
v -1.626171 1.147178 -12.876170
v -3.311159 1.147178 -12.938842
v -3.311159 1.147178 -14.561158
v -1.688841 1.147178 -14.561158
v -1.688841 1.147178 -12.938842
v -1.574507 1.000000 -14.675493
v -3.425493 1.000000 -14.675493
v -3.425493 1.000000 -12.824507
v -1.574507 1.000000 -12.824507
v -3.311159 1.104070 -14.561158
v -3.346516 1.031108 -14.596516
v -3.311159 1.104070 -12.938842
v -3.346516 1.031108 -12.903484
v -1.688841 1.104070 -14.561158
v -1.653484 1.031108 -14.596516
v -1.688841 1.104070 -12.938842
v -1.653484 1.031108 -12.903484
v -3.400103 1.229868 -12.849897
v -1.599897 1.229868 -12.849897
v -3.400103 1.229868 -14.650103
v -1.599897 1.229868 -14.650103
v -1.652426 7.113859 -12.902426
v -1.599897 7.279187 -12.849897
v -1.599897 7.279187 -14.650103
v -3.400103 7.279187 -14.650103
v -3.400103 7.279187 -12.849897
v -1.652426 7.113859 -14.597574
v -3.347574 7.113859 -14.597574
v -3.347574 7.113859 -12.902426
v -18.373829 1.147178 -8.876170
v -18.373829 1.147178 -10.623830
v -16.626171 1.147178 -10.623830
v -16.626171 1.147178 -8.876170
v -18.311159 1.147178 -8.938842
v -18.311159 1.147178 -10.561158
v -16.688841 1.147178 -10.561158
v -16.688841 1.147178 -8.938842
v -16.574507 1.000000 -10.675493
v -18.425493 1.000000 -10.675493
v -18.425493 1.000000 -8.824507
v -16.574507 1.000000 -8.824507
v -18.311159 1.104070 -10.561158
v -18.346516 1.031108 -10.596516
v -18.311159 1.104070 -8.938842
v -18.346516 1.031108 -8.903484
v -16.688841 1.104070 -10.561158
v -16.653484 1.031108 -10.596516
v -16.688841 1.104070 -8.938842
v -16.653484 1.031108 -8.903484
v -18.400103 1.229868 -8.849897
v -16.599897 1.229868 -8.849897
v -18.400103 1.229868 -10.650103
v -16.599897 1.229868 -10.650103
v -16.652426 7.113859 -8.902426
v -16.599897 7.279187 -8.849897
v -16.599897 7.279187 -10.650103
v -18.400103 7.279187 -10.650103
v -18.400103 7.279187 -8.849897
v -16.652426 7.113859 -10.597574
v -18.347574 7.113859 -10.597574
v -18.347574 7.113859 -8.902426
v -13.373829 1.147178 -8.876170
v -13.373829 1.147178 -10.623830
v -11.626171 1.147178 -10.623830
v -11.626171 1.147178 -8.876170
v -13.311159 1.147178 -8.938842
v -13.311159 1.147178 -10.561158
v -11.688841 1.147178 -10.561158
v -11.688841 1.147178 -8.938842
v -11.574507 1.000000 -10.675493
v -13.425493 1.000000 -10.675493
v -13.425493 1.000000 -8.824507
v -11.574507 1.000000 -8.824507
v -13.311159 1.104070 -10.561158
v -13.346516 1.031108 -10.596516
v -13.311159 1.104070 -8.938842
v -13.346516 1.031108 -8.903484
v -11.688841 1.104070 -10.561158
v -11.653484 1.031108 -10.596516
v -11.688841 1.104070 -8.938842
v -11.653484 1.031108 -8.903484
v -13.400103 1.229868 -8.849897
v -11.599897 1.229868 -8.849897
v -13.400103 1.229868 -10.650103
v -11.599897 1.229868 -10.650103
v -11.652426 7.113859 -8.902426
v -11.599897 7.279187 -8.849897
v -11.599897 7.279187 -10.650103
v -13.400103 7.279187 -10.650103
v -13.400103 7.279187 -8.849897
v -11.652426 7.113859 -10.597574
v -13.347574 7.113859 -10.597574
v -13.347574 7.113859 -8.902426
v -3.373829 1.147178 -8.876170
v -3.373829 1.147178 -10.623830
v -1.626171 1.147178 -10.623830
v -1.626171 1.147178 -8.876170
v -3.311159 1.147178 -8.938842
v -3.311159 1.147178 -10.561158
v -1.688841 1.147178 -10.561158
v -1.688841 1.147178 -8.938842
v -1.574507 1.000000 -10.675493
v -3.425493 1.000000 -10.675493
v -3.425493 1.000000 -8.824507
v -1.574507 1.000000 -8.824507
v -3.311159 1.104070 -10.561158
v -3.346516 1.031108 -10.596516
v -3.311159 1.104070 -8.938842
v -3.346516 1.031108 -8.903484
v -1.688841 1.104070 -10.561158
v -1.653484 1.031108 -10.596516
v -1.688841 1.104070 -8.938842
v -1.653484 1.031108 -8.903484
v -3.400103 1.229868 -8.849897
v -1.599897 1.229868 -8.849897
v -3.400103 1.229868 -10.650103
v -1.599897 1.229868 -10.650103
v -1.652426 7.113859 -8.902426
v -1.599897 7.279187 -8.849897
v -1.599897 7.279187 -10.650103
v -3.400103 7.279187 -10.650103
v -3.400103 7.279187 -8.849897
v -1.652426 7.113859 -10.597574
v -3.347574 7.113859 -10.597574
v -3.347574 7.113859 -8.902426
v 18.373829 1.147178 12.876170
v 18.373829 1.147178 14.623830
v 16.626171 1.147178 14.623830
v 16.626171 1.147178 12.876170
v 18.311159 1.147178 12.938842
v 18.311159 1.147178 14.561158
v 16.688841 1.147178 14.561158
v 16.688841 1.147178 12.938842
v 16.574507 1.000000 14.675493
v 18.425493 1.000000 14.675493
v 18.425493 1.000000 12.824507
v 16.574507 1.000000 12.824507
v 18.311159 1.104070 14.561158
v 18.346516 1.031108 14.596516
v 18.311159 1.104070 12.938842
v 18.346516 1.031108 12.903484
v 16.688841 1.104070 14.561158
v 16.653484 1.031108 14.596516
v 16.688841 1.104070 12.938842
v 16.653484 1.031108 12.903484
v 18.400103 1.229868 12.849897
v 16.599897 1.229868 12.849897
v 18.400103 1.229868 14.650103
v 16.599897 1.229868 14.650103
v 16.652426 7.113859 12.902426
v 16.599897 7.279187 12.849897
v 16.599897 7.279187 14.650103
v 18.400103 7.279187 14.650103
v 18.400103 7.279187 12.849897
v 16.652426 7.113859 14.597574
v 18.347574 7.113859 14.597574
v 18.347574 7.113859 12.902426
v 13.373829 1.147178 12.876170
v 13.373829 1.147178 14.623830
v 11.626171 1.147178 14.623830
v 11.626171 1.147178 12.876170
v 13.311159 1.147178 12.938842
v 13.311159 1.147178 14.561158
v 11.688841 1.147178 14.561158
v 11.688841 1.147178 12.938842
v 11.574507 1.000000 14.675493
v 13.425493 1.000000 14.675493
v 13.425493 1.000000 12.824507
v 11.574507 1.000000 12.824507
v 13.311159 1.104070 14.561158
v 13.346516 1.031108 14.596516
v 13.311159 1.104070 12.938842
v 13.346516 1.031108 12.903484
v 11.688841 1.104070 14.561158
v 11.653484 1.031108 14.596516
v 11.688841 1.104070 12.938842
v 11.653484 1.031108 12.903484
v 13.400103 1.229868 12.849897
v 11.599897 1.229868 12.849897
v 13.400103 1.229868 14.650103
v 11.599897 1.229868 14.650103
v 11.652426 7.113859 12.902426
v 11.599897 7.279187 12.849897
v 11.599897 7.279187 14.650103
v 13.400103 7.279187 14.650103
v 13.400103 7.279187 12.849897
v 11.652426 7.113859 14.597574
v 13.347574 7.113859 14.597574
v 13.347574 7.113859 12.902426
v 3.373829 1.147178 12.876170
v 3.373829 1.147178 14.623830
v 1.626171 1.147178 14.623830
v 1.626171 1.147178 12.876170
v 3.311159 1.147178 12.938842
v 3.311159 1.147178 14.561158
v 1.688841 1.147178 14.561158
v 1.688841 1.147178 12.938842
v 1.574507 1.000000 14.675493
v 3.425493 1.000000 14.675493
v 3.425493 1.000000 12.824507
v 1.574507 1.000000 12.824507
v 3.311159 1.104070 14.561158
v 3.346516 1.031108 14.596516
v 3.311159 1.104070 12.938842
v 3.346516 1.031108 12.903484
v 1.688841 1.104070 14.561158
v 1.653484 1.031108 14.596516
v 1.688841 1.104070 12.938842
v 1.653484 1.031108 12.903484
v 3.400103 1.229868 12.849897
v 1.599897 1.229868 12.849897
v 3.400103 1.229868 14.650103
v 1.599897 1.229868 14.650103
v 1.652426 7.113859 12.902426
v 1.599897 7.279187 12.849897
v 1.599897 7.279187 14.650103
v 3.400103 7.279187 14.650103
v 3.400103 7.279187 12.849897
v 1.652426 7.113859 14.597574
v 3.347574 7.113859 14.597574
v 3.347574 7.113859 12.902426
v 18.373829 1.147178 8.876170
v 18.373829 1.147178 10.623830
v 16.626171 1.147178 10.623830
v 16.626171 1.147178 8.876170
v 18.311159 1.147178 8.938842
v 18.311159 1.147178 10.561158
v 16.688841 1.147178 10.561158
v 16.688841 1.147178 8.938842
v 16.574507 1.000000 10.675493
v 18.425493 1.000000 10.675493
v 18.425493 1.000000 8.824507
v 16.574507 1.000000 8.824507
v 18.311159 1.104070 10.561158
v 18.346516 1.031108 10.596516
v 18.311159 1.104070 8.938842
v 18.346516 1.031108 8.903484
v 16.688841 1.104070 10.561158
v 16.653484 1.031108 10.596516
v 16.688841 1.104070 8.938842
v 16.653484 1.031108 8.903484
v 18.400103 1.229868 8.849897
v 16.599897 1.229868 8.849897
v 18.400103 1.229868 10.650103
v 16.599897 1.229868 10.650103
v 16.652426 7.113859 8.902426
v 16.599897 7.279187 8.849897
v 16.599897 7.279187 10.650103
v 18.400103 7.279187 10.650103
v 18.400103 7.279187 8.849897
v 16.652426 7.113859 10.597574
v 18.347574 7.113859 10.597574
v 18.347574 7.113859 8.902426
v 13.373829 1.147178 8.876170
v 13.373829 1.147178 10.623830
v 11.626171 1.147178 10.623830
v 11.626171 1.147178 8.876170
v 13.311159 1.147178 8.938842
v 13.311159 1.147178 10.561158
v 11.688841 1.147178 10.561158
v 11.688841 1.147178 8.938842
v 11.574507 1.000000 10.675493
v 13.425493 1.000000 10.675493
v 13.425493 1.000000 8.824507
v 11.574507 1.000000 8.824507
v 13.311159 1.104070 10.561158
v 13.346516 1.031108 10.596516
v 13.311159 1.104070 8.938842
v 13.346516 1.031108 8.903484
v 11.688841 1.104070 10.561158
v 11.653484 1.031108 10.596516
v 11.688841 1.104070 8.938842
v 11.653484 1.031108 8.903484
v 13.400103 1.229868 8.849897
v 11.599897 1.229868 8.849897
v 13.400103 1.229868 10.650103
v 11.599897 1.229868 10.650103
v 11.652426 7.113859 8.902426
v 11.599897 7.279187 8.849897
v 11.599897 7.279187 10.650103
v 13.400103 7.279187 10.650103
v 13.400103 7.279187 8.849897
v 11.652426 7.113859 10.597574
v 13.347574 7.113859 10.597574
v 13.347574 7.113859 8.902426
v 3.373829 1.147178 8.876170
v 3.373829 1.147178 10.623830
v 1.626171 1.147178 10.623830
v 1.626171 1.147178 8.876170
v 3.311159 1.147178 8.938842
v 3.311159 1.147178 10.561158
v 1.688841 1.147178 10.561158
v 1.688841 1.147178 8.938842
v 1.574507 1.000000 10.675493
v 3.425493 1.000000 10.675493
v 3.425493 1.000000 8.824507
v 1.574507 1.000000 8.824507
v 3.311159 1.104070 10.561158
v 3.346516 1.031108 10.596516
v 3.311159 1.104070 8.938842
v 3.346516 1.031108 8.903484
v 1.688841 1.104070 10.561158
v 1.653484 1.031108 10.596516
v 1.688841 1.104070 8.938842
v 1.653484 1.031108 8.903484
v 3.400103 1.229868 8.849897
v 1.599897 1.229868 8.849897
v 3.400103 1.229868 10.650103
v 1.599897 1.229868 10.650103
v 1.652426 7.113859 8.902426
v 1.599897 7.279187 8.849897
v 1.599897 7.279187 10.650103
v 3.400103 7.279187 10.650103
v 3.400103 7.279187 8.849897
v 1.652426 7.113859 10.597574
v 3.347574 7.113859 10.597574
v 3.347574 7.113859 8.902426
v -18.373829 1.147178 12.876170
v -18.373829 1.147178 14.623830
v -16.626171 1.147178 14.623830
v -16.626171 1.147178 12.876170
v -18.311159 1.147178 12.938842
v -18.311159 1.147178 14.561158
v -16.688841 1.147178 14.561158
v -16.688841 1.147178 12.938842
v -16.574507 1.000000 14.675493
v -18.425493 1.000000 14.675493
v -18.425493 1.000000 12.824507
v -16.574507 1.000000 12.824507
v -18.311159 1.104070 14.561158
v -18.346516 1.031108 14.596516
v -18.311159 1.104070 12.938842
v -18.346516 1.031108 12.903484
v -16.688841 1.104070 14.561158
v -16.653484 1.031108 14.596516
v -16.688841 1.104070 12.938842
v -16.653484 1.031108 12.903484
v -18.400103 1.229868 12.849897
v -16.599897 1.229868 12.849897
v -18.400103 1.229868 14.650103
v -16.599897 1.229868 14.650103
v -16.652426 7.113859 12.902426
v -16.599897 7.279187 12.849897
v -16.599897 7.279187 14.650103
v -18.400103 7.279187 14.650103
v -18.400103 7.279187 12.849897
v -16.652426 7.113859 14.597574
v -18.347574 7.113859 14.597574
v -18.347574 7.113859 12.902426
v -13.373829 1.147178 12.876170
v -13.373829 1.147178 14.623830
v -11.626171 1.147178 14.623830
v -11.626171 1.147178 12.876170
v -13.311159 1.147178 12.938842
v -13.311159 1.147178 14.561158
v -11.688841 1.147178 14.561158
v -11.688841 1.147178 12.938842
v -11.574507 1.000000 14.675493
v -13.425493 1.000000 14.675493
v -13.425493 1.000000 12.824507
v -11.574507 1.000000 12.824507
v -13.311159 1.104070 14.561158
v -13.346516 1.031108 14.596516
v -13.311159 1.104070 12.938842
v -13.346516 1.031108 12.903484
v -11.688841 1.104070 14.561158
v -11.653484 1.031108 14.596516
v -11.688841 1.104070 12.938842
v -11.653484 1.031108 12.903484
v -13.400103 1.229868 12.849897
v -11.599897 1.229868 12.849897
v -13.400103 1.229868 14.650103
v -11.599897 1.229868 14.650103
v -11.652426 7.113859 12.902426
v -11.599897 7.279187 12.849897
v -11.599897 7.279187 14.650103
v -13.400103 7.279187 14.650103
v -13.400103 7.279187 12.849897
v -11.652426 7.113859 14.597574
v -13.347574 7.113859 14.597574
v -13.347574 7.113859 12.902426
v -3.373829 1.147178 12.876170
v -3.373829 1.147178 14.623830
v -1.626171 1.147178 14.623830
v -1.626171 1.147178 12.876170
v -3.311159 1.147178 12.938842
v -3.311159 1.147178 14.561158
v -1.688841 1.147178 14.561158
v -1.688841 1.147178 12.938842
v -1.574507 1.000000 14.675493
v -3.425493 1.000000 14.675493
v -3.425493 1.000000 12.824507
v -1.574507 1.000000 12.824507
v -3.311159 1.104070 14.561158
v -3.346516 1.031108 14.596516
v -3.311159 1.104070 12.938842
v -3.346516 1.031108 12.903484
v -1.688841 1.104070 14.561158
v -1.653484 1.031108 14.596516
v -1.688841 1.104070 12.938842
v -1.653484 1.031108 12.903484
v -3.400103 1.229868 12.849897
v -1.599897 1.229868 12.849897
v -3.400103 1.229868 14.650103
v -1.599897 1.229868 14.650103
v -1.652426 7.113859 12.902426
v -1.599897 7.279187 12.849897
v -1.599897 7.279187 14.650103
v -3.400103 7.279187 14.650103
v -3.400103 7.279187 12.849897
v -1.652426 7.113859 14.597574
v -3.347574 7.113859 14.597574
v -3.347574 7.113859 12.902426
v -18.373829 1.147178 8.876170
v -18.373829 1.147178 10.623830
v -16.626171 1.147178 10.623830
v -16.626171 1.147178 8.876170
v -18.311159 1.147178 8.938842
v -18.311159 1.147178 10.561158
v -16.688841 1.147178 10.561158
v -16.688841 1.147178 8.938842
v -16.574507 1.000000 10.675493
v -18.425493 1.000000 10.675493
v -18.425493 1.000000 8.824507
v -16.574507 1.000000 8.824507
v -18.311159 1.104070 10.561158
v -18.346516 1.031108 10.596516
v -18.311159 1.104070 8.938842
v -18.346516 1.031108 8.903484
v -16.688841 1.104070 10.561158
v -16.653484 1.031108 10.596516
v -16.688841 1.104070 8.938842
v -16.653484 1.031108 8.903484
v -18.400103 1.229868 8.849897
v -16.599897 1.229868 8.849897
v -18.400103 1.229868 10.650103
v -16.599897 1.229868 10.650103
v -16.652426 7.113859 8.902426
v -16.599897 7.279187 8.849897
v -16.599897 7.279187 10.650103
v -18.400103 7.279187 10.650103
v -18.400103 7.279187 8.849897
v -16.652426 7.113859 10.597574
v -18.347574 7.113859 10.597574
v -18.347574 7.113859 8.902426
v -13.373829 1.147178 8.876170
v -13.373829 1.147178 10.623830
v -11.626171 1.147178 10.623830
v -11.626171 1.147178 8.876170
v -13.311159 1.147178 8.938842
v -13.311159 1.147178 10.561158
v -11.688841 1.147178 10.561158
v -11.688841 1.147178 8.938842
v -11.574507 1.000000 10.675493
v -13.425493 1.000000 10.675493
v -13.425493 1.000000 8.824507
v -11.574507 1.000000 8.824507
v -13.311159 1.104070 10.561158
v -13.346516 1.031108 10.596516
v -13.311159 1.104070 8.938842
v -13.346516 1.031108 8.903484
v -11.688841 1.104070 10.561158
v -11.653484 1.031108 10.596516
v -11.688841 1.104070 8.938842
v -11.653484 1.031108 8.903484
v -13.400103 1.229868 8.849897
v -11.599897 1.229868 8.849897
v -13.400103 1.229868 10.650103
v -11.599897 1.229868 10.650103
v -11.652426 7.113859 8.902426
v -11.599897 7.279187 8.849897
v -11.599897 7.279187 10.650103
v -13.400103 7.279187 10.650103
v -13.400103 7.279187 8.849897
v -11.652426 7.113859 10.597574
v -13.347574 7.113859 10.597574
v -13.347574 7.113859 8.902426
v -3.373829 1.147178 8.876170
v -3.373829 1.147178 10.623830
v -1.626171 1.147178 10.623830
v -1.626171 1.147178 8.876170
v -3.311159 1.147178 8.938842
v -3.311159 1.147178 10.561158
v -1.688841 1.147178 10.561158
v -1.688841 1.147178 8.938842
v -1.574507 1.000000 10.675493
v -3.425493 1.000000 10.675493
v -3.425493 1.000000 8.824507
v -1.574507 1.000000 8.824507
v -3.311159 1.104070 10.561158
v -3.346516 1.031108 10.596516
v -3.311159 1.104070 8.938842
v -3.346516 1.031108 8.903484
v -1.688841 1.104070 10.561158
v -1.653484 1.031108 10.596516
v -1.688841 1.104070 8.938842
v -1.653484 1.031108 8.903484
v -3.400103 1.229868 8.849897
v -1.599897 1.229868 8.849897
v -3.400103 1.229868 10.650103
v -1.599897 1.229868 10.650103
v -1.652426 7.113859 8.902426
v -1.599897 7.279187 8.849897
v -1.599897 7.279187 10.650103
v -3.400103 7.279187 10.650103
v -3.400103 7.279187 8.849897
v -1.652426 7.113859 10.597574
v -3.347574 7.113859 10.597574
v -3.347574 7.113859 8.902426
vt 2.177868 0.409469
vt 2.181373 0.402142
vt 2.343599 0.402142
vt 2.347165 0.409469
vt 2.179958 -0.761667
vt 2.342184 -0.760251
vt 2.348396 -0.753930
vt 2.173636 -0.755455
vt 2.345687 0.592009
vt 2.342183 0.599274
vt 2.179958 0.599274
vt 2.176391 0.592009
vt 2.343599 -0.922470
vt 2.349921 -0.928682
vt 2.181374 -0.923886
vt 2.175161 -0.930208
vt 2.348396 0.603639
vt 2.351001 0.611931
vt 2.170987 0.611931
vt 2.173636 0.603639
vt 1.928683 0.602114
vt 1.931359 0.610360
vt 1.751352 0.611931
vt 1.753930 0.603639
vt 2.175161 0.397886
vt 2.172558 0.389641
vt 2.352571 0.389641
vt 2.349921 0.397886
vt -0.755455 0.603639
vt -0.752923 0.611930
vt -0.932930 0.610359
vt -0.930207 0.602114
vt -0.758061 0.592008
vt -0.761629 0.599273
vt -0.923848 0.597858
vt -0.927351 0.590531
vt 2.345687 1.756583
vt 2.353516 1.748590
vt 2.355131 1.933675
vt 2.347165 1.925874
vt 1.925874 0.590531
vt 1.922433 0.597858
vt 1.760214 0.599274
vt 1.756584 0.592009
vt 2.177868 1.927351
vt 2.170039 1.935290
vt 2.176391 1.758061
vt 2.168424 1.750206
vt 2.170987 1.752923
vt 2.351001 1.751352
vt 2.352571 1.931359
vt 2.172558 1.932930
vt 2.176330 -0.763264
vt 2.177809 -0.932766
vt 2.347318 -0.931287
vt 2.345839 -0.761785
vt -0.763264 1.200261
vt -0.758201 1.216839
vt -0.938208 1.215268
vt -0.932766 1.198782
vt 2.177809 -0.198782
vt 2.172604 -0.215268
vt 2.352618 -0.215268
vt 2.347318 -0.198782
vt 1.931287 1.198782
vt 1.936638 1.215268
vt 1.756631 1.216839
vt 1.761785 1.200261
vt 2.345839 1.200261
vt 2.351047 1.216839
vt 2.171033 1.216839
vt 2.176330 1.200261
vt 1.677887 0.409469
vt 1.681392 0.402142
vt 1.843618 0.402142
vt 1.847184 0.409469
vt 1.679977 -0.766030
vt 1.842203 -0.764614
vt 1.848415 -0.758293
vt 1.673656 -0.759818
vt 1.845706 0.592009
vt 1.842202 0.599274
vt 1.679977 0.599274
vt 1.676410 0.592009
vt 1.843618 -0.926834
vt 1.849940 -0.933046
vt 1.681393 -0.928249
vt 1.675180 -0.934571
vt 1.848415 0.603639
vt 1.851020 0.611931
vt 1.671006 0.611931
vt 1.673656 0.603639
vt 1.933046 0.602114
vt 1.935722 0.610360
vt 1.755715 0.611930
vt 1.758293 0.603639
vt 1.675180 0.397886
vt 1.672577 0.389641
vt 1.852591 0.389641
vt 1.849940 0.397886
vt -0.759818 0.603639
vt -0.757286 0.611930
vt -0.937293 0.610359
vt -0.934571 0.602114
vt -0.762424 0.592008
vt -0.765992 0.599274
vt -0.928212 0.597858
vt -0.931714 0.590531
vt 1.845706 1.760947
vt 1.853535 1.752954
vt 1.855150 1.938038
vt 1.847184 1.930237
vt 1.930237 0.590531
vt 1.926796 0.597858
vt 1.764577 0.599274
vt 1.760947 0.592009
vt 1.677887 1.931714
vt 1.670058 1.939653
vt 1.676410 1.762424
vt 1.668443 1.754569
vt 1.671006 1.757286
vt 1.851020 1.755715
vt 1.852591 1.935722
vt 1.672577 1.937293
vt 1.676349 -0.767627
vt 1.677828 -0.937129
vt 1.847337 -0.935650
vt 1.845858 -0.766148
vt -0.767627 1.200261
vt -0.762565 1.216839
vt -0.942572 1.215268
vt -0.937129 1.198782
vt 1.677828 -0.198782
vt 1.672623 -0.215268
vt 1.852637 -0.215268
vt 1.847337 -0.198782
vt 1.935650 1.198782
vt 1.941001 1.215268
vt 1.760994 1.216839
vt 1.766148 1.200261
vt 1.845858 1.200261
vt 1.851066 1.216839
vt 1.671052 1.216839
vt 1.676349 1.200261
vt 0.677925 0.409469
vt 0.681430 0.402142
vt 0.843656 0.402142
vt 0.847222 0.409469
vt 0.680015 -0.774757
vt 0.842241 -0.773341
vt 0.848453 -0.767020
vt 0.673694 -0.768545
vt 0.845745 0.592009
vt 0.842240 0.599274
vt 0.680015 0.599274
vt 0.676448 0.592009
vt 0.843656 -0.935560
vt 0.849978 -0.941772
vt 0.681431 -0.936976
vt 0.675219 -0.943297
vt 0.848453 0.603639
vt 0.851058 0.611931
vt 0.671044 0.611931
vt 0.673694 0.603639
vt 1.941772 0.602114
vt 1.944448 0.610360
vt 1.764442 0.611930
vt 1.767020 0.603639
vt 0.675219 0.397886
vt 0.672615 0.389641
vt 0.852629 0.389641
vt 0.849978 0.397886
vt -0.768545 0.603639
vt -0.766013 0.611930
vt -0.946019 0.610359
vt -0.943297 0.602114
vt -0.771151 0.592008
vt -0.774719 0.599274
vt -0.936938 0.597858
vt -0.940441 0.590531
vt 0.845745 1.769673
vt 0.853573 1.761680
vt 0.855188 1.946765
vt 0.847222 1.938964
vt 1.938964 0.590531
vt 1.935523 0.597858
vt 1.773303 0.599274
vt 1.769673 0.592009
vt 0.677925 1.940441
vt 0.670096 1.948380
vt 0.676448 1.771151
vt 0.668481 1.763295
vt 0.671044 1.766013
vt 0.851058 1.764442
vt 0.852629 1.944448
vt 0.672615 1.946019
vt 0.676387 -0.776354
vt 0.677867 -0.945856
vt 0.847375 -0.944377
vt 0.845896 -0.774875
vt -0.776354 1.200261
vt -0.771291 1.216839
vt -0.951298 1.215268
vt -0.945856 1.198782
vt 0.677867 -0.198782
vt 0.672661 -0.215268
vt 0.852675 -0.215268
vt 0.847375 -0.198782
vt 1.944376 1.198782
vt 1.949727 1.215268
vt 1.769720 1.216839
vt 1.774874 1.200261
vt 0.845896 1.200261
vt 0.851104 1.216839
vt 0.671090 1.216839
vt 0.676387 1.200261
vt 2.174377 0.405978
vt 2.177883 0.398652
vt 2.340108 0.398652
vt 2.343674 0.405978
vt 2.176467 -0.361697
vt 2.338693 -0.360282
vt 2.344905 -0.353960
vt 2.170146 -0.355485
vt 2.342197 0.595499
vt 2.338693 0.602764
vt 2.176467 0.602764
vt 2.172900 0.595499
vt 2.340109 -0.522501
vt 2.346430 -0.528713
vt 2.177883 -0.523917
vt 2.171671 -0.530238
vt 2.344905 0.607130
vt 2.347510 0.615421
vt 2.167496 0.615421
vt 2.170146 0.607130
vt 1.528713 0.605604
vt 1.531389 0.613850
vt 1.351383 0.615421
vt 1.353960 0.607130
vt 2.171671 0.394396
vt 2.169067 0.386150
vt 2.349081 0.386150
vt 2.346430 0.394396
vt -0.355485 0.607129
vt -0.352953 0.615421
vt -0.532960 0.613850
vt -0.530238 0.605604
vt -0.358091 0.595499
vt -0.361660 0.602764
vt -0.523879 0.601348
vt -0.527382 0.594022
vt 2.342197 1.356614
vt 2.350025 1.348621
vt 2.351640 1.533705
vt 2.343674 1.525904
vt 1.525904 0.594022
vt 1.522463 0.601349
vt 1.360244 0.602764
vt 1.356614 0.595499
vt 2.174377 1.527382
vt 2.166549 1.535321
vt 2.172900 1.358091
vt 2.164934 1.350236
vt 2.167496 1.352953
vt 2.347510 1.351382
vt 2.349081 1.531389
vt 2.169067 1.532960
vt 2.172840 -0.363294
vt 2.174319 -0.532796
vt 2.343827 -0.531317
vt 2.342348 -0.361815
vt -0.363294 1.203752
vt -0.358232 1.220330
vt -0.538239 1.218759
vt -0.532796 1.202273
vt 2.174319 -0.202273
vt 2.169113 -0.218759
vt 2.349127 -0.218759
vt 2.343827 -0.202273
vt 1.531317 1.202273
vt 1.536668 1.218759
vt 1.356661 1.220330
vt 1.361815 1.203752
vt 2.342348 1.203752
vt 2.347556 1.220330
vt 2.167542 1.220330
vt 2.172840 1.203752
vt 1.674397 0.405978
vt 1.677902 0.398652
vt 1.840127 0.398652
vt 1.843693 0.405978
vt 1.676486 -0.366060
vt 1.838712 -0.364645
vt 1.844924 -0.358323
vt 1.670165 -0.359849
vt 1.842216 0.595499
vt 1.838712 0.602764
vt 1.676486 0.602764
vt 1.672919 0.595499
vt 1.840128 -0.526864
vt 1.846449 -0.533076
vt 1.677902 -0.528280
vt 1.671690 -0.534601
vt 1.844924 0.607130
vt 1.847529 0.615421
vt 1.667516 0.615421
vt 1.670165 0.607130
vt 1.533076 0.605604
vt 1.535753 0.613850
vt 1.355746 0.615421
vt 1.358324 0.607130
vt 1.671690 0.394396
vt 1.669086 0.386150
vt 1.849100 0.386150
vt 1.846449 0.394396
vt -0.359848 0.607129
vt -0.357316 0.615421
vt -0.537323 0.613850
vt -0.534601 0.605604
vt -0.362455 0.595499
vt -0.366023 0.602764
vt -0.528242 0.601348
vt -0.531745 0.594022
vt 1.842216 1.360977
vt 1.850044 1.352984
vt 1.851660 1.538069
vt 1.843693 1.530267
vt 1.530268 0.594022
vt 1.526827 0.601349
vt 1.364607 0.602764
vt 1.360977 0.595499
vt 1.674397 1.531745
vt 1.666568 1.539684
vt 1.672919 1.362455
vt 1.664953 1.354599
vt 1.667516 1.357316
vt 1.847529 1.355746
vt 1.849100 1.535752
vt 1.669086 1.537323
vt 1.672859 -0.367658
vt 1.674338 -0.537160
vt 1.843846 -0.535680
vt 1.842367 -0.366178
vt -0.367658 1.203752
vt -0.362595 1.220330
vt -0.542602 1.218759
vt -0.537160 1.202273
vt 1.674338 -0.202273
vt 1.669132 -0.218759
vt 1.849146 -0.218759
vt 1.843846 -0.202273
vt 1.535680 1.202273
vt 1.541031 1.218759
vt 1.361024 1.220330
vt 1.366179 1.203752
vt 1.842367 1.203752
vt 1.847575 1.220330
vt 1.667562 1.220330
vt 1.672859 1.203752
vt 0.674435 0.405978
vt 0.677940 0.398652
vt 0.840166 0.398652
vt 0.843731 0.405978
vt 0.676525 -0.374787
vt 0.838750 -0.373371
vt 0.844962 -0.367050
vt 0.670203 -0.368575
vt 0.842254 0.595499
vt 0.838750 0.602764
vt 0.676524 0.602764
vt 0.672957 0.595499
vt 0.840166 -0.535591
vt 0.846487 -0.541803
vt 0.677940 -0.537006
vt 0.671728 -0.543328
vt 0.844962 0.607130
vt 0.847567 0.615421
vt 0.667554 0.615421
vt 0.670203 0.607130
vt 1.541803 0.605604
vt 1.544479 0.613850
vt 1.364472 0.615421
vt 1.367050 0.607129
vt 0.671728 0.394396
vt 0.669125 0.386150
vt 0.849138 0.386150
vt 0.846487 0.394396
vt -0.368575 0.607129
vt -0.366043 0.615421
vt -0.546050 0.613850
vt -0.543328 0.605604
vt -0.371181 0.595499
vt -0.374749 0.602764
vt -0.536969 0.601348
vt -0.540471 0.594022
vt 0.842254 1.369704
vt 0.850082 1.361710
vt 0.851698 1.546795
vt 0.843731 1.538994
vt 1.538994 0.594022
vt 1.535553 0.601348
vt 1.373334 0.602764
vt 1.369704 0.595499
vt 0.674435 1.540471
vt 0.666606 1.548410
vt 0.672957 1.371181
vt 0.664991 1.363326
vt 0.667554 1.366043
vt 0.847567 1.364472
vt 0.849138 1.544479
vt 0.669125 1.546050
vt 0.672897 -0.376384
vt 0.674376 -0.545886
vt 0.843885 -0.544407
vt 0.842405 -0.374905
vt -0.376384 1.203752
vt -0.371322 1.220330
vt -0.551329 1.218759
vt -0.545886 1.202273
vt 0.674376 -0.202273
vt 0.669171 -0.218759
vt 0.849184 -0.218759
vt 0.843885 -0.202273
vt 1.544407 1.202273
vt 1.549758 1.218759
vt 1.369751 1.220330
vt 1.374905 1.203752
vt 0.842405 1.203752
vt 0.847613 1.220330
vt 0.667600 1.220330
vt 0.672897 1.203752
vt -1.152702 0.409469
vt -1.321998 0.409469
vt -1.318493 0.402142
vt -1.156268 0.402142
vt -1.157683 -0.790794
vt -1.151471 -0.784473
vt -1.326230 -0.785998
vt -1.319909 -0.792210
vt -1.323476 0.592009
vt -1.154179 0.592009
vt -1.157683 0.599274
vt -1.319909 0.599274
vt -1.324705 -0.960750
vt -1.318493 -0.954429
vt -1.156267 -0.953013
vt -1.149946 -0.959225
vt -1.326230 0.603639
vt -1.151471 0.603639
vt -1.148866 0.611931
vt -1.328880 0.611931
vt -0.960750 0.602114
vt -0.785998 0.603639
vt -0.783466 0.611931
vt -0.963473 0.610360
vt -1.149946 0.397886
vt -1.324705 0.397886
vt -1.327309 0.389641
vt -1.147295 0.389641
vt 1.784472 0.603639
vt 1.959225 0.602114
vt 1.961901 0.610359
vt 1.781895 0.611930
vt 1.787126 0.592008
vt 1.956416 0.590531
vt 1.952976 0.597858
vt 1.790756 0.599274
vt -1.323476 1.788604
vt -1.321998 1.957894
vt -1.329827 1.965833
vt -1.331443 1.780748
vt -0.957894 0.590531
vt -0.788604 0.592009
vt -0.792172 0.599274
vt -0.954391 0.597858
vt -1.152702 1.956417
vt -1.144736 1.964218
vt -1.154179 1.787126
vt -1.146351 1.779133
vt -1.148866 1.781895
vt -1.147295 1.961902
vt -1.327309 1.963472
vt -1.328880 1.783466
vt -1.154028 -0.792328
vt -1.323536 -0.793807
vt -1.322057 -0.963309
vt -1.152549 -0.961830
vt 1.792327 1.200261
vt 1.961829 1.198782
vt 1.967180 1.215268
vt 1.787173 1.216839
vt -1.152549 -0.198782
vt -1.322057 -0.198782
vt -1.327263 -0.215268
vt -1.147249 -0.215268
vt -0.963309 1.198782
vt -0.793807 1.200261
vt -0.788745 1.216840
vt -0.968751 1.215268
vt -1.323536 1.200261
vt -1.154028 1.200261
vt -1.148820 1.216839
vt -1.328834 1.216839
vt -0.652721 0.409469
vt -0.822017 0.409469
vt -0.818512 0.402142
vt -0.656287 0.402142
vt -0.657702 -0.786431
vt -0.651490 -0.780109
vt -0.826249 -0.781634
vt -0.819928 -0.787846
vt -0.823495 0.592009
vt -0.654198 0.592009
vt -0.657702 0.599274
vt -0.819928 0.599274
vt -0.824724 -0.956387
vt -0.818512 -0.950066
vt -0.656286 -0.948650
vt -0.649965 -0.954862
vt -0.826249 0.603639
vt -0.651490 0.603639
vt -0.648885 0.611931
vt -0.828899 0.611931
vt -0.956387 0.602114
vt -0.781634 0.603639
vt -0.779103 0.611931
vt -0.959109 0.610360
vt -0.649965 0.397886
vt -0.824724 0.397886
vt -0.827328 0.389641
vt -0.647314 0.389641
vt 1.780109 0.603639
vt 1.954862 0.602114
vt 1.957538 0.610359
vt 1.777531 0.611930
vt 1.782763 0.592008
vt 1.952053 0.590531
vt 1.948612 0.597858
vt 1.786393 0.599274
vt -0.823495 1.784240
vt -0.822017 1.953531
vt -0.829846 1.961470
vt -0.831462 1.776385
vt -0.953531 0.590531
vt -0.784241 0.592009
vt -0.787809 0.599274
vt -0.950028 0.597858
vt -0.652721 1.952053
vt -0.644755 1.959854
vt -0.654198 1.782763
vt -0.646370 1.774770
vt -0.648885 1.777532
vt -0.647314 1.957538
vt -0.827328 1.959109
vt -0.828899 1.779102
vt -0.654047 -0.787964
vt -0.823555 -0.789444
vt -0.822076 -0.958946
vt -0.652568 -0.957466
vt 1.787964 1.200261
vt 1.957466 1.198782
vt 1.962817 1.215268
vt 1.782810 1.216839
vt -0.652568 -0.198782
vt -0.822076 -0.198782
vt -0.827282 -0.215268
vt -0.647268 -0.215268
vt -0.958946 1.198782
vt -0.789443 1.200261
vt -0.784381 1.216839
vt -0.964388 1.215268
vt -0.823555 1.200261
vt -0.654047 1.200261
vt -0.648839 1.216839
vt -0.828853 1.216839
vt 0.347241 0.409469
vt 0.177944 0.409469
vt 0.181450 0.402142
vt 0.343675 0.402142
vt 0.342260 -0.777704
vt 0.348472 -0.771383
vt 0.173713 -0.772908
vt 0.180034 -0.779120
vt 0.176467 0.592009
vt 0.345764 0.592009
vt 0.342260 0.599274
vt 0.180034 0.599274
vt 0.175238 -0.947661
vt 0.181450 -0.941339
vt 0.343675 -0.939924
vt 0.349997 -0.946136
vt 0.173713 0.603639
vt 0.348472 0.603639
vt 0.351077 0.611931
vt 0.171063 0.611931
vt -0.947661 0.602114
vt -0.772908 0.603639
vt -0.770376 0.611930
vt -0.950383 0.610360
vt 0.349997 0.397886
vt 0.175238 0.397886
vt 0.172634 0.389641
vt 0.352648 0.389641
vt 1.771383 0.603639
vt 1.946135 0.602114
vt 1.948812 0.610360
vt 1.768805 0.611930
vt 1.774037 0.592009
vt 1.943327 0.590531
vt 1.939886 0.597858
vt 1.777667 0.599274
vt 0.176467 1.775514
vt 0.177944 1.944804
vt 0.170116 1.952743
vt 0.168500 1.767659
vt -0.944804 0.590531
vt -0.775514 0.592009
vt -0.779082 0.599274
vt -0.941302 0.597858
vt 0.347241 1.943327
vt 0.355207 1.951128
vt 0.345764 1.774037
vt 0.353592 1.766043
vt 0.351077 1.768805
vt 0.352648 1.948812
vt 0.172634 1.950383
vt 0.171063 1.770376
vt 0.345915 -0.779238
vt 0.176407 -0.780717
vt 0.177886 -0.950219
vt 0.347394 -0.948740
vt 1.779238 1.200261
vt 1.948740 1.198782
vt 1.954090 1.215268
vt 1.774084 1.216839
vt 0.347394 -0.198782
vt 0.177886 -0.198782
vt 0.172680 -0.215268
vt 0.352694 -0.215268
vt -0.950219 1.198782
vt -0.780717 1.200261
vt -0.775655 1.216839
vt -0.955661 1.215268
vt 0.176407 1.200261
vt 0.345915 1.200261
vt 0.351123 1.216839
vt 0.171109 1.216839
vt -1.156192 0.405978
vt -1.325489 0.405978
vt -1.321984 0.398652
vt -1.159758 0.398652
vt -1.161174 -0.390824
vt -1.154961 -0.384503
vt -1.329720 -0.386028
vt -1.323399 -0.392240
vt -1.326966 0.595499
vt -1.157670 0.595499
vt -1.161174 0.602764
vt -1.323399 0.602764
vt -1.328196 -0.560781
vt -1.321984 -0.554459
vt -1.159758 -0.553044
vt -1.153436 -0.559256
vt -1.329720 0.607130
vt -1.154961 0.607130
vt -1.152356 0.615421
vt -1.332370 0.615421
vt -0.560781 0.605604
vt -0.386028 0.607130
vt -0.383496 0.615421
vt -0.563503 0.613850
vt -1.153436 0.394396
vt -1.328196 0.394396
vt -1.330799 0.386150
vt -1.150785 0.386150
vt 1.384503 0.607129
vt 1.559255 0.605604
vt 1.561932 0.613850
vt 1.381925 0.615421
vt 1.387157 0.595499
vt 1.556447 0.594022
vt 1.553006 0.601348
vt 1.390787 0.602764
vt -1.326966 1.388634
vt -1.325489 1.557925
vt -1.333318 1.565863
vt -1.334933 1.380779
vt -0.557925 0.594022
vt -0.388634 0.595499
vt -0.392203 0.602764
vt -0.554422 0.601349
vt -1.156192 1.556447
vt -1.148226 1.564248
vt -1.157670 1.387157
vt -1.149841 1.379164
vt -1.152356 1.381925
vt -1.150785 1.561932
vt -1.330799 1.563503
vt -1.332370 1.383496
vt -1.157519 -0.392358
vt -1.327027 -0.393837
vt -1.325548 -0.563339
vt -1.156039 -0.561860
vt 1.392358 1.203752
vt 1.561860 1.202273
vt 1.567211 1.218759
vt 1.387204 1.220330
vt -1.156039 -0.202273
vt -1.325548 -0.202273
vt -1.330753 -0.218759
vt -1.150739 -0.218759
vt -0.563339 1.202273
vt -0.393837 1.203752
vt -0.388775 1.220330
vt -0.568782 1.218759
vt -1.327027 1.203752
vt -1.157519 1.203752
vt -1.152310 1.220330
vt -1.332324 1.220330
vt -0.656211 0.405978
vt -0.825508 0.405978
vt -0.822003 0.398652
vt -0.659777 0.398652
vt -0.661193 -0.386461
vt -0.654980 -0.380140
vt -0.829740 -0.381665
vt -0.823418 -0.387877
vt -0.826985 0.595499
vt -0.657689 0.595499
vt -0.661193 0.602764
vt -0.823418 0.602764
vt -0.828215 -0.556418
vt -0.822003 -0.550096
vt -0.659777 -0.548680
vt -0.653455 -0.554893
vt -0.829740 0.607130
vt -0.654980 0.607130
vt -0.652375 0.615421
vt -0.832389 0.615421
vt -0.556418 0.605604
vt -0.381665 0.607130
vt -0.379133 0.615421
vt -0.559140 0.613850
vt -0.653455 0.394396
vt -0.828215 0.394396
vt -0.830818 0.386150
vt -0.650805 0.386150
vt 1.380140 0.607129
vt 1.554892 0.605604
vt 1.557569 0.613850
vt 1.377562 0.615421
vt 1.382793 0.595499
vt 1.552084 0.594022
vt 1.548643 0.601348
vt 1.386423 0.602764
vt -0.826985 1.384271
vt -0.825508 1.553561
vt -0.833337 1.561500
vt -0.834952 1.376416
vt -0.553561 0.594022
vt -0.384271 0.595499
vt -0.387839 0.602764
vt -0.550059 0.601349
vt -0.656211 1.552084
vt -0.648245 1.559885
vt -0.657689 1.382794
vt -0.649860 1.374800
vt -0.652375 1.377562
vt -0.650805 1.557569
vt -0.830818 1.559140
vt -0.832389 1.379133
vt -0.657538 -0.387995
vt -0.827046 -0.389474
vt -0.825567 -0.558976
vt -0.656058 -0.557497
vt 1.387995 1.203752
vt 1.557497 1.202273
vt 1.562847 1.218759
vt 1.382841 1.220330
vt -0.656058 -0.202273
vt -0.825567 -0.202273
vt -0.830772 -0.218759
vt -0.650759 -0.218759
vt -0.558976 1.202273
vt -0.389474 1.203752
vt -0.384412 1.220330
vt -0.564418 1.218759
vt -0.827046 1.203752
vt -0.657538 1.203752
vt -0.652329 1.220330
vt -0.832343 1.220330
vt 0.343751 0.405978
vt 0.174454 0.405978
vt 0.177959 0.398652
vt 0.340185 0.398652
vt 0.338769 -0.377735
vt 0.344981 -0.371413
vt 0.170222 -0.372938
vt 0.176544 -0.379150
vt 0.172976 0.595499
vt 0.342273 0.595499
vt 0.338769 0.602764
vt 0.176543 0.602764
vt 0.171747 -0.547691
vt 0.177959 -0.541370
vt 0.340185 -0.539954
vt 0.346506 -0.546166
vt 0.170222 0.607130
vt 0.344981 0.607130
vt 0.347586 0.615421
vt 0.167573 0.615421
vt -0.547691 0.605604
vt -0.372938 0.607130
vt -0.370406 0.615421
vt -0.550413 0.613850
vt 0.346506 0.394396
vt 0.171747 0.394396
vt 0.169144 0.386150
vt 0.349157 0.386150
vt 1.371413 0.607129
vt 1.546166 0.605604
vt 1.548842 0.613850
vt 1.368835 0.615421
vt 1.374067 0.595499
vt 1.543357 0.594022
vt 1.539916 0.601348
vt 1.377697 0.602764
vt 0.172976 1.375544
vt 0.174454 1.544835
vt 0.166625 1.552774
vt 0.165010 1.367689
vt -0.544835 0.594022
vt -0.375544 0.595499
vt -0.379113 0.602764
vt -0.541332 0.601349
vt 0.343751 1.543357
vt 0.351717 1.551158
vt 0.342273 1.374067
vt 0.350101 1.366074
vt 0.347586 1.368835
vt 0.349157 1.548842
vt 0.169144 1.550413
vt 0.167573 1.370406
vt 0.342424 -0.379268
vt 0.172916 -0.380747
vt 0.174395 -0.550249
vt 0.343904 -0.548770
vt 1.379268 1.203752
vt 1.548770 1.202273
vt 1.554121 1.218759
vt 1.374114 1.220330
vt 0.343904 -0.202273
vt 0.174395 -0.202273
vt 0.169190 -0.218759
vt 0.349203 -0.218759
vt -0.550249 1.202273
vt -0.380747 1.203752
vt -0.375685 1.220330
vt -0.555692 1.218759
vt 0.172916 1.203752
vt 0.342424 1.203752
vt 0.347632 1.220330
vt 0.167619 1.220330
vt 2.152394 0.616006
vt 2.321690 0.616006
vt 2.318186 0.623272
vt 2.155961 0.623272
vt 2.157377 1.825904
vt 2.151165 1.819583
vt 2.325924 1.821108
vt 2.319602 1.827320
vt 2.323168 0.385471
vt 2.153871 0.385471
vt 2.157376 0.378144
vt 2.319602 0.378144
vt 2.324399 1.995861
vt 2.318187 1.989540
vt 2.155961 1.988124
vt 2.149639 1.994336
vt 2.325924 0.373888
vt 2.151165 0.373888
vt 2.148561 0.365642
vt 2.328574 0.365642
vt -0.995861 0.627637
vt -0.821108 0.626112
vt -0.818432 0.634358
vt -0.998439 0.635929
vt 2.149639 0.627637
vt 2.324399 0.627637
vt 2.327003 0.635928
vt 2.146990 0.635928
vt 1.819583 0.626112
vt 1.994336 0.627637
vt 1.996868 0.635929
vt 1.816861 0.634358
vt 1.822440 0.614529
vt 1.991730 0.616006
vt 1.988162 0.623272
vt 1.825942 0.621856
vt 2.323168 -0.823917
vt 2.321690 -0.993207
vt 2.329519 -1.001200
vt 2.331134 -0.816116
vt -0.993207 0.616007
vt -0.823917 0.614529
vt -0.827358 0.621856
vt -0.989577 0.623272
vt 2.152394 -0.991730
vt 2.144427 -0.999585
vt 2.153871 -0.822439
vt 2.146042 -0.814501
vt 2.148561 -0.816861
vt 2.146990 -0.996868
vt 2.327003 -0.998439
vt 2.328574 -0.818432
vt 2.153812 1.817025
vt 2.323321 1.818504
vt 2.321841 1.988006
vt 2.152333 1.986527
vt 1.817025 1.222780
vt 1.986527 1.224259
vt 1.991589 1.240837
vt 1.811582 1.239266
vt 2.152333 1.224259
vt 2.321841 1.224259
vt 2.327049 1.240837
vt 2.147036 1.240837
vt -0.988006 1.224259
vt -0.818504 1.222780
vt -0.813153 1.239267
vt -0.993160 1.240838
vt 2.323321 -0.222780
vt 2.153812 -0.222780
vt 2.148607 -0.239267
vt 2.328620 -0.239267
vt 1.652413 0.616006
vt 1.821709 0.616006
vt 1.818205 0.623272
vt 1.655980 0.623272
vt 1.657396 1.821541
vt 1.651184 1.815220
vt 1.825943 1.816745
vt 1.819621 1.822957
vt 1.823187 0.385471
vt 1.653890 0.385471
vt 1.657395 0.378144
vt 1.819621 0.378144
vt 1.824418 1.991498
vt 1.818206 1.985176
vt 1.655980 1.983760
vt 1.649658 1.989973
vt 1.825943 0.373888
vt 1.651184 0.373888
vt 1.648580 0.365642
vt 1.828593 0.365642
vt -0.991498 0.627637
vt -0.816745 0.626112
vt -0.814069 0.634358
vt -0.994075 0.635929
vt 1.649658 0.627637
vt 1.824418 0.627637
vt 1.827023 0.635928
vt 1.647009 0.635928
vt 1.815220 0.626112
vt 1.989973 0.627637
vt 1.992505 0.635929
vt 1.812498 0.634358
vt 1.818076 0.614529
vt 1.987367 0.616007
vt 1.983798 0.623272
vt 1.821579 0.621856
vt 1.823187 -0.819554
vt 1.821709 -0.988844
vt 1.829538 -0.996837
vt 1.831153 -0.811753
vt -0.988844 0.616007
vt -0.819553 0.614529
vt -0.822994 0.621856
vt -0.985214 0.623272
vt 1.652413 -0.987367
vt 1.644446 -0.995222
vt 1.653890 -0.818076
vt 1.646061 -0.810137
vt 1.648580 -0.812498
vt 1.647009 -0.992504
vt 1.827023 -0.994075
vt 1.828593 -0.814069
vt 1.653831 1.812661
vt 1.823340 1.814141
vt 1.821861 1.983643
vt 1.652352 1.982163
vt 1.812662 1.222780
vt 1.982164 1.224259
vt 1.987226 1.240837
vt 1.807219 1.239266
vt 1.652352 1.224259
vt 1.821861 1.224259
vt 1.827069 1.240837
vt 1.647055 1.240837
vt -0.983643 1.224259
vt -0.814141 1.222780
vt -0.808790 1.239267
vt -0.988797 1.240837
vt 1.823340 -0.222780
vt 1.653831 -0.222780
vt 1.648626 -0.239267
vt 1.828640 -0.239267
vt 0.652451 0.616006
vt 0.821747 0.616006
vt 0.818243 0.623272
vt 0.656018 0.623272
vt 0.657434 1.812815
vt 0.651222 1.806493
vt 0.825981 1.808018
vt 0.819659 1.814230
vt 0.823225 0.385471
vt 0.653928 0.385471
vt 0.657433 0.378144
vt 0.819659 0.378144
vt 0.824456 1.982771
vt 0.818244 1.976450
vt 0.656018 1.975034
vt 0.649697 1.981246
vt 0.825981 0.373888
vt 0.651222 0.373888
vt 0.648618 0.365642
vt 0.828632 0.365642
vt -0.982771 0.627637
vt -0.808018 0.626112
vt -0.805342 0.634358
vt -0.985349 0.635929
vt 0.649697 0.627637
vt 0.824456 0.627637
vt 0.827061 0.635928
vt 0.647047 0.635928
vt 1.806493 0.626112
vt 1.981246 0.627637
vt 1.983778 0.635929
vt 1.803771 0.634358
vt 1.809350 0.614529
vt 1.978640 0.616007
vt 1.975072 0.623272
vt 1.812852 0.621856
vt 0.823225 -0.810827
vt 0.821747 -0.980117
vt 0.829576 -0.988111
vt 0.831191 -0.803026
vt -0.980117 0.616007
vt -0.810827 0.614529
vt -0.814268 0.621856
vt -0.976487 0.623272
vt 0.652451 -0.978640
vt 0.644484 -0.986495
vt 0.653928 -0.809350
vt 0.646099 -0.801411
vt 0.648618 -0.803771
vt 0.647047 -0.983778
vt 0.827061 -0.985349
vt 0.828632 -0.805342
vt 0.653870 1.803935
vt 0.823378 1.805414
vt 0.821899 1.974916
vt 0.652390 1.973437
vt 1.803935 1.222780
vt 1.973437 1.224259
vt 1.978499 1.240837
vt 1.798493 1.239266
vt 0.652390 1.224259
vt 0.821899 1.224259
vt 0.827107 1.240837
vt 0.647093 1.240837
vt -0.974916 1.224259
vt -0.805414 1.222780
vt -0.800063 1.239267
vt -0.980070 1.240837
vt 0.823378 -0.222780
vt 0.653870 -0.222780
vt 0.648664 -0.239267
vt 0.828678 -0.239267
vt 2.155884 0.612516
vt 2.325181 0.612516
vt 2.321677 0.619781
vt 2.159451 0.619781
vt 2.160867 1.425935
vt 2.154655 1.419614
vt 2.329414 1.421139
vt 2.323093 1.427351
vt 2.326658 0.388961
vt 2.157362 0.388961
vt 2.160867 0.381635
vt 2.323092 0.381635
vt 2.327889 1.595891
vt 2.321677 1.589570
vt 2.159451 1.588154
vt 2.153130 1.594366
vt 2.329414 0.377379
vt 2.154655 0.377379
vt 2.152051 0.369133
vt 2.332065 0.369133
vt -0.595891 0.624146
vt -0.421139 0.622621
vt -0.418462 0.630867
vt -0.598469 0.632438
vt 2.153130 0.624146
vt 2.327889 0.624146
vt 2.330494 0.632438
vt 2.150481 0.632438
vt 1.419614 0.622621
vt 1.594366 0.624146
vt 1.596898 0.632438
vt 1.416892 0.630867
vt 1.422470 0.611038
vt 1.591760 0.612516
vt 1.588192 0.619781
vt 1.425973 0.618365
vt 2.326658 -0.423947
vt 2.325181 -0.593238
vt 2.333009 -0.601231
vt 2.334624 -0.416146
vt -0.593237 0.612516
vt -0.423947 0.611039
vt -0.427388 0.618365
vt -0.589607 0.619781
vt 2.155884 -0.591760
vt 2.147918 -0.599616
vt 2.157362 -0.422470
vt 2.149533 -0.414531
vt 2.152051 -0.416891
vt 2.150481 -0.596898
vt 2.330494 -0.598469
vt 2.332065 -0.418462
vt 2.157303 1.417055
vt 2.326811 1.418535
vt 2.325332 1.588036
vt 2.155824 1.586557
vt 1.417055 1.219289
vt 1.586557 1.220769
vt 1.591620 1.237347
vt 1.411613 1.235776
vt 2.155824 1.220769
vt 2.325332 1.220769
vt 2.330540 1.237347
vt 2.150527 1.237347
vt -0.588036 1.220769
vt -0.418534 1.219290
vt -0.413183 1.235776
vt -0.593190 1.237347
vt 2.326811 -0.219290
vt 2.157303 -0.219290
vt 2.152097 -0.235776
vt 2.332111 -0.235776
vt 1.655903 0.612516
vt 1.825200 0.612516
vt 1.821696 0.619781
vt 1.659470 0.619781
vt 1.660886 1.421572
vt 1.654674 1.415250
vt 1.829433 1.416775
vt 1.823112 1.422987
vt 1.826677 0.388961
vt 1.657381 0.388961
vt 1.660886 0.381635
vt 1.823112 0.381635
vt 1.827908 1.591528
vt 1.821696 1.585207
vt 1.659471 1.583791
vt 1.653149 1.590003
vt 1.829433 0.377379
vt 1.654674 0.377379
vt 1.652070 0.369133
vt 1.832084 0.369133
vt -0.591528 0.624146
vt -0.416775 0.622621
vt -0.414099 0.630867
vt -0.594106 0.632438
vt 1.653149 0.624146
vt 1.827908 0.624146
vt 1.830513 0.632438
vt 1.650500 0.632438
vt 1.415250 0.622621
vt 1.590003 0.624146
vt 1.592535 0.632438
vt 1.412528 0.630867
vt 1.418107 0.611038
vt 1.587397 0.612516
vt 1.583829 0.619781
vt 1.421609 0.618365
vt 1.826677 -0.419584
vt 1.825200 -0.588874
vt 1.833028 -0.596868
vt 1.834643 -0.411783
vt -0.588874 0.612516
vt -0.419584 0.611039
vt -0.423025 0.618365
vt -0.585244 0.619781
vt 1.655903 -0.587397
vt 1.647937 -0.595252
vt 1.657381 -0.418107
vt 1.649552 -0.410168
vt 1.652070 -0.412528
vt 1.650500 -0.592535
vt 1.830513 -0.594106
vt 1.832084 -0.414099
vt 1.657322 1.412692
vt 1.826830 1.414171
vt 1.825351 1.583673
vt 1.655843 1.582194
vt 1.412692 1.219289
vt 1.582194 1.220769
vt 1.587256 1.237347
vt 1.407249 1.235776
vt 1.655843 1.220769
vt 1.825351 1.220769
vt 1.830559 1.237347
vt 1.650546 1.237347
vt -0.583673 1.220769
vt -0.414171 1.219290
vt -0.408820 1.235776
vt -0.588827 1.237347
vt 1.826830 -0.219290
vt 1.657322 -0.219290
vt 1.652116 -0.235776
vt 1.832130 -0.235776
vt 0.655941 0.612516
vt 0.825238 0.612516
vt 0.821734 0.619781
vt 0.659508 0.619781
vt 0.660924 1.412845
vt 0.654712 1.406524
vt 0.829471 1.408049
vt 0.823150 1.414261
vt 0.826715 0.388961
vt 0.657419 0.388961
vt 0.660924 0.381635
vt 0.823150 0.381635
vt 0.827946 1.582802
vt 0.821734 1.576480
vt 0.659509 1.575064
vt 0.653187 1.581276
vt 0.829471 0.377379
vt 0.654712 0.377379
vt 0.652108 0.369133
vt 0.832122 0.369133
vt -0.582802 0.624146
vt -0.408049 0.622621
vt -0.405373 0.630867
vt -0.585379 0.632438
vt 0.653187 0.624146
vt 0.827946 0.624146
vt 0.830551 0.632438
vt 0.650538 0.632438
vt 1.406524 0.622621
vt 1.581277 0.624146
vt 1.583808 0.632438
vt 1.403802 0.630867
vt 1.409380 0.611039
vt 1.578670 0.612516
vt 1.575102 0.619781
vt 1.412883 0.618365
vt 0.826715 -0.410858
vt 0.825238 -0.580148
vt 0.833066 -0.588141
vt 0.834682 -0.403056
vt -0.580148 0.612516
vt -0.410858 0.611039
vt -0.414298 0.618365
vt -0.576518 0.619781
vt 0.655941 -0.578670
vt 0.647975 -0.586526
vt 0.657419 -0.409380
vt 0.649590 -0.401441
vt 0.652108 -0.403802
vt 0.650538 -0.583808
vt 0.830551 -0.585379
vt 0.832122 -0.405373
vt 0.657360 1.403965
vt 0.826868 1.405445
vt 0.825389 1.574947
vt 0.655881 1.573467
vt 1.403965 1.219290
vt 1.573467 1.220769
vt 1.578530 1.237347
vt 1.398523 1.235776
vt 0.655881 1.220769
vt 0.825389 1.220769
vt 0.830597 1.237347
vt 0.650584 1.237347
vt -0.574947 1.220769
vt -0.405445 1.219290
vt -0.400094 1.235776
vt -0.580101 1.237347
vt 0.826868 -0.219290
vt 0.657360 -0.219290
vt 0.652155 -0.235776
vt 0.832168 -0.235776
vt -1.178176 0.616006
vt -1.181680 0.623272
vt -1.343906 0.623272
vt -1.347473 0.616006
vt -1.180264 1.796777
vt -1.342490 1.795362
vt -1.348702 1.789040
vt -1.173943 1.790565
vt -1.345995 0.385471
vt -1.342490 0.378144
vt -1.180265 0.378144
vt -1.176699 0.385471
vt -1.343906 1.957581
vt -1.350227 1.963793
vt -1.181680 1.958997
vt -1.175468 1.965318
vt -1.348702 0.373888
vt -1.351306 0.365642
vt -1.171292 0.365642
vt -1.173943 0.373888
vt 1.963793 0.627637
vt 1.966325 0.635929
vt 1.786318 0.634358
vt 1.789040 0.626112
vt -1.175468 0.627637
vt -1.172863 0.635928
vt -1.352877 0.635928
vt -1.350227 0.627637
vt -0.790566 0.626112
vt -0.787889 0.634358
vt -0.967896 0.635929
vt -0.965318 0.627637
vt -0.793374 0.614529
vt -0.796815 0.621856
vt -0.959034 0.623272
vt -0.962664 0.616007
vt -1.345995 -0.791897
vt -1.353824 -0.783958
vt -1.355440 -0.969042
vt -1.347473 -0.961187
vt 1.961187 0.616007
vt 1.957618 0.623272
vt 1.795399 0.621856
vt 1.791896 0.614529
vt -1.178176 -0.962664
vt -1.170348 -0.970658
vt -1.176699 -0.793374
vt -1.168733 -0.785573
vt -1.171292 -0.787889
vt -1.351306 -0.786318
vt -1.352877 -0.966325
vt -1.172863 -0.967896
vt -1.176546 1.787961
vt -1.178025 1.957463
vt -1.347533 1.955984
vt -1.346054 1.786482
vt -0.787961 1.222780
vt -0.782611 1.239266
vt -0.962617 1.240837
vt -0.957463 1.224259
vt -1.178025 1.224259
vt -1.172817 1.240837
vt -1.352831 1.240837
vt -1.347533 1.224259
vt 1.955984 1.224260
vt 1.961046 1.240838
vt 1.781039 1.239267
vt 1.786482 1.222780
vt -1.346054 -0.222780
vt -1.351260 -0.239267
vt -1.171246 -0.239267
vt -1.176546 -0.222780
vt -0.678195 0.616006
vt -0.681699 0.623272
vt -0.843925 0.623272
vt -0.847492 0.616006
vt -0.680283 1.801141
vt -0.842509 1.799725
vt -0.848721 1.793404
vt -0.673962 1.794929
vt -0.846015 0.385471
vt -0.842509 0.378144
vt -0.680284 0.378144
vt -0.676718 0.385471
vt -0.843925 1.961944
vt -0.850246 1.968156
vt -0.681699 1.963360
vt -0.675487 1.969681
vt -0.848721 0.373888
vt -0.851325 0.365642
vt -0.671311 0.365642
vt -0.673962 0.373888
vt 1.968156 0.627637
vt 1.970688 0.635929
vt 1.790681 0.634358
vt 1.793404 0.626112
vt -0.675487 0.627637
vt -0.672882 0.635928
vt -0.852896 0.635928
vt -0.850246 0.627637
vt -0.794929 0.626112
vt -0.792253 0.634358
vt -0.972259 0.635929
vt -0.969682 0.627637
vt -0.797737 0.614529
vt -0.801178 0.621856
vt -0.963398 0.623272
vt -0.967028 0.616007
vt -0.846015 -0.796260
vt -0.853843 -0.788321
vt -0.855459 -0.973406
vt -0.847492 -0.965550
vt 1.965550 0.616007
vt 1.961982 0.623272
vt 1.799762 0.621856
vt 1.796260 0.614529
vt -0.678195 -0.967028
vt -0.670367 -0.975021
vt -0.676718 -0.797737
vt -0.668752 -0.789936
vt -0.671311 -0.792252
vt -0.851325 -0.790681
vt -0.852896 -0.970688
vt -0.672882 -0.972259
vt -0.676565 1.792324
vt -0.678044 1.961826
vt -0.847552 1.960347
vt -0.846073 1.790845
vt -0.792325 1.222780
vt -0.786974 1.239266
vt -0.966981 1.240837
vt -0.961827 1.224259
vt -0.678044 1.224259
vt -0.672836 1.240837
vt -0.852850 1.240837
vt -0.847552 1.224259
vt 1.960347 1.224259
vt 1.965409 1.240838
vt 1.785403 1.239267
vt 1.790845 1.222780
vt -0.846073 -0.222780
vt -0.851279 -0.239267
vt -0.671265 -0.239267
vt -0.676565 -0.222780
vt 0.321767 0.616006
vt 0.318262 0.623272
vt 0.156037 0.623272
vt 0.152470 0.616006
vt 0.319678 1.809867
vt 0.157453 1.808451
vt 0.151241 1.802130
vt 0.326000 1.803655
vt 0.153947 0.385471
vt 0.157452 0.378144
vt 0.319678 0.378144
vt 0.323244 0.385471
vt 0.156037 1.970671
vt 0.149716 1.976883
vt 0.318263 1.972086
vt 0.324475 1.978408
vt 0.151241 0.373888
vt 0.148637 0.365642
vt 0.328651 0.365642
vt 0.326000 0.373888
vt 1.976883 0.627637
vt 1.979415 0.635929
vt 1.799408 0.634358
vt 1.802130 0.626112
vt 0.324475 0.627637
vt 0.327080 0.635928
vt 0.147066 0.635928
vt 0.149716 0.627637
vt -0.803655 0.626112
vt -0.800979 0.634358
vt -0.980986 0.635929
vt -0.978408 0.627637
vt -0.806464 0.614529
vt -0.809905 0.621856
vt -0.972124 0.623272
vt -0.975754 0.616007
vt 0.153947 -0.804986
vt 0.146118 -0.797047
vt 0.144503 -0.982132
vt 0.152470 -0.974277
vt 1.974277 0.616007
vt 1.970708 0.623272
vt 1.808489 0.621856
vt 1.804986 0.614529
vt 0.321767 -0.975754
vt 0.329595 -0.983747
vt 0.323244 -0.806464
vt 0.331210 -0.798663
vt 0.328651 -0.800979
vt 0.148637 -0.799408
vt 0.147066 -0.979415
vt 0.327080 -0.980986
vt 0.323397 1.801051
vt 0.321918 1.970553
vt 0.152409 1.969074
vt 0.153889 1.799572
vt -0.801051 1.222780
vt -0.795700 1.239266
vt -0.975707 1.240837
vt -0.970553 1.224259
vt 0.321918 1.224259
vt 0.327126 1.240837
vt 0.147112 1.240837
vt 0.152409 1.224259
vt 1.969074 1.224259
vt 1.974136 1.240837
vt 1.794129 1.239267
vt 1.799572 1.222780
vt 0.153889 -0.222780
vt 0.148683 -0.239267
vt 0.328697 -0.239267
vt 0.323397 -0.222780
vt -1.174686 0.612516
vt -1.178190 0.619781
vt -1.340415 0.619781
vt -1.343982 0.612516
vt -1.176774 1.396808
vt -1.339000 1.395392
vt -1.345212 1.389071
vt -1.170452 1.390596
vt -1.342505 0.388961
vt -1.339000 0.381635
vt -1.176774 0.381635
vt -1.173208 0.388961
vt -1.340415 1.557611
vt -1.346737 1.563823
vt -1.178190 1.559027
vt -1.171978 1.565349
vt -1.345212 0.377379
vt -1.347815 0.369133
vt -1.167802 0.369133
vt -1.170452 0.377379
vt 1.563823 0.624146
vt 1.566355 0.632438
vt 1.386348 0.630867
vt 1.389071 0.622621
vt -1.171978 0.624146
vt -1.169372 0.632438
vt -1.349386 0.632438
vt -1.346737 0.624146
vt -0.390596 0.622621
vt -0.387920 0.630867
vt -0.567926 0.632438
vt -0.565349 0.624146
vt -0.393405 0.611039
vt -0.396846 0.618365
vt -0.559065 0.619781
vt -0.562695 0.612516
vt -1.342505 -0.391927
vt -1.350334 -0.383988
vt -1.351949 -0.569073
vt -1.343982 -0.561217
vt 1.561217 0.612516
vt 1.557649 0.619781
vt 1.395430 0.618365
vt 1.391927 0.611039
vt -1.174686 -0.562695
vt -1.166857 -0.570688
vt -1.173208 -0.393404
vt -1.165242 -0.385603
vt -1.167802 -0.387920
vt -1.347815 -0.386349
vt -1.349386 -0.566355
vt -1.169372 -0.567926
vt -1.173055 1.387992
vt -1.174535 1.557493
vt -1.344043 1.556014
vt -1.342564 1.386512
vt -0.387992 1.219290
vt -0.382641 1.235776
vt -0.562648 1.237347
vt -0.557494 1.220769
vt -1.174535 1.220769
vt -1.169326 1.237347
vt -1.349340 1.237347
vt -1.344043 1.220769
vt 1.556014 1.220769
vt 1.561077 1.237347
vt 1.381070 1.235776
vt 1.386512 1.219290
vt -1.342564 -0.219290
vt -1.347769 -0.235776
vt -1.167756 -0.235776
vt -1.173055 -0.219290
vt -0.674705 0.612516
vt -0.678209 0.619781
vt -0.840434 0.619781
vt -0.844001 0.612516
vt -0.676793 1.401171
vt -0.839019 1.399755
vt -0.845231 1.393434
vt -0.670471 1.394959
vt -0.842524 0.388961
vt -0.839019 0.381635
vt -0.676793 0.381635
vt -0.673227 0.388961
vt -0.840434 1.561975
vt -0.846756 1.568187
vt -0.678209 1.563390
vt -0.671997 1.569712
vt -0.845231 0.377379
vt -0.847834 0.369133
vt -0.667821 0.369133
vt -0.670471 0.377379
vt 1.568187 0.624146
vt 1.570719 0.632438
vt 1.390712 0.630867
vt 1.393434 0.622621
vt -0.671997 0.624146
vt -0.669391 0.632438
vt -0.849405 0.632438
vt -0.846756 0.624146
vt -0.394959 0.622621
vt -0.392283 0.630867
vt -0.572290 0.632438
vt -0.569712 0.624146
vt -0.397768 0.611039
vt -0.401209 0.618365
vt -0.563428 0.619781
vt -0.567058 0.612516
vt -0.842524 -0.396290
vt -0.850353 -0.388351
vt -0.851968 -0.573436
vt -0.844001 -0.565581
vt 1.565580 0.612516
vt 1.562012 0.619781
vt 1.399793 0.618365
vt 1.396290 0.611039
vt -0.674705 -0.567058
vt -0.666876 -0.575051
vt -0.673227 -0.397768
vt -0.665261 -0.389967
vt -0.667821 -0.392283
vt -0.847834 -0.390712
vt -0.849405 -0.570719
vt -0.669391 -0.572290
vt -0.673074 1.392355
vt -0.674554 1.561857
vt -0.844062 1.560377
vt -0.842583 1.390876
vt -0.392355 1.219290
vt -0.387004 1.235776
vt -0.567011 1.237347
vt -0.561857 1.220769
vt -0.674554 1.220769
vt -0.669345 1.237347
vt -0.849359 1.237347
vt -0.844062 1.220769
vt 1.560378 1.220769
vt 1.565440 1.237347
vt 1.385433 1.235776
vt 1.390876 1.219290
vt -0.842583 -0.219290
vt -0.847788 -0.235776
vt -0.667775 -0.235776
vt -0.673074 -0.219290
vt 0.325257 0.612516
vt 0.321753 0.619781
vt 0.159527 0.619781
vt 0.155960 0.612516
vt 0.323169 1.409898
vt 0.160943 1.408482
vt 0.154731 1.402161
vt 0.329490 1.403686
vt 0.157438 0.388961
vt 0.160943 0.381635
vt 0.323169 0.381635
vt 0.326734 0.388961
vt 0.159528 1.570701
vt 0.153206 1.576913
vt 0.321753 1.572117
vt 0.327965 1.578438
vt 0.154731 0.377379
vt 0.152128 0.369133
vt 0.332141 0.369133
vt 0.329490 0.377379
vt 1.576913 0.624146
vt 1.579445 0.632438
vt 1.399438 0.630867
vt 1.402161 0.622621
vt 0.327965 0.624146
vt 0.330570 0.632438
vt 0.150557 0.632438
vt 0.153206 0.624146
vt -0.403686 0.622621
vt -0.401009 0.630867
vt -0.581016 0.632438
vt -0.578438 0.624146
vt -0.406494 0.611039
vt -0.409935 0.618365
vt -0.572155 0.619781
vt -0.575785 0.612516
vt 0.157438 -0.405017
vt 0.149609 -0.397078
vt 0.147994 -0.582162
vt 0.155960 -0.574307
vt 1.574307 0.612516
vt 1.570739 0.619781
vt 1.408520 0.618365
vt 1.405017 0.611039
vt 0.325257 -0.575785
vt 0.333085 -0.583778
vt 0.326734 -0.406494
vt 0.334701 -0.398693
vt 0.332141 -0.401009
vt 0.152128 -0.399438
vt 0.150557 -0.579445
vt 0.330570 -0.581016
vt 0.326888 1.401081
vt 0.325408 1.570583
vt 0.155900 1.569104
vt 0.157379 1.399602
vt -0.401081 1.219290
vt -0.395731 1.235776
vt -0.575737 1.237347
vt -0.570583 1.220769
vt 0.325408 1.220769
vt 0.330616 1.237347
vt 0.150603 1.237347
vt 0.155900 1.220769
vt 1.569104 1.220769
vt 1.574166 1.237347
vt 1.394160 1.235776
vt 1.399602 1.219290
vt 0.157379 -0.219290
vt 0.152174 -0.235776
vt 0.332187 -0.235776
vt 0.326888 -0.219290
vt 2.181374 0.397832
vt 2.343599 0.397832
vt -0.761667 0.603584
vt -0.923886 0.602168
vt 1.922470 0.602168
vt 1.760251 0.603584
vt 2.342184 0.603584
vt 2.179958 0.603584
vt 1.681393 0.397832
vt 1.843618 0.397832
vt -0.766030 0.603584
vt -0.928249 0.602168
vt 1.926834 0.602168
vt 1.764614 0.603584
vt 1.842203 0.603584
vt 1.679977 0.603584
vt 0.681431 0.397832
vt 0.843656 0.397832
vt -0.774757 0.603584
vt -0.936976 0.602168
vt 1.935560 0.602168
vt 1.773341 0.603584
vt 0.842241 0.603584
vt 0.680015 0.603584
vt 2.177883 0.394341
vt 2.340109 0.394341
vt -0.361697 0.607075
vt -0.523916 0.605659
vt 1.522501 0.605659
vt 1.360282 0.607075
vt 2.338693 0.607075
vt 2.176467 0.607075
vt 1.677902 0.394341
vt 1.840128 0.394341
vt -0.366060 0.607075
vt -0.528280 0.605659
vt 1.526864 0.605659
vt 1.364645 0.607075
vt 1.838712 0.607075
vt 1.676486 0.607075
vt 0.677940 0.394341
vt 0.840166 0.394341
vt -0.374787 0.607075
vt -0.537006 0.605659
vt 1.535591 0.605659
vt 1.373371 0.607075
vt 0.838750 0.607075
vt 0.676525 0.607075
vt -1.318493 0.397832
vt -1.156267 0.397832
vt 1.953013 0.602168
vt 1.790794 0.603584
vt -0.792210 0.603584
vt -0.954429 0.602169
vt -1.157683 0.603584
vt -1.319909 0.603584
vt -0.818512 0.397832
vt -0.656286 0.397832
vt 1.948650 0.602168
vt 1.786430 0.603584
vt -0.787846 0.603584
vt -0.950066 0.602169
vt -0.657702 0.603584
vt -0.819928 0.603584
vt 0.181450 0.397832
vt 0.343675 0.397832
vt 1.939923 0.602168
vt 1.777704 0.603584
vt -0.779120 0.603584
vt -0.941339 0.602168
vt 0.342260 0.603584
vt 0.180034 0.603584
vt -1.321984 0.394341
vt -1.159758 0.394341
vt 1.553043 0.605659
vt 1.390824 0.607075
vt -0.392240 0.607075
vt -0.554459 0.605659
vt -1.161174 0.607075
vt -1.323399 0.607075
vt -0.822003 0.394341
vt -0.659777 0.394341
vt 1.548680 0.605659
vt 1.386461 0.607075
vt -0.387877 0.607075
vt -0.550096 0.605659
vt -0.661193 0.607075
vt -0.823418 0.607075
vt 0.177959 0.394341
vt 0.340185 0.394341
vt 1.539954 0.605659
vt 1.377735 0.607075
vt -0.379150 0.607075
vt -0.541370 0.605659
vt 0.338769 0.607075
vt 0.176544 0.607075
vt 2.318187 0.627582
vt 2.155961 0.627582
vt 1.988124 0.627582
vt 1.825905 0.626166
vt -0.827320 0.626167
vt -0.989540 0.627582
vt 2.157377 0.373833
vt 2.319602 0.373833
vt 1.818206 0.627582
vt 1.655980 0.627582
vt 1.983761 0.627582
vt 1.821541 0.626166
vt -0.822957 0.626167
vt -0.985176 0.627582
vt 1.657396 0.373833
vt 1.819621 0.373833
vt 0.818244 0.627582
vt 0.656018 0.627582
vt 1.975034 0.627582
vt 1.812815 0.626167
vt -0.814231 0.626167
vt -0.976450 0.627582
vt 0.657434 0.373833
vt 0.819659 0.373833
vt 2.321677 0.624092
vt 2.159451 0.624092
vt 1.588154 0.624092
vt 1.425935 0.622676
vt -0.427350 0.622676
vt -0.589570 0.624092
vt 2.160867 0.377324
vt 2.323093 0.377324
vt 1.821696 0.624092
vt 1.659471 0.624092
vt 1.583791 0.624092
vt 1.421572 0.622676
vt -0.422987 0.622676
vt -0.585207 0.624092
vt 1.660886 0.377324
vt 1.823112 0.377324
vt 0.821734 0.624092
vt 0.659509 0.624092
vt 1.575065 0.624092
vt 1.412845 0.622676
vt -0.414261 0.622676
vt -0.576480 0.624092
vt 0.660924 0.377324
vt 0.823150 0.377324
vt -1.181680 0.627582
vt -1.343906 0.627582
vt -0.796778 0.626166
vt -0.958997 0.627582
vt 1.957581 0.627582
vt 1.795362 0.626167
vt -1.342490 0.373833
vt -1.180264 0.373833
vt -0.681699 0.627582
vt -0.843925 0.627582
vt -0.801141 0.626166
vt -0.963360 0.627582
vt 1.961944 0.627582
vt 1.799725 0.626167
vt -0.842509 0.373833
vt -0.680283 0.373833
vt 0.318263 0.627582
vt 0.156037 0.627582
vt -0.809867 0.626167
vt -0.972087 0.627582
vt 1.970671 0.627582
vt 1.808452 0.626167
vt 0.157453 0.373833
vt 0.319678 0.373833
vt -1.178190 0.624092
vt -1.340415 0.624092
vt -0.396808 0.622676
vt -0.559027 0.624092
vt 1.557611 0.624092
vt 1.395392 0.622676
vt -1.339000 0.377324
vt -1.176774 0.377324
vt -0.678209 0.624092
vt -0.840434 0.624092
vt -0.401171 0.622676
vt -0.563391 0.624092
vt 1.561975 0.624092
vt 1.399755 0.622676
vt -0.839019 0.377324
vt -0.676793 0.377324
vt 0.321753 0.624092
vt 0.159528 0.624092
vt -0.409898 0.622676
vt -0.572117 0.624092
vt 1.570701 0.624092
vt 1.408482 0.622676
vt 0.160943 0.377324
vt 0.323169 0.377324
vn -0.0000 0.7482 -0.6635
vn 0.0000 0.2935 -0.9559
vn 0.0000 -1.0000 0.0000
vn 0.0000 0.7482 0.6635
vn 0.0000 0.2935 0.9559
vn 0.0000 -0.3028 0.9531
vn 0.9530 -0.3028 0.0000
vn 0.0000 -0.3028 -0.9531
vn -0.9531 -0.3028 0.0000
vn -0.6635 0.7482 0.0000
vn -0.9559 0.2935 0.0000
vn 0.6635 0.7482 0.0000
vn 0.3665 0.9304 0.0000
vn 0.9559 0.2935 0.0000
vn 0.0000 0.9304 -0.3665
vn -0.3665 0.9304 0.0000
vn 0.0000 1.0000 0.0000
vn 0.0000 0.9304 0.3665
vn 0.9531 -0.3028 0.0000
vn -0.9530 -0.3028 0.0000
vn 0.0000 0.0000 -1.0000
vn -1.0000 0.0000 0.0000
vn 1.0000 0.0000 0.0000
vn 0.0000 0.0000 1.0000
usemtl sandstone
s 1
f 6106/11121/422 6105/11122/423 6101/11123/423 6102/11124/422
f 6096/11125/424 6093/11126/424 6089/11127/424 6092/11128/424
f 6104/11129/425 6103/11130/426 6107/11131/426 6108/11132/425
f 6093/11126/424 6094/11133/424 6090/11134/424 6089/11127/424
f 6095/11135/424 6096/11125/424 6092/11128/424 6091/11136/424
f 6094/11133/424 6095/11135/424 6091/11136/424 6090/11134/424
f 6089/11137/427 6109/11138/427 6110/11139/427 6092/11140/427
f 6090/11141/428 6111/11142/428 6109/11143/428 6089/11144/428
f 6091/11145/429 6112/11146/429 6111/11147/429 6090/11148/429
f 6092/11149/430 6110/11150/430 6112/11151/430 6091/11152/430
f 6108/11153/431 6107/11154/432 6105/11155/432 6106/11156/431
f 6104/11157/433 6099/11158/434 6098/11159/434 6102/11160/433
f 6102/11161/433 6101/11162/435 6103/11163/435 6104/11164/433
f 6106/11165/422 6102/11160/422 6098/11159/436 6097/11166/436
f 6108/11167/431 6106/11165/431 6097/11166/437 6100/11168/437
f 6110/11169/438 6109/11170/438 6111/11171/438 6112/11172/438
f 6113/11173/424 6118/11174/424 6119/11175/424 6120/11176/424
f 6113/11177/430 6114/11178/430 6115/11179/430 6118/11180/430
f 6118/11181/429 6115/11182/429 6116/11183/429 6119/11184/429
f 6119/11185/428 6116/11186/428 6117/11187/428 6120/11188/428
f 6120/11189/427 6117/11190/427 6114/11191/427 6113/11192/427
f 6104/11157/425 6108/11167/425 6100/11168/439 6099/11158/439
f 6138/11193/422 6137/11194/423 6133/11195/423 6134/11196/422
f 6128/11197/424 6125/11198/424 6121/11199/424 6124/11200/424
f 6136/11201/425 6135/11202/426 6139/11203/426 6140/11204/425
f 6125/11198/424 6126/11205/424 6122/11206/424 6121/11199/424
f 6127/11207/424 6128/11197/424 6124/11200/424 6123/11208/424
f 6126/11205/424 6127/11207/424 6123/11208/424 6122/11206/424
f 6121/11209/427 6141/11210/427 6142/11211/427 6124/11212/427
f 6122/11213/440 6143/11214/440 6141/11215/440 6121/11216/440
f 6123/11217/429 6144/11218/429 6143/11219/429 6122/11220/429
f 6124/11221/441 6142/11222/441 6144/11223/441 6123/11224/441
f 6140/11225/431 6139/11226/432 6137/11227/432 6138/11228/431
f 6136/11229/433 6131/11230/434 6130/11231/434 6134/11232/433
f 6134/11233/433 6133/11234/435 6135/11235/435 6136/11236/433
f 6138/11237/422 6134/11232/422 6130/11231/436 6129/11238/436
f 6140/11239/431 6138/11237/431 6129/11238/437 6132/11240/437
f 6142/11241/438 6141/11242/438 6143/11243/438 6144/11244/438
f 6145/11245/424 6150/11246/424 6151/11247/424 6152/11248/424
f 6145/11249/430 6146/11250/430 6147/11251/430 6150/11252/430
f 6150/11253/429 6147/11254/429 6148/11255/429 6151/11256/429
f 6151/11257/440 6148/11258/440 6149/11259/440 6152/11260/440
f 6152/11261/427 6149/11262/427 6146/11263/427 6145/11264/427
f 6136/11229/425 6140/11239/425 6132/11240/439 6131/11230/439
f 6170/11265/422 6169/11266/423 6165/11267/423 6166/11268/422
f 6160/11269/424 6157/11270/424 6153/11271/424 6156/11272/424
f 6168/11273/425 6167/11274/426 6171/11275/426 6172/11276/425
f 6157/11270/424 6158/11277/424 6154/11278/424 6153/11271/424
f 6159/11279/424 6160/11269/424 6156/11272/424 6155/11280/424
f 6158/11277/424 6159/11279/424 6155/11280/424 6154/11278/424
f 6153/11281/427 6173/11282/427 6174/11283/427 6156/11284/427
f 6154/11285/428 6175/11286/428 6173/11287/428 6153/11288/428
f 6155/11289/429 6176/11290/429 6175/11291/429 6154/11292/429
f 6156/11293/441 6174/11294/441 6176/11295/441 6155/11296/441
f 6172/11297/431 6171/11298/432 6169/11299/432 6170/11300/431
f 6168/11301/433 6163/11302/434 6162/11303/434 6166/11304/433
f 6166/11305/433 6165/11306/435 6167/11307/435 6168/11308/433
f 6170/11309/422 6166/11304/422 6162/11303/436 6161/11310/436
f 6172/11311/431 6170/11309/431 6161/11310/437 6164/11312/437
f 6174/11313/438 6173/11314/438 6175/11315/438 6176/11316/438
f 6177/11317/424 6182/11318/424 6183/11319/424 6184/11320/424
f 6177/11321/430 6178/11322/430 6179/11323/430 6182/11324/430
f 6182/11325/429 6179/11326/429 6180/11327/429 6183/11328/429
f 6183/11329/440 6180/11330/440 6181/11331/440 6184/11332/440
f 6184/11333/427 6181/11334/427 6178/11335/427 6177/11336/427
f 6168/11301/425 6172/11311/425 6164/11312/439 6163/11302/439
f 6202/11337/422 6201/11338/423 6197/11339/423 6198/11340/422
f 6192/11341/424 6189/11342/424 6185/11343/424 6188/11344/424
f 6200/11345/425 6199/11346/426 6203/11347/426 6204/11348/425
f 6189/11342/424 6190/11349/424 6186/11350/424 6185/11343/424
f 6191/11351/424 6192/11341/424 6188/11344/424 6187/11352/424
f 6190/11349/424 6191/11351/424 6187/11352/424 6186/11350/424
f 6185/11353/427 6205/11354/427 6206/11355/427 6188/11356/427
f 6186/11357/428 6207/11358/428 6205/11359/428 6185/11360/428
f 6187/11361/429 6208/11362/429 6207/11363/429 6186/11364/429
f 6188/11365/430 6206/11366/430 6208/11367/430 6187/11368/430
f 6204/11369/431 6203/11370/432 6201/11371/432 6202/11372/431
f 6200/11373/433 6195/11374/434 6194/11375/434 6198/11376/433
f 6198/11377/433 6197/11378/435 6199/11379/435 6200/11380/433
f 6202/11381/422 6198/11376/422 6194/11375/436 6193/11382/436
f 6204/11383/431 6202/11381/431 6193/11382/437 6196/11384/437
f 6206/11385/438 6205/11386/438 6207/11387/438 6208/11388/438
f 6209/11389/424 6214/11390/424 6215/11391/424 6216/11392/424
f 6209/11393/430 6210/11394/430 6211/11395/430 6214/11396/430
f 6214/11397/429 6211/11398/429 6212/11399/429 6215/11400/429
f 6215/11401/428 6212/11402/428 6213/11403/428 6216/11404/428
f 6216/11405/427 6213/11406/427 6210/11407/427 6209/11408/427
f 6200/11373/425 6204/11383/425 6196/11384/439 6195/11374/439
f 6234/11409/422 6233/11410/423 6229/11411/423 6230/11412/422
f 6224/11413/424 6221/11414/424 6217/11415/424 6220/11416/424
f 6232/11417/425 6231/11418/426 6235/11419/426 6236/11420/425
f 6221/11414/424 6222/11421/424 6218/11422/424 6217/11415/424
f 6223/11423/424 6224/11413/424 6220/11416/424 6219/11424/424
f 6222/11421/424 6223/11423/424 6219/11424/424 6218/11422/424
f 6217/11425/427 6237/11426/427 6238/11427/427 6220/11428/427
f 6218/11429/440 6239/11430/440 6237/11431/440 6217/11432/440
f 6219/11433/429 6240/11434/429 6239/11435/429 6218/11436/429
f 6220/11437/441 6238/11438/441 6240/11439/441 6219/11440/441
f 6236/11441/431 6235/11442/432 6233/11443/432 6234/11444/431
f 6232/11445/433 6227/11446/434 6226/11447/434 6230/11448/433
f 6230/11449/433 6229/11450/435 6231/11451/435 6232/11452/433
f 6234/11453/422 6230/11448/422 6226/11447/436 6225/11454/436
f 6236/11455/431 6234/11453/431 6225/11454/437 6228/11456/437
f 6238/11457/438 6237/11458/438 6239/11459/438 6240/11460/438
f 6241/11461/424 6246/11462/424 6247/11463/424 6248/11464/424
f 6241/11465/430 6242/11466/430 6243/11467/430 6246/11468/430
f 6246/11469/429 6243/11470/429 6244/11471/429 6247/11472/429
f 6247/11473/440 6244/11474/440 6245/11475/440 6248/11476/440
f 6248/11477/427 6245/11478/427 6242/11479/427 6241/11480/427
f 6232/11445/425 6236/11455/425 6228/11456/439 6227/11446/439
f 6266/11481/422 6265/11482/423 6261/11483/423 6262/11484/422
f 6256/11485/424 6253/11486/424 6249/11487/424 6252/11488/424
f 6264/11489/425 6263/11490/426 6267/11491/426 6268/11492/425
f 6253/11486/424 6254/11493/424 6250/11494/424 6249/11487/424
f 6255/11495/424 6256/11485/424 6252/11488/424 6251/11496/424
f 6254/11493/424 6255/11495/424 6251/11496/424 6250/11494/424
f 6249/11497/427 6269/11498/427 6270/11499/427 6252/11500/427
f 6250/11501/428 6271/11502/428 6269/11503/428 6249/11504/428
f 6251/11505/429 6272/11506/429 6271/11507/429 6250/11508/429
f 6252/11509/441 6270/11510/441 6272/11511/441 6251/11512/441
f 6268/11513/431 6267/11514/432 6265/11515/432 6266/11516/431
f 6264/11517/433 6259/11518/434 6258/11519/434 6262/11520/433
f 6262/11521/433 6261/11522/435 6263/11523/435 6264/11524/433
f 6266/11525/422 6262/11520/422 6258/11519/436 6257/11526/436
f 6268/11527/431 6266/11525/431 6257/11526/437 6260/11528/437
f 6270/11529/438 6269/11530/438 6271/11531/438 6272/11532/438
f 6273/11533/424 6278/11534/424 6279/11535/424 6280/11536/424
f 6273/11537/430 6274/11538/430 6275/11539/430 6278/11540/430
f 6278/11541/429 6275/11542/429 6276/11543/429 6279/11544/429
f 6279/11545/440 6276/11546/440 6277/11547/440 6280/11548/440
f 6280/11549/427 6277/11550/427 6274/11551/427 6273/11552/427
f 6264/11517/425 6268/11527/425 6260/11528/439 6259/11518/439
f 6298/11553/422 6294/11554/422 6293/11555/423 6297/11556/423
f 6288/11557/424 6284/11558/424 6281/11559/424 6285/11560/424
f 6296/11561/425 6300/11562/425 6299/11563/426 6295/11564/426
f 6285/11560/424 6281/11559/424 6282/11565/424 6286/11566/424
f 6287/11567/424 6283/11568/424 6284/11558/424 6288/11557/424
f 6286/11566/424 6282/11565/424 6283/11568/424 6287/11567/424
f 6281/11569/427 6284/11570/427 6302/11571/427 6301/11572/427
f 6282/11573/441 6281/11574/441 6301/11575/441 6303/11576/441
f 6283/11577/429 6282/11578/429 6303/11579/429 6304/11580/429
f 6284/11581/440 6283/11582/440 6304/11583/440 6302/11584/440
f 6300/11585/433 6298/11586/433 6297/11587/435 6299/11588/435
f 6296/11589/431 6294/11590/431 6290/11591/437 6291/11592/437
f 6294/11593/431 6296/11594/431 6295/11595/432 6293/11596/432
f 6298/11597/422 6289/11598/436 6290/11591/436 6294/11590/422
f 6300/11599/433 6292/11600/434 6289/11598/434 6298/11597/433
f 6302/11601/438 6304/11602/438 6303/11603/438 6301/11604/438
f 6305/11605/424 6312/11606/424 6311/11607/424 6310/11608/424
f 6305/11609/440 6310/11610/440 6307/11611/440 6306/11612/440
f 6310/11613/429 6311/11614/429 6308/11615/429 6307/11616/429
f 6311/11617/430 6312/11618/430 6309/11619/430 6308/11620/430
f 6312/11621/427 6305/11622/427 6306/11623/427 6309/11624/427
f 6296/11589/425 6291/11592/439 6292/11600/439 6300/11599/425
f 6330/11625/422 6326/11626/422 6325/11627/423 6329/11628/423
f 6320/11629/424 6316/11630/424 6313/11631/424 6317/11632/424
f 6328/11633/425 6332/11634/425 6331/11635/426 6327/11636/426
f 6317/11632/424 6313/11631/424 6314/11637/424 6318/11638/424
f 6319/11639/424 6315/11640/424 6316/11630/424 6320/11629/424
f 6318/11638/424 6314/11637/424 6315/11640/424 6319/11639/424
f 6313/11641/427 6316/11642/427 6334/11643/427 6333/11644/427
f 6314/11645/430 6313/11646/430 6333/11647/430 6335/11648/430
f 6315/11649/429 6314/11650/429 6335/11651/429 6336/11652/429
f 6316/11653/428 6315/11654/428 6336/11655/428 6334/11656/428
f 6332/11657/433 6330/11658/433 6329/11659/435 6331/11660/435
f 6328/11661/431 6326/11662/431 6322/11663/437 6323/11664/437
f 6326/11665/431 6328/11666/431 6327/11667/432 6325/11668/432
f 6330/11669/422 6321/11670/436 6322/11663/436 6326/11662/422
f 6332/11671/433 6324/11672/434 6321/11670/434 6330/11669/433
f 6334/11673/438 6336/11674/438 6335/11675/438 6333/11676/438
f 6337/11677/424 6344/11678/424 6343/11679/424 6342/11680/424
f 6337/11681/440 6342/11682/440 6339/11683/440 6338/11684/440
f 6342/11685/429 6343/11686/429 6340/11687/429 6339/11688/429
f 6343/11689/430 6344/11690/430 6341/11691/430 6340/11692/430
f 6344/11693/427 6337/11694/427 6338/11695/427 6341/11696/427
f 6328/11661/425 6323/11664/439 6324/11672/439 6332/11671/425
f 6362/11697/422 6358/11698/422 6357/11699/423 6361/11700/423
f 6352/11701/424 6348/11702/424 6345/11703/424 6349/11704/424
f 6360/11705/425 6364/11706/425 6363/11707/426 6359/11708/426
f 6349/11704/424 6345/11703/424 6346/11709/424 6350/11710/424
f 6351/11711/424 6347/11712/424 6348/11702/424 6352/11701/424
f 6350/11710/424 6346/11709/424 6347/11712/424 6351/11711/424
f 6345/11713/427 6348/11714/427 6366/11715/427 6365/11716/427
f 6346/11717/441 6345/11718/441 6365/11719/441 6367/11720/441
f 6347/11721/429 6346/11722/429 6367/11723/429 6368/11724/429
f 6348/11725/428 6347/11726/428 6368/11727/428 6366/11728/428
f 6364/11729/433 6362/11730/433 6361/11731/435 6363/11732/435
f 6360/11733/431 6358/11734/431 6354/11735/437 6355/11736/437
f 6358/11737/431 6360/11738/431 6359/11739/432 6357/11740/432
f 6362/11741/422 6353/11742/436 6354/11735/436 6358/11734/422
f 6364/11743/433 6356/11744/434 6353/11742/434 6362/11741/433
f 6366/11745/438 6368/11746/438 6367/11747/438 6365/11748/438
f 6369/11749/424 6376/11750/424 6375/11751/424 6374/11752/424
f 6369/11753/440 6374/11754/440 6371/11755/440 6370/11756/440
f 6374/11757/429 6375/11758/429 6372/11759/429 6371/11760/429
f 6375/11761/430 6376/11762/430 6373/11763/430 6372/11764/430
f 6376/11765/427 6369/11766/427 6370/11767/427 6373/11768/427
f 6360/11733/425 6355/11736/439 6356/11744/439 6364/11743/425
f 6394/11769/422 6390/11770/422 6389/11771/423 6393/11772/423
f 6384/11773/424 6380/11774/424 6377/11775/424 6381/11776/424
f 6392/11777/425 6396/11778/425 6395/11779/426 6391/11780/426
f 6381/11776/424 6377/11775/424 6378/11781/424 6382/11782/424
f 6383/11783/424 6379/11784/424 6380/11774/424 6384/11773/424
f 6382/11782/424 6378/11781/424 6379/11784/424 6383/11783/424
f 6377/11785/427 6380/11786/427 6398/11787/427 6397/11788/427
f 6378/11789/441 6377/11790/441 6397/11791/441 6399/11792/441
f 6379/11793/429 6378/11794/429 6399/11795/429 6400/11796/429
f 6380/11797/440 6379/11798/440 6400/11799/440 6398/11800/440
f 6396/11801/433 6394/11802/433 6393/11803/435 6395/11804/435
f 6392/11805/431 6390/11806/431 6386/11807/437 6387/11808/437
f 6390/11809/431 6392/11810/431 6391/11811/432 6389/11812/432
f 6394/11813/422 6385/11814/436 6386/11807/436 6390/11806/422
f 6396/11815/433 6388/11816/434 6385/11814/434 6394/11813/433
f 6398/11817/438 6400/11818/438 6399/11819/438 6397/11820/438
f 6401/11821/424 6408/11822/424 6407/11823/424 6406/11824/424
f 6401/11825/440 6406/11826/440 6403/11827/440 6402/11828/440
f 6406/11829/429 6407/11830/429 6404/11831/429 6403/11832/429
f 6407/11833/430 6408/11834/430 6405/11835/430 6404/11836/430
f 6408/11837/427 6401/11838/427 6402/11839/427 6405/11840/427
f 6392/11805/425 6387/11808/439 6388/11816/439 6396/11815/425
f 6426/11841/422 6422/11842/422 6421/11843/423 6425/11844/423
f 6416/11845/424 6412/11846/424 6409/11847/424 6413/11848/424
f 6424/11849/425 6428/11850/425 6427/11851/426 6423/11852/426
f 6413/11848/424 6409/11847/424 6410/11853/424 6414/11854/424
f 6415/11855/424 6411/11856/424 6412/11846/424 6416/11845/424
f 6414/11854/424 6410/11853/424 6411/11856/424 6415/11855/424
f 6409/11857/427 6412/11858/427 6430/11859/427 6429/11860/427
f 6410/11861/430 6409/11862/430 6429/11863/430 6431/11864/430
f 6411/11865/429 6410/11866/429 6431/11867/429 6432/11868/429
f 6412/11869/428 6411/11870/428 6432/11871/428 6430/11872/428
f 6428/11873/433 6426/11874/433 6425/11875/435 6427/11876/435
f 6424/11877/431 6422/11878/431 6418/11879/437 6419/11880/437
f 6422/11881/431 6424/11882/431 6423/11883/432 6421/11884/432
f 6426/11885/422 6417/11886/436 6418/11879/436 6422/11878/422
f 6428/11887/433 6420/11888/434 6417/11886/434 6426/11885/433
f 6430/11889/438 6432/11890/438 6431/11891/438 6429/11892/438
f 6433/11893/424 6440/11894/424 6439/11895/424 6438/11896/424
f 6433/11897/440 6438/11898/440 6435/11899/440 6434/11900/440
f 6438/11901/429 6439/11902/429 6436/11903/429 6435/11904/429
f 6439/11905/430 6440/11906/430 6437/11907/430 6436/11908/430
f 6440/11909/427 6433/11910/427 6434/11911/427 6437/11912/427
f 6424/11877/425 6419/11880/439 6420/11888/439 6428/11887/425
f 6458/11913/422 6454/11914/422 6453/11915/423 6457/11916/423
f 6448/11917/424 6444/11918/424 6441/11919/424 6445/11920/424
f 6456/11921/425 6460/11922/425 6459/11923/426 6455/11924/426
f 6445/11920/424 6441/11919/424 6442/11925/424 6446/11926/424
f 6447/11927/424 6443/11928/424 6444/11918/424 6448/11917/424
f 6446/11926/424 6442/11925/424 6443/11928/424 6447/11927/424
f 6441/11929/427 6444/11930/427 6462/11931/427 6461/11932/427
f 6442/11933/441 6441/11934/441 6461/11935/441 6463/11936/441
f 6443/11937/429 6442/11938/429 6463/11939/429 6464/11940/429
f 6444/11941/428 6443/11942/428 6464/11943/428 6462/11944/428
f 6460/11945/433 6458/11946/433 6457/11947/435 6459/11948/435
f 6456/11949/431 6454/11950/431 6450/11951/437 6451/11952/437
f 6454/11953/431 6456/11954/431 6455/11955/432 6453/11956/432
f 6458/11957/422 6449/11958/436 6450/11951/436 6454/11950/422
f 6460/11959/433 6452/11960/434 6449/11958/434 6458/11957/433
f 6462/11961/438 6464/11962/438 6463/11963/438 6461/11964/438
f 6465/11965/424 6472/11966/424 6471/11967/424 6470/11968/424
f 6465/11969/440 6470/11970/440 6467/11971/440 6466/11972/440
f 6470/11973/429 6471/11974/429 6468/11975/429 6467/11976/429
f 6471/11977/430 6472/11978/430 6469/11979/430 6468/11980/430
f 6472/11981/427 6465/11982/427 6466/11983/427 6469/11984/427
f 6456/11949/425 6451/11952/439 6452/11960/439 6460/11959/425
f 6490/11985/425 6486/11986/425 6485/11987/426 6489/11988/426
f 6480/11989/424 6476/11990/424 6473/11991/424 6477/11992/424
f 6488/11993/422 6492/11994/422 6491/11995/423 6487/11996/423
f 6477/11992/424 6473/11991/424 6474/11997/424 6478/11998/424
f 6479/11999/424 6475/12000/424 6476/11990/424 6480/11989/424
f 6478/11998/424 6474/11997/424 6475/12000/424 6479/11999/424
f 6473/12001/429 6476/12002/429 6494/12003/429 6493/12004/429
f 6474/12005/428 6473/12006/428 6493/12007/428 6495/12008/428
f 6475/12009/427 6474/12010/427 6495/12011/427 6496/12012/427
f 6476/12013/430 6475/12014/430 6496/12015/430 6494/12016/430
f 6492/12017/431 6490/12018/431 6489/12019/432 6491/12020/432
f 6488/12021/433 6486/12022/433 6482/12023/434 6483/12024/434
f 6486/12025/433 6488/12026/433 6487/12027/435 6485/12028/435
f 6490/12029/425 6481/12030/439 6482/12023/439 6486/12022/425
f 6492/12031/431 6484/12032/437 6481/12030/437 6490/12029/431
f 6494/12033/438 6496/12034/438 6495/12035/438 6493/12036/438
f 6497/12037/424 6504/12038/424 6503/12039/424 6502/12040/424
f 6497/12041/430 6502/12042/430 6499/12043/430 6498/12044/430
f 6502/12045/427 6503/12046/427 6500/12047/427 6499/12048/427
f 6503/12049/440 6504/12050/440 6501/12051/440 6500/12052/440
f 6504/12053/429 6497/12054/429 6498/12055/429 6501/12056/429
f 6488/12021/422 6483/12024/436 6484/12032/436 6492/12031/422
f 6522/12057/425 6518/12058/425 6517/12059/426 6521/12060/426
f 6512/12061/424 6508/12062/424 6505/12063/424 6509/12064/424
f 6520/12065/422 6524/12066/422 6523/12067/423 6519/12068/423
f 6509/12064/424 6505/12063/424 6506/12069/424 6510/12070/424
f 6511/12071/424 6507/12072/424 6508/12062/424 6512/12061/424
f 6510/12070/424 6506/12069/424 6507/12072/424 6511/12071/424
f 6505/12073/429 6508/12074/429 6526/12075/429 6525/12076/429
f 6506/12077/440 6505/12078/440 6525/12079/440 6527/12080/440
f 6507/12081/427 6506/12082/427 6527/12083/427 6528/12084/427
f 6508/12085/441 6507/12086/441 6528/12087/441 6526/12088/441
f 6524/12089/431 6522/12090/431 6521/12091/432 6523/12092/432
f 6520/12093/433 6518/12094/433 6514/12095/434 6515/12096/434
f 6518/12097/433 6520/12098/433 6519/12099/435 6517/12100/435
f 6522/12101/425 6513/12102/439 6514/12095/439 6518/12094/425
f 6524/12103/431 6516/12104/437 6513/12102/437 6522/12101/431
f 6526/12105/438 6528/12106/438 6527/12107/438 6525/12108/438
f 6529/12109/424 6536/12110/424 6535/12111/424 6534/12112/424
f 6529/12113/430 6534/12114/430 6531/12115/430 6530/12116/430
f 6534/12117/427 6535/12118/427 6532/12119/427 6531/12120/427
f 6535/12121/440 6536/12122/440 6533/12123/440 6532/12124/440
f 6536/12125/429 6529/12126/429 6530/12127/429 6533/12128/429
f 6520/12093/422 6515/12096/436 6516/12104/436 6524/12103/422
f 6554/12129/425 6550/12130/425 6549/12131/426 6553/12132/426
f 6544/12133/424 6540/12134/424 6537/12135/424 6541/12136/424
f 6552/12137/422 6556/12138/422 6555/12139/423 6551/12140/423
f 6541/12136/424 6537/12135/424 6538/12141/424 6542/12142/424
f 6543/12143/424 6539/12144/424 6540/12134/424 6544/12133/424
f 6542/12142/424 6538/12141/424 6539/12144/424 6543/12143/424
f 6537/12145/429 6540/12146/429 6558/12147/429 6557/12148/429
f 6538/12149/428 6537/12150/428 6557/12151/428 6559/12152/428
f 6539/12153/427 6538/12154/427 6559/12155/427 6560/12156/427
f 6540/12157/441 6539/12158/441 6560/12159/441 6558/12160/441
f 6556/12161/431 6554/12162/431 6553/12163/432 6555/12164/432
f 6552/12165/433 6550/12166/433 6546/12167/434 6547/12168/434
f 6550/12169/433 6552/12170/433 6551/12171/435 6549/12172/435
f 6554/12173/425 6545/12174/439 6546/12167/439 6550/12166/425
f 6556/12175/431 6548/12176/437 6545/12174/437 6554/12173/431
f 6558/12177/438 6560/12178/438 6559/12179/438 6557/12180/438
f 6561/12181/424 6568/12182/424 6567/12183/424 6566/12184/424
f 6561/12185/430 6566/12186/430 6563/12187/430 6562/12188/430
f 6566/12189/427 6567/12190/427 6564/12191/427 6563/12192/427
f 6567/12193/440 6568/12194/440 6565/12195/440 6564/12196/440
f 6568/12197/429 6561/12198/429 6562/12199/429 6565/12200/429
f 6552/12165/422 6547/12168/436 6548/12176/436 6556/12175/422
f 6586/12201/425 6582/12202/425 6581/12203/426 6585/12204/426
f 6576/12205/424 6572/12206/424 6569/12207/424 6573/12208/424
f 6584/12209/422 6588/12210/422 6587/12211/423 6583/12212/423
f 6573/12208/424 6569/12207/424 6570/12213/424 6574/12214/424
f 6575/12215/424 6571/12216/424 6572/12206/424 6576/12205/424
f 6574/12214/424 6570/12213/424 6571/12216/424 6575/12215/424
f 6569/12217/429 6572/12218/429 6590/12219/429 6589/12220/429
f 6570/12221/428 6569/12222/428 6589/12223/428 6591/12224/428
f 6571/12225/427 6570/12226/427 6591/12227/427 6592/12228/427
f 6572/12229/430 6571/12230/430 6592/12231/430 6590/12232/430
f 6588/12233/431 6586/12234/431 6585/12235/432 6587/12236/432
f 6584/12237/433 6582/12238/433 6578/12239/434 6579/12240/434
f 6582/12241/433 6584/12242/433 6583/12243/435 6581/12244/435
f 6586/12245/425 6577/12246/439 6578/12239/439 6582/12238/425
f 6588/12247/431 6580/12248/437 6577/12246/437 6586/12245/431
f 6590/12249/438 6592/12250/438 6591/12251/438 6589/12252/438
f 6593/12253/424 6600/12254/424 6599/12255/424 6598/12256/424
f 6593/12257/430 6598/12258/430 6595/12259/430 6594/12260/430
f 6598/12261/427 6599/12262/427 6596/12263/427 6595/12264/427
f 6599/12265/440 6600/12266/440 6597/12267/440 6596/12268/440
f 6600/12269/429 6593/12270/429 6594/12271/429 6597/12272/429
f 6584/12237/422 6579/12240/436 6580/12248/436 6588/12247/422
f 6618/12273/425 6614/12274/425 6613/12275/426 6617/12276/426
f 6608/12277/424 6604/12278/424 6601/12279/424 6605/12280/424
f 6616/12281/422 6620/12282/422 6619/12283/423 6615/12284/423
f 6605/12280/424 6601/12279/424 6602/12285/424 6606/12286/424
f 6607/12287/424 6603/12288/424 6604/12278/424 6608/12277/424
f 6606/12286/424 6602/12285/424 6603/12288/424 6607/12287/424
f 6601/12289/429 6604/12290/429 6622/12291/429 6621/12292/429
f 6602/12293/440 6601/12294/440 6621/12295/440 6623/12296/440
f 6603/12297/427 6602/12298/427 6623/12299/427 6624/12300/427
f 6604/12301/441 6603/12302/441 6624/12303/441 6622/12304/441
f 6620/12305/431 6618/12306/431 6617/12307/432 6619/12308/432
f 6616/12309/433 6614/12310/433 6610/12311/434 6611/12312/434
f 6614/12313/433 6616/12314/433 6615/12315/435 6613/12316/435
f 6618/12317/425 6609/12318/439 6610/12311/439 6614/12310/425
f 6620/12319/431 6612/12320/437 6609/12318/437 6618/12317/431
f 6622/12321/438 6624/12322/438 6623/12323/438 6621/12324/438
f 6625/12325/424 6632/12326/424 6631/12327/424 6630/12328/424
f 6625/12329/430 6630/12330/430 6627/12331/430 6626/12332/430
f 6630/12333/427 6631/12334/427 6628/12335/427 6627/12336/427
f 6631/12337/440 6632/12338/440 6629/12339/440 6628/12340/440
f 6632/12341/429 6625/12342/429 6626/12343/429 6629/12344/429
f 6616/12309/422 6611/12312/436 6612/12320/436 6620/12319/422
f 6650/12345/425 6646/12346/425 6645/12347/426 6649/12348/426
f 6640/12349/424 6636/12350/424 6633/12351/424 6637/12352/424
f 6648/12353/422 6652/12354/422 6651/12355/423 6647/12356/423
f 6637/12352/424 6633/12351/424 6634/12357/424 6638/12358/424
f 6639/12359/424 6635/12360/424 6636/12350/424 6640/12349/424
f 6638/12358/424 6634/12357/424 6635/12360/424 6639/12359/424
f 6633/12361/429 6636/12362/429 6654/12363/429 6653/12364/429
f 6634/12365/428 6633/12366/428 6653/12367/428 6655/12368/428
f 6635/12369/427 6634/12370/427 6655/12371/427 6656/12372/427
f 6636/12373/441 6635/12374/441 6656/12375/441 6654/12376/441
f 6652/12377/431 6650/12378/431 6649/12379/432 6651/12380/432
f 6648/12381/433 6646/12382/433 6642/12383/434 6643/12384/434
f 6646/12385/433 6648/12386/433 6647/12387/435 6645/12388/435
f 6650/12389/425 6641/12390/439 6642/12383/439 6646/12382/425
f 6652/12391/431 6644/12392/437 6641/12390/437 6650/12389/431
f 6654/12393/438 6656/12394/438 6655/12395/438 6653/12396/438
f 6657/12397/424 6664/12398/424 6663/12399/424 6662/12400/424
f 6657/12401/430 6662/12402/430 6659/12403/430 6658/12404/430
f 6662/12405/427 6663/12406/427 6660/12407/427 6659/12408/427
f 6663/12409/440 6664/12410/440 6661/12411/440 6660/12412/440
f 6664/12413/429 6657/12414/429 6658/12415/429 6661/12416/429
f 6648/12381/422 6643/12384/436 6644/12392/436 6652/12391/422
f 6682/12417/425 6681/12418/426 6677/12419/426 6678/12420/425
f 6672/12421/424 6669/12422/424 6665/12423/424 6668/12424/424
f 6680/12425/422 6679/12426/423 6683/12427/423 6684/12428/422
f 6669/12422/424 6670/12429/424 6666/12430/424 6665/12423/424
f 6671/12431/424 6672/12421/424 6668/12424/424 6667/12432/424
f 6670/12429/424 6671/12431/424 6667/12432/424 6666/12430/424
f 6665/12433/429 6685/12434/429 6686/12435/429 6668/12436/429
f 6666/12437/441 6687/12438/441 6685/12439/441 6665/12440/441
f 6667/12441/427 6688/12442/427 6687/12443/427 6666/12444/427
f 6668/12445/440 6686/12446/440 6688/12447/440 6667/12448/440
f 6684/12449/433 6683/12450/435 6681/12451/435 6682/12452/433
f 6680/12453/431 6675/12454/437 6674/12455/437 6678/12456/431
f 6678/12457/431 6677/12458/432 6679/12459/432 6680/12460/431
f 6682/12461/425 6678/12456/425 6674/12455/439 6673/12462/439
f 6684/12463/433 6682/12461/433 6673/12462/434 6676/12464/434
f 6686/12465/438 6685/12466/438 6687/12467/438 6688/12468/438
f 6689/12469/424 6694/12470/424 6695/12471/424 6696/12472/424
f 6689/12473/440 6690/12474/440 6691/12475/440 6694/12476/440
f 6694/12477/427 6691/12478/427 6692/12479/427 6695/12480/427
f 6695/12481/441 6692/12482/441 6693/12483/441 6696/12484/441
f 6696/12485/429 6693/12486/429 6690/12487/429 6689/12488/429
f 6680/12453/422 6684/12463/422 6676/12464/436 6675/12454/436
f 6714/12489/425 6713/12490/426 6709/12491/426 6710/12492/425
f 6704/12493/424 6701/12494/424 6697/12495/424 6700/12496/424
f 6712/12497/422 6711/12498/423 6715/12499/423 6716/12500/422
f 6701/12494/424 6702/12501/424 6698/12502/424 6697/12495/424
f 6703/12503/424 6704/12493/424 6700/12496/424 6699/12504/424
f 6702/12501/424 6703/12503/424 6699/12504/424 6698/12502/424
f 6697/12505/429 6717/12506/429 6718/12507/429 6700/12508/429
f 6698/12509/430 6719/12510/430 6717/12511/430 6697/12512/430
f 6699/12513/427 6720/12514/427 6719/12515/427 6698/12516/427
f 6700/12517/428 6718/12518/428 6720/12519/428 6699/12520/428
f 6716/12521/433 6715/12522/435 6713/12523/435 6714/12524/433
f 6712/12525/431 6707/12526/437 6706/12527/437 6710/12528/431
f 6710/12529/431 6709/12530/432 6711/12531/432 6712/12532/431
f 6714/12533/425 6710/12528/425 6706/12527/439 6705/12534/439
f 6716/12535/433 6714/12533/433 6705/12534/434 6708/12536/434
f 6718/12537/438 6717/12538/438 6719/12539/438 6720/12540/438
f 6721/12541/424 6726/12542/424 6727/12543/424 6728/12544/424
f 6721/12545/440 6722/12546/440 6723/12547/440 6726/12548/440
f 6726/12549/427 6723/12550/427 6724/12551/427 6727/12552/427
f 6727/12553/430 6724/12554/430 6725/12555/430 6728/12556/430
f 6728/12557/429 6725/12558/429 6722/12559/429 6721/12560/429
f 6712/12525/422 6716/12535/422 6708/12536/436 6707/12526/436
f 6746/12561/425 6745/12562/426 6741/12563/426 6742/12564/425
f 6736/12565/424 6733/12566/424 6729/12567/424 6732/12568/424
f 6744/12569/422 6743/12570/423 6747/12571/423 6748/12572/422
f 6733/12566/424 6734/12573/424 6730/12574/424 6729/12567/424
f 6735/12575/424 6736/12565/424 6732/12568/424 6731/12576/424
f 6734/12573/424 6735/12575/424 6731/12576/424 6730/12574/424
f 6729/12577/429 6749/12578/429 6750/12579/429 6732/12580/429
f 6730/12581/441 6751/12582/441 6749/12583/441 6729/12584/441
f 6731/12585/427 6752/12586/427 6751/12587/427 6730/12588/427
f 6732/12589/428 6750/12590/428 6752/12591/428 6731/12592/428
f 6748/12593/433 6747/12594/435 6745/12595/435 6746/12596/433
f 6744/12597/431 6739/12598/437 6738/12599/437 6742/12600/431
f 6742/12601/431 6741/12602/432 6743/12603/432 6744/12604/431
f 6746/12605/425 6742/12600/425 6738/12599/439 6737/12606/439
f 6748/12607/433 6746/12605/433 6737/12606/434 6740/12608/434
f 6750/12609/438 6749/12610/438 6751/12611/438 6752/12612/438
f 6753/12613/424 6758/12614/424 6759/12615/424 6760/12616/424
f 6753/12617/440 6754/12618/440 6755/12619/440 6758/12620/440
f 6758/12621/427 6755/12622/427 6756/12623/427 6759/12624/427
f 6759/12625/430 6756/12626/430 6757/12627/430 6760/12628/430
f 6760/12629/429 6757/12630/429 6754/12631/429 6753/12632/429
f 6744/12597/422 6748/12607/422 6740/12608/436 6739/12598/436
f 6778/12633/425 6777/12634/426 6773/12635/426 6774/12636/425
f 6768/12637/424 6765/12638/424 6761/12639/424 6764/12640/424
f 6776/12641/422 6775/12642/423 6779/12643/423 6780/12644/422
f 6765/12638/424 6766/12645/424 6762/12646/424 6761/12639/424
f 6767/12647/424 6768/12637/424 6764/12640/424 6763/12648/424
f 6766/12645/424 6767/12647/424 6763/12648/424 6762/12646/424
f 6761/12649/429 6781/12650/429 6782/12651/429 6764/12652/429
f 6762/12653/441 6783/12654/441 6781/12655/441 6761/12656/441
f 6763/12657/427 6784/12658/427 6783/12659/427 6762/12660/427
f 6764/12661/440 6782/12662/440 6784/12663/440 6763/12664/440
f 6780/12665/433 6779/12666/435 6777/12667/435 6778/12668/433
f 6776/12669/431 6771/12670/437 6770/12671/437 6774/12672/431
f 6774/12673/431 6773/12674/432 6775/12675/432 6776/12676/431
f 6778/12677/425 6774/12672/425 6770/12671/439 6769/12678/439
f 6780/12679/433 6778/12677/433 6769/12678/434 6772/12680/434
f 6782/12681/438 6781/12682/438 6783/12683/438 6784/12684/438
f 6785/12685/424 6790/12686/424 6791/12687/424 6792/12688/424
f 6785/12689/440 6786/12690/440 6787/12691/440 6790/12692/440
f 6790/12693/427 6787/12694/427 6788/12695/427 6791/12696/427
f 6791/12697/441 6788/12698/441 6789/12699/441 6792/12700/441
f 6792/12701/429 6789/12702/429 6786/12703/429 6785/12704/429
f 6776/12669/422 6780/12679/422 6772/12680/436 6771/12670/436
f 6810/12705/425 6809/12706/426 6805/12707/426 6806/12708/425
f 6800/12709/424 6797/12710/424 6793/12711/424 6796/12712/424
f 6808/12713/422 6807/12714/423 6811/12715/423 6812/12716/422
f 6797/12710/424 6798/12717/424 6794/12718/424 6793/12711/424
f 6799/12719/424 6800/12709/424 6796/12712/424 6795/12720/424
f 6798/12717/424 6799/12719/424 6795/12720/424 6794/12718/424
f 6793/12721/429 6813/12722/429 6814/12723/429 6796/12724/429
f 6794/12725/430 6815/12726/430 6813/12727/430 6793/12728/430
f 6795/12729/427 6816/12730/427 6815/12731/427 6794/12732/427
f 6796/12733/428 6814/12734/428 6816/12735/428 6795/12736/428
f 6812/12737/433 6811/12738/435 6809/12739/435 6810/12740/433
f 6808/12741/431 6803/12742/437 6802/12743/437 6806/12744/431
f 6806/12745/431 6805/12746/432 6807/12747/432 6808/12748/431
f 6810/12749/425 6806/12744/425 6802/12743/439 6801/12750/439
f 6812/12751/433 6810/12749/433 6801/12750/434 6804/12752/434
f 6814/12753/438 6813/12754/438 6815/12755/438 6816/12756/438
f 6817/12757/424 6822/12758/424 6823/12759/424 6824/12760/424
f 6817/12761/440 6818/12762/440 6819/12763/440 6822/12764/440
f 6822/12765/427 6819/12766/427 6820/12767/427 6823/12768/427
f 6823/12769/430 6820/12770/430 6821/12771/430 6824/12772/430
f 6824/12773/429 6821/12774/429 6818/12775/429 6817/12776/429
f 6808/12741/422 6812/12751/422 6804/12752/436 6803/12742/436
f 6842/12777/425 6841/12778/426 6837/12779/426 6838/12780/425
f 6832/12781/424 6829/12782/424 6825/12783/424 6828/12784/424
f 6840/12785/422 6839/12786/423 6843/12787/423 6844/12788/422
f 6829/12782/424 6830/12789/424 6826/12790/424 6825/12783/424
f 6831/12791/424 6832/12781/424 6828/12784/424 6827/12792/424
f 6830/12789/424 6831/12791/424 6827/12792/424 6826/12790/424
f 6825/12793/429 6845/12794/429 6846/12795/429 6828/12796/429
f 6826/12797/441 6847/12798/441 6845/12799/441 6825/12800/441
f 6827/12801/427 6848/12802/427 6847/12803/427 6826/12804/427
f 6828/12805/428 6846/12806/428 6848/12807/428 6827/12808/428
f 6844/12809/433 6843/12810/435 6841/12811/435 6842/12812/433
f 6840/12813/431 6835/12814/437 6834/12815/437 6838/12816/431
f 6838/12817/431 6837/12818/432 6839/12819/432 6840/12820/431
f 6842/12821/425 6838/12816/425 6834/12815/439 6833/12822/439
f 6844/12823/433 6842/12821/433 6833/12822/434 6836/12824/434
f 6846/12825/438 6845/12826/438 6847/12827/438 6848/12828/438
f 6849/12829/424 6854/12830/424 6855/12831/424 6856/12832/424
f 6849/12833/440 6850/12834/440 6851/12835/440 6854/12836/440
f 6854/12837/427 6851/12838/427 6852/12839/427 6855/12840/427
f 6855/12841/430 6852/12842/430 6853/12843/430 6856/12844/430
f 6856/12845/429 6853/12846/429 6850/12847/429 6849/12848/429
f 6840/12813/422 6844/12823/422 6836/12824/436 6835/12814/436
usemtl sandstone_color
f 6105/11122/423 6095/12849/442 6094/12850/442 6101/11123/423
f 6107/11154/432 6096/12851/443 6095/12852/443 6105/11155/432
f 6101/11162/435 6094/12853/444 6093/12854/444 6103/11163/435
f 6103/11130/426 6093/12855/445 6096/12856/445 6107/11131/426
f 6137/11194/423 6127/12857/442 6126/12858/442 6133/11195/423
f 6139/11226/432 6128/12859/443 6127/12860/443 6137/11227/432
f 6133/11234/435 6126/12861/444 6125/12862/444 6135/11235/435
f 6135/11202/426 6125/12863/445 6128/12864/445 6139/11203/426
f 6169/11266/423 6159/12865/442 6158/12866/442 6165/11267/423
f 6171/11298/432 6160/12867/443 6159/12868/443 6169/11299/432
f 6165/11306/435 6158/12869/444 6157/12870/444 6167/11307/435
f 6167/11274/426 6157/12871/445 6160/12872/445 6171/11275/426
f 6201/11338/423 6191/12873/442 6190/12874/442 6197/11339/423
f 6203/11370/432 6192/12875/443 6191/12876/443 6201/11371/432
f 6197/11378/435 6190/12877/444 6189/12878/444 6199/11379/435
f 6199/11346/426 6189/12879/445 6192/12880/445 6203/11347/426
f 6233/11410/423 6223/12881/442 6222/12882/442 6229/11411/423
f 6235/11442/432 6224/12883/443 6223/12884/443 6233/11443/432
f 6229/11450/435 6222/12885/444 6221/12886/444 6231/11451/435
f 6231/11418/426 6221/12887/445 6224/12888/445 6235/11419/426
f 6265/11482/423 6255/12889/442 6254/12890/442 6261/11483/423
f 6267/11514/432 6256/12891/443 6255/12892/443 6265/11515/432
f 6261/11522/435 6254/12893/444 6253/12894/444 6263/11523/435
f 6263/11490/426 6253/12895/445 6256/12896/445 6267/11491/426
f 6297/11556/423 6293/11555/423 6286/12897/442 6287/12898/442
f 6299/11588/435 6297/11587/435 6287/12899/444 6288/12900/444
f 6293/11596/432 6295/11595/432 6285/12901/443 6286/12902/443
f 6295/11564/426 6299/11563/426 6288/12903/445 6285/12904/445
f 6329/11628/423 6325/11627/423 6318/12905/442 6319/12906/442
f 6331/11660/435 6329/11659/435 6319/12907/444 6320/12908/444
f 6325/11668/432 6327/11667/432 6317/12909/443 6318/12910/443
f 6327/11636/426 6331/11635/426 6320/12911/445 6317/12912/445
f 6361/11700/423 6357/11699/423 6350/12913/442 6351/12914/442
f 6363/11732/435 6361/11731/435 6351/12915/444 6352/12916/444
f 6357/11740/432 6359/11739/432 6349/12917/443 6350/12918/443
f 6359/11708/426 6363/11707/426 6352/12919/445 6349/12920/445
f 6393/11772/423 6389/11771/423 6382/12921/442 6383/12922/442
f 6395/11804/435 6393/11803/435 6383/12923/444 6384/12924/444
f 6389/11812/432 6391/11811/432 6381/12925/443 6382/12926/443
f 6391/11780/426 6395/11779/426 6384/12927/445 6381/12928/445
f 6425/11844/423 6421/11843/423 6414/12929/442 6415/12930/442
f 6427/11876/435 6425/11875/435 6415/12931/444 6416/12932/444
f 6421/11884/432 6423/11883/432 6413/12933/443 6414/12934/443
f 6423/11852/426 6427/11851/426 6416/12935/445 6413/12936/445
f 6457/11916/423 6453/11915/423 6446/12937/442 6447/12938/442
f 6459/11948/435 6457/11947/435 6447/12939/444 6448/12940/444
f 6453/11956/432 6455/11955/432 6445/12941/443 6446/12942/443
f 6455/11924/426 6459/11923/426 6448/12943/445 6445/12944/445
f 6489/11988/426 6485/11987/426 6478/12945/445 6479/12946/445
f 6491/12020/432 6489/12019/432 6479/12947/443 6480/12948/443
f 6485/12028/435 6487/12027/435 6477/12949/444 6478/12950/444
f 6487/11996/423 6491/11995/423 6480/12951/442 6477/12952/442
f 6521/12060/426 6517/12059/426 6510/12953/445 6511/12954/445
f 6523/12092/432 6521/12091/432 6511/12955/443 6512/12956/443
f 6517/12100/435 6519/12099/435 6509/12957/444 6510/12958/444
f 6519/12068/423 6523/12067/423 6512/12959/442 6509/12960/442
f 6553/12132/426 6549/12131/426 6542/12961/445 6543/12962/445
f 6555/12164/432 6553/12163/432 6543/12963/443 6544/12964/443
f 6549/12172/435 6551/12171/435 6541/12965/444 6542/12966/444
f 6551/12140/423 6555/12139/423 6544/12967/442 6541/12968/442
f 6585/12204/426 6581/12203/426 6574/12969/445 6575/12970/445
f 6587/12236/432 6585/12235/432 6575/12971/443 6576/12972/443
f 6581/12244/435 6583/12243/435 6573/12973/444 6574/12974/444
f 6583/12212/423 6587/12211/423 6576/12975/442 6573/12976/442
f 6617/12276/426 6613/12275/426 6606/12977/445 6607/12978/445
f 6619/12308/432 6617/12307/432 6607/12979/443 6608/12980/443
f 6613/12316/435 6615/12315/435 6605/12981/444 6606/12982/444
f 6615/12284/423 6619/12283/423 6608/12983/442 6605/12984/442
f 6649/12348/426 6645/12347/426 6638/12985/445 6639/12986/445
f 6651/12380/432 6649/12379/432 6639/12987/443 6640/12988/443
f 6645/12388/435 6647/12387/435 6637/12989/444 6638/12990/444
f 6647/12356/423 6651/12355/423 6640/12991/442 6637/12992/442
f 6681/12418/426 6671/12993/445 6670/12994/445 6677/12419/426
f 6683/12450/435 6672/12995/444 6671/12996/444 6681/12451/435
f 6677/12458/432 6670/12997/443 6669/12998/443 6679/12459/432
f 6679/12426/423 6669/12999/442 6672/13000/442 6683/12427/423
f 6713/12490/426 6703/13001/445 6702/13002/445 6709/12491/426
f 6715/12522/435 6704/13003/444 6703/13004/444 6713/12523/435
f 6709/12530/432 6702/13005/443 6701/13006/443 6711/12531/432
f 6711/12498/423 6701/13007/442 6704/13008/442 6715/12499/423
f 6745/12562/426 6735/13009/445 6734/13010/445 6741/12563/426
f 6747/12594/435 6736/13011/444 6735/13012/444 6745/12595/435
f 6741/12602/432 6734/13013/443 6733/13014/443 6743/12603/432
f 6743/12570/423 6733/13015/442 6736/13016/442 6747/12571/423
f 6777/12634/426 6767/13017/445 6766/13018/445 6773/12635/426
f 6779/12666/435 6768/13019/444 6767/13020/444 6777/12667/435
f 6773/12674/432 6766/13021/443 6765/13022/443 6775/12675/432
f 6775/12642/423 6765/13023/442 6768/13024/442 6779/12643/423
f 6809/12706/426 6799/13025/445 6798/13026/445 6805/12707/426
f 6811/12738/435 6800/13027/444 6799/13028/444 6809/12739/435
f 6805/12746/432 6798/13029/443 6797/13030/443 6807/12747/432
f 6807/12714/423 6797/13031/442 6800/13032/442 6811/12715/423
f 6841/12778/426 6831/13033/445 6830/13034/445 6837/12779/426
f 6843/12810/435 6832/13035/444 6831/13036/444 6841/12811/435
f 6837/12818/432 6830/13037/443 6829/13038/443 6839/12819/432
f 6839/12786/423 6829/13039/442 6832/13040/442 6843/12787/423
o Cube.497_Cube.596
v 11.291738 7.677670 -7.541737
v 18.708263 7.677670 -5.112230
v 18.708263 7.677670 -14.958263
v 11.291739 7.677670 -5.112230
v 18.427872 9.671198 -5.112230
v 18.427872 9.671198 -14.677873
v 11.572128 9.671198 -7.822126
v 11.572128 9.671198 -5.112230
v 18.579004 9.671198 -5.112230
v 18.579004 9.671198 -14.829004
v 11.420997 9.671198 -7.670995
v 11.420998 9.671198 -5.112230
v 11.420997 9.771198 -7.670995
v 18.579004 9.771198 -5.112230
v 18.579004 9.771198 -14.829004
v 11.420998 9.771198 -5.112230
v 18.709322 7.919397 -5.112230
v 11.290680 7.919397 -5.112230
v 18.709322 7.919397 -14.959321
v 11.290679 7.919397 -7.540678
v -11.291737 7.677670 -7.541737
v -18.708263 7.677670 -5.112230
v -18.708263 7.677670 -14.958263
v -11.291739 7.677670 -5.112230
v -18.427872 9.671198 -5.112230
v -18.427872 9.671198 -14.677873
v -11.572128 9.671198 -7.822126
v -11.572128 9.671198 -5.112230
v -18.579002 9.671198 -5.112230
v -18.579002 9.671198 -14.829004
v -11.420998 9.671198 -7.670995
v -11.420998 9.671198 -5.112230
v -11.420998 9.771198 -7.670995
v -18.579002 9.771198 -5.112230
v -18.579002 9.771198 -14.829004
v -11.420998 9.771198 -5.112230
v -18.709320 7.919397 -5.112230
v -11.290680 7.919397 -5.112230
v -18.709320 7.919397 -14.959321
v -11.290680 7.919397 -7.540678
v 11.291738 7.677670 7.541737
v 18.708263 7.677670 5.112230
v 18.708263 7.677670 14.958263
v 11.291739 7.677670 5.112230
v 18.427872 9.671198 5.112230
v 18.427872 9.671198 14.677872
v 11.572128 9.671198 7.822126
v 11.572128 9.671198 5.112230
v 18.579004 9.671198 5.112230
v 18.579004 9.671198 14.829004
v 11.420997 9.671198 7.670996
v 11.420998 9.671198 5.112230
v 11.420997 9.771198 7.670996
v 18.579004 9.771198 5.112230
v 18.579004 9.771198 14.829004
v 11.420998 9.771198 5.112230
v 18.709322 7.919397 5.112230
v 11.290680 7.919397 5.112230
v 18.709322 7.919397 14.959322
v 11.290679 7.919397 7.540678
v -11.291737 7.677670 7.541737
v -18.708263 7.677670 5.112230
v -18.708263 7.677670 14.958263
v -11.291739 7.677670 5.112230
v -18.427872 9.671198 5.112230
v -18.427872 9.671198 14.677872
v -11.572128 9.671198 7.822126
v -11.572128 9.671198 5.112230
v -18.579002 9.671198 5.112230
v -18.579002 9.671198 14.829004
v -11.420998 9.671198 7.670996
v -11.420998 9.671198 5.112230
v -11.420998 9.771198 7.670996
v -18.579002 9.771198 5.112230
v -18.579002 9.771198 14.829004
v -11.420998 9.771198 5.112230
v -18.709320 7.919397 5.112230
v -11.290680 7.919397 5.112230
v -18.709320 7.919397 14.959322
v -11.290680 7.919397 7.540678
vt 0.983212 1.287610
vt 0.983002 1.263438
vt 1.967530 1.254846
vt 1.967846 1.279017
vt -1.357805 -0.254846
vt -1.357908 -0.279017
vt 2.383813 -0.279017
vt 2.383704 -0.254846
vt 1.663906 -0.261938
vt 1.661541 0.009031
vt 1.646429 0.008899
vt 1.648662 -0.246958
vt -1.329997 -0.973640
vt -1.344978 -0.988884
vt 2.370681 -0.956457
vt 2.355437 -0.941478
vt 1.648662 1.470550
vt -0.635450 1.470550
vt -0.635451 1.460551
vt 1.648662 1.460551
vt -0.246957 1.460551
vt 0.008900 1.462784
vt 0.008812 1.472783
vt -0.247045 1.470550
vt 0.984854 1.462784
vt 1.956458 1.454304
vt 1.956545 1.464304
vt 0.984941 1.472783
vt -1.344978 -0.454304
vt -1.344977 -0.464304
vt 2.370682 -0.464304
vt 2.370681 -0.454304
vt -0.635451 -0.266891
vt -0.650431 -0.282135
vt 2.347090 0.015014
vt 2.362202 0.015146
vt 1.622446 -0.274481
vt -0.635815 -0.274481
vt -0.635707 -0.298652
vt 1.622343 -0.298652
vt -0.232406 1.261318
vt 0.010526 1.263438
vt 0.010315 1.287610
vt -0.232512 1.285491
vt -0.015865 1.287610
vt -1.000499 1.279017
vt -1.000182 1.254846
vt -0.015653 1.263439
vt -0.637683 -0.011034
vt -0.652796 -0.011166
vt 1.266891 1.460551
vt 1.266978 1.470550
vt 1.011121 1.472783
vt 1.011033 1.462784
vt -0.017280 1.462784
vt -0.017367 1.472783
vt -0.988971 1.464304
vt -0.988884 1.454304
vt -1.338344 -0.017148
vt -1.353457 -0.017280
vt 1.252113 1.261318
vt 1.252218 1.285491
vt 1.009391 1.287610
vt 1.009181 1.263438
vt -0.039156 1.296533
vt -1.023790 1.305126
vt -1.023895 1.280953
vt -0.039366 1.272361
vt -1.383911 1.280953
vt 2.357599 1.280953
vt 2.357705 1.305126
vt -1.384016 1.305126
vt 1.650255 1.302368
vt 1.635274 1.287125
vt 1.637507 1.031268
vt 1.652619 1.031399
vt -1.355613 1.961711
vt 2.329820 1.993873
vt 2.344801 2.009118
vt -1.370858 1.976691
vt 1.635274 -0.473939
vt -0.648838 -0.473939
vt -0.648838 -0.483939
vt 1.635275 -0.483939
vt 1.287125 1.473939
vt 1.287038 1.483939
vt 1.031181 1.481706
vt 1.031268 1.471706
vt -0.037514 1.471706
vt -0.037427 1.481706
vt -1.009030 1.490185
vt -1.009117 1.480186
vt -1.370858 1.480185
vt 2.344801 1.480185
vt 2.344802 1.490185
vt -1.370857 1.490185
vt -0.664083 1.282171
vt -0.648838 1.267192
vt 2.338168 1.037382
vt 2.353280 1.037514
vt 1.275827 1.274481
vt 1.275509 1.298652
vt 1.032683 1.296533
vt 1.032895 1.272361
vt 1.006503 1.296533
vt 1.006715 1.272361
vt 1.991243 1.280953
vt 1.991137 1.305126
vt -0.661718 1.011203
vt -0.646606 1.011334
vt -0.267192 1.473939
vt -0.011335 1.471706
vt -0.011247 1.481706
vt -0.267104 1.483939
vt 1.005088 1.471706
vt 1.976691 1.480186
vt 1.976604 1.490185
vt 1.005001 1.481706
vt -1.347266 1.005220
vt -1.362379 1.005088
vt -0.256119 1.274481
vt -0.013187 1.272361
vt -0.012977 1.296533
vt -0.255803 1.298652
vt 1.635503 1.285491
vt -0.622546 1.285491
vt -0.622653 1.261318
vt 1.635608 1.261318
vn 1.0000 -0.0044 0.0000
vn 0.0000 -0.0044 -1.0000
vn 0.0000 -1.0000 0.0000
vn 0.0000 0.0000 1.0000
vn -1.0000 0.0000 0.0000
vn 1.0000 0.0000 0.0000
vn 0.0000 0.0000 -1.0000
vn -1.0000 -0.0044 0.0000
vn 0.0000 -0.0044 1.0000
usemtl sandstone_color
s 1
f 6873/13041/446 6858/13042/446 6859/13043/446 6875/13044/446
f 6879/13045/447 6895/13046/447 6875/13047/447 6859/13048/447
f 6863/13049/448 6864/13050/448 6868/13051/448 6867/13052/448
f 6882/13053/448 6886/13054/448 6866/13055/448 6862/13056/448
f 6869/13057/449 6889/13058/449 6887/13059/449 6867/13060/449
f 6867/13061/450 6868/13062/450 6872/13063/450 6869/13064/450
f 6865/13065/451 6866/13066/451 6871/13067/451 6870/13068/451
f 6886/13069/452 6891/13070/452 6871/13071/452 6866/13072/452
f 6867/13052/448 6887/13073/448 6883/13074/448 6863/13049/448
f 6861/13075/448 6862/13056/448 6866/13055/448 6865/13076/448
f 6897/13077/447 6917/13078/447 6936/13079/447 6916/13080/447
f 6857/13081/453 6860/13082/453 6874/13083/453 6876/13084/453
f 6893/13085/453 6895/13086/453 6879/13087/453 6878/13088/453
f 6883/13074/448 6887/13073/448 6888/13089/448 6884/13090/448
f 6887/13091/451 6889/13092/451 6892/13093/451 6888/13094/451
f 6885/13095/450 6890/13096/450 6891/13097/450 6886/13098/450
f 6881/13099/448 6885/13100/448 6886/13054/448 6882/13053/448
f 6877/13101/446 6896/13102/446 6894/13103/446 6880/13104/446
f 6913/13105/446 6915/13106/446 6899/13107/446 6898/13108/446
f 6919/13109/454 6899/13110/454 6915/13111/454 6935/13112/454
f 6903/13113/448 6907/13114/448 6908/13115/448 6904/13116/448
f 6922/13117/448 6902/13118/448 6906/13119/448 6926/13120/448
f 6907/13121/452 6927/13122/452 6929/13123/452 6909/13124/452
f 6907/13125/450 6909/13126/450 6912/13127/450 6908/13128/450
f 6905/13129/451 6910/13130/451 6911/13131/451 6906/13132/451
f 6926/13133/449 6906/13134/449 6911/13135/449 6931/13136/449
f 6903/13113/448 6923/13137/448 6927/13138/448 6907/13114/448
f 6901/13139/448 6905/13140/448 6906/13119/448 6902/13118/448
f 6897/13141/453 6916/13142/453 6914/13143/453 6900/13144/453
f 6933/13145/453 6918/13146/453 6919/13147/453 6935/13148/453
f 6923/13137/448 6924/13149/448 6928/13150/448 6927/13138/448
f 6927/13151/451 6928/13152/451 6932/13153/451 6929/13154/451
f 6925/13155/450 6926/13156/450 6931/13157/450 6930/13158/450
f 6921/13159/448 6922/13117/448 6926/13120/448 6925/13160/448
f 6917/13161/446 6920/13162/446 6934/13163/446 6936/13164/446
f 6876/13165/454 6896/13166/454 6877/13167/454 6857/13168/454
