# Blender v3.5.0 OBJ File: 'Enterables_egypt_temples_01.blend'
# www.blender.org
mtllib LOD2_egypt_temples_002.mtl
o Cylinder.060
v 9.748489 13.243758 -12.988266
v 9.748489 13.243758 -10.511431
v 7.252376 13.243758 -12.988266
v 7.252376 13.243758 -10.511431
v 9.748489 12.716230 -12.988266
v 9.748489 12.716230 -10.511431
v 7.252376 12.716230 -12.988266
v 7.252376 12.716230 -10.511431
v 4.248489 13.243758 -12.988266
v 4.248489 13.243758 -10.511431
v 1.752376 13.243758 -12.988266
v 1.752376 13.243758 -10.511431
v 4.248489 12.716230 -12.988266
v 4.248489 12.716230 -10.511431
v 1.752376 12.716230 -12.988266
v 1.752376 12.716230 -10.511431
v -1.251511 13.243758 -12.988266
v -1.251511 13.243758 -10.511431
v -3.747624 13.243758 -12.988266
v -3.747624 13.243758 -10.511431
v -1.251511 12.716230 -12.988266
v -1.251511 12.716230 -10.511431
v -3.747624 12.716230 -12.988266
v -3.747624 12.716230 -10.511431
v 9.748489 13.243758 -8.738266
v 9.748489 13.243758 -6.261431
v 7.252376 13.243758 -8.738266
v 7.252376 13.243758 -6.261431
v 9.748489 12.716230 -8.738266
v 9.748489 12.716230 -6.261431
v 7.252376 12.716230 -8.738266
v 7.252376 12.716230 -6.261431
v 4.248489 13.243758 -8.738266
v 4.248489 13.243758 -6.261431
v 1.752376 13.243758 -8.738266
v 1.752376 13.243758 -6.261431
v 4.248489 12.716230 -8.738266
v 4.248489 12.716230 -6.261431
v 1.752376 12.716230 -8.738266
v 1.752376 12.716230 -6.261431
v -1.251511 13.243758 -8.738266
v -1.251511 13.243758 -6.261431
v -3.747624 13.243758 -8.738266
v -3.747624 13.243758 -6.261431
v -1.251511 12.716230 -8.738266
v -1.251511 12.716230 -6.261431
v -3.747624 12.716230 -8.738266
v -3.747624 12.716230 -6.261431
v 9.748489 13.243758 -4.488266
v 9.748489 13.243758 -2.011431
v 7.252376 13.243758 -4.488266
v 7.252376 13.243758 -2.011431
v 9.748489 12.716230 -4.488266
v 9.748489 12.716230 -2.011431
v 7.252376 12.716230 -4.488266
v 7.252376 12.716230 -2.011431
v 4.248489 13.243758 -4.488266
v 4.248489 13.243758 -2.011431
v 1.752376 13.243758 -4.488266
v 1.752376 13.243758 -2.011431
v 4.248489 12.716230 -4.488266
v 4.248489 12.716230 -2.011431
v 1.752376 12.716230 -4.488266
v 1.752376 12.716230 -2.011431
v -1.251511 13.243758 -4.488266
v -1.251511 13.243758 -2.011431
v -3.747624 13.243758 -4.488266
v -3.747624 13.243758 -2.011431
v -1.251511 12.716230 -4.488266
v -1.251511 12.716230 -2.011431
v -3.747624 12.716230 -4.488266
v -3.747624 12.716230 -2.011431
v 9.748489 13.243758 12.988266
v 9.748489 13.243758 10.511431
v 7.252376 13.243758 12.988266
v 7.252376 13.243758 10.511431
v 9.748489 12.716230 12.988266
v 9.748489 12.716230 10.511431
v 7.252376 12.716230 12.988266
v 7.252376 12.716230 10.511431
v 4.248489 13.243758 12.988266
v 4.248489 13.243758 10.511431
v 1.752376 13.243758 12.988266
v 1.752376 13.243758 10.511431
v 4.248489 12.716230 12.988266
v 4.248489 12.716230 10.511431
v 1.752376 12.716230 12.988266
v 1.752376 12.716230 10.511431
v -1.251511 13.243758 12.988266
v -1.251511 13.243758 10.511431
v -3.747624 13.243758 12.988266
v -3.747624 13.243758 10.511431
v -1.251511 12.716230 12.988266
v -1.251511 12.716230 10.511431
v -3.747624 12.716230 12.988266
v -3.747624 12.716230 10.511431
v 9.748489 13.243758 8.738266
v 9.748489 13.243758 6.261431
v 7.252376 13.243758 8.738266
v 7.252376 13.243758 6.261431
v 9.748489 12.716230 8.738266
v 9.748489 12.716230 6.261431
v 7.252376 12.716230 8.738266
v 7.252376 12.716230 6.261431
v 4.248489 13.243758 8.738266
v 4.248489 13.243758 6.261431
v 1.752376 13.243758 8.738266
v 1.752376 13.243758 6.261431
v 4.248489 12.716230 8.738266
v 4.248489 12.716230 6.261431
v 1.752376 12.716230 8.738266
v 1.752376 12.716230 6.261431
v -1.251511 13.243758 8.738266
v -1.251511 13.243758 6.261431
v -3.747624 13.243758 8.738266
v -3.747624 13.243758 6.261431
v -1.251511 12.716230 8.738266
v -1.251511 12.716230 6.261431
v -3.747624 12.716230 8.738266
v -3.747624 12.716230 6.261431
v 9.748489 13.243758 4.488266
v 9.748489 13.243758 2.011431
v 7.252376 13.243758 4.488266
v 7.252376 13.243758 2.011431
v 9.748489 12.716230 4.488266
v 9.748489 12.716230 2.011431
v 7.252376 12.716230 4.488266
v 7.252376 12.716230 2.011431
v 4.248489 13.243758 4.488266
v 4.248489 13.243758 2.011431
v 1.752376 13.243758 4.488266
v 1.752376 13.243758 2.011431
v 4.248489 12.716230 4.488266
v 4.248489 12.716230 2.011431
v 1.752376 12.716230 4.488266
v 1.752376 12.716230 2.011431
v -1.251511 13.243758 4.488266
v -1.251511 13.243758 2.011431
v -3.747624 13.243758 4.488266
v -3.747624 13.243758 2.011431
v -1.251511 12.716230 4.488266
v -1.251511 12.716230 2.011431
v -3.747624 12.716230 4.488266
v -3.747624 12.716230 2.011431
vt -0.532585 1.771623
vt -0.532585 1.824376
vt -0.780269 1.824376
vt -0.780269 1.771623
vt 1.780269 -0.225238
vt 1.532585 -0.225238
vt 1.532585 -0.474849
vt 1.780269 -0.474849
vt 1.780269 1.771623
vt 1.780269 1.824376
vt 1.532585 1.824376
vt 1.532585 1.771623
vt -0.225238 1.771623
vt -0.225238 1.824376
vt -0.474849 1.824376
vt -0.474849 1.771623
vt 1.474849 1.824376
vt 1.225238 1.824376
vt 1.225238 1.771623
vt 1.474849 1.771623
vt -0.532585 -0.225238
vt -0.780269 -0.225238
vt -0.780269 -0.474849
vt -0.532585 -0.474849
vt -0.532585 1.771623
vt -0.532585 1.824376
vt -0.780269 1.824376
vt -0.780269 1.771623
vt 1.780269 0.324762
vt 1.532585 0.324762
vt 1.532585 0.075151
vt 1.780269 0.075151
vt 1.780269 1.771623
vt 1.780269 1.824376
vt 1.532585 1.824376
vt 1.532585 1.771623
vt 0.324762 1.771623
vt 0.324762 1.824376
vt 0.075151 1.824376
vt 0.075151 1.771623
vt 0.924849 1.824376
vt 0.675238 1.824376
vt 0.675238 1.771623
vt 0.924849 1.771623
vt -0.532585 0.324762
vt -0.780269 0.324762
vt -0.780269 0.075151
vt -0.532585 0.075151
vt -0.532585 1.771623
vt -0.532585 1.824376
vt -0.780269 1.824376
vt -0.780269 1.771623
vt 1.780269 0.874762
vt 1.532585 0.874762
vt 1.532585 0.625151
vt 1.780269 0.625151
vt 1.780269 1.771623
vt 1.780269 1.824376
vt 1.532585 1.824376
vt 1.532585 1.771623
vt 0.874762 1.771623
vt 0.874762 1.824376
vt 0.625151 1.824376
vt 0.625151 1.771623
vt 0.374849 1.824376
vt 0.125238 1.824376
vt 0.125238 1.771623
vt 0.374849 1.771623
vt -0.532585 0.874762
vt -0.780269 0.874762
vt -0.780269 0.625151
vt -0.532585 0.625151
vt -0.107585 1.771623
vt -0.107585 1.824376
vt -0.355269 1.824376
vt -0.355269 1.771623
vt 1.355269 -0.225238
vt 1.107585 -0.225238
vt 1.107585 -0.474849
vt 1.355269 -0.474849
vt 1.355269 1.771623
vt 1.355269 1.824376
vt 1.107585 1.824376
vt 1.107585 1.771623
vt -0.225238 1.771623
vt -0.225238 1.824376
vt -0.474849 1.824376
vt -0.474849 1.771623
vt 1.474849 1.824376
vt 1.225238 1.824376
vt 1.225238 1.771623
vt 1.474849 1.771623
vt -0.107585 -0.225238
vt -0.355269 -0.225238
vt -0.355269 -0.474849
vt -0.107585 -0.474849
vt -0.107585 1.771623
vt -0.107585 1.824376
vt -0.355269 1.824376
vt -0.355269 1.771623
vt 1.355269 0.324762
vt 1.107585 0.324762
vt 1.107585 0.075151
vt 1.355269 0.075151
vt 1.355269 1.771623
vt 1.355269 1.824376
vt 1.107585 1.824376
vt 1.107585 1.771623
vt 0.324762 1.771623
vt 0.324762 1.824376
vt 0.075151 1.824376
vt 0.075151 1.771623
vt 0.924849 1.824376
vt 0.675238 1.824376
vt 0.675238 1.771623
vt 0.924849 1.771623
vt -0.107585 0.324762
vt -0.355269 0.324762
vt -0.355269 0.075151
vt -0.107585 0.075151
vt -0.107585 1.771623
vt -0.107585 1.824376
vt -0.355269 1.824376
vt -0.355269 1.771623
vt 1.355269 0.874762
vt 1.107585 0.874762
vt 1.107585 0.625151
vt 1.355269 0.625151
vt 1.355269 1.771623
vt 1.355269 1.824376
vt 1.107585 1.824376
vt 1.107585 1.771623
vt 0.874762 1.771623
vt 0.874762 1.824376
vt 0.625151 1.824376
vt 0.625151 1.771623
vt 0.374849 1.824376
vt 0.125238 1.824376
vt 0.125238 1.771623
vt 0.374849 1.771623
vt -0.107585 0.874762
vt -0.355269 0.874762
vt -0.355269 0.625151
vt -0.107585 0.625151
vt 0.317415 1.771623
vt 0.317415 1.824376
vt 0.069731 1.824376
vt 0.069731 1.771623
vt 0.930269 -0.225238
vt 0.682585 -0.225238
vt 0.682585 -0.474849
vt 0.930269 -0.474849
vt 0.930269 1.771623
vt 0.930269 1.824376
vt 0.682585 1.824376
vt 0.682585 1.771623
vt -0.225238 1.771623
vt -0.225238 1.824376
vt -0.474849 1.824376
vt -0.474849 1.771623
vt 1.474849 1.824376
vt 1.225238 1.824376
vt 1.225238 1.771623
vt 1.474849 1.771623
vt 0.317415 -0.225238
vt 0.069731 -0.225238
vt 0.069731 -0.474849
vt 0.317415 -0.474849
vt 0.317415 1.771623
vt 0.317415 1.824376
vt 0.069731 1.824376
vt 0.069731 1.771623
vt 0.930269 0.324762
vt 0.682585 0.324762
vt 0.682585 0.075151
vt 0.930269 0.075151
vt 0.930269 1.771623
vt 0.930269 1.824376
vt 0.682585 1.824376
vt 0.682585 1.771623
vt 0.324762 1.771623
vt 0.324762 1.824376
vt 0.075151 1.824376
vt 0.075151 1.771623
vt 0.924849 1.824376
vt 0.675238 1.824376
vt 0.675238 1.771623
vt 0.924849 1.771623
vt 0.317415 0.324762
vt 0.069731 0.324762
vt 0.069731 0.075151
vt 0.317415 0.075151
vt 0.317415 1.771623
vt 0.317415 1.824376
vt 0.069731 1.824376
vt 0.069731 1.771623
vt 0.930269 0.874762
vt 0.682585 0.874762
vt 0.682585 0.625151
vt 0.930269 0.625151
vt 0.930269 1.771623
vt 0.930269 1.824376
vt 0.682585 1.824376
vt 0.682585 1.771623
vt 0.874762 1.771623
vt 0.874762 1.824376
vt 0.625151 1.824376
vt 0.625151 1.771623
vt 0.374849 1.824376
vt 0.125238 1.824376
vt 0.125238 1.771623
vt 0.374849 1.771623
vt 0.317415 0.874762
vt 0.069731 0.874762
vt 0.069731 0.625151
vt 0.317415 0.625151
vt 1.569701 1.771623
vt 1.817384 1.771623
vt 1.817384 1.824376
vt 1.569701 1.824376
vt -0.817384 -0.225237
vt -0.817384 -0.474849
vt -0.569701 -0.474849
vt -0.569701 -0.225237
vt -0.817384 1.771623
vt -0.569701 1.771623
vt -0.569701 1.824376
vt -0.817384 1.824376
vt 1.225238 1.771623
vt 1.474849 1.771623
vt 1.474849 1.824376
vt 1.225238 1.824376
vt -0.474849 1.824376
vt -0.474849 1.771623
vt -0.225237 1.771623
vt -0.225237 1.824376
vt 1.569701 -0.225238
vt 1.569701 -0.474849
vt 1.817384 -0.474849
vt 1.817384 -0.225238
vt 1.569701 1.771623
vt 1.817384 1.771623
vt 1.817384 1.824376
vt 1.569701 1.824376
vt -0.817384 0.324762
vt -0.817384 0.075151
vt -0.569701 0.075151
vt -0.569701 0.324762
vt -0.817384 1.771623
vt -0.569701 1.771623
vt -0.569701 1.824376
vt -0.817384 1.824376
vt 0.675238 1.771623
vt 0.924849 1.771623
vt 0.924849 1.824376
vt 0.675238 1.824376
vt 0.075151 1.824376
vt 0.075151 1.771623
vt 0.324763 1.771623
vt 0.324763 1.824376
vt 1.569701 0.324762
vt 1.569701 0.075151
vt 1.817384 0.075151
vt 1.817384 0.324762
vt 1.569701 1.771623
vt 1.817384 1.771623
vt 1.817384 1.824376
vt 1.569701 1.824376
vt -0.817384 0.874763
vt -0.817384 0.625151
vt -0.569701 0.625151
vt -0.569701 0.874763
vt -0.817384 1.771623
vt -0.569701 1.771623
vt -0.569701 1.824376
vt -0.817384 1.824376
vt 0.125238 1.771623
vt 0.374849 1.771623
vt 0.374849 1.824376
vt 0.125238 1.824376
vt 0.625151 1.824376
vt 0.625151 1.771623
vt 0.874763 1.771623
vt 0.874763 1.824376
vt 1.569701 0.874762
vt 1.569701 0.625151
vt 1.817384 0.625151
vt 1.817384 0.874762
vt 1.144701 1.771623
vt 1.392385 1.771623
vt 1.392385 1.824376
vt 1.144701 1.824376
vt -0.392384 -0.225237
vt -0.392384 -0.474849
vt -0.144701 -0.474849
vt -0.144701 -0.225238
vt -0.392384 1.771623
vt -0.144701 1.771623
vt -0.144701 1.824376
vt -0.392384 1.824376
vt 1.225238 1.771623
vt 1.474849 1.771623
vt 1.474849 1.824376
vt 1.225238 1.824376
vt -0.474849 1.824376
vt -0.474849 1.771623
vt -0.225237 1.771623
vt -0.225237 1.824376
vt 1.144701 -0.225238
vt 1.144701 -0.474849
vt 1.392384 -0.474849
vt 1.392384 -0.225238
vt 1.144701 1.771623
vt 1.392385 1.771623
vt 1.392385 1.824376
vt 1.144701 1.824376
vt -0.392384 0.324762
vt -0.392384 0.075151
vt -0.144701 0.075151
vt -0.144701 0.324762
vt -0.392384 1.771623
vt -0.144701 1.771623
vt -0.144701 1.824376
vt -0.392384 1.824376
vt 0.675238 1.771623
vt 0.924849 1.771623
vt 0.924849 1.824376
vt 0.675238 1.824376
vt 0.075151 1.824376
vt 0.075151 1.771623
vt 0.324762 1.771623
vt 0.324762 1.824376
vt 1.144701 0.324762
vt 1.144701 0.075151
vt 1.392384 0.075151
vt 1.392384 0.324762
vt 1.144701 1.771623
vt 1.392385 1.771623
vt 1.392385 1.824376
vt 1.144701 1.824376
vt -0.392384 0.874762
vt -0.392384 0.625151
vt -0.144701 0.625151
vt -0.144701 0.874762
vt -0.392384 1.771623
vt -0.144701 1.771623
vt -0.144701 1.824376
vt -0.392384 1.824376
vt 0.125238 1.771623
vt 0.374849 1.771623
vt 0.374849 1.824376
vt 0.125238 1.824376
vt 0.625151 1.824376
vt 0.625151 1.771623
vt 0.874763 1.771623
vt 0.874763 1.824376
vt 1.144701 0.874762
vt 1.144701 0.625151
vt 1.392384 0.625151
vt 1.392384 0.874762
vt 0.719701 1.771623
vt 0.967384 1.771623
vt 0.967384 1.824376
vt 0.719701 1.824376
vt 0.032616 -0.225238
vt 0.032616 -0.474849
vt 0.280299 -0.474849
vt 0.280299 -0.225238
vt 0.032616 1.771623
vt 0.280299 1.771623
vt 0.280299 1.824376
vt 0.032616 1.824376
vt 1.225238 1.771623
vt 1.474849 1.771623
vt 1.474849 1.824376
vt 1.225238 1.824376
vt -0.474849 1.824376
vt -0.474849 1.771623
vt -0.225238 1.771623
vt -0.225238 1.824376
vt 0.719701 -0.225238
vt 0.719701 -0.474849
vt 0.967384 -0.474849
vt 0.967384 -0.225238
vt 0.719701 1.771623
vt 0.967384 1.771623
vt 0.967384 1.824376
vt 0.719701 1.824376
vt 0.032616 0.324762
vt 0.032616 0.075151
vt 0.280299 0.075151
vt 0.280299 0.324762
vt 0.032616 1.771623
vt 0.280299 1.771623
vt 0.280299 1.824376
vt 0.032616 1.824376
vt 0.675238 1.771623
vt 0.924849 1.771623
vt 0.924849 1.824376
vt 0.675238 1.824376
vt 0.075151 1.824376
vt 0.075151 1.771623
vt 0.324762 1.771623
vt 0.324762 1.824376
vt 0.719701 0.324762
vt 0.719701 0.075151
vt 0.967384 0.075151
vt 0.967384 0.324762
vt 0.719701 1.771623
vt 0.967384 1.771623
vt 0.967384 1.824376
vt 0.719701 1.824376
vt 0.032616 0.874762
vt 0.032616 0.625151
vt 0.280299 0.625151
vt 0.280299 0.874762
vt 0.032616 1.771623
vt 0.280299 1.771623
vt 0.280299 1.824376
vt 0.032616 1.824376
vt 0.125238 1.771623
vt 0.374849 1.771623
vt 0.374849 1.824376
vt 0.125238 1.824376
vt 0.625151 1.824376
vt 0.625151 1.771623
vt 0.874762 1.771623
vt 0.874762 1.824376
vt 0.719701 0.874762
vt 0.719701 0.625151
vt 0.967384 0.625151
vt 0.967384 0.874762
vn -1.0000 0.0000 0.0000
vn 0.0000 1.0000 0.0000
vn 1.0000 0.0000 0.0000
vn 0.0000 0.0000 -1.0000
vn 0.0000 0.0000 1.0000
vn 0.0000 -1.0000 0.0000
usemtl sandstone
s 1
f 8/1/1 4/2/1 3/3/1 7/4/1
f 3/5/2 4/6/2 2/7/2 1/8/2
f 5/9/3 1/10/3 2/11/3 6/12/3
f 7/13/4 3/14/4 1/15/4 5/16/4
f 2/17/5 4/18/5 8/19/5 6/20/5
f 8/21/6 7/22/6 5/23/6 6/24/6
f 16/25/1 12/26/1 11/27/1 15/28/1
f 11/29/2 12/30/2 10/31/2 9/32/2
f 13/33/3 9/34/3 10/35/3 14/36/3
f 15/37/4 11/38/4 9/39/4 13/40/4
f 10/41/5 12/42/5 16/43/5 14/44/5
f 16/45/6 15/46/6 13/47/6 14/48/6
f 24/49/1 20/50/1 19/51/1 23/52/1
f 19/53/2 20/54/2 18/55/2 17/56/2
f 21/57/3 17/58/3 18/59/3 22/60/3
f 23/61/4 19/62/4 17/63/4 21/64/4
f 18/65/5 20/66/5 24/67/5 22/68/5
f 24/69/6 23/70/6 21/71/6 22/72/6
f 32/73/1 28/74/1 27/75/1 31/76/1
f 27/77/2 28/78/2 26/79/2 25/80/2
f 29/81/3 25/82/3 26/83/3 30/84/3
f 31/85/4 27/86/4 25/87/4 29/88/4
f 26/89/5 28/90/5 32/91/5 30/92/5
f 32/93/6 31/94/6 29/95/6 30/96/6
f 40/97/1 36/98/1 35/99/1 39/100/1
f 35/101/2 36/102/2 34/103/2 33/104/2
f 37/105/3 33/106/3 34/107/3 38/108/3
f 39/109/4 35/110/4 33/111/4 37/112/4
f 34/113/5 36/114/5 40/115/5 38/116/5
f 40/117/6 39/118/6 37/119/6 38/120/6
f 48/121/1 44/122/1 43/123/1 47/124/1
f 43/125/2 44/126/2 42/127/2 41/128/2
f 45/129/3 41/130/3 42/131/3 46/132/3
f 47/133/4 43/134/4 41/135/4 45/136/4
f 42/137/5 44/138/5 48/139/5 46/140/5
f 48/141/6 47/142/6 45/143/6 46/144/6
f 56/145/1 52/146/1 51/147/1 55/148/1
f 51/149/2 52/150/2 50/151/2 49/152/2
f 53/153/3 49/154/3 50/155/3 54/156/3
f 55/157/4 51/158/4 49/159/4 53/160/4
f 50/161/5 52/162/5 56/163/5 54/164/5
f 56/165/6 55/166/6 53/167/6 54/168/6
f 64/169/1 60/170/1 59/171/1 63/172/1
f 59/173/2 60/174/2 58/175/2 57/176/2
f 61/177/3 57/178/3 58/179/3 62/180/3
f 63/181/4 59/182/4 57/183/4 61/184/4
f 58/185/5 60/186/5 64/187/5 62/188/5
f 64/189/6 63/190/6 61/191/6 62/192/6
f 72/193/1 68/194/1 67/195/1 71/196/1
f 67/197/2 68/198/2 66/199/2 65/200/2
f 69/201/3 65/202/3 66/203/3 70/204/3
f 71/205/4 67/206/4 65/207/4 69/208/4
f 66/209/5 68/210/5 72/211/5 70/212/5
f 72/213/6 71/214/6 69/215/6 70/216/6
f 80/217/1 79/218/1 75/219/1 76/220/1
f 75/221/2 73/222/2 74/223/2 76/224/2
f 77/225/3 78/226/3 74/227/3 73/228/3
f 79/229/5 77/230/5 73/231/5 75/232/5
f 74/233/4 78/234/4 80/235/4 76/236/4
f 80/237/6 78/238/6 77/239/6 79/240/6
f 88/241/1 87/242/1 83/243/1 84/244/1
f 83/245/2 81/246/2 82/247/2 84/248/2
f 85/249/3 86/250/3 82/251/3 81/252/3
f 87/253/5 85/254/5 81/255/5 83/256/5
f 82/257/4 86/258/4 88/259/4 84/260/4
f 88/261/6 86/262/6 85/263/6 87/264/6
f 96/265/1 95/266/1 91/267/1 92/268/1
f 91/269/2 89/270/2 90/271/2 92/272/2
f 93/273/3 94/274/3 90/275/3 89/276/3
f 95/277/5 93/278/5 89/279/5 91/280/5
f 90/281/4 94/282/4 96/283/4 92/284/4
f 96/285/6 94/286/6 93/287/6 95/288/6
f 104/289/1 103/290/1 99/291/1 100/292/1
f 99/293/2 97/294/2 98/295/2 100/296/2
f 101/297/3 102/298/3 98/299/3 97/300/3
f 103/301/5 101/302/5 97/303/5 99/304/5
f 98/305/4 102/306/4 104/307/4 100/308/4
f 104/309/6 102/310/6 101/311/6 103/312/6
f 112/313/1 111/314/1 107/315/1 108/316/1
f 107/317/2 105/318/2 106/319/2 108/320/2
f 109/321/3 110/322/3 106/323/3 105/324/3
f 111/325/5 109/326/5 105/327/5 107/328/5
f 106/329/4 110/330/4 112/331/4 108/332/4
f 112/333/6 110/334/6 109/335/6 111/336/6
f 120/337/1 119/338/1 115/339/1 116/340/1
f 115/341/2 113/342/2 114/343/2 116/344/2
f 117/345/3 118/346/3 114/347/3 113/348/3
f 119/349/5 117/350/5 113/351/5 115/352/5
f 114/353/4 118/354/4 120/355/4 116/356/4
f 120/357/6 118/358/6 117/359/6 119/360/6
f 128/361/1 127/362/1 123/363/1 124/364/1
f 123/365/2 121/366/2 122/367/2 124/368/2
f 125/369/3 126/370/3 122/371/3 121/372/3
f 127/373/5 125/374/5 121/375/5 123/376/5
f 122/377/4 126/378/4 128/379/4 124/380/4
f 128/381/6 126/382/6 125/383/6 127/384/6
f 136/385/1 135/386/1 131/387/1 132/388/1
f 131/389/2 129/390/2 130/391/2 132/392/2
f 133/393/3 134/394/3 130/395/3 129/396/3
f 135/397/5 133/398/5 129/399/5 131/400/5
f 130/401/4 134/402/4 136/403/4 132/404/4
f 136/405/6 134/406/6 133/407/6 135/408/6
f 144/409/1 143/410/1 139/411/1 140/412/1
f 139/413/2 137/414/2 138/415/2 140/416/2
f 141/417/3 142/418/3 138/419/3 137/420/3
f 143/421/5 141/422/5 137/423/5 139/424/5
f 138/425/4 142/426/4 144/427/4 140/428/4
f 144/429/6 142/430/6 141/431/6 143/432/6
o Cube.120_Cube.154
v -9.775014 0.456138 -19.474428
v -9.775014 14.419984 -18.325001
v -8.475585 13.243759 -15.540669
v -8.475585 0.456138 -15.540669
v 9.775014 13.243759 -15.540669
v 9.775014 0.456138 -15.540669
v 9.775014 14.419992 -18.324999
v 9.775014 0.456138 -19.474428
v 9.775014 12.935539 -15.540670
v 9.775014 12.505768 -15.540669
v 9.775014 10.430696 -15.540669
v 9.775013 10.005890 -15.540669
v 9.775014 11.681625 -15.540670
v 9.775014 11.257921 -15.540669
v -9.775014 12.934492 -18.447277
v -9.775014 12.506169 -18.482534
v -9.775014 10.438092 -18.652769
v -9.775014 10.014718 -18.687616
v -9.775014 11.684805 -18.550146
v -9.775014 11.262529 -18.584904
v -8.475585 10.006312 -15.540669
v -8.475584 10.431118 -15.540668
v -8.475585 12.506189 -15.540670
v -8.475585 12.935961 -15.540669
v -8.475585 11.258343 -15.540670
v -8.475584 11.682047 -15.540669
v 9.775013 10.015060 -18.687588
v 9.775014 10.438434 -18.652737
v 9.775014 12.506511 -18.482508
v 9.775014 12.934834 -18.447250
v 9.775014 11.262870 -18.584875
v 9.775014 11.685146 -18.550117
v -9.775014 1.692446 -19.372662
v 9.775014 1.696628 -15.540670
v 9.775014 1.692446 -19.372662
v -8.475586 1.696628 -15.540669
v 9.775014 2.498151 -15.540670
v 9.775014 2.491267 -19.306908
v -8.475586 2.498151 -15.540669
v -9.775014 2.491267 -19.306908
v 9.775014 3.748806 -15.540670
v 9.775013 3.737707 -19.204306
v -8.475586 3.748806 -15.540670
v -9.775014 3.737707 -19.204308
v -9.775014 2.937770 -19.270155
v 9.775014 2.946163 -15.540670
v 9.775013 2.937770 -19.270155
v -8.475586 2.946163 -15.540670
v -9.672456 2.491267 -19.209795
v -9.677706 1.692446 -19.270315
v 9.677735 1.692444 -19.270287
v 9.674979 1.696628 -15.640635
v -8.575586 1.696628 -15.640670
v 9.675072 2.498151 -15.640729
v 9.672411 2.491271 -19.209839
v -8.575586 2.498151 -15.640670
v 9.674942 2.946163 -15.640599
v 9.675111 3.748806 -15.640767
v 9.677773 2.937765 -19.167742
v 9.672374 3.737713 -19.107273
v -8.575586 2.946163 -15.640671
v -8.575586 3.748806 -15.640671
v -9.672449 3.737707 -19.107201
v -9.677713 2.937770 -19.167803
v -9.775014 0.456138 19.474428
v -9.775014 14.419984 18.325001
v -8.475585 13.243759 15.540669
v -8.475585 0.456138 15.540669
v 9.775014 13.243759 15.540669
v 9.775014 0.456138 15.540669
v 9.775014 14.419992 18.324999
v 9.775014 0.456138 19.474428
v 9.775014 12.935539 15.540670
v 9.775014 12.505768 15.540669
v 9.775014 10.430696 15.540669
v 9.775013 10.005890 15.540669
v 9.775014 11.681625 15.540670
v 9.775014 11.257921 15.540669
v -9.775014 12.934492 18.447277
v -9.775014 12.506169 18.482534
v -9.775014 10.438092 18.652769
v -9.775014 10.014718 18.687616
v -9.775014 11.684805 18.550146
v -9.775014 11.262529 18.584904
v -8.475585 10.006312 15.540669
v -8.475584 10.431118 15.540668
v -8.475585 12.506189 15.540670
v -8.475585 12.935961 15.540669
v -8.475585 11.258343 15.540670
v -8.475584 11.682047 15.540669
v 9.775013 10.015060 18.687588
v 9.775014 10.438434 18.652737
v 9.775014 12.506511 18.482508
v 9.775014 12.934834 18.447250
v 9.775014 11.262870 18.584875
v 9.775014 11.685146 18.550117
v -9.775014 1.692446 19.372662
v 9.775014 1.696628 15.540670
v 9.775014 1.692446 19.372662
v -8.475586 1.696628 15.540669
v 9.775014 2.498151 15.540670
v 9.775014 2.491267 19.306908
v -8.475586 2.498151 15.540669
v -9.775014 2.491267 19.306908
v 9.775014 3.748806 15.540670
v 9.775013 3.737707 19.204306
v -8.475586 3.748806 15.540670
v -9.775014 3.737707 19.204308
v -9.775014 2.937770 19.270155
v 9.775014 2.946163 15.540670
v 9.775013 2.937770 19.270155
v -8.475586 2.946163 15.540670
v -9.672456 2.491267 19.209795
v -9.677706 1.692446 19.270315
v 9.677735 1.692444 19.270287
v 9.674979 1.696628 15.640635
v -8.575586 1.696628 15.640670
v 9.675072 2.498151 15.640729
v 9.672411 2.491271 19.209839
v -8.575586 2.498151 15.640670
v 9.674942 2.946163 15.640599
v 9.675111 3.748806 15.640767
v 9.677773 2.937765 19.167742
v 9.672374 3.737713 19.107273
v -8.575586 2.946163 15.640671
v -8.575586 3.748806 15.640671
v -9.672449 3.737707 19.107201
v -9.677713 2.937770 19.167803
vt -1.072625 1.824376
vt 2.035509 1.824376
vt 2.313942 1.941999
vt -1.351058 1.941999
vt -1.035509 1.347558
vt 2.072625 1.347558
vt 2.466001 1.477501
vt -1.428885 1.477501
vt -1.351058 1.477501
vt -1.351058 -0.477501
vt 2.313942 -0.477501
vt 2.313942 1.477501
vt -1.428885 -0.477501
vt -1.035509 -0.477501
vt 1.477501 1.626253
vt -0.477502 1.626287
vt -0.477502 1.543844
vt 1.477501 1.543809
vt 1.477501 1.625792
vt -0.347558 1.625834
vt -0.347558 1.543112
vt 1.477501 1.543070
vt -1.072625 1.793596
vt 2.035509 1.793596
vt 2.035509 1.824376
vt -1.072625 1.824376
vt -1.072625 1.750619
vt -1.072625 1.668205
vt 2.035509 1.668205
vt 2.035509 1.750619
vt -1.346719 1.543809
vt 2.383835 1.543809
vt 2.377048 1.626253
vt -1.339932 1.626253
vt 2.035509 1.793554
vt 2.326167 1.793483
vt 1.477501 1.750617
vt -0.477502 1.750651
vt -0.477502 1.668515
vt 1.477501 1.668481
vt 1.477501 1.750577
vt -0.347558 1.750619
vt -0.347558 1.668205
vt 1.477501 1.668162
vt -0.477502 1.941999
vt -0.477502 1.793483
vt 1.477501 1.793449
vt 1.477501 1.941998
vt -1.072625 1.625834
vt -1.072625 1.543112
vt 2.035509 1.543112
vt 2.035509 1.625834
vt -0.347558 1.793596
vt 1.477501 1.793554
vt 1.477501 1.824376
vt -0.347558 1.824376
vt 2.339930 1.626287
vt 2.035509 1.625792
vt 2.035509 1.543070
vt 2.346716 1.543843
vt 2.363286 1.793449
vt 2.351058 1.941998
vt -1.313942 1.941998
vt -1.326170 1.793449
vt -1.336457 1.668481
vt 2.373573 1.668480
vt 2.366811 1.750617
vt -1.329696 1.750617
vt 2.329693 1.750651
vt 2.035509 1.750577
vt 2.035509 1.668163
vt 2.336454 1.668515
vt -1.072625 0.669663
vt -1.072625 0.545614
vt 2.035509 0.545614
vt 2.035509 0.669663
vt -1.072625 1.500631
vt -1.072625 0.874881
vt 2.035509 0.874881
vt 2.035509 1.500631
vt 1.477501 0.545614
vt 1.477501 0.669245
vt -0.477502 0.669245
vt -0.477502 0.545614
vt 1.477501 0.873771
vt 1.477501 1.501472
vt -0.477502 1.501506
vt -0.477502 0.873771
vt 2.428885 0.545614
vt 2.418709 0.669245
vt 2.035509 0.669663
vt 2.035509 0.545614
vt 2.072625 1.347558
vt 2.082625 1.357558
vt -1.045509 1.357559
vt -1.035509 1.347559
vt -1.392162 1.467245
vt 2.429278 1.467245
vt 2.438988 1.477501
vt -1.401873 1.477501
vt 2.035509 0.874881
vt 2.401873 0.873771
vt 2.350201 1.501506
vt 2.035509 1.500589
vt -0.477501 1.500589
vt -0.477501 0.874881
vt 1.347559 0.874881
vt 1.347559 1.500631
vt 2.045509 1.357559
vt -1.082625 1.357559
vt -1.072625 1.347559
vt 2.035509 1.347558
vt 2.449249 0.749127
vt 2.445573 0.793777
vt -1.408458 0.793777
vt -1.412133 0.749127
vt -0.347559 0.794616
vt -0.347559 0.749815
vt 1.477501 0.749815
vt 1.477501 0.794616
vt 2.045509 1.357559
vt -1.082625 1.357559
vt -1.072625 1.347559
vt 2.035509 1.347558
vt -1.402422 1.467246
vt 2.439537 1.467246
vt 2.449249 1.477501
vt -1.412133 1.477501
vt 2.408458 -0.477501
vt 2.408458 1.477501
vt 2.398223 1.467771
vt 2.398216 -0.467777
vt 2.035509 -0.477501
vt 2.045506 -0.467498
vt -1.445573 1.477501
vt -1.435338 1.467771
vt -1.401873 -0.477501
vt -1.035509 -0.477501
vt -1.045519 -0.467511
vt -1.392170 -0.467237
vt -1.035509 -0.477501
vt -1.035509 1.347559
vt -1.045509 1.357559
vt -1.045515 -0.467507
vt 2.035509 -0.477501
vt 2.045502 -0.467494
vt 2.035509 0.749815
vt 2.412133 0.749127
vt 2.408458 0.793777
vt 2.035509 0.794616
vt 1.477501 0.749127
vt 1.477501 0.793777
vt -0.477502 0.793777
vt -0.477502 0.749127
vt -1.082625 0.749815
vt -1.082625 0.669663
vt 2.045509 0.669663
vt 2.045509 0.749815
vt 2.445589 0.669244
vt 2.439537 0.749127
vt -1.402422 0.749127
vt -1.408474 0.669245
vt -0.357559 0.749815
vt -0.357559 0.669663
vt 1.467498 0.669663
vt 1.467507 0.749815
vt 2.435338 0.793777
vt 2.429278 0.873770
vt -1.392162 0.873771
vt -1.398223 0.793777
vt 1.467770 0.669245
vt 1.467245 0.749127
vt -0.467241 0.749127
vt -0.467774 0.669244
vt 2.045506 0.669663
vt 2.408471 0.669244
vt 2.402426 0.749127
vt 2.045515 0.749815
vt -1.082625 0.874881
vt -1.082625 0.794616
vt 2.045509 0.794616
vt 2.045509 0.874881
vt 1.467771 0.793777
vt 1.467245 0.873771
vt -0.467238 0.873771
vt -0.467778 0.793777
vt 2.045502 0.794616
vt 2.398216 0.793777
vt 2.392170 0.873771
vt 2.045519 0.874881
vt 2.072625 1.347558
vt 2.082625 1.357559
vt -0.357559 0.874881
vt -0.357559 0.794616
vt 1.467494 0.794616
vt 1.467511 0.874881
vt -1.455824 1.477501
vt -1.445589 1.467771
vt 2.408474 1.467771
vt 2.418709 1.477501
vt -1.412133 -0.477501
vt -1.402426 -0.467241
vt -1.072625 0.794616
vt -1.072625 0.749815
vt 2.035509 0.749815
vt 2.035509 0.794616
vt 2.418709 -0.477501
vt 2.408471 -0.467774
vt -1.428885 0.545614
vt 2.466001 0.545614
vt 2.455824 0.669244
vt -1.418709 0.669245
vt -0.347559 0.669663
vt -0.347558 0.545614
vt 1.477501 0.545614
vt 1.477501 0.669663
vt 2.072625 -0.477501
vt 2.466001 -0.477501
vt -0.477501 1.626253
vt -0.477501 1.543809
vt 1.477501 1.543844
vt 1.477501 1.626287
vt -0.477501 1.625792
vt -0.477501 1.543070
vt 1.347558 1.543112
vt 1.347559 1.625834
vt -1.072625 1.793554
vt -1.363283 1.793483
vt -0.477501 1.750617
vt -0.477501 1.668481
vt 1.477501 1.668515
vt 1.477501 1.750651
vt -0.477501 1.750577
vt -0.477501 1.668162
vt 1.347558 1.668205
vt 1.347559 1.750619
vt 1.477501 1.941999
vt -0.477501 1.941998
vt -0.477501 1.793449
vt 1.477501 1.793483
vt 1.347559 1.793596
vt 1.347559 1.824376
vt -0.477501 1.824376
vt -0.477501 1.793554
vt -1.377045 1.626287
vt -1.383832 1.543843
vt -1.072625 1.543070
vt -1.072625 1.625792
vt -1.366809 1.750651
vt -1.373570 1.668515
vt -1.072625 1.668163
vt -1.072625 1.750577
vt 2.438988 0.873770
vt 2.387320 1.501472
vt -1.350204 1.501472
vt -1.401873 0.873771
vt -0.477501 0.545614
vt 1.477501 0.545614
vt 1.477501 0.669245
vt -0.477501 0.669245
vt -0.477501 0.873771
vt 1.477501 0.873771
vt 1.477501 1.501506
vt -0.477501 1.501472
vt -1.466001 0.545614
vt -1.072625 0.545614
vt -1.072625 0.669663
vt -1.455824 0.669245
vt -1.072625 0.874881
vt -1.072625 1.500589
vt -1.387317 1.501506
vt -1.438988 0.873771
vt 1.347559 0.794616
vt -0.477501 0.794616
vt -0.477501 0.749815
vt 1.347559 0.749815
vt -1.445573 -0.477501
vt -1.435332 -0.467777
vt -1.082621 -0.467498
vt -1.072625 -0.477501
vt 2.438988 -0.477501
vt 2.429285 -0.467238
vt 2.082634 -0.467511
vt 2.072625 -0.477502
vt 2.072625 -0.477501
vt 2.082631 -0.467507
vt -1.072625 -0.477501
vt -1.082618 -0.467494
vt -1.072625 0.749815
vt -1.072625 0.794616
vt -1.445573 0.793777
vt -1.449249 0.749127
vt -0.477501 0.749127
vt 1.477501 0.749127
vt 1.477501 0.793777
vt -0.477501 0.793777
vt 1.357559 0.749815
vt -0.467507 0.749815
vt -0.467498 0.669663
vt 1.357559 0.669663
vt -0.467771 0.669245
vt 1.467774 0.669244
vt 1.467241 0.749127
vt -0.467246 0.749127
vt -1.082621 0.669663
vt -1.082631 0.749815
vt -1.439542 0.749127
vt -1.445586 0.669244
vt -0.467771 0.793777
vt 1.467777 0.793777
vt 1.467237 0.873771
vt -0.467245 0.873771
vt -1.082618 0.794616
vt -1.082635 0.874881
vt -1.429285 0.873771
vt -1.435332 0.793777
vt 1.357559 0.874881
vt -0.467511 0.874881
vt -0.467494 0.794616
vt 1.357559 0.794616
vt 2.439542 -0.467241
vt 2.449249 -0.477501
vt -1.455824 -0.477501
vt -1.445586 -0.467773
vt 1.347559 0.669663
vt -0.477501 0.669663
vt -0.477501 0.545614
vt 1.347559 0.545614
vt 2.072625 -0.477502
vt 2.072625 1.347558
vt -1.035509 1.347558
vt -1.035509 -0.477501
vt -0.347558 1.500631
vt -0.347559 0.874881
vt 1.477501 0.874881
vt 1.477501 1.500589
vn 1.0000 0.0000 0.0000
vn 0.0000 -1.0000 0.0000
vn -0.0000 1.0000 0.0000
vn 0.0000 0.0820 -0.9966
vn -0.0000 0.0000 1.0000
vn -1.0000 -0.0000 0.0000
vn 0.0000 -0.0000 -1.0000
vn -0.0000 1.0000 -0.0001
vn 0.0000 1.0000 0.0001
vn -0.0000 1.0000 -0.0002
vn -0.0000 -1.0000 0.0001
vn -1.0000 0.0066 0.0000
vn 0.0000 0.0001 1.0000
vn -0.0000 0.0755 -0.9971
vn 1.0000 0.0033 0.0000
vn 0.0000 0.0820 0.9966
vn -0.0000 -1.0000 -0.0001
vn -0.0000 -1.0000 -0.0002
vn 0.0000 0.0001 -1.0000
vn -0.0000 0.0755 0.9971
vn -0.0000 1.0000 0.0002
usemtl sandstone_bricks
s 1
f 213/433/7 149/434/7 151/435/7 215/436/7
f 148/437/8 212/438/8 209/439/8 145/440/8
f 210/441/9 215/442/9 151/443/9 146/444/9
f 148/437/8 145/440/8 152/445/8 150/446/8
f 164/447/10 175/448/10 172/449/10 161/450/10
f 158/451/11 169/452/11 166/453/11 155/454/11
f 232/455/7 168/456/7 147/457/7 211/458/7
f 231/459/7 234/460/7 170/461/7 167/462/7
f 161/463/12 225/464/12 228/465/12 164/466/12
f 153/467/7 174/468/7 151/435/7 149/434/7
f 160/469/10 173/470/10 176/471/10 163/472/10
f 154/473/11 167/474/11 170/475/11 157/476/11
f 151/477/10 174/478/10 159/479/10 146/480/10
f 233/481/7 230/482/7 166/483/7 169/484/7
f 168/485/11 153/486/11 149/487/11 147/488/11
f 175/489/7 158/490/7 155/491/7 172/492/7
f 223/493/12 210/494/12 146/495/12 159/496/12
f 163/497/12 227/498/12 224/499/12 160/500/12
f 173/501/7 154/502/7 157/503/7 176/504/7
f 244/505/7 212/506/7 148/507/7 180/508/7
f 229/509/7 251/510/7 187/511/7 165/512/7
f 145/513/10 177/514/10 179/515/10 152/516/10
f 188/517/10 162/518/10 171/519/10 186/520/10
f 152/521/7 179/522/7 178/523/7 150/524/7
f 251/525/8 270/526/8 206/527/8 187/528/8
f 207/529/8 271/530/8 252/531/8 188/532/8
f 185/533/7 186/534/7 171/535/7 156/536/7
f 220/537/13 249/538/13 251/539/13 229/540/13
f 205/541/9 269/542/9 256/543/9 192/544/9
f 248/545/12 253/546/12 189/547/12 184/548/12
f 192/549/11 183/550/11 181/551/11 190/552/11
f 197/553/9 261/554/9 244/555/9 180/556/9
f 193/557/8 257/558/8 248/559/8 184/560/8
f 191/561/14 189/562/9 208/563/9 203/564/15
f 180/556/9 178/565/16 196/566/15 197/553/9
f 253/567/9 272/568/9 208/563/9 189/562/9
f 186/569/17 185/570/17 202/571/8 204/572/17
f 181/573/17 183/574/8 200/575/8 198/576/17
f 190/577/9 191/561/14 203/564/15 201/578/14
f 181/579/7 182/580/7 191/581/7 190/582/7
f 184/583/10 189/584/10 191/585/10 182/586/10
f 264/587/7 261/588/7 197/589/7 200/590/7
f 188/532/8 186/569/17 204/572/17 207/529/8
f 258/591/18 257/592/18 193/593/18 194/594/18
f 200/595/19 197/596/19 196/597/19 198/598/19
f 272/599/18 271/600/18 207/601/18 208/602/18
f 194/603/20 193/604/20 199/605/20 195/606/20
f 196/607/21 195/608/21 199/609/21 198/610/21
f 270/611/7 269/612/7 205/613/7 206/614/7
f 208/615/20 207/616/20 204/617/20 203/618/20
f 201/619/21 203/620/21 204/621/21 202/622/21
f 247/623/8 264/624/8 200/575/8 183/574/8
f 206/625/19 205/626/19 201/627/19 202/628/19
f 241/629/9 258/630/9 194/631/9 177/632/9
f 184/560/8 182/633/17 199/634/17 193/557/8
f 256/635/7 247/636/7 183/637/7 192/638/7
f 192/544/9 190/577/9 201/578/14 205/541/9
f 182/633/17 181/573/17 198/576/17 199/634/17
f 185/570/17 187/528/8 206/527/8 202/571/8
f 179/639/16 177/632/9 194/631/9 195/640/15
f 145/641/12 209/642/12 241/643/12 177/644/12
f 178/565/16 179/639/16 195/640/15 196/566/15
f 180/645/11 148/646/11 150/647/11 178/648/11
f 212/438/8 214/649/8 216/650/8 209/439/8
f 228/651/22 225/652/22 236/653/22 239/654/22
f 222/655/13 219/656/13 230/657/13 233/658/13
f 217/659/7 213/433/7 215/436/7 238/660/7
f 224/661/22 227/662/22 240/663/22 237/664/22
f 218/665/13 221/666/13 234/667/13 231/668/13
f 215/669/22 210/670/22 223/671/22 238/672/22
f 232/673/13 211/674/13 213/675/13 217/676/13
f 239/677/7 236/678/7 219/679/7 222/680/7
f 237/681/7 240/682/7 221/683/7 218/684/7
f 252/685/12 226/686/12 162/687/12 188/688/12
f 209/689/22 216/690/22 243/691/22 241/692/22
f 252/693/22 250/694/22 235/695/22 226/696/22
f 216/697/7 214/698/7 242/699/7 243/700/7
f 249/701/7 220/702/7 235/703/7 250/704/7
f 256/705/13 254/706/13 245/707/13 247/708/13
f 255/709/15 267/710/14 272/568/9 253/567/9
f 244/555/9 261/554/9 260/711/16 242/712/15
f 250/713/23 268/714/24 266/715/8 249/716/23
f 245/717/23 262/718/23 264/624/8 247/623/8
f 254/719/9 265/720/15 267/710/14 255/709/15
f 245/721/7 254/722/7 255/723/7 246/724/7
f 248/725/22 246/726/22 255/727/22 253/728/22
f 252/531/8 271/530/8 268/714/24 250/713/23
f 264/729/25 262/730/25 260/731/25 261/732/25
f 258/733/26 259/734/26 263/735/26 257/736/26
f 260/737/21 262/738/21 263/739/21 259/740/21
f 272/741/26 267/742/26 268/743/26 271/744/26
f 265/745/21 266/746/21 268/747/21 267/748/21
f 270/749/25 266/750/25 265/751/25 269/752/25
f 248/559/8 257/558/8 263/753/23 246/754/23
f 256/543/9 269/542/9 265/720/15 254/719/9
f 246/754/23 263/753/23 262/718/23 245/717/23
f 249/716/23 266/715/8 270/526/8 251/525/8
f 243/755/27 259/756/14 258/630/9 241/629/9
f 242/712/15 260/711/16 259/756/14 243/755/27
f 244/757/13 242/758/13 214/759/13 212/760/13
f 213/761/8 211/762/8 147/763/8 149/764/8
f 165/765/11 187/766/11 185/767/11 156/768/11
usemtl sandstone_color
f 232/455/7 231/459/7 167/462/7 168/456/7
f 170/461/7 234/460/7 233/481/7 169/484/7
f 166/483/7 230/482/7 229/509/7 165/512/7
f 160/500/12 224/499/12 223/493/12 159/496/12
f 228/465/12 227/498/12 163/497/12 164/466/12
f 226/686/12 225/464/12 161/463/12 162/687/12
f 174/468/7 153/467/7 154/502/7 173/501/7
f 158/490/7 175/489/7 176/504/7 157/503/7
f 156/536/7 171/535/7 172/492/7 155/491/7
f 159/479/10 174/478/10 173/470/10 160/469/10
f 175/448/10 164/447/10 163/472/10 176/471/10
f 171/519/10 162/518/10 161/450/10 172/449/10
f 153/486/11 168/485/11 167/474/11 154/473/11
f 169/452/11 158/451/11 157/476/11 170/475/11
f 165/765/11 156/768/11 155/454/11 166/453/11
f 238/660/7 237/681/7 218/684/7 217/659/7
f 222/680/7 221/683/7 240/682/7 239/677/7
f 220/702/7 219/679/7 236/678/7 235/703/7
f 223/671/22 224/661/22 237/664/22 238/672/22
f 239/654/22 240/663/22 227/662/22 228/651/22
f 235/695/22 236/653/22 225/652/22 226/696/22
f 217/676/13 218/665/13 231/668/13 232/673/13
f 233/658/13 234/667/13 221/666/13 222/655/13
f 229/540/13 230/657/13 219/656/13 220/537/13
o Cube.122_Cube.156
v 9.701683 0.456138 -3.582150
v 7.433046 0.456138 -3.582150
v 9.701683 1.107209 -3.582150
v 7.428898 6.315779 -3.582150
v 9.492613 6.315779 -3.582150
v 9.697754 6.623215 -3.582150
v 7.225046 6.623215 -3.582150
v 7.225046 7.528885 -3.582150
v 9.697754 7.528885 -3.582150
v 9.629547 6.315097 -3.582150
v 7.275315 6.315097 -3.582150
v 7.275315 6.626590 -3.582150
v 9.629547 6.626590 -3.582150
v 7.344595 7.532036 -3.582150
v 7.344595 7.843529 -3.582150
v 9.657683 7.532036 -3.582150
v 9.657683 7.843529 -3.582150
v 9.492613 1.107209 -3.582150
v 7.428898 1.107209 -3.582150
v 9.701683 0.456138 -7.034209
v 7.433046 0.456138 -7.034209
v 9.701683 1.107209 -7.034209
v 7.428898 6.315779 -7.034209
v 9.492613 6.315779 -7.034209
v 9.697754 6.623215 -7.034209
v 7.225046 6.623215 -7.034209
v 7.225046 7.528885 -7.034209
v 9.697754 7.528885 -7.034209
v 9.629547 6.315097 -7.034209
v 7.275315 6.315097 -7.034209
v 7.275315 6.626590 -7.034209
v 9.629547 6.626590 -7.034209
v 7.344595 7.532036 -7.034209
v 7.344595 7.843529 -7.034209
v 9.657683 7.532036 -7.034209
v 9.657683 7.843529 -7.034209
v 9.492613 1.107209 -7.034209
v 7.428898 1.107209 -7.034209
v 9.701683 0.456138 -7.832150
v 7.433046 0.456138 -7.832150
v 9.701683 1.107209 -7.832150
v 7.428898 6.315779 -7.832150
v 9.492613 6.315779 -7.832150
v 9.697754 6.623215 -7.832150
v 7.225046 6.623215 -7.832150
v 7.225046 7.528885 -7.832150
v 9.697754 7.528885 -7.832150
v 9.629547 6.315097 -7.832150
v 7.275315 6.315097 -7.832150
v 7.275315 6.626590 -7.832150
v 9.629547 6.626590 -7.832150
v 7.344595 7.532036 -7.832150
v 7.344595 7.843529 -7.832150
v 9.657683 7.532036 -7.832150
v 9.657683 7.843529 -7.832150
v 9.492613 1.107209 -7.832150
v 7.428898 1.107209 -7.832150
v 9.701683 0.456138 -11.284209
v 7.433046 0.456138 -11.284209
v 9.701683 1.107209 -11.284209
v 7.428898 6.315779 -11.284209
v 9.492613 6.315779 -11.284209
v 9.697754 6.623215 -11.284209
v 7.225046 6.623215 -11.284209
v 7.225046 7.528885 -11.284209
v 9.697754 7.528885 -11.284209
v 9.629547 6.315097 -11.284209
v 7.275315 6.315097 -11.284209
v 7.275315 6.626590 -11.284209
v 9.629547 6.626590 -11.284209
v 7.344595 7.532036 -11.284209
v 7.344595 7.843529 -11.284209
v 9.657683 7.532036 -11.284209
v 9.657683 7.843529 -11.284209
v 9.492613 1.107209 -11.284209
v 7.428898 1.107209 -11.284209
v 9.701683 0.456138 -12.082150
v 7.433046 0.456138 -12.082150
v 9.701683 1.107209 -12.082150
v 7.428898 6.315779 -12.082150
v 9.492613 6.315779 -12.082150
v 9.697754 6.623215 -12.082150
v 7.225046 6.623215 -12.082150
v 7.225046 7.528885 -12.082150
v 9.697754 7.528885 -12.082150
v 9.629547 6.315097 -12.082150
v 7.275315 6.315097 -12.082150
v 7.275315 6.626590 -12.082150
v 9.629547 6.626590 -12.082150
v 7.344595 7.532036 -12.082150
v 7.344595 7.843529 -12.082150
v 9.657683 7.532036 -12.082150
v 9.657683 7.843529 -12.082150
v 9.492613 1.107209 -12.082150
v 7.428898 1.107209 -12.082150
v 9.701683 0.456138 -15.534209
v 7.433046 0.456138 -15.534209
v 9.701683 1.107209 -15.534209
v 7.428898 6.315779 -15.534209
v 9.492613 6.315779 -15.534209
v 9.697754 6.623215 -15.534209
v 7.225046 6.623215 -15.534209
v 7.225046 7.528885 -15.534209
v 9.697754 7.528885 -15.534209
v 9.629547 6.315097 -15.534209
v 7.275315 6.315097 -15.534209
v 7.275315 6.626590 -15.534209
v 9.629547 6.626590 -15.534209
v 7.344595 7.532036 -15.534209
v 7.344595 7.843529 -15.534209
v 9.657683 7.532036 -15.534209
v 9.657683 7.843529 -15.534209
v 9.492613 1.107209 -15.534209
v 7.428898 1.107209 -15.534209
v 9.701683 0.456138 3.582150
v 7.433046 0.456138 3.582150
v 9.701683 1.107209 3.582150
v 7.428898 6.315779 3.582150
v 9.492613 6.315779 3.582150
v 9.697754 6.623215 3.582150
v 7.225046 6.623215 3.582150
v 7.225046 7.528885 3.582150
v 9.697754 7.528885 3.582150
v 9.629547 6.315097 3.582150
v 7.275315 6.315097 3.582150
v 7.275315 6.626590 3.582150
v 9.629547 6.626590 3.582150
v 7.344595 7.532036 3.582150
v 7.344595 7.843529 3.582150
v 9.657683 7.532036 3.582150
v 9.657683 7.843529 3.582150
v 9.492613 1.107209 3.582150
v 7.428898 1.107209 3.582150
v 9.701683 0.456138 7.034209
v 7.433046 0.456138 7.034209
v 9.701683 1.107209 7.034209
v 7.428898 6.315779 7.034209
v 9.492613 6.315779 7.034209
v 9.697754 6.623215 7.034209
v 7.225046 6.623215 7.034209
v 7.225046 7.528885 7.034209
v 9.697754 7.528885 7.034209
v 9.629547 6.315097 7.034209
v 7.275315 6.315097 7.034209
v 7.275315 6.626590 7.034209
v 9.629547 6.626590 7.034209
v 7.344595 7.532036 7.034209
v 7.344595 7.843529 7.034209
v 9.657683 7.532036 7.034209
v 9.657683 7.843529 7.034209
v 9.492613 1.107209 7.034209
v 7.428898 1.107209 7.034209
v 9.701683 0.456138 7.832150
v 7.433046 0.456138 7.832150
v 9.701683 1.107209 7.832150
v 7.428898 6.315779 7.832150
v 9.492613 6.315779 7.832150
v 9.697754 6.623215 7.832150
v 7.225046 6.623215 7.832150
v 7.225046 7.528885 7.832150
v 9.697754 7.528885 7.832150
v 9.629547 6.315097 7.832150
v 7.275315 6.315097 7.832150
v 7.275315 6.626590 7.832150
v 9.629547 6.626590 7.832150
v 7.344595 7.532036 7.832150
v 7.344595 7.843529 7.832150
v 9.657683 7.532036 7.832150
v 9.657683 7.843529 7.832150
v 9.492613 1.107209 7.832150
v 7.428898 1.107209 7.832150
v 9.701683 0.456138 11.284209
v 7.433046 0.456138 11.284209
v 9.701683 1.107209 11.284209
v 7.428898 6.315779 11.284209
v 9.492613 6.315779 11.284209
v 9.697754 6.623215 11.284209
v 7.225046 6.623215 11.284209
v 7.225046 7.528885 11.284209
v 9.697754 7.528885 11.284209
v 9.629547 6.315097 11.284209
v 7.275315 6.315097 11.284209
v 7.275315 6.626590 11.284209
v 9.629547 6.626590 11.284209
v 7.344595 7.532036 11.284209
v 7.344595 7.843529 11.284209
v 9.657683 7.532036 11.284209
v 9.657683 7.843529 11.284209
v 9.492613 1.107209 11.284209
v 7.428898 1.107209 11.284209
v 9.701683 0.456138 12.082150
v 7.433046 0.456138 12.082150
v 9.701683 1.107209 12.082150
v 7.428898 6.315779 12.082150
v 9.492613 6.315779 12.082150
v 9.697754 6.623215 12.082150
v 7.225046 6.623215 12.082150
v 7.225046 7.528885 12.082150
v 9.697754 7.528885 12.082150
v 9.629547 6.315097 12.082150
v 7.275315 6.315097 12.082150
v 7.275315 6.626590 12.082150
v 9.629547 6.626590 12.082150
v 7.344595 7.532036 12.082150
v 7.344595 7.843529 12.082150
v 9.657683 7.532036 12.082150
v 9.657683 7.843529 12.082150
v 9.492613 1.107209 12.082150
v 7.428898 1.107209 12.082150
v 9.701683 0.456138 15.534209
v 7.433046 0.456138 15.534209
v 9.701683 1.107209 15.534209
v 7.428898 6.315779 15.534209
v 9.492613 6.315779 15.534209
v 9.697754 6.623215 15.534209
v 7.225046 6.623215 15.534209
v 7.225046 7.528885 15.534209
v 9.697754 7.528885 15.534209
v 9.629547 6.315097 15.534209
v 7.275315 6.315097 15.534209
v 7.275315 6.626590 15.534209
v 9.629547 6.626590 15.534209
v 7.344595 7.532036 15.534209
v 7.344595 7.843529 15.534209
v 9.657683 7.532036 15.534209
v 9.657683 7.843529 15.534209
v 9.492613 1.107209 15.534209
v 7.428898 1.107209 15.534209
vt 1.234460 1.284353
vt 1.234460 1.253204
vt 1.465768 1.253204
vt 1.465768 1.284353
vt -0.234460 1.253204
vt -0.227532 1.162659
vt -0.222505 1.162322
vt -0.222505 1.252889
vt 1.470168 0.545614
vt 1.470168 0.610721
vt 1.449261 0.610721
vt 1.449261 1.131578
vt 1.462955 1.131510
vt 1.462955 1.162659
vt 1.242890 1.131578
vt 1.227531 1.162659
vt 1.227531 1.131510
vt 1.222505 1.252889
vt 1.222505 1.162322
vt -0.470168 0.545614
vt -0.449261 0.610721
vt -0.470168 0.610721
vt -0.234460 1.284353
vt -0.465768 1.284353
vt -0.465768 1.253204
vt -0.242890 1.131578
vt -0.462955 1.162659
vt -0.449261 1.131578
vt 1.469775 1.252889
vt 1.469775 1.162322
vt -0.462955 1.131510
vt -0.227532 1.131510
vt 1.242890 0.610721
vt 1.243305 0.545614
vt -0.469775 1.252889
vt -0.469775 1.162322
vt -0.242890 0.610721
vt -0.243305 0.545614
vt 0.160343 -0.462955
vt -0.184863 -0.462955
vt -0.184863 -0.469775
vt 0.160343 -0.469775
vt 0.839657 0.610721
vt 1.184863 0.610721
vt 1.184863 1.131578
vt 0.839657 1.131578
vt 0.160343 1.284353
vt -0.184863 1.284353
vt -0.184863 1.253204
vt 0.160343 1.253204
vt 0.160343 1.252889
vt -0.184863 1.252889
vt -0.184863 1.162322
vt 0.160343 1.162322
vt 0.160343 -0.449261
vt -0.184863 -0.449261
vt -0.184863 -0.462955
vt 0.160343 -0.462955
vt 0.839657 -0.234460
vt 1.184863 -0.234460
vt 1.184863 -0.222505
vt 0.839657 -0.222505
vt 0.839657 -0.465768
vt 1.184863 -0.465768
vt 1.184863 -0.234460
vt 0.839657 -0.234460
vt 0.160343 -0.222505
vt -0.184863 -0.222505
vt -0.184863 -0.227531
vt 0.160343 -0.227532
vt 0.839657 1.253204
vt 1.184863 1.253204
vt 1.184863 1.284353
vt 0.839657 1.284353
vt 0.839657 -0.469775
vt 1.184863 -0.469775
vt 1.184863 -0.465768
vt 0.839657 -0.465768
vt 0.160343 -0.243305
vt -0.184863 -0.243305
vt -0.184863 -0.470168
vt 0.160343 -0.470168
vt 0.160343 0.610721
vt -0.184863 0.610721
vt -0.184863 0.545614
vt 0.160343 0.545614
vt 0.839657 1.131510
vt 1.184863 1.131510
vt 1.184863 1.162659
vt 0.839657 1.162659
vt 0.839657 0.545614
vt 1.184863 0.545614
vt 1.184863 0.610721
vt 0.839657 0.610721
vt 0.839657 -0.470168
vt 1.184863 -0.470168
vt 1.184863 -0.449261
vt 0.839657 -0.449261
vt 0.160343 1.162659
vt -0.184863 1.162659
vt -0.184863 1.131510
vt 0.160343 1.131510
vt 0.839657 1.162322
vt 1.184863 1.162322
vt 1.184863 1.252889
vt 0.839657 1.252889
vt 0.160343 1.131578
vt -0.184863 1.131578
vt 0.160343 -0.227532
vt -0.184863 -0.227531
vt -0.184863 -0.242890
vt 0.160343 -0.242890
vt 1.234460 1.284353
vt 1.234460 1.253204
vt 1.465768 1.253204
vt 1.465768 1.284353
vt -0.234460 1.253204
vt -0.227532 1.162659
vt -0.222505 1.162322
vt -0.222505 1.252889
vt 1.470168 0.545614
vt 1.470168 0.610721
vt 1.449261 0.610721
vt 1.449261 1.131578
vt 1.462955 1.131510
vt 1.462955 1.162659
vt 1.242890 1.131578
vt 1.227531 1.162659
vt 1.227531 1.131510
vt 1.222505 1.252888
vt 1.222505 1.162321
vt -0.470168 0.545614
vt -0.449261 0.610721
vt -0.470168 0.610721
vt -0.234460 1.284353
vt -0.465768 1.284353
vt -0.465768 1.253204
vt -0.242890 1.131578
vt -0.462955 1.162659
vt -0.449261 1.131578
vt 1.469775 1.252888
vt 1.469775 1.162321
vt -0.462955 1.131510
vt -0.227532 1.131510
vt 1.242890 0.610721
vt 1.243305 0.545614
vt -0.469775 1.252889
vt -0.469775 1.162322
vt -0.242890 0.610721
vt -0.243305 0.545614
vt -0.264657 -0.462955
vt -0.609863 -0.462955
vt -0.609863 -0.469775
vt -0.264657 -0.469775
vt 1.264657 0.610721
vt 1.609863 0.610721
vt 1.609863 1.131578
vt 1.264657 1.131578
vt -0.264657 1.284353
vt -0.609863 1.284353
vt -0.609863 1.253204
vt -0.264657 1.253204
vt -0.264657 1.252889
vt -0.609863 1.252889
vt -0.609863 1.162322
vt -0.264657 1.162322
vt -0.264657 -0.449261
vt -0.609863 -0.449261
vt -0.609863 -0.462955
vt -0.264657 -0.462955
vt 1.264657 -0.234460
vt 1.609863 -0.234460
vt 1.609863 -0.222505
vt 1.264657 -0.222505
vt 1.264657 -0.465768
vt 1.609863 -0.465768
vt 1.609863 -0.234460
vt 1.264657 -0.234460
vt -0.264657 -0.222505
vt -0.609863 -0.222505
vt -0.609863 -0.227531
vt -0.264657 -0.227531
vt 1.264657 1.253204
vt 1.609863 1.253204
vt 1.609863 1.284353
vt 1.264657 1.284353
vt 1.264657 -0.469775
vt 1.609863 -0.469775
vt 1.609863 -0.465768
vt 1.264657 -0.465768
vt -0.264657 -0.243305
vt -0.609863 -0.243305
vt -0.609863 -0.470168
vt -0.264657 -0.470168
vt -0.264657 0.610721
vt -0.609863 0.610721
vt -0.609863 0.545614
vt -0.264657 0.545614
vt 1.264657 1.131510
vt 1.609863 1.131510
vt 1.609863 1.162659
vt 1.264657 1.162659
vt 1.264657 0.545614
vt 1.609863 0.545614
vt 1.609863 0.610721
vt 1.264657 0.610721
vt 1.264657 -0.470168
vt 1.609863 -0.470168
vt 1.609863 -0.449261
vt 1.264657 -0.449261
vt -0.264657 1.162659
vt -0.609863 1.162659
vt -0.609863 1.131510
vt -0.264657 1.131510
vt 1.264657 1.162322
vt 1.609863 1.162322
vt 1.609863 1.252889
vt 1.264657 1.252889
vt -0.264657 1.131578
vt -0.609863 1.131578
vt -0.264657 -0.227531
vt -0.609863 -0.227531
vt -0.609863 -0.242890
vt -0.264657 -0.242890
vt 1.234460 1.284353
vt 1.234460 1.253204
vt 1.465768 1.253204
vt 1.465768 1.284353
vt -0.234460 1.253204
vt -0.227532 1.162659
vt -0.222505 1.162322
vt -0.222505 1.252889
vt 1.470168 0.545614
vt 1.470168 0.610721
vt 1.449261 0.610721
vt 1.449261 1.131578
vt 1.462955 1.131510
vt 1.462955 1.162659
vt 1.242890 1.131578
vt 1.227531 1.162659
vt 1.227531 1.131510
vt 1.222505 1.252888
vt 1.222505 1.162321
vt -0.470168 0.545614
vt -0.449261 0.610721
vt -0.470168 0.610721
vt -0.234460 1.284353
vt -0.465768 1.284353
vt -0.465768 1.253204
vt -0.242890 1.131578
vt -0.462955 1.162659
vt -0.449261 1.131578
vt 1.469775 1.252888
vt 1.469775 1.162321
vt -0.462955 1.131510
vt -0.227532 1.131510
vt 1.242890 0.610721
vt 1.243305 0.545614
vt -0.469775 1.252889
vt -0.469775 1.162322
vt -0.242890 0.610721
vt -0.243305 0.545614
vt -0.689657 -0.462955
vt -1.034863 -0.462955
vt -1.034863 -0.469775
vt -0.689657 -0.469775
vt 1.689657 0.610721
vt 2.034863 0.610721
vt 2.034863 1.131578
vt 1.689657 1.131578
vt -0.689657 1.284353
vt -1.034863 1.284353
vt -1.034863 1.253204
vt -0.689657 1.253204
vt -0.689657 1.252889
vt -1.034863 1.252889
vt -1.034863 1.162322
vt -0.689657 1.162322
vt -0.689657 -0.449261
vt -1.034863 -0.449261
vt -1.034863 -0.462955
vt -0.689657 -0.462955
vt 1.689657 -0.234460
vt 2.034863 -0.234460
vt 2.034863 -0.222505
vt 1.689657 -0.222505
vt 1.689657 -0.465768
vt 2.034863 -0.465768
vt 2.034863 -0.234460
vt 1.689657 -0.234460
vt -0.689657 -0.222505
vt -1.034863 -0.222505
vt -1.034863 -0.227531
vt -0.689657 -0.227531
vt 1.689657 1.253204
vt 2.034863 1.253204
vt 2.034863 1.284353
vt 1.689657 1.284353
vt 1.689657 -0.469775
vt 2.034863 -0.469775
vt 2.034863 -0.465768
vt 1.689657 -0.465768
vt -0.689657 -0.243305
vt -1.034863 -0.243305
vt -1.034863 -0.470168
vt -0.689657 -0.470168
vt -0.689657 0.610721
vt -1.034863 0.610721
vt -1.034863 0.545614
vt -0.689657 0.545614
vt 1.689657 1.131510
vt 2.034863 1.131510
vt 2.034863 1.162659
vt 1.689657 1.162659
vt 1.689657 0.545614
vt 2.034863 0.545614
vt 2.034863 0.610721
vt 1.689657 0.610721
vt 1.689657 -0.470168
vt 2.034863 -0.470168
vt 2.034863 -0.449261
vt 1.689657 -0.449261
vt -0.689657 1.162659
vt -1.034863 1.162659
vt -1.034863 1.131510
vt -0.689657 1.131510
vt 1.689657 1.162322
vt 2.034863 1.162322
vt 2.034863 1.252889
vt 1.689657 1.252889
vt -0.689657 1.131578
vt -1.034863 1.131578
vt -0.689657 -0.227531
vt -1.034863 -0.227531
vt -1.034863 -0.242890
vt -0.689657 -0.242890
vt -0.234459 1.284353
vt -0.465768 1.284353
vt -0.465768 1.253204
vt -0.234459 1.253204
vt 1.234460 1.253204
vt 1.222505 1.252889
vt 1.222505 1.162322
vt 1.227531 1.162659
vt -0.470168 0.545614
vt -0.449261 0.610721
vt -0.470168 0.610721
vt -0.449261 1.131578
vt -0.462955 1.162659
vt -0.462955 1.131510
vt -0.242890 1.131578
vt -0.227531 1.162659
vt -0.227531 1.131510
vt -0.222505 1.162322
vt -0.222505 1.252889
vt 1.470168 0.545614
vt 1.470168 0.610721
vt 1.449261 0.610721
vt 1.234460 1.284353
vt 1.465768 1.253204
vt 1.465768 1.284353
vt 1.242890 1.131578
vt 1.449261 1.131578
vt 1.462955 1.162659
vt -0.469775 1.252889
vt -0.469775 1.162322
vt 1.462955 1.131510
vt 1.227531 1.131510
vt -0.242890 0.610721
vt -0.243305 0.545614
vt 1.469775 1.252889
vt 1.469775 1.162322
vt 1.242890 0.610721
vt 1.243305 0.545614
vt 0.876773 -0.462955
vt 0.876773 -0.469775
vt 1.221979 -0.469775
vt 1.221979 -0.462955
vt 0.123227 0.610721
vt 0.123227 1.131578
vt -0.221979 1.131578
vt -0.221979 0.610721
vt 0.876773 1.284353
vt 0.876773 1.253204
vt 1.221979 1.253204
vt 1.221979 1.284353
vt 0.876773 1.252889
vt 0.876773 1.162322
vt 1.221979 1.162321
vt 1.221979 1.252888
vt 0.876773 -0.449261
vt 0.876773 -0.462955
vt 1.221979 -0.462955
vt 1.221979 -0.449261
vt 0.123227 -0.234460
vt 0.123227 -0.222505
vt -0.221979 -0.222505
vt -0.221979 -0.234459
vt 0.123227 -0.465768
vt 0.123227 -0.234460
vt -0.221979 -0.234459
vt -0.221979 -0.465768
vt 0.876773 -0.222505
vt 0.876773 -0.227532
vt 1.221979 -0.227532
vt 1.221979 -0.222505
vt 0.123227 1.253204
vt 0.123227 1.284353
vt -0.221979 1.284353
vt -0.221979 1.253204
vt 0.123227 -0.469775
vt 0.123227 -0.465768
vt -0.221979 -0.465768
vt -0.221979 -0.469775
vt 0.876773 -0.243305
vt 0.876773 -0.470168
vt 1.221979 -0.470168
vt 1.221979 -0.243305
vt 0.876773 0.610721
vt 0.876773 0.545614
vt 1.221979 0.545614
vt 1.221979 0.610721
vt 0.123227 1.131510
vt 0.123227 1.162659
vt -0.221979 1.162659
vt -0.221979 1.131510
vt 0.123227 0.545614
vt 0.123227 0.610721
vt -0.221979 0.610721
vt -0.221979 0.545614
vt 0.123227 -0.470168
vt 0.123227 -0.449261
vt -0.221979 -0.449261
vt -0.221979 -0.470168
vt 0.876773 1.162659
vt 0.876773 1.131510
vt 1.221979 1.131510
vt 1.221979 1.162659
vt 0.123227 1.162322
vt 0.123227 1.252889
vt -0.221979 1.252889
vt -0.221979 1.162322
vt 0.876773 1.131578
vt 1.221979 1.131578
vt 0.876773 -0.227532
vt 0.876773 -0.242890
vt 1.221979 -0.242890
vt 1.221979 -0.227532
vt -0.234459 1.284353
vt -0.465768 1.284353
vt -0.465768 1.253204
vt -0.234459 1.253204
vt 1.234460 1.253204
vt 1.222505 1.252889
vt 1.222505 1.162322
vt 1.227531 1.162659
vt -0.470168 0.545614
vt -0.449261 0.610721
vt -0.470168 0.610721
vt -0.449261 1.131578
vt -0.462955 1.162659
vt -0.462955 1.131510
vt -0.242890 1.131578
vt -0.227531 1.162659
vt -0.227531 1.131510
vt -0.222505 1.162321
vt -0.222505 1.252888
vt 1.470168 0.545614
vt 1.470168 0.610721
vt 1.449261 0.610721
vt 1.234460 1.284353
vt 1.465768 1.253204
vt 1.465768 1.284353
vt 1.242890 1.131578
vt 1.449261 1.131578
vt 1.462955 1.162659
vt -0.469775 1.252888
vt -0.469775 1.162321
vt 1.462955 1.131510
vt 1.227531 1.131510
vt -0.242890 0.610721
vt -0.243305 0.545614
vt 1.469775 1.252889
vt 1.469775 1.162322
vt 1.242890 0.610721
vt 1.243305 0.545614
vt 1.301773 -0.462955
vt 1.301773 -0.469775
vt 1.646979 -0.469775
vt 1.646979 -0.462955
vt -0.301773 0.610721
vt -0.301773 1.131578
vt -0.646979 1.131578
vt -0.646979 0.610721
vt 1.301773 1.284353
vt 1.301773 1.253204
vt 1.646979 1.253204
vt 1.646979 1.284353
vt 1.301773 1.252888
vt 1.301773 1.162321
vt 1.646979 1.162321
vt 1.646979 1.252888
vt 1.301773 -0.449261
vt 1.301773 -0.462955
vt 1.646979 -0.462955
vt 1.646979 -0.449261
vt -0.301773 -0.234459
vt -0.301773 -0.222505
vt -0.646979 -0.222505
vt -0.646979 -0.234459
vt -0.301773 -0.465768
vt -0.301773 -0.234459
vt -0.646979 -0.234459
vt -0.646979 -0.465768
vt 1.301773 -0.222505
vt 1.301773 -0.227532
vt 1.646979 -0.227532
vt 1.646979 -0.222505
vt -0.301773 1.253204
vt -0.301773 1.284353
vt -0.646979 1.284353
vt -0.646979 1.253204
vt -0.301773 -0.469775
vt -0.301773 -0.465768
vt -0.646979 -0.465768
vt -0.646979 -0.469775
vt 1.301773 -0.243305
vt 1.301773 -0.470168
vt 1.646979 -0.470168
vt 1.646979 -0.243305
vt 1.301773 0.610721
vt 1.301773 0.545614
vt 1.646979 0.545614
vt 1.646979 0.610721
vt -0.301773 1.131510
vt -0.301773 1.162659
vt -0.646979 1.162659
vt -0.646979 1.131510
vt -0.301773 0.545614
vt -0.301773 0.610721
vt -0.646979 0.610721
vt -0.646979 0.545614
vt -0.301773 -0.470168
vt -0.301773 -0.449261
vt -0.646979 -0.449261
vt -0.646979 -0.470168
vt 1.301773 1.162659
vt 1.301773 1.131510
vt 1.646979 1.131510
vt 1.646979 1.162659
vt -0.301773 1.162322
vt -0.301773 1.252889
vt -0.646979 1.252889
vt -0.646979 1.162322
vt 1.301773 1.131578
vt 1.646979 1.131578
vt 1.301773 -0.227532
vt 1.301773 -0.242890
vt 1.646979 -0.242890
vt 1.646979 -0.227532
vt -0.234459 1.284353
vt -0.465768 1.284353
vt -0.465768 1.253204
vt -0.234459 1.253204
vt 1.234460 1.253204
vt 1.222505 1.252889
vt 1.222505 1.162322
vt 1.227531 1.162659
vt -0.470168 0.545614
vt -0.449261 0.610721
vt -0.470168 0.610721
vt -0.449261 1.131578
vt -0.462955 1.162659
vt -0.462955 1.131510
vt -0.242890 1.131578
vt -0.227531 1.162659
vt -0.227531 1.131510
vt -0.222504 1.162321
vt -0.222504 1.252888
vt 1.470168 0.545614
vt 1.470168 0.610721
vt 1.449261 0.610721
vt 1.234460 1.284353
vt 1.465768 1.253204
vt 1.465768 1.284353
vt 1.242890 1.131578
vt 1.449261 1.131578
vt 1.462955 1.162659
vt -0.469775 1.252888
vt -0.469775 1.162321
vt 1.462955 1.131510
vt 1.227531 1.131510
vt -0.242890 0.610721
vt -0.243305 0.545614
vt 1.469775 1.252889
vt 1.469775 1.162322
vt 1.242890 0.610721
vt 1.243305 0.545614
vt 1.726773 -0.462955
vt 1.726773 -0.469775
vt 2.071979 -0.469775
vt 2.071979 -0.462955
vt -0.726773 0.610721
vt -0.726773 1.131578
vt -1.071979 1.131578
vt -1.071979 0.610721
vt 1.726773 1.284353
vt 1.726773 1.253204
vt 2.071979 1.253204
vt 2.071979 1.284353
vt 1.726773 1.252888
vt 1.726773 1.162321
vt 2.071979 1.162321
vt 2.071979 1.252888
vt 1.726773 -0.449261
vt 1.726773 -0.462955
vt 2.071979 -0.462955
vt 2.071979 -0.449261
vt -0.726773 -0.234459
vt -0.726773 -0.222505
vt -1.071979 -0.222505
vt -1.071979 -0.234459
vt -0.726773 -0.465768
vt -0.726773 -0.234459
vt -1.071979 -0.234459
vt -1.071979 -0.465768
vt 1.726773 -0.222505
vt 1.726773 -0.227532
vt 2.071979 -0.227532
vt 2.071979 -0.222505
vt -0.726773 1.253204
vt -0.726773 1.284353
vt -1.071979 1.284353
vt -1.071979 1.253204
vt -0.726773 -0.469775
vt -0.726773 -0.465768
vt -1.071979 -0.465768
vt -1.071979 -0.469775
vt 1.726773 -0.243305
vt 1.726773 -0.470168
vt 2.071979 -0.470168
vt 2.071979 -0.243305
vt 1.726773 0.610721
vt 1.726773 0.545614
vt 2.071979 0.545614
vt 2.071979 0.610721
vt -0.726773 1.131510
vt -0.726773 1.162659
vt -1.071979 1.162659
vt -1.071979 1.131510
vt -0.726773 0.545614
vt -0.726773 0.610721
vt -1.071979 0.610721
vt -1.071979 0.545614
vt -0.726773 -0.470168
vt -0.726773 -0.449261
vt -1.071979 -0.449261
vt -1.071979 -0.470168
vt 1.726773 1.162659
vt 1.726773 1.131510
vt 2.071979 1.131510
vt 2.071979 1.162659
vt -0.726773 1.162322
vt -0.726773 1.252889
vt -1.071979 1.252889
vt -1.071979 1.162322
vt 1.726773 1.131578
vt 2.071979 1.131578
vt 1.726773 -0.227532
vt 1.726773 -0.242890
vt 2.071979 -0.242890
vt 2.071979 -0.227532
vn 0.0000 0.0000 1.0000
vn 0.0000 0.0000 -1.0000
vn -0.0494 -0.9988 0.0000
vn 1.0000 0.0000 0.0000
vn -1.0000 0.0000 0.0000
vn -0.0050 -1.0000 0.0000
vn -0.0263 0.9997 0.0000
vn 0.0000 1.0000 0.0000
vn 0.0670 -0.9978 0.0000
vn 0.0784 0.9969 0.0000
vn 0.0000 -1.0000 0.0000
vn -1.0000 -0.0064 0.0000
vn 0.0044 -1.0000 0.0000
usemtl sandstone_bricks
s off
f 287/769/28 286/770/28 288/771/28 289/772/28
f 305/773/29 303/774/29 298/775/29 299/776/29
f 273/777/28 275/778/28 290/779/28
f 277/780/28 282/781/28 285/782/28
f 276/783/28 277/780/28 285/782/28 284/784/28
f 284/784/28 283/785/28 276/783/28
f 286/770/28 280/786/28 279/787/28 284/784/28
f 292/788/29 309/789/29 294/790/29
f 284/784/28 285/782/28 288/771/28 286/770/28
f 306/791/29 308/792/29 307/793/29 305/773/29
f 295/794/29 303/774/29 304/795/29 296/796/29
f 281/797/28 288/771/28 285/782/28 278/798/28
f 296/796/29 304/795/29 301/799/29
f 303/774/29 295/794/29 302/800/29
f 276/783/28 291/801/28 290/779/28 277/780/28
f 274/802/28 273/777/28 290/779/28 291/801/28
f 303/774/29 305/773/29 307/793/29 304/795/29
f 300/803/29 297/804/29 304/795/29 307/793/29
f 295/794/29 296/796/29 309/789/29 310/805/29
f 293/806/29 310/805/29 309/789/29 292/788/29
f 285/807/30 304/808/30 297/809/30 278/810/30
f 290/811/31 309/812/31 296/813/31 277/814/31
f 287/815/32 306/816/32 305/817/32 286/818/32
f 280/819/32 299/820/32 298/821/32 279/822/32
f 277/823/33 296/824/33 301/825/33 282/826/33
f 286/827/34 305/828/34 299/829/34 280/830/34
f 289/831/35 308/832/35 306/833/35 287/834/35
f 279/835/36 298/836/36 303/837/36 284/838/36
f 288/839/31 307/840/31 308/841/31 289/842/31
f 281/843/37 300/844/37 307/845/37 288/846/37
f 274/847/38 293/848/38 292/849/38 273/850/38
f 291/851/39 310/852/39 293/853/39 274/854/39
f 282/855/31 301/856/31 304/857/31 285/858/31
f 273/859/31 292/860/31 294/861/31 275/862/31
f 275/863/35 294/864/35 309/865/35 290/866/35
f 284/867/32 303/868/32 302/869/32 283/870/32
f 278/871/31 297/872/31 300/873/31 281/874/31
f 276/875/32 295/876/32 310/852/32 291/851/32
f 283/877/40 302/878/40 295/879/40 276/880/40
f 325/881/28 324/882/28 326/883/28 327/884/28
f 343/885/29 341/886/29 336/887/29 337/888/29
f 311/889/28 313/890/28 328/891/28
f 315/892/28 320/893/28 323/894/28
f 314/895/28 315/892/28 323/894/28 322/896/28
f 322/896/28 321/897/28 314/895/28
f 324/882/28 318/898/28 317/899/28 322/896/28
f 330/900/29 347/901/29 332/902/29
f 322/896/28 323/894/28 326/883/28 324/882/28
f 344/903/29 346/904/29 345/905/29 343/885/29
f 333/906/29 341/886/29 342/907/29 334/908/29
f 319/909/28 326/883/28 323/894/28 316/910/28
f 334/908/29 342/907/29 339/911/29
f 341/886/29 333/906/29 340/912/29
f 314/895/28 329/913/28 328/891/28 315/892/28
f 312/914/28 311/889/28 328/891/28 329/913/28
f 341/886/29 343/885/29 345/905/29 342/907/29
f 338/915/29 335/916/29 342/907/29 345/905/29
f 333/906/29 334/908/29 347/901/29 348/917/29
f 331/918/29 348/917/29 347/901/29 330/900/29
f 323/919/30 342/920/30 335/921/30 316/922/30
f 328/923/31 347/924/31 334/925/31 315/926/31
f 325/927/32 344/928/32 343/929/32 324/930/32
f 318/931/32 337/932/32 336/933/32 317/934/32
f 315/935/33 334/936/33 339/937/33 320/938/33
f 324/939/34 343/940/34 337/941/34 318/942/34
f 327/943/35 346/944/35 344/945/35 325/946/35
f 317/947/36 336/948/36 341/949/36 322/950/36
f 326/951/31 345/952/31 346/953/31 327/954/31
f 319/955/37 338/956/37 345/957/37 326/958/37
f 312/959/38 331/960/38 330/961/38 311/962/38
f 329/963/39 348/964/39 331/965/39 312/966/39
f 320/967/31 339/968/31 342/969/31 323/970/31
f 311/971/31 330/972/31 332/973/31 313/974/31
f 313/975/35 332/976/35 347/977/35 328/978/35
f 322/979/32 341/980/32 340/981/32 321/982/32
f 316/983/31 335/984/31 338/985/31 319/986/31
f 314/987/32 333/988/32 348/964/32 329/963/32
f 321/989/40 340/990/40 333/991/40 314/992/40
f 363/993/28 362/994/28 364/995/28 365/996/28
f 381/997/29 379/998/29 374/999/29 375/1000/29
f 349/1001/28 351/1002/28 366/1003/28
f 353/1004/28 358/1005/28 361/1006/28
f 352/1007/28 353/1004/28 361/1006/28 360/1008/28
f 360/1008/28 359/1009/28 352/1007/28
f 362/994/28 356/1010/28 355/1011/28 360/1008/28
f 368/1012/29 385/1013/29 370/1014/29
f 360/1008/28 361/1006/28 364/995/28 362/994/28
f 382/1015/29 384/1016/29 383/1017/29 381/997/29
f 371/1018/29 379/998/29 380/1019/29 372/1020/29
f 357/1021/28 364/995/28 361/1006/28 354/1022/28
f 372/1020/29 380/1019/29 377/1023/29
f 379/998/29 371/1018/29 378/1024/29
f 352/1007/28 367/1025/28 366/1003/28 353/1004/28
f 350/1026/28 349/1001/28 366/1003/28 367/1025/28
f 379/998/29 381/997/29 383/1017/29 380/1019/29
f 376/1027/29 373/1028/29 380/1019/29 383/1017/29
f 371/1018/29 372/1020/29 385/1013/29 386/1029/29
f 369/1030/29 386/1029/29 385/1013/29 368/1012/29
f 361/1031/30 380/1032/30 373/1033/30 354/1034/30
f 366/1035/31 385/1036/31 372/1037/31 353/1038/31
f 363/1039/32 382/1040/32 381/1041/32 362/1042/32
f 356/1043/32 375/1044/32 374/1045/32 355/1046/32
f 353/1047/33 372/1048/33 377/1049/33 358/1050/33
f 362/1051/34 381/1052/34 375/1053/34 356/1054/34
f 365/1055/35 384/1056/35 382/1057/35 363/1058/35
f 355/1059/36 374/1060/36 379/1061/36 360/1062/36
f 364/1063/31 383/1064/31 384/1065/31 365/1066/31
f 357/1067/37 376/1068/37 383/1069/37 364/1070/37
f 350/1071/38 369/1072/38 368/1073/38 349/1074/38
f 367/1075/39 386/1076/39 369/1077/39 350/1078/39
f 358/1079/31 377/1080/31 380/1081/31 361/1082/31
f 349/1083/31 368/1084/31 370/1085/31 351/1086/31
f 351/1087/35 370/1088/35 385/1089/35 366/1090/35
f 360/1091/32 379/1092/32 378/1093/32 359/1094/32
f 354/1095/31 373/1096/31 376/1097/31 357/1098/31
f 352/1099/32 371/1100/32 386/1076/32 367/1075/32
f 359/1101/40 378/1102/40 371/1103/40 352/1104/40
f 401/1105/29 403/1106/29 402/1107/29 400/1108/29
f 419/1109/28 413/1110/28 412/1111/28 417/1112/28
f 387/1113/29 404/1114/29 389/1115/29
f 391/1116/29 399/1117/29 396/1118/29
f 390/1119/29 398/1120/29 399/1117/29 391/1116/29
f 398/1120/29 390/1119/29 397/1121/29
f 400/1108/29 398/1120/29 393/1122/29 394/1123/29
f 406/1124/28 408/1125/28 423/1126/28
f 398/1120/29 400/1108/29 402/1107/29 399/1117/29
f 420/1127/28 419/1109/28 421/1128/28 422/1129/28
f 409/1130/28 410/1131/28 418/1132/28 417/1112/28
f 395/1133/29 392/1134/29 399/1117/29 402/1107/29
f 410/1131/28 415/1135/28 418/1132/28
f 417/1112/28 416/1136/28 409/1130/28
f 390/1119/29 391/1116/29 404/1114/29 405/1137/29
f 388/1138/29 405/1137/29 404/1114/29 387/1113/29
f 417/1112/28 418/1132/28 421/1128/28 419/1109/28
f 414/1139/28 421/1128/28 418/1132/28 411/1140/28
f 409/1130/28 424/1141/28 423/1126/28 410/1131/28
f 407/1142/28 406/1124/28 423/1126/28 424/1141/28
f 399/1143/30 392/1144/30 411/1145/30 418/1146/30
f 404/1147/31 391/1148/31 410/1149/31 423/1150/31
f 401/1151/32 400/1152/32 419/1153/32 420/1154/32
f 394/1155/32 393/1156/32 412/1157/32 413/1158/32
f 391/1159/33 396/1160/33 415/1161/33 410/1162/33
f 400/1163/34 394/1164/34 413/1165/34 419/1166/34
f 403/1167/35 401/1168/35 420/1169/35 422/1170/35
f 393/1171/36 398/1172/36 417/1173/36 412/1174/36
f 402/1175/31 403/1176/31 422/1177/31 421/1178/31
f 395/1179/37 402/1180/37 421/1181/37 414/1182/37
f 388/1183/38 387/1184/38 406/1185/38 407/1186/38
f 405/1187/39 388/1188/39 407/1189/39 424/1190/39
f 396/1191/31 399/1192/31 418/1193/31 415/1194/31
f 387/1195/31 389/1196/31 408/1197/31 406/1198/31
f 389/1199/35 404/1200/35 423/1201/35 408/1202/35
f 398/1203/32 397/1204/32 416/1205/32 417/1206/32
f 392/1207/31 395/1208/31 414/1209/31 411/1210/31
f 390/1211/32 405/1187/32 424/1190/32 409/1212/32
f 397/1213/40 390/1214/40 409/1215/40 416/1216/40
f 439/1217/29 441/1218/29 440/1219/29 438/1220/29
f 457/1221/28 451/1222/28 450/1223/28 455/1224/28
f 425/1225/29 442/1226/29 427/1227/29
f 429/1228/29 437/1229/29 434/1230/29
f 428/1231/29 436/1232/29 437/1229/29 429/1228/29
f 436/1232/29 428/1231/29 435/1233/29
f 438/1220/29 436/1232/29 431/1234/29 432/1235/29
f 444/1236/28 446/1237/28 461/1238/28
f 436/1232/29 438/1220/29 440/1219/29 437/1229/29
f 458/1239/28 457/1221/28 459/1240/28 460/1241/28
f 447/1242/28 448/1243/28 456/1244/28 455/1224/28
f 433/1245/29 430/1246/29 437/1229/29 440/1219/29
f 448/1243/28 453/1247/28 456/1244/28
f 455/1224/28 454/1248/28 447/1242/28
f 428/1231/29 429/1228/29 442/1226/29 443/1249/29
f 426/1250/29 443/1249/29 442/1226/29 425/1225/29
f 455/1224/28 456/1244/28 459/1240/28 457/1221/28
f 452/1251/28 459/1240/28 456/1244/28 449/1252/28
f 447/1242/28 462/1253/28 461/1238/28 448/1243/28
f 445/1254/28 444/1236/28 461/1238/28 462/1253/28
f 437/1255/30 430/1256/30 449/1257/30 456/1258/30
f 442/1259/31 429/1260/31 448/1261/31 461/1262/31
f 439/1263/32 438/1264/32 457/1265/32 458/1266/32
f 432/1267/32 431/1268/32 450/1269/32 451/1270/32
f 429/1271/33 434/1272/33 453/1273/33 448/1274/33
f 438/1275/34 432/1276/34 451/1277/34 457/1278/34
f 441/1279/35 439/1280/35 458/1281/35 460/1282/35
f 431/1283/36 436/1284/36 455/1285/36 450/1286/36
f 440/1287/31 441/1288/31 460/1289/31 459/1290/31
f 433/1291/37 440/1292/37 459/1293/37 452/1294/37
f 426/1295/38 425/1296/38 444/1297/38 445/1298/38
f 443/1299/39 426/1300/39 445/1301/39 462/1302/39
f 434/1303/31 437/1304/31 456/1305/31 453/1306/31
f 425/1307/31 427/1308/31 446/1309/31 444/1310/31
f 427/1311/35 442/1312/35 461/1313/35 446/1314/35
f 436/1315/32 435/1316/32 454/1317/32 455/1318/32
f 430/1319/31 433/1320/31 452/1321/31 449/1322/31
f 428/1323/32 443/1299/32 462/1302/32 447/1324/32
f 435/1325/40 428/1326/40 447/1327/40 454/1328/40
f 477/1329/29 479/1330/29 478/1331/29 476/1332/29
f 495/1333/28 489/1334/28 488/1335/28 493/1336/28
f 463/1337/29 480/1338/29 465/1339/29
f 467/1340/29 475/1341/29 472/1342/29
f 466/1343/29 474/1344/29 475/1341/29 467/1340/29
f 474/1344/29 466/1343/29 473/1345/29
f 476/1332/29 474/1344/29 469/1346/29 470/1347/29
f 482/1348/28 484/1349/28 499/1350/28
f 474/1344/29 476/1332/29 478/1331/29 475/1341/29
f 496/1351/28 495/1333/28 497/1352/28 498/1353/28
f 485/1354/28 486/1355/28 494/1356/28 493/1336/28
f 471/1357/29 468/1358/29 475/1341/29 478/1331/29
f 486/1355/28 491/1359/28 494/1356/28
f 493/1336/28 492/1360/28 485/1354/28
f 466/1343/29 467/1340/29 480/1338/29 481/1361/29
f 464/1362/29 481/1361/29 480/1338/29 463/1337/29
f 493/1336/28 494/1356/28 497/1352/28 495/1333/28
f 490/1363/28 497/1352/28 494/1356/28 487/1364/28
f 485/1354/28 500/1365/28 499/1350/28 486/1355/28
f 483/1366/28 482/1348/28 499/1350/28 500/1365/28
f 475/1367/30 468/1368/30 487/1369/30 494/1370/30
f 480/1371/31 467/1372/31 486/1373/31 499/1374/31
f 477/1375/32 476/1376/32 495/1377/32 496/1378/32
f 470/1379/32 469/1380/32 488/1381/32 489/1382/32
f 467/1383/33 472/1384/33 491/1385/33 486/1386/33
f 476/1387/34 470/1388/34 489/1389/34 495/1390/34
f 479/1391/35 477/1392/35 496/1393/35 498/1394/35
f 469/1395/36 474/1396/36 493/1397/36 488/1398/36
f 478/1399/31 479/1400/31 498/1401/31 497/1402/31
f 471/1403/37 478/1404/37 497/1405/37 490/1406/37
f 464/1407/38 463/1408/38 482/1409/38 483/1410/38
f 481/1411/39 464/1412/39 483/1413/39 500/1414/39
f 472/1415/31 475/1416/31 494/1417/31 491/1418/31
f 463/1419/31 465/1420/31 484/1421/31 482/1422/31
f 465/1423/35 480/1424/35 499/1425/35 484/1426/35
f 474/1427/32 473/1428/32 492/1429/32 493/1430/32
f 468/1431/31 471/1432/31 490/1433/31 487/1434/31
f 466/1435/32 481/1411/32 500/1414/32 485/1436/32
f 473/1437/40 466/1438/40 485/1439/40 492/1440/40
o Cube.123_Cube.157
v -10.297956 0.000000 19.816553
v -10.211514 0.456139 19.718639
v -10.297956 0.000000 -19.816553
v -10.211514 0.456139 -19.718639
v 10.297956 0.000000 19.816553
v 10.211514 0.456139 19.718639
v 10.297956 0.000000 -19.816553
v 10.211514 0.456139 -19.718639
vt 2.500213 0.500000
vt 2.490422 0.545614
vt -1.453306 0.545614
vt -1.463098 0.500000
vt 1.529796 0.500000
vt 1.521151 0.545614
vt -0.521152 0.545614
vt -0.529796 0.500000
vt 2.463098 0.500000
vt 2.453306 0.545614
vt -1.490422 0.545614
vt -1.500213 0.500000
vt 1.529796 0.500000
vt 1.521151 0.545614
vt -0.521151 0.545614
vt -0.529796 0.500000
vt -1.463098 1.529796
vt -1.463098 -0.529796
vt 2.500213 -0.529796
vt 2.500213 1.529796
vt 2.453306 -0.521152
vt 2.453306 1.521151
vt -1.490422 1.521152
vt -1.490422 -0.521151
vn -0.9825 0.1862 0.0000
vn 0.0000 0.2099 -0.9777
vn 0.9825 0.1862 0.0000
vn 0.0000 0.2099 0.9777
vn 0.0000 -1.0000 0.0000
vn 0.0000 1.0000 0.0000
usemtl sandstone_bricks
s 1
f 501/1441/41 502/1442/41 504/1443/41 503/1444/41
f 503/1445/42 504/1446/42 508/1447/42 507/1448/42
f 507/1449/43 508/1450/43 506/1451/43 505/1452/43
f 505/1453/44 506/1454/44 502/1455/44 501/1456/44
f 503/1457/45 507/1458/45 505/1459/45 501/1460/45
f 508/1461/46 504/1462/46 502/1463/46 506/1464/46
o Cube.124_Cube.158
v 8.522470 16.008841 -17.122639
v 10.516202 16.008841 -19.116371
v 10.516202 15.701013 -19.116371
v 10.289694 15.701013 -18.889862
v 9.759856 15.346987 -18.360023
v 9.884173 15.533041 -18.484341
v 10.070228 15.657358 -18.670395
v 9.716202 15.127521 -18.316370
v 9.716202 14.471761 -18.316370
v 8.522470 14.471761 -17.122639
v -8.522470 16.008841 -17.122639
v -10.516202 16.008841 -19.116371
v -10.516202 15.701013 -19.116371
v -10.289694 15.701013 -18.889862
v -9.759856 15.346987 -18.360023
v -9.884173 15.533041 -18.484341
v -10.070228 15.657358 -18.670395
v -9.716202 15.127521 -18.316370
v -9.716202 14.471761 -18.316370
v -8.522470 14.471761 -17.122639
v 8.522470 16.008841 17.122639
v 10.516202 16.008841 19.116371
v 10.516202 15.701013 19.116371
v 10.289694 15.701013 18.889862
v 9.759856 15.346987 18.360023
v 9.884173 15.533041 18.484341
v 10.070228 15.657358 18.670395
v 9.716202 15.127521 18.316370
v 9.716202 14.471761 18.316370
v 8.522470 14.471761 17.122639
v -8.522470 16.008841 17.122639
v -10.516202 16.008841 19.116371
v -10.516202 15.701013 19.116371
v -10.289694 15.701013 18.889862
v -9.759856 15.346987 18.360023
v -9.884173 15.533041 18.484341
v -10.070228 15.657358 18.670395
v -9.716202 15.127521 18.316370
v -9.716202 14.471761 18.316370
v -8.522470 14.471761 17.122639
vt -1.430195 -0.551620
vt 2.393080 -0.551620
vt 2.193706 -0.352247
vt -1.230822 -0.352247
vt 2.393080 2.100884
vt -1.430195 2.100884
vt -1.430195 2.070101
vt 2.393080 2.070101
vt -0.551620 2.070101
vt 1.551620 2.070101
vt 1.551620 2.100884
vt -0.551620 2.100884
vt -0.471620 2.012752
vt 1.471620 2.012752
vt 1.475986 2.034699
vt -0.475986 2.034699
vt 1.488417 2.053304
vt -0.488418 2.053304
vt -1.329876 -0.488417
vt -1.329876 1.488417
vt -1.348482 1.507023
vt -1.348482 -0.507023
vt -1.370429 1.528969
vt -1.370429 -0.528969
vt -0.471620 1.947176
vt 1.471620 1.947176
vt 2.354560 2.034698
vt -1.317445 2.034699
vt -1.313079 2.012752
vt 2.350195 2.012752
vt -1.366992 2.053304
vt -1.354560 2.034699
vt 2.317445 2.034699
vt 2.329876 2.053304
vt 2.385597 -0.507023
vt 2.366992 -0.488418
vt 2.407544 -0.528970
vt -1.393080 -0.551620
vt 2.430195 -0.551620
vt -1.193706 -0.352247
vt -1.193706 1.352247
vt -1.313079 1.471620
vt -1.313079 -0.471620
vt -1.350195 2.012752
vt 2.313079 2.012752
vt 1.352247 2.100884
vt -0.352247 2.100884
vt -0.352247 1.947176
vt 1.352247 1.947176
vt 2.350195 -0.471620
vt 2.230822 -0.352247
vt 2.230822 2.100884
vt -1.193706 2.100884
vt -1.193706 1.947176
vt 2.230822 1.947176
vt -1.393080 1.551620
vt -1.350195 1.947176
vt 2.313079 1.947176
vt -1.430195 1.551620
vt -1.230822 1.352247
vt 2.193706 1.352247
vt 2.393080 1.551620
vt -1.393079 2.070101
vt 2.430195 2.070101
vt 2.430195 2.100884
vt -1.393079 2.100884
vt 2.366992 2.053304
vt -1.329876 2.053304
vt 2.385597 1.507023
vt 2.366992 1.488417
vt 2.407544 1.528969
vt 2.430195 1.551620
vt 2.350195 1.471620
vt 2.230822 1.352247
vt -1.230822 2.100884
vt -1.230822 1.947176
vt 2.193706 1.947176
vt 2.193706 2.100884
vt -1.313079 1.947176
vt 2.350195 1.947176
vt 1.551620 2.100884
vt -0.551620 2.100884
vt -0.551620 2.070101
vt 1.551620 2.070101
vt 1.475986 2.034699
vt -0.475986 2.034699
vt -0.471620 2.012752
vt 1.471620 2.012752
vt 1.488417 2.053304
vt -0.488417 2.053304
vt -0.471620 1.947176
vt 1.471620 1.947176
vt -0.352247 1.947176
vt 1.352247 1.947176
vt 1.352247 2.100884
vt -0.352247 2.100884
vn 0.0000 1.0000 0.0000
vn 1.0000 0.0000 0.0000
vn 0.0000 0.0000 -1.0000
vn -0.0001 -0.0125 -0.9999
vn 0.0000 -0.0125 -0.9999
vn 0.0000 -0.5012 -0.8653
vn -0.0000 -0.7944 -0.6073
vn -0.0000 -0.9664 -0.2569
vn -0.0000 -0.9995 -0.0317
vn -0.8654 -0.5010 -0.0000
vn -0.9999 -0.0125 0.0000
vn 0.6077 -0.7942 0.0000
vn 0.8654 -0.5010 -0.0000
vn 0.2573 -0.9663 0.0000
vn 0.0319 -0.9995 0.0000
vn 0.0000 -1.0000 0.0000
vn 0.9999 -0.0125 -0.0000
vn 0.0000 0.0000 1.0000
vn -1.0000 0.0000 0.0000
vn -0.6077 -0.7942 0.0000
vn -0.2573 -0.9663 0.0000
vn -0.0320 -0.9995 0.0000
vn -0.0000 -0.5012 0.8653
vn 0.0001 -0.0125 0.9999
vn -0.0000 -0.0125 0.9999
vn 0.0000 -0.7944 0.6073
vn 0.0000 -0.9664 0.2569
vn 0.0000 -0.9995 0.0317
usemtl sandstone
s 1
f 530/1465/47 510/1466/47 509/1467/47 529/1468/47
f 510/1469/48 530/1470/48 531/1471/48 511/1472/48
f 511/1473/49 521/1474/49 520/1475/49 510/1476/49
f 516/1477/50 526/1478/51 523/1479/52 513/1480/52
f 513/1480/52 523/1479/52 524/1481/53 514/1482/53
f 514/1483/53 524/1484/53 525/1485/54 515/1486/54
f 515/1486/54 525/1485/54 522/1487/55 512/1488/55
f 517/1489/49 527/1490/49 526/1478/51 516/1477/50
f 543/1491/56 523/1492/56 526/1493/57 546/1494/57
f 534/1495/58 533/1496/59 513/1497/59 514/1498/58
f 535/1499/60 534/1500/58 514/1483/58 515/1486/60
f 532/1501/61 535/1499/60 515/1486/60 512/1488/61
f 511/1502/62 531/1503/62 532/1501/61 512/1488/61
f 518/1504/62 528/1505/62 527/1506/62 517/1507/62
f 533/1496/59 536/1508/63 516/1509/63 513/1497/59
f 509/1510/64 519/1511/64 528/1512/64 518/1513/64
f 537/1514/62 538/1515/62 518/1504/62 517/1507/62
f 529/1516/65 509/1517/65 518/1518/65 538/1519/65
f 512/1488/55 522/1487/55 521/1520/62 511/1502/62
f 536/1508/63 537/1521/48 517/1522/48 516/1509/63
f 540/1523/47 539/1524/47 519/1525/47 520/1526/47
f 521/1527/65 541/1528/65 540/1529/65 520/1530/65
f 539/1524/47 540/1523/47 530/1465/47 529/1468/47
f 544/1531/66 524/1532/66 523/1492/56 543/1491/56
f 545/1533/67 525/1485/67 524/1484/66 544/1534/66
f 542/1535/68 522/1487/68 525/1485/67 545/1533/67
f 522/1487/68 542/1535/68 541/1536/62 521/1520/62
f 547/1537/62 527/1506/62 528/1505/62 548/1538/62
f 539/1539/48 548/1540/48 528/1541/48 519/1542/48
f 546/1494/57 526/1493/57 527/1543/65 547/1544/65
f 530/1545/64 540/1546/64 541/1547/64 531/1548/64
f 533/1549/69 543/1550/69 546/1551/70 536/1552/71
f 534/1553/72 544/1554/72 543/1550/69 533/1549/69
f 535/1499/73 545/1533/73 544/1534/72 534/1500/72
f 532/1501/74 542/1535/74 545/1533/73 535/1499/73
f 536/1552/71 546/1551/70 547/1555/64 537/1556/64
f 537/1514/62 547/1537/62 548/1538/62 538/1515/62
f 538/1557/49 548/1558/49 539/1559/49 529/1560/49
f 531/1503/62 541/1536/62 542/1535/74 532/1501/74
f 519/1525/47 509/1467/47 510/1466/47 520/1526/47
o Cube.025_dmg.003
v 7.431825 1.913643 -1.836674
v 7.239293 2.068315 -2.138179
v 7.300828 2.438527 -2.293966
v 7.261976 2.887781 -2.333860
v 7.597472 2.510947 -2.090134
v 7.628050 2.902050 -2.040700
v 7.487056 2.734696 -2.278485
v 7.874470 2.072000 -1.894610
v 8.256834 2.625302 -1.668139
v 8.225520 2.093309 -1.688521
v 8.140605 2.343621 -1.920767
v 7.407175 3.411351 -1.854838
v 7.412725 5.245431 -1.828839
v 7.376447 6.221966 -1.830013
v 7.318467 3.683910 -2.089043
v 7.335434 5.419243 -2.094336
v 7.698831 3.730519 -1.658531
v 7.632871 4.699096 -1.781212
v 7.464843 4.623271 -2.042414
v 7.433270 7.856530 -1.464809
v 7.432988 8.531526 -1.529929
v 7.417777 7.189950 -1.768853
v 7.286624 8.118071 -1.667795
v 7.410360 8.915271 -1.647821
v 7.348133 6.937426 -2.004241
v 7.355773 7.236794 -2.602535
v 7.624808 6.701322 -1.683616
v 8.162366 7.653436 -1.346759
v 7.830665 8.372298 -1.531162
v 8.222474 6.485732 -1.650417
v 7.595403 9.019434 -1.412365
v 7.409302 8.972023 -2.026135
v 7.345253 9.343085 -2.613275
v 7.857777 9.354151 -1.474615
v 7.887964 9.366598 -1.935109
v 8.290894 9.359052 -1.235240
v 8.718153 9.257747 -1.128989
v 9.628490 1.511689 -1.811637
v 9.546692 2.320846 -1.833928
v 9.767316 2.396575 -2.162574
v 9.249917 4.516698 -1.934648
v 9.336706 5.631814 -2.106785
v 9.704918 3.866503 -1.805604
v 9.749062 4.426830 -2.208486
v 9.498909 5.907529 -2.335627
v 9.542603 7.013963 -2.185151
v 9.374720 7.798836 -1.477509
v 9.639950 8.360165 -1.926630
v 9.668067 7.636925 -2.070046
v 9.773737 7.428177 -2.448298
v 8.952224 9.348000 -1.404307
v 10.014329 9.175283 -2.244607
v 9.772349 6.134403 -2.771339
v 9.714185 6.238728 -2.621541
v 9.789536 9.006314 -1.470229
v 9.662684 9.354512 -3.197802
v 9.751169 9.350253 -2.484196
v 7.051871 9.024843 -3.173451
v 10.076135 9.024379 -2.074381
v 8.339750 9.024154 -1.022449
v 9.884435 9.025937 -3.177656
v 7.949339 8.764237 -1.347079
v 9.619847 9.036763 -1.295585
v 8.908436 9.021952 -1.113725
v 7.260160 9.034590 -2.447667
v 9.596287 8.776739 -1.339758
v 7.236640 7.590337 -2.606249
v 9.776237 8.338494 -2.066987
v 7.214321 8.039689 -1.859238
v 9.299938 8.004249 -1.331914
v 9.093002 7.464186 -1.449252
v 8.058698 8.174346 -1.329544
v 8.701607 7.443808 -1.367219
v 8.074203 7.435753 -1.443510
v 7.465061 7.449378 -1.470074
v 7.394247 7.434669 -1.657702
v 7.261799 6.695972 -3.198519
v 7.233160 4.657168 -2.883119
v 7.209460 6.524315 -2.121394
v 9.181051 7.411430 -1.656991
v 9.211375 6.287282 -1.648477
v 8.915374 5.457719 -1.653512
v 7.706930 5.428149 -1.654824
v 9.018793 4.233794 -1.651280
v 8.023645 4.580408 -1.657452
v 7.234597 3.269377 -2.221405
v 9.758655 3.115281 -1.807779
v 7.865454 3.101501 -1.661774
v 9.584008 3.349545 -1.644203
v 9.317684 2.382071 -1.663185
v 7.272231 5.477340 -3.198532
v 7.245761 7.423058 -3.198603
v 7.344273 9.361395 -3.198603
v 7.232821 9.024446 -3.198603
v 9.781864 7.698634 -3.198603
v 7.231948 0.641805 -3.198592
v 9.737979 1.021645 -1.763565
v 7.244955 1.410830 -2.013581
v 8.054262 1.704392 -1.651653
v 7.335525 1.158040 -1.677625
v 7.370935 1.419629 -1.835361
v 9.773863 1.635557 -2.023058
v 9.754504 0.637848 -1.763534
v 9.781864 0.640949 -3.198603
v 7.312325 0.642261 -1.674733
v 9.323114 0.642256 -1.650104
v 7.339951 0.455893 -1.507494
v 9.739207 0.455340 -1.551059
v 9.918666 0.456079 -1.791361
v 7.130375 0.456033 -1.757579
v 9.930335 0.456138 -3.198603
v 7.093452 0.456149 -3.198581
v 7.331616 0.643706 -1.530761
v 7.113033 0.641800 -3.198568
v 9.911471 0.640950 -3.198603
v 7.142837 0.640442 -1.782231
v 9.656804 0.638624 -1.546558
v 9.885628 0.638178 -1.734490
v 9.781864 4.180581 -3.198603
v 9.781864 2.878327 -2.996100
v 7.237800 2.382023 -3.178148
v 9.782713 5.300732 -2.304131
v 9.502841 2.867084 -3.198603
v 9.781864 2.206707 -3.198603
v 9.782045 8.229907 -2.950910
v 9.790658 9.019464 -3.206781
v 9.623408 8.133451 -3.198603
v 7.232821 3.694041 -3.042083
v 7.236352 4.264603 -3.188812
v 9.673105 9.350524 -1.444259
v 9.704879 1.913643 1.836675
v 9.897410 2.068318 2.138178
v 9.835875 2.438527 2.293965
v 9.874728 2.887781 2.333860
v 9.539231 2.510947 2.090134
v 9.508654 2.902050 2.040700
v 9.262234 2.071999 1.894610
v 8.879870 2.625302 1.668139
v 8.911184 2.093310 1.688521
v 8.996099 2.343621 1.920767
v 9.729528 3.411352 1.854837
v 9.723978 5.245430 1.828839
v 9.760256 6.221964 1.830013
v 9.818236 3.683907 2.089041
v 9.801269 5.419246 2.094335
v 9.437874 3.730517 1.658531
v 9.503832 4.699095 1.781212
v 9.671861 4.623271 2.042413
v 9.703435 7.856530 1.464808
v 9.742550 8.385934 1.557383
v 9.718926 7.189950 1.768853
v 9.850080 8.118069 1.667795
v 9.726343 8.915270 1.647820
v 9.788571 6.937426 2.004242
v 9.780930 7.236794 2.602528
v 9.553824 8.702626 1.452011
v 9.511896 6.701321 1.683616
v 8.974338 7.653436 1.346759
v 9.306039 8.372298 1.531162
v 8.914229 6.485732 1.650417
v 9.541301 9.019434 1.412365
v 9.727401 8.972022 2.026133
v 9.791451 9.343085 2.613274
v 9.278927 9.354151 1.474615
v 9.248740 9.366598 1.935109
v 8.845811 9.359052 1.235240
v 8.418551 9.257747 1.128989
v 7.508214 1.511689 1.811636
v 7.590011 2.320849 1.833928
v 7.369387 2.396579 2.162575
v 7.886787 4.516696 1.934647
v 7.799998 5.631812 2.106784
v 7.431786 3.866505 1.805605
v 7.387641 4.426830 2.208487
v 7.637798 5.907526 2.335623
v 7.594102 7.013969 2.185147
v 7.761982 7.798837 1.477510
v 7.496753 8.360166 1.926630
v 7.468637 7.636925 2.070045
v 7.362966 7.428173 2.448302
v 8.184481 9.348000 1.404307
v 7.122375 9.175282 2.244609
v 7.364353 6.134405 2.771341
v 7.422519 6.238728 2.621542
v 7.354838 7.698633 3.198603
v 7.347168 9.006314 1.470230
v 7.474019 9.354512 3.197802
v 7.385533 9.350253 2.484196
v 10.084832 9.024843 3.173451
v 7.060569 9.024379 2.074384
v 8.796954 9.024154 1.022449
v 7.252269 9.025937 3.177656
v 9.187364 8.764236 1.347079
v 7.516856 9.036763 1.295585
v 8.228269 9.021952 1.113725
v 9.876543 9.034590 2.447664
v 7.540417 8.776741 1.339758
v 9.900063 7.590341 2.606243
v 7.360467 8.338493 2.066988
v 9.922382 8.039691 1.859236
v 7.836765 8.004249 1.331914
v 8.043702 7.464186 1.449252
v 9.078007 8.174346 1.329544
v 8.435098 7.443808 1.367219
v 9.062502 7.435753 1.443510
v 9.671643 7.449378 1.470074
v 9.742455 7.434669 1.657702
v 9.874903 6.695975 3.198519
v 9.903543 4.657168 2.883118
v 9.927242 6.524314 2.121392
v 7.955652 7.411430 1.656991
v 7.925329 6.287272 1.648477
v 8.221331 5.457722 1.653512
v 9.429773 5.428151 1.654824
v 8.117911 4.233795 1.651280
v 9.113058 4.580408 1.657451
v 9.902106 3.269380 2.221402
v 7.378048 3.115279 1.807780
v 9.271248 3.101499 1.661774
v 7.552696 3.349543 1.644203
v 7.819019 2.382073 1.663185
v 9.864472 5.477341 3.198532
v 9.890942 7.423059 3.198603
v 9.792431 9.361395 3.198603
v 9.903881 9.024446 3.198603
v 9.904755 0.641805 3.198592
v 7.398725 1.021646 1.763565
v 9.891747 1.410833 2.013581
v 9.082442 1.704391 1.651653
v 9.765769 1.419629 1.835361
v 7.362841 1.635556 2.023060
v 7.382200 0.637847 1.763534
v 7.354838 0.640949 3.198603
v 7.813590 0.642256 1.650104
v 9.796754 0.455893 1.507495
v 7.397495 0.455340 1.551059
v 7.218038 0.456079 1.791363
v 10.006328 0.456033 1.757578
v 7.206368 0.456138 3.198603
v 10.043251 0.456149 3.198581
v 9.805087 0.643707 1.530761
v 10.023670 0.641800 3.198568
v 7.225233 0.640950 3.198603
v 9.993866 0.640442 1.782232
v 7.479900 0.638624 1.546558
v 7.251076 0.638178 1.734490
v 7.354838 4.180587 3.198603
v 7.354838 2.878327 2.996100
v 9.898903 2.382024 3.178148
v 7.353990 5.300732 2.304131
v 7.633862 2.867084 3.198603
v 7.354838 2.206704 3.198603
v 7.354658 8.229907 2.950910
v 7.346045 9.019464 3.206781
v 7.513295 8.133451 3.198603
v 9.900351 4.264602 3.188812
v 7.463598 9.350524 1.444259
v 9.830100 1.238762 1.784904
v 9.685541 1.245943 1.673447
v 9.830261 0.642228 1.786250
v 9.712716 0.642261 1.673366
vt 0.304740 0.706832
vt 0.334890 0.691364
vt 0.289161 0.743853
vt 1.230083 0.743853
vt 1.243183 0.691364
vt 1.259747 0.751095
vt 1.248706 0.773470
vt 0.290709 0.773470
vt 0.309544 0.751095
vt 0.314488 0.790205
vt 1.287447 0.707200
vt 1.305426 0.670439
vt 1.262805 0.790205
vt 1.314060 0.734362
vt 1.322552 0.709331
vt 0.326481 0.734362
vt 0.349706 0.709331
vt 0.351744 0.762530
vt 0.309124 1.041924
vt 0.314316 0.962327
vt 0.335674 1.024543
vt 1.237645 1.122197
vt 1.241272 1.024543
vt 1.270693 1.042815
vt 1.240717 0.841135
vt 1.226198 0.788778
vt 0.309653 0.868391
vt 0.333074 0.841135
vt 0.352705 0.873052
vt 0.340437 0.969910
vt 1.263287 0.969910
vt 1.269883 0.873052
vt 1.302365 0.958041
vt 0.352788 1.243467
vt 0.372077 1.285653
vt 0.351778 1.311807
vt 0.335557 1.122197
vt 0.306418 1.152431
vt 0.258304 1.223679
vt 0.318134 1.193743
vt 0.341673 1.218995
vt 0.257933 1.259034
vt 0.371550 1.244938
vt 0.365565 1.353153
vt 1.316237 1.265344
vt 1.246506 1.244938
vt 1.307420 1.243575
vt 1.322248 1.148573
vt 1.283067 1.337230
vt 1.243327 1.285653
vt 1.305870 1.317435
vt 1.243299 1.353153
vt 1.294934 1.376424
vt 0.353776 1.391527
vt 0.377321 1.401943
vt 0.332634 1.303969
vt 0.315944 1.397202
vt 0.371096 1.435415
vt 1.259540 1.401943
vt 0.628904 -0.285778
vt 0.674953 -0.288796
vt 0.646224 -0.241036
vt 1.329089 1.435905
vt 1.333975 1.402415
vt 1.454669 0.732085
vt 1.431768 0.738207
vt 1.462849 0.651169
vt 1.458401 0.834955
vt 1.475865 0.811528
vt 0.646793 1.045772
vt 0.646570 0.923379
vt 0.674907 0.951670
vt 1.449891 1.090753
vt 1.391537 1.045772
vt 1.433671 1.063181
vt 1.470492 0.886650
vt 1.401879 0.923379
vt 1.424992 0.951670
vt 1.474906 0.942683
vt 0.662003 0.886650
vt 0.645863 0.834955
vt 0.662220 0.811528
vt 1.429994 1.300425
vt 1.409300 1.246419
vt 1.437472 1.279884
vt 0.615418 1.377674
vt 0.614634 1.300425
vt 0.674105 1.336017
vt 0.699957 1.201396
vt 0.646290 1.128728
vt 0.715005 1.090753
vt 0.647141 1.241143
vt 0.688447 1.263693
vt 0.629193 1.279884
vt 0.628465 1.400631
vt 0.726272 1.242818
vt 0.743596 1.123873
vt 1.395222 1.434800
vt 1.390844 1.402195
vt 1.461985 1.403676
vt 1.467311 1.435052
vt 0.758576 1.113440
vt 0.729862 -0.475117
vt 0.705903 -0.501433
vt 0.799208 -0.488443
vt 0.198697 -0.223282
vt 0.273791 -0.226016
vt 0.201213 -0.205187
vt 1.370161 1.244381
vt 0.385603 1.317435
vt 0.383850 1.376424
vt 0.365442 1.337230
vt 0.702291 0.942683
vt 0.801303 0.720671
vt 0.781052 0.787833
vt 0.697700 0.739658
vt 0.683748 0.663556
vt 0.742770 -0.234525
vt 0.684056 -0.240930
vt 0.198706 1.169597
vt 0.198705 1.047734
vt 0.688880 1.402438
vt 0.799208 1.402594
vt 0.705903 1.417528
vt 0.688141 1.333849
vt 0.801303 1.269863
vt 0.296417 0.826938
vt 0.285172 0.788778
vt 0.350196 1.170132
vt 0.273791 1.403459
vt 0.257230 1.434309
vt 1.286546 0.810150
vt 0.198697 1.242306
vt 0.801222 1.435451
vt 0.729862 1.435025
vt 0.801222 -0.466268
vt 0.801303 -0.234427
vt 0.198698 1.402445
vt 0.648916 -0.231233
vt 0.659665 -0.214284
vt 0.634518 -0.233162
vt -0.478186 0.564095
vt -0.209345 0.545615
vt -0.223195 0.564180
vt 0.335022 0.641963
vt 0.317200 0.641083
vt 0.350795 0.615804
vt 1.432312 0.564226
vt 1.473798 0.602165
vt 1.237094 0.641963
vt 1.233552 0.615804
vt 0.657799 0.602165
vt 0.657796 0.563785
vt 0.351084 0.564226
vt 1.475451 0.563785
vt 0.198699 0.564181
vt 1.465680 0.563862
vt 1.473921 0.545534
vt 1.488563 0.563818
vt 0.654891 0.563818
vt 0.660578 0.545608
vt 0.801303 0.564095
vt -0.211303 0.564180
vt 0.662606 0.651169
vt 0.801303 0.918058
vt -0.478186 0.720671
vt -0.450284 0.786708
vt -0.478186 0.787833
vt 0.802120 1.401946
vt 0.776533 1.322991
vt 0.801303 1.313345
vt -0.226180 1.169597
vt -0.478186 1.269863
vt -0.227223 1.047734
vt -0.224576 1.242306
vt 0.711855 1.030073
vt -0.478186 0.918058
vt 0.267624 0.706832
vt 0.297775 0.691364
vt 0.252046 0.743853
vt -0.483587 0.743853
vt -0.470488 0.691364
vt -0.453923 0.751095
vt -0.426223 0.707200
vt -0.408244 0.670439
vt -0.450865 0.790205
vt -0.399610 0.734362
vt -0.391118 0.709331
vt 0.289365 0.734362
vt 0.312590 0.709331
vt 0.314628 0.762530
vt 0.272009 1.041925
vt 0.277201 0.962327
vt 0.298558 1.024543
vt -0.476026 1.122196
vt -0.472398 1.024543
vt -0.442977 1.042815
vt -0.487473 0.788778
vt 0.272538 0.868391
vt 0.295958 0.841135
vt 0.315589 0.873052
vt 0.303321 0.969910
vt -0.450383 0.969909
vt -0.443787 0.873052
vt -0.411306 0.958041
vt 0.315672 1.243467
vt 0.334961 1.285653
vt 0.314663 1.311807
vt 0.298441 1.122196
vt 0.269303 1.152431
vt 0.221189 1.223680
vt 0.281018 1.193743
vt 0.304557 1.218995
vt 0.220818 1.259034
vt 0.334435 1.244938
vt 0.325704 1.338593
vt -0.397434 1.265344
vt -0.467164 1.244938
vt -0.406250 1.243575
vt -0.391423 1.148573
vt -0.430604 1.337230
vt -0.470344 1.285653
vt -0.407801 1.317435
vt 0.316660 1.391527
vt 0.340206 1.401943
vt 0.295519 1.303969
vt 0.278829 1.397202
vt 0.333981 1.435415
vt -0.454130 1.401943
vt -0.455382 1.370263
vt -0.418736 1.376424
vt 0.333981 -0.427893
vt 0.287931 -0.424874
vt 0.316660 -0.472634
vt -0.384581 1.435905
vt -0.379695 1.402415
vt -0.259001 0.732085
vt -0.281902 0.738207
vt -0.250821 0.651169
vt -0.255270 0.834954
vt -0.237805 0.811528
vt 0.683909 1.045772
vt 0.683686 0.923380
vt 0.712023 0.951670
vt -0.263780 1.090753
vt -0.322133 1.045772
vt -0.280000 1.063181
vt -0.243179 0.886651
vt -0.311791 0.923379
vt -0.288679 0.951670
vt -0.238764 0.942683
vt 0.699118 0.886651
vt 0.682978 0.834954
vt 0.699336 0.811528
vt -0.283677 1.300425
vt -0.304370 1.246419
vt -0.276198 1.279884
vt 0.652534 1.377674
vt 0.651749 1.300425
vt 0.711221 1.336017
vt 0.737073 1.201397
vt 0.683405 1.128727
vt 0.752120 1.090753
vt 0.684257 1.241143
vt 0.725562 1.263693
vt 0.666309 1.279884
vt 0.665581 1.400631
vt 0.763388 1.242817
vt 0.780712 1.123873
vt -0.318448 1.434800
vt -0.322827 1.402195
vt -0.251686 1.403676
vt -0.246360 1.435052
vt 0.795692 1.113441
vt 0.233023 -0.238553
vt 0.256981 -0.212238
vt 0.163677 -0.225227
vt 0.838418 -0.490388
vt 0.763324 -0.487654
vt 0.835903 -0.508483
vt -0.343510 1.244381
vt 0.348488 1.317435
vt 0.346734 1.376424
vt 0.328326 1.337230
vt 0.739406 0.942683
vt 0.838418 0.720670
vt 0.818168 0.787833
vt 0.734815 0.739658
vt 0.720864 0.663556
vt 0.220115 -0.479145
vt 0.278829 -0.472740
vt 0.161590 1.169598
vt 0.161589 1.047734
vt 0.725996 1.402438
vt 0.836323 1.402594
vt 0.743019 1.417528
vt 0.725257 1.333849
vt 0.838418 1.269863
vt 0.313081 1.170132
vt 0.236676 1.403459
vt 0.220115 1.434309
vt -0.472953 0.841135
vt -0.427125 0.810150
vt 0.161582 1.242306
vt 0.838338 1.435451
vt 0.766977 1.435025
vt 0.161662 -0.247402
vt 0.161582 -0.479243
vt 0.161582 1.402445
vt 1.235484 0.564095
vt 1.504325 0.545615
vt 1.490475 0.564180
vt -0.281359 0.564226
vt -0.239872 0.602165
vt 0.280084 0.641083
vt 0.161583 0.564181
vt 0.302817 0.564223
vt 0.302952 0.623876
vt -0.476577 0.641963
vt 0.694914 0.602165
vt 0.694911 0.563785
vt -0.483010 0.623876
vt -0.468554 0.624594
vt -0.238220 0.563785
vt -0.471272 0.564226
vt -0.247990 0.563862
vt -0.239749 0.545534
vt -0.225108 0.563818
vt 0.692007 0.563818
vt 0.697694 0.545608
vt 0.838418 0.564095
vt 1.502367 0.564180
vt 0.699721 0.651169
vt 1.235484 0.720670
vt 1.263386 0.786708
vt 1.235484 0.787833
vt 0.839236 1.401946
vt 0.813649 1.322991
vt 0.838418 1.313345
vt 1.487490 1.169598
vt 1.235484 0.918059
vt 1.486447 1.047734
vt 0.748971 1.030073
vt 0.838418 0.918059
vt 1.325683 0.762530
vt 1.241778 1.218995
vt 1.262481 1.170132
vt 0.230246 0.965717
vt 1.371815 1.425775
vt 0.664835 0.732085
vt 0.201213 1.402484
vt 0.626367 1.246419
vt 0.692121 1.063182
vt 1.478271 1.030073
vt 0.625868 -0.467311
vt 0.688880 -0.507614
vt 0.197880 -0.479066
vt 0.200792 -0.488444
vt 0.311120 -0.507614
vt 0.371535 -0.478954
vt 0.625868 1.435052
vt 0.377321 -0.259540
vt 0.388999 -0.461985
vt 0.407185 -0.390844
vt 0.416313 -0.333975
vt 1.285778 1.435415
vt 1.477624 1.333849
vt 1.478954 1.400631
vt 1.463995 1.336016
vt 0.604966 -0.329089
vt 0.594341 -0.371815
vt 0.621873 -0.395222
vt 0.352787 -0.239425
vt 0.352859 -0.418105
vt 0.374207 -0.307420
vt 0.199677 0.926460
vt -0.223282 1.402445
vt -0.205187 1.402484
vt -0.234427 1.436140
vt 0.198698 1.436140
vt 0.200743 0.738202
vt 0.214350 0.869404
vt 1.418105 1.241143
vt 1.239425 1.243467
vt 0.636098 -0.465680
vt 0.646453 -0.432311
vt 0.657796 -0.475450
vt 0.654891 -0.488563
vt 0.801303 0.564095
vt 0.198700 0.545615
vt 0.342800 0.545603
vt 0.340335 0.564044
vt 0.198701 0.564180
vt 1.231233 0.564226
vt 1.233995 0.545589
vt 1.233162 0.564371
vt 0.367808 0.545589
vt 0.365482 0.564371
vt 0.801303 0.545614
vt 0.801303 -0.491147
vt 0.801303 -0.478186
vt -0.491147 0.564095
vt -0.493034 0.545614
vt 0.801299 -0.211303
vt 0.801301 -0.223195
vt -0.223780 0.738202
vt -0.223635 0.926460
vt 0.636548 0.545534
vt -0.462341 1.313345
vt 1.459629 1.377674
vt 0.611001 1.403676
vt -0.387987 0.762530
vt 0.259302 0.826938
vt -0.471893 1.218995
vt -0.451190 1.170132
vt -0.474255 1.338593
vt 0.193130 0.965717
vt -0.341855 1.425775
vt 0.701951 0.732085
vt 0.164097 1.402484
vt 0.663483 1.246419
vt 0.729236 1.063181
vt -0.235399 1.030073
vt 0.337016 -0.246360
vt 0.274004 -0.206057
vt 0.839236 -0.234605
vt 0.836323 -0.225227
vt 0.725996 -0.206057
vt 0.665581 -0.234717
vt 0.662984 1.435052
vt 0.659794 -0.454130
vt 0.648116 -0.251686
vt 0.629930 -0.322827
vt 0.620803 -0.379695
vt -0.427893 1.435415
vt -0.236047 1.333849
vt -0.234717 1.400631
vt -0.249675 1.336017
vt 0.357918 -0.384581
vt 0.368543 -0.341855
vt 0.341012 -0.318448
vt 0.684328 -0.474246
vt 0.684257 -0.295565
vt 0.662909 -0.406250
vt 0.248056 0.788778
vt 0.277372 0.790205
vt 0.162561 0.926460
vt 1.490388 1.402445
vt 1.508483 1.402484
vt 1.479243 1.436140
vt 0.161582 1.436140
vt -0.295565 1.241143
vt -0.474246 1.243467
vt 0.163627 0.738202
vt 0.314106 -0.471272
vt 0.302817 -0.483026
vt 0.303219 -0.499387
vt 0.328366 -0.480509
vt 0.297906 0.641963
vt 0.305089 -0.238220
vt 0.316432 -0.281359
vt 0.326786 -0.247990
vt 0.307993 -0.225108
vt 0.838418 0.564095
vt 0.161584 0.545615
vt 0.305684 0.545603
vt 0.303219 0.564044
vt 0.161585 0.564180
vt 0.161585 -0.502367
vt 0.161583 -0.490475
vt -0.479675 0.545589
vt -0.480509 0.564371
vt 0.330693 0.545589
vt 0.328366 0.564371
vt 0.838418 0.545614
vt 0.161582 -0.222523
vt 0.161582 -0.235484
vt 1.222523 0.564095
vt 1.220637 0.545614
vt 1.489890 0.738202
vt 1.490035 0.926460
vt 0.673664 0.545534
vt 1.489094 1.242306
vt 1.235484 1.269863
vt 1.251329 1.313345
vt -0.254042 1.377674
vt 0.648116 1.403676
vt -0.483026 0.564223
vt 0.373632 -0.409300
vt 0.381836 -0.370161
vt 0.371550 -0.246506
vt -0.466268 1.435451
vt -0.488443 1.402594
vt -0.479066 1.401946
vt 1.421138 1.128728
vt 0.663483 -0.304370
vt 0.655280 -0.343510
vt 0.665565 -0.467164
vt 1.247402 1.435451
vt 1.225227 1.402594
vt 1.234604 1.401946
vt -0.292533 1.128727
vn -0.9958 0.0220 0.0883
vn -0.4074 0.3025 0.8617
vn -0.9267 0.1449 0.3468
vn -0.3828 0.2669 0.8844
vn -0.5986 -0.0150 0.8009
vn -0.5725 -0.3941 0.7189
vn -0.2119 0.4118 0.8863
vn -0.0218 0.0131 0.9997
vn -0.4325 0.0846 0.8976
vn -0.0265 0.0062 0.9996
vn -0.6785 -0.3652 0.6374
vn -0.9859 -0.0676 0.1532
vn -0.9511 0.0081 0.3087
vn -0.6961 -0.1128 0.7091
vn -0.5902 -0.0085 0.8072
vn -0.0402 -0.0001 0.9992
vn -0.6817 -0.2229 0.6969
vn -0.9308 -0.1356 0.3394
vn -0.8987 0.1136 0.4236
vn -0.0589 0.0030 0.9983
vn -0.6365 0.0197 0.7710
vn -0.0287 -0.0036 0.9996
vn -0.9077 -0.1632 0.3866
vn -0.8557 -0.0443 0.5156
vn -0.8972 -0.0226 0.4410
vn -0.9964 0.0003 0.0849
vn -0.9948 -0.0449 0.0916
vn -0.9803 0.1362 0.1428
vn -0.9471 -0.1244 0.2957
vn -0.9973 -0.0702 0.0212
vn -0.9308 -0.0773 0.3573
vn -0.4109 -0.0390 0.9109
vn -0.0343 -0.0285 0.9990
vn -0.1521 -0.1116 0.9821
vn -0.0784 -0.3782 0.9224
vn -0.0231 -0.0013 0.9997
vn -0.2851 0.0379 0.9577
vn -0.1709 0.0783 0.9822
vn -0.0709 0.0096 0.9974
vn -0.3707 -0.2201 0.9023
vn -0.8711 0.4516 0.1931
vn -0.5138 0.3203 0.7959
vn -0.9955 0.0100 0.0941
vn -0.8369 0.4615 0.2944
vn -0.0533 0.9983 0.0226
vn -0.0916 0.9953 0.0305
vn -0.2221 0.7429 0.6315
vn -0.2096 0.4243 0.8809
vn 0.7505 -0.0358 0.6600
vn 0.0343 -0.0045 0.9994
vn 0.5765 0.0847 0.8127
vn 0.0205 0.0016 0.9998
vn 0.9840 -0.0218 0.1770
vn 0.7727 -0.0623 0.6317
vn 0.0346 0.0168 0.9993
vn 0.6041 0.1931 0.7731
vn 0.8337 -0.0432 0.5506
vn 0.5818 0.1073 0.8062
vn 0.5897 0.3069 0.7471
vn 0.4870 0.1957 0.8512
vn 0.1524 -0.0604 0.9865
vn 0.5411 -0.4722 0.6959
vn 0.8138 -0.2632 0.5181
vn 0.8574 -0.3641 0.3637
vn 0.8562 -0.2503 0.4519
vn 0.8463 -0.1071 0.5219
vn 0.8596 -0.1192 0.4969
vn 0.7834 -0.2123 0.5841
vn 0.8205 -0.2530 0.5126
vn 0.8228 -0.1749 0.5407
vn 0.8828 -0.1517 0.4447
vn 0.8529 -0.1164 0.5090
vn 0.1467 0.8051 0.5747
vn 0.2603 0.5216 0.8125
vn 0.2588 0.4676 0.8452
vn 0.0927 0.9937 0.0632
vn 0.8091 0.1590 0.5658
vn 0.1139 0.9935 -0.0080
vn 0.7313 0.6810 -0.0384
vn 0.8168 0.5537 -0.1621
vn -0.0003 -0.9999 0.0135
vn -0.0001 -0.0263 0.9997
vn 0.9993 0.0042 0.0375
vn 0.9999 -0.0032 0.0125
vn 0.9998 0.0067 0.0201
vn 0.9955 0.0022 0.0945
vn 0.9962 0.0136 0.0865
vn -0.7627 0.5700 0.3055
vn -0.9973 0.0719 0.0138
vn -0.9998 -0.0197 0.0087
vn 0.8089 0.5700 0.1443
vn 0.8126 -0.2563 0.5234
vn 1.0000 -0.0044 0.0088
vn 1.0000 0.0014 0.0082
vn 0.9999 0.0075 -0.0079
vn -0.9930 0.0312 0.1136
vn -0.0238 -0.0098 0.9997
vn -0.9902 0.1048 0.0922
vn -0.0390 -0.0233 0.9990
vn -0.9987 -0.0129 0.0502
vn 0.8276 0.5525 -0.0993
vn 0.0020 1.0000 0.0033
vn 0.0030 0.9995 0.0313
vn -0.9999 0.0089 -0.0052
vn -0.0023 1.0000 0.0040
vn -0.0064 1.0000 -0.0003
vn 0.0009 1.0000 0.0065
vn -0.0000 -0.0000 -1.0000
vn -0.0001 0.0000 -1.0000
vn -0.0043 0.0044 -1.0000
vn -0.5629 0.2096 0.7995
vn -0.9907 -0.0051 0.1358
vn -0.4622 0.2127 0.8609
vn 0.3471 0.0387 0.9370
vn 0.4691 0.1159 0.8755
vn -0.0035 -0.0027 1.0000
vn 0.9998 -0.0049 0.0189
vn -0.9952 -0.0499 0.0847
vn 0.2544 0.0110 0.9670
vn -0.9996 -0.0193 0.0205
vn 0.0494 0.0667 0.9965
vn 0.0933 0.0619 0.9937
vn 0.9612 0.1646 0.2212
vn 0.9900 0.1235 0.0688
vn 0.9903 0.1381 0.0131
vn -0.0002 0.0001 -1.0000
vn 0.9998 0.0011 0.0193
vn 0.0086 0.0101 -0.9999
vn 0.0216 0.0017 -0.9998
vn 0.5874 -0.0000 -0.8093
vn 0.9978 -0.0343 -0.0559
vn 0.9984 -0.0116 -0.0558
vn 0.8436 -0.0089 -0.5368
vn -0.0007 -0.0014 -1.0000
vn -0.0008 -0.0015 -1.0000
vn -0.0008 0.0009 -1.0000
vn 0.9999 -0.0099 0.0114
vn 0.5747 0.2315 0.7849
vn 0.0104 -0.0051 -0.9999
vn 0.7843 0.1811 -0.5933
vn 0.4074 0.3025 -0.8617
vn 0.6237 0.2178 -0.7507
vn 0.3875 0.2010 -0.8997
vn 0.2119 0.4118 -0.8863
vn 0.0210 0.0121 -0.9997
vn 0.5931 -0.3247 -0.7368
vn 0.4325 0.0846 -0.8976
vn 0.0265 0.0062 -0.9996
vn 0.6785 -0.3652 -0.6374
vn 0.9859 -0.0676 -0.1532
vn 0.9511 0.0081 -0.3087
vn 0.6961 -0.1128 -0.7091
vn 0.5902 -0.0085 -0.8072
vn 0.0402 -0.0001 -0.9992
vn 0.6476 -0.2264 -0.7276
vn 0.8002 0.0928 -0.5925
vn 0.6817 -0.2229 -0.6969
vn 0.0589 0.0030 -0.9983
vn 0.6365 0.0197 -0.7710
vn 0.0287 -0.0036 -0.9996
vn 0.9077 -0.1632 -0.3866
vn 0.8668 -0.0618 -0.4948
vn 0.9055 -0.0330 -0.4231
vn 0.9964 0.0003 -0.0849
vn 0.9948 -0.0449 -0.0916
vn 0.9803 0.1362 -0.1428
vn 0.9471 -0.1244 -0.2957
vn 0.9973 -0.0702 -0.0212
vn 0.9308 -0.0773 -0.3573
vn 0.4313 -0.0291 -0.9017
vn 0.0343 -0.0285 -0.9990
vn 0.1520 -0.1116 -0.9821
vn 0.0784 -0.3782 -0.9224
vn 0.0231 -0.0013 -0.9997
vn 0.3016 0.0240 -0.9531
vn 0.1974 0.0927 -0.9759
vn 0.0709 0.0096 -0.9974
vn 0.8716 0.4481 -0.1987
vn 0.5371 0.3376 -0.7731
vn 0.9955 0.0100 -0.0941
vn 0.8369 0.4615 -0.2944
vn 0.0533 0.9983 -0.0226
vn 0.1932 -0.2447 -0.9502
vn 0.3358 -0.2301 -0.9134
vn 0.0916 0.9953 -0.0305
vn 0.2221 0.7429 -0.6315
vn 0.2096 0.4243 -0.8809
vn -0.7505 -0.0358 -0.6600
vn -0.0343 -0.0045 -0.9994
vn -0.5765 0.0847 -0.8127
vn -0.0205 0.0016 -0.9998
vn -0.9840 -0.0219 -0.1770
vn -0.7727 -0.0623 -0.6317
vn -0.0346 0.0168 -0.9993
vn -0.6041 0.1931 -0.7731
vn -0.8337 -0.0432 -0.5506
vn -0.5818 0.1073 -0.8062
vn -0.5897 0.3069 -0.7471
vn -0.4870 0.1957 -0.8512
vn -0.1524 -0.0604 -0.9865
vn -0.5411 -0.4722 -0.6959
vn -0.8138 -0.2632 -0.5181
vn -0.8574 -0.3641 -0.3637
vn -0.8562 -0.2503 -0.4519
vn -0.8463 -0.1071 -0.5219
vn -0.8596 -0.1192 -0.4969
vn -0.7834 -0.2123 -0.5841
vn -0.8205 -0.2530 -0.5126
vn -0.8228 -0.1749 -0.5407
vn -0.8828 -0.1518 -0.4446
vn -0.8529 -0.1164 -0.5090
vn -0.1467 0.8051 -0.5747
vn -0.2603 0.5216 -0.8125
vn -0.2588 0.4676 -0.8452
vn -0.0927 0.9937 -0.0632
vn -0.8091 0.1590 -0.5658
vn -0.1140 0.9935 0.0080
vn -0.7313 0.6810 0.0384
vn -0.8168 0.5536 0.1621
vn 0.0003 -0.9999 -0.0135
vn 0.0001 -0.0263 -0.9997
vn -0.9767 0.0693 -0.2034
vn -0.9999 -0.0032 -0.0125
vn -0.9998 0.0067 -0.0201
vn -0.9955 0.0022 -0.0945
vn -0.9962 0.0136 -0.0865
vn 0.7627 0.5700 -0.3055
vn 0.9973 0.0719 -0.0138
vn 0.9998 -0.0197 -0.0087
vn -0.8089 0.5700 -0.1443
vn -0.8126 -0.2563 -0.5234
vn -1.0000 -0.0044 -0.0088
vn -1.0000 0.0014 -0.0082
vn -0.9999 0.0075 0.0079
vn 0.0238 -0.0098 -0.9997
vn 0.9902 0.1048 -0.0922
vn 0.0390 -0.0233 -0.9990
vn 0.9987 -0.0129 -0.0502
vn -0.8276 0.5524 0.0993
vn -0.0020 1.0000 -0.0032
vn -0.0030 0.9995 -0.0313
vn -0.0020 1.0000 -0.0033
vn 0.9999 0.0088 0.0053
vn 0.0000 -0.0000 1.0000
vn 0.0001 0.0000 1.0000
vn 0.0043 0.0044 1.0000
vn -0.3471 0.0387 -0.9370
vn -0.4691 0.1159 -0.8755
vn 0.9913 -0.0099 -0.1309
vn 0.9994 -0.0176 -0.0285
vn 0.9821 -0.0485 -0.1819
vn 0.9779 -0.0241 -0.2075
vn 0.0059 -0.0021 -1.0000
vn 0.5630 0.1997 -0.8020
vn -0.9998 -0.0049 -0.0189
vn 0.1001 0.0323 -0.9945
vn -0.2544 0.0110 -0.9670
vn 0.0681 -0.0091 -0.9976
vn -0.0494 0.0667 -0.9965
vn -0.0933 0.0619 -0.9937
vn -0.9612 0.1646 -0.2212
vn -0.9900 0.1235 -0.0688
vn -0.9903 0.1381 -0.0131
vn 0.0002 0.0001 1.0000
vn -0.0086 0.0101 0.9999
vn -0.0216 0.0017 0.9998
vn -0.5874 -0.0000 0.8093
vn -0.9978 -0.0343 0.0559
vn -0.9984 -0.0116 0.0558
vn -0.8436 -0.0089 0.5368
vn -0.0083 -0.0041 1.0000
vn 0.0020 -0.0039 1.0000
vn -0.9999 -0.0099 -0.0114
vn -0.9997 -0.0002 -0.0263
vn -0.9998 0.0011 -0.0193
vn -0.5747 0.2315 -0.7849
vn -0.9911 0.0338 0.1287
vn 0.1722 0.5977 0.7830
vn -0.8367 0.5302 0.1370
vn 0.0514 -0.9986 -0.0086
vn 0.9999 -0.0158 0.0032
vn 0.9999 -0.0117 0.0051
vn 0.0060 -0.9998 -0.0180
vn 0.0006 -0.9956 0.0940
vn -0.9999 0.0065 -0.0156
vn -0.0011 0.0012 -1.0000
vn -0.7539 0.6566 0.0218
vn -0.9999 0.0019 0.0167
vn -1.0000 -0.0016 -0.0034
vn -0.0080 -0.0021 1.0000
vn 0.0022 1.0000 0.0059
vn 0.0023 1.0000 0.0065
vn 0.0005 1.0000 0.0014
vn -0.0015 1.0000 0.0015
vn 0.9999 -0.0063 0.0122
vn -0.9959 0.0878 0.0233
vn -0.9864 0.0907 0.1372
vn -0.0166 -0.0102 0.9998
vn 0.0126 0.0536 0.9985
vn -0.7803 0.0884 0.6192
vn 0.9948 0.1015 0.0083
vn -0.0015 1.0000 0.0020
vn -0.0065 1.0000 0.0006
vn -0.0067 0.0019 -1.0000
vn -0.0032 -0.0024 -1.0000
vn 0.7516 -0.2873 -0.5938
vn 0.9893 0.0364 -0.1413
vn 0.9958 0.0357 -0.0849
vn 0.9570 0.1284 -0.2601
vn -0.1722 0.5977 -0.7830
vn 0.8367 0.5302 -0.1370
vn -0.0514 -0.9986 0.0086
vn -0.9999 -0.0158 -0.0032
vn -0.9999 -0.0116 -0.0051
vn -0.0060 -0.9998 0.0180
vn -0.0006 -0.9956 -0.0940
vn 1.0000 0.0024 0.0093
vn 0.0011 0.0012 1.0000
vn 0.7539 0.6566 -0.0218
vn 0.0080 -0.0021 -1.0000
vn 0.9973 0.0065 -0.0732
vn 0.9999 0.0024 -0.0159
vn -0.0005 1.0000 -0.0062
vn 0.0060 1.0000 0.0003
vn 0.0060 1.0000 0.0004
vn -0.0005 1.0000 -0.0014
vn -0.0027 1.0000 -0.0066
vn -0.0023 1.0000 -0.0063
vn 0.0015 1.0000 -0.0015
vn -0.9999 -0.0063 -0.0122
vn 0.9959 0.0878 -0.0233
vn 0.9864 0.0907 -0.1372
vn 0.0063 1.0000 -0.0006
vn 0.9997 0.0020 -0.0246
vn -0.0126 0.0536 -0.9985
vn 0.7803 0.0884 -0.6192
vn -0.9948 0.1015 -0.0083
vn 0.0015 1.0000 -0.0020
vn 0.0067 0.0019 1.0000
vn 0.0055 -0.0042 1.0000
vn 0.0005 0.0005 1.0000
vn 0.0009 0.0011 1.0000
vn -0.0078 0.0007 1.0000
vn -0.0079 0.0007 1.0000
vn -0.0079 0.0008 1.0000
vn 0.0078 0.0007 -1.0000
vn 0.0079 0.0007 -1.0000
vn 0.0079 0.0008 -1.0000
vn 0.0006 -0.9956 0.0939
vn -0.0081 -0.0021 1.0000
vn 0.0081 -0.0021 -1.0000
usemtl sandstone
s 1
f 550/1561/75 549/1562/76 551/1563/77
f 551/1564/77 549/1565/76 553/1566/78
f 555/1567/79 551/1564/77 553/1566/78
f 555/1568/79 553/1569/78 554/1570/80
f 556/1571/81 549/1565/76 647/1572/82
f 554/1573/80 553/1566/78 559/1574/83
f 559/1574/83 556/1571/81 558/1575/84
f 559/1576/83 558/1577/84 557/1578/85
f 564/1579/86 567/1580/87 561/1581/88
f 562/1582/89 561/1583/88 631/1584/90
f 560/1585/91 552/1586/92 554/1573/80
f 563/1587/93 560/1588/91 565/1589/94
f 563/1587/93 566/1590/95 567/1580/87
f 566/1591/95 565/1592/94 633/1593/96
f 624/1594/97 568/1595/98 571/1596/99
f 564/1579/86 562/1597/89 627/1598/100
f 574/1599/101 573/1600/102 570/1601/103
f 574/1599/101 570/1601/103 615/1602/104
f 623/1603/105 568/1595/98 624/1594/97
f 571/1596/99 568/1595/98 569/1604/106
f 576/1605/107 623/1606/108 622/1607/109
f 562/1582/89 631/1584/90 578/1608/110
f 577/1609/111 568/1610/112 620/1611/113
f 569/1612/106 577/1609/111 610/1613/114
f 572/1614/115 569/1604/106 579/1615/116
f 617/1616/117 572/1614/115 580/1617/118
f 582/1618/119 572/1614/115 579/1615/116
f 579/1619/116 569/1612/106 610/1613/114
f 582/1620/119 583/1621/120 572/1622/115
f 584/1623/121 579/1619/116 608/1624/122
f 587/1625/123 638/1626/124 586/1627/125
f 637/1628/126 638/1626/124 635/1629/127
f 630/1630/128 632/1631/129 589/1632/130
f 593/1633/131 630/1634/128 590/1635/132
f 591/1636/133 632/1637/129 637/1628/126
f 589/1638/130 591/1636/133 592/1639/134
f 590/1635/132 589/1638/130 592/1639/134
f 591/1640/133 637/1641/126 635/1642/127
f 618/1643/135 619/1644/136 595/1645/137
f 614/1646/138 618/1647/135 596/1648/139
f 594/1649/140 629/1650/141 593/1651/131
f 628/1652/142 594/1649/140 597/1653/143
f 597/1653/143 596/1648/139 595/1654/137
f 603/1655/144 614/1646/138 596/1648/139
f 598/1656/145 594/1649/140 602/1657/146
f 599/1658/147 612/1659/148 611/1660/149
f 599/1658/147 611/1660/149 678/1661/150
f 598/1656/145 602/1657/146 601/1662/151
f 605/1663/152 600/1664/153 609/1665/154
f 642/1666/155 613/1667/155 606/1668/155
f 618/1643/135 620/1611/113 621/1669/156
f 620/1670/113 610/1671/114 577/1672/111
f 635/1642/127 592/1673/157 591/1640/133
f 672/1674/158 668/1675/159 588/1676/160 650/1677/161
f 583/1621/120 581/1678/162 580/1679/118
f 625/1680/163 639/1681/164 627/1598/100
f 607/1682/165 609/1683/154 600/1684/153
f 598/1656/145 616/1685/166 597/1653/143
f 598/1656/167 601/1662/168 643/1686/169
f 571/1596/99 617/1616/117 570/1601/103 624/1594/97
f 617/1616/117 615/1602/104 570/1601/103
f 633/1593/96 561/1583/88 566/1591/95
f 621/1669/156 619/1644/136 618/1643/135
f 634/1687/170 552/1688/92 560/1588/91
f 624/1594/97 570/1601/103 575/1689/171
f 613/1690/172 580/1617/118 581/1691/162
f 631/1584/90 561/1583/88 633/1593/96
f 565/1592/94 560/1585/91 636/1692/173
f 625/1680/163 573/1600/102 574/1599/101 640/1693/174
f 609/1683/154 604/1694/175 605/1695/152
f 604/1696/176 641/1697/177 581/1678/176
f 642/1698/178 640/1693/174 615/1602/104
f 615/1602/104 640/1693/174 574/1599/101
f 653/1699/179 664/1700/180 661/1701/181
f 652/1702/182 660/1703/183 644/1704/184
f 649/1705/185 646/1706/186 648/1707/187
f 586/1627/125 654/1708/188 645/1709/189
f 647/1572/82 649/1710/185 648/1711/187
f 647/1572/82 654/1708/190 638/1626/124
f 549/1565/76 649/1710/185 647/1572/82
f 645/1712/189 651/1713/191 650/1677/161
f 646/1706/186 653/1714/192 648/1707/187
f 645/1709/189 654/1708/188 651/1715/193
f 646/1706/186 644/1716/194 653/1714/192
f 665/1717/195 656/1718/196 666/1719/197
f 666/1720/197 657/1721/198 663/1722/199
f 660/1703/183 662/1723/200 644/1704/184
f 586/1724/125 645/1712/189 650/1677/161
f 601/1662/168 667/1725/201 643/1686/169
f 672/1726/202 671/1727/203 668/1728/204
f 674/1729/205 673/1730/206 675/1731/207
f 625/1732/182 643/1733/208 639/1734/209
f 625/1732/182 640/1735/210 643/1733/208
f 670/1736/211 592/1673/157 667/1725/201
f 601/1662/151 593/1651/131 670/1736/212
f 671/1727/203 667/1737/213 668/1728/204
f 673/1730/206 643/1686/169 675/1731/207
f 680/1738/214 679/1739/215 681/1740/216
f 681/1741/216 679/1742/215 683/1743/217
f 685/1744/218 679/1742/215 777/1745/219
f 684/1746/220 683/1743/217 688/1747/221
f 688/1747/221 685/1744/218 687/1748/222
f 688/1749/221 687/1750/222 686/1751/223
f 693/1752/224 696/1753/225 690/1754/226
f 691/1755/227 690/1756/226 762/1757/228
f 682/1758/229 681/1741/216 683/1743/217 684/1746/220
f 692/1759/230 689/1760/231 694/1761/232
f 692/1759/230 695/1762/233 696/1753/225
f 695/1763/233 694/1764/232 764/1765/234
f 755/1766/235 697/1767/236 700/1768/237
f 693/1752/224 691/1769/227 758/1770/238
f 703/1771/239 702/1772/240 699/1773/241
f 703/1771/239 699/1773/241 746/1774/242
f 754/1775/243 697/1767/236 755/1766/235
f 700/1768/237 697/1767/236 698/1776/244
f 706/1777/245 754/1778/246 753/1779/247
f 691/1755/227 762/1757/228 708/1780/248
f 707/1781/249 697/1782/250 751/1783/251
f 701/1784/252 698/1776/244 709/1785/253
f 748/1786/254 701/1784/252 710/1787/255
f 712/1788/256 701/1784/252 709/1785/253
f 709/1789/253 704/1790/257 741/1791/258
f 712/1792/256 713/1793/259 701/1794/252
f 714/1795/260 709/1789/253 739/1796/261
f 717/1797/262 769/1798/263 716/1799/264
f 768/1800/265 769/1798/263 766/1801/266
f 761/1802/267 763/1803/268 719/1804/269
f 723/1805/270 761/1806/267 720/1807/271
f 721/1808/272 763/1809/268 768/1800/265
f 719/1810/269 721/1808/272 722/1811/273
f 720/1807/271 719/1810/269 722/1811/273
f 721/1812/272 768/1813/265 766/1814/266
f 749/1815/274 750/1816/275 725/1817/276
f 745/1818/277 749/1819/274 726/1820/278
f 724/1821/279 760/1822/280 723/1823/270
f 759/1824/281 724/1821/279 727/1825/282
f 727/1825/282 726/1820/278 725/1826/276
f 734/1827/283 745/1818/277 726/1820/278
f 728/1828/284 724/1821/279 732/1829/285
f 729/1830/286 743/1831/287 742/1832/288
f 729/1830/286 742/1832/288 805/1833/289
f 728/1828/284 732/1829/285 731/1834/290
f 736/1835/291 730/1836/292 740/1837/293
f 773/1838/294 744/1839/294 737/1840/294
f 749/1815/274 751/1783/251 752/1841/295
f 751/1842/251 741/1843/258 707/1844/249
f 766/1814/266 722/1845/296 721/1812/272
f 800/1846/297 796/1847/298 718/1848/299 779/1849/300
f 713/1793/259 711/1850/301 710/1851/255
f 756/1852/302 770/1853/303 758/1770/238
f 738/1854/304 740/1855/293 730/1856/292
f 728/1828/284 747/1857/305 727/1825/282
f 728/1828/306 731/1834/307 733/1858/308
f 700/1768/237 748/1786/254 699/1773/241 755/1766/235
f 748/1786/254 746/1774/242 699/1773/241
f 764/1765/234 690/1756/226 695/1763/233
f 752/1841/295 750/1816/275 749/1815/274
f 755/1766/235 699/1773/241 705/1859/309
f 744/1860/310 710/1787/255 711/1861/301
f 762/1757/228 690/1756/226 764/1765/234
f 694/1764/232 689/1862/231 767/1863/311
f 756/1852/302 702/1772/240 703/1771/239 771/1864/312
f 740/1855/293 735/1865/313 736/1866/291
f 735/1867/314 772/1868/315 711/1850/316
f 773/1869/317 771/1864/312 746/1774/242
f 746/1774/242 771/1864/312 703/1771/239
f 781/1870/318 788/1871/319 774/1872/320
f 716/1799/264 782/1873/321 775/1874/322
f 776/1875/323 774/1876/324 808/1877/325 806/1878/326
f 777/1745/219 782/1873/327 769/1798/263
f 679/1742/215 778/1879/328 777/1745/219
f 775/1880/322 780/1881/329 779/1849/300
f 778/1879/328 806/1882/326 807/1883/330
f 775/1874/322 782/1873/321 780/1884/331
f 782/1873/327 777/1745/219 807/1883/330 809/1885/332
f 793/1886/333 784/1887/334 794/1888/335
f 794/1889/335 785/1890/336 791/1891/337
f 788/1871/319 790/1892/338 774/1872/320
f 716/1893/264 775/1880/322 779/1849/300
f 800/1894/339 799/1895/340 796/1896/341
f 802/1897/342 801/1898/343 803/1899/344
f 756/1900/318 795/1901/345 770/1902/346
f 798/1903/347 722/1845/348 795/1904/349
f 731/1834/290 723/1823/270 798/1903/350
f 799/1895/340 795/1901/345 796/1896/341
f 801/1898/343 733/1858/308 803/1899/344
f 552/1586/92 551/1564/77 555/1567/79
f 562/1597/89 570/1601/103 573/1600/102 627/1598/100
f 554/1573/80 559/1574/83 557/1905/85
f 554/1573/80 557/1905/85 636/1692/173
f 647/1572/82 558/1575/84 556/1571/81
f 564/1579/86 561/1581/88 562/1597/89
f 634/1687/170 560/1588/91 563/1587/93
f 560/1585/91 554/1573/80 636/1692/173
f 563/1587/93 565/1589/94 566/1590/95
f 561/1581/88 567/1580/87 566/1590/95
f 572/1614/115 571/1596/99 569/1604/106
f 576/1605/107 620/1611/113 568/1610/112 623/1606/108
f 617/1616/117 571/1596/99 572/1614/115
f 570/1906/103 562/1582/89 575/1907/171
f 567/1580/87 626/1908/351 634/1687/170 563/1587/93
f 575/1907/171 562/1582/89 578/1608/110
f 569/1612/106 568/1610/112 577/1609/111
f 576/1605/107 622/1607/109 621/1669/156
f 613/1690/172 617/1616/117 580/1617/118
f 556/1571/81 559/1574/83 553/1566/78 549/1565/76
f 583/1621/120 580/1679/118 572/1622/115
f 584/1623/121 608/1624/122 585/1909/352
f 650/1677/161 588/1676/160 587/1910/123 586/1724/125
f 626/1908/351 567/1580/87 564/1579/86
f 639/1681/164 626/1908/351 564/1579/86
f 573/1600/102 625/1680/163 627/1598/100
f 606/1911/353 613/1690/172 581/1691/162
f 587/1625/123 635/1629/127 638/1626/124
f 595/1654/137 619/1912/136 628/1652/142 597/1653/143
f 587/1910/123 588/1676/160 635/1642/127
f 589/1632/130 590/1913/132 630/1630/128
f 591/1636/133 589/1638/130 632/1637/129
f 670/1914/212 590/1635/132 592/1639/134
f 630/1630/128 593/1651/131 629/1650/141
f 594/1649/140 628/1652/142 629/1650/141
f 596/1648/139 618/1647/135 595/1654/137
f 678/1915/150 607/1916/165 600/1664/153 605/1663/152
f 602/1657/146 594/1649/140 593/1651/131
f 598/1656/145 597/1653/143 594/1649/140
f 585/1909/352 608/1624/122 612/1659/148
f 612/1659/148 599/1658/147 585/1909/352
f 674/1917/354 609/1918/354 607/1919/354 603/1920/354
f 601/1662/151 602/1657/146 593/1651/131
f 603/1655/144 607/1682/165 678/1921/150
f 603/1655/355 616/1685/356 673/1730/206 674/1729/205
f 579/1922/357 611/1923/357 612/1924/357 608/1925/357
f 616/1685/166 596/1648/139 597/1653/143
f 584/1623/121 582/1926/119 579/1619/116
f 616/1927/166 603/1928/144 596/1929/139
f 627/1598/100 639/1681/164 564/1579/86
f 584/1930/121 585/1931/352 599/1932/147
f 624/1933/358 628/1934/358 622/1935/358
f 584/1930/121 599/1932/147 582/1620/119
f 678/1915/150 582/1620/119 599/1932/147
f 555/1567/79 554/1573/80 552/1586/92
f 670/1914/212 593/1633/131 590/1635/132
f 604/1696/176 581/1678/176 583/1621/120
f 626/1908/351 639/1681/164 677/1936/359
f 642/1937/360 606/1938/360 641/1939/360
f 581/1691/162 641/1940/361 606/1911/353
f 669/1941/362 634/1687/170 676/1942/363
f 628/1943/364 624/1944/364 578/1608/110
f 551/1563/77 552/1688/92 669/1941/362
f 661/1701/181 665/1945/365 654/1946/366 653/1699/179
f 646/1706/186 649/1705/185 549/1562/76 550/1561/75
f 651/1947/367 654/1946/366 665/1945/365
f 651/1947/367 665/1945/365 666/1948/368
f 652/1949/369 672/1674/158 650/1677/161 651/1713/191
f 586/1627/125 638/1626/124 654/1708/188
f 660/1950/370 658/1951/371 664/1952/371 662/1953/370
f 647/1572/82 648/1711/187 653/1954/372
f 654/1708/190 647/1572/82 653/1954/372
f 672/1726/202 652/1702/182 644/1704/184
f 646/1706/186 550/1561/75 644/1716/194
f 655/1955/373 656/1718/196 665/1717/195 661/1956/373
f 658/1951/371 655/1957/374 661/1958/374 664/1952/371
f 663/1722/199 657/1721/198 659/1959/375
f 663/1960/376 652/1961/376 651/1947/367 666/1948/368
f 663/1962/182 659/1963/182 660/1703/182 652/1702/182
f 662/1964/377 664/1700/180 653/1699/179 644/1965/377
f 671/1727/203 669/1966/378 677/1967/379 667/1737/213
f 666/1720/197 656/1968/196 657/1721/198
f 626/1908/351 677/1936/359 676/1942/363 634/1687/170
f 643/1733/208 667/1737/213 677/1967/379 639/1734/209
f 635/1642/127 588/1676/160 668/1675/159
f 615/1602/104 617/1616/117 613/1690/172 642/1698/178
f 601/1662/168 670/1736/211 667/1725/201
f 669/1941/362 644/1716/194 550/1561/75
f 673/1730/206 616/1685/356 598/1656/167 643/1686/169
f 671/1727/203 672/1726/202 644/1704/184 669/1966/378
f 643/1733/208 640/1735/210 675/1969/210
f 676/1942/363 677/1936/359 669/1941/362
f 685/1744/218 688/1747/221 683/1743/217 679/1742/215
f 603/1928/144 611/1660/149 614/1970/138
f 678/1921/150 611/1971/149 603/1655/144
f 691/1769/227 699/1773/241 702/1772/240 758/1770/238
f 684/1746/220 688/1747/221 686/1972/223
f 684/1746/220 686/1972/223 767/1863/311
f 777/1745/219 687/1748/222 685/1744/218
f 693/1752/224 690/1754/226 691/1769/227
f 765/1973/380 689/1760/231 692/1759/230
f 689/1862/231 684/1746/220 767/1863/311
f 692/1759/230 694/1761/232 695/1762/233
f 690/1754/226 696/1753/225 695/1762/233
f 701/1784/252 700/1768/237 698/1776/244
f 706/1777/245 751/1783/251 697/1782/250 754/1778/246
f 748/1786/254 700/1768/237 701/1784/252
f 699/1974/241 691/1755/227 705/1975/309
f 707/1781/249 741/1791/258 704/1790/257 698/1976/244
f 705/1975/309 691/1755/227 708/1780/248
f 698/1976/244 697/1782/250 707/1781/249
f 696/1753/225 757/1977/381 765/1973/382 692/1759/383
f 706/1777/245 753/1779/247 752/1841/295
f 744/1860/310 748/1786/254 710/1787/255
f 709/1789/253 698/1976/244 704/1790/257
f 713/1793/259 710/1851/255 701/1794/252
f 714/1795/260 739/1796/261 715/1978/384
f 779/1849/300 718/1848/299 717/1979/262 716/1893/264
f 757/1977/381 696/1753/225 693/1752/224
f 770/1853/303 757/1977/381 693/1752/224
f 702/1772/240 756/1852/302 758/1770/238
f 737/1980/385 744/1860/310 711/1861/301
f 717/1797/262 766/1801/266 769/1798/263
f 725/1826/276 750/1981/275 759/1824/281 727/1825/282
f 717/1979/262 718/1848/299 766/1814/266
f 719/1804/269 720/1982/271 761/1802/267
f 721/1808/272 719/1810/269 763/1809/268
f 798/1983/350 720/1807/271 722/1811/273
f 761/1802/267 723/1823/270 760/1822/280
f 724/1821/279 759/1824/281 760/1822/280
f 726/1820/278 749/1819/274 725/1826/276
f 805/1984/289 738/1985/304 730/1836/292 736/1835/291
f 732/1829/285 724/1821/279 723/1823/270
f 728/1828/284 727/1825/282 724/1821/279
f 715/1978/384 739/1796/261 743/1831/287
f 743/1831/287 729/1830/286 715/1978/384
f 802/1986/386 740/1987/386 738/1988/386 734/1989/386
f 731/1834/290 732/1829/285 723/1823/270
f 734/1827/283 738/1854/304 805/1990/289
f 734/1827/387 747/1857/388 801/1898/343 802/1897/342
f 709/1991/389 742/1992/389 743/1993/389 739/1994/389
f 747/1857/305 726/1820/278 727/1825/282
f 714/1795/260 712/1995/256 709/1789/253
f 747/1996/305 734/1997/283 726/1998/278
f 758/1770/238 770/1853/303 693/1752/224
f 714/1999/260 715/2000/384 729/2001/286
f 755/2002/390 759/2003/390 753/2004/390
f 714/1999/260 729/2001/286 712/1792/256
f 805/1984/289 712/1792/256 729/2001/286
f 765/1973/380 682/2005/229 684/2006/220 689/1760/231
f 798/1983/350 723/1805/270 720/1807/271
f 735/1867/314 711/1850/316 713/1793/259
f 757/1977/381 770/1853/303 804/2007/391
f 773/2008/392 737/2009/392 772/2010/392
f 733/1858/308 731/1834/307 795/1904/349
f 711/1861/301 772/2011/393 737/1980/385
f 759/2012/394 755/2013/394 708/1780/248
f 681/1740/395 682/2005/395 797/2014/396
f 809/2015/397 808/2016/398 792/2017/399 789/2018/397
f 776/1875/323 778/2019/328 679/1739/215 680/1738/214
f 780/2020/400 782/2021/401 793/2022/402
f 780/2020/400 793/2022/402 794/2023/403
f 781/2024/404 800/1846/297 779/1849/300 780/1881/329
f 716/1799/264 769/1798/263 782/1873/321
f 788/2025/405 786/2026/406 792/2027/406 790/2028/405
f 778/2019/328 776/1875/323 806/1878/326
f 790/2029/407 792/2017/399 808/2016/398 774/2030/407
f 800/1894/339 781/1870/318 774/1872/320
f 776/1875/323 680/1738/408 774/1876/324
f 783/2031/409 784/1887/334 793/1886/333 789/2032/409
f 786/2026/406 783/2033/410 789/2034/410 792/2027/406
f 791/1891/337 785/1890/336 787/2035/411
f 791/2036/412 781/2037/412 780/2020/400 794/2023/403
f 791/2038/318 787/2039/318 788/1871/318 781/1870/318
f 789/2018/397 793/2022/402 782/2021/401 809/2015/397
f 799/1895/340 797/2040/413 804/2041/414 795/1901/345
f 794/1889/335 784/2042/334 785/1890/336
f 757/1977/381 804/2007/391 765/1973/382
f 756/1900/318 771/2043/415 733/2044/318 795/1901/345
f 795/1901/345 804/2041/414 770/1902/346
f 766/1814/266 718/1848/299 796/1847/298
f 746/1774/242 748/1786/254 744/1860/310 773/1869/317
f 731/1834/307 798/1903/347 795/1904/349
f 797/2014/396 774/1876/324 680/1738/408
f 801/1898/343 747/1857/388 728/1828/306 733/1858/308
f 799/1895/340 800/1894/339 774/1872/320 797/2040/413
f 733/2044/318 771/2043/415 803/2045/416
f 765/1973/382 804/2007/391 797/2014/396
f 734/1997/283 742/1832/288 745/2046/277
f 805/1990/289 742/2047/288 734/1827/283
f 807/1883/330 806/1882/326 808/2048/325 809/1885/332
f 777/1745/219 778/1879/328 807/1883/330
f 618/1643/135 614/1970/417 610/1613/417
f 614/1970/417 611/1660/418 610/1613/417
f 611/1660/418 579/1619/419 610/1613/417
f 610/1613/417 620/1611/113 618/1643/135
f 620/1611/113 576/1605/107 621/1669/156
f 749/1815/274 745/2046/420 741/1791/420
f 745/2046/420 742/1832/421 741/1791/420
f 742/1832/421 709/1789/422 741/1791/420
f 741/1791/420 751/1783/251 749/1815/274
f 751/1783/251 706/1777/245 752/1841/295
f 619/2049/423 621/2050/423 628/1934/358
f 621/2050/423 622/1935/358 628/1934/358
f 622/1935/358 623/2051/358 624/1933/358
f 582/1620/119 678/1915/150 583/1621/120
f 678/1915/150 605/1663/152 583/1621/120
f 605/1663/152 604/1696/176 583/1621/120
f 641/1939/360 604/2052/360 642/1937/360
f 604/2052/360 609/2053/360 674/2054/360
f 674/2054/360 675/1969/210 604/2052/360
f 675/1969/210 640/1735/210 642/1937/360
f 642/1937/360 604/2052/360 675/1969/210
f 578/1608/110 631/1584/90 630/1634/364
f 631/1584/90 633/1593/96 630/1634/364
f 633/1593/96 565/1592/94 632/1637/129
f 565/1592/94 636/1692/173 632/1637/129
f 636/1692/173 557/1905/364 637/1628/126
f 632/1637/129 636/1692/173 637/1628/126
f 624/1944/364 575/1907/171 578/1608/110
f 630/1634/364 633/1593/96 632/1637/129
f 558/1575/84 647/1572/82 638/1626/124
f 557/1905/364 558/1575/84 638/1626/124
f 638/1626/124 637/1628/126 557/1905/364
f 630/1634/364 629/2055/424 578/1608/110
f 629/2055/424 628/1943/364 578/1608/110
f 552/1688/92 634/1687/170 669/1941/362
f 669/1941/362 550/1561/75 551/1563/77
f 668/1675/159 667/1725/201 592/1673/157
f 592/1673/157 635/1642/127 668/1675/159
f 750/2056/390 752/2057/390 759/2003/390
f 752/2057/390 753/2004/390 759/2003/390
f 753/2004/390 754/2058/390 755/2002/390
f 712/1792/256 805/1984/289 713/1793/259
f 805/1984/289 736/1835/291 713/1793/259
f 736/1835/291 735/1867/314 713/1793/259
f 772/2010/392 735/2059/392 773/2008/392
f 735/2059/392 740/2060/392 802/2061/392
f 802/2061/392 803/2045/416 735/2059/392
f 803/2045/416 771/2043/415 773/2008/392
f 773/2008/392 735/2059/392 803/2045/416
f 708/1780/248 762/1757/228 761/1806/394
f 762/1757/228 764/1765/234 761/1806/394
f 764/1765/234 694/1764/232 763/1809/268
f 694/1764/232 767/1863/311 763/1809/268
f 767/1863/311 686/1972/394 768/1800/265
f 763/1809/268 767/1863/311 768/1800/265
f 755/2013/394 705/1975/309 708/1780/248
f 761/1806/394 764/1765/234 763/1809/268
f 687/1748/222 777/1745/219 769/1798/263
f 686/1972/394 687/1748/222 769/1798/263
f 769/1798/263 768/1800/265 686/1972/394
f 761/1806/394 760/2062/425 708/1780/248
f 760/2062/425 759/2012/394 708/1780/248
f 682/2005/395 765/1973/382 797/2014/396
f 797/2014/396 680/1738/408 681/1740/395
f 796/1847/298 795/1904/349 722/1845/348
f 722/1845/348 766/1814/266 796/1847/298
o Cube.125_Cube.159
v 9.975014 0.456138 -19.674427
v 9.975014 14.471761 -18.520737
v 9.975014 0.456138 -19.323921
v 9.975014 14.134710 -18.197975
v 9.625014 14.471761 -18.197975
v 9.625014 0.456138 -19.323921
v 9.625014 0.456138 -19.674427
v 9.775014 0.456138 -19.474428
v 9.625014 14.134710 -18.197975
v 9.625014 14.134710 -18.548481
v -9.975014 0.456138 -19.674427
v -9.975014 14.471761 -18.520737
v -9.975014 0.456138 -19.323921
v -9.975014 14.134710 -18.197975
v -9.625014 14.471761 -18.197975
v -9.625014 0.456138 -19.323921
v -9.625014 0.456138 -19.674427
v -9.775014 0.456138 -19.474428
v -9.625014 14.134710 -18.197975
v -9.625014 14.134710 -18.548481
v 9.975014 0.456138 19.674427
v 9.975014 14.471761 18.520737
v 9.975014 0.456138 19.323921
v 9.975014 14.134710 18.197975
v 9.625014 14.471761 18.197975
v 9.625014 0.456138 19.323921
v 9.625014 0.456138 19.674427
v 9.775014 0.456138 19.474428
v 9.625014 14.134710 18.197975
v 9.625014 14.134710 18.548481
v -9.975014 0.456138 19.674427
v -9.975014 14.471761 18.520737
v -9.975014 0.456138 19.323921
v -9.975014 14.134710 18.197975
v -9.625014 14.471761 18.197975
v -9.625014 0.456138 19.323921
v -9.625014 0.456138 19.674427
v -9.775014 0.456138 19.474428
v -9.625014 14.134710 18.197975
v -9.625014 14.134710 18.548481
vt -1.301240 -0.497501
vt 2.338355 -0.497502
vt 2.338355 -0.462502
vt -1.301240 -0.462502
vt 1.462502 1.913471
vt 1.462502 0.545614
vt 1.497501 0.545614
vt 1.497501 1.913471
vt 2.333516 1.947176
vt -1.370631 1.947176
vt -1.338355 1.913471
vt 2.301240 1.913471
vt -1.301240 1.913471
vt 2.338355 1.913471
vt 2.338355 1.947176
vt -1.301240 1.947176
vt -1.413834 0.545614
vt -1.336290 1.913471
vt -1.448885 0.545614
vt 2.301240 1.462501
vt 2.301240 -0.462502
vt 2.333516 -0.497501
vt 2.333516 1.497501
vt -1.413834 -0.462501
vt -1.448885 -0.462501
vt -1.448885 -0.497501
vt -1.428885 -0.477501
vt -1.413834 -0.497501
vt 2.413834 0.545614
vt 2.448885 0.545614
vt -0.462502 1.913471
vt -0.497502 1.947176
vt -0.497502 0.545614
vt -0.462502 0.545614
vt -0.462501 1.913471
vt 1.462502 1.947176
vt -0.462501 1.947176
vt -1.336290 1.462501
vt -1.336290 -0.462502
vt -1.301240 1.462501
vt -1.338355 1.462502
vt -1.370631 1.497501
vt 1.497501 1.947176
vt 1.462501 1.913471
vt 2.338355 1.462501
vt 2.338355 1.497501
vt -1.301240 1.497501
vt -0.497501 1.913471
vt -0.497501 0.545614
vt -0.462501 0.545614
vt -1.301240 1.913471
vt 2.338355 1.913471
vt 2.370631 1.947176
vt -1.333516 1.947176
vt 2.301240 1.947176
vt -1.338355 1.947176
vt -1.338355 1.913471
vt 2.301240 1.913471
vt 2.413834 0.545614
vt 2.448885 0.545614
vt 2.336290 1.913471
vt -1.370631 -0.497501
vt -1.338355 -0.462501
vt -1.413834 1.462502
vt -1.428885 1.477501
vt -1.448885 1.497501
vt -1.448885 1.462502
vt -1.413834 1.497501
vt -1.448885 0.545614
vt -1.413834 0.545614
vt 1.462501 0.545614
vt 1.497501 0.545614
vt -0.462501 1.913471
vt -0.497501 1.913471
vt -0.497501 0.545614
vt -0.462501 0.545614
vt 2.450950 0.545614
vt 2.486001 0.545614
vt 2.373406 1.913471
vt 2.450950 -0.462502
vt 2.466001 -0.477501
vt 2.486001 -0.497501
vt 2.486001 -0.462502
vt 2.450950 -0.497501
vt -1.486001 0.545614
vt -1.450950 0.545614
vt 1.462502 1.913471
vt 1.462502 0.545614
vt 1.497501 0.545614
vt 1.497501 1.947176
vt 1.462502 1.913471
vt 1.462502 1.947176
vt -0.462501 1.947176
vt 2.373406 1.462501
vt 2.373406 -0.462502
vt -0.497501 1.947176
vt -0.462501 1.913471
vt 1.462502 0.545614
vt 1.497502 0.545614
vt 1.497502 1.913471
vt -1.450950 0.545614
vt -1.373406 1.913471
vt -1.486001 0.545614
vt 2.450950 1.462501
vt 2.486001 1.462501
vt 2.486001 1.497501
vt 2.466001 1.477501
vt 2.450950 1.497501
vt 2.450950 0.545614
vt 2.486001 0.545614
vt -0.497501 0.545614
vt -0.462501 0.545614
vn 0.0000 -1.0000 0.0000
vn 0.0000 -0.0820 0.9966
vn 1.0000 -0.0000 0.0000
vn -1.0000 0.0000 0.0000
vn 0.0000 1.0000 0.0000
vn 0.0000 0.0820 -0.9966
vn 0.0000 0.0000 1.0000
vn 0.0000 -0.0820 -0.9966
vn 0.0000 0.0820 0.9966
vn 0.0000 0.0000 -1.0000
usemtl sandstone
s 1
f 813/2063/426 833/2064/426 838/2065/426 818/2066/426
f 818/2067/427 815/2068/427 812/2069/427 813/2070/427
f 811/2071/428 831/2072/428 833/2073/428 813/2074/428
f 818/2075/429 838/2076/429 834/2077/429 814/2078/429
f 815/2079/429 818/2075/429 819/2080/429 816/2081/429
f 824/2082/430 814/2083/430 811/2084/430 821/2085/430
f 815/2086/426 816/2087/426 810/2088/426 817/2089/426
f 815/2086/426 817/2089/426 810/2088/426 812/2090/426
f 811/2071/428 813/2074/428 812/2091/428 810/2092/428
f 819/2093/431 811/2094/431 810/2095/431 816/2096/431
f 828/2097/432 818/2067/432 814/2098/432 824/2099/432
f 829/2100/426 819/2101/426 818/2066/426 828/2102/426
f 844/2103/430 824/2082/430 821/2085/430 841/2104/430
f 821/2105/431 811/2094/431 819/2093/431 829/2106/431
f 828/2102/426 848/2107/426 843/2108/426 823/2109/426
f 828/2097/427 823/2110/427 822/2111/427 825/2112/427
f 823/2113/429 843/2114/429 841/2115/429 821/2116/429
f 824/2117/428 844/2118/428 848/2119/428 828/2120/428
f 825/2121/428 826/2122/428 829/2123/428 828/2120/428
f 844/2103/430 841/2104/430 831/2124/430 834/2125/430
f 825/2126/426 827/2127/426 820/2128/426 826/2129/426
f 825/2126/426 822/2130/426 820/2128/426 827/2127/426
f 821/2116/429 820/2131/429 822/2132/429 823/2113/429
f 829/2106/431 826/2133/431 820/2134/431 821/2105/431
f 838/2135/433 833/2136/433 832/2137/433 835/2138/433
f 835/2139/429 836/2140/429 839/2141/429 838/2076/429
f 835/2142/426 837/2143/426 830/2144/426 836/2145/426
f 835/2142/426 832/2146/426 830/2144/426 837/2143/426
f 831/2072/428 830/2147/428 832/2148/428 833/2073/428
f 839/2149/434 836/2150/434 830/2151/434 831/2152/434
f 848/2153/435 844/2154/435 834/2155/435 838/2135/435
f 849/2156/426 848/2107/426 838/2065/426 839/2157/426
f 841/2158/434 849/2159/434 839/2149/434 831/2152/434
f 848/2153/433 845/2160/433 842/2161/433 843/2162/433
f 845/2163/428 848/2119/428 849/2164/428 846/2165/428
f 845/2166/426 846/2167/426 840/2168/426 847/2169/426
f 845/2166/426 847/2169/426 840/2168/426 842/2170/426
f 841/2115/429 843/2114/429 842/2171/429 840/2172/429
f 849/2159/434 841/2158/434 840/2173/434 846/2174/434
f 834/2125/430 831/2124/430 811/2084/430 814/2083/430
o Cylinder.058_Cylinder.097
v 8.500000 10.816745 -12.699499
v 8.871653 10.816745 -12.625573
v 9.186723 10.816745 -12.415051
v 9.397247 10.816745 -12.099979
v 9.471173 10.816745 -11.728327
v 9.397247 10.816745 -11.356676
v 9.186723 10.816745 -11.041604
v 8.871653 10.816745 -10.831080
v 8.500000 10.816745 -10.757154
v 8.128347 10.816745 -10.831080
v 7.813277 10.816745 -11.041604
v 7.602754 10.816745 -11.356676
v 7.528827 10.816745 -11.728327
v 7.602754 10.816745 -12.099979
v 7.813277 10.816745 -12.415051
v 8.128347 10.816745 -12.625573
v 8.500000 11.912028 -13.169299
v 9.051437 11.912028 -13.059613
v 9.518921 11.912028 -12.747250
v 9.831287 11.912028 -12.279764
v 9.940973 11.912028 -11.728327
v 9.831287 11.912028 -11.176890
v 9.518921 11.912028 -10.709406
v 9.051437 11.912028 -10.397041
v 8.500000 11.912028 -10.287354
v 7.948563 11.912028 -10.397041
v 7.481078 11.912028 -10.709406
v 7.168715 11.912028 -11.176890
v 7.059027 11.912028 -11.728327
v 7.168715 11.912028 -12.279764
v 7.481078 11.912028 -12.747250
v 7.948563 11.912028 -13.059613
v 8.084221 11.368039 -12.732103
v 9.268255 11.368039 -12.496585
v 8.084221 11.368039 -10.724551
v 9.503778 11.368039 -12.144106
v 7.731744 11.368039 -10.960070
v 9.586480 11.368039 -11.728327
v 7.496223 11.368039 -11.312550
v 9.503778 11.368039 -11.312550
v 7.413520 11.368039 -11.728327
v 9.268255 11.368039 -10.960070
v 7.496223 11.368039 -12.144106
v 8.500000 11.368039 -12.814806
v 8.915779 11.368039 -10.724551
v 8.915779 11.368039 -12.732103
v 7.731744 11.368039 -12.496585
v 8.500000 11.368039 -10.641848
v 8.500000 10.816746 -11.728327
v 8.500000 11.912027 -11.728329
v 3.000000 10.816745 -12.699499
v 3.371653 10.816745 -12.625573
v 3.686723 10.816745 -12.415051
v 3.897247 10.816745 -12.099979
v 3.971173 10.816745 -11.728327
v 3.897247 10.816745 -11.356676
v 3.686723 10.816745 -11.041604
v 3.371653 10.816745 -10.831080
v 3.000000 10.816745 -10.757154
v 2.628347 10.816745 -10.831080
v 2.313277 10.816745 -11.041604
v 2.102754 10.816745 -11.356676
v 2.028827 10.816745 -11.728327
v 2.102754 10.816745 -12.099979
v 2.313277 10.816745 -12.415051
v 2.628347 10.816745 -12.625573
v 3.000000 11.912028 -13.169299
v 3.551437 11.912028 -13.059613
v 4.018921 11.912028 -12.747250
v 4.331287 11.912028 -12.279764
v 4.440973 11.912028 -11.728327
v 4.331287 11.912028 -11.176890
v 4.018921 11.912028 -10.709406
v 3.551437 11.912028 -10.397041
v 3.000000 11.912028 -10.287354
v 2.448563 11.912028 -10.397041
v 1.981078 11.912028 -10.709406
v 1.668715 11.912028 -11.176890
v 1.559027 11.912028 -11.728327
v 1.668715 11.912028 -12.279764
v 1.981078 11.912028 -12.747250
v 2.448563 11.912028 -13.059613
v 2.584221 11.368039 -12.732103
v 3.768255 11.368039 -12.496585
v 2.584221 11.368039 -10.724551
v 4.003778 11.368039 -12.144106
v 2.231744 11.368039 -10.960070
v 4.086480 11.368039 -11.728327
v 1.996223 11.368039 -11.312550
v 4.003778 11.368039 -11.312550
v 1.913520 11.368039 -11.728327
v 3.768255 11.368039 -10.960070
v 1.996223 11.368039 -12.144106
v 3.000000 11.368039 -12.814806
v 3.415779 11.368039 -10.724551
v 3.415779 11.368039 -12.732103
v 2.231744 11.368039 -12.496585
v 3.000000 11.368039 -10.641848
v 3.000000 10.816746 -11.728327
v 3.000000 11.912027 -11.728329
v -2.500000 10.816745 -12.699499
v -2.128347 10.816745 -12.625573
v -1.813277 10.816745 -12.415051
v -1.602753 10.816745 -12.099979
v -1.528827 10.816745 -11.728327
v -1.602753 10.816745 -11.356676
v -1.813277 10.816745 -11.041604
v -2.128347 10.816745 -10.831080
v -2.500000 10.816745 -10.757154
v -2.871653 10.816745 -10.831080
v -3.186723 10.816745 -11.041604
v -3.397246 10.816745 -11.356676
v -3.471173 10.816745 -11.728327
v -3.397246 10.816745 -12.099979
v -3.186723 10.816745 -12.415051
v -2.871653 10.816745 -12.625573
v -2.500000 11.912028 -13.169299
v -1.948563 11.912028 -13.059613
v -1.481079 11.912028 -12.747250
v -1.168713 11.912028 -12.279764
v -1.059027 11.912028 -11.728327
v -1.168713 11.912028 -11.176890
v -1.481079 11.912028 -10.709406
v -1.948563 11.912028 -10.397041
v -2.500000 11.912028 -10.287354
v -3.051437 11.912028 -10.397041
v -3.518922 11.912028 -10.709406
v -3.831285 11.912028 -11.176890
v -3.940973 11.912028 -11.728327
v -3.831285 11.912028 -12.279764
v -3.518922 11.912028 -12.747250
v -3.051437 11.912028 -13.059613
v -2.915779 11.368039 -12.732103
v -1.731745 11.368039 -12.496585
v -2.915779 11.368039 -10.724551
v -1.496222 11.368039 -12.144106
v -3.268256 11.368039 -10.960070
v -1.413520 11.368039 -11.728327
v -3.503777 11.368039 -11.312550
v -1.496222 11.368039 -11.312550
v -3.586480 11.368039 -11.728327
v -1.731745 11.368039 -10.960070
v -3.503777 11.368039 -12.144106
v -2.500000 11.368039 -12.814806
v -2.084221 11.368039 -10.724551
v -2.084221 11.368039 -12.732103
v -3.268256 11.368039 -12.496585
v -2.500000 11.368039 -10.641848
v -2.500000 10.816746 -11.728327
v -2.500000 11.912027 -11.728329
v 8.500000 10.816745 -8.449499
v 8.871653 10.816745 -8.375573
v 9.186723 10.816745 -8.165051
v 9.397247 10.816745 -7.849979
v 9.471173 10.816745 -7.478327
v 9.397247 10.816745 -7.106676
v 9.186723 10.816745 -6.791604
v 8.871653 10.816745 -6.581080
v 8.500000 10.816745 -6.507154
v 8.128347 10.816745 -6.581080
v 7.813277 10.816745 -6.791604
v 7.602754 10.816745 -7.106676
v 7.528827 10.816745 -7.478327
v 7.602754 10.816745 -7.849979
v 7.813277 10.816745 -8.165051
v 8.128347 10.816745 -8.375573
v 8.500000 11.912028 -8.919299
v 9.051437 11.912028 -8.809613
v 9.518921 11.912028 -8.497250
v 9.831287 11.912028 -8.029764
v 9.940973 11.912028 -7.478327
v 9.831287 11.912028 -6.926890
v 9.518921 11.912028 -6.459406
v 9.051437 11.912028 -6.147041
v 8.500000 11.912028 -6.037354
v 7.948563 11.912028 -6.147041
v 7.481078 11.912028 -6.459406
v 7.168715 11.912028 -6.926890
v 7.059027 11.912028 -7.478327
v 7.168715 11.912028 -8.029764
v 7.481078 11.912028 -8.497250
v 7.948563 11.912028 -8.809613
v 8.084221 11.368039 -8.482103
v 9.268255 11.368039 -8.246585
v 8.084221 11.368039 -6.474551
v 9.503778 11.368039 -7.894106
v 7.731744 11.368039 -6.710070
v 9.586480 11.368039 -7.478327
v 7.496223 11.368039 -7.062550
v 9.503778 11.368039 -7.062550
v 7.413520 11.368039 -7.478327
v 9.268255 11.368039 -6.710070
v 7.496223 11.368039 -7.894106
v 8.500000 11.368039 -8.564806
v 8.915779 11.368039 -6.474551
v 8.915779 11.368039 -8.482103
v 7.731744 11.368039 -8.246585
v 8.500000 11.368039 -6.391848
v 8.500000 10.816746 -7.478327
v 8.500000 11.912027 -7.478329
v 3.000000 10.816745 -8.449499
v 3.371653 10.816745 -8.375573
v 3.686723 10.816745 -8.165051
v 3.897247 10.816745 -7.849979
v 3.971173 10.816745 -7.478327
v 3.897247 10.816745 -7.106676
v 3.686723 10.816745 -6.791604
v 3.371653 10.816745 -6.581080
v 3.000000 10.816745 -6.507154
v 2.628347 10.816745 -6.581080
v 2.313277 10.816745 -6.791604
v 2.102754 10.816745 -7.106676
v 2.028827 10.816745 -7.478327
v 2.102754 10.816745 -7.849979
v 2.313277 10.816745 -8.165051
v 2.628347 10.816745 -8.375573
v 3.000000 11.912028 -8.919299
v 3.551437 11.912028 -8.809613
v 4.018921 11.912028 -8.497250
v 4.331287 11.912028 -8.029764
v 4.440973 11.912028 -7.478327
v 4.331287 11.912028 -6.926890
v 4.018921 11.912028 -6.459406
v 3.551437 11.912028 -6.147041
v 3.000000 11.912028 -6.037354
v 2.448563 11.912028 -6.147041
v 1.981078 11.912028 -6.459406
v 1.668715 11.912028 -6.926890
v 1.559027 11.912028 -7.478327
v 1.668715 11.912028 -8.029764
v 1.981078 11.912028 -8.497250
v 2.448563 11.912028 -8.809613
v 2.584221 11.368039 -8.482103
v 3.768255 11.368039 -8.246585
v 2.584221 11.368039 -6.474551
v 4.003778 11.368039 -7.894106
v 2.231744 11.368039 -6.710070
v 4.086480 11.368039 -7.478327
v 1.996223 11.368039 -7.062550
v 4.003778 11.368039 -7.062550
v 1.913520 11.368039 -7.478327
v 3.768255 11.368039 -6.710070
v 1.996223 11.368039 -7.894106
v 3.000000 11.368039 -8.564806
v 3.415779 11.368039 -6.474551
v 3.415779 11.368039 -8.482103
v 2.231744 11.368039 -8.246585
v 3.000000 11.368039 -6.391848
v 3.000000 10.816746 -7.478327
v 3.000000 11.912027 -7.478329
v -2.500000 10.816745 -8.449499
v -2.128347 10.816745 -8.375573
v -1.813277 10.816745 -8.165051
v -1.602753 10.816745 -7.849979
v -1.528827 10.816745 -7.478327
v -1.602753 10.816745 -7.106676
v -1.813277 10.816745 -6.791604
v -2.128347 10.816745 -6.581080
v -2.500000 10.816745 -6.507154
v -2.871653 10.816745 -6.581080
v -3.186723 10.816745 -6.791604
v -3.397246 10.816745 -7.106676
v -3.471173 10.816745 -7.478327
v -3.397246 10.816745 -7.849979
v -3.186723 10.816745 -8.165051
v -2.871653 10.816745 -8.375573
v -2.500000 11.912028 -8.919299
v -1.948563 11.912028 -8.809613
v -1.481079 11.912028 -8.497250
v -1.168713 11.912028 -8.029764
v -1.059027 11.912028 -7.478327
v -1.168713 11.912028 -6.926890
v -1.481079 11.912028 -6.459406
v -1.948563 11.912028 -6.147041
v -2.500000 11.912028 -6.037354
v -3.051437 11.912028 -6.147041
v -3.518922 11.912028 -6.459406
v -3.831285 11.912028 -6.926890
v -3.940973 11.912028 -7.478327
v -3.831285 11.912028 -8.029764
v -3.518922 11.912028 -8.497250
v -3.051437 11.912028 -8.809613
v -2.915779 11.368039 -8.482103
v -1.731745 11.368039 -8.246585
v -2.915779 11.368039 -6.474551
v -1.496222 11.368039 -7.894106
v -3.268256 11.368039 -6.710070
v -1.413520 11.368039 -7.478327
v -3.503777 11.368039 -7.062550
v -1.496222 11.368039 -7.062550
v -3.586480 11.368039 -7.478327
v -1.731745 11.368039 -6.710070
v -3.503777 11.368039 -7.894106
v -2.500000 11.368039 -8.564806
v -2.084221 11.368039 -6.474551
v -2.084221 11.368039 -8.482103
v -3.268256 11.368039 -8.246585
v -2.500000 11.368039 -6.391848
v -2.500000 10.816746 -7.478327
v -2.500000 11.912027 -7.478329
v 8.500000 10.816745 -4.199499
v 8.871653 10.816745 -4.125573
v 9.186723 10.816745 -3.915051
v 9.397247 10.816745 -3.599979
v 9.471173 10.816745 -3.228327
v 9.397247 10.816745 -2.856676
v 9.186723 10.816745 -2.541604
v 8.871653 10.816745 -2.331080
v 8.500000 10.816745 -2.257154
v 8.128347 10.816745 -2.331080
v 7.813277 10.816745 -2.541604
v 7.602754 10.816745 -2.856676
v 7.528827 10.816745 -3.228327
v 7.602754 10.816745 -3.599979
v 7.813277 10.816745 -3.915051
v 8.128347 10.816745 -4.125573
v 8.500000 11.912028 -4.669299
v 9.051437 11.912028 -4.559613
v 9.518921 11.912028 -4.247250
v 9.831287 11.912028 -3.779764
v 9.940973 11.912028 -3.228327
v 9.831287 11.912028 -2.676890
v 9.518921 11.912028 -2.209406
v 9.051437 11.912028 -1.897041
v 8.500000 11.912028 -1.787354
v 7.948563 11.912028 -1.897041
v 7.481078 11.912028 -2.209406
v 7.168715 11.912028 -2.676890
v 7.059027 11.912028 -3.228327
v 7.168715 11.912028 -3.779764
v 7.481078 11.912028 -4.247250
v 7.948563 11.912028 -4.559613
v 8.084221 11.368039 -4.232103
v 9.268255 11.368039 -3.996585
v 8.084221 11.368039 -2.224551
v 9.503778 11.368039 -3.644106
v 7.731744 11.368039 -2.460070
v 9.586480 11.368039 -3.228327
v 7.496223 11.368039 -2.812550
v 9.503778 11.368039 -2.812550
v 7.413520 11.368039 -3.228327
v 9.268255 11.368039 -2.460070
v 7.496223 11.368039 -3.644106
v 8.500000 11.368039 -4.314806
v 8.915779 11.368039 -2.224551
v 8.915779 11.368039 -4.232103
v 7.731744 11.368039 -3.996585
v 8.500000 11.368039 -2.141848
v 8.500000 10.816746 -3.228327
v 8.500000 11.912027 -3.228329
v 3.000000 10.816745 -4.199499
v 3.371653 10.816745 -4.125573
v 3.686723 10.816745 -3.915051
v 3.897247 10.816745 -3.599979
v 3.971173 10.816745 -3.228327
v 3.897247 10.816745 -2.856676
v 3.686723 10.816745 -2.541604
v 3.371653 10.816745 -2.331080
v 3.000000 10.816745 -2.257154
v 2.628347 10.816745 -2.331080
v 2.313277 10.816745 -2.541604
v 2.102754 10.816745 -2.856676
v 2.028827 10.816745 -3.228327
v 2.102754 10.816745 -3.599979
v 2.313277 10.816745 -3.915051
v 2.628347 10.816745 -4.125573
v 3.000000 11.912028 -4.669299
v 3.551437 11.912028 -4.559613
v 4.018921 11.912028 -4.247250
v 4.331287 11.912028 -3.779764
v 4.440973 11.912028 -3.228327
v 4.331287 11.912028 -2.676890
v 4.018921 11.912028 -2.209406
v 3.551437 11.912028 -1.897041
v 3.000000 11.912028 -1.787354
v 2.448563 11.912028 -1.897041
v 1.981078 11.912028 -2.209406
v 1.668715 11.912028 -2.676890
v 1.559027 11.912028 -3.228327
v 1.668715 11.912028 -3.779764
v 1.981078 11.912028 -4.247250
v 2.448563 11.912028 -4.559613
v 2.584221 11.368039 -4.232103
v 3.768255 11.368039 -3.996585
v 2.584221 11.368039 -2.224551
v 4.003778 11.368039 -3.644106
v 2.231744 11.368039 -2.460070
v 4.086480 11.368039 -3.228327
v 1.996223 11.368039 -2.812550
v 4.003778 11.368039 -2.812550
v 1.913520 11.368039 -3.228327
v 3.768255 11.368039 -2.460070
v 1.996223 11.368039 -3.644106
v 3.000000 11.368039 -4.314806
v 3.415779 11.368039 -2.224551
v 3.415779 11.368039 -4.232103
v 2.231744 11.368039 -3.996585
v 3.000000 11.368039 -2.141848
v 3.000000 10.816746 -3.228327
v 3.000000 11.912027 -3.228329
v -2.500000 10.816745 -4.199499
v -2.128347 10.816745 -4.125573
v -1.813277 10.816745 -3.915051
v -1.602753 10.816745 -3.599979
v -1.528827 10.816745 -3.228327
v -1.602753 10.816745 -2.856676
v -1.813277 10.816745 -2.541604
v -2.128347 10.816745 -2.331080
v -2.500000 10.816745 -2.257154
v -2.871653 10.816745 -2.331080
v -3.186723 10.816745 -2.541604
v -3.397246 10.816745 -2.856676
v -3.471173 10.816745 -3.228327
v -3.397246 10.816745 -3.599979
v -3.186723 10.816745 -3.915051
v -2.871653 10.816745 -4.125573
v -2.500000 11.912028 -4.669299
v -1.948563 11.912028 -4.559613
v -1.481079 11.912028 -4.247250
v -1.168713 11.912028 -3.779764
v -1.059027 11.912028 -3.228327
v -1.168713 11.912028 -2.676890
v -1.481079 11.912028 -2.209406
v -1.948563 11.912028 -1.897041
v -2.500000 11.912028 -1.787354
v -3.051437 11.912028 -1.897041
v -3.518922 11.912028 -2.209406
v -3.831285 11.912028 -2.676890
v -3.940973 11.912028 -3.228327
v -3.831285 11.912028 -3.779764
v -3.518922 11.912028 -4.247250
v -3.051437 11.912028 -4.559613
v -2.915779 11.368039 -4.232103
v -1.731745 11.368039 -3.996585
v -2.915779 11.368039 -2.224551
v -1.496222 11.368039 -3.644106
v -3.268256 11.368039 -2.460070
v -1.413520 11.368039 -3.228327
v -3.503777 11.368039 -2.812550
v -1.496222 11.368039 -2.812550
v -3.586480 11.368039 -3.228327
v -1.731745 11.368039 -2.460070
v -3.503777 11.368039 -3.644106
v -2.500000 11.368039 -4.314806
v -2.084221 11.368039 -2.224551
v -2.084221 11.368039 -4.232103
v -3.268256 11.368039 -3.996585
v -2.500000 11.368039 -2.141848
v -2.500000 10.816746 -3.228327
v -2.500000 11.912027 -3.228329
v 8.500000 10.816745 12.699499
v 8.871653 10.816745 12.625573
v 9.186723 10.816745 12.415051
v 9.397247 10.816745 12.099979
v 9.471173 10.816745 11.728327
v 9.397247 10.816745 11.356676
v 9.186723 10.816745 11.041604
v 8.871653 10.816745 10.831080
v 8.500000 10.816745 10.757154
v 8.128347 10.816745 10.831080
v 7.813277 10.816745 11.041604
v 7.602754 10.816745 11.356676
v 7.528827 10.816745 11.728327
v 7.602754 10.816745 12.099979
v 7.813277 10.816745 12.415051
v 8.128347 10.816745 12.625573
v 8.500000 11.912028 13.169299
v 9.051437 11.912028 13.059613
v 9.518921 11.912028 12.747250
v 9.831287 11.912028 12.279764
v 9.940973 11.912028 11.728327
v 9.831287 11.912028 11.176890
v 9.518921 11.912028 10.709406
v 9.051437 11.912028 10.397041
v 8.500000 11.912028 10.287354
v 7.948563 11.912028 10.397041
v 7.481078 11.912028 10.709406
v 7.168715 11.912028 11.176890
v 7.059027 11.912028 11.728327
v 7.168715 11.912028 12.279764
v 7.481078 11.912028 12.747250
v 7.948563 11.912028 13.059613
v 8.084221 11.368039 12.732103
v 9.268255 11.368039 12.496585
v 8.084221 11.368039 10.724551
v 9.503778 11.368039 12.144106
v 7.731744 11.368039 10.960070
v 9.586480 11.368039 11.728327
v 7.496223 11.368039 11.312550
v 9.503778 11.368039 11.312550
v 7.413520 11.368039 11.728327
v 9.268255 11.368039 10.960070
v 7.496223 11.368039 12.144106
v 8.500000 11.368039 12.814806
v 8.915779 11.368039 10.724551
v 8.915779 11.368039 12.732103
v 7.731744 11.368039 12.496585
v 8.500000 11.368039 10.641848
v 8.500000 10.816746 11.728327
v 8.500000 11.912027 11.728329
v 3.000000 10.816745 12.699499
v 3.371653 10.816745 12.625573
v 3.686723 10.816745 12.415051
v 3.897247 10.816745 12.099979
v 3.971173 10.816745 11.728327
v 3.897247 10.816745 11.356676
v 3.686723 10.816745 11.041604
v 3.371653 10.816745 10.831080
v 3.000000 10.816745 10.757154
v 2.628347 10.816745 10.831080
v 2.313277 10.816745 11.041604
v 2.102754 10.816745 11.356676
v 2.028827 10.816745 11.728327
v 2.102754 10.816745 12.099979
v 2.313277 10.816745 12.415051
v 2.628347 10.816745 12.625573
v 3.000000 11.912028 13.169299
v 3.551437 11.912028 13.059613
v 4.018921 11.912028 12.747250
v 4.331287 11.912028 12.279764
v 4.440973 11.912028 11.728327
v 4.331287 11.912028 11.176890
v 4.018921 11.912028 10.709406
v 3.551437 11.912028 10.397041
v 3.000000 11.912028 10.287354
v 2.448563 11.912028 10.397041
v 1.981078 11.912028 10.709406
v 1.668715 11.912028 11.176890
v 1.559027 11.912028 11.728327
v 1.668715 11.912028 12.279764
v 1.981078 11.912028 12.747250
v 2.448563 11.912028 13.059613
v 2.584221 11.368039 12.732103
v 3.768255 11.368039 12.496585
v 2.584221 11.368039 10.724551
v 4.003778 11.368039 12.144106
v 2.231744 11.368039 10.960070
v 4.086480 11.368039 11.728327
v 1.996223 11.368039 11.312550
v 4.003778 11.368039 11.312550
v 1.913520 11.368039 11.728327
v 3.768255 11.368039 10.960070
v 1.996223 11.368039 12.144106
v 3.000000 11.368039 12.814806
v 3.415779 11.368039 10.724551
v 3.415779 11.368039 12.732103
v 2.231744 11.368039 12.496585
v 3.000000 11.368039 10.641848
v 3.000000 10.816746 11.728327
v 3.000000 11.912027 11.728329
v -2.500000 10.816745 12.699499
v -2.128347 10.816745 12.625573
v -1.813277 10.816745 12.415051
v -1.602753 10.816745 12.099979
v -1.528827 10.816745 11.728327
v -1.602753 10.816745 11.356676
v -1.813277 10.816745 11.041604
v -2.128347 10.816745 10.831080
v -2.500000 10.816745 10.757154
v -2.871653 10.816745 10.831080
v -3.186723 10.816745 11.041604
v -3.397246 10.816745 11.356676
v -3.471173 10.816745 11.728327
v -3.397246 10.816745 12.099979
v -3.186723 10.816745 12.415051
v -2.871653 10.816745 12.625573
v -2.500000 11.912028 13.169299
v -1.948563 11.912028 13.059613
v -1.481079 11.912028 12.747250
v -1.168713 11.912028 12.279764
v -1.059027 11.912028 11.728327
v -1.168713 11.912028 11.176890
v -1.481079 11.912028 10.709406
v -1.948563 11.912028 10.397041
v -2.500000 11.912028 10.287354
v -3.051437 11.912028 10.397041
v -3.518922 11.912028 10.709406
v -3.831285 11.912028 11.176890
v -3.940973 11.912028 11.728327
v -3.831285 11.912028 12.279764
v -3.518922 11.912028 12.747250
v -3.051437 11.912028 13.059613
v -2.915779 11.368039 12.732103
v -1.731745 11.368039 12.496585
v -2.915779 11.368039 10.724551
v -1.496222 11.368039 12.144106
v -3.268256 11.368039 10.960070
v -1.413520 11.368039 11.728327
v -3.503777 11.368039 11.312550
v -1.496222 11.368039 11.312550
v -3.586480 11.368039 11.728327
v -1.731745 11.368039 10.960070
v -3.503777 11.368039 12.144106
v -2.500000 11.368039 12.814806
v -2.084221 11.368039 10.724551
v -2.084221 11.368039 12.732103
v -3.268256 11.368039 12.496585
v -2.500000 11.368039 10.641848
v -2.500000 10.816746 11.728327
v -2.500000 11.912027 11.728329
v 8.500000 10.816745 8.449499
v 8.871653 10.816745 8.375573
v 9.186723 10.816745 8.165051
v 9.397247 10.816745 7.849979
v 9.471173 10.816745 7.478327
v 9.397247 10.816745 7.106676
v 9.186723 10.816745 6.791604
v 8.871653 10.816745 6.581080
v 8.500000 10.816745 6.507154
v 8.128347 10.816745 6.581080
v 7.813277 10.816745 6.791604
v 7.602754 10.816745 7.106676
v 7.528827 10.816745 7.478327
v 7.602754 10.816745 7.849979
v 7.813277 10.816745 8.165051
v 8.128347 10.816745 8.375573
v 8.500000 11.912028 8.919299
v 9.051437 11.912028 8.809613
v 9.518921 11.912028 8.497250
v 9.831287 11.912028 8.029764
v 9.940973 11.912028 7.478327
v 9.831287 11.912028 6.926890
v 9.518921 11.912028 6.459406
v 9.051437 11.912028 6.147041
v 8.500000 11.912028 6.037354
v 7.948563 11.912028 6.147041
v 7.481078 11.912028 6.459406
v 7.168715 11.912028 6.926890
v 7.059027 11.912028 7.478327
v 7.168715 11.912028 8.029764
v 7.481078 11.912028 8.497250
v 7.948563 11.912028 8.809613
v 8.084221 11.368039 8.482103
v 9.268255 11.368039 8.246585
v 8.084221 11.368039 6.474551
v 9.503778 11.368039 7.894106
v 7.731744 11.368039 6.710070
v 9.586480 11.368039 7.478327
v 7.496223 11.368039 7.062550
v 9.503778 11.368039 7.062550
v 7.413520 11.368039 7.478327
v 9.268255 11.368039 6.710070
v 7.496223 11.368039 7.894106
v 8.500000 11.368039 8.564806
v 8.915779 11.368039 6.474551
v 8.915779 11.368039 8.482103
v 7.731744 11.368039 8.246585
v 8.500000 11.368039 6.391848
v 8.500000 10.816746 7.478327
v 8.500000 11.912027 7.478329
v 3.000000 10.816745 8.449499
v 3.371653 10.816745 8.375573
v 3.686723 10.816745 8.165051
v 3.897247 10.816745 7.849979
v 3.971173 10.816745 7.478327
v 3.897247 10.816745 7.106676
v 3.686723 10.816745 6.791604
v 3.371653 10.816745 6.581080
v 3.000000 10.816745 6.507154
v 2.628347 10.816745 6.581080
v 2.313277 10.816745 6.791604
v 2.102754 10.816745 7.106676
v 2.028827 10.816745 7.478327
v 2.102754 10.816745 7.849979
v 2.313277 10.816745 8.165051
v 2.628347 10.816745 8.375573
v 3.000000 11.912028 8.919299
v 3.551437 11.912028 8.809613
v 4.018921 11.912028 8.497250
v 4.331287 11.912028 8.029764
v 4.440973 11.912028 7.478327
v 4.331287 11.912028 6.926890
v 4.018921 11.912028 6.459406
v 3.551437 11.912028 6.147041
v 3.000000 11.912028 6.037354
v 2.448563 11.912028 6.147041
v 1.981078 11.912028 6.459406
v 1.668715 11.912028 6.926890
v 1.559027 11.912028 7.478327
v 1.668715 11.912028 8.029764
v 1.981078 11.912028 8.497250
v 2.448563 11.912028 8.809613
v 2.584221 11.368039 8.482103
v 3.768255 11.368039 8.246585
v 2.584221 11.368039 6.474551
v 4.003778 11.368039 7.894106
v 2.231744 11.368039 6.710070
v 4.086480 11.368039 7.478327
v 1.996223 11.368039 7.062550
v 4.003778 11.368039 7.062550
v 1.913520 11.368039 7.478327
v 3.768255 11.368039 6.710070
v 1.996223 11.368039 7.894106
v 3.000000 11.368039 8.564806
v 3.415779 11.368039 6.474551
v 3.415779 11.368039 8.482103
v 2.231744 11.368039 8.246585
v 3.000000 11.368039 6.391848
v 3.000000 10.816746 7.478327
v 3.000000 11.912027 7.478329
v -2.500000 10.816745 8.449499
v -2.128347 10.816745 8.375573
v -1.813277 10.816745 8.165051
v -1.602753 10.816745 7.849979
v -1.528827 10.816745 7.478327
v -1.602753 10.816745 7.106676
v -1.813277 10.816745 6.791604
v -2.128347 10.816745 6.581080
v -2.500000 10.816745 6.507154
v -2.871653 10.816745 6.581080
v -3.186723 10.816745 6.791604
v -3.397246 10.816745 7.106676
v -3.471173 10.816745 7.478327
v -3.397246 10.816745 7.849979
v -3.186723 10.816745 8.165051
v -2.871653 10.816745 8.375573
v -2.500000 11.912028 8.919299
v -1.948563 11.912028 8.809613
v -1.481079 11.912028 8.497250
v -1.168713 11.912028 8.029764
v -1.059027 11.912028 7.478327
v -1.168713 11.912028 6.926890
v -1.481079 11.912028 6.459406
v -1.948563 11.912028 6.147041
v -2.500000 11.912028 6.037354
v -3.051437 11.912028 6.147041
v -3.518922 11.912028 6.459406
v -3.831285 11.912028 6.926890
v -3.940973 11.912028 7.478327
v -3.831285 11.912028 8.029764
v -3.518922 11.912028 8.497250
v -3.051437 11.912028 8.809613
v -2.915779 11.368039 8.482103
v -1.731745 11.368039 8.246585
v -2.915779 11.368039 6.474551
v -1.496222 11.368039 7.894106
v -3.268256 11.368039 6.710070
v -1.413520 11.368039 7.478327
v -3.503777 11.368039 7.062550
v -1.496222 11.368039 7.062550
v -3.586480 11.368039 7.478327
v -1.731745 11.368039 6.710070
v -3.503777 11.368039 7.894106
v -2.500000 11.368039 8.564806
v -2.084221 11.368039 6.474551
v -2.084221 11.368039 8.482103
v -3.268256 11.368039 8.246585
v -2.500000 11.368039 6.391848
v -2.500000 10.816746 7.478327
v -2.500000 11.912027 7.478329
v 8.500000 10.816745 4.199499
v 8.871653 10.816745 4.125573
v 9.186723 10.816745 3.915051
v 9.397247 10.816745 3.599979
v 9.471173 10.816745 3.228327
v 9.397247 10.816745 2.856676
v 9.186723 10.816745 2.541604
v 8.871653 10.816745 2.331080
v 8.500000 10.816745 2.257154
v 8.128347 10.816745 2.331080
v 7.813277 10.816745 2.541604
v 7.602754 10.816745 2.856676
v 7.528827 10.816745 3.228327
v 7.602754 10.816745 3.599979
v 7.813277 10.816745 3.915051
v 8.128347 10.816745 4.125573
v 8.500000 11.912028 4.669299
v 9.051437 11.912028 4.559613
v 9.518921 11.912028 4.247250
v 9.831287 11.912028 3.779764
v 9.940973 11.912028 3.228327
v 9.831287 11.912028 2.676890
v 9.518921 11.912028 2.209406
v 9.051437 11.912028 1.897041
v 8.500000 11.912028 1.787354
v 7.948563 11.912028 1.897041
v 7.481078 11.912028 2.209406
v 7.168715 11.912028 2.676890
v 7.059027 11.912028 3.228327
v 7.168715 11.912028 3.779764
v 7.481078 11.912028 4.247250
v 7.948563 11.912028 4.559613
v 8.084221 11.368039 4.232103
v 9.268255 11.368039 3.996585
v 8.084221 11.368039 2.224551
v 9.503778 11.368039 3.644106
v 7.731744 11.368039 2.460070
v 9.586480 11.368039 3.228327
v 7.496223 11.368039 2.812550
v 9.503778 11.368039 2.812550
v 7.413520 11.368039 3.228327
v 9.268255 11.368039 2.460070
v 7.496223 11.368039 3.644106
v 8.500000 11.368039 4.314806
v 8.915779 11.368039 2.224551
v 8.915779 11.368039 4.232103
v 7.731744 11.368039 3.996585
v 8.500000 11.368039 2.141848
v 8.500000 10.816746 3.228327
v 8.500000 11.912027 3.228329
v 3.000000 10.816745 4.199499
v 3.371653 10.816745 4.125573
v 3.686723 10.816745 3.915051
v 3.897247 10.816745 3.599979
v 3.971173 10.816745 3.228327
v 3.897247 10.816745 2.856676
v 3.686723 10.816745 2.541604
v 3.371653 10.816745 2.331080
v 3.000000 10.816745 2.257154
v 2.628347 10.816745 2.331080
v 2.313277 10.816745 2.541604
v 2.102754 10.816745 2.856676
v 2.028827 10.816745 3.228327
v 2.102754 10.816745 3.599979
v 2.313277 10.816745 3.915051
v 2.628347 10.816745 4.125573
v 3.000000 11.912028 4.669299
v 3.551437 11.912028 4.559613
v 4.018921 11.912028 4.247250
v 4.331287 11.912028 3.779764
v 4.440973 11.912028 3.228327
v 4.331287 11.912028 2.676890
v 4.018921 11.912028 2.209406
v 3.551437 11.912028 1.897041
v 3.000000 11.912028 1.787354
v 2.448563 11.912028 1.897041
v 1.981078 11.912028 2.209406
v 1.668715 11.912028 2.676890
v 1.559027 11.912028 3.228327
v 1.668715 11.912028 3.779764
v 1.981078 11.912028 4.247250
v 2.448563 11.912028 4.559613
v 2.584221 11.368039 4.232103
v 3.768255 11.368039 3.996585
v 2.584221 11.368039 2.224551
v 4.003778 11.368039 3.644106
v 2.231744 11.368039 2.460070
v 4.086480 11.368039 3.228327
v 1.996223 11.368039 2.812550
v 4.003778 11.368039 2.812550
v 1.913520 11.368039 3.228327
v 3.768255 11.368039 2.460070
v 1.996223 11.368039 3.644106
v 3.000000 11.368039 4.314806
v 3.415779 11.368039 2.224551
v 3.415779 11.368039 4.232103
v 2.231744 11.368039 3.996585
v 3.000000 11.368039 2.141848
v 3.000000 10.816746 3.228327
v 3.000000 11.912027 3.228329
v -2.500000 10.816745 4.199499
v -2.128347 10.816745 4.125573
v -1.813277 10.816745 3.915051
v -1.602753 10.816745 3.599979
v -1.528827 10.816745 3.228327
v -1.602753 10.816745 2.856676
v -1.813277 10.816745 2.541604
v -2.128347 10.816745 2.331080
v -2.500000 10.816745 2.257154
v -2.871653 10.816745 2.331080
v -3.186723 10.816745 2.541604
v -3.397246 10.816745 2.856676
v -3.471173 10.816745 3.228327
v -3.397246 10.816745 3.599979
v -3.186723 10.816745 3.915051
v -2.871653 10.816745 4.125573
v -2.500000 11.912028 4.669299
v -1.948563 11.912028 4.559613
v -1.481079 11.912028 4.247250
v -1.168713 11.912028 3.779764
v -1.059027 11.912028 3.228327
v -1.168713 11.912028 2.676890
v -1.481079 11.912028 2.209406
v -1.948563 11.912028 1.897041
v -2.500000 11.912028 1.787354
v -3.051437 11.912028 1.897041
v -3.518922 11.912028 2.209406
v -3.831285 11.912028 2.676890
v -3.940973 11.912028 3.228327
v -3.831285 11.912028 3.779764
v -3.518922 11.912028 4.247250
v -3.051437 11.912028 4.559613
v -2.915779 11.368039 4.232103
v -1.731745 11.368039 3.996585
v -2.915779 11.368039 2.224551
v -1.496222 11.368039 3.644106
v -3.268256 11.368039 2.460070
v -1.413520 11.368039 3.228327
v -3.503777 11.368039 2.812550
v -1.496222 11.368039 2.812550
v -3.586480 11.368039 3.228327
v -1.731745 11.368039 2.460070
v -3.503777 11.368039 3.644106
v -2.500000 11.368039 4.314806
v -2.084221 11.368039 2.224551
v -2.084221 11.368039 4.232103
v -3.268256 11.368039 3.996585
v -2.500000 11.368039 2.141848
v -2.500000 10.816746 3.228327
v -2.500000 11.912027 3.228329
vt -0.012052 -0.097305
vt 0.045576 -0.097305
vt 0.045576 -0.038374
vt -0.012052 -0.038374
vt 0.633211 0.540679
vt 0.711772 0.687658
vt 0.582945 0.581932
vt 0.621862 -0.097305
vt 0.564233 -0.097305
vt 0.564233 -0.165383
vt 0.621862 -0.165383
vt 0.103205 -0.097305
vt 0.045576 -0.165383
vt 0.103205 -0.165383
vt 0.218462 -0.097305
vt 0.160833 -0.097305
vt 0.160833 -0.165383
vt 0.218462 -0.165383
vt -0.012052 -0.165383
vt 0.276090 -0.097305
vt 0.276090 -0.038374
vt 0.218462 -0.038374
vt 0.103205 -0.038374
vt 0.679490 -0.097305
vt 0.679490 -0.038374
vt 0.621862 -0.038374
vt 0.333719 -0.097305
vt 0.333719 -0.038374
vt 0.737119 -0.097305
vt 0.737119 -0.038374
vt 0.391347 -0.097305
vt 0.391347 -0.038374
vt 0.794747 -0.097305
vt 0.794747 -0.038374
vt 0.448976 -0.097305
vt 0.448976 -0.038374
vt -0.127309 -0.097305
vt -0.069681 -0.097305
vt -0.069681 -0.038374
vt -0.127309 -0.038374
vt 0.506605 -0.097305
vt 0.506605 -0.038374
vt 0.160833 -0.038374
vt 0.564233 -0.038374
vt 1.070113 -0.116257
vt 1.065818 -0.072642
vt 0.958333 -0.105248
vt 0.448976 -0.165383
vt 0.506605 -0.165383
vt -0.127309 -0.165383
vt -0.069681 -0.165383
vt 0.391347 -0.165383
vt 0.737119 -0.165383
vt 0.794747 -0.165383
vt 0.333719 -0.165383
vt 0.679490 -0.165383
vt 0.276090 -0.165383
vt 1.045159 -0.033992
vt 1.011281 -0.006189
vt 0.969342 0.006533
vt 0.925728 0.002237
vt 0.887077 -0.018422
vt 0.859274 -0.052299
vt 0.846552 -0.094238
vt 0.850848 -0.137853
vt 0.871507 -0.176504
vt 0.905385 -0.204306
vt 0.947323 -0.217028
vt 0.990938 -0.212733
vt 1.029589 -0.192073
vt 1.057392 -0.158196
vt 0.552292 0.639279
vt 0.695437 0.521804
vt 0.760150 0.528177
vt 0.817498 0.558831
vt 0.858750 0.609097
vt 0.877626 0.671323
vt 0.871252 0.736036
vt 0.840599 0.793384
vt 0.790332 0.834636
vt 0.728106 0.853512
vt 0.663393 0.847138
vt 0.606046 0.816485
vt 0.564794 0.766219
vt 0.545918 0.703992
vt 0.187948 0.502695
vt 0.245576 0.502695
vt 0.245576 0.561626
vt 0.187948 0.561626
vt 0.833211 1.140679
vt 0.911772 1.287658
vt 0.782945 1.181932
vt 0.821862 0.502695
vt 0.764233 0.502695
vt 0.764233 0.434617
vt 0.821862 0.434617
vt 0.303205 0.502695
vt 0.245576 0.434617
vt 0.303205 0.434617
vt 0.418462 0.502695
vt 0.360833 0.502695
vt 0.360833 0.434617
vt 0.418462 0.434617
vt 0.187948 0.434617
vt 0.476090 0.502695
vt 0.476090 0.561626
vt 0.418462 0.561626
vt 0.303205 0.561626
vt 0.879490 0.502695
vt 0.879490 0.561626
vt 0.821862 0.561626
vt 0.533719 0.502695
vt 0.533719 0.561626
vt 0.937119 0.502695
vt 0.937119 0.561626
vt 0.591347 0.502695
vt 0.591347 0.561626
vt 0.994747 0.502695
vt 0.994747 0.561626
vt 0.648976 0.502695
vt 0.648976 0.561626
vt 0.072691 0.502695
vt 0.130319 0.502695
vt 0.130319 0.561626
vt 0.072691 0.561626
vt 0.706605 0.502695
vt 0.706605 0.561626
vt 0.360833 0.561626
vt 0.764233 0.561626
vt 1.270113 0.483743
vt 1.265818 0.527358
vt 1.158333 0.494752
vt 0.648976 0.434617
vt 0.706605 0.434617
vt 0.072691 0.434617
vt 0.130319 0.434617
vt 0.591347 0.434617
vt 0.937119 0.434617
vt 0.994747 0.434617
vt 0.533719 0.434617
vt 0.879490 0.434617
vt 0.476090 0.434617
vt 1.245159 0.566008
vt 1.211281 0.593811
vt 1.169342 0.606533
vt 1.125728 0.602237
vt 1.087077 0.581578
vt 1.059274 0.547701
vt 1.046552 0.505762
vt 1.050848 0.462147
vt 1.071507 0.423496
vt 1.105385 0.395694
vt 1.147323 0.382972
vt 1.190938 0.387267
vt 1.229589 0.407927
vt 1.257392 0.441804
vt 0.752292 1.239280
vt 0.895437 1.121804
vt 0.960150 1.128177
vt 1.017498 1.158831
vt 1.058750 1.209097
vt 1.077626 1.271323
vt 1.071252 1.336036
vt 1.040599 1.393384
vt 0.990332 1.434636
vt 0.928106 1.453512
vt 0.863393 1.447138
vt 0.806046 1.416485
vt 0.764794 1.366219
vt 0.745918 1.303992
vt 0.387948 1.102695
vt 0.445576 1.102695
vt 0.445576 1.161626
vt 0.387948 1.161626
vt 1.033211 1.740679
vt 1.111772 1.887658
vt 0.982945 1.781932
vt 1.021862 1.102695
vt 0.964233 1.102695
vt 0.964233 1.034617
vt 1.021862 1.034617
vt 0.503205 1.102695
vt 0.445576 1.034617
vt 0.503205 1.034617
vt 0.618462 1.102695
vt 0.560833 1.102695
vt 0.560833 1.034617
vt 0.618462 1.034617
vt 0.387948 1.034617
vt 0.676090 1.102695
vt 0.676090 1.161626
vt 0.618462 1.161626
vt 0.503205 1.161626
vt 1.079490 1.102695
vt 1.079490 1.161626
vt 1.021862 1.161626
vt 0.733719 1.102695
vt 0.733719 1.161626
vt 1.137119 1.102695
vt 1.137119 1.161626
vt 0.791347 1.102695
vt 0.791347 1.161626
vt 1.194747 1.102695
vt 1.194747 1.161626
vt 0.848976 1.102695
vt 0.848976 1.161626
vt 0.272691 1.102695
vt 0.330319 1.102695
vt 0.330319 1.161626
vt 0.272691 1.161626
vt 0.906605 1.102695
vt 0.906605 1.161626
vt 0.560833 1.161626
vt 0.964233 1.161626
vt 1.470113 1.083743
vt 1.465818 1.127358
vt 1.358333 1.094752
vt 0.848976 1.034617
vt 0.906605 1.034617
vt 0.272691 1.034617
vt 0.330319 1.034617
vt 0.791347 1.034617
vt 1.137119 1.034617
vt 1.194747 1.034617
vt 0.733719 1.034617
vt 1.079490 1.034617
vt 0.676090 1.034617
vt 1.445158 1.166008
vt 1.411281 1.193811
vt 1.369342 1.206533
vt 1.325728 1.202237
vt 1.287077 1.181578
vt 1.259274 1.147701
vt 1.246552 1.105762
vt 1.250848 1.062147
vt 1.271507 1.023496
vt 1.305385 0.995694
vt 1.347323 0.982972
vt 1.390938 0.987267
vt 1.429589 1.007927
vt 1.457392 1.041804
vt 0.952292 1.839280
vt 1.095437 1.721804
vt 1.160150 1.728178
vt 1.217498 1.758831
vt 1.258750 1.809097
vt 1.277626 1.871323
vt 1.271252 1.936036
vt 1.240599 1.993384
vt 1.190332 2.034636
vt 1.128106 2.053512
vt 1.063393 2.047138
vt 1.006046 2.016485
vt 0.964794 1.966219
vt 0.945918 1.903992
vt 0.087948 0.202695
vt 0.145576 0.202695
vt 0.145576 0.261626
vt 0.087948 0.261626
vt 0.733211 0.840679
vt 0.811772 0.987658
vt 0.682945 0.881932
vt 0.721862 0.202695
vt 0.664233 0.202695
vt 0.664233 0.134617
vt 0.721862 0.134617
vt 0.203205 0.202695
vt 0.145576 0.134617
vt 0.203205 0.134617
vt 0.318462 0.202695
vt 0.260833 0.202695
vt 0.260833 0.134617
vt 0.318462 0.134617
vt 0.087948 0.134617
vt 0.376090 0.202695
vt 0.376090 0.261626
vt 0.318462 0.261626
vt 0.203205 0.261626
vt 0.779490 0.202695
vt 0.779490 0.261626
vt 0.721862 0.261626
vt 0.433719 0.202695
vt 0.433719 0.261626
vt 0.837119 0.202695
vt 0.837119 0.261626
vt 0.491347 0.202695
vt 0.491347 0.261626
vt 0.894747 0.202695
vt 0.894747 0.261626
vt 0.548976 0.202695
vt 0.548976 0.261626
vt -0.027309 0.202695
vt 0.030319 0.202695
vt 0.030319 0.261626
vt -0.027309 0.261626
vt 0.606605 0.202695
vt 0.606605 0.261626
vt 0.260833 0.261626
vt 0.664233 0.261626
vt 1.170113 0.183743
vt 1.165818 0.227358
vt 1.058333 0.194752
vt 0.548976 0.134617
vt 0.606605 0.134617
vt -0.027309 0.134617
vt 0.030319 0.134617
vt 0.491347 0.134617
vt 0.837119 0.134617
vt 0.894747 0.134617
vt 0.433719 0.134617
vt 0.779490 0.134617
vt 0.376090 0.134617
vt 1.145159 0.266008
vt 1.111281 0.293811
vt 1.069342 0.306533
vt 1.025728 0.302237
vt 0.987077 0.281578
vt 0.959274 0.247701
vt 0.946552 0.205762
vt 0.950848 0.162147
vt 0.971507 0.123496
vt 1.005385 0.095694
vt 1.047323 0.082972
vt 1.090938 0.087267
vt 1.129589 0.107927
vt 1.157392 0.141804
vt 0.652292 0.939279
vt 0.795437 0.821804
vt 0.860150 0.828177
vt 0.917498 0.858831
vt 0.958750 0.909097
vt 0.977626 0.971323
vt 0.971252 1.036036
vt 0.940599 1.093384
vt 0.890332 1.134636
vt 0.828107 1.153512
vt 0.763393 1.147138
vt 0.706046 1.116485
vt 0.664794 1.066219
vt 0.645918 1.003992
vt 0.287948 0.802695
vt 0.345576 0.802695
vt 0.345576 0.861626
vt 0.287948 0.861626
vt 0.933211 1.440679
vt 1.011772 1.587658
vt 0.882945 1.481932
vt 0.921862 0.802695
vt 0.864233 0.802695
vt 0.864233 0.734617
vt 0.921862 0.734617
vt 0.403205 0.802695
vt 0.345576 0.734617
vt 0.403205 0.734617
vt 0.518462 0.802695
vt 0.460833 0.802695
vt 0.460833 0.734617
vt 0.518462 0.734617
vt 0.287948 0.734617
vt 0.576090 0.802695
vt 0.576090 0.861626
vt 0.518462 0.861626
vt 0.403205 0.861626
vt 0.979490 0.802695
vt 0.979490 0.861626
vt 0.921862 0.861626
vt 0.633719 0.802695
vt 0.633719 0.861626
vt 1.037119 0.802695
vt 1.037119 0.861626
vt 0.691347 0.802695
vt 0.691347 0.861626
vt 1.094747 0.802695
vt 1.094747 0.861626
vt 0.748976 0.802695
vt 0.748976 0.861626
vt 0.172691 0.802695
vt 0.230319 0.802695
vt 0.230319 0.861626
vt 0.172691 0.861626
vt 0.806605 0.802695
vt 0.806605 0.861626
vt 0.460833 0.861626
vt 0.864233 0.861626
vt 1.370113 0.783743
vt 1.365818 0.827358
vt 1.258333 0.794752
vt 0.748976 0.734617
vt 0.806605 0.734617
vt 0.172691 0.734617
vt 0.230319 0.734617
vt 0.691347 0.734617
vt 1.037119 0.734617
vt 1.094747 0.734617
vt 0.633719 0.734617
vt 0.979490 0.734617
vt 0.576090 0.734617
vt 1.345159 0.866008
vt 1.311281 0.893811
vt 1.269342 0.906533
vt 1.225728 0.902237
vt 1.187077 0.881578
vt 1.159274 0.847701
vt 1.146552 0.805762
vt 1.150848 0.762147
vt 1.171507 0.723496
vt 1.205385 0.695694
vt 1.247323 0.682972
vt 1.290938 0.687267
vt 1.329589 0.707927
vt 1.357392 0.741804
vt 0.852292 1.539279
vt 0.995437 1.421803
vt 1.060150 1.428177
vt 1.117498 1.458831
vt 1.158750 1.509097
vt 1.177626 1.571323
vt 1.171252 1.636036
vt 1.140599 1.693384
vt 1.090332 1.734636
vt 1.028106 1.753512
vt 0.963393 1.747138
vt 0.906046 1.716485
vt 0.864794 1.666219
vt 0.845918 1.603992
vt 0.487948 1.402695
vt 0.545576 1.402695
vt 0.545576 1.461626
vt 0.487948 1.461626
vt 1.133211 2.040679
vt 1.211772 2.187658
vt 1.082945 2.081932
vt 1.121862 1.402695
vt 1.064233 1.402695
vt 1.064233 1.334617
vt 1.121862 1.334617
vt 0.603205 1.402695
vt 0.545576 1.334617
vt 0.603205 1.334617
vt 0.718462 1.402695
vt 0.660833 1.402695
vt 0.660833 1.334617
vt 0.718462 1.334617
vt 0.487948 1.334617
vt 0.776090 1.402695
vt 0.776090 1.461626
vt 0.718462 1.461626
vt 0.603205 1.461626
vt 1.179490 1.402695
vt 1.179490 1.461626
vt 1.121862 1.461626
vt 0.833719 1.402695
vt 0.833719 1.461626
vt 1.237119 1.402695
vt 1.237119 1.461626
vt 0.891347 1.402695
vt 0.891347 1.461626
vt 1.294747 1.402695
vt 1.294747 1.461626
vt 0.948976 1.402695
vt 0.948976 1.461626
vt 0.372691 1.402695
vt 0.430319 1.402695
vt 0.430319 1.461626
vt 0.372691 1.461626
vt 1.006605 1.402695
vt 1.006605 1.461626
vt 0.660833 1.461626
vt 1.064233 1.461626
vt 1.570113 1.383743
vt 1.565818 1.427358
vt 1.458333 1.394752
vt 0.948976 1.334617
vt 1.006605 1.334617
vt 0.372691 1.334617
vt 0.430319 1.334617
vt 0.891347 1.334617
vt 1.237119 1.334617
vt 1.294747 1.334617
vt 0.833719 1.334617
vt 1.179490 1.334617
vt 0.776090 1.334617
vt 1.545159 1.466008
vt 1.511281 1.493811
vt 1.469342 1.506533
vt 1.425728 1.502238
vt 1.387077 1.481578
vt 1.359274 1.447701
vt 1.346552 1.405762
vt 1.350848 1.362147
vt 1.371507 1.323496
vt 1.405385 1.295694
vt 1.447323 1.282972
vt 1.490938 1.287267
vt 1.529589 1.307927
vt 1.557392 1.341804
vt 1.052292 2.139280
vt 1.195437 2.021804
vt 1.260150 2.028177
vt 1.317498 2.058831
vt 1.358750 2.109097
vt 1.377626 2.171323
vt 1.371252 2.236036
vt 1.340599 2.293384
vt 1.290332 2.334636
vt 1.228106 2.353512
vt 1.163393 2.347138
vt 1.106046 2.316485
vt 1.064794 2.266219
vt 1.045918 2.203992
vt 0.187948 0.502695
vt 0.245576 0.502695
vt 0.245576 0.561626
vt 0.187948 0.561626
vt 0.833211 1.140679
vt 0.911772 1.287658
vt 0.782945 1.181932
vt 0.821862 0.502695
vt 0.764233 0.502695
vt 0.764233 0.434617
vt 0.821862 0.434617
vt 0.303205 0.502695
vt 0.245576 0.434617
vt 0.303205 0.434617
vt 0.418462 0.502695
vt 0.360833 0.502695
vt 0.360833 0.434617
vt 0.418462 0.434617
vt 0.187948 0.434617
vt 0.476090 0.502695
vt 0.476090 0.561626
vt 0.418462 0.561626
vt 0.303205 0.561626
vt 0.879490 0.502695
vt 0.879490 0.561626
vt 0.821862 0.561626
vt 0.533719 0.502695
vt 0.533719 0.561626
vt 0.937119 0.502695
vt 0.937119 0.561626
vt 0.591347 0.502695
vt 0.591347 0.561626
vt 0.994747 0.502695
vt 0.994747 0.561626
vt 0.648976 0.502695
vt 0.648976 0.561626
vt 0.072691 0.502695
vt 0.130319 0.502695
vt 0.130319 0.561626
vt 0.072691 0.561626
vt 0.706605 0.502695
vt 0.706605 0.561626
vt 0.360833 0.561626
vt 0.764233 0.561626
vt 1.270113 0.483743
vt 1.265818 0.527358
vt 1.158333 0.494752
vt 0.648976 0.434617
vt 0.706605 0.434617
vt 0.072691 0.434617
vt 0.130319 0.434617
vt 0.591347 0.434617
vt 0.937119 0.434617
vt 0.994747 0.434617
vt 0.533719 0.434617
vt 0.879490 0.434617
vt 0.476090 0.434617
vt 1.245159 0.566008
vt 1.211281 0.593811
vt 1.169342 0.606533
vt 1.125728 0.602237
vt 1.087077 0.581578
vt 1.059274 0.547701
vt 1.046552 0.505762
vt 1.050848 0.462147
vt 1.071507 0.423496
vt 1.105385 0.395694
vt 1.147323 0.382972
vt 1.190938 0.387267
vt 1.229589 0.407927
vt 1.257392 0.441804
vt 0.752292 1.239280
vt 0.895437 1.121804
vt 0.960150 1.128177
vt 1.017498 1.158831
vt 1.058750 1.209097
vt 1.077626 1.271323
vt 1.071252 1.336036
vt 1.040599 1.393384
vt 0.990332 1.434636
vt 0.928106 1.453512
vt 0.863393 1.447138
vt 0.806046 1.416485
vt 0.764794 1.366219
vt 0.745918 1.303992
vt 0.387948 1.102695
vt 0.445576 1.102695
vt 0.445576 1.161626
vt 0.387948 1.161626
vt 1.033211 1.740679
vt 1.111772 1.887658
vt 0.982945 1.781932
vt 1.021862 1.102695
vt 0.964233 1.102695
vt 0.964233 1.034617
vt 1.021862 1.034617
vt 0.503205 1.102695
vt 0.445576 1.034617
vt 0.503205 1.034617
vt 0.618462 1.102695
vt 0.560833 1.102695
vt 0.560833 1.034617
vt 0.618462 1.034617
vt 0.387948 1.034617
vt 0.676090 1.102695
vt 0.676090 1.161626
vt 0.618462 1.161626
vt 0.503205 1.161626
vt 1.079490 1.102695
vt 1.079490 1.161626
vt 1.021862 1.161626
vt 0.733719 1.102695
vt 0.733719 1.161626
vt 1.137119 1.102695
vt 1.137119 1.161626
vt 0.791347 1.102695
vt 0.791347 1.161626
vt 1.194747 1.102695
vt 1.194747 1.161626
vt 0.848976 1.102695
vt 0.848976 1.161626
vt 0.272691 1.102695
vt 0.330319 1.102695
vt 0.330319 1.161626
vt 0.272691 1.161626
vt 0.906605 1.102695
vt 0.906605 1.161626
vt 0.560833 1.161626
vt 0.964233 1.161626
vt 1.470113 1.083743
vt 1.465818 1.127358
vt 1.358333 1.094752
vt 0.848976 1.034617
vt 0.906605 1.034617
vt 0.272691 1.034617
vt 0.330319 1.034617
vt 0.791347 1.034617
vt 1.137119 1.034617
vt 1.194747 1.034617
vt 0.733719 1.034617
vt 1.079490 1.034617
vt 0.676090 1.034617
vt 1.445159 1.166008
vt 1.411281 1.193811
vt 1.369342 1.206533
vt 1.325728 1.202237
vt 1.287077 1.181578
vt 1.259274 1.147701
vt 1.246552 1.105762
vt 1.250848 1.062147
vt 1.271507 1.023496
vt 1.305385 0.995694
vt 1.347323 0.982972
vt 1.390938 0.987267
vt 1.429589 1.007927
vt 1.457392 1.041804
vt 0.952292 1.839280
vt 1.095437 1.721804
vt 1.160150 1.728177
vt 1.217498 1.758831
vt 1.258750 1.809097
vt 1.277626 1.871323
vt 1.271252 1.936036
vt 1.240599 1.993384
vt 1.190332 2.034636
vt 1.128106 2.053512
vt 1.063393 2.047138
vt 1.006046 2.016485
vt 0.964794 1.966219
vt 0.945918 1.903992
vt 0.587948 1.702695
vt 0.645576 1.702695
vt 0.645576 1.761626
vt 0.587948 1.761626
vt 1.233211 2.340679
vt 1.311772 2.487658
vt 1.182945 2.381932
vt 1.221862 1.702695
vt 1.164233 1.702695
vt 1.164233 1.634617
vt 1.221862 1.634617
vt 0.703205 1.702695
vt 0.645576 1.634617
vt 0.703205 1.634617
vt 0.818462 1.702695
vt 0.760833 1.702695
vt 0.760833 1.634617
vt 0.818462 1.634617
vt 0.587948 1.634617
vt 0.876090 1.702695
vt 0.876090 1.761626
vt 0.818462 1.761626
vt 0.703205 1.761626
vt 1.279490 1.702695
vt 1.279490 1.761626
vt 1.221862 1.761626
vt 0.933719 1.702695
vt 0.933719 1.761626
vt 1.337119 1.702695
vt 1.337119 1.761626
vt 0.991347 1.702695
vt 0.991347 1.761626
vt 1.394747 1.702695
vt 1.394747 1.761626
vt 1.048976 1.702695
vt 1.048976 1.761626
vt 0.472691 1.702695
vt 0.530319 1.702695
vt 0.530319 1.761626
vt 0.472691 1.761626
vt 1.106605 1.702695
vt 1.106605 1.761626
vt 0.760833 1.761626
vt 1.164233 1.761626
vt 1.670113 1.683743
vt 1.665818 1.727358
vt 1.558333 1.694752
vt 1.048976 1.634617
vt 1.106605 1.634617
vt 0.472691 1.634617
vt 0.530319 1.634617
vt 0.991347 1.634617
vt 1.337119 1.634617
vt 1.394747 1.634617
vt 0.933719 1.634617
vt 1.279490 1.634617
vt 0.876090 1.634617
vt 1.645159 1.766008
vt 1.611281 1.793811
vt 1.569342 1.806533
vt 1.525728 1.802238
vt 1.487077 1.781578
vt 1.459274 1.747701
vt 1.446552 1.705762
vt 1.450848 1.662147
vt 1.471507 1.623496
vt 1.505385 1.595694
vt 1.547323 1.582972
vt 1.590938 1.587267
vt 1.629589 1.607927
vt 1.657392 1.641804
vt 1.152292 2.439280
vt 1.295437 2.321804
vt 1.360150 2.328177
vt 1.417498 2.358831
vt 1.458750 2.409097
vt 1.477626 2.471323
vt 1.471252 2.536036
vt 1.440599 2.593384
vt 1.390332 2.634636
vt 1.328107 2.653512
vt 1.263393 2.647138
vt 1.206046 2.616485
vt 1.164794 2.566219
vt 1.145918 2.503992
vt 0.387948 0.002695
vt 0.387948 0.061626
vt 0.445576 0.061626
vt 0.445576 0.002695
vt 1.033211 0.640679
vt 0.982945 0.681932
vt 1.111772 0.787658
vt 1.021862 0.002695
vt 1.021862 -0.065383
vt 0.964233 -0.065383
vt 0.964233 0.002695
vt 0.503205 0.002695
vt 0.503205 -0.065383
vt 0.445576 -0.065383
vt 0.618462 0.002695
vt 0.618462 -0.065383
vt 0.560833 -0.065383
vt 0.560833 0.002695
vt 0.387948 -0.065383
vt 0.618462 0.061626
vt 0.676090 0.061626
vt 0.676090 0.002695
vt 0.503205 0.061626
vt 1.021862 0.061626
vt 1.079490 0.061626
vt 1.079490 0.002695
vt 0.733719 0.061626
vt 0.733719 0.002695
vt 1.137119 0.061626
vt 1.137119 0.002695
vt 0.791347 0.061626
vt 0.791347 0.002695
vt 1.194747 0.061626
vt 1.194747 0.002695
vt 0.848976 0.061626
vt 0.848976 0.002695
vt 0.272691 0.002695
vt 0.272691 0.061626
vt 0.330319 0.061626
vt 0.330319 0.002695
vt 0.906605 0.061626
vt 0.906605 0.002695
vt 0.560833 0.061626
vt 0.964233 0.061626
vt 1.470113 -0.016257
vt 1.358333 -0.005248
vt 1.465818 0.027358
vt 0.906605 -0.065383
vt 0.848976 -0.065383
vt 0.330319 -0.065383
vt 0.272691 -0.065383
vt 0.791347 -0.065383
vt 1.194747 -0.065383
vt 1.137119 -0.065383
vt 0.733719 -0.065383
vt 1.079490 -0.065383
vt 0.676090 -0.065383
vt 1.445158 0.066008
vt 1.411281 0.093811
vt 1.369342 0.106533
vt 1.325728 0.102237
vt 1.287077 0.081578
vt 1.259274 0.047701
vt 1.246552 0.005762
vt 1.250848 -0.037853
vt 1.271507 -0.076504
vt 1.305385 -0.104306
vt 1.347323 -0.117028
vt 1.390938 -0.112733
vt 1.429589 -0.092073
vt 1.457392 -0.058196
vt 0.952292 0.739280
vt 1.095437 0.621804
vt 1.160150 0.628177
vt 1.217498 0.658831
vt 1.258750 0.709097
vt 1.277626 0.771323
vt 1.271252 0.836036
vt 1.240599 0.893384
vt 1.190332 0.934636
vt 1.128106 0.953512
vt 1.063393 0.947138
vt 1.006046 0.916485
vt 0.964794 0.866219
vt 0.945918 0.803992
vt 0.587948 0.602695
vt 0.587948 0.661626
vt 0.645576 0.661626
vt 0.645576 0.602695
vt 1.233211 1.240679
vt 1.182945 1.281932
vt 1.311772 1.387658
vt 1.221862 0.602695
vt 1.221862 0.534617
vt 1.164233 0.534617
vt 1.164233 0.602695
vt 0.703205 0.602695
vt 0.703205 0.534617
vt 0.645576 0.534617
vt 0.818462 0.602695
vt 0.818462 0.534617
vt 0.760833 0.534617
vt 0.760833 0.602695
vt 0.587948 0.534617
vt 0.818462 0.661626
vt 0.876090 0.661626
vt 0.876090 0.602695
vt 0.703205 0.661626
vt 1.221862 0.661626
vt 1.279490 0.661626
vt 1.279490 0.602695
vt 0.933719 0.661626
vt 0.933719 0.602695
vt 1.337119 0.661626
vt 1.337119 0.602695
vt 0.991347 0.661626
vt 0.991347 0.602695
vt 1.394747 0.661626
vt 1.394747 0.602695
vt 1.048976 0.661626
vt 1.048976 0.602695
vt 0.472691 0.602695
vt 0.472691 0.661626
vt 0.530319 0.661626
vt 0.530319 0.602695
vt 1.106605 0.661626
vt 1.106605 0.602695
vt 0.760833 0.661626
vt 1.164233 0.661626
vt 1.670113 0.583743
vt 1.558333 0.594752
vt 1.665818 0.627358
vt 1.106605 0.534617
vt 1.048976 0.534617
vt 0.530319 0.534617
vt 0.472691 0.534617
vt 0.991347 0.534617
vt 1.394747 0.534617
vt 1.337119 0.534617
vt 0.933719 0.534617
vt 1.279490 0.534617
vt 0.876090 0.534617
vt 1.645159 0.666008
vt 1.611281 0.693811
vt 1.569342 0.706533
vt 1.525728 0.702237
vt 1.487077 0.681578
vt 1.459274 0.647701
vt 1.446552 0.605762
vt 1.450848 0.562147
vt 1.471507 0.523496
vt 1.505385 0.495694
vt 1.547323 0.482972
vt 1.590938 0.487267
vt 1.629589 0.507927
vt 1.657392 0.541804
vt 1.152292 1.339280
vt 1.295437 1.221804
vt 1.360150 1.228177
vt 1.417498 1.258831
vt 1.458750 1.309097
vt 1.477626 1.371323
vt 1.471252 1.436036
vt 1.440599 1.493384
vt 1.390332 1.534636
vt 1.328107 1.553512
vt 1.263393 1.547138
vt 1.206046 1.516485
vt 1.164794 1.466219
vt 1.145918 1.403992
vt 0.787948 1.202695
vt 0.787948 1.261626
vt 0.845576 1.261626
vt 0.845576 1.202695
vt 1.433211 1.840679
vt 1.382945 1.881932
vt 1.511772 1.987658
vt 1.421862 1.202695
vt 1.421862 1.134617
vt 1.364233 1.134617
vt 1.364233 1.202695
vt 0.903205 1.202695
vt 0.903205 1.134617
vt 0.845576 1.134617
vt 1.018462 1.202695
vt 1.018462 1.134617
vt 0.960833 1.134617
vt 0.960833 1.202695
vt 0.787948 1.134617
vt 1.018462 1.261626
vt 1.076090 1.261626
vt 1.076090 1.202695
vt 0.903205 1.261626
vt 1.421862 1.261626
vt 1.479490 1.261626
vt 1.479490 1.202695
vt 1.133719 1.261626
vt 1.133719 1.202695
vt 1.537119 1.261626
vt 1.537119 1.202695
vt 1.191347 1.261626
vt 1.191347 1.202695
vt 1.594747 1.261626
vt 1.594747 1.202695
vt 1.248976 1.261626
vt 1.248976 1.202695
vt 0.672691 1.202695
vt 0.672691 1.261626
vt 0.730319 1.261626
vt 0.730319 1.202695
vt 1.306605 1.261626
vt 1.306605 1.202695
vt 0.960833 1.261626
vt 1.364233 1.261626
vt 1.870113 1.183743
vt 1.758333 1.194752
vt 1.865818 1.227358
vt 1.306605 1.134617
vt 1.248976 1.134617
vt 0.730319 1.134617
vt 0.672691 1.134617
vt 1.191347 1.134617
vt 1.594747 1.134617
vt 1.537119 1.134617
vt 1.133719 1.134617
vt 1.479490 1.134617
vt 1.076090 1.134617
vt 1.845158 1.266008
vt 1.811281 1.293811
vt 1.769342 1.306533
vt 1.725728 1.302238
vt 1.687077 1.281578
vt 1.659274 1.247701
vt 1.646552 1.205762
vt 1.650848 1.162147
vt 1.671507 1.123496
vt 1.705385 1.095694
vt 1.747323 1.082972
vt 1.790938 1.087267
vt 1.829589 1.107927
vt 1.857391 1.141804
vt 1.352292 1.939280
vt 1.495437 1.821804
vt 1.560150 1.828178
vt 1.617498 1.858831
vt 1.658750 1.909097
vt 1.677626 1.971323
vt 1.671252 2.036036
vt 1.640599 2.093384
vt 1.590332 2.134636
vt 1.528106 2.153512
vt 1.463393 2.147138
vt 1.406046 2.116485
vt 1.364794 2.066219
vt 1.345918 2.003992
vt 0.487948 0.302695
vt 0.487948 0.361626
vt 0.545576 0.361626
vt 0.545576 0.302695
vt 1.133211 0.940679
vt 1.082945 0.981932
vt 1.211772 1.087658
vt 1.121862 0.302695
vt 1.121862 0.234617
vt 1.064233 0.234617
vt 1.064233 0.302695
vt 0.603205 0.302695
vt 0.603205 0.234617
vt 0.545576 0.234617
vt 0.718462 0.302695
vt 0.718462 0.234617
vt 0.660833 0.234617
vt 0.660833 0.302695
vt 0.487948 0.234617
vt 0.718462 0.361626
vt 0.776090 0.361626
vt 0.776090 0.302695
vt 0.603205 0.361626
vt 1.121862 0.361626
vt 1.179490 0.361626
vt 1.179490 0.302695
vt 0.833719 0.361626
vt 0.833719 0.302695
vt 1.237119 0.361626
vt 1.237119 0.302695
vt 0.891347 0.361626
vt 0.891347 0.302695
vt 1.294747 0.361626
vt 1.294747 0.302695
vt 0.948976 0.361626
vt 0.948976 0.302695
vt 0.372691 0.302695
vt 0.372691 0.361626
vt 0.430319 0.361626
vt 0.430319 0.302695
vt 1.006605 0.361626
vt 1.006605 0.302695
vt 0.660833 0.361626
vt 1.064233 0.361626
vt 1.570113 0.283743
vt 1.458333 0.294752
vt 1.565818 0.327358
vt 1.006605 0.234617
vt 0.948976 0.234617
vt 0.430319 0.234617
vt 0.372691 0.234617
vt 0.891347 0.234617
vt 1.294747 0.234617
vt 1.237119 0.234617
vt 0.833719 0.234617
vt 1.179490 0.234617
vt 0.776090 0.234617
vt 1.545159 0.366008
vt 1.511281 0.393811
vt 1.469342 0.406533
vt 1.425728 0.402237
vt 1.387077 0.381578
vt 1.359274 0.347701
vt 1.346552 0.305762
vt 1.350848 0.262147
vt 1.371507 0.223496
vt 1.405385 0.195694
vt 1.447323 0.182972
vt 1.490938 0.187267
vt 1.529589 0.207927
vt 1.557392 0.241804
vt 1.052292 1.039279
vt 1.195437 0.921804
vt 1.260150 0.928177
vt 1.317498 0.958831
vt 1.358750 1.009097
vt 1.377626 1.071323
vt 1.371252 1.136036
vt 1.340599 1.193384
vt 1.290332 1.234636
vt 1.228106 1.253512
vt 1.163393 1.247138
vt 1.106046 1.216485
vt 1.064794 1.166219
vt 1.045918 1.103992
vt 0.687948 0.902695
vt 0.687948 0.961626
vt 0.745576 0.961626
vt 0.745576 0.902695
vt 1.333211 1.540679
vt 1.282945 1.581932
vt 1.411772 1.687658
vt 1.321862 0.902695
vt 1.321862 0.834617
vt 1.264233 0.834617
vt 1.264233 0.902695
vt 0.803205 0.902695
vt 0.803205 0.834617
vt 0.745576 0.834617
vt 0.918462 0.902695
vt 0.918462 0.834617
vt 0.860833 0.834617
vt 0.860833 0.902695
vt 0.687948 0.834617
vt 0.918462 0.961626
vt 0.976090 0.961626
vt 0.976090 0.902695
vt 0.803205 0.961626
vt 1.321862 0.961626
vt 1.379490 0.961626
vt 1.379490 0.902695
vt 1.033719 0.961626
vt 1.033719 0.902695
vt 1.437119 0.961626
vt 1.437119 0.902695
vt 1.091347 0.961626
vt 1.091347 0.902695
vt 1.494747 0.961626
vt 1.494747 0.902695
vt 1.148976 0.961626
vt 1.148976 0.902695
vt 0.572691 0.902695
vt 0.572691 0.961626
vt 0.630319 0.961626
vt 0.630319 0.902695
vt 1.206605 0.961626
vt 1.206605 0.902695
vt 0.860833 0.961626
vt 1.264233 0.961626
vt 1.770113 0.883743
vt 1.658333 0.894752
vt 1.765818 0.927358
vt 1.206605 0.834617
vt 1.148976 0.834617
vt 0.630319 0.834617
vt 0.572691 0.834617
vt 1.091347 0.834617
vt 1.494747 0.834617
vt 1.437119 0.834617
vt 1.033719 0.834617
vt 1.379490 0.834617
vt 0.976090 0.834617
vt 1.745159 0.966008
vt 1.711281 0.993811
vt 1.669342 1.006533
vt 1.625728 1.002237
vt 1.587077 0.981578
vt 1.559274 0.947701
vt 1.546552 0.905762
vt 1.550848 0.862147
vt 1.571507 0.823496
vt 1.605385 0.795694
vt 1.647323 0.782972
vt 1.690938 0.787267
vt 1.729589 0.807927
vt 1.757392 0.841804
vt 1.252292 1.639279
vt 1.395437 1.521803
vt 1.460150 1.528177
vt 1.517498 1.558831
vt 1.558750 1.609097
vt 1.577626 1.671323
vt 1.571252 1.736036
vt 1.540599 1.793384
vt 1.490332 1.834636
vt 1.428106 1.853512
vt 1.363393 1.847138
vt 1.306046 1.816485
vt 1.264794 1.766219
vt 1.245918 1.703992
vt 0.887948 1.502695
vt 0.887948 1.561626
vt 0.945576 1.561626
vt 0.945576 1.502695
vt 1.533211 2.140679
vt 1.482945 2.181931
vt 1.611772 2.287657
vt 1.521862 1.502695
vt 1.521862 1.434617
vt 1.464233 1.434617
vt 1.464233 1.502695
vt 1.003205 1.502695
vt 1.003205 1.434617
vt 0.945576 1.434617
vt 1.118462 1.502695
vt 1.118462 1.434617
vt 1.060833 1.434617
vt 1.060833 1.502695
vt 0.887948 1.434617
vt 1.118462 1.561626
vt 1.176090 1.561626
vt 1.176090 1.502695
vt 1.003205 1.561626
vt 1.521862 1.561626
vt 1.579490 1.561626
vt 1.579490 1.502695
vt 1.233719 1.561626
vt 1.233719 1.502695
vt 1.637119 1.561626
vt 1.637119 1.502695
vt 1.291347 1.561626
vt 1.291347 1.502695
vt 1.694747 1.561626
vt 1.694747 1.502695
vt 1.348976 1.561626
vt 1.348976 1.502695
vt 0.772691 1.502695
vt 0.772691 1.561626
vt 0.830319 1.561626
vt 0.830319 1.502695
vt 1.406605 1.561626
vt 1.406605 1.502695
vt 1.060833 1.561626
vt 1.464233 1.561626
vt 1.970113 1.483743
vt 1.858333 1.494752
vt 1.965818 1.527358
vt 1.406605 1.434617
vt 1.348976 1.434617
vt 0.830319 1.434617
vt 0.772691 1.434617
vt 1.291347 1.434617
vt 1.694747 1.434617
vt 1.637119 1.434617
vt 1.233719 1.434617
vt 1.579490 1.434617
vt 1.176090 1.434617
vt 1.945158 1.566008
vt 1.911281 1.593811
vt 1.869342 1.606533
vt 1.825728 1.602238
vt 1.787077 1.581578
vt 1.759274 1.547701
vt 1.746552 1.505762
vt 1.750848 1.462147
vt 1.771507 1.423496
vt 1.805385 1.395694
vt 1.847323 1.382972
vt 1.890938 1.387267
vt 1.929589 1.407927
vt 1.957392 1.441804
vt 1.452292 2.239280
vt 1.595437 2.121804
vt 1.660150 2.128177
vt 1.717498 2.158831
vt 1.758750 2.209097
vt 1.777626 2.271323
vt 1.771252 2.336036
vt 1.740599 2.393384
vt 1.690332 2.434636
vt 1.628106 2.453512
vt 1.563393 2.447138
vt 1.506046 2.416485
vt 1.464794 2.366219
vt 1.445918 2.303992
vt 0.587948 0.602695
vt 0.587948 0.661626
vt 0.645576 0.661626
vt 0.645576 0.602695
vt 1.233211 1.240679
vt 1.182945 1.281932
vt 1.311772 1.387658
vt 1.221862 0.602695
vt 1.221862 0.534617
vt 1.164233 0.534617
vt 1.164233 0.602695
vt 0.703205 0.602695
vt 0.703205 0.534617
vt 0.645576 0.534617
vt 0.818462 0.602695
vt 0.818462 0.534617
vt 0.760833 0.534617
vt 0.760833 0.602695
vt 0.587948 0.534617
vt 0.818462 0.661626
vt 0.876090 0.661626
vt 0.876090 0.602695
vt 0.703205 0.661626
vt 1.221862 0.661626
vt 1.279490 0.661626
vt 1.279490 0.602695
vt 0.933719 0.661626
vt 0.933719 0.602695
vt 1.337119 0.661626
vt 1.337119 0.602695
vt 0.991347 0.661626
vt 0.991347 0.602695
vt 1.394747 0.661626
vt 1.394747 0.602695
vt 1.048976 0.661626
vt 1.048976 0.602695
vt 0.472691 0.602695
vt 0.472691 0.661626
vt 0.530319 0.661626
vt 0.530319 0.602695
vt 1.106605 0.661626
vt 1.106605 0.602695
vt 0.760833 0.661626
vt 1.164233 0.661626
vt 1.670113 0.583743
vt 1.558333 0.594752
vt 1.665818 0.627358
vt 1.106605 0.534617
vt 1.048976 0.534617
vt 0.530319 0.534617
vt 0.472691 0.534617
vt 0.991347 0.534617
vt 1.394747 0.534617
vt 1.337119 0.534617
vt 0.933719 0.534617
vt 1.279490 0.534617
vt 0.876090 0.534617
vt 1.645159 0.666008
vt 1.611281 0.693811
vt 1.569342 0.706533
vt 1.525728 0.702237
vt 1.487077 0.681578
vt 1.459274 0.647701
vt 1.446552 0.605762
vt 1.450848 0.562147
vt 1.471507 0.523496
vt 1.505385 0.495694
vt 1.547323 0.482972
vt 1.590938 0.487267
vt 1.629589 0.507927
vt 1.657392 0.541804
vt 1.152292 1.339280
vt 1.295437 1.221804
vt 1.360150 1.228177
vt 1.417498 1.258831
vt 1.458750 1.309097
vt 1.477626 1.371323
vt 1.471252 1.436036
vt 1.440599 1.493384
vt 1.390332 1.534636
vt 1.328107 1.553512
vt 1.263393 1.547138
vt 1.206046 1.516485
vt 1.164794 1.466219
vt 1.145918 1.403992
vt 0.787948 1.202695
vt 0.787948 1.261626
vt 0.845576 1.261626
vt 0.845576 1.202695
vt 1.433211 1.840679
vt 1.382945 1.881932
vt 1.511772 1.987658
vt 1.421862 1.202695
vt 1.421862 1.134617
vt 1.364233 1.134617
vt 1.364233 1.202695
vt 0.903205 1.202695
vt 0.903205 1.134617
vt 0.845576 1.134617
vt 1.018462 1.202695
vt 1.018462 1.134617
vt 0.960833 1.134617
vt 0.960833 1.202695
vt 0.787948 1.134617
vt 1.018462 1.261626
vt 1.076090 1.261626
vt 1.076090 1.202695
vt 0.903205 1.261626
vt 1.421862 1.261626
vt 1.479490 1.261626
vt 1.479490 1.202695
vt 1.133719 1.261626
vt 1.133719 1.202695
vt 1.537119 1.261626
vt 1.537119 1.202695
vt 1.191347 1.261626
vt 1.191347 1.202695
vt 1.594747 1.261626
vt 1.594747 1.202695
vt 1.248976 1.261626
vt 1.248976 1.202695
vt 0.672691 1.202695
vt 0.672691 1.261626
vt 0.730319 1.261626
vt 0.730319 1.202695
vt 1.306605 1.261626
vt 1.306605 1.202695
vt 0.960833 1.261626
vt 1.364233 1.261626
vt 1.870113 1.183743
vt 1.758333 1.194752
vt 1.865818 1.227358
vt 1.306605 1.134617
vt 1.248976 1.134617
vt 0.730319 1.134617
vt 0.672691 1.134617
vt 1.191347 1.134617
vt 1.594747 1.134617
vt 1.537119 1.134617
vt 1.133719 1.134617
vt 1.479490 1.134617
vt 1.076090 1.134617
vt 1.845159 1.266008
vt 1.811281 1.293811
vt 1.769342 1.306533
vt 1.725728 1.302238
vt 1.687077 1.281578
vt 1.659274 1.247701
vt 1.646552 1.205762
vt 1.650848 1.162147
vt 1.671507 1.123496
vt 1.705385 1.095694
vt 1.747323 1.082972
vt 1.790938 1.087267
vt 1.829589 1.107927
vt 1.857392 1.141804
vt 1.352292 1.939280
vt 1.495437 1.821804
vt 1.560150 1.828177
vt 1.617498 1.858831
vt 1.658750 1.909097
vt 1.677626 1.971323
vt 1.671252 2.036036
vt 1.640599 2.093384
vt 1.590332 2.134636
vt 1.528106 2.153512
vt 1.463393 2.147138
vt 1.406046 2.116485
vt 1.364794 2.066219
vt 1.345918 2.003992
vt 0.987948 1.802696
vt 0.987948 1.861626
vt 1.045576 1.861626
vt 1.045576 1.802696
vt 1.633211 2.440679
vt 1.582945 2.481932
vt 1.711772 2.587657
vt 1.621862 1.802696
vt 1.621862 1.734617
vt 1.564233 1.734617
vt 1.564233 1.802696
vt 1.103205 1.802696
vt 1.103205 1.734617
vt 1.045576 1.734617
vt 1.218462 1.802696
vt 1.218462 1.734617
vt 1.160833 1.734617
vt 1.160833 1.802696
vt 0.987948 1.734617
vt 1.218462 1.861626
vt 1.276090 1.861626
vt 1.276090 1.802696
vt 1.103205 1.861626
vt 1.621862 1.861626
vt 1.679490 1.861626
vt 1.679490 1.802696
vt 1.333719 1.861626
vt 1.333719 1.802696
vt 1.737119 1.861626
vt 1.737119 1.802696
vt 1.391347 1.861626
vt 1.391347 1.802696
vt 1.794747 1.861626
vt 1.794747 1.802696
vt 1.448976 1.861626
vt 1.448976 1.802696
vt 0.872691 1.802696
vt 0.872691 1.861626
vt 0.930319 1.861626
vt 0.930319 1.802696
vt 1.506605 1.861626
vt 1.506605 1.802696
vt 1.160833 1.861626
vt 1.564233 1.861626
vt 2.070113 1.783743
vt 1.958333 1.794752
vt 2.065818 1.827358
vt 1.506605 1.734617
vt 1.448976 1.734617
vt 0.930319 1.734617
vt 0.872691 1.734617
vt 1.391347 1.734617
vt 1.794747 1.734617
vt 1.737119 1.734617
vt 1.333719 1.734617
vt 1.679490 1.734617
vt 1.276090 1.734617
vt 2.045159 1.866009
vt 2.011281 1.893811
vt 1.969342 1.906533
vt 1.925728 1.902238
vt 1.887077 1.881578
vt 1.859274 1.847701
vt 1.846552 1.805762
vt 1.850848 1.762147
vt 1.871507 1.723496
vt 1.905385 1.695694
vt 1.947323 1.682972
vt 1.990938 1.687267
vt 2.029589 1.707927
vt 2.057392 1.741804
vt 1.552292 2.539279
vt 1.695437 2.421803
vt 1.760150 2.428177
vt 1.817498 2.458831
vt 1.858750 2.509097
vt 1.877626 2.571323
vt 1.871252 2.636036
vt 1.840599 2.693384
vt 1.790332 2.734636
vt 1.728106 2.753512
vt 1.663393 2.747138
vt 1.606046 2.716485
vt 1.564794 2.666219
vt 1.545918 2.603992
vn -0.6093 -0.5075 -0.6093
vn -0.3297 -0.5075 -0.7961
vn -0.3583 -0.3515 -0.8649
vn -0.6620 -0.3515 -0.6620
vn 0.0000 1.0000 0.0000
vn -0.3297 -0.5075 0.7961
vn 0.0000 -0.5075 0.8616
vn 0.0000 -0.5460 0.8378
vn -0.3206 -0.5460 0.7740
vn 0.0000 -0.5075 -0.8616
vn -0.3206 -0.5460 -0.7740
vn 0.0000 -0.5460 -0.8378
vn 0.6093 -0.5075 -0.6093
vn 0.3297 -0.5075 -0.7961
vn 0.3206 -0.5460 -0.7740
vn 0.5924 -0.5460 -0.5924
vn -0.5924 -0.5460 -0.5924
vn 0.7961 -0.5075 -0.3297
vn 0.8649 -0.3515 -0.3583
vn 0.6620 -0.3515 -0.6620
vn -0.0000 -0.3515 -0.9362
vn -0.6093 -0.5075 0.6093
vn -0.6620 -0.3515 0.6620
vn -0.3583 -0.3515 0.8649
vn 0.8616 -0.5075 0.0000
vn 0.9362 -0.3515 0.0000
vn -0.7961 -0.5075 0.3297
vn -0.8649 -0.3515 0.3583
vn 0.7961 -0.5075 0.3297
vn 0.8649 -0.3515 0.3583
vn -0.8616 -0.5075 0.0000
vn -0.9362 -0.3515 0.0000
vn 0.6093 -0.5075 0.6093
vn 0.6620 -0.3515 0.6620
vn -0.7961 -0.5075 -0.3297
vn -0.8649 -0.3515 -0.3583
vn 0.3297 -0.5075 0.7961
vn 0.3583 -0.3515 0.8649
vn 0.3583 -0.3515 -0.8649
vn 0.0000 -0.3515 0.9362
vn 0.0000 -1.0000 0.0000
vn 0.5924 -0.5460 0.5924
vn 0.3206 -0.5460 0.7740
vn -0.8378 -0.5460 0.0000
vn -0.7740 -0.5460 -0.3206
vn 0.7740 -0.5460 0.3206
vn -0.7740 -0.5460 0.3206
vn 0.8378 -0.5460 0.0000
vn -0.5924 -0.5460 0.5924
vn 0.7740 -0.5460 -0.3206
vn -0.0001 -0.5075 0.8616
vn -0.3298 -0.5075 -0.7961
vn -0.3298 -0.5075 -0.7960
usemtl sandstone
s 1
f 896/2175/436 882/2176/437 865/2177/438 864/2178/439
f 881/2179/440 899/2180/440 866/2181/440
f 884/2182/441 897/2183/442 874/2184/443 875/2185/444
f 893/2186/445 882/2176/437 881/2187/446 866/2188/447
f 883/2189/448 895/2190/449 867/2191/450 868/2192/451
f 882/2176/437 896/2175/436 880/2193/452 881/2187/446
f 883/2189/448 885/2194/453 853/2195/454 852/2196/455
f 882/2176/437 893/2186/445 850/2197/456 865/2177/438
f 884/2182/441 886/2198/457 860/2199/458 859/2200/459
f 885/2194/453 887/2201/460 854/2202/461 853/2195/454
f 886/2198/457 888/2203/462 861/2204/463 860/2199/458
f 887/2201/460 889/2205/464 855/2206/465 854/2202/461
f 888/2203/462 890/2207/466 862/2208/467 861/2204/463
f 889/2205/464 891/2209/468 856/2210/469 855/2206/465
f 890/2211/466 892/2212/470 863/2213/471 862/2214/467
f 891/2209/468 894/2215/472 857/2216/473 856/2210/469
f 892/2212/470 896/2175/436 864/2178/439 863/2213/471
f 895/2190/449 883/2189/448 852/2196/455 851/2217/474
f 897/2183/442 884/2182/441 859/2200/459 858/2218/475
f 850/2219/456 851/2220/474 898/2221/476
f 894/2215/472 891/2209/468 872/2222/477 873/2223/478
f 892/2212/470 890/2211/466 878/2224/479 879/2225/480
f 891/2209/468 889/2205/464 871/2226/481 872/2222/477
f 890/2207/466 888/2203/462 877/2227/482 878/2228/479
f 889/2205/464 887/2201/460 870/2229/483 871/2226/481
f 888/2203/462 886/2198/457 876/2230/484 877/2227/482
f 887/2201/460 885/2194/453 869/2231/485 870/2229/483
f 886/2198/457 884/2182/441 875/2185/444 876/2230/484
f 885/2194/453 883/2189/448 868/2192/451 869/2231/485
f 894/2215/472 897/2183/442 858/2218/475 857/2216/473
f 895/2190/449 893/2186/445 866/2188/447 867/2191/450
f 896/2175/436 892/2212/470 879/2225/480 880/2193/452
f 893/2186/445 895/2190/449 851/2217/474 850/2197/456
f 851/2220/474 852/2232/455 898/2221/476
f 852/2232/455 853/2233/454 898/2221/476
f 853/2233/454 854/2234/461 898/2221/476
f 854/2234/461 855/2235/465 898/2221/476
f 855/2235/465 856/2236/469 898/2221/476
f 856/2236/469 857/2237/473 898/2221/476
f 857/2237/473 858/2238/475 898/2221/476
f 858/2238/475 859/2239/459 898/2221/476
f 859/2239/459 860/2240/458 898/2221/476
f 860/2240/458 861/2241/463 898/2221/476
f 861/2241/463 862/2242/467 898/2221/476
f 862/2242/467 863/2243/471 898/2221/476
f 863/2243/471 864/2244/439 898/2221/476
f 864/2244/439 865/2245/438 898/2221/476
f 865/2245/438 850/2219/456 898/2221/476
f 867/2246/440 866/2181/440 899/2180/440
f 880/2247/440 899/2180/440 881/2179/440
f 879/2248/440 899/2180/440 880/2247/440
f 878/2249/440 899/2180/440 879/2248/440
f 877/2250/440 899/2180/440 878/2249/440
f 876/2251/440 899/2180/440 877/2250/440
f 875/2252/440 899/2180/440 876/2251/440
f 874/2253/440 899/2180/440 875/2252/440
f 873/2254/440 899/2180/440 874/2253/440
f 872/2255/440 899/2180/440 873/2254/440
f 871/2256/440 899/2180/440 872/2255/440
f 870/2257/440 899/2180/440 871/2256/440
f 869/2258/440 899/2180/440 870/2257/440
f 868/2259/440 899/2180/440 869/2258/440
f 867/2246/440 899/2180/440 868/2259/440
f 897/2183/442 894/2215/472 873/2223/478 874/2184/443
f 946/2260/436 932/2261/437 915/2262/438 914/2263/439
f 931/2264/440 949/2265/440 916/2266/440
f 934/2267/441 947/2268/442 924/2269/443 925/2270/444
f 943/2271/445 932/2261/437 931/2272/446 916/2273/447
f 933/2274/448 945/2275/449 917/2276/450 918/2277/451
f 932/2261/437 946/2260/436 930/2278/452 931/2272/446
f 933/2274/448 935/2279/453 903/2280/454 902/2281/455
f 932/2261/437 943/2271/445 900/2282/456 915/2262/438
f 934/2267/441 936/2283/457 910/2284/458 909/2285/459
f 935/2279/453 937/2286/460 904/2287/461 903/2280/454
f 936/2283/457 938/2288/462 911/2289/463 910/2284/458
f 937/2286/460 939/2290/464 905/2291/465 904/2287/461
f 938/2288/462 940/2292/466 912/2293/467 911/2289/463
f 939/2290/464 941/2294/468 906/2295/469 905/2291/465
f 940/2296/466 942/2297/470 913/2298/471 912/2299/467
f 941/2294/468 944/2300/472 907/2301/473 906/2295/469
f 942/2297/470 946/2260/436 914/2263/439 913/2298/471
f 945/2275/449 933/2274/448 902/2281/455 901/2302/474
f 947/2268/442 934/2267/441 909/2285/459 908/2303/475
f 900/2304/456 901/2305/474 948/2306/476
f 944/2300/472 941/2294/468 922/2307/477 923/2308/478
f 942/2297/470 940/2296/466 928/2309/479 929/2310/480
f 941/2294/468 939/2290/464 921/2311/481 922/2307/477
f 940/2292/466 938/2288/462 927/2312/482 928/2313/479
f 939/2290/464 937/2286/460 920/2314/483 921/2311/481
f 938/2288/462 936/2283/457 926/2315/484 927/2312/482
f 937/2286/460 935/2279/453 919/2316/485 920/2314/483
f 936/2283/457 934/2267/441 925/2270/444 926/2315/484
f 935/2279/453 933/2274/448 918/2277/451 919/2316/485
f 944/2300/472 947/2268/442 908/2303/475 907/2301/473
f 945/2275/449 943/2271/445 916/2273/447 917/2276/450
f 946/2260/436 942/2297/470 929/2310/480 930/2278/452
f 943/2271/445 945/2275/449 901/2302/474 900/2282/456
f 901/2305/474 902/2317/455 948/2306/476
f 902/2317/455 903/2318/454 948/2306/476
f 903/2318/454 904/2319/461 948/2306/476
f 904/2319/461 905/2320/465 948/2306/476
f 905/2320/465 906/2321/469 948/2306/476
f 906/2321/469 907/2322/473 948/2306/476
f 907/2322/473 908/2323/475 948/2306/476
f 908/2323/475 909/2324/459 948/2306/476
f 909/2324/459 910/2325/458 948/2306/476
f 910/2325/458 911/2326/463 948/2306/476
f 911/2326/463 912/2327/467 948/2306/476
f 912/2327/467 913/2328/471 948/2306/476
f 913/2328/471 914/2329/439 948/2306/476
f 914/2329/439 915/2330/438 948/2306/476
f 915/2330/438 900/2304/456 948/2306/476
f 917/2331/440 916/2266/440 949/2265/440
f 930/2332/440 949/2265/440 931/2264/440
f 929/2333/440 949/2265/440 930/2332/440
f 928/2334/440 949/2265/440 929/2333/440
f 927/2335/440 949/2265/440 928/2334/440
f 926/2336/440 949/2265/440 927/2335/440
f 925/2337/440 949/2265/440 926/2336/440
f 924/2338/440 949/2265/440 925/2337/440
f 923/2339/440 949/2265/440 924/2338/440
f 922/2340/440 949/2265/440 923/2339/440
f 921/2341/440 949/2265/440 922/2340/440
f 920/2342/440 949/2265/440 921/2341/440
f 919/2343/440 949/2265/440 920/2342/440
f 918/2344/440 949/2265/440 919/2343/440
f 917/2331/440 949/2265/440 918/2344/440
f 947/2268/442 944/2300/472 923/2308/478 924/2269/443
f 996/2345/436 982/2346/437 965/2347/438 964/2348/439
f 981/2349/440 999/2350/440 966/2351/440
f 984/2352/441 997/2353/442 974/2354/443 975/2355/444
f 993/2356/445 982/2346/437 981/2357/446 966/2358/447
f 983/2359/448 995/2360/449 967/2361/450 968/2362/451
f 982/2346/437 996/2345/436 980/2363/452 981/2357/446
f 983/2359/448 985/2364/453 953/2365/454 952/2366/455
f 982/2346/437 993/2356/445 950/2367/456 965/2347/438
f 984/2352/441 986/2368/457 960/2369/458 959/2370/459
f 985/2364/453 987/2371/460 954/2372/461 953/2365/454
f 986/2368/457 988/2373/462 961/2374/463 960/2369/458
f 987/2371/460 989/2375/464 955/2376/465 954/2372/461
f 988/2373/462 990/2377/466 962/2378/467 961/2374/463
f 989/2375/464 991/2379/468 956/2380/469 955/2376/465
f 990/2381/466 992/2382/470 963/2383/471 962/2384/467
f 991/2379/468 994/2385/472 957/2386/473 956/2380/469
f 992/2382/470 996/2345/436 964/2348/439 963/2383/471
f 995/2360/449 983/2359/448 952/2366/455 951/2387/474
f 997/2353/442 984/2352/441 959/2370/459 958/2388/475
f 950/2389/456 951/2390/474 998/2391/476
f 994/2385/472 991/2379/468 972/2392/477 973/2393/478
f 992/2382/470 990/2381/466 978/2394/479 979/2395/480
f 991/2379/468 989/2375/464 971/2396/481 972/2392/477
f 990/2377/466 988/2373/462 977/2397/482 978/2398/479
f 989/2375/464 987/2371/460 970/2399/483 971/2396/481
f 988/2373/462 986/2368/457 976/2400/484 977/2397/482
f 987/2371/460 985/2364/453 969/2401/485 970/2399/483
f 986/2368/457 984/2352/441 975/2355/444 976/2400/484
f 985/2364/453 983/2359/448 968/2362/451 969/2401/485
f 994/2385/472 997/2353/442 958/2388/475 957/2386/473
f 995/2360/449 993/2356/445 966/2358/447 967/2361/450
f 996/2345/436 992/2382/470 979/2395/480 980/2363/452
f 993/2356/445 995/2360/449 951/2387/474 950/2367/456
f 951/2390/474 952/2402/455 998/2391/476
f 952/2402/455 953/2403/454 998/2391/476
f 953/2403/454 954/2404/461 998/2391/476
f 954/2404/461 955/2405/465 998/2391/476
f 955/2405/465 956/2406/469 998/2391/476
f 956/2406/469 957/2407/473 998/2391/476
f 957/2407/473 958/2408/475 998/2391/476
f 958/2408/475 959/2409/459 998/2391/476
f 959/2409/459 960/2410/458 998/2391/476
f 960/2410/458 961/2411/463 998/2391/476
f 961/2411/463 962/2412/467 998/2391/476
f 962/2412/467 963/2413/471 998/2391/476
f 963/2413/471 964/2414/439 998/2391/476
f 964/2414/439 965/2415/438 998/2391/476
f 965/2415/438 950/2389/456 998/2391/476
f 967/2416/440 966/2351/440 999/2350/440
f 980/2417/440 999/2350/440 981/2349/440
f 979/2418/440 999/2350/440 980/2417/440
f 978/2419/440 999/2350/440 979/2418/440
f 977/2420/440 999/2350/440 978/2419/440
f 976/2421/440 999/2350/440 977/2420/440
f 975/2422/440 999/2350/440 976/2421/440
f 974/2423/440 999/2350/440 975/2422/440
f 973/2424/440 999/2350/440 974/2423/440
f 972/2425/440 999/2350/440 973/2424/440
f 971/2426/440 999/2350/440 972/2425/440
f 970/2427/440 999/2350/440 971/2426/440
f 969/2428/440 999/2350/440 970/2427/440
f 968/2429/440 999/2350/440 969/2428/440
f 967/2416/440 999/2350/440 968/2429/440
f 997/2353/442 994/2385/472 973/2393/478 974/2354/443
f 1046/2430/436 1032/2431/437 1015/2432/438 1014/2433/439
f 1031/2434/440 1049/2435/440 1016/2436/440
f 1034/2437/441 1047/2438/442 1024/2439/443 1025/2440/444
f 1043/2441/445 1032/2431/437 1031/2442/446 1016/2443/447
f 1033/2444/448 1045/2445/449 1017/2446/450 1018/2447/451
f 1032/2431/437 1046/2430/436 1030/2448/452 1031/2442/446
f 1033/2444/448 1035/2449/453 1003/2450/454 1002/2451/455
f 1032/2431/437 1043/2441/445 1000/2452/456 1015/2432/438
f 1034/2437/441 1036/2453/457 1010/2454/458 1009/2455/459
f 1035/2449/453 1037/2456/460 1004/2457/461 1003/2450/454
f 1036/2453/457 1038/2458/462 1011/2459/463 1010/2454/458
f 1037/2456/460 1039/2460/464 1005/2461/465 1004/2457/461
f 1038/2458/462 1040/2462/466 1012/2463/467 1011/2459/463
f 1039/2460/464 1041/2464/468 1006/2465/469 1005/2461/465
f 1040/2466/466 1042/2467/470 1013/2468/471 1012/2469/467
f 1041/2464/468 1044/2470/472 1007/2471/473 1006/2465/469
f 1042/2467/470 1046/2430/436 1014/2433/439 1013/2468/471
f 1045/2445/449 1033/2444/448 1002/2451/455 1001/2472/474
f 1047/2438/442 1034/2437/441 1009/2455/459 1008/2473/475
f 1000/2474/456 1001/2475/474 1048/2476/476
f 1044/2470/472 1041/2464/468 1022/2477/477 1023/2478/478
f 1042/2467/470 1040/2466/466 1028/2479/479 1029/2480/480
f 1041/2464/468 1039/2460/464 1021/2481/481 1022/2477/477
f 1040/2462/466 1038/2458/462 1027/2482/482 1028/2483/479
f 1039/2460/464 1037/2456/460 1020/2484/483 1021/2481/481
f 1038/2458/462 1036/2453/457 1026/2485/484 1027/2482/482
f 1037/2456/460 1035/2449/453 1019/2486/485 1020/2484/483
f 1036/2453/457 1034/2437/441 1025/2440/444 1026/2485/484
f 1035/2449/453 1033/2444/448 1018/2447/451 1019/2486/485
f 1044/2470/472 1047/2438/442 1008/2473/475 1007/2471/473
f 1045/2445/449 1043/2441/445 1016/2443/447 1017/2446/450
f 1046/2430/436 1042/2467/470 1029/2480/480 1030/2448/452
f 1043/2441/445 1045/2445/449 1001/2472/474 1000/2452/456
f 1001/2475/474 1002/2487/455 1048/2476/476
f 1002/2487/455 1003/2488/454 1048/2476/476
f 1003/2488/454 1004/2489/461 1048/2476/476
f 1004/2489/461 1005/2490/465 1048/2476/476
f 1005/2490/465 1006/2491/469 1048/2476/476
f 1006/2491/469 1007/2492/473 1048/2476/476
f 1007/2492/473 1008/2493/475 1048/2476/476
f 1008/2493/475 1009/2494/459 1048/2476/476
f 1009/2494/459 1010/2495/458 1048/2476/476
f 1010/2495/458 1011/2496/463 1048/2476/476
f 1011/2496/463 1012/2497/467 1048/2476/476
f 1012/2497/467 1013/2498/471 1048/2476/476
f 1013/2498/471 1014/2499/439 1048/2476/476
f 1014/2499/439 1015/2500/438 1048/2476/476
f 1015/2500/438 1000/2474/456 1048/2476/476
f 1017/2501/440 1016/2436/440 1049/2435/440
f 1030/2502/440 1049/2435/440 1031/2434/440
f 1029/2503/440 1049/2435/440 1030/2502/440
f 1028/2504/440 1049/2435/440 1029/2503/440
f 1027/2505/440 1049/2435/440 1028/2504/440
f 1026/2506/440 1049/2435/440 1027/2505/440
f 1025/2507/440 1049/2435/440 1026/2506/440
f 1024/2508/440 1049/2435/440 1025/2507/440
f 1023/2509/440 1049/2435/440 1024/2508/440
f 1022/2510/440 1049/2435/440 1023/2509/440
f 1021/2511/440 1049/2435/440 1022/2510/440
f 1020/2512/440 1049/2435/440 1021/2511/440
f 1019/2513/440 1049/2435/440 1020/2512/440
f 1018/2514/440 1049/2435/440 1019/2513/440
f 1017/2501/440 1049/2435/440 1018/2514/440
f 1047/2438/442 1044/2470/472 1023/2478/478 1024/2439/443
f 1096/2515/436 1082/2516/437 1065/2517/438 1064/2518/439
f 1081/2519/440 1099/2520/440 1066/2521/440
f 1084/2522/441 1097/2523/442 1074/2524/443 1075/2525/444
f 1093/2526/445 1082/2516/437 1081/2527/446 1066/2528/447
f 1083/2529/448 1095/2530/449 1067/2531/450 1068/2532/451
f 1082/2516/437 1096/2515/436 1080/2533/452 1081/2527/446
f 1083/2529/448 1085/2534/453 1053/2535/454 1052/2536/455
f 1082/2516/437 1093/2526/445 1050/2537/456 1065/2517/438
f 1084/2522/441 1086/2538/457 1060/2539/458 1059/2540/459
f 1085/2534/453 1087/2541/460 1054/2542/461 1053/2535/454
f 1086/2538/457 1088/2543/462 1061/2544/463 1060/2539/458
f 1087/2541/460 1089/2545/464 1055/2546/465 1054/2542/461
f 1088/2543/462 1090/2547/466 1062/2548/467 1061/2544/463
f 1089/2545/464 1091/2549/468 1056/2550/469 1055/2546/465
f 1090/2551/466 1092/2552/470 1063/2553/471 1062/2554/467
f 1091/2549/468 1094/2555/472 1057/2556/473 1056/2550/469
f 1092/2552/470 1096/2515/436 1064/2518/439 1063/2553/471
f 1095/2530/449 1083/2529/448 1052/2536/455 1051/2557/474
f 1097/2523/442 1084/2522/441 1059/2540/459 1058/2558/475
f 1050/2559/456 1051/2560/474 1098/2561/476
f 1094/2555/472 1091/2549/468 1072/2562/477 1073/2563/478
f 1092/2552/470 1090/2551/466 1078/2564/479 1079/2565/480
f 1091/2549/468 1089/2545/464 1071/2566/481 1072/2562/477
f 1090/2547/466 1088/2543/462 1077/2567/482 1078/2568/479
f 1089/2545/464 1087/2541/460 1070/2569/483 1071/2566/481
f 1088/2543/462 1086/2538/457 1076/2570/484 1077/2567/482
f 1087/2541/460 1085/2534/453 1069/2571/485 1070/2569/483
f 1086/2538/457 1084/2522/441 1075/2525/444 1076/2570/484
f 1085/2534/453 1083/2529/448 1068/2532/451 1069/2571/485
f 1094/2555/472 1097/2523/442 1058/2558/475 1057/2556/473
f 1095/2530/449 1093/2526/445 1066/2528/447 1067/2531/450
f 1096/2515/436 1092/2552/470 1079/2565/480 1080/2533/452
f 1093/2526/445 1095/2530/449 1051/2557/474 1050/2537/456
f 1051/2560/474 1052/2572/455 1098/2561/476
f 1052/2572/455 1053/2573/454 1098/2561/476
f 1053/2573/454 1054/2574/461 1098/2561/476
f 1054/2574/461 1055/2575/465 1098/2561/476
f 1055/2575/465 1056/2576/469 1098/2561/476
f 1056/2576/469 1057/2577/473 1098/2561/476
f 1057/2577/473 1058/2578/475 1098/2561/476
f 1058/2578/475 1059/2579/459 1098/2561/476
f 1059/2579/459 1060/2580/458 1098/2561/476
f 1060/2580/458 1061/2581/463 1098/2561/476
f 1061/2581/463 1062/2582/467 1098/2561/476
f 1062/2582/467 1063/2583/471 1098/2561/476
f 1063/2583/471 1064/2584/439 1098/2561/476
f 1064/2584/439 1065/2585/438 1098/2561/476
f 1065/2585/438 1050/2559/456 1098/2561/476
f 1067/2586/440 1066/2521/440 1099/2520/440
f 1080/2587/440 1099/2520/440 1081/2519/440
f 1079/2588/440 1099/2520/440 1080/2587/440
f 1078/2589/440 1099/2520/440 1079/2588/440
f 1077/2590/440 1099/2520/440 1078/2589/440
f 1076/2591/440 1099/2520/440 1077/2590/440
f 1075/2592/440 1099/2520/440 1076/2591/440
f 1074/2593/440 1099/2520/440 1075/2592/440
f 1073/2594/440 1099/2520/440 1074/2593/440
f 1072/2595/440 1099/2520/440 1073/2594/440
f 1071/2596/440 1099/2520/440 1072/2595/440
f 1070/2597/440 1099/2520/440 1071/2596/440
f 1069/2598/440 1099/2520/440 1070/2597/440
f 1068/2599/440 1099/2520/440 1069/2598/440
f 1067/2586/440 1099/2520/440 1068/2599/440
f 1097/2523/442 1094/2555/472 1073/2563/478 1074/2524/443
f 1146/2600/436 1132/2601/437 1115/2602/438 1114/2603/439
f 1131/2604/440 1149/2605/440 1116/2606/440
f 1134/2607/441 1147/2608/442 1124/2609/443 1125/2610/444
f 1143/2611/445 1132/2601/437 1131/2612/446 1116/2613/447
f 1133/2614/448 1145/2615/449 1117/2616/450 1118/2617/451
f 1132/2601/437 1146/2600/436 1130/2618/452 1131/2612/446
f 1133/2614/448 1135/2619/453 1103/2620/454 1102/2621/455
f 1132/2601/437 1143/2611/445 1100/2622/456 1115/2602/438
f 1134/2607/441 1136/2623/457 1110/2624/458 1109/2625/459
f 1135/2619/453 1137/2626/460 1104/2627/461 1103/2620/454
f 1136/2623/457 1138/2628/462 1111/2629/463 1110/2624/458
f 1137/2626/460 1139/2630/464 1105/2631/465 1104/2627/461
f 1138/2628/462 1140/2632/466 1112/2633/467 1111/2629/463
f 1139/2630/464 1141/2634/468 1106/2635/469 1105/2631/465
f 1140/2636/466 1142/2637/470 1113/2638/471 1112/2639/467
f 1141/2634/468 1144/2640/472 1107/2641/473 1106/2635/469
f 1142/2637/470 1146/2600/436 1114/2603/439 1113/2638/471
f 1145/2615/449 1133/2614/448 1102/2621/455 1101/2642/474
f 1147/2608/442 1134/2607/441 1109/2625/459 1108/2643/475
f 1100/2644/456 1101/2645/474 1148/2646/476
f 1144/2640/472 1141/2634/468 1122/2647/477 1123/2648/478
f 1142/2637/470 1140/2636/466 1128/2649/479 1129/2650/480
f 1141/2634/468 1139/2630/464 1121/2651/481 1122/2647/477
f 1140/2632/466 1138/2628/462 1127/2652/482 1128/2653/479
f 1139/2630/464 1137/2626/460 1120/2654/483 1121/2651/481
f 1138/2628/462 1136/2623/457 1126/2655/484 1127/2652/482
f 1137/2626/460 1135/2619/453 1119/2656/485 1120/2654/483
f 1136/2623/457 1134/2607/441 1125/2610/444 1126/2655/484
f 1135/2619/453 1133/2614/448 1118/2617/451 1119/2656/485
f 1144/2640/472 1147/2608/442 1108/2643/475 1107/2641/473
f 1145/2615/449 1143/2611/445 1116/2613/447 1117/2616/450
f 1146/2600/436 1142/2637/470 1129/2650/480 1130/2618/452
f 1143/2611/445 1145/2615/449 1101/2642/474 1100/2622/456
f 1101/2645/474 1102/2657/455 1148/2646/476
f 1102/2657/455 1103/2658/454 1148/2646/476
f 1103/2658/454 1104/2659/461 1148/2646/476
f 1104/2659/461 1105/2660/465 1148/2646/476
f 1105/2660/465 1106/2661/469 1148/2646/476
f 1106/2661/469 1107/2662/473 1148/2646/476
f 1107/2662/473 1108/2663/475 1148/2646/476
f 1108/2663/475 1109/2664/459 1148/2646/476
f 1109/2664/459 1110/2665/458 1148/2646/476
f 1110/2665/458 1111/2666/463 1148/2646/476
f 1111/2666/463 1112/2667/467 1148/2646/476
f 1112/2667/467 1113/2668/471 1148/2646/476
f 1113/2668/471 1114/2669/439 1148/2646/476
f 1114/2669/439 1115/2670/438 1148/2646/476
f 1115/2670/438 1100/2644/456 1148/2646/476
f 1117/2671/440 1116/2606/440 1149/2605/440
f 1130/2672/440 1149/2605/440 1131/2604/440
f 1129/2673/440 1149/2605/440 1130/2672/440
f 1128/2674/440 1149/2605/440 1129/2673/440
f 1127/2675/440 1149/2605/440 1128/2674/440
f 1126/2676/440 1149/2605/440 1127/2675/440
f 1125/2677/440 1149/2605/440 1126/2676/440
f 1124/2678/440 1149/2605/440 1125/2677/440
f 1123/2679/440 1149/2605/440 1124/2678/440
f 1122/2680/440 1149/2605/440 1123/2679/440
f 1121/2681/440 1149/2605/440 1122/2680/440
f 1120/2682/440 1149/2605/440 1121/2681/440
f 1119/2683/440 1149/2605/440 1120/2682/440
f 1118/2684/440 1149/2605/440 1119/2683/440
f 1117/2671/440 1149/2605/440 1118/2684/440
f 1147/2608/442 1144/2640/472 1123/2648/478 1124/2609/443
f 1196/2685/436 1182/2686/437 1165/2687/438 1164/2688/439
f 1181/2689/440 1199/2690/440 1166/2691/440
f 1184/2692/441 1197/2693/486 1174/2694/443 1175/2695/444
f 1193/2696/445 1182/2686/437 1181/2697/446 1166/2698/447
f 1183/2699/448 1195/2700/449 1167/2701/450 1168/2702/451
f 1182/2686/437 1196/2685/436 1180/2703/452 1181/2697/446
f 1183/2699/448 1185/2704/453 1153/2705/454 1152/2706/455
f 1182/2686/437 1193/2696/445 1150/2707/456 1165/2687/438
f 1184/2692/441 1186/2708/457 1160/2709/458 1159/2710/459
f 1185/2704/453 1187/2711/460 1154/2712/461 1153/2705/454
f 1186/2708/457 1188/2713/462 1161/2714/463 1160/2709/458
f 1187/2711/460 1189/2715/464 1155/2716/465 1154/2712/461
f 1188/2713/462 1190/2717/466 1162/2718/467 1161/2714/463
f 1189/2715/464 1191/2719/468 1156/2720/469 1155/2716/465
f 1190/2721/466 1192/2722/470 1163/2723/471 1162/2724/467
f 1191/2719/468 1194/2725/472 1157/2726/473 1156/2720/469
f 1192/2722/470 1196/2685/436 1164/2688/439 1163/2723/471
f 1195/2700/449 1183/2699/448 1152/2706/455 1151/2727/474
f 1197/2693/486 1184/2692/441 1159/2710/459 1158/2728/475
f 1150/2729/456 1151/2730/474 1198/2731/476
f 1194/2725/472 1191/2719/468 1172/2732/477 1173/2733/478
f 1192/2722/470 1190/2721/466 1178/2734/479 1179/2735/480
f 1191/2719/468 1189/2715/464 1171/2736/481 1172/2732/477
f 1190/2717/466 1188/2713/462 1177/2737/482 1178/2738/479
f 1189/2715/464 1187/2711/460 1170/2739/483 1171/2736/481
f 1188/2713/462 1186/2708/457 1176/2740/484 1177/2737/482
f 1187/2711/460 1185/2704/453 1169/2741/485 1170/2739/483
f 1186/2708/457 1184/2692/441 1175/2695/444 1176/2740/484
f 1185/2704/453 1183/2699/448 1168/2702/451 1169/2741/485
f 1194/2725/472 1197/2693/486 1158/2728/475 1157/2726/473
f 1195/2700/449 1193/2696/445 1166/2698/447 1167/2701/450
f 1196/2685/436 1192/2722/470 1179/2735/480 1180/2703/452
f 1193/2696/445 1195/2700/449 1151/2727/474 1150/2707/456
f 1151/2730/474 1152/2742/455 1198/2731/476
f 1152/2742/455 1153/2743/454 1198/2731/476
f 1153/2743/454 1154/2744/461 1198/2731/476
f 1154/2744/461 1155/2745/465 1198/2731/476
f 1155/2745/465 1156/2746/469 1198/2731/476
f 1156/2746/469 1157/2747/473 1198/2731/476
f 1157/2747/473 1158/2748/475 1198/2731/476
f 1158/2748/475 1159/2749/459 1198/2731/476
f 1159/2749/459 1160/2750/458 1198/2731/476
f 1160/2750/458 1161/2751/463 1198/2731/476
f 1161/2751/463 1162/2752/467 1198/2731/476
f 1162/2752/467 1163/2753/471 1198/2731/476
f 1163/2753/471 1164/2754/439 1198/2731/476
f 1164/2754/439 1165/2755/438 1198/2731/476
f 1165/2755/438 1150/2729/456 1198/2731/476
f 1167/2756/440 1166/2691/440 1199/2690/440
f 1180/2757/440 1199/2690/440 1181/2689/440
f 1179/2758/440 1199/2690/440 1180/2757/440
f 1178/2759/440 1199/2690/440 1179/2758/440
f 1177/2760/440 1199/2690/440 1178/2759/440
f 1176/2761/440 1199/2690/440 1177/2760/440
f 1175/2762/440 1199/2690/440 1176/2761/440
f 1174/2763/440 1199/2690/440 1175/2762/440
f 1173/2764/440 1199/2690/440 1174/2763/440
f 1172/2765/440 1199/2690/440 1173/2764/440
f 1171/2766/440 1199/2690/440 1172/2765/440
f 1170/2767/440 1199/2690/440 1171/2766/440
f 1169/2768/440 1199/2690/440 1170/2767/440
f 1168/2769/440 1199/2690/440 1169/2768/440
f 1167/2756/440 1199/2690/440 1168/2769/440
f 1197/2693/486 1194/2725/472 1173/2733/478 1174/2694/443
f 1246/2770/436 1232/2771/437 1215/2772/438 1214/2773/439
f 1231/2774/440 1249/2775/440 1216/2776/440
f 1234/2777/441 1247/2778/442 1224/2779/443 1225/2780/444
f 1243/2781/445 1232/2771/437 1231/2782/446 1216/2783/447
f 1233/2784/448 1245/2785/449 1217/2786/450 1218/2787/451
f 1232/2771/437 1246/2770/436 1230/2788/452 1231/2782/446
f 1233/2784/448 1235/2789/453 1203/2790/454 1202/2791/455
f 1232/2771/437 1243/2781/445 1200/2792/456 1215/2772/438
f 1234/2777/441 1236/2793/457 1210/2794/458 1209/2795/459
f 1235/2789/453 1237/2796/460 1204/2797/461 1203/2790/454
f 1236/2793/457 1238/2798/462 1211/2799/463 1210/2794/458
f 1237/2796/460 1239/2800/464 1205/2801/465 1204/2797/461
f 1238/2798/462 1240/2802/466 1212/2803/467 1211/2799/463
f 1239/2800/464 1241/2804/468 1206/2805/469 1205/2801/465
f 1240/2806/466 1242/2807/470 1213/2808/471 1212/2809/467
f 1241/2804/468 1244/2810/472 1207/2811/473 1206/2805/469
f 1242/2807/470 1246/2770/436 1214/2773/439 1213/2808/471
f 1245/2785/449 1233/2784/448 1202/2791/455 1201/2812/474
f 1247/2778/442 1234/2777/441 1209/2795/459 1208/2813/475
f 1200/2814/456 1201/2815/474 1248/2816/476
f 1244/2810/472 1241/2804/468 1222/2817/477 1223/2818/478
f 1242/2807/470 1240/2806/466 1228/2819/479 1229/2820/480
f 1241/2804/468 1239/2800/464 1221/2821/481 1222/2817/477
f 1240/2802/466 1238/2798/462 1227/2822/482 1228/2823/479
f 1239/2800/464 1237/2796/460 1220/2824/483 1221/2821/481
f 1238/2798/462 1236/2793/457 1226/2825/484 1227/2822/482
f 1237/2796/460 1235/2789/453 1219/2826/485 1220/2824/483
f 1236/2793/457 1234/2777/441 1225/2780/444 1226/2825/484
f 1235/2789/453 1233/2784/448 1218/2787/451 1219/2826/485
f 1244/2810/472 1247/2778/442 1208/2813/475 1207/2811/473
f 1245/2785/449 1243/2781/445 1216/2783/447 1217/2786/450
f 1246/2770/436 1242/2807/470 1229/2820/480 1230/2788/452
f 1243/2781/445 1245/2785/449 1201/2812/474 1200/2792/456
f 1201/2815/474 1202/2827/455 1248/2816/476
f 1202/2827/455 1203/2828/454 1248/2816/476
f 1203/2828/454 1204/2829/461 1248/2816/476
f 1204/2829/461 1205/2830/465 1248/2816/476
f 1205/2830/465 1206/2831/469 1248/2816/476
f 1206/2831/469 1207/2832/473 1248/2816/476
f 1207/2832/473 1208/2833/475 1248/2816/476
f 1208/2833/475 1209/2834/459 1248/2816/476
f 1209/2834/459 1210/2835/458 1248/2816/476
f 1210/2835/458 1211/2836/463 1248/2816/476
f 1211/2836/463 1212/2837/467 1248/2816/476
f 1212/2837/467 1213/2838/471 1248/2816/476
f 1213/2838/471 1214/2839/439 1248/2816/476
f 1214/2839/439 1215/2840/438 1248/2816/476
f 1215/2840/438 1200/2814/456 1248/2816/476
f 1217/2841/440 1216/2776/440 1249/2775/440
f 1230/2842/440 1249/2775/440 1231/2774/440
f 1229/2843/440 1249/2775/440 1230/2842/440
f 1228/2844/440 1249/2775/440 1229/2843/440
f 1227/2845/440 1249/2775/440 1228/2844/440
f 1226/2846/440 1249/2775/440 1227/2845/440
f 1225/2847/440 1249/2775/440 1226/2846/440
f 1224/2848/440 1249/2775/440 1225/2847/440
f 1223/2849/440 1249/2775/440 1224/2848/440
f 1222/2850/440 1249/2775/440 1223/2849/440
f 1221/2851/440 1249/2775/440 1222/2850/440
f 1220/2852/440 1249/2775/440 1221/2851/440
f 1219/2853/440 1249/2775/440 1220/2852/440
f 1218/2854/440 1249/2775/440 1219/2853/440
f 1217/2841/440 1249/2775/440 1218/2854/440
f 1247/2778/442 1244/2810/472 1223/2818/478 1224/2779/443
f 1296/2855/436 1282/2856/437 1265/2857/438 1264/2858/439
f 1281/2859/440 1299/2860/440 1266/2861/440
f 1284/2862/441 1297/2863/442 1274/2864/443 1275/2865/444
f 1293/2866/445 1282/2856/437 1281/2867/446 1266/2868/447
f 1283/2869/448 1295/2870/449 1267/2871/450 1268/2872/451
f 1282/2856/437 1296/2855/436 1280/2873/452 1281/2867/446
f 1283/2869/448 1285/2874/453 1253/2875/454 1252/2876/455
f 1282/2856/437 1293/2866/445 1250/2877/456 1265/2857/438
f 1284/2862/441 1286/2878/457 1260/2879/458 1259/2880/459
f 1285/2874/453 1287/2881/460 1254/2882/461 1253/2875/454
f 1286/2878/457 1288/2883/462 1261/2884/463 1260/2879/458
f 1287/2881/460 1289/2885/464 1255/2886/465 1254/2882/461
f 1288/2883/462 1290/2887/466 1262/2888/467 1261/2884/463
f 1289/2885/464 1291/2889/468 1256/2890/469 1255/2886/465
f 1290/2891/466 1292/2892/470 1263/2893/471 1262/2894/467
f 1291/2889/468 1294/2895/472 1257/2896/473 1256/2890/469
f 1292/2892/470 1296/2855/436 1264/2858/439 1263/2893/471
f 1295/2870/449 1283/2869/448 1252/2876/455 1251/2897/474
f 1297/2863/442 1284/2862/441 1259/2880/459 1258/2898/475
f 1250/2899/456 1251/2900/474 1298/2901/476
f 1294/2895/472 1291/2889/468 1272/2902/477 1273/2903/478
f 1292/2892/470 1290/2891/466 1278/2904/479 1279/2905/480
f 1291/2889/468 1289/2885/464 1271/2906/481 1272/2902/477
f 1290/2887/466 1288/2883/462 1277/2907/482 1278/2908/479
f 1289/2885/464 1287/2881/460 1270/2909/483 1271/2906/481
f 1288/2883/462 1286/2878/457 1276/2910/484 1277/2907/482
f 1287/2881/460 1285/2874/453 1269/2911/485 1270/2909/483
f 1286/2878/457 1284/2862/441 1275/2865/444 1276/2910/484
f 1285/2874/453 1283/2869/448 1268/2872/451 1269/2911/485
f 1294/2895/472 1297/2863/442 1258/2898/475 1257/2896/473
f 1295/2870/449 1293/2866/445 1266/2868/447 1267/2871/450
f 1296/2855/436 1292/2892/470 1279/2905/480 1280/2873/452
f 1293/2866/445 1295/2870/449 1251/2897/474 1250/2877/456
f 1251/2900/474 1252/2912/455 1298/2901/476
f 1252/2912/455 1253/2913/454 1298/2901/476
f 1253/2913/454 1254/2914/461 1298/2901/476
f 1254/2914/461 1255/2915/465 1298/2901/476
f 1255/2915/465 1256/2916/469 1298/2901/476
f 1256/2916/469 1257/2917/473 1298/2901/476
f 1257/2917/473 1258/2918/475 1298/2901/476
f 1258/2918/475 1259/2919/459 1298/2901/476
f 1259/2919/459 1260/2920/458 1298/2901/476
f 1260/2920/458 1261/2921/463 1298/2901/476
f 1261/2921/463 1262/2922/467 1298/2901/476
f 1262/2922/467 1263/2923/471 1298/2901/476
f 1263/2923/471 1264/2924/439 1298/2901/476
f 1264/2924/439 1265/2925/438 1298/2901/476
f 1265/2925/438 1250/2899/456 1298/2901/476
f 1267/2926/440 1266/2861/440 1299/2860/440
f 1280/2927/440 1299/2860/440 1281/2859/440
f 1279/2928/440 1299/2860/440 1280/2927/440
f 1278/2929/440 1299/2860/440 1279/2928/440
f 1277/2930/440 1299/2860/440 1278/2929/440
f 1276/2931/440 1299/2860/440 1277/2930/440
f 1275/2932/440 1299/2860/440 1276/2931/440
f 1274/2933/440 1299/2860/440 1275/2932/440
f 1273/2934/440 1299/2860/440 1274/2933/440
f 1272/2935/440 1299/2860/440 1273/2934/440
f 1271/2936/440 1299/2860/440 1272/2935/440
f 1270/2937/440 1299/2860/440 1271/2936/440
f 1269/2938/440 1299/2860/440 1270/2937/440
f 1268/2939/440 1299/2860/440 1269/2938/440
f 1267/2926/440 1299/2860/440 1268/2939/440
f 1297/2863/442 1294/2895/472 1273/2903/478 1274/2864/443
f 1346/2940/457 1314/2941/458 1315/2942/459 1332/2943/441
f 1331/2944/440 1316/2945/440 1349/2946/440
f 1334/2947/487 1325/2948/446 1324/2949/447 1347/2950/445
f 1343/2951/442 1316/2952/443 1331/2953/444 1332/2943/441
f 1333/2954/468 1318/2955/477 1317/2956/478 1345/2957/472
f 1332/2943/441 1331/2953/444 1330/2958/484 1346/2940/457
f 1333/2954/468 1302/2959/469 1303/2960/465 1335/2961/464
f 1332/2943/441 1315/2942/459 1300/2962/475 1343/2951/442
f 1334/2947/487 1309/2963/438 1310/2964/439 1336/2965/436
f 1335/2961/464 1303/2960/465 1304/2966/461 1337/2967/460
f 1336/2965/436 1310/2964/439 1311/2968/471 1338/2969/470
f 1337/2967/460 1304/2966/461 1305/2970/454 1339/2971/453
f 1338/2969/470 1311/2968/471 1312/2972/467 1340/2973/466
f 1339/2971/453 1305/2970/454 1306/2974/455 1341/2975/448
f 1340/2976/466 1312/2977/467 1313/2978/463 1342/2979/462
f 1341/2975/448 1306/2974/455 1307/2980/474 1344/2981/449
f 1342/2979/462 1313/2978/463 1314/2941/458 1346/2940/457
f 1345/2957/472 1301/2982/473 1302/2959/469 1333/2954/468
f 1347/2950/445 1308/2983/456 1309/2963/438 1334/2947/487
f 1300/2984/475 1348/2985/476 1301/2986/473
f 1344/2981/449 1323/2987/450 1322/2988/451 1341/2975/448
f 1342/2979/462 1329/2989/482 1328/2990/479 1340/2976/466
f 1341/2975/448 1322/2988/451 1321/2991/485 1339/2971/453
f 1340/2973/466 1328/2992/479 1327/2993/480 1338/2969/470
f 1339/2971/453 1321/2991/485 1320/2994/483 1337/2967/460
f 1338/2969/470 1327/2993/480 1326/2995/452 1336/2965/436
f 1337/2967/460 1320/2994/483 1319/2996/481 1335/2961/464
f 1336/2965/436 1326/2995/452 1325/2948/446 1334/2947/487
f 1335/2961/464 1319/2996/481 1318/2955/477 1333/2954/468
f 1344/2981/449 1307/2980/474 1308/2983/456 1347/2950/445
f 1345/2957/472 1317/2956/478 1316/2952/443 1343/2951/442
f 1346/2940/457 1330/2958/484 1329/2989/482 1342/2979/462
f 1343/2951/442 1300/2962/475 1301/2982/473 1345/2957/472
f 1301/2986/473 1348/2985/476 1302/2997/469
f 1302/2997/469 1348/2985/476 1303/2998/465
f 1303/2998/465 1348/2985/476 1304/2999/461
f 1304/2999/461 1348/2985/476 1305/3000/454
f 1305/3000/454 1348/2985/476 1306/3001/455
f 1306/3001/455 1348/2985/476 1307/3002/474
f 1307/3002/474 1348/2985/476 1308/3003/456
f 1308/3003/456 1348/2985/476 1309/3004/438
f 1309/3004/438 1348/2985/476 1310/3005/439
f 1310/3005/439 1348/2985/476 1311/3006/471
f 1311/3006/471 1348/2985/476 1312/3007/467
f 1312/3007/467 1348/2985/476 1313/3008/463
f 1313/3008/463 1348/2985/476 1314/3009/458
f 1314/3009/458 1348/2985/476 1315/3010/459
f 1315/3010/459 1348/2985/476 1300/2984/475
f 1317/3011/440 1349/2946/440 1316/2945/440
f 1330/3012/440 1331/2944/440 1349/2946/440
f 1329/3013/440 1330/3012/440 1349/2946/440
f 1328/3014/440 1329/3013/440 1349/2946/440
f 1327/3015/440 1328/3014/440 1349/2946/440
f 1326/3016/440 1327/3015/440 1349/2946/440
f 1325/3017/440 1326/3016/440 1349/2946/440
f 1324/3018/440 1325/3017/440 1349/2946/440
f 1323/3019/440 1324/3018/440 1349/2946/440
f 1322/3020/440 1323/3019/440 1349/2946/440
f 1321/3021/440 1322/3020/440 1349/2946/440
f 1320/3022/440 1321/3021/440 1349/2946/440
f 1319/3023/440 1320/3022/440 1349/2946/440
f 1318/3024/440 1319/3023/440 1349/2946/440
f 1317/3011/440 1318/3024/440 1349/2946/440
f 1347/2950/445 1324/2949/447 1323/2987/450 1344/2981/449
f 1396/3025/457 1364/3026/458 1365/3027/459 1382/3028/441
f 1381/3029/440 1366/3030/440 1399/3031/440
f 1384/3032/437 1375/3033/446 1374/3034/447 1397/3035/445
f 1393/3036/442 1366/3037/443 1381/3038/444 1382/3028/441
f 1383/3039/468 1368/3040/477 1367/3041/478 1395/3042/472
f 1382/3028/441 1381/3038/444 1380/3043/484 1396/3025/457
f 1383/3039/468 1352/3044/469 1353/3045/465 1385/3046/464
f 1382/3028/441 1365/3027/459 1350/3047/475 1393/3036/442
f 1384/3032/437 1359/3048/438 1360/3049/439 1386/3050/436
f 1385/3046/464 1353/3045/465 1354/3051/461 1387/3052/460
f 1386/3050/436 1360/3049/439 1361/3053/471 1388/3054/470
f 1387/3052/460 1354/3051/461 1355/3055/454 1389/3056/453
f 1388/3054/470 1361/3053/471 1362/3057/467 1390/3058/466
f 1389/3056/453 1355/3055/454 1356/3059/455 1391/3060/448
f 1390/3061/466 1362/3062/467 1363/3063/463 1392/3064/462
f 1391/3060/448 1356/3059/455 1357/3065/474 1394/3066/449
f 1392/3064/462 1363/3063/463 1364/3026/458 1396/3025/457
f 1395/3042/472 1351/3067/473 1352/3044/469 1383/3039/468
f 1397/3035/445 1358/3068/456 1359/3048/438 1384/3032/437
f 1350/3069/475 1398/3070/476 1351/3071/473
f 1394/3066/449 1373/3072/450 1372/3073/451 1391/3060/448
f 1392/3064/462 1379/3074/482 1378/3075/479 1390/3061/466
f 1391/3060/448 1372/3073/451 1371/3076/485 1389/3056/453
f 1390/3058/466 1378/3077/479 1377/3078/480 1388/3054/470
f 1389/3056/453 1371/3076/485 1370/3079/483 1387/3052/460
f 1388/3054/470 1377/3078/480 1376/3080/452 1386/3050/436
f 1387/3052/460 1370/3079/483 1369/3081/481 1385/3046/464
f 1386/3050/436 1376/3080/452 1375/3033/446 1384/3032/437
f 1385/3046/464 1369/3081/481 1368/3040/477 1383/3039/468
f 1394/3066/449 1357/3065/474 1358/3068/456 1397/3035/445
f 1395/3042/472 1367/3041/478 1366/3037/443 1393/3036/442
f 1396/3025/457 1380/3043/484 1379/3074/482 1392/3064/462
f 1393/3036/442 1350/3047/475 1351/3067/473 1395/3042/472
f 1351/3071/473 1398/3070/476 1352/3082/469
f 1352/3082/469 1398/3070/476 1353/3083/465
f 1353/3083/465 1398/3070/476 1354/3084/461
f 1354/3084/461 1398/3070/476 1355/3085/454
f 1355/3085/454 1398/3070/476 1356/3086/455
f 1356/3086/455 1398/3070/476 1357/3087/474
f 1357/3087/474 1398/3070/476 1358/3088/456
f 1358/3088/456 1398/3070/476 1359/3089/438
f 1359/3089/438 1398/3070/476 1360/3090/439
f 1360/3090/439 1398/3070/476 1361/3091/471
f 1361/3091/471 1398/3070/476 1362/3092/467
f 1362/3092/467 1398/3070/476 1363/3093/463
f 1363/3093/463 1398/3070/476 1364/3094/458
f 1364/3094/458 1398/3070/476 1365/3095/459
f 1365/3095/459 1398/3070/476 1350/3069/475
f 1367/3096/440 1399/3031/440 1366/3030/440
f 1380/3097/440 1381/3029/440 1399/3031/440
f 1379/3098/440 1380/3097/440 1399/3031/440
f 1378/3099/440 1379/3098/440 1399/3031/440
f 1377/3100/440 1378/3099/440 1399/3031/440
f 1376/3101/440 1377/3100/440 1399/3031/440
f 1375/3102/440 1376/3101/440 1399/3031/440
f 1374/3103/440 1375/3102/440 1399/3031/440
f 1373/3104/440 1374/3103/440 1399/3031/440
f 1372/3105/440 1373/3104/440 1399/3031/440
f 1371/3106/440 1372/3105/440 1399/3031/440
f 1370/3107/440 1371/3106/440 1399/3031/440
f 1369/3108/440 1370/3107/440 1399/3031/440
f 1368/3109/440 1369/3108/440 1399/3031/440
f 1367/3096/440 1368/3109/440 1399/3031/440
f 1397/3035/445 1374/3034/447 1373/3072/450 1394/3066/449
f 1446/3110/457 1414/3111/458 1415/3112/459 1432/3113/441
f 1431/3114/440 1416/3115/440 1449/3116/440
f 1434/3117/437 1425/3118/446 1424/3119/447 1447/3120/445
f 1443/3121/442 1416/3122/443 1431/3123/444 1432/3113/441
f 1433/3124/468 1418/3125/477 1417/3126/478 1445/3127/472
f 1432/3113/441 1431/3123/444 1430/3128/484 1446/3110/457
f 1433/3124/468 1402/3129/469 1403/3130/465 1435/3131/464
f 1432/3113/441 1415/3112/459 1400/3132/475 1443/3121/442
f 1434/3117/437 1409/3133/438 1410/3134/439 1436/3135/436
f 1435/3131/464 1403/3130/465 1404/3136/461 1437/3137/460
f 1436/3135/436 1410/3134/439 1411/3138/471 1438/3139/470
f 1437/3137/460 1404/3136/461 1405/3140/454 1439/3141/453
f 1438/3139/470 1411/3138/471 1412/3142/467 1440/3143/466
f 1439/3141/453 1405/3140/454 1406/3144/455 1441/3145/448
f 1440/3146/466 1412/3147/467 1413/3148/463 1442/3149/462
f 1441/3145/448 1406/3144/455 1407/3150/474 1444/3151/449
f 1442/3149/462 1413/3148/463 1414/3111/458 1446/3110/457
f 1445/3127/472 1401/3152/473 1402/3129/469 1433/3124/468
f 1447/3120/445 1408/3153/456 1409/3133/438 1434/3117/437
f 1400/3154/475 1448/3155/476 1401/3156/473
f 1444/3151/449 1423/3157/450 1422/3158/451 1441/3145/448
f 1442/3149/462 1429/3159/482 1428/3160/479 1440/3146/466
f 1441/3145/448 1422/3158/451 1421/3161/485 1439/3141/453
f 1440/3143/466 1428/3162/479 1427/3163/480 1438/3139/470
f 1439/3141/453 1421/3161/485 1420/3164/483 1437/3137/460
f 1438/3139/470 1427/3163/480 1426/3165/452 1436/3135/436
f 1437/3137/460 1420/3164/483 1419/3166/481 1435/3131/464
f 1436/3135/436 1426/3165/452 1425/3118/446 1434/3117/437
f 1435/3131/464 1419/3166/481 1418/3125/477 1433/3124/468
f 1444/3151/449 1407/3150/474 1408/3153/456 1447/3120/445
f 1445/3127/472 1417/3126/478 1416/3122/443 1443/3121/442
f 1446/3110/457 1430/3128/484 1429/3159/482 1442/3149/462
f 1443/3121/442 1400/3132/475 1401/3152/473 1445/3127/472
f 1401/3156/473 1448/3155/476 1402/3167/469
f 1402/3167/469 1448/3155/476 1403/3168/465
f 1403/3168/465 1448/3155/476 1404/3169/461
f 1404/3169/461 1448/3155/476 1405/3170/454
f 1405/3170/454 1448/3155/476 1406/3171/455
f 1406/3171/455 1448/3155/476 1407/3172/474
f 1407/3172/474 1448/3155/476 1408/3173/456
f 1408/3173/456 1448/3155/476 1409/3174/438
f 1409/3174/438 1448/3155/476 1410/3175/439
f 1410/3175/439 1448/3155/476 1411/3176/471
f 1411/3176/471 1448/3155/476 1412/3177/467
f 1412/3177/467 1448/3155/476 1413/3178/463
f 1413/3178/463 1448/3155/476 1414/3179/458
f 1414/3179/458 1448/3155/476 1415/3180/459
f 1415/3180/459 1448/3155/476 1400/3154/475
f 1417/3181/440 1449/3116/440 1416/3115/440
f 1430/3182/440 1431/3114/440 1449/3116/440
f 1429/3183/440 1430/3182/440 1449/3116/440
f 1428/3184/440 1429/3183/440 1449/3116/440
f 1427/3185/440 1428/3184/440 1449/3116/440
f 1426/3186/440 1427/3185/440 1449/3116/440
f 1425/3187/440 1426/3186/440 1449/3116/440
f 1424/3188/440 1425/3187/440 1449/3116/440
f 1423/3189/440 1424/3188/440 1449/3116/440
f 1422/3190/440 1423/3189/440 1449/3116/440
f 1421/3191/440 1422/3190/440 1449/3116/440
f 1420/3192/440 1421/3191/440 1449/3116/440
f 1419/3193/440 1420/3192/440 1449/3116/440
f 1418/3194/440 1419/3193/440 1449/3116/440
f 1417/3181/440 1418/3194/440 1449/3116/440
f 1447/3120/445 1424/3119/447 1423/3157/450 1444/3151/449
f 1496/3195/457 1464/3196/458 1465/3197/459 1482/3198/441
f 1481/3199/440 1466/3200/440 1499/3201/440
f 1484/3202/488 1475/3203/446 1474/3204/447 1497/3205/445
f 1493/3206/442 1466/3207/443 1481/3208/444 1482/3198/441
f 1483/3209/468 1468/3210/477 1467/3211/478 1495/3212/472
f 1482/3198/441 1481/3208/444 1480/3213/484 1496/3195/457
f 1483/3209/468 1452/3214/469 1453/3215/465 1485/3216/464
f 1482/3198/441 1465/3197/459 1450/3217/475 1493/3206/442
f 1484/3202/488 1459/3218/438 1460/3219/439 1486/3220/436
f 1485/3216/464 1453/3215/465 1454/3221/461 1487/3222/460
f 1486/3220/436 1460/3219/439 1461/3223/471 1488/3224/470
f 1487/3222/460 1454/3221/461 1455/3225/454 1489/3226/453
f 1488/3224/470 1461/3223/471 1462/3227/467 1490/3228/466
f 1489/3226/453 1455/3225/454 1456/3229/455 1491/3230/448
f 1490/3231/466 1462/3232/467 1463/3233/463 1492/3234/462
f 1491/3230/448 1456/3229/455 1457/3235/474 1494/3236/449
f 1492/3234/462 1463/3233/463 1464/3196/458 1496/3195/457
f 1495/3212/472 1451/3237/473 1452/3214/469 1483/3209/468
f 1497/3205/445 1458/3238/456 1459/3218/438 1484/3202/488
f 1450/3239/475 1498/3240/476 1451/3241/473
f 1494/3236/449 1473/3242/450 1472/3243/451 1491/3230/448
f 1492/3234/462 1479/3244/482 1478/3245/479 1490/3231/466
f 1491/3230/448 1472/3243/451 1471/3246/485 1489/3226/453
f 1490/3228/466 1478/3247/479 1477/3248/480 1488/3224/470
f 1489/3226/453 1471/3246/485 1470/3249/483 1487/3222/460
f 1488/3224/470 1477/3248/480 1476/3250/452 1486/3220/436
f 1487/3222/460 1470/3249/483 1469/3251/481 1485/3216/464
f 1486/3220/436 1476/3250/452 1475/3203/446 1484/3202/488
f 1485/3216/464 1469/3251/481 1468/3210/477 1483/3209/468
f 1494/3236/449 1457/3235/474 1458/3238/456 1497/3205/445
f 1495/3212/472 1467/3211/478 1466/3207/443 1493/3206/442
f 1496/3195/457 1480/3213/484 1479/3244/482 1492/3234/462
f 1493/3206/442 1450/3217/475 1451/3237/473 1495/3212/472
f 1451/3241/473 1498/3240/476 1452/3252/469
f 1452/3252/469 1498/3240/476 1453/3253/465
f 1453/3253/465 1498/3240/476 1454/3254/461
f 1454/3254/461 1498/3240/476 1455/3255/454
f 1455/3255/454 1498/3240/476 1456/3256/455
f 1456/3256/455 1498/3240/476 1457/3257/474
f 1457/3257/474 1498/3240/476 1458/3258/456
f 1458/3258/456 1498/3240/476 1459/3259/438
f 1459/3259/438 1498/3240/476 1460/3260/439
f 1460/3260/439 1498/3240/476 1461/3261/471
f 1461/3261/471 1498/3240/476 1462/3262/467
f 1462/3262/467 1498/3240/476 1463/3263/463
f 1463/3263/463 1498/3240/476 1464/3264/458
f 1464/3264/458 1498/3240/476 1465/3265/459
f 1465/3265/459 1498/3240/476 1450/3239/475
f 1467/3266/440 1499/3201/440 1466/3200/440
f 1480/3267/440 1481/3199/440 1499/3201/440
f 1479/3268/440 1480/3267/440 1499/3201/440
f 1478/3269/440 1479/3268/440 1499/3201/440
f 1477/3270/440 1478/3269/440 1499/3201/440
f 1476/3271/440 1477/3270/440 1499/3201/440
f 1475/3272/440 1476/3271/440 1499/3201/440
f 1474/3273/440 1475/3272/440 1499/3201/440
f 1473/3274/440 1474/3273/440 1499/3201/440
f 1472/3275/440 1473/3274/440 1499/3201/440
f 1471/3276/440 1472/3275/440 1499/3201/440
f 1470/3277/440 1471/3276/440 1499/3201/440
f 1469/3278/440 1470/3277/440 1499/3201/440
f 1468/3279/440 1469/3278/440 1499/3201/440
f 1467/3266/440 1468/3279/440 1499/3201/440
f 1497/3205/445 1474/3204/447 1473/3242/450 1494/3236/449
f 1546/3280/457 1514/3281/458 1515/3282/459 1532/3283/441
f 1531/3284/440 1516/3285/440 1549/3286/440
f 1534/3287/487 1525/3288/446 1524/3289/447 1547/3290/445
f 1543/3291/442 1516/3292/443 1531/3293/444 1532/3283/441
f 1533/3294/468 1518/3295/477 1517/3296/478 1545/3297/472
f 1532/3283/441 1531/3293/444 1530/3298/484 1546/3280/457
f 1533/3294/468 1502/3299/469 1503/3300/465 1535/3301/464
f 1532/3283/441 1515/3282/459 1500/3302/475 1543/3291/442
f 1534/3287/487 1509/3303/438 1510/3304/439 1536/3305/436
f 1535/3301/464 1503/3300/465 1504/3306/461 1537/3307/460
f 1536/3305/436 1510/3304/439 1511/3308/471 1538/3309/470
f 1537/3307/460 1504/3306/461 1505/3310/454 1539/3311/453
f 1538/3309/470 1511/3308/471 1512/3312/467 1540/3313/466
f 1539/3311/453 1505/3310/454 1506/3314/455 1541/3315/448
f 1540/3316/466 1512/3317/467 1513/3318/463 1542/3319/462
f 1541/3315/448 1506/3314/455 1507/3320/474 1544/3321/449
f 1542/3319/462 1513/3318/463 1514/3281/458 1546/3280/457
f 1545/3297/472 1501/3322/473 1502/3299/469 1533/3294/468
f 1547/3290/445 1508/3323/456 1509/3303/438 1534/3287/487
f 1500/3324/475 1548/3325/476 1501/3326/473
f 1544/3321/449 1523/3327/450 1522/3328/451 1541/3315/448
f 1542/3319/462 1529/3329/482 1528/3330/479 1540/3316/466
f 1541/3315/448 1522/3328/451 1521/3331/485 1539/3311/453
f 1540/3313/466 1528/3332/479 1527/3333/480 1538/3309/470
f 1539/3311/453 1521/3331/485 1520/3334/483 1537/3307/460
f 1538/3309/470 1527/3333/480 1526/3335/452 1536/3305/436
f 1537/3307/460 1520/3334/483 1519/3336/481 1535/3301/464
f 1536/3305/436 1526/3335/452 1525/3288/446 1534/3287/487
f 1535/3301/464 1519/3336/481 1518/3295/477 1533/3294/468
f 1544/3321/449 1507/3320/474 1508/3323/456 1547/3290/445
f 1545/3297/472 1517/3296/478 1516/3292/443 1543/3291/442
f 1546/3280/457 1530/3298/484 1529/3329/482 1542/3319/462
f 1543/3291/442 1500/3302/475 1501/3322/473 1545/3297/472
f 1501/3326/473 1548/3325/476 1502/3337/469
f 1502/3337/469 1548/3325/476 1503/3338/465
f 1503/3338/465 1548/3325/476 1504/3339/461
f 1504/3339/461 1548/3325/476 1505/3340/454
f 1505/3340/454 1548/3325/476 1506/3341/455
f 1506/3341/455 1548/3325/476 1507/3342/474
f 1507/3342/474 1548/3325/476 1508/3343/456
f 1508/3343/456 1548/3325/476 1509/3344/438
f 1509/3344/438 1548/3325/476 1510/3345/439
f 1510/3345/439 1548/3325/476 1511/3346/471
f 1511/3346/471 1548/3325/476 1512/3347/467
f 1512/3347/467 1548/3325/476 1513/3348/463
f 1513/3348/463 1548/3325/476 1514/3349/458
f 1514/3349/458 1548/3325/476 1515/3350/459
f 1515/3350/459 1548/3325/476 1500/3324/475
f 1517/3351/440 1549/3286/440 1516/3285/440
f 1530/3352/440 1531/3284/440 1549/3286/440
f 1529/3353/440 1530/3352/440 1549/3286/440
f 1528/3354/440 1529/3353/440 1549/3286/440
f 1527/3355/440 1528/3354/440 1549/3286/440
f 1526/3356/440 1527/3355/440 1549/3286/440
f 1525/3357/440 1526/3356/440 1549/3286/440
f 1524/3358/440 1525/3357/440 1549/3286/440
f 1523/3359/440 1524/3358/440 1549/3286/440
f 1522/3360/440 1523/3359/440 1549/3286/440
f 1521/3361/440 1522/3360/440 1549/3286/440
f 1520/3362/440 1521/3361/440 1549/3286/440
f 1519/3363/440 1520/3362/440 1549/3286/440
f 1518/3364/440 1519/3363/440 1549/3286/440
f 1517/3351/440 1518/3364/440 1549/3286/440
f 1547/3290/445 1524/3289/447 1523/3327/450 1544/3321/449
f 1596/3365/457 1564/3366/458 1565/3367/459 1582/3368/441
f 1581/3369/440 1566/3370/440 1599/3371/440
f 1584/3372/487 1575/3373/446 1574/3374/447 1597/3375/445
f 1593/3376/442 1566/3377/443 1581/3378/444 1582/3368/441
f 1583/3379/468 1568/3380/477 1567/3381/478 1595/3382/472
f 1582/3368/441 1581/3378/444 1580/3383/484 1596/3365/457
f 1583/3379/468 1552/3384/469 1553/3385/465 1585/3386/464
f 1582/3368/441 1565/3367/459 1550/3387/475 1593/3376/442
f 1584/3372/487 1559/3388/438 1560/3389/439 1586/3390/436
f 1585/3386/464 1553/3385/465 1554/3391/461 1587/3392/460
f 1586/3390/436 1560/3389/439 1561/3393/471 1588/3394/470
f 1587/3392/460 1554/3391/461 1555/3395/454 1589/3396/453
f 1588/3394/470 1561/3393/471 1562/3397/467 1590/3398/466
f 1589/3396/453 1555/3395/454 1556/3399/455 1591/3400/448
f 1590/3401/466 1562/3402/467 1563/3403/463 1592/3404/462
f 1591/3400/448 1556/3399/455 1557/3405/474 1594/3406/449
f 1592/3404/462 1563/3403/463 1564/3366/458 1596/3365/457
f 1595/3382/472 1551/3407/473 1552/3384/469 1583/3379/468
f 1597/3375/445 1558/3408/456 1559/3388/438 1584/3372/487
f 1550/3409/475 1598/3410/476 1551/3411/473
f 1594/3406/449 1573/3412/450 1572/3413/451 1591/3400/448
f 1592/3404/462 1579/3414/482 1578/3415/479 1590/3401/466
f 1591/3400/448 1572/3413/451 1571/3416/485 1589/3396/453
f 1590/3398/466 1578/3417/479 1577/3418/480 1588/3394/470
f 1589/3396/453 1571/3416/485 1570/3419/483 1587/3392/460
f 1588/3394/470 1577/3418/480 1576/3420/452 1586/3390/436
f 1587/3392/460 1570/3419/483 1569/3421/481 1585/3386/464
f 1586/3390/436 1576/3420/452 1575/3373/446 1584/3372/487
f 1585/3386/464 1569/3421/481 1568/3380/477 1583/3379/468
f 1594/3406/449 1557/3405/474 1558/3408/456 1597/3375/445
f 1595/3382/472 1567/3381/478 1566/3377/443 1593/3376/442
f 1596/3365/457 1580/3383/484 1579/3414/482 1592/3404/462
f 1593/3376/442 1550/3387/475 1551/3407/473 1595/3382/472
f 1551/3411/473 1598/3410/476 1552/3422/469
f 1552/3422/469 1598/3410/476 1553/3423/465
f 1553/3423/465 1598/3410/476 1554/3424/461
f 1554/3424/461 1598/3410/476 1555/3425/454
f 1555/3425/454 1598/3410/476 1556/3426/455
f 1556/3426/455 1598/3410/476 1557/3427/474
f 1557/3427/474 1598/3410/476 1558/3428/456
f 1558/3428/456 1598/3410/476 1559/3429/438
f 1559/3429/438 1598/3410/476 1560/3430/439
f 1560/3430/439 1598/3410/476 1561/3431/471
f 1561/3431/471 1598/3410/476 1562/3432/467
f 1562/3432/467 1598/3410/476 1563/3433/463
f 1563/3433/463 1598/3410/476 1564/3434/458
f 1564/3434/458 1598/3410/476 1565/3435/459
f 1565/3435/459 1598/3410/476 1550/3409/475
f 1567/3436/440 1599/3371/440 1566/3370/440
f 1580/3437/440 1581/3369/440 1599/3371/440
f 1579/3438/440 1580/3437/440 1599/3371/440
f 1578/3439/440 1579/3438/440 1599/3371/440
f 1577/3440/440 1578/3439/440 1599/3371/440
f 1576/3441/440 1577/3440/440 1599/3371/440
f 1575/3442/440 1576/3441/440 1599/3371/440
f 1574/3443/440 1575/3442/440 1599/3371/440
f 1573/3444/440 1574/3443/440 1599/3371/440
f 1572/3445/440 1573/3444/440 1599/3371/440
f 1571/3446/440 1572/3445/440 1599/3371/440
f 1570/3447/440 1571/3446/440 1599/3371/440
f 1569/3448/440 1570/3447/440 1599/3371/440
f 1568/3449/440 1569/3448/440 1599/3371/440
f 1567/3436/440 1568/3449/440 1599/3371/440
f 1597/3375/445 1574/3374/447 1573/3412/450 1594/3406/449
f 1646/3450/457 1614/3451/458 1615/3452/459 1632/3453/441
f 1631/3454/440 1616/3455/440 1649/3456/440
f 1634/3457/437 1625/3458/446 1624/3459/447 1647/3460/445
f 1643/3461/442 1616/3462/443 1631/3463/444 1632/3453/441
f 1633/3464/468 1618/3465/477 1617/3466/478 1645/3467/472
f 1632/3453/441 1631/3463/444 1630/3468/484 1646/3450/457
f 1633/3464/468 1602/3469/469 1603/3470/465 1635/3471/464
f 1632/3453/441 1615/3452/459 1600/3472/475 1643/3461/442
f 1634/3457/437 1609/3473/438 1610/3474/439 1636/3475/436
f 1635/3471/464 1603/3470/465 1604/3476/461 1637/3477/460
f 1636/3475/436 1610/3474/439 1611/3478/471 1638/3479/470
f 1637/3477/460 1604/3476/461 1605/3480/454 1639/3481/453
f 1638/3479/470 1611/3478/471 1612/3482/467 1640/3483/466
f 1639/3481/453 1605/3480/454 1606/3484/455 1641/3485/448
f 1640/3486/466 1612/3487/467 1613/3488/463 1642/3489/462
f 1641/3485/448 1606/3484/455 1607/3490/474 1644/3491/449
f 1642/3489/462 1613/3488/463 1614/3451/458 1646/3450/457
f 1645/3467/472 1601/3492/473 1602/3469/469 1633/3464/468
f 1647/3460/445 1608/3493/456 1609/3473/438 1634/3457/437
f 1600/3494/475 1648/3495/476 1601/3496/473
f 1644/3491/449 1623/3497/450 1622/3498/451 1641/3485/448
f 1642/3489/462 1629/3499/482 1628/3500/479 1640/3486/466
f 1641/3485/448 1622/3498/451 1621/3501/485 1639/3481/453
f 1640/3483/466 1628/3502/479 1627/3503/480 1638/3479/470
f 1639/3481/453 1621/3501/485 1620/3504/483 1637/3477/460
f 1638/3479/470 1627/3503/480 1626/3505/452 1636/3475/436
f 1637/3477/460 1620/3504/483 1619/3506/481 1635/3471/464
f 1636/3475/436 1626/3505/452 1625/3458/446 1634/3457/437
f 1635/3471/464 1619/3506/481 1618/3465/477 1633/3464/468
f 1644/3491/449 1607/3490/474 1608/3493/456 1647/3460/445
f 1645/3467/472 1617/3466/478 1616/3462/443 1643/3461/442
f 1646/3450/457 1630/3468/484 1629/3499/482 1642/3489/462
f 1643/3461/442 1600/3472/475 1601/3492/473 1645/3467/472
f 1601/3496/473 1648/3495/476 1602/3507/469
f 1602/3507/469 1648/3495/476 1603/3508/465
f 1603/3508/465 1648/3495/476 1604/3509/461
f 1604/3509/461 1648/3495/476 1605/3510/454
f 1605/3510/454 1648/3495/476 1606/3511/455
f 1606/3511/455 1648/3495/476 1607/3512/474
f 1607/3512/474 1648/3495/476 1608/3513/456
f 1608/3513/456 1648/3495/476 1609/3514/438
f 1609/3514/438 1648/3495/476 1610/3515/439
f 1610/3515/439 1648/3495/476 1611/3516/471
f 1611/3516/471 1648/3495/476 1612/3517/467
f 1612/3517/467 1648/3495/476 1613/3518/463
f 1613/3518/463 1648/3495/476 1614/3519/458
f 1614/3519/458 1648/3495/476 1615/3520/459
f 1615/3520/459 1648/3495/476 1600/3494/475
f 1617/3521/440 1649/3456/440 1616/3455/440
f 1630/3522/440 1631/3454/440 1649/3456/440
f 1629/3523/440 1630/3522/440 1649/3456/440
f 1628/3524/440 1629/3523/440 1649/3456/440
f 1627/3525/440 1628/3524/440 1649/3456/440
f 1626/3526/440 1627/3525/440 1649/3456/440
f 1625/3527/440 1626/3526/440 1649/3456/440
f 1624/3528/440 1625/3527/440 1649/3456/440
f 1623/3529/440 1624/3528/440 1649/3456/440
f 1622/3530/440 1623/3529/440 1649/3456/440
f 1621/3531/440 1622/3530/440 1649/3456/440
f 1620/3532/440 1621/3531/440 1649/3456/440
f 1619/3533/440 1620/3532/440 1649/3456/440
f 1618/3534/440 1619/3533/440 1649/3456/440
f 1617/3521/440 1618/3534/440 1649/3456/440
f 1647/3460/445 1624/3459/447 1623/3497/450 1644/3491/449
f 1696/3535/457 1664/3536/458 1665/3537/459 1682/3538/441
f 1681/3539/440 1666/3540/440 1699/3541/440
f 1684/3542/487 1675/3543/446 1674/3544/447 1697/3545/445
f 1693/3546/442 1666/3547/443 1681/3548/444 1682/3538/441
f 1683/3549/468 1668/3550/477 1667/3551/478 1695/3552/472
f 1682/3538/441 1681/3548/444 1680/3553/484 1696/3535/457
f 1683/3549/468 1652/3554/469 1653/3555/465 1685/3556/464
f 1682/3538/441 1665/3537/459 1650/3557/475 1693/3546/442
f 1684/3542/487 1659/3558/438 1660/3559/439 1686/3560/436
f 1685/3556/464 1653/3555/465 1654/3561/461 1687/3562/460
f 1686/3560/436 1660/3559/439 1661/3563/471 1688/3564/470
f 1687/3562/460 1654/3561/461 1655/3565/454 1689/3566/453
f 1688/3564/470 1661/3563/471 1662/3567/467 1690/3568/466
f 1689/3566/453 1655/3565/454 1656/3569/455 1691/3570/448
f 1690/3571/466 1662/3572/467 1663/3573/463 1692/3574/462
f 1691/3570/448 1656/3569/455 1657/3575/474 1694/3576/449
f 1692/3574/462 1663/3573/463 1664/3536/458 1696/3535/457
f 1695/3552/472 1651/3577/473 1652/3554/469 1683/3549/468
f 1697/3545/445 1658/3578/456 1659/3558/438 1684/3542/487
f 1650/3579/475 1698/3580/476 1651/3581/473
f 1694/3576/449 1673/3582/450 1672/3583/451 1691/3570/448
f 1692/3574/462 1679/3584/482 1678/3585/479 1690/3571/466
f 1691/3570/448 1672/3583/451 1671/3586/485 1689/3566/453
f 1690/3568/466 1678/3587/479 1677/3588/480 1688/3564/470
f 1689/3566/453 1671/3586/485 1670/3589/483 1687/3562/460
f 1688/3564/470 1677/3588/480 1676/3590/452 1686/3560/436
f 1687/3562/460 1670/3589/483 1669/3591/481 1685/3556/464
f 1686/3560/436 1676/3590/452 1675/3543/446 1684/3542/487
f 1685/3556/464 1669/3591/481 1668/3550/477 1683/3549/468
f 1694/3576/449 1657/3575/474 1658/3578/456 1697/3545/445
f 1695/3552/472 1667/3551/478 1666/3547/443 1693/3546/442
f 1696/3535/457 1680/3553/484 1679/3584/482 1692/3574/462
f 1693/3546/442 1650/3557/475 1651/3577/473 1695/3552/472
f 1651/3581/473 1698/3580/476 1652/3592/469
f 1652/3592/469 1698/3580/476 1653/3593/465
f 1653/3593/465 1698/3580/476 1654/3594/461
f 1654/3594/461 1698/3580/476 1655/3595/454
f 1655/3595/454 1698/3580/476 1656/3596/455
f 1656/3596/455 1698/3580/476 1657/3597/474
f 1657/3597/474 1698/3580/476 1658/3598/456
f 1658/3598/456 1698/3580/476 1659/3599/438
f 1659/3599/438 1698/3580/476 1660/3600/439
f 1660/3600/439 1698/3580/476 1661/3601/471
f 1661/3601/471 1698/3580/476 1662/3602/467
f 1662/3602/467 1698/3580/476 1663/3603/463
f 1663/3603/463 1698/3580/476 1664/3604/458
f 1664/3604/458 1698/3580/476 1665/3605/459
f 1665/3605/459 1698/3580/476 1650/3579/475
f 1667/3606/440 1699/3541/440 1666/3540/440
f 1680/3607/440 1681/3539/440 1699/3541/440
f 1679/3608/440 1680/3607/440 1699/3541/440
f 1678/3609/440 1679/3608/440 1699/3541/440
f 1677/3610/440 1678/3609/440 1699/3541/440
f 1676/3611/440 1677/3610/440 1699/3541/440
f 1675/3612/440 1676/3611/440 1699/3541/440
f 1674/3613/440 1675/3612/440 1699/3541/440
f 1673/3614/440 1674/3613/440 1699/3541/440
f 1672/3615/440 1673/3614/440 1699/3541/440
f 1671/3616/440 1672/3615/440 1699/3541/440
f 1670/3617/440 1671/3616/440 1699/3541/440
f 1669/3618/440 1670/3617/440 1699/3541/440
f 1668/3619/440 1669/3618/440 1699/3541/440
f 1667/3606/440 1668/3619/440 1699/3541/440
f 1697/3545/445 1674/3544/447 1673/3582/450 1694/3576/449
f 1746/3620/457 1714/3621/458 1715/3622/459 1732/3623/441
f 1731/3624/440 1716/3625/440 1749/3626/440
f 1734/3627/487 1725/3628/446 1724/3629/447 1747/3630/445
f 1743/3631/442 1716/3632/443 1731/3633/444 1732/3623/441
f 1733/3634/468 1718/3635/477 1717/3636/478 1745/3637/472
f 1732/3623/441 1731/3633/444 1730/3638/484 1746/3620/457
f 1733/3634/468 1702/3639/469 1703/3640/465 1735/3641/464
f 1732/3623/441 1715/3622/459 1700/3642/475 1743/3631/442
f 1734/3627/487 1709/3643/438 1710/3644/439 1736/3645/436
f 1735/3641/464 1703/3640/465 1704/3646/461 1737/3647/460
f 1736/3645/436 1710/3644/439 1711/3648/471 1738/3649/470
f 1737/3647/460 1704/3646/461 1705/3650/454 1739/3651/453
f 1738/3649/470 1711/3648/471 1712/3652/467 1740/3653/466
f 1739/3651/453 1705/3650/454 1706/3654/455 1741/3655/448
f 1740/3656/466 1712/3657/467 1713/3658/463 1742/3659/462
f 1741/3655/448 1706/3654/455 1707/3660/474 1744/3661/449
f 1742/3659/462 1713/3658/463 1714/3621/458 1746/3620/457
f 1745/3637/472 1701/3662/473 1702/3639/469 1733/3634/468
f 1747/3630/445 1708/3663/456 1709/3643/438 1734/3627/487
f 1700/3664/475 1748/3665/476 1701/3666/473
f 1744/3661/449 1723/3667/450 1722/3668/451 1741/3655/448
f 1742/3659/462 1729/3669/482 1728/3670/479 1740/3656/466
f 1741/3655/448 1722/3668/451 1721/3671/485 1739/3651/453
f 1740/3653/466 1728/3672/479 1727/3673/480 1738/3649/470
f 1739/3651/453 1721/3671/485 1720/3674/483 1737/3647/460
f 1738/3649/470 1727/3673/480 1726/3675/452 1736/3645/436
f 1737/3647/460 1720/3674/483 1719/3676/481 1735/3641/464
f 1736/3645/436 1726/3675/452 1725/3628/446 1734/3627/487
f 1735/3641/464 1719/3676/481 1718/3635/477 1733/3634/468
f 1744/3661/449 1707/3660/474 1708/3663/456 1747/3630/445
f 1745/3637/472 1717/3636/478 1716/3632/443 1743/3631/442
f 1746/3620/457 1730/3638/484 1729/3669/482 1742/3659/462
f 1743/3631/442 1700/3642/475 1701/3662/473 1745/3637/472
f 1701/3666/473 1748/3665/476 1702/3677/469
f 1702/3677/469 1748/3665/476 1703/3678/465
f 1703/3678/465 1748/3665/476 1704/3679/461
f 1704/3679/461 1748/3665/476 1705/3680/454
f 1705/3680/454 1748/3665/476 1706/3681/455
f 1706/3681/455 1748/3665/476 1707/3682/474
f 1707/3682/474 1748/3665/476 1708/3683/456
f 1708/3683/456 1748/3665/476 1709/3684/438
f 1709/3684/438 1748/3665/476 1710/3685/439
f 1710/3685/439 1748/3665/476 1711/3686/471
f 1711/3686/471 1748/3665/476 1712/3687/467
f 1712/3687/467 1748/3665/476 1713/3688/463
f 1713/3688/463 1748/3665/476 1714/3689/458
f 1714/3689/458 1748/3665/476 1715/3690/459
f 1715/3690/459 1748/3665/476 1700/3664/475
f 1717/3691/440 1749/3626/440 1716/3625/440
f 1730/3692/440 1731/3624/440 1749/3626/440
f 1729/3693/440 1730/3692/440 1749/3626/440
f 1728/3694/440 1729/3693/440 1749/3626/440
f 1727/3695/440 1728/3694/440 1749/3626/440
f 1726/3696/440 1727/3695/440 1749/3626/440
f 1725/3697/440 1726/3696/440 1749/3626/440
f 1724/3698/440 1725/3697/440 1749/3626/440
f 1723/3699/440 1724/3698/440 1749/3626/440
f 1722/3700/440 1723/3699/440 1749/3626/440
f 1721/3701/440 1722/3700/440 1749/3626/440
f 1720/3702/440 1721/3701/440 1749/3626/440
f 1719/3703/440 1720/3702/440 1749/3626/440
f 1718/3704/440 1719/3703/440 1749/3626/440
f 1717/3691/440 1718/3704/440 1749/3626/440
f 1747/3630/445 1724/3629/447 1723/3667/450 1744/3661/449
o Cylinder.059_Cylinder.098
v 8.499990 11.912027 -13.041430
v 8.886189 11.912027 -12.904550
v 9.095943 11.912027 -12.509118
v 7.904058 11.912027 -12.509118
v 8.113797 11.912027 -12.904625
v 8.499984 12.468138 -13.426568
v 9.060479 12.468138 -13.227914
v 9.364899 12.468138 -12.654020
v 7.635103 12.468138 -12.654020
v 7.939499 12.468138 -13.228023
v 8.499938 12.716231 -13.230242
v 8.499970 12.649418 -13.369066
v 8.935032 12.716231 -13.076442
v 9.023737 12.649418 -13.183549
v 9.161460 12.716231 -12.654020
v 9.305313 12.649418 -12.654020
v 7.838542 12.716231 -12.654020
v 7.694689 12.649418 -12.654020
v 8.064979 12.716231 -13.076572
v 7.976251 12.649418 -13.183664
v 9.095943 11.912027 -12.117171
v 7.904058 11.912027 -12.117171
v 9.364899 12.468138 -12.117171
v 7.635103 12.468138 -12.117171
v 9.161460 12.716231 -12.117171
v 9.305313 12.649418 -12.117171
v 7.838542 12.716231 -12.117171
v 7.694689 12.649418 -12.117171
v 7.208571 11.912027 -11.749990
v 7.345450 11.912027 -12.136189
v 7.740882 11.912027 -12.345943
v 7.740882 11.912027 -11.154058
v 7.345376 11.912027 -11.363797
v 6.823431 12.468138 -11.749984
v 7.022086 12.468138 -12.310479
v 7.595980 12.468138 -12.614899
v 7.595980 12.468138 -10.885103
v 7.021977 12.468138 -11.189499
v 7.019758 12.716231 -11.749938
v 6.880934 12.649418 -11.749970
v 7.173558 12.716231 -12.185032
v 7.066451 12.649418 -12.273736
v 7.595980 12.716231 -12.411460
v 7.595980 12.649418 -12.555313
v 7.595980 12.716231 -11.088541
v 7.595980 12.649418 -10.944689
v 7.173428 12.716231 -11.314978
v 7.066336 12.649418 -11.226251
v 8.132829 11.912027 -12.345943
v 8.132829 11.912027 -11.154058
v 8.132829 12.468138 -12.614899
v 8.132829 12.468138 -10.885103
v 8.132829 12.716231 -12.411460
v 8.132829 12.649418 -12.555313
v 8.132829 12.716231 -11.088541
v 8.132829 12.649418 -10.944689
v 8.500010 11.912027 -10.458570
v 8.113811 11.912027 -10.595450
v 7.904057 11.912027 -10.990882
v 9.095942 11.912027 -10.990882
v 8.886203 11.912027 -10.595375
v 8.500016 12.468138 -10.073432
v 7.939521 12.468138 -10.272086
v 7.635101 12.468138 -10.845980
v 9.364897 12.468138 -10.845980
v 9.060501 12.468138 -10.271977
v 8.500062 12.716231 -10.269758
v 8.500030 12.649418 -10.130934
v 8.064968 12.716231 -10.423558
v 7.976264 12.649418 -10.316451
v 7.838540 12.716231 -10.845980
v 7.694687 12.649418 -10.845980
v 9.161459 12.716231 -10.845980
v 9.305311 12.649418 -10.845980
v 8.935022 12.716231 -10.423428
v 9.023749 12.649418 -10.316336
v 7.904057 11.912027 -11.382829
v 9.095942 11.912027 -11.382829
v 7.635101 12.468138 -11.382829
v 9.364897 12.468138 -11.382829
v 7.838540 12.716231 -11.382829
v 7.694687 12.649418 -11.382829
v 9.161459 12.716231 -11.382829
v 9.305311 12.649418 -11.382829
v 9.791430 11.912027 -11.750010
v 9.654550 11.912027 -11.363811
v 9.259118 11.912027 -11.154057
v 9.259118 11.912027 -12.345942
v 9.654625 11.912027 -12.136203
v 10.176568 12.468138 -11.750016
v 9.977915 12.468138 -11.189521
v 9.404020 12.468138 -10.885101
v 9.404020 12.468138 -12.614897
v 9.978023 12.468138 -12.310501
v 8.132829 12.195559 -12.406573
v 8.132829 12.195559 -11.093429
v 9.980242 12.716231 -11.750062
v 7.126229 12.200335 -11.749988
v 10.119066 12.649418 -11.750030
v 7.715704 12.197487 -12.407695
v 9.826442 12.716231 -11.314968
v 9.933549 12.649418 -11.226264
v 7.715705 12.197487 -11.092306
v 7.277816 12.199901 -12.177001
v 9.404020 12.716231 -11.088540
v 9.404020 12.649418 -10.944687
v 9.404020 12.716231 -12.411459
v 7.277733 12.199903 -11.322984
v 9.404020 12.649418 -12.555311
v 7.843428 12.195559 -11.382829
v 9.156572 12.195559 -11.382829
v 8.500012 12.200335 -10.376228
v 9.826572 12.716231 -12.185022
v 7.842306 12.197487 -10.965704
v 9.933663 12.649418 -12.273749
v 9.157694 12.197487 -10.965705
v 8.867171 11.912027 -11.154057
v 8.867171 11.912027 -12.345942
v 8.867171 12.468138 -10.885101
v 8.867171 12.468138 -12.614897
v 8.867171 12.716231 -11.088540
v 8.073000 12.199901 -10.527816
v 8.867171 12.649418 -10.944687
v 8.867171 12.716231 -12.411459
v 8.867171 12.649418 -12.555311
v 8.927016 12.199903 -10.527733
v 8.072984 12.199903 -12.972267
v 8.927001 12.199901 -12.972184
v 7.842308 12.197487 -12.534296
v 9.157695 12.197487 -12.534296
v 8.499988 12.200335 -13.123772
v 7.843429 12.195559 -12.117171
v 9.156573 12.195559 -12.117171
v 9.722266 12.199903 -12.177016
v 9.722184 12.199901 -11.323000
v 9.284295 12.197487 -12.407693
v 9.284296 12.197487 -11.092305
v 9.873772 12.200335 -11.750012
v 8.867171 12.195559 -12.406572
v 8.867171 12.195559 -11.093427
v 2.999990 11.912027 -13.041430
v 3.386189 11.912027 -12.904550
v 3.595943 11.912027 -12.509118
v 2.404058 11.912027 -12.509118
v 2.613797 11.912027 -12.904625
v 2.999984 12.468138 -13.426568
v 3.560479 12.468138 -13.227914
v 3.864899 12.468138 -12.654020
v 2.135103 12.468138 -12.654020
v 2.439499 12.468138 -13.228023
v 2.999938 12.716231 -13.230242
v 2.999970 12.649418 -13.369066
v 3.435032 12.716231 -13.076442
v 3.523737 12.649418 -13.183549
v 3.661460 12.716231 -12.654020
v 3.805313 12.649418 -12.654020
v 2.338542 12.716231 -12.654020
v 2.194689 12.649418 -12.654020
v 2.564979 12.716231 -13.076572
v 2.476251 12.649418 -13.183664
v 3.595943 11.912027 -12.117171
v 2.404058 11.912027 -12.117171
v 3.864899 12.468138 -12.117171
v 2.135103 12.468138 -12.117171
v 3.661460 12.716231 -12.117171
v 3.805313 12.649418 -12.117171
v 2.338542 12.716231 -12.117171
v 2.194689 12.649418 -12.117171
v 1.708571 11.912027 -11.749990
v 1.845450 11.912027 -12.136189
v 2.240882 11.912027 -12.345943
v 2.240882 11.912027 -11.154058
v 1.845376 11.912027 -11.363797
v 1.323431 12.468138 -11.749984
v 1.522086 12.468138 -12.310479
v 2.095980 12.468138 -12.614899
v 2.095980 12.468138 -10.885103
v 1.521977 12.468138 -11.189499
v 1.519758 12.716231 -11.749938
v 1.380934 12.649418 -11.749970
v 1.673558 12.716231 -12.185032
v 1.566451 12.649418 -12.273736
v 2.095980 12.716231 -12.411460
v 2.095980 12.649418 -12.555313
v 2.095980 12.716231 -11.088541
v 2.095980 12.649418 -10.944689
v 1.673428 12.716231 -11.314978
v 1.566336 12.649418 -11.226251
v 2.632829 11.912027 -12.345943
v 2.632829 11.912027 -11.154058
v 2.632829 12.468138 -12.614899
v 2.632829 12.468138 -10.885103
v 2.632829 12.716231 -12.411460
v 2.632829 12.649418 -12.555313
v 2.632829 12.716231 -11.088541
v 2.632829 12.649418 -10.944689
v 3.000010 11.912027 -10.458570
v 2.613811 11.912027 -10.595450
v 2.404057 11.912027 -10.990882
v 3.595942 11.912027 -10.990882
v 3.386203 11.912027 -10.595375
v 3.000016 12.468138 -10.073432
v 2.439521 12.468138 -10.272086
v 2.135101 12.468138 -10.845980
v 3.864897 12.468138 -10.845980
v 3.560501 12.468138 -10.271977
v 3.000062 12.716231 -10.269758
v 3.000030 12.649418 -10.130934
v 2.564968 12.716231 -10.423558
v 2.476264 12.649418 -10.316451
v 2.338540 12.716231 -10.845980
v 2.194687 12.649418 -10.845980
v 3.661459 12.716231 -10.845980
v 3.805311 12.649418 -10.845980
v 3.435022 12.716231 -10.423428
v 3.523749 12.649418 -10.316336
v 2.404057 11.912027 -11.382829
v 3.595942 11.912027 -11.382829
v 2.135101 12.468138 -11.382829
v 3.864897 12.468138 -11.382829
v 2.338540 12.716231 -11.382829
v 2.194687 12.649418 -11.382829
v 3.661459 12.716231 -11.382829
v 3.805311 12.649418 -11.382829
v 4.291430 11.912027 -11.750010
v 4.154550 11.912027 -11.363811
v 3.759118 11.912027 -11.154057
v 3.759118 11.912027 -12.345942
v 4.154625 11.912027 -12.136203
v 4.676568 12.468138 -11.750016
v 4.477915 12.468138 -11.189521
v 3.904020 12.468138 -10.885101
v 3.904020 12.468138 -12.614897
v 4.478023 12.468138 -12.310501
v 2.632829 12.195559 -12.406573
v 2.632829 12.195559 -11.093429
v 4.480242 12.716231 -11.750062
v 1.626229 12.200335 -11.749988
v 4.619066 12.649418 -11.750030
v 2.215704 12.197487 -12.407695
v 4.326442 12.716231 -11.314968
v 4.433549 12.649418 -11.226264
v 2.215705 12.197487 -11.092306
v 1.777816 12.199901 -12.177001
v 3.904020 12.716231 -11.088540
v 3.904020 12.649418 -10.944687
v 3.904020 12.716231 -12.411459
v 1.777733 12.199903 -11.322984
v 3.904020 12.649418 -12.555311
v 2.343428 12.195559 -11.382829
v 3.656572 12.195559 -11.382829
v 3.000012 12.200335 -10.376228
v 4.326572 12.716231 -12.185022
v 2.342306 12.197487 -10.965704
v 4.433663 12.649418 -12.273749
v 3.657694 12.197487 -10.965705
v 3.367171 11.912027 -11.154057
v 3.367171 11.912027 -12.345942
v 3.367171 12.468138 -10.885101
v 3.367171 12.468138 -12.614897
v 3.367171 12.716231 -11.088540
v 2.573000 12.199901 -10.527816
v 3.367171 12.649418 -10.944687
v 3.367171 12.716231 -12.411459
v 3.367171 12.649418 -12.555311
v 3.427016 12.199903 -10.527733
v 2.572984 12.199903 -12.972267
v 3.427001 12.199901 -12.972184
v 2.342308 12.197487 -12.534296
v 3.657695 12.197487 -12.534296
v 2.999988 12.200335 -13.123772
v 2.343429 12.195559 -12.117171
v 3.656573 12.195559 -12.117171
v 4.222266 12.199903 -12.177016
v 4.222184 12.199901 -11.323000
v 3.784295 12.197487 -12.407693
v 3.784296 12.197487 -11.092305
v 4.373772 12.200335 -11.750012
v 3.367171 12.195559 -12.406572
v 3.367171 12.195559 -11.093427
v -2.500010 11.912027 -13.041430
v -2.113811 11.912027 -12.904550
v -1.904057 11.912027 -12.509118
v -3.095942 11.912027 -12.509118
v -2.886203 11.912027 -12.904625
v -2.500016 12.468138 -13.426568
v -1.939521 12.468138 -13.227914
v -1.635101 12.468138 -12.654020
v -3.364897 12.468138 -12.654020
v -3.060501 12.468138 -13.228023
v -2.500062 12.716231 -13.230242
v -2.500030 12.649418 -13.369066
v -2.064968 12.716231 -13.076442
v -1.976263 12.649418 -13.183549
v -1.838540 12.716231 -12.654020
v -1.694687 12.649418 -12.654020
v -3.161458 12.716231 -12.654020
v -3.305311 12.649418 -12.654020
v -2.935021 12.716231 -13.076572
v -3.023749 12.649418 -13.183664
v -1.904057 11.912027 -12.117171
v -3.095942 11.912027 -12.117171
v -1.635101 12.468138 -12.117171
v -3.364897 12.468138 -12.117171
v -1.838540 12.716231 -12.117171
v -1.694687 12.649418 -12.117171
v -3.161458 12.716231 -12.117171
v -3.305311 12.649418 -12.117171
v -3.791429 11.912027 -11.749990
v -3.654550 11.912027 -12.136189
v -3.259118 11.912027 -12.345943
v -3.259118 11.912027 -11.154058
v -3.654624 11.912027 -11.363797
v -4.176569 12.468138 -11.749984
v -3.977914 12.468138 -12.310479
v -3.404020 12.468138 -12.614899
v -3.404020 12.468138 -10.885103
v -3.978023 12.468138 -11.189499
v -3.980242 12.716231 -11.749938
v -4.119066 12.649418 -11.749970
v -3.826442 12.716231 -12.185032
v -3.933549 12.649418 -12.273736
v -3.404020 12.716231 -12.411460
v -3.404020 12.649418 -12.555313
v -3.404020 12.716231 -11.088541
v -3.404020 12.649418 -10.944689
v -3.826572 12.716231 -11.314978
v -3.933664 12.649418 -11.226251
v -2.867171 11.912027 -12.345943
v -2.867171 11.912027 -11.154058
v -2.867171 12.468138 -12.614899
v -2.867171 12.468138 -10.885103
v -2.867171 12.716231 -12.411460
v -2.867171 12.649418 -12.555313
v -2.867171 12.716231 -11.088541
v -2.867171 12.649418 -10.944689
v -2.499990 11.912027 -10.458570
v -2.886189 11.912027 -10.595450
v -3.095943 11.912027 -10.990882
v -1.904058 11.912027 -10.990882
v -2.113797 11.912027 -10.595375
v -2.499984 12.468138 -10.073432
v -3.060479 12.468138 -10.272086
v -3.364899 12.468138 -10.845980
v -1.635103 12.468138 -10.845980
v -1.939499 12.468138 -10.271977
v -2.499938 12.716231 -10.269758
v -2.499970 12.649418 -10.130934
v -2.935032 12.716231 -10.423558
v -3.023736 12.649418 -10.316451
v -3.161460 12.716231 -10.845980
v -3.305313 12.649418 -10.845980
v -1.838541 12.716231 -10.845980
v -1.694689 12.649418 -10.845980
v -2.064978 12.716231 -10.423428
v -1.976251 12.649418 -10.316336
v -3.095943 11.912027 -11.382829
v -1.904058 11.912027 -11.382829
v -3.364899 12.468138 -11.382829
v -1.635103 12.468138 -11.382829
v -3.161460 12.716231 -11.382829
v -3.305313 12.649418 -11.382829
v -1.838541 12.716231 -11.382829
v -1.694689 12.649418 -11.382829
v -1.208570 11.912027 -11.750010
v -1.345450 11.912027 -11.363811
v -1.740882 11.912027 -11.154057
v -1.740882 11.912027 -12.345942
v -1.345375 11.912027 -12.136203
v -0.823432 12.468138 -11.750016
v -1.022085 12.468138 -11.189521
v -1.595980 12.468138 -10.885101
v -1.595980 12.468138 -12.614897
v -1.021977 12.468138 -12.310501
v -2.867171 12.195559 -12.406573
v -2.867171 12.195559 -11.093429
v -1.019758 12.716231 -11.750062
v -3.873771 12.200335 -11.749988
v -0.880934 12.649418 -11.750030
v -3.284296 12.197487 -12.407695
v -1.173558 12.716231 -11.314968
v -1.066451 12.649418 -11.226264
v -3.284295 12.197487 -11.092306
v -3.722184 12.199901 -12.177001
v -1.595980 12.716231 -11.088540
v -1.595980 12.649418 -10.944687
v -1.595980 12.716231 -12.411459
v -3.722267 12.199903 -11.322984
v -1.595980 12.649418 -12.555311
v -3.156572 12.195559 -11.382829
v -1.843428 12.195559 -11.382829
v -2.499988 12.200335 -10.376228
v -1.173428 12.716231 -12.185022
v -3.157694 12.197487 -10.965704
v -1.066337 12.649418 -12.273749
v -1.842306 12.197487 -10.965705
v -2.132829 11.912027 -11.154057
v -2.132829 11.912027 -12.345942
v -2.132829 12.468138 -10.885101
v -2.132829 12.468138 -12.614897
v -2.132829 12.716231 -11.088540
v -2.927000 12.199901 -10.527816
v -2.132829 12.649418 -10.944687
v -2.132829 12.716231 -12.411459
v -2.132829 12.649418 -12.555311
v -2.072984 12.199903 -10.527733
v -2.927016 12.199903 -12.972267
v -2.072999 12.199901 -12.972184
v -3.157692 12.197487 -12.534296
v -1.842305 12.197487 -12.534296
v -2.500012 12.200335 -13.123772
v -3.156571 12.195559 -12.117171
v -1.843427 12.195559 -12.117171
v -1.277734 12.199903 -12.177016
v -1.277816 12.199901 -11.323000
v -1.715705 12.197487 -12.407693
v -1.715704 12.197487 -11.092305
v -1.126228 12.200335 -11.750012
v -2.132829 12.195559 -12.406572
v -2.132829 12.195559 -11.093427
v 8.499990 11.912027 -8.791430
v 8.886189 11.912027 -8.654550
v 9.095943 11.912027 -8.259118
v 7.904058 11.912027 -8.259118
v 8.113797 11.912027 -8.654625
v 8.499984 12.468138 -9.176568
v 9.060479 12.468138 -8.977914
v 9.364899 12.468138 -8.404020
v 7.635103 12.468138 -8.404020
v 7.939499 12.468138 -8.978023
v 8.499938 12.716231 -8.980242
v 8.499970 12.649418 -9.119066
v 8.935032 12.716231 -8.826442
v 9.023737 12.649418 -8.933549
v 9.161460 12.716231 -8.404020
v 9.305313 12.649418 -8.404020
v 7.838542 12.716231 -8.404020
v 7.694689 12.649418 -8.404020
v 8.064979 12.716231 -8.826572
v 7.976251 12.649418 -8.933664
v 9.095943 11.912027 -7.867171
v 7.904058 11.912027 -7.867171
v 9.364899 12.468138 -7.867171
v 7.635103 12.468138 -7.867171
v 9.161460 12.716231 -7.867171
v 9.305313 12.649418 -7.867171
v 7.838542 12.716231 -7.867171
v 7.694689 12.649418 -7.867171
v 7.208571 11.912027 -7.499990
v 7.345450 11.912027 -7.886189
v 7.740882 11.912027 -8.095943
v 7.740882 11.912027 -6.904058
v 7.345376 11.912027 -7.113797
v 6.823431 12.468138 -7.499984
v 7.022086 12.468138 -8.060479
v 7.595980 12.468138 -8.364899
v 7.595980 12.468138 -6.635103
v 7.021977 12.468138 -6.939499
v 7.019758 12.716231 -7.499938
v 6.880934 12.649418 -7.499970
v 7.173558 12.716231 -7.935032
v 7.066451 12.649418 -8.023736
v 7.595980 12.716231 -8.161460
v 7.595980 12.649418 -8.305313
v 7.595980 12.716231 -6.838541
v 7.595980 12.649418 -6.694689
v 7.173428 12.716231 -7.064978
v 7.066336 12.649418 -6.976251
v 8.132829 11.912027 -8.095943
v 8.132829 11.912027 -6.904058
v 8.132829 12.468138 -8.364899
v 8.132829 12.468138 -6.635103
v 8.132829 12.716231 -8.161460
v 8.132829 12.649418 -8.305313
v 8.132829 12.716231 -6.838541
v 8.132829 12.649418 -6.694689
v 8.500010 11.912027 -6.208570
v 8.113811 11.912027 -6.345450
v 7.904057 11.912027 -6.740882
v 9.095942 11.912027 -6.740882
v 8.886203 11.912027 -6.345375
v 8.500016 12.468138 -5.823432
v 7.939521 12.468138 -6.022086
v 7.635101 12.468138 -6.595980
v 9.364897 12.468138 -6.595980
v 9.060501 12.468138 -6.021977
v 8.500062 12.716231 -6.019758
v 8.500030 12.649418 -5.880934
v 8.064968 12.716231 -6.173558
v 7.976264 12.649418 -6.066451
v 7.838540 12.716231 -6.595980
v 7.694687 12.649418 -6.595980
v 9.161459 12.716231 -6.595980
v 9.305311 12.649418 -6.595980
v 8.935022 12.716231 -6.173428
v 9.023749 12.649418 -6.066336
v 7.904057 11.912027 -7.132829
v 9.095942 11.912027 -7.132829
v 7.635101 12.468138 -7.132829
v 9.364897 12.468138 -7.132829
v 7.838540 12.716231 -7.132829
v 7.694687 12.649418 -7.132829
v 9.161459 12.716231 -7.132829
v 9.305311 12.649418 -7.132829
v 9.791430 11.912027 -7.500010
v 9.654550 11.912027 -7.113811
v 9.259118 11.912027 -6.904057
v 9.259118 11.912027 -8.095942
v 9.654625 11.912027 -7.886203
v 10.176568 12.468138 -7.500016
v 9.977915 12.468138 -6.939521
v 9.404020 12.468138 -6.635101
v 9.404020 12.468138 -8.364897
v 9.978023 12.468138 -8.060501
v 8.132829 12.195559 -8.156573
v 8.132829 12.195559 -6.843429
v 9.980242 12.716231 -7.500062
v 7.126229 12.200335 -7.499988
v 10.119066 12.649418 -7.500030
v 7.715704 12.197487 -8.157695
v 9.826442 12.716231 -7.064968
v 9.933549 12.649418 -6.976264
v 7.715705 12.197487 -6.842306
v 7.277816 12.199901 -7.927001
v 9.404020 12.716231 -6.838540
v 9.404020 12.649418 -6.694687
v 9.404020 12.716231 -8.161459
v 7.277733 12.199903 -7.072984
v 9.404020 12.649418 -8.305311
v 7.843428 12.195559 -7.132829
v 9.156572 12.195559 -7.132829
v 8.500012 12.200335 -6.126228
v 9.826572 12.716231 -7.935022
v 7.842306 12.197487 -6.715704
v 9.933663 12.649418 -8.023749
v 9.157694 12.197487 -6.715705
v 8.867171 11.912027 -6.904057
v 8.867171 11.912027 -8.095942
v 8.867171 12.468138 -6.635101
v 8.867171 12.468138 -8.364897
v 8.867171 12.716231 -6.838540
v 8.073000 12.199901 -6.277816
v 8.867171 12.649418 -6.694687
v 8.867171 12.716231 -8.161459
v 8.867171 12.649418 -8.305311
v 8.927016 12.199903 -6.277733
v 8.072984 12.199903 -8.722267
v 8.927001 12.199901 -8.722184
v 7.842308 12.197487 -8.284296
v 9.157695 12.197487 -8.284296
v 8.499988 12.200335 -8.873772
v 7.843429 12.195559 -7.867171
v 9.156573 12.195559 -7.867171
v 9.722266 12.199903 -7.927016
v 9.722184 12.199901 -7.073000
v 9.284295 12.197487 -8.157693
v 9.284296 12.197487 -6.842305
v 9.873772 12.200335 -7.500012
v 8.867171 12.195559 -8.156572
v 8.867171 12.195559 -6.843427
v 2.999990 11.912027 -8.791430
v 3.386189 11.912027 -8.654550
v 3.595943 11.912027 -8.259118
v 2.404058 11.912027 -8.259118
v 2.613797 11.912027 -8.654625
v 2.999984 12.468138 -9.176568
v 3.560479 12.468138 -8.977914
v 3.864899 12.468138 -8.404020
v 2.135103 12.468138 -8.404020
v 2.439499 12.468138 -8.978023
v 2.999938 12.716231 -8.980242
v 2.999970 12.649418 -9.119066
v 3.435032 12.716231 -8.826442
v 3.523737 12.649418 -8.933549
v 3.661460 12.716231 -8.404020
v 3.805313 12.649418 -8.404020
v 2.338542 12.716231 -8.404020
v 2.194689 12.649418 -8.404020
v 2.564979 12.716231 -8.826572
v 2.476251 12.649418 -8.933664
v 3.595943 11.912027 -7.867171
v 2.404058 11.912027 -7.867171
v 3.864899 12.468138 -7.867171
v 2.135103 12.468138 -7.867171
v 3.661460 12.716231 -7.867171
v 3.805313 12.649418 -7.867171
v 2.338542 12.716231 -7.867171
v 2.194689 12.649418 -7.867171
v 1.708571 11.912027 -7.499990
v 1.845450 11.912027 -7.886189
v 2.240882 11.912027 -8.095943
v 2.240882 11.912027 -6.904058
v 1.845376 11.912027 -7.113797
v 1.323431 12.468138 -7.499984
v 1.522086 12.468138 -8.060479
v 2.095980 12.468138 -8.364899
v 2.095980 12.468138 -6.635103
v 1.521977 12.468138 -6.939499
v 1.519758 12.716231 -7.499938
v 1.380934 12.649418 -7.499970
v 1.673558 12.716231 -7.935032
v 1.566451 12.649418 -8.023736
v 2.095980 12.716231 -8.161460
v 2.095980 12.649418 -8.305313
v 2.095980 12.716231 -6.838541
v 2.095980 12.649418 -6.694689
v 1.673428 12.716231 -7.064978
v 1.566336 12.649418 -6.976251
v 2.632829 11.912027 -8.095943
v 2.632829 11.912027 -6.904058
v 2.632829 12.468138 -8.364899
v 2.632829 12.468138 -6.635103
v 2.632829 12.716231 -8.161460
v 2.632829 12.649418 -8.305313
v 2.632829 12.716231 -6.838541
v 2.632829 12.649418 -6.694689
v 3.000010 11.912027 -6.208570
v 2.613811 11.912027 -6.345450
v 2.404057 11.912027 -6.740882
v 3.595942 11.912027 -6.740882
v 3.386203 11.912027 -6.345375
v 3.000016 12.468138 -5.823432
v 2.439521 12.468138 -6.022086
v 2.135101 12.468138 -6.595980
v 3.864897 12.468138 -6.595980
v 3.560501 12.468138 -6.021977
v 3.000062 12.716231 -6.019758
v 3.000030 12.649418 -5.880934
v 2.564968 12.716231 -6.173558
v 2.476264 12.649418 -6.066451
v 2.338540 12.716231 -6.595980
v 2.194687 12.649418 -6.595980
v 3.661459 12.716231 -6.595980
v 3.805311 12.649418 -6.595980
v 3.435022 12.716231 -6.173428
v 3.523749 12.649418 -6.066336
v 2.404057 11.912027 -7.132829
v 3.595942 11.912027 -7.132829
v 2.135101 12.468138 -7.132829
v 3.864897 12.468138 -7.132829
v 2.338540 12.716231 -7.132829
v 2.194687 12.649418 -7.132829
v 3.661459 12.716231 -7.132829
v 3.805311 12.649418 -7.132829
v 4.291430 11.912027 -7.500010
v 4.154550 11.912027 -7.113811
v 3.759118 11.912027 -6.904057
v 3.759118 11.912027 -8.095942
v 4.154625 11.912027 -7.886203
v 4.676568 12.468138 -7.500016
v 4.477915 12.468138 -6.939521
v 3.904020 12.468138 -6.635101
v 3.904020 12.468138 -8.364897
v 4.478023 12.468138 -8.060501
v 2.632829 12.195559 -8.156573
v 2.632829 12.195559 -6.843429
v 4.480242 12.716231 -7.500062
v 1.626229 12.200335 -7.499988
v 4.619066 12.649418 -7.500030
v 2.215704 12.197487 -8.157695
v 4.326442 12.716231 -7.064968
v 4.433549 12.649418 -6.976264
v 2.215705 12.197487 -6.842306
v 1.777816 12.199901 -7.927001
v 3.904020 12.716231 -6.838540
v 3.904020 12.649418 -6.694687
v 3.904020 12.716231 -8.161459
v 1.777733 12.199903 -7.072984
v 3.904020 12.649418 -8.305311
v 2.343428 12.195559 -7.132829
v 3.656572 12.195559 -7.132829
v 3.000012 12.200335 -6.126228
v 4.326572 12.716231 -7.935022
v 2.342306 12.197487 -6.715704
v 4.433663 12.649418 -8.023749
v 3.657694 12.197487 -6.715705
v 3.367171 11.912027 -6.904057
v 3.367171 11.912027 -8.095942
v 3.367171 12.468138 -6.635101
v 3.367171 12.468138 -8.364897
v 3.367171 12.716231 -6.838540
v 2.573000 12.199901 -6.277816
v 3.367171 12.649418 -6.694687
v 3.367171 12.716231 -8.161459
v 3.367171 12.649418 -8.305311
v 3.427016 12.199903 -6.277733
v 2.572984 12.199903 -8.722267
v 3.427001 12.199901 -8.722184
v 2.342308 12.197487 -8.284296
v 3.657695 12.197487 -8.284296
v 2.999988 12.200335 -8.873772
v 2.343429 12.195559 -7.867171
v 3.656573 12.195559 -7.867171
v 4.222266 12.199903 -7.927016
v 4.222184 12.199901 -7.073000
v 3.784295 12.197487 -8.157693
v 3.784296 12.197487 -6.842305
v 4.373772 12.200335 -7.500012
v 3.367171 12.195559 -8.156572
v 3.367171 12.195559 -6.843427
v -2.500010 11.912027 -8.791430
v -2.113811 11.912027 -8.654550
v -1.904057 11.912027 -8.259118
v -3.095942 11.912027 -8.259118
v -2.886203 11.912027 -8.654625
v -2.500016 12.468138 -9.176568
v -1.939521 12.468138 -8.977914
v -1.635101 12.468138 -8.404020
v -3.364897 12.468138 -8.404020
v -3.060501 12.468138 -8.978023
v -2.500062 12.716231 -8.980242
v -2.500030 12.649418 -9.119066
v -2.064968 12.716231 -8.826442
v -1.976263 12.649418 -8.933549
v -1.838540 12.716231 -8.404020
v -1.694687 12.649418 -8.404020
v -3.161458 12.716231 -8.404020
v -3.305311 12.649418 -8.404020
v -2.935021 12.716231 -8.826572
v -3.023749 12.649418 -8.933664
v -1.904057 11.912027 -7.867171
v -3.095942 11.912027 -7.867171
v -1.635101 12.468138 -7.867171
v -3.364897 12.468138 -7.867171
v -1.838540 12.716231 -7.867171
v -1.694687 12.649418 -7.867171
v -3.161458 12.716231 -7.867171
v -3.305311 12.649418 -7.867171
v -3.791429 11.912027 -7.499990
v -3.654550 11.912027 -7.886189
v -3.259118 11.912027 -8.095943
v -3.259118 11.912027 -6.904058
v -3.654624 11.912027 -7.113797
v -4.176569 12.468138 -7.499984
v -3.977914 12.468138 -8.060479
v -3.404020 12.468138 -8.364899
v -3.404020 12.468138 -6.635103
v -3.978023 12.468138 -6.939499
v -3.980242 12.716231 -7.499938
v -4.119066 12.649418 -7.499970
v -3.826442 12.716231 -7.935032
v -3.933549 12.649418 -8.023736
v -3.404020 12.716231 -8.161460
v -3.404020 12.649418 -8.305313
v -3.404020 12.716231 -6.838541
v -3.404020 12.649418 -6.694689
v -3.826572 12.716231 -7.064978
v -3.933664 12.649418 -6.976251
v -2.867171 11.912027 -8.095943
v -2.867171 11.912027 -6.904058
v -2.867171 12.468138 -8.364899
v -2.867171 12.468138 -6.635103
v -2.867171 12.716231 -8.161460
v -2.867171 12.649418 -8.305313
v -2.867171 12.716231 -6.838541
v -2.867171 12.649418 -6.694689
v -2.499990 11.912027 -6.208570
v -2.886189 11.912027 -6.345450
v -3.095943 11.912027 -6.740882
v -1.904058 11.912027 -6.740882
v -2.113797 11.912027 -6.345375
v -2.499984 12.468138 -5.823432
v -3.060479 12.468138 -6.022086
v -3.364899 12.468138 -6.595980
v -1.635103 12.468138 -6.595980
v -1.939499 12.468138 -6.021977
v -2.499938 12.716231 -6.019758
v -2.499970 12.649418 -5.880934
v -2.935032 12.716231 -6.173558
v -3.023736 12.649418 -6.066451
v -3.161460 12.716231 -6.595980
v -3.305313 12.649418 -6.595980
v -1.838541 12.716231 -6.595980
v -1.694689 12.649418 -6.595980
v -2.064978 12.716231 -6.173428
v -1.976251 12.649418 -6.066336
v -3.095943 11.912027 -7.132829
v -1.904058 11.912027 -7.132829
v -3.364899 12.468138 -7.132829
v -1.635103 12.468138 -7.132829
v -3.161460 12.716231 -7.132829
v -3.305313 12.649418 -7.132829
v -1.838541 12.716231 -7.132829
v -1.694689 12.649418 -7.132829
v -1.208570 11.912027 -7.500010
v -1.345450 11.912027 -7.113811
v -1.740882 11.912027 -6.904057
v -1.740882 11.912027 -8.095942
v -1.345375 11.912027 -7.886203
v -0.823432 12.468138 -7.500016
v -1.022085 12.468138 -6.939521
v -1.595980 12.468138 -6.635101
v -1.595980 12.468138 -8.364897
v -1.021977 12.468138 -8.060501
v -2.867171 12.195559 -8.156573
v -2.867171 12.195559 -6.843429
v -1.019758 12.716231 -7.500062
v -3.873771 12.200335 -7.499988
v -0.880934 12.649418 -7.500030
v -3.284296 12.197487 -8.157695
v -1.173558 12.716231 -7.064968
v -1.066451 12.649418 -6.976264
v -3.284295 12.197487 -6.842306
v -3.722184 12.199901 -7.927001
v -1.595980 12.716231 -6.838540
v -1.595980 12.649418 -6.694687
v -1.595980 12.716231 -8.161459
v -3.722267 12.199903 -7.072984
v -1.595980 12.649418 -8.305311
v -3.156572 12.195559 -7.132829
v -1.843428 12.195559 -7.132829
v -2.499988 12.200335 -6.126228
v -1.173428 12.716231 -7.935022
v -3.157694 12.197487 -6.715704
v -1.066337 12.649418 -8.023749
v -1.842306 12.197487 -6.715705
v -2.132829 11.912027 -6.904057
v -2.132829 11.912027 -8.095942
v -2.132829 12.468138 -6.635101
v -2.132829 12.468138 -8.364897
v -2.132829 12.716231 -6.838540
v -2.927000 12.199901 -6.277816
v -2.132829 12.649418 -6.694687
v -2.132829 12.716231 -8.161459
v -2.132829 12.649418 -8.305311
v -2.072984 12.199903 -6.277733
v -2.927016 12.199903 -8.722267
v -2.072999 12.199901 -8.722184
v -3.157692 12.197487 -8.284296
v -1.842305 12.197487 -8.284296
v -2.500012 12.200335 -8.873772
v -3.156571 12.195559 -7.867171
v -1.843427 12.195559 -7.867171
v -1.277734 12.199903 -7.927016
v -1.277816 12.199901 -7.073000
v -1.715705 12.197487 -8.157693
v -1.715704 12.197487 -6.842305
v -1.126228 12.200335 -7.500012
v -2.132829 12.195559 -8.156572
v -2.132829 12.195559 -6.843427
v 8.499990 11.912027 -4.541430
v 8.886189 11.912027 -4.404550
v 9.095943 11.912027 -4.009118
v 7.904058 11.912027 -4.009118
v 8.113797 11.912027 -4.404625
v 8.499984 12.468138 -4.926568
v 9.060479 12.468138 -4.727914
v 9.364899 12.468138 -4.154020
v 7.635103 12.468138 -4.154020
v 7.939499 12.468138 -4.728023
v 8.499938 12.716231 -4.730242
v 8.499970 12.649418 -4.869066
v 8.935032 12.716231 -4.576442
v 9.023737 12.649418 -4.683549
v 9.161460 12.716231 -4.154020
v 9.305313 12.649418 -4.154020
v 7.838542 12.716231 -4.154020
v 7.694689 12.649418 -4.154020
v 8.064979 12.716231 -4.576572
v 7.976251 12.649418 -4.683664
v 9.095943 11.912027 -3.617171
v 7.904058 11.912027 -3.617171
v 9.364899 12.468138 -3.617171
v 7.635103 12.468138 -3.617171
v 9.161460 12.716231 -3.617171
v 9.305313 12.649418 -3.617171
v 7.838542 12.716231 -3.617171
v 7.694689 12.649418 -3.617171
v 7.208571 11.912027 -3.249990
v 7.345450 11.912027 -3.636189
v 7.740882 11.912027 -3.845943
v 7.740882 11.912027 -2.654058
v 7.345376 11.912027 -2.863797
v 6.823431 12.468138 -3.249984
v 7.022086 12.468138 -3.810479
v 7.595980 12.468138 -4.114899
v 7.595980 12.468138 -2.385103
v 7.021977 12.468138 -2.689499
v 7.019758 12.716231 -3.249938
v 6.880934 12.649418 -3.249970
v 7.173558 12.716231 -3.685032
v 7.066451 12.649418 -3.773736
v 7.595980 12.716231 -3.911460
v 7.595980 12.649418 -4.055313
v 7.595980 12.716231 -2.588541
v 7.595980 12.649418 -2.444689
v 7.173428 12.716231 -2.814978
v 7.066336 12.649418 -2.726251
v 8.132829 11.912027 -3.845943
v 8.132829 11.912027 -2.654058
v 8.132829 12.468138 -4.114899
v 8.132829 12.468138 -2.385103
v 8.132829 12.716231 -3.911460
v 8.132829 12.649418 -4.055313
v 8.132829 12.716231 -2.588541
v 8.132829 12.649418 -2.444689
v 8.500010 11.912027 -1.958570
v 8.113811 11.912027 -2.095450
v 7.904057 11.912027 -2.490882
v 9.095942 11.912027 -2.490882
v 8.886203 11.912027 -2.095375
v 8.500016 12.468138 -1.573432
v 7.939521 12.468138 -1.772086
v 7.635101 12.468138 -2.345980
v 9.364897 12.468138 -2.345980
v 9.060501 12.468138 -1.771977
v 8.500062 12.716231 -1.769758
v 8.500030 12.649418 -1.630934
v 8.064968 12.716231 -1.923558
v 7.976264 12.649418 -1.816451
v 7.838540 12.716231 -2.345980
v 7.694687 12.649418 -2.345980
v 9.161459 12.716231 -2.345980
v 9.305311 12.649418 -2.345980
v 8.935022 12.716231 -1.923428
v 9.023749 12.649418 -1.816336
v 7.904057 11.912027 -2.882829
v 9.095942 11.912027 -2.882829
v 7.635101 12.468138 -2.882829
v 9.364897 12.468138 -2.882829
v 7.838540 12.716231 -2.882829
v 7.694687 12.649418 -2.882829
v 9.161459 12.716231 -2.882829
v 9.305311 12.649418 -2.882829
v 9.791430 11.912027 -3.250010
v 9.654550 11.912027 -2.863811
v 9.259118 11.912027 -2.654057
v 9.259118 11.912027 -3.845942
v 9.654625 11.912027 -3.636203
v 10.176568 12.468138 -3.250016
v 9.977915 12.468138 -2.689521
v 9.404020 12.468138 -2.385101
v 9.404020 12.468138 -4.114897
v 9.978023 12.468138 -3.810501
v 8.132829 12.195559 -3.906573
v 8.132829 12.195559 -2.593429
v 9.980242 12.716231 -3.250062
v 7.126229 12.200335 -3.249988
v 10.119066 12.649418 -3.250030
v 7.715704 12.197487 -3.907695
v 9.826442 12.716231 -2.814968
v 9.933549 12.649418 -2.726264
v 7.715705 12.197487 -2.592306
v 7.277816 12.199901 -3.677001
v 9.404020 12.716231 -2.588540
v 9.404020 12.649418 -2.444687
v 9.404020 12.716231 -3.911459
v 7.277733 12.199903 -2.822984
v 9.404020 12.649418 -4.055311
v 7.843428 12.195559 -2.882829
v 9.156572 12.195559 -2.882829
v 8.500012 12.200335 -1.876228
v 9.826572 12.716231 -3.685022
v 7.842306 12.197487 -2.465704
v 9.933663 12.649418 -3.773749
v 9.157694 12.197487 -2.465705
v 8.867171 11.912027 -2.654057
v 8.867171 11.912027 -3.845942
v 8.867171 12.468138 -2.385101
v 8.867171 12.468138 -4.114897
v 8.867171 12.716231 -2.588540
v 8.073000 12.199901 -2.027816
v 8.867171 12.649418 -2.444687
v 8.867171 12.716231 -3.911459
v 8.867171 12.649418 -4.055311
v 8.927016 12.199903 -2.027733
v 8.072984 12.199903 -4.472267
v 8.927001 12.199901 -4.472184
v 7.842308 12.197487 -4.034296
v 9.157695 12.197487 -4.034296
v 8.499988 12.200335 -4.623772
v 7.843429 12.195559 -3.617171
v 9.156573 12.195559 -3.617171
v 9.722266 12.199903 -3.677016
v 9.722184 12.199901 -2.823000
v 9.284295 12.197487 -3.907693
v 9.284296 12.197487 -2.592305
v 9.873772 12.200335 -3.250012
v 8.867171 12.195559 -3.906572
v 8.867171 12.195559 -2.593427
v 2.999990 11.912027 -4.541430
v 3.386189 11.912027 -4.404550
v 3.595943 11.912027 -4.009118
v 2.404058 11.912027 -4.009118
v 2.613797 11.912027 -4.404625
v 2.999984 12.468138 -4.926568
v 3.560479 12.468138 -4.727914
v 3.864899 12.468138 -4.154020
v 2.135103 12.468138 -4.154020
v 2.439499 12.468138 -4.728023
v 2.999938 12.716231 -4.730242
v 2.999970 12.649418 -4.869066
v 3.435032 12.716231 -4.576442
v 3.523737 12.649418 -4.683549
v 3.661460 12.716231 -4.154020
v 3.805313 12.649418 -4.154020
v 2.338542 12.716231 -4.154020
v 2.194689 12.649418 -4.154020
v 2.564979 12.716231 -4.576572
v 2.476251 12.649418 -4.683664
v 3.595943 11.912027 -3.617171
v 2.404058 11.912027 -3.617171
v 3.864899 12.468138 -3.617171
v 2.135103 12.468138 -3.617171
v 3.661460 12.716231 -3.617171
v 3.805313 12.649418 -3.617171
v 2.338542 12.716231 -3.617171
v 2.194689 12.649418 -3.617171
v 1.708571 11.912027 -3.249990
v 1.845450 11.912027 -3.636189
v 2.240882 11.912027 -3.845943
v 2.240882 11.912027 -2.654058
v 1.845376 11.912027 -2.863797
v 1.323431 12.468138 -3.249984
v 1.522086 12.468138 -3.810479
v 2.095980 12.468138 -4.114899
v 2.095980 12.468138 -2.385103
v 1.521977 12.468138 -2.689499
v 1.519758 12.716231 -3.249938
v 1.380934 12.649418 -3.249970
v 1.673558 12.716231 -3.685032
v 1.566451 12.649418 -3.773736
v 2.095980 12.716231 -3.911460
v 2.095980 12.649418 -4.055313
v 2.095980 12.716231 -2.588541
v 2.095980 12.649418 -2.444689
v 1.673428 12.716231 -2.814978
v 1.566336 12.649418 -2.726251
v 2.632829 11.912027 -3.845943
v 2.632829 11.912027 -2.654058
v 2.632829 12.468138 -4.114899
v 2.632829 12.468138 -2.385103
v 2.632829 12.716231 -3.911460
v 2.632829 12.649418 -4.055313
v 2.632829 12.716231 -2.588541
v 2.632829 12.649418 -2.444689
v 3.000010 11.912027 -1.958570
v 2.613811 11.912027 -2.095450
v 2.404057 11.912027 -2.490882
v 3.595942 11.912027 -2.490882
v 3.386203 11.912027 -2.095375
v 3.000016 12.468138 -1.573432
v 2.439521 12.468138 -1.772086
v 2.135101 12.468138 -2.345980
v 3.864897 12.468138 -2.345980
v 3.560501 12.468138 -1.771977
v 3.000062 12.716231 -1.769758
v 3.000030 12.649418 -1.630934
v 2.564968 12.716231 -1.923558
v 2.476264 12.649418 -1.816451
v 2.338540 12.716231 -2.345980
v 2.194687 12.649418 -2.345980
v 3.661459 12.716231 -2.345980
v 3.805311 12.649418 -2.345980
v 3.435022 12.716231 -1.923428
v 3.523749 12.649418 -1.816336
v 2.404057 11.912027 -2.882829
v 3.595942 11.912027 -2.882829
v 2.135101 12.468138 -2.882829
v 3.864897 12.468138 -2.882829
v 2.338540 12.716231 -2.882829
v 2.194687 12.649418 -2.882829
v 3.661459 12.716231 -2.882829
v 3.805311 12.649418 -2.882829
v 4.291430 11.912027 -3.250010
v 4.154550 11.912027 -2.863811
v 3.759118 11.912027 -2.654057
v 3.759118 11.912027 -3.845942
v 4.154625 11.912027 -3.636203
v 4.676568 12.468138 -3.250016
v 4.477915 12.468138 -2.689521
v 3.904020 12.468138 -2.385101
v 3.904020 12.468138 -4.114897
v 4.478023 12.468138 -3.810501
v 2.632829 12.195559 -3.906573
v 2.632829 12.195559 -2.593429
v 4.480242 12.716231 -3.250062
v 1.626229 12.200335 -3.249988
v 4.619066 12.649418 -3.250030
v 2.215704 12.197487 -3.907695
v 4.326442 12.716231 -2.814968
v 4.433549 12.649418 -2.726264
v 2.215705 12.197487 -2.592306
v 1.777816 12.199901 -3.677001
v 3.904020 12.716231 -2.588540
v 3.904020 12.649418 -2.444687
v 3.904020 12.716231 -3.911459
v 1.777733 12.199903 -2.822984
v 3.904020 12.649418 -4.055311
v 2.343428 12.195559 -2.882829
v 3.656572 12.195559 -2.882829
v 3.000012 12.200335 -1.876228
v 4.326572 12.716231 -3.685022
v 2.342306 12.197487 -2.465704
v 4.433663 12.649418 -3.773749
v 3.657694 12.197487 -2.465705
v 3.367171 11.912027 -2.654057
v 3.367171 11.912027 -3.845942
v 3.367171 12.468138 -2.385101
v 3.367171 12.468138 -4.114897
v 3.367171 12.716231 -2.588540
v 2.573000 12.199901 -2.027816
v 3.367171 12.649418 -2.444687
v 3.367171 12.716231 -3.911459
v 3.367171 12.649418 -4.055311
v 3.427016 12.199903 -2.027733
v 2.572984 12.199903 -4.472267
v 3.427001 12.199901 -4.472184
v 2.342308 12.197487 -4.034296
v 3.657695 12.197487 -4.034296
v 2.999988 12.200335 -4.623772
v 2.343429 12.195559 -3.617171
v 3.656573 12.195559 -3.617171
v 4.222266 12.199903 -3.677016
v 4.222184 12.199901 -2.823000
v 3.784295 12.197487 -3.907693
v 3.784296 12.197487 -2.592305
v 4.373772 12.200335 -3.250012
v 3.367171 12.195559 -3.906572
v 3.367171 12.195559 -2.593427
v -2.500010 11.912027 -4.541430
v -2.113811 11.912027 -4.404550
v -1.904057 11.912027 -4.009118
v -3.095942 11.912027 -4.009118
v -2.886203 11.912027 -4.404625
v -2.500016 12.468138 -4.926568
v -1.939521 12.468138 -4.727914
v -1.635101 12.468138 -4.154020
v -3.364897 12.468138 -4.154020
v -3.060501 12.468138 -4.728023
v -2.500062 12.716231 -4.730242
v -2.500030 12.649418 -4.869066
v -2.064968 12.716231 -4.576442
v -1.976263 12.649418 -4.683549
v -1.838540 12.716231 -4.154020
v -1.694687 12.649418 -4.154020
v -3.161458 12.716231 -4.154020
v -3.305311 12.649418 -4.154020
v -2.935021 12.716231 -4.576572
v -3.023749 12.649418 -4.683664
v -1.904057 11.912027 -3.617171
v -3.095942 11.912027 -3.617171
v -1.635101 12.468138 -3.617171
v -3.364897 12.468138 -3.617171
v -1.838540 12.716231 -3.617171
v -1.694687 12.649418 -3.617171
v -3.161458 12.716231 -3.617171
v -3.305311 12.649418 -3.617171
v -3.791429 11.912027 -3.249990
v -3.654550 11.912027 -3.636189
v -3.259118 11.912027 -3.845943
v -3.259118 11.912027 -2.654058
v -3.654624 11.912027 -2.863797
v -4.176569 12.468138 -3.249984
v -3.977914 12.468138 -3.810479
v -3.404020 12.468138 -4.114899
v -3.404020 12.468138 -2.385103
v -3.978023 12.468138 -2.689499
v -3.980242 12.716231 -3.249938
v -4.119066 12.649418 -3.249970
v -3.826442 12.716231 -3.685032
v -3.933549 12.649418 -3.773736
v -3.404020 12.716231 -3.911460
v -3.404020 12.649418 -4.055313
v -3.404020 12.716231 -2.588541
v -3.404020 12.649418 -2.444689
v -3.826572 12.716231 -2.814978
v -3.933664 12.649418 -2.726251
v -2.867171 11.912027 -3.845943
v -2.867171 11.912027 -2.654058
v -2.867171 12.468138 -4.114899
v -2.867171 12.468138 -2.385103
v -2.867171 12.716231 -3.911460
v -2.867171 12.649418 -4.055313
v -2.867171 12.716231 -2.588541
v -2.867171 12.649418 -2.444689
v -2.499990 11.912027 -1.958570
v -2.886189 11.912027 -2.095450
v -3.095943 11.912027 -2.490882
v -1.904058 11.912027 -2.490882
v -2.113797 11.912027 -2.095375
v -2.499984 12.468138 -1.573432
v -3.060479 12.468138 -1.772086
v -3.364899 12.468138 -2.345980
v -1.635103 12.468138 -2.345980
v -1.939499 12.468138 -1.771977
v -2.499938 12.716231 -1.769758
v -2.499970 12.649418 -1.630934
v -2.935032 12.716231 -1.923558
v -3.023736 12.649418 -1.816451
v -3.161460 12.716231 -2.345980
v -3.305313 12.649418 -2.345980
v -1.838541 12.716231 -2.345980
v -1.694689 12.649418 -2.345980
v -2.064978 12.716231 -1.923428
v -1.976251 12.649418 -1.816336
v -3.095943 11.912027 -2.882829
v -1.904058 11.912027 -2.882829
v -3.364899 12.468138 -2.882829
v -1.635103 12.468138 -2.882829
v -3.161460 12.716231 -2.882829
v -3.305313 12.649418 -2.882829
v -1.838541 12.716231 -2.882829
v -1.694689 12.649418 -2.882829
v -1.208570 11.912027 -3.250010
v -1.345450 11.912027 -2.863811
v -1.740882 11.912027 -2.654057
v -1.740882 11.912027 -3.845942
v -1.345375 11.912027 -3.636203
v -0.823432 12.468138 -3.250016
v -1.022085 12.468138 -2.689521
v -1.595980 12.468138 -2.385101
v -1.595980 12.468138 -4.114897
v -1.021977 12.468138 -3.810501
v -2.867171 12.195559 -3.906573
v -2.867171 12.195559 -2.593429
v -1.019758 12.716231 -3.250062
v -3.873771 12.200335 -3.249988
v -0.880934 12.649418 -3.250030
v -3.284296 12.197487 -3.907695
v -1.173558 12.716231 -2.814968
v -1.066451 12.649418 -2.726264
v -3.284295 12.197487 -2.592306
v -3.722184 12.199901 -3.677001
v -1.595980 12.716231 -2.588540
v -1.595980 12.649418 -2.444687
v -1.595980 12.716231 -3.911459
v -3.722267 12.199903 -2.822984
v -1.595980 12.649418 -4.055311
v -3.156572 12.195559 -2.882829
v -1.843428 12.195559 -2.882829
v -2.499988 12.200335 -1.876228
v -1.173428 12.716231 -3.685022
v -3.157694 12.197487 -2.465704
v -1.066337 12.649418 -3.773749
v -1.842306 12.197487 -2.465705
v -2.132829 11.912027 -2.654057
v -2.132829 11.912027 -3.845942
v -2.132829 12.468138 -2.385101
v -2.132829 12.468138 -4.114897
v -2.132829 12.716231 -2.588540
v -2.927000 12.199901 -2.027816
v -2.132829 12.649418 -2.444687
v -2.132829 12.716231 -3.911459
v -2.132829 12.649418 -4.055311
v -2.072984 12.199903 -2.027733
v -2.927016 12.199903 -4.472267
v -2.072999 12.199901 -4.472184
v -3.157692 12.197487 -4.034296
v -1.842305 12.197487 -4.034296
v -2.500012 12.200335 -4.623772
v -3.156571 12.195559 -3.617171
v -1.843427 12.195559 -3.617171
v -1.277734 12.199903 -3.677016
v -1.277816 12.199901 -2.823000
v -1.715705 12.197487 -3.907693
v -1.715704 12.197487 -2.592305
v -1.126228 12.200335 -3.250012
v -2.132829 12.195559 -3.906572
v -2.132829 12.195559 -2.593427
v 8.499990 11.912027 13.041430
v 8.886189 11.912027 12.904550
v 9.095943 11.912027 12.509118
v 7.904058 11.912027 12.509118
v 8.113797 11.912027 12.904625
v 8.499984 12.468138 13.426568
v 9.060479 12.468138 13.227914
v 9.364899 12.468138 12.654020
v 7.635103 12.468138 12.654020
v 7.939499 12.468138 13.228023
v 8.499938 12.716231 13.230242
v 8.499970 12.649418 13.369066
v 8.935032 12.716231 13.076442
v 9.023737 12.649418 13.183549
v 9.161460 12.716231 12.654020
v 9.305313 12.649418 12.654020
v 7.838542 12.716231 12.654020
v 7.694689 12.649418 12.654020
v 8.064979 12.716231 13.076572
v 7.976251 12.649418 13.183664
v 9.095943 11.912027 12.117171
v 7.904058 11.912027 12.117171
v 9.364899 12.468138 12.117171
v 7.635103 12.468138 12.117171
v 9.161460 12.716231 12.117171
v 9.305313 12.649418 12.117171
v 7.838542 12.716231 12.117171
v 7.694689 12.649418 12.117171
v 7.208571 11.912027 11.749990
v 7.345450 11.912027 12.136189
v 7.740882 11.912027 12.345943
v 7.740882 11.912027 11.154058
v 7.345376 11.912027 11.363797
v 6.823431 12.468138 11.749984
v 7.022086 12.468138 12.310479
v 7.595980 12.468138 12.614899
v 7.595980 12.468138 10.885103
v 7.021977 12.468138 11.189499
v 7.019758 12.716231 11.749938
v 6.880934 12.649418 11.749970
v 7.173558 12.716231 12.185032
v 7.066451 12.649418 12.273736
v 7.595980 12.716231 12.411460
v 7.595980 12.649418 12.555313
v 7.595980 12.716231 11.088541
v 7.595980 12.649418 10.944689
v 7.173428 12.716231 11.314978
v 7.066336 12.649418 11.226251
v 8.132829 11.912027 12.345943
v 8.132829 11.912027 11.154058
v 8.132829 12.468138 12.614899
v 8.132829 12.468138 10.885103
v 8.132829 12.716231 12.411460
v 8.132829 12.649418 12.555313
v 8.132829 12.716231 11.088541
v 8.132829 12.649418 10.944689
v 8.500010 11.912027 10.458570
v 8.113811 11.912027 10.595450
v 7.904057 11.912027 10.990882
v 9.095942 11.912027 10.990882
v 8.886203 11.912027 10.595375
v 8.500016 12.468138 10.073432
v 7.939521 12.468138 10.272086
v 7.635101 12.468138 10.845980
v 9.364897 12.468138 10.845980
v 9.060501 12.468138 10.271977
v 8.500062 12.716231 10.269758
v 8.500030 12.649418 10.130934
v 8.064968 12.716231 10.423558
v 7.976264 12.649418 10.316451
v 7.838540 12.716231 10.845980
v 7.694687 12.649418 10.845980
v 9.161459 12.716231 10.845980
v 9.305311 12.649418 10.845980
v 8.935022 12.716231 10.423428
v 9.023749 12.649418 10.316336
v 7.904057 11.912027 11.382829
v 9.095942 11.912027 11.382829
v 7.635101 12.468138 11.382829
v 9.364897 12.468138 11.382829
v 7.838540 12.716231 11.382829
v 7.694687 12.649418 11.382829
v 9.161459 12.716231 11.382829
v 9.305311 12.649418 11.382829
v 9.791430 11.912027 11.750010
v 9.654550 11.912027 11.363811
v 9.259118 11.912027 11.154057
v 9.259118 11.912027 12.345942
v 9.654625 11.912027 12.136203
v 10.176568 12.468138 11.750016
v 9.977915 12.468138 11.189521
v 9.404020 12.468138 10.885101
v 9.404020 12.468138 12.614897
v 9.978023 12.468138 12.310501
v 8.132829 12.195559 12.406573
v 8.132829 12.195559 11.093429
v 9.980242 12.716231 11.750062
v 7.126229 12.200335 11.749988
v 10.119066 12.649418 11.750030
v 7.715704 12.197487 12.407695
v 9.826442 12.716231 11.314968
v 9.933549 12.649418 11.226264
v 7.715705 12.197487 11.092306
v 7.277816 12.199901 12.177001
v 9.404020 12.716231 11.088540
v 9.404020 12.649418 10.944687
v 9.404020 12.716231 12.411459
v 7.277733 12.199903 11.322984
v 9.404020 12.649418 12.555311
v 7.843428 12.195559 11.382829
v 9.156572 12.195559 11.382829
v 8.500012 12.200335 10.376228
v 9.826572 12.716231 12.185022
v 7.842306 12.197487 10.965704
v 9.933663 12.649418 12.273749
v 9.157694 12.197487 10.965705
v 8.867171 11.912027 11.154057
v 8.867171 11.912027 12.345942
v 8.867171 12.468138 10.885101
v 8.867171 12.468138 12.614897
v 8.867171 12.716231 11.088540
v 8.073000 12.199901 10.527816
v 8.867171 12.649418 10.944687
v 8.867171 12.716231 12.411459
v 8.867171 12.649418 12.555311
v 8.927016 12.199903 10.527733
v 8.072984 12.199903 12.972267
v 8.927001 12.199901 12.972184
v 7.842308 12.197487 12.534296
v 9.157695 12.197487 12.534296
v 8.499988 12.200335 13.123772
v 7.843429 12.195559 12.117171
v 9.156573 12.195559 12.117171
v 9.722266 12.199903 12.177016
v 9.722184 12.199901 11.323000
v 9.284295 12.197487 12.407693
v 9.284296 12.197487 11.092305
v 9.873772 12.200335 11.750012
v 8.867171 12.195559 12.406572
v 8.867171 12.195559 11.093427
v 2.999990 11.912027 13.041430
v 3.386189 11.912027 12.904550
v 3.595943 11.912027 12.509118
v 2.404058 11.912027 12.509118
v 2.613797 11.912027 12.904625
v 2.999984 12.468138 13.426568
v 3.560479 12.468138 13.227914
v 3.864899 12.468138 12.654020
v 2.135103 12.468138 12.654020
v 2.439499 12.468138 13.228023
v 2.999938 12.716231 13.230242
v 2.999970 12.649418 13.369066
v 3.435032 12.716231 13.076442
v 3.523737 12.649418 13.183549
v 3.661460 12.716231 12.654020
v 3.805313 12.649418 12.654020
v 2.338542 12.716231 12.654020
v 2.194689 12.649418 12.654020
v 2.564979 12.716231 13.076572
v 2.476251 12.649418 13.183664
v 3.595943 11.912027 12.117171
v 2.404058 11.912027 12.117171
v 3.864899 12.468138 12.117171
v 2.135103 12.468138 12.117171
v 3.661460 12.716231 12.117171
v 3.805313 12.649418 12.117171
v 2.338542 12.716231 12.117171
v 2.194689 12.649418 12.117171
v 1.708571 11.912027 11.749990
v 1.845450 11.912027 12.136189
v 2.240882 11.912027 12.345943
v 2.240882 11.912027 11.154058
v 1.845376 11.912027 11.363797
v 1.323431 12.468138 11.749984
v 1.522086 12.468138 12.310479
v 2.095980 12.468138 12.614899
v 2.095980 12.468138 10.885103
v 1.521977 12.468138 11.189499
v 1.519758 12.716231 11.749938
v 1.380934 12.649418 11.749970
v 1.673558 12.716231 12.185032
v 1.566451 12.649418 12.273736
v 2.095980 12.716231 12.411460
v 2.095980 12.649418 12.555313
v 2.095980 12.716231 11.088541
v 2.095980 12.649418 10.944689
v 1.673428 12.716231 11.314978
v 1.566336 12.649418 11.226251
v 2.632829 11.912027 12.345943
v 2.632829 11.912027 11.154058
v 2.632829 12.468138 12.614899
v 2.632829 12.468138 10.885103
v 2.632829 12.716231 12.411460
v 2.632829 12.649418 12.555313
v 2.632829 12.716231 11.088541
v 2.632829 12.649418 10.944689
v 3.000010 11.912027 10.458570
v 2.613811 11.912027 10.595450
v 2.404057 11.912027 10.990882
v 3.595942 11.912027 10.990882
v 3.386203 11.912027 10.595375
v 3.000016 12.468138 10.073432
v 2.439521 12.468138 10.272086
v 2.135101 12.468138 10.845980
v 3.864897 12.468138 10.845980
v 3.560501 12.468138 10.271977
v 3.000062 12.716231 10.269758
v 3.000030 12.649418 10.130934
v 2.564968 12.716231 10.423558
v 2.476264 12.649418 10.316451
v 2.338540 12.716231 10.845980
v 2.194687 12.649418 10.845980
v 3.661459 12.716231 10.845980
v 3.805311 12.649418 10.845980
v 3.435022 12.716231 10.423428
v 3.523749 12.649418 10.316336
v 2.404057 11.912027 11.382829
v 3.595942 11.912027 11.382829
v 2.135101 12.468138 11.382829
v 3.864897 12.468138 11.382829
v 2.338540 12.716231 11.382829
v 2.194687 12.649418 11.382829
v 3.661459 12.716231 11.382829
v 3.805311 12.649418 11.382829
v 4.291430 11.912027 11.750010
v 4.154550 11.912027 11.363811
v 3.759118 11.912027 11.154057
v 3.759118 11.912027 12.345942
v 4.154625 11.912027 12.136203
v 4.676568 12.468138 11.750016
v 4.477915 12.468138 11.189521
v 3.904020 12.468138 10.885101
v 3.904020 12.468138 12.614897
v 4.478023 12.468138 12.310501
v 2.632829 12.195559 12.406573
v 2.632829 12.195559 11.093429
v 4.480242 12.716231 11.750062
v 1.626229 12.200335 11.749988
v 4.619066 12.649418 11.750030
v 2.215704 12.197487 12.407695
v 4.326442 12.716231 11.314968
v 4.433549 12.649418 11.226264
v 2.215705 12.197487 11.092306
v 1.777816 12.199901 12.177001
v 3.904020 12.716231 11.088540
v 3.904020 12.649418 10.944687
v 3.904020 12.716231 12.411459
v 1.777733 12.199903 11.322984
v 3.904020 12.649418 12.555311
v 2.343428 12.195559 11.382829
v 3.656572 12.195559 11.382829
v 3.000012 12.200335 10.376228
v 4.326572 12.716231 12.185022
v 2.342306 12.197487 10.965704
v 4.433663 12.649418 12.273749
v 3.657694 12.197487 10.965705
v 3.367171 11.912027 11.154057
v 3.367171 11.912027 12.345942
v 3.367171 12.468138 10.885101
v 3.367171 12.468138 12.614897
v 3.367171 12.716231 11.088540
v 2.573000 12.199901 10.527816
v 3.367171 12.649418 10.944687
v 3.367171 12.716231 12.411459
v 3.367171 12.649418 12.555311
v 3.427016 12.199903 10.527733
v 2.572984 12.199903 12.972267
v 3.427001 12.199901 12.972184
v 2.342308 12.197487 12.534296
v 3.657695 12.197487 12.534296
v 2.999988 12.200335 13.123772
v 2.343429 12.195559 12.117171
v 3.656573 12.195559 12.117171
v 4.222266 12.199903 12.177016
v 4.222184 12.199901 11.323000
v 3.784295 12.197487 12.407693
v 3.784296 12.197487 11.092305
v 4.373772 12.200335 11.750012
v 3.367171 12.195559 12.406572
v 3.367171 12.195559 11.093427
v -2.500010 11.912027 13.041430
v -2.113811 11.912027 12.904550
v -1.904057 11.912027 12.509118
v -3.095942 11.912027 12.509118
v -2.886203 11.912027 12.904625
v -2.500016 12.468138 13.426568
v -1.939521 12.468138 13.227914
v -1.635101 12.468138 12.654020
v -3.364897 12.468138 12.654020
v -3.060501 12.468138 13.228023
v -2.500062 12.716231 13.230242
v -2.500030 12.649418 13.369066
v -2.064968 12.716231 13.076442
v -1.976263 12.649418 13.183549
v -1.838540 12.716231 12.654020
v -1.694687 12.649418 12.654020
v -3.161458 12.716231 12.654020
v -3.305311 12.649418 12.654020
v -2.935021 12.716231 13.076572
v -3.023749 12.649418 13.183664
v -1.904057 11.912027 12.117171
v -3.095942 11.912027 12.117171
v -1.635101 12.468138 12.117171
v -3.364897 12.468138 12.117171
v -1.838540 12.716231 12.117171
v -1.694687 12.649418 12.117171
v -3.161458 12.716231 12.117171
v -3.305311 12.649418 12.117171
v -3.791429 11.912027 11.749990
v -3.654550 11.912027 12.136189
v -3.259118 11.912027 12.345943
v -3.259118 11.912027 11.154058
v -3.654624 11.912027 11.363797
v -4.176569 12.468138 11.749984
v -3.977914 12.468138 12.310479
v -3.404020 12.468138 12.614899
v -3.404020 12.468138 10.885103
v -3.978023 12.468138 11.189499
v -3.980242 12.716231 11.749938
v -4.119066 12.649418 11.749970
v -3.826442 12.716231 12.185032
v -3.933549 12.649418 12.273736
v -3.404020 12.716231 12.411460
v -3.404020 12.649418 12.555313
v -3.404020 12.716231 11.088541
v -3.404020 12.649418 10.944689
v -3.826572 12.716231 11.314978
v -3.933664 12.649418 11.226251
v -2.867171 11.912027 12.345943
v -2.867171 11.912027 11.154058
v -2.867171 12.468138 12.614899
v -2.867171 12.468138 10.885103
v -2.867171 12.716231 12.411460
v -2.867171 12.649418 12.555313
v -2.867171 12.716231 11.088541
v -2.867171 12.649418 10.944689
v -2.499990 11.912027 10.458570
v -2.886189 11.912027 10.595450
v -3.095943 11.912027 10.990882
v -1.904058 11.912027 10.990882
v -2.113797 11.912027 10.595375
v -2.499984 12.468138 10.073432
v -3.060479 12.468138 10.272086
v -3.364899 12.468138 10.845980
v -1.635103 12.468138 10.845980
v -1.939499 12.468138 10.271977
v -2.499938 12.716231 10.269758
v -2.499970 12.649418 10.130934
v -2.935032 12.716231 10.423558
v -3.023736 12.649418 10.316451
v -3.161460 12.716231 10.845980
v -3.305313 12.649418 10.845980
v -1.838541 12.716231 10.845980
v -1.694689 12.649418 10.845980
v -2.064978 12.716231 10.423428
v -1.976251 12.649418 10.316336
v -3.095943 11.912027 11.382829
v -1.904058 11.912027 11.382829
v -3.364899 12.468138 11.382829
v -1.635103 12.468138 11.382829
v -3.161460 12.716231 11.382829
v -3.305313 12.649418 11.382829
v -1.838541 12.716231 11.382829
v -1.694689 12.649418 11.382829
v -1.208570 11.912027 11.750010
v -1.345450 11.912027 11.363811
v -1.740882 11.912027 11.154057
v -1.740882 11.912027 12.345942
v -1.345375 11.912027 12.136203
v -0.823432 12.468138 11.750016
v -1.022085 12.468138 11.189521
v -1.595980 12.468138 10.885101
v -1.595980 12.468138 12.614897
v -1.021977 12.468138 12.310501
v -2.867171 12.195559 12.406573
v -2.867171 12.195559 11.093429
v -1.019758 12.716231 11.750062
v -3.873771 12.200335 11.749988
v -0.880934 12.649418 11.750030
v -3.284296 12.197487 12.407695
v -1.173558 12.716231 11.314968
v -1.066451 12.649418 11.226264
v -3.284295 12.197487 11.092306
v -3.722184 12.199901 12.177001
v -1.595980 12.716231 11.088540
v -1.595980 12.649418 10.944687
v -1.595980 12.716231 12.411459
v -3.722267 12.199903 11.322984
v -1.595980 12.649418 12.555311
v -3.156572 12.195559 11.382829
v -1.843428 12.195559 11.382829
v -2.499988 12.200335 10.376228
v -1.173428 12.716231 12.185022
v -3.157694 12.197487 10.965704
v -1.066337 12.649418 12.273749
v -1.842306 12.197487 10.965705
v -2.132829 11.912027 11.154057
v -2.132829 11.912027 12.345942
v -2.132829 12.468138 10.885101
v -2.132829 12.468138 12.614897
v -2.132829 12.716231 11.088540
v -2.927000 12.199901 10.527816
v -2.132829 12.649418 10.944687
v -2.132829 12.716231 12.411459
v -2.132829 12.649418 12.555311
v -2.072984 12.199903 10.527733
v -2.927016 12.199903 12.972267
v -2.072999 12.199901 12.972184
v -3.157692 12.197487 12.534296
v -1.842305 12.197487 12.534296
v -2.500012 12.200335 13.123772
v -3.156571 12.195559 12.117171
v -1.843427 12.195559 12.117171
v -1.277734 12.199903 12.177016
v -1.277816 12.199901 11.323000
v -1.715705 12.197487 12.407693
v -1.715704 12.197487 11.092305
v -1.126228 12.200335 11.750012
v -2.132829 12.195559 12.406572
v -2.132829 12.195559 11.093427
v 8.499990 11.912027 8.791430
v 8.886189 11.912027 8.654550
v 9.095943 11.912027 8.259118
v 7.904058 11.912027 8.259118
v 8.113797 11.912027 8.654625
v 8.499984 12.468138 9.176568
v 9.060479 12.468138 8.977914
v 9.364899 12.468138 8.404020
v 7.635103 12.468138 8.404020
v 7.939499 12.468138 8.978023
v 8.499938 12.716231 8.980242
v 8.499970 12.649418 9.119066
v 8.935032 12.716231 8.826442
v 9.023737 12.649418 8.933549
v 9.161460 12.716231 8.404020
v 9.305313 12.649418 8.404020
v 7.838542 12.716231 8.404020
v 7.694689 12.649418 8.404020
v 8.064979 12.716231 8.826572
v 7.976251 12.649418 8.933664
v 9.095943 11.912027 7.867171
v 7.904058 11.912027 7.867171
v 9.364899 12.468138 7.867171
v 7.635103 12.468138 7.867171
v 9.161460 12.716231 7.867171
v 9.305313 12.649418 7.867171
v 7.838542 12.716231 7.867171
v 7.694689 12.649418 7.867171
v 7.208571 11.912027 7.499990
v 7.345450 11.912027 7.886189
v 7.740882 11.912027 8.095943
v 7.740882 11.912027 6.904058
v 7.345376 11.912027 7.113797
v 6.823431 12.468138 7.499984
v 7.022086 12.468138 8.060479
v 7.595980 12.468138 8.364899
v 7.595980 12.468138 6.635103
v 7.021977 12.468138 6.939499
v 7.019758 12.716231 7.499938
v 6.880934 12.649418 7.499970
v 7.173558 12.716231 7.935032
v 7.066451 12.649418 8.023736
v 7.595980 12.716231 8.161460
v 7.595980 12.649418 8.305313
v 7.595980 12.716231 6.838541
v 7.595980 12.649418 6.694689
v 7.173428 12.716231 7.064978
v 7.066336 12.649418 6.976251
v 8.132829 11.912027 8.095943
v 8.132829 11.912027 6.904058
v 8.132829 12.468138 8.364899
v 8.132829 12.468138 6.635103
v 8.132829 12.716231 8.161460
v 8.132829 12.649418 8.305313
v 8.132829 12.716231 6.838541
v 8.132829 12.649418 6.694689
v 8.500010 11.912027 6.208570
v 8.113811 11.912027 6.345450
v 7.904057 11.912027 6.740882
v 9.095942 11.912027 6.740882
v 8.886203 11.912027 6.345375
v 8.500016 12.468138 5.823432
v 7.939521 12.468138 6.022086
v 7.635101 12.468138 6.595980
v 9.364897 12.468138 6.595980
v 9.060501 12.468138 6.021977
v 8.500062 12.716231 6.019758
v 8.500030 12.649418 5.880934
v 8.064968 12.716231 6.173558
v 7.976264 12.649418 6.066451
v 7.838540 12.716231 6.595980
v 7.694687 12.649418 6.595980
v 9.161459 12.716231 6.595980
v 9.305311 12.649418 6.595980
v 8.935022 12.716231 6.173428
v 9.023749 12.649418 6.066336
v 7.904057 11.912027 7.132829
v 9.095942 11.912027 7.132829
v 7.635101 12.468138 7.132829
v 9.364897 12.468138 7.132829
v 7.838540 12.716231 7.132829
v 7.694687 12.649418 7.132829
v 9.161459 12.716231 7.132829
v 9.305311 12.649418 7.132829
v 9.791430 11.912027 7.500010
v 9.654550 11.912027 7.113811
v 9.259118 11.912027 6.904057
v 9.259118 11.912027 8.095942
v 9.654625 11.912027 7.886203
v 10.176568 12.468138 7.500016
v 9.977915 12.468138 6.939521
v 9.404020 12.468138 6.635101
v 9.404020 12.468138 8.364897
v 9.978023 12.468138 8.060501
v 8.132829 12.195559 8.156573
v 8.132829 12.195559 6.843429
v 9.980242 12.716231 7.500062
v 7.126229 12.200335 7.499988
v 10.119066 12.649418 7.500030
v 7.715704 12.197487 8.157695
v 9.826442 12.716231 7.064968
v 9.933549 12.649418 6.976264
v 7.715705 12.197487 6.842306
v 7.277816 12.199901 7.927001
v 9.404020 12.716231 6.838540
v 9.404020 12.649418 6.694687
v 9.404020 12.716231 8.161459
v 7.277733 12.199903 7.072984
v 9.404020 12.649418 8.305311
v 7.843428 12.195559 7.132829
v 9.156572 12.195559 7.132829
v 8.500012 12.200335 6.126228
v 9.826572 12.716231 7.935022
v 7.842306 12.197487 6.715704
v 9.933663 12.649418 8.023749
v 9.157694 12.197487 6.715705
v 8.867171 11.912027 6.904057
v 8.867171 11.912027 8.095942
v 8.867171 12.468138 6.635101
v 8.867171 12.468138 8.364897
v 8.867171 12.716231 6.838540
v 8.073000 12.199901 6.277816
v 8.867171 12.649418 6.694687
v 8.867171 12.716231 8.161459
v 8.867171 12.649418 8.305311
v 8.927016 12.199903 6.277733
v 8.072984 12.199903 8.722267
v 8.927001 12.199901 8.722184
v 7.842308 12.197487 8.284296
v 9.157695 12.197487 8.284296
v 8.499988 12.200335 8.873772
v 7.843429 12.195559 7.867171
v 9.156573 12.195559 7.867171
v 9.722266 12.199903 7.927016
v 9.722184 12.199901 7.073000
v 9.284295 12.197487 8.157693
v 9.284296 12.197487 6.842305
v 9.873772 12.200335 7.500012
v 8.867171 12.195559 8.156572
v 8.867171 12.195559 6.843427
v 2.999990 11.912027 8.791430
v 3.386189 11.912027 8.654550
v 3.595943 11.912027 8.259118
v 2.404058 11.912027 8.259118
v 2.613797 11.912027 8.654625
v 2.999984 12.468138 9.176568
v 3.560479 12.468138 8.977914
v 3.864899 12.468138 8.404020
v 2.135103 12.468138 8.404020
v 2.439499 12.468138 8.978023
v 2.999938 12.716231 8.980242
v 2.999970 12.649418 9.119066
v 3.435032 12.716231 8.826442
v 3.523737 12.649418 8.933549
v 3.661460 12.716231 8.404020
v 3.805313 12.649418 8.404020
v 2.338542 12.716231 8.404020
v 2.194689 12.649418 8.404020
v 2.564979 12.716231 8.826572
v 2.476251 12.649418 8.933664
v 3.595943 11.912027 7.867171
v 2.404058 11.912027 7.867171
v 3.864899 12.468138 7.867171
v 2.135103 12.468138 7.867171
v 3.661460 12.716231 7.867171
v 3.805313 12.649418 7.867171
v 2.338542 12.716231 7.867171
v 2.194689 12.649418 7.867171
v 1.708571 11.912027 7.499990
v 1.845450 11.912027 7.886189
v 2.240882 11.912027 8.095943
v 2.240882 11.912027 6.904058
v 1.845376 11.912027 7.113797
v 1.323431 12.468138 7.499984
v 1.522086 12.468138 8.060479
v 2.095980 12.468138 8.364899
v 2.095980 12.468138 6.635103
v 1.521977 12.468138 6.939499
v 1.519758 12.716231 7.499938
v 1.380934 12.649418 7.499970
v 1.673558 12.716231 7.935032
v 1.566451 12.649418 8.023736
v 2.095980 12.716231 8.161460
v 2.095980 12.649418 8.305313
v 2.095980 12.716231 6.838541
v 2.095980 12.649418 6.694689
v 1.673428 12.716231 7.064978
v 1.566336 12.649418 6.976251
v 2.632829 11.912027 8.095943
v 2.632829 11.912027 6.904058
v 2.632829 12.468138 8.364899
v 2.632829 12.468138 6.635103
v 2.632829 12.716231 8.161460
v 2.632829 12.649418 8.305313
v 2.632829 12.716231 6.838541
v 2.632829 12.649418 6.694689
v 3.000010 11.912027 6.208570
v 2.613811 11.912027 6.345450
v 2.404057 11.912027 6.740882
v 3.595942 11.912027 6.740882
v 3.386203 11.912027 6.345375
v 3.000016 12.468138 5.823432
v 2.439521 12.468138 6.022086
v 2.135101 12.468138 6.595980
v 3.864897 12.468138 6.595980
v 3.560501 12.468138 6.021977
v 3.000062 12.716231 6.019758
v 3.000030 12.649418 5.880934
v 2.564968 12.716231 6.173558
v 2.476264 12.649418 6.066451
v 2.338540 12.716231 6.595980
v 2.194687 12.649418 6.595980
v 3.661459 12.716231 6.595980
v 3.805311 12.649418 6.595980
v 3.435022 12.716231 6.173428
v 3.523749 12.649418 6.066336
v 2.404057 11.912027 7.132829
v 3.595942 11.912027 7.132829
v 2.135101 12.468138 7.132829
v 3.864897 12.468138 7.132829
v 2.338540 12.716231 7.132829
v 2.194687 12.649418 7.132829
v 3.661459 12.716231 7.132829
v 3.805311 12.649418 7.132829
v 4.291430 11.912027 7.500010
v 4.154550 11.912027 7.113811
v 3.759118 11.912027 6.904057
v 3.759118 11.912027 8.095942
v 4.154625 11.912027 7.886203
v 4.676568 12.468138 7.500016
v 4.477915 12.468138 6.939521
v 3.904020 12.468138 6.635101
v 3.904020 12.468138 8.364897
v 4.478023 12.468138 8.060501
v 2.632829 12.195559 8.156573
v 2.632829 12.195559 6.843429
v 4.480242 12.716231 7.500062
v 1.626229 12.200335 7.499988
v 4.619066 12.649418 7.500030
v 2.215704 12.197487 8.157695
v 4.326442 12.716231 7.064968
v 4.433549 12.649418 6.976264
v 2.215705 12.197487 6.842306
v 1.777816 12.199901 7.927001
v 3.904020 12.716231 6.838540
v 3.904020 12.649418 6.694687
v 3.904020 12.716231 8.161459
v 1.777733 12.199903 7.072984
v 3.904020 12.649418 8.305311
v 2.343428 12.195559 7.132829
v 3.656572 12.195559 7.132829
v 3.000012 12.200335 6.126228
v 4.326572 12.716231 7.935022
v 2.342306 12.197487 6.715704
v 4.433663 12.649418 8.023749
v 3.657694 12.197487 6.715705
v 3.367171 11.912027 6.904057
v 3.367171 11.912027 8.095942
v 3.367171 12.468138 6.635101
v 3.367171 12.468138 8.364897
v 3.367171 12.716231 6.838540
v 2.573000 12.199901 6.277816
v 3.367171 12.649418 6.694687
v 3.367171 12.716231 8.161459
v 3.367171 12.649418 8.305311
v 3.427016 12.199903 6.277733
v 2.572984 12.199903 8.722267
v 3.427001 12.199901 8.722184
v 2.342308 12.197487 8.284296
v 3.657695 12.197487 8.284296
v 2.999988 12.200335 8.873772
v 2.343429 12.195559 7.867171
v 3.656573 12.195559 7.867171
v 4.222266 12.199903 7.927016
v 4.222184 12.199901 7.073000
v 3.784295 12.197487 8.157693
v 3.784296 12.197487 6.842305
v 4.373772 12.200335 7.500012
v 3.367171 12.195559 8.156572
v 3.367171 12.195559 6.843427
v -2.500010 11.912027 8.791430
v -2.113811 11.912027 8.654550
v -1.904057 11.912027 8.259118
v -3.095942 11.912027 8.259118
v -2.886203 11.912027 8.654625
v -2.500016 12.468138 9.176568
v -1.939521 12.468138 8.977914
v -1.635101 12.468138 8.404020
v -3.364897 12.468138 8.404020
v -3.060501 12.468138 8.978023
v -2.500062 12.716231 8.980242
v -2.500030 12.649418 9.119066
v -2.064968 12.716231 8.826442
v -1.976263 12.649418 8.933549
v -1.838540 12.716231 8.404020
v -1.694687 12.649418 8.404020
v -3.161458 12.716231 8.404020
v -3.305311 12.649418 8.404020
v -2.935021 12.716231 8.826572
v -3.023749 12.649418 8.933664
v -1.904057 11.912027 7.867171
v -3.095942 11.912027 7.867171
v -1.635101 12.468138 7.867171
v -3.364897 12.468138 7.867171
v -1.838540 12.716231 7.867171
v -1.694687 12.649418 7.867171
v -3.161458 12.716231 7.867171
v -3.305311 12.649418 7.867171
v -3.791429 11.912027 7.499990
v -3.654550 11.912027 7.886189
v -3.259118 11.912027 8.095943
v -3.259118 11.912027 6.904058
v -3.654624 11.912027 7.113797
v -4.176569 12.468138 7.499984
v -3.977914 12.468138 8.060479
v -3.404020 12.468138 8.364899
v -3.404020 12.468138 6.635103
v -3.978023 12.468138 6.939499
v -3.980242 12.716231 7.499938
v -4.119066 12.649418 7.499970
v -3.826442 12.716231 7.935032
v -3.933549 12.649418 8.023736
v -3.404020 12.716231 8.161460
v -3.404020 12.649418 8.305313
v -3.404020 12.716231 6.838541
v -3.404020 12.649418 6.694689
v -3.826572 12.716231 7.064978
v -3.933664 12.649418 6.976251
v -2.867171 11.912027 8.095943
v -2.867171 11.912027 6.904058
v -2.867171 12.468138 8.364899
v -2.867171 12.468138 6.635103
v -2.867171 12.716231 8.161460
v -2.867171 12.649418 8.305313
v -2.867171 12.716231 6.838541
v -2.867171 12.649418 6.694689
v -2.499990 11.912027 6.208570
v -2.886189 11.912027 6.345450
v -3.095943 11.912027 6.740882
v -1.904058 11.912027 6.740882
v -2.113797 11.912027 6.345375
v -2.499984 12.468138 5.823432
v -3.060479 12.468138 6.022086
v -3.364899 12.468138 6.595980
v -1.635103 12.468138 6.595980
v -1.939499 12.468138 6.021977
v -2.499938 12.716231 6.019758
v -2.499970 12.649418 5.880934
v -2.935032 12.716231 6.173558
v -3.023736 12.649418 6.066451
v -3.161460 12.716231 6.595980
v -3.305313 12.649418 6.595980
v -1.838541 12.716231 6.595980
v -1.694689 12.649418 6.595980
v -2.064978 12.716231 6.173428
v -1.976251 12.649418 6.066336
v -3.095943 11.912027 7.132829
v -1.904058 11.912027 7.132829
v -3.364899 12.468138 7.132829
v -1.635103 12.468138 7.132829
v -3.161460 12.716231 7.132829
v -3.305313 12.649418 7.132829
v -1.838541 12.716231 7.132829
v -1.694689 12.649418 7.132829
v -1.208570 11.912027 7.500010
v -1.345450 11.912027 7.113811
v -1.740882 11.912027 6.904057
v -1.740882 11.912027 8.095942
v -1.345375 11.912027 7.886203
v -0.823432 12.468138 7.500016
v -1.022085 12.468138 6.939521
v -1.595980 12.468138 6.635101
v -1.595980 12.468138 8.364897
v -1.021977 12.468138 8.060501
v -2.867171 12.195559 8.156573
v -2.867171 12.195559 6.843429
v -1.019758 12.716231 7.500062
v -3.873771 12.200335 7.499988
v -0.880934 12.649418 7.500030
v -3.284296 12.197487 8.157695
v -1.173558 12.716231 7.064968
v -1.066451 12.649418 6.976264
v -3.284295 12.197487 6.842306
v -3.722184 12.199901 7.927001
v -1.595980 12.716231 6.838540
v -1.595980 12.649418 6.694687
v -1.595980 12.716231 8.161459
v -3.722267 12.199903 7.072984
v -1.595980 12.649418 8.305311
v -3.156572 12.195559 7.132829
v -1.843428 12.195559 7.132829
v -2.499988 12.200335 6.126228
v -1.173428 12.716231 7.935022
v -3.157694 12.197487 6.715704
v -1.066337 12.649418 8.023749
v -1.842306 12.197487 6.715705
v -2.132829 11.912027 6.904057
v -2.132829 11.912027 8.095942
v -2.132829 12.468138 6.635101
v -2.132829 12.468138 8.364897
v -2.132829 12.716231 6.838540
v -2.927000 12.199901 6.277816
v -2.132829 12.649418 6.694687
v -2.132829 12.716231 8.161459
v -2.132829 12.649418 8.305311
v -2.072984 12.199903 6.277733
v -2.927016 12.199903 8.722267
v -2.072999 12.199901 8.722184
v -3.157692 12.197487 8.284296
v -1.842305 12.197487 8.284296
v -2.500012 12.200335 8.873772
v -3.156571 12.195559 7.867171
v -1.843427 12.195559 7.867171
v -1.277734 12.199903 7.927016
v -1.277816 12.199901 7.073000
v -1.715705 12.197487 8.157693
v -1.715704 12.197487 6.842305
v -1.126228 12.200335 7.500012
v -2.132829 12.195559 8.156572
v -2.132829 12.195559 6.843427
v 8.499990 11.912027 4.541430
v 8.886189 11.912027 4.404550
v 9.095943 11.912027 4.009118
v 7.904058 11.912027 4.009118
v 8.113797 11.912027 4.404625
v 8.499984 12.468138 4.926568
v 9.060479 12.468138 4.727914
v 9.364899 12.468138 4.154020
v 7.635103 12.468138 4.154020
v 7.939499 12.468138 4.728023
v 8.499938 12.716231 4.730242
v 8.499970 12.649418 4.869066
v 8.935032 12.716231 4.576442
v 9.023737 12.649418 4.683549
v 9.161460 12.716231 4.154020
v 9.305313 12.649418 4.154020
v 7.838542 12.716231 4.154020
v 7.694689 12.649418 4.154020
v 8.064979 12.716231 4.576572
v 7.976251 12.649418 4.683664
v 9.095943 11.912027 3.617171
v 7.904058 11.912027 3.617171
v 9.364899 12.468138 3.617171
v 7.635103 12.468138 3.617171
v 9.161460 12.716231 3.617171
v 9.305313 12.649418 3.617171
v 7.838542 12.716231 3.617171
v 7.694689 12.649418 3.617171
v 7.208571 11.912027 3.249990
v 7.345450 11.912027 3.636189
v 7.740882 11.912027 3.845943
v 7.740882 11.912027 2.654058
v 7.345376 11.912027 2.863797
v 6.823431 12.468138 3.249984
v 7.022086 12.468138 3.810479
v 7.595980 12.468138 4.114899
v 7.595980 12.468138 2.385103
v 7.021977 12.468138 2.689499
v 7.019758 12.716231 3.249938
v 6.880934 12.649418 3.249970
v 7.173558 12.716231 3.685032
v 7.066451 12.649418 3.773736
v 7.595980 12.716231 3.911460
v 7.595980 12.649418 4.055313
v 7.595980 12.716231 2.588541
v 7.595980 12.649418 2.444689
v 7.173428 12.716231 2.814978
v 7.066336 12.649418 2.726251
v 8.132829 11.912027 3.845943
v 8.132829 11.912027 2.654058
v 8.132829 12.468138 4.114899
v 8.132829 12.468138 2.385103
v 8.132829 12.716231 3.911460
v 8.132829 12.649418 4.055313
v 8.132829 12.716231 2.588541
v 8.132829 12.649418 2.444689
v 8.500010 11.912027 1.958570
v 8.113811 11.912027 2.095450
v 7.904057 11.912027 2.490882
v 9.095942 11.912027 2.490882
v 8.886203 11.912027 2.095375
v 8.500016 12.468138 1.573432
v 7.939521 12.468138 1.772086
v 7.635101 12.468138 2.345980
v 9.364897 12.468138 2.345980
v 9.060501 12.468138 1.771977
v 8.500062 12.716231 1.769758
v 8.500030 12.649418 1.630934
v 8.064968 12.716231 1.923558
v 7.976264 12.649418 1.816451
v 7.838540 12.716231 2.345980
v 7.694687 12.649418 2.345980
v 9.161459 12.716231 2.345980
v 9.305311 12.649418 2.345980
v 8.935022 12.716231 1.923428
v 9.023749 12.649418 1.816336
v 7.904057 11.912027 2.882829
v 9.095942 11.912027 2.882829
v 7.635101 12.468138 2.882829
v 9.364897 12.468138 2.882829
v 7.838540 12.716231 2.882829
v 7.694687 12.649418 2.882829
v 9.161459 12.716231 2.882829
v 9.305311 12.649418 2.882829
v 9.791430 11.912027 3.250010
v 9.654550 11.912027 2.863811
v 9.259118 11.912027 2.654057
v 9.259118 11.912027 3.845942
v 9.654625 11.912027 3.636203
v 10.176568 12.468138 3.250016
v 9.977915 12.468138 2.689521
v 9.404020 12.468138 2.385101
v 9.404020 12.468138 4.114897
v 9.978023 12.468138 3.810501
v 8.132829 12.195559 3.906573
v 8.132829 12.195559 2.593429
v 9.980242 12.716231 3.250062
v 7.126229 12.200335 3.249988
v 10.119066 12.649418 3.250030
v 7.715704 12.197487 3.907695
v 9.826442 12.716231 2.814968
v 9.933549 12.649418 2.726264
v 7.715705 12.197487 2.592306
v 7.277816 12.199901 3.677001
v 9.404020 12.716231 2.588540
v 9.404020 12.649418 2.444687
v 9.404020 12.716231 3.911459
v 7.277733 12.199903 2.822984
v 9.404020 12.649418 4.055311
v 7.843428 12.195559 2.882829
v 9.156572 12.195559 2.882829
v 8.500012 12.200335 1.876228
v 9.826572 12.716231 3.685022
v 7.842306 12.197487 2.465704
v 9.933663 12.649418 3.773749
v 9.157694 12.197487 2.465705
v 8.867171 11.912027 2.654057
v 8.867171 11.912027 3.845942
v 8.867171 12.468138 2.385101
v 8.867171 12.468138 4.114897
v 8.867171 12.716231 2.588540
v 8.073000 12.199901 2.027816
v 8.867171 12.649418 2.444687
v 8.867171 12.716231 3.911459
v 8.867171 12.649418 4.055311
v 8.927016 12.199903 2.027733
v 8.072984 12.199903 4.472267
v 8.927001 12.199901 4.472184
v 7.842308 12.197487 4.034296
v 9.157695 12.197487 4.034296
v 8.499988 12.200335 4.623772
v 7.843429 12.195559 3.617171
v 9.156573 12.195559 3.617171
v 9.722266 12.199903 3.677016
v 9.722184 12.199901 2.823000
v 9.284295 12.197487 3.907693
v 9.284296 12.197487 2.592305
v 9.873772 12.200335 3.250012
v 8.867171 12.195559 3.906572
v 8.867171 12.195559 2.593427
v 2.999990 11.912027 4.541430
v 3.386189 11.912027 4.404550
v 3.595943 11.912027 4.009118
v 2.404058 11.912027 4.009118
v 2.613797 11.912027 4.404625
v 2.999984 12.468138 4.926568
v 3.560479 12.468138 4.727914
v 3.864899 12.468138 4.154020
v 2.135103 12.468138 4.154020
v 2.439499 12.468138 4.728023
v 2.999938 12.716231 4.730242
v 2.999970 12.649418 4.869066
v 3.435032 12.716231 4.576442
v 3.523737 12.649418 4.683549
v 3.661460 12.716231 4.154020
v 3.805313 12.649418 4.154020
v 2.338542 12.716231 4.154020
v 2.194689 12.649418 4.154020
v 2.564979 12.716231 4.576572
v 2.476251 12.649418 4.683664
v 3.595943 11.912027 3.617171
v 2.404058 11.912027 3.617171
v 3.864899 12.468138 3.617171
v 2.135103 12.468138 3.617171
v 3.661460 12.716231 3.617171
v 3.805313 12.649418 3.617171
v 2.338542 12.716231 3.617171
v 2.194689 12.649418 3.617171
v 1.708571 11.912027 3.249990
v 1.845450 11.912027 3.636189
v 2.240882 11.912027 3.845943
v 2.240882 11.912027 2.654058
v 1.845376 11.912027 2.863797
v 1.323431 12.468138 3.249984
v 1.522086 12.468138 3.810479
v 2.095980 12.468138 4.114899
v 2.095980 12.468138 2.385103
v 1.521977 12.468138 2.689499
v 1.519758 12.716231 3.249938
v 1.380934 12.649418 3.249970
v 1.673558 12.716231 3.685032
v 1.566451 12.649418 3.773736
v 2.095980 12.716231 3.911460
v 2.095980 12.649418 4.055313
v 2.095980 12.716231 2.588541
v 2.095980 12.649418 2.444689
v 1.673428 12.716231 2.814978
v 1.566336 12.649418 2.726251
v 2.632829 11.912027 3.845943
v 2.632829 11.912027 2.654058
v 2.632829 12.468138 4.114899
v 2.632829 12.468138 2.385103
v 2.632829 12.716231 3.911460
v 2.632829 12.649418 4.055313
v 2.632829 12.716231 2.588541
v 2.632829 12.649418 2.444689
v 3.000010 11.912027 1.958570
v 2.613811 11.912027 2.095450
v 2.404057 11.912027 2.490882
v 3.595942 11.912027 2.490882
v 3.386203 11.912027 2.095375
v 3.000016 12.468138 1.573432
v 2.439521 12.468138 1.772086
v 2.135101 12.468138 2.345980
v 3.864897 12.468138 2.345980
v 3.560501 12.468138 1.771977
v 3.000062 12.716231 1.769758
v 3.000030 12.649418 1.630934
v 2.564968 12.716231 1.923558
v 2.476264 12.649418 1.816451
v 2.338540 12.716231 2.345980
v 2.194687 12.649418 2.345980
v 3.661459 12.716231 2.345980
v 3.805311 12.649418 2.345980
v 3.435022 12.716231 1.923428
v 3.523749 12.649418 1.816336
v 2.404057 11.912027 2.882829
v 3.595942 11.912027 2.882829
v 2.135101 12.468138 2.882829
v 3.864897 12.468138 2.882829
v 2.338540 12.716231 2.882829
v 2.194687 12.649418 2.882829
v 3.661459 12.716231 2.882829
v 3.805311 12.649418 2.882829
v 4.291430 11.912027 3.250010
v 4.154550 11.912027 2.863811
v 3.759118 11.912027 2.654057
v 3.759118 11.912027 3.845942
v 4.154625 11.912027 3.636203
v 4.676568 12.468138 3.250016
v 4.477915 12.468138 2.689521
v 3.904020 12.468138 2.385101
v 3.904020 12.468138 4.114897
v 4.478023 12.468138 3.810501
v 2.632829 12.195559 3.906573
v 2.632829 12.195559 2.593429
v 4.480242 12.716231 3.250062
v 1.626229 12.200335 3.249988
v 4.619066 12.649418 3.250030
v 2.215704 12.197487 3.907695
v 4.326442 12.716231 2.814968
v 4.433549 12.649418 2.726264
v 2.215705 12.197487 2.592306
v 1.777816 12.199901 3.677001
v 3.904020 12.716231 2.588540
v 3.904020 12.649418 2.444687
v 3.904020 12.716231 3.911459
v 1.777733 12.199903 2.822984
v 3.904020 12.649418 4.055311
v 2.343428 12.195559 2.882829
v 3.656572 12.195559 2.882829
v 3.000012 12.200335 1.876228
v 4.326572 12.716231 3.685022
v 2.342306 12.197487 2.465704
v 4.433663 12.649418 3.773749
v 3.657694 12.197487 2.465705
v 3.367171 11.912027 2.654057
v 3.367171 11.912027 3.845942
v 3.367171 12.468138 2.385101
v 3.367171 12.468138 4.114897
v 3.367171 12.716231 2.588540
v 2.573000 12.199901 2.027816
v 3.367171 12.649418 2.444687
v 3.367171 12.716231 3.911459
v 3.367171 12.649418 4.055311
v 3.427016 12.199903 2.027733
v 2.572984 12.199903 4.472267
v 3.427001 12.199901 4.472184
v 2.342308 12.197487 4.034296
v 3.657695 12.197487 4.034296
v 2.999988 12.200335 4.623772
v 2.343429 12.195559 3.617171
v 3.656573 12.195559 3.617171
v 4.222266 12.199903 3.677016
v 4.222184 12.199901 2.823000
v 3.784295 12.197487 3.907693
v 3.784296 12.197487 2.592305
v 4.373772 12.200335 3.250012
v 3.367171 12.195559 3.906572
v 3.367171 12.195559 2.593427
v -2.500010 11.912027 4.541430
v -2.113811 11.912027 4.404550
v -1.904057 11.912027 4.009118
v -3.095942 11.912027 4.009118
v -2.886203 11.912027 4.404625
v -2.500016 12.468138 4.926568
v -1.939521 12.468138 4.727914
v -1.635101 12.468138 4.154020
v -3.364897 12.468138 4.154020
v -3.060501 12.468138 4.728023
v -2.500062 12.716231 4.730242
v -2.500030 12.649418 4.869066
v -2.064968 12.716231 4.576442
v -1.976263 12.649418 4.683549
v -1.838540 12.716231 4.154020
v -1.694687 12.649418 4.154020
v -3.161458 12.716231 4.154020
v -3.305311 12.649418 4.154020
v -2.935021 12.716231 4.576572
v -3.023749 12.649418 4.683664
v -1.904057 11.912027 3.617171
v -3.095942 11.912027 3.617171
v -1.635101 12.468138 3.617171
v -3.364897 12.468138 3.617171
v -1.838540 12.716231 3.617171
v -1.694687 12.649418 3.617171
v -3.161458 12.716231 3.617171
v -3.305311 12.649418 3.617171
v -3.791429 11.912027 3.249990
v -3.654550 11.912027 3.636189
v -3.259118 11.912027 3.845943
v -3.259118 11.912027 2.654058
v -3.654624 11.912027 2.863797
v -4.176569 12.468138 3.249984
v -3.977914 12.468138 3.810479
v -3.404020 12.468138 4.114899
v -3.404020 12.468138 2.385103
v -3.978023 12.468138 2.689499
v -3.980242 12.716231 3.249938
v -4.119066 12.649418 3.249970
v -3.826442 12.716231 3.685032
v -3.933549 12.649418 3.773736
v -3.404020 12.716231 3.911460
v -3.404020 12.649418 4.055313
v -3.404020 12.716231 2.588541
v -3.404020 12.649418 2.444689
v -3.826572 12.716231 2.814978
v -3.933664 12.649418 2.726251
v -2.867171 11.912027 3.845943
v -2.867171 11.912027 2.654058
v -2.867171 12.468138 4.114899
v -2.867171 12.468138 2.385103
v -2.867171 12.716231 3.911460
v -2.867171 12.649418 4.055313
v -2.867171 12.716231 2.588541
v -2.867171 12.649418 2.444689
v -2.499990 11.912027 1.958570
v -2.886189 11.912027 2.095450
v -3.095943 11.912027 2.490882
v -1.904058 11.912027 2.490882
v -2.113797 11.912027 2.095375
v -2.499984 12.468138 1.573432
v -3.060479 12.468138 1.772086
v -3.364899 12.468138 2.345980
v -1.635103 12.468138 2.345980
v -1.939499 12.468138 1.771977
v -2.499938 12.716231 1.769758
v -2.499970 12.649418 1.630934
v -2.935032 12.716231 1.923558
v -3.023736 12.649418 1.816451
v -3.161460 12.716231 2.345980
v -3.305313 12.649418 2.345980
v -1.838541 12.716231 2.345980
v -1.694689 12.649418 2.345980
v -2.064978 12.716231 1.923428
v -1.976251 12.649418 1.816336
v -3.095943 11.912027 2.882829
v -1.904058 11.912027 2.882829
v -3.364899 12.468138 2.882829
v -1.635103 12.468138 2.882829
v -3.161460 12.716231 2.882829
v -3.305313 12.649418 2.882829
v -1.838541 12.716231 2.882829
v -1.694689 12.649418 2.882829
v -1.208570 11.912027 3.250010
v -1.345450 11.912027 2.863811
v -1.740882 11.912027 2.654057
v -1.740882 11.912027 3.845942
v -1.345375 11.912027 3.636203
v -0.823432 12.468138 3.250016
v -1.022085 12.468138 2.689521
v -1.595980 12.468138 2.385101
v -1.595980 12.468138 4.114897
v -1.021977 12.468138 3.810501
v -2.867171 12.195559 3.906573
v -2.867171 12.195559 2.593429
v -1.019758 12.716231 3.250062
v -3.873771 12.200335 3.249988
v -0.880934 12.649418 3.250030
v -3.284296 12.197487 3.907695
v -1.173558 12.716231 2.814968
v -1.066451 12.649418 2.726264
v -3.284295 12.197487 2.592306
v -3.722184 12.199901 3.677001
v -1.595980 12.716231 2.588540
v -1.595980 12.649418 2.444687
v -1.595980 12.716231 3.911459
v -3.722267 12.199903 2.822984
v -1.595980 12.649418 4.055311
v -3.156572 12.195559 2.882829
v -1.843428 12.195559 2.882829
v -2.499988 12.200335 1.876228
v -1.173428 12.716231 3.685022
v -3.157694 12.197487 2.465704
v -1.066337 12.649418 3.773749
v -1.842306 12.197487 2.465705
v -2.132829 11.912027 2.654057
v -2.132829 11.912027 3.845942
v -2.132829 12.468138 2.385101
v -2.132829 12.468138 4.114897
v -2.132829 12.716231 2.588540
v -2.927000 12.199901 2.027816
v -2.132829 12.649418 2.444687
v -2.132829 12.716231 3.911459
v -2.132829 12.649418 4.055311
v -2.072984 12.199903 2.027733
v -2.927016 12.199903 4.472267
v -2.072999 12.199901 4.472184
v -3.157692 12.197487 4.034296
v -1.842305 12.197487 4.034296
v -2.500012 12.200335 4.623772
v -3.156571 12.195559 3.617171
v -1.843427 12.195559 3.617171
v -1.277734 12.199903 3.677016
v -1.277816 12.199901 2.823000
v -1.715705 12.197487 3.907693
v -1.715704 12.197487 2.592305
v -1.126228 12.200335 3.250012
v -2.132829 12.195559 3.906572
v -2.132829 12.195559 2.593427
vt 1.284456 0.409972
vt 1.284456 0.368988
vt 1.343108 0.368989
vt 1.343109 0.409972
vt 1.284456 0.442011
vt 1.343108 0.442011
vt 1.406713 0.409972
vt 1.406712 0.368988
vt 1.406712 0.442011
vt -0.073687 1.092635
vt -0.056494 1.092654
vt -0.040626 1.139895
vt -0.054240 1.150467
vt 1.225810 0.409972
vt 1.162198 0.409972
vt 1.162198 0.368988
vt 1.225810 0.368989
vt 0.636317 0.465849
vt 0.636317 0.432240
vt 0.696957 0.432240
vt 0.696957 0.465849
vt 1.462939 0.368988
vt 1.462939 0.409972
vt 0.004565 1.167841
vt 0.002038 1.186436
vt -0.054099 1.034862
vt -0.097520 1.092608
vt -0.072188 1.020496
vt 0.004736 1.017712
vt -0.040519 1.045476
vt 0.002322 0.999154
vt -0.003214 0.976570
vt -0.072367 1.164774
vt -0.003635 1.208905
vt 0.065796 0.989756
vt 0.068636 1.009645
vt 1.162198 0.442011
vt 1.105972 0.442011
vt 1.105971 0.409972
vt 0.068636 1.175888
vt 0.065909 1.195742
vt 1.105972 0.368989
vt 0.062001 0.965991
vt 0.062136 1.219833
vt 1.462939 0.442011
vt 0.095135 1.034862
vt 0.075547 1.092635
vt 0.051713 1.092608
vt 0.077046 1.020495
vt 1.341327 0.296449
vt 1.341327 0.251405
vt 1.399197 0.251405
vt 1.399197 0.296449
vt 1.234602 0.296449
vt 1.287962 0.296449
vt 1.287962 0.331662
vt 1.234602 0.331662
vt 1.287962 0.251405
vt 1.341327 0.331662
vt 1.399198 0.331662
vt 0.092740 1.092654
vt 0.108608 1.139894
vt 0.094993 1.150467
vt 1.176724 0.296449
vt 1.176723 0.251405
vt 1.234602 0.251405
vt -0.189753 1.045476
vt -0.205727 1.092654
vt -0.222920 1.092635
vt -0.203333 1.034862
vt 1.450356 0.251405
vt 1.450356 0.296449
vt 0.153799 1.167841
vt 0.151272 1.186435
vt 0.153970 1.017711
vt 0.108715 1.045476
vt 0.151556 0.999153
vt 0.146019 0.976570
vt 0.076866 1.164774
vt 0.145598 1.208904
vt 0.215030 0.989756
vt 0.217870 1.009645
vt 1.176723 0.331662
vt 1.125566 0.331662
vt 1.125566 0.296449
vt 0.217870 1.175888
vt 0.215143 1.195742
vt 1.125566 0.251405
vt 0.211235 0.965990
vt 0.211370 1.219833
vt 1.450356 0.331662
vt -0.246754 1.092608
vt -0.221422 1.020495
vt 0.695820 0.332838
vt 0.756913 0.332838
vt 0.756913 0.363594
vt 0.695820 0.363594
vt 0.818012 0.332838
vt 0.756913 0.293496
vt 0.818012 0.293496
vt 0.257949 1.045476
vt 0.241974 1.092654
vt 0.224781 1.092635
vt 0.244369 1.034862
vt 0.884269 0.332838
vt 0.884269 0.363594
vt 0.818012 0.363594
vt -0.189860 1.139894
vt -0.203474 1.150467
vt 0.629554 0.332838
vt 0.629554 0.293496
vt 0.695820 0.293496
vt 0.629554 0.363594
vt 0.884269 0.293496
vt 0.942840 0.293496
vt 0.942840 0.332838
vt -0.144668 1.167841
vt -0.147195 1.186435
vt -0.144498 1.017711
vt -0.146912 0.999153
vt -0.152448 0.976570
vt -0.221601 1.164774
vt -0.152869 1.208904
vt -0.083437 0.989756
vt -0.080598 1.009645
vt 0.570983 0.363594
vt 0.570983 0.332838
vt -0.080598 1.175888
vt -0.083325 1.195742
vt 0.570983 0.293496
vt -0.087233 0.965990
vt -0.087098 1.219833
vt 0.942840 0.363594
vt 0.200947 1.092608
vt 0.226279 1.020495
vt 0.869407 0.432240
vt 0.808775 0.432240
vt 0.808775 0.389247
vt 0.869407 0.389247
vt 0.752863 0.432240
vt 0.752863 0.465849
vt 0.752863 0.389247
vt 0.808775 0.465849
vt 0.869407 0.465849
vt 0.257841 1.139894
vt 0.244227 1.150467
vt 0.636317 0.389247
vt 0.696957 0.389247
vt 0.923006 0.389247
vt 0.923006 0.432240
vt 0.303033 1.167841
vt 0.300506 1.186435
vt 0.303203 1.017711
vt 0.300790 0.999153
vt 0.295253 0.976570
vt 0.226100 1.164774
vt 0.294832 1.208904
vt 0.364264 0.989756
vt 0.367104 1.009645
vt 0.582718 0.465849
vt 0.582718 0.432240
vt 0.367104 1.175888
vt 0.364377 1.195742
vt 0.582718 0.389247
vt 0.360468 0.965991
vt 0.360603 1.219833
vt 0.923006 0.465849
vt 1.225810 0.442011
vt 1.484456 1.009972
vt 1.484456 0.968989
vt 1.543108 0.968989
vt 1.543109 1.009972
vt 1.484456 1.042011
vt 1.543108 1.042011
vt 1.606713 1.009972
vt 1.606712 0.968988
vt 1.606712 1.042011
vt 0.126313 1.692635
vt 0.143506 1.692654
vt 0.159374 1.739895
vt 0.145760 1.750467
vt 1.425810 1.009972
vt 1.362198 1.009972
vt 1.362198 0.968988
vt 1.425810 0.968989
vt 0.836317 1.065849
vt 0.836317 1.032240
vt 0.896957 1.032240
vt 0.896957 1.065849
vt 1.662939 0.968989
vt 1.662939 1.009972
vt 0.204565 1.767841
vt 0.202038 1.786436
vt 0.145901 1.634862
vt 0.102480 1.692608
vt 0.127812 1.620496
vt 0.204736 1.617712
vt 0.159481 1.645476
vt 0.202322 1.599154
vt 0.196786 1.576570
vt 0.127633 1.764774
vt 0.196365 1.808905
vt 0.265796 1.589756
vt 0.268636 1.609645
vt 1.362198 1.042011
vt 1.305972 1.042011
vt 1.305972 1.009972
vt 0.268636 1.775888
vt 0.265909 1.795742
vt 1.305972 0.968989
vt 0.262001 1.565991
vt 0.262136 1.819833
vt 1.662939 1.042011
vt 0.295135 1.634862
vt 0.275547 1.692635
vt 0.251713 1.692608
vt 0.277046 1.620495
vt 1.541327 0.896449
vt 1.541327 0.851405
vt 1.599198 0.851405
vt 1.599198 0.896449
vt 1.434602 0.896449
vt 1.487962 0.896449
vt 1.487962 0.931662
vt 1.434602 0.931662
vt 1.487962 0.851405
vt 1.541327 0.931662
vt 1.599198 0.931662
vt 0.292740 1.692654
vt 0.308608 1.739894
vt 0.294993 1.750467
vt 1.376724 0.896449
vt 1.376724 0.851405
vt 1.434602 0.851405
vt 0.010247 1.645476
vt -0.005727 1.692654
vt -0.022920 1.692635
vt -0.003333 1.634862
vt 1.650356 0.851405
vt 1.650356 0.896449
vt 0.353799 1.767841
vt 0.351272 1.786435
vt 0.353970 1.617711
vt 0.308715 1.645476
vt 0.351556 1.599153
vt 0.346019 1.576570
vt 0.276866 1.764774
vt 0.345598 1.808904
vt 0.415030 1.589756
vt 0.417870 1.609645
vt 1.376724 0.931662
vt 1.325566 0.931662
vt 1.325566 0.896449
vt 0.417870 1.775888
vt 0.415143 1.795742
vt 1.325566 0.851405
vt 0.411234 1.565990
vt 0.411370 1.819833
vt 1.650356 0.931662
vt -0.046754 1.692608
vt -0.021422 1.620495
vt 0.895820 0.932838
vt 0.956913 0.932838
vt 0.956913 0.963594
vt 0.895820 0.963594
vt 1.018012 0.932838
vt 0.956913 0.893496
vt 1.018012 0.893496
vt 0.457949 1.645476
vt 0.441974 1.692654
vt 0.424781 1.692635
vt 0.444369 1.634862
vt 1.084269 0.932838
vt 1.084269 0.963594
vt 1.018012 0.963594
vt 0.010140 1.739895
vt -0.003474 1.750467
vt 0.829554 0.932838
vt 0.829554 0.893496
vt 0.895820 0.893496
vt 0.829554 0.963594
vt 1.084269 0.893496
vt 1.142840 0.893496
vt 1.142840 0.932838
vt 0.055332 1.767841
vt 0.052805 1.786435
vt 0.055502 1.617711
vt 0.053088 1.599153
vt 0.047552 1.576570
vt -0.021601 1.764774
vt 0.047131 1.808904
vt 0.116563 1.589756
vt 0.119402 1.609645
vt 0.770983 0.963594
vt 0.770983 0.932838
vt 0.119402 1.775888
vt 0.116675 1.795742
vt 0.770983 0.893496
vt 0.112767 1.565990
vt 0.112902 1.819833
vt 1.142840 0.963594
vt 0.400947 1.692608
vt 0.426279 1.620495
vt 1.069407 1.032240
vt 1.008775 1.032240
vt 1.008775 0.989247
vt 1.069407 0.989247
vt 0.952863 1.032240
vt 0.952863 1.065849
vt 0.952863 0.989248
vt 1.008775 1.065849
vt 1.069407 1.065849
vt 0.457841 1.739894
vt 0.444227 1.750467
vt 0.836317 0.989248
vt 0.896957 0.989247
vt 1.123006 0.989248
vt 1.123006 1.032240
vt 0.503033 1.767841
vt 0.500506 1.786435
vt 0.503203 1.617711
vt 0.500790 1.599154
vt 0.495253 1.576570
vt 0.426100 1.764774
vt 0.494832 1.808904
vt 0.564264 1.589756
vt 0.567104 1.609645
vt 0.782718 1.065849
vt 0.782718 1.032240
vt 0.567104 1.775888
vt 0.564377 1.795742
vt 0.782718 0.989248
vt 0.560468 1.565991
vt 0.560603 1.819833
vt 1.123006 1.065849
vt 1.425810 1.042011
vt 1.684456 1.609972
vt 1.684456 1.568989
vt 1.743108 1.568989
vt 1.743109 1.609972
vt 1.684456 1.642011
vt 1.743108 1.642011
vt 1.806713 1.609972
vt 1.806712 1.568989
vt 1.806712 1.642011
vt 0.326313 2.292635
vt 0.343506 2.292654
vt 0.359374 2.339895
vt 0.345760 2.350467
vt 1.625810 1.609972
vt 1.562198 1.609972
vt 1.562198 1.568989
vt 1.625810 1.568989
vt 1.036317 1.665849
vt 1.036317 1.632240
vt 1.096957 1.632240
vt 1.096957 1.665849
vt 1.862939 1.568989
vt 1.862939 1.609972
vt 0.404565 2.367841
vt 0.402038 2.386436
vt 0.345901 2.234862
vt 0.302480 2.292608
vt 0.327812 2.220496
vt 0.404736 2.217712
vt 0.359481 2.245476
vt 0.402322 2.199154
vt 0.396786 2.176570
vt 0.327633 2.364774
vt 0.396365 2.408905
vt 0.465796 2.189756
vt 0.468636 2.209646
vt 1.562198 1.642011
vt 1.505972 1.642011
vt 1.505971 1.609972
vt 0.468636 2.375888
vt 0.465909 2.395742
vt 1.505972 1.568989
vt 0.462001 2.165991
vt 0.462136 2.419833
vt 1.862939 1.642011
vt 0.495135 2.234862
vt 0.475547 2.292635
vt 0.451713 2.292608
vt 0.477046 2.220495
vt 1.741327 1.496449
vt 1.741327 1.451405
vt 1.799197 1.451405
vt 1.799197 1.496449
vt 1.634602 1.496449
vt 1.687962 1.496449
vt 1.687962 1.531662
vt 1.634602 1.531662
vt 1.687962 1.451405
vt 1.741327 1.531662
vt 1.799198 1.531662
vt 0.492740 2.292654
vt 0.508608 2.339894
vt 0.494993 2.350467
vt 1.576724 1.496449
vt 1.576723 1.451405
vt 1.634602 1.451405
vt 0.210247 2.245476
vt 0.194273 2.292654
vt 0.177080 2.292635
vt 0.196667 2.234862
vt 1.850356 1.451405
vt 1.850356 1.496449
vt 0.553799 2.367841
vt 0.551272 2.386435
vt 0.553970 2.217711
vt 0.508715 2.245476
vt 0.551556 2.199153
vt 0.546019 2.176570
vt 0.476866 2.364774
vt 0.545598 2.408905
vt 0.615030 2.189755
vt 0.617870 2.209645
vt 1.576723 1.531662
vt 1.525566 1.531662
vt 1.525566 1.496449
vt 0.617870 2.375888
vt 0.615143 2.395742
vt 1.525566 1.451405
vt 0.611235 2.165990
vt 0.611370 2.419833
vt 1.850356 1.531662
vt 0.153246 2.292608
vt 0.178578 2.220495
vt 1.095820 1.532838
vt 1.156913 1.532838
vt 1.156913 1.563594
vt 1.095820 1.563594
vt 1.218012 1.532838
vt 1.156913 1.493496
vt 1.218012 1.493496
vt 0.657949 2.245476
vt 0.641974 2.292654
vt 0.624781 2.292635
vt 0.644369 2.234862
vt 1.284269 1.532838
vt 1.284268 1.563594
vt 1.218012 1.563594
vt 0.210140 2.339895
vt 0.196526 2.350467
vt 1.029554 1.532838
vt 1.029554 1.493496
vt 1.095820 1.493496
vt 1.029554 1.563594
vt 1.284268 1.493496
vt 1.342840 1.493496
vt 1.342840 1.532838
vt 0.255332 2.367841
vt 0.252805 2.386435
vt 0.255502 2.217711
vt 0.253088 2.199153
vt 0.247552 2.176570
vt 0.178399 2.364774
vt 0.247131 2.408904
vt 0.316563 2.189755
vt 0.319402 2.209645
vt 0.970983 1.563594
vt 0.970983 1.532838
vt 0.319402 2.375888
vt 0.316675 2.395742
vt 0.970983 1.493496
vt 0.312767 2.165990
vt 0.312902 2.419833
vt 1.342840 1.563594
vt 0.600947 2.292608
vt 0.626279 2.220495
vt 1.269407 1.632240
vt 1.208775 1.632240
vt 1.208775 1.589247
vt 1.269407 1.589247
vt 1.152863 1.632240
vt 1.152863 1.665849
vt 1.152863 1.589247
vt 1.208775 1.665849
vt 1.269407 1.665849
vt 0.657841 2.339894
vt 0.644227 2.350467
vt 1.036317 1.589247
vt 1.096957 1.589247
vt 1.323006 1.589247
vt 1.323006 1.632240
vt 0.703033 2.367841
vt 0.700506 2.386435
vt 0.703203 2.217711
vt 0.700790 2.199153
vt 0.695253 2.176570
vt 0.626100 2.364774
vt 0.694832 2.408905
vt 0.764264 2.189756
vt 0.767104 2.209645
vt 0.982718 1.665849
vt 0.982718 1.632240
vt 0.767104 2.375888
vt 0.764377 2.395742
vt 0.982718 1.589247
vt 0.760468 2.165991
vt 0.760603 2.419833
vt 1.323006 1.665849
vt 1.625810 1.642011
vt 1.384456 0.709972
vt 1.384456 0.668988
vt 1.443108 0.668989
vt 1.443109 0.709972
vt 1.384456 0.742011
vt 1.443108 0.742011
vt 1.506713 0.709972
vt 1.506712 0.668988
vt 1.506712 0.742011
vt 0.026313 1.392635
vt 0.043506 1.392654
vt 0.059374 1.439895
vt 0.045760 1.450467
vt 1.325810 0.709972
vt 1.262198 0.709972
vt 1.262198 0.668988
vt 1.325810 0.668989
vt 0.736317 0.765849
vt 0.736317 0.732240
vt 0.796957 0.732240
vt 0.796957 0.765849
vt 1.562939 0.668988
vt 1.562939 0.709972
vt 0.104565 1.467841
vt 0.102038 1.486436
vt 0.045901 1.334862
vt 0.002480 1.392608
vt 0.027812 1.320496
vt 0.104736 1.317712
vt 0.059481 1.345476
vt 0.102322 1.299154
vt 0.096786 1.276570
vt 0.027633 1.464774
vt 0.096365 1.508905
vt 0.165796 1.289756
vt 0.168636 1.309645
vt 1.262198 0.742011
vt 1.205972 0.742011
vt 1.205971 0.709972
vt 0.168636 1.475888
vt 0.165909 1.495742
vt 1.205972 0.668989
vt 0.162001 1.265990
vt 0.162136 1.519833
vt 1.562939 0.742011
vt 0.195135 1.334862
vt 0.175547 1.392635
vt 0.151713 1.392608
vt 0.177046 1.320495
vt 1.441327 0.596449
vt 1.441327 0.551405
vt 1.499197 0.551405
vt 1.499197 0.596449
vt 1.334602 0.596449
vt 1.387962 0.596449
vt 1.387962 0.631662
vt 1.334602 0.631662
vt 1.387962 0.551405
vt 1.441327 0.631662
vt 1.499198 0.631662
vt 0.192740 1.392653
vt 0.208608 1.439894
vt 0.194993 1.450467
vt 1.276724 0.596449
vt 1.276724 0.551405
vt 1.334602 0.551405
vt -0.089753 1.345476
vt -0.105727 1.392653
vt -0.122920 1.392635
vt -0.103333 1.334862
vt 1.550356 0.551405
vt 1.550356 0.596449
vt 0.253799 1.467841
vt 0.251272 1.486435
vt 0.253970 1.317711
vt 0.208715 1.345476
vt 0.251556 1.299153
vt 0.246019 1.276570
vt 0.176866 1.464774
vt 0.245598 1.508904
vt 0.315030 1.289756
vt 0.317870 1.309645
vt 1.276724 0.631662
vt 1.225566 0.631662
vt 1.225566 0.596449
vt 0.317870 1.475888
vt 0.315143 1.495742
vt 1.225566 0.551405
vt 0.311235 1.265990
vt 0.311370 1.519833
vt 1.550356 0.631662
vt -0.146754 1.392608
vt -0.121422 1.320495
vt 0.795820 0.632838
vt 0.856913 0.632838
vt 0.856913 0.663594
vt 0.795820 0.663594
vt 0.918012 0.632838
vt 0.856913 0.593496
vt 0.918012 0.593496
vt 0.357949 1.345476
vt 0.341974 1.392653
vt 0.324781 1.392635
vt 0.344369 1.334862
vt 0.984269 0.632838
vt 0.984269 0.663594
vt 0.918012 0.663594
vt -0.089860 1.439894
vt -0.103474 1.450467
vt 0.729554 0.632838
vt 0.729554 0.593496
vt 0.795820 0.593496
vt 0.729554 0.663594
vt 0.984269 0.593496
vt 1.042840 0.593496
vt 1.042840 0.632838
vt -0.044668 1.467841
vt -0.047195 1.486435
vt -0.044498 1.317711
vt -0.046912 1.299153
vt -0.052448 1.276570
vt -0.121601 1.464774
vt -0.052869 1.508904
vt 0.016563 1.289756
vt 0.019402 1.309645
vt 0.670983 0.663594
vt 0.670983 0.632838
vt 0.019402 1.475888
vt 0.016675 1.495742
vt 0.670983 0.593496
vt 0.012767 1.265990
vt 0.012902 1.519833
vt 1.042840 0.663594
vt 0.300947 1.392608
vt 0.326279 1.320495
vt 0.969407 0.732240
vt 0.908775 0.732240
vt 0.908775 0.689247
vt 0.969407 0.689247
vt 0.852863 0.732240
vt 0.852863 0.765849
vt 0.852863 0.689247
vt 0.908775 0.765849
vt 0.969407 0.765849
vt 0.357841 1.439894
vt 0.344227 1.450467
vt 0.736317 0.689247
vt 0.796957 0.689247
vt 1.023006 0.689247
vt 1.023006 0.732240
vt 0.403033 1.467841
vt 0.400506 1.486435
vt 0.403203 1.317711
vt 0.400790 1.299154
vt 0.395253 1.276570
vt 0.326100 1.464774
vt 0.394832 1.508904
vt 0.464264 1.289756
vt 0.467104 1.309645
vt 0.682718 0.765849
vt 0.682718 0.732240
vt 0.467104 1.475888
vt 0.464377 1.495742
vt 0.682718 0.689247
vt 0.460468 1.265990
vt 0.460603 1.519833
vt 1.023006 0.765849
vt 1.325810 0.742011
vt 1.584456 1.309972
vt 1.584456 1.268989
vt 1.643108 1.268989
vt 1.643109 1.309972
vt 1.584456 1.342011
vt 1.643108 1.342011
vt 1.706713 1.309972
vt 1.706712 1.268988
vt 1.706712 1.342011
vt 0.226313 1.992635
vt 0.243506 1.992654
vt 0.259374 2.039895
vt 0.245760 2.050467
vt 1.525810 1.309972
vt 1.462198 1.309972
vt 1.462198 1.268988
vt 1.525810 1.268989
vt 0.936317 1.365849
vt 0.936317 1.332240
vt 0.996957 1.332240
vt 0.996957 1.365849
vt 1.762939 1.268989
vt 1.762939 1.309972
vt 0.304565 2.067841
vt 0.302038 2.086436
vt 0.245901 1.934862
vt 0.202480 1.992609
vt 0.227812 1.920496
vt 0.304736 1.917712
vt 0.259481 1.945476
vt 0.302322 1.899154
vt 0.296786 1.876570
vt 0.227633 2.064774
vt 0.296365 2.108905
vt 0.365796 1.889756
vt 0.368636 1.909646
vt 1.462198 1.342011
vt 1.405972 1.342011
vt 1.405972 1.309972
vt 0.368636 2.075888
vt 0.365909 2.095742
vt 1.405972 1.268989
vt 0.362001 1.865991
vt 0.362136 2.119833
vt 1.762939 1.342011
vt 0.395135 1.934862
vt 0.375547 1.992635
vt 0.351713 1.992608
vt 0.377046 1.920496
vt 1.641327 1.196449
vt 1.641327 1.151405
vt 1.699198 1.151405
vt 1.699198 1.196449
vt 1.534602 1.196449
vt 1.587962 1.196449
vt 1.587962 1.231662
vt 1.534602 1.231662
vt 1.587962 1.151405
vt 1.641327 1.231662
vt 1.699198 1.231662
vt 0.392740 1.992654
vt 0.408608 2.039894
vt 0.394993 2.050467
vt 1.476724 1.196449
vt 1.476724 1.151405
vt 1.534602 1.151405
vt 0.110247 1.945476
vt 0.094273 1.992654
vt 0.077080 1.992635
vt 0.096667 1.934862
vt 1.750356 1.151405
vt 1.750356 1.196449
vt 0.453799 2.067841
vt 0.451272 2.086435
vt 0.453970 1.917711
vt 0.408715 1.945476
vt 0.451556 1.899153
vt 0.446019 1.876570
vt 0.376866 2.064774
vt 0.445598 2.108904
vt 0.515030 1.889755
vt 0.517870 1.909645
vt 1.476724 1.231662
vt 1.425566 1.231662
vt 1.425566 1.196449
vt 0.517870 2.075888
vt 0.515143 2.095742
vt 1.425566 1.151405
vt 0.511235 1.865990
vt 0.511370 2.119833
vt 1.750356 1.231662
vt 0.053246 1.992608
vt 0.078578 1.920495
vt 0.995820 1.232838
vt 1.056913 1.232838
vt 1.056913 1.263594
vt 0.995820 1.263594
vt 1.118012 1.232838
vt 1.056913 1.193496
vt 1.118012 1.193496
vt 0.557949 1.945476
vt 0.541974 1.992654
vt 0.524781 1.992635
vt 0.544369 1.934862
vt 1.184269 1.232838
vt 1.184269 1.263594
vt 1.118012 1.263594
vt 0.110140 2.039895
vt 0.096526 2.050467
vt 0.929554 1.232838
vt 0.929554 1.193496
vt 0.995820 1.193496
vt 0.929554 1.263594
vt 1.184269 1.193496
vt 1.242840 1.193496
vt 1.242840 1.232838
vt 0.155332 2.067841
vt 0.152805 2.086435
vt 0.155502 1.917711
vt 0.153088 1.899153
vt 0.147552 1.876570
vt 0.078399 2.064774
vt 0.147131 2.108904
vt 0.216563 1.889755
vt 0.219402 1.909645
vt 0.870983 1.263594
vt 0.870983 1.232838
vt 0.219402 2.075888
vt 0.216675 2.095742
vt 0.870983 1.193496
vt 0.212767 1.865990
vt 0.212902 2.119833
vt 1.242840 1.263594
vt 0.500947 1.992608
vt 0.526280 1.920496
vt 1.169407 1.332240
vt 1.108775 1.332240
vt 1.108775 1.289248
vt 1.169407 1.289248
vt 1.052863 1.332240
vt 1.052863 1.365849
vt 1.052863 1.289248
vt 1.108775 1.365849
vt 1.169407 1.365849
vt 0.557841 2.039894
vt 0.544227 2.050467
vt 0.936317 1.289248
vt 0.996957 1.289248
vt 1.223006 1.289248
vt 1.223006 1.332240
vt 0.603033 2.067841
vt 0.600506 2.086435
vt 0.603203 1.917711
vt 0.600790 1.899153
vt 0.595253 1.876570
vt 0.526100 2.064774
vt 0.594832 2.108904
vt 0.664264 1.889756
vt 0.667104 1.909645
vt 0.882718 1.365849
vt 0.882718 1.332240
vt 0.667104 2.075888
vt 0.664377 2.095742
vt 0.882718 1.289248
vt 0.660468 1.865991
vt 0.660603 2.119833
vt 1.223006 1.365849
vt 1.525810 1.342011
vt 1.784456 1.909972
vt 1.784456 1.868989
vt 1.843108 1.868989
vt 1.843109 1.909972
vt 1.784456 1.942011
vt 1.843108 1.942011
vt 1.906713 1.909972
vt 1.906712 1.868989
vt 1.906712 1.942011
vt 0.426313 2.592635
vt 0.443506 2.592654
vt 0.459374 2.639895
vt 0.445760 2.650467
vt 1.725810 1.909972
vt 1.662198 1.909972
vt 1.662198 1.868989
vt 1.725810 1.868989
vt 1.136317 1.965849
vt 1.136317 1.932240
vt 1.196957 1.932240
vt 1.196957 1.965849
vt 1.962939 1.868989
vt 1.962939 1.909972
vt 0.504565 2.667841
vt 0.502038 2.686436
vt 0.445901 2.534862
vt 0.402480 2.592608
vt 0.427812 2.520496
vt 0.504736 2.517712
vt 0.459481 2.545476
vt 0.502322 2.499154
vt 0.496786 2.476570
vt 0.427633 2.664774
vt 0.496365 2.708905
vt 0.565796 2.489756
vt 0.568636 2.509645
vt 1.662198 1.942011
vt 1.605972 1.942011
vt 1.605971 1.909972
vt 0.568636 2.675888
vt 0.565909 2.695742
vt 1.605972 1.868989
vt 0.562001 2.465991
vt 0.562136 2.719833
vt 1.962939 1.942011
vt 0.595135 2.534862
vt 0.575547 2.592635
vt 0.551713 2.592608
vt 0.577046 2.520495
vt 1.841327 1.796449
vt 1.841327 1.751405
vt 1.899197 1.751405
vt 1.899197 1.796449
vt 1.734602 1.796449
vt 1.787962 1.796449
vt 1.787962 1.831662
vt 1.734602 1.831662
vt 1.787962 1.751405
vt 1.841327 1.831662
vt 1.899198 1.831662
vt 0.592740 2.592654
vt 0.608608 2.639894
vt 0.594993 2.650467
vt 1.676724 1.796449
vt 1.676723 1.751405
vt 1.734602 1.751405
vt 0.310247 2.545476
vt 0.294273 2.592654
vt 0.277080 2.592635
vt 0.296667 2.534862
vt 1.950356 1.751405
vt 1.950356 1.796449
vt 0.653799 2.667841
vt 0.651272 2.686435
vt 0.653970 2.517711
vt 0.608715 2.545476
vt 0.651556 2.499153
vt 0.646019 2.476570
vt 0.576866 2.664774
vt 0.645598 2.708905
vt 0.715030 2.489755
vt 0.717870 2.509645
vt 1.676723 1.831662
vt 1.625566 1.831662
vt 1.625566 1.796449
vt 0.717870 2.675888
vt 0.715143 2.695742
vt 1.625566 1.751405
vt 0.711235 2.465990
vt 0.711370 2.719833
vt 1.950356 1.831662
vt 0.253246 2.592608
vt 0.278578 2.520495
vt 1.195820 1.832838
vt 1.256913 1.832838
vt 1.256913 1.863594
vt 1.195820 1.863594
vt 1.318012 1.832838
vt 1.256913 1.793496
vt 1.318012 1.793496
vt 0.757949 2.545476
vt 0.741974 2.592654
vt 0.724781 2.592635
vt 0.744369 2.534862
vt 1.384269 1.832838
vt 1.384269 1.863594
vt 1.318012 1.863594
vt 0.310140 2.639894
vt 0.296526 2.650467
vt 1.129554 1.832838
vt 1.129554 1.793496
vt 1.195820 1.793496
vt 1.129554 1.863594
vt 1.384269 1.793496
vt 1.442840 1.793496
vt 1.442840 1.832838
vt 0.355332 2.667841
vt 0.352805 2.686435
vt 0.355502 2.517711
vt 0.353088 2.499153
vt 0.347552 2.476570
vt 0.278399 2.664774
vt 0.347131 2.708904
vt 0.416563 2.489755
vt 0.419402 2.509645
vt 1.070983 1.863594
vt 1.070983 1.832838
vt 0.419402 2.675888
vt 0.416675 2.695742
vt 1.070983 1.793496
vt 0.412767 2.465990
vt 0.412902 2.719833
vt 1.442840 1.863594
vt 0.700947 2.592608
vt 0.726279 2.520495
vt 1.369407 1.932240
vt 1.308775 1.932240
vt 1.308775 1.889247
vt 1.369407 1.889247
vt 1.252863 1.932240
vt 1.252863 1.965849
vt 1.252863 1.889247
vt 1.308775 1.965849
vt 1.369407 1.965849
vt 0.757841 2.639894
vt 0.744227 2.650467
vt 1.136317 1.889247
vt 1.196957 1.889247
vt 1.423006 1.889247
vt 1.423006 1.932240
vt 0.803033 2.667841
vt 0.800506 2.686435
vt 0.803203 2.517711
vt 0.800790 2.499153
vt 0.795253 2.476570
vt 0.726100 2.664774
vt 0.794832 2.708905
vt 0.864264 2.489756
vt 0.867104 2.509645
vt 1.082718 1.965849
vt 1.082718 1.932240
vt 0.867104 2.675888
vt 0.864377 2.695742
vt 1.082718 1.889247
vt 0.860468 2.465991
vt 0.860603 2.719833
vt 1.423006 1.965849
vt 1.725810 1.942011
vt 1.484456 1.009972
vt 1.484456 0.968989
vt 1.543108 0.968989
vt 1.543109 1.009972
vt 1.484456 1.042011
vt 1.543108 1.042011
vt 1.606713 1.009972
vt 1.606712 0.968988
vt 1.606712 1.042011
vt 0.126313 1.692635
vt 0.143506 1.692654
vt 0.159374 1.739895
vt 0.145760 1.750467
vt 1.425810 1.009972
vt 1.362198 1.009972
vt 1.362198 0.968988
vt 1.425810 0.968989
vt 0.836317 1.065849
vt 0.836317 1.032240
vt 0.896957 1.032240
vt 0.896957 1.065849
vt 1.662939 0.968989
vt 1.662939 1.009972
vt 0.204565 1.767841
vt 0.202038 1.786436
vt 0.145901 1.634862
vt 0.102480 1.692608
vt 0.127812 1.620496
vt 0.204736 1.617712
vt 0.159481 1.645476
vt 0.202322 1.599154
vt 0.196786 1.576570
vt 0.127633 1.764774
vt 0.196365 1.808905
vt 0.265796 1.589756
vt 0.268636 1.609645
vt 1.362198 1.042011
vt 1.305972 1.042011
vt 1.305972 1.009972
vt 0.268636 1.775888
vt 0.265909 1.795742
vt 1.305972 0.968989
vt 0.262001 1.565991
vt 0.262136 1.819833
vt 1.662939 1.042011
vt 0.295135 1.634862
vt 0.275547 1.692635
vt 0.251713 1.692608
vt 0.277046 1.620495
vt 1.541327 0.896449
vt 1.541327 0.851405
vt 1.599198 0.851405
vt 1.599198 0.896449
vt 1.434602 0.896449
vt 1.487962 0.896449
vt 1.487962 0.931662
vt 1.434602 0.931662
vt 1.487962 0.851405
vt 1.541327 0.931662
vt 1.599198 0.931662
vt 0.292740 1.692654
vt 0.308608 1.739894
vt 0.294993 1.750467
vt 1.376724 0.896449
vt 1.376724 0.851405
vt 1.434602 0.851405
vt 0.010247 1.645476
vt -0.005727 1.692654
vt -0.022920 1.692635
vt -0.003333 1.634862
vt 1.650356 0.851405
vt 1.650356 0.896449
vt 0.353799 1.767841
vt 0.351272 1.786435
vt 0.353970 1.617711
vt 0.308715 1.645476
vt 0.351556 1.599153
vt 0.346019 1.576570
vt 0.276866 1.764774
vt 0.345598 1.808904
vt 0.415030 1.589756
vt 0.417870 1.609645
vt 1.376724 0.931662
vt 1.325566 0.931662
vt 1.325566 0.896449
vt 0.417870 1.775888
vt 0.415143 1.795742
vt 1.325566 0.851405
vt 0.411234 1.565990
vt 0.411370 1.819833
vt 1.650356 0.931662
vt -0.046754 1.692608
vt -0.021422 1.620495
vt 0.895820 0.932838
vt 0.956913 0.932838
vt 0.956913 0.963594
vt 0.895820 0.963594
vt 1.018012 0.932838
vt 0.956913 0.893496
vt 1.018012 0.893496
vt 0.457949 1.645476
vt 0.441974 1.692654
vt 0.424781 1.692635
vt 0.444369 1.634862
vt 1.084269 0.932838
vt 1.084269 0.963594
vt 1.018012 0.963594
vt 0.010140 1.739895
vt -0.003474 1.750467
vt 0.829554 0.932838
vt 0.829554 0.893496
vt 0.895820 0.893496
vt 0.829554 0.963594
vt 1.084269 0.893496
vt 1.142840 0.893496
vt 1.142840 0.932838
vt 0.055332 1.767841
vt 0.052805 1.786435
vt 0.055502 1.617711
vt 0.053088 1.599153
vt 0.047552 1.576570
vt -0.021601 1.764774
vt 0.047131 1.808904
vt 0.116563 1.589756
vt 0.119402 1.609645
vt 0.770983 0.963594
vt 0.770983 0.932838
vt 0.119402 1.775888
vt 0.116675 1.795742
vt 0.770983 0.893496
vt 0.112767 1.565990
vt 0.112902 1.819833
vt 1.142840 0.963594
vt 0.400947 1.692608
vt 0.426279 1.620495
vt 1.069407 1.032240
vt 1.008775 1.032240
vt 1.008775 0.989247
vt 1.069407 0.989247
vt 0.952863 1.032240
vt 0.952863 1.065849
vt 0.952863 0.989248
vt 1.008775 1.065849
vt 1.069407 1.065849
vt 0.457841 1.739894
vt 0.444227 1.750467
vt 0.836317 0.989248
vt 0.896957 0.989247
vt 1.123006 0.989248
vt 1.123006 1.032240
vt 0.503033 1.767841
vt 0.500506 1.786435
vt 0.503203 1.617711
vt 0.500790 1.599154
vt 0.495253 1.576570
vt 0.426100 1.764774
vt 0.494832 1.808904
vt 0.564264 1.589756
vt 0.567104 1.609645
vt 0.782718 1.065849
vt 0.782718 1.032240
vt 0.567104 1.775888
vt 0.564377 1.795742
vt 0.782718 0.989248
vt 0.560468 1.565991
vt 0.560603 1.819833
vt 1.123006 1.065849
vt 1.425810 1.042011
vt 1.684456 1.609972
vt 1.684456 1.568989
vt 1.743108 1.568989
vt 1.743109 1.609972
vt 1.684456 1.642011
vt 1.743109 1.642011
vt 1.806713 1.609972
vt 1.806712 1.568989
vt 1.806713 1.642011
vt 0.326313 2.292635
vt 0.343506 2.292654
vt 0.359374 2.339895
vt 0.345760 2.350467
vt 1.625810 1.609972
vt 1.562198 1.609972
vt 1.562198 1.568989
vt 1.625810 1.568989
vt 1.036317 1.665849
vt 1.036317 1.632240
vt 1.096957 1.632240
vt 1.096957 1.665849
vt 1.862939 1.568989
vt 1.862939 1.609972
vt 0.404565 2.367841
vt 0.402038 2.386436
vt 0.345901 2.234862
vt 0.302480 2.292608
vt 0.327812 2.220496
vt 0.404736 2.217712
vt 0.359481 2.245476
vt 0.402322 2.199154
vt 0.396786 2.176570
vt 0.327633 2.364774
vt 0.396365 2.408905
vt 0.465796 2.189756
vt 0.468636 2.209646
vt 1.562198 1.642011
vt 1.505972 1.642011
vt 1.505972 1.609972
vt 0.468636 2.375888
vt 0.465909 2.395742
vt 1.505972 1.568989
vt 0.462001 2.165991
vt 0.462136 2.419833
vt 1.862939 1.642011
vt 0.495135 2.234862
vt 0.475547 2.292635
vt 0.451713 2.292608
vt 0.477046 2.220495
vt 1.741327 1.496449
vt 1.741327 1.451405
vt 1.799198 1.451405
vt 1.799198 1.496449
vt 1.634602 1.496449
vt 1.687962 1.496449
vt 1.687962 1.531662
vt 1.634602 1.531662
vt 1.687962 1.451405
vt 1.741327 1.531662
vt 1.799198 1.531662
vt 0.492740 2.292654
vt 0.508608 2.339894
vt 0.494993 2.350467
vt 1.576724 1.496449
vt 1.576724 1.451405
vt 1.634602 1.451405
vt 0.210247 2.245476
vt 0.194273 2.292654
vt 0.177080 2.292635
vt 0.196667 2.234862
vt 1.850356 1.451405
vt 1.850356 1.496449
vt 0.553799 2.367841
vt 0.551272 2.386435
vt 0.553970 2.217711
vt 0.508715 2.245476
vt 0.551556 2.199153
vt 0.546019 2.176570
vt 0.476866 2.364774
vt 0.545598 2.408905
vt 0.615030 2.189755
vt 0.617870 2.209645
vt 1.576724 1.531662
vt 1.525566 1.531662
vt 1.525566 1.496449
vt 0.617870 2.375888
vt 0.615143 2.395742
vt 1.525566 1.451405
vt 0.611234 2.165990
vt 0.611370 2.419833
vt 1.850356 1.531662
vt 0.153246 2.292608
vt 0.178578 2.220495
vt 1.095820 1.532838
vt 1.156913 1.532838
vt 1.156913 1.563594
vt 1.095820 1.563594
vt 1.218012 1.532838
vt 1.156913 1.493496
vt 1.218012 1.493496
vt 0.657949 2.245476
vt 0.641974 2.292654
vt 0.624781 2.292635
vt 0.644369 2.234862
vt 1.284269 1.532838
vt 1.284269 1.563594
vt 1.218012 1.563594
vt 0.210140 2.339895
vt 0.196526 2.350467
vt 1.029554 1.532838
vt 1.029554 1.493496
vt 1.095820 1.493496
vt 1.029554 1.563594
vt 1.284269 1.493496
vt 1.342840 1.493496
vt 1.342840 1.532838
vt 0.255332 2.367841
vt 0.252805 2.386435
vt 0.255502 2.217711
vt 0.253088 2.199153
vt 0.247552 2.176570
vt 0.178399 2.364774
vt 0.247131 2.408904
vt 0.316563 2.189755
vt 0.319402 2.209645
vt 0.970983 1.563594
vt 0.970983 1.532838
vt 0.319402 2.375888
vt 0.316675 2.395742
vt 0.970983 1.493496
vt 0.312767 2.165990
vt 0.312902 2.419833
vt 1.342840 1.563594
vt 0.600947 2.292608
vt 0.626279 2.220495
vt 1.269407 1.632240
vt 1.208775 1.632240
vt 1.208775 1.589247
vt 1.269407 1.589247
vt 1.152863 1.632240
vt 1.152863 1.665849
vt 1.152863 1.589247
vt 1.208775 1.665849
vt 1.269407 1.665849
vt 0.657841 2.339894
vt 0.644227 2.350467
vt 1.036317 1.589247
vt 1.096957 1.589247
vt 1.323006 1.589247
vt 1.323006 1.632240
vt 0.703033 2.367841
vt 0.700506 2.386435
vt 0.703203 2.217711
vt 0.700790 2.199153
vt 0.695253 2.176570
vt 0.626100 2.364774
vt 0.694832 2.408905
vt 0.764264 2.189756
vt 0.767104 2.209645
vt 0.982718 1.665849
vt 0.982718 1.632240
vt 0.767104 2.375888
vt 0.764377 2.395742
vt 0.982718 1.589247
vt 0.760468 2.165991
vt 0.760603 2.419833
vt 1.323006 1.665849
vt 1.625810 1.642011
vt 1.884456 2.209972
vt 1.884456 2.168989
vt 1.943108 2.168989
vt 1.943109 2.209972
vt 1.884456 2.242011
vt 1.943108 2.242011
vt 2.006712 2.209972
vt 2.006712 2.168989
vt 2.006712 2.242011
vt 0.526313 2.892635
vt 0.543506 2.892654
vt 0.559374 2.939895
vt 0.545760 2.950467
vt 1.825810 2.209972
vt 1.762198 2.209972
vt 1.762198 2.168989
vt 1.825810 2.168989
vt 1.236317 2.265849
vt 1.236317 2.232240
vt 1.296957 2.232240
vt 1.296957 2.265849
vt 2.062938 2.168989
vt 2.062939 2.209972
vt 0.604566 2.967841
vt 0.602039 2.986436
vt 0.545901 2.834862
vt 0.502480 2.892609
vt 0.527812 2.820496
vt 0.604736 2.817712
vt 0.559481 2.845476
vt 0.602322 2.799154
vt 0.596786 2.776570
vt 0.527633 2.964774
vt 0.596365 3.008905
vt 0.665796 2.789756
vt 0.668636 2.809646
vt 1.762198 2.242011
vt 1.705972 2.242011
vt 1.705971 2.209972
vt 0.668636 2.975888
vt 0.665909 2.995742
vt 1.705972 2.168989
vt 0.662001 2.765991
vt 0.662136 3.019834
vt 2.062939 2.242011
vt 0.695135 2.834862
vt 0.675547 2.892635
vt 0.651713 2.892608
vt 0.677046 2.820496
vt 1.941327 2.096449
vt 1.941327 2.051405
vt 1.999197 2.051405
vt 1.999197 2.096449
vt 1.834602 2.096449
vt 1.887962 2.096449
vt 1.887962 2.131662
vt 1.834602 2.131662
vt 1.887962 2.051405
vt 1.941327 2.131662
vt 1.999198 2.131662
vt 0.692740 2.892653
vt 0.708607 2.939894
vt 0.694993 2.950467
vt 1.776724 2.096449
vt 1.776724 2.051405
vt 1.834602 2.051405
vt 0.410248 2.845476
vt 0.394273 2.892653
vt 0.377080 2.892635
vt 0.396667 2.834862
vt 2.050356 2.051405
vt 2.050356 2.096449
vt 0.753799 2.967841
vt 0.751272 2.986435
vt 0.753970 2.817711
vt 0.708715 2.845476
vt 0.751556 2.799153
vt 0.746019 2.776570
vt 0.676866 2.964774
vt 0.745598 3.008904
vt 0.815030 2.789755
vt 0.817870 2.809645
vt 1.776724 2.131662
vt 1.725566 2.131662
vt 1.725566 2.096449
vt 0.817870 2.975888
vt 0.815143 2.995742
vt 1.725566 2.051405
vt 0.811235 2.765990
vt 0.811370 3.019833
vt 2.050356 2.131662
vt 0.353246 2.892608
vt 0.378578 2.820495
vt 1.295820 2.132838
vt 1.356913 2.132838
vt 1.356913 2.163594
vt 1.295820 2.163594
vt 1.418012 2.132838
vt 1.356913 2.093496
vt 1.418012 2.093496
vt 0.857949 2.845476
vt 0.841974 2.892653
vt 0.824781 2.892635
vt 0.844369 2.834862
vt 1.484269 2.132838
vt 1.484269 2.163594
vt 1.418012 2.163594
vt 0.410140 2.939895
vt 0.396526 2.950467
vt 1.229554 2.132838
vt 1.229554 2.093496
vt 1.295820 2.093496
vt 1.229554 2.163594
vt 1.484269 2.093496
vt 1.542840 2.093496
vt 1.542840 2.132838
vt 0.455332 2.967841
vt 0.452805 2.986435
vt 0.455502 2.817711
vt 0.453088 2.799153
vt 0.447552 2.776570
vt 0.378399 2.964774
vt 0.447131 3.008904
vt 0.516563 2.789755
vt 0.519402 2.809645
vt 1.170983 2.163594
vt 1.170983 2.132838
vt 0.519402 2.975888
vt 0.516675 2.995742
vt 1.170983 2.093496
vt 0.512767 2.765990
vt 0.512902 3.019833
vt 1.542840 2.163594
vt 0.800947 2.892608
vt 0.826279 2.820496
vt 1.469407 2.232240
vt 1.408775 2.232240
vt 1.408775 2.189248
vt 1.469407 2.189248
vt 1.352863 2.232240
vt 1.352863 2.265849
vt 1.352863 2.189248
vt 1.408775 2.265849
vt 1.469407 2.265849
vt 0.857841 2.939894
vt 0.844227 2.950467
vt 1.236317 2.189248
vt 1.296957 2.189248
vt 1.523006 2.189248
vt 1.523006 2.232240
vt 0.903033 2.967841
vt 0.900506 2.986435
vt 0.903203 2.817711
vt 0.900790 2.799153
vt 0.895253 2.776570
vt 0.826100 2.964774
vt 0.894832 3.008904
vt 0.964264 2.789756
vt 0.967104 2.809645
vt 1.182718 2.265849
vt 1.182718 2.232240
vt 0.967104 2.975888
vt 0.964377 2.995742
vt 1.182718 2.189248
vt 0.960468 2.765991
vt 0.960603 3.019833
vt 1.523006 2.265849
vt 1.825810 2.242011
vt 1.684456 0.509972
vt 1.743109 0.509972
vt 1.743108 0.468989
vt 1.684456 0.468988
vt 1.684456 0.542011
vt 1.743108 0.542011
vt 1.806713 0.509972
vt 1.806712 0.468988
vt 1.806712 0.542011
vt 0.326313 1.192635
vt 0.345760 1.250467
vt 0.359374 1.239895
vt 0.343506 1.192654
vt 1.625810 0.509972
vt 1.625810 0.468989
vt 1.562198 0.468988
vt 1.562198 0.509972
vt 1.036317 0.565849
vt 1.096957 0.565849
vt 1.096957 0.532240
vt 1.036317 0.532240
vt 1.862939 0.509972
vt 1.862939 0.468988
vt 0.402038 1.286436
vt 0.404565 1.267841
vt 0.345901 1.134862
vt 0.327812 1.120496
vt 0.302480 1.192608
vt 0.404736 1.117712
vt 0.402322 1.099154
vt 0.359481 1.145476
vt 0.396786 1.076570
vt 0.327633 1.264774
vt 0.396365 1.308905
vt 0.468636 1.109645
vt 0.465796 1.089756
vt 1.505971 0.509972
vt 1.505972 0.542011
vt 1.562198 0.542011
vt 0.465909 1.295742
vt 0.468636 1.275888
vt 1.505972 0.468989
vt 0.462001 1.065991
vt 0.462136 1.319833
vt 1.862939 0.542011
vt 0.495135 1.134862
vt 0.477046 1.120495
vt 0.451713 1.192608
vt 0.475547 1.192635
vt 1.741327 0.396449
vt 1.799197 0.396449
vt 1.799197 0.351405
vt 1.741327 0.351405
vt 1.634602 0.396449
vt 1.634602 0.431662
vt 1.687962 0.431662
vt 1.687962 0.396449
vt 1.687962 0.351405
vt 1.741327 0.431662
vt 1.799198 0.431662
vt 0.494993 1.250467
vt 0.508608 1.239894
vt 0.492740 1.192654
vt 1.634602 0.351405
vt 1.576723 0.351405
vt 1.576724 0.396449
vt 0.210247 1.145476
vt 0.196667 1.134862
vt 0.177080 1.192635
vt 0.194273 1.192654
vt 1.850356 0.396449
vt 1.850356 0.351405
vt 0.551272 1.286435
vt 0.553799 1.267841
vt 0.553970 1.117711
vt 0.551556 1.099153
vt 0.508715 1.145476
vt 0.546019 1.076570
vt 0.476866 1.264774
vt 0.545598 1.308904
vt 0.617870 1.109645
vt 0.615030 1.089756
vt 1.525566 0.396449
vt 1.525566 0.431662
vt 1.576723 0.431662
vt 0.615143 1.295742
vt 0.617870 1.275888
vt 1.525566 0.351405
vt 0.611235 1.065990
vt 0.611370 1.319833
vt 1.850356 0.431662
vt 0.178578 1.120495
vt 0.153246 1.192608
vt 1.095820 0.432838
vt 1.095820 0.463594
vt 1.156913 0.463594
vt 1.156913 0.432838
vt 1.218012 0.432838
vt 1.218012 0.393496
vt 1.156913 0.393496
vt 0.657949 1.145476
vt 0.644369 1.134862
vt 0.624781 1.192635
vt 0.641974 1.192654
vt 1.218012 0.463594
vt 1.284268 0.463594
vt 1.284269 0.432838
vt 0.196526 1.250467
vt 0.210140 1.239895
vt 1.095820 0.393496
vt 1.029554 0.393496
vt 1.029554 0.432838
vt 1.029554 0.463594
vt 1.342840 0.432838
vt 1.342840 0.393496
vt 1.284268 0.393496
vt 0.252805 1.286435
vt 0.255332 1.267841
vt 0.255502 1.117711
vt 0.253088 1.099153
vt 0.247552 1.076570
vt 0.178399 1.264774
vt 0.247131 1.308904
vt 0.319402 1.109645
vt 0.316563 1.089756
vt 0.970983 0.432838
vt 0.970983 0.463594
vt 0.316675 1.295742
vt 0.319402 1.275888
vt 0.970983 0.393496
vt 0.312767 1.065990
vt 0.312902 1.319833
vt 1.342840 0.463594
vt 0.626279 1.120495
vt 0.600947 1.192608
vt 1.269407 0.532240
vt 1.269407 0.489247
vt 1.208775 0.489247
vt 1.208775 0.532240
vt 1.152863 0.565849
vt 1.152863 0.532240
vt 1.152863 0.489247
vt 1.208775 0.565849
vt 1.269407 0.565849
vt 0.644227 1.250467
vt 0.657841 1.239894
vt 1.096957 0.489247
vt 1.036317 0.489247
vt 1.323006 0.532240
vt 1.323006 0.489247
vt 0.700506 1.286435
vt 0.703033 1.267841
vt 0.703203 1.117711
vt 0.700790 1.099154
vt 0.695253 1.076570
vt 0.626100 1.264774
vt 0.694832 1.308904
vt 0.767104 1.109645
vt 0.764264 1.089756
vt 0.982718 0.532240
vt 0.982718 0.565849
vt 0.764377 1.295742
vt 0.767104 1.275888
vt 0.982718 0.489247
vt 0.760468 1.065991
vt 0.760603 1.319833
vt 1.323006 0.565849
vt 1.625810 0.542011
vt 1.884456 1.109972
vt 1.943109 1.109972
vt 1.943108 1.068989
vt 1.884456 1.068989
vt 1.884456 1.142011
vt 1.943108 1.142011
vt 2.006713 1.109972
vt 2.006712 1.068988
vt 2.006712 1.142011
vt 0.526313 1.792635
vt 0.545760 1.850467
vt 0.559374 1.839895
vt 0.543506 1.792654
vt 1.825810 1.109972
vt 1.825810 1.068989
vt 1.762198 1.068988
vt 1.762198 1.109972
vt 1.236317 1.165849
vt 1.296957 1.165849
vt 1.296957 1.132240
vt 1.236317 1.132240
vt 2.062939 1.109972
vt 2.062939 1.068989
vt 0.602039 1.886436
vt 0.604566 1.867841
vt 0.545901 1.734862
vt 0.527812 1.720496
vt 0.502480 1.792608
vt 0.604736 1.717712
vt 0.602322 1.699154
vt 0.559481 1.745476
vt 0.596786 1.676570
vt 0.527633 1.864774
vt 0.596365 1.908905
vt 0.668636 1.709646
vt 0.665796 1.689756
vt 1.705971 1.109972
vt 1.705972 1.142011
vt 1.762198 1.142011
vt 0.665909 1.895742
vt 0.668636 1.875888
vt 1.705972 1.068989
vt 0.662001 1.665991
vt 0.662136 1.919833
vt 2.062939 1.142011
vt 0.695135 1.734862
vt 0.677046 1.720495
vt 0.651713 1.792608
vt 0.675547 1.792635
vt 1.941327 0.996449
vt 1.999197 0.996449
vt 1.999197 0.951405
vt 1.941327 0.951405
vt 1.834602 0.996449
vt 1.834602 1.031662
vt 1.887962 1.031662
vt 1.887962 0.996449
vt 1.887962 0.951405
vt 1.941327 1.031662
vt 1.999198 1.031662
vt 0.694993 1.850467
vt 0.708608 1.839894
vt 0.692740 1.792654
vt 1.834602 0.951405
vt 1.776724 0.951405
vt 1.776724 0.996449
vt 0.410248 1.745476
vt 0.396667 1.734862
vt 0.377080 1.792635
vt 0.394273 1.792654
vt 2.050356 0.996449
vt 2.050356 0.951405
vt 0.751272 1.886435
vt 0.753799 1.867841
vt 0.753970 1.717711
vt 0.751556 1.699153
vt 0.708715 1.745476
vt 0.746019 1.676570
vt 0.676866 1.864774
vt 0.745598 1.908904
vt 0.817870 1.709645
vt 0.815030 1.689756
vt 1.725566 0.996449
vt 1.725566 1.031662
vt 1.776724 1.031662
vt 0.815143 1.895742
vt 0.817870 1.875888
vt 1.725566 0.951405
vt 0.811234 1.665990
vt 0.811370 1.919833
vt 2.050356 1.031662
vt 0.378578 1.720495
vt 0.353246 1.792608
vt 1.295820 1.032838
vt 1.295820 1.063594
vt 1.356913 1.063594
vt 1.356913 1.032838
vt 1.418012 1.032838
vt 1.418012 0.993496
vt 1.356913 0.993496
vt 0.857949 1.745476
vt 0.844369 1.734862
vt 0.824781 1.792635
vt 0.841974 1.792654
vt 1.418012 1.063594
vt 1.484269 1.063594
vt 1.484269 1.032838
vt 0.396526 1.850467
vt 0.410140 1.839895
vt 1.295820 0.993496
vt 1.229554 0.993496
vt 1.229554 1.032838
vt 1.229554 1.063594
vt 1.542840 1.032838
vt 1.542840 0.993496
vt 1.484269 0.993496
vt 0.452805 1.886435
vt 0.455332 1.867841
vt 0.455502 1.717711
vt 0.453088 1.699153
vt 0.447552 1.676570
vt 0.378399 1.864774
vt 0.447131 1.908904
vt 0.519402 1.709645
vt 0.516563 1.689756
vt 1.170983 1.032838
vt 1.170983 1.063594
vt 0.516675 1.895742
vt 0.519402 1.875888
vt 1.170983 0.993496
vt 0.512767 1.665990
vt 0.512902 1.919833
vt 1.542840 1.063594
vt 0.826280 1.720495
vt 0.800947 1.792608
vt 1.469407 1.132240
vt 1.469407 1.089247
vt 1.408775 1.089247
vt 1.408775 1.132240
vt 1.352863 1.165849
vt 1.352863 1.132240
vt 1.352863 1.089247
vt 1.408775 1.165849
vt 1.469407 1.165849
vt 0.844227 1.850467
vt 0.857841 1.839894
vt 1.296957 1.089247
vt 1.236317 1.089247
vt 1.523006 1.132240
vt 1.523006 1.089247
vt 0.900506 1.886435
vt 0.903033 1.867841
vt 0.903203 1.717711
vt 0.900790 1.699154
vt 0.895253 1.676570
vt 0.826100 1.864774
vt 0.894832 1.908904
vt 0.967104 1.709645
vt 0.964264 1.689756
vt 1.182718 1.132240
vt 1.182718 1.165849
vt 0.964377 1.895742
vt 0.967104 1.875888
vt 1.182718 1.089247
vt 0.960468 1.665991
vt 0.960603 1.919833
vt 1.523006 1.165849
vt 1.825810 1.142011
vt 2.084456 1.709972
vt 2.143109 1.709972
vt 2.143108 1.668989
vt 2.084456 1.668989
vt 2.084456 1.742011
vt 2.143108 1.742011
vt 2.206712 1.709972
vt 2.206712 1.668989
vt 2.206712 1.742011
vt 0.726313 2.392635
vt 0.745760 2.450467
vt 0.759374 2.439895
vt 0.743506 2.392654
vt 2.025810 1.709972
vt 2.025810 1.668989
vt 1.962198 1.668989
vt 1.962198 1.709972
vt 1.436317 1.765849
vt 1.496957 1.765849
vt 1.496957 1.732240
vt 1.436317 1.732240
vt 2.262939 1.709972
vt 2.262938 1.668989
vt 0.802038 2.486436
vt 0.804565 2.467841
vt 0.745901 2.334862
vt 0.727812 2.320496
vt 0.702480 2.392608
vt 0.804736 2.317712
vt 0.802322 2.299154
vt 0.759481 2.345476
vt 0.796786 2.276570
vt 0.727633 2.464774
vt 0.796365 2.508905
vt 0.868636 2.309645
vt 0.865796 2.289756
vt 1.905971 1.709972
vt 1.905972 1.742011
vt 1.962198 1.742011
vt 0.865909 2.495742
vt 0.868636 2.475888
vt 1.905972 1.668989
vt 0.862001 2.265990
vt 0.862136 2.519833
vt 2.262939 1.742011
vt 0.895135 2.334862
vt 0.877046 2.320495
vt 0.851713 2.392608
vt 0.875547 2.392635
vt 2.141327 1.596449
vt 2.199198 1.596449
vt 2.199198 1.551405
vt 2.141327 1.551405
vt 2.034602 1.596449
vt 2.034602 1.631662
vt 2.087962 1.631662
vt 2.087962 1.596449
vt 2.087962 1.551405
vt 2.141327 1.631662
vt 2.199198 1.631662
vt 0.894993 2.450467
vt 0.908607 2.439894
vt 0.892740 2.392653
vt 2.034602 1.551405
vt 1.976723 1.551405
vt 1.976724 1.596449
vt 0.610247 2.345476
vt 0.596667 2.334862
vt 0.577080 2.392635
vt 0.594273 2.392653
vt 2.250356 1.596449
vt 2.250356 1.551405
vt 0.951272 2.486435
vt 0.953799 2.467841
vt 0.953970 2.317711
vt 0.951556 2.299153
vt 0.908715 2.345476
vt 0.946019 2.276570
vt 0.876866 2.464774
vt 0.945598 2.508904
vt 1.017870 2.309645
vt 1.015030 2.289755
vt 1.925565 1.596449
vt 1.925565 1.631662
vt 1.976723 1.631662
vt 1.015143 2.495742
vt 1.017870 2.475888
vt 1.925565 1.551405
vt 1.011235 2.265990
vt 1.011370 2.519833
vt 2.250356 1.631662
vt 0.578578 2.320495
vt 0.553246 2.392608
vt 1.495820 1.632838
vt 1.495820 1.663594
vt 1.556913 1.663594
vt 1.556913 1.632838
vt 1.618012 1.632838
vt 1.618012 1.593496
vt 1.556913 1.593496
vt 1.057949 2.345476
vt 1.044369 2.334862
vt 1.024781 2.392635
vt 1.041974 2.392653
vt 1.618012 1.663594
vt 1.684268 1.663594
vt 1.684269 1.632838
vt 0.596526 2.450467
vt 0.610140 2.439894
vt 1.495820 1.593496
vt 1.429554 1.593496
vt 1.429554 1.632838
vt 1.429554 1.663594
vt 1.742840 1.632838
vt 1.742840 1.593496
vt 1.684268 1.593496
vt 0.652805 2.486435
vt 0.655332 2.467841
vt 0.655502 2.317711
vt 0.653088 2.299153
vt 0.647552 2.276570
vt 0.578399 2.464774
vt 0.647131 2.508904
vt 0.719402 2.309645
vt 0.716563 2.289755
vt 1.370983 1.632838
vt 1.370983 1.663594
vt 0.716675 2.495742
vt 0.719402 2.475888
vt 1.370983 1.593496
vt 0.712767 2.265990
vt 0.712902 2.519833
vt 1.742840 1.663594
vt 1.026279 2.320495
vt 1.000947 2.392608
vt 1.669407 1.732240
vt 1.669407 1.689247
vt 1.608775 1.689247
vt 1.608775 1.732240
vt 1.552863 1.765849
vt 1.552863 1.732240
vt 1.552863 1.689247
vt 1.608775 1.765849
vt 1.669407 1.765849
vt 1.044227 2.450467
vt 1.057841 2.439894
vt 1.496957 1.689247
vt 1.436317 1.689247
vt 1.723006 1.732240
vt 1.723006 1.689247
vt 1.100506 2.486435
vt 1.103033 2.467841
vt 1.103203 2.317711
vt 1.100790 2.299153
vt 1.095253 2.276570
vt 1.026100 2.464774
vt 1.094832 2.508904
vt 1.167104 2.309645
vt 1.164264 2.289756
vt 1.382718 1.732240
vt 1.382718 1.765849
vt 1.164377 2.495742
vt 1.167104 2.475888
vt 1.382718 1.689247
vt 1.160468 2.265990
vt 1.160603 2.519833
vt 1.723006 1.765849
vt 2.025810 1.742011
vt 1.784456 0.809972
vt 1.843109 0.809972
vt 1.843108 0.768989
vt 1.784456 0.768988
vt 1.784456 0.842011
vt 1.843108 0.842011
vt 1.906713 0.809972
vt 1.906712 0.768988
vt 1.906712 0.842011
vt 0.426313 1.492635
vt 0.445760 1.550467
vt 0.459374 1.539895
vt 0.443506 1.492654
vt 1.725810 0.809972
vt 1.725810 0.768989
vt 1.662198 0.768988
vt 1.662198 0.809972
vt 1.136317 0.865849
vt 1.196957 0.865849
vt 1.196957 0.832240
vt 1.136317 0.832240
vt 1.962939 0.809972
vt 1.962939 0.768988
vt 0.502038 1.586436
vt 0.504565 1.567841
vt 0.445901 1.434862
vt 0.427812 1.420496
vt 0.402480 1.492608
vt 0.504736 1.417712
vt 0.502322 1.399154
vt 0.459481 1.445476
vt 0.496786 1.376570
vt 0.427633 1.564774
vt 0.496365 1.608905
vt 0.568636 1.409645
vt 0.565796 1.389756
vt 1.605971 0.809972
vt 1.605972 0.842011
vt 1.662198 0.842011
vt 0.565909 1.595742
vt 0.568636 1.575888
vt 1.605972 0.768989
vt 0.562001 1.365991
vt 0.562136 1.619833
vt 1.962939 0.842011
vt 0.595135 1.434862
vt 0.577046 1.420495
vt 0.551713 1.492608
vt 0.575547 1.492635
vt 1.841327 0.696449
vt 1.899197 0.696449
vt 1.899197 0.651405
vt 1.841327 0.651405
vt 1.734602 0.696449
vt 1.734602 0.731662
vt 1.787962 0.731662
vt 1.787962 0.696449
vt 1.787962 0.651405
vt 1.841327 0.731662
vt 1.899198 0.731662
vt 0.594993 1.550467
vt 0.608608 1.539894
vt 0.592740 1.492653
vt 1.734602 0.651405
vt 1.676723 0.651405
vt 1.676724 0.696449
vt 0.310247 1.445476
vt 0.296667 1.434862
vt 0.277080 1.492635
vt 0.294273 1.492653
vt 1.950356 0.696449
vt 1.950356 0.651405
vt 0.651272 1.586435
vt 0.653799 1.567841
vt 0.653970 1.417711
vt 0.651556 1.399153
vt 0.608715 1.445476
vt 0.646019 1.376570
vt 0.576866 1.564774
vt 0.645598 1.608904
vt 0.717870 1.409645
vt 0.715030 1.389756
vt 1.625566 0.696449
vt 1.625566 0.731662
vt 1.676723 0.731662
vt 0.715143 1.595742
vt 0.717870 1.575888
vt 1.625566 0.651405
vt 0.711235 1.365991
vt 0.711370 1.619833
vt 1.950356 0.731662
vt 0.278578 1.420495
vt 0.253246 1.492608
vt 1.195820 0.732838
vt 1.195820 0.763594
vt 1.256913 0.763594
vt 1.256913 0.732838
vt 1.318012 0.732838
vt 1.318012 0.693496
vt 1.256913 0.693496
vt 0.757949 1.445476
vt 0.744369 1.434862
vt 0.724781 1.492635
vt 0.741974 1.492653
vt 1.318012 0.763594
vt 1.384269 0.763594
vt 1.384269 0.732838
vt 0.296526 1.550467
vt 0.310140 1.539894
vt 1.195820 0.693496
vt 1.129554 0.693496
vt 1.129554 0.732838
vt 1.129554 0.763594
vt 1.442840 0.732838
vt 1.442840 0.693496
vt 1.384269 0.693496
vt 0.352805 1.586435
vt 0.355332 1.567841
vt 0.355502 1.417711
vt 0.353088 1.399153
vt 0.347552 1.376570
vt 0.278399 1.564774
vt 0.347131 1.608904
vt 0.419402 1.409645
vt 0.416563 1.389756
vt 1.070983 0.732838
vt 1.070983 0.763594
vt 0.416675 1.595742
vt 0.419402 1.575888
vt 1.070983 0.693496
vt 0.412767 1.365990
vt 0.412902 1.619833
vt 1.442840 0.763594
vt 0.726279 1.420495
vt 0.700947 1.492608
vt 1.369407 0.832240
vt 1.369407 0.789247
vt 1.308775 0.789247
vt 1.308775 0.832240
vt 1.252863 0.865849
vt 1.252863 0.832240
vt 1.252863 0.789248
vt 1.308775 0.865849
vt 1.369407 0.865849
vt 0.744227 1.550467
vt 0.757841 1.539894
vt 1.196957 0.789247
vt 1.136317 0.789248
vt 1.423006 0.832240
vt 1.423006 0.789248
vt 0.800506 1.586435
vt 0.803033 1.567841
vt 0.803203 1.417711
vt 0.800790 1.399154
vt 0.795253 1.376570
vt 0.726100 1.564774
vt 0.794832 1.608904
vt 0.867104 1.409645
vt 0.864264 1.389756
vt 1.082718 0.832240
vt 1.082718 0.865849
vt 0.864377 1.595742
vt 0.867104 1.575888
vt 1.082718 0.789248
vt 0.860468 1.365991
vt 0.860603 1.619833
vt 1.423006 0.865849
vt 1.725810 0.842011
vt 1.984456 1.409972
vt 2.043109 1.409972
vt 2.043108 1.368989
vt 1.984456 1.368989
vt 1.984456 1.442011
vt 2.043108 1.442011
vt 2.106713 1.409972
vt 2.106712 1.368989
vt 2.106713 1.442011
vt 0.626313 2.092635
vt 0.645760 2.150467
vt 0.659374 2.139895
vt 0.643506 2.092654
vt 1.925810 1.409972
vt 1.925810 1.368989
vt 1.862198 1.368989
vt 1.862198 1.409972
vt 1.336317 1.465849
vt 1.396957 1.465849
vt 1.396957 1.432240
vt 1.336317 1.432240
vt 2.162939 1.409972
vt 2.162939 1.368989
vt 0.702039 2.186436
vt 0.704566 2.167841
vt 0.645901 2.034862
vt 0.627812 2.020496
vt 0.602480 2.092608
vt 0.704736 2.017712
vt 0.702322 1.999154
vt 0.659481 2.045476
vt 0.696786 1.976570
vt 0.627633 2.164774
vt 0.696365 2.208905
vt 0.768636 2.009645
vt 0.765796 1.989756
vt 1.805972 1.409972
vt 1.805972 1.442011
vt 1.862198 1.442011
vt 0.765909 2.195742
vt 0.768636 2.175888
vt 1.805972 1.368989
vt 0.762001 1.965991
vt 0.762136 2.219833
vt 2.162939 1.442011
vt 0.795135 2.034862
vt 0.777046 2.020495
vt 0.751713 2.092608
vt 0.775547 2.092635
vt 2.041327 1.296449
vt 2.099198 1.296449
vt 2.099198 1.251405
vt 2.041327 1.251405
vt 1.934602 1.296449
vt 1.934602 1.331662
vt 1.987962 1.331662
vt 1.987962 1.296449
vt 1.987962 1.251405
vt 2.041327 1.331662
vt 2.099198 1.331662
vt 0.794993 2.150467
vt 0.808608 2.139894
vt 0.792740 2.092654
vt 1.934602 1.251405
vt 1.876724 1.251405
vt 1.876724 1.296449
vt 0.510247 2.045475
vt 0.496667 2.034862
vt 0.477080 2.092635
vt 0.494273 2.092654
vt 2.150356 1.296449
vt 2.150356 1.251405
vt 0.851272 2.186435
vt 0.853799 2.167841
vt 0.853970 2.017711
vt 0.851556 1.999153
vt 0.808715 2.045476
vt 0.846019 1.976570
vt 0.776866 2.164774
vt 0.845598 2.208904
vt 0.917870 2.009645
vt 0.915030 1.989756
vt 1.825566 1.296449
vt 1.825566 1.331662
vt 1.876724 1.331662
vt 0.915143 2.195742
vt 0.917870 2.175888
vt 1.825566 1.251405
vt 0.911234 1.965990
vt 0.911370 2.219833
vt 2.150356 1.331662
vt 0.478578 2.020495
vt 0.453246 2.092608
vt 1.395820 1.332838
vt 1.395820 1.363594
vt 1.456913 1.363594
vt 1.456913 1.332838
vt 1.518012 1.332838
vt 1.518012 1.293496
vt 1.456913 1.293496
vt 0.957949 2.045476
vt 0.944369 2.034862
vt 0.924781 2.092635
vt 0.941974 2.092654
vt 1.518012 1.363594
vt 1.584269 1.363594
vt 1.584269 1.332838
vt 0.496526 2.150467
vt 0.510140 2.139894
vt 1.395820 1.293496
vt 1.329554 1.293496
vt 1.329554 1.332838
vt 1.329554 1.363594
vt 1.642840 1.332838
vt 1.642840 1.293496
vt 1.584269 1.293496
vt 0.552805 2.186435
vt 0.555332 2.167841
vt 0.555502 2.017711
vt 0.553088 1.999153
vt 0.547552 1.976570
vt 0.478399 2.164774
vt 0.547131 2.208904
vt 0.619402 2.009645
vt 0.616563 1.989756
vt 1.270983 1.332838
vt 1.270983 1.363594
vt 0.616675 2.195742
vt 0.619402 2.175888
vt 1.270983 1.293496
vt 0.612767 1.965990
vt 0.612902 2.219833
vt 1.642840 1.363594
vt 0.926280 2.020495
vt 0.900947 2.092608
vt 1.569407 1.432240
vt 1.569407 1.389248
vt 1.508775 1.389248
vt 1.508775 1.432240
vt 1.452863 1.465849
vt 1.452863 1.432240
vt 1.452863 1.389248
vt 1.508775 1.465849
vt 1.569407 1.465849
vt 0.944227 2.150467
vt 0.957841 2.139894
vt 1.396957 1.389248
vt 1.336317 1.389248
vt 1.623006 1.432240
vt 1.623006 1.389248
vt 1.000506 2.186435
vt 1.003033 2.167841
vt 1.003203 2.017711
vt 1.000790 1.999153
vt 0.995253 1.976570
vt 0.926100 2.164774
vt 0.994832 2.208904
vt 1.067104 2.009645
vt 1.064264 1.989756
vt 1.282718 1.432240
vt 1.282718 1.465849
vt 1.064377 2.195742
vt 1.067104 2.175888
vt 1.282718 1.389248
vt 1.060468 1.965991
vt 1.060603 2.219833
vt 1.623006 1.465849
vt 1.925810 1.442011
vt 2.184456 2.009972
vt 2.243109 2.009972
vt 2.243108 1.968989
vt 2.184456 1.968989
vt 2.184456 2.042011
vt 2.243109 2.042011
vt 2.306713 2.009972
vt 2.306712 1.968989
vt 2.306712 2.042011
vt 0.826313 2.692635
vt 0.845760 2.750467
vt 0.859374 2.739895
vt 0.843506 2.692654
vt 2.125810 2.009972
vt 2.125810 1.968989
vt 2.062198 1.968989
vt 2.062198 2.009972
vt 1.536317 2.065849
vt 1.596957 2.065849
vt 1.596957 2.032240
vt 1.536317 2.032240
vt 2.362939 2.009972
vt 2.362939 1.968989
vt 0.902038 2.786436
vt 0.904565 2.767841
vt 0.845901 2.634862
vt 0.827812 2.620496
vt 0.802480 2.692608
vt 0.904736 2.617712
vt 0.902322 2.599154
vt 0.859481 2.645476
vt 0.896786 2.576570
vt 0.827633 2.764774
vt 0.896365 2.808905
vt 0.968636 2.609645
vt 0.965796 2.589756
vt 2.005971 2.009972
vt 2.005972 2.042011
vt 2.062198 2.042011
vt 0.965909 2.795742
vt 0.968636 2.775888
vt 2.005972 1.968989
vt 0.962001 2.565990
vt 0.962136 2.819833
vt 2.362939 2.042011
vt 0.995135 2.634862
vt 0.977046 2.620495
vt 0.951713 2.692608
vt 0.975547 2.692635
vt 2.241327 1.896449
vt 2.299197 1.896449
vt 2.299197 1.851405
vt 2.241327 1.851405
vt 2.134602 1.896449
vt 2.134602 1.931662
vt 2.187962 1.931662
vt 2.187962 1.896449
vt 2.187962 1.851405
vt 2.241327 1.931662
vt 2.299198 1.931662
vt 0.994993 2.750467
vt 1.008608 2.739894
vt 0.992740 2.692653
vt 2.134602 1.851405
vt 2.076724 1.851405
vt 2.076724 1.896449
vt 0.710248 2.645476
vt 0.696667 2.634862
vt 0.677080 2.692635
vt 0.694273 2.692653
vt 2.350356 1.896449
vt 2.350356 1.851405
vt 1.051272 2.786435
vt 1.053800 2.767841
vt 1.053970 2.617711
vt 1.051556 2.599153
vt 1.008715 2.645476
vt 1.046019 2.576570
vt 0.976866 2.764774
vt 1.045598 2.808904
vt 1.117870 2.609645
vt 1.115030 2.589755
vt 2.025566 1.896449
vt 2.025566 1.931662
vt 2.076724 1.931662
vt 1.115143 2.795742
vt 1.117870 2.775887
vt 2.025566 1.851405
vt 1.111235 2.565990
vt 1.111370 2.819833
vt 2.350356 1.931662
vt 0.678578 2.620495
vt 0.653246 2.692608
vt 1.595820 1.932838
vt 1.595820 1.963594
vt 1.656913 1.963594
vt 1.656913 1.932838
vt 1.718012 1.932838
vt 1.718012 1.893496
vt 1.656913 1.893496
vt 1.157949 2.645476
vt 1.144369 2.634862
vt 1.124781 2.692635
vt 1.141974 2.692653
vt 1.718012 1.963594
vt 1.784268 1.963594
vt 1.784269 1.932838
vt 0.696526 2.750467
vt 0.710140 2.739894
vt 1.595820 1.893496
vt 1.529554 1.893496
vt 1.529554 1.932838
vt 1.529554 1.963594
vt 1.842840 1.932838
vt 1.842840 1.893496
vt 1.784268 1.893496
vt 0.752805 2.786435
vt 0.755332 2.767841
vt 0.755502 2.617711
vt 0.753088 2.599153
vt 0.747552 2.576570
vt 0.678399 2.764774
vt 0.747131 2.808904
vt 0.819402 2.609645
vt 0.816563 2.589755
vt 1.470983 1.932838
vt 1.470983 1.963594
vt 0.816675 2.795742
vt 0.819402 2.775887
vt 1.470983 1.893496
vt 0.812767 2.565990
vt 0.812902 2.819833
vt 1.842840 1.963594
vt 1.126279 2.620495
vt 1.100947 2.692608
vt 1.769407 2.032240
vt 1.769407 1.989247
vt 1.708775 1.989247
vt 1.708775 2.032239
vt 1.652863 2.065849
vt 1.652863 2.032240
vt 1.652863 1.989247
vt 1.708775 2.065849
vt 1.769407 2.065849
vt 1.144227 2.750467
vt 1.157841 2.739894
vt 1.596957 1.989247
vt 1.536317 1.989247
vt 1.823006 2.032240
vt 1.823006 1.989247
vt 1.200506 2.786435
vt 1.203033 2.767841
vt 1.203203 2.617711
vt 1.200790 2.599153
vt 1.195253 2.576570
vt 1.126100 2.764774
vt 1.194832 2.808904
vt 1.267104 2.609645
vt 1.264264 2.589756
vt 1.482718 2.032240
vt 1.482718 2.065849
vt 1.264377 2.795742
vt 1.267104 2.775887
vt 1.482718 1.989247
vt 1.260468 2.565990
vt 1.260603 2.819833
vt 1.823006 2.065849
vt 2.125810 2.042011
vt 1.884456 1.109972
vt 1.943109 1.109972
vt 1.943108 1.068989
vt 1.884456 1.068989
vt 1.884456 1.142011
vt 1.943108 1.142011
vt 2.006713 1.109972
vt 2.006712 1.068988
vt 2.006712 1.142011
vt 0.526313 1.792635
vt 0.545760 1.850467
vt 0.559374 1.839895
vt 0.543506 1.792654
vt 1.825810 1.109972
vt 1.825810 1.068989
vt 1.762198 1.068988
vt 1.762198 1.109972
vt 1.236317 1.165849
vt 1.296957 1.165849
vt 1.296957 1.132240
vt 1.236317 1.132240
vt 2.062939 1.109972
vt 2.062939 1.068989
vt 0.602039 1.886436
vt 0.604566 1.867841
vt 0.545901 1.734862
vt 0.527812 1.720496
vt 0.502480 1.792608
vt 0.604736 1.717712
vt 0.602322 1.699154
vt 0.559481 1.745476
vt 0.596786 1.676570
vt 0.527633 1.864774
vt 0.596365 1.908905
vt 0.668636 1.709646
vt 0.665796 1.689756
vt 1.705971 1.109972
vt 1.705972 1.142011
vt 1.762198 1.142011
vt 0.665909 1.895742
vt 0.668636 1.875888
vt 1.705972 1.068989
vt 0.662001 1.665991
vt 0.662136 1.919833
vt 2.062939 1.142011
vt 0.695135 1.734862
vt 0.677046 1.720495
vt 0.651713 1.792608
vt 0.675547 1.792635
vt 1.941327 0.996449
vt 1.999197 0.996449
vt 1.999197 0.951405
vt 1.941327 0.951405
vt 1.834602 0.996449
vt 1.834602 1.031662
vt 1.887962 1.031662
vt 1.887962 0.996449
vt 1.887962 0.951405
vt 1.941327 1.031662
vt 1.999198 1.031662
vt 0.694993 1.850467
vt 0.708608 1.839894
vt 0.692740 1.792654
vt 1.834602 0.951405
vt 1.776724 0.951405
vt 1.776724 0.996449
vt 0.410248 1.745476
vt 0.396667 1.734862
vt 0.377080 1.792635
vt 0.394273 1.792654
vt 2.050356 0.996449
vt 2.050356 0.951405
vt 0.751272 1.886435
vt 0.753799 1.867841
vt 0.753970 1.717711
vt 0.751556 1.699153
vt 0.708715 1.745476
vt 0.746019 1.676570
vt 0.676866 1.864774
vt 0.745598 1.908904
vt 0.817870 1.709645
vt 0.815030 1.689756
vt 1.725566 0.996449
vt 1.725566 1.031662
vt 1.776724 1.031662
vt 0.815143 1.895742
vt 0.817870 1.875888
vt 1.725566 0.951405
vt 0.811234 1.665990
vt 0.811370 1.919833
vt 2.050356 1.031662
vt 0.378578 1.720495
vt 0.353246 1.792608
vt 1.295820 1.032838
vt 1.295820 1.063594
vt 1.356913 1.063594
vt 1.356913 1.032838
vt 1.418012 1.032838
vt 1.418012 0.993496
vt 1.356913 0.993496
vt 0.857949 1.745476
vt 0.844369 1.734862
vt 0.824781 1.792635
vt 0.841974 1.792654
vt 1.418012 1.063594
vt 1.484269 1.063594
vt 1.484269 1.032838
vt 0.396526 1.850467
vt 0.410140 1.839895
vt 1.295820 0.993496
vt 1.229554 0.993496
vt 1.229554 1.032838
vt 1.229554 1.063594
vt 1.542840 1.032838
vt 1.542840 0.993496
vt 1.484269 0.993496
vt 0.452805 1.886435
vt 0.455332 1.867841
vt 0.455502 1.717711
vt 0.453088 1.699153
vt 0.447552 1.676570
vt 0.378399 1.864774
vt 0.447131 1.908904
vt 0.519402 1.709645
vt 0.516563 1.689756
vt 1.170983 1.032838
vt 1.170983 1.063594
vt 0.516675 1.895742
vt 0.519402 1.875888
vt 1.170983 0.993496
vt 0.512767 1.665990
vt 0.512902 1.919833
vt 1.542840 1.063594
vt 0.826280 1.720495
vt 0.800947 1.792608
vt 1.469407 1.132240
vt 1.469407 1.089247
vt 1.408775 1.089247
vt 1.408775 1.132240
vt 1.352863 1.165849
vt 1.352863 1.132240
vt 1.352863 1.089247
vt 1.408775 1.165849
vt 1.469407 1.165849
vt 0.844227 1.850467
vt 0.857841 1.839894
vt 1.296957 1.089247
vt 1.236317 1.089247
vt 1.523006 1.132240
vt 1.523006 1.089247
vt 0.900506 1.886435
vt 0.903033 1.867841
vt 0.903203 1.717711
vt 0.900790 1.699154
vt 0.895253 1.676570
vt 0.826100 1.864774
vt 0.894832 1.908904
vt 0.967104 1.709645
vt 0.964264 1.689756
vt 1.182718 1.132240
vt 1.182718 1.165849
vt 0.964377 1.895742
vt 0.967104 1.875888
vt 1.182718 1.089247
vt 0.960468 1.665991
vt 0.960603 1.919833
vt 1.523006 1.165849
vt 1.825810 1.142011
vt 2.084456 1.709972
vt 2.143109 1.709972
vt 2.143108 1.668989
vt 2.084456 1.668989
vt 2.084456 1.742011
vt 2.143109 1.742011
vt 2.206713 1.709972
vt 2.206712 1.668989
vt 2.206712 1.742011
vt 0.726313 2.392635
vt 0.745760 2.450467
vt 0.759374 2.439895
vt 0.743506 2.392654
vt 2.025810 1.709972
vt 2.025810 1.668989
vt 1.962198 1.668989
vt 1.962198 1.709972
vt 1.436317 1.765849
vt 1.496957 1.765849
vt 1.496957 1.732240
vt 1.436317 1.732240
vt 2.262939 1.709972
vt 2.262939 1.668989
vt 0.802038 2.486436
vt 0.804565 2.467841
vt 0.745901 2.334862
vt 0.727812 2.320496
vt 0.702480 2.392608
vt 0.804736 2.317712
vt 0.802322 2.299154
vt 0.759481 2.345476
vt 0.796786 2.276570
vt 0.727633 2.464774
vt 0.796365 2.508905
vt 0.868636 2.309645
vt 0.865796 2.289756
vt 1.905972 1.709972
vt 1.905972 1.742011
vt 1.962198 1.742011
vt 0.865909 2.495742
vt 0.868636 2.475888
vt 1.905972 1.668989
vt 0.862001 2.265990
vt 0.862136 2.519833
vt 2.262939 1.742011
vt 0.895135 2.334862
vt 0.877046 2.320495
vt 0.851713 2.392608
vt 0.875547 2.392635
vt 2.141327 1.596449
vt 2.199198 1.596449
vt 2.199198 1.551405
vt 2.141327 1.551405
vt 2.034602 1.596449
vt 2.034602 1.631662
vt 2.087962 1.631662
vt 2.087962 1.596449
vt 2.087962 1.551405
vt 2.141327 1.631662
vt 2.199198 1.631662
vt 0.894993 2.450467
vt 0.908607 2.439894
vt 0.892740 2.392653
vt 2.034602 1.551405
vt 1.976724 1.551405
vt 1.976724 1.596449
vt 0.610247 2.345476
vt 0.596667 2.334862
vt 0.577080 2.392635
vt 0.594273 2.392653
vt 2.250356 1.596449
vt 2.250356 1.551405
vt 0.951272 2.486435
vt 0.953799 2.467841
vt 0.953970 2.317711
vt 0.951556 2.299153
vt 0.908715 2.345476
vt 0.946019 2.276570
vt 0.876866 2.464774
vt 0.945598 2.508904
vt 1.017870 2.309645
vt 1.015030 2.289755
vt 1.925566 1.596449
vt 1.925566 1.631662
vt 1.976724 1.631662
vt 1.015143 2.495742
vt 1.017870 2.475888
vt 1.925566 1.551405
vt 1.011235 2.265990
vt 1.011370 2.519833
vt 2.250356 1.631662
vt 0.578578 2.320495
vt 0.553246 2.392608
vt 1.495820 1.632838
vt 1.495820 1.663594
vt 1.556913 1.663594
vt 1.556913 1.632838
vt 1.618012 1.632838
vt 1.618012 1.593496
vt 1.556913 1.593496
vt 1.057949 2.345476
vt 1.044369 2.334862
vt 1.024781 2.392635
vt 1.041974 2.392653
vt 1.618012 1.663594
vt 1.684269 1.663594
vt 1.684269 1.632838
vt 0.596526 2.450467
vt 0.610140 2.439894
vt 1.495820 1.593496
vt 1.429554 1.593496
vt 1.429554 1.632838
vt 1.429554 1.663594
vt 1.742840 1.632838
vt 1.742840 1.593496
vt 1.684269 1.593496
vt 0.652805 2.486435
vt 0.655332 2.467841
vt 0.655502 2.317711
vt 0.653088 2.299153
vt 0.647552 2.276570
vt 0.578399 2.464774
vt 0.647131 2.508904
vt 0.719402 2.309645
vt 0.716563 2.289755
vt 1.370983 1.632838
vt 1.370983 1.663594
vt 0.716675 2.495742
vt 0.719402 2.475888
vt 1.370983 1.593496
vt 0.712767 2.265990
vt 0.712902 2.519833
vt 1.742840 1.663594
vt 1.026279 2.320495
vt 1.000947 2.392608
vt 1.669407 1.732240
vt 1.669407 1.689247
vt 1.608775 1.689247
vt 1.608775 1.732240
vt 1.552863 1.765849
vt 1.552863 1.732240
vt 1.552863 1.689247
vt 1.608775 1.765849
vt 1.669407 1.765849
vt 1.044227 2.450467
vt 1.057841 2.439894
vt 1.496957 1.689247
vt 1.436317 1.689247
vt 1.723006 1.732240
vt 1.723006 1.689247
vt 1.100506 2.486435
vt 1.103033 2.467841
vt 1.103203 2.317711
vt 1.100790 2.299153
vt 1.095253 2.276570
vt 1.026100 2.464774
vt 1.094832 2.508904
vt 1.167104 2.309645
vt 1.164264 2.289756
vt 1.382718 1.732240
vt 1.382718 1.765849
vt 1.164377 2.495742
vt 1.167104 2.475888
vt 1.382718 1.689247
vt 1.160468 2.265990
vt 1.160603 2.519833
vt 1.723006 1.765849
vt 2.025810 1.742011
vt 2.284456 2.309972
vt 2.343109 2.309972
vt 2.343108 2.268989
vt 2.284456 2.268989
vt 2.284456 2.342011
vt 2.343108 2.342011
vt 2.406713 2.309972
vt 2.406712 2.268989
vt 2.406713 2.342011
vt 0.926313 2.992635
vt 0.945760 3.050467
vt 0.959374 3.039895
vt 0.943506 2.992654
vt 2.225810 2.309972
vt 2.225810 2.268989
vt 2.162198 2.268989
vt 2.162198 2.309972
vt 1.636317 2.365849
vt 1.696957 2.365849
vt 1.696957 2.332240
vt 1.636317 2.332240
vt 2.462939 2.309972
vt 2.462939 2.268989
vt 1.002038 3.086436
vt 1.004565 3.067841
vt 0.945901 2.934862
vt 0.927812 2.920496
vt 0.902480 2.992609
vt 1.004736 2.917712
vt 1.002322 2.899154
vt 0.959481 2.945476
vt 0.996786 2.876570
vt 0.927633 3.064774
vt 0.996365 3.108905
vt 1.068636 2.909646
vt 1.065796 2.889756
vt 2.105972 2.309972
vt 2.105972 2.342011
vt 2.162198 2.342011
vt 1.065909 3.095742
vt 1.068636 3.075888
vt 2.105972 2.268989
vt 1.062001 2.865991
vt 1.062136 3.119833
vt 2.462939 2.342011
vt 1.095135 2.934862
vt 1.077046 2.920496
vt 1.051713 2.992608
vt 1.075547 2.992635
vt 2.341327 2.196449
vt 2.399198 2.196449
vt 2.399198 2.151405
vt 2.341327 2.151405
vt 2.234602 2.196449
vt 2.234602 2.231662
vt 2.287962 2.231662
vt 2.287962 2.196449
vt 2.287962 2.151405
vt 2.341327 2.231662
vt 2.399198 2.231662
vt 1.094993 3.050467
vt 1.108608 3.039894
vt 1.092740 2.992653
vt 2.234602 2.151405
vt 2.176723 2.151405
vt 2.176724 2.196449
vt 0.810248 2.945476
vt 0.796667 2.934862
vt 0.777080 2.992635
vt 0.794273 2.992653
vt 2.450356 2.196449
vt 2.450356 2.151405
vt 1.151272 3.086435
vt 1.153799 3.067841
vt 1.153970 2.917711
vt 1.151556 2.899153
vt 1.108715 2.945476
vt 1.146019 2.876570
vt 1.076866 3.064774
vt 1.145598 3.108904
vt 1.217870 2.909645
vt 1.215030 2.889755
vt 2.125566 2.196449
vt 2.125566 2.231662
vt 2.176723 2.231662
vt 1.215143 3.095742
vt 1.217870 3.075888
vt 2.125566 2.151405
vt 1.211235 2.865990
vt 1.211370 3.119833
vt 2.450356 2.231662
vt 0.778578 2.920495
vt 0.753246 2.992608
vt 1.695820 2.232838
vt 1.695820 2.263594
vt 1.756913 2.263594
vt 1.756913 2.232838
vt 1.818012 2.232838
vt 1.818012 2.193496
vt 1.756913 2.193496
vt 1.257949 2.945476
vt 1.244369 2.934862
vt 1.224781 2.992635
vt 1.241974 2.992653
vt 1.818012 2.263594
vt 1.884269 2.263594
vt 1.884269 2.232838
vt 0.796526 3.050467
vt 0.810140 3.039895
vt 1.695820 2.193496
vt 1.629554 2.193496
vt 1.629554 2.232838
vt 1.629554 2.263594
vt 1.942840 2.232838
vt 1.942840 2.193496
vt 1.884269 2.193496
vt 0.852805 3.086435
vt 0.855332 3.067841
vt 0.855502 2.917711
vt 0.853088 2.899153
vt 0.847552 2.876570
vt 0.778399 3.064774
vt 0.847131 3.108904
vt 0.919402 2.909645
vt 0.916563 2.889755
vt 1.570983 2.232838
vt 1.570983 2.263594
vt 0.916675 3.095742
vt 0.919402 3.075888
vt 1.570983 2.193496
vt 0.912767 2.865990
vt 0.912902 3.119833
vt 1.942840 2.263594
vt 1.226279 2.920496
vt 1.200947 2.992608
vt 1.869407 2.332240
vt 1.869407 2.289248
vt 1.808775 2.289248
vt 1.808775 2.332240
vt 1.752863 2.365849
vt 1.752863 2.332240
vt 1.752863 2.289248
vt 1.808775 2.365849
vt 1.869407 2.365849
vt 1.244227 3.050467
vt 1.257841 3.039894
vt 1.696957 2.289248
vt 1.636317 2.289248
vt 1.923006 2.332240
vt 1.923006 2.289248
vt 1.300506 3.086435
vt 1.303033 3.067841
vt 1.303203 2.917711
vt 1.300790 2.899153
vt 1.295253 2.876570
vt 1.226100 3.064774
vt 1.294832 3.108904
vt 1.367104 2.909645
vt 1.364264 2.889756
vt 1.582718 2.332240
vt 1.582718 2.365849
vt 1.364377 3.095742
vt 1.367104 3.075888
vt 1.582718 2.289248
vt 1.360468 2.865991
vt 1.360603 3.119833
vt 1.923006 2.365849
vt 2.225810 2.342011
vn 0.0001 -0.7082 -0.7060
vn 0.0000 -0.7489 -0.6627
vn 0.4616 -0.7214 -0.5162
vn 0.4929 -0.6941 -0.5247
vn 0.0001 -0.2745 -0.9616
vn 0.8032 -0.2408 -0.5449
vn 0.6928 -0.6515 -0.3092
vn 0.6853 -0.6609 -0.3059
vn 0.8899 -0.2283 -0.3948
vn 0.0001 0.3907 -0.9205
vn -0.0000 0.9997 -0.0230
vn 0.0155 0.9997 -0.0176
vn 0.6123 0.3897 -0.6879
vn -0.4929 -0.6941 -0.5247
vn -0.6928 -0.6515 -0.3091
vn -0.6853 -0.6609 -0.3058
vn -0.4615 -0.7215 -0.5162
vn 0.3947 -0.2283 -0.8900
vn 0.3091 -0.6515 -0.6928
vn 0.5247 -0.6941 -0.4929
vn 0.5448 -0.2407 -0.8033
vn 0.7942 -0.6076 -0.0003
vn 0.8262 -0.5634 0.0003
vn 0.0033 1.0000 -0.0008
vn 0.8667 0.3214 -0.3816
vn -0.6123 0.3897 -0.6879
vn 0.0001 0.3021 -0.9533
vn -0.6341 0.3020 -0.7119
vn -0.0033 1.0000 -0.0008
vn -0.0154 0.9997 -0.0176
vn -0.8667 0.3215 -0.3815
vn -0.8748 0.2890 -0.3888
vn 0.6340 0.3020 -0.7119
vn 0.8748 0.2890 -0.3889
vn -0.9106 0.4133 0.0000
vn -0.0099 1.0000 0.0000
vn -0.8900 -0.2283 -0.3947
vn -0.9777 -0.2102 0.0009
vn -0.8262 -0.5634 -0.0001
vn 0.0099 1.0000 -0.0002
vn 0.9106 0.4133 0.0000
vn -0.7942 -0.6076 -0.0003
vn -0.9500 0.3123 0.0000
vn 0.9500 0.3123 0.0000
vn 0.9776 -0.2102 0.0009
vn -0.6879 0.3897 0.6123
vn -0.9205 0.3907 -0.0001
vn -0.9533 0.3021 -0.0001
vn -0.7119 0.3020 0.6341
vn -0.5247 -0.6941 -0.4929
vn -0.5162 -0.7214 -0.4616
vn -0.3059 -0.6609 -0.6853
vn -0.3092 -0.6515 -0.6928
vn -0.5247 -0.6941 0.4928
vn -0.7060 -0.7082 -0.0001
vn -0.9616 -0.2744 -0.0001
vn -0.5448 -0.2407 0.8033
vn -0.6627 -0.7489 -0.0000
vn -0.5449 -0.2408 -0.8032
vn -0.3948 -0.2283 -0.8899
vn -0.0230 0.9997 0.0000
vn -0.0176 0.9997 -0.0155
vn -0.6879 0.3897 -0.6123
vn -0.3091 -0.6515 0.6928
vn -0.3058 -0.6609 0.6853
vn -0.5162 -0.7215 0.4615
vn 0.0155 0.9997 0.0176
vn 0.0000 0.9997 0.0230
vn -0.0001 0.3907 0.9205
vn 0.6123 0.3897 0.6879
vn -0.0003 -0.6076 -0.7942
vn 0.0003 -0.5634 -0.8262
vn -0.0008 1.0000 -0.0033
vn -0.3816 0.3214 -0.8667
vn -0.0008 1.0000 0.0033
vn -0.0175 0.9997 0.0155
vn -0.3815 0.3215 0.8667
vn -0.3888 0.2890 0.8748
vn -0.7119 0.3020 -0.6340
vn -0.3889 0.2890 -0.8748
vn 0.0000 0.4133 0.9106
vn 0.0000 1.0000 0.0099
vn -0.3947 -0.2283 0.8900
vn 0.0009 -0.2102 0.9776
vn -0.0001 -0.5634 0.8262
vn 0.0001 1.0000 -0.0099
vn 0.0000 0.4133 -0.9106
vn -0.0003 -0.6076 0.7942
vn 0.0000 0.3123 0.9500
vn 0.0000 0.3123 -0.9500
vn 0.0009 -0.2102 -0.9776
vn -0.0001 0.3021 0.9533
vn 0.6341 0.3020 0.7119
vn 0.4928 -0.6941 0.5247
vn -0.0001 -0.7082 0.7060
vn -0.0001 -0.2745 0.9616
vn 0.8033 -0.2407 0.5448
vn -0.4929 -0.6941 0.5247
vn -0.0000 -0.7489 0.6627
vn -0.4616 -0.7214 0.5162
vn 0.0176 0.9997 -0.0155
vn 0.0230 0.9997 -0.0000
vn 0.9205 0.3907 0.0001
vn 0.6879 0.3897 -0.6123
vn -0.6928 -0.6515 0.3092
vn -0.8899 -0.2283 0.3948
vn -0.8032 -0.2408 0.5449
vn -0.0155 0.9997 0.0176
vn -0.6123 0.3897 0.6879
vn 0.6928 -0.6515 0.3091
vn 0.6853 -0.6609 0.3058
vn 0.4615 -0.7215 0.5162
vn 0.8900 -0.2283 0.3947
vn -0.6853 -0.6609 0.3059
vn -0.7942 -0.6076 0.0003
vn -0.8262 -0.5634 -0.0003
vn -0.0033 1.0000 0.0008
vn -0.8667 0.3214 0.3816
vn 0.0033 1.0000 0.0008
vn 0.8667 0.3215 0.3815
vn 0.8748 0.2890 0.3888
vn -0.6340 0.3020 0.7119
vn -0.8748 0.2890 0.3889
vn 0.9106 0.4133 -0.0001
vn 0.0099 1.0000 0.0000
vn 0.9776 -0.2102 -0.0009
vn 0.8262 -0.5634 0.0002
vn 0.7942 -0.6076 0.0003
vn -0.9777 -0.2102 -0.0009
vn 0.9533 0.3021 0.0001
vn 0.7119 0.3020 -0.6341
vn 0.3092 -0.6515 0.6928
vn 0.5247 -0.6941 0.4929
vn 0.5162 -0.7214 0.4616
vn 0.3059 -0.6609 0.6853
vn 0.7060 -0.7082 0.0001
vn 0.9616 -0.2744 0.0001
vn 0.6627 -0.7489 0.0000
vn 0.5449 -0.2408 0.8032
vn 0.3948 -0.2283 0.8899
vn 0.0176 0.9997 0.0155
vn 0.6879 0.3897 0.6123
vn 0.3058 -0.6609 -0.6853
vn 0.5162 -0.7215 -0.4615
vn 0.0003 -0.6076 0.7942
vn -0.0003 -0.5634 0.8262
vn 0.0008 1.0000 0.0033
vn 0.3816 0.3214 0.8667
vn 0.0008 1.0000 -0.0033
vn 0.3815 0.3215 -0.8667
vn 0.3888 0.2890 -0.8748
vn 0.7119 0.3020 0.6340
vn 0.3889 0.2890 0.8748
vn 0.0000 1.0000 -0.0099
vn -0.0009 -0.2102 -0.9776
vn 0.0001 -0.5634 -0.8262
vn -0.0001 1.0000 0.0099
vn 0.0003 -0.6076 -0.7942
vn -0.0009 -0.2102 0.9776
vn -0.8033 -0.2407 -0.5448
vn -0.0000 -0.7082 -0.7060
vn -0.9616 -0.2745 -0.0001
vn 0.8262 -0.5634 0.0001
vn 0.0001 1.0000 0.0099
vn 0.8032 -0.2407 -0.5448
vn -0.0000 0.3907 -0.9205
vn -0.9106 0.4133 0.0001
vn -0.0001 0.9997 0.0230
vn 0.9106 0.4133 0.0001
vn -0.9106 0.4133 -0.0001
vn 0.0099 1.0000 0.0001
vn 0.0001 0.4133 -0.9106
vn -0.0001 1.0000 -0.0099
vn 0.0001 -0.7082 0.7060
vn 0.4929 -0.6941 0.5247
vn 0.4616 -0.7214 0.5162
vn 0.0001 -0.2745 0.9616
vn 0.8032 -0.2408 0.5449
vn 0.6928 -0.6515 0.3092
vn 0.6853 -0.6609 0.3059
vn 0.8899 -0.2283 0.3948
vn 0.0001 0.3907 0.9205
vn -0.4928 -0.6941 0.5247
vn -0.4615 -0.7215 0.5162
vn -0.6853 -0.6609 0.3058
vn -0.6928 -0.6515 0.3091
vn 0.3947 -0.2283 0.8900
vn 0.5448 -0.2407 0.8033
vn 0.3091 -0.6515 0.6928
vn 0.8667 0.3214 0.3816
vn -0.6341 0.3020 0.7119
vn 0.0001 0.3021 0.9533
vn -0.8667 0.3215 0.3815
vn -0.8748 0.2890 0.3888
vn 0.6340 0.3020 0.7119
vn 0.8748 0.2890 0.3889
vn -0.8900 -0.2283 0.3947
vn -0.7119 0.3020 -0.6341
vn -0.9533 0.3021 0.0001
vn -0.9205 0.3907 0.0001
vn -0.3092 -0.6515 0.6928
vn -0.3059 -0.6609 0.6853
vn -0.5162 -0.7214 0.4616
vn -0.5448 -0.2407 -0.8033
vn -0.9616 -0.2744 0.0001
vn -0.7060 -0.7082 0.0001
vn -0.5449 -0.2408 0.8032
vn -0.3948 -0.2283 0.8899
vn -0.0176 0.9997 0.0155
vn -0.5162 -0.7215 -0.4615
vn -0.3058 -0.6609 -0.6853
vn -0.3091 -0.6515 -0.6928
vn 0.0154 0.9997 -0.0176
vn -0.3816 0.3214 0.8666
vn -0.3815 0.3215 -0.8667
vn -0.3888 0.2890 -0.8748
vn -0.7119 0.3020 0.6340
vn -0.3889 0.2890 0.8748
vn -0.3947 -0.2283 -0.8900
vn 0.6341 0.3020 -0.7119
vn -0.0001 0.3021 -0.9533
vn 0.8033 -0.2407 -0.5448
vn -0.0001 -0.2745 -0.9616
vn -0.0001 -0.7082 -0.7060
vn -0.4616 -0.7214 -0.5162
vn 0.0175 0.9997 0.0155
vn 0.9205 0.3907 -0.0001
vn -0.8032 -0.2408 -0.5449
vn -0.8899 -0.2283 -0.3948
vn -0.6928 -0.6515 -0.3092
vn -0.0155 0.9997 -0.0176
vn 0.4615 -0.7215 -0.5162
vn 0.6853 -0.6609 -0.3058
vn 0.6928 -0.6515 -0.3091
vn 0.8900 -0.2283 -0.3947
vn -0.6853 -0.6609 -0.3059
vn -0.8667 0.3214 -0.3816
vn 0.8667 0.3215 -0.3815
vn 0.8748 0.2890 -0.3888
vn -0.6340 0.3020 -0.7119
vn -0.8748 0.2890 -0.3889
vn 0.7119 0.3020 0.6341
vn 0.9533 0.3021 -0.0001
vn 0.3092 -0.6515 -0.6928
vn 0.3059 -0.6609 -0.6853
vn 0.5162 -0.7214 -0.4616
vn 0.5247 -0.6941 -0.4928
vn 0.9616 -0.2744 -0.0001
vn 0.7060 -0.7082 -0.0001
vn 0.5449 -0.2408 -0.8032
vn 0.3948 -0.2283 -0.8899
vn 0.5162 -0.7215 0.4615
vn 0.3058 -0.6609 0.6853
vn 0.3816 0.3214 -0.8667
vn 0.3815 0.3215 0.8667
vn 0.3888 0.2890 0.8748
vn 0.7119 0.3020 -0.6340
vn 0.3889 0.2890 -0.8748
vn -0.8033 -0.2407 0.5448
vn 0.0001 0.9997 0.0230
vn -0.9616 -0.2745 0.0001
vn -0.0001 0.3907 -0.9205
vn 0.0001 0.4133 0.9106
vn -0.0001 0.4133 -0.9106
vn -0.0001 0.4133 0.9106
vn 0.9205 0.3907 -0.0002
vn -0.0230 0.9997 -0.0001
vn 0.0176 0.9997 0.0154
vn 0.0099 1.0000 -0.0001
vn 0.3816 0.3215 -0.8666
vn 0.9205 0.3907 0.0000
vn -0.8262 -0.5634 -0.0002
vn -0.3816 0.3214 0.8667
usemtl sandstone
s 1
f 1880/3705/489 1755/3706/490 1756/3707/491 1877/3708/492
f 1750/3709/493 1880/3705/489 1877/3708/492 1751/3710/494
f 1879/3711/495 1877/3708/492 1756/3707/491 1757/3712/496
f 1879/3711/495 1752/3713/497 1751/3710/494 1877/3708/492
f 1761/3714/498 1760/3715/499 1762/3716/500 1763/3717/501
f 1876/3718/502 1878/3719/503 1758/3720/504 1759/3721/505
f 1837/3722/506 1885/3723/507 1883/3724/508 1838/3725/509
f 1880/3705/489 1876/3718/502 1759/3721/505 1755/3706/490
f 1879/3711/495 1757/3712/496 1772/3726/510 1882/3727/511
f 1762/3716/500 1764/3728/512 1765/3729/513 1763/3717/501
f 1769/3730/514 1761/3714/498 1755/3731/515 1759/3732/516
f 1766/3733/517 1768/3734/518 1769/3730/514 1767/3735/519
f 1767/3735/519 1769/3730/514 1759/3732/516 1758/3736/520
f 1768/3734/518 1760/3715/499 1761/3714/498 1769/3730/514
f 1763/3717/501 1756/3737/521 1755/3731/515 1761/3714/498
f 1763/3717/501 1765/3729/513 1757/3738/522 1756/3737/521
f 1766/3733/517 1767/3735/519 1777/3739/523 1776/3740/524
f 1878/3719/503 1753/3741/525 1771/3742/526 1881/3743/527
f 1765/3729/513 1764/3728/512 1774/3744/528 1775/3745/529
f 1878/3719/503 1881/3743/527 1773/3746/530 1758/3720/504
f 1767/3735/519 1758/3736/520 1773/3747/531 1777/3739/523
f 1757/3738/522 1765/3729/513 1775/3745/529 1772/3748/532
f 1879/3711/495 1882/3727/511 1770/3749/533 1752/3713/497
f 1797/3750/534 1789/3751/535 1783/3752/536 1787/3753/537
f 1853/3754/538 1784/3755/539 1785/3756/540 1849/3757/541
f 1766/3733/517 1776/3740/524 1774/3744/528 1764/3728/512
f 1857/3758/542 1847/3759/543 1778/3760/544 1782/3761/545
f 1853/3754/538 1847/3759/543 1783/3762/546 1784/3755/539
f 1778/3760/544 1847/3759/543 1853/3754/538 1779/3763/547
f 1853/3754/538 1849/3757/541 1780/3764/548 1779/3763/547
f 1789/3751/535 1788/3765/549 1790/3766/550 1791/3767/551
f 1857/3758/542 1852/3768/552 1786/3769/553 1787/3770/554
f 1824/3771/555 1816/3772/556 1817/3773/557 1825/3774/558
f 1849/3757/541 1785/3756/540 1800/3775/559 1844/3776/560
f 1790/3766/550 1792/3777/561 1793/3778/562 1791/3767/551
f 1794/3779/563 1796/3780/564 1797/3750/534 1795/3781/565
f 1795/3781/565 1797/3750/534 1787/3753/537 1786/3782/566
f 1796/3780/564 1788/3765/549 1789/3751/535 1797/3750/534
f 1789/3751/535 1791/3767/551 1784/3783/567 1783/3752/536
f 1791/3767/551 1793/3778/562 1785/3784/568 1784/3783/567
f 1794/3779/563 1795/3781/565 1805/3785/569 1804/3786/570
f 1852/3768/552 1781/3787/571 1799/3788/572 1845/3789/573
f 1793/3778/562 1792/3777/561 1802/3790/574 1803/3791/575
f 1852/3768/552 1845/3789/573 1801/3792/576 1786/3769/553
f 1795/3781/565 1786/3782/566 1801/3793/577 1805/3785/569
f 1785/3784/568 1793/3778/562 1803/3791/575 1800/3794/578
f 1849/3757/541 1844/3776/560 1798/3795/579 1780/3764/548
f 1825/3774/558 1817/3773/557 1811/3796/580 1815/3797/581
f 1792/3777/561 1790/3766/550 1788/3765/549
f 1794/3779/563 1804/3786/570 1802/3790/574 1792/3777/561
f 1875/3798/582 1861/3799/583 1806/3800/584 1810/3801/585
f 1871/3802/586 1861/3799/583 1811/3803/587 1812/3804/588
f 1862/3805/589 1846/3806/590 1848/3807/591 1864/3808/592
f 1871/3802/586 1863/3809/593 1808/3810/594 1807/3811/595
f 1817/3773/557 1816/3772/556 1818/3812/596 1819/3813/597
f 1875/3798/582 1865/3814/598 1814/3815/599 1815/3816/600
f 1875/3798/582 1815/3816/600 1811/3803/587 1861/3799/583
f 1809/3817/601 1865/3814/598 1875/3798/582 1810/3801/585
f 1863/3809/593 1813/3818/602 1828/3819/603 1859/3820/604
f 1818/3812/596 1820/3821/605 1821/3822/606 1819/3813/597
f 1822/3823/607 1824/3771/555 1825/3774/558 1823/3824/608
f 1823/3824/608 1825/3774/558 1815/3797/581 1814/3825/609
f 1857/3758/542 1787/3770/554 1783/3762/546 1847/3759/543
f 1781/3787/571 1852/3768/552 1857/3758/542 1782/3761/545
f 1817/3773/557 1819/3813/597 1812/3826/610 1811/3796/580
f 1819/3813/597 1821/3822/606 1813/3827/611 1812/3826/610
f 1822/3823/607 1823/3824/608 1833/3828/612 1832/3829/613
f 1865/3814/598 1809/3817/601 1827/3830/614 1860/3831/615
f 1821/3822/606 1820/3821/605 1830/3832/524 1831/3833/523
f 1865/3814/598 1860/3831/615 1829/3834/616 1814/3815/599
f 1823/3824/608 1814/3825/609 1829/3835/532 1833/3828/612
f 1813/3827/611 1821/3822/606 1831/3833/523 1828/3836/531
f 1863/3809/593 1859/3820/604 1826/3837/617 1808/3810/594
f 1864/3808/592 1848/3807/591 1839/3838/618 1843/3839/619
f 1886/3840/620 1884/3841/621 1840/3842/622 1841/3843/623
f 1822/3823/607 1832/3829/613 1830/3832/524 1820/3821/605
f 1883/3724/508 1887/3844/624 1834/3845/625 1838/3725/509
f 1887/3844/624 1839/3846/626 1840/3842/622 1884/3841/621
f 1834/3845/625 1887/3844/624 1884/3841/621 1835/3847/627
f 1886/3840/620 1836/3848/628 1835/3847/627 1884/3841/621
f 1848/3807/591 1846/3806/590 1850/3849/629 1851/3850/630
f 1883/3724/508 1885/3723/507 1842/3851/631 1843/3852/632
f 1887/3844/624 1883/3724/508 1843/3852/632 1839/3846/626
f 1886/3840/620 1841/3843/623 1868/3853/633 1889/3854/634
f 1850/3849/629 1854/3855/635 1855/3856/636 1851/3850/630
f 1856/3857/637 1862/3805/589 1864/3808/592 1858/3858/638
f 1858/3858/638 1864/3808/592 1843/3839/619 1842/3859/639
f 1806/3800/584 1861/3799/583 1871/3802/586 1807/3811/595
f 1871/3802/586 1812/3804/588 1813/3818/602 1863/3809/593
f 1848/3807/591 1851/3850/630 1840/3860/640 1839/3838/618
f 1851/3850/630 1855/3856/636 1841/3861/641 1840/3860/640
f 1856/3857/637 1858/3858/638 1874/3862/575 1873/3863/642
f 1885/3723/507 1837/3722/506 1867/3864/643 1888/3865/644
f 1855/3856/636 1854/3855/635 1870/3866/645 1872/3867/569
f 1885/3723/507 1888/3865/644 1869/3868/646 1842/3851/631
f 1858/3858/638 1842/3859/639 1869/3869/578 1874/3862/575
f 1854/3855/635 1850/3849/629 1846/3806/590
f 1841/3861/641 1855/3856/636 1872/3867/569 1868/3870/577
f 1886/3840/620 1889/3854/634 1866/3871/647 1836/3848/628
f 1820/3821/605 1818/3812/596 1816/3772/556
f 1856/3857/637 1873/3863/642 1870/3866/645 1854/3855/635
f 1764/3728/512 1762/3716/500 1760/3715/499
f 1878/3719/503 1876/3718/502 1754/3872/648 1753/3741/525
f 1876/3718/502 1880/3705/489 1750/3709/493 1754/3872/648
f 2020/3873/649 1895/3874/490 1896/3875/491 2017/3876/492
f 1890/3877/493 2020/3873/649 2017/3876/492 1891/3878/494
f 2019/3879/495 2017/3876/492 1896/3875/491 1897/3880/496
f 2019/3879/495 1892/3881/497 1891/3878/494 2017/3876/492
f 1901/3882/498 1900/3883/499 1902/3884/500 1903/3885/501
f 2016/3886/502 2018/3887/503 1898/3888/504 1899/3889/505
f 1977/3890/506 2025/3891/507 2023/3892/508 1978/3893/509
f 2020/3873/649 2016/3886/502 1899/3889/505 1895/3874/490
f 2019/3879/495 1897/3880/496 1912/3894/510 2022/3895/511
f 1902/3884/500 1904/3896/512 1905/3897/513 1903/3885/501
f 1909/3898/514 1901/3882/498 1895/3899/515 1899/3900/516
f 1906/3901/517 1908/3902/518 1909/3898/514 1907/3903/519
f 1907/3903/519 1909/3898/514 1899/3900/516 1898/3904/520
f 1908/3902/518 1900/3883/499 1901/3882/498 1909/3898/514
f 1903/3885/501 1896/3905/521 1895/3899/515 1901/3882/498
f 1903/3885/501 1905/3897/513 1897/3906/522 1896/3905/521
f 1906/3901/517 1907/3903/519 1917/3907/523 1916/3908/524
f 2018/3887/503 1893/3909/525 1911/3910/526 2021/3911/527
f 1905/3897/513 1904/3896/512 1914/3912/528 1915/3913/529
f 2018/3887/503 2021/3911/527 1913/3914/530 1898/3888/504
f 1907/3903/519 1898/3904/520 1913/3915/531 1917/3907/523
f 1897/3906/522 1905/3897/513 1915/3913/529 1912/3916/532
f 2019/3879/495 2022/3895/511 1910/3917/533 1892/3881/497
f 1937/3918/534 1929/3919/535 1923/3920/536 1927/3921/537
f 1993/3922/538 1924/3923/539 1925/3924/540 1989/3925/541
f 1906/3901/517 1916/3908/524 1914/3912/528 1904/3896/512
f 1997/3926/542 1987/3927/543 1918/3928/650 1922/3929/545
f 1993/3922/538 1987/3927/543 1923/3930/546 1924/3923/539
f 1918/3928/650 1987/3927/543 1993/3922/538 1919/3931/547
f 1993/3922/538 1989/3925/541 1920/3932/548 1919/3931/547
f 1929/3919/535 1928/3933/549 1930/3934/550 1931/3935/551
f 1997/3926/542 1992/3936/552 1926/3937/553 1927/3938/554
f 1964/3939/555 1956/3940/556 1957/3941/557 1965/3942/558
f 1989/3925/541 1925/3924/540 1940/3943/559 1984/3944/560
f 1930/3934/550 1932/3945/561 1933/3946/562 1931/3935/551
f 1934/3947/563 1936/3948/564 1937/3918/534 1935/3949/565
f 1935/3949/565 1937/3918/534 1927/3921/537 1926/3950/566
f 1936/3948/564 1928/3933/549 1929/3919/535 1937/3918/534
f 1929/3919/535 1931/3935/551 1924/3951/567 1923/3920/536
f 1931/3935/551 1933/3946/562 1925/3952/568 1924/3951/567
f 1934/3947/563 1935/3949/565 1945/3953/569 1944/3954/570
f 1992/3936/552 1921/3955/571 1939/3956/572 1985/3957/573
f 1933/3946/562 1932/3945/561 1942/3958/642 1943/3959/575
f 1992/3936/552 1985/3957/573 1941/3960/576 1926/3937/553
f 1935/3949/565 1926/3950/566 1941/3961/577 1945/3953/569
f 1925/3952/568 1933/3946/562 1943/3959/575 1940/3962/578
f 1989/3925/541 1984/3944/560 1938/3963/579 1920/3932/548
f 1965/3942/558 1957/3941/557 1951/3964/580 1955/3965/581
f 1932/3945/561 1930/3934/550 1928/3933/549
f 1934/3947/563 1944/3954/570 1942/3958/642 1932/3945/561
f 2015/3966/582 2001/3967/583 1946/3968/584 1950/3969/585
f 2011/3970/586 2001/3967/583 1951/3971/587 1952/3972/588
f 2002/3973/589 1986/3974/590 1988/3975/591 2004/3976/592
f 2011/3970/586 2003/3977/593 1948/3978/594 1947/3979/595
f 1957/3941/557 1956/3940/556 1958/3980/596 1959/3981/597
f 2015/3966/582 2005/3982/598 1954/3983/599 1955/3984/600
f 2015/3966/582 1955/3984/600 1951/3971/587 2001/3967/583
f 1949/3985/601 2005/3982/598 2015/3966/582 1950/3969/585
f 2003/3977/593 1953/3986/602 1968/3987/603 1999/3988/604
f 1958/3980/596 1960/3989/605 1961/3990/606 1959/3981/597
f 1962/3991/607 1964/3939/555 1965/3942/558 1963/3992/608
f 1963/3992/608 1965/3942/558 1955/3965/581 1954/3993/609
f 1997/3926/542 1927/3938/554 1923/3930/546 1987/3927/543
f 1921/3955/571 1992/3936/552 1997/3926/542 1922/3929/545
f 1957/3941/557 1959/3981/597 1952/3994/610 1951/3964/580
f 1959/3981/597 1961/3990/606 1953/3995/611 1952/3994/610
f 1962/3991/607 1963/3992/608 1973/3996/612 1972/3997/613
f 2005/3982/598 1949/3985/601 1967/3998/614 2000/3999/651
f 1961/3990/606 1960/3989/605 1970/4000/524 1971/4001/523
f 2005/3982/598 2000/3999/651 1969/4002/616 1954/3983/599
f 1963/3992/608 1954/3993/609 1969/4003/532 1973/3996/612
f 1953/3995/611 1961/3990/606 1971/4001/523 1968/4004/531
f 2003/3977/593 1999/3988/604 1966/4005/617 1948/3978/594
f 2004/3976/592 1988/3975/591 1979/4006/618 1983/4007/619
f 2026/4008/620 2024/4009/621 1980/4010/622 1981/4011/623
f 1962/3991/607 1972/3997/613 1970/4000/524 1960/3989/605
f 2023/3892/508 2027/4012/624 1974/4013/625 1978/3893/509
f 2027/4012/624 1979/4014/626 1980/4010/622 2024/4009/621
f 1974/4013/625 2027/4012/624 2024/4009/621 1975/4015/627
f 2026/4008/620 1976/4016/628 1975/4015/627 2024/4009/621
f 1988/3975/591 1986/3974/590 1990/4017/629 1991/4018/630
f 2023/3892/508 2025/3891/507 1982/4019/631 1983/4020/632
f 2027/4012/624 2023/3892/508 1983/4020/632 1979/4014/626
f 2026/4008/620 1981/4011/623 2008/4021/633 2029/4022/634
f 1990/4017/629 1994/4023/635 1995/4024/636 1991/4018/630
f 1996/4025/637 2002/3973/589 2004/3976/592 1998/4026/638
f 1998/4026/638 2004/3976/592 1983/4007/619 1982/4027/639
f 1946/3968/584 2001/3967/583 2011/3970/586 1947/3979/595
f 2011/3970/586 1952/3972/588 1953/3986/602 2003/3977/593
f 1988/3975/591 1991/4018/630 1980/4028/640 1979/4006/618
f 1991/4018/630 1995/4024/636 1981/4029/641 1980/4028/640
f 1996/4025/637 1998/4026/638 2014/4030/575 2013/4031/642
f 2025/3891/507 1977/3890/506 2007/4032/643 2028/4033/644
f 1995/4024/636 1994/4023/635 2010/4034/652 2012/4035/569
f 2025/3891/507 2028/4033/644 2009/4036/646 1982/4019/631
f 1998/4026/638 1982/4027/639 2009/4037/578 2014/4030/575
f 1994/4023/635 1990/4017/629 1986/3974/590
f 1981/4029/641 1995/4024/636 2012/4035/569 2008/4038/577
f 2026/4008/620 2029/4022/634 2006/4039/647 1976/4016/628
f 1960/3989/605 1958/3980/596 1956/3940/556
f 1996/4025/637 2013/4031/642 2010/4034/652 1994/4023/635
f 1904/3896/512 1902/3884/500 1900/3883/499
f 2018/3887/503 2016/3886/502 1894/4040/648 1893/3909/525
f 2016/3886/502 2020/3873/649 1890/3877/493 1894/4040/648
f 2160/4041/649 2035/4042/490 2036/4043/491 2157/4044/492
f 2030/4045/493 2160/4041/649 2157/4044/492 2031/4046/653
f 2159/4047/495 2157/4044/492 2036/4043/491 2037/4048/496
f 2159/4047/495 2032/4049/497 2031/4046/653 2157/4044/492
f 2041/4050/498 2040/4051/499 2042/4052/500 2043/4053/501
f 2156/4054/502 2158/4055/503 2038/4056/504 2039/4057/505
f 2117/4058/506 2165/4059/507 2163/4060/508 2118/4061/509
f 2160/4041/649 2156/4054/502 2039/4057/505 2035/4042/490
f 2159/4047/495 2037/4048/496 2052/4062/510 2162/4063/511
f 2042/4052/500 2044/4064/512 2045/4065/513 2043/4053/501
f 2049/4066/514 2041/4050/498 2035/4067/515 2039/4068/516
f 2046/4069/517 2048/4070/518 2049/4066/514 2047/4071/519
f 2047/4071/519 2049/4066/514 2039/4068/516 2038/4072/520
f 2048/4070/518 2040/4051/499 2041/4050/498 2049/4066/514
f 2043/4053/501 2036/4073/521 2035/4067/515 2041/4050/498
f 2043/4053/501 2045/4065/513 2037/4074/522 2036/4073/521
f 2046/4069/517 2047/4071/519 2057/4075/523 2056/4076/524
f 2158/4055/503 2033/4077/525 2051/4078/526 2161/4079/527
f 2045/4065/513 2044/4064/512 2054/4080/528 2055/4081/529
f 2158/4055/503 2161/4079/527 2053/4082/530 2038/4056/504
f 2047/4071/519 2038/4072/520 2053/4083/531 2057/4075/523
f 2037/4074/522 2045/4065/513 2055/4081/529 2052/4084/532
f 2159/4047/495 2162/4063/511 2050/4085/533 2032/4049/497
f 2077/4086/534 2069/4087/535 2063/4088/536 2067/4089/537
f 2133/4090/538 2064/4091/539 2065/4092/540 2129/4093/541
f 2046/4069/517 2056/4076/524 2054/4080/528 2044/4064/512
f 2137/4094/542 2127/4095/543 2058/4096/650 2062/4097/545
f 2133/4090/538 2127/4095/543 2063/4098/546 2064/4091/539
f 2058/4096/650 2127/4095/543 2133/4090/538 2059/4099/547
f 2133/4090/538 2129/4093/541 2060/4100/548 2059/4099/547
f 2069/4087/535 2068/4101/549 2070/4102/550 2071/4103/551
f 2137/4094/542 2132/4104/552 2066/4105/553 2067/4106/554
f 2104/4107/555 2096/4108/556 2097/4109/557 2105/4110/558
f 2129/4093/541 2065/4092/540 2080/4111/559 2124/4112/560
f 2070/4102/550 2072/4113/561 2073/4114/562 2071/4103/551
f 2074/4115/563 2076/4116/564 2077/4086/534 2075/4117/565
f 2075/4117/565 2077/4086/534 2067/4089/537 2066/4118/566
f 2076/4116/564 2068/4101/549 2069/4087/535 2077/4086/534
f 2069/4087/535 2071/4103/551 2064/4119/567 2063/4088/536
f 2071/4103/551 2073/4114/562 2065/4120/568 2064/4119/567
f 2074/4115/563 2075/4117/565 2085/4121/569 2084/4122/570
f 2132/4104/552 2061/4123/571 2079/4124/572 2125/4125/573
f 2073/4114/562 2072/4113/561 2082/4126/642 2083/4127/575
f 2132/4104/552 2125/4125/573 2081/4128/576 2066/4105/553
f 2075/4117/565 2066/4118/566 2081/4129/577 2085/4121/569
f 2065/4120/568 2073/4114/562 2083/4127/575 2080/4130/578
f 2129/4093/541 2124/4112/560 2078/4131/579 2060/4100/548
f 2105/4110/558 2097/4109/557 2091/4132/580 2095/4133/581
f 2072/4113/561 2070/4102/550 2068/4101/549
f 2074/4115/563 2084/4122/570 2082/4126/642 2072/4113/561
f 2155/4134/582 2141/4135/583 2086/4136/584 2090/4137/585
f 2151/4138/586 2141/4135/583 2091/4139/587 2092/4140/588
f 2142/4141/589 2126/4142/590 2128/4143/591 2144/4144/592
f 2151/4138/586 2143/4145/593 2088/4146/594 2087/4147/595
f 2097/4109/557 2096/4108/556 2098/4148/596 2099/4149/597
f 2155/4134/582 2145/4150/598 2094/4151/599 2095/4152/600
f 2155/4134/582 2095/4152/600 2091/4139/587 2141/4135/583
f 2089/4153/601 2145/4150/598 2155/4134/582 2090/4137/585
f 2143/4145/593 2093/4154/602 2108/4155/603 2139/4156/604
f 2098/4148/596 2100/4157/605 2101/4158/606 2099/4149/597
f 2102/4159/607 2104/4107/555 2105/4110/558 2103/4160/608
f 2103/4160/608 2105/4110/558 2095/4133/581 2094/4161/609
f 2137/4094/542 2067/4106/554 2063/4098/546 2127/4095/543
f 2061/4123/571 2132/4104/552 2137/4094/542 2062/4097/545
f 2097/4109/557 2099/4149/597 2092/4162/610 2091/4132/580
f 2099/4149/597 2101/4158/606 2093/4163/611 2092/4162/610
f 2102/4159/607 2103/4160/608 2113/4164/612 2112/4165/613
f 2145/4150/598 2089/4153/601 2107/4166/614 2140/4167/615
f 2101/4158/606 2100/4157/605 2110/4168/524 2111/4169/523
f 2145/4150/598 2140/4167/615 2109/4170/616 2094/4151/599
f 2103/4160/608 2094/4161/609 2109/4171/532 2113/4164/612
f 2093/4163/611 2101/4158/606 2111/4169/523 2108/4172/531
f 2143/4145/593 2139/4156/604 2106/4173/617 2088/4146/594
f 2144/4144/592 2128/4143/591 2119/4174/618 2123/4175/619
f 2166/4176/620 2164/4177/621 2120/4178/622 2121/4179/623
f 2102/4159/607 2112/4165/613 2110/4168/524 2100/4157/605
f 2163/4060/508 2167/4180/624 2114/4181/625 2118/4061/509
f 2167/4180/624 2119/4182/626 2120/4178/622 2164/4177/621
f 2114/4181/625 2167/4180/624 2164/4177/621 2115/4183/627
f 2166/4176/620 2116/4184/628 2115/4183/627 2164/4177/621
f 2128/4143/591 2126/4142/590 2130/4185/629 2131/4186/630
f 2163/4060/508 2165/4059/507 2122/4187/631 2123/4188/632
f 2167/4180/624 2163/4060/508 2123/4188/632 2119/4182/626
f 2166/4176/620 2121/4179/623 2148/4189/633 2169/4190/634
f 2130/4185/629 2134/4191/635 2135/4192/636 2131/4186/630
f 2136/4193/637 2142/4141/589 2144/4144/592 2138/4194/638
f 2138/4194/638 2144/4144/592 2123/4175/619 2122/4195/639
f 2086/4136/584 2141/4135/583 2151/4138/586 2087/4147/595
f 2151/4138/586 2092/4140/588 2093/4154/602 2143/4145/593
f 2128/4143/591 2131/4186/630 2120/4196/640 2119/4174/618
f 2131/4186/630 2135/4192/636 2121/4197/641 2120/4196/640
f 2136/4193/637 2138/4194/638 2154/4198/575 2153/4199/642
f 2165/4059/507 2117/4058/506 2147/4200/643 2168/4201/644
f 2135/4192/636 2134/4191/635 2150/4202/570 2152/4203/569
f 2165/4059/507 2168/4201/644 2149/4204/646 2122/4187/631
f 2138/4194/638 2122/4195/639 2149/4205/578 2154/4198/575
f 2134/4191/635 2130/4185/629 2126/4142/590
f 2121/4197/641 2135/4192/636 2152/4203/569 2148/4206/577
f 2166/4176/620 2169/4190/634 2146/4207/647 2116/4184/628
f 2100/4157/605 2098/4148/596 2096/4108/556
f 2136/4193/637 2153/4199/642 2150/4202/570 2134/4191/635
f 2044/4064/512 2042/4052/500 2040/4051/499
f 2158/4055/503 2156/4054/502 2034/4208/648 2033/4077/525
f 2156/4054/502 2160/4041/649 2030/4045/493 2034/4208/648
f 2300/4209/649 2175/4210/490 2176/4211/491 2297/4212/492
f 2170/4213/493 2300/4209/649 2297/4212/492 2171/4214/494
f 2299/4215/495 2297/4212/492 2176/4211/491 2177/4216/496
f 2299/4215/495 2172/4217/497 2171/4214/494 2297/4212/492
f 2181/4218/654 2180/4219/499 2182/4220/500 2183/4221/501
f 2296/4222/502 2298/4223/503 2178/4224/504 2179/4225/505
f 2257/4226/506 2305/4227/507 2303/4228/508 2258/4229/509
f 2300/4209/649 2296/4222/502 2179/4225/505 2175/4210/490
f 2299/4215/495 2177/4216/496 2192/4230/510 2302/4231/511
f 2182/4220/500 2184/4232/512 2185/4233/513 2183/4221/501
f 2189/4234/514 2181/4218/654 2175/4235/515 2179/4236/516
f 2186/4237/517 2188/4238/518 2189/4234/514 2187/4239/519
f 2187/4239/519 2189/4234/514 2179/4236/516 2178/4240/520
f 2188/4238/518 2180/4219/499 2181/4218/654 2189/4234/514
f 2183/4221/501 2176/4241/521 2175/4235/515 2181/4218/654
f 2183/4221/501 2185/4233/513 2177/4242/522 2176/4241/521
f 2186/4237/517 2187/4239/519 2197/4243/655 2196/4244/524
f 2298/4223/503 2173/4245/525 2191/4246/526 2301/4247/527
f 2185/4233/513 2184/4232/512 2194/4248/528 2195/4249/529
f 2298/4223/503 2301/4247/527 2193/4250/530 2178/4224/504
f 2187/4239/519 2178/4240/520 2193/4251/531 2197/4243/655
f 2177/4242/522 2185/4233/513 2195/4249/529 2192/4252/532
f 2299/4215/495 2302/4231/511 2190/4253/533 2172/4217/497
f 2217/4254/534 2209/4255/535 2203/4256/536 2207/4257/537
f 2273/4258/538 2204/4259/539 2205/4260/540 2269/4261/541
f 2186/4237/517 2196/4244/524 2194/4248/528 2184/4232/512
f 2277/4262/542 2267/4263/543 2198/4264/544 2202/4265/545
f 2273/4258/538 2267/4263/543 2203/4266/546 2204/4259/539
f 2198/4264/544 2267/4263/543 2273/4258/538 2199/4267/547
f 2273/4258/538 2269/4261/541 2200/4268/548 2199/4267/547
f 2209/4255/535 2208/4269/549 2210/4270/550 2211/4271/551
f 2277/4262/542 2272/4272/552 2206/4273/553 2207/4274/554
f 2244/4275/555 2236/4276/656 2237/4277/557 2245/4278/558
f 2269/4261/541 2205/4260/540 2220/4279/559 2264/4280/560
f 2210/4270/550 2212/4281/561 2213/4282/562 2211/4271/551
f 2214/4283/563 2216/4284/564 2217/4254/534 2215/4285/565
f 2215/4285/565 2217/4254/534 2207/4257/537 2206/4286/566
f 2216/4284/564 2208/4269/549 2209/4255/535 2217/4254/534
f 2209/4255/535 2211/4271/551 2204/4287/567 2203/4256/536
f 2211/4271/551 2213/4282/562 2205/4288/568 2204/4287/567
f 2214/4283/563 2215/4285/565 2225/4289/569 2224/4290/570
f 2272/4272/552 2201/4291/571 2219/4292/572 2265/4293/573
f 2213/4282/562 2212/4281/561 2222/4294/574 2223/4295/575
f 2272/4272/552 2265/4293/573 2221/4296/576 2206/4273/553
f 2215/4285/565 2206/4286/566 2221/4297/577 2225/4289/569
f 2205/4288/568 2213/4282/562 2223/4295/575 2220/4298/578
f 2269/4261/541 2264/4280/560 2218/4299/579 2200/4268/548
f 2245/4278/558 2237/4277/557 2231/4300/580 2235/4301/581
f 2212/4281/561 2210/4270/550 2208/4269/549
f 2214/4283/563 2224/4290/570 2222/4294/574 2212/4281/561
f 2295/4302/582 2281/4303/583 2226/4304/584 2230/4305/585
f 2291/4306/586 2281/4303/583 2231/4307/587 2232/4308/588
f 2282/4309/589 2266/4310/590 2268/4311/591 2284/4312/592
f 2291/4306/586 2283/4313/593 2228/4314/594 2227/4315/595
f 2237/4277/557 2236/4276/656 2238/4316/596 2239/4317/597
f 2295/4302/582 2285/4318/598 2234/4319/599 2235/4320/600
f 2295/4302/582 2235/4320/600 2231/4307/587 2281/4303/583
f 2229/4321/601 2285/4318/598 2295/4302/582 2230/4305/585
f 2283/4313/593 2233/4322/602 2248/4323/603 2279/4324/604
f 2238/4316/596 2240/4325/605 2241/4326/606 2239/4317/597
f 2242/4327/607 2244/4275/555 2245/4278/558 2243/4328/608
f 2243/4328/608 2245/4278/558 2235/4301/581 2234/4329/609
f 2277/4262/542 2207/4274/554 2203/4266/546 2267/4263/543
f 2201/4291/571 2272/4272/552 2277/4262/542 2202/4265/545
f 2237/4277/557 2239/4317/597 2232/4330/610 2231/4300/580
f 2239/4317/597 2241/4326/606 2233/4331/611 2232/4330/610
f 2242/4327/607 2243/4328/608 2253/4332/657 2252/4333/613
f 2285/4318/598 2229/4321/601 2247/4334/614 2280/4335/651
f 2241/4326/606 2240/4325/605 2250/4336/524 2251/4337/523
f 2285/4318/598 2280/4335/651 2249/4338/616 2234/4319/599
f 2243/4328/608 2234/4329/609 2249/4339/532 2253/4332/657
f 2233/4331/611 2241/4326/606 2251/4337/523 2248/4340/531
f 2283/4313/593 2279/4324/604 2246/4341/617 2228/4314/594
f 2284/4312/592 2268/4311/591 2259/4342/618 2263/4343/619
f 2306/4344/620 2304/4345/621 2260/4346/622 2261/4347/623
f 2242/4327/607 2252/4333/613 2250/4336/524 2240/4325/605
f 2303/4228/508 2307/4348/624 2254/4349/625 2258/4229/509
f 2307/4348/624 2259/4350/626 2260/4346/622 2304/4345/621
f 2254/4349/625 2307/4348/624 2304/4345/621 2255/4351/627
f 2306/4344/620 2256/4352/628 2255/4351/627 2304/4345/621
f 2268/4311/591 2266/4310/590 2270/4353/629 2271/4354/630
f 2303/4228/508 2305/4227/507 2262/4355/631 2263/4356/632
f 2307/4348/624 2303/4228/508 2263/4356/632 2259/4350/626
f 2306/4344/620 2261/4347/623 2288/4357/633 2309/4358/634
f 2270/4353/629 2274/4359/635 2275/4360/636 2271/4354/630
f 2276/4361/637 2282/4309/589 2284/4312/592 2278/4362/638
f 2278/4362/638 2284/4312/592 2263/4343/619 2262/4363/639
f 2226/4304/584 2281/4303/583 2291/4306/586 2227/4315/595
f 2291/4306/586 2232/4308/588 2233/4322/602 2283/4313/593
f 2268/4311/591 2271/4354/630 2260/4364/640 2259/4342/618
f 2271/4354/630 2275/4360/636 2261/4365/641 2260/4364/640
f 2276/4361/637 2278/4362/638 2294/4366/575 2293/4367/642
f 2305/4227/507 2257/4226/506 2287/4368/643 2308/4369/644
f 2275/4360/636 2274/4359/635 2290/4370/570 2292/4371/569
f 2305/4227/507 2308/4369/644 2289/4372/646 2262/4355/631
f 2278/4362/638 2262/4363/639 2289/4373/578 2294/4366/575
f 2274/4359/635 2270/4353/629 2266/4310/590
f 2261/4365/641 2275/4360/636 2292/4371/569 2288/4374/577
f 2306/4344/620 2309/4358/634 2286/4375/647 2256/4352/628
f 2240/4325/605 2238/4316/596 2236/4276/656
f 2276/4361/637 2293/4367/642 2290/4370/570 2274/4359/635
f 2184/4232/512 2182/4220/500 2180/4219/499
f 2298/4223/503 2296/4222/502 2174/4376/648 2173/4245/525
f 2296/4222/502 2300/4209/649 2170/4213/493 2174/4376/648
f 2440/4377/489 2315/4378/490 2316/4379/491 2437/4380/492
f 2310/4381/493 2440/4377/489 2437/4380/492 2311/4382/494
f 2439/4383/495 2437/4380/492 2316/4379/491 2317/4384/496
f 2439/4383/495 2312/4385/497 2311/4382/494 2437/4380/492
f 2321/4386/654 2320/4387/499 2322/4388/500 2323/4389/501
f 2436/4390/502 2438/4391/503 2318/4392/504 2319/4393/505
f 2397/4394/506 2445/4395/507 2443/4396/508 2398/4397/509
f 2440/4377/489 2436/4390/502 2319/4393/505 2315/4378/490
f 2439/4383/495 2317/4384/496 2332/4398/510 2442/4399/511
f 2322/4388/500 2324/4400/512 2325/4401/513 2323/4389/501
f 2329/4402/514 2321/4386/654 2315/4403/515 2319/4404/516
f 2326/4405/517 2328/4406/518 2329/4402/514 2327/4407/519
f 2327/4407/519 2329/4402/514 2319/4404/516 2318/4408/520
f 2328/4406/518 2320/4387/499 2321/4386/654 2329/4402/514
f 2323/4389/501 2316/4409/521 2315/4403/515 2321/4386/654
f 2323/4389/501 2325/4401/513 2317/4410/522 2316/4409/521
f 2326/4405/517 2327/4407/519 2337/4411/655 2336/4412/524
f 2438/4391/503 2313/4413/525 2331/4414/526 2441/4415/527
f 2325/4401/513 2324/4400/512 2334/4416/528 2335/4417/529
f 2438/4391/503 2441/4415/527 2333/4418/530 2318/4392/504
f 2327/4407/519 2318/4408/520 2333/4419/531 2337/4411/655
f 2317/4410/522 2325/4401/513 2335/4417/529 2332/4420/532
f 2439/4383/495 2442/4399/511 2330/4421/533 2312/4385/497
f 2357/4422/534 2349/4423/535 2343/4424/536 2347/4425/537
f 2413/4426/538 2344/4427/539 2345/4428/540 2409/4429/541
f 2326/4405/517 2336/4412/524 2334/4416/528 2324/4400/512
f 2417/4430/542 2407/4431/543 2338/4432/650 2342/4433/545
f 2413/4426/538 2407/4431/543 2343/4434/546 2344/4427/539
f 2338/4432/650 2407/4431/543 2413/4426/538 2339/4435/547
f 2413/4426/538 2409/4429/541 2340/4436/548 2339/4435/547
f 2349/4423/535 2348/4437/549 2350/4438/550 2351/4439/551
f 2417/4430/542 2412/4440/552 2346/4441/553 2347/4442/554
f 2384/4443/555 2376/4444/656 2377/4445/557 2385/4446/558
f 2409/4429/541 2345/4428/540 2360/4447/559 2404/4448/560
f 2350/4438/550 2352/4449/561 2353/4450/562 2351/4439/551
f 2354/4451/563 2356/4452/564 2357/4422/534 2355/4453/565
f 2355/4453/565 2357/4422/534 2347/4425/537 2346/4454/566
f 2356/4452/564 2348/4437/549 2349/4423/535 2357/4422/534
f 2349/4423/535 2351/4439/551 2344/4455/567 2343/4424/536
f 2351/4439/551 2353/4450/562 2345/4456/568 2344/4455/567
f 2354/4451/563 2355/4453/565 2365/4457/569 2364/4458/570
f 2412/4440/552 2341/4459/571 2359/4460/572 2405/4461/573
f 2353/4450/562 2352/4449/561 2362/4462/642 2363/4463/575
f 2412/4440/552 2405/4461/573 2361/4464/576 2346/4441/553
f 2355/4453/565 2346/4454/566 2361/4465/577 2365/4457/569
f 2345/4456/568 2353/4450/562 2363/4463/575 2360/4466/578
f 2409/4429/541 2404/4448/560 2358/4467/579 2340/4436/548
f 2385/4446/558 2377/4445/557 2371/4468/580 2375/4469/581
f 2352/4449/561 2350/4438/550 2348/4437/549
f 2354/4451/563 2364/4458/570 2362/4462/642 2352/4449/561
f 2435/4470/582 2421/4471/583 2366/4472/584 2370/4473/585
f 2431/4474/586 2421/4471/583 2371/4475/587 2372/4476/588
f 2422/4477/589 2406/4478/590 2408/4479/591 2424/4480/592
f 2431/4474/586 2423/4481/593 2368/4482/594 2367/4483/595
f 2377/4445/557 2376/4444/656 2378/4484/596 2379/4485/597
f 2435/4470/582 2425/4486/598 2374/4487/599 2375/4488/600
f 2435/4470/582 2375/4488/600 2371/4475/587 2421/4471/583
f 2369/4489/601 2425/4486/598 2435/4470/582 2370/4473/585
f 2423/4481/593 2373/4490/602 2388/4491/603 2419/4492/604
f 2378/4484/596 2380/4493/605 2381/4494/606 2379/4485/597
f 2382/4495/607 2384/4443/555 2385/4446/558 2383/4496/608
f 2383/4496/608 2385/4446/558 2375/4469/581 2374/4497/609
f 2417/4430/542 2347/4442/554 2343/4434/546 2407/4431/543
f 2341/4459/571 2412/4440/552 2417/4430/542 2342/4433/545
f 2377/4445/557 2379/4485/597 2372/4498/610 2371/4468/580
f 2379/4485/597 2381/4494/606 2373/4499/611 2372/4498/610
f 2382/4495/607 2383/4496/608 2393/4500/657 2392/4501/613
f 2425/4486/598 2369/4489/601 2387/4502/614 2420/4503/651
f 2381/4494/606 2380/4493/605 2390/4504/524 2391/4505/523
f 2425/4486/598 2420/4503/651 2389/4506/616 2374/4487/599
f 2383/4496/608 2374/4497/609 2389/4507/532 2393/4500/657
f 2373/4499/611 2381/4494/606 2391/4505/523 2388/4508/531
f 2423/4481/593 2419/4492/604 2386/4509/617 2368/4482/594
f 2424/4480/592 2408/4479/591 2399/4510/618 2403/4511/619
f 2446/4512/620 2444/4513/621 2400/4514/622 2401/4515/623
f 2382/4495/607 2392/4501/613 2390/4504/524 2380/4493/605
f 2443/4396/508 2447/4516/624 2394/4517/625 2398/4397/509
f 2447/4516/624 2399/4518/626 2400/4514/622 2444/4513/621
f 2394/4517/625 2447/4516/624 2444/4513/621 2395/4519/627
f 2446/4512/620 2396/4520/628 2395/4519/627 2444/4513/621
f 2408/4479/591 2406/4478/590 2410/4521/629 2411/4522/630
f 2443/4396/508 2445/4395/507 2402/4523/631 2403/4524/632
f 2447/4516/624 2443/4396/508 2403/4524/632 2399/4518/626
f 2446/4512/620 2401/4515/623 2428/4525/633 2449/4526/634
f 2410/4521/629 2414/4527/635 2415/4528/636 2411/4522/630
f 2416/4529/637 2422/4477/589 2424/4480/592 2418/4530/638
f 2418/4530/638 2424/4480/592 2403/4511/619 2402/4531/639
f 2366/4472/584 2421/4471/583 2431/4474/586 2367/4483/595
f 2431/4474/586 2372/4476/588 2373/4490/602 2423/4481/593
f 2408/4479/591 2411/4522/630 2400/4532/640 2399/4510/618
f 2411/4522/630 2415/4528/636 2401/4533/641 2400/4532/640
f 2416/4529/637 2418/4530/638 2434/4534/575 2433/4535/642
f 2445/4395/507 2397/4394/506 2427/4536/643 2448/4537/644
f 2415/4528/636 2414/4527/635 2430/4538/652 2432/4539/569
f 2445/4395/507 2448/4537/644 2429/4540/646 2402/4523/631
f 2418/4530/638 2402/4531/639 2429/4541/578 2434/4534/575
f 2414/4527/635 2410/4521/629 2406/4478/590
f 2401/4533/641 2415/4528/636 2432/4539/569 2428/4542/577
f 2446/4512/620 2449/4526/634 2426/4543/647 2396/4520/628
f 2380/4493/605 2378/4484/596 2376/4444/656
f 2416/4529/637 2433/4535/642 2430/4538/652 2414/4527/635
f 2324/4400/512 2322/4388/500 2320/4387/499
f 2438/4391/503 2436/4390/502 2314/4544/648 2313/4413/525
f 2436/4390/502 2440/4377/489 2310/4381/493 2314/4544/648
f 2580/4545/489 2455/4546/490 2456/4547/491 2577/4548/492
f 2450/4549/493 2580/4545/489 2577/4548/492 2451/4550/653
f 2579/4551/495 2577/4548/492 2456/4547/491 2457/4552/496
f 2579/4551/495 2452/4553/497 2451/4550/653 2577/4548/492
f 2461/4554/654 2460/4555/499 2462/4556/500 2463/4557/501
f 2576/4558/502 2578/4559/503 2458/4560/504 2459/4561/505
f 2537/4562/506 2585/4563/507 2583/4564/508 2538/4565/509
f 2580/4545/489 2576/4558/502 2459/4561/505 2455/4546/490
f 2579/4551/495 2457/4552/496 2472/4566/510 2582/4567/511
f 2462/4556/500 2464/4568/512 2465/4569/513 2463/4557/501
f 2469/4570/514 2461/4554/654 2455/4571/515 2459/4572/516
f 2466/4573/517 2468/4574/518 2469/4570/514 2467/4575/519
f 2467/4575/519 2469/4570/514 2459/4572/516 2458/4576/520
f 2468/4574/518 2460/4555/499 2461/4554/654 2469/4570/514
f 2463/4557/501 2456/4577/521 2455/4571/515 2461/4554/654
f 2463/4557/501 2465/4569/513 2457/4578/522 2456/4577/521
f 2466/4573/517 2467/4575/519 2477/4579/655 2476/4580/524
f 2578/4559/503 2453/4581/525 2471/4582/526 2581/4583/527
f 2465/4569/513 2464/4568/512 2474/4584/528 2475/4585/529
f 2578/4559/503 2581/4583/527 2473/4586/530 2458/4560/504
f 2467/4575/519 2458/4576/520 2473/4587/531 2477/4579/655
f 2457/4578/522 2465/4569/513 2475/4585/529 2472/4588/532
f 2579/4551/495 2582/4567/511 2470/4589/533 2452/4553/497
f 2497/4590/534 2489/4591/535 2483/4592/536 2487/4593/537
f 2553/4594/538 2484/4595/539 2485/4596/540 2549/4597/541
f 2466/4573/517 2476/4580/524 2474/4584/528 2464/4568/512
f 2557/4598/542 2547/4599/543 2478/4600/650 2482/4601/545
f 2553/4594/538 2547/4599/543 2483/4602/546 2484/4595/539
f 2478/4600/650 2547/4599/543 2553/4594/538 2479/4603/547
f 2553/4594/538 2549/4597/541 2480/4604/548 2479/4603/547
f 2489/4591/535 2488/4605/549 2490/4606/550 2491/4607/551
f 2557/4598/542 2552/4608/552 2486/4609/553 2487/4610/554
f 2524/4611/555 2516/4612/656 2517/4613/557 2525/4614/558
f 2549/4597/541 2485/4596/540 2500/4615/559 2544/4616/560
f 2490/4606/550 2492/4617/561 2493/4618/562 2491/4607/551
f 2494/4619/563 2496/4620/564 2497/4590/534 2495/4621/565
f 2495/4621/565 2497/4590/534 2487/4593/537 2486/4622/566
f 2496/4620/564 2488/4605/549 2489/4591/535 2497/4590/534
f 2489/4591/535 2491/4607/551 2484/4623/567 2483/4592/536
f 2491/4607/551 2493/4618/562 2485/4624/568 2484/4623/567
f 2494/4619/563 2495/4621/565 2505/4625/569 2504/4626/570
f 2552/4608/552 2481/4627/571 2499/4628/572 2545/4629/573
f 2493/4618/562 2492/4617/561 2502/4630/642 2503/4631/575
f 2552/4608/552 2545/4629/573 2501/4632/576 2486/4609/553
f 2495/4621/565 2486/4622/566 2501/4633/577 2505/4625/569
f 2485/4624/568 2493/4618/562 2503/4631/575 2500/4634/578
f 2549/4597/541 2544/4616/560 2498/4635/579 2480/4604/548
f 2525/4614/558 2517/4613/557 2511/4636/580 2515/4637/581
f 2492/4617/561 2490/4606/550 2488/4605/549
f 2494/4619/563 2504/4626/570 2502/4630/642 2492/4617/561
f 2575/4638/582 2561/4639/583 2506/4640/584 2510/4641/585
f 2571/4642/586 2561/4639/583 2511/4643/587 2512/4644/588
f 2562/4645/589 2546/4646/590 2548/4647/591 2564/4648/592
f 2571/4642/586 2563/4649/593 2508/4650/594 2507/4651/595
f 2517/4613/557 2516/4612/656 2518/4652/596 2519/4653/597
f 2575/4638/582 2565/4654/598 2514/4655/599 2515/4656/600
f 2575/4638/582 2515/4656/600 2511/4643/587 2561/4639/583
f 2509/4657/601 2565/4654/598 2575/4638/582 2510/4641/585
f 2563/4649/593 2513/4658/602 2528/4659/603 2559/4660/604
f 2518/4652/596 2520/4661/605 2521/4662/606 2519/4653/597
f 2522/4663/607 2524/4611/555 2525/4614/558 2523/4664/608
f 2523/4664/608 2525/4614/558 2515/4637/581 2514/4665/609
f 2557/4598/542 2487/4610/554 2483/4602/546 2547/4599/543
f 2481/4627/571 2552/4608/552 2557/4598/542 2482/4601/545
f 2517/4613/557 2519/4653/597 2512/4666/610 2511/4636/580
f 2519/4653/597 2521/4662/606 2513/4667/611 2512/4666/610
f 2522/4663/607 2523/4664/608 2533/4668/657 2532/4669/613
f 2565/4654/598 2509/4657/601 2527/4670/614 2560/4671/615
f 2521/4662/606 2520/4661/605 2530/4672/524 2531/4673/523
f 2565/4654/598 2560/4671/615 2529/4674/616 2514/4655/599
f 2523/4664/608 2514/4665/609 2529/4675/532 2533/4668/657
f 2513/4667/611 2521/4662/606 2531/4673/523 2528/4676/531
f 2563/4649/593 2559/4660/604 2526/4677/617 2508/4650/594
f 2564/4648/592 2548/4647/591 2539/4678/618 2543/4679/619
f 2586/4680/620 2584/4681/621 2540/4682/622 2541/4683/623
f 2522/4663/607 2532/4669/613 2530/4672/524 2520/4661/605
f 2583/4564/508 2587/4684/624 2534/4685/625 2538/4565/509
f 2587/4684/624 2539/4686/626 2540/4682/622 2584/4681/621
f 2534/4685/625 2587/4684/624 2584/4681/621 2535/4687/627
f 2586/4680/620 2536/4688/628 2535/4687/627 2584/4681/621
f 2548/4647/591 2546/4646/590 2550/4689/629 2551/4690/630
f 2583/4564/508 2585/4563/507 2542/4691/631 2543/4692/632
f 2587/4684/624 2583/4564/508 2543/4692/632 2539/4686/626
f 2586/4680/620 2541/4683/623 2568/4693/633 2589/4694/634
f 2550/4689/629 2554/4695/635 2555/4696/636 2551/4690/630
f 2556/4697/637 2562/4645/589 2564/4648/592 2558/4698/638
f 2558/4698/638 2564/4648/592 2543/4679/619 2542/4699/639
f 2506/4640/584 2561/4639/583 2571/4642/586 2507/4651/595
f 2571/4642/586 2512/4644/588 2513/4658/602 2563/4649/593
f 2548/4647/591 2551/4690/630 2540/4700/640 2539/4678/618
f 2551/4690/630 2555/4696/636 2541/4701/641 2540/4700/640
f 2556/4697/637 2558/4698/638 2574/4702/575 2573/4703/642
f 2585/4563/507 2537/4562/506 2567/4704/643 2588/4705/644
f 2555/4696/636 2554/4695/635 2570/4706/652 2572/4707/569
f 2585/4563/507 2588/4705/644 2569/4708/646 2542/4691/631
f 2558/4698/638 2542/4699/639 2569/4709/578 2574/4702/575
f 2554/4695/635 2550/4689/629 2546/4646/590
f 2541/4701/641 2555/4696/636 2572/4707/569 2568/4710/577
f 2586/4680/620 2589/4694/634 2566/4711/647 2536/4688/628
f 2520/4661/605 2518/4652/596 2516/4612/656
f 2556/4697/637 2573/4703/642 2570/4706/652 2554/4695/635
f 2464/4568/512 2462/4556/500 2460/4555/499
f 2578/4559/503 2576/4558/502 2454/4712/648 2453/4581/525
f 2576/4558/502 2580/4545/489 2450/4549/493 2454/4712/648
f 2720/4713/489 2595/4714/490 2596/4715/491 2717/4716/492
f 2590/4717/493 2720/4713/489 2717/4716/492 2591/4718/494
f 2719/4719/495 2717/4716/492 2596/4715/491 2597/4720/496
f 2719/4719/495 2592/4721/497 2591/4718/494 2717/4716/492
f 2601/4722/498 2600/4723/499 2602/4724/500 2603/4725/501
f 2716/4726/502 2718/4727/503 2598/4728/504 2599/4729/505
f 2677/4730/506 2725/4731/507 2723/4732/508 2678/4733/509
f 2720/4713/489 2716/4726/502 2599/4729/505 2595/4714/490
f 2719/4719/495 2597/4720/496 2612/4734/510 2722/4735/511
f 2602/4724/500 2604/4736/512 2605/4737/513 2603/4725/501
f 2609/4738/514 2601/4722/498 2595/4739/515 2599/4740/516
f 2606/4741/517 2608/4742/518 2609/4738/514 2607/4743/519
f 2607/4743/519 2609/4738/514 2599/4740/516 2598/4744/520
f 2608/4742/518 2600/4723/499 2601/4722/498 2609/4738/514
f 2603/4725/501 2596/4745/521 2595/4739/515 2601/4722/498
f 2603/4725/501 2605/4737/513 2597/4746/522 2596/4745/521
f 2606/4741/517 2607/4743/519 2617/4747/658 2616/4748/524
f 2718/4727/503 2593/4749/525 2611/4750/526 2721/4751/527
f 2605/4737/513 2604/4736/512 2614/4752/659 2615/4753/529
f 2718/4727/503 2721/4751/527 2613/4754/530 2598/4728/504
f 2607/4743/519 2598/4744/520 2613/4755/531 2617/4747/658
f 2597/4746/522 2605/4737/513 2615/4753/529 2612/4756/532
f 2719/4719/495 2722/4735/511 2610/4757/533 2592/4721/497
f 2637/4758/534 2629/4759/535 2623/4760/536 2627/4761/537
f 2693/4762/538 2624/4763/539 2625/4764/540 2689/4765/541
f 2606/4741/517 2616/4748/524 2614/4752/659 2604/4736/512
f 2697/4766/542 2687/4767/543 2618/4768/544 2622/4769/545
f 2693/4762/538 2687/4767/543 2623/4770/546 2624/4763/539
f 2618/4768/544 2687/4767/543 2693/4762/538 2619/4771/547
f 2693/4762/538 2689/4765/541 2620/4772/548 2619/4771/547
f 2629/4759/535 2628/4773/549 2630/4774/550 2631/4775/551
f 2697/4766/542 2692/4776/552 2626/4777/553 2627/4778/554
f 2664/4779/555 2656/4780/556 2657/4781/557 2665/4782/558
f 2689/4765/541 2625/4764/540 2640/4783/559 2684/4784/560
f 2630/4774/550 2632/4785/561 2633/4786/562 2631/4775/551
f 2634/4787/563 2636/4788/564 2637/4758/534 2635/4789/565
f 2635/4789/565 2637/4758/534 2627/4761/537 2626/4790/566
f 2636/4788/564 2628/4773/549 2629/4759/535 2637/4758/534
f 2629/4759/535 2631/4775/551 2624/4791/567 2623/4760/536
f 2631/4775/551 2633/4786/562 2625/4792/568 2624/4791/567
f 2634/4787/563 2635/4789/565 2645/4793/569 2644/4794/570
f 2692/4776/552 2621/4795/571 2639/4796/572 2685/4797/573
f 2633/4786/562 2632/4785/561 2642/4798/574 2643/4799/575
f 2692/4776/552 2685/4797/573 2641/4800/576 2626/4777/553
f 2635/4789/565 2626/4790/566 2641/4801/577 2645/4793/569
f 2625/4792/568 2633/4786/562 2643/4799/575 2640/4802/578
f 2689/4765/541 2684/4784/560 2638/4803/579 2620/4772/548
f 2665/4782/558 2657/4781/557 2651/4804/580 2655/4805/581
f 2632/4785/561 2630/4774/550 2628/4773/549
f 2634/4787/563 2644/4794/570 2642/4798/574 2632/4785/561
f 2715/4806/582 2701/4807/583 2646/4808/584 2650/4809/585
f 2711/4810/586 2701/4807/583 2651/4811/587 2652/4812/588
f 2702/4813/589 2686/4814/590 2688/4815/591 2704/4816/592
f 2711/4810/586 2703/4817/593 2648/4818/594 2647/4819/595
f 2657/4781/557 2656/4780/556 2658/4820/596 2659/4821/597
f 2715/4806/582 2705/4822/598 2654/4823/599 2655/4824/600
f 2715/4806/582 2655/4824/600 2651/4811/587 2701/4807/583
f 2649/4825/601 2705/4822/598 2715/4806/582 2650/4809/585
f 2703/4817/593 2653/4826/602 2668/4827/603 2699/4828/604
f 2658/4820/596 2660/4829/605 2661/4830/606 2659/4821/597
f 2662/4831/607 2664/4779/555 2665/4782/558 2663/4832/608
f 2663/4832/608 2665/4782/558 2655/4805/581 2654/4833/609
f 2697/4766/542 2627/4778/554 2623/4770/546 2687/4767/543
f 2621/4795/571 2692/4776/552 2697/4766/542 2622/4769/545
f 2657/4781/557 2659/4821/597 2652/4834/610 2651/4804/580
f 2659/4821/597 2661/4830/606 2653/4835/611 2652/4834/610
f 2662/4831/607 2663/4832/608 2673/4836/529 2672/4837/613
f 2705/4822/598 2649/4825/601 2667/4838/614 2700/4839/651
f 2661/4830/606 2660/4829/605 2670/4840/524 2671/4841/523
f 2705/4822/598 2700/4839/651 2669/4842/616 2654/4823/599
f 2663/4832/608 2654/4833/609 2669/4843/532 2673/4836/529
f 2653/4835/611 2661/4830/606 2671/4841/523 2668/4844/531
f 2703/4817/593 2699/4828/604 2666/4845/617 2648/4818/594
f 2704/4816/592 2688/4815/591 2679/4846/618 2683/4847/619
f 2726/4848/620 2724/4849/621 2680/4850/622 2681/4851/623
f 2662/4831/607 2672/4837/613 2670/4840/524 2660/4829/605
f 2723/4732/508 2727/4852/624 2674/4853/625 2678/4733/509
f 2727/4852/624 2679/4854/626 2680/4850/622 2724/4849/621
f 2674/4853/625 2727/4852/624 2724/4849/621 2675/4855/627
f 2726/4848/620 2676/4856/628 2675/4855/627 2724/4849/621
f 2688/4815/591 2686/4814/590 2690/4857/629 2691/4858/630
f 2723/4732/508 2725/4731/507 2682/4859/631 2683/4860/632
f 2727/4852/624 2723/4732/508 2683/4860/632 2679/4854/626
f 2726/4848/620 2681/4851/623 2708/4861/633 2729/4862/634
f 2690/4857/629 2694/4863/635 2695/4864/636 2691/4858/630
f 2696/4865/637 2702/4813/589 2704/4816/592 2698/4866/638
f 2698/4866/638 2704/4816/592 2683/4847/619 2682/4867/639
f 2646/4808/584 2701/4807/583 2711/4810/586 2647/4819/595
f 2711/4810/586 2652/4812/588 2653/4826/602 2703/4817/593
f 2688/4815/591 2691/4858/630 2680/4868/640 2679/4846/618
f 2691/4858/630 2695/4864/636 2681/4869/641 2680/4868/640
f 2696/4865/637 2698/4866/638 2714/4870/660 2713/4871/642
f 2725/4731/507 2677/4730/506 2707/4872/643 2728/4873/644
f 2695/4864/636 2694/4863/635 2710/4874/645 2712/4875/569
f 2725/4731/507 2728/4873/644 2709/4876/646 2682/4859/631
f 2698/4866/638 2682/4867/639 2709/4877/578 2714/4870/660
f 2694/4863/635 2690/4857/629 2686/4814/590
f 2681/4869/641 2695/4864/636 2712/4875/569 2708/4878/577
f 2726/4848/620 2729/4862/634 2706/4879/647 2676/4856/628
f 2660/4829/605 2658/4820/596 2656/4780/556
f 2696/4865/637 2713/4871/642 2710/4874/645 2694/4863/635
f 2604/4736/512 2602/4724/500 2600/4723/499
f 2718/4727/503 2716/4726/502 2594/4880/648 2593/4749/525
f 2716/4726/502 2720/4713/489 2590/4717/493 2594/4880/648
f 2860/4881/489 2735/4882/490 2736/4883/491 2857/4884/492
f 2730/4885/493 2860/4881/489 2857/4884/492 2731/4886/494
f 2859/4887/495 2857/4884/492 2736/4883/491 2737/4888/496
f 2859/4887/495 2732/4889/497 2731/4886/494 2857/4884/492
f 2741/4890/498 2740/4891/499 2742/4892/500 2743/4893/501
f 2856/4894/502 2858/4895/503 2738/4896/504 2739/4897/505
f 2817/4898/506 2865/4899/507 2863/4900/508 2818/4901/509
f 2860/4881/489 2856/4894/502 2739/4897/505 2735/4882/490
f 2859/4887/495 2737/4888/496 2752/4902/510 2862/4903/511
f 2742/4892/500 2744/4904/512 2745/4905/513 2743/4893/501
f 2749/4906/514 2741/4890/498 2735/4907/515 2739/4908/516
f 2746/4909/517 2748/4910/518 2749/4906/514 2747/4911/519
f 2747/4911/519 2749/4906/514 2739/4908/516 2738/4912/520
f 2748/4910/518 2740/4891/499 2741/4890/498 2749/4906/514
f 2743/4893/501 2736/4913/521 2735/4907/515 2741/4890/498
f 2743/4893/501 2745/4905/513 2737/4914/522 2736/4913/521
f 2746/4909/517 2747/4911/519 2757/4915/658 2756/4916/524
f 2858/4895/503 2733/4917/525 2751/4918/526 2861/4919/527
f 2745/4905/513 2744/4904/512 2754/4920/613 2755/4921/529
f 2858/4895/503 2861/4919/527 2753/4922/530 2738/4896/504
f 2747/4911/519 2738/4912/520 2753/4923/531 2757/4915/658
f 2737/4914/522 2745/4905/513 2755/4921/529 2752/4924/532
f 2859/4887/495 2862/4903/511 2750/4925/533 2732/4889/497
f 2777/4926/534 2769/4927/535 2763/4928/536 2767/4929/537
f 2833/4930/538 2764/4931/539 2765/4932/540 2829/4933/541
f 2746/4909/517 2756/4916/524 2754/4920/613 2744/4904/512
f 2837/4934/542 2827/4935/543 2758/4936/650 2762/4937/545
f 2833/4930/538 2827/4935/543 2763/4938/546 2764/4931/539
f 2758/4936/650 2827/4935/543 2833/4930/538 2759/4939/547
f 2833/4930/538 2829/4933/541 2760/4940/548 2759/4939/547
f 2769/4927/535 2768/4941/549 2770/4942/550 2771/4943/551
f 2837/4934/542 2832/4944/552 2766/4945/553 2767/4946/554
f 2804/4947/555 2796/4948/556 2797/4949/557 2805/4950/558
f 2829/4933/541 2765/4932/540 2780/4951/559 2824/4952/560
f 2770/4942/550 2772/4953/561 2773/4954/562 2771/4943/551
f 2774/4955/563 2776/4956/564 2777/4926/534 2775/4957/565
f 2775/4957/565 2777/4926/534 2767/4929/537 2766/4958/566
f 2776/4956/564 2768/4941/549 2769/4927/535 2777/4926/534
f 2769/4927/535 2771/4943/551 2764/4959/567 2763/4928/536
f 2771/4943/551 2773/4954/562 2765/4960/568 2764/4959/567
f 2774/4955/563 2775/4957/565 2785/4961/569 2784/4962/570
f 2832/4944/552 2761/4963/571 2779/4964/572 2825/4965/573
f 2773/4954/562 2772/4953/561 2782/4966/661 2783/4967/575
f 2832/4944/552 2825/4965/573 2781/4968/576 2766/4945/553
f 2775/4957/565 2766/4958/566 2781/4969/577 2785/4961/569
f 2765/4960/568 2773/4954/562 2783/4967/575 2780/4970/578
f 2829/4933/541 2824/4952/560 2778/4971/579 2760/4940/548
f 2805/4950/558 2797/4949/557 2791/4972/580 2795/4973/581
f 2772/4953/561 2770/4942/550 2768/4941/549
f 2774/4955/563 2784/4962/570 2782/4966/661 2772/4953/561
f 2855/4974/582 2841/4975/583 2786/4976/584 2790/4977/585
f 2851/4978/586 2841/4975/583 2791/4979/587 2792/4980/588
f 2842/4981/589 2826/4982/590 2828/4983/591 2844/4984/592
f 2851/4978/586 2843/4985/593 2788/4986/594 2787/4987/595
f 2797/4949/557 2796/4948/556 2798/4988/596 2799/4989/597
f 2855/4974/582 2845/4990/598 2794/4991/599 2795/4992/600
f 2855/4974/582 2795/4992/600 2791/4979/587 2841/4975/583
f 2789/4993/601 2845/4990/598 2855/4974/582 2790/4977/585
f 2843/4985/593 2793/4994/602 2808/4995/603 2839/4996/604
f 2798/4988/596 2800/4997/605 2801/4998/606 2799/4989/597
f 2802/4999/607 2804/4947/555 2805/4950/558 2803/5000/608
f 2803/5000/608 2805/4950/558 2795/4973/581 2794/5001/609
f 2837/4934/542 2767/4946/554 2763/4938/546 2827/4935/543
f 2761/4963/571 2832/4944/552 2837/4934/542 2762/4937/545
f 2797/4949/557 2799/4989/597 2792/5002/610 2791/4972/580
f 2799/4989/597 2801/4998/606 2793/5003/611 2792/5002/610
f 2802/4999/607 2803/5000/608 2813/5004/529 2812/5005/613
f 2845/4990/598 2789/4993/601 2807/5006/614 2840/5007/651
f 2801/4998/606 2800/4997/605 2810/5008/524 2811/5009/523
f 2845/4990/598 2840/5007/651 2809/5010/616 2794/4991/599
f 2803/5000/608 2794/5001/609 2809/5011/532 2813/5004/529
f 2793/5003/611 2801/4998/606 2811/5009/523 2808/5012/531
f 2843/4985/593 2839/4996/604 2806/5013/617 2788/4986/594
f 2844/4984/592 2828/4983/591 2819/5014/618 2823/5015/619
f 2866/5016/620 2864/5017/621 2820/5018/622 2821/5019/623
f 2802/4999/607 2812/5005/613 2810/5008/524 2800/4997/605
f 2863/4900/508 2867/5020/624 2814/5021/625 2818/4901/509
f 2867/5020/624 2819/5022/626 2820/5018/622 2864/5017/621
f 2814/5021/625 2867/5020/624 2864/5017/621 2815/5023/627
f 2866/5016/620 2816/5024/628 2815/5023/627 2864/5017/621
f 2828/4983/591 2826/4982/590 2830/5025/629 2831/5026/630
f 2863/4900/508 2865/4899/507 2822/5027/631 2823/5028/632
f 2867/5020/624 2863/4900/508 2823/5028/632 2819/5022/626
f 2866/5016/620 2821/5019/623 2848/5029/633 2869/5030/634
f 2830/5025/629 2834/5031/635 2835/5032/636 2831/5026/630
f 2836/5033/637 2842/4981/589 2844/4984/592 2838/5034/638
f 2838/5034/638 2844/4984/592 2823/5015/619 2822/5035/639
f 2786/4976/584 2841/4975/583 2851/4978/586 2787/4987/595
f 2851/4978/586 2792/4980/588 2793/4994/602 2843/4985/593
f 2828/4983/591 2831/5026/630 2820/5036/640 2819/5014/618
f 2831/5026/630 2835/5032/636 2821/5037/641 2820/5036/640
f 2836/5033/637 2838/5034/638 2854/5038/660 2853/5039/642
f 2865/4899/507 2817/4898/506 2847/5040/643 2868/5041/644
f 2835/5032/636 2834/5031/635 2850/5042/645 2852/5043/569
f 2865/4899/507 2868/5041/644 2849/5044/646 2822/5027/631
f 2838/5034/638 2822/5035/639 2849/5045/578 2854/5038/660
f 2834/5031/635 2830/5025/629 2826/4982/590
f 2821/5037/641 2835/5032/636 2852/5043/569 2848/5046/577
f 2866/5016/620 2869/5030/634 2846/5047/647 2816/5024/628
f 2800/4997/605 2798/4988/596 2796/4948/556
f 2836/5033/637 2853/5039/642 2850/5042/645 2834/5031/635
f 2744/4904/512 2742/4892/500 2740/4891/499
f 2858/4895/503 2856/4894/502 2734/5048/648 2733/4917/525
f 2856/4894/502 2860/4881/489 2730/4885/493 2734/5048/648
f 3000/5049/489 2875/5050/490 2876/5051/491 2997/5052/492
f 2870/5053/493 3000/5049/489 2997/5052/492 2871/5054/494
f 2999/5055/495 2997/5052/492 2876/5051/491 2877/5056/496
f 2999/5055/495 2872/5057/497 2871/5054/494 2997/5052/492
f 2881/5058/498 2880/5059/499 2882/5060/500 2883/5061/501
f 2996/5062/502 2998/5063/503 2878/5064/504 2879/5065/505
f 2957/5066/506 3005/5067/507 3003/5068/508 2958/5069/509
f 3000/5049/489 2996/5062/502 2879/5065/505 2875/5050/490
f 2999/5055/495 2877/5056/496 2892/5070/510 3002/5071/511
f 2882/5060/500 2884/5072/512 2885/5073/513 2883/5061/501
f 2889/5074/514 2881/5058/498 2875/5075/515 2879/5076/516
f 2886/5077/517 2888/5078/518 2889/5074/514 2887/5079/519
f 2887/5079/519 2889/5074/514 2879/5076/516 2878/5080/520
f 2888/5078/518 2880/5059/499 2881/5058/498 2889/5074/514
f 2883/5061/501 2876/5081/521 2875/5075/515 2881/5058/498
f 2883/5061/501 2885/5073/513 2877/5082/522 2876/5081/521
f 2886/5077/517 2887/5079/519 2897/5083/658 2896/5084/524
f 2998/5063/503 2873/5085/525 2891/5086/526 3001/5087/527
f 2885/5073/513 2884/5072/512 2894/5088/613 2895/5089/529
f 2998/5063/503 3001/5087/527 2893/5090/530 2878/5064/504
f 2887/5079/519 2878/5080/520 2893/5091/531 2897/5083/658
f 2877/5082/522 2885/5073/513 2895/5089/529 2892/5092/532
f 2999/5055/495 3002/5071/511 2890/5093/533 2872/5057/497
f 2917/5094/534 2909/5095/535 2903/5096/536 2907/5097/537
f 2973/5098/538 2904/5099/539 2905/5100/540 2969/5101/541
f 2886/5077/517 2896/5084/524 2894/5088/613 2884/5072/512
f 2977/5102/542 2967/5103/543 2898/5104/650 2902/5105/545
f 2973/5098/538 2967/5103/543 2903/5106/546 2904/5099/539
f 2898/5104/650 2967/5103/543 2973/5098/538 2899/5107/547
f 2973/5098/538 2969/5101/541 2900/5108/548 2899/5107/547
f 2909/5095/535 2908/5109/549 2910/5110/550 2911/5111/551
f 2977/5102/542 2972/5112/552 2906/5113/553 2907/5114/554
f 2944/5115/555 2936/5116/556 2937/5117/557 2945/5118/558
f 2969/5101/541 2905/5100/540 2920/5119/559 2964/5120/560
f 2910/5110/550 2912/5121/561 2913/5122/562 2911/5111/551
f 2914/5123/563 2916/5124/564 2917/5094/534 2915/5125/565
f 2915/5125/565 2917/5094/534 2907/5097/537 2906/5126/566
f 2916/5124/564 2908/5109/549 2909/5095/535 2917/5094/534
f 2909/5095/535 2911/5111/551 2904/5127/567 2903/5096/536
f 2911/5111/551 2913/5122/562 2905/5128/568 2904/5127/567
f 2914/5123/563 2915/5125/565 2925/5129/569 2924/5130/570
f 2972/5112/552 2901/5131/571 2919/5132/572 2965/5133/573
f 2913/5122/562 2912/5121/561 2922/5134/661 2923/5135/575
f 2972/5112/552 2965/5133/573 2921/5136/576 2906/5113/553
f 2915/5125/565 2906/5126/566 2921/5137/577 2925/5129/569
f 2905/5128/568 2913/5122/562 2923/5135/575 2920/5138/578
f 2969/5101/541 2964/5120/560 2918/5139/579 2900/5108/548
f 2945/5118/558 2937/5117/557 2931/5140/580 2935/5141/581
f 2912/5121/561 2910/5110/550 2908/5109/549
f 2914/5123/563 2924/5130/570 2922/5134/661 2912/5121/561
f 2995/5142/582 2981/5143/583 2926/5144/584 2930/5145/585
f 2991/5146/586 2981/5143/583 2931/5147/587 2932/5148/588
f 2982/5149/589 2966/5150/590 2968/5151/591 2984/5152/592
f 2991/5146/586 2983/5153/593 2928/5154/594 2927/5155/595
f 2937/5117/557 2936/5116/556 2938/5156/596 2939/5157/597
f 2995/5142/582 2985/5158/598 2934/5159/599 2935/5160/600
f 2995/5142/582 2935/5160/600 2931/5147/587 2981/5143/583
f 2929/5161/601 2985/5158/598 2995/5142/582 2930/5145/585
f 2983/5153/593 2933/5162/602 2948/5163/603 2979/5164/604
f 2938/5156/596 2940/5165/605 2941/5166/606 2939/5157/597
f 2942/5167/607 2944/5115/555 2945/5118/558 2943/5168/608
f 2943/5168/608 2945/5118/558 2935/5141/581 2934/5169/609
f 2977/5102/542 2907/5114/554 2903/5106/546 2967/5103/543
f 2901/5131/571 2972/5112/552 2977/5102/542 2902/5105/545
f 2937/5117/557 2939/5157/597 2932/5170/610 2931/5140/580
f 2939/5157/597 2941/5166/606 2933/5171/611 2932/5170/610
f 2942/5167/607 2943/5168/608 2953/5172/529 2952/5173/613
f 2985/5158/598 2929/5161/601 2947/5174/614 2980/5175/615
f 2941/5166/606 2940/5165/605 2950/5176/524 2951/5177/523
f 2985/5158/598 2980/5175/615 2949/5178/616 2934/5159/599
f 2943/5168/608 2934/5169/609 2949/5179/532 2953/5172/529
f 2933/5171/611 2941/5166/606 2951/5177/523 2948/5180/531
f 2983/5153/593 2979/5164/604 2946/5181/617 2928/5154/594
f 2984/5152/592 2968/5151/591 2959/5182/618 2963/5183/619
f 3006/5184/620 3004/5185/621 2960/5186/622 2961/5187/623
f 2942/5167/607 2952/5173/613 2950/5176/524 2940/5165/605
f 3003/5068/508 3007/5188/624 2954/5189/625 2958/5069/509
f 3007/5188/624 2959/5190/626 2960/5186/622 3004/5185/621
f 2954/5189/625 3007/5188/624 3004/5185/621 2955/5191/627
f 3006/5184/620 2956/5192/628 2955/5191/627 3004/5185/621
f 2968/5151/591 2966/5150/590 2970/5193/629 2971/5194/630
f 3003/5068/508 3005/5067/507 2962/5195/631 2963/5196/632
f 3007/5188/624 3003/5068/508 2963/5196/632 2959/5190/626
f 3006/5184/620 2961/5187/623 2988/5197/633 3009/5198/634
f 2970/5193/629 2974/5199/635 2975/5200/636 2971/5194/630
f 2976/5201/637 2982/5149/589 2984/5152/592 2978/5202/638
f 2978/5202/638 2984/5152/592 2963/5183/619 2962/5203/639
f 2926/5144/584 2981/5143/583 2991/5146/586 2927/5155/595
f 2991/5146/586 2932/5148/588 2933/5162/602 2983/5153/593
f 2968/5151/591 2971/5194/630 2960/5204/640 2959/5182/618
f 2971/5194/630 2975/5200/636 2961/5205/641 2960/5204/640
f 2976/5201/637 2978/5202/638 2994/5206/575 2993/5207/642
f 3005/5067/507 2957/5066/506 2987/5208/643 3008/5209/644
f 2975/5200/636 2974/5199/635 2990/5210/645 2992/5211/569
f 3005/5067/507 3008/5209/644 2989/5212/646 2962/5195/631
f 2978/5202/638 2962/5203/639 2989/5213/578 2994/5206/575
f 2974/5199/635 2970/5193/629 2966/5150/590
f 2961/5205/641 2975/5200/636 2992/5211/569 2988/5214/577
f 3006/5184/620 3009/5198/634 2986/5215/647 2956/5192/628
f 2940/5165/605 2938/5156/596 2936/5116/556
f 2976/5201/637 2993/5207/642 2990/5210/645 2974/5199/635
f 2884/5072/512 2882/5060/500 2880/5059/499
f 2998/5063/503 2996/5062/502 2874/5216/648 2873/5085/525
f 2996/5062/502 3000/5049/489 2870/5053/493 2874/5216/648
f 3140/5217/662 3137/5218/663 3016/5219/664 3015/5220/587
f 3010/5221/665 3011/5222/666 3137/5218/663 3140/5217/662
f 3139/5223/667 3017/5224/668 3016/5219/664 3137/5218/663
f 3139/5223/667 3137/5218/663 3011/5222/666 3012/5225/669
f 3021/5226/670 3023/5227/558 3022/5228/555 3020/5229/556
f 3136/5230/671 3019/5231/672 3018/5232/673 3138/5233/674
f 3097/5234/675 3098/5235/676 3143/5236/621 3145/5237/677
f 3140/5217/662 3015/5220/587 3019/5231/672 3136/5230/671
f 3139/5223/667 3142/5238/651 3032/5239/616 3017/5224/668
f 3022/5228/555 3023/5227/558 3025/5240/678 3024/5241/607
f 3029/5242/597 3019/5243/679 3015/5244/680 3021/5226/670
f 3026/5245/605 3027/5246/681 3029/5242/597 3028/5247/596
f 3027/5246/681 3018/5248/682 3019/5243/679 3029/5242/597
f 3028/5247/596 3029/5242/597 3021/5226/670 3020/5229/556
f 3023/5227/558 3021/5226/670 3015/5244/680 3016/5249/683
f 3023/5227/558 3016/5249/683 3017/5250/684 3025/5240/678
f 3026/5245/605 3036/5251/524 3037/5252/523 3027/5246/681
f 3138/5233/674 3141/5253/604 3031/5254/617 3013/5255/685
f 3025/5240/678 3035/5256/529 3034/5257/613 3024/5241/607
f 3138/5233/674 3018/5232/673 3033/5258/603 3141/5253/604
f 3027/5246/681 3037/5252/523 3033/5259/531 3018/5248/682
f 3017/5250/684 3032/5260/532 3035/5256/529 3025/5240/678
f 3139/5223/667 3012/5225/669 3030/5261/614 3142/5238/651
f 3057/5262/551 3047/5263/686 3043/5264/687 3049/5265/688
f 3113/5266/542 3109/5267/689 3045/5268/690 3044/5269/691
f 3026/5245/605 3024/5241/607 3034/5257/613 3036/5251/524
f 3117/5270/538 3042/5271/692 3038/5272/693 3107/5273/694
f 3113/5266/542 3044/5269/691 3043/5274/546 3107/5273/694
f 3038/5272/693 3039/5275/695 3113/5266/542 3107/5273/694
f 3113/5266/542 3039/5275/695 3040/5276/696 3109/5267/689
f 3049/5265/688 3051/5277/534 3050/5278/697 3048/5279/549
f 3117/5270/538 3047/5280/698 3046/5281/699 3112/5282/700
f 3084/5283/701 3085/5284/501 3077/5285/654 3076/5286/499
f 3109/5267/689 3104/5287/573 3060/5288/576 3045/5268/690
f 3050/5278/697 3051/5277/534 3053/5289/702 3052/5290/563
f 3054/5291/561 3055/5292/703 3057/5262/551 3056/5293/550
f 3055/5292/703 3046/5294/704 3047/5263/686 3057/5262/551
f 3056/5293/550 3057/5262/551 3049/5265/688 3048/5279/549
f 3049/5265/688 3043/5264/687 3044/5295/705 3051/5277/534
f 3051/5277/534 3044/5295/705 3045/5296/706 3053/5289/702
f 3054/5291/561 3064/5297/642 3065/5298/575 3055/5292/703
f 3112/5282/700 3105/5299/560 3059/5300/579 3041/5301/707
f 3053/5289/702 3063/5302/569 3062/5303/570 3052/5290/563
f 3112/5282/700 3046/5281/699 3061/5304/559 3105/5299/560
f 3055/5292/703 3065/5298/575 3061/5305/578 3046/5294/704
f 3045/5296/706 3060/5306/577 3063/5302/569 3053/5289/702
f 3109/5267/689 3040/5276/696 3058/5307/572 3104/5287/573
f 3085/5284/501 3075/5308/708 3071/5309/709 3077/5285/654
f 3048/5279/549 3052/5290/563 3054/5291/561
f 3054/5291/561 3052/5290/563 3062/5303/570 3064/5297/642
f 3135/5310/492 3070/5311/710 3066/5312/711 3121/5313/712
f 3131/5314/502 3072/5315/713 3071/5316/490 3121/5313/712
f 3122/5317/714 3124/5318/630 3108/5319/715 3106/5320/590
f 3131/5314/502 3067/5321/716 3068/5322/717 3123/5323/718
f 3077/5285/654 3079/5324/514 3078/5325/719 3076/5286/499
f 3135/5310/492 3075/5326/720 3074/5327/721 3125/5328/722
f 3135/5310/492 3121/5313/712 3071/5316/490 3075/5326/720
f 3069/5329/723 3070/5311/710 3135/5310/492 3125/5328/722
f 3123/5323/718 3119/5330/527 3088/5331/530 3073/5332/724
f 3078/5325/719 3079/5324/514 3081/5333/725 3080/5334/517
f 3082/5335/512 3083/5336/726 3085/5284/501 3084/5283/701
f 3083/5336/726 3074/5337/727 3075/5308/708 3085/5284/501
f 3117/5270/538 3107/5273/694 3043/5274/546 3047/5280/698
f 3041/5301/707 3042/5271/692 3117/5270/538 3112/5282/700
f 3077/5285/654 3071/5309/709 3072/5338/728 3079/5324/514
f 3079/5324/514 3072/5338/728 3073/5339/729 3081/5333/725
f 3082/5335/512 3092/5340/659 3093/5341/529 3083/5336/726
f 3125/5328/722 3120/5342/511 3087/5343/533 3069/5329/723
f 3081/5333/725 3091/5344/523 3090/5345/524 3080/5334/517
f 3125/5328/722 3074/5327/721 3089/5346/510 3120/5342/511
f 3083/5336/726 3093/5341/529 3089/5347/532 3074/5337/727
f 3073/5339/729 3088/5348/531 3091/5344/523 3081/5333/725
f 3123/5323/718 3068/5322/717 3086/5349/526 3119/5330/527
f 3124/5318/630 3103/5350/730 3099/5351/731 3108/5319/715
f 3146/5352/732 3101/5353/733 3100/5354/734 3144/5355/735
f 3082/5335/512 3080/5334/517 3090/5345/524 3092/5340/659
f 3143/5236/621 3098/5235/676 3094/5356/736 3147/5357/737
f 3147/5357/737 3144/5355/735 3100/5354/734 3099/5358/626
f 3094/5356/736 3095/5359/738 3144/5355/735 3147/5357/737
f 3146/5352/732 3144/5355/735 3095/5359/738 3096/5360/739
f 3108/5319/715 3111/5361/592 3110/5362/589 3106/5320/590
f 3143/5236/621 3103/5363/740 3102/5364/741 3145/5237/677
f 3147/5357/737 3099/5358/626 3103/5363/740 3143/5236/621
f 3146/5352/732 3149/5365/644 3128/5366/646 3101/5353/733
f 3110/5362/589 3111/5361/592 3115/5367/742 3114/5368/637
f 3116/5369/635 3118/5370/743 3124/5318/630 3122/5317/714
f 3118/5370/743 3102/5371/744 3103/5350/730 3124/5318/630
f 3066/5312/711 3067/5321/716 3131/5314/502 3121/5313/712
f 3131/5314/502 3123/5323/718 3073/5332/724 3072/5315/713
f 3108/5319/715 3099/5351/731 3100/5372/745 3111/5361/592
f 3111/5361/592 3100/5372/745 3101/5373/746 3115/5367/742
f 3116/5369/635 3133/5374/570 3134/5375/569 3118/5370/743
f 3145/5237/677 3148/5376/634 3127/5377/647 3097/5234/675
f 3115/5367/742 3132/5378/575 3130/5379/642 3114/5368/637
f 3145/5237/677 3102/5364/741 3129/5380/633 3148/5376/634
f 3118/5370/743 3134/5375/569 3129/5381/577 3102/5371/744
f 3106/5320/590 3114/5368/637 3116/5369/635
f 3101/5373/746 3128/5382/578 3132/5378/575 3115/5367/742
f 3146/5352/732 3096/5360/739 3126/5383/643 3149/5365/644
f 3076/5286/499 3080/5334/517 3082/5335/512
f 3116/5369/635 3114/5368/637 3130/5379/642 3133/5374/570
f 3020/5229/556 3024/5241/607 3026/5245/605
f 3138/5233/674 3013/5255/685 3014/5384/747 3136/5230/671
f 3136/5230/671 3014/5384/747 3010/5221/665 3140/5217/662
f 3280/5385/662 3277/5386/663 3156/5387/664 3155/5388/587
f 3150/5389/665 3151/5390/666 3277/5386/663 3280/5385/662
f 3279/5391/667 3157/5392/668 3156/5387/664 3277/5386/663
f 3279/5391/667 3277/5386/663 3151/5390/666 3152/5393/669
f 3161/5394/670 3163/5395/558 3162/5396/555 3160/5397/748
f 3276/5398/671 3159/5399/672 3158/5400/673 3278/5401/674
f 3237/5402/675 3238/5403/676 3283/5404/621 3285/5405/677
f 3280/5385/662 3155/5388/587 3159/5399/672 3276/5398/671
f 3279/5391/667 3282/5406/651 3172/5407/616 3157/5392/668
f 3162/5396/555 3163/5395/558 3165/5408/678 3164/5409/607
f 3169/5410/597 3159/5411/679 3155/5412/680 3161/5394/670
f 3166/5413/605 3167/5414/681 3169/5410/597 3168/5415/596
f 3167/5414/681 3158/5416/682 3159/5411/679 3169/5410/597
f 3168/5415/596 3169/5410/597 3161/5394/670 3160/5397/748
f 3163/5395/558 3161/5394/670 3155/5412/680 3156/5417/683
f 3163/5395/558 3156/5417/683 3157/5418/684 3165/5408/678
f 3166/5413/605 3176/5419/524 3177/5420/523 3167/5414/681
f 3278/5401/674 3281/5421/604 3171/5422/617 3153/5423/685
f 3165/5408/678 3175/5424/529 3174/5425/613 3164/5409/607
f 3278/5401/674 3158/5400/673 3173/5426/603 3281/5421/604
f 3167/5414/681 3177/5420/523 3173/5427/531 3158/5416/682
f 3157/5418/684 3172/5428/532 3175/5424/529 3165/5408/678
f 3279/5391/667 3152/5393/669 3170/5429/614 3282/5406/651
f 3197/5430/551 3187/5431/686 3183/5432/687 3189/5433/688
f 3253/5434/542 3249/5435/689 3185/5436/690 3184/5437/691
f 3166/5413/605 3164/5409/607 3174/5425/613 3176/5419/524
f 3257/5438/538 3182/5439/692 3178/5440/749 3247/5441/694
f 3253/5434/542 3184/5437/691 3183/5442/546 3247/5441/694
f 3178/5440/749 3179/5443/695 3253/5434/542 3247/5441/694
f 3253/5434/542 3179/5443/695 3180/5444/696 3249/5435/689
f 3189/5433/688 3191/5445/534 3190/5446/697 3188/5447/549
f 3257/5438/538 3187/5448/698 3186/5449/699 3252/5450/700
f 3224/5451/701 3225/5452/501 3217/5453/750 3216/5454/499
f 3249/5435/689 3244/5455/573 3200/5456/576 3185/5436/690
f 3190/5446/697 3191/5445/534 3193/5457/702 3192/5458/563
f 3194/5459/561 3195/5460/703 3197/5430/551 3196/5461/550
f 3195/5460/703 3186/5462/704 3187/5431/686 3197/5430/551
f 3196/5461/550 3197/5430/551 3189/5433/688 3188/5447/549
f 3189/5433/688 3183/5432/687 3184/5463/705 3191/5445/534
f 3191/5445/534 3184/5463/705 3185/5464/706 3193/5457/702
f 3194/5459/561 3204/5465/642 3205/5466/575 3195/5460/703
f 3252/5450/700 3245/5467/560 3199/5468/579 3181/5469/707
f 3193/5457/702 3203/5470/751 3202/5471/570 3192/5458/563
f 3252/5450/700 3186/5449/699 3201/5472/559 3245/5467/560
f 3195/5460/703 3205/5466/575 3201/5473/578 3186/5462/704
f 3185/5464/706 3200/5474/577 3203/5470/751 3193/5457/702
f 3249/5435/689 3180/5444/696 3198/5475/572 3244/5455/573
f 3225/5452/501 3215/5476/708 3211/5477/709 3217/5453/750
f 3188/5447/549 3192/5458/563 3194/5459/561
f 3194/5459/561 3192/5458/563 3202/5471/570 3204/5465/642
f 3275/5478/492 3210/5479/710 3206/5480/711 3261/5481/712
f 3271/5482/502 3212/5483/713 3211/5484/490 3261/5481/712
f 3262/5485/714 3264/5486/630 3248/5487/715 3246/5488/590
f 3271/5482/502 3207/5489/716 3208/5490/717 3263/5491/718
f 3217/5453/750 3219/5492/514 3218/5493/719 3216/5454/499
f 3275/5478/492 3215/5494/720 3214/5495/721 3265/5496/722
f 3275/5478/492 3261/5481/712 3211/5484/490 3215/5494/720
f 3209/5497/723 3210/5479/710 3275/5478/492 3265/5496/722
f 3263/5491/718 3259/5498/527 3228/5499/530 3213/5500/724
f 3218/5493/719 3219/5492/514 3221/5501/725 3220/5502/517
f 3222/5503/512 3223/5504/726 3225/5452/501 3224/5451/701
f 3223/5504/726 3214/5505/727 3215/5476/708 3225/5452/501
f 3257/5438/538 3247/5441/694 3183/5442/546 3187/5448/698
f 3181/5469/707 3182/5439/692 3257/5438/538 3252/5450/700
f 3217/5453/750 3211/5477/709 3212/5506/728 3219/5492/514
f 3219/5492/514 3212/5506/728 3213/5507/729 3221/5501/725
f 3222/5503/512 3232/5508/659 3233/5509/529 3223/5504/726
f 3265/5496/722 3260/5510/511 3227/5511/533 3209/5497/723
f 3221/5501/725 3231/5512/523 3230/5513/524 3220/5502/517
f 3265/5496/722 3214/5495/721 3229/5514/510 3260/5510/511
f 3223/5504/726 3233/5509/529 3229/5515/532 3214/5505/727
f 3213/5507/729 3228/5516/531 3231/5512/523 3221/5501/725
f 3263/5491/718 3208/5490/717 3226/5517/526 3259/5498/527
f 3264/5486/630 3243/5518/730 3239/5519/731 3248/5487/715
f 3286/5520/732 3241/5521/733 3240/5522/734 3284/5523/735
f 3222/5503/512 3220/5502/517 3230/5513/524 3232/5508/659
f 3283/5404/621 3238/5403/676 3234/5524/736 3287/5525/737
f 3287/5525/737 3284/5523/735 3240/5522/734 3239/5526/626
f 3234/5524/736 3235/5527/738 3284/5523/735 3287/5525/737
f 3286/5520/732 3284/5523/735 3235/5527/738 3236/5528/739
f 3248/5487/715 3251/5529/592 3250/5530/589 3246/5488/590
f 3283/5404/621 3243/5531/740 3242/5532/741 3285/5405/677
f 3287/5525/737 3239/5526/626 3243/5531/740 3283/5404/621
f 3286/5520/732 3289/5533/644 3268/5534/646 3241/5521/733
f 3250/5530/589 3251/5529/592 3255/5535/742 3254/5536/637
f 3256/5537/635 3258/5538/743 3264/5486/630 3262/5485/714
f 3258/5538/743 3242/5539/744 3243/5518/730 3264/5486/630
f 3206/5480/711 3207/5489/716 3271/5482/502 3261/5481/712
f 3271/5482/502 3263/5491/718 3213/5500/724 3212/5483/713
f 3248/5487/715 3239/5519/731 3240/5540/745 3251/5529/592
f 3251/5529/592 3240/5540/745 3241/5541/746 3255/5535/742
f 3256/5537/635 3273/5542/570 3274/5543/569 3258/5538/743
f 3285/5405/677 3288/5544/634 3267/5545/647 3237/5402/675
f 3255/5535/742 3272/5546/752 3270/5547/642 3254/5536/637
f 3285/5405/677 3242/5532/741 3269/5548/633 3288/5544/634
f 3258/5538/743 3274/5543/569 3269/5549/577 3242/5539/744
f 3246/5488/590 3254/5536/637 3256/5537/635
f 3241/5541/746 3268/5550/578 3272/5546/752 3255/5535/742
f 3286/5520/732 3236/5528/739 3266/5551/643 3289/5533/644
f 3216/5454/499 3220/5502/517 3222/5503/512
f 3256/5537/635 3254/5536/637 3270/5547/642 3273/5542/570
f 3160/5397/748 3164/5409/607 3166/5413/605
f 3278/5401/674 3153/5423/685 3154/5552/747 3276/5398/671
f 3276/5398/671 3154/5552/747 3150/5389/665 3280/5385/662
f 3420/5553/662 3417/5554/663 3296/5555/664 3295/5556/587
f 3290/5557/665 3291/5558/666 3417/5554/663 3420/5553/662
f 3419/5559/667 3297/5560/668 3296/5555/664 3417/5554/663
f 3419/5559/667 3417/5554/663 3291/5558/666 3292/5561/669
f 3301/5562/670 3303/5563/558 3302/5564/555 3300/5565/748
f 3416/5566/671 3299/5567/672 3298/5568/673 3418/5569/674
f 3377/5570/675 3378/5571/676 3423/5572/621 3425/5573/677
f 3420/5553/662 3295/5556/587 3299/5567/672 3416/5566/671
f 3419/5559/667 3422/5574/651 3312/5575/616 3297/5560/668
f 3302/5564/555 3303/5563/558 3305/5576/678 3304/5577/607
f 3309/5578/597 3299/5579/679 3295/5580/680 3301/5562/670
f 3306/5581/605 3307/5582/681 3309/5578/597 3308/5583/596
f 3307/5582/681 3298/5584/682 3299/5579/679 3309/5578/597
f 3308/5583/596 3309/5578/597 3301/5562/670 3300/5565/748
f 3303/5563/558 3301/5562/670 3295/5580/680 3296/5585/683
f 3303/5563/558 3296/5585/683 3297/5586/684 3305/5576/678
f 3306/5581/605 3316/5587/524 3317/5588/523 3307/5582/681
f 3418/5569/674 3421/5589/604 3311/5590/617 3293/5591/685
f 3305/5576/678 3315/5592/529 3314/5593/613 3304/5577/607
f 3418/5569/674 3298/5568/673 3313/5594/603 3421/5589/604
f 3307/5582/681 3317/5588/523 3313/5595/531 3298/5584/682
f 3297/5586/684 3312/5596/532 3315/5592/529 3305/5576/678
f 3419/5559/667 3292/5561/669 3310/5597/614 3422/5574/651
f 3337/5598/551 3327/5599/686 3323/5600/687 3329/5601/688
f 3393/5602/542 3389/5603/689 3325/5604/690 3324/5605/691
f 3306/5581/605 3304/5577/607 3314/5593/613 3316/5587/524
f 3397/5606/538 3322/5607/692 3318/5608/749 3387/5609/694
f 3393/5602/542 3324/5605/691 3323/5610/546 3387/5609/694
f 3318/5608/749 3319/5611/695 3393/5602/542 3387/5609/694
f 3393/5602/542 3319/5611/695 3320/5612/696 3389/5603/689
f 3329/5601/688 3331/5613/534 3330/5614/697 3328/5615/549
f 3397/5606/538 3327/5616/698 3326/5617/699 3392/5618/700
f 3364/5619/701 3365/5620/501 3357/5621/750 3356/5622/499
f 3389/5603/689 3384/5623/573 3340/5624/576 3325/5604/690
f 3330/5614/697 3331/5613/534 3333/5625/702 3332/5626/563
f 3334/5627/561 3335/5628/703 3337/5598/551 3336/5629/550
f 3335/5628/703 3326/5630/704 3327/5599/686 3337/5598/551
f 3336/5629/550 3337/5598/551 3329/5601/688 3328/5615/549
f 3329/5601/688 3323/5600/687 3324/5631/705 3331/5613/534
f 3331/5613/534 3324/5631/705 3325/5632/706 3333/5625/702
f 3334/5627/561 3344/5633/642 3345/5634/575 3335/5628/703
f 3392/5618/700 3385/5635/560 3339/5636/579 3321/5637/707
f 3333/5625/702 3343/5638/753 3342/5639/570 3332/5626/563
f 3392/5618/700 3326/5617/699 3341/5640/559 3385/5635/560
f 3335/5628/703 3345/5634/575 3341/5641/578 3326/5630/704
f 3325/5632/706 3340/5642/577 3343/5638/753 3333/5625/702
f 3389/5603/689 3320/5612/696 3338/5643/572 3384/5623/573
f 3365/5620/501 3355/5644/708 3351/5645/709 3357/5621/750
f 3328/5615/549 3332/5626/563 3334/5627/561
f 3334/5627/561 3332/5626/563 3342/5639/570 3344/5633/642
f 3415/5646/492 3350/5647/710 3346/5648/711 3401/5649/712
f 3411/5650/502 3352/5651/713 3351/5652/490 3401/5649/712
f 3402/5653/714 3404/5654/630 3388/5655/754 3386/5656/590
f 3411/5650/502 3347/5657/716 3348/5658/717 3403/5659/718
f 3357/5621/750 3359/5660/514 3358/5661/719 3356/5622/499
f 3415/5646/492 3355/5662/720 3354/5663/721 3405/5664/722
f 3415/5646/492 3401/5649/712 3351/5652/490 3355/5662/720
f 3349/5665/723 3350/5647/710 3415/5646/492 3405/5664/722
f 3403/5659/718 3399/5666/527 3368/5667/530 3353/5668/724
f 3358/5661/719 3359/5660/514 3361/5669/725 3360/5670/517
f 3362/5671/512 3363/5672/726 3365/5620/501 3364/5619/701
f 3363/5672/726 3354/5673/727 3355/5644/708 3365/5620/501
f 3397/5606/538 3387/5609/694 3323/5610/546 3327/5616/698
f 3321/5637/707 3322/5607/692 3397/5606/538 3392/5618/700
f 3357/5621/750 3351/5645/709 3352/5674/728 3359/5660/514
f 3359/5660/514 3352/5674/728 3353/5675/729 3361/5669/725
f 3362/5671/512 3372/5676/659 3373/5677/529 3363/5672/726
f 3405/5664/722 3400/5678/511 3367/5679/533 3349/5665/723
f 3361/5669/725 3371/5680/523 3370/5681/524 3360/5670/517
f 3405/5664/722 3354/5663/721 3369/5682/510 3400/5678/511
f 3363/5672/726 3373/5677/529 3369/5683/532 3354/5673/727
f 3353/5675/729 3368/5684/531 3371/5680/523 3361/5669/725
f 3403/5659/718 3348/5658/717 3366/5685/526 3399/5666/527
f 3404/5654/630 3383/5686/730 3379/5687/731 3388/5655/754
f 3426/5688/732 3381/5689/733 3380/5690/734 3424/5691/735
f 3362/5671/512 3360/5670/517 3370/5681/524 3372/5676/659
f 3423/5572/621 3378/5571/676 3374/5692/736 3427/5693/737
f 3427/5693/737 3424/5691/735 3380/5690/734 3379/5694/626
f 3374/5692/736 3375/5695/738 3424/5691/735 3427/5693/737
f 3426/5688/732 3424/5691/735 3375/5695/738 3376/5696/739
f 3388/5655/754 3391/5697/592 3390/5698/589 3386/5656/590
f 3423/5572/621 3383/5699/740 3382/5700/741 3425/5573/677
f 3427/5693/737 3379/5694/626 3383/5699/740 3423/5572/621
f 3426/5688/732 3429/5701/644 3408/5702/646 3381/5689/733
f 3390/5698/589 3391/5697/592 3395/5703/742 3394/5704/637
f 3396/5705/635 3398/5706/743 3404/5654/630 3402/5653/714
f 3398/5706/743 3382/5707/744 3383/5686/730 3404/5654/630
f 3346/5648/711 3347/5657/716 3411/5650/502 3401/5649/712
f 3411/5650/502 3403/5659/718 3353/5668/724 3352/5651/713
f 3388/5655/754 3379/5687/731 3380/5708/745 3391/5697/592
f 3391/5697/592 3380/5708/745 3381/5709/746 3395/5703/742
f 3396/5705/635 3413/5710/570 3414/5711/569 3398/5706/743
f 3425/5573/677 3428/5712/634 3407/5713/647 3377/5570/675
f 3395/5703/742 3412/5714/752 3410/5715/642 3394/5704/637
f 3425/5573/677 3382/5700/741 3409/5716/633 3428/5712/634
f 3398/5706/743 3414/5711/569 3409/5717/577 3382/5707/744
f 3386/5656/590 3394/5704/637 3396/5705/635
f 3381/5709/746 3408/5718/578 3412/5714/752 3395/5703/742
f 3426/5688/732 3376/5696/739 3406/5719/643 3429/5701/644
f 3356/5622/499 3360/5670/517 3362/5671/512
f 3396/5705/635 3394/5704/637 3410/5715/642 3413/5710/570
f 3300/5565/748 3304/5577/607 3306/5581/605
f 3418/5569/674 3293/5591/685 3294/5720/747 3416/5566/671
f 3416/5566/671 3294/5720/747 3290/5557/665 3420/5553/662
f 3560/5721/662 3557/5722/663 3436/5723/664 3435/5724/587
f 3430/5725/665 3431/5726/666 3557/5722/663 3560/5721/662
f 3559/5727/667 3437/5728/668 3436/5723/664 3557/5722/663
f 3559/5727/667 3557/5722/663 3431/5726/666 3432/5729/669
f 3441/5730/670 3443/5731/558 3442/5732/555 3440/5733/556
f 3556/5734/671 3439/5735/672 3438/5736/673 3558/5737/674
f 3517/5738/675 3518/5739/676 3563/5740/621 3565/5741/677
f 3560/5721/662 3435/5724/587 3439/5735/672 3556/5734/671
f 3559/5727/667 3562/5742/651 3452/5743/616 3437/5728/668
f 3442/5732/555 3443/5731/558 3445/5744/678 3444/5745/607
f 3449/5746/597 3439/5747/679 3435/5748/680 3441/5730/670
f 3446/5749/605 3447/5750/681 3449/5746/597 3448/5751/596
f 3447/5750/681 3438/5752/682 3439/5747/679 3449/5746/597
f 3448/5751/596 3449/5746/597 3441/5730/670 3440/5733/556
f 3443/5731/558 3441/5730/670 3435/5748/680 3436/5753/683
f 3443/5731/558 3436/5753/683 3437/5754/684 3445/5744/678
f 3446/5749/605 3456/5755/524 3457/5756/523 3447/5750/681
f 3558/5737/674 3561/5757/604 3451/5758/617 3433/5759/685
f 3445/5744/678 3455/5760/529 3454/5761/613 3444/5745/607
f 3558/5737/674 3438/5736/673 3453/5762/603 3561/5757/604
f 3447/5750/681 3457/5756/523 3453/5763/531 3438/5752/682
f 3437/5754/684 3452/5764/532 3455/5760/529 3445/5744/678
f 3559/5727/667 3432/5729/669 3450/5765/614 3562/5742/651
f 3477/5766/551 3467/5767/686 3463/5768/687 3469/5769/688
f 3533/5770/542 3529/5771/689 3465/5772/690 3464/5773/691
f 3446/5749/605 3444/5745/607 3454/5761/613 3456/5755/524
f 3537/5774/538 3462/5775/692 3458/5776/693 3527/5777/694
f 3533/5770/542 3464/5773/691 3463/5778/546 3527/5777/694
f 3458/5776/693 3459/5779/695 3533/5770/542 3527/5777/694
f 3533/5770/542 3459/5779/695 3460/5780/696 3529/5771/689
f 3469/5769/688 3471/5781/534 3470/5782/697 3468/5783/755
f 3537/5774/538 3467/5784/698 3466/5785/699 3532/5786/700
f 3504/5787/701 3505/5788/501 3497/5789/750 3496/5790/499
f 3529/5771/689 3524/5791/573 3480/5792/576 3465/5772/690
f 3470/5782/697 3471/5781/534 3473/5793/702 3472/5794/563
f 3474/5795/561 3475/5796/703 3477/5766/551 3476/5797/550
f 3475/5796/703 3466/5798/704 3467/5767/686 3477/5766/551
f 3476/5797/550 3477/5766/551 3469/5769/688 3468/5783/755
f 3469/5769/688 3463/5768/687 3464/5799/705 3471/5781/534
f 3471/5781/534 3464/5799/705 3465/5800/706 3473/5793/702
f 3474/5795/561 3484/5801/642 3485/5802/575 3475/5796/703
f 3532/5786/700 3525/5803/560 3479/5804/579 3461/5805/707
f 3473/5793/702 3483/5806/569 3482/5807/570 3472/5794/563
f 3532/5786/700 3466/5785/699 3481/5808/559 3525/5803/560
f 3475/5796/703 3485/5802/575 3481/5809/578 3466/5798/704
f 3465/5800/706 3480/5810/577 3483/5806/569 3473/5793/702
f 3529/5771/689 3460/5780/696 3478/5811/572 3524/5791/573
f 3505/5788/501 3495/5812/708 3491/5813/709 3497/5789/750
f 3468/5783/755 3472/5794/563 3474/5795/561
f 3474/5795/561 3472/5794/563 3482/5807/570 3484/5801/642
f 3555/5814/492 3490/5815/710 3486/5816/711 3541/5817/712
f 3551/5818/502 3492/5819/713 3491/5820/490 3541/5817/712
f 3542/5821/756 3544/5822/630 3528/5823/754 3526/5824/590
f 3551/5818/502 3487/5825/716 3488/5826/717 3543/5827/718
f 3497/5789/750 3499/5828/514 3498/5829/719 3496/5790/499
f 3555/5814/492 3495/5830/720 3494/5831/721 3545/5832/722
f 3555/5814/492 3541/5817/712 3491/5820/490 3495/5830/720
f 3489/5833/723 3490/5815/710 3555/5814/492 3545/5832/722
f 3543/5827/718 3539/5834/527 3508/5835/530 3493/5836/724
f 3498/5829/719 3499/5828/514 3501/5837/725 3500/5838/517
f 3502/5839/512 3503/5840/726 3505/5788/501 3504/5787/701
f 3503/5840/726 3494/5841/727 3495/5812/708 3505/5788/501
f 3537/5774/538 3527/5777/694 3463/5778/546 3467/5784/698
f 3461/5805/707 3462/5775/692 3537/5774/538 3532/5786/700
f 3497/5789/750 3491/5813/709 3492/5842/728 3499/5828/514
f 3499/5828/514 3492/5842/728 3493/5843/729 3501/5837/725
f 3502/5839/512 3512/5844/757 3513/5845/529 3503/5840/726
f 3545/5832/722 3540/5846/511 3507/5847/533 3489/5833/723
f 3501/5837/725 3511/5848/523 3510/5849/524 3500/5838/517
f 3545/5832/722 3494/5831/721 3509/5850/510 3540/5846/511
f 3503/5840/726 3513/5845/529 3509/5851/532 3494/5841/727
f 3493/5843/729 3508/5852/531 3511/5848/523 3501/5837/725
f 3543/5827/718 3488/5826/717 3506/5853/526 3539/5834/527
f 3544/5822/630 3523/5854/730 3519/5855/731 3528/5823/754
f 3566/5856/732 3521/5857/733 3520/5858/734 3564/5859/735
f 3502/5839/512 3500/5838/517 3510/5849/524 3512/5844/757
f 3563/5740/621 3518/5739/676 3514/5860/736 3567/5861/737
f 3567/5861/737 3564/5859/735 3520/5858/734 3519/5862/626
f 3514/5860/736 3515/5863/738 3564/5859/735 3567/5861/737
f 3566/5856/732 3564/5859/735 3515/5863/738 3516/5864/739
f 3528/5823/754 3531/5865/592 3530/5866/589 3526/5824/590
f 3563/5740/621 3523/5867/740 3522/5868/741 3565/5741/677
f 3567/5861/737 3519/5862/626 3523/5867/740 3563/5740/621
f 3566/5856/732 3569/5869/644 3548/5870/646 3521/5857/733
f 3530/5866/589 3531/5865/592 3535/5871/758 3534/5872/637
f 3536/5873/635 3538/5874/743 3544/5822/630 3542/5821/756
f 3538/5874/743 3522/5875/744 3523/5854/730 3544/5822/630
f 3486/5816/711 3487/5825/716 3551/5818/502 3541/5817/712
f 3551/5818/502 3543/5827/718 3493/5836/724 3492/5819/713
f 3528/5823/754 3519/5855/731 3520/5876/745 3531/5865/592
f 3531/5865/592 3520/5876/745 3521/5877/746 3535/5871/758
f 3536/5873/635 3553/5878/570 3554/5879/569 3538/5874/743
f 3565/5741/677 3568/5880/634 3547/5881/647 3517/5738/675
f 3535/5871/758 3552/5882/575 3550/5883/642 3534/5872/637
f 3565/5741/677 3522/5868/741 3549/5884/633 3568/5880/634
f 3538/5874/743 3554/5879/569 3549/5885/577 3522/5875/744
f 3526/5824/590 3534/5872/637 3536/5873/635
f 3521/5877/746 3548/5886/578 3552/5882/575 3535/5871/758
f 3566/5856/732 3516/5864/739 3546/5887/643 3569/5869/644
f 3496/5790/499 3500/5838/517 3502/5839/512
f 3536/5873/635 3534/5872/637 3550/5883/642 3553/5878/570
f 3440/5733/556 3444/5745/607 3446/5749/605
f 3558/5737/674 3433/5759/685 3434/5888/747 3556/5734/671
f 3556/5734/671 3434/5888/747 3430/5725/665 3560/5721/662
f 3700/5889/662 3697/5890/663 3576/5891/664 3575/5892/587
f 3570/5893/665 3571/5894/666 3697/5890/663 3700/5889/662
f 3699/5895/667 3577/5896/668 3576/5891/664 3697/5890/663
f 3699/5895/667 3697/5890/663 3571/5894/666 3572/5897/669
f 3581/5898/670 3583/5899/558 3582/5900/555 3580/5901/656
f 3696/5902/671 3579/5903/672 3578/5904/673 3698/5905/674
f 3657/5906/675 3658/5907/676 3703/5908/621 3705/5909/677
f 3700/5889/662 3575/5892/587 3579/5903/672 3696/5902/671
f 3699/5895/667 3702/5910/651 3592/5911/616 3577/5896/668
f 3582/5900/555 3583/5899/558 3585/5912/678 3584/5913/607
f 3589/5914/597 3579/5915/679 3575/5916/680 3581/5898/670
f 3586/5917/605 3587/5918/681 3589/5914/597 3588/5919/596
f 3587/5918/681 3578/5920/682 3579/5915/679 3589/5914/597
f 3588/5919/596 3589/5914/597 3581/5898/670 3580/5901/656
f 3583/5899/558 3581/5898/670 3575/5916/680 3576/5921/683
f 3583/5899/558 3576/5921/683 3577/5922/684 3585/5912/678
f 3586/5917/605 3596/5923/524 3597/5924/523 3587/5918/681
f 3698/5905/674 3701/5925/604 3591/5926/617 3573/5927/685
f 3585/5912/678 3595/5928/529 3594/5929/613 3584/5913/607
f 3698/5905/674 3578/5904/673 3593/5930/603 3701/5925/604
f 3587/5918/681 3597/5924/523 3593/5931/531 3578/5920/682
f 3577/5922/684 3592/5932/532 3595/5928/529 3585/5912/678
f 3699/5895/667 3572/5897/669 3590/5933/614 3702/5910/651
f 3617/5934/551 3607/5935/686 3603/5936/687 3609/5937/688
f 3673/5938/542 3669/5939/689 3605/5940/690 3604/5941/691
f 3586/5917/605 3584/5913/607 3594/5929/613 3596/5923/524
f 3677/5942/538 3602/5943/692 3598/5944/749 3667/5945/694
f 3673/5938/542 3604/5941/691 3603/5946/546 3667/5945/694
f 3598/5944/749 3599/5947/695 3673/5938/542 3667/5945/694
f 3673/5938/542 3599/5947/695 3600/5948/696 3669/5939/689
f 3609/5937/688 3611/5949/534 3610/5950/697 3608/5951/549
f 3677/5942/538 3607/5952/698 3606/5953/699 3672/5954/700
f 3644/5955/701 3645/5956/501 3637/5957/750 3636/5958/499
f 3669/5939/689 3664/5959/573 3620/5960/576 3605/5940/690
f 3610/5950/697 3611/5949/534 3613/5961/702 3612/5962/563
f 3614/5963/561 3615/5964/703 3617/5934/551 3616/5965/550
f 3615/5964/703 3606/5966/704 3607/5935/686 3617/5934/551
f 3616/5965/550 3617/5934/551 3609/5937/688 3608/5951/549
f 3609/5937/688 3603/5936/687 3604/5967/705 3611/5949/534
f 3611/5949/534 3604/5967/705 3605/5968/706 3613/5961/702
f 3614/5963/561 3624/5969/574 3625/5970/575 3615/5964/703
f 3672/5954/700 3665/5971/560 3619/5972/579 3601/5973/707
f 3613/5961/702 3623/5974/751 3622/5975/570 3612/5962/563
f 3672/5954/700 3606/5953/699 3621/5976/559 3665/5971/560
f 3615/5964/703 3625/5970/575 3621/5977/578 3606/5966/704
f 3605/5968/706 3620/5978/577 3623/5974/751 3613/5961/702
f 3669/5939/689 3600/5948/696 3618/5979/572 3664/5959/573
f 3645/5956/501 3635/5980/708 3631/5981/709 3637/5957/750
f 3608/5951/549 3612/5962/563 3614/5963/561
f 3614/5963/561 3612/5962/563 3622/5975/570 3624/5969/574
f 3695/5982/492 3630/5983/710 3626/5984/711 3681/5985/712
f 3691/5986/502 3632/5987/713 3631/5988/490 3681/5985/712
f 3682/5989/756 3684/5990/630 3668/5991/759 3666/5992/590
f 3691/5986/502 3627/5993/716 3628/5994/717 3683/5995/718
f 3637/5957/750 3639/5996/514 3638/5997/719 3636/5958/499
f 3695/5982/492 3635/5998/720 3634/5999/721 3685/6000/722
f 3695/5982/492 3681/5985/712 3631/5988/490 3635/5998/720
f 3629/6001/723 3630/5983/710 3695/5982/492 3685/6000/722
f 3683/5995/718 3679/6002/760 3648/6003/530 3633/6004/724
f 3638/5997/719 3639/5996/514 3641/6005/725 3640/6006/517
f 3642/6007/512 3643/6008/726 3645/5956/501 3644/5955/701
f 3643/6008/726 3634/6009/727 3635/5980/708 3645/5956/501
f 3677/5942/538 3667/5945/694 3603/5946/546 3607/5952/698
f 3601/5973/707 3602/5943/692 3677/5942/538 3672/5954/700
f 3637/5957/750 3631/5981/709 3632/6010/728 3639/5996/514
f 3639/5996/514 3632/6010/728 3633/6011/729 3641/6005/725
f 3642/6007/512 3652/6012/613 3653/6013/529 3643/6008/726
f 3685/6000/722 3680/6014/511 3647/6015/533 3629/6001/723
f 3641/6005/725 3651/6016/523 3650/6017/524 3640/6006/517
f 3685/6000/722 3634/5999/721 3649/6018/510 3680/6014/511
f 3643/6008/726 3653/6013/529 3649/6019/532 3634/6009/727
f 3633/6011/729 3648/6020/531 3651/6016/523 3641/6005/725
f 3683/5995/718 3628/5994/717 3646/6021/526 3679/6002/760
f 3684/5990/630 3663/6022/730 3659/6023/731 3668/5991/759
f 3706/6024/732 3661/6025/733 3660/6026/734 3704/6027/735
f 3642/6007/512 3640/6006/517 3650/6017/524 3652/6012/613
f 3703/5908/621 3658/5907/676 3654/6028/736 3707/6029/737
f 3707/6029/737 3704/6027/735 3660/6026/734 3659/6030/626
f 3654/6028/736 3655/6031/738 3704/6027/735 3707/6029/737
f 3706/6024/732 3704/6027/735 3655/6031/738 3656/6032/739
f 3668/5991/759 3671/6033/592 3670/6034/589 3666/5992/590
f 3703/5908/621 3663/6035/740 3662/6036/741 3705/5909/677
f 3707/6029/737 3659/6030/626 3663/6035/740 3703/5908/621
f 3706/6024/732 3709/6037/644 3688/6038/646 3661/6025/733
f 3670/6034/589 3671/6033/592 3675/6039/742 3674/6040/637
f 3676/6041/635 3678/6042/743 3684/5990/630 3682/5989/756
f 3678/6042/743 3662/6043/744 3663/6022/730 3684/5990/630
f 3626/5984/711 3627/5993/716 3691/5986/502 3681/5985/712
f 3691/5986/502 3683/5995/718 3633/6004/724 3632/5987/713
f 3668/5991/759 3659/6023/731 3660/6044/745 3671/6033/592
f 3671/6033/592 3660/6044/745 3661/6045/746 3675/6039/742
f 3676/6041/635 3693/6046/570 3694/6047/569 3678/6042/743
f 3705/5909/677 3708/6048/634 3687/6049/647 3657/5906/675
f 3675/6039/742 3692/6050/575 3690/6051/642 3674/6040/637
f 3705/5909/677 3662/6036/741 3689/6052/633 3708/6048/634
f 3678/6042/743 3694/6047/569 3689/6053/577 3662/6043/744
f 3666/5992/590 3674/6040/637 3676/6041/635
f 3661/6045/746 3688/6054/578 3692/6050/575 3675/6039/742
f 3706/6024/732 3656/6032/739 3686/6055/643 3709/6037/644
f 3636/5958/499 3640/6006/517 3642/6007/512
f 3676/6041/635 3674/6040/637 3690/6051/642 3693/6046/570
f 3580/5901/656 3584/5913/607 3586/5917/605
f 3698/5905/674 3573/5927/685 3574/6056/747 3696/5902/671
f 3696/5902/671 3574/6056/747 3570/5893/665 3700/5889/662
f 3840/6057/662 3837/6058/663 3716/6059/664 3715/6060/587
f 3710/6061/665 3711/6062/666 3837/6058/663 3840/6057/662
f 3839/6063/667 3717/6064/668 3716/6059/664 3837/6058/663
f 3839/6063/667 3837/6058/663 3711/6062/666 3712/6065/669
f 3721/6066/670 3723/6067/558 3722/6068/555 3720/6069/656
f 3836/6070/671 3719/6071/672 3718/6072/673 3838/6073/674
f 3797/6074/675 3798/6075/676 3843/6076/621 3845/6077/677
f 3840/6057/662 3715/6060/587 3719/6071/672 3836/6070/671
f 3839/6063/667 3842/6078/651 3732/6079/616 3717/6064/668
f 3722/6068/555 3723/6067/558 3725/6080/678 3724/6081/607
f 3729/6082/597 3719/6083/679 3715/6084/680 3721/6066/670
f 3726/6085/605 3727/6086/681 3729/6082/597 3728/6087/596
f 3727/6086/681 3718/6088/682 3719/6083/679 3729/6082/597
f 3728/6087/596 3729/6082/597 3721/6066/670 3720/6069/656
f 3723/6067/558 3721/6066/670 3715/6084/680 3716/6089/683
f 3723/6067/558 3716/6089/683 3717/6090/684 3725/6080/678
f 3726/6085/605 3736/6091/524 3737/6092/523 3727/6086/681
f 3838/6073/674 3841/6093/604 3731/6094/617 3713/6095/685
f 3725/6080/678 3735/6096/529 3734/6097/613 3724/6081/607
f 3838/6073/674 3718/6072/673 3733/6098/603 3841/6093/604
f 3727/6086/681 3737/6092/523 3733/6099/531 3718/6088/682
f 3717/6090/684 3732/6100/532 3735/6096/529 3725/6080/678
f 3839/6063/667 3712/6065/669 3730/6101/614 3842/6078/651
f 3757/6102/551 3747/6103/686 3743/6104/687 3749/6105/688
f 3813/6106/542 3809/6107/689 3745/6108/690 3744/6109/691
f 3726/6085/605 3724/6081/607 3734/6097/613 3736/6091/524
f 3817/6110/538 3742/6111/692 3738/6112/749 3807/6113/694
f 3813/6106/542 3744/6109/691 3743/6114/546 3807/6113/694
f 3738/6112/749 3739/6115/695 3813/6106/542 3807/6113/694
f 3813/6106/542 3739/6115/695 3740/6116/696 3809/6107/689
f 3749/6105/688 3751/6117/534 3750/6118/697 3748/6119/755
f 3817/6110/538 3747/6120/698 3746/6121/699 3812/6122/700
f 3784/6123/701 3785/6124/501 3777/6125/750 3776/6126/499
f 3809/6107/689 3804/6127/573 3760/6128/576 3745/6108/690
f 3750/6118/697 3751/6117/534 3753/6129/702 3752/6130/563
f 3754/6131/561 3755/6132/703 3757/6102/551 3756/6133/550
f 3755/6132/703 3746/6134/704 3747/6103/686 3757/6102/551
f 3756/6133/550 3757/6102/551 3749/6105/688 3748/6119/755
f 3749/6105/688 3743/6104/687 3744/6135/705 3751/6117/534
f 3751/6117/534 3744/6135/705 3745/6136/706 3753/6129/702
f 3754/6131/561 3764/6137/574 3765/6138/575 3755/6132/703
f 3812/6122/700 3805/6139/560 3759/6140/579 3741/6141/707
f 3753/6129/702 3763/6142/753 3762/6143/570 3752/6130/563
f 3812/6122/700 3746/6121/699 3761/6144/559 3805/6139/560
f 3755/6132/703 3765/6138/575 3761/6145/578 3746/6134/704
f 3745/6136/706 3760/6146/577 3763/6142/753 3753/6129/702
f 3809/6107/689 3740/6116/696 3758/6147/572 3804/6127/573
f 3785/6124/501 3775/6148/708 3771/6149/709 3777/6125/750
f 3748/6119/755 3752/6130/563 3754/6131/561
f 3754/6131/561 3752/6130/563 3762/6143/570 3764/6137/574
f 3835/6150/492 3770/6151/710 3766/6152/711 3821/6153/712
f 3831/6154/502 3772/6155/713 3771/6156/490 3821/6153/712
f 3822/6157/756 3824/6158/630 3808/6159/754 3806/6160/590
f 3831/6154/502 3767/6161/716 3768/6162/717 3823/6163/718
f 3777/6125/750 3779/6164/514 3778/6165/719 3776/6126/499
f 3835/6150/492 3775/6166/720 3774/6167/721 3825/6168/722
f 3835/6150/492 3821/6153/712 3771/6156/490 3775/6166/720
f 3769/6169/723 3770/6151/710 3835/6150/492 3825/6168/722
f 3823/6163/718 3819/6170/760 3788/6171/530 3773/6172/724
f 3778/6165/719 3779/6164/514 3781/6173/725 3780/6174/517
f 3782/6175/512 3783/6176/726 3785/6124/501 3784/6123/701
f 3783/6176/726 3774/6177/727 3775/6148/708 3785/6124/501
f 3817/6110/538 3807/6113/694 3743/6114/546 3747/6120/698
f 3741/6141/707 3742/6111/692 3817/6110/538 3812/6122/700
f 3777/6125/750 3771/6149/709 3772/6178/728 3779/6164/514
f 3779/6164/514 3772/6178/728 3773/6179/729 3781/6173/725
f 3782/6175/512 3792/6180/613 3793/6181/529 3783/6176/726
f 3825/6168/722 3820/6182/511 3787/6183/533 3769/6169/723
f 3781/6173/725 3791/6184/523 3790/6185/524 3780/6174/517
f 3825/6168/722 3774/6167/721 3789/6186/510 3820/6182/511
f 3783/6176/726 3793/6181/529 3789/6187/532 3774/6177/727
f 3773/6179/729 3788/6188/531 3791/6184/523 3781/6173/725
f 3823/6163/718 3768/6162/717 3786/6189/526 3819/6170/760
f 3824/6158/630 3803/6190/730 3799/6191/731 3808/6159/754
f 3846/6192/732 3801/6193/733 3800/6194/734 3844/6195/735
f 3782/6175/512 3780/6174/517 3790/6185/524 3792/6180/613
f 3843/6076/621 3798/6075/676 3794/6196/736 3847/6197/737
f 3847/6197/737 3844/6195/735 3800/6194/734 3799/6198/626
f 3794/6196/736 3795/6199/738 3844/6195/735 3847/6197/737
f 3846/6192/732 3844/6195/735 3795/6199/738 3796/6200/739
f 3808/6159/754 3811/6201/592 3810/6202/589 3806/6160/590
f 3843/6076/621 3803/6203/740 3802/6204/741 3845/6077/677
f 3847/6197/737 3799/6198/626 3803/6203/740 3843/6076/621
f 3846/6192/732 3849/6205/644 3828/6206/646 3801/6193/733
f 3810/6202/589 3811/6201/592 3815/6207/742 3814/6208/637
f 3816/6209/635 3818/6210/743 3824/6158/630 3822/6157/756
f 3818/6210/743 3802/6211/744 3803/6190/730 3824/6158/630
f 3766/6152/711 3767/6161/716 3831/6154/502 3821/6153/712
f 3831/6154/502 3823/6163/718 3773/6172/724 3772/6155/713
f 3808/6159/754 3799/6191/731 3800/6212/745 3811/6201/592
f 3811/6201/592 3800/6212/745 3801/6213/746 3815/6207/742
f 3816/6209/635 3833/6214/645 3834/6215/569 3818/6210/743
f 3845/6077/677 3848/6216/634 3827/6217/647 3797/6074/675
f 3815/6207/742 3832/6218/575 3830/6219/642 3814/6208/637
f 3845/6077/677 3802/6204/741 3829/6220/633 3848/6216/634
f 3818/6210/743 3834/6215/569 3829/6221/577 3802/6211/744
f 3806/6160/590 3814/6208/637 3816/6209/635
f 3801/6213/746 3828/6222/578 3832/6218/575 3815/6207/742
f 3846/6192/732 3796/6200/739 3826/6223/643 3849/6205/644
f 3776/6126/499 3780/6174/517 3782/6175/512
f 3816/6209/635 3814/6208/637 3830/6219/642 3833/6214/645
f 3720/6069/656 3724/6081/607 3726/6085/605
f 3838/6073/674 3713/6095/685 3714/6224/747 3836/6070/671
f 3836/6070/671 3714/6224/747 3710/6061/665 3840/6057/662
f 3980/6225/662 3977/6226/663 3856/6227/664 3855/6228/587
f 3850/6229/665 3851/6230/666 3977/6226/663 3980/6225/662
f 3979/6231/667 3857/6232/668 3856/6227/664 3977/6226/663
f 3979/6231/667 3977/6226/663 3851/6230/666 3852/6233/669
f 3861/6234/670 3863/6235/558 3862/6236/555 3860/6237/656
f 3976/6238/671 3859/6239/672 3858/6240/673 3978/6241/674
f 3937/6242/675 3938/6243/676 3983/6244/621 3985/6245/677
f 3980/6225/662 3855/6228/587 3859/6239/672 3976/6238/671
f 3979/6231/667 3982/6246/651 3872/6247/616 3857/6232/668
f 3862/6236/555 3863/6235/558 3865/6248/678 3864/6249/607
f 3869/6250/597 3859/6251/679 3855/6252/680 3861/6234/670
f 3866/6253/605 3867/6254/681 3869/6250/597 3868/6255/596
f 3867/6254/681 3858/6256/682 3859/6251/679 3869/6250/597
f 3868/6255/596 3869/6250/597 3861/6234/670 3860/6237/656
f 3863/6235/558 3861/6234/670 3855/6252/680 3856/6257/683
f 3863/6235/558 3856/6257/683 3857/6258/684 3865/6248/678
f 3866/6253/605 3876/6259/524 3877/6260/523 3867/6254/681
f 3978/6241/674 3981/6261/604 3871/6262/617 3853/6263/685
f 3865/6248/678 3875/6264/612 3874/6265/613 3864/6249/607
f 3978/6241/674 3858/6240/673 3873/6266/603 3981/6261/604
f 3867/6254/681 3877/6260/523 3873/6267/531 3858/6256/682
f 3857/6258/684 3872/6268/532 3875/6264/612 3865/6248/678
f 3979/6231/667 3852/6233/669 3870/6269/614 3982/6246/651
f 3897/6270/551 3887/6271/686 3883/6272/687 3889/6273/688
f 3953/6274/542 3949/6275/689 3885/6276/690 3884/6277/691
f 3866/6253/605 3864/6249/607 3874/6265/613 3876/6259/524
f 3957/6278/538 3882/6279/692 3878/6280/693 3947/6281/694
f 3953/6274/542 3884/6277/691 3883/6282/546 3947/6281/694
f 3878/6280/693 3879/6283/695 3953/6274/542 3947/6281/694
f 3953/6274/542 3879/6283/695 3880/6284/696 3949/6275/689
f 3889/6273/688 3891/6285/534 3890/6286/697 3888/6287/755
f 3957/6278/538 3887/6288/698 3886/6289/699 3952/6290/700
f 3924/6291/701 3925/6292/501 3917/6293/750 3916/6294/499
f 3949/6275/689 3944/6295/573 3900/6296/576 3885/6276/690
f 3890/6286/697 3891/6285/534 3893/6297/702 3892/6298/563
f 3894/6299/561 3895/6300/703 3897/6270/551 3896/6301/550
f 3895/6300/703 3886/6302/704 3887/6271/686 3897/6270/551
f 3896/6301/550 3897/6270/551 3889/6273/688 3888/6287/755
f 3889/6273/688 3883/6272/687 3884/6303/705 3891/6285/534
f 3891/6285/534 3884/6303/705 3885/6304/706 3893/6297/702
f 3894/6299/561 3904/6305/642 3905/6306/575 3895/6300/703
f 3952/6290/700 3945/6307/560 3899/6308/579 3881/6309/707
f 3893/6297/702 3903/6310/569 3902/6311/570 3892/6298/563
f 3952/6290/700 3886/6289/699 3901/6312/559 3945/6307/560
f 3895/6300/703 3905/6306/575 3901/6313/578 3886/6302/704
f 3885/6304/706 3900/6314/577 3903/6310/569 3893/6297/702
f 3949/6275/689 3880/6284/696 3898/6315/572 3944/6295/573
f 3925/6292/501 3915/6316/708 3911/6317/709 3917/6293/750
f 3888/6287/755 3892/6298/563 3894/6299/561
f 3894/6299/561 3892/6298/563 3902/6311/570 3904/6305/642
f 3975/6318/492 3910/6319/710 3906/6320/711 3961/6321/712
f 3971/6322/502 3912/6323/713 3911/6324/490 3961/6321/712
f 3962/6325/714 3964/6326/630 3948/6327/754 3946/6328/590
f 3971/6322/502 3907/6329/716 3908/6330/717 3963/6331/718
f 3917/6293/750 3919/6332/514 3918/6333/719 3916/6294/499
f 3975/6318/492 3915/6334/720 3914/6335/721 3965/6336/722
f 3975/6318/492 3961/6321/712 3911/6324/490 3915/6334/720
f 3909/6337/723 3910/6319/710 3975/6318/492 3965/6336/722
f 3963/6331/718 3959/6338/527 3928/6339/530 3913/6340/724
f 3918/6333/719 3919/6332/514 3921/6341/725 3920/6342/517
f 3922/6343/512 3923/6344/726 3925/6292/501 3924/6291/701
f 3923/6344/726 3914/6345/727 3915/6316/708 3925/6292/501
f 3957/6278/538 3947/6281/694 3883/6282/546 3887/6288/698
f 3881/6309/707 3882/6279/692 3957/6278/538 3952/6290/700
f 3917/6293/750 3911/6317/709 3912/6346/728 3919/6332/514
f 3919/6332/514 3912/6346/728 3913/6347/729 3921/6341/725
f 3922/6343/512 3932/6348/613 3933/6349/529 3923/6344/726
f 3965/6336/722 3960/6350/511 3927/6351/533 3909/6337/723
f 3921/6341/725 3931/6352/658 3930/6353/524 3920/6342/517
f 3965/6336/722 3914/6335/721 3929/6354/510 3960/6350/511
f 3923/6344/726 3933/6349/529 3929/6355/532 3914/6345/727
f 3913/6347/729 3928/6356/531 3931/6352/658 3921/6341/725
f 3963/6331/718 3908/6330/717 3926/6357/526 3959/6338/527
f 3964/6326/630 3943/6358/730 3939/6359/731 3948/6327/754
f 3986/6360/732 3941/6361/733 3940/6362/734 3984/6363/735
f 3922/6343/512 3920/6342/517 3930/6353/524 3932/6348/613
f 3983/6244/621 3938/6243/676 3934/6364/736 3987/6365/737
f 3987/6365/737 3984/6363/735 3940/6362/734 3939/6366/626
f 3934/6364/736 3935/6367/738 3984/6363/735 3987/6365/737
f 3986/6360/732 3984/6363/735 3935/6367/738 3936/6368/739
f 3948/6327/754 3951/6369/592 3950/6370/589 3946/6328/590
f 3983/6244/621 3943/6371/740 3942/6372/741 3985/6245/677
f 3987/6365/737 3939/6366/626 3943/6371/740 3983/6244/621
f 3986/6360/732 3989/6373/644 3968/6374/646 3941/6361/733
f 3950/6370/589 3951/6369/592 3955/6375/742 3954/6376/637
f 3956/6377/635 3958/6378/743 3964/6326/630 3962/6325/714
f 3958/6378/743 3942/6379/744 3943/6358/730 3964/6326/630
f 3906/6320/711 3907/6329/716 3971/6322/502 3961/6321/712
f 3971/6322/502 3963/6331/718 3913/6340/724 3912/6323/713
f 3948/6327/754 3939/6359/731 3940/6380/745 3951/6369/592
f 3951/6369/592 3940/6380/745 3941/6381/746 3955/6375/742
f 3956/6377/635 3973/6382/570 3974/6383/569 3958/6378/743
f 3985/6245/677 3988/6384/634 3967/6385/647 3937/6242/675
f 3955/6375/742 3972/6386/575 3970/6387/642 3954/6376/637
f 3985/6245/677 3942/6372/741 3969/6388/633 3988/6384/634
f 3958/6378/743 3974/6383/569 3969/6389/577 3942/6379/744
f 3946/6328/590 3954/6376/637 3956/6377/635
f 3941/6381/746 3968/6390/578 3972/6386/575 3955/6375/742
f 3986/6360/732 3936/6368/739 3966/6391/643 3989/6373/644
f 3916/6294/499 3920/6342/517 3922/6343/512
f 3956/6377/635 3954/6376/637 3970/6387/642 3973/6382/570
f 3860/6237/656 3864/6249/607 3866/6253/605
f 3978/6241/674 3853/6263/685 3854/6392/747 3976/6238/671
f 3976/6238/671 3854/6392/747 3850/6229/665 3980/6225/662
f 4120/6393/662 4117/6394/663 3996/6395/664 3995/6396/587
f 3990/6397/665 3991/6398/666 4117/6394/663 4120/6393/662
f 4119/6399/667 3997/6400/668 3996/6395/664 4117/6394/663
f 4119/6399/667 4117/6394/663 3991/6398/666 3992/6401/669
f 4001/6402/670 4003/6403/558 4002/6404/555 4000/6405/656
f 4116/6406/671 3999/6407/672 3998/6408/673 4118/6409/674
f 4077/6410/675 4078/6411/676 4123/6412/621 4125/6413/677
f 4120/6393/662 3995/6396/587 3999/6407/672 4116/6406/671
f 4119/6399/667 4122/6414/651 4012/6415/616 3997/6400/668
f 4002/6404/555 4003/6403/558 4005/6416/678 4004/6417/607
f 4009/6418/597 3999/6419/679 3995/6420/680 4001/6402/670
f 4006/6421/605 4007/6422/681 4009/6418/597 4008/6423/596
f 4007/6422/681 3998/6424/682 3999/6419/679 4009/6418/597
f 4008/6423/596 4009/6418/597 4001/6402/670 4000/6405/656
f 4003/6403/558 4001/6402/670 3995/6420/680 3996/6425/683
f 4003/6403/558 3996/6425/683 3997/6426/684 4005/6416/678
f 4006/6421/605 4016/6427/524 4017/6428/523 4007/6422/681
f 4118/6409/674 4121/6429/604 4011/6430/617 3993/6431/685
f 4005/6416/678 4015/6432/612 4014/6433/613 4004/6417/607
f 4118/6409/674 3998/6408/673 4013/6434/603 4121/6429/604
f 4007/6422/681 4017/6428/523 4013/6435/531 3998/6424/682
f 3997/6426/684 4012/6436/532 4015/6432/612 4005/6416/678
f 4119/6399/667 3992/6401/669 4010/6437/614 4122/6414/651
f 4037/6438/551 4027/6439/686 4023/6440/687 4029/6441/688
f 4093/6442/542 4089/6443/689 4025/6444/690 4024/6445/691
f 4006/6421/605 4004/6417/607 4014/6433/613 4016/6427/524
f 4097/6446/538 4022/6447/692 4018/6448/749 4087/6449/694
f 4093/6442/542 4024/6445/691 4023/6450/546 4087/6449/694
f 4018/6448/749 4019/6451/695 4093/6442/542 4087/6449/694
f 4093/6442/542 4019/6451/695 4020/6452/696 4089/6443/689
f 4029/6441/688 4031/6453/534 4030/6454/697 4028/6455/755
f 4097/6446/538 4027/6456/698 4026/6457/699 4092/6458/700
f 4064/6459/701 4065/6460/501 4057/6461/750 4056/6462/499
f 4089/6443/689 4084/6463/573 4040/6464/576 4025/6444/690
f 4030/6454/697 4031/6453/534 4033/6465/761 4032/6466/563
f 4034/6467/561 4035/6468/703 4037/6438/551 4036/6469/550
f 4035/6468/703 4026/6470/704 4027/6439/686 4037/6438/551
f 4036/6469/550 4037/6438/551 4029/6441/688 4028/6455/755
f 4029/6441/688 4023/6440/687 4024/6471/705 4031/6453/534
f 4031/6453/534 4024/6471/705 4025/6472/706 4033/6465/761
f 4034/6467/561 4044/6473/574 4045/6474/575 4035/6468/703
f 4092/6458/700 4085/6475/560 4039/6476/579 4021/6477/707
f 4033/6465/761 4043/6478/569 4042/6479/570 4032/6466/563
f 4092/6458/700 4026/6457/699 4041/6480/559 4085/6475/560
f 4035/6468/703 4045/6474/575 4041/6481/578 4026/6470/704
f 4025/6472/706 4040/6482/577 4043/6478/569 4033/6465/761
f 4089/6443/689 4020/6452/696 4038/6483/572 4084/6463/573
f 4065/6460/501 4055/6484/708 4051/6485/709 4057/6461/750
f 4028/6455/755 4032/6466/563 4034/6467/561
f 4034/6467/561 4032/6466/563 4042/6479/570 4044/6473/574
f 4115/6486/492 4050/6487/710 4046/6488/711 4101/6489/712
f 4111/6490/502 4052/6491/713 4051/6492/490 4101/6489/712
f 4102/6493/714 4104/6494/630 4088/6495/754 4086/6496/590
f 4111/6490/502 4047/6497/716 4048/6498/717 4103/6499/718
f 4057/6461/750 4059/6500/514 4058/6501/719 4056/6462/499
f 4115/6486/492 4055/6502/720 4054/6503/721 4105/6504/722
f 4115/6486/492 4101/6489/712 4051/6492/490 4055/6502/720
f 4049/6505/723 4050/6487/710 4115/6486/492 4105/6504/722
f 4103/6499/718 4099/6506/760 4068/6507/530 4053/6508/724
f 4058/6501/719 4059/6500/514 4061/6509/725 4060/6510/517
f 4062/6511/512 4063/6512/726 4065/6460/501 4064/6459/701
f 4063/6512/726 4054/6513/727 4055/6484/708 4065/6460/501
f 4097/6446/538 4087/6449/694 4023/6450/546 4027/6456/698
f 4021/6477/707 4022/6447/692 4097/6446/538 4092/6458/700
f 4057/6461/750 4051/6485/709 4052/6514/728 4059/6500/514
f 4059/6500/514 4052/6514/728 4053/6515/729 4061/6509/725
f 4062/6511/512 4072/6516/757 4073/6517/529 4063/6512/726
f 4105/6504/722 4100/6518/511 4067/6519/533 4049/6505/723
f 4061/6509/725 4071/6520/658 4070/6521/524 4060/6510/517
f 4105/6504/722 4054/6503/721 4069/6522/510 4100/6518/511
f 4063/6512/726 4073/6517/529 4069/6523/532 4054/6513/727
f 4053/6515/729 4068/6524/531 4071/6520/658 4061/6509/725
f 4103/6499/718 4048/6498/717 4066/6525/526 4099/6506/760
f 4104/6494/630 4083/6526/730 4079/6527/731 4088/6495/754
f 4126/6528/732 4081/6529/733 4080/6530/734 4124/6531/735
f 4062/6511/512 4060/6510/517 4070/6521/524 4072/6516/757
f 4123/6412/621 4078/6411/676 4074/6532/736 4127/6533/737
f 4127/6533/737 4124/6531/735 4080/6530/734 4079/6534/626
f 4074/6532/736 4075/6535/738 4124/6531/735 4127/6533/737
f 4126/6528/732 4124/6531/735 4075/6535/738 4076/6536/739
f 4088/6495/754 4091/6537/592 4090/6538/589 4086/6496/590
f 4123/6412/621 4083/6539/740 4082/6540/741 4125/6413/677
f 4127/6533/737 4079/6534/626 4083/6539/740 4123/6412/621
f 4126/6528/732 4129/6541/644 4108/6542/646 4081/6529/733
f 4090/6538/589 4091/6537/592 4095/6543/742 4094/6544/637
f 4096/6545/635 4098/6546/743 4104/6494/630 4102/6493/714
f 4098/6546/743 4082/6547/744 4083/6526/730 4104/6494/630
f 4046/6488/711 4047/6497/716 4111/6490/502 4101/6489/712
f 4111/6490/502 4103/6499/718 4053/6508/724 4052/6491/713
f 4088/6495/754 4079/6527/731 4080/6548/745 4091/6537/592
f 4091/6537/592 4080/6548/745 4081/6549/746 4095/6543/742
f 4096/6545/635 4113/6550/570 4114/6551/569 4098/6546/743
f 4125/6413/677 4128/6552/634 4107/6553/647 4077/6410/675
f 4095/6543/742 4112/6554/575 4110/6555/642 4094/6544/637
f 4125/6413/677 4082/6540/741 4109/6556/633 4128/6552/634
f 4098/6546/743 4114/6551/569 4109/6557/577 4082/6547/744
f 4086/6496/590 4094/6544/637 4096/6545/635
f 4081/6549/746 4108/6558/578 4112/6554/575 4095/6543/742
f 4126/6528/732 4076/6536/739 4106/6559/643 4129/6541/644
f 4056/6462/499 4060/6510/517 4062/6511/512
f 4096/6545/635 4094/6544/637 4110/6555/642 4113/6550/570
f 4000/6405/656 4004/6417/607 4006/6421/605
f 4118/6409/674 3993/6431/685 3994/6560/747 4116/6406/671
f 4116/6406/671 3994/6560/747 3990/6397/665 4120/6393/662
f 4260/6561/662 4257/6562/663 4136/6563/664 4135/6564/587
f 4130/6565/665 4131/6566/666 4257/6562/663 4260/6561/662
f 4259/6567/667 4137/6568/668 4136/6563/664 4257/6562/663
f 4259/6567/667 4257/6562/663 4131/6566/666 4132/6569/669
f 4141/6570/670 4143/6571/558 4142/6572/555 4140/6573/656
f 4256/6574/671 4139/6575/672 4138/6576/673 4258/6577/674
f 4217/6578/675 4218/6579/676 4263/6580/621 4265/6581/677
f 4260/6561/662 4135/6564/587 4139/6575/672 4256/6574/671
f 4259/6567/667 4262/6582/615 4152/6583/616 4137/6568/668
f 4142/6572/555 4143/6571/558 4145/6584/678 4144/6585/607
f 4149/6586/597 4139/6587/679 4135/6588/680 4141/6570/670
f 4146/6589/605 4147/6590/681 4149/6586/597 4148/6591/596
f 4147/6590/681 4138/6592/682 4139/6587/679 4149/6586/597
f 4148/6591/596 4149/6586/597 4141/6570/670 4140/6573/656
f 4143/6571/558 4141/6570/670 4135/6588/680 4136/6593/683
f 4143/6571/558 4136/6593/683 4137/6594/684 4145/6584/678
f 4146/6589/605 4156/6595/524 4157/6596/523 4147/6590/681
f 4258/6577/674 4261/6597/604 4151/6598/617 4133/6599/685
f 4145/6584/678 4155/6600/612 4154/6601/613 4144/6585/607
f 4258/6577/674 4138/6576/673 4153/6602/603 4261/6597/604
f 4147/6590/681 4157/6596/523 4153/6603/531 4138/6592/682
f 4137/6594/684 4152/6604/532 4155/6600/612 4145/6584/678
f 4259/6567/667 4132/6569/669 4150/6605/614 4262/6582/615
f 4177/6606/551 4167/6607/686 4163/6608/687 4169/6609/688
f 4233/6610/542 4229/6611/689 4165/6612/690 4164/6613/691
f 4146/6589/605 4144/6585/607 4154/6601/613 4156/6595/524
f 4237/6614/538 4162/6615/692 4158/6616/749 4227/6617/694
f 4233/6610/542 4164/6613/691 4163/6618/546 4227/6617/694
f 4158/6616/749 4159/6619/695 4233/6610/542 4227/6617/694
f 4233/6610/542 4159/6619/695 4160/6620/696 4229/6611/689
f 4169/6609/688 4171/6621/534 4170/6622/697 4168/6623/755
f 4237/6614/538 4167/6624/698 4166/6625/699 4232/6626/700
f 4204/6627/701 4205/6628/501 4197/6629/750 4196/6630/499
f 4229/6611/689 4224/6631/573 4180/6632/576 4165/6612/690
f 4170/6622/697 4171/6621/534 4173/6633/761 4172/6634/563
f 4174/6635/561 4175/6636/703 4177/6606/551 4176/6637/550
f 4175/6636/703 4166/6638/704 4167/6607/686 4177/6606/551
f 4176/6637/550 4177/6606/551 4169/6609/688 4168/6623/755
f 4169/6609/688 4163/6608/687 4164/6639/705 4171/6621/534
f 4171/6621/534 4164/6639/705 4165/6640/706 4173/6633/761
f 4174/6635/561 4184/6641/574 4185/6642/575 4175/6636/703
f 4232/6626/700 4225/6643/560 4179/6644/579 4161/6645/707
f 4173/6633/761 4183/6646/569 4182/6647/570 4172/6634/563
f 4232/6626/700 4166/6625/699 4181/6648/559 4225/6643/560
f 4175/6636/703 4185/6642/575 4181/6649/578 4166/6638/704
f 4165/6640/706 4180/6650/577 4183/6646/569 4173/6633/761
f 4229/6611/689 4160/6620/696 4178/6651/572 4224/6631/573
f 4205/6628/501 4195/6652/708 4191/6653/709 4197/6629/750
f 4168/6623/755 4172/6634/563 4174/6635/561
f 4174/6635/561 4172/6634/563 4182/6647/570 4184/6641/574
f 4255/6654/492 4190/6655/710 4186/6656/711 4241/6657/712
f 4251/6658/502 4192/6659/713 4191/6660/490 4241/6657/712
f 4242/6661/714 4244/6662/630 4228/6663/754 4226/6664/590
f 4251/6658/502 4187/6665/716 4188/6666/717 4243/6667/718
f 4197/6629/750 4199/6668/514 4198/6669/719 4196/6630/499
f 4255/6654/492 4195/6670/720 4194/6671/721 4245/6672/722
f 4255/6654/492 4241/6657/712 4191/6660/490 4195/6670/720
f 4189/6673/723 4190/6655/710 4255/6654/492 4245/6672/722
f 4243/6667/718 4239/6674/760 4208/6675/530 4193/6676/724
f 4198/6669/719 4199/6668/514 4201/6677/725 4200/6678/517
f 4202/6679/512 4203/6680/726 4205/6628/501 4204/6627/701
f 4203/6680/726 4194/6681/727 4195/6652/708 4205/6628/501
f 4237/6614/538 4227/6617/694 4163/6618/546 4167/6624/698
f 4161/6645/707 4162/6615/692 4237/6614/538 4232/6626/700
f 4197/6629/750 4191/6653/709 4192/6682/728 4199/6668/514
f 4199/6668/514 4192/6682/728 4193/6683/729 4201/6677/725
f 4202/6679/512 4212/6684/613 4213/6685/529 4203/6680/726
f 4245/6672/722 4240/6686/511 4207/6687/533 4189/6673/723
f 4201/6677/725 4211/6688/658 4210/6689/524 4200/6678/517
f 4245/6672/722 4194/6671/721 4209/6690/510 4240/6686/511
f 4203/6680/726 4213/6685/529 4209/6691/532 4194/6681/727
f 4193/6683/729 4208/6692/531 4211/6688/658 4201/6677/725
f 4243/6667/718 4188/6666/717 4206/6693/526 4239/6674/760
f 4244/6662/630 4223/6694/730 4219/6695/731 4228/6663/754
f 4266/6696/732 4221/6697/733 4220/6698/734 4264/6699/735
f 4202/6679/512 4200/6678/517 4210/6689/524 4212/6684/613
f 4263/6580/621 4218/6579/676 4214/6700/736 4267/6701/737
f 4267/6701/737 4264/6699/735 4220/6698/734 4219/6702/626
f 4214/6700/736 4215/6703/738 4264/6699/735 4267/6701/737
f 4266/6696/732 4264/6699/735 4215/6703/738 4216/6704/739
f 4228/6663/754 4231/6705/592 4230/6706/589 4226/6664/590
f 4263/6580/621 4223/6707/740 4222/6708/741 4265/6581/677
f 4267/6701/737 4219/6702/626 4223/6707/740 4263/6580/621
f 4266/6696/732 4269/6709/644 4248/6710/646 4221/6697/733
f 4230/6706/589 4231/6705/592 4235/6711/742 4234/6712/637
f 4236/6713/635 4238/6714/743 4244/6662/630 4242/6661/714
f 4238/6714/743 4222/6715/744 4223/6694/730 4244/6662/630
f 4186/6656/711 4187/6665/716 4251/6658/502 4241/6657/712
f 4251/6658/502 4243/6667/718 4193/6676/724 4192/6659/713
f 4228/6663/754 4219/6695/731 4220/6716/745 4231/6705/592
f 4231/6705/592 4220/6716/745 4221/6717/746 4235/6711/742
f 4236/6713/635 4253/6718/645 4254/6719/569 4238/6714/743
f 4265/6581/677 4268/6720/634 4247/6721/647 4217/6578/675
f 4235/6711/742 4252/6722/575 4250/6723/642 4234/6712/637
f 4265/6581/677 4222/6708/741 4249/6724/633 4268/6720/634
f 4238/6714/743 4254/6719/569 4249/6725/577 4222/6715/744
f 4226/6664/590 4234/6712/637 4236/6713/635
f 4221/6717/746 4248/6726/578 4252/6722/575 4235/6711/742
f 4266/6696/732 4216/6704/739 4246/6727/643 4269/6709/644
f 4196/6630/499 4200/6678/517 4202/6679/512
f 4236/6713/635 4234/6712/637 4250/6723/642 4253/6718/645
f 4140/6573/656 4144/6585/607 4146/6589/605
f 4258/6577/674 4133/6599/685 4134/6728/747 4256/6574/671
f 4256/6574/671 4134/6728/747 4130/6565/665 4260/6561/662
f 1788/3765/549 1796/3780/564 1794/3779/563
f 1794/3779/563 1792/3777/561 1788/3765/549
f 1846/3806/590 1862/3805/589 1856/3857/637
f 1856/3857/637 1854/3855/635 1846/3806/590
f 1816/3772/556 1824/3771/555 1822/3823/607
f 1822/3823/607 1820/3821/605 1816/3772/556
f 1760/3715/499 1768/3734/518 1766/3733/517
f 1766/3733/517 1764/3728/512 1760/3715/499
f 1928/3933/549 1936/3948/564 1934/3947/563
f 1934/3947/563 1932/3945/561 1928/3933/549
f 1986/3974/590 2002/3973/589 1996/4025/637
f 1996/4025/637 1994/4023/635 1986/3974/590
f 1956/3940/556 1964/3939/555 1962/3991/607
f 1962/3991/607 1960/3989/605 1956/3940/556
f 1900/3883/499 1908/3902/518 1906/3901/517
f 1906/3901/517 1904/3896/512 1900/3883/499
f 2068/4101/549 2076/4116/564 2074/4115/563
f 2074/4115/563 2072/4113/561 2068/4101/549
f 2126/4142/590 2142/4141/589 2136/4193/637
f 2136/4193/637 2134/4191/635 2126/4142/590
f 2096/4108/556 2104/4107/555 2102/4159/607
f 2102/4159/607 2100/4157/605 2096/4108/556
f 2040/4051/499 2048/4070/518 2046/4069/517
f 2046/4069/517 2044/4064/512 2040/4051/499
f 2208/4269/549 2216/4284/564 2214/4283/563
f 2214/4283/563 2212/4281/561 2208/4269/549
f 2266/4310/590 2282/4309/589 2276/4361/637
f 2276/4361/637 2274/4359/635 2266/4310/590
f 2236/4276/656 2244/4275/555 2242/4327/607
f 2242/4327/607 2240/4325/605 2236/4276/656
f 2180/4219/499 2188/4238/518 2186/4237/517
f 2186/4237/517 2184/4232/512 2180/4219/499
f 2348/4437/549 2356/4452/564 2354/4451/563
f 2354/4451/563 2352/4449/561 2348/4437/549
f 2406/4478/590 2422/4477/589 2416/4529/637
f 2416/4529/637 2414/4527/635 2406/4478/590
f 2376/4444/656 2384/4443/555 2382/4495/607
f 2382/4495/607 2380/4493/605 2376/4444/656
f 2320/4387/499 2328/4406/518 2326/4405/517
f 2326/4405/517 2324/4400/512 2320/4387/499
f 2488/4605/549 2496/4620/564 2494/4619/563
f 2494/4619/563 2492/4617/561 2488/4605/549
f 2546/4646/590 2562/4645/589 2556/4697/637
f 2556/4697/637 2554/4695/635 2546/4646/590
f 2516/4612/656 2524/4611/555 2522/4663/607
f 2522/4663/607 2520/4661/605 2516/4612/656
f 2460/4555/499 2468/4574/518 2466/4573/517
f 2466/4573/517 2464/4568/512 2460/4555/499
f 2628/4773/549 2636/4788/564 2634/4787/563
f 2634/4787/563 2632/4785/561 2628/4773/549
f 2686/4814/590 2702/4813/589 2696/4865/637
f 2696/4865/637 2694/4863/635 2686/4814/590
f 2656/4780/556 2664/4779/555 2662/4831/607
f 2662/4831/607 2660/4829/605 2656/4780/556
f 2600/4723/499 2608/4742/518 2606/4741/517
f 2606/4741/517 2604/4736/512 2600/4723/499
f 2768/4941/549 2776/4956/564 2774/4955/563
f 2774/4955/563 2772/4953/561 2768/4941/549
f 2826/4982/590 2842/4981/589 2836/5033/637
f 2836/5033/637 2834/5031/635 2826/4982/590
f 2796/4948/556 2804/4947/555 2802/4999/607
f 2802/4999/607 2800/4997/605 2796/4948/556
f 2740/4891/499 2748/4910/518 2746/4909/517
f 2746/4909/517 2744/4904/512 2740/4891/499
f 2908/5109/549 2916/5124/564 2914/5123/563
f 2914/5123/563 2912/5121/561 2908/5109/549
f 2966/5150/590 2982/5149/589 2976/5201/637
f 2976/5201/637 2974/5199/635 2966/5150/590
f 2936/5116/556 2944/5115/555 2942/5167/607
f 2942/5167/607 2940/5165/605 2936/5116/556
f 2880/5059/499 2888/5078/518 2886/5077/517
f 2886/5077/517 2884/5072/512 2880/5059/499
f 3054/5291/561 3056/5293/550 3048/5279/549
f 3048/5279/549 3050/5278/697 3052/5290/563
f 3116/5369/635 3122/5317/714 3106/5320/590
f 3106/5320/590 3110/5362/589 3114/5368/637
f 3082/5335/512 3084/5283/701 3076/5286/499
f 3076/5286/499 3078/5325/719 3080/5334/517
f 3026/5245/605 3028/5247/596 3020/5229/556
f 3020/5229/556 3022/5228/555 3024/5241/607
f 3194/5459/561 3196/5461/550 3188/5447/549
f 3188/5447/549 3190/5446/697 3192/5458/563
f 3256/5537/635 3262/5485/714 3246/5488/590
f 3246/5488/590 3250/5530/589 3254/5536/637
f 3222/5503/512 3224/5451/701 3216/5454/499
f 3216/5454/499 3218/5493/719 3220/5502/517
f 3166/5413/605 3168/5415/596 3160/5397/748
f 3160/5397/748 3162/5396/555 3164/5409/607
f 3334/5627/561 3336/5629/550 3328/5615/549
f 3328/5615/549 3330/5614/697 3332/5626/563
f 3396/5705/635 3402/5653/714 3386/5656/590
f 3386/5656/590 3390/5698/589 3394/5704/637
f 3362/5671/512 3364/5619/701 3356/5622/499
f 3356/5622/499 3358/5661/719 3360/5670/517
f 3306/5581/605 3308/5583/596 3300/5565/748
f 3300/5565/748 3302/5564/555 3304/5577/607
f 3474/5795/561 3476/5797/550 3468/5783/755
f 3468/5783/755 3470/5782/697 3472/5794/563
f 3536/5873/635 3542/5821/756 3526/5824/590
f 3526/5824/590 3530/5866/589 3534/5872/637
f 3502/5839/512 3504/5787/701 3496/5790/499
f 3496/5790/499 3498/5829/719 3500/5838/517
f 3446/5749/605 3448/5751/596 3440/5733/556
f 3440/5733/556 3442/5732/555 3444/5745/607
f 3614/5963/561 3616/5965/550 3608/5951/549
f 3608/5951/549 3610/5950/697 3612/5962/563
f 3676/6041/635 3682/5989/756 3666/5992/590
f 3666/5992/590 3670/6034/589 3674/6040/637
f 3642/6007/512 3644/5955/701 3636/5958/499
f 3636/5958/499 3638/5997/719 3640/6006/517
f 3586/5917/605 3588/5919/596 3580/5901/656
f 3580/5901/656 3582/5900/555 3584/5913/607
f 3754/6131/561 3756/6133/550 3748/6119/755
f 3748/6119/755 3750/6118/697 3752/6130/563
f 3816/6209/635 3822/6157/756 3806/6160/590
f 3806/6160/590 3810/6202/589 3814/6208/637
f 3782/6175/512 3784/6123/701 3776/6126/499
f 3776/6126/499 3778/6165/719 3780/6174/517
f 3726/6085/605 3728/6087/596 3720/6069/656
f 3720/6069/656 3722/6068/555 3724/6081/607
f 3894/6299/561 3896/6301/550 3888/6287/755
f 3888/6287/755 3890/6286/697 3892/6298/563
f 3956/6377/635 3962/6325/714 3946/6328/590
f 3946/6328/590 3950/6370/589 3954/6376/637
f 3922/6343/512 3924/6291/701 3916/6294/499
f 3916/6294/499 3918/6333/719 3920/6342/517
f 3866/6253/605 3868/6255/596 3860/6237/656
f 3860/6237/656 3862/6236/555 3864/6249/607
f 4034/6467/561 4036/6469/550 4028/6455/755
f 4028/6455/755 4030/6454/697 4032/6466/563
f 4096/6545/635 4102/6493/714 4086/6496/590
f 4086/6496/590 4090/6538/589 4094/6544/637
f 4062/6511/512 4064/6459/701 4056/6462/499
f 4056/6462/499 4058/6501/719 4060/6510/517
f 4006/6421/605 4008/6423/596 4000/6405/656
f 4000/6405/656 4002/6404/555 4004/6417/607
f 4174/6635/561 4176/6637/550 4168/6623/755
f 4168/6623/755 4170/6622/697 4172/6634/563
f 4236/6713/635 4242/6661/714 4226/6664/590
f 4226/6664/590 4230/6706/589 4234/6712/637
f 4202/6679/512 4204/6627/701 4196/6630/499
f 4196/6630/499 4198/6669/719 4200/6678/517
f 4146/6589/605 4148/6591/596 4140/6573/656
f 4140/6573/656 4142/6572/555 4144/6585/607
o Cylinder.061_Cylinder.099
v 8.500000 9.962052 -12.570547
v 8.822304 9.962052 -12.506437
v 9.095539 9.962052 -12.323867
v 9.278111 9.962052 -12.050631
v 9.342221 9.962052 -11.728327
v 9.278111 9.962052 -11.406023
v 9.095539 9.962052 -11.132787
v 8.822304 9.962052 -10.950217
v 8.500000 9.962052 -10.886106
v 8.177696 9.962052 -10.950217
v 7.904460 9.962052 -11.132787
v 7.721889 9.962052 -11.406023
v 7.657779 9.962052 -11.728327
v 7.721889 9.962052 -12.050631
v 7.904460 9.962052 -12.323867
v 8.177696 9.962052 -12.506437
v 8.500000 10.816745 -12.570547
v 8.822304 10.816745 -12.506437
v 9.095539 10.816745 -12.323867
v 9.278111 10.816745 -12.050631
v 9.342221 10.816745 -11.728327
v 9.278111 10.816745 -11.406023
v 9.095539 10.816745 -11.132787
v 8.822304 10.816745 -10.950217
v 8.500000 10.816745 -10.886106
v 8.177696 10.816745 -10.950217
v 7.904460 10.816745 -11.132787
v 7.721889 10.816745 -11.406023
v 7.657779 10.816745 -11.728327
v 7.721889 10.816745 -12.050631
v 7.904460 10.816745 -12.323867
v 8.177696 10.816745 -12.506437
v 3.000000 9.962052 -12.570547
v 3.322304 9.962052 -12.506437
v 3.595539 9.962052 -12.323867
v 3.778111 9.962052 -12.050631
v 3.842221 9.962052 -11.728327
v 3.778111 9.962052 -11.406023
v 3.595539 9.962052 -11.132787
v 3.322304 9.962052 -10.950217
v 3.000000 9.962052 -10.886106
v 2.677696 9.962052 -10.950217
v 2.404460 9.962052 -11.132787
v 2.221889 9.962052 -11.406023
v 2.157779 9.962052 -11.728327
v 2.221889 9.962052 -12.050631
v 2.404460 9.962052 -12.323867
v 2.677696 9.962052 -12.506437
v 3.000000 10.816745 -12.570547
v 3.322304 10.816745 -12.506437
v 3.595539 10.816745 -12.323867
v 3.778111 10.816745 -12.050631
v 3.842221 10.816745 -11.728327
v 3.778111 10.816745 -11.406023
v 3.595539 10.816745 -11.132787
v 3.322304 10.816745 -10.950217
v 3.000000 10.816745 -10.886106
v 2.677696 10.816745 -10.950217
v 2.404460 10.816745 -11.132787
v 2.221889 10.816745 -11.406023
v 2.157779 10.816745 -11.728327
v 2.221889 10.816745 -12.050631
v 2.404460 10.816745 -12.323867
v 2.677696 10.816745 -12.506437
v -2.500000 9.962052 -12.570547
v -2.177696 9.962052 -12.506437
v -1.904461 9.962052 -12.323867
v -1.721889 9.962052 -12.050631
v -1.657779 9.962052 -11.728327
v -1.721889 9.962052 -11.406023
v -1.904461 9.962052 -11.132787
v -2.177696 9.962052 -10.950217
v -2.500000 9.962052 -10.886106
v -2.822304 9.962052 -10.950217
v -3.095540 9.962052 -11.132787
v -3.278111 9.962052 -11.406023
v -3.342221 9.962052 -11.728327
v -3.278111 9.962052 -12.050631
v -3.095540 9.962052 -12.323867
v -2.822304 9.962052 -12.506437
v -2.500000 10.816745 -12.570547
v -2.177696 10.816745 -12.506437
v -1.904461 10.816745 -12.323867
v -1.721889 10.816745 -12.050631
v -1.657779 10.816745 -11.728327
v -1.721889 10.816745 -11.406023
v -1.904461 10.816745 -11.132787
v -2.177696 10.816745 -10.950217
v -2.500000 10.816745 -10.886106
v -2.822304 10.816745 -10.950217
v -3.095540 10.816745 -11.132787
v -3.278111 10.816745 -11.406023
v -3.342221 10.816745 -11.728327
v -3.278111 10.816745 -12.050631
v -3.095540 10.816745 -12.323867
v -2.822304 10.816745 -12.506437
v 8.500000 9.962052 -8.320547
v 8.822304 9.962052 -8.256437
v 9.095539 9.962052 -8.073867
v 9.278111 9.962052 -7.800631
v 9.342221 9.962052 -7.478327
v 9.278111 9.962052 -7.156023
v 9.095539 9.962052 -6.882787
v 8.822304 9.962052 -6.700217
v 8.500000 9.962052 -6.636106
v 8.177696 9.962052 -6.700217
v 7.904460 9.962052 -6.882787
v 7.721889 9.962052 -7.156023
v 7.657779 9.962052 -7.478327
v 7.721889 9.962052 -7.800631
v 7.904460 9.962052 -8.073867
v 8.177696 9.962052 -8.256437
v 8.500000 10.816745 -8.320547
v 8.822304 10.816745 -8.256437
v 9.095539 10.816745 -8.073867
v 9.278111 10.816745 -7.800631
v 9.342221 10.816745 -7.478327
v 9.278111 10.816745 -7.156023
v 9.095539 10.816745 -6.882787
v 8.822304 10.816745 -6.700217
v 8.500000 10.816745 -6.636106
v 8.177696 10.816745 -6.700217
v 7.904460 10.816745 -6.882787
v 7.721889 10.816745 -7.156023
v 7.657779 10.816745 -7.478327
v 7.721889 10.816745 -7.800631
v 7.904460 10.816745 -8.073867
v 8.177696 10.816745 -8.256437
v 3.000000 9.962052 -8.320547
v 3.322304 9.962052 -8.256437
v 3.595539 9.962052 -8.073867
v 3.778111 9.962052 -7.800631
v 3.842221 9.962052 -7.478327
v 3.778111 9.962052 -7.156023
v 3.595539 9.962052 -6.882787
v 3.322304 9.962052 -6.700217
v 3.000000 9.962052 -6.636106
v 2.677696 9.962052 -6.700217
v 2.404460 9.962052 -6.882787
v 2.221889 9.962052 -7.156023
v 2.157779 9.962052 -7.478327
v 2.221889 9.962052 -7.800631
v 2.404460 9.962052 -8.073867
v 2.677696 9.962052 -8.256437
v 3.000000 10.816745 -8.320547
v 3.322304 10.816745 -8.256437
v 3.595539 10.816745 -8.073867
v 3.778111 10.816745 -7.800631
v 3.842221 10.816745 -7.478327
v 3.778111 10.816745 -7.156023
v 3.595539 10.816745 -6.882787
v 3.322304 10.816745 -6.700217
v 3.000000 10.816745 -6.636106
v 2.677696 10.816745 -6.700217
v 2.404460 10.816745 -6.882787
v 2.221889 10.816745 -7.156023
v 2.157779 10.816745 -7.478327
v 2.221889 10.816745 -7.800631
v 2.404460 10.816745 -8.073867
v 2.677696 10.816745 -8.256437
v -2.500000 9.962052 -8.320547
v -2.177696 9.962052 -8.256437
v -1.904461 9.962052 -8.073867
v -1.721889 9.962052 -7.800631
v -1.657779 9.962052 -7.478327
v -1.721889 9.962052 -7.156023
v -1.904461 9.962052 -6.882787
v -2.177696 9.962052 -6.700217
v -2.500000 9.962052 -6.636106
v -2.822304 9.962052 -6.700217
v -3.095540 9.962052 -6.882787
v -3.278111 9.962052 -7.156023
v -3.342221 9.962052 -7.478327
v -3.278111 9.962052 -7.800631
v -3.095540 9.962052 -8.073867
v -2.822304 9.962052 -8.256437
v -2.500000 10.816745 -8.320547
v -2.177696 10.816745 -8.256437
v -1.904461 10.816745 -8.073867
v -1.721889 10.816745 -7.800631
v -1.657779 10.816745 -7.478327
v -1.721889 10.816745 -7.156023
v -1.904461 10.816745 -6.882787
v -2.177696 10.816745 -6.700217
v -2.500000 10.816745 -6.636106
v -2.822304 10.816745 -6.700217
v -3.095540 10.816745 -6.882787
v -3.278111 10.816745 -7.156023
v -3.342221 10.816745 -7.478327
v -3.278111 10.816745 -7.800631
v -3.095540 10.816745 -8.073867
v -2.822304 10.816745 -8.256437
v 8.500000 9.962052 -4.070547
v 8.822304 9.962052 -4.006437
v 9.095539 9.962052 -3.823867
v 9.278111 9.962052 -3.550631
v 9.342221 9.962052 -3.228327
v 9.278111 9.962052 -2.906023
v 9.095539 9.962052 -2.632787
v 8.822304 9.962052 -2.450217
v 8.500000 9.962052 -2.386106
v 8.177696 9.962052 -2.450217
v 7.904460 9.962052 -2.632787
v 7.721889 9.962052 -2.906023
v 7.657779 9.962052 -3.228327
v 7.721889 9.962052 -3.550631
v 7.904460 9.962052 -3.823867
v 8.177696 9.962052 -4.006437
v 8.500000 10.816745 -4.070547
v 8.822304 10.816745 -4.006437
v 9.095539 10.816745 -3.823867
v 9.278111 10.816745 -3.550631
v 9.342221 10.816745 -3.228327
v 9.278111 10.816745 -2.906023
v 9.095539 10.816745 -2.632787
v 8.822304 10.816745 -2.450217
v 8.500000 10.816745 -2.386106
v 8.177696 10.816745 -2.450217
v 7.904460 10.816745 -2.632787
v 7.721889 10.816745 -2.906023
v 7.657779 10.816745 -3.228327
v 7.721889 10.816745 -3.550631
v 7.904460 10.816745 -3.823867
v 8.177696 10.816745 -4.006437
v 3.000000 9.962052 -4.070547
v 3.322304 9.962052 -4.006437
v 3.595539 9.962052 -3.823867
v 3.778111 9.962052 -3.550631
v 3.842221 9.962052 -3.228327
v 3.778111 9.962052 -2.906023
v 3.595539 9.962052 -2.632787
v 3.322304 9.962052 -2.450217
v 3.000000 9.962052 -2.386106
v 2.677696 9.962052 -2.450217
v 2.404460 9.962052 -2.632787
v 2.221889 9.962052 -2.906023
v 2.157779 9.962052 -3.228327
v 2.221889 9.962052 -3.550631
v 2.404460 9.962052 -3.823867
v 2.677696 9.962052 -4.006437
v 3.000000 10.816745 -4.070547
v 3.322304 10.816745 -4.006437
v 3.595539 10.816745 -3.823867
v 3.778111 10.816745 -3.550631
v 3.842221 10.816745 -3.228327
v 3.778111 10.816745 -2.906023
v 3.595539 10.816745 -2.632787
v 3.322304 10.816745 -2.450217
v 3.000000 10.816745 -2.386106
v 2.677696 10.816745 -2.450217
v 2.404460 10.816745 -2.632787
v 2.221889 10.816745 -2.906023
v 2.157779 10.816745 -3.228327
v 2.221889 10.816745 -3.550631
v 2.404460 10.816745 -3.823867
v 2.677696 10.816745 -4.006437
v -2.500000 9.962052 -4.070547
v -2.177696 9.962052 -4.006437
v -1.904461 9.962052 -3.823867
v -1.721889 9.962052 -3.550631
v -1.657779 9.962052 -3.228327
v -1.721889 9.962052 -2.906023
v -1.904461 9.962052 -2.632787
v -2.177696 9.962052 -2.450217
v -2.500000 9.962052 -2.386106
v -2.822304 9.962052 -2.450217
v -3.095540 9.962052 -2.632787
v -3.278111 9.962052 -2.906023
v -3.342221 9.962052 -3.228327
v -3.278111 9.962052 -3.550631
v -3.095540 9.962052 -3.823867
v -2.822304 9.962052 -4.006437
v -2.500000 10.816745 -4.070547
v -2.177696 10.816745 -4.006437
v -1.904461 10.816745 -3.823867
v -1.721889 10.816745 -3.550631
v -1.657779 10.816745 -3.228327
v -1.721889 10.816745 -2.906023
v -1.904461 10.816745 -2.632787
v -2.177696 10.816745 -2.450217
v -2.500000 10.816745 -2.386106
v -2.822304 10.816745 -2.450217
v -3.095540 10.816745 -2.632787
v -3.278111 10.816745 -2.906023
v -3.342221 10.816745 -3.228327
v -3.278111 10.816745 -3.550631
v -3.095540 10.816745 -3.823867
v -2.822304 10.816745 -4.006437
v 8.500000 9.962052 12.570547
v 8.822304 9.962052 12.506437
v 9.095539 9.962052 12.323867
v 9.278111 9.962052 12.050631
v 9.342221 9.962052 11.728327
v 9.278111 9.962052 11.406023
v 9.095539 9.962052 11.132787
v 8.822304 9.962052 10.950217
v 8.500000 9.962052 10.886106
v 8.177696 9.962052 10.950217
v 7.904460 9.962052 11.132787
v 7.721889 9.962052 11.406023
v 7.657779 9.962052 11.728327
v 7.721889 9.962052 12.050631
v 7.904460 9.962052 12.323867
v 8.177696 9.962052 12.506437
v 8.500000 10.816745 12.570547
v 8.822304 10.816745 12.506437
v 9.095539 10.816745 12.323867
v 9.278111 10.816745 12.050631
v 9.342221 10.816745 11.728327
v 9.278111 10.816745 11.406023
v 9.095539 10.816745 11.132787
v 8.822304 10.816745 10.950217
v 8.500000 10.816745 10.886106
v 8.177696 10.816745 10.950217
v 7.904460 10.816745 11.132787
v 7.721889 10.816745 11.406023
v 7.657779 10.816745 11.728327
v 7.721889 10.816745 12.050631
v 7.904460 10.816745 12.323867
v 8.177696 10.816745 12.506437
v 3.000000 9.962052 12.570547
v 3.322304 9.962052 12.506437
v 3.595539 9.962052 12.323867
v 3.778111 9.962052 12.050631
v 3.842221 9.962052 11.728327
v 3.778111 9.962052 11.406023
v 3.595539 9.962052 11.132787
v 3.322304 9.962052 10.950217
v 3.000000 9.962052 10.886106
v 2.677696 9.962052 10.950217
v 2.404460 9.962052 11.132787
v 2.221889 9.962052 11.406023
v 2.157779 9.962052 11.728327
v 2.221889 9.962052 12.050631
v 2.404460 9.962052 12.323867
v 2.677696 9.962052 12.506437
v 3.000000 10.816745 12.570547
v 3.322304 10.816745 12.506437
v 3.595539 10.816745 12.323867
v 3.778111 10.816745 12.050631
v 3.842221 10.816745 11.728327
v 3.778111 10.816745 11.406023
v 3.595539 10.816745 11.132787
v 3.322304 10.816745 10.950217
v 3.000000 10.816745 10.886106
v 2.677696 10.816745 10.950217
v 2.404460 10.816745 11.132787
v 2.221889 10.816745 11.406023
v 2.157779 10.816745 11.728327
v 2.221889 10.816745 12.050631
v 2.404460 10.816745 12.323867
v 2.677696 10.816745 12.506437
v -2.500000 9.962052 12.570547
v -2.177696 9.962052 12.506437
v -1.904461 9.962052 12.323867
v -1.721889 9.962052 12.050631
v -1.657779 9.962052 11.728327
v -1.721889 9.962052 11.406023
v -1.904461 9.962052 11.132787
v -2.177696 9.962052 10.950217
v -2.500000 9.962052 10.886106
v -2.822304 9.962052 10.950217
v -3.095540 9.962052 11.132787
v -3.278111 9.962052 11.406023
v -3.342221 9.962052 11.728327
v -3.278111 9.962052 12.050631
v -3.095540 9.962052 12.323867
v -2.822304 9.962052 12.506437
v -2.500000 10.816745 12.570547
v -2.177696 10.816745 12.506437
v -1.904461 10.816745 12.323867
v -1.721889 10.816745 12.050631
v -1.657779 10.816745 11.728327
v -1.721889 10.816745 11.406023
v -1.904461 10.816745 11.132787
v -2.177696 10.816745 10.950217
v -2.500000 10.816745 10.886106
v -2.822304 10.816745 10.950217
v -3.095540 10.816745 11.132787
v -3.278111 10.816745 11.406023
v -3.342221 10.816745 11.728327
v -3.278111 10.816745 12.050631
v -3.095540 10.816745 12.323867
v -2.822304 10.816745 12.506437
v 8.500000 9.962052 8.320547
v 8.822304 9.962052 8.256437
v 9.095539 9.962052 8.073867
v 9.278111 9.962052 7.800631
v 9.342221 9.962052 7.478327
v 9.278111 9.962052 7.156023
v 9.095539 9.962052 6.882787
v 8.822304 9.962052 6.700217
v 8.500000 9.962052 6.636106
v 8.177696 9.962052 6.700217
v 7.904460 9.962052 6.882787
v 7.721889 9.962052 7.156023
v 7.657779 9.962052 7.478327
v 7.721889 9.962052 7.800631
v 7.904460 9.962052 8.073867
v 8.177696 9.962052 8.256437
v 8.500000 10.816745 8.320547
v 8.822304 10.816745 8.256437
v 9.095539 10.816745 8.073867
v 9.278111 10.816745 7.800631
v 9.342221 10.816745 7.478327
v 9.278111 10.816745 7.156023
v 9.095539 10.816745 6.882787
v 8.822304 10.816745 6.700217
v 8.500000 10.816745 6.636106
v 8.177696 10.816745 6.700217
v 7.904460 10.816745 6.882787
v 7.721889 10.816745 7.156023
v 7.657779 10.816745 7.478327
v 7.721889 10.816745 7.800631
v 7.904460 10.816745 8.073867
v 8.177696 10.816745 8.256437
v 3.000000 9.962052 8.320547
v 3.322304 9.962052 8.256437
v 3.595539 9.962052 8.073867
v 3.778111 9.962052 7.800631
v 3.842221 9.962052 7.478327
v 3.778111 9.962052 7.156023
v 3.595539 9.962052 6.882787
v 3.322304 9.962052 6.700217
v 3.000000 9.962052 6.636106
v 2.677696 9.962052 6.700217
v 2.404460 9.962052 6.882787
v 2.221889 9.962052 7.156023
v 2.157779 9.962052 7.478327
v 2.221889 9.962052 7.800631
v 2.404460 9.962052 8.073867
v 2.677696 9.962052 8.256437
v 3.000000 10.816745 8.320547
v 3.322304 10.816745 8.256437
v 3.595539 10.816745 8.073867
v 3.778111 10.816745 7.800631
v 3.842221 10.816745 7.478327
v 3.778111 10.816745 7.156023
v 3.595539 10.816745 6.882787
v 3.322304 10.816745 6.700217
v 3.000000 10.816745 6.636106
v 2.677696 10.816745 6.700217
v 2.404460 10.816745 6.882787
v 2.221889 10.816745 7.156023
v 2.157779 10.816745 7.478327
v 2.221889 10.816745 7.800631
v 2.404460 10.816745 8.073867
v 2.677696 10.816745 8.256437
v -2.500000 9.962052 8.320547
v -2.177696 9.962052 8.256437
v -1.904461 9.962052 8.073867
v -1.721889 9.962052 7.800631
v -1.657779 9.962052 7.478327
v -1.721889 9.962052 7.156023
v -1.904461 9.962052 6.882787
v -2.177696 9.962052 6.700217
v -2.500000 9.962052 6.636106
v -2.822304 9.962052 6.700217
v -3.095540 9.962052 6.882787
v -3.278111 9.962052 7.156023
v -3.342221 9.962052 7.478327
v -3.278111 9.962052 7.800631
v -3.095540 9.962052 8.073867
v -2.822304 9.962052 8.256437
v -2.500000 10.816745 8.320547
v -2.177696 10.816745 8.256437
v -1.904461 10.816745 8.073867
v -1.721889 10.816745 7.800631
v -1.657779 10.816745 7.478327
v -1.721889 10.816745 7.156023
v -1.904461 10.816745 6.882787
v -2.177696 10.816745 6.700217
v -2.500000 10.816745 6.636106
v -2.822304 10.816745 6.700217
v -3.095540 10.816745 6.882787
v -3.278111 10.816745 7.156023
v -3.342221 10.816745 7.478327
v -3.278111 10.816745 7.800631
v -3.095540 10.816745 8.073867
v -2.822304 10.816745 8.256437
v 8.500000 9.962052 4.070547
v 8.822304 9.962052 4.006437
v 9.095539 9.962052 3.823867
v 9.278111 9.962052 3.550631
v 9.342221 9.962052 3.228327
v 9.278111 9.962052 2.906023
v 9.095539 9.962052 2.632787
v 8.822304 9.962052 2.450217
v 8.500000 9.962052 2.386106
v 8.177696 9.962052 2.450217
v 7.904460 9.962052 2.632787
v 7.721889 9.962052 2.906023
v 7.657779 9.962052 3.228327
v 7.721889 9.962052 3.550631
v 7.904460 9.962052 3.823867
v 8.177696 9.962052 4.006437
v 8.500000 10.816745 4.070547
v 8.822304 10.816745 4.006437
v 9.095539 10.816745 3.823867
v 9.278111 10.816745 3.550631
v 9.342221 10.816745 3.228327
v 9.278111 10.816745 2.906023
v 9.095539 10.816745 2.632787
v 8.822304 10.816745 2.450217
v 8.500000 10.816745 2.386106
v 8.177696 10.816745 2.450217
v 7.904460 10.816745 2.632787
v 7.721889 10.816745 2.906023
v 7.657779 10.816745 3.228327
v 7.721889 10.816745 3.550631
v 7.904460 10.816745 3.823867
v 8.177696 10.816745 4.006437
v 3.000000 9.962052 4.070547
v 3.322304 9.962052 4.006437
v 3.595539 9.962052 3.823867
v 3.778111 9.962052 3.550631
v 3.842221 9.962052 3.228327
v 3.778111 9.962052 2.906023
v 3.595539 9.962052 2.632787
v 3.322304 9.962052 2.450217
v 3.000000 9.962052 2.386106
v 2.677696 9.962052 2.450217
v 2.404460 9.962052 2.632787
v 2.221889 9.962052 2.906023
v 2.157779 9.962052 3.228327
v 2.221889 9.962052 3.550631
v 2.404460 9.962052 3.823867
v 2.677696 9.962052 4.006437
v 3.000000 10.816745 4.070547
v 3.322304 10.816745 4.006437
v 3.595539 10.816745 3.823867
v 3.778111 10.816745 3.550631
v 3.842221 10.816745 3.228327
v 3.778111 10.816745 2.906023
v 3.595539 10.816745 2.632787
v 3.322304 10.816745 2.450217
v 3.000000 10.816745 2.386106
v 2.677696 10.816745 2.450217
v 2.404460 10.816745 2.632787
v 2.221889 10.816745 2.906023
v 2.157779 10.816745 3.228327
v 2.221889 10.816745 3.550631
v 2.404460 10.816745 3.823867
v 2.677696 10.816745 4.006437
v -2.500000 9.962052 4.070547
v -2.177696 9.962052 4.006437
v -1.904461 9.962052 3.823867
v -1.721889 9.962052 3.550631
v -1.657779 9.962052 3.228327
v -1.721889 9.962052 2.906023
v -1.904461 9.962052 2.632787
v -2.177696 9.962052 2.450217
v -2.500000 9.962052 2.386106
v -2.822304 9.962052 2.450217
v -3.095540 9.962052 2.632787
v -3.278111 9.962052 2.906023
v -3.342221 9.962052 3.228327
v -3.278111 9.962052 3.550631
v -3.095540 9.962052 3.823867
v -2.822304 9.962052 4.006437
v -2.500000 10.816745 4.070547
v -2.177696 10.816745 4.006437
v -1.904461 10.816745 3.823867
v -1.721889 10.816745 3.550631
v -1.657779 10.816745 3.228327
v -1.721889 10.816745 2.906023
v -1.904461 10.816745 2.632787
v -2.177696 10.816745 2.450217
v -2.500000 10.816745 2.386106
v -2.822304 10.816745 2.450217
v -3.095540 10.816745 2.632787
v -3.278111 10.816745 2.906023
v -3.342221 10.816745 3.228327
v -3.278111 10.816745 3.550631
v -3.095540 10.816745 3.823867
v -2.822304 10.816745 4.006437
vt 1.454664 0.579238
vt 1.410437 0.579238
vt 1.410436 0.480388
vt 1.454664 0.480387
vt 1.321982 0.579238
vt 1.277755 0.579238
vt 1.277754 0.480389
vt 1.321982 0.480389
vt 1.233527 0.579239
vt 1.233527 0.480389
vt 0.968164 0.480388
vt 0.968163 0.579238
vt 0.923936 0.579237
vt 0.923937 0.480387
vt 1.189300 0.579239
vt 1.189300 0.480389
vt 0.879709 0.579237
vt 0.879710 0.480387
vt 1.145072 0.579239
vt 1.145073 0.480389
vt 0.835482 0.579237
vt 0.835482 0.480387
vt 1.100846 0.579239
vt 1.100846 0.480389
vt 1.543118 0.480387
vt 1.543119 0.579237
vt 1.498891 0.579237
vt 1.498891 0.480387
vt 1.056618 0.579238
vt 1.056619 0.480388
vt 1.366209 0.480388
vt 1.366210 0.579238
vt 1.012391 0.579238
vt 1.012391 0.480388
vt 1.654664 1.179238
vt 1.610437 1.179238
vt 1.610436 1.080388
vt 1.654664 1.080387
vt 1.521982 1.179238
vt 1.477755 1.179238
vt 1.477754 1.080389
vt 1.521982 1.080389
vt 1.433527 1.179239
vt 1.433527 1.080389
vt 1.168164 1.080388
vt 1.168164 1.179238
vt 1.123936 1.179237
vt 1.123937 1.080387
vt 1.389300 1.179239
vt 1.389300 1.080389
vt 1.079709 1.179237
vt 1.079710 1.080387
vt 1.345073 1.179239
vt 1.345073 1.080389
vt 1.035483 1.179237
vt 1.035483 1.080387
vt 1.300846 1.179239
vt 1.300846 1.080389
vt 1.743118 1.080387
vt 1.743119 1.179237
vt 1.698892 1.179237
vt 1.698891 1.080387
vt 1.256618 1.179238
vt 1.256619 1.080389
vt 1.566209 1.080388
vt 1.566210 1.179238
vt 1.212391 1.179238
vt 1.212391 1.080388
vt 1.854664 1.779238
vt 1.810437 1.779238
vt 1.810436 1.680388
vt 1.854663 1.680387
vt 1.721982 1.779238
vt 1.677755 1.779238
vt 1.677754 1.680389
vt 1.721982 1.680389
vt 1.633527 1.779239
vt 1.633527 1.680389
vt 1.368164 1.680388
vt 1.368163 1.779238
vt 1.323936 1.779237
vt 1.323937 1.680387
vt 1.589300 1.779239
vt 1.589300 1.680389
vt 1.279709 1.779237
vt 1.279710 1.680387
vt 1.545072 1.779239
vt 1.545073 1.680389
vt 1.235482 1.779237
vt 1.235482 1.680387
vt 1.500846 1.779239
vt 1.500846 1.680389
vt 1.943118 1.680387
vt 1.943119 1.779237
vt 1.898891 1.779237
vt 1.898891 1.680387
vt 1.456618 1.779238
vt 1.456619 1.680388
vt 1.766209 1.680388
vt 1.766210 1.779238
vt 1.412391 1.779238
vt 1.412391 1.680388
vt 1.554664 0.879238
vt 1.510437 0.879238
vt 1.510436 0.780388
vt 1.554664 0.780388
vt 1.421982 0.879238
vt 1.377755 0.879238
vt 1.377754 0.780389
vt 1.421982 0.780389
vt 1.333527 0.879239
vt 1.333527 0.780389
vt 1.068164 0.780388
vt 1.068164 0.879238
vt 1.023936 0.879237
vt 1.023937 0.780388
vt 1.289300 0.879239
vt 1.289300 0.780389
vt 0.979709 0.879237
vt 0.979710 0.780387
vt 1.245072 0.879239
vt 1.245073 0.780389
vt 0.935483 0.879237
vt 0.935483 0.780387
vt 1.200846 0.879239
vt 1.200846 0.780389
vt 1.643118 0.780387
vt 1.643119 0.879237
vt 1.598891 0.879237
vt 1.598891 0.780388
vt 1.156618 0.879238
vt 1.156619 0.780388
vt 1.466209 0.780388
vt 1.466210 0.879238
vt 1.112391 0.879238
vt 1.112391 0.780388
vt 1.754664 1.479238
vt 1.710437 1.479238
vt 1.710436 1.380388
vt 1.754664 1.380388
vt 1.621982 1.479239
vt 1.577755 1.479239
vt 1.577754 1.380389
vt 1.621982 1.380388
vt 1.533527 1.479239
vt 1.533527 1.380389
vt 1.268164 1.380388
vt 1.268164 1.479238
vt 1.223936 1.479237
vt 1.223937 1.380388
vt 1.489300 1.479239
vt 1.489300 1.380389
vt 1.179709 1.479237
vt 1.179710 1.380387
vt 1.445073 1.479239
vt 1.445073 1.380389
vt 1.135483 1.479237
vt 1.135483 1.380387
vt 1.400846 1.479239
vt 1.400846 1.380389
vt 1.843118 1.380387
vt 1.843119 1.479237
vt 1.798892 1.479237
vt 1.798891 1.380388
vt 1.356618 1.479238
vt 1.356619 1.380388
vt 1.666209 1.380388
vt 1.666210 1.479238
vt 1.312391 1.479238
vt 1.312391 1.380388
vt 1.954664 2.079238
vt 1.910437 2.079238
vt 1.910436 1.980388
vt 1.954664 1.980387
vt 1.821982 2.079238
vt 1.777755 2.079238
vt 1.777754 1.980389
vt 1.821982 1.980389
vt 1.733527 2.079239
vt 1.733527 1.980389
vt 1.468164 1.980388
vt 1.468163 2.079238
vt 1.423936 2.079237
vt 1.423937 1.980387
vt 1.689300 2.079239
vt 1.689300 1.980389
vt 1.379709 2.079237
vt 1.379710 1.980387
vt 1.645072 2.079239
vt 1.645073 1.980389
vt 1.335482 2.079237
vt 1.335482 1.980387
vt 1.600846 2.079239
vt 1.600846 1.980389
vt 2.043118 1.980387
vt 2.043119 2.079237
vt 1.998891 2.079237
vt 1.998891 1.980387
vt 1.556618 2.079238
vt 1.556619 1.980388
vt 1.866209 1.980388
vt 1.866210 2.079238
vt 1.512391 2.079238
vt 1.512391 1.980388
vt 1.654664 1.179238
vt 1.610437 1.179238
vt 1.610436 1.080388
vt 1.654664 1.080387
vt 1.521982 1.179238
vt 1.477755 1.179238
vt 1.477754 1.080389
vt 1.521982 1.080389
vt 1.433527 1.179239
vt 1.433527 1.080389
vt 1.168164 1.080388
vt 1.168164 1.179238
vt 1.123936 1.179237
vt 1.123937 1.080387
vt 1.389300 1.179239
vt 1.389300 1.080389
vt 1.079709 1.179237
vt 1.079710 1.080387
vt 1.345073 1.179239
vt 1.345073 1.080389
vt 1.035483 1.179237
vt 1.035483 1.080387
vt 1.300846 1.179239
vt 1.300846 1.080389
vt 1.743118 1.080387
vt 1.743119 1.179237
vt 1.698892 1.179237
vt 1.698891 1.080387
vt 1.256618 1.179238
vt 1.256619 1.080389
vt 1.566209 1.080388
vt 1.566210 1.179238
vt 1.212391 1.179238
vt 1.212391 1.080388
vt 1.854664 1.779238
vt 1.810437 1.779238
vt 1.810436 1.680388
vt 1.854664 1.680387
vt 1.721982 1.779238
vt 1.677755 1.779238
vt 1.677754 1.680389
vt 1.721982 1.680389
vt 1.633528 1.779239
vt 1.633527 1.680389
vt 1.368164 1.680388
vt 1.368164 1.779238
vt 1.323936 1.779237
vt 1.323937 1.680387
vt 1.589300 1.779239
vt 1.589300 1.680389
vt 1.279709 1.779237
vt 1.279710 1.680387
vt 1.545073 1.779239
vt 1.545073 1.680389
vt 1.235483 1.779237
vt 1.235483 1.680387
vt 1.500846 1.779239
vt 1.500846 1.680389
vt 1.943118 1.680387
vt 1.943119 1.779237
vt 1.898892 1.779237
vt 1.898891 1.680387
vt 1.456618 1.779238
vt 1.456619 1.680389
vt 1.766209 1.680388
vt 1.766210 1.779238
vt 1.412391 1.779238
vt 1.412391 1.680388
vt 2.054664 2.379238
vt 2.010437 2.379238
vt 2.010436 2.280388
vt 2.054663 2.280387
vt 1.921982 2.379239
vt 1.877755 2.379239
vt 1.877754 2.280389
vt 1.921982 2.280389
vt 1.833527 2.379239
vt 1.833527 2.280389
vt 1.568164 2.280388
vt 1.568164 2.379238
vt 1.523936 2.379237
vt 1.523937 2.280387
vt 1.789300 2.379239
vt 1.789300 2.280389
vt 1.479709 2.379237
vt 1.479710 2.280387
vt 1.745072 2.379239
vt 1.745073 2.280389
vt 1.435483 2.379237
vt 1.435483 2.280387
vt 1.700846 2.379239
vt 1.700846 2.280389
vt 2.143118 2.280387
vt 2.143119 2.379237
vt 2.098891 2.379237
vt 2.098891 2.280387
vt 1.656618 2.379238
vt 1.656619 2.280388
vt 1.966209 2.280388
vt 1.966210 2.379238
vt 1.612391 2.379238
vt 1.612391 2.280388
vt 1.854664 0.679238
vt 1.854663 0.580387
vt 1.810436 0.580388
vt 1.810437 0.679238
vt 1.721982 0.679238
vt 1.721982 0.580389
vt 1.677754 0.580389
vt 1.677755 0.679238
vt 1.633527 0.580389
vt 1.633527 0.679239
vt 1.368164 0.580388
vt 1.323937 0.580387
vt 1.323936 0.679237
vt 1.368163 0.679238
vt 1.589300 0.580389
vt 1.589300 0.679239
vt 1.279710 0.580387
vt 1.279709 0.679237
vt 1.545073 0.580389
vt 1.545072 0.679239
vt 1.235482 0.580387
vt 1.235482 0.679237
vt 1.500846 0.580389
vt 1.500846 0.679239
vt 1.943118 0.580387
vt 1.898891 0.580387
vt 1.898891 0.679237
vt 1.943119 0.679237
vt 1.456619 0.580388
vt 1.456618 0.679238
vt 1.766209 0.580388
vt 1.766210 0.679238
vt 1.412391 0.580388
vt 1.412391 0.679238
vt 2.054664 1.279238
vt 2.054664 1.180387
vt 2.010436 1.180388
vt 2.010437 1.279238
vt 1.921982 1.279238
vt 1.921982 1.180389
vt 1.877754 1.180389
vt 1.877755 1.279238
vt 1.833527 1.180389
vt 1.833527 1.279239
vt 1.568164 1.180388
vt 1.523937 1.180387
vt 1.523936 1.279237
vt 1.568164 1.279238
vt 1.789300 1.180389
vt 1.789300 1.279239
vt 1.479710 1.180387
vt 1.479709 1.279237
vt 1.745073 1.180389
vt 1.745072 1.279239
vt 1.435483 1.180387
vt 1.435483 1.279237
vt 1.700846 1.180389
vt 1.700846 1.279239
vt 2.143118 1.180387
vt 2.098891 1.180387
vt 2.098891 1.279237
vt 2.143119 1.279237
vt 1.656619 1.180389
vt 1.656618 1.279238
vt 1.966209 1.180388
vt 1.966210 1.279238
vt 1.612391 1.180388
vt 1.612391 1.279238
vt 2.254664 1.879238
vt 2.254663 1.780388
vt 2.210436 1.780388
vt 2.210437 1.879238
vt 2.121982 1.879238
vt 2.121982 1.780389
vt 2.077754 1.780389
vt 2.077755 1.879238
vt 2.033527 1.780389
vt 2.033527 1.879239
vt 1.768164 1.780388
vt 1.723937 1.780388
vt 1.723936 1.879237
vt 1.768163 1.879238
vt 1.989300 1.780389
vt 1.989300 1.879239
vt 1.679710 1.780387
vt 1.679709 1.879237
vt 1.945073 1.780389
vt 1.945072 1.879239
vt 1.635482 1.780387
vt 1.635482 1.879237
vt 1.900846 1.780389
vt 1.900846 1.879239
vt 2.343118 1.780387
vt 2.298891 1.780388
vt 2.298892 1.879237
vt 2.343119 1.879237
vt 1.856619 1.780388
vt 1.856618 1.879238
vt 2.166209 1.780388
vt 2.166210 1.879238
vt 1.812391 1.780388
vt 1.812391 1.879238
vt 1.954664 0.979238
vt 1.954664 0.880388
vt 1.910436 0.880388
vt 1.910437 0.979238
vt 1.821982 0.979238
vt 1.821982 0.880389
vt 1.777754 0.880389
vt 1.777755 0.979238
vt 1.733527 0.880389
vt 1.733527 0.979239
vt 1.468164 0.880388
vt 1.423937 0.880388
vt 1.423936 0.979237
vt 1.468163 0.979238
vt 1.689300 0.880389
vt 1.689300 0.979239
vt 1.379710 0.880387
vt 1.379709 0.979237
vt 1.645073 0.880389
vt 1.645072 0.979239
vt 1.335482 0.880387
vt 1.335482 0.979237
vt 1.600846 0.880389
vt 1.600846 0.979239
vt 2.043118 0.880387
vt 1.998891 0.880388
vt 1.998891 0.979237
vt 2.043119 0.979237
vt 1.556619 0.880388
vt 1.556618 0.979238
vt 1.866209 0.880388
vt 1.866210 0.979238
vt 1.512391 0.880388
vt 1.512391 0.979238
vt 2.154664 1.579238
vt 2.154664 1.480388
vt 2.110436 1.480388
vt 2.110437 1.579238
vt 2.021982 1.579239
vt 2.021982 1.480389
vt 1.977754 1.480389
vt 1.977755 1.579239
vt 1.933527 1.480389
vt 1.933527 1.579239
vt 1.668164 1.480388
vt 1.623937 1.480388
vt 1.623936 1.579237
vt 1.668164 1.579238
vt 1.889300 1.480389
vt 1.889300 1.579239
vt 1.579710 1.480387
vt 1.579709 1.579237
vt 1.845073 1.480389
vt 1.845073 1.579239
vt 1.535483 1.480387
vt 1.535483 1.579237
vt 1.800846 1.480389
vt 1.800846 1.579239
vt 2.243118 1.480387
vt 2.198891 1.480388
vt 2.198892 1.579237
vt 2.243119 1.579237
vt 1.756619 1.480389
vt 1.756618 1.579238
vt 2.066209 1.480388
vt 2.066210 1.579238
vt 1.712391 1.480388
vt 1.712391 1.579238
vt 2.354664 2.179238
vt 2.354664 2.080387
vt 2.310436 2.080388
vt 2.310437 2.179238
vt 2.221982 2.179238
vt 2.221982 2.080389
vt 2.177754 2.080389
vt 2.177755 2.179238
vt 2.133527 2.080389
vt 2.133528 2.179239
vt 1.868164 2.080388
vt 1.823937 2.080387
vt 1.823936 2.179237
vt 1.868163 2.179238
vt 2.089300 2.080389
vt 2.089300 2.179239
vt 1.779710 2.080387
vt 1.779709 2.179237
vt 2.045073 2.080389
vt 2.045073 2.179239
vt 1.735482 2.080387
vt 1.735482 2.179237
vt 2.000846 2.080389
vt 2.000846 2.179239
vt 2.443118 2.080387
vt 2.398891 2.080387
vt 2.398891 2.179237
vt 2.443119 2.179237
vt 1.956619 2.080388
vt 1.956618 2.179238
vt 2.266209 2.080388
vt 2.266210 2.179238
vt 1.912391 2.080388
vt 1.912391 2.179238
vt 2.054664 1.279238
vt 2.054664 1.180387
vt 2.010436 1.180388
vt 2.010437 1.279238
vt 1.921982 1.279238
vt 1.921982 1.180389
vt 1.877754 1.180389
vt 1.877755 1.279238
vt 1.833527 1.180389
vt 1.833527 1.279239
vt 1.568164 1.180388
vt 1.523937 1.180387
vt 1.523936 1.279237
vt 1.568164 1.279238
vt 1.789300 1.180389
vt 1.789300 1.279239
vt 1.479710 1.180387
vt 1.479709 1.279237
vt 1.745073 1.180389
vt 1.745072 1.279239
vt 1.435483 1.180387
vt 1.435483 1.279237
vt 1.700846 1.180389
vt 1.700846 1.279239
vt 2.143118 1.180387
vt 2.098891 1.180387
vt 2.098891 1.279237
vt 2.143119 1.279237
vt 1.656619 1.180389
vt 1.656618 1.279238
vt 1.966209 1.180388
vt 1.966210 1.279238
vt 1.612391 1.180388
vt 1.612391 1.279238
vt 2.254664 1.879238
vt 2.254664 1.780388
vt 2.210436 1.780388
vt 2.210437 1.879238
vt 2.121982 1.879238
vt 2.121982 1.780389
vt 2.077754 1.780389
vt 2.077755 1.879238
vt 2.033527 1.780389
vt 2.033528 1.879239
vt 1.768164 1.780388
vt 1.723937 1.780388
vt 1.723936 1.879237
vt 1.768164 1.879238
vt 1.989300 1.780389
vt 1.989300 1.879239
vt 1.679710 1.780387
vt 1.679709 1.879237
vt 1.945073 1.780389
vt 1.945073 1.879239
vt 1.635483 1.780387
vt 1.635483 1.879237
vt 1.900846 1.780389
vt 1.900846 1.879239
vt 2.343118 1.780387
vt 2.298891 1.780388
vt 2.298892 1.879237
vt 2.343119 1.879237
vt 1.856619 1.780389
vt 1.856618 1.879238
vt 2.166209 1.780388
vt 2.166210 1.879238
vt 1.812391 1.780388
vt 1.812391 1.879238
vt 2.454664 2.479238
vt 2.454664 2.380387
vt 2.410436 2.380388
vt 2.410437 2.479238
vt 2.321982 2.479239
vt 2.321982 2.380388
vt 2.277754 2.380389
vt 2.277755 2.479239
vt 2.233527 2.380389
vt 2.233527 2.479239
vt 1.968164 2.380388
vt 1.923937 2.380387
vt 1.923936 2.479237
vt 1.968163 2.479238
vt 2.189300 2.380389
vt 2.189300 2.479239
vt 1.879710 2.380387
vt 1.879709 2.479237
vt 2.145073 2.380389
vt 2.145072 2.479239
vt 1.835482 2.380387
vt 1.835482 2.479237
vt 2.100846 2.380389
vt 2.100846 2.479239
vt 2.543118 2.380387
vt 2.498891 2.380387
vt 2.498892 2.479237
vt 2.543119 2.479237
vt 2.056619 2.380388
vt 2.056618 2.479238
vt 2.366209 2.380388
vt 2.366210 2.479238
vt 2.012391 2.380388
vt 2.012391 2.479238
vn -0.7071 0.0000 -0.7071
vn -0.3827 0.0000 -0.9239
vn 0.3827 0.0000 -0.9239
vn 0.7071 0.0000 -0.7071
vn 0.9239 0.0000 -0.3827
vn -0.3827 0.0000 0.9239
vn -0.7071 0.0000 0.7071
vn 1.0000 0.0000 0.0000
vn -0.9239 0.0000 0.3827
vn 0.9239 0.0000 0.3827
vn -1.0000 0.0000 0.0000
vn 0.7071 0.0000 0.7071
vn -0.9239 0.0000 -0.3827
vn 0.3827 0.0000 0.9239
vn 0.0000 0.0000 -1.0000
vn 0.0000 0.0000 1.0000
usemtl sandstone
s 1
f 4300/6729/762 4301/6730/763 4285/6731/763 4284/6732/762
f 4287/6733/764 4288/6734/765 4272/6735/765 4271/6736/764
f 4272/6735/765 4288/6734/765 4289/6737/766 4273/6738/766
f 4279/6739/767 4295/6740/767 4296/6741/768 4280/6742/768
f 4273/6738/766 4289/6737/766 4290/6743/769 4274/6744/769
f 4280/6742/768 4296/6741/768 4297/6745/770 4281/6746/770
f 4274/6744/769 4290/6743/769 4291/6747/771 4275/6748/771
f 4281/6746/770 4297/6745/770 4298/6749/772 4282/6750/772
f 4275/6748/771 4291/6747/771 4292/6751/773 4276/6752/773
f 4282/6753/772 4298/6754/772 4299/6755/774 4283/6756/774
f 4276/6752/773 4292/6751/773 4293/6757/775 4277/6758/775
f 4283/6756/774 4299/6755/774 4300/6729/762 4284/6732/762
f 4270/6759/776 4286/6760/776 4287/6733/764 4271/6736/764
f 4277/6758/775 4293/6757/775 4294/6761/777 4278/6762/777
f 4278/6762/777 4294/6761/777 4295/6740/767 4279/6739/767
f 4285/6731/763 4301/6730/763 4286/6760/776 4270/6759/776
f 4332/6763/762 4333/6764/763 4317/6765/763 4316/6766/762
f 4319/6767/764 4320/6768/765 4304/6769/765 4303/6770/764
f 4304/6769/765 4320/6768/765 4321/6771/766 4305/6772/766
f 4311/6773/767 4327/6774/767 4328/6775/768 4312/6776/768
f 4305/6772/766 4321/6771/766 4322/6777/769 4306/6778/769
f 4312/6776/768 4328/6775/768 4329/6779/770 4313/6780/770
f 4306/6778/769 4322/6777/769 4323/6781/771 4307/6782/771
f 4313/6780/770 4329/6779/770 4330/6783/772 4314/6784/772
f 4307/6782/771 4323/6781/771 4324/6785/773 4308/6786/773
f 4314/6787/772 4330/6788/772 4331/6789/774 4315/6790/774
f 4308/6786/773 4324/6785/773 4325/6791/775 4309/6792/775
f 4315/6790/774 4331/6789/774 4332/6763/762 4316/6766/762
f 4302/6793/776 4318/6794/776 4319/6767/764 4303/6770/764
f 4309/6792/775 4325/6791/775 4326/6795/777 4310/6796/777
f 4310/6796/777 4326/6795/777 4327/6774/767 4311/6773/767
f 4317/6765/763 4333/6764/763 4318/6794/776 4302/6793/776
f 4364/6797/762 4365/6798/763 4349/6799/763 4348/6800/762
f 4351/6801/764 4352/6802/765 4336/6803/765 4335/6804/764
f 4336/6803/765 4352/6802/765 4353/6805/766 4337/6806/766
f 4343/6807/767 4359/6808/767 4360/6809/768 4344/6810/768
f 4337/6806/766 4353/6805/766 4354/6811/769 4338/6812/769
f 4344/6810/768 4360/6809/768 4361/6813/770 4345/6814/770
f 4338/6812/769 4354/6811/769 4355/6815/771 4339/6816/771
f 4345/6814/770 4361/6813/770 4362/6817/772 4346/6818/772
f 4339/6816/771 4355/6815/771 4356/6819/773 4340/6820/773
f 4346/6821/772 4362/6822/772 4363/6823/774 4347/6824/774
f 4340/6820/773 4356/6819/773 4357/6825/775 4341/6826/775
f 4347/6824/774 4363/6823/774 4364/6797/762 4348/6800/762
f 4334/6827/776 4350/6828/776 4351/6801/764 4335/6804/764
f 4341/6826/775 4357/6825/775 4358/6829/777 4342/6830/777
f 4342/6830/777 4358/6829/777 4359/6808/767 4343/6807/767
f 4349/6799/763 4365/6798/763 4350/6828/776 4334/6827/776
f 4396/6831/762 4397/6832/763 4381/6833/763 4380/6834/762
f 4383/6835/764 4384/6836/765 4368/6837/765 4367/6838/764
f 4368/6837/765 4384/6836/765 4385/6839/766 4369/6840/766
f 4375/6841/767 4391/6842/767 4392/6843/768 4376/6844/768
f 4369/6840/766 4385/6839/766 4386/6845/769 4370/6846/769
f 4376/6844/768 4392/6843/768 4393/6847/770 4377/6848/770
f 4370/6846/769 4386/6845/769 4387/6849/771 4371/6850/771
f 4377/6848/770 4393/6847/770 4394/6851/772 4378/6852/772
f 4371/6850/771 4387/6849/771 4388/6853/773 4372/6854/773
f 4378/6855/772 4394/6856/772 4395/6857/774 4379/6858/774
f 4372/6854/773 4388/6853/773 4389/6859/775 4373/6860/775
f 4379/6858/774 4395/6857/774 4396/6831/762 4380/6834/762
f 4366/6861/776 4382/6862/776 4383/6835/764 4367/6838/764
f 4373/6860/775 4389/6859/775 4390/6863/777 4374/6864/777
f 4374/6864/777 4390/6863/777 4391/6842/767 4375/6841/767
f 4381/6833/763 4397/6832/763 4382/6862/776 4366/6861/776
f 4428/6865/762 4429/6866/763 4413/6867/763 4412/6868/762
f 4415/6869/764 4416/6870/765 4400/6871/765 4399/6872/764
f 4400/6871/765 4416/6870/765 4417/6873/766 4401/6874/766
f 4407/6875/767 4423/6876/767 4424/6877/768 4408/6878/768
f 4401/6874/766 4417/6873/766 4418/6879/769 4402/6880/769
f 4408/6878/768 4424/6877/768 4425/6881/770 4409/6882/770
f 4402/6880/769 4418/6879/769 4419/6883/771 4403/6884/771
f 4409/6882/770 4425/6881/770 4426/6885/772 4410/6886/772
f 4403/6884/771 4419/6883/771 4420/6887/773 4404/6888/773
f 4410/6889/772 4426/6890/772 4427/6891/774 4411/6892/774
f 4404/6888/773 4420/6887/773 4421/6893/775 4405/6894/775
f 4411/6892/774 4427/6891/774 4428/6865/762 4412/6868/762
f 4398/6895/776 4414/6896/776 4415/6869/764 4399/6872/764
f 4405/6894/775 4421/6893/775 4422/6897/777 4406/6898/777
f 4406/6898/777 4422/6897/777 4423/6876/767 4407/6875/767
f 4413/6867/763 4429/6866/763 4414/6896/776 4398/6895/776
f 4460/6899/762 4461/6900/763 4445/6901/763 4444/6902/762
f 4447/6903/764 4448/6904/765 4432/6905/765 4431/6906/764
f 4432/6905/765 4448/6904/765 4449/6907/766 4433/6908/766
f 4439/6909/767 4455/6910/767 4456/6911/768 4440/6912/768
f 4433/6908/766 4449/6907/766 4450/6913/769 4434/6914/769
f 4440/6912/768 4456/6911/768 4457/6915/770 4441/6916/770
f 4434/6914/769 4450/6913/769 4451/6917/771 4435/6918/771
f 4441/6916/770 4457/6915/770 4458/6919/772 4442/6920/772
f 4435/6918/771 4451/6917/771 4452/6921/773 4436/6922/773
f 4442/6923/772 4458/6924/772 4459/6925/774 4443/6926/774
f 4436/6922/773 4452/6921/773 4453/6927/775 4437/6928/775
f 4443/6926/774 4459/6925/774 4460/6899/762 4444/6902/762
f 4430/6929/776 4446/6930/776 4447/6903/764 4431/6906/764
f 4437/6928/775 4453/6927/775 4454/6931/777 4438/6932/777
f 4438/6932/777 4454/6931/777 4455/6910/767 4439/6909/767
f 4445/6901/763 4461/6900/763 4446/6930/776 4430/6929/776
f 4492/6933/762 4493/6934/763 4477/6935/763 4476/6936/762
f 4479/6937/764 4480/6938/765 4464/6939/765 4463/6940/764
f 4464/6939/765 4480/6938/765 4481/6941/766 4465/6942/766
f 4471/6943/767 4487/6944/767 4488/6945/768 4472/6946/768
f 4465/6942/766 4481/6941/766 4482/6947/769 4466/6948/769
f 4472/6946/768 4488/6945/768 4489/6949/770 4473/6950/770
f 4466/6948/769 4482/6947/769 4483/6951/771 4467/6952/771
f 4473/6950/770 4489/6949/770 4490/6953/772 4474/6954/772
f 4467/6952/771 4483/6951/771 4484/6955/773 4468/6956/773
f 4474/6957/772 4490/6958/772 4491/6959/774 4475/6960/774
f 4468/6956/773 4484/6955/773 4485/6961/775 4469/6962/775
f 4475/6960/774 4491/6959/774 4492/6933/762 4476/6936/762
f 4462/6963/776 4478/6964/776 4479/6937/764 4463/6940/764
f 4469/6962/775 4485/6961/775 4486/6965/777 4470/6966/777
f 4470/6966/777 4486/6965/777 4487/6944/767 4471/6943/767
f 4477/6935/763 4493/6934/763 4478/6964/776 4462/6963/776
f 4524/6967/762 4525/6968/763 4509/6969/763 4508/6970/762
f 4511/6971/764 4512/6972/765 4496/6973/765 4495/6974/764
f 4496/6973/765 4512/6972/765 4513/6975/766 4497/6976/766
f 4503/6977/767 4519/6978/767 4520/6979/768 4504/6980/768
f 4497/6976/766 4513/6975/766 4514/6981/769 4498/6982/769
f 4504/6980/768 4520/6979/768 4521/6983/770 4505/6984/770
f 4498/6982/769 4514/6981/769 4515/6985/771 4499/6986/771
f 4505/6984/770 4521/6983/770 4522/6987/772 4506/6988/772
f 4499/6986/771 4515/6985/771 4516/6989/773 4500/6990/773
f 4506/6991/772 4522/6992/772 4523/6993/774 4507/6994/774
f 4500/6990/773 4516/6989/773 4517/6995/775 4501/6996/775
f 4507/6994/774 4523/6993/774 4524/6967/762 4508/6970/762
f 4494/6997/776 4510/6998/776 4511/6971/764 4495/6974/764
f 4501/6996/775 4517/6995/775 4518/6999/777 4502/7000/777
f 4502/7000/777 4518/6999/777 4519/6978/767 4503/6977/767
f 4509/6969/763 4525/6968/763 4510/6998/776 4494/6997/776
f 4556/7001/762 4557/7002/763 4541/7003/763 4540/7004/762
f 4543/7005/764 4544/7006/765 4528/7007/765 4527/7008/764
f 4528/7007/765 4544/7006/765 4545/7009/766 4529/7010/766
f 4535/7011/767 4551/7012/767 4552/7013/768 4536/7014/768
f 4529/7010/766 4545/7009/766 4546/7015/769 4530/7016/769
f 4536/7014/768 4552/7013/768 4553/7017/770 4537/7018/770
f 4530/7016/769 4546/7015/769 4547/7019/771 4531/7020/771
f 4537/7018/770 4553/7017/770 4554/7021/772 4538/7022/772
f 4531/7020/771 4547/7019/771 4548/7023/773 4532/7024/773
f 4538/7025/772 4554/7026/772 4555/7027/774 4539/7028/774
f 4532/7024/773 4548/7023/773 4549/7029/775 4533/7030/775
f 4539/7028/774 4555/7027/774 4556/7001/762 4540/7004/762
f 4526/7031/776 4542/7032/776 4543/7005/764 4527/7008/764
f 4533/7030/775 4549/7029/775 4550/7033/777 4534/7034/777
f 4534/7034/777 4550/7033/777 4551/7012/767 4535/7011/767
f 4541/7003/763 4557/7002/763 4542/7032/776 4526/7031/776
f 4588/7035/768 4572/7036/768 4573/7037/767 4589/7038/767
f 4575/7039/775 4559/7040/775 4560/7041/773 4576/7042/773
f 4560/7041/773 4561/7043/771 4577/7044/771 4576/7042/773
f 4567/7045/763 4568/7046/762 4584/7047/762 4583/7048/763
f 4561/7043/771 4562/7049/769 4578/7050/769 4577/7044/771
f 4568/7046/762 4569/7051/774 4585/7052/774 4584/7047/762
f 4562/7049/769 4563/7053/766 4579/7054/766 4578/7050/769
f 4569/7051/774 4570/7055/772 4586/7056/772 4585/7052/774
f 4563/7053/766 4564/7057/765 4580/7058/765 4579/7054/766
f 4570/7059/772 4571/7060/770 4587/7061/770 4586/7062/772
f 4564/7057/765 4565/7063/764 4581/7064/764 4580/7058/765
f 4571/7060/770 4572/7036/768 4588/7035/768 4587/7061/770
f 4558/7065/777 4559/7040/775 4575/7039/775 4574/7066/777
f 4565/7063/764 4566/7067/776 4582/7068/776 4581/7064/764
f 4566/7067/776 4567/7045/763 4583/7048/763 4582/7068/776
f 4573/7037/767 4558/7065/777 4574/7066/777 4589/7038/767
f 4620/7069/768 4604/7070/768 4605/7071/767 4621/7072/767
f 4607/7073/775 4591/7074/775 4592/7075/773 4608/7076/773
f 4592/7075/773 4593/7077/771 4609/7078/771 4608/7076/773
f 4599/7079/763 4600/7080/762 4616/7081/762 4615/7082/763
f 4593/7077/771 4594/7083/769 4610/7084/769 4609/7078/771
f 4600/7080/762 4601/7085/774 4617/7086/774 4616/7081/762
f 4594/7083/769 4595/7087/766 4611/7088/766 4610/7084/769
f 4601/7085/774 4602/7089/772 4618/7090/772 4617/7086/774
f 4595/7087/766 4596/7091/765 4612/7092/765 4611/7088/766
f 4602/7093/772 4603/7094/770 4619/7095/770 4618/7096/772
f 4596/7091/765 4597/7097/764 4613/7098/764 4612/7092/765
f 4603/7094/770 4604/7070/768 4620/7069/768 4619/7095/770
f 4590/7099/777 4591/7074/775 4607/7073/775 4606/7100/777
f 4597/7097/764 4598/7101/776 4614/7102/776 4613/7098/764
f 4598/7101/776 4599/7079/763 4615/7082/763 4614/7102/776
f 4605/7071/767 4590/7099/777 4606/7100/777 4621/7072/767
f 4652/7103/768 4636/7104/768 4637/7105/767 4653/7106/767
f 4639/7107/775 4623/7108/775 4624/7109/773 4640/7110/773
f 4624/7109/773 4625/7111/771 4641/7112/771 4640/7110/773
f 4631/7113/763 4632/7114/762 4648/7115/762 4647/7116/763
f 4625/7111/771 4626/7117/769 4642/7118/769 4641/7112/771
f 4632/7114/762 4633/7119/774 4649/7120/774 4648/7115/762
f 4626/7117/769 4627/7121/766 4643/7122/766 4642/7118/769
f 4633/7119/774 4634/7123/772 4650/7124/772 4649/7120/774
f 4627/7121/766 4628/7125/765 4644/7126/765 4643/7122/766
f 4634/7127/772 4635/7128/770 4651/7129/770 4650/7130/772
f 4628/7125/765 4629/7131/764 4645/7132/764 4644/7126/765
f 4635/7128/770 4636/7104/768 4652/7103/768 4651/7129/770
f 4622/7133/777 4623/7108/775 4639/7107/775 4638/7134/777
f 4629/7131/764 4630/7135/776 4646/7136/776 4645/7132/764
f 4630/7135/776 4631/7113/763 4647/7116/763 4646/7136/776
f 4637/7105/767 4622/7133/777 4638/7134/777 4653/7106/767
f 4684/7137/768 4668/7138/768 4669/7139/767 4685/7140/767
f 4671/7141/775 4655/7142/775 4656/7143/773 4672/7144/773
f 4656/7143/773 4657/7145/771 4673/7146/771 4672/7144/773
f 4663/7147/763 4664/7148/762 4680/7149/762 4679/7150/763
f 4657/7145/771 4658/7151/769 4674/7152/769 4673/7146/771
f 4664/7148/762 4665/7153/774 4681/7154/774 4680/7149/762
f 4658/7151/769 4659/7155/766 4675/7156/766 4674/7152/769
f 4665/7153/774 4666/7157/772 4682/7158/772 4681/7154/774
f 4659/7155/766 4660/7159/765 4676/7160/765 4675/7156/766
f 4666/7161/772 4667/7162/770 4683/7163/770 4682/7164/772
f 4660/7159/765 4661/7165/764 4677/7166/764 4676/7160/765
f 4667/7162/770 4668/7138/768 4684/7137/768 4683/7163/770
f 4654/7167/777 4655/7142/775 4671/7141/775 4670/7168/777
f 4661/7165/764 4662/7169/776 4678/7170/776 4677/7166/764
f 4662/7169/776 4663/7147/763 4679/7150/763 4678/7170/776
f 4669/7139/767 4654/7167/777 4670/7168/777 4685/7140/767
f 4716/7171/768 4700/7172/768 4701/7173/767 4717/7174/767
f 4703/7175/775 4687/7176/775 4688/7177/773 4704/7178/773
f 4688/7177/773 4689/7179/771 4705/7180/771 4704/7178/773
f 4695/7181/763 4696/7182/762 4712/7183/762 4711/7184/763
f 4689/7179/771 4690/7185/769 4706/7186/769 4705/7180/771
f 4696/7182/762 4697/7187/774 4713/7188/774 4712/7183/762
f 4690/7185/769 4691/7189/766 4707/7190/766 4706/7186/769
f 4697/7187/774 4698/7191/772 4714/7192/772 4713/7188/774
f 4691/7189/766 4692/7193/765 4708/7194/765 4707/7190/766
f 4698/7195/772 4699/7196/770 4715/7197/770 4714/7198/772
f 4692/7193/765 4693/7199/764 4709/7200/764 4708/7194/765
f 4699/7196/770 4700/7172/768 4716/7171/768 4715/7197/770
f 4686/7201/777 4687/7176/775 4703/7175/775 4702/7202/777
f 4693/7199/764 4694/7203/776 4710/7204/776 4709/7200/764
f 4694/7203/776 4695/7181/763 4711/7184/763 4710/7204/776
f 4701/7173/767 4686/7201/777 4702/7202/777 4717/7174/767
f 4748/7205/768 4732/7206/768 4733/7207/767 4749/7208/767
f 4735/7209/775 4719/7210/775 4720/7211/773 4736/7212/773
f 4720/7211/773 4721/7213/771 4737/7214/771 4736/7212/773
f 4727/7215/763 4728/7216/762 4744/7217/762 4743/7218/763
f 4721/7213/771 4722/7219/769 4738/7220/769 4737/7214/771
f 4728/7216/762 4729/7221/774 4745/7222/774 4744/7217/762
f 4722/7219/769 4723/7223/766 4739/7224/766 4738/7220/769
f 4729/7221/774 4730/7225/772 4746/7226/772 4745/7222/774
f 4723/7223/766 4724/7227/765 4740/7228/765 4739/7224/766
f 4730/7229/772 4731/7230/770 4747/7231/770 4746/7232/772
f 4724/7227/765 4725/7233/764 4741/7234/764 4740/7228/765
f 4731/7230/770 4732/7206/768 4748/7205/768 4747/7231/770
f 4718/7235/777 4719/7210/775 4735/7209/775 4734/7236/777
f 4725/7233/764 4726/7237/776 4742/7238/776 4741/7234/764
f 4726/7237/776 4727/7215/763 4743/7218/763 4742/7238/776
f 4733/7207/767 4718/7235/777 4734/7236/777 4749/7208/767
f 4780/7239/768 4764/7240/768 4765/7241/767 4781/7242/767
f 4767/7243/775 4751/7244/775 4752/7245/773 4768/7246/773
f 4752/7245/773 4753/7247/771 4769/7248/771 4768/7246/773
f 4759/7249/763 4760/7250/762 4776/7251/762 4775/7252/763
f 4753/7247/771 4754/7253/769 4770/7254/769 4769/7248/771
f 4760/7250/762 4761/7255/774 4777/7256/774 4776/7251/762
f 4754/7253/769 4755/7257/766 4771/7258/766 4770/7254/769
f 4761/7255/774 4762/7259/772 4778/7260/772 4777/7256/774
f 4755/7257/766 4756/7261/765 4772/7262/765 4771/7258/766
f 4762/7263/772 4763/7264/770 4779/7265/770 4778/7266/772
f 4756/7261/765 4757/7267/764 4773/7268/764 4772/7262/765
f 4763/7264/770 4764/7240/768 4780/7239/768 4779/7265/770
f 4750/7269/777 4751/7244/775 4767/7243/775 4766/7270/777
f 4757/7267/764 4758/7271/776 4774/7272/776 4773/7268/764
f 4758/7271/776 4759/7249/763 4775/7252/763 4774/7272/776
f 4765/7241/767 4750/7269/777 4766/7270/777 4781/7242/767
f 4812/7273/768 4796/7274/768 4797/7275/767 4813/7276/767
f 4799/7277/775 4783/7278/775 4784/7279/773 4800/7280/773
f 4784/7279/773 4785/7281/771 4801/7282/771 4800/7280/773
f 4791/7283/763 4792/7284/762 4808/7285/762 4807/7286/763
f 4785/7281/771 4786/7287/769 4802/7288/769 4801/7282/771
f 4792/7284/762 4793/7289/774 4809/7290/774 4808/7285/762
f 4786/7287/769 4787/7291/766 4803/7292/766 4802/7288/769
f 4793/7289/774 4794/7293/772 4810/7294/772 4809/7290/774
f 4787/7291/766 4788/7295/765 4804/7296/765 4803/7292/766
f 4794/7297/772 4795/7298/770 4811/7299/770 4810/7300/772
f 4788/7295/765 4789/7301/764 4805/7302/764 4804/7296/765
f 4795/7298/770 4796/7274/768 4812/7273/768 4811/7299/770
f 4782/7303/777 4783/7278/775 4799/7277/775 4798/7304/777
f 4789/7301/764 4790/7305/776 4806/7306/776 4805/7302/764
f 4790/7305/776 4791/7283/763 4807/7286/763 4806/7306/776
f 4797/7275/767 4782/7303/777 4798/7304/777 4813/7276/767
f 4844/7307/768 4828/7308/768 4829/7309/767 4845/7310/767
f 4831/7311/775 4815/7312/775 4816/7313/773 4832/7314/773
f 4816/7313/773 4817/7315/771 4833/7316/771 4832/7314/773
f 4823/7317/763 4824/7318/762 4840/7319/762 4839/7320/763
f 4817/7315/771 4818/7321/769 4834/7322/769 4833/7316/771
f 4824/7318/762 4825/7323/774 4841/7324/774 4840/7319/762
f 4818/7321/769 4819/7325/766 4835/7326/766 4834/7322/769
f 4825/7323/774 4826/7327/772 4842/7328/772 4841/7324/774
f 4819/7325/766 4820/7329/765 4836/7330/765 4835/7326/766
f 4826/7331/772 4827/7332/770 4843/7333/770 4842/7334/772
f 4820/7329/765 4821/7335/764 4837/7336/764 4836/7330/765
f 4827/7332/770 4828/7308/768 4844/7307/768 4843/7333/770
f 4814/7337/777 4815/7312/775 4831/7311/775 4830/7338/777
f 4821/7335/764 4822/7339/776 4838/7340/776 4837/7336/764
f 4822/7339/776 4823/7317/763 4839/7320/763 4838/7340/776
f 4829/7309/767 4814/7337/777 4830/7338/777 4845/7310/767
o Cylinder.062_Cylinder.100
v 8.500000 9.962052 -12.678741
v 8.863708 9.962052 -12.606396
v 9.172045 9.962052 -12.400373
v 9.378070 9.962052 -12.092035
v 9.450417 9.962052 -11.728327
v 9.378070 9.962052 -11.364619
v 9.172045 9.962052 -11.056281
v 8.863708 9.962052 -10.850257
v 8.500000 9.962052 -10.777910
v 8.136292 9.962052 -10.850257
v 7.827955 9.962052 -11.056281
v 7.621930 9.962052 -11.364619
v 7.549583 9.962052 -11.728327
v 7.621930 9.962052 -12.092035
v 7.827955 9.962052 -12.400373
v 8.136292 9.962052 -12.606396
v 8.500000 1.471062 -12.678741
v 8.863708 1.471062 -12.606396
v 9.172045 1.471062 -12.400373
v 9.378070 1.471062 -12.092035
v 9.450417 1.471062 -11.728327
v 9.378070 1.471062 -11.364619
v 9.172045 1.471062 -11.056281
v 8.863708 1.471062 -10.850257
v 8.500000 1.471062 -10.777910
v 8.136292 1.471062 -10.850257
v 7.827955 1.471062 -11.056281
v 7.621930 1.471062 -11.364619
v 7.549583 1.471062 -11.728327
v 7.621930 1.471062 -12.092035
v 7.827955 1.471062 -12.400373
v 8.136292 1.471062 -12.606396
v 8.500000 0.456138 -12.796574
v 8.908800 0.456138 -12.715259
v 8.908800 1.393030 -12.715259
v 9.255365 0.456138 -12.483692
v 9.255365 1.393030 -12.483692
v 9.486933 0.456138 -12.137128
v 9.486933 1.393030 -12.137128
v 9.568249 0.456138 -11.728327
v 9.568249 1.393030 -11.728327
v 9.486933 0.456138 -11.319526
v 9.486933 1.393030 -11.319526
v 9.255365 0.456138 -10.972961
v 9.255365 1.393030 -10.972961
v 8.908800 0.456138 -10.741393
v 8.908800 1.393030 -10.741393
v 8.500000 0.456138 -10.660077
v 8.500000 1.393030 -10.660077
v 8.091200 0.456138 -10.741393
v 8.091200 1.393030 -10.741393
v 7.744635 0.456138 -10.972960
v 7.744635 1.393030 -10.972960
v 7.513067 0.456138 -11.319527
v 7.513067 1.393030 -11.319527
v 7.431751 0.456138 -11.728327
v 7.431751 1.393030 -11.728327
v 7.513067 0.456138 -12.137128
v 7.513067 1.393030 -12.137128
v 7.744635 0.456138 -12.483692
v 7.744635 1.393030 -12.483692
v 8.091200 0.456138 -12.715259
v 8.091200 1.393030 -12.715259
v 8.500000 1.393030 -12.796574
v 8.500002 9.962054 -11.728328
v 8.500001 0.456138 -11.728329
v 3.000000 9.962052 -12.678741
v 3.363708 9.962052 -12.606396
v 3.672045 9.962052 -12.400373
v 3.878070 9.962052 -12.092035
v 3.950417 9.962052 -11.728327
v 3.878070 9.962052 -11.364619
v 3.672045 9.962052 -11.056281
v 3.363708 9.962052 -10.850257
v 3.000000 9.962052 -10.777910
v 2.636292 9.962052 -10.850257
v 2.327955 9.962052 -11.056281
v 2.121930 9.962052 -11.364619
v 2.049583 9.962052 -11.728327
v 2.121930 9.962052 -12.092035
v 2.327955 9.962052 -12.400373
v 2.636292 9.962052 -12.606396
v 3.000000 1.471062 -12.678741
v 3.363708 1.471062 -12.606396
v 3.672045 1.471062 -12.400373
v 3.878070 1.471062 -12.092035
v 3.950417 1.471062 -11.728327
v 3.878070 1.471062 -11.364619
v 3.672045 1.471062 -11.056281
v 3.363708 1.471062 -10.850257
v 3.000000 1.471062 -10.777910
v 2.636292 1.471062 -10.850257
v 2.327955 1.471062 -11.056281
v 2.121930 1.471062 -11.364619
v 2.049583 1.471062 -11.728327
v 2.121930 1.471062 -12.092035
v 2.327955 1.471062 -12.400373
v 2.636292 1.471062 -12.606396
v 3.000000 0.456138 -12.796574
v 3.408800 0.456138 -12.715259
v 3.408800 1.393030 -12.715259
v 3.755365 0.456138 -12.483692
v 3.755365 1.393030 -12.483692
v 3.986933 0.456138 -12.137128
v 3.986933 1.393030 -12.137128
v 4.068249 0.456138 -11.728327
v 4.068249 1.393030 -11.728327
v 3.986933 0.456138 -11.319526
v 3.986933 1.393030 -11.319526
v 3.755365 0.456138 -10.972961
v 3.755365 1.393030 -10.972961
v 3.408800 0.456138 -10.741393
v 3.408800 1.393030 -10.741393
v 3.000000 0.456138 -10.660077
v 3.000000 1.393030 -10.660077
v 2.591200 0.456138 -10.741393
v 2.591200 1.393030 -10.741393
v 2.244635 0.456138 -10.972960
v 2.244635 1.393030 -10.972960
v 2.013067 0.456138 -11.319527
v 2.013067 1.393030 -11.319527
v 1.931751 0.456138 -11.728327
v 1.931751 1.393030 -11.728327
v 2.013067 0.456138 -12.137128
v 2.013067 1.393030 -12.137128
v 2.244635 0.456138 -12.483692
v 2.244635 1.393030 -12.483692
v 2.591200 0.456138 -12.715259
v 2.591200 1.393030 -12.715259
v 3.000000 1.393030 -12.796574
v 3.000002 9.962054 -11.728328
v 3.000001 0.456138 -11.728329
v -2.500000 9.962052 -12.678741
v -2.136292 9.962052 -12.606396
v -1.827955 9.962052 -12.400373
v -1.621930 9.962052 -12.092035
v -1.549583 9.962052 -11.728327
v -1.621930 9.962052 -11.364619
v -1.827955 9.962052 -11.056281
v -2.136292 9.962052 -10.850257
v -2.500000 9.962052 -10.777910
v -2.863708 9.962052 -10.850257
v -3.172045 9.962052 -11.056281
v -3.378070 9.962052 -11.364619
v -3.450417 9.962052 -11.728327
v -3.378070 9.962052 -12.092035
v -3.172045 9.962052 -12.400373
v -2.863708 9.962052 -12.606396
v -2.500000 1.471062 -12.678741
v -2.136292 1.471062 -12.606396
v -1.827955 1.471062 -12.400373
v -1.621930 1.471062 -12.092035
v -1.549583 1.471062 -11.728327
v -1.621930 1.471062 -11.364619
v -1.827955 1.471062 -11.056281
v -2.136292 1.471062 -10.850257
v -2.500000 1.471062 -10.777910
v -2.863708 1.471062 -10.850257
v -3.172045 1.471062 -11.056281
v -3.378070 1.471062 -11.364619
v -3.450417 1.471062 -11.728327
v -3.378070 1.471062 -12.092035
v -3.172045 1.471062 -12.400373
v -2.863708 1.471062 -12.606396
v -2.500000 0.456138 -12.796574
v -2.091200 0.456138 -12.715259
v -2.091200 1.393030 -12.715259
v -1.744635 0.456138 -12.483692
v -1.744635 1.393030 -12.483692
v -1.513067 0.456138 -12.137128
v -1.513067 1.393030 -12.137128
v -1.431751 0.456138 -11.728327
v -1.431751 1.393030 -11.728327
v -1.513067 0.456138 -11.319526
v -1.513067 1.393030 -11.319526
v -1.744635 0.456138 -10.972961
v -1.744635 1.393030 -10.972961
v -2.091200 0.456138 -10.741393
v -2.091200 1.393030 -10.741393
v -2.500000 0.456138 -10.660077
v -2.500000 1.393030 -10.660077
v -2.908800 0.456138 -10.741393
v -2.908800 1.393030 -10.741393
v -3.255365 0.456138 -10.972960
v -3.255365 1.393030 -10.972960
v -3.486933 0.456138 -11.319527
v -3.486933 1.393030 -11.319527
v -3.568249 0.456138 -11.728327
v -3.568249 1.393030 -11.728327
v -3.486933 0.456138 -12.137128
v -3.486933 1.393030 -12.137128
v -3.255365 0.456138 -12.483692
v -3.255365 1.393030 -12.483692
v -2.908800 0.456138 -12.715259
v -2.908800 1.393030 -12.715259
v -2.500000 1.393030 -12.796574
v -2.499998 9.962054 -11.728328
v -2.499999 0.456138 -11.728329
v 8.500000 9.962052 -8.428741
v 8.863708 9.962052 -8.356396
v 9.172045 9.962052 -8.150373
v 9.378070 9.962052 -7.842035
v 9.450417 9.962052 -7.478327
v 9.378070 9.962052 -7.114619
v 9.172045 9.962052 -6.806281
v 8.863708 9.962052 -6.600257
v 8.500000 9.962052 -6.527910
v 8.136292 9.962052 -6.600257
v 7.827955 9.962052 -6.806281
v 7.621930 9.962052 -7.114619
v 7.549583 9.962052 -7.478327
v 7.621930 9.962052 -7.842035
v 7.827955 9.962052 -8.150373
v 8.136292 9.962052 -8.356396
v 8.500000 1.471062 -8.428741
v 8.863708 1.471062 -8.356396
v 9.172045 1.471062 -8.150373
v 9.378070 1.471062 -7.842035
v 9.450417 1.471062 -7.478327
v 9.378070 1.471062 -7.114619
v 9.172045 1.471062 -6.806281
v 8.863708 1.471062 -6.600257
v 8.500000 1.471062 -6.527910
v 8.136292 1.471062 -6.600257
v 7.827955 1.471062 -6.806281
v 7.621930 1.471062 -7.114619
v 7.549583 1.471062 -7.478327
v 7.621930 1.471062 -7.842035
v 7.827955 1.471062 -8.150373
v 8.136292 1.471062 -8.356396
v 8.500000 0.456138 -8.546574
v 8.908800 0.456138 -8.465259
v 8.908800 1.393030 -8.465259
v 9.255365 0.456138 -8.233692
v 9.255365 1.393030 -8.233692
v 9.486933 0.456138 -7.887128
v 9.486933 1.393030 -7.887128
v 9.568249 0.456138 -7.478327
v 9.568249 1.393030 -7.478327
v 9.486933 0.456138 -7.069526
v 9.486933 1.393030 -7.069526
v 9.255365 0.456138 -6.722961
v 9.255365 1.393030 -6.722961
v 8.908800 0.456138 -6.491393
v 8.908800 1.393030 -6.491393
v 8.500000 0.456138 -6.410077
v 8.500000 1.393030 -6.410077
v 8.091200 0.456138 -6.491393
v 8.091200 1.393030 -6.491393
v 7.744635 0.456138 -6.722960
v 7.744635 1.393030 -6.722960
v 7.513067 0.456138 -7.069527
v 7.513067 1.393030 -7.069527
v 7.431751 0.456138 -7.478327
v 7.431751 1.393030 -7.478327
v 7.513067 0.456138 -7.887128
v 7.513067 1.393030 -7.887128
v 7.744635 0.456138 -8.233692
v 7.744635 1.393030 -8.233692
v 8.091200 0.456138 -8.465259
v 8.091200 1.393030 -8.465259
v 8.500000 1.393030 -8.546574
v 8.500002 9.962054 -7.478328
v 8.500001 0.456138 -7.478329
v 3.000000 9.962052 -8.428741
v 3.363708 9.962052 -8.356396
v 3.672045 9.962052 -8.150373
v 3.878070 9.962052 -7.842035
v 3.950417 9.962052 -7.478327
v 3.878070 9.962052 -7.114619
v 3.672045 9.962052 -6.806281
v 3.363708 9.962052 -6.600257
v 3.000000 9.962052 -6.527910
v 2.636292 9.962052 -6.600257
v 2.327955 9.962052 -6.806281
v 2.121930 9.962052 -7.114619
v 2.049583 9.962052 -7.478327
v 2.121930 9.962052 -7.842035
v 2.327955 9.962052 -8.150373
v 2.636292 9.962052 -8.356396
v 3.000000 1.471062 -8.428741
v 3.363708 1.471062 -8.356396
v 3.672045 1.471062 -8.150373
v 3.878070 1.471062 -7.842035
v 3.950417 1.471062 -7.478327
v 3.878070 1.471062 -7.114619
v 3.672045 1.471062 -6.806281
v 3.363708 1.471062 -6.600257
v 3.000000 1.471062 -6.527910
v 2.636292 1.471062 -6.600257
v 2.327955 1.471062 -6.806281
v 2.121930 1.471062 -7.114619
v 2.049583 1.471062 -7.478327
v 2.121930 1.471062 -7.842035
v 2.327955 1.471062 -8.150373
v 2.636292 1.471062 -8.356396
v 3.000000 0.456138 -8.546574
v 3.408800 0.456138 -8.465259
v 3.408800 1.393030 -8.465259
v 3.755365 0.456138 -8.233692
v 3.755365 1.393030 -8.233692
v 3.986933 0.456138 -7.887128
v 3.986933 1.393030 -7.887128
v 4.068249 0.456138 -7.478327
v 4.068249 1.393030 -7.478327
v 3.986933 0.456138 -7.069526
v 3.986933 1.393030 -7.069526
v 3.755365 0.456138 -6.722961
v 3.755365 1.393030 -6.722961
v 3.408800 0.456138 -6.491393
v 3.408800 1.393030 -6.491393
v 3.000000 0.456138 -6.410077
v 3.000000 1.393030 -6.410077
v 2.591200 0.456138 -6.491393
v 2.591200 1.393030 -6.491393
v 2.244635 0.456138 -6.722960
v 2.244635 1.393030 -6.722960
v 2.013067 0.456138 -7.069527
v 2.013067 1.393030 -7.069527
v 1.931751 0.456138 -7.478327
v 1.931751 1.393030 -7.478327
v 2.013067 0.456138 -7.887128
v 2.013067 1.393030 -7.887128
v 2.244635 0.456138 -8.233692
v 2.244635 1.393030 -8.233692
v 2.591200 0.456138 -8.465259
v 2.591200 1.393030 -8.465259
v 3.000000 1.393030 -8.546574
v 3.000002 9.962054 -7.478328
v 3.000001 0.456138 -7.478329
v -2.500000 9.962052 -8.428741
v -2.136292 9.962052 -8.356396
v -1.827955 9.962052 -8.150373
v -1.621930 9.962052 -7.842035
v -1.549583 9.962052 -7.478327
v -1.621930 9.962052 -7.114619
v -1.827955 9.962052 -6.806281
v -2.136292 9.962052 -6.600257
v -2.500000 9.962052 -6.527910
v -2.863708 9.962052 -6.600257
v -3.172045 9.962052 -6.806281
v -3.378070 9.962052 -7.114619
v -3.450417 9.962052 -7.478327
v -3.378070 9.962052 -7.842035
v -3.172045 9.962052 -8.150373
v -2.863708 9.962052 -8.356396
v -2.500000 1.471062 -8.428741
v -2.136292 1.471062 -8.356396
v -1.827955 1.471062 -8.150373
v -1.621930 1.471062 -7.842035
v -1.549583 1.471062 -7.478327
v -1.621930 1.471062 -7.114619
v -1.827955 1.471062 -6.806281
v -2.136292 1.471062 -6.600257
v -2.500000 1.471062 -6.527910
v -2.863708 1.471062 -6.600257
v -3.172045 1.471062 -6.806281
v -3.378070 1.471062 -7.114619
v -3.450417 1.471062 -7.478327
v -3.378070 1.471062 -7.842035
v -3.172045 1.471062 -8.150373
v -2.863708 1.471062 -8.356396
v -2.500000 0.456138 -8.546574
v -2.091200 0.456138 -8.465259
v -2.091200 1.393030 -8.465259
v -1.744635 0.456138 -8.233692
v -1.744635 1.393030 -8.233692
v -1.513067 0.456138 -7.887128
v -1.513067 1.393030 -7.887128
v -1.431751 0.456138 -7.478327
v -1.431751 1.393030 -7.478327
v -1.513067 0.456138 -7.069526
v -1.513067 1.393030 -7.069526
v -1.744635 0.456138 -6.722961
v -1.744635 1.393030 -6.722961
v -2.091200 0.456138 -6.491393
v -2.091200 1.393030 -6.491393
v -2.500000 0.456138 -6.410077
v -2.500000 1.393030 -6.410077
v -2.908800 0.456138 -6.491393
v -2.908800 1.393030 -6.491393
v -3.255365 0.456138 -6.722960
v -3.255365 1.393030 -6.722960
v -3.486933 0.456138 -7.069527
v -3.486933 1.393030 -7.069527
v -3.568249 0.456138 -7.478327
v -3.568249 1.393030 -7.478327
v -3.486933 0.456138 -7.887128
v -3.486933 1.393030 -7.887128
v -3.255365 0.456138 -8.233692
v -3.255365 1.393030 -8.233692
v -2.908800 0.456138 -8.465259
v -2.908800 1.393030 -8.465259
v -2.500000 1.393030 -8.546574
v -2.499998 9.962054 -7.478328
v -2.499999 0.456138 -7.478329
v 8.500000 9.962052 -4.178741
v 8.863708 9.962052 -4.106396
v 9.172045 9.962052 -3.900373
v 9.378070 9.962052 -3.592035
v 9.450417 9.962052 -3.228327
v 9.378070 9.962052 -2.864619
v 9.172045 9.962052 -2.556281
v 8.863708 9.962052 -2.350257
v 8.500000 9.962052 -2.277910
v 8.136292 9.962052 -2.350257
v 7.827955 9.962052 -2.556281
v 7.621930 9.962052 -2.864619
v 7.549583 9.962052 -3.228327
v 7.621930 9.962052 -3.592035
v 7.827955 9.962052 -3.900373
v 8.136292 9.962052 -4.106396
v 8.500000 1.471062 -4.178741
v 8.863708 1.471062 -4.106396
v 9.172045 1.471062 -3.900373
v 9.378070 1.471062 -3.592035
v 9.450417 1.471062 -3.228327
v 9.378070 1.471062 -2.864619
v 9.172045 1.471062 -2.556281
v 8.863708 1.471062 -2.350257
v 8.500000 1.471062 -2.277910
v 8.136292 1.471062 -2.350257
v 7.827955 1.471062 -2.556281
v 7.621930 1.471062 -2.864619
v 7.549583 1.471062 -3.228327
v 7.621930 1.471062 -3.592035
v 7.827955 1.471062 -3.900373
v 8.136292 1.471062 -4.106396
v 8.500000 0.456138 -4.296574
v 8.908800 0.456138 -4.215259
v 8.908800 1.393030 -4.215259
v 9.255365 0.456138 -3.983692
v 9.255365 1.393030 -3.983692
v 9.486933 0.456138 -3.637128
v 9.486933 1.393030 -3.637128
v 9.568249 0.456138 -3.228327
v 9.568249 1.393030 -3.228327
v 9.486933 0.456138 -2.819526
v 9.486933 1.393030 -2.819526
v 9.255365 0.456138 -2.472961
v 9.255365 1.393030 -2.472961
v 8.908800 0.456138 -2.241393
v 8.908800 1.393030 -2.241393
v 8.500000 0.456138 -2.160077
v 8.500000 1.393030 -2.160077
v 8.091200 0.456138 -2.241393
v 8.091200 1.393030 -2.241393
v 7.744635 0.456138 -2.472960
v 7.744635 1.393030 -2.472960
v 7.513067 0.456138 -2.819527
v 7.513067 1.393030 -2.819527
v 7.431751 0.456138 -3.228327
v 7.431751 1.393030 -3.228327
v 7.513067 0.456138 -3.637128
v 7.513067 1.393030 -3.637128
v 7.744635 0.456138 -3.983692
v 7.744635 1.393030 -3.983692
v 8.091200 0.456138 -4.215259
v 8.091200 1.393030 -4.215259
v 8.500000 1.393030 -4.296574
v 8.500002 9.962054 -3.228328
v 8.500001 0.456138 -3.228329
v 3.000000 9.962052 -4.178741
v 3.363708 9.962052 -4.106396
v 3.672045 9.962052 -3.900373
v 3.878070 9.962052 -3.592035
v 3.950417 9.962052 -3.228327
v 3.878070 9.962052 -2.864619
v 3.672045 9.962052 -2.556281
v 3.363708 9.962052 -2.350257
v 3.000000 9.962052 -2.277910
v 2.636292 9.962052 -2.350257
v 2.327955 9.962052 -2.556281
v 2.121930 9.962052 -2.864619
v 2.049583 9.962052 -3.228327
v 2.121930 9.962052 -3.592035
v 2.327955 9.962052 -3.900373
v 2.636292 9.962052 -4.106396
v 3.000000 1.471062 -4.178741
v 3.363708 1.471062 -4.106396
v 3.672045 1.471062 -3.900373
v 3.878070 1.471062 -3.592035
v 3.950417 1.471062 -3.228327
v 3.878070 1.471062 -2.864619
v 3.672045 1.471062 -2.556281
v 3.363708 1.471062 -2.350257
v 3.000000 1.471062 -2.277910
v 2.636292 1.471062 -2.350257
v 2.327955 1.471062 -2.556281
v 2.121930 1.471062 -2.864619
v 2.049583 1.471062 -3.228327
v 2.121930 1.471062 -3.592035
v 2.327955 1.471062 -3.900373
v 2.636292 1.471062 -4.106396
v 3.000000 0.456138 -4.296574
v 3.408800 0.456138 -4.215259
v 3.408800 1.393030 -4.215259
v 3.755365 0.456138 -3.983692
v 3.755365 1.393030 -3.983692
v 3.986933 0.456138 -3.637128
v 3.986933 1.393030 -3.637128
v 4.068249 0.456138 -3.228327
v 4.068249 1.393030 -3.228327
v 3.986933 0.456138 -2.819526
v 3.986933 1.393030 -2.819526
v 3.755365 0.456138 -2.472961
v 3.755365 1.393030 -2.472961
v 3.408800 0.456138 -2.241393
v 3.408800 1.393030 -2.241393
v 3.000000 0.456138 -2.160077
v 3.000000 1.393030 -2.160077
v 2.591200 0.456138 -2.241393
v 2.591200 1.393030 -2.241393
v 2.244635 0.456138 -2.472960
v 2.244635 1.393030 -2.472960
v 2.013067 0.456138 -2.819527
v 2.013067 1.393030 -2.819527
v 1.931751 0.456138 -3.228327
v 1.931751 1.393030 -3.228327
v 2.013067 0.456138 -3.637128
v 2.013067 1.393030 -3.637128
v 2.244635 0.456138 -3.983692
v 2.244635 1.393030 -3.983692
v 2.591200 0.456138 -4.215259
v 2.591200 1.393030 -4.215259
v 3.000000 1.393030 -4.296574
v 3.000002 9.962054 -3.228328
v 3.000001 0.456138 -3.228329
v -2.500000 9.962052 -4.178741
v -2.136292 9.962052 -4.106396
v -1.827955 9.962052 -3.900373
v -1.621930 9.962052 -3.592035
v -1.549583 9.962052 -3.228327
v -1.621930 9.962052 -2.864619
v -1.827955 9.962052 -2.556281
v -2.136292 9.962052 -2.350257
v -2.500000 9.962052 -2.277910
v -2.863708 9.962052 -2.350257
v -3.172045 9.962052 -2.556281
v -3.378070 9.962052 -2.864619
v -3.450417 9.962052 -3.228327
v -3.378070 9.962052 -3.592035
v -3.172045 9.962052 -3.900373
v -2.863708 9.962052 -4.106396
v -2.500000 1.471062 -4.178741
v -2.136292 1.471062 -4.106396
v -1.827955 1.471062 -3.900373
v -1.621930 1.471062 -3.592035
v -1.549583 1.471062 -3.228327
v -1.621930 1.471062 -2.864619
v -1.827955 1.471062 -2.556281
v -2.136292 1.471062 -2.350257
v -2.500000 1.471062 -2.277910
v -2.863708 1.471062 -2.350257
v -3.172045 1.471062 -2.556281
v -3.378070 1.471062 -2.864619
v -3.450417 1.471062 -3.228327
v -3.378070 1.471062 -3.592035
v -3.172045 1.471062 -3.900373
v -2.863708 1.471062 -4.106396
v -2.500000 0.456138 -4.296574
v -2.091200 0.456138 -4.215259
v -2.091200 1.393030 -4.215259
v -1.744635 0.456138 -3.983692
v -1.744635 1.393030 -3.983692
v -1.513067 0.456138 -3.637128
v -1.513067 1.393030 -3.637128
v -1.431751 0.456138 -3.228327
v -1.431751 1.393030 -3.228327
v -1.513067 0.456138 -2.819526
v -1.513067 1.393030 -2.819526
v -1.744635 0.456138 -2.472961
v -1.744635 1.393030 -2.472961
v -2.091200 0.456138 -2.241393
v -2.091200 1.393030 -2.241393
v -2.500000 0.456138 -2.160077
v -2.500000 1.393030 -2.160077
v -2.908800 0.456138 -2.241393
v -2.908800 1.393030 -2.241393
v -3.255365 0.456138 -2.472960
v -3.255365 1.393030 -2.472960
v -3.486933 0.456138 -2.819527
v -3.486933 1.393030 -2.819527
v -3.568249 0.456138 -3.228327
v -3.568249 1.393030 -3.228327
v -3.486933 0.456138 -3.637128
v -3.486933 1.393030 -3.637128
v -3.255365 0.456138 -3.983692
v -3.255365 1.393030 -3.983692
v -2.908800 0.456138 -4.215259
v -2.908800 1.393030 -4.215259
v -2.500000 1.393030 -4.296574
v -2.499998 9.962054 -3.228328
v -2.499999 0.456138 -3.228329
v 8.500000 9.962052 12.678741
v 8.863708 9.962052 12.606396
v 9.172045 9.962052 12.400373
v 9.378070 9.962052 12.092035
v 9.450417 9.962052 11.728327
v 9.378070 9.962052 11.364619
v 9.172045 9.962052 11.056281
v 8.863708 9.962052 10.850257
v 8.500000 9.962052 10.777910
v 8.136292 9.962052 10.850257
v 7.827955 9.962052 11.056281
v 7.621930 9.962052 11.364619
v 7.549583 9.962052 11.728327
v 7.621930 9.962052 12.092035
v 7.827955 9.962052 12.400373
v 8.136292 9.962052 12.606396
v 8.500000 1.471062 12.678741
v 8.863708 1.471062 12.606396
v 9.172045 1.471062 12.400373
v 9.378070 1.471062 12.092035
v 9.450417 1.471062 11.728327
v 9.378070 1.471062 11.364619
v 9.172045 1.471062 11.056281
v 8.863708 1.471062 10.850257
v 8.500000 1.471062 10.777910
v 8.136292 1.471062 10.850257
v 7.827955 1.471062 11.056281
v 7.621930 1.471062 11.364619
v 7.549583 1.471062 11.728327
v 7.621930 1.471062 12.092035
v 7.827955 1.471062 12.400373
v 8.136292 1.471062 12.606396
v 8.500000 0.456138 12.796574
v 8.908800 0.456138 12.715259
v 8.908800 1.393030 12.715259
v 9.255365 0.456138 12.483692
v 9.255365 1.393030 12.483692
v 9.486933 0.456138 12.137128
v 9.486933 1.393030 12.137128
v 9.568249 0.456138 11.728327
v 9.568249 1.393030 11.728327
v 9.486933 0.456138 11.319526
v 9.486933 1.393030 11.319526
v 9.255365 0.456138 10.972961
v 9.255365 1.393030 10.972961
v 8.908800 0.456138 10.741393
v 8.908800 1.393030 10.741393
v 8.500000 0.456138 10.660077
v 8.500000 1.393030 10.660077
v 8.091200 0.456138 10.741393
v 8.091200 1.393030 10.741393
v 7.744635 0.456138 10.972960
v 7.744635 1.393030 10.972960
v 7.513067 0.456138 11.319527
v 7.513067 1.393030 11.319527
v 7.431751 0.456138 11.728327
v 7.431751 1.393030 11.728327
v 7.513067 0.456138 12.137128
v 7.513067 1.393030 12.137128
v 7.744635 0.456138 12.483692
v 7.744635 1.393030 12.483692
v 8.091200 0.456138 12.715259
v 8.091200 1.393030 12.715259
v 8.500000 1.393030 12.796574
v 8.500002 9.962054 11.728328
v 8.500001 0.456138 11.728329
v 3.000000 9.962052 12.678741
v 3.363708 9.962052 12.606396
v 3.672045 9.962052 12.400373
v 3.878070 9.962052 12.092035
v 3.950417 9.962052 11.728327
v 3.878070 9.962052 11.364619
v 3.672045 9.962052 11.056281
v 3.363708 9.962052 10.850257
v 3.000000 9.962052 10.777910
v 2.636292 9.962052 10.850257
v 2.327955 9.962052 11.056281
v 2.121930 9.962052 11.364619
v 2.049583 9.962052 11.728327
v 2.121930 9.962052 12.092035
v 2.327955 9.962052 12.400373
v 2.636292 9.962052 12.606396
v 3.000000 1.471062 12.678741
v 3.363708 1.471062 12.606396
v 3.672045 1.471062 12.400373
v 3.878070 1.471062 12.092035
v 3.950417 1.471062 11.728327
v 3.878070 1.471062 11.364619
v 3.672045 1.471062 11.056281
v 3.363708 1.471062 10.850257
v 3.000000 1.471062 10.777910
v 2.636292 1.471062 10.850257
v 2.327955 1.471062 11.056281
v 2.121930 1.471062 11.364619
v 2.049583 1.471062 11.728327
v 2.121930 1.471062 12.092035
v 2.327955 1.471062 12.400373
v 2.636292 1.471062 12.606396
v 3.000000 0.456138 12.796574
v 3.408800 0.456138 12.715259
v 3.408800 1.393030 12.715259
v 3.755365 0.456138 12.483692
v 3.755365 1.393030 12.483692
v 3.986933 0.456138 12.137128
v 3.986933 1.393030 12.137128
v 4.068249 0.456138 11.728327
v 4.068249 1.393030 11.728327
v 3.986933 0.456138 11.319526
v 3.986933 1.393030 11.319526
v 3.755365 0.456138 10.972961
v 3.755365 1.393030 10.972961
v 3.408800 0.456138 10.741393
v 3.408800 1.393030 10.741393
v 3.000000 0.456138 10.660077
v 3.000000 1.393030 10.660077
v 2.591200 0.456138 10.741393
v 2.591200 1.393030 10.741393
v 2.244635 0.456138 10.972960
v 2.244635 1.393030 10.972960
v 2.013067 0.456138 11.319527
v 2.013067 1.393030 11.319527
v 1.931751 0.456138 11.728327
v 1.931751 1.393030 11.728327
v 2.013067 0.456138 12.137128
v 2.013067 1.393030 12.137128
v 2.244635 0.456138 12.483692
v 2.244635 1.393030 12.483692
v 2.591200 0.456138 12.715259
v 2.591200 1.393030 12.715259
v 3.000000 1.393030 12.796574
v 3.000002 9.962054 11.728328
v 3.000001 0.456138 11.728329
v -2.500000 9.962052 12.678741
v -2.136292 9.962052 12.606396
v -1.827955 9.962052 12.400373
v -1.621930 9.962052 12.092035
v -1.549583 9.962052 11.728327
v -1.621930 9.962052 11.364619
v -1.827955 9.962052 11.056281
v -2.136292 9.962052 10.850257
v -2.500000 9.962052 10.777910
v -2.863708 9.962052 10.850257
v -3.172045 9.962052 11.056281
v -3.378070 9.962052 11.364619
v -3.450417 9.962052 11.728327
v -3.378070 9.962052 12.092035
v -3.172045 9.962052 12.400373
v -2.863708 9.962052 12.606396
v -2.500000 1.471062 12.678741
v -2.136292 1.471062 12.606396
v -1.827955 1.471062 12.400373
v -1.621930 1.471062 12.092035
v -1.549583 1.471062 11.728327
v -1.621930 1.471062 11.364619
v -1.827955 1.471062 11.056281
v -2.136292 1.471062 10.850257
v -2.500000 1.471062 10.777910
v -2.863708 1.471062 10.850257
v -3.172045 1.471062 11.056281
v -3.378070 1.471062 11.364619
v -3.450417 1.471062 11.728327
v -3.378070 1.471062 12.092035
v -3.172045 1.471062 12.400373
v -2.863708 1.471062 12.606396
v -2.500000 0.456138 12.796574
v -2.091200 0.456138 12.715259
v -2.091200 1.393030 12.715259
v -1.744635 0.456138 12.483692
v -1.744635 1.393030 12.483692
v -1.513067 0.456138 12.137128
v -1.513067 1.393030 12.137128
v -1.431751 0.456138 11.728327
v -1.431751 1.393030 11.728327
v -1.513067 0.456138 11.319526
v -1.513067 1.393030 11.319526
v -1.744635 0.456138 10.972961
v -1.744635 1.393030 10.972961
v -2.091200 0.456138 10.741393
v -2.091200 1.393030 10.741393
v -2.500000 0.456138 10.660077
v -2.500000 1.393030 10.660077
v -2.908800 0.456138 10.741393
v -2.908800 1.393030 10.741393
v -3.255365 0.456138 10.972960
v -3.255365 1.393030 10.972960
v -3.486933 0.456138 11.319527
v -3.486933 1.393030 11.319527
v -3.568249 0.456138 11.728327
v -3.568249 1.393030 11.728327
v -3.486933 0.456138 12.137128
v -3.486933 1.393030 12.137128
v -3.255365 0.456138 12.483692
v -3.255365 1.393030 12.483692
v -2.908800 0.456138 12.715259
v -2.908800 1.393030 12.715259
v -2.500000 1.393030 12.796574
v -2.499998 9.962054 11.728328
v -2.499999 0.456138 11.728329
v 8.500000 9.962052 8.428741
v 8.863708 9.962052 8.356396
v 9.172045 9.962052 8.150373
v 9.378070 9.962052 7.842035
v 9.450417 9.962052 7.478327
v 9.378070 9.962052 7.114619
v 9.172045 9.962052 6.806281
v 8.863708 9.962052 6.600257
v 8.500000 9.962052 6.527910
v 8.136292 9.962052 6.600257
v 7.827955 9.962052 6.806281
v 7.621930 9.962052 7.114619
v 7.549583 9.962052 7.478327
v 7.621930 9.962052 7.842035
v 7.827955 9.962052 8.150373
v 8.136292 9.962052 8.356396
v 8.500000 1.471062 8.428741
v 8.863708 1.471062 8.356396
v 9.172045 1.471062 8.150373
v 9.378070 1.471062 7.842035
v 9.450417 1.471062 7.478327
v 9.378070 1.471062 7.114619
v 9.172045 1.471062 6.806281
v 8.863708 1.471062 6.600257
v 8.500000 1.471062 6.527910
v 8.136292 1.471062 6.600257
v 7.827955 1.471062 6.806281
v 7.621930 1.471062 7.114619
v 7.549583 1.471062 7.478327
v 7.621930 1.471062 7.842035
v 7.827955 1.471062 8.150373
v 8.136292 1.471062 8.356396
v 8.500000 0.456138 8.546574
v 8.908800 0.456138 8.465259
v 8.908800 1.393030 8.465259
v 9.255365 0.456138 8.233692
v 9.255365 1.393030 8.233692
v 9.486933 0.456138 7.887128
v 9.486933 1.393030 7.887128
v 9.568249 0.456138 7.478327
v 9.568249 1.393030 7.478327
v 9.486933 0.456138 7.069526
v 9.486933 1.393030 7.069526
v 9.255365 0.456138 6.722961
v 9.255365 1.393030 6.722961
v 8.908800 0.456138 6.491393
v 8.908800 1.393030 6.491393
v 8.500000 0.456138 6.410077
v 8.500000 1.393030 6.410077
v 8.091200 0.456138 6.491393
v 8.091200 1.393030 6.491393
v 7.744635 0.456138 6.722960
v 7.744635 1.393030 6.722960
v 7.513067 0.456138 7.069527
v 7.513067 1.393030 7.069527
v 7.431751 0.456138 7.478327
v 7.431751 1.393030 7.478327
v 7.513067 0.456138 7.887128
v 7.513067 1.393030 7.887128
v 7.744635 0.456138 8.233692
v 7.744635 1.393030 8.233692
v 8.091200 0.456138 8.465259
v 8.091200 1.393030 8.465259
v 8.500000 1.393030 8.546574
v 8.500002 9.962054 7.478328
v 8.500001 0.456138 7.478329
v 3.000000 9.962052 8.428741
v 3.363708 9.962052 8.356396
v 3.672045 9.962052 8.150373
v 3.878070 9.962052 7.842035
v 3.950417 9.962052 7.478327
v 3.878070 9.962052 7.114619
v 3.672045 9.962052 6.806281
v 3.363708 9.962052 6.600257
v 3.000000 9.962052 6.527910
v 2.636292 9.962052 6.600257
v 2.327955 9.962052 6.806281
v 2.121930 9.962052 7.114619
v 2.049583 9.962052 7.478327
v 2.121930 9.962052 7.842035
v 2.327955 9.962052 8.150373
v 2.636292 9.962052 8.356396
v 3.000000 1.471062 8.428741
v 3.363708 1.471062 8.356396
v 3.672045 1.471062 8.150373
v 3.878070 1.471062 7.842035
v 3.950417 1.471062 7.478327
v 3.878070 1.471062 7.114619
v 3.672045 1.471062 6.806281
v 3.363708 1.471062 6.600257
v 3.000000 1.471062 6.527910
v 2.636292 1.471062 6.600257
v 2.327955 1.471062 6.806281
v 2.121930 1.471062 7.114619
v 2.049583 1.471062 7.478327
v 2.121930 1.471062 7.842035
v 2.327955 1.471062 8.150373
v 2.636292 1.471062 8.356396
v 3.000000 0.456138 8.546574
v 3.408800 0.456138 8.465259
v 3.408800 1.393030 8.465259
v 3.755365 0.456138 8.233692
v 3.755365 1.393030 8.233692
v 3.986933 0.456138 7.887128
v 3.986933 1.393030 7.887128
v 4.068249 0.456138 7.478327
v 4.068249 1.393030 7.478327
v 3.986933 0.456138 7.069526
v 3.986933 1.393030 7.069526
v 3.755365 0.456138 6.722961
v 3.755365 1.393030 6.722961
v 3.408800 0.456138 6.491393
v 3.408800 1.393030 6.491393
v 3.000000 0.456138 6.410077
v 3.000000 1.393030 6.410077
v 2.591200 0.456138 6.491393
v 2.591200 1.393030 6.491393
v 2.244635 0.456138 6.722960
v 2.244635 1.393030 6.722960
v 2.013067 0.456138 7.069527
v 2.013067 1.393030 7.069527
v 1.931751 0.456138 7.478327
v 1.931751 1.393030 7.478327
v 2.013067 0.456138 7.887128
v 2.013067 1.393030 7.887128
v 2.244635 0.456138 8.233692
v 2.244635 1.393030 8.233692
v 2.591200 0.456138 8.465259
v 2.591200 1.393030 8.465259
v 3.000000 1.393030 8.546574
v 3.000002 9.962054 7.478328
v 3.000001 0.456138 7.478329
v -2.500000 9.962052 8.428741
v -2.136292 9.962052 8.356396
v -1.827955 9.962052 8.150373
v -1.621930 9.962052 7.842035
v -1.549583 9.962052 7.478327
v -1.621930 9.962052 7.114619
v -1.827955 9.962052 6.806281
v -2.136292 9.962052 6.600257
v -2.500000 9.962052 6.527910
v -2.863708 9.962052 6.600257
v -3.172045 9.962052 6.806281
v -3.378070 9.962052 7.114619
v -3.450417 9.962052 7.478327
v -3.378070 9.962052 7.842035
v -3.172045 9.962052 8.150373
v -2.863708 9.962052 8.356396
v -2.500000 1.471062 8.428741
v -2.136292 1.471062 8.356396
v -1.827955 1.471062 8.150373
v -1.621930 1.471062 7.842035
v -1.549583 1.471062 7.478327
v -1.621930 1.471062 7.114619
v -1.827955 1.471062 6.806281
v -2.136292 1.471062 6.600257
v -2.500000 1.471062 6.527910
v -2.863708 1.471062 6.600257
v -3.172045 1.471062 6.806281
v -3.378070 1.471062 7.114619
v -3.450417 1.471062 7.478327
v -3.378070 1.471062 7.842035
v -3.172045 1.471062 8.150373
v -2.863708 1.471062 8.356396
v -2.500000 0.456138 8.546574
v -2.091200 0.456138 8.465259
v -2.091200 1.393030 8.465259
v -1.744635 0.456138 8.233692
v -1.744635 1.393030 8.233692
v -1.513067 0.456138 7.887128
v -1.513067 1.393030 7.887128
v -1.431751 0.456138 7.478327
v -1.431751 1.393030 7.478327
v -1.513067 0.456138 7.069526
v -1.513067 1.393030 7.069526
v -1.744635 0.456138 6.722961
v -1.744635 1.393030 6.722961
v -2.091200 0.456138 6.491393
v -2.091200 1.393030 6.491393
v -2.500000 0.456138 6.410077
v -2.500000 1.393030 6.410077
v -2.908800 0.456138 6.491393
v -2.908800 1.393030 6.491393
v -3.255365 0.456138 6.722960
v -3.255365 1.393030 6.722960
v -3.486933 0.456138 7.069527
v -3.486933 1.393030 7.069527
v -3.568249 0.456138 7.478327
v -3.568249 1.393030 7.478327
v -3.486933 0.456138 7.887128
v -3.486933 1.393030 7.887128
v -3.255365 0.456138 8.233692
v -3.255365 1.393030 8.233692
v -2.908800 0.456138 8.465259
v -2.908800 1.393030 8.465259
v -2.500000 1.393030 8.546574
v -2.499998 9.962054 7.478328
v -2.499999 0.456138 7.478329
v 8.500000 9.962052 4.178741
v 8.863708 9.962052 4.106396
v 9.172045 9.962052 3.900373
v 9.378070 9.962052 3.592035
v 9.450417 9.962052 3.228327
v 9.378070 9.962052 2.864619
v 9.172045 9.962052 2.556281
v 8.863708 9.962052 2.350257
v 8.500000 9.962052 2.277910
v 8.136292 9.962052 2.350257
v 7.827955 9.962052 2.556281
v 7.621930 9.962052 2.864619
v 7.549583 9.962052 3.228327
v 7.621930 9.962052 3.592035
v 7.827955 9.962052 3.900373
v 8.136292 9.962052 4.106396
v 8.500000 1.471062 4.178741
v 8.863708 1.471062 4.106396
v 9.172045 1.471062 3.900373
v 9.378070 1.471062 3.592035
v 9.450417 1.471062 3.228327
v 9.378070 1.471062 2.864619
v 9.172045 1.471062 2.556281
v 8.863708 1.471062 2.350257
v 8.500000 1.471062 2.277910
v 8.136292 1.471062 2.350257
v 7.827955 1.471062 2.556281
v 7.621930 1.471062 2.864619
v 7.549583 1.471062 3.228327
v 7.621930 1.471062 3.592035
v 7.827955 1.471062 3.900373
v 8.136292 1.471062 4.106396
v 8.500000 0.456138 4.296574
v 8.908800 0.456138 4.215259
v 8.908800 1.393030 4.215259
v 9.255365 0.456138 3.983692
v 9.255365 1.393030 3.983692
v 9.486933 0.456138 3.637128
v 9.486933 1.393030 3.637128
v 9.568249 0.456138 3.228327
v 9.568249 1.393030 3.228327
v 9.486933 0.456138 2.819526
v 9.486933 1.393030 2.819526
v 9.255365 0.456138 2.472961
v 9.255365 1.393030 2.472961
v 8.908800 0.456138 2.241393
v 8.908800 1.393030 2.241393
v 8.500000 0.456138 2.160077
v 8.500000 1.393030 2.160077
v 8.091200 0.456138 2.241393
v 8.091200 1.393030 2.241393
v 7.744635 0.456138 2.472960
v 7.744635 1.393030 2.472960
v 7.513067 0.456138 2.819527
v 7.513067 1.393030 2.819527
v 7.431751 0.456138 3.228327
v 7.431751 1.393030 3.228327
v 7.513067 0.456138 3.637128
v 7.513067 1.393030 3.637128
v 7.744635 0.456138 3.983692
v 7.744635 1.393030 3.983692
v 8.091200 0.456138 4.215259
v 8.091200 1.393030 4.215259
v 8.500000 1.393030 4.296574
v 8.500002 9.962054 3.228328
v 8.500001 0.456138 3.228329
v 3.000000 9.962052 4.178741
v 3.363708 9.962052 4.106396
v 3.672045 9.962052 3.900373
v 3.878070 9.962052 3.592035
v 3.950417 9.962052 3.228327
v 3.878070 9.962052 2.864619
v 3.672045 9.962052 2.556281
v 3.363708 9.962052 2.350257
v 3.000000 9.962052 2.277910
v 2.636292 9.962052 2.350257
v 2.327955 9.962052 2.556281
v 2.121930 9.962052 2.864619
v 2.049583 9.962052 3.228327
v 2.121930 9.962052 3.592035
v 2.327955 9.962052 3.900373
v 2.636292 9.962052 4.106396
v 3.000000 1.471062 4.178741
v 3.363708 1.471062 4.106396
v 3.672045 1.471062 3.900373
v 3.878070 1.471062 3.592035
v 3.950417 1.471062 3.228327
v 3.878070 1.471062 2.864619
v 3.672045 1.471062 2.556281
v 3.363708 1.471062 2.350257
v 3.000000 1.471062 2.277910
v 2.636292 1.471062 2.350257
v 2.327955 1.471062 2.556281
v 2.121930 1.471062 2.864619
v 2.049583 1.471062 3.228327
v 2.121930 1.471062 3.592035
v 2.327955 1.471062 3.900373
v 2.636292 1.471062 4.106396
v 3.000000 0.456138 4.296574
v 3.408800 0.456138 4.215259
v 3.408800 1.393030 4.215259
v 3.755365 0.456138 3.983692
v 3.755365 1.393030 3.983692
v 3.986933 0.456138 3.637128
v 3.986933 1.393030 3.637128
v 4.068249 0.456138 3.228327
v 4.068249 1.393030 3.228327
v 3.986933 0.456138 2.819526
v 3.986933 1.393030 2.819526
v 3.755365 0.456138 2.472961
v 3.755365 1.393030 2.472961
v 3.408800 0.456138 2.241393
v 3.408800 1.393030 2.241393
v 3.000000 0.456138 2.160077
v 3.000000 1.393030 2.160077
v 2.591200 0.456138 2.241393
v 2.591200 1.393030 2.241393
v 2.244635 0.456138 2.472960
v 2.244635 1.393030 2.472960
v 2.013067 0.456138 2.819527
v 2.013067 1.393030 2.819527
v 1.931751 0.456138 3.228327
v 1.931751 1.393030 3.228327
v 2.013067 0.456138 3.637128
v 2.013067 1.393030 3.637128
v 2.244635 0.456138 3.983692
v 2.244635 1.393030 3.983692
v 2.591200 0.456138 4.215259
v 2.591200 1.393030 4.215259
v 3.000000 1.393030 4.296574
v 3.000002 9.962054 3.228328
v 3.000001 0.456138 3.228329
v -2.500000 9.962052 4.178741
v -2.136292 9.962052 4.106396
v -1.827955 9.962052 3.900373
v -1.621930 9.962052 3.592035
v -1.549583 9.962052 3.228327
v -1.621930 9.962052 2.864619
v -1.827955 9.962052 2.556281
v -2.136292 9.962052 2.350257
v -2.500000 9.962052 2.277910
v -2.863708 9.962052 2.350257
v -3.172045 9.962052 2.556281
v -3.378070 9.962052 2.864619
v -3.450417 9.962052 3.228327
v -3.378070 9.962052 3.592035
v -3.172045 9.962052 3.900373
v -2.863708 9.962052 4.106396
v -2.500000 1.471062 4.178741
v -2.136292 1.471062 4.106396
v -1.827955 1.471062 3.900373
v -1.621930 1.471062 3.592035
v -1.549583 1.471062 3.228327
v -1.621930 1.471062 2.864619
v -1.827955 1.471062 2.556281
v -2.136292 1.471062 2.350257
v -2.500000 1.471062 2.277910
v -2.863708 1.471062 2.350257
v -3.172045 1.471062 2.556281
v -3.378070 1.471062 2.864619
v -3.450417 1.471062 3.228327
v -3.378070 1.471062 3.592035
v -3.172045 1.471062 3.900373
v -2.863708 1.471062 4.106396
v -2.500000 0.456138 4.296574
v -2.091200 0.456138 4.215259
v -2.091200 1.393030 4.215259
v -1.744635 0.456138 3.983692
v -1.744635 1.393030 3.983692
v -1.513067 0.456138 3.637128
v -1.513067 1.393030 3.637128
v -1.431751 0.456138 3.228327
v -1.431751 1.393030 3.228327
v -1.513067 0.456138 2.819526
v -1.513067 1.393030 2.819526
v -1.744635 0.456138 2.472961
v -1.744635 1.393030 2.472961
v -2.091200 0.456138 2.241393
v -2.091200 1.393030 2.241393
v -2.500000 0.456138 2.160077
v -2.500000 1.393030 2.160077
v -2.908800 0.456138 2.241393
v -2.908800 1.393030 2.241393
v -3.255365 0.456138 2.472960
v -3.255365 1.393030 2.472960
v -3.486933 0.456138 2.819527
v -3.486933 1.393030 2.819527
v -3.568249 0.456138 3.228327
v -3.568249 1.393030 3.228327
v -3.486933 0.456138 3.637128
v -3.486933 1.393030 3.637128
v -3.255365 0.456138 3.983692
v -3.255365 1.393030 3.983692
v -2.908800 0.456138 4.215259
v -2.908800 1.393030 4.215259
v -2.500000 1.393030 4.296574
v -2.499998 9.962054 3.228328
v -2.499999 0.456138 3.228329
vt 0.807441 0.985585
vt 0.793448 1.031716
vt 0.684487 0.973476
vt 0.605910 0.686091
vt 0.605910 0.642650
vt 0.622307 0.642650
vt 0.622308 0.686091
vt 0.605910 0.468888
vt 0.622307 0.468888
vt 0.622307 0.512328
vt 0.605910 0.512328
vt 0.605910 0.555769
vt 0.622307 0.555769
vt 0.622307 0.599210
vt 0.605910 0.599209
vt 0.605910 0.425447
vt 0.622307 0.425447
vt 0.605910 0.382007
vt 0.622307 0.382007
vt 0.605910 0.338566
vt 0.622307 0.338566
vt 0.605910 0.295125
vt 0.622307 0.295125
vt 0.605910 0.251685
vt 0.622307 0.251685
vt 0.731008 0.555769
vt 0.731008 0.512328
vt 0.731008 0.599209
vt 0.731008 0.642650
vt 0.731008 0.686091
vt 0.731008 0.729531
vt 0.622307 0.729531
vt 0.731008 0.077922
vt 0.622307 0.077922
vt 0.622307 0.034481
vt 0.731008 0.034481
vt 0.731008 0.121363
vt 0.622307 0.121363
vt 0.731008 0.164803
vt 0.622307 0.164803
vt 0.731008 0.208244
vt 0.622307 0.208244
vt 0.731008 0.251685
vt 0.731008 0.295125
vt 0.731008 0.338566
vt 0.731008 0.382007
vt 0.731008 0.425447
vt 0.731008 0.468888
vt 0.605910 0.729531
vt 0.605910 0.077922
vt 0.605910 0.034481
vt 0.605910 0.121363
vt 0.605910 0.164803
vt 0.605910 0.208244
vt -0.410034 0.599209
vt -0.410034 0.555769
vt -0.410034 0.512328
vt 1.013777 0.889530
vt 1.033994 0.927354
vt 0.928807 0.959263
vt -0.410034 0.642650
vt -0.410034 0.686091
vt -0.410034 0.729531
vt -0.410034 0.077922
vt -0.410034 0.034481
vt -0.410034 0.121363
vt -0.410034 0.164803
vt -0.410034 0.208244
vt -0.410034 0.251685
vt -0.410034 0.295125
vt -0.410034 0.338566
vt -0.410034 0.382007
vt -0.410034 0.425447
vt -0.410034 0.468888
vt 1.038198 0.970037
vt 1.025749 1.011079
vt 0.998540 1.044233
vt 0.960715 1.064451
vt 0.918033 1.068655
vt 0.876991 1.056204
vt 0.843837 1.028996
vt 0.823619 0.991171
vt 0.819415 0.948489
vt 0.831865 0.907447
vt 0.859074 0.874293
vt 0.896898 0.854075
vt 0.939581 0.849871
vt 0.980623 0.862321
vt 0.802716 0.937611
vt 0.762866 1.068980
vt 0.720352 1.091704
vt 0.672378 1.096429
vt 0.626247 1.082436
vt 0.588983 1.051854
vt 0.566258 1.009340
vt 0.561533 0.961366
vt 0.575526 0.915235
vt 0.606108 0.877971
vt 0.648622 0.855247
vt 0.696596 0.850521
vt 0.742727 0.864515
vt 0.779991 0.895096
vt 1.007441 1.585585
vt 0.993448 1.631716
vt 0.884487 1.573476
vt 0.805910 1.286091
vt 0.805910 1.242650
vt 0.822307 1.242650
vt 0.822308 1.286091
vt 0.805910 1.068888
vt 0.822307 1.068888
vt 0.822307 1.112329
vt 0.805910 1.112329
vt 0.805910 1.155769
vt 0.822307 1.155769
vt 0.822307 1.199210
vt 0.805910 1.199209
vt 0.805910 1.025447
vt 0.822307 1.025447
vt 0.805910 0.982007
vt 0.822307 0.982007
vt 0.805910 0.938566
vt 0.822307 0.938566
vt 0.805910 0.895125
vt 0.822307 0.895125
vt 0.805910 0.851685
vt 0.822307 0.851685
vt 0.931008 1.155769
vt 0.931008 1.112328
vt 0.931008 1.199209
vt 0.931008 1.242650
vt 0.931008 1.286091
vt 0.931008 1.329531
vt 0.822307 1.329531
vt 0.931008 0.677922
vt 0.822307 0.677922
vt 0.822307 0.634481
vt 0.931008 0.634481
vt 0.931008 0.721363
vt 0.822307 0.721363
vt 0.931008 0.764803
vt 0.822307 0.764803
vt 0.931008 0.808244
vt 0.822307 0.808244
vt 0.931008 0.851685
vt 0.931008 0.895125
vt 0.931008 0.938566
vt 0.931008 0.982007
vt 0.931008 1.025447
vt 0.931008 1.068888
vt 0.805910 1.329531
vt 0.805910 0.677922
vt 0.805910 0.634481
vt 0.805910 0.721363
vt 0.805910 0.764803
vt 0.805910 0.808244
vt -0.210034 1.199209
vt -0.210034 1.155769
vt -0.210034 1.112329
vt 1.213777 1.489530
vt 1.233994 1.527354
vt 1.128807 1.559263
vt -0.210034 1.242650
vt -0.210034 1.286091
vt -0.210034 1.329531
vt -0.210034 0.677922
vt -0.210034 0.634481
vt -0.210034 0.721363
vt -0.210034 0.764803
vt -0.210034 0.808244
vt -0.210034 0.851685
vt -0.210034 0.895125
vt -0.210034 0.938566
vt -0.210034 0.982007
vt -0.210034 1.025447
vt -0.210034 1.068888
vt 1.238198 1.570037
vt 1.225749 1.611079
vt 1.198540 1.644233
vt 1.160715 1.664451
vt 1.118033 1.668655
vt 1.076991 1.656204
vt 1.043837 1.628996
vt 1.023619 1.591171
vt 1.019415 1.548489
vt 1.031865 1.507447
vt 1.059074 1.474293
vt 1.096898 1.454075
vt 1.139581 1.449871
vt 1.180623 1.462321
vt 1.002716 1.537611
vt 0.962866 1.668980
vt 0.920352 1.691704
vt 0.872378 1.696429
vt 0.826247 1.682436
vt 0.788983 1.651854
vt 0.766258 1.609340
vt 0.761533 1.561366
vt 0.775526 1.515235
vt 0.806108 1.477971
vt 0.848622 1.455247
vt 0.896596 1.450521
vt 0.942727 1.464515
vt 0.979991 1.495096
vt 1.207441 2.185585
vt 1.193448 2.231716
vt 1.084487 2.173476
vt 1.005910 1.886091
vt 1.005910 1.842650
vt 1.022308 1.842650
vt 1.022308 1.886091
vt 1.005910 1.668888
vt 1.022308 1.668888
vt 1.022308 1.712328
vt 1.005910 1.712328
vt 1.005910 1.755769
vt 1.022308 1.755769
vt 1.022308 1.799210
vt 1.005910 1.799210
vt 1.005910 1.625447
vt 1.022308 1.625447
vt 1.005910 1.582007
vt 1.022308 1.582007
vt 1.005910 1.538566
vt 1.022308 1.538566
vt 1.005910 1.495125
vt 1.022308 1.495125
vt 1.005910 1.451685
vt 1.022308 1.451685
vt 1.131008 1.755769
vt 1.131008 1.712328
vt 1.131008 1.799210
vt 1.131008 1.842650
vt 1.131008 1.886091
vt 1.131008 1.929531
vt 1.022308 1.929531
vt 1.131008 1.277922
vt 1.022307 1.277922
vt 1.022307 1.234481
vt 1.131008 1.234481
vt 1.131008 1.321363
vt 1.022308 1.321363
vt 1.131008 1.364803
vt 1.022308 1.364803
vt 1.131008 1.408244
vt 1.022308 1.408244
vt 1.131008 1.451685
vt 1.131008 1.495125
vt 1.131008 1.538566
vt 1.131008 1.582007
vt 1.131008 1.625447
vt 1.131008 1.668888
vt 1.005910 1.929531
vt 1.005910 1.277922
vt 1.005910 1.234481
vt 1.005910 1.321363
vt 1.005910 1.364803
vt 1.005910 1.408244
vt -0.010034 1.799210
vt -0.010034 1.755769
vt -0.010034 1.712328
vt 1.413777 2.089530
vt 1.433994 2.127355
vt 1.328807 2.159263
vt -0.010034 1.842650
vt -0.010034 1.886091
vt -0.010034 1.929531
vt -0.010034 1.277922
vt -0.010034 1.234481
vt -0.010034 1.321363
vt -0.010034 1.364803
vt -0.010034 1.408244
vt -0.010034 1.451685
vt -0.010034 1.495125
vt -0.010034 1.538566
vt -0.010034 1.582007
vt -0.010034 1.625447
vt -0.010034 1.668888
vt 1.438198 2.170037
vt 1.425749 2.211079
vt 1.398540 2.244233
vt 1.360715 2.264451
vt 1.318033 2.268655
vt 1.276991 2.256204
vt 1.243837 2.228996
vt 1.223619 2.191171
vt 1.219415 2.148489
vt 1.231865 2.107447
vt 1.259074 2.074293
vt 1.296898 2.054075
vt 1.339581 2.049871
vt 1.380623 2.062321
vt 1.202716 2.137610
vt 1.162866 2.268980
vt 1.120352 2.291704
vt 1.072378 2.296429
vt 1.026247 2.282436
vt 0.988983 2.251854
vt 0.966258 2.209340
vt 0.961533 2.161366
vt 0.975526 2.115235
vt 1.006108 2.077971
vt 1.048622 2.055247
vt 1.096596 2.050521
vt 1.142727 2.064515
vt 1.179991 2.095097
vt 0.907441 1.285585
vt 0.893448 1.331716
vt 0.784487 1.273476
vt 0.705910 0.986091
vt 0.705910 0.942650
vt 0.722308 0.942650
vt 0.722308 0.986091
vt 0.705910 0.768888
vt 0.722308 0.768888
vt 0.722308 0.812328
vt 0.705910 0.812328
vt 0.705910 0.855769
vt 0.722308 0.855769
vt 0.722308 0.899210
vt 0.705910 0.899209
vt 0.705910 0.725447
vt 0.722308 0.725447
vt 0.705910 0.682007
vt 0.722308 0.682007
vt 0.705910 0.638566
vt 0.722308 0.638566
vt 0.705910 0.595125
vt 0.722308 0.595125
vt 0.705910 0.551685
vt 0.722308 0.551685
vt 0.831008 0.855769
vt 0.831008 0.812328
vt 0.831008 0.899209
vt 0.831008 0.942650
vt 0.831008 0.986091
vt 0.831008 1.029531
vt 0.722308 1.029531
vt 0.831008 0.377922
vt 0.722307 0.377922
vt 0.722307 0.334481
vt 0.831008 0.334481
vt 0.831008 0.421363
vt 0.722308 0.421363
vt 0.831008 0.464803
vt 0.722308 0.464803
vt 0.831008 0.508244
vt 0.722308 0.508244
vt 0.831008 0.551684
vt 0.831008 0.595125
vt 0.831008 0.638566
vt 0.831008 0.682007
vt 0.831008 0.725447
vt 0.831008 0.768888
vt 0.705910 1.029531
vt 0.705910 0.377922
vt 0.705910 0.334481
vt 0.705910 0.421363
vt 0.705910 0.464803
vt 0.705910 0.508244
vt -0.310034 0.899209
vt -0.310034 0.855769
vt -0.310034 0.812328
vt 1.113777 1.189530
vt 1.133994 1.227355
vt 1.028807 1.259263
vt -0.310034 0.942650
vt -0.310034 0.986091
vt -0.310034 1.029531
vt -0.310034 0.377922
vt -0.310034 0.334481
vt -0.310034 0.421363
vt -0.310034 0.464803
vt -0.310034 0.508244
vt -0.310034 0.551685
vt -0.310034 0.595125
vt -0.310034 0.638566
vt -0.310034 0.682007
vt -0.310034 0.725447
vt -0.310034 0.768888
vt 1.138198 1.270037
vt 1.125749 1.311079
vt 1.098540 1.344233
vt 1.060715 1.364451
vt 1.018033 1.368654
vt 0.976991 1.356204
vt 0.943837 1.328996
vt 0.923619 1.291171
vt 0.919415 1.248489
vt 0.931865 1.207447
vt 0.959074 1.174293
vt 0.996898 1.154075
vt 1.039581 1.149871
vt 1.080623 1.162321
vt 0.902716 1.237611
vt 0.862866 1.368979
vt 0.820352 1.391704
vt 0.772378 1.396429
vt 0.726247 1.382436
vt 0.688983 1.351854
vt 0.666258 1.309340
vt 0.661533 1.261366
vt 0.675526 1.215235
vt 0.706108 1.177971
vt 0.748622 1.155247
vt 0.796596 1.150522
vt 0.842727 1.164515
vt 0.879991 1.195096
vt 1.107441 1.885585
vt 1.093448 1.931716
vt 0.984487 1.873476
vt 0.905910 1.586091
vt 0.905910 1.542650
vt 0.922307 1.542650
vt 0.922308 1.586091
vt 0.905910 1.368888
vt 0.922307 1.368888
vt 0.922307 1.412328
vt 0.905910 1.412328
vt 0.905910 1.455769
vt 0.922307 1.455769
vt 0.922307 1.499210
vt 0.905910 1.499209
vt 0.905910 1.325447
vt 0.922307 1.325447
vt 0.905910 1.282007
vt 0.922307 1.282007
vt 0.905910 1.238566
vt 0.922307 1.238566
vt 0.905910 1.195125
vt 0.922307 1.195125
vt 0.905910 1.151685
vt 0.922307 1.151685
vt 1.031008 1.455769
vt 1.031008 1.412328
vt 1.031008 1.499209
vt 1.031008 1.542650
vt 1.031008 1.586091
vt 1.031008 1.629531
vt 0.922307 1.629531
vt 1.031008 0.977922
vt 0.922307 0.977922
vt 0.922307 0.934481
vt 1.031008 0.934481
vt 1.031008 1.021363
vt 0.922307 1.021363
vt 1.031008 1.064803
vt 0.922307 1.064803
vt 1.031008 1.108244
vt 0.922307 1.108244
vt 1.031008 1.151685
vt 1.031008 1.195125
vt 1.031008 1.238566
vt 1.031008 1.282007
vt 1.031008 1.325447
vt 1.031008 1.368888
vt 0.905910 1.629531
vt 0.905910 0.977922
vt 0.905910 0.934481
vt 0.905910 1.021363
vt 0.905910 1.064803
vt 0.905910 1.108244
vt -0.110034 1.499209
vt -0.110034 1.455769
vt -0.110034 1.412328
vt 1.313777 1.789530
vt 1.333995 1.827354
vt 1.228807 1.859263
vt -0.110034 1.542650
vt -0.110034 1.586091
vt -0.110034 1.629531
vt -0.110034 0.977922
vt -0.110034 0.934481
vt -0.110034 1.021363
vt -0.110034 1.064803
vt -0.110034 1.108244
vt -0.110034 1.151685
vt -0.110034 1.195125
vt -0.110034 1.238566
vt -0.110034 1.282007
vt -0.110034 1.325447
vt -0.110034 1.368888
vt 1.338198 1.870037
vt 1.325749 1.911079
vt 1.298540 1.944233
vt 1.260715 1.964451
vt 1.218033 1.968655
vt 1.176991 1.956204
vt 1.143837 1.928996
vt 1.123619 1.891171
vt 1.119415 1.848489
vt 1.131865 1.807447
vt 1.159074 1.774293
vt 1.196898 1.754075
vt 1.239581 1.749871
vt 1.280623 1.762321
vt 1.102716 1.837610
vt 1.062866 1.968980
vt 1.020352 1.991704
vt 0.972378 1.996429
vt 0.926247 1.982436
vt 0.888983 1.951854
vt 0.866258 1.909340
vt 0.861533 1.861366
vt 0.875526 1.815235
vt 0.906108 1.777971
vt 0.948622 1.755247
vt 0.996596 1.750521
vt 1.042727 1.764515
vt 1.079991 1.795096
vt 1.307441 2.485585
vt 1.293448 2.531716
vt 1.184487 2.473476
vt 1.105910 2.186091
vt 1.105910 2.142650
vt 1.122308 2.142650
vt 1.122308 2.186091
vt 1.105910 1.968888
vt 1.122308 1.968888
vt 1.122308 2.012328
vt 1.105910 2.012328
vt 1.105910 2.055769
vt 1.122308 2.055769
vt 1.122308 2.099210
vt 1.105910 2.099210
vt 1.105910 1.925447
vt 1.122308 1.925447
vt 1.105910 1.882007
vt 1.122308 1.882007
vt 1.105910 1.838566
vt 1.122308 1.838566
vt 1.105910 1.795125
vt 1.122308 1.795125
vt 1.105910 1.751685
vt 1.122308 1.751685
vt 1.231008 2.055769
vt 1.231008 2.012328
vt 1.231008 2.099210
vt 1.231008 2.142650
vt 1.231008 2.186091
vt 1.231008 2.229531
vt 1.122308 2.229531
vt 1.231008 1.577922
vt 1.122307 1.577922
vt 1.122307 1.534481
vt 1.231008 1.534481
vt 1.231008 1.621363
vt 1.122308 1.621363
vt 1.231008 1.664803
vt 1.122308 1.664803
vt 1.231008 1.708244
vt 1.122308 1.708244
vt 1.231008 1.751685
vt 1.231008 1.795125
vt 1.231008 1.838566
vt 1.231008 1.882007
vt 1.231008 1.925447
vt 1.231008 1.968888
vt 1.105910 2.229531
vt 1.105910 1.577922
vt 1.105910 1.534481
vt 1.105910 1.621363
vt 1.105910 1.664803
vt 1.105910 1.708244
vt 0.089966 2.099210
vt 0.089966 2.055769
vt 0.089966 2.012328
vt 1.513777 2.389530
vt 1.533994 2.427355
vt 1.428807 2.459263
vt 0.089966 2.142650
vt 0.089966 2.186091
vt 0.089966 2.229531
vt 0.089966 1.577922
vt 0.089966 1.534481
vt 0.089966 1.621363
vt 0.089966 1.664804
vt 0.089966 1.708244
vt 0.089966 1.751685
vt 0.089966 1.795125
vt 0.089966 1.838566
vt 0.089966 1.882007
vt 0.089966 1.925447
vt 0.089966 1.968888
vt 1.538198 2.470037
vt 1.525749 2.511079
vt 1.498540 2.544233
vt 1.460715 2.564451
vt 1.418033 2.568655
vt 1.376991 2.556204
vt 1.343837 2.528996
vt 1.323619 2.491171
vt 1.319415 2.448489
vt 1.331865 2.407447
vt 1.359074 2.374293
vt 1.396898 2.354075
vt 1.439581 2.349871
vt 1.480623 2.362321
vt 1.302716 2.437610
vt 1.262866 2.568980
vt 1.220352 2.591704
vt 1.172378 2.596429
vt 1.126247 2.582436
vt 1.088983 2.551854
vt 1.066258 2.509340
vt 1.061533 2.461366
vt 1.075526 2.415235
vt 1.106108 2.377971
vt 1.148622 2.355247
vt 1.196596 2.350521
vt 1.242727 2.364515
vt 1.279991 2.395097
vt 1.007441 1.585585
vt 0.993448 1.631716
vt 0.884487 1.573476
vt 0.805910 1.286091
vt 0.805910 1.242650
vt 0.822307 1.242650
vt 0.822308 1.286091
vt 0.805910 1.068888
vt 0.822307 1.068888
vt 0.822307 1.112329
vt 0.805910 1.112329
vt 0.805910 1.155769
vt 0.822307 1.155769
vt 0.822307 1.199210
vt 0.805910 1.199209
vt 0.805910 1.025447
vt 0.822307 1.025447
vt 0.805910 0.982007
vt 0.822307 0.982007
vt 0.805910 0.938566
vt 0.822307 0.938566
vt 0.805910 0.895125
vt 0.822307 0.895125
vt 0.805910 0.851685
vt 0.822307 0.851685
vt 0.931008 1.155769
vt 0.931008 1.112328
vt 0.931008 1.199209
vt 0.931008 1.242650
vt 0.931008 1.286091
vt 0.931008 1.329531
vt 0.822307 1.329531
vt 0.931008 0.677922
vt 0.822307 0.677922
vt 0.822307 0.634481
vt 0.931008 0.634481
vt 0.931008 0.721363
vt 0.822307 0.721363
vt 0.931008 0.764803
vt 0.822307 0.764803
vt 0.931008 0.808244
vt 0.822307 0.808244
vt 0.931008 0.851685
vt 0.931008 0.895125
vt 0.931008 0.938566
vt 0.931008 0.982007
vt 0.931008 1.025447
vt 0.931008 1.068888
vt 0.805910 1.329531
vt 0.805910 0.677922
vt 0.805910 0.634481
vt 0.805910 0.721363
vt 0.805910 0.764803
vt 0.805910 0.808244
vt -0.210034 1.199209
vt -0.210034 1.155769
vt -0.210034 1.112329
vt 1.213777 1.489530
vt 1.233994 1.527354
vt 1.128807 1.559263
vt -0.210034 1.242650
vt -0.210034 1.286091
vt -0.210034 1.329531
vt -0.210034 0.677922
vt -0.210034 0.634481
vt -0.210034 0.721363
vt -0.210034 0.764803
vt -0.210034 0.808244
vt -0.210034 0.851685
vt -0.210034 0.895125
vt -0.210034 0.938566
vt -0.210034 0.982007
vt -0.210034 1.025447
vt -0.210034 1.068888
vt 1.238198 1.570037
vt 1.225749 1.611079
vt 1.198540 1.644233
vt 1.160715 1.664451
vt 1.118033 1.668655
vt 1.076991 1.656204
vt 1.043837 1.628996
vt 1.023619 1.591171
vt 1.019415 1.548489
vt 1.031865 1.507447
vt 1.059074 1.474293
vt 1.096898 1.454075
vt 1.139581 1.449871
vt 1.180623 1.462321
vt 1.002716 1.537611
vt 0.962866 1.668980
vt 0.920352 1.691704
vt 0.872378 1.696429
vt 0.826247 1.682436
vt 0.788983 1.651854
vt 0.766258 1.609340
vt 0.761533 1.561366
vt 0.775526 1.515235
vt 0.806108 1.477971
vt 0.848622 1.455247
vt 0.896596 1.450521
vt 0.942727 1.464515
vt 0.979991 1.495096
vt 1.207441 2.185585
vt 1.193448 2.231716
vt 1.084487 2.173476
vt 1.005910 1.886091
vt 1.005910 1.842650
vt 1.022308 1.842650
vt 1.022308 1.886091
vt 1.005910 1.668888
vt 1.022308 1.668888
vt 1.022308 1.712329
vt 1.005910 1.712329
vt 1.005910 1.755769
vt 1.022308 1.755769
vt 1.022308 1.799210
vt 1.005910 1.799209
vt 1.005910 1.625447
vt 1.022308 1.625447
vt 1.005910 1.582007
vt 1.022308 1.582007
vt 1.005910 1.538566
vt 1.022308 1.538566
vt 1.005910 1.495125
vt 1.022308 1.495125
vt 1.005910 1.451685
vt 1.022308 1.451685
vt 1.131008 1.755769
vt 1.131008 1.712328
vt 1.131008 1.799209
vt 1.131008 1.842650
vt 1.131008 1.886091
vt 1.131008 1.929531
vt 1.022308 1.929531
vt 1.131008 1.277922
vt 1.022307 1.277922
vt 1.022307 1.234481
vt 1.131008 1.234481
vt 1.131008 1.321363
vt 1.022308 1.321363
vt 1.131008 1.364803
vt 1.022308 1.364803
vt 1.131008 1.408244
vt 1.022308 1.408244
vt 1.131008 1.451685
vt 1.131008 1.495125
vt 1.131008 1.538566
vt 1.131008 1.582007
vt 1.131008 1.625447
vt 1.131008 1.668888
vt 1.005910 1.929531
vt 1.005910 1.277922
vt 1.005910 1.234481
vt 1.005910 1.321363
vt 1.005910 1.364803
vt 1.005910 1.408244
vt -0.010034 1.799209
vt -0.010034 1.755769
vt -0.010034 1.712329
vt 1.413777 2.089530
vt 1.433995 2.127355
vt 1.328807 2.159263
vt -0.010034 1.842650
vt -0.010034 1.886091
vt -0.010034 1.929531
vt -0.010034 1.277922
vt -0.010034 1.234481
vt -0.010034 1.321363
vt -0.010034 1.364803
vt -0.010034 1.408244
vt -0.010034 1.451685
vt -0.010034 1.495125
vt -0.010034 1.538566
vt -0.010034 1.582007
vt -0.010034 1.625447
vt -0.010034 1.668888
vt 1.438198 2.170037
vt 1.425749 2.211079
vt 1.398540 2.244233
vt 1.360716 2.264451
vt 1.318033 2.268655
vt 1.276991 2.256204
vt 1.243837 2.228996
vt 1.223619 2.191171
vt 1.219415 2.148489
vt 1.231865 2.107447
vt 1.259074 2.074293
vt 1.296898 2.054075
vt 1.339581 2.049871
vt 1.380623 2.062321
vt 1.202716 2.137610
vt 1.162866 2.268980
vt 1.120352 2.291704
vt 1.072378 2.296429
vt 1.026247 2.282436
vt 0.988983 2.251854
vt 0.966258 2.209340
vt 0.961533 2.161366
vt 0.975526 2.115235
vt 1.006108 2.077971
vt 1.048622 2.055247
vt 1.096596 2.050521
vt 1.142727 2.064515
vt 1.179991 2.095097
vt 1.407441 2.785585
vt 1.393448 2.831716
vt 1.284487 2.773476
vt 1.205910 2.486091
vt 1.205910 2.442650
vt 1.222308 2.442650
vt 1.222308 2.486091
vt 1.205910 2.268888
vt 1.222308 2.268888
vt 1.222308 2.312328
vt 1.205910 2.312328
vt 1.205910 2.355769
vt 1.222308 2.355769
vt 1.222308 2.399209
vt 1.205910 2.399209
vt 1.205910 2.225447
vt 1.222308 2.225447
vt 1.205910 2.182007
vt 1.222308 2.182007
vt 1.205910 2.138566
vt 1.222308 2.138566
vt 1.205910 2.095125
vt 1.222308 2.095125
vt 1.205910 2.051685
vt 1.222308 2.051685
vt 1.331008 2.355769
vt 1.331008 2.312328
vt 1.331008 2.399209
vt 1.331008 2.442650
vt 1.331008 2.486091
vt 1.331008 2.529531
vt 1.222308 2.529531
vt 1.331008 1.877922
vt 1.222307 1.877922
vt 1.222307 1.834481
vt 1.331008 1.834481
vt 1.331008 1.921363
vt 1.222308 1.921363
vt 1.331008 1.964803
vt 1.222308 1.964803
vt 1.331008 2.008244
vt 1.222308 2.008244
vt 1.331008 2.051685
vt 1.331008 2.095125
vt 1.331008 2.138566
vt 1.331008 2.182007
vt 1.331008 2.225447
vt 1.331008 2.268888
vt 1.205910 2.529531
vt 1.205910 1.877922
vt 1.205910 1.834481
vt 1.205910 1.921363
vt 1.205910 1.964803
vt 1.205910 2.008244
vt 0.189966 2.399209
vt 0.189966 2.355769
vt 0.189966 2.312328
vt 1.613777 2.689530
vt 1.633994 2.727355
vt 1.528807 2.759263
vt 0.189966 2.442650
vt 0.189966 2.486091
vt 0.189966 2.529531
vt 0.189966 1.877922
vt 0.189966 1.834481
vt 0.189966 1.921363
vt 0.189966 1.964803
vt 0.189966 2.008244
vt 0.189966 2.051685
vt 0.189966 2.095125
vt 0.189966 2.138566
vt 0.189966 2.182007
vt 0.189966 2.225447
vt 0.189966 2.268888
vt 1.638198 2.770037
vt 1.625749 2.811079
vt 1.598540 2.844233
vt 1.560715 2.864451
vt 1.518033 2.868655
vt 1.476991 2.856205
vt 1.443837 2.828996
vt 1.423619 2.791171
vt 1.419415 2.748489
vt 1.431865 2.707447
vt 1.459074 2.674293
vt 1.496898 2.654075
vt 1.539581 2.649871
vt 1.580623 2.662322
vt 1.402716 2.737610
vt 1.362866 2.868979
vt 1.320352 2.891704
vt 1.272378 2.896430
vt 1.226247 2.882436
vt 1.188983 2.851854
vt 1.166258 2.809340
vt 1.161533 2.761366
vt 1.175526 2.715235
vt 1.206108 2.677971
vt 1.248622 2.655247
vt 1.296596 2.650521
vt 1.342727 2.664515
vt 1.379991 2.695096
vt 1.207441 1.085585
vt 1.084487 1.073476
vt 1.193448 1.131716
vt 1.005910 0.786091
vt 1.022308 0.786091
vt 1.022308 0.742650
vt 1.005910 0.742650
vt 1.005910 0.568888
vt 1.005910 0.612328
vt 1.022308 0.612328
vt 1.022308 0.568888
vt 1.005910 0.655769
vt 1.005910 0.699210
vt 1.022308 0.699210
vt 1.022308 0.655769
vt 1.005910 0.525447
vt 1.022308 0.525447
vt 1.005910 0.482007
vt 1.022308 0.482007
vt 1.005910 0.438566
vt 1.022308 0.438566
vt 1.005910 0.395125
vt 1.022308 0.395125
vt 1.005910 0.351685
vt 1.022308 0.351685
vt 1.131008 0.655769
vt 1.131008 0.612328
vt 1.131008 0.699210
vt 1.131008 0.742650
vt 1.131008 0.786091
vt 1.131008 0.829531
vt 1.022308 0.829531
vt 1.131008 0.177922
vt 1.131008 0.134481
vt 1.022307 0.134481
vt 1.022307 0.177922
vt 1.131008 0.221363
vt 1.022308 0.221363
vt 1.131008 0.264803
vt 1.022308 0.264803
vt 1.131008 0.308244
vt 1.022308 0.308244
vt 1.131008 0.351685
vt 1.131008 0.395125
vt 1.131008 0.438566
vt 1.131008 0.482007
vt 1.131008 0.525447
vt 1.131008 0.568888
vt 1.005910 0.829531
vt 1.005910 0.177922
vt 1.005910 0.134481
vt 1.005910 0.221363
vt 1.005910 0.264803
vt 1.005910 0.308244
vt -0.010034 0.655769
vt -0.010034 0.699210
vt -0.010034 0.612328
vt 1.413777 0.989530
vt 1.328807 1.059263
vt 1.433994 1.027354
vt -0.010034 0.742650
vt -0.010034 0.786091
vt -0.010034 0.829531
vt -0.010034 0.134481
vt -0.010034 0.177922
vt -0.010034 0.221363
vt -0.010034 0.264803
vt -0.010034 0.308244
vt -0.010034 0.351685
vt -0.010034 0.395125
vt -0.010034 0.438566
vt -0.010034 0.482007
vt -0.010034 0.525447
vt -0.010034 0.568888
vt 1.438198 1.070037
vt 1.425749 1.111079
vt 1.398540 1.144233
vt 1.360715 1.164451
vt 1.318033 1.168655
vt 1.276991 1.156204
vt 1.243837 1.128996
vt 1.223619 1.091171
vt 1.219415 1.048489
vt 1.231865 1.007447
vt 1.259074 0.974293
vt 1.296898 0.954075
vt 1.339581 0.949871
vt 1.380623 0.962321
vt 1.202716 1.037611
vt 1.162866 1.168980
vt 1.120352 1.191704
vt 1.072378 1.196429
vt 1.026247 1.182436
vt 0.988983 1.151854
vt 0.966258 1.109340
vt 0.961533 1.061366
vt 0.975526 1.015235
vt 1.006108 0.977971
vt 1.048622 0.955247
vt 1.096596 0.950521
vt 1.142727 0.964515
vt 1.179991 0.995097
vt 1.407441 1.685585
vt 1.284487 1.673476
vt 1.393448 1.731716
vt 1.205910 1.386091
vt 1.222308 1.386091
vt 1.222307 1.342650
vt 1.205910 1.342650
vt 1.205910 1.168888
vt 1.205910 1.212329
vt 1.222307 1.212329
vt 1.222307 1.168888
vt 1.205910 1.255769
vt 1.205910 1.299209
vt 1.222307 1.299210
vt 1.222307 1.255769
vt 1.205910 1.125447
vt 1.222307 1.125447
vt 1.205910 1.082007
vt 1.222307 1.082007
vt 1.205910 1.038566
vt 1.222307 1.038566
vt 1.205910 0.995125
vt 1.222307 0.995125
vt 1.205910 0.951685
vt 1.222307 0.951685
vt 1.331008 1.255769
vt 1.331008 1.212328
vt 1.331008 1.299209
vt 1.331008 1.342650
vt 1.331008 1.386091
vt 1.331008 1.429531
vt 1.222307 1.429531
vt 1.331008 0.777922
vt 1.331008 0.734481
vt 1.222307 0.734481
vt 1.222307 0.777922
vt 1.331008 0.821363
vt 1.222307 0.821363
vt 1.331008 0.864803
vt 1.222307 0.864803
vt 1.331008 0.908244
vt 1.222307 0.908244
vt 1.331008 0.951685
vt 1.331008 0.995125
vt 1.331008 1.038566
vt 1.331008 1.082007
vt 1.331008 1.125447
vt 1.331008 1.168888
vt 1.205910 1.429531
vt 1.205910 0.777922
vt 1.205910 0.734481
vt 1.205910 0.821363
vt 1.205910 0.864803
vt 1.205910 0.908244
vt 0.189966 1.255769
vt 0.189966 1.299209
vt 0.189966 1.212329
vt 1.613777 1.589530
vt 1.528807 1.659263
vt 1.633994 1.627355
vt 0.189966 1.342650
vt 0.189966 1.386091
vt 0.189966 1.429531
vt 0.189966 0.734481
vt 0.189966 0.777922
vt 0.189966 0.821363
vt 0.189966 0.864803
vt 0.189966 0.908244
vt 0.189966 0.951685
vt 0.189966 0.995125
vt 0.189966 1.038566
vt 0.189966 1.082007
vt 0.189966 1.125447
vt 0.189966 1.168888
vt 1.638198 1.670037
vt 1.625749 1.711079
vt 1.598540 1.744233
vt 1.560715 1.764451
vt 1.518033 1.768655
vt 1.476991 1.756204
vt 1.443837 1.728996
vt 1.423619 1.691171
vt 1.419415 1.648489
vt 1.431865 1.607447
vt 1.459074 1.574293
vt 1.496898 1.554075
vt 1.539581 1.549871
vt 1.580623 1.562321
vt 1.402716 1.637611
vt 1.362866 1.768980
vt 1.320352 1.791704
vt 1.272378 1.796429
vt 1.226247 1.782436
vt 1.188983 1.751854
vt 1.166258 1.709340
vt 1.161533 1.661366
vt 1.175526 1.615235
vt 1.206108 1.577971
vt 1.248622 1.555247
vt 1.296596 1.550521
vt 1.342727 1.564515
vt 1.379991 1.595096
vt 1.607441 2.285585
vt 1.484487 2.273476
vt 1.593448 2.331716
vt 1.405910 1.986091
vt 1.422308 1.986091
vt 1.422307 1.942650
vt 1.405910 1.942650
vt 1.405910 1.768888
vt 1.405910 1.812328
vt 1.422307 1.812328
vt 1.422307 1.768888
vt 1.405910 1.855769
vt 1.405910 1.899210
vt 1.422307 1.899210
vt 1.422307 1.855769
vt 1.405910 1.725447
vt 1.422307 1.725447
vt 1.405910 1.682007
vt 1.422307 1.682007
vt 1.405910 1.638566
vt 1.422307 1.638566
vt 1.405910 1.595125
vt 1.422307 1.595125
vt 1.405910 1.551685
vt 1.422307 1.551685
vt 1.531008 1.855769
vt 1.531008 1.812328
vt 1.531008 1.899210
vt 1.531008 1.942650
vt 1.531008 1.986091
vt 1.531008 2.029531
vt 1.422307 2.029531
vt 1.531008 1.377922
vt 1.531008 1.334481
vt 1.422307 1.334481
vt 1.422307 1.377922
vt 1.531008 1.421363
vt 1.422307 1.421363
vt 1.531008 1.464803
vt 1.422307 1.464803
vt 1.531008 1.508244
vt 1.422307 1.508244
vt 1.531008 1.551685
vt 1.531008 1.595125
vt 1.531008 1.638566
vt 1.531008 1.682007
vt 1.531008 1.725447
vt 1.531008 1.768888
vt 1.405910 2.029531
vt 1.405910 1.377922
vt 1.405910 1.334481
vt 1.405910 1.421363
vt 1.405910 1.464803
vt 1.405910 1.508244
vt 0.389966 1.855769
vt 0.389966 1.899210
vt 0.389966 1.812328
vt 1.813777 2.189530
vt 1.728806 2.259263
vt 1.833994 2.227355
vt 0.389966 1.942650
vt 0.389966 1.986091
vt 0.389966 2.029531
vt 0.389966 1.334481
vt 0.389966 1.377922
vt 0.389966 1.421363
vt 0.389966 1.464803
vt 0.389966 1.508244
vt 0.389966 1.551685
vt 0.389966 1.595125
vt 0.389966 1.638566
vt 0.389966 1.682007
vt 0.389966 1.725447
vt 0.389966 1.768888
vt 1.838198 2.270037
vt 1.825749 2.311079
vt 1.798540 2.344233
vt 1.760715 2.364451
vt 1.718033 2.368654
vt 1.676991 2.356204
vt 1.643837 2.328996
vt 1.623619 2.291171
vt 1.619415 2.248489
vt 1.631865 2.207447
vt 1.659074 2.174293
vt 1.696898 2.154075
vt 1.739581 2.149871
vt 1.780623 2.162321
vt 1.602715 2.237610
vt 1.562866 2.368979
vt 1.520352 2.391704
vt 1.472378 2.396429
vt 1.426247 2.382436
vt 1.388983 2.351854
vt 1.366258 2.309340
vt 1.361533 2.261366
vt 1.375526 2.215235
vt 1.406108 2.177971
vt 1.448622 2.155247
vt 1.496596 2.150521
vt 1.542727 2.164515
vt 1.579991 2.195096
vt 1.307441 1.385585
vt 1.184487 1.373476
vt 1.293448 1.431716
vt 1.105910 1.086091
vt 1.122308 1.086091
vt 1.122308 1.042650
vt 1.105910 1.042650
vt 1.105910 0.868888
vt 1.105910 0.912328
vt 1.122308 0.912328
vt 1.122308 0.868888
vt 1.105910 0.955769
vt 1.105910 0.999210
vt 1.122308 0.999210
vt 1.122308 0.955769
vt 1.105910 0.825447
vt 1.122308 0.825447
vt 1.105910 0.782007
vt 1.122308 0.782007
vt 1.105910 0.738566
vt 1.122308 0.738566
vt 1.105910 0.695125
vt 1.122308 0.695125
vt 1.105910 0.651685
vt 1.122308 0.651685
vt 1.231008 0.955769
vt 1.231008 0.912328
vt 1.231008 0.999210
vt 1.231008 1.042650
vt 1.231008 1.086091
vt 1.231008 1.129531
vt 1.122308 1.129531
vt 1.231008 0.477922
vt 1.231008 0.434481
vt 1.122307 0.434481
vt 1.122307 0.477922
vt 1.231008 0.521363
vt 1.122308 0.521363
vt 1.231008 0.564803
vt 1.122308 0.564803
vt 1.231008 0.608244
vt 1.122308 0.608244
vt 1.231008 0.651685
vt 1.231008 0.695125
vt 1.231008 0.738566
vt 1.231008 0.782007
vt 1.231008 0.825447
vt 1.231008 0.868888
vt 1.105910 1.129531
vt 1.105910 0.477922
vt 1.105910 0.434481
vt 1.105910 0.521363
vt 1.105910 0.564803
vt 1.105910 0.608244
vt 0.089966 0.955769
vt 0.089966 0.999210
vt 0.089966 0.912328
vt 1.513777 1.289530
vt 1.428807 1.359263
vt 1.533994 1.327355
vt 0.089966 1.042650
vt 0.089966 1.086091
vt 0.089966 1.129531
vt 0.089966 0.434481
vt 0.089966 0.477922
vt 0.089966 0.521363
vt 0.089966 0.564803
vt 0.089966 0.608244
vt 0.089966 0.651685
vt 0.089966 0.695125
vt 0.089966 0.738566
vt 0.089966 0.782007
vt 0.089966 0.825447
vt 0.089966 0.868888
vt 1.538198 1.370037
vt 1.525749 1.411079
vt 1.498540 1.444233
vt 1.460715 1.464451
vt 1.418033 1.468655
vt 1.376991 1.456204
vt 1.343837 1.428996
vt 1.323619 1.391171
vt 1.319415 1.348489
vt 1.331865 1.307447
vt 1.359074 1.274293
vt 1.396898 1.254075
vt 1.439581 1.249871
vt 1.480623 1.262321
vt 1.302716 1.337611
vt 1.262866 1.468979
vt 1.220352 1.491704
vt 1.172378 1.496429
vt 1.126247 1.482436
vt 1.088983 1.451854
vt 1.066258 1.409340
vt 1.061533 1.361366
vt 1.075526 1.315235
vt 1.106108 1.277971
vt 1.148622 1.255247
vt 1.196596 1.250522
vt 1.242727 1.264515
vt 1.279991 1.295097
vt 1.507441 1.985585
vt 1.384487 1.973476
vt 1.493448 2.031716
vt 1.305910 1.686091
vt 1.322308 1.686091
vt 1.322307 1.642650
vt 1.305910 1.642650
vt 1.305910 1.468888
vt 1.305910 1.512329
vt 1.322307 1.512329
vt 1.322307 1.468888
vt 1.305910 1.555769
vt 1.305910 1.599209
vt 1.322307 1.599210
vt 1.322307 1.555769
vt 1.305910 1.425447
vt 1.322307 1.425447
vt 1.305910 1.382007
vt 1.322307 1.382007
vt 1.305910 1.338566
vt 1.322307 1.338566
vt 1.305910 1.295125
vt 1.322307 1.295125
vt 1.305910 1.251685
vt 1.322307 1.251685
vt 1.431008 1.555769
vt 1.431008 1.512328
vt 1.431008 1.599209
vt 1.431008 1.642650
vt 1.431008 1.686091
vt 1.431008 1.729531
vt 1.322307 1.729531
vt 1.431008 1.077922
vt 1.431008 1.034481
vt 1.322307 1.034481
vt 1.322307 1.077922
vt 1.431008 1.121363
vt 1.322307 1.121363
vt 1.431008 1.164803
vt 1.322307 1.164803
vt 1.431008 1.208244
vt 1.322307 1.208244
vt 1.431008 1.251685
vt 1.431008 1.295125
vt 1.431008 1.338566
vt 1.431008 1.382007
vt 1.431008 1.425447
vt 1.431008 1.468888
vt 1.305910 1.729531
vt 1.305910 1.077922
vt 1.305910 1.034481
vt 1.305910 1.121363
vt 1.305910 1.164803
vt 1.305910 1.208244
vt 0.289966 1.555769
vt 0.289966 1.599209
vt 0.289966 1.512329
vt 1.713777 1.889530
vt 1.628807 1.959263
vt 1.733994 1.927354
vt 0.289966 1.642650
vt 0.289966 1.686091
vt 0.289966 1.729531
vt 0.289966 1.034481
vt 0.289966 1.077922
vt 0.289966 1.121363
vt 0.289966 1.164803
vt 0.289966 1.208244
vt 0.289966 1.251685
vt 0.289966 1.295125
vt 0.289966 1.338566
vt 0.289966 1.382007
vt 0.289966 1.425447
vt 0.289966 1.468888
vt 1.738198 1.970037
vt 1.725749 2.011079
vt 1.698540 2.044233
vt 1.660715 2.064451
vt 1.618033 2.068655
vt 1.576991 2.056204
vt 1.543837 2.028996
vt 1.523619 1.991171
vt 1.519415 1.948489
vt 1.531865 1.907447
vt 1.559074 1.874293
vt 1.596898 1.854075
vt 1.639581 1.849871
vt 1.680623 1.862321
vt 1.502716 1.937611
vt 1.462866 2.068980
vt 1.420352 2.091704
vt 1.372378 2.096429
vt 1.326247 2.082436
vt 1.288983 2.051854
vt 1.266258 2.009340
vt 1.261533 1.961366
vt 1.275526 1.915235
vt 1.306108 1.877971
vt 1.348622 1.855247
vt 1.396596 1.850521
vt 1.442727 1.864515
vt 1.479991 1.895096
vt 1.707441 2.585585
vt 1.584487 2.573476
vt 1.693448 2.631716
vt 1.505910 2.286091
vt 1.522308 2.286091
vt 1.522308 2.242650
vt 1.505910 2.242650
vt 1.505910 2.068888
vt 1.505910 2.112328
vt 1.522308 2.112328
vt 1.522308 2.068888
vt 1.505910 2.155769
vt 1.505910 2.199209
vt 1.522308 2.199209
vt 1.522308 2.155769
vt 1.505910 2.025447
vt 1.522308 2.025447
vt 1.505910 1.982007
vt 1.522308 1.982007
vt 1.505910 1.938566
vt 1.522308 1.938566
vt 1.505910 1.895125
vt 1.522308 1.895125
vt 1.505910 1.851685
vt 1.522308 1.851685
vt 1.631008 2.155769
vt 1.631008 2.112328
vt 1.631008 2.199209
vt 1.631008 2.242650
vt 1.631008 2.286091
vt 1.631008 2.329531
vt 1.522308 2.329531
vt 1.631008 1.677922
vt 1.631008 1.634481
vt 1.522307 1.634481
vt 1.522307 1.677922
vt 1.631008 1.721363
vt 1.522308 1.721363
vt 1.631008 1.764803
vt 1.522308 1.764803
vt 1.631008 1.808244
vt 1.522308 1.808244
vt 1.631008 1.851685
vt 1.631008 1.895125
vt 1.631008 1.938566
vt 1.631008 1.982007
vt 1.631008 2.025447
vt 1.631008 2.068888
vt 1.505910 2.329531
vt 1.505910 1.677922
vt 1.505910 1.634481
vt 1.505910 1.721363
vt 1.505910 1.764803
vt 1.505910 1.808244
vt 0.489966 2.155769
vt 0.489966 2.199209
vt 0.489966 2.112328
vt 1.913777 2.489530
vt 1.828807 2.559263
vt 1.933994 2.527354
vt 0.489966 2.242650
vt 0.489966 2.286091
vt 0.489966 2.329531
vt 0.489966 1.634481
vt 0.489966 1.677922
vt 0.489966 1.721363
vt 0.489966 1.764804
vt 0.489966 1.808244
vt 0.489966 1.851685
vt 0.489966 1.895125
vt 0.489966 1.938566
vt 0.489966 1.982007
vt 0.489966 2.025447
vt 0.489966 2.068888
vt 1.938198 2.570037
vt 1.925749 2.611079
vt 1.898540 2.644233
vt 1.860715 2.664451
vt 1.818033 2.668654
vt 1.776991 2.656204
vt 1.743837 2.628996
vt 1.723619 2.591171
vt 1.719415 2.548489
vt 1.731865 2.507447
vt 1.759074 2.474293
vt 1.796898 2.454075
vt 1.839581 2.449871
vt 1.880623 2.462321
vt 1.702716 2.537610
vt 1.662866 2.668979
vt 1.620352 2.691704
vt 1.572378 2.696429
vt 1.526247 2.682436
vt 1.488983 2.651854
vt 1.466258 2.609340
vt 1.461533 2.561366
vt 1.475526 2.515235
vt 1.506108 2.477971
vt 1.548622 2.455247
vt 1.596596 2.450521
vt 1.642727 2.464515
vt 1.679991 2.495096
vt 1.407441 1.685585
vt 1.284487 1.673476
vt 1.393448 1.731716
vt 1.205910 1.386091
vt 1.222308 1.386091
vt 1.222307 1.342650
vt 1.205910 1.342650
vt 1.205910 1.168888
vt 1.205910 1.212329
vt 1.222307 1.212329
vt 1.222307 1.168888
vt 1.205910 1.255769
vt 1.205910 1.299209
vt 1.222307 1.299210
vt 1.222307 1.255769
vt 1.205910 1.125447
vt 1.222307 1.125447
vt 1.205910 1.082007
vt 1.222307 1.082007
vt 1.205910 1.038566
vt 1.222307 1.038566
vt 1.205910 0.995125
vt 1.222307 0.995125
vt 1.205910 0.951685
vt 1.222307 0.951685
vt 1.331008 1.255769
vt 1.331008 1.212328
vt 1.331008 1.299209
vt 1.331008 1.342650
vt 1.331008 1.386091
vt 1.331008 1.429531
vt 1.222307 1.429531
vt 1.331008 0.777922
vt 1.331008 0.734481
vt 1.222307 0.734481
vt 1.222307 0.777922
vt 1.331008 0.821363
vt 1.222307 0.821363
vt 1.331008 0.864803
vt 1.222307 0.864803
vt 1.331008 0.908244
vt 1.222307 0.908244
vt 1.331008 0.951685
vt 1.331008 0.995125
vt 1.331008 1.038566
vt 1.331008 1.082007
vt 1.331008 1.125447
vt 1.331008 1.168888
vt 1.205910 1.429531
vt 1.205910 0.777922
vt 1.205910 0.734481
vt 1.205910 0.821363
vt 1.205910 0.864803
vt 1.205910 0.908244
vt 0.189966 1.255769
vt 0.189966 1.299209
vt 0.189966 1.212329
vt 1.613777 1.589530
vt 1.528807 1.659263
vt 1.633994 1.627355
vt 0.189966 1.342650
vt 0.189966 1.386091
vt 0.189966 1.429531
vt 0.189966 0.734481
vt 0.189966 0.777922
vt 0.189966 0.821363
vt 0.189966 0.864803
vt 0.189966 0.908244
vt 0.189966 0.951685
vt 0.189966 0.995125
vt 0.189966 1.038566
vt 0.189966 1.082007
vt 0.189966 1.125447
vt 0.189966 1.168888
vt 1.638198 1.670037
vt 1.625749 1.711079
vt 1.598540 1.744233
vt 1.560715 1.764451
vt 1.518033 1.768655
vt 1.476991 1.756204
vt 1.443837 1.728996
vt 1.423619 1.691171
vt 1.419415 1.648489
vt 1.431865 1.607447
vt 1.459074 1.574293
vt 1.496898 1.554075
vt 1.539581 1.549871
vt 1.580623 1.562321
vt 1.402716 1.637611
vt 1.362866 1.768980
vt 1.320352 1.791704
vt 1.272378 1.796429
vt 1.226247 1.782436
vt 1.188983 1.751854
vt 1.166258 1.709340
vt 1.161533 1.661366
vt 1.175526 1.615235
vt 1.206108 1.577971
vt 1.248622 1.555247
vt 1.296596 1.550521
vt 1.342727 1.564515
vt 1.379991 1.595096
vt 1.607441 2.285584
vt 1.484487 2.273476
vt 1.593448 2.331716
vt 1.405910 1.986091
vt 1.422308 1.986091
vt 1.422307 1.942650
vt 1.405910 1.942650
vt 1.405910 1.768888
vt 1.405910 1.812329
vt 1.422307 1.812329
vt 1.422307 1.768888
vt 1.405910 1.855769
vt 1.405910 1.899209
vt 1.422307 1.899210
vt 1.422307 1.855769
vt 1.405910 1.725447
vt 1.422307 1.725447
vt 1.405910 1.682007
vt 1.422307 1.682007
vt 1.405910 1.638566
vt 1.422307 1.638566
vt 1.405910 1.595125
vt 1.422307 1.595125
vt 1.405910 1.551685
vt 1.422307 1.551685
vt 1.531008 1.855769
vt 1.531008 1.812328
vt 1.531008 1.899209
vt 1.531008 1.942650
vt 1.531008 1.986091
vt 1.531008 2.029531
vt 1.422307 2.029531
vt 1.531008 1.377922
vt 1.531008 1.334481
vt 1.422307 1.334481
vt 1.422307 1.377922
vt 1.531008 1.421363
vt 1.422307 1.421363
vt 1.531008 1.464803
vt 1.422307 1.464803
vt 1.531008 1.508244
vt 1.422307 1.508244
vt 1.531008 1.551685
vt 1.531008 1.595125
vt 1.531008 1.638566
vt 1.531008 1.682007
vt 1.531008 1.725447
vt 1.531008 1.768888
vt 1.405910 2.029531
vt 1.405910 1.377922
vt 1.405910 1.334481
vt 1.405910 1.421363
vt 1.405910 1.464803
vt 1.405910 1.508244
vt 0.389966 1.855769
vt 0.389966 1.899209
vt 0.389966 1.812329
vt 1.813777 2.189530
vt 1.728807 2.259263
vt 1.833995 2.227355
vt 0.389966 1.942650
vt 0.389966 1.986091
vt 0.389966 2.029531
vt 0.389966 1.334481
vt 0.389966 1.377922
vt 0.389966 1.421363
vt 0.389966 1.464803
vt 0.389966 1.508244
vt 0.389966 1.551685
vt 0.389966 1.595125
vt 0.389966 1.638566
vt 0.389966 1.682007
vt 0.389966 1.725447
vt 0.389966 1.768888
vt 1.838198 2.270037
vt 1.825749 2.311079
vt 1.798540 2.344233
vt 1.760715 2.364451
vt 1.718033 2.368654
vt 1.676991 2.356204
vt 1.643837 2.328996
vt 1.623619 2.291171
vt 1.619415 2.248489
vt 1.631865 2.207447
vt 1.659074 2.174293
vt 1.696898 2.154075
vt 1.739581 2.149871
vt 1.780623 2.162321
vt 1.602716 2.237610
vt 1.562866 2.368979
vt 1.520352 2.391704
vt 1.472378 2.396429
vt 1.426247 2.382436
vt 1.388983 2.351854
vt 1.366258 2.309340
vt 1.361533 2.261366
vt 1.375526 2.215235
vt 1.406108 2.177971
vt 1.448622 2.155247
vt 1.496596 2.150521
vt 1.542727 2.164515
vt 1.579991 2.195096
vt 1.807441 2.885585
vt 1.684487 2.873476
vt 1.793448 2.931715
vt 1.605910 2.586091
vt 1.622308 2.586091
vt 1.622308 2.542650
vt 1.605910 2.542650
vt 1.605910 2.368888
vt 1.605910 2.412328
vt 1.622308 2.412328
vt 1.622308 2.368888
vt 1.605910 2.455769
vt 1.605910 2.499209
vt 1.622308 2.499209
vt 1.622308 2.455769
vt 1.605910 2.325447
vt 1.622308 2.325447
vt 1.605910 2.282007
vt 1.622308 2.282007
vt 1.605910 2.238566
vt 1.622308 2.238566
vt 1.605910 2.195125
vt 1.622308 2.195125
vt 1.605910 2.151685
vt 1.622308 2.151685
vt 1.731008 2.455769
vt 1.731008 2.412328
vt 1.731008 2.499209
vt 1.731008 2.542650
vt 1.731008 2.586091
vt 1.731008 2.629531
vt 1.622308 2.629531
vt 1.731008 1.977922
vt 1.731008 1.934481
vt 1.622307 1.934481
vt 1.622307 1.977922
vt 1.731008 2.021363
vt 1.622308 2.021363
vt 1.731008 2.064803
vt 1.622308 2.064803
vt 1.731008 2.108244
vt 1.622308 2.108244
vt 1.731008 2.151685
vt 1.731008 2.195125
vt 1.731008 2.238566
vt 1.731008 2.282007
vt 1.731008 2.325447
vt 1.731008 2.368888
vt 1.605910 2.629531
vt 1.605910 1.977922
vt 1.605910 1.934481
vt 1.605910 2.021363
vt 1.605910 2.064803
vt 1.605910 2.108244
vt 0.589966 2.455769
vt 0.589966 2.499209
vt 0.589966 2.412328
vt 2.013777 2.789530
vt 1.928807 2.859263
vt 2.033994 2.827354
vt 0.589966 2.542650
vt 0.589966 2.586091
vt 0.589966 2.629531
vt 0.589966 1.934481
vt 0.589966 1.977922
vt 0.589966 2.021363
vt 0.589966 2.064803
vt 0.589966 2.108244
vt 0.589966 2.151685
vt 0.589966 2.195125
vt 0.589966 2.238566
vt 0.589966 2.282007
vt 0.589966 2.325447
vt 0.589966 2.368888
vt 2.038198 2.870037
vt 2.025749 2.911079
vt 1.998540 2.944233
vt 1.960715 2.964451
vt 1.918033 2.968655
vt 1.876991 2.956204
vt 1.843837 2.928996
vt 1.823619 2.891171
vt 1.819415 2.848489
vt 1.831865 2.807446
vt 1.859074 2.774293
vt 1.896898 2.754075
vt 1.939581 2.749871
vt 1.980623 2.762321
vt 1.802716 2.837610
vt 1.762866 2.968979
vt 1.720352 2.991704
vt 1.672378 2.996429
vt 1.626247 2.982436
vt 1.588983 2.951854
vt 1.566258 2.909340
vt 1.561533 2.861366
vt 1.575526 2.815235
vt 1.606108 2.777971
vt 1.648622 2.755247
vt 1.696596 2.750521
vt 1.742727 2.764515
vt 1.779991 2.795096
vn -0.0000 -1.0000 0.0000
vn -0.9239 0.0029 -0.3827
vn -0.7071 0.0029 -0.7071
vn -0.7069 0.0234 -0.7069
vn -0.9237 0.0234 -0.3825
vn 0.7071 0.0029 -0.7071
vn 0.7069 0.0234 -0.7069
vn 0.3828 0.0234 -0.9235
vn 0.3827 0.0029 -0.9239
vn 0.0000 0.0029 -1.0000
vn 0.0000 0.0234 -0.9997
vn -0.3826 0.0234 -0.9236
vn -0.3827 0.0029 -0.9239
vn 0.9239 0.0029 -0.3827
vn 0.9236 0.0234 -0.3825
vn 1.0000 0.0029 0.0000
vn 0.9997 0.0234 0.0000
vn 0.9239 0.0029 0.3827
vn 0.9236 0.0234 0.3826
vn 0.7071 0.0029 0.7071
vn 0.7069 0.0234 0.7069
vn 0.3827 0.0029 0.9239
vn 0.3825 0.0234 0.9236
vn 0.0000 0.0000 -1.0000
vn 0.3827 0.0000 -0.9239
vn -0.3827 0.0000 -0.9239
vn -0.7071 0.0000 -0.7071
vn -0.9239 0.0000 -0.3827
vn -1.0000 0.0000 0.0000
vn -0.9997 0.0234 0.0000
vn -0.9239 0.0000 0.3827
vn -0.9236 0.0234 0.3826
vn -0.7071 0.0000 0.7071
vn -0.7069 0.0234 0.7069
vn -0.3827 0.0000 0.9239
vn -0.3825 0.0234 0.9236
vn 0.0000 0.0000 1.0000
vn 0.0000 0.0234 0.9997
vn 0.3827 0.0000 0.9239
vn 0.7071 0.0000 0.7071
vn 0.9239 0.0000 0.3827
vn 1.0000 0.0000 0.0000
vn 0.9239 0.0000 -0.3827
vn 0.7071 0.0000 -0.7071
vn -1.0000 0.0029 -0.0000
vn -0.9239 0.0029 0.3827
vn -0.7071 0.0029 0.7071
vn -0.3827 0.0029 0.9239
vn -0.0000 0.0029 1.0000
vn 0.0000 1.0000 -0.0000
vn -0.9237 0.0234 -0.3824
vn -0.9236 0.0234 -0.3825
vn 0.3825 0.0234 -0.9236
vn -0.3828 0.0234 -0.9235
vn -0.3827 0.0234 -0.9236
vn 0.3827 0.0234 -0.9236
vn -0.9236 0.0234 0.3825
vn -0.7068 0.0234 0.7071
vn 0.7070 0.0234 0.7068
vn -0.3826 0.0234 0.9236
vn -0.0002 0.0234 0.9997
vn 0.9236 0.0234 0.3825
vn 0.9237 0.0234 -0.3824
vn 0.3825 0.0234 -0.9237
vn -0.9236 0.0234 -0.3826
vn -0.7068 0.0234 0.7070
vn -0.0001 0.0234 0.9997
vn 0.9237 0.0234 -0.3825
vn 0.7068 0.0234 -0.7071
vn 0.3824 0.0234 -0.9237
vn 0.0001 0.0234 0.9997
vn 0.9237 0.0234 -0.3823
vn -0.7067 0.0234 0.7071
vn 0.7068 0.0234 0.7071
vn 0.7068 0.0234 0.7070
vn 0.9237 0.0234 0.3824
vn 0.9237 0.0234 0.3825
vn 0.0002 0.0234 0.9997
vn 0.9236 0.0234 -0.3826
vn 0.7067 0.0234 0.7071
usemtl sandstone
s 1
f 4879/7341/778 4881/7342/778 4911/7343/778
f 4875/7344/779 4876/7345/780 4906/7346/781 4904/7347/782
f 4864/7348/783 4882/7349/784 4880/7350/785 4863/7351/786
f 4862/7352/787 4909/7353/788 4908/7354/789 4877/7355/790
f 4865/7356/791 4884/7357/792 4882/7349/784 4864/7348/783
f 4866/7358/793 4886/7359/794 4884/7357/792 4865/7356/791
f 4867/7360/795 4888/7361/796 4886/7359/794 4866/7358/793
f 4868/7362/797 4890/7363/798 4888/7361/796 4867/7360/795
f 4869/7364/799 4892/7365/800 4890/7363/798 4868/7362/797
f 4878/7366/801 4909/7353/788 4880/7350/785 4879/7367/802
f 4862/7352/787 4863/7351/786 4880/7350/785 4909/7353/788
f 4907/7368/803 4908/7354/789 4909/7353/788 4878/7366/801
f 4905/7369/804 4906/7346/781 4908/7354/789 4907/7368/803
f 4903/7370/805 4904/7347/782 4906/7346/781 4905/7369/804
f 4901/7371/806 4902/7372/807 4904/7347/782 4903/7370/805
f 4899/7373/808 4900/7374/809 4902/7375/807 4901/7376/806
f 4897/7377/810 4898/7378/811 4900/7374/809 4899/7373/808
f 4895/7379/812 4896/7380/813 4898/7378/811 4897/7377/810
f 4893/7381/814 4894/7382/815 4896/7380/813 4895/7379/812
f 4891/7383/816 4892/7365/800 4894/7382/815 4893/7381/814
f 4889/7384/817 4890/7363/798 4892/7365/800 4891/7383/816
f 4887/7385/818 4888/7361/796 4890/7363/798 4889/7384/817
f 4885/7386/819 4886/7359/794 4888/7361/796 4887/7385/818
f 4883/7387/820 4884/7357/792 4886/7359/794 4885/7386/819
f 4881/7388/821 4882/7349/784 4884/7357/792 4883/7387/820
f 4879/7367/802 4880/7350/785 4882/7349/784 4881/7388/821
f 4874/7389/822 4875/7344/779 4904/7347/782 4902/7372/807
f 4873/7390/823 4874/7391/822 4902/7375/807 4900/7374/809
f 4872/7392/824 4873/7390/823 4900/7374/809 4898/7378/811
f 4871/7393/825 4872/7392/824 4898/7378/811 4896/7380/813
f 4870/7394/826 4871/7393/825 4896/7380/813 4894/7382/815
f 4869/7364/799 4870/7394/826 4894/7382/815 4892/7365/800
f 4862/7352/787 4877/7355/790 4861/7395/803 4846/7396/801
f 4863/7351/786 4862/7352/787 4846/7396/801 4847/7397/802
f 4847/7398/827 4846/7399/827 4910/7400/827
f 4877/7355/790 4876/7345/780 4860/7401/804 4861/7395/803
f 4876/7345/780 4875/7344/779 4859/7402/805 4860/7401/804
f 4875/7344/779 4874/7389/822 4858/7403/806 4859/7402/805
f 4874/7391/822 4873/7390/823 4857/7404/808 4858/7405/806
f 4873/7390/823 4872/7392/824 4856/7406/810 4857/7404/808
f 4872/7392/824 4871/7393/825 4855/7407/812 4856/7406/810
f 4871/7393/825 4870/7394/826 4854/7408/814 4855/7407/812
f 4870/7394/826 4869/7364/799 4853/7409/816 4854/7408/814
f 4869/7364/799 4868/7362/797 4852/7410/817 4853/7409/816
f 4868/7362/797 4867/7360/795 4851/7411/818 4852/7410/817
f 4867/7360/795 4866/7358/793 4850/7412/819 4851/7411/818
f 4866/7358/793 4865/7356/791 4849/7413/820 4850/7412/819
f 4865/7356/791 4864/7348/783 4848/7414/821 4849/7413/820
f 4864/7348/783 4863/7351/786 4847/7397/802 4848/7414/821
f 4861/7415/827 4910/7400/827 4846/7399/827
f 4860/7416/827 4910/7400/827 4861/7415/827
f 4859/7417/827 4910/7400/827 4860/7416/827
f 4858/7418/827 4910/7400/827 4859/7417/827
f 4857/7419/827 4910/7400/827 4858/7418/827
f 4856/7420/827 4910/7400/827 4857/7419/827
f 4855/7421/827 4910/7400/827 4856/7420/827
f 4854/7422/827 4910/7400/827 4855/7421/827
f 4853/7423/827 4910/7400/827 4854/7422/827
f 4852/7424/827 4910/7400/827 4853/7423/827
f 4851/7425/827 4910/7400/827 4852/7424/827
f 4850/7426/827 4910/7400/827 4851/7425/827
f 4849/7427/827 4910/7400/827 4850/7426/827
f 4848/7428/827 4910/7400/827 4849/7427/827
f 4847/7398/827 4910/7400/827 4848/7428/827
f 4878/7429/778 4879/7341/778 4911/7343/778
f 4881/7342/778 4883/7430/778 4911/7343/778
f 4883/7430/778 4885/7431/778 4911/7343/778
f 4885/7431/778 4887/7432/778 4911/7343/778
f 4887/7432/778 4889/7433/778 4911/7343/778
f 4889/7433/778 4891/7434/778 4911/7343/778
f 4891/7434/778 4893/7435/778 4911/7343/778
f 4893/7435/778 4895/7436/778 4911/7343/778
f 4895/7436/778 4897/7437/778 4911/7343/778
f 4897/7437/778 4899/7438/778 4911/7343/778
f 4899/7438/778 4901/7439/778 4911/7343/778
f 4901/7439/778 4903/7440/778 4911/7343/778
f 4903/7440/778 4905/7441/778 4911/7343/778
f 4905/7441/778 4907/7442/778 4911/7343/778
f 4907/7442/778 4878/7429/778 4911/7343/778
f 4877/7355/790 4908/7354/789 4906/7346/781 4876/7345/780
f 4945/7443/778 4947/7444/778 4977/7445/778
f 4941/7446/779 4942/7447/780 4972/7448/781 4970/7449/828
f 4930/7450/783 4948/7451/784 4946/7452/785 4929/7453/786
f 4928/7454/787 4975/7455/788 4974/7456/789 4943/7457/790
f 4931/7458/791 4950/7459/792 4948/7451/784 4930/7450/783
f 4932/7460/793 4952/7461/794 4950/7459/792 4931/7458/791
f 4933/7462/795 4954/7463/796 4952/7461/794 4932/7460/793
f 4934/7464/797 4956/7465/798 4954/7463/796 4933/7462/795
f 4935/7466/799 4958/7467/800 4956/7465/798 4934/7464/797
f 4944/7468/801 4975/7455/788 4946/7452/785 4945/7469/802
f 4928/7454/787 4929/7453/786 4946/7452/785 4975/7455/788
f 4973/7470/803 4974/7456/789 4975/7455/788 4944/7468/801
f 4971/7471/804 4972/7448/781 4974/7456/789 4973/7470/803
f 4969/7472/805 4970/7449/828 4972/7448/781 4971/7471/804
f 4967/7473/806 4968/7474/807 4970/7449/828 4969/7472/805
f 4965/7475/808 4966/7476/809 4968/7477/807 4967/7478/806
f 4963/7479/810 4964/7480/811 4966/7476/809 4965/7475/808
f 4961/7481/812 4962/7482/813 4964/7480/811 4963/7479/810
f 4959/7483/814 4960/7484/815 4962/7482/813 4961/7481/812
f 4957/7485/816 4958/7467/800 4960/7484/815 4959/7483/814
f 4955/7486/817 4956/7465/798 4958/7467/800 4957/7485/816
f 4953/7487/818 4954/7463/796 4956/7465/798 4955/7486/817
f 4951/7488/819 4952/7461/794 4954/7463/796 4953/7487/818
f 4949/7489/820 4950/7459/792 4952/7461/794 4951/7488/819
f 4947/7490/821 4948/7451/784 4950/7459/792 4949/7489/820
f 4945/7469/802 4946/7452/785 4948/7451/784 4947/7490/821
f 4940/7491/822 4941/7446/779 4970/7449/828 4968/7474/807
f 4939/7492/823 4940/7493/822 4968/7477/807 4966/7476/809
f 4938/7494/824 4939/7492/823 4966/7476/809 4964/7480/811
f 4937/7495/825 4938/7494/824 4964/7480/811 4962/7482/813
f 4936/7496/826 4937/7495/825 4962/7482/813 4960/7484/815
f 4935/7466/799 4936/7496/826 4960/7484/815 4958/7467/800
f 4928/7454/787 4943/7457/790 4927/7497/803 4912/7498/801
f 4929/7453/786 4928/7454/787 4912/7498/801 4913/7499/802
f 4913/7500/827 4912/7501/827 4976/7502/827
f 4943/7457/790 4942/7447/780 4926/7503/804 4927/7497/803
f 4942/7447/780 4941/7446/779 4925/7504/805 4926/7503/804
f 4941/7446/779 4940/7491/822 4924/7505/806 4925/7504/805
f 4940/7493/822 4939/7492/823 4923/7506/808 4924/7507/806
f 4939/7492/823 4938/7494/824 4922/7508/810 4923/7506/808
f 4938/7494/824 4937/7495/825 4921/7509/812 4922/7508/810
f 4937/7495/825 4936/7496/826 4920/7510/814 4921/7509/812
f 4936/7496/826 4935/7466/799 4919/7511/816 4920/7510/814
f 4935/7466/799 4934/7464/797 4918/7512/817 4919/7511/816
f 4934/7464/797 4933/7462/795 4917/7513/818 4918/7512/817
f 4933/7462/795 4932/7460/793 4916/7514/819 4917/7513/818
f 4932/7460/793 4931/7458/791 4915/7515/820 4916/7514/819
f 4931/7458/791 4930/7450/783 4914/7516/821 4915/7515/820
f 4930/7450/783 4929/7453/786 4913/7499/802 4914/7516/821
f 4927/7517/827 4976/7502/827 4912/7501/827
f 4926/7518/827 4976/7502/827 4927/7517/827
f 4925/7519/827 4976/7502/827 4926/7518/827
f 4924/7520/827 4976/7502/827 4925/7519/827
f 4923/7521/827 4976/7502/827 4924/7520/827
f 4922/7522/827 4976/7502/827 4923/7521/827
f 4921/7523/827 4976/7502/827 4922/7522/827
f 4920/7524/827 4976/7502/827 4921/7523/827
f 4919/7525/827 4976/7502/827 4920/7524/827
f 4918/7526/827 4976/7502/827 4919/7525/827
f 4917/7527/827 4976/7502/827 4918/7526/827
f 4916/7528/827 4976/7502/827 4917/7527/827
f 4915/7529/827 4976/7502/827 4916/7528/827
f 4914/7530/827 4976/7502/827 4915/7529/827
f 4913/7500/827 4976/7502/827 4914/7530/827
f 4944/7531/778 4945/7443/778 4977/7445/778
f 4947/7444/778 4949/7532/778 4977/7445/778
f 4949/7532/778 4951/7533/778 4977/7445/778
f 4951/7533/778 4953/7534/778 4977/7445/778
f 4953/7534/778 4955/7535/778 4977/7445/778
f 4955/7535/778 4957/7536/778 4977/7445/778
f 4957/7536/778 4959/7537/778 4977/7445/778
f 4959/7537/778 4961/7538/778 4977/7445/778
f 4961/7538/778 4963/7539/778 4977/7445/778
f 4963/7539/778 4965/7540/778 4977/7445/778
f 4965/7540/778 4967/7541/778 4977/7445/778
f 4967/7541/778 4969/7542/778 4977/7445/778
f 4969/7542/778 4971/7543/778 4977/7445/778
f 4971/7543/778 4973/7544/778 4977/7445/778
f 4973/7544/778 4944/7531/778 4977/7445/778
f 4943/7457/790 4974/7456/789 4972/7448/781 4942/7447/780
f 5011/7545/778 5013/7546/778 5043/7547/778
f 5007/7548/779 5008/7549/780 5038/7550/781 5036/7551/828
f 4996/7552/783 5014/7553/784 5012/7554/785 4995/7555/786
f 4994/7556/787 5041/7557/788 5040/7558/789 5009/7559/790
f 4997/7560/791 5016/7561/792 5014/7553/784 4996/7552/783
f 4998/7562/793 5018/7563/794 5016/7561/792 4997/7560/791
f 4999/7564/795 5020/7565/796 5018/7563/794 4998/7562/793
f 5000/7566/797 5022/7567/798 5020/7565/796 4999/7564/795
f 5001/7568/799 5024/7569/800 5022/7567/798 5000/7566/797
f 5010/7570/801 5041/7557/788 5012/7554/785 5011/7571/802
f 4994/7556/787 4995/7555/786 5012/7554/785 5041/7557/788
f 5039/7572/803 5040/7558/789 5041/7557/788 5010/7570/801
f 5037/7573/804 5038/7550/781 5040/7558/789 5039/7572/803
f 5035/7574/805 5036/7551/828 5038/7550/781 5037/7573/804
f 5033/7575/806 5034/7576/807 5036/7551/828 5035/7574/805
f 5031/7577/808 5032/7578/809 5034/7579/807 5033/7580/806
f 5029/7581/810 5030/7582/811 5032/7578/809 5031/7577/808
f 5027/7583/812 5028/7584/813 5030/7582/811 5029/7581/810
f 5025/7585/814 5026/7586/815 5028/7584/813 5027/7583/812
f 5023/7587/816 5024/7569/800 5026/7586/815 5025/7585/814
f 5021/7588/817 5022/7567/798 5024/7569/800 5023/7587/816
f 5019/7589/818 5020/7565/796 5022/7567/798 5021/7588/817
f 5017/7590/819 5018/7563/794 5020/7565/796 5019/7589/818
f 5015/7591/820 5016/7561/792 5018/7563/794 5017/7590/819
f 5013/7592/821 5014/7553/784 5016/7561/792 5015/7591/820
f 5011/7571/802 5012/7554/785 5014/7553/784 5013/7592/821
f 5006/7593/822 5007/7548/779 5036/7551/828 5034/7576/807
f 5005/7594/823 5006/7595/822 5034/7579/807 5032/7578/809
f 5004/7596/824 5005/7594/823 5032/7578/809 5030/7582/811
f 5003/7597/825 5004/7596/824 5030/7582/811 5028/7584/813
f 5002/7598/826 5003/7597/825 5028/7584/813 5026/7586/815
f 5001/7568/799 5002/7598/826 5026/7586/815 5024/7569/800
f 4994/7556/787 5009/7559/790 4993/7599/803 4978/7600/801
f 4995/7555/786 4994/7556/787 4978/7600/801 4979/7601/802
f 4979/7602/827 4978/7603/827 5042/7604/827
f 5009/7559/790 5008/7549/780 4992/7605/804 4993/7599/803
f 5008/7549/780 5007/7548/779 4991/7606/805 4992/7605/804
f 5007/7548/779 5006/7593/822 4990/7607/806 4991/7606/805
f 5006/7595/822 5005/7594/823 4989/7608/808 4990/7609/806
f 5005/7594/823 5004/7596/824 4988/7610/810 4989/7608/808
f 5004/7596/824 5003/7597/825 4987/7611/812 4988/7610/810
f 5003/7597/825 5002/7598/826 4986/7612/814 4987/7611/812
f 5002/7598/826 5001/7568/799 4985/7613/816 4986/7612/814
f 5001/7568/799 5000/7566/797 4984/7614/817 4985/7613/816
f 5000/7566/797 4999/7564/795 4983/7615/818 4984/7614/817
f 4999/7564/795 4998/7562/793 4982/7616/819 4983/7615/818
f 4998/7562/793 4997/7560/791 4981/7617/820 4982/7616/819
f 4997/7560/791 4996/7552/783 4980/7618/821 4981/7617/820
f 4996/7552/783 4995/7555/786 4979/7601/802 4980/7618/821
f 4993/7619/827 5042/7604/827 4978/7603/827
f 4992/7620/827 5042/7604/827 4993/7619/827
f 4991/7621/827 5042/7604/827 4992/7620/827
f 4990/7622/827 5042/7604/827 4991/7621/827
f 4989/7623/827 5042/7604/827 4990/7622/827
f 4988/7624/827 5042/7604/827 4989/7623/827
f 4987/7625/827 5042/7604/827 4988/7624/827
f 4986/7626/827 5042/7604/827 4987/7625/827
f 4985/7627/827 5042/7604/827 4986/7626/827
f 4984/7628/827 5042/7604/827 4985/7627/827
f 4983/7629/827 5042/7604/827 4984/7628/827
f 4982/7630/827 5042/7604/827 4983/7629/827
f 4981/7631/827 5042/7604/827 4982/7630/827
f 4980/7632/827 5042/7604/827 4981/7631/827
f 4979/7602/827 5042/7604/827 4980/7632/827
f 5010/7633/778 5011/7545/778 5043/7547/778
f 5013/7546/778 5015/7634/778 5043/7547/778
f 5015/7634/778 5017/7635/778 5043/7547/778
f 5017/7635/778 5019/7636/778 5043/7547/778
f 5019/7636/778 5021/7637/778 5043/7547/778
f 5021/7637/778 5023/7638/778 5043/7547/778
f 5023/7638/778 5025/7639/778 5043/7547/778
f 5025/7639/778 5027/7640/778 5043/7547/778
f 5027/7640/778 5029/7641/778 5043/7547/778
f 5029/7641/778 5031/7642/778 5043/7547/778
f 5031/7642/778 5033/7643/778 5043/7547/778
f 5033/7643/778 5035/7644/778 5043/7547/778
f 5035/7644/778 5037/7645/778 5043/7547/778
f 5037/7645/778 5039/7646/778 5043/7547/778
f 5039/7646/778 5010/7633/778 5043/7547/778
f 5009/7559/790 5040/7558/789 5038/7550/781 5008/7549/780
f 5077/7647/778 5079/7648/778 5109/7649/778
f 5073/7650/779 5074/7651/780 5104/7652/781 5102/7653/829
f 5062/7654/783 5080/7655/784 5078/7656/830 5061/7657/786
f 5060/7658/787 5107/7659/788 5106/7660/831 5075/7661/790
f 5063/7662/791 5082/7663/792 5080/7655/784 5062/7654/783
f 5064/7664/793 5084/7665/794 5082/7663/792 5063/7662/791
f 5065/7666/795 5086/7667/796 5084/7665/794 5064/7664/793
f 5066/7668/797 5088/7669/798 5086/7667/796 5065/7666/795
f 5067/7670/799 5090/7671/800 5088/7669/798 5066/7668/797
f 5076/7672/801 5107/7659/788 5078/7656/830 5077/7673/802
f 5060/7658/787 5061/7657/786 5078/7656/830 5107/7659/788
f 5105/7674/803 5106/7660/831 5107/7659/788 5076/7672/801
f 5103/7675/804 5104/7652/781 5106/7660/831 5105/7674/803
f 5101/7676/805 5102/7653/829 5104/7652/781 5103/7675/804
f 5099/7677/806 5100/7678/807 5102/7653/829 5101/7676/805
f 5097/7679/808 5098/7680/809 5100/7681/807 5099/7682/806
f 5095/7683/810 5096/7684/811 5098/7680/809 5097/7679/808
f 5093/7685/812 5094/7686/813 5096/7684/811 5095/7683/810
f 5091/7687/814 5092/7688/815 5094/7686/813 5093/7685/812
f 5089/7689/816 5090/7671/800 5092/7688/815 5091/7687/814
f 5087/7690/817 5088/7669/798 5090/7671/800 5089/7689/816
f 5085/7691/818 5086/7667/796 5088/7669/798 5087/7690/817
f 5083/7692/819 5084/7665/794 5086/7667/796 5085/7691/818
f 5081/7693/820 5082/7663/792 5084/7665/794 5083/7692/819
f 5079/7694/821 5080/7655/784 5082/7663/792 5081/7693/820
f 5077/7673/802 5078/7656/830 5080/7655/784 5079/7694/821
f 5072/7695/822 5073/7650/779 5102/7653/829 5100/7678/807
f 5071/7696/823 5072/7697/822 5100/7681/807 5098/7680/809
f 5070/7698/824 5071/7696/823 5098/7680/809 5096/7684/811
f 5069/7699/825 5070/7698/824 5096/7684/811 5094/7686/813
f 5068/7700/826 5069/7699/825 5094/7686/813 5092/7688/815
f 5067/7670/799 5068/7700/826 5092/7688/815 5090/7671/800
f 5060/7658/787 5075/7661/790 5059/7701/803 5044/7702/801
f 5061/7657/786 5060/7658/787 5044/7702/801 5045/7703/802
f 5045/7704/827 5044/7705/827 5108/7706/827
f 5075/7661/790 5074/7651/780 5058/7707/804 5059/7701/803
f 5074/7651/780 5073/7650/779 5057/7708/805 5058/7707/804
f 5073/7650/779 5072/7695/822 5056/7709/806 5057/7708/805
f 5072/7697/822 5071/7696/823 5055/7710/808 5056/7711/806
f 5071/7696/823 5070/7698/824 5054/7712/810 5055/7710/808
f 5070/7698/824 5069/7699/825 5053/7713/812 5054/7712/810
f 5069/7699/825 5068/7700/826 5052/7714/814 5053/7713/812
f 5068/7700/826 5067/7670/799 5051/7715/816 5052/7714/814
f 5067/7670/799 5066/7668/797 5050/7716/817 5051/7715/816
f 5066/7668/797 5065/7666/795 5049/7717/818 5050/7716/817
f 5065/7666/795 5064/7664/793 5048/7718/819 5049/7717/818
f 5064/7664/793 5063/7662/791 5047/7719/820 5048/7718/819
f 5063/7662/791 5062/7654/783 5046/7720/821 5047/7719/820
f 5062/7654/783 5061/7657/786 5045/7703/802 5046/7720/821
f 5059/7721/827 5108/7706/827 5044/7705/827
f 5058/7722/827 5108/7706/827 5059/7721/827
f 5057/7723/827 5108/7706/827 5058/7722/827
f 5056/7724/827 5108/7706/827 5057/7723/827
f 5055/7725/827 5108/7706/827 5056/7724/827
f 5054/7726/827 5108/7706/827 5055/7725/827
f 5053/7727/827 5108/7706/827 5054/7726/827
f 5052/7728/827 5108/7706/827 5053/7727/827
f 5051/7729/827 5108/7706/827 5052/7728/827
f 5050/7730/827 5108/7706/827 5051/7729/827
f 5049/7731/827 5108/7706/827 5050/7730/827
f 5048/7732/827 5108/7706/827 5049/7731/827
f 5047/7733/827 5108/7706/827 5048/7732/827
f 5046/7734/827 5108/7706/827 5047/7733/827
f 5045/7704/827 5108/7706/827 5046/7734/827
f 5076/7735/778 5077/7647/778 5109/7649/778
f 5079/7648/778 5081/7736/778 5109/7649/778
f 5081/7736/778 5083/7737/778 5109/7649/778
f 5083/7737/778 5085/7738/778 5109/7649/778
f 5085/7738/778 5087/7739/778 5109/7649/778
f 5087/7739/778 5089/7740/778 5109/7649/778
f 5089/7740/778 5091/7741/778 5109/7649/778
f 5091/7741/778 5093/7742/778 5109/7649/778
f 5093/7742/778 5095/7743/778 5109/7649/778
f 5095/7743/778 5097/7744/778 5109/7649/778
f 5097/7744/778 5099/7745/778 5109/7649/778
f 5099/7745/778 5101/7746/778 5109/7649/778
f 5101/7746/778 5103/7747/778 5109/7649/778
f 5103/7747/778 5105/7748/778 5109/7649/778
f 5105/7748/778 5076/7735/778 5109/7649/778
f 5075/7661/790 5106/7660/831 5104/7652/781 5074/7651/780
f 5143/7749/778 5145/7750/778 5175/7751/778
f 5139/7752/779 5140/7753/780 5170/7754/781 5168/7755/829
f 5128/7756/783 5146/7757/784 5144/7758/830 5127/7759/786
f 5126/7760/787 5173/7761/788 5172/7762/832 5141/7763/790
f 5129/7764/791 5148/7765/792 5146/7757/784 5128/7756/783
f 5130/7766/793 5150/7767/794 5148/7765/792 5129/7764/791
f 5131/7768/795 5152/7769/796 5150/7767/794 5130/7766/793
f 5132/7770/797 5154/7771/798 5152/7769/796 5131/7768/795
f 5133/7772/799 5156/7773/800 5154/7771/798 5132/7770/797
f 5142/7774/801 5173/7761/788 5144/7758/830 5143/7775/802
f 5126/7760/787 5127/7759/786 5144/7758/830 5173/7761/788
f 5171/7776/803 5172/7762/832 5173/7761/788 5142/7774/801
f 5169/7777/804 5170/7754/781 5172/7762/832 5171/7776/803
f 5167/7778/805 5168/7755/829 5170/7754/781 5169/7777/804
f 5165/7779/806 5166/7780/807 5168/7755/829 5167/7778/805
f 5163/7781/808 5164/7782/809 5166/7783/807 5165/7784/806
f 5161/7785/810 5162/7786/811 5164/7782/809 5163/7781/808
f 5159/7787/812 5160/7788/813 5162/7786/811 5161/7785/810
f 5157/7789/814 5158/7790/815 5160/7788/813 5159/7787/812
f 5155/7791/816 5156/7773/800 5158/7790/815 5157/7789/814
f 5153/7792/817 5154/7771/798 5156/7773/800 5155/7791/816
f 5151/7793/818 5152/7769/796 5154/7771/798 5153/7792/817
f 5149/7794/819 5150/7767/794 5152/7769/796 5151/7793/818
f 5147/7795/820 5148/7765/792 5150/7767/794 5149/7794/819
f 5145/7796/821 5146/7757/784 5148/7765/792 5147/7795/820
f 5143/7775/802 5144/7758/830 5146/7757/784 5145/7796/821
f 5138/7797/822 5139/7752/779 5168/7755/829 5166/7780/807
f 5137/7798/823 5138/7799/822 5166/7783/807 5164/7782/809
f 5136/7800/824 5137/7798/823 5164/7782/809 5162/7786/811
f 5135/7801/825 5136/7800/824 5162/7786/811 5160/7788/813
f 5134/7802/826 5135/7801/825 5160/7788/813 5158/7790/815
f 5133/7772/799 5134/7802/826 5158/7790/815 5156/7773/800
f 5126/7760/787 5141/7763/790 5125/7803/803 5110/7804/801
f 5127/7759/786 5126/7760/787 5110/7804/801 5111/7805/802
f 5111/7806/827 5110/7807/827 5174/7808/827
f 5141/7763/790 5140/7753/780 5124/7809/804 5125/7803/803
f 5140/7753/780 5139/7752/779 5123/7810/805 5124/7809/804
f 5139/7752/779 5138/7797/822 5122/7811/806 5123/7810/805
f 5138/7799/822 5137/7798/823 5121/7812/808 5122/7813/806
f 5137/7798/823 5136/7800/824 5120/7814/810 5121/7812/808
f 5136/7800/824 5135/7801/825 5119/7815/812 5120/7814/810
f 5135/7801/825 5134/7802/826 5118/7816/814 5119/7815/812
f 5134/7802/826 5133/7772/799 5117/7817/816 5118/7816/814
f 5133/7772/799 5132/7770/797 5116/7818/817 5117/7817/816
f 5132/7770/797 5131/7768/795 5115/7819/818 5116/7818/817
f 5131/7768/795 5130/7766/793 5114/7820/819 5115/7819/818
f 5130/7766/793 5129/7764/791 5113/7821/820 5114/7820/819
f 5129/7764/791 5128/7756/783 5112/7822/821 5113/7821/820
f 5128/7756/783 5127/7759/786 5111/7805/802 5112/7822/821
f 5125/7823/827 5174/7808/827 5110/7807/827
f 5124/7824/827 5174/7808/827 5125/7823/827
f 5123/7825/827 5174/7808/827 5124/7824/827
f 5122/7826/827 5174/7808/827 5123/7825/827
f 5121/7827/827 5174/7808/827 5122/7826/827
f 5120/7828/827 5174/7808/827 5121/7827/827
f 5119/7829/827 5174/7808/827 5120/7828/827
f 5118/7830/827 5174/7808/827 5119/7829/827
f 5117/7831/827 5174/7808/827 5118/7830/827
f 5116/7832/827 5174/7808/827 5117/7831/827
f 5115/7833/827 5174/7808/827 5116/7832/827
f 5114/7834/827 5174/7808/827 5115/7833/827
f 5113/7835/827 5174/7808/827 5114/7834/827
f 5112/7836/827 5174/7808/827 5113/7835/827
f 5111/7806/827 5174/7808/827 5112/7836/827
f 5142/7837/778 5143/7749/778 5175/7751/778
f 5145/7750/778 5147/7838/778 5175/7751/778
f 5147/7838/778 5149/7839/778 5175/7751/778
f 5149/7839/778 5151/7840/778 5175/7751/778
f 5151/7840/778 5153/7841/778 5175/7751/778
f 5153/7841/778 5155/7842/778 5175/7751/778
f 5155/7842/778 5157/7843/778 5175/7751/778
f 5157/7843/778 5159/7844/778 5175/7751/778
f 5159/7844/778 5161/7845/778 5175/7751/778
f 5161/7845/778 5163/7846/778 5175/7751/778
f 5163/7846/778 5165/7847/778 5175/7751/778
f 5165/7847/778 5167/7848/778 5175/7751/778
f 5167/7848/778 5169/7849/778 5175/7751/778
f 5169/7849/778 5171/7850/778 5175/7751/778
f 5171/7850/778 5142/7837/778 5175/7751/778
f 5141/7763/790 5172/7762/832 5170/7754/781 5140/7753/780
f 5209/7851/778 5211/7852/778 5241/7853/778
f 5205/7854/779 5206/7855/780 5236/7856/781 5234/7857/829
f 5194/7858/783 5212/7859/784 5210/7860/830 5193/7861/786
f 5192/7862/787 5239/7863/788 5238/7864/789 5207/7865/790
f 5195/7866/791 5214/7867/792 5212/7859/784 5194/7858/783
f 5196/7868/793 5216/7869/794 5214/7867/792 5195/7866/791
f 5197/7870/795 5218/7871/796 5216/7869/794 5196/7868/793
f 5198/7872/797 5220/7873/798 5218/7871/796 5197/7870/795
f 5199/7874/799 5222/7875/800 5220/7873/798 5198/7872/797
f 5208/7876/801 5239/7863/788 5210/7860/830 5209/7877/802
f 5192/7862/787 5193/7861/786 5210/7860/830 5239/7863/788
f 5237/7878/803 5238/7864/789 5239/7863/788 5208/7876/801
f 5235/7879/804 5236/7856/781 5238/7864/789 5237/7878/803
f 5233/7880/805 5234/7857/829 5236/7856/781 5235/7879/804
f 5231/7881/806 5232/7882/807 5234/7857/829 5233/7880/805
f 5229/7883/808 5230/7884/809 5232/7885/807 5231/7886/806
f 5227/7887/810 5228/7888/811 5230/7884/809 5229/7883/808
f 5225/7889/812 5226/7890/813 5228/7888/811 5227/7887/810
f 5223/7891/814 5224/7892/815 5226/7890/813 5225/7889/812
f 5221/7893/816 5222/7875/800 5224/7892/815 5223/7891/814
f 5219/7894/817 5220/7873/798 5222/7875/800 5221/7893/816
f 5217/7895/818 5218/7871/796 5220/7873/798 5219/7894/817
f 5215/7896/819 5216/7869/794 5218/7871/796 5217/7895/818
f 5213/7897/820 5214/7867/792 5216/7869/794 5215/7896/819
f 5211/7898/821 5212/7859/784 5214/7867/792 5213/7897/820
f 5209/7877/802 5210/7860/830 5212/7859/784 5211/7898/821
f 5204/7899/822 5205/7854/779 5234/7857/829 5232/7882/807
f 5203/7900/823 5204/7901/822 5232/7885/807 5230/7884/809
f 5202/7902/824 5203/7900/823 5230/7884/809 5228/7888/811
f 5201/7903/825 5202/7902/824 5228/7888/811 5226/7890/813
f 5200/7904/826 5201/7903/825 5226/7890/813 5224/7892/815
f 5199/7874/799 5200/7904/826 5224/7892/815 5222/7875/800
f 5192/7862/787 5207/7865/790 5191/7905/803 5176/7906/801
f 5193/7861/786 5192/7862/787 5176/7906/801 5177/7907/802
f 5177/7908/827 5176/7909/827 5240/7910/827
f 5207/7865/790 5206/7855/780 5190/7911/804 5191/7905/803
f 5206/7855/780 5205/7854/779 5189/7912/805 5190/7911/804
f 5205/7854/779 5204/7899/822 5188/7913/806 5189/7912/805
f 5204/7901/822 5203/7900/823 5187/7914/808 5188/7915/806
f 5203/7900/823 5202/7902/824 5186/7916/810 5187/7914/808
f 5202/7902/824 5201/7903/825 5185/7917/812 5186/7916/810
f 5201/7903/825 5200/7904/826 5184/7918/814 5185/7917/812
f 5200/7904/826 5199/7874/799 5183/7919/816 5184/7918/814
f 5199/7874/799 5198/7872/797 5182/7920/817 5183/7919/816
f 5198/7872/797 5197/7870/795 5181/7921/818 5182/7920/817
f 5197/7870/795 5196/7868/793 5180/7922/819 5181/7921/818
f 5196/7868/793 5195/7866/791 5179/7923/820 5180/7922/819
f 5195/7866/791 5194/7858/783 5178/7924/821 5179/7923/820
f 5194/7858/783 5193/7861/786 5177/7907/802 5178/7924/821
f 5191/7925/827 5240/7910/827 5176/7909/827
f 5190/7926/827 5240/7910/827 5191/7925/827
f 5189/7927/827 5240/7910/827 5190/7926/827
f 5188/7928/827 5240/7910/827 5189/7927/827
f 5187/7929/827 5240/7910/827 5188/7928/827
f 5186/7930/827 5240/7910/827 5187/7929/827
f 5185/7931/827 5240/7910/827 5186/7930/827
f 5184/7932/827 5240/7910/827 5185/7931/827
f 5183/7933/827 5240/7910/827 5184/7932/827
f 5182/7934/827 5240/7910/827 5183/7933/827
f 5181/7935/827 5240/7910/827 5182/7934/827
f 5180/7936/827 5240/7910/827 5181/7935/827
f 5179/7937/827 5240/7910/827 5180/7936/827
f 5178/7938/827 5240/7910/827 5179/7937/827
f 5177/7908/827 5240/7910/827 5178/7938/827
f 5208/7939/778 5209/7851/778 5241/7853/778
f 5211/7852/778 5213/7940/778 5241/7853/778
f 5213/7940/778 5215/7941/778 5241/7853/778
f 5215/7941/778 5217/7942/778 5241/7853/778
f 5217/7942/778 5219/7943/778 5241/7853/778
f 5219/7943/778 5221/7944/778 5241/7853/778
f 5221/7944/778 5223/7945/778 5241/7853/778
f 5223/7945/778 5225/7946/778 5241/7853/778
f 5225/7946/778 5227/7947/778 5241/7853/778
f 5227/7947/778 5229/7948/778 5241/7853/778
f 5229/7948/778 5231/7949/778 5241/7853/778
f 5231/7949/778 5233/7950/778 5241/7853/778
f 5233/7950/778 5235/7951/778 5241/7853/778
f 5235/7951/778 5237/7952/778 5241/7853/778
f 5237/7952/778 5208/7939/778 5241/7853/778
f 5207/7865/790 5238/7864/789 5236/7856/781 5206/7855/780
f 5275/7953/778 5277/7954/778 5307/7955/778
f 5271/7956/779 5272/7957/780 5302/7958/781 5300/7959/828
f 5260/7960/783 5278/7961/784 5276/7962/833 5259/7963/786
f 5258/7964/787 5305/7965/788 5304/7966/789 5273/7967/790
f 5261/7968/791 5280/7969/792 5278/7961/784 5260/7960/783
f 5262/7970/793 5282/7971/794 5280/7969/792 5261/7968/791
f 5263/7972/795 5284/7973/796 5282/7971/794 5262/7970/793
f 5264/7974/797 5286/7975/798 5284/7973/796 5263/7972/795
f 5265/7976/799 5288/7977/800 5286/7975/798 5264/7974/797
f 5274/7978/801 5305/7965/788 5276/7962/833 5275/7979/802
f 5258/7964/787 5259/7963/786 5276/7962/833 5305/7965/788
f 5303/7980/803 5304/7966/789 5305/7965/788 5274/7978/801
f 5301/7981/804 5302/7958/781 5304/7966/789 5303/7980/803
f 5299/7982/805 5300/7959/828 5302/7958/781 5301/7981/804
f 5297/7983/806 5298/7984/807 5300/7959/828 5299/7982/805
f 5295/7985/808 5296/7986/809 5298/7987/807 5297/7988/806
f 5293/7989/810 5294/7990/811 5296/7986/809 5295/7985/808
f 5291/7991/812 5292/7992/813 5294/7990/811 5293/7989/810
f 5289/7993/814 5290/7994/815 5292/7992/813 5291/7991/812
f 5287/7995/816 5288/7977/800 5290/7994/815 5289/7993/814
f 5285/7996/817 5286/7975/798 5288/7977/800 5287/7995/816
f 5283/7997/818 5284/7973/796 5286/7975/798 5285/7996/817
f 5281/7998/819 5282/7971/794 5284/7973/796 5283/7997/818
f 5279/7999/820 5280/7969/792 5282/7971/794 5281/7998/819
f 5277/8000/821 5278/7961/784 5280/7969/792 5279/7999/820
f 5275/7979/802 5276/7962/833 5278/7961/784 5277/8000/821
f 5270/8001/822 5271/7956/779 5300/7959/828 5298/7984/807
f 5269/8002/823 5270/8003/822 5298/7987/807 5296/7986/809
f 5268/8004/824 5269/8002/823 5296/7986/809 5294/7990/811
f 5267/8005/825 5268/8004/824 5294/7990/811 5292/7992/813
f 5266/8006/826 5267/8005/825 5292/7992/813 5290/7994/815
f 5265/7976/799 5266/8006/826 5290/7994/815 5288/7977/800
f 5258/7964/787 5273/7967/790 5257/8007/803 5242/8008/801
f 5259/7963/786 5258/7964/787 5242/8008/801 5243/8009/802
f 5243/8010/827 5242/8011/827 5306/8012/827
f 5273/7967/790 5272/7957/780 5256/8013/804 5257/8007/803
f 5272/7957/780 5271/7956/779 5255/8014/805 5256/8013/804
f 5271/7956/779 5270/8001/822 5254/8015/806 5255/8014/805
f 5270/8003/822 5269/8002/823 5253/8016/808 5254/8017/806
f 5269/8002/823 5268/8004/824 5252/8018/810 5253/8016/808
f 5268/8004/824 5267/8005/825 5251/8019/812 5252/8018/810
f 5267/8005/825 5266/8006/826 5250/8020/814 5251/8019/812
f 5266/8006/826 5265/7976/799 5249/8021/816 5250/8020/814
f 5265/7976/799 5264/7974/797 5248/8022/817 5249/8021/816
f 5264/7974/797 5263/7972/795 5247/8023/818 5248/8022/817
f 5263/7972/795 5262/7970/793 5246/8024/819 5247/8023/818
f 5262/7970/793 5261/7968/791 5245/8025/820 5246/8024/819
f 5261/7968/791 5260/7960/783 5244/8026/821 5245/8025/820
f 5260/7960/783 5259/7963/786 5243/8009/802 5244/8026/821
f 5257/8027/827 5306/8012/827 5242/8011/827
f 5256/8028/827 5306/8012/827 5257/8027/827
f 5255/8029/827 5306/8012/827 5256/8028/827
f 5254/8030/827 5306/8012/827 5255/8029/827
f 5253/8031/827 5306/8012/827 5254/8030/827
f 5252/8032/827 5306/8012/827 5253/8031/827
f 5251/8033/827 5306/8012/827 5252/8032/827
f 5250/8034/827 5306/8012/827 5251/8033/827
f 5249/8035/827 5306/8012/827 5250/8034/827
f 5248/8036/827 5306/8012/827 5249/8035/827
f 5247/8037/827 5306/8012/827 5248/8036/827
f 5246/8038/827 5306/8012/827 5247/8037/827
f 5245/8039/827 5306/8012/827 5246/8038/827
f 5244/8040/827 5306/8012/827 5245/8039/827
f 5243/8010/827 5306/8012/827 5244/8040/827
f 5274/8041/778 5275/7953/778 5307/7955/778
f 5277/7954/778 5279/8042/778 5307/7955/778
f 5279/8042/778 5281/8043/778 5307/7955/778
f 5281/8043/778 5283/8044/778 5307/7955/778
f 5283/8044/778 5285/8045/778 5307/7955/778
f 5285/8045/778 5287/8046/778 5307/7955/778
f 5287/8046/778 5289/8047/778 5307/7955/778
f 5289/8047/778 5291/8048/778 5307/7955/778
f 5291/8048/778 5293/8049/778 5307/7955/778
f 5293/8049/778 5295/8050/778 5307/7955/778
f 5295/8050/778 5297/8051/778 5307/7955/778
f 5297/8051/778 5299/8052/778 5307/7955/778
f 5299/8052/778 5301/8053/778 5307/7955/778
f 5301/8053/778 5303/8054/778 5307/7955/778
f 5303/8054/778 5274/8041/778 5307/7955/778
f 5273/7967/790 5304/7966/789 5302/7958/781 5272/7957/780
f 5341/8055/778 5343/8056/778 5373/8057/778
f 5337/8058/779 5338/8059/780 5368/8060/781 5366/8061/782
f 5326/8062/783 5344/8063/784 5342/8064/833 5325/8065/786
f 5324/8066/787 5371/8067/788 5370/8068/789 5339/8069/790
f 5327/8070/791 5346/8071/792 5344/8063/784 5326/8062/783
f 5328/8072/793 5348/8073/794 5346/8071/792 5327/8070/791
f 5329/8074/795 5350/8075/796 5348/8073/794 5328/8072/793
f 5330/8076/797 5352/8077/798 5350/8075/796 5329/8074/795
f 5331/8078/799 5354/8079/800 5352/8077/798 5330/8076/797
f 5340/8080/801 5371/8067/788 5342/8064/833 5341/8081/802
f 5324/8066/787 5325/8065/786 5342/8064/833 5371/8067/788
f 5369/8082/803 5370/8068/789 5371/8067/788 5340/8080/801
f 5367/8083/804 5368/8060/781 5370/8068/789 5369/8082/803
f 5365/8084/805 5366/8061/782 5368/8060/781 5367/8083/804
f 5363/8085/806 5364/8086/807 5366/8061/782 5365/8084/805
f 5361/8087/808 5362/8088/809 5364/8089/807 5363/8090/806
f 5359/8091/810 5360/8092/811 5362/8088/809 5361/8087/808
f 5357/8093/812 5358/8094/813 5360/8092/811 5359/8091/810
f 5355/8095/814 5356/8096/815 5358/8094/813 5357/8093/812
f 5353/8097/816 5354/8079/800 5356/8096/815 5355/8095/814
f 5351/8098/817 5352/8077/798 5354/8079/800 5353/8097/816
f 5349/8099/818 5350/8075/796 5352/8077/798 5351/8098/817
f 5347/8100/819 5348/8073/794 5350/8075/796 5349/8099/818
f 5345/8101/820 5346/8071/792 5348/8073/794 5347/8100/819
f 5343/8102/821 5344/8063/784 5346/8071/792 5345/8101/820
f 5341/8081/802 5342/8064/833 5344/8063/784 5343/8102/821
f 5336/8103/822 5337/8058/779 5366/8061/782 5364/8086/807
f 5335/8104/823 5336/8105/822 5364/8089/807 5362/8088/809
f 5334/8106/824 5335/8104/823 5362/8088/809 5360/8092/811
f 5333/8107/825 5334/8106/824 5360/8092/811 5358/8094/813
f 5332/8108/826 5333/8107/825 5358/8094/813 5356/8096/815
f 5331/8078/799 5332/8108/826 5356/8096/815 5354/8079/800
f 5324/8066/787 5339/8069/790 5323/8109/803 5308/8110/801
f 5325/8065/786 5324/8066/787 5308/8110/801 5309/8111/802
f 5309/8112/827 5308/8113/827 5372/8114/827
f 5339/8069/790 5338/8059/780 5322/8115/804 5323/8109/803
f 5338/8059/780 5337/8058/779 5321/8116/805 5322/8115/804
f 5337/8058/779 5336/8103/822 5320/8117/806 5321/8116/805
f 5336/8105/822 5335/8104/823 5319/8118/808 5320/8119/806
f 5335/8104/823 5334/8106/824 5318/8120/810 5319/8118/808
f 5334/8106/824 5333/8107/825 5317/8121/812 5318/8120/810
f 5333/8107/825 5332/8108/826 5316/8122/814 5317/8121/812
f 5332/8108/826 5331/8078/799 5315/8123/816 5316/8122/814
f 5331/8078/799 5330/8076/797 5314/8124/817 5315/8123/816
f 5330/8076/797 5329/8074/795 5313/8125/818 5314/8124/817
f 5329/8074/795 5328/8072/793 5312/8126/819 5313/8125/818
f 5328/8072/793 5327/8070/791 5311/8127/820 5312/8126/819
f 5327/8070/791 5326/8062/783 5310/8128/821 5311/8127/820
f 5326/8062/783 5325/8065/786 5309/8111/802 5310/8128/821
f 5323/8129/827 5372/8114/827 5308/8113/827
f 5322/8130/827 5372/8114/827 5323/8129/827
f 5321/8131/827 5372/8114/827 5322/8130/827
f 5320/8132/827 5372/8114/827 5321/8131/827
f 5319/8133/827 5372/8114/827 5320/8132/827
f 5318/8134/827 5372/8114/827 5319/8133/827
f 5317/8135/827 5372/8114/827 5318/8134/827
f 5316/8136/827 5372/8114/827 5317/8135/827
f 5315/8137/827 5372/8114/827 5316/8136/827
f 5314/8138/827 5372/8114/827 5315/8137/827
f 5313/8139/827 5372/8114/827 5314/8138/827
f 5312/8140/827 5372/8114/827 5313/8139/827
f 5311/8141/827 5372/8114/827 5312/8140/827
f 5310/8142/827 5372/8114/827 5311/8141/827
f 5309/8112/827 5372/8114/827 5310/8142/827
f 5340/8143/778 5341/8055/778 5373/8057/778
f 5343/8056/778 5345/8144/778 5373/8057/778
f 5345/8144/778 5347/8145/778 5373/8057/778
f 5347/8145/778 5349/8146/778 5373/8057/778
f 5349/8146/778 5351/8147/778 5373/8057/778
f 5351/8147/778 5353/8148/778 5373/8057/778
f 5353/8148/778 5355/8149/778 5373/8057/778
f 5355/8149/778 5357/8150/778 5373/8057/778
f 5357/8150/778 5359/8151/778 5373/8057/778
f 5359/8151/778 5361/8152/778 5373/8057/778
f 5361/8152/778 5363/8153/778 5373/8057/778
f 5363/8153/778 5365/8154/778 5373/8057/778
f 5365/8154/778 5367/8155/778 5373/8057/778
f 5367/8155/778 5369/8156/778 5373/8057/778
f 5369/8156/778 5340/8143/778 5373/8057/778
f 5339/8069/790 5370/8068/789 5368/8060/781 5338/8059/780
f 5407/8157/778 5409/8158/778 5439/8159/778
f 5403/8160/779 5404/8161/780 5434/8162/781 5432/8163/782
f 5392/8164/783 5410/8165/784 5408/8166/785 5391/8167/786
f 5390/8168/787 5437/8169/788 5436/8170/789 5405/8171/790
f 5393/8172/791 5412/8173/792 5410/8165/784 5392/8164/783
f 5394/8174/793 5414/8175/794 5412/8173/792 5393/8172/791
f 5395/8176/795 5416/8177/796 5414/8175/794 5394/8174/793
f 5396/8178/797 5418/8179/798 5416/8177/796 5395/8176/795
f 5397/8180/799 5420/8181/800 5418/8179/798 5396/8178/797
f 5406/8182/801 5437/8169/788 5408/8166/785 5407/8183/802
f 5390/8168/787 5391/8167/786 5408/8166/785 5437/8169/788
f 5435/8184/803 5436/8170/789 5437/8169/788 5406/8182/801
f 5433/8185/804 5434/8162/781 5436/8170/789 5435/8184/803
f 5431/8186/805 5432/8163/782 5434/8162/781 5433/8185/804
f 5429/8187/806 5430/8188/807 5432/8163/782 5431/8186/805
f 5427/8189/808 5428/8190/809 5430/8191/807 5429/8192/806
f 5425/8193/810 5426/8194/811 5428/8190/809 5427/8189/808
f 5423/8195/812 5424/8196/813 5426/8194/811 5425/8193/810
f 5421/8197/814 5422/8198/815 5424/8196/813 5423/8195/812
f 5419/8199/816 5420/8181/800 5422/8198/815 5421/8197/814
f 5417/8200/817 5418/8179/798 5420/8181/800 5419/8199/816
f 5415/8201/818 5416/8177/796 5418/8179/798 5417/8200/817
f 5413/8202/819 5414/8175/794 5416/8177/796 5415/8201/818
f 5411/8203/820 5412/8173/792 5414/8175/794 5413/8202/819
f 5409/8204/821 5410/8165/784 5412/8173/792 5411/8203/820
f 5407/8183/802 5408/8166/785 5410/8165/784 5409/8204/821
f 5402/8205/822 5403/8160/779 5432/8163/782 5430/8188/807
f 5401/8206/823 5402/8207/822 5430/8191/807 5428/8190/809
f 5400/8208/824 5401/8206/823 5428/8190/809 5426/8194/811
f 5399/8209/825 5400/8208/824 5426/8194/811 5424/8196/813
f 5398/8210/826 5399/8209/825 5424/8196/813 5422/8198/815
f 5397/8180/799 5398/8210/826 5422/8198/815 5420/8181/800
f 5390/8168/787 5405/8171/790 5389/8211/803 5374/8212/801
f 5391/8167/786 5390/8168/787 5374/8212/801 5375/8213/802
f 5375/8214/827 5374/8215/827 5438/8216/827
f 5405/8171/790 5404/8161/780 5388/8217/804 5389/8211/803
f 5404/8161/780 5403/8160/779 5387/8218/805 5388/8217/804
f 5403/8160/779 5402/8205/822 5386/8219/806 5387/8218/805
f 5402/8207/822 5401/8206/823 5385/8220/808 5386/8221/806
f 5401/8206/823 5400/8208/824 5384/8222/810 5385/8220/808
f 5400/8208/824 5399/8209/825 5383/8223/812 5384/8222/810
f 5399/8209/825 5398/8210/826 5382/8224/814 5383/8223/812
f 5398/8210/826 5397/8180/799 5381/8225/816 5382/8224/814
f 5397/8180/799 5396/8178/797 5380/8226/817 5381/8225/816
f 5396/8178/797 5395/8176/795 5379/8227/818 5380/8226/817
f 5395/8176/795 5394/8174/793 5378/8228/819 5379/8227/818
f 5394/8174/793 5393/8172/791 5377/8229/820 5378/8228/819
f 5393/8172/791 5392/8164/783 5376/8230/821 5377/8229/820
f 5392/8164/783 5391/8167/786 5375/8213/802 5376/8230/821
f 5389/8231/827 5438/8216/827 5374/8215/827
f 5388/8232/827 5438/8216/827 5389/8231/827
f 5387/8233/827 5438/8216/827 5388/8232/827
f 5386/8234/827 5438/8216/827 5387/8233/827
f 5385/8235/827 5438/8216/827 5386/8234/827
f 5384/8236/827 5438/8216/827 5385/8235/827
f 5383/8237/827 5438/8216/827 5384/8236/827
f 5382/8238/827 5438/8216/827 5383/8237/827
f 5381/8239/827 5438/8216/827 5382/8238/827
f 5380/8240/827 5438/8216/827 5381/8239/827
f 5379/8241/827 5438/8216/827 5380/8240/827
f 5378/8242/827 5438/8216/827 5379/8241/827
f 5377/8243/827 5438/8216/827 5378/8242/827
f 5376/8244/827 5438/8216/827 5377/8243/827
f 5375/8214/827 5438/8216/827 5376/8244/827
f 5406/8245/778 5407/8157/778 5439/8159/778
f 5409/8158/778 5411/8246/778 5439/8159/778
f 5411/8246/778 5413/8247/778 5439/8159/778
f 5413/8247/778 5415/8248/778 5439/8159/778
f 5415/8248/778 5417/8249/778 5439/8159/778
f 5417/8249/778 5419/8250/778 5439/8159/778
f 5419/8250/778 5421/8251/778 5439/8159/778
f 5421/8251/778 5423/8252/778 5439/8159/778
f 5423/8252/778 5425/8253/778 5439/8159/778
f 5425/8253/778 5427/8254/778 5439/8159/778
f 5427/8254/778 5429/8255/778 5439/8159/778
f 5429/8255/778 5431/8256/778 5439/8159/778
f 5431/8256/778 5433/8257/778 5439/8159/778
f 5433/8257/778 5435/8258/778 5439/8159/778
f 5435/8258/778 5406/8245/778 5439/8159/778
f 5405/8171/790 5436/8170/789 5434/8162/781 5404/8161/780
f 5473/8259/778 5505/8260/778 5475/8261/778
f 5469/8262/823 5498/8263/834 5500/8264/835 5470/8265/824
f 5458/8266/797 5457/8267/799 5474/8268/800 5476/8269/836
f 5456/8270/826 5471/8271/825 5502/8272/837 5503/8273/838
f 5459/8274/795 5458/8266/797 5476/8269/836 5478/8275/839
f 5460/8276/793 5459/8274/795 5478/8275/839 5480/8277/794
f 5461/8278/791 5460/8276/793 5480/8277/794 5482/8279/840
f 5462/8280/783 5461/8278/791 5482/8279/840 5484/8281/784
f 5463/8282/786 5462/8280/783 5484/8281/784 5486/8283/841
f 5472/8284/814 5473/8285/816 5474/8268/800 5503/8273/838
f 5456/8270/826 5503/8273/838 5474/8268/800 5457/8267/799
f 5501/8286/812 5472/8284/814 5503/8273/838 5502/8272/837
f 5499/8287/810 5501/8286/812 5502/8272/837 5500/8264/835
f 5497/8288/808 5499/8287/810 5500/8264/835 5498/8263/834
f 5495/8289/806 5497/8288/808 5498/8263/834 5496/8290/807
f 5493/8291/805 5495/8292/806 5496/8293/807 5494/8294/842
f 5491/8295/804 5493/8291/805 5494/8294/842 5492/8296/781
f 5489/8297/803 5491/8295/804 5492/8296/781 5490/8298/789
f 5487/8299/801 5489/8297/803 5490/8298/789 5488/8300/788
f 5485/8301/802 5487/8299/801 5488/8300/788 5486/8283/841
f 5483/8302/821 5485/8301/802 5486/8283/841 5484/8281/784
f 5481/8303/820 5483/8302/821 5484/8281/784 5482/8279/840
f 5479/8304/819 5481/8303/820 5482/8279/840 5480/8277/794
f 5477/8305/818 5479/8304/819 5480/8277/794 5478/8275/839
f 5475/8306/817 5477/8305/818 5478/8275/839 5476/8269/836
f 5473/8285/816 5475/8306/817 5476/8269/836 5474/8268/800
f 5468/8307/822 5496/8290/807 5498/8263/834 5469/8262/823
f 5467/8308/779 5494/8294/842 5496/8293/807 5468/8309/822
f 5466/8310/780 5492/8296/781 5494/8294/842 5467/8308/779
f 5465/8311/790 5490/8298/789 5492/8296/781 5466/8310/780
f 5464/8312/787 5488/8300/788 5490/8298/789 5465/8311/790
f 5463/8282/786 5486/8283/841 5488/8300/788 5464/8312/787
f 5456/8270/826 5440/8313/814 5455/8314/812 5471/8271/825
f 5457/8267/799 5441/8315/816 5440/8313/814 5456/8270/826
f 5441/8316/827 5504/8317/827 5440/8318/827
f 5471/8271/825 5455/8314/812 5454/8319/810 5470/8265/824
f 5470/8265/824 5454/8319/810 5453/8320/808 5469/8262/823
f 5469/8262/823 5453/8320/808 5452/8321/806 5468/8307/822
f 5468/8309/822 5452/8322/806 5451/8323/805 5467/8308/779
f 5467/8308/779 5451/8323/805 5450/8324/804 5466/8310/780
f 5466/8310/780 5450/8324/804 5449/8325/803 5465/8311/790
f 5465/8311/790 5449/8325/803 5448/8326/801 5464/8312/787
f 5464/8312/787 5448/8326/801 5447/8327/802 5463/8282/786
f 5463/8282/786 5447/8327/802 5446/8328/821 5462/8280/783
f 5462/8280/783 5446/8328/821 5445/8329/820 5461/8278/791
f 5461/8278/791 5445/8329/820 5444/8330/819 5460/8276/793
f 5460/8276/793 5444/8330/819 5443/8331/818 5459/8274/795
f 5459/8274/795 5443/8331/818 5442/8332/817 5458/8266/797
f 5458/8266/797 5442/8332/817 5441/8315/816 5457/8267/799
f 5455/8333/827 5440/8318/827 5504/8317/827
f 5454/8334/827 5455/8333/827 5504/8317/827
f 5453/8335/827 5454/8334/827 5504/8317/827
f 5452/8336/827 5453/8335/827 5504/8317/827
f 5451/8337/827 5452/8336/827 5504/8317/827
f 5450/8338/827 5451/8337/827 5504/8317/827
f 5449/8339/827 5450/8338/827 5504/8317/827
f 5448/8340/827 5449/8339/827 5504/8317/827
f 5447/8341/827 5448/8340/827 5504/8317/827
f 5446/8342/827 5447/8341/827 5504/8317/827
f 5445/8343/827 5446/8342/827 5504/8317/827
f 5444/8344/827 5445/8343/827 5504/8317/827
f 5443/8345/827 5444/8344/827 5504/8317/827
f 5442/8346/827 5443/8345/827 5504/8317/827
f 5441/8316/827 5442/8346/827 5504/8317/827
f 5472/8347/778 5505/8260/778 5473/8259/778
f 5475/8261/778 5505/8260/778 5477/8348/778
f 5477/8348/778 5505/8260/778 5479/8349/778
f 5479/8349/778 5505/8260/778 5481/8350/778
f 5481/8350/778 5505/8260/778 5483/8351/778
f 5483/8351/778 5505/8260/778 5485/8352/778
f 5485/8352/778 5505/8260/778 5487/8353/778
f 5487/8353/778 5505/8260/778 5489/8354/778
f 5489/8354/778 5505/8260/778 5491/8355/778
f 5491/8355/778 5505/8260/778 5493/8356/778
f 5493/8356/778 5505/8260/778 5495/8357/778
f 5495/8357/778 5505/8260/778 5497/8358/778
f 5497/8358/778 5505/8260/778 5499/8359/778
f 5499/8359/778 5505/8260/778 5501/8360/778
f 5501/8360/778 5505/8260/778 5472/8347/778
f 5471/8271/825 5470/8265/824 5500/8264/835 5502/8272/837
f 5539/8361/778 5571/8362/778 5541/8363/778
f 5535/8364/823 5564/8365/834 5566/8366/843 5536/8367/824
f 5524/8368/797 5523/8369/799 5540/8370/800 5542/8371/836
f 5522/8372/826 5537/8373/825 5568/8374/837 5569/8375/844
f 5525/8376/795 5524/8368/797 5542/8371/836 5544/8377/839
f 5526/8378/793 5525/8376/795 5544/8377/839 5546/8379/794
f 5527/8380/791 5526/8378/793 5546/8379/794 5548/8381/845
f 5528/8382/783 5527/8380/791 5548/8381/845 5550/8383/846
f 5529/8384/786 5528/8382/783 5550/8383/846 5552/8385/847
f 5538/8386/814 5539/8387/816 5540/8370/800 5569/8375/844
f 5522/8372/826 5569/8375/844 5540/8370/800 5523/8369/799
f 5567/8388/812 5538/8386/814 5569/8375/844 5568/8374/837
f 5565/8389/810 5567/8388/812 5568/8374/837 5566/8366/843
f 5563/8390/808 5565/8389/810 5566/8366/843 5564/8365/834
f 5561/8391/806 5563/8390/808 5564/8365/834 5562/8392/807
f 5559/8393/805 5561/8394/806 5562/8395/807 5560/8396/842
f 5557/8397/804 5559/8393/805 5560/8396/842 5558/8398/781
f 5555/8399/803 5557/8397/804 5558/8398/781 5556/8400/789
f 5553/8401/801 5555/8399/803 5556/8400/789 5554/8402/788
f 5551/8403/802 5553/8401/801 5554/8402/788 5552/8385/847
f 5549/8404/821 5551/8403/802 5552/8385/847 5550/8383/846
f 5547/8405/820 5549/8404/821 5550/8383/846 5548/8381/845
f 5545/8406/819 5547/8405/820 5548/8381/845 5546/8379/794
f 5543/8407/818 5545/8406/819 5546/8379/794 5544/8377/839
f 5541/8408/817 5543/8407/818 5544/8377/839 5542/8371/836
f 5539/8387/816 5541/8408/817 5542/8371/836 5540/8370/800
f 5534/8409/822 5562/8392/807 5564/8365/834 5535/8364/823
f 5533/8410/779 5560/8396/842 5562/8395/807 5534/8411/822
f 5532/8412/780 5558/8398/781 5560/8396/842 5533/8410/779
f 5531/8413/790 5556/8400/789 5558/8398/781 5532/8412/780
f 5530/8414/787 5554/8402/788 5556/8400/789 5531/8413/790
f 5529/8384/786 5552/8385/847 5554/8402/788 5530/8414/787
f 5522/8372/826 5506/8415/814 5521/8416/812 5537/8373/825
f 5523/8369/799 5507/8417/816 5506/8415/814 5522/8372/826
f 5507/8418/827 5570/8419/827 5506/8420/827
f 5537/8373/825 5521/8416/812 5520/8421/810 5536/8367/824
f 5536/8367/824 5520/8421/810 5519/8422/808 5535/8364/823
f 5535/8364/823 5519/8422/808 5518/8423/806 5534/8409/822
f 5534/8411/822 5518/8424/806 5517/8425/805 5533/8410/779
f 5533/8410/779 5517/8425/805 5516/8426/804 5532/8412/780
f 5532/8412/780 5516/8426/804 5515/8427/803 5531/8413/790
f 5531/8413/790 5515/8427/803 5514/8428/801 5530/8414/787
f 5530/8414/787 5514/8428/801 5513/8429/802 5529/8384/786
f 5529/8384/786 5513/8429/802 5512/8430/821 5528/8382/783
f 5528/8382/783 5512/8430/821 5511/8431/820 5527/8380/791
f 5527/8380/791 5511/8431/820 5510/8432/819 5526/8378/793
f 5526/8378/793 5510/8432/819 5509/8433/818 5525/8376/795
f 5525/8376/795 5509/8433/818 5508/8434/817 5524/8368/797
f 5524/8368/797 5508/8434/817 5507/8417/816 5523/8369/799
f 5521/8435/827 5506/8420/827 5570/8419/827
f 5520/8436/827 5521/8435/827 5570/8419/827
f 5519/8437/827 5520/8436/827 5570/8419/827
f 5518/8438/827 5519/8437/827 5570/8419/827
f 5517/8439/827 5518/8438/827 5570/8419/827
f 5516/8440/827 5517/8439/827 5570/8419/827
f 5515/8441/827 5516/8440/827 5570/8419/827
f 5514/8442/827 5515/8441/827 5570/8419/827
f 5513/8443/827 5514/8442/827 5570/8419/827
f 5512/8444/827 5513/8443/827 5570/8419/827
f 5511/8445/827 5512/8444/827 5570/8419/827
f 5510/8446/827 5511/8445/827 5570/8419/827
f 5509/8447/827 5510/8446/827 5570/8419/827
f 5508/8448/827 5509/8447/827 5570/8419/827
f 5507/8418/827 5508/8448/827 5570/8419/827
f 5538/8449/778 5571/8362/778 5539/8361/778
f 5541/8363/778 5571/8362/778 5543/8450/778
f 5543/8450/778 5571/8362/778 5545/8451/778
f 5545/8451/778 5571/8362/778 5547/8452/778
f 5547/8452/778 5571/8362/778 5549/8453/778
f 5549/8453/778 5571/8362/778 5551/8454/778
f 5551/8454/778 5571/8362/778 5553/8455/778
f 5553/8455/778 5571/8362/778 5555/8456/778
f 5555/8456/778 5571/8362/778 5557/8457/778
f 5557/8457/778 5571/8362/778 5559/8458/778
f 5559/8458/778 5571/8362/778 5561/8459/778
f 5561/8459/778 5571/8362/778 5563/8460/778
f 5563/8460/778 5571/8362/778 5565/8461/778
f 5565/8461/778 5571/8362/778 5567/8462/778
f 5567/8462/778 5571/8362/778 5538/8449/778
f 5537/8373/825 5536/8367/824 5566/8366/843 5568/8374/837
f 5605/8463/778 5637/8464/778 5607/8465/778
f 5601/8466/823 5630/8467/834 5632/8468/843 5602/8469/824
f 5590/8470/797 5589/8471/799 5606/8472/800 5608/8473/836
f 5588/8474/826 5603/8475/825 5634/8476/837 5635/8477/848
f 5591/8478/795 5590/8470/797 5608/8473/836 5610/8479/839
f 5592/8480/793 5591/8478/795 5610/8479/839 5612/8481/794
f 5593/8482/791 5592/8480/793 5612/8481/794 5614/8483/849
f 5594/8484/783 5593/8482/791 5614/8483/849 5616/8485/784
f 5595/8486/786 5594/8484/783 5616/8485/784 5618/8487/847
f 5604/8488/814 5605/8489/816 5606/8472/800 5635/8477/848
f 5588/8474/826 5635/8477/848 5606/8472/800 5589/8471/799
f 5633/8490/812 5604/8488/814 5635/8477/848 5634/8476/837
f 5631/8491/810 5633/8490/812 5634/8476/837 5632/8468/843
f 5629/8492/808 5631/8491/810 5632/8468/843 5630/8467/834
f 5627/8493/806 5629/8492/808 5630/8467/834 5628/8494/807
f 5625/8495/805 5627/8496/806 5628/8497/807 5626/8498/842
f 5623/8499/804 5625/8495/805 5626/8498/842 5624/8500/781
f 5621/8501/803 5623/8499/804 5624/8500/781 5622/8502/789
f 5619/8503/801 5621/8501/803 5622/8502/789 5620/8504/788
f 5617/8505/802 5619/8503/801 5620/8504/788 5618/8487/847
f 5615/8506/821 5617/8505/802 5618/8487/847 5616/8485/784
f 5613/8507/820 5615/8506/821 5616/8485/784 5614/8483/849
f 5611/8508/819 5613/8507/820 5614/8483/849 5612/8481/794
f 5609/8509/818 5611/8508/819 5612/8481/794 5610/8479/839
f 5607/8510/817 5609/8509/818 5610/8479/839 5608/8473/836
f 5605/8489/816 5607/8510/817 5608/8473/836 5606/8472/800
f 5600/8511/822 5628/8494/807 5630/8467/834 5601/8466/823
f 5599/8512/779 5626/8498/842 5628/8497/807 5600/8513/822
f 5598/8514/780 5624/8500/781 5626/8498/842 5599/8512/779
f 5597/8515/790 5622/8502/789 5624/8500/781 5598/8514/780
f 5596/8516/787 5620/8504/788 5622/8502/789 5597/8515/790
f 5595/8486/786 5618/8487/847 5620/8504/788 5596/8516/787
f 5588/8474/826 5572/8517/814 5587/8518/812 5603/8475/825
f 5589/8471/799 5573/8519/816 5572/8517/814 5588/8474/826
f 5573/8520/827 5636/8521/827 5572/8522/827
f 5603/8475/825 5587/8518/812 5586/8523/810 5602/8469/824
f 5602/8469/824 5586/8523/810 5585/8524/808 5601/8466/823
f 5601/8466/823 5585/8524/808 5584/8525/806 5600/8511/822
f 5600/8513/822 5584/8526/806 5583/8527/805 5599/8512/779
f 5599/8512/779 5583/8527/805 5582/8528/804 5598/8514/780
f 5598/8514/780 5582/8528/804 5581/8529/803 5597/8515/790
f 5597/8515/790 5581/8529/803 5580/8530/801 5596/8516/787
f 5596/8516/787 5580/8530/801 5579/8531/802 5595/8486/786
f 5595/8486/786 5579/8531/802 5578/8532/821 5594/8484/783
f 5594/8484/783 5578/8532/821 5577/8533/820 5593/8482/791
f 5593/8482/791 5577/8533/820 5576/8534/819 5592/8480/793
f 5592/8480/793 5576/8534/819 5575/8535/818 5591/8478/795
f 5591/8478/795 5575/8535/818 5574/8536/817 5590/8470/797
f 5590/8470/797 5574/8536/817 5573/8519/816 5589/8471/799
f 5587/8537/827 5572/8522/827 5636/8521/827
f 5586/8538/827 5587/8537/827 5636/8521/827
f 5585/8539/827 5586/8538/827 5636/8521/827
f 5584/8540/827 5585/8539/827 5636/8521/827
f 5583/8541/827 5584/8540/827 5636/8521/827
f 5582/8542/827 5583/8541/827 5636/8521/827
f 5581/8543/827 5582/8542/827 5636/8521/827
f 5580/8544/827 5581/8543/827 5636/8521/827
f 5579/8545/827 5580/8544/827 5636/8521/827
f 5578/8546/827 5579/8545/827 5636/8521/827
f 5577/8547/827 5578/8546/827 5636/8521/827
f 5576/8548/827 5577/8547/827 5636/8521/827
f 5575/8549/827 5576/8548/827 5636/8521/827
f 5574/8550/827 5575/8549/827 5636/8521/827
f 5573/8520/827 5574/8550/827 5636/8521/827
f 5604/8551/778 5637/8464/778 5605/8463/778
f 5607/8465/778 5637/8464/778 5609/8552/778
f 5609/8552/778 5637/8464/778 5611/8553/778
f 5611/8553/778 5637/8464/778 5613/8554/778
f 5613/8554/778 5637/8464/778 5615/8555/778
f 5615/8555/778 5637/8464/778 5617/8556/778
f 5617/8556/778 5637/8464/778 5619/8557/778
f 5619/8557/778 5637/8464/778 5621/8558/778
f 5621/8558/778 5637/8464/778 5623/8559/778
f 5623/8559/778 5637/8464/778 5625/8560/778
f 5625/8560/778 5637/8464/778 5627/8561/778
f 5627/8561/778 5637/8464/778 5629/8562/778
f 5629/8562/778 5637/8464/778 5631/8563/778
f 5631/8563/778 5637/8464/778 5633/8564/778
f 5633/8564/778 5637/8464/778 5604/8551/778
f 5603/8475/825 5602/8469/824 5632/8468/843 5634/8476/837
f 5671/8565/778 5703/8566/778 5673/8567/778
f 5667/8568/823 5696/8569/834 5698/8570/850 5668/8571/824
f 5656/8572/797 5655/8573/799 5672/8574/800 5674/8575/851
f 5654/8576/826 5669/8577/825 5700/8578/837 5701/8579/815
f 5657/8580/795 5656/8572/797 5674/8575/851 5676/8581/839
f 5658/8582/793 5657/8580/795 5676/8581/839 5678/8583/794
f 5659/8584/791 5658/8582/793 5678/8583/794 5680/8585/845
f 5660/8586/783 5659/8584/791 5680/8585/845 5682/8587/846
f 5661/8588/786 5660/8586/783 5682/8587/846 5684/8589/830
f 5670/8590/814 5671/8591/816 5672/8574/800 5701/8579/815
f 5654/8576/826 5701/8579/815 5672/8574/800 5655/8573/799
f 5699/8592/812 5670/8590/814 5701/8579/815 5700/8578/837
f 5697/8593/810 5699/8592/812 5700/8578/837 5698/8570/850
f 5695/8594/808 5697/8593/810 5698/8570/850 5696/8569/834
f 5693/8595/806 5695/8594/808 5696/8569/834 5694/8596/807
f 5691/8597/805 5693/8598/806 5694/8599/807 5692/8600/842
f 5689/8601/804 5691/8597/805 5692/8600/842 5690/8602/781
f 5687/8603/803 5689/8601/804 5690/8602/781 5688/8604/789
f 5685/8605/801 5687/8603/803 5688/8604/789 5686/8606/788
f 5683/8607/802 5685/8605/801 5686/8606/788 5684/8589/830
f 5681/8608/821 5683/8607/802 5684/8589/830 5682/8587/846
f 5679/8609/820 5681/8608/821 5682/8587/846 5680/8585/845
f 5677/8610/819 5679/8609/820 5680/8585/845 5678/8583/794
f 5675/8611/818 5677/8610/819 5678/8583/794 5676/8581/839
f 5673/8612/817 5675/8611/818 5676/8581/839 5674/8575/851
f 5671/8591/816 5673/8612/817 5674/8575/851 5672/8574/800
f 5666/8613/822 5694/8596/807 5696/8569/834 5667/8568/823
f 5665/8614/779 5692/8600/842 5694/8599/807 5666/8615/822
f 5664/8616/780 5690/8602/781 5692/8600/842 5665/8614/779
f 5663/8617/790 5688/8604/789 5690/8602/781 5664/8616/780
f 5662/8618/787 5686/8606/788 5688/8604/789 5663/8617/790
f 5661/8588/786 5684/8589/830 5686/8606/788 5662/8618/787
f 5654/8576/826 5638/8619/814 5653/8620/812 5669/8577/825
f 5655/8573/799 5639/8621/816 5638/8619/814 5654/8576/826
f 5639/8622/827 5702/8623/827 5638/8624/827
f 5669/8577/825 5653/8620/812 5652/8625/810 5668/8571/824
f 5668/8571/824 5652/8625/810 5651/8626/808 5667/8568/823
f 5667/8568/823 5651/8626/808 5650/8627/806 5666/8613/822
f 5666/8615/822 5650/8628/806 5649/8629/805 5665/8614/779
f 5665/8614/779 5649/8629/805 5648/8630/804 5664/8616/780
f 5664/8616/780 5648/8630/804 5647/8631/803 5663/8617/790
f 5663/8617/790 5647/8631/803 5646/8632/801 5662/8618/787
f 5662/8618/787 5646/8632/801 5645/8633/802 5661/8588/786
f 5661/8588/786 5645/8633/802 5644/8634/821 5660/8586/783
f 5660/8586/783 5644/8634/821 5643/8635/820 5659/8584/791
f 5659/8584/791 5643/8635/820 5642/8636/819 5658/8582/793
f 5658/8582/793 5642/8636/819 5641/8637/818 5657/8580/795
f 5657/8580/795 5641/8637/818 5640/8638/817 5656/8572/797
f 5656/8572/797 5640/8638/817 5639/8621/816 5655/8573/799
f 5653/8639/827 5638/8624/827 5702/8623/827
f 5652/8640/827 5653/8639/827 5702/8623/827
f 5651/8641/827 5652/8640/827 5702/8623/827
f 5650/8642/827 5651/8641/827 5702/8623/827
f 5649/8643/827 5650/8642/827 5702/8623/827
f 5648/8644/827 5649/8643/827 5702/8623/827
f 5647/8645/827 5648/8644/827 5702/8623/827
f 5646/8646/827 5647/8645/827 5702/8623/827
f 5645/8647/827 5646/8646/827 5702/8623/827
f 5644/8648/827 5645/8647/827 5702/8623/827
f 5643/8649/827 5644/8648/827 5702/8623/827
f 5642/8650/827 5643/8649/827 5702/8623/827
f 5641/8651/827 5642/8650/827 5702/8623/827
f 5640/8652/827 5641/8651/827 5702/8623/827
f 5639/8622/827 5640/8652/827 5702/8623/827
f 5670/8653/778 5703/8566/778 5671/8565/778
f 5673/8567/778 5703/8566/778 5675/8654/778
f 5675/8654/778 5703/8566/778 5677/8655/778
f 5677/8655/778 5703/8566/778 5679/8656/778
f 5679/8656/778 5703/8566/778 5681/8657/778
f 5681/8657/778 5703/8566/778 5683/8658/778
f 5683/8658/778 5703/8566/778 5685/8659/778
f 5685/8659/778 5703/8566/778 5687/8660/778
f 5687/8660/778 5703/8566/778 5689/8661/778
f 5689/8661/778 5703/8566/778 5691/8662/778
f 5691/8662/778 5703/8566/778 5693/8663/778
f 5693/8663/778 5703/8566/778 5695/8664/778
f 5695/8664/778 5703/8566/778 5697/8665/778
f 5697/8665/778 5703/8566/778 5699/8666/778
f 5699/8666/778 5703/8566/778 5670/8653/778
f 5669/8577/825 5668/8571/824 5698/8570/850 5700/8578/837
f 5737/8667/778 5769/8668/778 5739/8669/778
f 5733/8670/823 5762/8671/834 5764/8672/843 5734/8673/824
f 5722/8674/797 5721/8675/799 5738/8676/800 5740/8677/852
f 5720/8678/826 5735/8679/825 5766/8680/837 5767/8681/815
f 5723/8682/795 5722/8674/797 5740/8677/852 5742/8683/853
f 5724/8684/793 5723/8682/795 5742/8683/853 5744/8685/794
f 5725/8686/791 5724/8684/793 5744/8685/794 5746/8687/845
f 5726/8688/783 5725/8686/791 5746/8687/845 5748/8689/784
f 5727/8690/786 5726/8688/783 5748/8689/784 5750/8691/830
f 5736/8692/814 5737/8693/816 5738/8676/800 5767/8681/815
f 5720/8678/826 5767/8681/815 5738/8676/800 5721/8675/799
f 5765/8694/812 5736/8692/814 5767/8681/815 5766/8680/837
f 5763/8695/810 5765/8694/812 5766/8680/837 5764/8672/843
f 5761/8696/808 5763/8695/810 5764/8672/843 5762/8671/834
f 5759/8697/806 5761/8696/808 5762/8671/834 5760/8698/807
f 5757/8699/805 5759/8700/806 5760/8701/807 5758/8702/842
f 5755/8703/804 5757/8699/805 5758/8702/842 5756/8704/781
f 5753/8705/803 5755/8703/804 5756/8704/781 5754/8706/789
f 5751/8707/801 5753/8705/803 5754/8706/789 5752/8708/788
f 5749/8709/802 5751/8707/801 5752/8708/788 5750/8691/830
f 5747/8710/821 5749/8709/802 5750/8691/830 5748/8689/784
f 5745/8711/820 5747/8710/821 5748/8689/784 5746/8687/845
f 5743/8712/819 5745/8711/820 5746/8687/845 5744/8685/794
f 5741/8713/818 5743/8712/819 5744/8685/794 5742/8683/853
f 5739/8714/817 5741/8713/818 5742/8683/853 5740/8677/852
f 5737/8693/816 5739/8714/817 5740/8677/852 5738/8676/800
f 5732/8715/822 5760/8698/807 5762/8671/834 5733/8670/823
f 5731/8716/779 5758/8702/842 5760/8701/807 5732/8717/822
f 5730/8718/780 5756/8704/781 5758/8702/842 5731/8716/779
f 5729/8719/790 5754/8706/789 5756/8704/781 5730/8718/780
f 5728/8720/787 5752/8708/788 5754/8706/789 5729/8719/790
f 5727/8690/786 5750/8691/830 5752/8708/788 5728/8720/787
f 5720/8678/826 5704/8721/814 5719/8722/812 5735/8679/825
f 5721/8675/799 5705/8723/816 5704/8721/814 5720/8678/826
f 5705/8724/827 5768/8725/827 5704/8726/827
f 5735/8679/825 5719/8722/812 5718/8727/810 5734/8673/824
f 5734/8673/824 5718/8727/810 5717/8728/808 5733/8670/823
f 5733/8670/823 5717/8728/808 5716/8729/806 5732/8715/822
f 5732/8717/822 5716/8730/806 5715/8731/805 5731/8716/779
f 5731/8716/779 5715/8731/805 5714/8732/804 5730/8718/780
f 5730/8718/780 5714/8732/804 5713/8733/803 5729/8719/790
f 5729/8719/790 5713/8733/803 5712/8734/801 5728/8720/787
f 5728/8720/787 5712/8734/801 5711/8735/802 5727/8690/786
f 5727/8690/786 5711/8735/802 5710/8736/821 5726/8688/783
f 5726/8688/783 5710/8736/821 5709/8737/820 5725/8686/791
f 5725/8686/791 5709/8737/820 5708/8738/819 5724/8684/793
f 5724/8684/793 5708/8738/819 5707/8739/818 5723/8682/795
f 5723/8682/795 5707/8739/818 5706/8740/817 5722/8674/797
f 5722/8674/797 5706/8740/817 5705/8723/816 5721/8675/799
f 5719/8741/827 5704/8726/827 5768/8725/827
f 5718/8742/827 5719/8741/827 5768/8725/827
f 5717/8743/827 5718/8742/827 5768/8725/827
f 5716/8744/827 5717/8743/827 5768/8725/827
f 5715/8745/827 5716/8744/827 5768/8725/827
f 5714/8746/827 5715/8745/827 5768/8725/827
f 5713/8747/827 5714/8746/827 5768/8725/827
f 5712/8748/827 5713/8747/827 5768/8725/827
f 5711/8749/827 5712/8748/827 5768/8725/827
f 5710/8750/827 5711/8749/827 5768/8725/827
f 5709/8751/827 5710/8750/827 5768/8725/827
f 5708/8752/827 5709/8751/827 5768/8725/827
f 5707/8753/827 5708/8752/827 5768/8725/827
f 5706/8754/827 5707/8753/827 5768/8725/827
f 5705/8724/827 5706/8754/827 5768/8725/827
f 5736/8755/778 5769/8668/778 5737/8667/778
f 5739/8669/778 5769/8668/778 5741/8756/778
f 5741/8756/778 5769/8668/778 5743/8757/778
f 5743/8757/778 5769/8668/778 5745/8758/778
f 5745/8758/778 5769/8668/778 5747/8759/778
f 5747/8759/778 5769/8668/778 5749/8760/778
f 5749/8760/778 5769/8668/778 5751/8761/778
f 5751/8761/778 5769/8668/778 5753/8762/778
f 5753/8762/778 5769/8668/778 5755/8763/778
f 5755/8763/778 5769/8668/778 5757/8764/778
f 5757/8764/778 5769/8668/778 5759/8765/778
f 5759/8765/778 5769/8668/778 5761/8766/778
f 5761/8766/778 5769/8668/778 5763/8767/778
f 5763/8767/778 5769/8668/778 5765/8768/778
f 5765/8768/778 5769/8668/778 5736/8755/778
f 5735/8679/825 5734/8673/824 5764/8672/843 5766/8680/837
f 5803/8769/778 5835/8770/778 5805/8771/778
f 5799/8772/823 5828/8773/834 5830/8774/835 5800/8775/824
f 5788/8776/797 5787/8777/799 5804/8778/800 5806/8779/798
f 5786/8780/826 5801/8781/825 5832/8782/837 5833/8783/815
f 5789/8784/795 5788/8776/797 5806/8779/798 5808/8785/854
f 5790/8786/793 5789/8784/795 5808/8785/854 5810/8787/794
f 5791/8788/791 5790/8786/793 5810/8787/794 5812/8789/840
f 5792/8790/783 5791/8788/791 5812/8789/840 5814/8791/784
f 5793/8792/786 5792/8790/783 5814/8791/784 5816/8793/833
f 5802/8794/814 5803/8795/816 5804/8778/800 5833/8783/815
f 5786/8780/826 5833/8783/815 5804/8778/800 5787/8777/799
f 5831/8796/812 5802/8794/814 5833/8783/815 5832/8782/837
f 5829/8797/810 5831/8796/812 5832/8782/837 5830/8774/835
f 5827/8798/808 5829/8797/810 5830/8774/835 5828/8773/834
f 5825/8799/806 5827/8798/808 5828/8773/834 5826/8800/807
f 5823/8801/805 5825/8802/806 5826/8803/807 5824/8804/842
f 5821/8805/804 5823/8801/805 5824/8804/842 5822/8806/781
f 5819/8807/803 5821/8805/804 5822/8806/781 5820/8808/789
f 5817/8809/801 5819/8807/803 5820/8808/789 5818/8810/788
f 5815/8811/802 5817/8809/801 5818/8810/788 5816/8793/833
f 5813/8812/821 5815/8811/802 5816/8793/833 5814/8791/784
f 5811/8813/820 5813/8812/821 5814/8791/784 5812/8789/840
f 5809/8814/819 5811/8813/820 5812/8789/840 5810/8787/794
f 5807/8815/818 5809/8814/819 5810/8787/794 5808/8785/854
f 5805/8816/817 5807/8815/818 5808/8785/854 5806/8779/798
f 5803/8795/816 5805/8816/817 5806/8779/798 5804/8778/800
f 5798/8817/822 5826/8800/807 5828/8773/834 5799/8772/823
f 5797/8818/779 5824/8804/842 5826/8803/807 5798/8819/822
f 5796/8820/780 5822/8806/781 5824/8804/842 5797/8818/779
f 5795/8821/790 5820/8808/789 5822/8806/781 5796/8820/780
f 5794/8822/787 5818/8810/788 5820/8808/789 5795/8821/790
f 5793/8792/786 5816/8793/833 5818/8810/788 5794/8822/787
f 5786/8780/826 5770/8823/814 5785/8824/812 5801/8781/825
f 5787/8777/799 5771/8825/816 5770/8823/814 5786/8780/826
f 5771/8826/827 5834/8827/827 5770/8828/827
f 5801/8781/825 5785/8824/812 5784/8829/810 5800/8775/824
f 5800/8775/824 5784/8829/810 5783/8830/808 5799/8772/823
f 5799/8772/823 5783/8830/808 5782/8831/806 5798/8817/822
f 5798/8819/822 5782/8832/806 5781/8833/805 5797/8818/779
f 5797/8818/779 5781/8833/805 5780/8834/804 5796/8820/780
f 5796/8820/780 5780/8834/804 5779/8835/803 5795/8821/790
f 5795/8821/790 5779/8835/803 5778/8836/801 5794/8822/787
f 5794/8822/787 5778/8836/801 5777/8837/802 5793/8792/786
f 5793/8792/786 5777/8837/802 5776/8838/821 5792/8790/783
f 5792/8790/783 5776/8838/821 5775/8839/820 5791/8788/791
f 5791/8788/791 5775/8839/820 5774/8840/819 5790/8786/793
f 5790/8786/793 5774/8840/819 5773/8841/818 5789/8784/795
f 5789/8784/795 5773/8841/818 5772/8842/817 5788/8776/797
f 5788/8776/797 5772/8842/817 5771/8825/816 5787/8777/799
f 5785/8843/827 5770/8828/827 5834/8827/827
f 5784/8844/827 5785/8843/827 5834/8827/827
f 5783/8845/827 5784/8844/827 5834/8827/827
f 5782/8846/827 5783/8845/827 5834/8827/827
f 5781/8847/827 5782/8846/827 5834/8827/827
f 5780/8848/827 5781/8847/827 5834/8827/827
f 5779/8849/827 5780/8848/827 5834/8827/827
f 5778/8850/827 5779/8849/827 5834/8827/827
f 5777/8851/827 5778/8850/827 5834/8827/827
f 5776/8852/827 5777/8851/827 5834/8827/827
f 5775/8853/827 5776/8852/827 5834/8827/827
f 5774/8854/827 5775/8853/827 5834/8827/827
f 5773/8855/827 5774/8854/827 5834/8827/827
f 5772/8856/827 5773/8855/827 5834/8827/827
f 5771/8826/827 5772/8856/827 5834/8827/827
f 5802/8857/778 5835/8770/778 5803/8769/778
f 5805/8771/778 5835/8770/778 5807/8858/778
f 5807/8858/778 5835/8770/778 5809/8859/778
f 5809/8859/778 5835/8770/778 5811/8860/778
f 5811/8860/778 5835/8770/778 5813/8861/778
f 5813/8861/778 5835/8770/778 5815/8862/778
f 5815/8862/778 5835/8770/778 5817/8863/778
f 5817/8863/778 5835/8770/778 5819/8864/778
f 5819/8864/778 5835/8770/778 5821/8865/778
f 5821/8865/778 5835/8770/778 5823/8866/778
f 5823/8866/778 5835/8770/778 5825/8867/778
f 5825/8867/778 5835/8770/778 5827/8868/778
f 5827/8868/778 5835/8770/778 5829/8869/778
f 5829/8869/778 5835/8770/778 5831/8870/778
f 5831/8870/778 5835/8770/778 5802/8857/778
f 5801/8781/825 5800/8775/824 5830/8774/835 5832/8782/837
f 5869/8871/778 5901/8872/778 5871/8873/778
f 5865/8874/823 5894/8875/834 5896/8876/811 5866/8877/824
f 5854/8878/797 5853/8879/799 5870/8880/800 5872/8881/798
f 5852/8882/826 5867/8883/825 5898/8884/837 5899/8885/855
f 5855/8886/795 5854/8878/797 5872/8881/798 5874/8887/854
f 5856/8888/793 5855/8886/795 5874/8887/854 5876/8889/794
f 5857/8890/791 5856/8888/793 5876/8889/794 5878/8891/856
f 5858/8892/783 5857/8890/791 5878/8891/856 5880/8893/846
f 5859/8894/786 5858/8892/783 5880/8893/846 5882/8895/830
f 5868/8896/814 5869/8897/816 5870/8880/800 5899/8885/855
f 5852/8882/826 5899/8885/855 5870/8880/800 5853/8879/799
f 5897/8898/812 5868/8896/814 5899/8885/855 5898/8884/837
f 5895/8899/810 5897/8898/812 5898/8884/837 5896/8876/811
f 5893/8900/808 5895/8899/810 5896/8876/811 5894/8875/834
f 5891/8901/806 5893/8900/808 5894/8875/834 5892/8902/807
f 5889/8903/805 5891/8904/806 5892/8905/807 5890/8906/842
f 5887/8907/804 5889/8903/805 5890/8906/842 5888/8908/781
f 5885/8909/803 5887/8907/804 5888/8908/781 5886/8910/789
f 5883/8911/801 5885/8909/803 5886/8910/789 5884/8912/788
f 5881/8913/802 5883/8911/801 5884/8912/788 5882/8895/830
f 5879/8914/821 5881/8913/802 5882/8895/830 5880/8893/846
f 5877/8915/820 5879/8914/821 5880/8893/846 5878/8891/856
f 5875/8916/819 5877/8915/820 5878/8891/856 5876/8889/794
f 5873/8917/818 5875/8916/819 5876/8889/794 5874/8887/854
f 5871/8918/817 5873/8917/818 5874/8887/854 5872/8881/798
f 5869/8897/816 5871/8918/817 5872/8881/798 5870/8880/800
f 5864/8919/822 5892/8902/807 5894/8875/834 5865/8874/823
f 5863/8920/779 5890/8906/842 5892/8905/807 5864/8921/822
f 5862/8922/780 5888/8908/781 5890/8906/842 5863/8920/779
f 5861/8923/790 5886/8910/789 5888/8908/781 5862/8922/780
f 5860/8924/787 5884/8912/788 5886/8910/789 5861/8923/790
f 5859/8894/786 5882/8895/830 5884/8912/788 5860/8924/787
f 5852/8882/826 5836/8925/814 5851/8926/812 5867/8883/825
f 5853/8879/799 5837/8927/816 5836/8925/814 5852/8882/826
f 5837/8928/827 5900/8929/827 5836/8930/827
f 5867/8883/825 5851/8926/812 5850/8931/810 5866/8877/824
f 5866/8877/824 5850/8931/810 5849/8932/808 5865/8874/823
f 5865/8874/823 5849/8932/808 5848/8933/806 5864/8919/822
f 5864/8921/822 5848/8934/806 5847/8935/805 5863/8920/779
f 5863/8920/779 5847/8935/805 5846/8936/804 5862/8922/780
f 5862/8922/780 5846/8936/804 5845/8937/803 5861/8923/790
f 5861/8923/790 5845/8937/803 5844/8938/801 5860/8924/787
f 5860/8924/787 5844/8938/801 5843/8939/802 5859/8894/786
f 5859/8894/786 5843/8939/802 5842/8940/821 5858/8892/783
f 5858/8892/783 5842/8940/821 5841/8941/820 5857/8890/791
f 5857/8890/791 5841/8941/820 5840/8942/819 5856/8888/793
f 5856/8888/793 5840/8942/819 5839/8943/818 5855/8886/795
f 5855/8886/795 5839/8943/818 5838/8944/817 5854/8878/797
f 5854/8878/797 5838/8944/817 5837/8927/816 5853/8879/799
f 5851/8945/827 5836/8930/827 5900/8929/827
f 5850/8946/827 5851/8945/827 5900/8929/827
f 5849/8947/827 5850/8946/827 5900/8929/827
f 5848/8948/827 5849/8947/827 5900/8929/827
f 5847/8949/827 5848/8948/827 5900/8929/827
f 5846/8950/827 5847/8949/827 5900/8929/827
f 5845/8951/827 5846/8950/827 5900/8929/827
f 5844/8952/827 5845/8951/827 5900/8929/827
f 5843/8953/827 5844/8952/827 5900/8929/827
f 5842/8954/827 5843/8953/827 5900/8929/827
f 5841/8955/827 5842/8954/827 5900/8929/827
f 5840/8956/827 5841/8955/827 5900/8929/827
f 5839/8957/827 5840/8956/827 5900/8929/827
f 5838/8958/827 5839/8957/827 5900/8929/827
f 5837/8928/827 5838/8958/827 5900/8929/827
f 5868/8959/778 5901/8872/778 5869/8871/778
f 5871/8873/778 5901/8872/778 5873/8960/778
f 5873/8960/778 5901/8872/778 5875/8961/778
f 5875/8961/778 5901/8872/778 5877/8962/778
f 5877/8962/778 5901/8872/778 5879/8963/778
f 5879/8963/778 5901/8872/778 5881/8964/778
f 5881/8964/778 5901/8872/778 5883/8965/778
f 5883/8965/778 5901/8872/778 5885/8966/778
f 5885/8966/778 5901/8872/778 5887/8967/778
f 5887/8967/778 5901/8872/778 5889/8968/778
f 5889/8968/778 5901/8872/778 5891/8969/778
f 5891/8969/778 5901/8872/778 5893/8970/778
f 5893/8970/778 5901/8872/778 5895/8971/778
f 5895/8971/778 5901/8872/778 5897/8972/778
f 5897/8972/778 5901/8872/778 5868/8959/778
f 5867/8883/825 5866/8877/824 5896/8876/811 5898/8884/837
f 5935/8973/778 5967/8974/778 5937/8975/778
f 5931/8976/823 5960/8977/834 5962/8978/843 5932/8979/824
f 5920/8980/797 5919/8981/799 5936/8982/800 5938/8983/798
f 5918/8984/826 5933/8985/825 5964/8986/837 5965/8987/815
f 5921/8988/795 5920/8980/797 5938/8983/798 5940/8989/853
f 5922/8990/793 5921/8988/795 5940/8989/853 5942/8991/794
f 5923/8992/791 5922/8990/793 5942/8991/794 5944/8993/840
f 5924/8994/783 5923/8992/791 5944/8993/840 5946/8995/784
f 5925/8996/786 5924/8994/783 5946/8995/784 5948/8997/841
f 5934/8998/814 5935/8999/816 5936/8982/800 5965/8987/815
f 5918/8984/826 5965/8987/815 5936/8982/800 5919/8981/799
f 5963/9000/812 5934/8998/814 5965/8987/815 5964/8986/837
f 5961/9001/810 5963/9000/812 5964/8986/837 5962/8978/843
f 5959/9002/808 5961/9001/810 5962/8978/843 5960/8977/834
f 5957/9003/806 5959/9002/808 5960/8977/834 5958/9004/807
f 5955/9005/805 5957/9006/806 5958/9007/807 5956/9008/842
f 5953/9009/804 5955/9005/805 5956/9008/842 5954/9010/781
f 5951/9011/803 5953/9009/804 5954/9010/781 5952/9012/789
f 5949/9013/801 5951/9011/803 5952/9012/789 5950/9014/788
f 5947/9015/802 5949/9013/801 5950/9014/788 5948/8997/841
f 5945/9016/821 5947/9015/802 5948/8997/841 5946/8995/784
f 5943/9017/820 5945/9016/821 5946/8995/784 5944/8993/840
f 5941/9018/819 5943/9017/820 5944/8993/840 5942/8991/794
f 5939/9019/818 5941/9018/819 5942/8991/794 5940/8989/853
f 5937/9020/817 5939/9019/818 5940/8989/853 5938/8983/798
f 5935/8999/816 5937/9020/817 5938/8983/798 5936/8982/800
f 5930/9021/822 5958/9004/807 5960/8977/834 5931/8976/823
f 5929/9022/779 5956/9008/842 5958/9007/807 5930/9023/822
f 5928/9024/780 5954/9010/781 5956/9008/842 5929/9022/779
f 5927/9025/790 5952/9012/789 5954/9010/781 5928/9024/780
f 5926/9026/787 5950/9014/788 5952/9012/789 5927/9025/790
f 5925/8996/786 5948/8997/841 5950/9014/788 5926/9026/787
f 5918/8984/826 5902/9027/814 5917/9028/812 5933/8985/825
f 5919/8981/799 5903/9029/816 5902/9027/814 5918/8984/826
f 5903/9030/827 5966/9031/827 5902/9032/827
f 5933/8985/825 5917/9028/812 5916/9033/810 5932/8979/824
f 5932/8979/824 5916/9033/810 5915/9034/808 5931/8976/823
f 5931/8976/823 5915/9034/808 5914/9035/806 5930/9021/822
f 5930/9023/822 5914/9036/806 5913/9037/805 5929/9022/779
f 5929/9022/779 5913/9037/805 5912/9038/804 5928/9024/780
f 5928/9024/780 5912/9038/804 5911/9039/803 5927/9025/790
f 5927/9025/790 5911/9039/803 5910/9040/801 5926/9026/787
f 5926/9026/787 5910/9040/801 5909/9041/802 5925/8996/786
f 5925/8996/786 5909/9041/802 5908/9042/821 5924/8994/783
f 5924/8994/783 5908/9042/821 5907/9043/820 5923/8992/791
f 5923/8992/791 5907/9043/820 5906/9044/819 5922/8990/793
f 5922/8990/793 5906/9044/819 5905/9045/818 5921/8988/795
f 5921/8988/795 5905/9045/818 5904/9046/817 5920/8980/797
f 5920/8980/797 5904/9046/817 5903/9029/816 5919/8981/799
f 5917/9047/827 5902/9032/827 5966/9031/827
f 5916/9048/827 5917/9047/827 5966/9031/827
f 5915/9049/827 5916/9048/827 5966/9031/827
f 5914/9050/827 5915/9049/827 5966/9031/827
f 5913/9051/827 5914/9050/827 5966/9031/827
f 5912/9052/827 5913/9051/827 5966/9031/827
f 5911/9053/827 5912/9052/827 5966/9031/827
f 5910/9054/827 5911/9053/827 5966/9031/827
f 5909/9055/827 5910/9054/827 5966/9031/827
f 5908/9056/827 5909/9055/827 5966/9031/827
f 5907/9057/827 5908/9056/827 5966/9031/827
f 5906/9058/827 5907/9057/827 5966/9031/827
f 5905/9059/827 5906/9058/827 5966/9031/827
f 5904/9060/827 5905/9059/827 5966/9031/827
f 5903/9030/827 5904/9060/827 5966/9031/827
f 5934/9061/778 5967/8974/778 5935/8973/778
f 5937/8975/778 5967/8974/778 5939/9062/778
f 5939/9062/778 5967/8974/778 5941/9063/778
f 5941/9063/778 5967/8974/778 5943/9064/778
f 5943/9064/778 5967/8974/778 5945/9065/778
f 5945/9065/778 5967/8974/778 5947/9066/778
f 5947/9066/778 5967/8974/778 5949/9067/778
f 5949/9067/778 5967/8974/778 5951/9068/778
f 5951/9068/778 5967/8974/778 5953/9069/778
f 5953/9069/778 5967/8974/778 5955/9070/778
f 5955/9070/778 5967/8974/778 5957/9071/778
f 5957/9071/778 5967/8974/778 5959/9072/778
f 5959/9072/778 5967/8974/778 5961/9073/778
f 5961/9073/778 5967/8974/778 5963/9074/778
f 5963/9074/778 5967/8974/778 5934/9061/778
f 5933/8985/825 5932/8979/824 5962/8978/843 5964/8986/837
f 6001/9075/778 6033/9076/778 6003/9077/778
f 5997/9078/823 6026/9079/834 6028/9080/843 5998/9081/824
f 5986/9082/797 5985/9083/799 6002/9084/800 6004/9085/857
f 5984/9086/826 5999/9087/825 6030/9088/837 6031/9089/815
f 5987/9090/795 5986/9082/797 6004/9085/857 6006/9091/853
f 5988/9092/793 5987/9090/795 6006/9091/853 6008/9093/794
f 5989/9094/791 5988/9092/793 6008/9093/794 6010/9095/840
f 5990/9096/783 5989/9094/791 6010/9095/840 6012/9097/784
f 5991/9098/786 5990/9096/783 6012/9097/784 6014/9099/833
f 6000/9100/814 6001/9101/816 6002/9084/800 6031/9089/815
f 5984/9086/826 6031/9089/815 6002/9084/800 5985/9083/799
f 6029/9102/812 6000/9100/814 6031/9089/815 6030/9088/837
f 6027/9103/810 6029/9102/812 6030/9088/837 6028/9080/843
f 6025/9104/808 6027/9103/810 6028/9080/843 6026/9079/834
f 6023/9105/806 6025/9104/808 6026/9079/834 6024/9106/807
f 6021/9107/805 6023/9108/806 6024/9109/807 6022/9110/842
f 6019/9111/804 6021/9107/805 6022/9110/842 6020/9112/781
f 6017/9113/803 6019/9111/804 6020/9112/781 6018/9114/789
f 6015/9115/801 6017/9113/803 6018/9114/789 6016/9116/788
f 6013/9117/802 6015/9115/801 6016/9116/788 6014/9099/833
f 6011/9118/821 6013/9117/802 6014/9099/833 6012/9097/784
f 6009/9119/820 6011/9118/821 6012/9097/784 6010/9095/840
f 6007/9120/819 6009/9119/820 6010/9095/840 6008/9093/794
f 6005/9121/818 6007/9120/819 6008/9093/794 6006/9091/853
f 6003/9122/817 6005/9121/818 6006/9091/853 6004/9085/857
f 6001/9101/816 6003/9122/817 6004/9085/857 6002/9084/800
f 5996/9123/822 6024/9106/807 6026/9079/834 5997/9078/823
f 5995/9124/779 6022/9110/842 6024/9109/807 5996/9125/822
f 5994/9126/780 6020/9112/781 6022/9110/842 5995/9124/779
f 5993/9127/790 6018/9114/789 6020/9112/781 5994/9126/780
f 5992/9128/787 6016/9116/788 6018/9114/789 5993/9127/790
f 5991/9098/786 6014/9099/833 6016/9116/788 5992/9128/787
f 5984/9086/826 5968/9129/814 5983/9130/812 5999/9087/825
f 5985/9083/799 5969/9131/816 5968/9129/814 5984/9086/826
f 5969/9132/827 6032/9133/827 5968/9134/827
f 5999/9087/825 5983/9130/812 5982/9135/810 5998/9081/824
f 5998/9081/824 5982/9135/810 5981/9136/808 5997/9078/823
f 5997/9078/823 5981/9136/808 5980/9137/806 5996/9123/822
f 5996/9125/822 5980/9138/806 5979/9139/805 5995/9124/779
f 5995/9124/779 5979/9139/805 5978/9140/804 5994/9126/780
f 5994/9126/780 5978/9140/804 5977/9141/803 5993/9127/790
f 5993/9127/790 5977/9141/803 5976/9142/801 5992/9128/787
f 5992/9128/787 5976/9142/801 5975/9143/802 5991/9098/786
f 5991/9098/786 5975/9143/802 5974/9144/821 5990/9096/783
f 5990/9096/783 5974/9144/821 5973/9145/820 5989/9094/791
f 5989/9094/791 5973/9145/820 5972/9146/819 5988/9092/793
f 5988/9092/793 5972/9146/819 5971/9147/818 5987/9090/795
f 5987/9090/795 5971/9147/818 5970/9148/817 5986/9082/797
f 5986/9082/797 5970/9148/817 5969/9131/816 5985/9083/799
f 5983/9149/827 5968/9134/827 6032/9133/827
f 5982/9150/827 5983/9149/827 6032/9133/827
f 5981/9151/827 5982/9150/827 6032/9133/827
f 5980/9152/827 5981/9151/827 6032/9133/827
f 5979/9153/827 5980/9152/827 6032/9133/827
f 5978/9154/827 5979/9153/827 6032/9133/827
f 5977/9155/827 5978/9154/827 6032/9133/827
f 5976/9156/827 5977/9155/827 6032/9133/827
f 5975/9157/827 5976/9156/827 6032/9133/827
f 5974/9158/827 5975/9157/827 6032/9133/827
f 5973/9159/827 5974/9158/827 6032/9133/827
f 5972/9160/827 5973/9159/827 6032/9133/827
f 5971/9161/827 5972/9160/827 6032/9133/827
f 5970/9162/827 5971/9161/827 6032/9133/827
f 5969/9132/827 5970/9162/827 6032/9133/827
f 6000/9163/778 6033/9076/778 6001/9075/778
f 6003/9077/778 6033/9076/778 6005/9164/778
f 6005/9164/778 6033/9076/778 6007/9165/778
f 6007/9165/778 6033/9076/778 6009/9166/778
f 6009/9166/778 6033/9076/778 6011/9167/778
f 6011/9167/778 6033/9076/778 6013/9168/778
f 6013/9168/778 6033/9076/778 6015/9169/778
f 6015/9169/778 6033/9076/778 6017/9170/778
f 6017/9170/778 6033/9076/778 6019/9171/778
f 6019/9171/778 6033/9076/778 6021/9172/778
f 6021/9172/778 6033/9076/778 6023/9173/778
f 6023/9173/778 6033/9076/778 6025/9174/778
f 6025/9174/778 6033/9076/778 6027/9175/778
f 6027/9175/778 6033/9076/778 6029/9176/778
f 6029/9176/778 6033/9076/778 6000/9163/778
f 5999/9087/825 5998/9081/824 6028/9080/843 6030/9088/837
