# Blender v3.5.0 OBJ File: 'Enterables_egypt_stone_houses_01.blend'
# www.blender.org
mtllib LOD1_egypt_stone_houses_002.mtl
o Cube.177_Cube.243
v 3.600000 8.299999 3.600000
v 4.500000 4.300000 -8.500000
v 5.000000 0.300000 -4.000000
v 3.600000 8.299999 -3.600000
v 4.500000 4.300000 -4.000000
v 0.700000 1.300000 -7.500000
v 1.900000 0.300000 5.000000
v 0.700000 0.300000 5.000000
v 1.400001 4.300000 -8.500000
v 2.600000 4.300000 -8.500000
v 1.400001 0.300000 -9.000000
v 2.600000 0.300000 -9.000000
v 2.600000 8.299999 3.600000
v 1.400000 8.299999 3.600000
v 0.700000 4.300000 4.500000
v 1.900000 4.300000 4.500000
v 0.700000 8.299999 -3.600000
v 1.600000 8.299999 -3.600000
v 3.600000 8.299999 -1.400000
v 3.600000 8.299999 -2.600000
v 3.600000 8.299999 2.600000
v 3.600000 8.299999 1.400000
v 4.500000 4.300000 -2.600000
v 4.500000 4.300000 -1.400000
v 4.500000 4.300000 1.400001
v 4.500000 4.300000 2.600000
v 5.000000 0.300000 1.400001
v 5.000000 0.300000 2.600000
v 5.000000 0.300000 -2.600000
v 5.000000 0.300000 -1.400000
v 4.562500 3.800000 2.600000
v 4.562500 3.800000 -1.400000
v 0.700000 3.800000 4.562500
v 0.700000 1.300000 -8.000000
v 2.600000 2.587103 -8.714112
v 1.900000 3.800000 4.562500
v 1.400001 2.587103 -8.714112
v 4.562500 3.800000 -2.600000
v 4.562500 3.800000 1.400001
v 4.000000 0.300000 2.600000
v 4.000000 0.300000 -1.400000
v 4.000000 0.300000 1.400001
v 4.000000 3.800000 2.600000
v 4.000000 3.800000 -1.400000
v 4.000000 0.300000 -2.600000
v 4.000000 4.300000 -2.600000
v 4.000000 4.300000 -1.400000
v 4.000000 3.800000 -2.600000
v 4.000000 4.300000 1.400001
v 4.000000 4.300000 2.600000
v 4.000000 3.800000 1.400001
v 1.900000 0.300000 4.000000
v 0.700000 3.800000 4.000000
v 0.700000 0.300000 4.000000
v 0.700000 4.300000 4.000000
v 1.900000 4.300000 4.000000
v 1.900000 3.800000 4.000000
v 0.700000 0.300000 -7.500000
v 4.875000 1.300000 2.600000
v 4.875000 1.300000 -1.400000
v 4.875000 1.300000 1.400001
v 4.875000 1.300000 -2.600000
v 2.600000 1.300000 -8.875000
v 1.900000 1.300000 4.875000
v 4.875000 1.300000 -4.000000
v 4.875000 1.300000 4.875000
v 1.400001 1.300000 -8.875000
v 4.875000 1.300000 -8.875000
v 0.700000 1.300000 4.875000
v 1.900000 1.300000 4.000000
v 4.000000 1.300000 2.600000
v 4.000000 1.300000 -1.400000
v 4.000000 1.300000 1.400001
v 4.000000 1.300000 -2.600000
v 0.700000 1.300000 4.000000
v 0.700000 3.800000 3.500000
v 1.900000 1.300000 3.500000
v 3.500000 1.300000 1.400001
v 3.500000 3.800000 2.600000
v 3.500000 3.800000 -1.400000
v 3.500000 1.300000 -2.600000
v 3.500000 3.800000 -2.600000
v 3.500000 3.800000 1.400001
v 1.900000 3.800000 3.500000
v 3.500000 1.300000 2.600000
v 3.500000 1.300000 -1.400000
v 0.700000 1.300000 3.500000
v 1.900000 0.300000 3.500000
v 3.500000 0.300000 1.400001
v 3.500000 0.300000 -2.600000
v 3.500000 0.300000 2.600000
v 3.500000 0.300000 -1.400000
v 0.700000 0.300000 3.500000
v 3.500000 0.300000 3.500000
v 3.500000 1.300000 3.500000
v 3.500000 3.800000 3.500000
v 0.700000 4.300000 3.500000
v 3.500000 4.300000 2.600000
v 3.500000 4.300000 -1.400000
v 3.500000 4.300000 -2.600000
v 3.500000 4.300000 1.400001
v 1.900000 4.300000 3.500000
v 3.500000 4.300000 3.500000
v 3.500000 1.300000 -4.000000
v 3.500000 3.800000 -4.000000
v 3.500000 0.300000 -4.000000
v 3.500000 4.300000 -4.000000
v 2.600000 4.300000 2.600000
v 2.600000 4.300000 -1.400000
v 2.600000 4.300000 -2.600000
v 2.600000 4.300000 1.400000
v 2.600000 4.300000 -4.000000
v 1.400000 4.300000 2.600000
v 1.400000 4.300000 -1.400000
v 1.400000 4.300000 -2.600000
v 1.400000 4.300000 1.400000
v 1.400000 4.300000 -4.000000
v 1.400000 4.800000 3.500000
v 3.500000 4.800000 2.600000
v 3.500000 4.800000 -1.400000
v 3.500000 4.800000 -2.600000
v 3.500000 4.800000 1.400001
v 2.600000 4.800000 3.500000
v 3.500000 4.800000 3.500000
v 3.500000 4.800000 -3.500000
v 2.600000 4.800000 2.600000
v 2.600000 4.800000 -1.400000
v 2.600000 4.800000 -2.600000
v 2.600000 4.800000 1.400000
v 1.600000 4.800000 -3.500000
v 1.400000 4.800000 2.600000
v 1.400000 4.800000 -1.400000
v 1.400000 4.800000 -2.600000
v 1.400000 4.800000 1.400000
v 0.400000 4.800000 -3.500000
v 1.400000 7.800000 3.500000
v 3.500000 7.800000 2.600000
v 3.500000 7.800000 -1.400000
v 3.500000 7.800000 -2.600000
v 3.500000 7.800000 1.400001
v 2.600000 7.800000 3.500000
v 3.500000 7.800000 3.500000
v 3.500000 7.800000 -3.500000
v 3.500000 1.300000 -7.500000
v 3.500000 2.587102 -7.500000
v 3.500000 0.300000 -7.500000
v 3.500000 4.300000 -7.500000
v 2.600000 0.300000 -7.500000
v 1.400001 0.300000 -7.500000
v 2.600000 4.300000 -7.500000
v 1.400001 4.300000 -7.500000
v 0.400000 4.800000 -4.000000
v 1.600000 4.800000 -4.000000
v 2.600000 7.800000 2.600000
v 2.600000 7.800000 -1.400000
v 2.600000 7.800000 -2.600000
v 2.600000 7.800000 1.400000
v 1.600000 7.800000 -3.500000
v 1.400000 7.800000 2.600000
v 1.400000 7.800000 -1.400000
v 1.400000 7.800000 -2.600000
v 1.400000 7.800000 1.400000
v 0.400000 7.800000 -3.500000
v 2.600000 5.800000 4.312500
v 4.312500 5.800000 -2.600000
v 4.312500 5.800000 1.400001
v 3.812500 5.800000 -4.000000
v 1.400000 5.800000 4.312500
v 4.312500 5.800000 -1.400000
v 4.312500 5.800000 2.600000
v 3.972721 0.300000 5.000000
v 3.192286 8.299999 -3.600000
v 2.600000 5.800000 -7.812500
v 1.400000 5.800000 -7.812500
v 3.812500 5.800000 -7.812500
v 0.400000 5.800000 -4.000000
v 1.600000 5.800000 -4.000000
v 1.400000 5.800000 -8.312500
v 2.600000 5.800000 -8.312500
v 2.600000 4.800000 -7.812500
v 1.400000 4.800000 -7.812500
v 3.812500 4.800000 -4.000000
v 3.812500 4.800000 -7.812500
v 3.472721 4.300000 4.500000
v -4.000000 9.125007 3.300000
v 3.535221 3.800000 4.562500
v 3.847720 1.300000 4.875000
v 1.400000 5.800000 3.500000
v 3.500000 5.800000 -3.500000
v 3.500000 5.800000 3.500000
v 1.600000 7.024726 -3.500000
v 2.600000 5.800000 3.500000
v 0.400000 7.024726 -3.500000
v 0.400000 5.800000 -3.500000
v 1.600000 5.800000 -3.500000
v 3.500000 5.800000 -2.600000
v 3.500000 5.800000 -1.400000
v 3.500000 7.024726 -1.400000
v 2.600000 7.024726 3.500000
v 3.500000 5.800000 1.400001
v 3.500000 5.800000 2.600000
v 3.494982 7.024726 -4.000000
v 3.500000 7.024726 1.400001
v 3.500000 7.024726 3.500000
v 0.400000 7.024726 -4.000000
v 3.500000 7.024726 2.600000
v 1.600000 7.024726 -4.000000
v 4.159409 7.024726 1.400000
v 4.159409 7.024726 2.600000
v 4.159409 7.024726 -2.600000
v 3.500000 7.024726 -2.600000
v 3.500000 7.024726 -3.500000
v 4.159409 7.024726 -1.400000
v 2.600000 7.024726 4.159409
v 1.400000 7.024726 4.159409
v 4.159409 7.024726 -4.000000
v 1.400000 7.024726 3.500000
v 0.700000 4.300000 -8.500000
v -0.700000 8.299999 -3.600000
v 0.700000 8.299999 3.600000
v 0.700000 1.300000 -8.875000
v -0.300000 4.800000 -4.000000
v -0.300000 5.800000 -4.000000
v 0.600000 5.800000 4.312500
v 0.700000 5.800000 -8.312500
v 0.700000 5.800000 -7.812500
v 0.700000 4.800000 -7.812500
v -0.300000 7.024726 -4.000000
v 0.600000 7.024726 4.159409
v 0.700000 2.587103 -8.714112
v 0.700000 2.587103 -7.500000
v 0.700000 4.300000 -2.600000
v 0.700000 4.300000 -1.400000
v 0.700000 4.300000 -4.000000
v 0.700000 4.300000 1.400000
v 0.700000 4.300000 2.600000
v 0.700000 4.300000 -7.500000
v 2.600000 1.300000 -7.500000
v 1.400001 1.300000 -7.500000
v 1.400001 2.587103 -7.500000
v 2.600000 2.587103 -7.500000
v 0.700000 4.300000 -8.000000
v 0.700000 2.587103 -8.000000
v 0.700000 0.300000 -8.000000
v 4.000000 8.299999 0.600000
v 3.600000 8.299999 -0.600000
v 4.500000 4.300000 0.600000
v 4.500000 4.300000 -0.599999
v 5.000000 0.300000 -0.599999
v 5.000000 0.300000 0.600000
v 4.562500 3.800000 0.600000
v 4.562500 3.800000 -0.599999
v 4.875000 1.300000 -0.599999
v 4.875000 1.300000 0.600000
v 4.312500 5.800000 -0.599999
v 4.312500 5.800000 0.600000
v 4.159409 7.024726 -0.600000
v 4.159409 7.024726 0.600000
v 3.500000 7.024726 -0.600000
v 3.500000 7.024726 0.600000
v 3.500000 5.800000 0.600000
v 3.500000 5.800000 -0.600000
v 1.400000 7.800000 0.600000
v 1.400000 7.800000 -0.600000
v 2.600000 7.800000 -0.600000
v 2.600000 7.800000 0.600000
v 3.500000 7.800000 0.600000
v 3.500000 7.800000 -0.600000
v 1.400000 4.800000 0.600000
v 1.400000 4.800000 -0.600000
v 2.600000 4.800000 -0.600000
v 2.600000 4.800000 0.600000
v 3.500000 4.800000 -0.600000
v 3.500000 4.800000 0.600000
v 0.700000 4.800000 3.500000
v 0.700000 4.800000 -2.600000
v 0.700000 4.800000 -1.400000
v -0.300000 4.800000 -3.500000
v 0.700000 4.800000 1.400000
v 0.700000 4.800000 2.600000
v 0.700000 7.800000 3.500000
v 0.700000 7.800000 -2.600000
v 0.700000 7.800000 -1.400000
v -0.300000 7.800000 -3.500000
v 0.700000 7.800000 1.400000
v 0.700000 7.800000 2.600000
v -0.300000 7.024726 -3.500000
v -0.300000 5.800000 -3.500000
v 0.600000 5.800000 3.500000
v 0.600000 7.024726 3.500000
v 0.700000 4.800000 0.600000
v 0.700000 4.800000 -0.600000
v 0.700000 7.800000 0.600000
v 0.700000 7.800000 -0.600000
v 0.700000 8.299999 -4.000000
v 1.600000 8.299999 -4.000000
v 2.600000 8.299999 4.000000
v 1.400000 8.299999 4.000000
v 4.000000 8.299999 2.600000
v 4.000000 8.299999 1.400001
v 4.000000 8.299999 -1.400000
v 4.000000 8.299999 -2.600000
v -0.700000 8.299999 -4.000000
v 0.700000 8.299999 4.000000
v 4.000000 8.299999 4.000000
v 4.000000 8.299999 -4.000000
v 3.192286 8.299999 -4.000000
v -3.600000 8.299999 3.100000
v 3.600000 8.299999 0.600000
v 4.000000 8.299999 -0.600000
v 0.600000 9.125007 -4.000000
v 1.600000 9.125007 -4.000000
v 2.600000 9.125007 4.000000
v 1.400000 9.125007 4.000000
v 4.000000 9.125007 2.600000
v 4.000000 9.125007 1.400001
v 4.000000 9.125007 -1.400000
v 4.000000 9.125007 -2.600000
v -0.600000 9.125007 -4.000000
v 0.600000 9.125007 4.000000
v 3.192286 9.125007 -4.000000
v -4.159410 7.024726 3.379704
v 4.000000 9.125007 0.600000
v 0.600000 9.125007 -3.600000
v 1.600000 9.125007 -3.600000
v 2.600000 9.125007 3.600000
v 1.400000 9.125007 3.600000
v 3.600000 9.125007 2.600000
v 3.600000 9.125007 1.400000
v 3.600000 9.125007 -1.400000
v 3.600000 9.125007 -2.600000
v -0.600000 9.125007 -3.600000
v 0.600000 9.125007 3.600000
v 3.600000 9.125007 3.600000
v 3.600000 9.125007 -3.600000
v 3.192286 9.125007 -3.600000
v -4.312501 5.800000 3.456250
v 3.600000 9.125007 0.600000
v 3.600000 9.125007 -0.600000
v -3.600000 8.299999 3.600000
v -4.500000 4.300000 4.500000
v -5.000000 0.300000 -4.000000
v -3.600000 8.299999 -3.600000
v -4.500000 4.300000 -4.000000
v -0.700000 1.300000 -7.500000
v -2.000000 0.300000 5.000000
v -0.800001 0.300000 5.000000
v -1.400000 4.300000 -8.500000
v -2.600000 4.300000 -8.500000
v -1.400000 0.300000 -9.000000
v -2.599999 0.300000 -9.000000
v -2.600000 8.299999 3.600000
v -1.400000 8.299999 3.600000
v -0.800001 4.300000 4.500000
v -2.000000 4.300000 4.500000
v -1.400000 8.299999 -3.600000
v -2.600000 8.299999 -3.600000
v -3.600000 8.299999 -1.400000
v -3.600000 8.299999 -2.600000
v -3.600000 8.299999 2.600000
v -3.600000 8.299999 1.400000
v -4.500000 4.300000 -2.600000
v -4.500000 4.300000 -1.400000
v -4.500000 4.300000 1.400000
v -4.500000 4.300000 2.600000
v -5.000000 0.300000 1.400000
v -5.000000 0.300000 2.600000
v -5.000000 0.300000 -2.600000
v -5.000000 0.300000 -1.400000
v -4.562500 3.800000 2.600000
v -4.562500 3.800000 -1.400000
v -4.562500 3.800000 -4.000000
v -0.800001 3.800000 4.562500
v -0.700000 1.300000 -8.000000
v -4.562500 3.800000 4.562500
v -4.664487 2.984104 -8.664487
v -2.599999 2.587103 -8.714111
v -2.000000 3.800000 4.562500
v -1.400000 2.587103 -8.714113
v -4.562500 3.800000 -2.600000
v -4.562500 3.800000 1.400000
v -4.000000 0.300000 2.600000
v -4.000000 0.300000 -1.400000
v -4.000000 0.300000 1.400000
v -4.000000 3.800000 2.600000
v -4.000000 3.800000 -1.400000
v -4.000000 0.300000 -2.600000
v -4.000000 4.300000 -2.600000
v -4.000000 4.300000 -1.400000
v -4.000000 3.800000 -2.600000
v -4.000000 4.300000 1.400000
v -4.000000 4.300000 2.600000
v -4.000000 3.800000 1.400000
v -2.000000 0.300000 4.000000
v -0.800001 3.800000 4.000000
v -0.800001 0.300000 4.000000
v -0.800001 4.300000 4.000000
v -2.000000 4.300000 4.000000
v -2.000000 3.800000 4.000000
v -0.700000 0.300000 -7.500000
v -4.875000 1.300000 2.600000
v -4.875000 1.300000 -1.400000
v -4.875000 1.300000 1.400000
v -4.875000 1.300000 -2.600000
v -2.599999 1.300000 -8.875000
v -2.000000 1.300000 4.875000
v -4.875000 1.300000 -4.000000
v -1.400000 1.300000 -8.875000
v -4.875000 1.300000 -8.875000
v -0.800001 1.300000 4.875000
v -2.000000 1.300000 4.000000
v -4.000000 1.300000 2.600000
v -4.000000 1.300000 -1.400000
v -4.000000 1.300000 1.400000
v -4.000000 1.300000 -2.600000
v -0.800001 1.300000 4.000000
v -0.800001 3.800000 3.500000
v -2.000000 1.300000 3.500000
v -3.500000 1.300000 1.400000
v -3.500000 3.800000 2.185694
v -3.500000 3.800000 -1.950870
v -3.500000 1.300000 -2.600000
v -3.500000 3.800000 -2.600000
v -3.500000 3.800000 1.400000
v -2.000000 3.800000 3.500000
v -3.500000 1.300000 2.185694
v -3.500000 1.300000 -1.400000
v -0.800001 1.300000 3.500000
v -2.000000 0.300000 3.500000
v -3.500000 0.300000 1.400000
v -3.500000 0.300000 -2.600000
v -3.500000 0.300000 2.185694
v -3.500000 0.300000 -1.400000
v -0.800001 0.300000 3.500000
v -0.800001 4.300000 3.500000
v -3.500000 4.300000 2.185694
v -3.500000 4.300000 -1.950870
v -3.500000 4.300000 -2.600000
v -3.500000 4.300000 1.400000
v -2.000000 4.300000 3.500000
v -3.500000 1.300000 -4.000000
v -3.500000 3.800000 -4.000000
v -3.500000 0.300000 -4.000000
v -3.500000 4.300000 -4.000000
v -2.000000 4.300000 -2.600000
v -3.500000 0.300000 0.600000
v -2.600000 4.300000 -4.000000
v -1.400000 4.300000 2.600000
v -1.400000 4.300000 -1.950870
v -1.400000 4.300000 -2.600000
v -1.400000 4.300000 1.400000
v -1.400000 4.300000 -4.000000
v -1.400001 4.800000 3.500000
v -3.500000 4.800000 2.185694
v -3.500000 4.800000 -1.950870
v -3.500000 4.800000 -2.600000
v -3.500000 4.800000 1.400000
v -3.500000 4.800000 3.500000
v -3.500000 4.800000 -3.500000
v -2.000000 4.800000 -2.600000
v -3.500000 4.300000 0.600000
v -2.600000 4.800000 -3.500000
v -1.400000 4.800000 2.600000
v -1.400000 4.800000 -1.950870
v -1.400000 4.800000 -2.600000
v -1.400000 4.800000 1.400000
v -1.400000 4.800000 -3.500000
v -1.400001 7.800000 3.500000
v -3.500000 7.800000 2.600000
v -3.500000 7.800000 -1.400000
v -3.500000 7.800000 -2.600000
v -3.500000 7.800000 1.400000
v -2.600000 7.800000 3.500000
v -3.500000 7.800000 3.500000
v -3.500000 7.800000 -3.500000
v -3.500000 1.300000 -7.500000
v -3.500000 2.587102 -7.500000
v -3.500000 0.300000 -7.500000
v -3.500000 4.300000 -7.500000
v -2.600000 0.300000 -7.500000
v -1.400000 0.300000 -7.500000
v -2.600000 4.300000 -7.500000
v -1.400000 4.300000 -7.500000
v -1.400000 4.800000 -4.000000
v -2.600000 4.800000 -4.000000
v -2.600000 7.800000 2.600000
v -2.600000 7.800000 -1.400000
v -2.600000 7.800000 -2.600000
v -2.600000 7.800000 1.400000
v -2.600000 7.800000 -3.500000
v -1.400000 7.800000 2.600000
v -1.400000 7.800000 -1.400000
v -1.400000 7.800000 -2.600000
v -1.400000 7.800000 1.400000
v -1.400000 7.800000 -3.500000
v -2.600000 5.800000 4.312500
v -4.312500 5.800000 -2.600000
v -4.312500 5.800000 1.400000
v -4.312500 5.800000 4.312500
v -3.812500 5.800000 -4.000000
v -1.400001 5.800000 4.312500
v -4.312500 5.800000 -1.400000
v -4.312500 5.800000 2.600000
v -3.976928 0.300000 5.000000
v -3.192286 8.299999 -3.600000
v -2.600000 5.800000 -7.812500
v -1.400000 5.800000 -7.812500
v -3.812500 5.800000 -7.812500
v -1.400000 5.800000 -4.000000
v -2.600000 5.800000 -4.000000
v -2.600000 5.800000 -8.312500
v -2.600000 4.800000 -7.812500
v -1.400000 4.800000 -7.812500
v -3.812500 4.800000 -4.000000
v -3.812500 4.800000 -7.812500
v -3.476928 4.300000 4.500000
v -4.875001 1.300000 3.737500
v -3.539428 3.800000 4.562500
v -3.851928 1.300000 4.875000
v -1.400001 5.800000 3.500000
v -3.500000 5.800000 -3.500000
v -3.500000 5.800000 3.500000
v -2.600000 7.024726 -3.500000
v -2.600000 5.800000 3.500000
v -1.400000 7.024726 -3.500000
v -1.400000 5.800000 -3.500000
v -2.600000 5.800000 -3.500000
v -3.500000 5.800000 -2.600000
v -3.500000 5.800000 -1.400000
v -3.500000 7.024726 -1.400000
v -2.600000 7.024726 3.500000
v -3.500000 5.800000 1.400000
v -3.500000 5.800000 2.600000
v -4.562501 3.800000 3.581250
v -3.514929 7.024725 -4.000000
v -3.500000 7.024726 1.400000
v -3.500000 7.024726 3.500000
v -1.400000 7.024726 -4.000000
v -3.500000 7.024726 2.600000
v -2.600000 7.024726 -4.000000
v -4.159409 7.024726 1.400000
v -4.159409 7.024726 2.600000
v -4.159409 7.024726 -2.600000
v -3.500000 7.024726 -2.600000
v -3.500000 7.024726 -3.500000
v -4.159409 7.024726 -1.400000
v -2.600000 7.024726 4.159409
v -1.400000 7.024726 4.159409
v -4.159409 7.024726 -4.000000
v -4.159410 7.024726 4.159409
v -1.400001 7.024726 3.500000
v -0.700000 4.300000 -8.500000
v -1.099999 8.299999 -3.600000
v -0.700000 8.299999 3.599999
v -0.700000 1.300000 -8.875000
v -0.700000 4.800000 -4.000000
v -0.700000 5.800000 -4.000000
v -0.600000 5.800000 4.312500
v -0.700000 5.800000 -7.812500
v -0.700000 4.800000 -7.812500
v -0.700000 7.024726 -4.000000
v -0.600000 7.024726 4.159409
v -0.700000 2.587103 -8.714112
v -0.700000 2.587103 -7.500000
v -0.700000 4.300000 -2.600000
v -0.700000 4.300000 -1.400000
v -0.700000 4.300000 -4.000000
v -0.700000 4.300000 1.400000
v -0.700000 4.300000 2.600000
v -0.700000 4.300000 -7.500000
v -2.600000 1.300000 -7.500000
v -1.400000 1.300000 -7.500000
v -1.400000 2.587103 -7.500000
v -2.600000 2.587103 -7.500000
v -0.700000 4.300000 -8.000000
v -0.700000 2.587103 -8.000000
v -0.700000 0.300000 -8.000000
v -4.000000 8.299999 0.600000
v -3.600000 8.299999 -0.600000
v -4.500000 4.300000 0.600000
v -4.500000 4.300000 -0.600000
v -5.000000 0.300000 -0.600000
v -5.000000 0.300000 0.600000
v -4.562500 3.800000 0.600000
v -4.562500 3.800000 -0.600000
v -4.875000 1.300000 -0.600000
v -4.875000 1.300000 0.600000
v -4.312500 5.800000 -0.600000
v -4.312500 5.800000 0.600000
v -4.159409 7.024726 -0.600000
v -4.159409 7.024726 0.600000
v -3.500000 7.024726 -0.600000
v -3.500000 7.024726 0.600000
v -3.500000 5.800000 0.600000
v -3.500000 5.800000 -0.600000
v -1.400000 7.800000 0.600000
v -1.400000 7.800000 -0.600000
v -2.600000 7.800000 -0.600000
v -2.600000 7.800000 0.600000
v -3.500000 7.800000 0.600000
v -3.500000 7.800000 -0.600000
v -1.400000 4.800000 0.600000
v -1.400000 4.800000 -0.600000
v -3.500000 3.800000 0.600000
v -3.500000 1.300000 0.600000
v -3.500000 4.800000 -0.600000
v -3.500000 4.800000 0.600000
v -0.700000 4.800000 3.500000
v -0.700000 4.800000 -2.600000
v -0.700000 4.800000 -1.400000
v -0.700000 4.800000 -3.500000
v -0.700000 4.800000 1.400000
v -0.700000 4.800000 2.600000
v -0.700000 7.800000 3.500000
v -0.700000 7.800000 -2.600000
v -0.700000 7.800000 -1.400000
v -0.700000 7.800000 -3.500000
v -0.700000 7.800000 1.400000
v -0.700000 7.800000 2.600000
v -0.700000 7.024726 -3.500000
v -0.700000 5.800000 -3.500000
v -0.600000 5.800000 3.500000
v -0.600000 7.024726 3.500000
v -0.700000 4.800000 0.600000
v -0.700000 4.800000 -0.600000
v -0.700000 7.800000 0.600000
v -0.700000 7.800000 -0.600000
v -1.400000 8.299999 -4.000000
v -2.600000 8.299999 -4.000000
v -2.600000 8.299999 4.000000
v -1.400001 8.299999 4.000000
v -4.000000 8.299999 2.600000
v -4.000000 8.299999 1.400000
v -4.000000 8.299999 -1.400000
v -4.000000 8.299999 -2.600000
v -1.099999 8.299999 -4.000000
v -0.700000 8.299999 4.000000
v -4.000000 8.299999 4.000000
v -4.000000 8.299999 -4.000000
v -3.192286 8.299999 -4.000000
v -5.000001 0.300000 3.800000
v -3.600000 8.299999 0.600000
v -4.000000 8.299999 -0.600000
v -1.400000 9.125007 -4.000000
v -2.600000 9.125007 -4.000000
v -2.600000 9.125007 4.000000
v -1.400001 9.125007 4.000000
v -4.000000 9.125007 2.600000
v -4.000000 9.125007 1.400000
v -4.000000 9.125007 -1.400000
v -4.000000 9.125007 -2.600000
v -1.099999 9.125007 -4.000000
v -0.600000 9.125007 4.000000
v -3.192286 9.125007 -4.000000
v -4.500001 4.300000 3.550000
v -4.000000 9.125007 -0.600000
v -1.400000 9.125007 -3.600000
v -2.600000 9.125007 -3.600000
v -2.600000 9.125007 3.600000
v -1.400000 9.125007 3.600000
v -3.600000 9.125007 2.600000
v -3.600000 9.125007 1.400000
v -3.600000 9.125007 -1.400000
v -3.600000 9.125007 -2.600000
v -1.099999 9.125007 -3.600000
v -0.600000 9.125007 3.600000
v -3.600000 9.125007 3.600000
v -3.600000 9.125007 -3.600000
v -3.192286 9.125007 -3.600000
v -4.000000 8.299999 3.300000
v -3.600000 9.125007 0.600000
v -3.600000 9.125007 -0.600000
v -2.000000 4.300000 2.185694
v -2.000000 4.300000 1.400000
v -2.000000 4.300000 -1.950870
v -2.000000 4.800000 3.500000
v -2.000000 4.800000 2.185694
v -2.000000 4.800000 1.400000
v -2.000000 4.800000 -1.950870
v -2.000000 4.800000 0.600000
v -2.000000 4.800000 -0.600000
v -3.500000 1.300000 -0.600000
v -3.500000 3.800000 -0.600000
v -3.500000 4.300000 -0.600000
v -3.500000 0.300000 -0.600000
v 3.500000 0.300000 0.600000
v 3.500000 1.300000 0.600000
v 3.500000 3.800000 0.600000
v 3.500000 4.300000 0.600000
v 2.600000 4.300000 0.600000
v 1.400000 4.300000 0.600000
v 0.700000 4.300000 0.600000
v -1.400000 4.300000 0.600000
v -0.700000 4.300000 0.600000
v -2.000000 4.300000 0.600000
v 3.500000 1.300000 -0.600000
v 3.500000 3.800000 -0.600000
v 3.500000 4.300000 -0.600000
v 2.600000 4.300000 -0.600000
v 1.400000 4.300000 -0.600000
v 0.700000 4.300000 -0.600000
v -1.400000 4.300000 -0.600000
v -0.700000 4.300000 -0.600000
v 3.500000 0.300000 -0.600000
v -2.000000 4.300000 -0.600000
v -2.000000 1.300000 2.185694
v -2.000000 3.800000 2.185694
v -2.000000 0.300000 2.185694
v -4.000000 0.300000 -4.000000
v -4.000000 0.300000 -8.000000
v -1.400000 0.300000 -8.000000
v -2.600000 0.300000 -8.000000
v -4.000000 0.300000 0.600000
v -4.000000 0.300000 -0.600000
v 4.000000 0.300000 -8.000000
v 4.000000 0.300000 -4.000000
v 4.000000 0.300000 -0.600000
v 4.000000 0.300000 0.600000
v 2.600000 0.300000 -8.000000
v 1.400001 0.300000 -8.000000
v 3.975454 0.300000 3.975983
v -3.474471 0.300000 3.436545
v -3.971857 0.300000 3.974640
v -3.600000 9.125007 3.100000
v 4.000000 8.299999 3.300000
v 4.500000 4.300000 3.550000
v 5.000000 0.300000 3.800000
v 4.562500 3.800000 3.581250
v 4.875000 1.300000 3.737500
v 4.312500 5.800000 3.456250
v 4.159409 7.024726 3.379705
v 3.600000 8.299999 3.100000
v 4.000000 9.125007 3.300000
v 3.600000 9.125007 3.100000
v -3.600000 8.445251 3.100000
v 3.192286 8.445251 -3.600000
v 3.600000 8.445251 -3.600000
v 3.600000 8.445251 -2.600000
v 3.600000 8.445251 2.600000
v 3.600000 8.445251 3.600000
v 2.600000 8.445251 3.600000
v 1.600000 8.445251 -3.600000
v -0.600000 8.445251 -3.600000
v 0.600000 8.445251 3.600000
v 0.600000 8.445251 -3.600000
v 3.600000 8.445251 0.600000
v 3.600000 8.445251 -0.600000
v 1.400000 8.445251 3.600000
v 3.600000 8.445251 -1.400000
v 3.600000 8.445251 1.400000
v -3.192286 8.445251 -3.600000
v -3.600000 8.445251 -3.600000
v -3.600000 8.445251 -2.600000
v -3.600000 8.445251 2.600000
v -3.600000 8.445251 3.600000
v -2.600000 8.445251 3.600000
v -2.600000 8.445251 -3.600000
v -1.099999 8.445251 -3.600000
v -0.600000 8.445251 3.600000
v -1.400000 8.445251 -3.600000
v -3.600000 8.445251 0.600000
v -3.600000 8.445251 -0.600000
v -1.400000 8.445251 3.600000
v -3.600000 8.445251 -1.400000
v -3.600000 8.445251 1.400000
v 3.600000 8.445251 3.100000
v 4.000000 8.445251 -0.600000
v 4.000000 8.445251 -2.600000
v 4.000000 8.445251 -4.000000
v 0.600000 8.445251 4.000000
v 4.000000 8.445251 1.400001
v 4.000000 8.445251 0.600000
v 3.192286 8.445251 -4.000000
v 1.600000 8.445251 -4.000000
v 4.000000 8.445251 4.000000
v 4.000000 8.445251 2.600000
v -4.000000 8.445251 3.300000
v -0.600000 8.445251 -4.000000
v 0.600000 8.445251 -4.000000
v 4.000000 8.445251 -1.400000
v 2.600000 8.445251 4.000000
v 1.400000 8.445251 4.000000
v -4.000000 8.445251 -0.600000
v -4.000000 8.445251 -2.600000
v -4.000000 8.445251 -4.000000
v -0.600000 8.445251 4.000000
v -4.000000 8.445251 1.400000
v -4.000000 8.445251 0.600000
v -3.192286 8.445251 -4.000000
v -2.600000 8.445251 -4.000000
v -4.000000 8.445251 4.000000
v -4.000000 8.445251 2.600000
v -1.099999 8.445251 -4.000000
v -1.400000 8.445251 -4.000000
v -4.000000 8.445251 -1.400000
v -2.600000 8.445251 4.000000
v -1.400001 8.445251 4.000000
v 4.000000 8.445251 3.300000
v 4.562500 3.800000 -4.000000
v 4.730011 2.459914 -8.554418
v 4.482070 2.398695 -8.737663
v 4.455631 2.775746 -8.690532
v 4.682313 3.043502 -8.579806
v 4.810185 1.818524 -8.810184
v 4.546072 3.931421 -8.546072
v -1.400000 5.800000 -8.029737
v -1.400000 5.658902 -8.330136
v -0.700000 5.691927 -8.333071
v -0.700000 5.800000 -8.101984
v -1.893995 5.800000 -8.312500
v -0.239189 5.800000 -8.312500
v 4.500000 4.300000 4.347384
v 4.314550 4.300000 4.500000
v 4.562500 3.800000 4.422832
v 4.376547 3.800000 4.562500
v 3.778212 5.800000 4.312500
v 4.312500 5.800000 4.030207
v 3.814538 7.024726 4.159409
v 4.159409 7.024726 3.972979
v 4.637522 3.199816 4.637523
v 4.055335 7.857315 4.055336
v -4.454129 1.485411 4.851823
v -4.851656 1.486756 4.453756
v -4.617457 3.360340 4.617457
v -4.939286 0.785710 4.939286
v -4.426147 4.890818 -8.426147
v -4.330268 4.300000 -8.500000
v -4.500000 4.300000 -8.180509
v 4.963072 0.595420 4.963073
v 4.699999 0.300000 5.000000
v 5.000000 0.300000 4.700000
v 4.876163 0.408580 4.986428
v 4.923068 0.367454 4.923069
v 4.889736 0.300000 4.889737
v 4.986427 0.408580 4.876164
v 4.787868 0.300000 -8.787868
v 4.700000 0.300000 -9.000000
v 4.963073 0.595420 -8.963073
v 5.000000 0.300000 -8.700000
v 4.811768 0.300000 -8.922033
v 4.908221 0.349381 -8.908222
v 4.876164 0.408580 -8.986428
v 4.986428 0.408580 -8.876164
v 4.922032 0.300000 -8.811768
v 4.275290 6.097683 -4.000000
v 4.312500 5.800000 -3.700000
v 4.349710 5.502316 -4.000000
v 4.312500 5.800000 -4.300000
v 4.012500 5.800000 -4.000000
v 4.298823 5.909411 -3.889737
v 4.273190 5.799999 -4.000000
v 4.326177 5.690588 -3.889737
v 4.326177 5.690588 -4.110262
v 4.202237 5.800000 -4.110262
v 4.188560 5.909411 -4.000000
v 4.349427 5.504580 -8.349427
v 4.012500 5.800000 -8.312500
v 4.312500 5.800000 -8.012500
v 4.215809 5.691420 -8.326072
v 4.252432 5.732546 -8.252432
v 4.202237 5.800000 -8.202237
v 4.326072 5.691420 -8.215809
v 0.700000 0.300000 -8.700000
v 0.700000 0.597683 -8.962790
v 1.000000 0.300000 -9.000000
v 0.700000 0.409412 -8.876060
v 0.768500 0.367971 -8.923005
v 0.810264 0.409412 -8.986323
v 0.810264 0.300000 -8.889737
v 4.000000 8.915007 4.000000
v 4.000000 9.125007 3.790000
v 3.790000 9.125007 4.000000
v 4.000000 9.047821 3.922816
v 3.952050 9.077057 3.952050
v 3.922815 9.125007 3.922816
v 3.922815 9.047821 4.000000
v 3.790000 9.125007 -4.000000
v 4.000000 9.125007 -3.790000
v 4.000000 8.915007 -4.000000
v 3.922816 9.125007 -3.922816
v 3.952050 9.077057 -3.952050
v 4.000000 9.047821 -3.922816
v 3.922816 9.047821 -4.000000
v 4.000000 8.825006 -0.600000
v 4.000000 9.125007 -0.900000
v 3.700000 9.125007 -0.600000
v 4.000000 9.014742 -0.710263
v 3.931500 9.056507 -0.668500
v 3.889736 9.125007 -0.710263
v 3.889737 9.014742 -0.600000
v -4.963072 0.595420 4.963072
v -5.000000 0.300000 4.700000
v -4.700000 0.300000 5.000000
v -4.986428 0.408580 4.876164
v -4.923069 0.367454 4.923069
v -4.889737 0.300000 4.889737
v -4.876164 0.408580 4.986427
v -5.000000 0.300000 -8.700000
v -4.963072 0.595420 -8.963073
v -4.699999 0.300000 -9.000000
v -4.787868 0.300000 -8.787868
v -4.986427 0.408580 -8.876164
v -4.908221 0.349381 -8.908222
v -4.876163 0.408580 -8.986428
v -4.811769 0.300000 -8.922033
v -4.922031 0.300000 -8.811769
v -4.012500 5.800000 -4.000000
v -4.312500 5.800000 -4.300000
v -4.349710 5.502316 -4.000000
v -4.312500 5.800000 -3.700000
v -4.275290 6.097683 -4.000000
v -4.202237 5.800000 -4.110263
v -4.273190 5.800000 -4.000000
v -4.326177 5.690588 -4.110263
v -4.326177 5.690588 -3.889736
v -4.298823 5.909411 -3.889736
v -4.188560 5.909411 -4.000000
v -4.312500 5.800000 -8.012500
v -4.012499 5.800000 -8.312500
v -4.349427 5.504580 -8.349427
v -4.202236 5.800000 -8.202237
v -4.252431 5.732546 -8.252432
v -4.215809 5.691420 -8.326072
v -4.326072 5.691420 -8.215809
v -1.000000 0.300000 -9.000000
v -0.700000 0.597683 -8.962790
v -0.700000 0.300000 -8.700000
v -0.810263 0.409412 -8.986323
v -0.768500 0.367971 -8.923005
v -0.700000 0.409412 -8.876060
v -0.810263 0.300000 -8.889737
v -4.000000 8.915007 4.000000
v -3.790000 9.125007 4.000000
v -4.000000 9.125007 3.790000
v -3.922816 9.047821 4.000000
v -3.952050 9.077057 3.952050
v -3.922816 9.125007 3.922816
v -4.000000 9.047821 3.922816
v -4.000000 8.915007 -4.000000
v -4.000000 9.125007 -3.790000
v -3.790000 9.125007 -4.000000
v -4.000000 9.047821 -3.922816
v -3.952050 9.077057 -3.952050
v -3.922816 9.125007 -3.922816
v -3.922816 9.047821 -4.000000
v -4.000000 8.825006 0.600000
v -4.000000 9.125007 0.900000
v -3.700000 9.125007 0.600000
v -4.000000 9.014742 0.710263
v -3.931500 9.056507 0.668499
v -3.889736 9.125007 0.710263
v -3.889737 9.014742 0.600000
vt 0.598172 0.562779
vt 0.402938 0.564483
vt 0.401478 0.397147
vt 0.596712 0.395443
vt 0.608023 0.149601
vt 0.607781 -0.089527
vt 0.705397 -0.089527
vt 0.705640 0.149601
vt 0.668420 1.028442
vt 0.556862 1.029416
vt 0.553439 0.680784
vt 0.664997 0.679810
vt 0.650182 -0.728296
vt 0.705963 -0.727809
vt 0.607982 -0.686826
vt 0.407100 -0.474974
vt 0.462881 -0.474974
vt 0.462868 -0.304183
vt 0.407087 -0.304183
vt 0.987258 1.035698
vt 0.978624 1.105348
vt 0.759303 1.105348
vt 0.759222 1.035698
vt -0.026202 1.034504
vt -0.143558 1.035528
vt -0.174318 0.952092
vt 1.030983 1.025278
vt 1.031667 1.095004
vt 0.836441 1.096708
vt 0.835757 1.026982
vt 1.026734 1.484904
vt 1.021469 1.314299
vt 1.096320 1.313955
vt 1.075054 1.484677
vt 0.759303 1.150470
vt 0.591960 1.149010
vt 0.592569 1.079286
vt 0.759912 1.080747
vt -0.008589 1.313310
vt -0.007099 1.484102
vt -0.099052 1.484904
vt -0.121890 1.314299
vt 0.674581 1.655978
vt 0.563023 1.656952
vt 0.561277 1.479112
vt 0.672835 1.478138
vt 1.139231 1.026981
vt 1.130520 1.096708
vt 1.060794 1.096708
vt 1.060789 1.026981
vt 1.176455 0.315322
vt 1.193876 0.454774
vt 1.054424 0.454774
vt 1.054434 0.315322
vt 0.671158 1.307347
vt 0.669104 1.098168
vt 0.838495 1.305887
vt 1.137771 -0.028442
vt 1.181323 0.320190
vt 1.059302 0.320190
vt 1.059329 -0.028442
vt 0.873165 0.329287
vt 0.873307 0.468891
vt 0.705963 0.468891
vt 0.705822 0.329287
vt 1.124192 -0.103036
vt 1.132903 -0.033310
vt 1.054461 -0.033310
vt 1.054466 -0.103036
vt 0.871505 0.851877
vt 0.704162 0.851877
vt 0.704149 0.672387
vt 0.871492 0.672387
vt -0.158334 1.035698
vt -0.204954 0.687447
vt -0.082937 0.686382
vt -0.079895 1.035014
vt 1.177916 0.683218
vt 1.134363 1.031849
vt 1.055921 1.031849
vt 1.055894 0.683218
vt 0.872741 -0.089527
vt 0.872983 0.149601
vt 0.592537 0.686382
vt 0.592526 0.546930
vt 0.759869 0.546930
vt 0.759880 0.686382
vt 0.608205 0.329287
vt 1.060762 0.678350
vt 0.991063 1.026981
vt 0.991036 0.678350
vt 0.759907 1.081355
vt 0.592564 1.079895
vt 0.593172 1.010171
vt 0.760515 1.011632
vt 0.666062 0.679810
vt 0.664845 0.540358
vt 0.832182 0.538897
vt 0.833399 0.678350
vt 0.986195 1.031849
vt 0.986168 0.683218
vt 0.108273 0.684678
vt 0.107056 0.545226
vt 0.274393 0.543765
vt 0.275610 0.683218
vt 0.669713 1.098168
vt 0.669104 1.028442
vt 0.836441 1.026982
vt 0.837050 1.096708
vt 0.111924 1.103036
vt 0.111315 1.033310
vt 0.278652 1.031850
vt 0.279260 1.101576
vt 1.129060 -0.098168
vt 1.059334 -0.098168
vt 0.832334 0.678350
vt 1.027560 0.676646
vt 1.198744 0.459642
vt 1.059291 0.459642
vt 1.125653 0.721348
vt 1.124192 0.888685
vt 1.054466 0.888076
vt 1.055926 0.720740
vt 1.206414 0.687447
vt 1.159795 1.035698
vt 1.081355 1.035014
vt 1.084398 0.686382
vt 1.125653 1.101576
vt 1.055926 1.101576
vt 1.130521 0.163559
vt 1.129060 0.330896
vt 1.059334 0.330287
vt 1.060794 0.162950
vt 0.592569 1.104740
vt 0.592564 1.035014
vt 0.759907 1.035014
vt 0.759912 1.104740
vt -0.149010 1.105348
vt -0.079286 1.104740
vt -0.223602 0.548147
vt -0.084154 0.546930
vt 1.011632 1.034405
vt 1.014674 0.685774
vt 1.150471 1.105348
vt 1.080747 1.104740
vt 1.225062 0.548147
vt 1.085615 0.546930
vt 1.200204 0.538897
vt 1.182783 0.678350
vt 1.060752 0.538897
vt 0.984708 0.315322
vt 0.984734 -0.033310
vt -0.723834 0.572667
vt -0.686826 0.531474
vt -0.590430 0.671778
vt 0.689821 1.314299
vt 0.578259 1.314299
vt 0.591960 1.105348
vt 1.202801 0.427649
vt 1.190708 0.453733
vt 1.166157 0.468891
vt 1.166157 -0.723793
vt 1.181648 -0.712785
vt 1.178152 -0.694105
vt 1.030430 0.687447
vt 0.758815 0.687447
vt 1.195336 0.543765
vt 1.055884 0.543765
vt 1.196891 -0.697274
vt 1.207628 -0.681593
vt 0.592537 -0.082937
vt 0.759880 -0.084398
vt 0.760489 -0.014674
vt 0.593145 -0.013214
vt 1.026191 0.537194
vt 0.830965 0.538897
vt -0.013214 0.685774
vt -0.010171 1.034405
vt 0.989576 0.320190
vt 0.989602 -0.028442
vt 1.060789 0.163559
vt 1.059329 0.330896
vt 0.989602 0.330287
vt 0.991063 0.162950
vt 1.054434 0.108273
vt 1.055895 0.275609
vt 0.986168 0.276218
vt 0.984708 0.108881
vt 1.055921 0.721348
vt 1.054461 0.888685
vt 0.984735 0.888076
vt 0.986195 0.720740
vt 1.059302 0.666062
vt 1.060762 0.833399
vt 0.991036 0.834007
vt 0.989576 0.666670
vt 0.593145 0.314226
vt 0.760489 0.314226
vt 0.760478 0.453679
vt 0.593135 0.453679
vt 0.333330 0.679810
vt 0.165993 0.678350
vt 0.167210 0.538897
vt 0.334547 0.540358
vt 0.891119 0.684678
vt 0.723782 0.683218
vt 0.724999 0.543765
vt 0.892336 0.545226
vt 0.446104 0.541331
vt 0.444887 0.680784
vt 0.441845 1.029415
vt 0.330287 1.028442
vt 1.017838 0.546321
vt 1.016621 0.685774
vt 0.888076 1.033310
vt 1.013579 1.034405
vt 0.983639 -0.034405
vt 0.983613 0.314226
vt 0.760515 -0.034405
vt 0.983602 0.453679
vt 0.400499 0.715020
vt 0.595733 0.716724
vt 0.594273 0.884060
vt 0.399039 0.882357
vt 0.162950 1.026981
vt 0.329679 1.098168
vt 0.162342 1.096708
vt 0.760520 -0.104131
vt 0.983644 -0.104131
vt 1.012970 1.104131
vt 0.887468 1.103036
vt 0.609182 1.030876
vt 0.720740 1.031849
vt 0.720131 1.101576
vt 0.608573 1.100602
vt 0.593172 -0.034405
vt 0.593177 -0.104131
vt -0.032884 1.095004
vt -0.032276 1.025278
vt -0.029233 0.676646
vt -0.028017 0.537194
vt 0.986200 0.720131
vt 0.984740 0.887468
vt 0.859232 0.886373
vt 0.860693 0.719036
vt 0.992772 -0.032884
vt 0.991068 0.162342
vt 0.865561 0.161247
vt 0.867264 -0.033980
vt 0.987174 0.608573
vt 0.861666 0.607478
vt 0.989608 0.329679
vt 0.864100 0.328583
vt 0.983645 1.012970
vt 0.760520 1.011023
vt 0.698218 0.159786
vt 0.699921 -0.035440
vt 0.593177 1.009563
vt 0.691889 0.884912
vt 0.693350 0.717575
vt 0.694323 0.606018
vt 0.696757 0.327123
vt 0.401473 0.603462
vt 0.596706 0.605166
vt 0.407071 -0.037996
vt 0.602304 -0.036292
vt 0.600601 0.158934
vt 0.405367 0.157231
vt 0.400505 0.285589
vt 0.399044 0.118252
vt 0.594278 0.116548
vt 0.595738 0.283885
vt 0.599140 0.326271
vt 0.403907 0.324567
vt -0.085253 1.484904
vt -0.106802 1.314299
vt 0.132011 1.314299
vt 0.132210 1.484904
vt 1.047699 0.548146
vt 0.758653 0.548146
vt 1.069505 1.635453
vt 0.872528 1.637172
vt 1.041006 1.565972
vt 0.872528 -0.298934
vt 0.705185 -0.298934
vt 0.690228 1.662550
vt 0.690021 1.484904
vt 0.857364 1.484904
vt 0.857571 1.662550
vt 1.104583 1.035698
vt 1.096019 1.105348
vt 0.727854 -0.652814
vt 0.727841 -0.474974
vt 0.560498 -0.474974
vt 0.602347 -0.652814
vt 0.113369 1.312215
vt 0.111315 1.103036
vt 0.278652 1.101576
vt 0.280706 1.310755
vt 0.663628 0.540358
vt 0.552070 0.541331
vt 1.081593 -0.478138
vt 1.102929 -0.307347
vt 0.989623 -0.307347
vt 0.989636 -0.478138
vt 0.559600 1.308321
vt 1.006125 1.484102
vt 1.007616 1.313310
vt 1.120917 1.314299
vt 1.098078 1.484904
vt 0.351332 -0.652814
vt 0.407113 -0.652814
vt 0.986205 0.280477
vt 0.860698 0.281573
vt 0.859238 0.114236
vt 0.984745 0.113141
vt 0.992168 0.963769
vt 0.727209 0.966081
vt 0.865566 0.839362
vt 0.991073 0.838267
vt 1.102929 0.671158
vt 1.104389 0.838495
vt 0.991084 0.839483
vt 0.989624 0.672147
vt 0.864106 0.672025
vt 0.989613 0.670930
vt 0.858142 -0.011267
vt 0.983650 -0.012362
vt 0.559865 0.967542
vt 0.698223 0.840822
vt 0.691895 0.115696
vt 0.690799 -0.009806
vt 0.693355 0.283033
vt 0.863132 0.560467
vt 0.988639 0.559372
vt 0.696763 0.673485
vt 0.406468 0.968880
vt 0.405372 0.843378
vt 0.600606 0.841674
vt 0.462249 0.968394
vt 0.397949 -0.007251
vt 0.593183 -0.008954
vt 0.695789 0.561928
vt 0.411918 -0.484101
vt 0.397981 -0.592215
vt 0.593215 -0.592215
vt 0.579261 -0.484101
vt 0.403912 0.676041
vt 0.599146 0.674337
vt 0.033524 1.475583
vt 0.159026 1.476678
vt 0.158083 1.584792
vt 0.032580 1.583697
vt 0.411330 -0.526061
vt 0.606564 -0.524358
vt 0.884152 1.483006
vt 1.009655 1.484102
vt 1.008711 1.592216
vt 0.883209 1.591120
vt 0.716815 1.481546
vt 0.715872 1.589660
vt 0.983673 -0.484101
vt 0.858166 -0.484101
vt 0.858174 -0.592215
vt 0.983682 -0.592215
vt 0.327853 1.307347
vt 0.439411 1.308321
vt 0.437921 1.479112
vt 0.326363 1.478138
vt 0.690823 -0.484101
vt 0.690831 -0.592215
vt 0.325419 1.586252
vt 0.704181 -0.523506
vt 0.871524 -0.522045
vt -0.517299 0.672387
vt -0.516082 0.532934
vt 0.406491 1.475583
vt 0.462272 1.475583
vt 0.462281 1.583696
vt 0.406499 1.583696
vt -0.520950 1.090744
vt -0.518865 0.851876
vt 0.997031 -0.520950
vt 0.986237 0.715872
vt 0.984777 0.883209
vt 0.859270 0.882113
vt 0.860730 0.714776
vt 0.992200 0.032580
vt 0.991105 0.158083
vt 0.865598 0.156987
vt 0.727240 0.030268
vt 0.989645 0.325419
vt 0.864137 0.324324
vt 0.983682 1.008711
vt 0.858174 1.007616
vt 0.698255 0.155527
vt 0.559897 0.028807
vt 0.690831 1.006155
vt 0.691927 0.880653
vt 0.693387 0.713316
vt 0.988671 0.436977
vt 0.863164 0.435882
vt 0.696794 0.322864
vt 0.406499 0.027469
vt 0.462281 0.027955
vt 0.600638 0.154675
vt 0.405404 0.152971
vt 0.399076 0.878097
vt 0.594310 0.879801
vt 0.593215 1.005304
vt 0.397981 1.003600
vt 0.695821 0.434421
vt 0.606949 1.568543
vt 0.411716 1.570247
vt 0.407076 1.038604
vt 0.462857 1.038117
vt 0.599178 0.322012
vt 0.403944 0.320308
vt 1.639832 1.257693
vt 1.621455 1.283911
vt 1.593253 1.299300
vt 0.992192 1.475583
vt 0.992200 1.583696
vt 0.727240 1.583696
vt 0.727232 1.475583
vt 0.559897 1.583696
vt 0.559889 1.475583
vt 0.400536 0.710760
vt 0.595770 0.712464
vt 0.392263 1.309781
vt 0.390210 1.100602
vt 0.992101 -0.474974
vt 1.036366 -0.304183
vt 0.727828 -0.304183
vt 1.038482 1.304183
vt 0.968759 1.304791
vt 0.967542 1.165339
vt 1.037265 1.164730
vt 0.560474 1.037265
vt 0.704566 1.567691
vt 0.727817 1.035805
vt 0.871909 1.566231
vt 0.607568 -0.298934
vt 1.036356 -0.164730
vt 0.727817 -0.164730
vt -0.034329 1.304183
vt -0.565972 1.299543
vt -0.564755 1.160090
vt -0.033112 1.164730
vt 0.871920 1.299543
vt 0.704577 1.299543
vt 0.704566 1.160090
vt 0.871909 1.160090
vt 1.049326 1.084791
vt 1.191321 1.187001
vt 1.149120 1.228470
vt 0.559889 0.029751
vt 0.560498 -0.039973
vt 0.727841 -0.038513
vt 0.727232 0.031211
vt 0.606960 1.569760
vt 0.704577 1.568908
vt 0.705185 1.638632
vt 0.607568 1.639484
vt 0.871920 1.567448
vt 1.040995 1.564755
vt 1.036356 1.033113
vt 0.560485 -0.304183
vt 0.560474 -0.164730
vt 0.462857 -0.164730
vt 1.041006 1.299543
vt 1.040995 1.160090
vt 0.407076 -0.164730
vt 0.006318 1.483955
vt -0.076413 1.484677
vt -0.086070 1.313956
vt -0.006033 1.313257
vt 0.557546 1.099142
vt 0.840172 1.476678
vt 0.991887 1.304548
vt 1.034129 1.345695
vt 1.130685 1.035528
vt 1.122066 1.105163
vt 0.161733 1.166434
vt 0.329070 1.167894
vt 0.160517 1.305887
vt 0.992168 1.165339
vt 0.992179 1.304791
vt 0.727219 1.304791
vt 0.727209 1.165339
vt 1.039973 1.474974
vt 0.970249 1.475583
vt 0.606564 1.090744
vt 0.411330 1.090744
vt 0.411312 0.851877
vt 0.606546 0.851877
vt 0.035014 1.304791
vt 0.031211 1.475583
vt -0.038512 1.474974
vt -0.037022 1.304183
vt 0.032702 1.304791
vt -0.035805 1.164730
vt 0.033919 1.165339
vt 1.060449 1.600884
vt 0.036231 1.165339
vt 0.886859 1.172762
vt 1.012362 1.173858
vt 1.011145 1.313310
vt 0.885643 1.312215
vt 0.406468 1.165339
vt 0.462249 1.165339
vt 0.462259 1.304791
vt 0.406478 1.304791
vt 0.983650 -0.173858
vt 0.858142 -0.173858
vt 0.858153 -0.313310
vt 0.983660 -0.313310
vt 0.411905 -0.006155
vt 0.410916 -0.119456
vt 0.578259 -0.120917
vt 0.579248 -0.007616
vt 0.719523 1.171302
vt 0.718306 1.310755
vt 0.690799 -0.173858
vt 0.690810 -0.313310
vt 0.401510 0.599203
vt 0.596744 0.600906
vt 0.949903 -0.652814
vt 0.986216 0.281694
vt 0.984756 0.114357
vt 1.098061 0.113369
vt 1.099521 0.280705
vt 0.878264 1.033310
vt 1.015097 1.034504
vt 1.010207 1.104192
vt 0.877732 1.103036
vt 1.062540 -0.652814
vt 1.084757 -0.474974
vt 0.605258 1.480572
vt 0.604314 1.588686
vt 0.397378 1.662550
vt 0.411115 1.484904
vt 0.578459 1.484904
vt 0.592611 1.662550
vt 0.858153 -0.010050
vt 0.690810 -0.008589
vt 0.689821 -0.121890
vt 0.857164 -0.123351
vt 0.841917 1.654518
vt 1.083053 0.159828
vt 1.081593 0.327165
vt 0.989637 0.326363
vt 0.991097 0.159026
vt 1.037144 1.652814
vt 1.035398 1.474974
vt 0.397949 -0.173858
vt 0.411905 -0.313310
vt 0.579248 -0.313310
vt 0.593183 -0.173858
vt 0.116791 1.660846
vt 0.115046 1.483006
vt 0.282382 1.481546
vt 0.284128 1.659386
vt 0.986229 1.481546
vt 0.986216 1.310755
vt 1.099521 1.310755
vt 1.078185 1.481546
vt 0.606960 1.299543
vt 0.606949 1.160090
vt 0.411726 1.299543
vt 0.411716 1.160090
vt 1.033313 1.262670
vt 0.591309 0.548146
vt 0.591472 0.687447
vt 0.382293 0.687447
vt 0.382131 0.548146
vt -0.591997 0.851268
vt -0.520707 0.672387
vt -0.522273 0.851877
vt 0.411312 -0.523977
vt 0.411920 -0.593700
vt 0.607154 -0.591997
vt 0.606546 -0.522273
vt 0.591879 1.035698
vt 0.382700 1.035698
vt 0.382781 1.105348
vt 1.053665 0.020182
vt 0.998128 0.048559
vt 0.997519 -0.021165
vt -0.589213 0.532326
vt -0.519490 0.532934
vt 0.383998 1.007737
vt 0.606521 0.532934
vt 0.704138 0.532934
vt 0.606532 0.672387
vt 0.871481 0.532934
vt 0.996988 0.532934
vt 0.996999 0.672387
vt 0.997013 0.851877
vt 0.607172 -0.594081
vt 0.411939 -0.595785
vt 0.412547 -0.665509
vt 0.607781 -0.663805
vt 0.997031 1.090744
vt 0.871524 1.090744
vt 0.704181 1.090744
vt 0.578668 1.682806
vt 0.411325 1.682806
vt -0.691578 0.850399
vt -0.712447 0.670713
vt -0.663805 1.089527
vt -0.594081 1.090136
vt 0.395686 1.658412
vt 0.393940 1.480572
vt 0.440628 1.168868
vt 0.389525 1.030876
vt 0.277967 1.031850
vt 0.384734 0.542792
vt 0.386103 0.682244
vt 0.274545 0.683218
vt 0.273176 0.543765
vt 0.987203 0.605257
vt 0.988663 0.437921
vt 1.080619 0.438723
vt 1.079159 0.606060
vt 0.607965 1.170328
vt 0.606748 1.309781
vt 0.861704 0.603219
vt 0.694360 0.601758
vt 0.987211 0.604314
vt 0.578459 1.098078
vt 0.411115 1.096618
vt 0.411918 1.004665
vt 0.579261 1.006125
vt 0.861672 0.393130
vt 0.694329 0.394591
vt 0.987179 0.392035
vt 0.436977 1.587226
vt 0.598204 0.433570
vt 0.402970 0.431866
vt 0.987190 -0.309781
vt 0.987203 -0.480572
vt 1.079159 -0.480572
vt 1.100495 -0.309781
vt 1.104389 1.305887
vt 1.083053 1.476678
vt 0.991097 1.476678
vt 0.991084 1.305887
vt 0.988663 1.479112
vt 0.988650 1.308321
vt 1.101955 1.308321
vt 1.080619 1.479112
vt 0.988650 0.560589
vt 0.987190 0.393252
vt 1.100495 0.392263
vt 1.101955 0.559600
vt 0.984756 -0.312215
vt 0.984769 -0.483006
vt 1.076725 -0.483006
vt 1.098061 -0.312215
vt 0.984769 0.884152
vt 0.986229 0.716815
vt 1.078185 0.717618
vt 1.076725 0.884954
vt 0.690823 1.007099
vt 0.858166 1.008559
vt 0.857364 1.100512
vt 0.690021 1.099052
vt 1.008559 1.484102
vt 1.010050 1.313310
vt 1.123351 1.314299
vt 1.100512 1.484904
vt 0.559865 1.165339
vt 0.559876 1.304791
vt 0.607154 0.148732
vt 0.411920 0.148732
vt 0.411939 -0.090136
vt 0.607172 -0.090136
vt 0.674757 1.676234
vt 0.842094 1.674774
vt 0.842921 1.769567
vt 0.675585 1.771028
vt 0.987140 1.673557
vt 1.042918 1.673070
vt 1.043746 1.767864
vt 0.987967 1.768351
vt 0.605861 1.771636
vt 0.563662 1.730166
vt 1.074120 1.682806
vt 1.073293 1.777600
vt 1.017514 1.777113
vt 1.018341 1.682319
vt 0.116968 1.681102
vt 0.284305 1.679642
vt 0.285132 1.774436
vt 0.117795 1.775896
vt 0.727369 1.673557
vt 0.949417 1.673557
vt 0.949425 1.768350
vt 0.727376 1.768350
vt 1.037892 1.738579
vt 1.027291 1.757194
vt 1.008864 1.768119
vt -0.200650 0.881991
vt -0.061197 0.883208
vt -0.058945 1.074932
vt -0.202110 1.049328
vt -0.161735 1.217030
vt -0.203205 1.174831
vt 1.006274 1.673557
vt 1.006281 1.768350
vt 1.033264 1.038403
vt 0.949911 1.039131
vt 1.006281 0.982855
vt 0.017972 1.673557
vt 0.157419 1.674774
vt 0.156592 1.769567
vt 0.017145 1.768351
vt 0.421067 1.043746
vt 0.351341 1.044354
vt 0.350854 0.988575
vt 0.420581 0.987967
vt 0.395863 1.678668
vt 0.396690 1.773462
vt 0.952269 1.681710
vt 1.021992 1.682319
vt 1.021165 1.777113
vt 0.951442 1.776504
vt 0.949904 -0.673070
vt 0.727856 -0.673070
vt 0.727863 -0.767863
vt 0.949911 -0.767863
vt 0.019355 1.681954
vt 0.020182 1.776748
vt 0.587924 0.986506
vt 0.727376 0.985289
vt 0.727863 1.041068
vt 0.588410 1.042285
vt 0.858067 -0.019948
vt 0.690724 -0.018488
vt 0.690237 -0.074267
vt 0.857580 -0.075727
vt 1.000197 0.285619
vt 0.998736 0.118282
vt 1.054517 0.117795
vt 1.055978 0.285132
vt 1.005064 0.843408
vt 1.003604 0.676071
vt 1.059385 0.675584
vt 1.060845 0.842921
vt 0.421060 1.042918
vt 0.420573 0.987140
vt 0.587916 0.985679
vt 0.588403 1.041458
vt 0.579162 -0.017514
vt 0.578675 -0.073293
vt 1.033264 -0.767863
vt 1.062547 -0.738578
vt -0.062814 1.682806
vt -0.033522 1.777599
vt -0.062809 1.748314
vt 0.997512 -0.682319
vt 0.858060 -0.682319
vt 0.858067 -0.777113
vt 0.997519 -0.777113
vt 0.882545 1.681102
vt 0.881718 1.775896
vt 0.949425 0.983352
vt 0.579154 -0.018341
vt 0.411811 -0.016881
vt 0.411325 -0.072660
vt 0.578668 -0.074120
vt 0.420573 1.673557
vt 0.350847 1.673557
vt 0.350846 1.653301
vt 0.406627 1.653301
vt 1.002623 0.563686
vt 1.001163 0.396350
vt 1.056944 0.395863
vt 1.058404 0.563200
vt 1.002623 1.677208
vt 1.043034 1.756625
vt 1.002630 1.772001
vt 1.001170 0.397177
vt 1.056951 0.396690
vt 0.351334 -0.673070
vt 0.351341 -0.767863
vt 0.421067 -0.767863
vt 0.421060 -0.673070
vt 0.587916 1.673557
vt 0.587924 1.768350
vt 0.588403 -0.673070
vt 0.588410 -0.767863
vt 1.056951 -0.773462
vt 1.056944 -0.678668
vt 1.001163 -0.678668
vt 1.001170 -0.773462
vt 0.690717 -0.682319
vt 0.690724 -0.777113
vt 0.690230 1.682806
vt 0.857573 1.682806
vt 0.857580 1.777599
vt 0.690237 1.777599
vt 0.324756 1.676234
vt 0.436314 1.677208
vt 0.435486 1.772002
vt 0.323929 1.771028
vt 0.715208 1.679642
vt 0.714381 1.774436
vt 0.603650 1.678668
vt 0.602823 1.773462
vt 0.874831 1.483006
vt 0.876135 1.312215
vt 0.995537 1.313257
vt 0.983558 1.483955
vt 0.578675 1.777599
vt 0.014321 1.673557
vt 0.013494 1.768351
vt -0.042285 1.767864
vt -0.041458 1.673070
vt 1.002630 0.564514
vt 1.016576 0.564392
vt 1.043169 0.579537
vt 0.579154 -0.682319
vt 0.579162 -0.777113
vt 0.412789 0.149601
vt 0.315173 0.149601
vt 0.314930 -0.089527
vt 0.412547 -0.089527
vt 0.320475 1.028442
vt 0.323137 0.679810
vt 0.434695 0.680784
vt 0.432033 1.029416
vt 0.371277 -0.730730
vt 0.397602 -0.715123
vt 0.412748 -0.688530
vt -0.691669 0.905822
vt -0.042088 1.025278
vt -0.042620 1.095004
vt -0.625581 1.089916
vt -0.660464 1.172009
vt -0.669926 1.089528
vt 0.000680 1.035698
vt 0.215357 1.035698
vt 0.215438 1.105348
vt 0.009477 1.105348
vt 1.114938 1.314299
vt 1.092286 1.484904
vt 1.151930 1.035698
vt 1.142682 1.105348
vt 0.153138 1.026982
vt 0.152606 1.096708
vt 0.215438 1.145724
vt 0.216047 1.076001
vt 0.383390 1.077461
vt 0.382781 1.147185
vt 1.005182 1.313310
vt 1.118483 1.314299
vt 1.095644 1.484904
vt 1.003691 1.484102
vt 0.315683 1.655978
vt 0.317041 1.478138
vt 0.428599 1.479112
vt 0.427241 1.656952
vt -0.133274 1.026981
vt -0.054832 1.026981
vt -0.054826 1.096708
vt -0.124553 1.096708
vt -0.183207 0.315322
vt -0.061186 0.315322
vt -0.061197 0.454774
vt -0.200650 0.454774
vt 0.318346 1.307347
vt 0.151009 1.305887
vt 0.319943 1.098168
vt -0.134734 -0.028442
vt -0.056292 -0.028442
vt -0.056319 0.320190
vt -0.178340 0.320190
vt 0.314279 -0.591769
vt 0.146936 -0.593229
vt 0.148153 -0.732677
vt 0.315496 -0.731216
vt -0.130881 -0.103036
vt -0.061155 -0.103036
vt -0.061160 -0.033310
vt -0.139602 -0.033310
vt 0.148012 0.329287
vt 0.315355 0.329287
vt 0.315496 0.468891
vt 0.148153 0.468891
vt -0.169243 0.329287
vt -0.140125 0.094178
vt 0.147830 0.149601
vt 1.156509 1.035698
vt 1.078070 1.035014
vt 1.081112 0.686382
vt 1.203128 0.687447
vt -0.181747 0.683218
vt -0.059726 0.683218
vt -0.059700 1.031849
vt -0.138142 1.031849
vt 0.146352 0.851877
vt 0.146338 0.672387
vt 0.313681 0.672387
vt 0.313695 0.851877
vt 0.383358 0.686382
vt 0.216015 0.686382
vt 0.216004 0.546930
vt 0.383347 0.546930
vt 0.412971 0.329287
vt 0.216042 1.076609
vt 0.216650 1.006886
vt 0.383993 1.008346
vt 0.383385 1.078069
vt 0.324202 0.679810
vt 0.156865 0.678350
vt 0.158082 0.538897
vt 0.325419 0.540358
vt 0.881991 0.684678
vt 0.714655 0.683218
vt 0.715871 0.543765
vt 0.883208 0.545226
vt 0.320551 1.098168
vt 0.153214 1.096708
vt 0.153823 1.026982
vt 0.321160 1.028442
vt 0.878340 1.103036
vt 0.711004 1.101576
vt 0.711612 1.031850
vt 0.878949 1.033310
vt -0.126013 -0.098168
vt -0.056287 -0.098168
vt -0.039426 0.676646
vt 0.155800 0.678350
vt -0.056329 0.459642
vt -0.195782 0.459642
vt -0.129421 0.710395
vt -0.059694 0.711004
vt -0.061155 0.878340
vt -0.130881 0.877732
vt -0.201668 0.687447
vt -0.079652 0.686382
vt -0.076609 1.035014
vt -0.155048 1.035698
vt -0.059694 1.101576
vt -0.129421 1.101576
vt -0.124553 0.152606
vt -0.054826 0.153214
vt -0.056287 0.320551
vt -0.126013 0.319943
vt 1.147185 1.105348
vt 1.077461 1.104740
vt 1.082329 0.546930
vt 1.221776 0.548147
vt -0.009928 0.685774
vt -0.006885 1.034405
vt -0.076001 1.104740
vt -0.145724 1.105348
vt -0.220316 0.548147
vt -0.080868 0.546930
vt -0.194322 0.538897
vt -0.054869 0.538897
vt -0.054858 0.678350
vt -0.176879 0.678350
vt 1.592134 0.671778
vt 1.688530 0.531474
vt 1.725538 0.572667
vt -0.062816 1.662550
vt 0.132418 1.662550
vt -0.144697 0.468891
vt -0.048297 -0.594933
vt -0.043306 0.687447
vt 0.214950 0.687447
vt -0.199189 0.543765
vt -0.059737 0.543765
vt -0.186898 -0.693763
vt -0.157209 -0.705758
vt 0.383358 -0.081112
vt 0.383967 -0.011388
vt 0.216623 -0.009928
vt 0.216015 -0.079652
vt -0.038361 0.537194
vt 0.156865 0.538898
vt 1.008346 1.034405
vt 1.011388 0.685774
vt 0.284737 0.683218
vt 0.287779 1.031850
vt 0.178216 1.032806
vt 0.175174 0.684174
vt 0.845569 1.026982
vt 0.755049 1.027771
vt 0.675189 0.679810
vt 0.842526 0.678350
vt 0.383967 0.314226
vt 0.383956 0.453679
vt 0.216613 0.453679
vt 0.216624 0.314226
vt 0.673972 0.540358
vt 0.841309 0.538897
vt 0.173957 0.544722
vt 0.283520 0.543765
vt 0.562415 0.541331
vt 0.563632 0.680784
vt 0.566674 1.029415
vt 0.846177 1.096708
vt 0.755658 1.097498
vt -0.006277 1.104131
vt 0.176391 1.032806
vt 0.176999 1.102532
vt 0.399337 1.030876
vt 0.399946 1.100602
vt 0.288388 1.101576
vt 0.216650 -0.034405
vt 0.216655 -0.104131
vt 0.383998 -0.104131
vt 0.383993 -0.034405
vt 0.178825 1.102532
vt 1.040795 1.025278
vt 1.041403 1.095004
vt 1.036535 0.537194
vt 1.037752 0.676646
vt 0.147587 -0.089527
vt 0.567282 1.099142
vt 0.016603 -0.041403
vt 0.142111 -0.040308
vt 0.224079 0.155648
vt 0.014900 0.153823
vt 0.395078 0.542792
vt 0.396295 0.682244
vt 0.245559 1.167224
vt 0.155040 1.166434
vt 0.155648 1.096708
vt 0.246168 1.097498
vt 0.218255 0.823001
vt 0.301422 0.881505
vt 0.216655 1.006277
vt 0.219211 0.713438
vt 0.302882 0.714168
vt 0.220184 0.601880
vt 0.303856 0.602610
vt 0.309454 -0.038848
vt 0.307750 0.156379
vt 0.971086 1.661698
vt 1.068699 1.662550
vt -0.053074 -0.738578
vt -0.023786 -0.767863
vt 0.059559 -0.673070
vt -0.060900 0.548146
vt 0.214788 0.548146
vt -0.044534 1.345696
vt -0.002383 1.304548
vt 0.149705 1.476678
vt 0.306960 0.246898
vt 0.223289 0.246168
vt 0.299761 1.662550
vt 0.299553 1.484904
vt 0.142153 -0.652814
vt 0.309496 -0.652814
vt 0.309483 -0.474974
vt 0.142140 -0.474974
vt 0.708798 1.310755
vt 0.710395 1.101576
vt 0.324202 0.540358
vt 0.435760 0.541331
vt -0.078488 -0.478138
vt 0.013468 -0.478138
vt 0.013455 -0.307347
vt -0.099850 -0.307347
vt 0.429903 1.308321
vt -0.004665 1.484102
vt -0.096618 1.484904
vt -0.119456 1.314299
vt -0.006155 1.313310
vt 0.988634 0.441236
vt 0.863127 0.440141
vt 0.016000 0.972288
vt 0.014905 0.846786
vt 0.224084 0.844960
vt 0.141508 0.971193
vt -0.099850 0.681654
vt 0.013455 0.680666
vt 0.014916 0.848002
vt -0.098390 0.848991
vt 0.224079 1.096708
vt 0.224084 1.166434
vt 0.014905 1.166434
vt 0.014900 1.096708
vt 0.245829 -0.298934
vt 0.218260 0.177608
vt 0.216661 -0.005669
vt 0.300332 -0.006399
vt 0.301427 0.119104
vt 0.219216 0.287171
vt 0.302888 0.286441
vt 0.695784 0.438681
vt 0.307756 0.844230
vt 0.308851 0.969732
vt 0.223294 0.754441
vt 0.221650 0.566065
vt 0.305322 0.565335
vt 0.306966 0.753710
vt 0.974995 1.475583
vt 0.975939 1.583697
vt 0.850436 1.584792
vt 0.849493 1.476678
vt 0.124367 1.483006
vt 0.125310 1.591120
vt -0.000192 1.592216
vt -0.001136 1.484102
vt 0.291704 1.481546
vt 0.292647 1.589660
vt 0.007505 -0.484101
vt 0.007514 -0.592215
vt 0.133021 -0.592215
vt 0.133013 -0.484101
vt 0.680666 1.307347
vt 0.682156 1.478138
vt 0.570598 1.479112
vt 0.569108 1.308321
vt 0.300364 -0.592215
vt 0.300356 -0.484101
vt 0.683100 1.586252
vt 1.524601 0.532934
vt 1.525818 0.672387
vt 1.527384 0.851876
vt 1.529469 1.090744
vt 0.020863 -0.529469
vt 0.146370 -0.528374
vt 0.010069 0.707353
vt 0.135577 0.708448
vt 0.134116 0.875785
vt 0.008609 0.874690
vt 0.016032 0.024061
vt 0.141540 0.025156
vt 0.140444 0.150659
vt 0.014937 0.149564
vt 0.138984 0.317996
vt 0.013477 0.316900
vt 0.133021 1.001287
vt 0.007514 1.000192
vt 0.308883 0.026617
vt 0.307787 0.152119
vt 0.301459 0.877245
vt 0.300364 1.002748
vt 0.302920 0.709908
vt 0.138010 0.429554
vt 0.012503 0.428458
vt 0.306327 0.319456
vt 0.305354 0.431014
vt -0.086052 1.303818
vt -0.133193 1.105348
vt 0.016024 1.475583
vt 0.141531 1.475583
vt 0.141540 1.583696
vt 0.016032 1.583696
vt 0.308874 1.475583
vt 0.308883 1.583696
vt 0.597240 1.309781
vt 0.598837 1.100602
vt 0.014551 -0.474974
vt 0.142127 -0.304183
vt -0.026959 -0.304183
vt 0.314099 1.571099
vt 0.309459 1.039456
vt 0.313713 -0.526913
vt 0.142116 -0.164730
vt -0.026970 -0.164730
vt 1.043609 1.304183
vt 1.042392 1.164730
vt 1.574035 1.160090
vt 1.575252 1.299543
vt 0.146756 1.572559
vt 0.142116 1.040916
vt -0.048147 1.777344
vt -0.077686 1.748315
vt 0.146766 1.299543
vt 0.146756 1.160090
vt 0.314099 1.160090
vt 0.314110 1.299543
vt -0.022331 1.574035
vt -0.026970 1.042392
vt 0.309459 -0.164730
vt 0.309470 -0.304183
vt -0.022320 1.299543
vt -0.022331 1.160090
vt -0.127254 0.713275
vt -0.195024 0.615806
vt 0.431501 1.099142
vt -0.043900 1.262670
vt -0.141990 1.035698
vt 0.846786 1.166434
vt 0.848002 1.305887
vt 0.756266 1.167224
vt 0.016000 1.165339
vt 0.141508 1.165339
vt 0.141518 1.304791
vt 0.016011 1.304791
vt 0.973505 1.304791
vt 0.880926 0.684678
vt 1.039548 0.686063
vt 0.972288 1.165339
vt 0.179433 1.172258
vt 0.122876 1.312215
vt -0.002626 1.313310
vt -0.003843 1.173858
vt 0.412359 -0.283838
vt 0.314738 -0.279236
vt 0.007482 -0.173858
vt 0.007492 -0.313310
vt 0.133000 -0.313310
vt 0.216661 -0.173858
vt 0.288996 1.171302
vt 0.290213 1.310755
vt 0.300343 -0.313310
vt 0.300332 -0.173858
vt 0.059557 -0.652814
vt 0.010048 0.290213
vt -0.103257 0.291202
vt -0.104718 0.123865
vt 0.008588 0.122876
vt 0.881991 0.545226
vt 1.049328 0.546686
vt -0.053080 -0.652814
vt -0.075324 -0.474974
vt 0.403261 1.480572
vt 0.404205 1.588686
vt 0.133000 -0.003721
vt 0.132011 -0.117022
vt 0.299354 -0.118483
vt 0.300343 -0.005182
vt 0.148347 1.654518
vt -0.077028 0.149705
vt 0.014929 0.150507
vt 0.013468 0.317844
vt -0.078488 0.317041
vt -0.046880 1.652814
vt -0.045522 1.474974
vt 0.873473 1.660846
vt 0.706136 1.659386
vt 0.707494 1.481546
vt 0.010061 1.481546
vt -0.081895 1.481546
vt -0.103257 1.310755
vt 0.010048 1.310755
vt -0.093703 -0.089527
vt 0.299354 1.314299
vt 0.410916 1.314299
vt 1.593700 0.851268
vt 1.523977 0.851877
vt 1.522410 0.672387
vt 1.067950 1.748315
vt 1.038411 1.777344
vt 0.970909 1.681954
vt -0.719231 0.670713
vt 1.521194 0.532934
vt 1.590917 0.532326
vt 0.411288 0.532934
vt 0.411298 0.672387
vt 0.313671 0.532934
vt 0.146328 0.532934
vt 0.020831 0.672387
vt 0.020820 0.532934
vt 0.020845 0.851877
vt 0.020863 1.090744
vt 0.146370 1.090744
vt 0.313713 1.090744
vt 1.693281 0.850399
vt 1.714150 0.670713
vt 1.665508 1.089527
vt 1.595785 1.090136
vt 0.594578 1.658412
vt 0.595936 1.480572
vt 0.567891 1.168868
vt 0.599370 1.030876
vt 0.710928 1.031850
vt 0.603097 0.542792
vt 0.714654 0.543765
vt 0.713590 0.683218
vt 0.602032 0.682244
vt 0.011035 0.596738
vt -0.080922 0.595936
vt -0.079461 0.428599
vt 0.012495 0.429402
vt 0.400554 1.170328
vt 0.401771 1.309781
vt 0.136550 0.596890
vt 0.303893 0.598351
vt 0.011043 0.595795
vt 0.220190 0.398729
vt 0.303861 0.397998
vt 0.402933 0.436125
vt 0.598167 0.437829
vt 0.571542 1.587226
vt 0.011022 -0.309781
vt -0.102284 -0.309781
vt -0.080922 -0.480572
vt 0.011035 -0.480572
vt 0.221645 0.434543
vt 0.305316 0.435273
vt -0.098389 1.305887
vt 0.014916 1.305887
vt 0.014929 1.476678
vt -0.077027 1.476678
vt 0.012495 1.479112
vt -0.079461 1.479112
vt -0.100823 1.308321
vt 0.012482 1.308321
vt 0.012482 0.569108
vt -0.100823 0.570097
vt -0.102284 0.402760
vt 0.011022 0.401771
vt 0.008588 -0.312215
vt -0.104718 -0.312215
vt -0.083356 -0.483006
vt 0.008601 -0.483006
vt 0.008601 0.875633
vt -0.083356 0.874831
vt -0.081895 0.707494
vt 0.010061 0.708296
vt 0.300356 1.003691
vt 0.299553 1.095644
vt 0.132210 1.094184
vt 0.133013 1.002231
vt -0.002231 1.484102
vt -0.094184 1.484904
vt -0.117022 1.314299
vt -0.003721 1.313310
vt 0.308851 1.165339
vt 0.308861 1.304791
vt 0.315507 1.676234
vt 0.314679 1.771028
vt 0.147343 1.769567
vt 0.148170 1.674774
vt 0.309498 -0.673070
vt 0.309505 -0.767863
vt -0.002888 -0.773462
vt -0.002896 -0.678668
vt -0.043294 -0.758085
vt 0.873296 1.681102
vt 0.872469 1.775896
vt 0.705132 1.774436
vt 0.705959 1.679642
vt 0.141668 1.673557
vt 0.141675 1.768350
vt 0.059079 1.768350
vt 0.059072 1.673557
vt -0.047056 1.673070
vt -0.018600 1.768119
vt -0.047628 1.738579
vt -0.057216 1.677208
vt -0.001435 1.677208
vt -0.001428 1.772001
vt -0.057209 1.772001
vt 0.002223 1.768350
vt 0.002216 1.673557
vt -0.054775 0.852657
vt 0.001006 0.852170
vt 0.002223 0.991618
vt 0.990790 1.673557
vt 0.991618 1.768351
vt 0.852170 1.769567
vt 0.851343 1.674774
vt -0.059035 0.364592
vt -0.059643 0.294868
vt -0.003862 0.294381
vt 0.056494 1.681710
vt 0.057321 1.776504
vt -0.012403 1.777113
vt -0.013230 1.682319
vt 0.059566 -0.767863
vt 0.142162 -0.767863
vt 0.142155 -0.673070
vt 0.970082 1.776748
vt 0.309018 0.988940
vt 0.309505 1.044719
vt 0.142162 1.046180
vt 0.141675 0.990401
vt 0.132913 -0.013620
vt 0.132427 -0.069399
vt 0.299770 -0.070859
vt 0.300256 -0.015080
vt -0.061103 0.127531
vt -0.005322 0.127044
vt -0.056236 0.685320
vt -0.000454 0.684834
vt 0.411332 -0.071833
vt 0.411818 -0.016054
vt -0.006546 -0.682319
vt -0.006539 -0.777113
vt 0.132913 -0.777113
vt 0.132906 -0.682319
vt 0.059566 1.046901
vt 0.059079 0.991122
vt -0.001435 0.572449
vt -0.057216 0.572935
vt -0.058677 0.405599
vt -0.002896 0.405112
vt -0.057209 0.573763
vt -0.001428 0.573276
vt 0.309011 1.673557
vt 0.309018 1.768350
vt 0.635408 1.773827
vt 0.593939 1.731626
vt 0.300256 -0.777113
vt 0.300249 -0.682319
vt 0.299762 1.682806
vt 0.299770 1.777599
vt 0.132427 1.777599
vt 0.132419 1.682806
vt 0.684006 1.676234
vt 0.684834 1.771028
vt 0.573276 1.772002
vt 0.572449 1.677208
vt -0.006539 -0.012403
vt 0.293554 1.679642
vt 0.294381 1.774436
vt 0.127044 1.775896
vt 0.126217 1.681102
vt 0.405112 1.678668
vt 0.405939 1.773462
vt 0.411332 1.777599
vt 0.350854 1.768350
vt 0.427065 1.677208
vt 0.426237 1.772002
vt 0.411819 -0.777113
vt 0.411811 -0.682319
vt 0.383390 1.104740
vt 0.216047 1.104740
vt 0.216042 1.035014
vt 0.383385 1.035014
vt 0.441237 1.099142
vt 0.612224 0.682244
vt 0.613441 0.542792
vt 0.433935 1.168868
vt 0.434543 1.099142
vt 0.601271 1.170328
vt 0.601880 1.100602
vt 0.712829 1.171302
vt 0.713438 1.101576
vt 0.822392 1.172258
vt 0.823001 1.102532
vt 0.009071 -0.032806
vt 0.218249 -0.032806
vt 0.218223 0.315826
vt 0.009044 0.315826
vt 0.218212 0.455278
vt 0.009033 0.455278
vt 0.009076 -0.102532
vt 0.218255 -0.102532
vt 0.009081 -0.172258
vt 0.218260 -0.172258
vt 0.007482 -0.003843
vt 0.009081 0.179433
vt -0.011145 0.546321
vt 0.172132 0.544722
vt 0.173349 0.684174
vt 1.047699 1.227584
vt 0.758653 1.225062
vt 0.759869 1.085615
vt -0.061955 0.029918
vt -0.005931 0.057321
vt 0.146328 -0.523506
vt 0.020820 -0.524601
vt 1.062455 -0.027408
vt 1.201908 -0.026191
vt 1.200204 0.169035
vt 1.060752 0.167818
vt 0.996988 -0.516082
vt 0.871481 -0.517177
vt 0.872090 -0.586901
vt 1.067323 -0.585197
vt 1.058318 0.446713
vt 1.059291 0.335155
vt 1.198744 0.336372
vt 1.197770 0.447930
vt 0.989565 0.334547
vt 0.991025 0.167210
vt 0.987131 0.613441
vt 1.056858 0.614050
vt 1.055884 0.725607
vt 0.986158 0.724999
vt 0.983602 1.017838
vt 0.760478 1.015891
vt 1.100907 -0.345695
vt -0.058763 0.604314
vt 0.010963 0.604922
vt 0.009990 0.716480
vt -0.059737 0.715871
vt 0.009033 0.826043
vt -0.053165 -0.037144
vt 0.016561 -0.036535
vt 0.014857 0.158691
vt -0.054869 0.158082
vt -0.057303 0.436977
vt 0.012423 0.437585
vt 0.593135 1.014431
vt 0.592526 1.084154
vt 0.984697 0.892336
vt 1.054424 0.892944
vt 0.313671 -0.522045
vt 0.992729 -0.028017
vt -0.196755 0.435760
vt -0.195782 0.324202
vt -0.056329 0.325419
vt 0.988592 0.446104
vt 0.608305 0.427333
vt 0.371277 0.468891
vt 0.413071 0.427333
vt 0.013397 0.326028
vt 1.196310 0.615267
vt 0.382131 1.221776
vt 0.383347 1.082329
vt 0.591309 1.223602
vt -0.693763 0.531474
vt 1.707366 0.670713
vt 1.681594 0.531474
vt -0.198216 0.603097
vt -0.199189 0.714655
vt 0.216004 1.080868
vt 0.011071 1.000502
vt 0.216613 1.011145
vt 0.704138 -0.518638
vt 0.704747 -0.588362
vt 0.411896 -0.590917
vt 0.411288 -0.521194
vt 0.606521 -0.519490
vt 0.607130 -0.589213
vt 1.195337 0.726824
vt -0.194322 0.156865
vt -0.192618 -0.038361
vt 0.383956 1.012605
vt 0.873307 -0.726348
vt -0.060900 1.217910
vt 0.214787 1.220316
vt -0.054850 -0.304183
vt -0.079401 -0.319440
vt -0.091494 -0.345695
vt 1.052811 1.748314
vt 1.042049 1.766836
vt 1.023529 1.777599
vt 0.218212 0.827868
vt 0.857164 1.314299
vt 1.211201 0.589299
vt 1.207681 0.615806
vt 1.174831 0.547782
vt -0.021160 1.104192
vt 0.019178 1.661698
vt 0.105839 0.545226
vt 0.107208 0.684678
vt -0.051413 0.686063
vt -0.061498 0.546686
vt 0.110631 1.033310
vt 1.193876 0.894161
vt 1.192416 1.061498
vt -0.223281 0.589299
vt -0.211417 0.563138
vt -0.187000 0.547781
vt 0.300248 -0.662063
vt 0.397864 -0.662063
vt 0.309010 1.653301
vt 0.851166 1.654518
vt 0.683830 1.655978
vt 0.126040 1.660846
vt 0.056317 1.661455
vt 0.404935 1.658412
vt 0.293377 1.659386
vt 0.572272 1.656952
vt 0.132905 -0.662063
vt 0.141667 1.653301
vt -0.006548 -0.662063
vt -0.013407 1.662063
vt 0.990614 1.653301
vt 0.059071 1.653301
vt 0.002214 1.653301
vt 0.690715 -0.662063
vt 0.593098 -0.662063
vt 0.601860 1.653301
vt 0.157596 1.654518
vt 0.324933 1.655978
vt 0.603827 1.658412
vt 0.715385 1.659386
vt 0.882722 1.660846
vt 0.436490 1.656952
vt 0.858058 -0.662063
vt 0.727367 1.653301
vt 0.420581 1.768350
vt 0.952446 1.661455
vt 0.997511 -0.662063
vt 1.022169 1.662063
vt 0.018149 1.653301
vt 0.949416 1.653301
vt 1.006273 1.653301
vt -0.078435 1.662550
vt -0.078258 1.682806
vt 1.068522 1.682806
vt 0.594401 1.678668
vt -0.053079 -0.673070
vt 0.563200 1.677208
vt 1.037320 1.673070
vt 1.052805 1.662550
vt 1.052806 1.682806
vt 1.062542 -0.673070
vt -0.072660 1.682806
vt -0.016881 1.682319
vt -0.016054 1.777113
vt -0.071833 1.777600
vt 1.163208 0.085792
vt 1.169823 0.167144
vt 1.135469 0.175904
vt 1.131729 0.123266
vt 1.664249 0.832857
vt 1.668558 0.914209
vt 1.137700 -0.089527
vt 1.144177 -0.038072
vt 1.181308 0.256898
vt 1.665100 1.038072
vt 1.659180 1.089528
vt 0.314374 1.602609
vt 0.412079 1.611832
vt 0.412359 1.643925
vt 0.314738 1.644327
vt 0.476596 1.640627
vt 0.411726 1.571464
vt 0.314110 1.572316
vt 0.476596 -0.298934
vt 0.245829 1.642641
vt 0.147375 1.643500
vt 0.146766 1.573776
vt 1.140879 0.952092
vt -0.086757 1.600884
vt -0.132353 1.105163
vt -0.149726 0.974453
vt 1.160062 0.974453
vt 1.139229 0.712978
vt 1.195224 0.713275
vt -0.026960 1.043609
vt -0.022320 1.575252
vt -0.096321 1.086052
vt 1.069505 -0.298934
vt 1.116532 -0.257692
vt -0.096545 -0.257692
vt -0.077939 -0.283776
vt -0.049602 -0.298934
vt 1.185854 0.589299
vt 1.173704 0.563272
vt 1.180321 0.557460
vt 1.189215 0.563138
vt 1.149120 0.548146
vt 1.175713 0.548012
vt -0.217931 0.557460
vt -0.213324 0.548012
vt 1.195083 -0.710801
vt 1.190708 -0.721818
vt 1.718683 0.572351
vt 1.706308 0.546401
vt 1.710801 0.538107
vt 1.721818 0.546267
vt 1.697274 0.531338
vt 1.018495 1.319575
vt 1.033769 1.304183
vt 1.034005 1.319441
vt 1.018195 1.289059
vt 1.048947 1.288791
vt 1.106458 1.075555
vt 1.090850 1.049231
vt 1.100611 1.033769
vt 1.108133 1.048947
vt 1.064257 -0.304183
vt 1.088810 -0.319440
vt 1.100611 -0.304183
vt 1.090850 -0.304049
vt 1.636966 1.283776
vt 1.626702 1.289601
vt 1.095830 1.619846
vt 1.102890 1.626702
vt 1.097872 1.636966
vt 1.110976 1.593253
vt 1.113115 1.621455
vt -0.711511 0.546517
vt -0.717923 0.540681
vt -0.713151 0.531243
vt 0.623708 0.453617
vt 0.617806 0.459319
vt 0.608197 0.453483
vt 0.650182 0.468891
vt 0.623589 0.468757
vt 1.052907 1.766742
vt 1.046185 1.770854
vt 1.053069 -0.048147
vt 1.042144 -0.066574
vt 1.046185 -0.070744
vt 1.052907 -0.066762
vt 1.023529 -0.077175
vt 1.042049 -0.077431
vt 1.051692 -0.767957
vt 1.055804 -0.761235
vt 1.051785 -0.757100
vt 1.031461 1.761235
vt 1.027478 1.767958
vt 1.038148 1.757100
vt 1.058408 1.730165
vt 1.058545 1.756490
vt 1.048942 1.762366
vt 1.058777 0.605861
vt 1.048942 0.573579
vt 1.058545 0.579268
vt 1.043034 0.564027
vt 1.199281 0.563138
vt 1.205948 0.557460
vt 1.214791 0.563272
vt 1.201423 0.548012
vt -0.161734 0.548146
vt -0.186283 0.563272
vt -0.192748 0.557460
vt -0.188060 0.548012
vt -0.184790 -0.718444
vt -0.173845 -0.722748
vt -0.175889 -0.709254
vt -0.181425 0.427649
vt -0.169279 0.453733
vt -0.173845 0.461893
vt -0.184790 0.453599
vt -0.144697 -0.735232
vt -0.160379 -0.724496
vt -0.169279 -0.733686
vt -0.081175 -0.304049
vt -0.091204 -0.304183
vt -0.098460 1.059477
vt -0.091204 1.044170
vt -0.081175 1.059459
vt -0.028725 1.289059
vt -0.044170 1.304183
vt -0.059477 1.288791
vt -0.028958 1.319575
vt -0.094912 -0.319575
vt -0.091803 1.603750
vt -0.076195 1.630074
vt -0.083135 1.637052
vt -0.093449 1.631985
vt -0.049602 1.645219
vt -0.077939 1.647227
vt -0.093449 -0.283910
vt -0.083135 -0.289601
vt 0.397721 0.453617
vt 0.403468 0.459319
vt 0.397602 0.468757
vt 1.713214 0.546517
vt 1.719794 0.540681
vt 1.728724 0.546383
vt 1.715123 0.531243
vt 1.067883 1.766836
vt 1.061125 1.770854
vt 1.057026 1.766742
vt -0.033522 -0.067951
vt -0.051950 -0.057026
vt -0.056062 -0.061125
vt -0.052044 -0.067883
vt -0.062551 -0.038411
vt -0.062714 -0.057026
vt -0.053166 -0.757194
vt -0.046444 -0.761235
vt -0.042309 -0.757100
vt -0.053327 1.018600
vt -0.042402 1.037026
vt -0.046444 1.041080
vt -0.053166 1.037026
vt -0.042402 -0.767957
vt -0.058673 -0.731626
vt -0.058805 -0.758219
vt -0.049201 -0.763993
vt -0.043427 0.390916
vt -0.049201 0.396707
vt -0.058805 0.390916
vt -0.016834 -0.773462
vt -0.043427 -0.773596
vt 0.623589 -0.713151
vt -0.210035 0.687447
vt 1.190420 0.329287
vt 1.036366 1.034329
vt 1.064257 1.034086
vt 1.075555 1.303818
vt 1.175713 1.213325
vt 0.579269 1.756490
vt -0.188060 1.201423
vt 1.062294 1.008864
vt 1.051692 1.027478
vt -0.052044 1.766836
vt 1.058404 1.677208
vt 1.016576 1.772001
vt 0.147375 -0.298934
vt -0.603750 1.299300
vt -0.631985 1.283911
vt -0.650419 1.257693
vt -0.066762 1.766742
vt -0.198372 0.589299
vt -0.058677 -0.678668
vt -0.037026 1.757194
vt -0.023786 1.047628
vt -0.002888 0.405939
vt -0.016834 0.406061
vt 0.609084 1.758219
vt -0.730762 0.572351
vt -0.718445 0.546401
vt 1.699037 0.743102
vt 1.173687 0.687447
vt -0.054850 1.043852
vt 1.097872 -0.283776
vt -0.107158 -0.172008
vn 0.0000 1.0000 0.0000
vn 0.0000 0.1240 -0.9923
vn 0.0022 0.1234 -0.9924
vn 0.9923 0.1240 0.0000
vn 0.0000 -1.0000 0.0000
vn 0.0000 0.0000 -1.0000
vn -0.0000 0.1240 0.9923
vn 0.9921 0.1252 0.0000
vn 0.9921 0.1255 0.0000
vn 0.0059 0.1238 0.9923
vn 0.0083 0.1262 0.9920
vn 0.4955 0.2344 0.8364
vn 0.4688 0.0914 0.8786
vn 1.0000 -0.0000 -0.0000
vn 0.9923 0.1235 -0.0000
vn 0.0000 0.0000 1.0000
vn -1.0000 0.0000 0.0000
vn -0.0000 0.1235 0.9923
vn 0.0013 0.1243 0.9922
vn 0.0397 0.1361 0.9899
vn 0.6041 0.1999 0.7714
vn 0.5035 0.2569 0.8249
vn 0.0087 0.1216 0.9925
vn -0.9923 0.1240 -0.0000
vn 0.9926 0.1213 0.0000
vn 0.0000 0.1241 -0.9923
vn 0.0022 0.1233 -0.9924
vn -0.9923 0.1242 -0.0004
vn -0.9923 0.1242 -0.0007
vn -0.9924 0.1234 -0.0016
vn -0.8562 0.2450 -0.4549
vn -0.9923 0.1235 0.0000
vn 0.0000 0.1215 0.9926
vn -0.9926 0.1215 -0.0000
vn 0.0019 0.1231 -0.9924
vn -0.0004 0.1238 -0.9923
vn -0.9926 0.1213 -0.0000
vn 0.9924 0.1231 -0.0000
vn 0.9926 0.1212 0.0000
vn 0.0000 0.1213 0.9926
vn 0.4745 0.0629 -0.8780
vn 0.4985 0.0999 -0.8611
vn 0.0012 0.1240 -0.9923
vn 0.0010 0.1239 -0.9923
vn 0.9924 0.1228 0.0004
vn 0.9909 0.1345 0.0012
vn 0.0028 0.1238 -0.9923
vn 0.0040 0.1262 -0.9920
vn 0.9904 0.1383 0.0004
vn 0.9921 0.1256 0.0000
vn -0.0029 0.9995 -0.0308
vn -0.0027 0.9997 -0.0253
vn -0.0522 0.9042 -0.4239
vn -0.0229 0.9052 -0.4244
vn -0.0034 1.0000 -0.0075
vn 0.0025 0.1233 -0.9924
vn 0.0073 0.9999 -0.0128
vn 0.0033 0.1255 0.9921
vn -0.7073 0.0267 0.7064
vn -0.7060 0.0649 0.7053
vn -0.7060 0.0649 0.7052
vn -0.6117 0.5007 0.6125
vn 0.6863 -0.2409 0.6863
vn 0.5664 -0.4155 0.7117
vn 0.6219 -0.4759 0.6219
vn 0.7117 -0.4155 0.5664
vn 0.4167 -0.5749 0.7041
vn 0.5724 -0.5872 0.5724
vn 0.7041 -0.5749 0.4167
vn 0.1970 -0.9604 -0.1970
vn 0.3357 -0.8280 -0.4491
vn 0.5418 -0.6426 -0.5418
vn 0.4491 -0.8280 -0.3357
vn 0.4326 -0.6357 -0.6393
vn 0.5827 -0.4546 -0.6736
vn 0.6744 -0.3007 -0.6744
vn 0.6737 -0.4545 -0.5828
vn 0.6393 -0.6357 -0.4326
vn 0.7071 -0.0050 -0.7071
vn 0.9727 0.1099 -0.2043
vn 0.9379 0.3419 -0.0597
vn 0.9840 0.1230 -0.1289
vn 0.9802 0.1875 -0.0640
vn 0.9685 0.2490 0.0000
vn 0.8760 0.4809 0.0383
vn 0.6593 0.7469 0.0864
vn 0.0000 0.7098 -0.7044
vn 0.6059 0.5156 -0.6059
vn 0.4844 0.6285 -0.6086
vn 0.5269 0.6669 -0.5269
vn 0.6086 0.6285 -0.4844
vn 0.3521 0.7225 -0.5950
vn 0.4807 0.7334 -0.4807
vn 0.5949 0.7225 -0.3521
vn -0.6708 -0.6264 -0.3970
vn -0.6857 -0.4817 -0.5457
vn -0.5999 -0.5295 -0.5998
vn -0.5503 -0.6280 -0.5503
vn -0.6708 -0.3162 -0.6708
vn -0.5503 -0.4681 -0.6914
vn -0.4055 -0.6049 -0.6853
vn 0.6523 0.3860 0.6523
vn 0.6642 0.5286 0.5286
vn 0.5774 0.5773 0.5774
vn 0.5286 0.5286 0.6642
vn 0.6523 0.6523 0.3860
vn 0.5286 0.6642 0.5286
vn 0.3860 0.6523 0.6523
vn 0.3860 0.6523 -0.6523
vn 0.5286 0.6642 -0.5286
vn 0.5774 0.5773 -0.5774
vn 0.5286 0.5286 -0.6642
vn 0.6523 0.6523 -0.3860
vn 0.6642 0.5286 -0.5286
vn 0.6523 0.3860 -0.6523
vn -0.6863 -0.2409 0.6863
vn -0.7117 -0.4155 0.5664
vn -0.6219 -0.4759 0.6219
vn -0.5664 -0.4155 0.7117
vn -0.7041 -0.5749 0.4167
vn -0.5724 -0.5872 0.5724
vn -0.4167 -0.5749 0.7041
vn -0.6393 -0.6357 -0.4326
vn -0.6736 -0.4546 -0.5827
vn -0.5418 -0.6426 -0.5418
vn -0.4491 -0.8280 -0.3357
vn -0.6744 -0.3007 -0.6744
vn -0.5828 -0.4545 -0.6737
vn -0.4326 -0.6357 -0.6393
vn -0.3357 -0.8280 -0.4491
vn -0.1970 -0.9604 -0.1970
vn -0.6593 0.7469 0.0864
vn -0.8760 0.4809 0.0383
vn -0.9379 0.3419 -0.0597
vn -0.9685 0.2490 0.0000
vn -0.9802 0.1871 -0.0644
vn -0.9840 0.1230 -0.1289
vn -0.9727 0.1099 -0.2043
vn -0.7071 -0.0050 -0.7071
vn -0.5949 0.7225 -0.3521
vn -0.4807 0.7334 -0.4807
vn -0.5270 0.6667 -0.5270
vn -0.6086 0.6285 -0.4844
vn -0.3521 0.7225 -0.5950
vn -0.4843 0.6285 -0.6086
vn -0.6059 0.5156 -0.6059
vn 0.4055 -0.6049 -0.6853
vn 0.5503 -0.4681 -0.6914
vn 0.5999 -0.5295 -0.5998
vn 0.5503 -0.6280 -0.5503
vn 0.6708 -0.3162 -0.6708
vn 0.6857 -0.4817 -0.5457
vn 0.6708 -0.6264 -0.3970
vn -0.6523 0.3860 0.6523
vn -0.5286 0.5286 0.6642
vn -0.5774 0.5773 0.5774
vn -0.6642 0.5286 0.5286
vn -0.3860 0.6523 0.6523
vn -0.5286 0.6642 0.5286
vn -0.6523 0.6523 0.3860
vn -0.6523 0.3860 -0.6523
vn -0.6642 0.5286 -0.5286
vn -0.5774 0.5773 -0.5774
vn -0.5286 0.5286 -0.6642
vn -0.6523 0.6523 -0.3860
vn -0.5286 0.6642 -0.5286
vn -0.3860 0.6523 -0.6523
usemtl sandstone
s 1
f 292/1/1 625/2/1 624/3/1 291/4/1
f 230/5/2 218/6/3 9/7/2 37/8/2
f 32/9/4 252/10/4 253/11/4 60/12/4
f 865/13/5 11/14/5 863/15/5
f 561/16/6 228/17/6 223/18/6 557/19/6
f 186/20/7 184/21/7 16/22/7 36/23/7
f 728/24/4 814/25/4 820/26/4
f 799/27/8 5/28/9 23/29/4 38/30/4
f 818/31/10 816/32/11 817/33/12 819/34/13
f 16/35/5 15/36/5 55/37/5 56/38/5
f 188/39/14 217/40/14 215/41/14 168/42/14
f 301/43/15 310/44/15 257/45/4 213/46/4
f 38/47/16 23/48/16 46/49/16 48/50/16
f 59/51/6 28/52/6 40/53/6 71/54/6
f 169/55/4 24/56/4 23/29/4 165/57/4
f 32/58/6 60/59/6 72/60/6 44/61/6
f 63/62/2 12/63/2 11/64/2 67/65/2
f 26/66/6 31/67/6 43/68/6 50/69/6
f 241/70/16 240/71/16 239/72/16 238/73/16
f 33/74/14 69/75/14 75/76/14 53/77/14
f 61/78/16 39/79/16 51/80/16 73/81/16
f 10/82/2 35/83/2 37/8/2 9/7/2
f 75/84/16 54/85/16 52/86/16 70/87/16
f 230/5/2 37/8/2 67/65/2 221/88/2
f 74/89/16 48/50/16 82/90/16 81/91/16
f 57/92/5 53/93/5 76/94/5 84/95/5
f 72/96/14 41/97/14 45/98/14 74/99/14
f 73/81/16 51/80/16 83/100/16 78/101/16
f 71/102/14 40/103/14 42/104/14 73/105/14
f 47/106/14 44/107/14 48/108/14 46/109/14
f 50/110/14 43/111/14 51/112/14 49/113/14
f 24/114/6 32/58/6 44/61/6 47/115/6
f 799/27/8 38/30/4 62/116/4 65/117/4
f 60/59/6 30/118/6 41/119/6 72/60/6
f 25/120/5 26/121/5 50/122/5 49/123/5
f 31/67/6 59/51/6 71/54/6 43/68/6
f 64/124/17 36/125/17 57/126/17 70/127/17
f 39/79/16 25/128/16 49/129/16 51/80/16
f 23/130/5 24/131/5 47/132/5 46/133/5
f 55/134/16 53/135/16 57/136/16 56/137/16
f 15/138/14 33/74/14 53/77/14 55/139/14
f 69/75/14 8/140/14 54/141/14 75/76/14
f 70/127/17 57/126/17 84/142/17 77/143/17
f 36/125/17 16/144/17 56/145/17 57/126/17
f 7/146/17 64/124/17 70/127/17 52/147/17
f 29/148/16 62/149/16 74/89/16 45/150/16
f 43/68/6 71/54/6 85/151/6 79/152/6
f 864/153/17 863/154/17 34/155/17
f 168/156/7 224/157/7 15/158/7 16/22/7
f 838/159/2 842/160/2 837/161/2
f 837/162/5 840/163/5 836/164/5
f 187/165/7 186/20/7 36/23/7 64/166/7
f 27/167/16 61/78/16 73/81/16 42/168/16
f 836/164/5 844/169/5 839/170/5
f 75/171/1 70/172/1 77/173/1 87/174/1
f 3/175/4 65/117/4 62/116/4 29/176/4
f 53/77/14 75/76/14 87/177/14 76/178/14
f 44/61/6 72/60/6 86/179/6 80/180/6
f 48/181/5 44/182/5 80/183/5 82/184/5
f 71/185/1 73/186/1 78/187/1 85/188/1
f 51/189/5 43/190/5 79/191/5 83/192/5
f 72/193/1 74/194/1 81/195/1 86/196/1
f 62/149/16 38/47/16 48/50/16 74/89/16
f 87/197/6 77/198/6 88/199/6 93/200/6
f 86/201/17 81/202/17 90/203/17 92/204/17
f 85/205/17 78/206/17 89/207/17 91/208/17
f 704/209/17 696/210/17 86/201/17 92/204/17
f 696/210/17 697/211/17 80/212/17 86/201/17
f 85/205/17 91/208/17 94/213/17 95/214/17
f 79/215/17 85/205/17 95/214/17 96/216/17
f 96/217/6 95/218/6 77/198/6 84/219/6
f 95/218/6 94/220/6 88/199/6 77/198/6
f 568/221/5 235/222/5 236/223/5 569/224/5
f 82/225/17 80/212/17 99/226/17 100/227/17
f 96/217/6 84/219/6 102/228/6 103/229/6
f 79/215/17 96/216/17 103/230/17 98/231/17
f 688/232/17 83/233/17 101/234/17 689/235/17
f 84/219/6 76/236/6 97/237/6 102/228/6
f 83/233/17 79/215/17 98/231/17 101/234/17
f 82/225/17 100/227/17 107/238/17 105/239/17
f 90/203/17 81/202/17 104/240/17 106/241/17
f 35/83/2 63/62/2 67/65/2 37/8/2
f 101/242/5 98/243/5 108/244/5 111/245/5
f 107/246/5 100/247/5 110/248/5 112/249/5
f 689/250/5 101/242/5 111/245/5 690/251/5
f 100/247/5 99/252/5 109/253/5 110/248/5
f 98/243/5 103/254/5 102/255/5 108/244/5
f 112/249/5 110/248/5 115/256/5 117/257/5
f 108/244/5 102/255/5 97/258/5 113/259/5
f 111/245/5 108/244/5 113/259/5 116/260/5
f 690/251/5 111/245/5 116/260/5 691/261/5
f 110/248/5 109/253/5 114/262/5 115/256/5
f 694/263/5 692/264/5 235/222/5 568/221/5
f 567/265/5 234/266/5 232/267/5 565/268/5
f 612/269/1 613/270/1 280/271/1 279/272/1
f 565/268/5 232/267/5 233/273/5 566/274/5
f 550/275/7 499/276/7 496/277/7 547/278/7
f 171/279/7 187/165/7 64/166/7 7/280/7
f 857/281/1 179/282/1 175/283/1
f 179/284/2 10/82/2 9/7/2 178/285/2
f 298/286/18 215/287/7 214/288/7 297/289/18
f 815/290/19 813/291/20 184/21/7 186/20/7
f 296/292/6 207/293/6 205/294/6 295/295/6
f 170/296/4 26/297/4 25/298/4 166/299/4
f 30/300/4 60/12/4 253/11/4 249/301/4
f 213/302/6 169/303/6 197/304/6 198/305/6
f 213/46/4 257/45/4 255/306/4 169/55/4
f 290/307/17 289/308/17 224/309/17 229/310/17
f 636/311/6 303/312/6 228/17/6 561/16/6
f 122/313/1 129/314/1 126/315/1 119/316/1
f 125/317/1 130/318/1 128/319/1 121/320/1
f 169/321/1 165/322/1 196/323/1 197/324/1
f 121/320/1 128/319/1 127/325/1 120/326/1
f 119/316/1 126/315/1 123/327/1 124/328/1
f 130/318/1 135/329/1 133/330/1 128/319/1
f 126/315/1 131/331/1 118/332/1 123/327/1
f 129/314/1 134/333/1 131/331/1 126/315/1
f 120/326/1 127/325/1 271/334/1 273/335/1
f 128/319/1 133/330/1 132/336/1 127/325/1
f 611/337/1 609/338/1 276/339/1 278/340/1
f 613/270/1 608/341/1 275/342/1 280/271/1
f 127/325/1 132/336/1 270/343/1 271/334/1
f 623/344/6 614/345/6 281/346/6 290/347/6
f 609/338/1 610/348/1 277/349/1 276/339/1
f 212/350/17 211/351/17 139/352/17 143/353/17
f 567/265/5 570/354/5 237/355/5 234/266/5
f 206/356/17 204/357/17 142/358/17 137/359/17
f 203/360/17 206/356/17 137/359/17 140/361/17
f 204/362/6 199/363/6 141/364/6 142/365/6
f 197/366/17 262/367/17 259/368/17 198/369/17
f 199/363/6 217/370/6 136/371/6 141/364/6
f 211/351/17 198/369/17 138/372/17 139/352/17
f 112/249/5 117/257/5 151/373/5 150/374/5
f 106/241/17 104/240/17 144/375/17 146/376/17
f 620/377/16 287/378/16 284/379/16 617/380/16
f 105/239/17 107/238/17 147/381/17 145/382/17
f 107/246/5 112/249/5 150/374/5 147/383/5
f 81/202/17 82/225/17 105/239/17 104/240/17
f 140/384/5 137/385/5 154/386/5 157/387/5
f 143/388/5 139/389/5 156/390/5 158/391/5
f 624/3/1 612/269/1 279/272/1 291/4/1
f 139/389/5 138/392/5 155/393/5 156/390/5
f 137/385/5 142/394/5 141/395/5 154/386/5
f 158/391/5 156/390/5 161/396/5 163/397/5
f 154/386/5 141/395/5 136/398/5 159/399/5
f 157/387/5 154/386/5 159/399/5 162/400/5
f 138/392/5 268/401/5 265/402/5 155/393/5
f 156/390/5 155/393/5 160/403/5 161/396/5
f 617/404/5 284/405/5 282/406/5 615/407/5
f 619/408/5 286/409/5 281/410/5 614/411/5
f 155/393/5 265/402/5 264/412/5 160/403/5
f 227/413/1 560/414/1 556/415/1 222/416/1
f 615/407/5 282/406/5 283/417/5 616/418/5
f 856/419/4 862/420/4 858/421/4
f 212/422/16 143/423/16 158/424/16 191/425/16
f 191/425/16 158/424/16 163/426/16 193/427/16
f 618/428/5 285/429/5 286/409/5 619/408/5
f 256/430/4 166/299/4 25/298/4 247/431/4
f 202/432/6 167/433/6 177/434/6 207/293/6
f 176/435/14 194/436/14 135/437/14 152/438/14
f 222/416/1 152/439/1 181/440/1 227/413/1
f 152/439/1 153/441/1 180/442/1 181/440/1
f 225/443/3 178/285/2 9/7/2 218/6/3
f 177/434/6 167/433/6 182/444/6 153/445/6
f 167/446/17 175/447/17 183/448/17 182/449/17
f 173/450/16 174/451/16 181/452/16 180/453/16
f 721/454/5 831/455/5 830/456/5
f 193/457/5 205/458/5 207/459/5 191/460/5
f 226/461/1 174/462/1 178/463/1 225/464/1
f 174/462/1 173/465/1 179/282/1 178/463/1
f 183/466/1 180/442/1 153/441/1 182/467/1
f 223/18/6 176/468/6 152/469/6 222/470/6
f 175/471/16 173/450/16 180/453/16 183/472/16
f 222/470/6 556/473/6 557/19/6 223/18/6
f 731/474/4 819/475/4 817/476/4 730/477/4
f 32/9/4 24/56/4 248/478/4 252/10/4
f 210/479/4 846/480/4 845/481/4
f 813/291/20 815/290/19 814/482/21 812/483/22
f 121/484/17 120/485/17 197/366/17 196/486/17
f 125/487/16 189/488/16 195/489/16 130/490/16
f 194/436/14 176/435/14 205/491/14 193/492/14
f 237/493/16 570/494/16 564/495/16 231/496/16
f 189/497/17 196/486/17 211/351/17 212/350/17
f 191/498/17 207/499/17 177/500/17 195/501/17
f 177/500/17 153/502/17 130/503/17 195/501/17
f 214/288/7 818/31/10 821/504/23
f 125/505/17 121/484/17 196/486/17 189/497/17
f 119/506/17 124/507/17 190/508/17 201/509/17
f 135/329/1 130/318/1 153/441/1 152/439/1
f 611/510/16 278/511/16 288/512/16 621/513/16
f 124/514/6 123/515/6 192/516/6 190/517/6
f 622/518/1 558/519/1 224/520/1 289/521/1
f 122/522/17 119/506/17 201/509/17 200/523/17
f 123/515/6 118/524/6 188/525/6 192/516/6
f 201/509/17 190/508/17 204/357/17 206/356/17
f 626/526/5 293/527/5 285/429/5 618/428/5
f 307/528/6 202/432/6 207/293/6 296/292/6
f 200/529/1 201/530/1 170/531/1 166/532/1
f 370/533/24 534/534/24 655/535/24 365/536/24
f 190/517/6 192/516/6 199/363/6 204/362/6
f 306/537/6 216/538/6 202/432/6 307/528/6
f 260/539/17 203/360/17 140/361/17 267/540/17
f 637/541/18 562/542/7 229/543/7 304/544/18
f 192/545/1 188/546/1 168/547/1 164/548/1
f 301/43/15 213/46/4 210/479/4 302/549/15
f 210/550/5 213/551/5 198/552/5 211/553/5
f 306/554/25 302/549/15 210/479/4 216/555/4
f 189/488/16 212/422/16 191/425/16 195/489/16
f 608/556/6 622/557/6 289/558/6 275/559/6
f 299/560/15 209/561/4 208/562/4 300/563/15
f 203/564/16 200/565/16 166/566/16 208/567/16
f 298/286/18 304/544/18 229/543/7 215/287/7
f 295/295/6 205/294/6 228/17/6 303/312/6
f 174/451/16 226/568/16 227/569/16 181/452/16
f 621/513/16 288/512/16 287/378/16 620/377/16
f 559/570/16 560/571/16 227/569/16 226/568/16
f 847/572/4 846/480/4 23/29/4
f 256/430/4 247/431/4 248/478/4 255/306/4
f 205/294/6 176/468/6 223/18/6 228/17/6
f 215/287/7 229/543/7 224/157/7 168/156/7
f 8/573/7 69/574/7 410/575/7 347/576/7
f 243/577/17 34/155/17 6/578/17 231/579/17
f 564/580/5 576/581/5 243/582/5 231/583/5
f 69/574/7 33/584/7 373/585/7 410/575/7
f 33/584/7 15/158/7 354/586/7 373/585/7
f 733/587/1 734/588/1 334/589/1
f 34/155/17 244/590/17 58/591/17 6/578/17
f 117/257/5 234/266/5 237/355/5 151/373/5
f 116/260/5 113/259/5 236/223/5 235/222/5
f 113/259/5 97/258/5 236/223/5
f 691/261/5 116/260/5 235/222/5 692/264/5
f 117/257/5 115/256/5 232/267/5 234/266/5
f 115/256/5 114/262/5 233/273/5 232/267/5
f 97/258/5 435/592/5 569/224/5 236/223/5
f 58/593/16 149/594/16 239/72/16 6/595/16
f 149/594/16 148/596/16 238/73/16 239/72/16
f 148/596/16 146/597/16 144/598/16 238/73/16
f 240/71/16 231/496/16 6/595/16 239/72/16
f 145/599/16 241/70/16 238/73/16 144/598/16
f 242/600/5 575/601/5 552/602/5 218/603/5
f 147/604/16 150/605/16 241/70/16 145/599/16
f 150/605/16 151/606/16 240/71/16 241/70/16
f 151/606/16 237/493/16 231/496/16 240/71/16
f 104/240/17 105/239/17 145/382/17 144/375/17
f 770/607/16 786/608/16 637/541/18 304/544/18
f 230/609/17 221/610/17 34/155/17 243/577/17
f 218/611/17 230/609/17 243/577/17 242/612/17
f 245/613/15 300/563/15 208/562/4 258/614/4
f 258/614/4 208/562/4 166/299/4 256/430/4
f 120/485/17 273/615/17 262/367/17 197/366/17
f 251/616/4 247/431/4 25/298/4 39/617/4
f 250/618/4 254/619/4 61/620/4 27/621/4
f 251/616/4 39/617/4 61/620/4 254/619/4
f 24/56/4 169/55/4 255/306/4 248/478/4
f 260/622/5 259/623/5 257/624/5 258/625/5
f 245/613/15 258/614/4 257/45/4 310/44/15
f 254/619/4 250/618/4 249/301/4 253/11/4
f 247/431/4 251/616/4 252/10/4 248/478/4
f 251/616/4 254/619/4 253/11/4 252/10/4
f 274/626/17 122/522/17 200/523/17 261/627/17
f 610/348/1 625/2/1 292/1/1 277/349/1
f 266/628/5 157/387/5 162/400/5 263/629/5
f 267/630/5 140/384/5 157/387/5 266/628/5
f 261/627/17 200/523/17 203/360/17 260/539/17
f 229/631/5 562/632/5 623/633/5 290/634/5
f 272/635/1 269/636/1 134/333/1 129/314/1
f 274/637/1 272/635/1 129/314/1 122/313/1
f 291/4/1 269/636/1 270/343/1 292/1/1
f 266/628/5 263/629/5 264/412/5 265/402/5
f 274/626/17 261/627/17 262/367/17 273/615/17
f 272/635/1 274/637/1 273/335/1 271/334/1
f 260/539/17 267/540/17 268/638/17 259/368/17
f 616/418/5 283/417/5 294/639/5 627/640/5
f 261/641/6 260/642/6 258/643/6 256/644/6
f 267/630/5 266/628/5 265/402/5 268/401/5
f 269/636/1 272/635/1 271/334/1 270/343/1
f 198/369/17 259/368/17 268/638/17 138/372/17
f 165/645/16 210/646/16 211/647/16 196/648/16
f 259/649/16 262/650/16 255/651/16 257/652/16
f 262/653/1 261/654/1 256/655/1 255/656/1
f 201/657/6 206/658/6 209/659/6 170/660/6
f 206/661/5 203/662/5 208/663/5 209/664/5
f 217/665/5 199/666/5 214/667/5 215/668/5
f 199/669/17 192/670/17 164/671/17 214/672/17
f 263/629/5 293/527/5 294/639/5 264/412/5
f 626/526/5 627/640/5 294/639/5 293/527/5
f 269/636/1 291/4/1 279/272/1 134/333/1
f 263/629/5 162/400/5 285/429/5 293/527/5
f 160/403/5 264/412/5 294/639/5 283/417/5
f 188/525/6 289/558/6 290/347/6 217/370/6
f 118/524/6 275/559/6 289/558/6 188/525/6
f 135/673/16 194/674/16 288/512/16 278/511/16
f 193/427/16 163/426/16 284/379/16 287/378/16
f 162/400/5 159/399/5 286/409/5 285/429/5
f 159/399/5 136/398/5 281/410/5 286/409/5
f 163/397/5 161/396/5 282/406/5 284/405/5
f 161/396/5 160/403/5 283/417/5 282/406/5
f 132/336/1 277/349/1 292/1/1 270/343/1
f 217/370/6 290/347/6 281/346/6 136/371/6
f 134/333/1 279/272/1 280/271/1 131/331/1
f 131/331/1 280/271/1 275/342/1 118/332/1
f 135/329/1 278/340/1 276/339/1 133/330/1
f 133/330/1 276/339/1 277/349/1 132/336/1
f 194/674/16 193/427/16 287/378/16 288/512/16
f 243/675/6 576/676/6 575/677/6 242/678/6
f 780/679/14 768/680/14 318/681/14 317/682/14
f 743/683/14 778/684/14 319/685/14 332/686/14
f 780/679/14 885/687/14 884/688/14
f 770/689/17 320/690/17 333/691/17 744/692/17
f 776/693/14 771/694/14 316/695/14 315/696/14
f 742/697/16 736/698/16 336/699/16 325/700/16
f 879/701/14 882/702/14 878/703/14
f 367/704/5 382/705/5 723/706/5 641/707/5
f 723/706/5 893/708/5 892/709/5
f 736/698/16 737/710/16 335/711/16 336/699/16
f 877/712/1 321/713/1 335/714/1
f 737/715/17 738/716/17 331/717/17 335/718/17
f 319/719/1 652/720/1 665/721/1 332/722/1
f 771/694/14 772/723/14 323/724/14 316/695/14
f 766/725/17 740/726/17 334/727/17 734/728/17
f 773/729/6 774/730/6 312/731/6 321/732/6
f 798/733/14 776/693/14 315/696/14 733/734/14
f 324/735/1 325/736/1 312/737/1 311/738/1
f 326/739/1 327/740/1 314/741/1 313/742/1
f 329/743/1 328/744/1 315/745/1 316/746/1
f 331/747/1 330/748/1 317/749/1 318/750/1
f 778/751/1 743/752/1 745/753/1 779/754/1
f 327/740/1 333/755/1 320/756/1 314/741/1
f 773/729/6 877/757/6 879/758/6
f 791/759/16 933/760/16 932/761/16
f 740/762/6 741/763/6 326/764/6 334/765/6
f 739/766/17 766/725/17 734/728/17 328/767/17
f 325/736/1 336/768/1 321/713/1 312/737/1
f 744/769/1 759/770/1 786/771/1 770/772/1
f 743/773/16 758/774/16 553/775/16 219/776/16
f 747/777/1 746/778/1 772/779/1 767/780/1
f 747/781/16 890/782/16 339/783/16
f 338/784/1 329/743/1 316/746/1 323/785/1
f 793/786/6 652/787/6 319/788/6 778/789/6
f 745/790/16 742/697/16 325/700/16 324/791/16
f 774/730/6 779/792/6 311/793/6 312/731/6
f 323/794/6 772/795/6 746/796/6 338/797/6
f 741/763/6 748/798/6 327/799/6 326/764/6
f 782/800/16 781/801/16 313/802/16 314/803/16
f 749/804/17 747/805/17 339/806/17 330/807/17
f 750/808/17 739/766/17 328/767/17 329/809/17
f 746/810/17 750/808/17 329/809/17 338/811/17
f 542/812/24 503/813/24 337/814/24 322/815/24
f 738/716/17 749/804/17 330/807/17 331/717/17
f 770/607/16 782/800/16 314/803/16 320/816/16
f 745/817/17 324/818/17 311/819/17 779/820/17
f 339/821/1 886/822/1 889/823/1
f 748/798/6 744/824/6 333/825/6 327/799/6
f 563/826/2 379/827/2 348/828/26 552/829/27
f 371/830/24 402/831/24 586/832/24 585/833/24
f 925/834/5 931/835/5 927/836/5
f 376/837/28 372/838/24 344/839/24 828/840/29
f 826/841/30 827/842/31 828/840/29
f 518/843/7 378/844/7 355/845/7 516/846/7
f 322/815/24 337/814/24 499/847/24 550/848/24
f 534/534/24 375/849/24 341/850/24 655/535/24
f 372/838/24 380/851/24 362/852/24 344/839/24
f 355/853/5 398/854/5 397/855/5 354/856/5
f 520/857/17 501/858/17 548/859/17 551/860/17
f 634/861/32 546/862/24 590/863/24 643/864/32
f 380/865/16 390/866/16 388/867/16 362/868/16
f 401/869/6 412/870/6 382/871/6 367/872/6
f 502/873/24 497/874/24 362/852/24 363/875/24
f 371/876/6 386/877/6 413/878/6 402/879/6
f 711/880/5 712/881/5 351/882/5 350/883/5
f 365/884/6 392/885/6 385/886/6 370/887/6
f 405/888/2 408/889/2 350/890/2 351/891/2
f 405/888/2 409/892/2 376/893/2 377/894/2
f 373/895/17 395/896/17 416/897/17 410/898/17
f 403/899/16 414/900/16 393/901/16 381/902/16
f 574/903/16 571/904/16 572/905/16 573/906/16
f 416/907/16 411/908/16 394/909/16 396/910/16
f 563/826/2 555/911/2 408/889/2 379/827/2
f 399/912/5 425/913/5 417/914/5 395/915/5
f 413/916/17 415/917/17 387/918/17 383/919/17
f 412/920/17 414/921/17 384/922/17 382/923/17
f 389/924/17 388/925/17 390/926/17 386/927/17
f 392/928/17 391/929/17 393/930/17 385/931/17
f 363/932/6 389/933/6 386/877/6 371/876/6
f 372/838/24 407/934/24 404/935/24 380/851/24
f 402/879/6 413/878/6 383/936/6 369/937/6
f 364/938/5 391/939/5 392/940/5 365/941/5
f 370/887/6 385/886/6 412/870/6 401/869/6
f 406/942/14 411/943/14 399/944/14 378/945/14
f 381/902/16 393/901/16 391/946/16 364/947/16
f 362/948/5 388/949/5 389/950/5 363/951/5
f 354/952/17 397/953/17 395/896/17 373/895/17
f 410/898/17 416/897/17 396/954/17 347/955/17
f 411/943/14 418/956/14 425/957/14 399/944/14
f 378/945/14 399/944/14 398/958/14 355/959/14
f 346/960/14 394/961/14 411/943/14 406/942/14
f 368/962/16 387/963/16 415/964/16 404/965/16
f 374/966/14 927/967/14 926/968/14
f 638/969/33 550/275/7 547/278/7 630/970/18
f 409/892/2 405/888/2 900/971/2
f 351/882/5 712/881/5 710/972/5
f 519/973/7 406/974/7 378/844/7 518/843/7
f 366/975/16 384/976/16 414/900/16 403/899/16
f 710/972/5 898/977/5 901/978/5
f 416/979/1 428/980/1 418/981/1 411/982/1
f 342/983/24 368/984/24 404/935/24 407/934/24
f 395/896/17 417/985/17 428/986/17 416/897/17
f 419/987/14 424/988/14 420/989/14 426/990/14
f 390/926/17 415/917/17 413/916/17 386/927/17
f 423/991/14 421/992/14 427/993/14 422/994/14
f 414/921/17 412/920/17 385/931/17 393/930/17
f 404/965/16 415/964/16 390/866/16 380/865/16
f 428/995/6 434/996/6 429/997/6 418/998/6
f 427/993/14 433/999/14 431/1000/14 422/994/14
f 426/990/14 432/1001/14 430/1002/14 419/987/14
f 685/1003/14 433/999/14 427/993/14 682/1004/14
f 682/1004/14 427/993/14 421/992/14 683/1005/14
f 423/991/14 438/1006/14 437/1007/14 421/992/14
f 440/1008/14 425/957/14 707/1009/14 673/1010/14
f 604/1011/14 461/1012/14 439/1013/14 424/988/14
f 425/1014/6 440/1015/6 435/1016/6 417/1017/6
f 424/988/14 439/1013/14 436/1018/14 420/989/14
f 423/991/14 442/1019/14 444/1020/14 438/1006/14
f 431/1000/14 443/1021/14 441/1022/14 422/994/14
f 349/1023/2 348/828/26 379/827/2 377/894/2
f 421/992/14 437/1007/14 684/1024/14 683/1005/14
f 444/1025/5 447/1026/5 445/1027/5 438/1028/5
f 430/1002/14 446/1029/14 605/1030/14 419/987/14
f 679/1031/17 460/1032/17 445/1033/17 675/1034/17
f 377/894/2 379/827/2 408/889/2 405/888/2
f 673/1035/5 448/1036/5 435/592/5 440/1037/5
f 674/1038/5 451/1039/5 448/1036/5 673/1035/5
f 695/1040/5 693/1041/5 451/1039/5 674/1038/5
f 447/1026/5 452/1042/5 450/1043/5 445/1027/5
f 670/1044/34 322/815/24 550/848/24 638/1045/34
f 939/1046/6 941/1047/6 789/1048/6
f 504/1049/7 346/1050/7 406/974/7 519/973/7
f 911/1051/24 910/1052/24 543/1053/24
f 445/1027/5 450/1043/5 449/1054/5 675/1055/5
f 631/1056/18 630/970/18 547/278/7 548/1057/7
f 655/535/24 341/850/24 499/847/24 337/814/24
f 629/1058/6 628/1059/6 538/1060/6 540/1061/6
f 503/813/24 498/1062/24 364/1063/24 365/536/24
f 369/1064/24 582/1065/24 586/832/24 402/831/24
f 546/1066/6 530/1067/6 529/1068/6 502/1069/6
f 546/862/24 502/873/24 588/1070/24 590/863/24
f 623/1071/14 562/1072/14 558/1073/14 622/1074/14
f 698/1075/5 689/250/5 690/251/5 699/1076/5
f 459/1077/1 456/1078/1 460/1079/1 462/1080/1
f 502/1081/1 529/1082/1 528/1083/1 497/1084/1
f 445/1085/16 460/1086/16 456/1087/16 438/1088/16
f 810/1089/2 348/828/26 349/1023/2
f 677/1090/1 676/1091/1 453/1092/1 463/1093/1
f 678/1094/1 677/1090/1 463/1093/1 466/1095/1
f 699/1076/5 690/251/5 691/261/5 700/1096/5
f 462/1080/1 460/1079/1 465/1097/1 467/1098/1
f 679/1099/1 681/1100/1 603/1101/1 464/1102/1
f 545/1103/14 475/1104/14 471/1105/14 544/1106/14
f 539/1107/14 469/1108/14 474/1109/14 537/1110/14
f 536/1111/14 472/1112/14 469/1108/14 539/1107/14
f 537/1113/6 474/1114/6 473/1115/6 531/1116/6
f 529/1117/14 530/1118/14 592/1119/14 595/1120/14
f 531/1116/6 473/1115/6 468/1121/6 551/1122/6
f 544/1106/14 471/1105/14 470/1123/14 530/1118/14
f 460/1079/1 679/1099/1 464/1102/1 465/1097/1
f 443/1021/14 478/1124/14 476/1125/14 441/1022/14
f 442/1019/14 477/1126/14 479/1127/14 444/1020/14
f 444/1025/5 479/1128/5 482/1129/5 447/1026/5
f 422/994/14 441/1022/14 442/1019/14 423/991/14
f 472/1130/5 489/1131/5 486/1132/5 469/1133/5
f 475/1134/5 490/1135/5 488/1136/5 471/1137/5
f 471/1137/5 488/1136/5 487/1138/5 470/1139/5
f 469/1133/5 486/1132/5 473/1140/5 474/1141/5
f 490/1135/5 495/1142/5 493/1143/5 488/1136/5
f 486/1132/5 491/1144/5 468/1145/5 473/1140/5
f 489/1131/5 494/1146/5 491/1144/5 486/1132/5
f 470/1139/5 487/1138/5 598/1147/5 601/1148/5
f 488/1136/5 493/1143/5 492/1149/5 487/1138/5
f 487/1138/5 492/1149/5 597/1150/5 598/1147/5
f 828/840/29 344/839/24 908/1151/24
f 341/1152/7 516/846/7 496/277/7 499/276/7
f 545/1153/16 523/1154/16 490/1155/16 475/1156/16
f 523/1154/16 525/1157/16 495/1158/16 490/1155/16
f 589/1159/24 580/1160/24 364/1063/24 498/1062/24
f 535/1161/6 540/1061/6 510/1162/6 500/1163/6
f 556/415/1 560/414/1 513/1164/1 484/1165/1
f 447/1026/5 482/1129/5 483/1166/5 452/1042/5
f 510/1162/6 485/1167/6 514/1168/6 500/1163/6
f 500/1169/14 514/1170/14 515/1171/14 508/1172/14
f 484/1165/1 513/1164/1 512/1173/1 485/1174/1
f 798/733/14 871/1175/14 870/1176/14
f 506/1177/16 512/1178/16 513/1179/16 507/1180/16
f 515/1181/1 514/1182/1 485/1174/1 512/1173/1
f 557/19/6 556/473/6 484/1183/6 509/1184/6
f 508/1185/16 515/1186/16 512/1178/16 506/1177/16
f 519/973/7 822/1187/7 825/1188/7
f 371/830/24 585/833/24 581/1189/24 363/875/24
f 362/852/24 910/1052/24 909/1190/24
f 375/1191/7 518/843/7 516/846/7 341/1152/7
f 456/1192/14 528/1193/14 529/1117/14 455/1194/14
f 459/1195/16 462/1196/16 527/1197/16 521/1198/16
f 521/1199/14 545/1103/14 544/1106/14 528/1193/14
f 401/1200/24 517/1201/24 534/534/24 370/533/24
f 459/1202/14 521/1199/14 528/1193/14 456/1192/14
f 454/1203/14 533/1204/14 522/1205/14 458/1206/14
f 808/1207/35 552/829/27 348/828/26 807/1208/36
f 458/1209/6 522/1210/6 524/1211/6 676/1212/6
f 457/1213/14 532/1214/14 533/1204/14 454/1203/14
f 676/1212/6 524/1211/6 520/1215/6 453/1216/6
f 533/1204/14 539/1107/14 537/1110/14 522/1205/14
f 640/1217/6 629/1058/6 540/1061/6 535/1161/6
f 532/1218/1 498/1219/1 503/1220/1 533/1221/1
f 367/1222/24 641/1223/24 517/1201/24 401/1200/24
f 522/1210/6 537/1113/6 531/1116/6 524/1211/6
f 639/1224/6 640/1217/6 535/1161/6 549/1225/6
f 593/1226/14 600/1227/14 472/1112/14 536/1111/14
f 524/1228/1 496/1229/1 501/1230/1 520/1231/1
f 634/861/32 635/1232/32 543/1053/24 546/862/24
f 543/1233/5 544/1234/5 530/1235/5 546/1236/5
f 639/1237/37 549/1238/24 543/1053/24 635/1232/32
f 521/1198/16 527/1197/16 523/1154/16 545/1153/16
f 632/1239/32 633/1240/32 541/1241/24 542/812/24
f 536/1242/16 541/1243/16 498/1244/16 532/1245/16
f 631/1056/18 548/1057/7 562/542/7 637/541/18
f 628/1059/6 636/311/6 561/16/6 538/1060/6
f 507/1180/16 513/1179/16 560/571/16 559/570/16
f 377/894/2 376/893/2 827/1246/2 349/1023/2
f 589/1159/24 588/1070/24 581/1189/24 580/1160/24
f 538/1060/6 561/16/6 557/19/6 509/1184/6
f 548/1057/7 501/1247/7 558/1248/7 562/542/7
f 576/1249/14 564/1250/14 345/1251/14 374/966/14
f 15/158/7 224/157/7 558/1248/7 354/586/7
f 496/277/7 516/846/7 355/845/7 501/1247/7
f 932/1252/17 934/1253/17 777/1254/17
f 409/1255/24 407/934/24 372/838/24 376/837/28
f 374/966/14 345/1251/14 400/1256/14 577/1257/14
f 452/1042/5 483/1166/5 570/354/5 567/265/5
f 451/1039/5 568/221/5 569/224/5 448/1036/5
f 693/1041/5 694/263/5 568/221/5 451/1039/5
f 452/1042/5 567/265/5 565/268/5 450/1043/5
f 450/1043/5 565/268/5 566/274/5 449/1054/5
f 417/1017/6 435/1016/6 97/237/6 76/236/6
f 417/1017/6 76/236/6 87/197/6 428/995/6
f 428/995/6 87/197/6 93/200/6 434/996/6
f 400/1258/16 345/1259/16 572/905/16 481/1260/16
f 480/1261/16 571/904/16 476/1262/16 478/1263/16
f 573/906/16 572/905/16 345/1259/16 564/495/16
f 477/1264/16 476/1262/16 571/904/16 574/903/16
f 479/1265/16 477/1264/16 574/903/16 482/1266/16
f 481/1260/16 572/905/16 571/904/16 480/1261/16
f 483/1267/16 573/906/16 564/495/16 570/494/16
f 441/1022/14 476/1125/14 477/1126/14 442/1019/14
f 563/1268/14 576/1249/14 374/966/14 555/1269/14
f 552/1270/14 575/1271/14 576/1249/14 563/1268/14
f 578/1272/32 591/1273/24 541/1241/24 633/1240/32
f 591/1273/24 589/1159/24 498/1062/24 541/1241/24
f 455/1194/14 529/1117/14 595/1120/14 606/1274/14
f 584/1275/24 381/1276/24 364/1063/24 580/1160/24
f 583/1277/24 366/1278/24 403/1279/24 587/1280/24
f 584/1275/24 587/1280/24 403/1279/24 381/1276/24
f 363/875/24 581/1189/24 588/1070/24 502/873/24
f 593/1281/5 591/1282/5 590/1283/5 592/1284/5
f 578/1272/32 643/864/32 590/863/24 591/1273/24
f 587/1280/24 586/832/24 582/1065/24 583/1277/24
f 580/1160/24 581/1189/24 585/833/24 584/1275/24
f 584/1275/24 585/833/24 586/832/24 587/1280/24
f 607/1285/14 594/1286/14 532/1214/14 457/1213/14
f 599/1287/5 596/1288/5 494/1146/5 489/1131/5
f 600/1289/5 599/1287/5 489/1131/5 472/1130/5
f 594/1286/14 593/1226/14 536/1111/14 532/1214/14
f 680/1290/1 678/1094/1 466/1095/1 602/1291/1
f 703/1292/5 701/1293/5 692/264/5 694/263/5
f 624/3/1 625/2/1 603/1101/1 602/1291/1
f 599/1287/5 598/1147/5 597/1150/5 596/1288/5
f 607/1285/14 606/1274/14 595/1120/14 594/1286/14
f 700/1096/5 691/261/5 692/264/5 701/1293/5
f 593/1226/14 592/1119/14 601/1294/14 600/1227/14
f 594/1295/6 589/1296/6 591/1297/6 593/1298/6
f 600/1289/5 601/1148/5 598/1147/5 599/1287/5
f 705/1299/5 702/1300/5 693/1041/5 695/1040/5
f 530/1118/14 470/1123/14 601/1294/14 592/1119/14
f 497/1301/16 528/1302/16 544/1303/16 543/1304/16
f 592/1305/16 590/1306/16 588/1307/16 595/1308/16
f 595/1309/1 588/1310/1 589/1311/1 594/1312/1
f 533/1313/6 503/1314/6 542/1315/6 539/1316/6
f 539/1317/5 542/1318/5 541/1319/5 536/1320/5
f 551/1321/5 548/1322/5 547/1323/5 531/1324/5
f 531/1325/14 547/1326/14 496/1327/14 524/1328/14
f 596/1288/5 597/1150/5 627/640/5 626/526/5
f 602/1291/1 466/1095/1 612/269/1 624/3/1
f 596/1288/5 626/526/5 618/428/5 494/1146/5
f 492/1149/5 616/418/5 627/640/5 597/1150/5
f 520/1215/6 551/1122/6 623/344/6 622/557/6
f 453/1216/6 520/1215/6 622/557/6 608/556/6
f 467/1329/16 611/510/16 621/513/16 526/1330/16
f 525/1157/16 620/377/16 617/380/16 495/1158/16
f 494/1146/5 618/428/5 619/408/5 491/1144/5
f 491/1144/5 619/408/5 614/411/5 468/1145/5
f 495/1142/5 617/404/5 615/407/5 493/1143/5
f 493/1143/5 615/407/5 616/418/5 492/1149/5
f 464/1102/1 603/1101/1 625/2/1 610/348/1
f 551/1122/6 468/1121/6 614/345/6 623/344/6
f 466/1095/1 463/1093/1 613/270/1 612/269/1
f 463/1093/1 453/1092/1 608/341/1 613/270/1
f 467/1098/1 465/1097/1 609/338/1 611/337/1
f 465/1097/1 464/1102/1 610/348/1 609/338/1
f 526/1330/16 621/513/16 620/377/16 525/1157/16
f 795/1331/17 650/1332/17 651/1333/17 784/1334/17
f 794/1335/6 644/1336/6 652/787/6 793/786/6
f 671/1337/6 761/1338/6 952/1339/6
f 792/1340/17 648/1341/17 649/1342/17 787/1343/17
f 757/1344/16 658/1345/16 669/1346/16 751/1347/16
f 785/1348/17 940/1349/17 939/1350/17
f 365/536/24 655/535/24 337/814/24 503/813/24
f 783/1351/16 762/1352/16 672/1353/16 656/1354/16
f 751/1347/16 669/1346/16 668/1355/16 752/1356/16
f 651/1357/1 664/1358/1 668/1359/1
f 752/1360/14 668/1361/14 664/1362/14 753/1363/14
f 947/1364/1 649/1365/1 662/1366/1
f 735/1367/14 724/1368/14 667/1369/14 755/1370/14
f 789/1048/6 654/1371/6 645/1372/6 790/1373/6
f 777/1254/17 185/1374/17 648/1341/17 792/1340/17
f 657/1375/1 644/1376/1 645/1377/1 658/1378/1
f 659/1379/1 646/1380/1 647/1381/1 660/1382/1
f 662/1366/1 649/1365/1 648/1383/1 661/1384/1
f 664/1358/1 651/1357/1 650/1385/1 663/1386/1
f 665/721/1 652/720/1 644/1376/1 657/1375/1
f 660/1382/1 647/1381/1 653/1387/1 666/1388/1
f 755/1389/6 667/1390/6 659/1391/6 756/1392/6
f 632/1239/32 542/812/24 322/815/24 670/1044/34
f 658/1378/1 645/1377/1 654/1393/1 669/1394/1
f 762/1395/1 783/1396/1 788/1397/1 761/1398/1
f 663/1386/1 650/1385/1 656/1399/1 672/1400/1
f 760/1401/16 657/1402/16 658/1345/16 757/1344/16
f 790/1373/6 645/1372/6 644/1336/6 794/1335/6
f 787/1343/17 947/1403/17 946/1404/17
f 756/1392/6 659/1391/6 660/1405/6 763/1406/6
f 797/1407/16 647/1408/16 646/1409/16 796/1410/16
f 764/1411/14 663/1412/14 672/1413/14 762/1414/14
f 646/1380/1 659/1379/1 667/1415/1
f 765/1416/14 662/1417/14 661/1418/14 754/1419/14
f 761/1420/14 671/1421/14 662/1417/14 765/1416/14
f 754/1419/14 661/1418/14 724/1368/14 735/1367/14
f 753/1363/14 664/1362/14 663/1412/14 764/1411/14
f 786/608/16 653/1422/16 647/1408/16 797/1407/16
f 758/774/16 665/1423/16 657/1402/16 760/1401/16
f 783/1424/17 656/1425/17 650/1332/17 795/1331/17
f 763/1406/6 660/1405/6 666/1426/6 759/1427/6
f 602/1291/1 603/1101/1 681/1100/1 680/1290/1
f 702/1300/5 703/1292/5 694/263/5 693/1041/5
f 446/1029/14 685/1003/14 682/1004/14 605/1030/14
f 605/1030/14 682/1004/14 683/1005/14 604/1011/14
f 419/987/14 605/1030/14 604/1011/14 424/988/14
f 683/1005/14 684/1024/14 461/1012/14 604/1011/14
f 397/1428/16 398/1429/16 399/1430/16 395/1431/16
f 501/1247/7 355/845/7 354/586/7 558/1248/7
f 697/211/17 688/232/17 689/235/17 698/1432/17
f 78/206/17 83/233/17 688/232/17 687/1433/17
f 89/207/17 78/206/17 687/1433/17 686/1434/17
f 80/212/17 697/211/17 698/1432/17 99/226/17
f 449/1054/5 566/274/5 703/1292/5 702/1300/5
f 675/1055/5 449/1054/5 702/1300/5 705/1299/5
f 114/262/5 700/1096/5 701/1293/5 233/273/5
f 566/274/5 233/273/5 701/1293/5 703/1292/5
f 109/253/5 699/1076/5 700/1096/5 114/262/5
f 99/252/5 698/1075/5 699/1076/5 109/253/5
f 687/1433/17 688/232/17 697/211/17 696/210/17
f 686/1434/17 687/1433/17 696/210/17 704/209/17
f 439/1013/14 457/1213/14 454/1203/14 436/1018/14
f 439/1013/14 461/1012/14 607/1285/14 457/1213/14
f 606/1274/14 607/1285/14 461/1012/14 684/1024/14
f 684/1024/14 437/1007/14 455/1194/14 606/1274/14
f 438/1006/14 456/1192/14 455/1194/14 437/1007/14
f 482/1266/16 574/903/16 573/906/16 483/1267/16
f 681/1435/17 679/1031/17 675/1034/17 705/1436/17
f 680/1437/17 681/1435/17 705/1436/17 695/1438/17
f 678/1439/17 680/1437/17 695/1438/17 674/1440/17
f 677/1441/17 678/1439/17 674/1440/17 673/1442/17
f 420/1443/6 707/1444/6 706/1445/6 426/1446/6
f 426/1446/6 706/1445/6 708/1447/6 432/1448/6
f 420/1443/6 436/1449/6 673/1450/6 707/1444/6
f 436/1449/6 454/1451/6 677/1452/6 673/1450/6
f 458/1453/1 676/1091/1 677/1090/1 454/1454/1
f 418/956/14 429/1455/14 708/1456/14 706/1457/14
f 425/957/14 418/956/14 706/1457/14 707/1009/14
f 721/454/5 171/1458/5 7/1459/5 52/1460/5
f 661/1384/1 648/1383/1 185/1461/1 724/1462/1
f 710/972/5 712/881/5 480/1463/5 478/1464/5
f 716/1465/5 3/1466/5 29/1467/5 45/1468/5
f 146/1469/5 148/1470/5 719/1471/5 715/1472/5
f 717/1473/5 41/1474/5 30/1475/5 249/1476/5
f 41/1474/5 92/1477/5 90/1478/5 45/1468/5
f 686/1479/5 718/1480/5 42/1481/5 89/1482/5
f 94/1483/5 721/454/5 52/1460/5 88/1484/5
f 167/433/6 202/432/6 845/1485/6
f 713/1486/5 446/1487/5 430/1488/5 384/1489/5
f 384/1489/5 430/1488/5 432/1490/5 382/705/5
f 709/1491/5 443/1492/5 431/1493/5 387/1494/5
f 714/1495/5 685/1496/5 446/1487/5 713/1486/5
f 93/1497/5 88/1484/5 52/1460/5 54/1498/5
f 94/1483/5 91/1499/5 40/1500/5 721/454/5
f 711/880/5 481/1501/5 480/1463/5 712/881/5
f 716/1465/5 106/1502/5 146/1469/5 715/1472/5
f 714/1495/5 582/1503/5 369/1504/5 383/1505/5
f 717/1473/5 704/1506/5 92/1477/5 41/1474/5
f 91/1499/5 89/1482/5 42/1481/5 40/1500/5
f 67/65/2 11/64/2 864/1507/2
f 925/1508/2 350/890/2 926/1509/2
f 387/1494/5 431/1493/5 433/1510/5 383/1505/5
f 250/1511/5 718/1480/5 717/1473/5 249/1476/5
f 106/1502/5 716/1465/5 45/1468/5 90/1478/5
f 685/1496/5 714/1495/5 383/1505/5 433/1510/5
f 718/1480/5 686/1479/5 704/1506/5 717/1473/5
f 347/1512/5 396/1513/5 54/1498/5 8/1514/5
f 409/1255/24 898/1515/24 407/934/24
f 68/1516/4 65/117/4 839/1517/4
f 583/1518/5 713/1486/5 384/1489/5 366/1519/5
f 394/1520/5 723/706/5 722/1521/5 429/1522/5
f 149/1523/5 720/1524/5 719/1471/5 148/1470/5
f 481/1501/5 711/880/5 577/1525/5 400/1526/5
f 720/1524/5 149/1523/5 58/1527/5 244/1528/5
f 27/1529/5 42/1481/5 718/1480/5 250/1511/5
f 709/1491/5 387/1494/5 368/1530/5 342/1531/5
f 723/706/5 382/705/5 432/1490/5 722/1521/5
f 396/1513/5 434/1532/5 93/1497/5 54/1498/5
f 582/1503/5 714/1495/5 713/1486/5 583/1518/5
f 720/1524/5 11/14/5 12/1533/5 719/1471/5
f 504/1534/5 723/706/5 394/1520/5 346/1535/5
f 907/1536/6 917/1537/6 911/1538/6
f 429/1522/5 434/1532/5 396/1513/5 394/1520/5
f 448/1036/5 569/224/5 435/592/5
f 443/1492/5 709/1491/5 710/972/5 478/1464/5
f 328/744/1 734/588/1 733/587/1 315/745/1
f 870/1539/16 876/1540/16 872/1541/16
f 722/1521/5 432/1490/5 708/1542/5 429/1522/5
f 16/22/7 184/21/7 164/1543/7 168/156/7
f 891/1544/24 825/1545/24 892/1546/24
f 26/297/4 170/296/4 730/477/4 726/1547/4
f 299/560/15 725/1548/38 731/474/4 209/561/4
f 28/1549/4 59/1550/4 729/1551/4 727/1552/4
f 59/1550/4 31/1553/4 728/24/4 729/1551/4
f 31/1553/4 26/297/4 726/1547/4 728/24/4
f 209/561/4 731/474/4 730/477/4 170/296/4
f 28/1554/5 727/1555/5 721/454/5 40/1500/5
f 829/1556/4 835/1557/4 831/1558/4
f 526/1330/16 527/1197/16 462/1196/16 467/1329/16
f 523/1154/16 527/1197/16 526/1330/16 525/1157/16
f 509/1184/6 484/1183/6 485/1167/6 510/1162/6
f 540/1061/6 538/1060/6 509/1184/6 510/1162/6
f 353/1559/6 763/1406/6 759/1427/6 554/1560/6
f 553/775/16 758/774/16 760/1401/16 356/1561/16
f 359/1562/14 753/1363/14 764/1411/14 358/1563/14
f 360/1564/14 754/1419/14 735/1367/14 308/1565/14
f 642/1566/14 761/1420/14 765/1416/14 361/1567/14
f 361/1567/14 765/1416/14 754/1419/14 360/1564/14
f 358/1563/14 764/1411/14 762/1414/14 579/1568/14
f 352/1569/6 756/1392/6 763/1406/6 353/1559/6
f 579/1568/14 762/1414/14 761/1420/14 642/1566/14
f 356/1561/16 760/1401/16 757/1344/16 357/1570/16
f 340/1571/6 755/1389/6 756/1392/6 352/1569/6
f 308/1565/14 735/1367/14 755/1370/14 340/1572/14
f 343/1573/14 752/1360/14 753/1363/14 359/1562/14
f 505/1574/16 751/1347/16 752/1356/16 343/1575/16
f 357/1570/16 757/1344/16 751/1347/16 505/1574/16
f 14/1576/6 220/1577/6 744/824/6 748/798/6
f 219/776/16 17/1578/16 745/790/16 743/773/16
f 20/1579/17 19/1580/17 749/804/17 738/716/17
f 309/1581/17 22/1582/17 750/808/17 746/810/17
f 22/1582/17 21/1583/17 739/766/17 750/808/17
f 19/1580/17 246/1584/17 747/805/17 749/804/17
f 13/1585/6 14/1576/6 748/798/6 741/763/6
f 246/1584/17 309/1581/17 746/810/17 747/805/17
f 17/1578/16 18/1586/16 742/697/16 745/790/16
f 332/1587/16 665/1423/16 758/774/16 743/773/16
f 21/1583/17 732/1588/17 766/725/17 739/766/17
f 1/1589/6 13/1585/6 741/763/6 740/762/6
f 732/1588/17 1/1590/17 740/726/17 766/725/17
f 4/1591/17 20/1579/17 738/716/17 737/715/17
f 172/1592/16 4/1593/16 737/710/16 736/698/16
f 18/1586/16 172/1592/16 736/698/16 742/697/16
f 554/1560/6 759/1427/6 744/824/6 220/1577/6
f 305/1594/39 725/1548/38 798/733/14 775/1595/14
f 643/864/32 783/1424/17 795/1331/17 634/861/32
f 637/541/18 786/608/16 797/1407/16 631/1056/18
f 638/1045/34 791/1596/17 777/1254/17 670/1044/34
f 631/1056/18 797/1407/16 796/1410/16 630/970/18
f 629/1058/6 790/1373/6 794/1335/6 628/1059/6
f 670/1044/34 777/1254/17 792/1340/17 632/1239/32
f 640/1217/6 789/1048/6 790/1373/6 629/1058/6
f 633/1240/32 787/1343/17 788/1597/17 578/1272/32
f 635/1232/32 784/1334/17 785/1348/17 639/1237/37
f 578/1272/32 788/1597/17 783/1424/17 643/864/32
f 630/970/18 796/1410/16 791/759/16 638/969/33
f 632/1239/32 792/1340/17 787/1343/17 633/1240/32
f 639/1224/6 785/1598/6 789/1048/6 640/1217/6
f 628/1059/6 794/1335/6 793/786/6 636/311/6
f 634/861/32 795/1331/17 784/1334/17 635/1232/32
f 310/44/15 301/43/15 780/679/14 767/1599/14
f 304/544/18 298/286/18 782/800/16 770/607/16
f 298/286/18 297/289/18 781/801/16 782/800/16
f 296/292/6 295/295/6 779/792/6 774/730/6
f 636/311/6 793/786/6 778/789/6 303/312/6
f 725/1548/38 299/560/15 776/693/14 798/733/14
f 307/528/6 296/292/6 774/730/6 773/729/6
f 300/563/15 245/613/15 772/723/14 771/694/14
f 302/549/15 306/554/25 769/1600/14 768/680/14
f 245/613/15 310/44/15 767/1599/14 772/723/14
f 297/289/18 305/1601/40 775/1602/16 781/801/16
f 299/560/15 300/563/15 771/694/14 776/693/14
f 306/537/6 307/528/6 773/729/6 769/1603/6
f 295/295/6 303/312/6 778/789/6 779/792/6
f 301/43/15 302/549/15 768/680/14 780/679/14
f 786/1604/14 759/1605/14 666/1606/14 653/1607/14
f 803/1608/41 800/1609/42 801/1610/43 802/1611/44
f 800/1612/45 799/27/8 65/117/4
f 803/1613/46 799/27/8 800/1612/45
f 10/82/2 2/1614/2 805/1615/47
f 801/1610/43 35/83/2 802/1611/44
f 804/1616/48 63/62/2 801/1610/43
f 805/1617/49 2/1618/50 799/27/8
f 804/1616/48 801/1610/43 800/1609/42
f 803/1608/41 802/1611/44 805/1615/47
f 806/1619/51 809/1620/52 808/1621/53 807/1622/54
f 811/1623/55 559/1624/1 226/461/1
f 559/1624/1 809/1620/52 806/1619/51 507/1625/1
f 552/829/27 808/1207/35 811/1626/56
f 811/1623/55 808/1621/53 809/1620/52
f 810/1627/57 511/1628/1 506/1629/1
f 810/1627/57 806/1619/51 807/1622/54
f 820/1630/58 186/20/7 187/165/7
f 821/1631/4 819/475/4 731/474/4
f 728/24/4 726/1547/4 812/1632/4 814/25/4
f 818/31/10 214/288/7 164/1543/7 816/32/11
f 726/1547/4 730/477/4 817/476/4 812/1632/4
f 813/291/20 816/32/11 164/1543/7 184/21/7
f 821/504/23 818/31/10 819/34/13
f 813/291/20 812/483/22 817/33/12 816/32/11
f 820/1630/58 814/482/21 815/290/19
f 518/843/7 824/1633/7 519/973/7
f 824/1634/59 823/1635/60 822/1636/61
f 824/1634/24 375/849/24 534/534/24
f 825/1545/62 822/1636/61 823/1635/60
f 827/842/31 376/837/28 828/840/29
f 500/1637/1 508/1638/1 908/1639/1
f 10/82/2 857/1640/2 856/1641/2
f 920/1642/2 923/1643/2 919/1644/2
f 829/1645/63 832/1646/64 833/1647/65 835/1648/66
f 830/1649/67 834/1650/68 833/1647/65 832/1646/64
f 831/1558/69 835/1557/66 833/1651/65 834/1652/68
f 836/164/70 840/163/71 841/1653/72 844/169/73
f 837/162/74 842/1654/75 841/1653/72 840/163/71
f 838/1655/76 843/1656/77 841/1657/72 842/1658/75
f 839/1517/78 844/1659/73 841/1657/72 843/1656/77
f 845/481/79 850/1660/80 851/1661/81 855/1662/79
f 846/480/82 852/1663/83 851/1661/81 850/1660/80
f 847/572/84 853/1664/85 851/1661/81 852/1663/83
f 848/1665/86 854/1666/86 851/1667/81 853/1668/85
f 849/1669/87 855/1670/87 851/1671/87 854/1672/87
f 856/419/88 859/1673/89 860/1674/90 862/420/91
f 857/281/92 861/1675/93 860/1676/90 859/1677/89
f 858/1678/94 862/1679/91 860/1676/90 861/1675/93
f 863/154/95 866/1680/96 867/1681/97 869/1682/98
f 864/1507/99 868/1683/100 867/1684/97 866/1685/96
f 865/1686/101 869/1687/98 867/1684/97 868/1683/100
f 870/1539/102 873/1688/103 874/1689/104 876/1540/105
f 871/1690/106 875/1691/107 874/1692/104 873/1693/103
f 872/1694/108 876/1695/105 874/1692/104 875/1691/107
f 877/757/109 880/1696/110 881/1697/111 883/1698/112
f 878/703/113 882/702/114 881/1699/111 880/1700/110
f 879/701/115 883/1701/112 881/1699/111 882/702/114
f 884/1702/102 887/1703/103 888/1704/104 890/782/105
f 885/1705/106 889/823/107 888/1706/104 887/1707/103
f 886/822/108 890/1708/105 888/1706/104 889/823/107
f 891/1544/116 894/1709/117 895/1710/118 897/1711/119
f 892/1546/120 896/1712/121 895/1710/118 894/1709/117
f 893/1713/122 897/1714/119 895/1715/118 896/1716/121
f 898/977/123 902/1717/124 903/1718/125 906/1719/126
f 899/1720/127 904/1721/128 903/1722/125 902/1723/124
f 900/1724/129 905/1725/130 903/1718/125 904/1726/128
f 901/978/131 906/1719/126 903/1718/125 905/1725/130
f 907/1536/87 912/1727/87 913/1728/87 917/1537/87
f 908/1639/132 914/1729/133 913/1730/134 912/1731/132
f 909/1190/135 915/1732/136 913/1733/134 914/1734/133
f 910/1052/137 916/1735/138 913/1733/134 915/1732/136
f 911/1538/139 917/1537/139 913/1728/134 916/1736/138
f 918/1737/140 921/1738/141 922/1739/142 924/1740/143
f 919/1741/144 923/1742/145 922/1739/142 921/1738/141
f 920/1642/146 924/1743/143 922/1744/142 923/1643/145
f 925/1508/147 928/1745/148 929/1746/149 931/1747/150
f 926/968/151 930/1748/152 929/1749/149 928/1750/148
f 927/967/153 931/1751/150 929/1749/149 930/1748/152
f 932/1252/154 935/1752/155 936/1753/156 938/1754/157
f 933/1755/158 937/1756/159 936/1757/156 935/1758/155
f 934/1759/160 938/1760/157 936/1757/156 937/1756/159
f 939/1046/161 942/1761/162 943/1762/163 945/1763/164
f 940/1764/165 944/1765/166 943/1766/163 942/1767/162
f 941/1047/167 945/1763/164 943/1762/163 944/1768/166
f 946/1769/161 949/1770/162 950/1771/163 952/1339/164
f 947/1364/165 951/1772/166 950/1773/163 949/1774/162
f 948/1775/167 952/1339/164 950/1771/163 951/1776/166
f 830/1649/7 829/1645/7 187/165/7
f 244/1528/5 863/15/5 720/1524/5
f 863/15/5 869/1777/5 865/13/5
f 720/1524/5 863/15/5 11/14/5
f 66/1778/4 729/1551/4 820/26/4
f 729/1551/4 728/24/4 820/26/4
f 34/155/17 221/610/17 864/153/17
f 864/153/17 866/1680/17 863/154/17
f 863/154/17 244/590/17 34/155/17
f 837/161/2 12/63/2 63/62/2
f 63/62/2 68/1779/2 837/161/2
f 68/1779/2 838/159/2 837/161/2
f 836/164/5 715/1472/5 837/162/5
f 715/1472/5 719/1471/5 12/1533/5
f 837/162/5 715/1472/5 12/1533/5
f 839/170/5 3/1466/5 715/1472/5
f 3/1466/5 716/1465/5 715/1472/5
f 715/1472/5 836/164/5 839/170/5
f 179/282/1 173/465/1 175/283/1
f 175/283/1 167/1780/1 848/1665/1
f 167/1780/1 849/1781/1 854/1666/1
f 848/1665/1 167/1780/1 854/1666/1
f 848/1665/1 858/1678/1 175/283/1
f 858/1678/1 861/1675/1 175/283/1
f 861/1675/1 857/281/1 175/283/1
f 858/421/4 848/1782/4 5/28/9
f 848/1782/4 853/1664/4 847/572/4
f 5/28/9 848/1782/4 847/572/4
f 5/28/9 2/1618/50 858/421/4
f 2/1618/50 856/419/4 858/421/4
f 171/1458/5 721/454/5 830/456/5
f 721/454/5 727/1555/5 831/455/5
f 830/456/5 831/455/5 834/1783/5
f 845/481/4 216/555/4 210/479/4
f 210/479/4 165/57/4 846/480/4
f 846/480/4 850/1660/4 845/481/4
f 821/504/23 305/1601/40 297/289/18
f 297/289/18 214/288/7 821/504/23
f 23/29/4 5/28/9 847/572/4
f 847/572/4 852/1663/4 846/480/4
f 846/480/4 165/57/4 23/29/4
f 334/589/1 326/739/1 313/742/1
f 313/742/1 872/1694/1 334/589/1
f 872/1694/1 875/1691/1 334/589/1
f 875/1691/1 871/1690/1 334/589/1
f 871/1690/1 733/587/1 334/589/1
f 884/688/14 767/1599/14 780/679/14
f 780/679/14 317/682/14 885/687/14
f 885/687/14 887/1784/14 884/688/14
f 318/681/14 768/680/14 878/703/14
f 768/680/14 769/1600/14 878/703/14
f 769/1600/14 879/701/14 878/703/14
f 892/709/5 641/707/5 723/706/5
f 723/706/5 504/1534/5 893/708/5
f 893/708/5 896/1785/5 892/709/5
f 321/713/1 336/768/1 335/714/1
f 335/714/1 331/747/1 318/750/1
f 318/750/1 878/1786/1 335/714/1
f 878/1786/1 880/1787/1 335/714/1
f 880/1787/1 877/712/1 335/714/1
f 879/758/6 769/1603/6 773/729/6
f 773/729/6 321/732/6 877/757/6
f 877/757/6 883/1698/6 879/758/6
f 791/759/16 796/1410/16 933/760/16
f 796/1410/16 646/1409/16 933/760/16
f 933/760/16 935/1788/16 932/761/16
f 747/781/16 767/1789/16 884/1702/16
f 884/1702/16 890/782/16 747/781/16
f 890/782/16 886/1790/16 339/783/16
f 317/749/1 330/748/1 885/1705/1
f 330/748/1 339/821/1 885/1705/1
f 885/1705/1 339/821/1 889/823/1
f 577/1525/5 711/880/5 927/836/5
f 711/880/5 350/883/5 927/836/5
f 927/836/5 350/883/5 925/834/5
f 926/968/14 555/1269/14 374/966/14
f 374/966/14 577/1257/14 927/967/14
f 927/967/14 930/1748/14 926/968/14
f 405/888/2 351/891/2 900/971/2
f 900/971/2 904/1721/2 899/1720/2
f 899/1720/2 409/892/2 900/971/2
f 710/972/5 901/978/5 900/1724/5
f 901/978/5 905/1725/5 900/1724/5
f 900/1724/5 351/882/5 710/972/5
f 710/972/5 709/1491/5 342/1531/5
f 342/1531/5 898/977/5 710/972/5
f 898/977/5 906/1719/5 901/978/5
f 789/1048/6 785/1598/6 939/1046/6
f 939/1046/6 945/1763/6 941/1047/6
f 941/1047/6 654/1371/6 789/1048/6
f 543/1053/24 549/1238/24 911/1051/24
f 911/1051/24 916/1735/24 910/1052/24
f 910/1052/24 497/874/24 543/1053/24
f 349/1023/2 511/1791/2 810/1089/2
f 810/1089/2 807/1208/36 348/828/26
f 344/839/24 909/1190/24 908/1151/24
f 909/1190/24 914/1734/24 908/1151/24
f 908/1151/24 918/1792/24 828/840/29
f 918/1792/24 924/1793/24 920/1794/24
f 920/1794/24 826/841/30 918/1792/24
f 826/841/30 828/840/29 918/1792/24
f 870/1176/14 775/1595/14 798/733/14
f 798/733/14 733/734/14 871/1175/14
f 871/1175/14 873/1795/14 870/1176/14
f 825/1188/7 891/1796/7 893/1713/7
f 891/1796/7 897/1714/7 893/1713/7
f 893/1713/7 504/1049/7 825/1188/7
f 504/1049/7 519/973/7 825/1188/7
f 909/1190/24 344/839/24 362/852/24
f 362/852/24 497/874/24 910/1052/24
f 910/1052/24 915/1732/24 909/1190/24
f 777/1254/17 791/1596/17 932/1252/17
f 932/1252/17 938/1754/17 934/1253/17
f 934/1253/17 185/1374/17 777/1254/17
f 788/1797/6 946/1769/6 761/1338/6
f 946/1769/6 952/1339/6 761/1338/6
f 952/1339/6 948/1775/6 671/1337/6
f 785/1348/17 784/1334/17 940/1349/17
f 784/1334/17 651/1333/17 940/1349/17
f 940/1349/17 942/1798/17 939/1350/17
f 668/1359/1 669/1394/1 654/1393/1
f 654/1393/1 941/1799/1 668/1359/1
f 941/1799/1 944/1765/1 668/1359/1
f 944/1765/1 940/1764/1 668/1359/1
f 940/1764/1 651/1357/1 668/1359/1
f 662/1366/1 671/1800/1 947/1364/1
f 671/1800/1 948/1801/1 951/1772/1
f 947/1364/1 671/1800/1 951/1772/1
f 788/1597/17 787/1343/17 946/1404/17
f 787/1343/17 649/1342/17 947/1403/17
f 946/1404/17 947/1403/17 949/1802/17
f 667/1415/1 724/1462/1 185/1461/1
f 185/1461/1 934/1759/1 667/1415/1
f 934/1759/1 937/1756/1 667/1415/1
f 937/1756/1 933/1755/1 667/1415/1
f 933/1755/1 646/1380/1 667/1415/1
f 202/432/6 216/538/6 845/1485/6
f 845/1485/6 855/1670/6 849/1669/6
f 849/1669/6 167/433/6 845/1485/6
f 11/64/2 865/1686/2 864/1507/2
f 865/1686/2 868/1683/2 864/1507/2
f 864/1507/2 221/88/2 67/65/2
f 555/911/2 926/1509/2 408/889/2
f 926/1509/2 928/1745/2 925/1508/2
f 408/889/2 926/1509/2 350/890/2
f 409/1255/24 899/1803/24 898/1515/24
f 899/1803/24 902/1804/24 898/1515/24
f 898/1515/24 342/983/24 407/934/24
f 3/175/4 839/1517/4 65/117/4
f 839/1517/4 843/1656/4 838/1655/4
f 68/1516/4 839/1517/4 838/1655/4
f 911/1538/6 549/1225/6 535/1161/6
f 535/1161/6 500/1163/6 911/1538/6
f 500/1163/6 907/1536/6 911/1538/6
f 313/802/16 781/801/16 872/1541/16
f 781/801/16 775/1602/16 872/1541/16
f 775/1602/16 870/1539/16 872/1541/16
f 517/1201/24 641/1223/24 823/1635/24
f 641/1223/24 892/1546/24 825/1545/24
f 823/1635/24 641/1223/24 825/1545/24
f 892/1546/24 894/1709/24 891/1544/24
f 831/1558/4 727/1552/4 729/1551/4
f 729/1551/4 66/1778/4 831/1558/4
f 66/1778/4 829/1556/4 831/1558/4
f 65/117/4 68/1516/4 800/1612/45
f 68/1516/4 804/1805/4 800/1612/45
f 802/1611/44 35/83/2 805/1615/47
f 35/83/2 10/82/2 805/1615/47
f 68/1779/2 63/62/2 804/1616/48
f 63/62/2 35/83/2 801/1610/43
f 5/28/9 799/27/8 2/1618/50
f 799/27/8 803/1613/46 805/1617/49
f 226/461/1 225/464/1 811/1623/55
f 811/1623/55 809/1620/52 559/1624/1
f 225/443/3 218/6/3 811/1626/56
f 218/6/3 552/829/27 811/1626/56
f 506/1629/1 507/1625/1 810/1627/57
f 507/1625/1 806/1619/51 810/1627/57
f 187/165/7 66/1806/7 820/1630/58
f 820/1630/58 815/290/19 186/20/7
f 731/474/4 725/1548/38 821/1631/4
f 725/1548/38 305/1594/39 821/1631/4
f 375/1191/7 824/1633/7 518/843/7
f 824/1633/7 822/1187/7 519/973/7
f 534/534/24 517/1201/24 824/1634/24
f 517/1201/24 823/1635/24 824/1634/24
f 508/1638/1 506/1629/1 511/1628/1
f 511/1628/1 919/1741/1 508/1638/1
f 919/1741/1 921/1738/1 508/1638/1
f 921/1738/1 918/1737/1 508/1638/1
f 918/1737/1 908/1639/1 508/1638/1
f 908/1639/1 912/1731/1 500/1637/1
f 912/1731/1 907/1807/1 500/1637/1
f 2/1614/2 10/82/2 856/1641/2
f 10/82/2 179/284/2 857/1640/2
f 856/1641/2 857/1640/2 859/1808/2
f 511/1791/2 349/1023/2 919/1644/2
f 349/1023/2 827/1246/2 826/1809/2
f 919/1644/2 349/1023/2 826/1809/2
f 826/1809/2 920/1642/2 919/1644/2
f 171/279/7 830/1649/7 187/165/7
f 830/1649/7 832/1646/7 829/1645/7
f 187/165/7 829/1645/7 66/1806/7
o Cube.178_Cube.244
v 3.400000 5.850000 2.550000
v 4.412500 5.852060 2.552061
v 4.259409 6.976630 2.548096
v 4.259409 6.976630 1.451904
v 4.259409 6.976630 -1.451904
v 3.400000 6.974726 -1.450000
v 4.412500 5.852060 0.552061
v 3.400000 5.850000 0.550000
v 3.400000 5.850000 -0.550000
v 4.412500 5.852060 -0.552061
v 3.400000 5.850000 1.450000
v 4.412500 5.852060 1.447939
v 3.400000 5.850000 -2.550000
v 3.400000 6.974726 -2.550000
v 2.552060 5.852060 4.412500
v 2.548096 6.976630 4.259408
v 1.451904 6.976630 4.259409
v 1.447939 5.852060 4.412500
v 4.412500 5.852060 -1.447939
v 0.552061 5.852060 4.412500
v 4.412500 5.852060 -2.552061
v 3.400000 5.850000 -1.450000
v 4.259409 6.976630 -2.548096
v 3.400000 6.974726 1.450000
v 2.550000 5.850000 3.400000
v 2.550000 6.974726 3.400000
v 3.400000 6.974726 2.550000
v 1.450000 6.974726 3.400001
v 1.450000 5.850000 3.400001
v 0.548096 6.976630 4.259409
v 3.400000 6.974726 -0.550000
v 4.259409 6.976630 -0.548096
v 3.400000 6.974726 0.550000
v 4.259409 6.976630 0.548097
v 0.550000 5.850000 3.400000
v 0.550000 6.974726 3.400000
v 3.400608 5.599596 2.800035
v 4.438601 5.591191 2.791652
v 4.235403 7.216781 2.807520
v 4.235403 7.216781 1.192481
v 4.235403 7.216781 -1.192480
v 3.399253 7.224267 -1.199980
v 4.438601 5.591191 0.791652
v 3.400608 5.599596 0.800035
v 3.400608 5.599596 -0.800035
v 4.438601 5.591191 -0.791652
v 3.400608 5.599596 1.199965
v 4.438601 5.591191 1.208348
v 3.400608 5.599596 -2.800035
v 3.399253 7.224267 -2.800020
v 2.791652 5.595596 4.438051
v 2.807520 7.220753 4.234906
v 1.192480 7.220753 4.234906
v 1.208348 5.595596 4.438050
v 4.438601 5.591191 -1.208348
v 0.791691 5.595596 4.438051
v 4.438601 5.591191 -2.791652
v 3.400608 5.599596 -1.199965
v 4.235403 7.216781 -2.807520
v 3.399253 7.224267 1.199980
v 2.800035 5.599596 3.400609
v 2.800020 7.224267 3.399253
v 3.399253 7.224267 2.800020
v 1.199980 7.224267 3.399253
v 1.199965 5.599596 3.400608
v 0.807555 7.220753 4.234906
v 3.399253 7.224267 -0.800020
v 4.235403 7.216781 -0.807519
v 3.399253 7.224267 0.800020
v 4.235403 7.216781 0.807520
v 0.800035 5.600064 3.400289
v 0.800021 7.224700 3.399611
v 1.800000 4.800000 -3.400000
v 0.200000 4.800000 -3.400000
v 0.200000 7.224726 -3.400000
v 1.800000 7.224726 -3.400000
v 0.450000 6.974726 -4.100000
v 1.550000 6.974726 -4.100000
v 1.800000 7.224726 -4.100000
v 1.800000 4.800000 -4.100000
v 0.450000 6.974726 -3.400000
v 1.550000 6.974726 -3.400000
v 0.200000 4.800000 -4.100000
v 0.200000 7.224726 -4.100000
v 1.550000 4.800000 -4.100000
v 0.450000 4.800000 -4.100000
v 0.450000 4.800000 -3.400000
v 1.550000 4.800000 -3.400000
v -3.400000 5.850000 2.550000
v -4.412500 5.852060 2.552061
v -4.259408 6.976630 2.548096
v -4.259409 6.976630 1.451904
v -4.259409 6.976630 -1.451904
v -3.400000 6.974726 -1.450000
v -4.412500 5.852060 0.552060
v -3.400000 5.850000 0.550000
v -3.400000 5.850000 -0.550000
v -4.412500 5.852060 -0.552061
v -3.400000 5.850000 1.450000
v -4.412500 5.852060 1.447939
v -3.400000 5.850000 -2.550000
v -3.400000 6.974726 -2.550000
v -2.552061 5.852060 4.412500
v -2.548097 6.976630 4.259409
v -1.451904 6.976630 4.259409
v -1.447939 5.852060 4.412500
v -4.412500 5.852060 -1.447939
v -0.552061 5.852060 4.412500
v -4.412500 5.852060 -2.552061
v -3.400000 5.850000 -1.450000
v -4.259409 6.976630 -2.548096
v -3.400000 6.974726 1.450000
v -2.550000 5.850000 3.400000
v -2.550000 6.974726 3.400000
v -3.400000 6.974726 2.550000
v -1.450000 6.974726 3.400000
v -1.450000 5.850000 3.400000
v -0.548097 6.976630 4.259409
v -3.400000 6.974726 -0.550000
v -4.259409 6.976630 -0.548096
v -3.400000 6.974726 0.550000
v -4.259409 6.976630 0.548096
v -0.550000 5.850000 3.400000
v -0.550000 6.974726 3.400000
v -3.400609 5.599596 2.800035
v -4.438601 5.591191 2.791652
v -4.235403 7.216781 2.807520
v -4.235403 7.216781 1.192480
v -4.235403 7.216781 -1.192480
v -3.399253 7.224267 -1.199980
v -4.438601 5.591191 0.791652
v -3.400609 5.599596 0.800035
v -3.400608 5.599596 -0.800035
v -4.438601 5.591191 -0.791652
v -3.400608 5.599596 1.199965
v -4.438601 5.591191 1.208348
v -3.400608 5.599596 -2.800035
v -3.399253 7.224267 -2.800020
v -2.791652 5.595596 4.438051
v -2.807520 7.220753 4.234906
v -1.192481 7.220753 4.234906
v -1.208348 5.595596 4.438051
v -4.438601 5.591191 -1.208348
v -0.791691 5.595596 4.438051
v -4.438601 5.591191 -2.791652
v -3.400608 5.599596 -1.199965
v -4.235403 7.216781 -2.807520
v -3.399253 7.224267 1.199980
v -2.800035 5.599596 3.400609
v -2.800020 7.224267 3.399253
v -3.399253 7.224267 2.800020
v -1.199980 7.224267 3.399253
v -1.199965 5.599596 3.400609
v -0.807556 7.220753 4.234906
v -3.399253 7.224267 -0.800020
v -4.235403 7.216781 -0.807520
v -3.399253 7.224267 0.800020
v -4.235403 7.216781 0.807520
v -0.800036 5.600064 3.400289
v -0.800021 7.224700 3.399611
vt 0.005355 1.320161
vt 0.006724 1.477007
vt -0.113118 1.478319
vt -0.135830 1.321681
vt 1.095601 -0.471368
vt 1.116933 -0.314549
vt 0.975740 -0.314259
vt 0.975752 -0.471105
vt 0.992181 1.477007
vt 0.993549 1.320161
vt 1.134740 1.321681
vt 1.112018 1.478319
vt 1.116933 0.677785
vt 1.118277 0.831751
vt 0.977078 0.832694
vt 0.975740 0.679302
vt 0.419000 0.007789
vt 0.417480 -0.133396
vt 0.571453 -0.134740
vt 0.572398 0.006451
vt 0.972211 0.274904
vt 0.970872 0.121512
vt 1.112065 0.119995
vt 1.113409 0.273962
vt 0.851303 0.004017
vt 0.697905 0.005355
vt 0.696386 -0.135830
vt 0.850358 -0.137174
vt 1.096935 0.167247
vt 1.095601 0.320108
vt 0.975752 0.319330
vt 0.977090 0.165938
vt 0.972222 1.474634
vt 0.972210 1.317788
vt 1.113409 1.318073
vt 1.092067 1.474902
vt 0.973318 0.598224
vt 0.974656 0.444832
vt 1.094501 0.446141
vt 1.093167 0.599002
vt 0.973306 -0.316693
vt 0.973318 -0.473539
vt 1.093167 -0.473802
vt 1.114499 -0.316983
vt 1.118277 1.313205
vt 1.096935 1.470034
vt 0.977090 1.469766
vt 0.977078 1.312920
vt 0.974656 1.472200
vt 0.974644 1.315354
vt 1.115843 1.315639
vt 1.094501 1.472468
vt 0.974644 0.553799
vt 0.973306 0.400407
vt 1.114499 0.398890
vt 1.115843 0.552857
vt 0.970872 -0.319127
vt 0.970884 -0.475973
vt 1.090733 -0.476236
vt 1.112065 -0.319417
vt 0.970884 0.877119
vt 0.972222 0.723727
vt 1.092067 0.725036
vt 1.090733 0.877897
vt 0.697917 0.993276
vt 0.851315 0.994614
vt 0.850003 1.114452
vt 0.697137 1.113118
vt 0.994615 1.477007
vt 0.995983 1.320161
vt 1.137174 1.321681
vt 1.114452 1.478319
vt 0.607279 0.007873
vt 0.384149 0.009821
vt 0.382081 -0.106655
vt 0.607313 -0.108620
vt 0.994730 1.285242
vt 1.139413 1.285947
vt 1.109089 1.512332
vt 0.992564 1.511805
vt 1.091940 1.505173
vt 0.975346 1.506208
vt 0.975518 1.279644
vt 1.120278 1.278461
vt 0.007874 1.511866
vt -0.108620 1.512332
vt -0.138906 1.285947
vt 0.005802 1.285307
vt 1.120279 0.355975
vt 0.975518 0.355870
vt 0.977465 0.132745
vt 1.122205 0.135187
vt 0.384129 0.992251
vt 0.607263 0.994198
vt 0.604836 1.138906
vt 0.384029 1.136979
vt 0.972597 0.690534
vt 1.117337 0.692977
vt 1.115411 0.913764
vt 0.970650 0.913660
vt 0.886167 0.996677
vt 0.883736 1.141340
vt 0.662940 1.139413
vt 0.663033 0.994730
vt 1.093905 0.869251
vt 0.977293 0.869232
vt 0.975346 0.646110
vt 1.091940 0.644038
vt 0.972425 -0.509129
vt 1.089037 -0.508076
vt 1.117337 -0.281402
vt 0.972597 -0.282564
vt 0.972912 0.367216
vt 1.089506 0.365143
vt 1.091471 0.590356
vt 0.974859 0.590337
vt 0.973084 1.282078
vt 1.117845 1.280895
vt 1.089506 1.507607
vt 0.972912 1.508642
vt 1.122205 -0.276534
vt 0.977465 -0.277696
vt 0.977293 -0.504261
vt 1.093905 -0.503208
vt 0.974859 -0.506695
vt 1.091471 -0.505642
vt 1.119771 -0.278968
vt 0.975031 -0.280130
vt 0.975031 0.411640
vt 1.119771 0.414082
vt 1.117845 0.634870
vt 0.973084 0.634765
vt 0.970650 1.284511
vt 1.115411 1.283329
vt 1.087072 1.510041
vt 0.970478 1.511076
vt 0.970478 0.088321
vt 1.087072 0.086249
vt 1.089037 0.311461
vt 0.972425 0.311442
vt 0.663054 0.007436
vt 0.660992 -0.109089
vt 0.886213 -0.111054
vt 0.886184 0.005489
vt 0.005489 1.511806
vt -0.111054 1.512332
vt -0.141340 1.285947
vt 0.003323 1.285243
vt 0.419000 -0.320161
vt 0.572398 -0.320161
vt 0.607263 -0.285307
vt 0.384129 -0.285307
vt 0.723727 1.474634
vt 0.688558 1.509129
vt 0.690534 1.282564
vt 0.725096 1.317788
vt 0.572410 -0.477007
vt 0.419012 -0.477007
vt 0.384149 -0.511866
vt 0.607279 -0.511866
vt 0.122103 1.476236
vt 0.086249 1.510041
vt 0.086236 1.283329
vt 0.119996 1.319417
vt 0.913660 1.284512
vt 0.878488 1.319127
vt 0.571453 1.321681
vt 0.417480 1.321681
vt 0.384029 1.285947
vt 0.604836 1.285947
vt 0.418231 1.478318
vt 0.571098 1.478318
vt 0.607313 1.512332
vt 0.382081 1.512332
vt 0.398890 1.316983
vt 0.365130 1.280895
vt 0.585918 1.278969
vt 0.552857 1.315639
vt 0.877119 1.475973
vt 0.911679 1.511076
vt 0.696385 1.321681
vt 0.662940 1.285947
vt 0.883736 1.285947
vt 0.850358 1.321681
vt 0.553859 1.472468
vt 0.590356 1.505642
vt 0.365143 1.507607
vt 0.400998 1.473802
vt 0.851303 -0.320161
vt 0.886167 -0.285242
vt 0.663033 -0.285242
vt 0.697905 -0.320161
vt 0.677785 1.314549
vt 0.644025 1.278461
vt 0.864813 1.276535
vt 0.831751 1.313205
vt 0.274964 1.474902
vt 0.311462 1.508076
vt 0.167306 1.312920
vt 0.132745 1.277696
vt 0.355871 1.279644
vt 0.320698 1.314259
vt 0.307023 1.281402
vt 0.273962 1.318073
vt 0.697917 -0.477007
vt 0.663054 -0.511805
vt 0.886184 -0.511805
vt 0.851315 -0.477007
vt 0.353890 1.506208
vt 0.319330 1.471105
vt 0.446201 1.315354
vt 0.411640 1.280130
vt 0.634765 1.282078
vt 0.599593 1.316693
vt 0.130768 1.504261
vt 0.165938 1.469766
vt 0.850003 1.478318
vt 0.886213 1.512332
vt 0.660992 1.512332
vt 0.697137 1.478318
vt 0.598224 1.473539
vt 0.632784 1.508642
vt 0.409663 1.506695
vt 0.444832 1.472200
vt 0.832753 1.470034
vt 0.869251 1.503208
vt 0.644038 1.505173
vt 0.679892 1.471368
vt 0.720114 1.165460
vt 0.754977 1.165460
vt 0.755003 1.503595
vt 0.720137 1.468732
vt 0.720989 -0.467880
vt 0.755855 -0.502743
vt 0.755829 -0.164608
vt 0.720966 -0.164608
vt 1.051149 1.164608
vt 1.053796 1.467880
vt 0.956183 1.468732
vt 0.953536 1.165460
vt -0.049811 1.164608
vt 0.047803 1.165460
vt 0.045156 1.468732
vt -0.052457 1.467880
vt 0.566739 0.043817
vt 0.567591 -0.053796
vt 0.720989 -0.052457
vt 0.720137 0.045156
vt 0.567591 -0.467880
vt 0.532731 -0.502743
vt 0.566716 0.046464
vt 0.531853 0.046159
vt 0.532705 -0.051454
vt 0.567568 -0.051149
vt 0.566739 1.468732
vt 0.531879 1.503595
vt 0.531853 1.165460
vt 0.566716 1.165460
vt 0.567568 -0.164608
vt 0.532705 -0.164608
vt 0.720966 -0.049811
vt 0.755829 -0.049506
vt 0.754977 0.048107
vt 0.720114 0.047802
vt 0.531879 0.956791
vt 0.755003 0.954844
vt 0.755855 1.052457
vt 0.532731 1.054404
vt 1.049506 1.164608
vt 1.052457 1.502743
vt 0.954844 1.503595
vt 0.951893 1.165460
vt -0.051454 1.164608
vt 0.046160 1.165460
vt 0.043209 1.503595
vt -0.054404 1.502743
vt 0.991115 1.320161
vt 1.132306 1.321681
vt 1.109584 1.478319
vt 0.989747 1.477007
vt -0.092370 -0.471368
vt 0.027474 -0.471105
vt 0.027462 -0.314259
vt -0.113736 -0.314549
vt 0.009158 1.477007
vt -0.110684 1.478319
vt -0.133396 1.321681
vt 0.007789 1.320161
vt -0.113736 0.688524
vt 0.027462 0.687577
vt 0.028801 0.840969
vt -0.112393 0.842491
vt 0.023933 0.283180
vt -0.117260 0.284702
vt -0.118604 0.130735
vt 0.022594 0.129788
vt 0.140095 0.010223
vt 0.138575 -0.130962
vt 0.292548 -0.132306
vt 0.293492 0.008885
vt -0.091036 0.156879
vt 0.028813 0.157662
vt 0.027474 0.311054
vt -0.092371 0.309740
vt 0.023945 1.474634
vt -0.095904 1.474902
vt -0.117260 1.318073
vt 0.023933 1.317788
vt 0.025040 0.589949
vt -0.094804 0.588635
vt -0.093470 0.435774
vt 0.026379 0.436557
vt 0.025028 -0.316693
vt -0.116170 -0.316983
vt -0.094804 -0.473802
vt 0.025040 -0.473539
vt -0.112392 1.313205
vt 0.028801 1.312920
vt 0.028813 1.469766
vt -0.091036 1.470034
vt 0.026379 1.472200
vt -0.093470 1.472468
vt -0.114826 1.315639
vt 0.026367 1.315354
vt 0.026367 0.562075
vt -0.114826 0.563597
vt -0.116170 0.409630
vt 0.025028 0.408683
vt 0.022594 -0.319127
vt -0.118604 -0.319417
vt -0.097238 -0.476236
vt 0.022606 -0.475973
vt 0.022606 0.868843
vt -0.097238 0.867530
vt -0.095904 0.714668
vt 0.023945 0.715451
vt 0.293504 0.989747
vt 0.292193 1.109584
vt 0.139326 1.108250
vt 0.140106 0.988408
vt 0.011592 1.477007
vt -0.108250 1.478319
vt -0.130962 1.321681
vt 0.010223 1.320161
vt 0.008191 1.285243
vt 0.010357 1.511805
vt -0.106186 1.512332
vt -0.136472 1.285947
vt -0.089336 1.505173
vt -0.117670 1.278461
vt 0.027070 1.279644
vt 0.027277 1.506208
vt 0.990179 1.511866
vt 0.992251 1.285307
vt 1.136979 1.285947
vt 1.106655 1.512332
vt -0.117670 0.345171
vt -0.115744 0.124384
vt 0.029017 0.124468
vt 0.027070 0.347593
vt 0.024150 0.682257
vt 0.022202 0.905383
vt -0.122538 0.902961
vt -0.120611 0.682173
vt 0.105223 0.989862
vt 0.328357 0.991809
vt 0.325925 1.136472
vt 0.105130 1.134546
vt -0.087370 0.879560
vt -0.089336 0.654347
vt 0.027277 0.654384
vt 0.029224 0.877505
vt 0.024356 -0.509129
vt 0.024150 -0.282564
vt -0.120611 -0.281402
vt -0.092238 -0.508076
vt 0.024843 0.375489
vt 0.026790 0.598611
vt -0.089804 0.600665
vt -0.091770 0.375452
vt 0.024636 1.282078
vt 0.024843 1.508642
vt -0.091770 1.507607
vt -0.120104 1.280895
vt -0.115744 -0.276534
vt -0.087370 -0.503208
vt 0.029224 -0.504261
vt 0.029018 -0.277696
vt 0.026790 -0.506695
vt 0.026584 -0.280130
vt -0.118177 -0.278968
vt -0.089804 -0.505642
vt 0.026584 0.403363
vt 0.024636 0.626488
vt -0.120104 0.624066
vt -0.118178 0.403279
vt 0.022202 1.284511
vt 0.022409 1.511076
vt -0.094204 1.510041
vt -0.122538 1.283329
vt 0.022409 0.096595
vt 0.024356 0.319716
vt -0.092238 0.321770
vt -0.094204 0.096557
vt 0.328374 0.010357
vt 0.105244 0.012304
vt 0.103181 -0.104221
vt 0.328403 -0.106186
vt 0.987696 1.511806
vt 0.989862 1.285243
vt 1.134546 1.285947
vt 1.104221 1.512332
vt 0.284549 1.474634
vt 0.283180 1.317788
vt 0.317743 1.282564
vt 0.319716 1.509129
vt 0.867530 1.476236
vt 0.869265 1.319417
vt 0.902961 1.283329
vt 0.903443 1.510041
vt 0.129788 1.319127
vt 0.094617 1.284512
vt 0.590370 1.316983
vt 0.436403 1.315639
vt 0.403279 1.278969
vt 0.624066 1.280895
vt 0.131157 1.475973
vt 0.096595 1.511076
vt 0.292548 1.321681
vt 0.138575 1.321681
vt 0.105130 1.285947
vt 0.325925 1.285947
vt 0.435774 1.472468
vt 0.588635 1.473802
vt 0.624548 1.507607
vt 0.399335 1.505642
vt 0.140095 -0.320161
vt 0.293492 -0.320161
vt 0.328357 -0.285242
vt 0.105223 -0.285242
vt 0.311475 1.314549
vt 0.157509 1.313205
vt 0.124384 1.276535
vt 0.345172 1.278461
vt 0.714669 1.474902
vt 0.678230 1.508076
vt 0.840969 1.312920
vt 0.687577 1.314259
vt 0.652406 1.279644
vt 0.875532 1.277696
vt 0.715298 1.318073
vt 0.682173 1.281402
vt 0.293504 -0.477007
vt 0.140107 -0.477007
vt 0.105244 -0.511805
vt 0.328374 -0.511805
vt 0.688946 1.471105
vt 0.654384 1.506208
vt 0.562075 1.315354
vt 0.408683 1.316693
vt 0.373512 1.282078
vt 0.596637 1.280130
vt 0.842338 1.469766
vt 0.877505 1.504261
vt 0.139326 1.478318
vt 0.292193 1.478318
vt 0.328403 1.512332
vt 0.103181 1.512332
vt 0.410051 1.473539
vt 0.563443 1.472200
vt 0.598611 1.506695
vt 0.375489 1.508642
vt 0.156879 1.470034
vt 0.309740 1.471368
vt 0.345653 1.505173
vt 0.120440 1.503208
vt 0.571098 1.112018
vt 0.418231 1.110684
vt 0.419012 0.990842
vt 0.572410 0.992181
vn 1.0000 -0.0018 0.0001
vn 0.0001 -0.0018 -1.0000
vn -1.0000 -0.0018 0.0001
vn -0.0020 1.0000 0.0000
vn 0.0000 1.0000 -0.0020
vn 0.0022 -1.0000 0.0000
vn 0.0001 -0.0018 1.0000
vn 0.0000 -1.0000 0.0022
vn 0.0000 1.0000 0.0047
vn -1.0000 -0.0048 0.0005
vn 0.0004 -0.0049 1.0000
vn 1.0000 -0.0049 0.0004
vn -0.0081 -1.0000 0.0000
vn 0.0000 -1.0000 -0.0043
vn 0.0000 -1.0000 -0.0039
vn 0.0090 1.0000 0.0000
vn 0.0004 -0.0049 -1.0000
vn 0.0000 1.0000 0.0042
vn 1.0000 -0.0048 0.0005
vn 0.0001 -0.0007 -1.0000
vn -0.0001 -0.0007 -1.0000
vn -1.0000 -0.0017 0.0001
vn -1.0000 -0.0015 0.0001
vn -0.0001 -0.0009 -1.0000
vn 0.0001 -0.0009 -1.0000
vn 0.9923 0.1239 0.0010
vn 0.9935 0.1142 0.0006
vn 0.9934 0.1143 0.0006
vn -1.0000 -0.0015 -0.0001
vn 0.0005 0.1135 0.9935
vn -0.0005 0.1135 0.9935
vn -0.0005 0.1137 0.9935
vn 0.0005 0.1138 0.9935
vn -0.0009 0.1239 0.9923
vn 0.0009 0.1239 0.9923
vn 0.9935 0.1136 0.0006
vn 0.9935 0.1141 -0.0006
vn 0.9935 0.1136 -0.0006
vn -1.0000 -0.0017 -0.0001
vn -0.0005 0.1132 0.9936
vn 0.0006 0.1140 0.9935
vn 0.0005 0.1132 0.9936
vn 0.9923 0.1239 -0.0010
vn 0.9923 0.1238 -0.0010
vn 0.9923 0.1238 0.0010
vn -0.0001 -0.0015 -1.0000
vn 0.0001 -0.0015 -1.0000
vn 0.9935 0.1140 0.0006
vn 0.9935 0.1139 -0.0006
vn 0.9935 0.1142 -0.0006
vn 0.9935 0.1137 -0.0006
vn 0.0001 -0.0017 -1.0000
vn -0.0001 -0.0017 -1.0000
vn -0.0000 0.0000 1.0000
vn -0.0000 0.0000 -1.0000
vn 1.0000 0.0000 -0.0000
vn -1.0000 0.0000 -0.0000
vn 0.0000 -1.0000 0.0000
vn 0.0000 1.0000 -0.0000
vn -0.0001 -0.0018 -1.0000
vn 0.0020 1.0000 0.0000
vn -0.0022 -1.0000 0.0000
vn -0.0001 -0.0018 1.0000
vn -0.0004 -0.0049 1.0000
vn -1.0000 -0.0049 0.0004
vn 0.0081 -1.0000 0.0000
vn -0.0090 1.0000 0.0000
vn -0.0004 -0.0049 -1.0000
vn 1.0000 -0.0017 0.0001
vn 1.0000 -0.0015 0.0001
vn -0.9923 0.1239 0.0010
vn -0.9934 0.1143 0.0006
vn -0.9935 0.1139 0.0006
vn 1.0000 -0.0015 -0.0001
vn -0.9935 0.1140 0.0006
vn -0.9935 0.1140 -0.0006
vn -0.9935 0.1142 0.0006
vn 1.0000 -0.0017 -0.0001
vn 0.0006 0.1141 0.9935
vn -0.9923 0.1239 -0.0010
vn -0.9923 0.1238 0.0010
vn -0.9935 0.1136 0.0006
vn -0.9934 0.1143 -0.0006
vn -0.9935 0.1138 -0.0006
vn -0.9935 0.1139 -0.0006
usemtl sandstone_white
s 1
f 981/1810/168 980/1811/168 969/1812/168 970/1813/168
f 957/1814/169 971/1815/169 974/1816/169 958/1817/169
f 988/1818/170 987/1819/170 972/1820/170 982/1821/170
f 971/1822/171 973/1823/171 965/1824/171 974/1825/171
f 1075/1826/172 1060/1827/172 972/1828/172 987/1829/172
f 963/1830/171 953/1831/171 954/1832/171 964/1833/171
f 977/1834/172 981/1835/172 970/1836/172 967/1837/172
f 975/1838/173 957/1839/173 958/1840/173 966/1841/173
f 976/1842/174 963/1843/174 964/1844/174 956/1845/174
f 985/1846/173 983/1847/173 984/1848/173 986/1849/173
f 960/1850/169 985/1851/169 986/1852/169 959/1853/169
f 973/1854/174 975/1855/174 966/1856/174 965/1857/174
f 983/1858/174 961/1859/174 962/1860/174 984/1861/174
f 961/1862/171 960/1863/171 959/1864/171 962/1865/171
f 953/1866/169 979/1867/169 955/1868/169 954/1869/169
f 979/1870/173 976/1871/173 956/1872/173 955/1873/173
f 980/1874/175 978/1875/175 968/1876/175 969/1877/175
f 978/1878/170 977/1879/170 967/1880/170 968/1881/170
f 1024/1882/176 1112/1883/176 1106/1884/176 1018/1885/176
f 1017/1886/177 1006/1887/177 1005/1888/177 1016/1889/177
f 993/1890/178 994/1891/178 1010/1892/178 1007/1893/178
f 1024/1894/179 1018/1895/179 1008/1896/179 1023/1897/179
f 1007/1898/180 1010/1899/180 1001/1900/180 1009/1901/180
f 1111/1902/181 1023/1903/181 1008/1904/181 1096/1905/181
f 999/1906/180 1000/1907/180 990/1908/180 989/1909/180
f 1013/1910/182 1003/1911/182 1006/1912/182 1017/1913/182
f 1011/1914/183 1002/1915/183 994/1916/183 993/1917/183
f 1012/1918/184 992/1919/184 1000/1920/184 999/1921/184
f 1021/1922/183 1022/1923/183 1020/1924/183 1019/1925/183
f 996/1926/178 995/1927/178 1022/1928/178 1021/1929/178
f 1009/1930/184 1001/1931/184 1002/1932/184 1011/1933/184
f 1019/1934/184 1020/1935/184 998/1936/184 997/1937/184
f 997/1938/180 998/1939/180 995/1940/180 996/1941/180
f 989/1942/178 990/1943/178 991/1944/178 1015/1945/178
f 1015/1946/183 991/1947/183 992/1948/183 1012/1949/183
f 1016/1950/185 1005/1951/185 1004/1952/185 1014/1953/185
f 1014/1954/186 1004/1955/186 1003/1956/186 1013/1957/186
f 1075/1958/187 987/1959/188 1023/1960/188 1111/1961/187
f 976/1962/189 1012/1963/189 999/1964/190 963/1965/190
f 988/1966/191 1076/1967/192 1112/1968/192 1024/1969/191
f 955/1970/193 991/1971/193 990/1972/194 954/1973/195
f 963/1965/190 999/1964/190 989/1974/196 953/1975/196
f 972/1976/197 1060/1977/198 1096/1978/199 1008/1979/200
f 1070/1980/201 982/1981/202 1018/1982/202 1106/1983/201
f 959/1984/203 995/1985/203 998/1986/204 962/1987/205
f 979/1988/206 1015/1989/206 1012/1963/189 976/1962/189
f 988/1966/191 1024/1969/191 1023/1960/188 987/1959/188
f 970/1990/198 1006/1991/207 1003/1992/208 967/1993/209
f 984/1994/210 1020/1995/211 1022/1996/212 986/1997/193
f 977/1998/213 1013/1999/213 1017/2000/214 981/2001/214
f 971/2002/215 1007/2003/215 1009/2004/216 973/2005/205
f 986/1997/193 1022/1996/212 995/1985/203 959/1984/203
f 956/2006/210 992/2007/211 991/1971/193 955/1970/193
f 965/2008/190 1001/2009/190 1010/2010/196 974/2011/196
f 954/1973/195 990/1972/194 1000/2012/217 964/2013/218
f 962/1987/205 998/1986/204 1020/1995/211 984/1994/210
f 980/2014/219 1016/2015/219 1014/2016/220 978/2017/220
f 974/2011/196 1010/2010/196 994/2018/206 958/2019/206
f 961/2020/190 997/2021/190 996/2022/196 960/2023/196
f 958/2019/206 994/2018/206 1002/2024/189 966/2025/189
f 968/2026/202 1004/2027/202 1005/2028/201 969/2029/201
f 985/2030/206 1021/2031/206 1019/2032/189 983/2033/189
f 975/2034/210 1011/2035/210 993/2036/212 957/2037/193
f 960/2023/196 996/2022/196 1021/2031/206 985/2030/206
f 972/1976/197 1008/1979/200 1018/1982/202 982/1981/202
f 983/2033/189 1019/2032/189 997/2021/190 961/2020/190
f 964/2013/218 1000/2012/217 992/2007/211 956/2006/210
f 978/2017/220 1014/2016/220 1013/1999/213 977/1998/213
f 966/2025/189 1002/2024/189 1001/2009/190 965/2008/190
f 973/2005/205 1009/2004/216 1011/2035/210 975/2034/210
f 967/1993/209 1003/1992/208 1004/2027/202 968/2026/202
f 953/1975/196 989/1974/196 1015/1989/206 979/1988/206
f 969/2029/201 1005/2028/201 1006/1991/207 970/1990/198
f 981/2001/214 1017/2000/214 1016/2015/219 980/2014/219
f 957/2037/193 993/2036/212 1007/2003/215 971/2002/215
f 1040/2038/221 1025/2039/221 1028/2040/221 1034/2041/221
f 1030/2042/222 1031/2043/222 1032/2044/222 1037/2045/222
f 1038/2046/223 1029/2047/223 1033/2048/223 1039/2049/223
f 1037/2050/224 1040/2051/224 1034/2052/224 1030/2053/224
f 1033/2054/225 1029/2055/225 1030/2056/225 1034/2057/225
f 1029/2058/222 1036/2059/222 1031/2043/222 1030/2042/222
f 1039/2060/225 1026/2061/225 1035/2062/225 1038/2063/225
f 1033/2064/221 1027/2065/221 1026/2066/221 1039/2067/221
f 1038/2068/222 1035/2069/222 1036/2059/222 1029/2058/222
f 1034/2041/221 1028/2040/221 1027/2065/221 1033/2064/221
f 1037/2070/225 1032/2071/225 1025/2072/225 1040/2073/225
f 1027/2074/226 1028/2075/226 1031/2076/226 1036/2077/226
f 1032/2078/223 1031/2079/223 1028/2080/223 1025/2081/223
f 1035/2082/224 1026/2083/224 1027/2084/224 1036/2085/224
f 1069/2086/170 1058/2087/170 1057/2088/170 1068/2089/170
f 1045/2090/227 1046/2091/227 1062/2092/227 1059/2093/227
f 1076/2094/168 1070/2095/168 1060/2096/168 1075/2097/168
f 1059/2098/228 1062/2099/228 1053/2100/228 1061/2101/228
f 1051/2102/228 1052/2103/228 1042/2104/228 1041/2105/228
f 1065/2106/172 1055/2107/172 1058/2108/172 1069/2109/172
f 1063/2110/229 1054/2111/229 1046/2112/229 1045/2113/229
f 1064/2114/230 1044/2115/230 1052/2116/230 1051/2117/230
f 1073/2118/229 1074/2119/229 1072/2120/229 1071/2121/229
f 1048/2122/227 1047/2123/227 1074/2124/227 1073/2125/227
f 1061/2126/230 1053/2127/230 1054/2128/230 1063/2129/230
f 1071/2130/230 1072/2131/230 1050/2132/230 1049/2133/230
f 1049/2134/228 1050/2135/228 1047/2136/228 1048/2137/228
f 1041/2138/227 1042/2139/227 1043/2140/227 1067/2141/227
f 1067/2142/229 1043/2143/229 1044/2144/229 1064/2145/229
f 1068/2146/175 1057/2147/175 1056/2148/175 1066/2149/175
f 1066/2150/168 1056/2151/168 1055/2152/168 1065/2153/168
f 1105/2154/186 1104/2155/186 1093/2156/186 1094/2157/186
f 1081/2158/231 1095/2159/231 1098/2160/231 1082/2161/231
f 1112/2162/232 1111/2163/232 1096/2164/232 1106/2165/232
f 1095/2166/233 1097/2167/233 1089/2168/233 1098/2169/233
f 1087/2170/233 1077/2171/233 1078/2172/233 1088/2173/233
f 1101/2174/182 1105/2175/182 1094/2176/182 1091/2177/182
f 1099/2178/234 1081/2179/234 1082/2180/234 1090/2181/234
f 1100/2182/235 1087/2183/235 1088/2184/235 1080/2185/235
f 1109/2186/234 1107/2187/234 1108/2188/234 1110/2189/234
f 1084/2190/231 1109/2191/231 1110/2192/231 1083/2193/231
f 1097/2194/235 1099/2195/235 1090/2196/235 1089/2197/235
f 1107/2198/235 1085/2199/235 1086/2200/235 1108/2201/235
f 1085/2202/233 1084/2203/233 1083/2204/233 1086/2205/233
f 1077/2206/231 1103/2207/231 1079/2208/231 1078/2209/231
f 1103/2210/234 1100/2211/234 1080/2212/234 1079/2213/234
f 1104/2214/185 1102/2215/185 1092/2216/185 1093/2217/185
f 1102/2218/177 1101/2219/177 1091/2220/177 1092/2221/177
f 1064/2222/236 1051/2223/237 1087/2224/237 1100/2225/236
f 1043/2226/238 1042/2227/239 1078/2228/240 1079/2229/238
f 1051/2223/237 1041/2230/241 1077/2231/241 1087/2224/237
f 1047/2232/242 1050/2233/243 1086/2234/243 1083/2235/244
f 1067/2236/245 1064/2222/236 1100/2225/236 1103/2237/245
f 1076/1967/192 1075/1958/187 1111/1961/187 1112/1968/192
f 1058/2238/197 1055/2239/199 1091/2240/207 1094/2241/246
f 1072/2242/247 1074/2243/238 1110/2244/248 1108/2245/247
f 1065/2246/214 1069/2247/213 1105/2248/213 1101/2249/214
f 1059/2250/249 1061/2251/250 1097/2252/251 1095/2253/242
f 1074/2243/238 1047/2232/242 1083/2235/244 1110/2244/248
f 1044/2254/247 1043/2226/238 1079/2229/238 1080/2255/247
f 1053/2256/237 1062/2257/241 1098/2258/241 1089/2259/237
f 1042/2227/239 1052/2260/250 1088/2261/252 1078/2228/240
f 1050/2233/243 1072/2242/247 1108/2245/247 1086/2234/243
f 1068/2262/220 1066/2263/219 1102/2264/219 1104/2265/220
f 1062/2257/241 1046/2266/245 1082/2267/245 1098/2258/241
f 1049/2268/237 1048/2269/241 1084/2270/241 1085/2271/237
f 1046/2266/245 1054/2272/236 1090/2273/236 1082/2267/245
f 1056/2274/201 1057/2275/202 1093/2276/202 1092/2277/201
f 1073/2278/245 1071/2279/236 1107/2280/236 1109/2281/245
f 1063/2282/247 1045/2283/238 1081/2284/238 1099/2285/247
f 1048/2269/241 1073/2278/245 1109/2281/245 1084/2270/241
f 1060/1977/198 1070/1980/201 1106/1983/201 1096/1978/199
f 1071/2279/236 1049/2268/237 1085/2271/237 1107/2280/236
f 1052/2260/250 1044/2254/247 1080/2255/247 1088/2261/252
f 1066/2263/219 1065/2246/214 1101/2249/214 1102/2264/219
f 1054/2272/236 1053/2256/237 1089/2259/237 1090/2273/236
f 1061/2251/250 1063/2282/247 1099/2285/247 1097/2252/251
f 1055/2239/199 1056/2274/201 1092/2277/201 1091/2240/207
f 1041/2230/241 1067/2236/245 1103/2237/245 1077/2231/241
f 1057/2275/202 1058/2238/197 1094/2241/246 1093/2276/202
f 1069/2247/213 1068/2262/220 1104/2265/220 1105/2248/213
f 1045/2283/238 1059/2250/249 1095/2253/242 1081/2284/238
f 982/2286/175 1070/2287/175 1076/2288/175 988/2289/175
o Cube.179_Cube.245
v 3.950000 8.269556 3.950000
v 3.950000 8.269556 -3.950000
v 3.950000 8.394427 3.950000
v 3.950000 8.394427 -3.950000
v 4.050494 8.269556 4.050495
v 4.050494 8.269556 -4.050495
v 4.050494 8.394427 4.050495
v 4.050494 8.394427 -4.050495
v -3.950000 8.269556 3.950000
v -3.950000 8.269556 -3.950000
v -3.950000 8.394427 3.950000
v -3.950000 8.394427 -3.950000
v -4.050494 8.269556 4.050495
v -4.050494 8.269556 -4.050495
v -4.050494 8.394427 4.050495
v -4.050494 8.394427 -4.050495
vt -0.055783 -0.658244
vt -0.055781 -0.675657
vt 1.045894 -0.675657
vt 1.045893 -0.658244
vt -0.060059 -0.665921
vt 1.069644 -0.665921
vt 1.069643 -0.648507
vt -0.060061 -0.648507
vt -0.030195 1.648630
vt 1.071439 1.658244
vt 1.071287 1.675658
vt -0.030347 1.666043
vt -0.069919 1.658366
vt 1.059785 1.658366
vt 1.059786 1.675780
vt -0.069918 1.675780
vt 1.069644 1.044238
vt -0.060059 1.054097
vt -0.046168 1.039961
vt 1.055508 1.030347
vt 1.044087 1.648507
vt 1.044238 1.665921
vt -0.085423 1.675780
vt -0.085575 1.658366
vt 1.059785 1.085575
vt -0.069919 1.075716
vt -0.055783 1.061824
vt 1.045893 1.071439
vt -0.055781 -0.061672
vt -0.069918 -0.075564
vt 1.059786 -0.085423
vt 1.045894 -0.071287
vt 1.055507 -0.030195
vt 1.069643 -0.044087
vt -0.046169 -0.039809
vt -0.060061 -0.053945
vt 1.039809 1.648630
vt 1.039961 1.666043
vt -0.061673 1.675658
vt -0.061824 1.658244
vt -0.053945 1.648507
vt 1.075716 1.658366
vt 1.075564 1.675780
vt -0.054097 1.665921
vt -0.046167 1.666043
vt -0.046169 1.648630
vt 1.055506 1.648630
vt 1.055508 1.666043
vn 0.0000 0.0000 -1.0000
vn -1.0000 0.0000 -0.0000
vn 0.0000 0.0000 1.0000
vn 0.0000 1.0000 0.0000
vn 1.0000 0.0000 0.0000
vn 0.0000 -1.0000 -0.0000
usemtl sandstone_white
s 1
f 1121/2290/253 1123/2291/253 1115/2292/253 1113/2293/253
f 1128/2294/253 1120/2295/253 1118/2296/253 1126/2297/253
f 1114/2298/254 1113/2299/254 1115/2300/254 1116/2301/254
f 1125/2302/255 1117/2303/255 1119/2304/255 1127/2305/255
f 1120/2306/256 1128/2307/256 1124/2308/256 1116/2309/256
f 1118/2310/257 1120/2311/257 1119/2312/257 1117/2313/257
f 1117/2314/258 1125/2315/258 1121/2316/258 1113/2317/258
f 1123/2318/256 1127/2319/256 1119/2320/256 1115/2321/256
f 1113/2317/258 1114/2322/258 1118/2323/258 1117/2314/258
f 1116/2309/256 1115/2321/256 1119/2320/256 1120/2306/256
f 1122/2324/258 1126/2325/258 1118/2323/258 1114/2322/258
f 1122/2326/257 1124/2327/257 1123/2328/257 1121/2329/257
f 1126/2330/254 1125/2331/254 1127/2332/254 1128/2333/254
f 1121/2316/258 1125/2315/258 1126/2325/258 1122/2324/258
f 1124/2308/256 1128/2307/256 1127/2319/256 1123/2318/256
f 1124/2334/255 1122/2335/255 1114/2336/255 1116/2337/255
o Cube.180_Cube.246
v -3.500000 0.300000 2.185694
v -3.500000 4.800000 2.185694
v -3.500000 0.800000 -2.339778
v -3.500000 1.300000 -1.774094
v -3.500000 1.800000 -1.208410
v -3.500000 2.300000 -0.642726
v -3.500000 2.800000 -0.077042
v -3.500000 3.300000 0.488642
v -3.500000 3.800000 1.054326
v -3.500000 4.300000 1.620010
v -3.500000 4.050000 1.337168
v -3.500000 3.550000 0.771484
v -3.500000 3.050000 0.205800
v -3.500000 2.550000 -0.359884
v -3.500000 2.050000 -0.925568
v -3.500000 1.550000 -1.491252
v -3.500000 1.050000 -2.056936
v -3.500000 0.550000 -2.622620
v -3.500000 4.550000 1.902852
v -2.000000 1.300000 -1.774094
v -2.000000 0.300000 2.185694
v -2.000000 1.050000 -2.056936
v -2.000000 1.550000 -1.491252
v -2.000000 2.050000 -0.925568
v -2.000000 3.550000 0.771484
v -2.000000 0.550000 -2.622620
v -2.000000 3.050000 0.205800
v -2.000000 4.800000 2.185694
v -2.000000 1.800000 -1.208410
v -2.000000 4.550000 1.902852
v -2.000000 4.050000 1.337168
v -2.000000 3.800000 1.054326
v -2.000000 2.550000 -0.359884
v -2.000000 4.300000 1.620010
v -2.000000 0.800000 -2.339778
v -2.000000 2.300000 -0.642726
v -2.000000 3.300000 0.488642
v -2.000000 2.800000 -0.077042
v -3.420000 0.300000 -2.905462
v -3.500000 0.300000 -2.825462
v -3.500000 0.380000 -2.905462
v -3.500000 0.470000 -2.905462
v -3.500000 0.550000 -2.825462
v -3.420000 0.550000 -2.905462
v -3.420000 4.800000 1.902852
v -3.500000 4.720000 1.902852
v -3.500000 4.800000 1.982852
v -3.420000 0.800000 -2.622620
v -3.500000 0.720000 -2.622620
v -3.500000 0.800000 -2.542620
v -3.420000 1.300000 -2.056936
v -3.500000 1.220000 -2.056936
v -3.500000 1.300000 -1.976936
v -3.420000 1.800000 -1.491252
v -3.500000 1.720000 -1.491252
v -3.500000 1.800000 -1.411252
v -3.420000 2.300000 -0.925568
v -3.500000 2.220000 -0.925568
v -3.500000 2.300000 -0.845568
v -3.420000 2.800000 -0.359884
v -3.500000 2.720000 -0.359884
v -3.500000 2.800000 -0.279884
v -3.420000 3.300000 0.205800
v -3.500000 3.220000 0.205800
v -3.500000 3.300000 0.285800
v -3.420000 3.800000 0.771484
v -3.500000 3.720000 0.771484
v -3.500000 3.800000 0.851484
v -3.420000 4.300000 1.337168
v -3.500000 4.220000 1.337168
v -3.500000 4.300000 1.417168
v -3.420000 4.050000 1.054326
v -3.500000 3.970000 1.054326
v -3.500000 4.050000 1.134326
v -3.420000 3.550000 0.488642
v -3.500000 3.470000 0.488642
v -3.500000 3.550000 0.568642
v -3.420000 3.050000 -0.077042
v -3.500000 2.970000 -0.077042
v -3.500000 3.050000 0.002958
v -3.420000 2.550000 -0.642726
v -3.500000 2.470000 -0.642726
v -3.500000 2.550000 -0.562726
v -3.420000 2.050000 -1.208410
v -3.500000 1.970000 -1.208410
v -3.500000 2.050000 -1.128410
v -3.420000 1.550000 -1.774094
v -3.500000 1.470000 -1.774094
v -3.500000 1.550000 -1.694094
v -3.420000 1.050000 -2.339778
v -3.500000 0.970000 -2.339778
v -3.500000 1.050000 -2.259778
v -3.420000 4.550000 1.620010
v -3.500000 4.470000 1.620010
v -3.500000 4.550000 1.700010
v -2.000000 0.380000 -2.905462
v -2.000000 0.300000 -2.825462
v -2.080000 0.300000 -2.905462
v -2.080000 0.550000 -2.905462
v -2.000000 0.550000 -2.825462
v -2.000000 0.470000 -2.905462
v -2.000000 4.800000 1.982852
v -2.000000 4.720000 1.902852
v -2.080000 4.800000 1.902852
v -2.000000 0.800000 -2.542620
v -2.000000 0.720000 -2.622620
v -2.080000 0.800000 -2.622620
v -2.000000 1.300000 -1.976936
v -2.000000 1.220000 -2.056936
v -2.080000 1.300000 -2.056936
v -2.000000 1.800000 -1.411252
v -2.000000 1.720000 -1.491252
v -2.080000 1.800000 -1.491252
v -2.000000 2.300000 -0.845568
v -2.000000 2.220000 -0.925568
v -2.080000 2.300000 -0.925568
v -2.000000 2.800000 -0.279884
v -2.000000 2.720000 -0.359884
v -2.080000 2.800000 -0.359884
v -2.000000 3.300000 0.285800
v -2.000000 3.220000 0.205800
v -2.080000 3.300000 0.205800
v -2.000000 3.800000 0.851484
v -2.000000 3.720000 0.771484
v -2.080000 3.800000 0.771484
v -2.000000 4.300000 1.417168
v -2.000000 4.220000 1.337168
v -2.080000 4.300000 1.337168
v -2.000000 4.050000 1.134326
v -2.000000 3.970000 1.054326
v -2.080000 4.050000 1.054326
v -2.000000 3.550000 0.568642
v -2.000000 3.470000 0.488642
v -2.080000 3.550000 0.488642
v -2.000000 3.050000 0.002958
v -2.000000 2.970000 -0.077042
v -2.080000 3.050000 -0.077042
v -2.000000 2.550000 -0.562726
v -2.000000 2.470000 -0.642726
v -2.080000 2.550000 -0.642726
v -2.000000 2.050000 -1.128410
v -2.000000 1.970000 -1.208410
v -2.080000 2.050000 -1.208410
v -2.000000 1.550000 -1.694094
v -2.000000 1.470000 -1.774094
v -2.080000 1.550000 -1.774094
v -2.000000 1.050000 -2.259778
v -2.000000 0.970000 -2.339778
v -2.080000 1.050000 -2.339778
v -2.000000 4.550000 1.700010
v -2.000000 4.470000 1.620010
v -2.080000 4.550000 1.620010
vt 0.209839 0.491108
vt 0.022972 0.492739
vt 0.011472 0.453395
vt 0.224311 0.129076
vt 0.218212 0.827868
vt 0.009033 0.826043
vt 0.223042 0.320645
vt 0.013863 0.320645
vt 0.025022 0.285782
vt 0.009033 0.544722
vt 0.218212 0.544722
vt 0.218260 1.172258
vt 0.009081 1.172258
vt 0.224066 0.426267
vt 0.014888 0.426267
vt 0.026046 0.391404
vt 0.210522 0.569383
vt 0.023656 0.571013
vt 0.012155 0.531669
vt 0.223725 0.391060
vt 0.014546 0.391060
vt 0.025705 0.356196
vt 0.223383 0.355852
vt 0.014204 0.355852
vt 0.025363 0.320989
vt 0.211205 0.647657
vt 0.024339 0.649288
vt 0.012838 0.609944
vt 0.218943 -0.101843
vt 0.009764 -0.101843
vt 0.020923 -0.136707
vt 0.222700 0.285438
vt 0.013521 0.285438
vt 0.024680 0.250574
vt 0.211888 0.725932
vt 0.025022 0.727563
vt 0.013521 0.688218
vt 0.209156 0.412833
vt 0.022289 0.414464
vt 0.010789 0.375120
vt 0.222017 0.215023
vt 0.012838 0.215023
vt 0.023997 0.180160
vt 0.212571 0.804206
vt 0.025705 0.805837
vt 0.014204 0.766493
vt 0.212913 0.843344
vt 0.026046 0.844975
vt 0.014546 0.805630
vt 0.221334 0.144608
vt 0.012155 0.144608
vt 0.023314 0.109745
vt 0.207790 0.256284
vt 0.020923 0.257915
vt 0.009423 0.218571
vt 0.212230 0.765069
vt 0.025363 0.766700
vt 0.013863 0.727356
vt 0.220651 0.074193
vt 0.011472 0.074193
vt 0.022631 0.039330
vt 0.172132 0.544722
vt 0.568981 0.820185
vt 0.529844 0.855392
vt 0.211547 0.686795
vt 0.024680 0.688425
vt 0.013180 0.649081
vt 0.219968 0.003779
vt 0.010789 0.003779
vt 0.021948 -0.031084
vt 0.210864 0.608520
vt 0.023997 0.610151
vt 0.012497 0.570807
vt 0.207448 0.217147
vt 0.020582 0.218778
vt 0.009081 0.179433
vt 0.219285 -0.066636
vt 0.010106 -0.066636
vt 0.021265 -0.101499
vt 0.210180 0.530245
vt 0.023314 0.531876
vt 0.011814 0.492532
vt 0.219626 -0.031429
vt 0.010447 -0.031429
vt 0.021606 -0.066292
vt 0.209497 0.451971
vt 0.022631 0.453601
vt 0.011130 0.414257
vt 0.220309 0.038986
vt 0.011131 0.038986
vt 0.022289 0.004123
vt 0.208814 0.373696
vt 0.021948 0.375327
vt 0.010447 0.335983
vt 0.220993 0.109401
vt 0.011814 0.109401
vt 0.022972 0.074538
vt 0.213254 0.882481
vt 0.026388 0.884112
vt 0.014887 0.844768
vt 0.208131 0.295421
vt 0.021265 0.297052
vt 0.009764 0.257708
vt 0.221676 0.179815
vt 0.012497 0.179815
vt 0.023656 0.144952
vt 0.468331 0.855392
vt 0.429193 0.820185
vt 0.826043 0.544722
vt 0.218602 -0.137051
vt 0.009423 -0.137051
vt 0.020582 -0.171914
vt 0.208473 0.334559
vt 0.021606 0.336190
vt 0.010106 0.296845
vt 0.222359 0.250230
vt 0.013180 0.250230
vt 0.024339 0.215367
vt 0.026385 0.116192
vt 0.015132 0.127251
vt 0.015230 0.115998
vt 0.015231 0.437767
vt 0.015134 0.426514
vt 0.026388 0.426611
vt 0.009425 -0.160758
vt 0.009328 -0.172011
vt 0.014889 0.402560
vt 0.014793 0.391306
vt 0.014206 0.332145
vt 0.014110 0.320892
vt 0.013523 0.261731
vt 0.013427 0.250477
vt 0.012840 0.191316
vt 0.012744 0.180062
vt 0.012157 0.120901
vt 0.012060 0.109648
vt 0.011474 0.050486
vt 0.011377 0.039233
vt 0.010791 -0.019928
vt 0.010694 -0.031182
vt 0.010108 -0.090343
vt 0.010011 -0.101597
vt 0.010449 -0.055136
vt 0.010353 -0.066389
vt 0.011132 0.015279
vt 0.011036 0.004026
vt 0.011815 0.085694
vt 0.011719 0.074440
vt 0.012499 0.156109
vt 0.012402 0.144855
vt 0.013182 0.226523
vt 0.013085 0.215270
vt 0.013865 0.296938
vt 0.013768 0.285684
vt 0.014548 0.367353
vt 0.014451 0.356099
vt 0.009766 -0.125550
vt 0.009670 -0.136804
vt 0.224409 0.117823
vt 0.213252 0.117823
vt 0.882481 0.573389
vt 0.871228 0.573486
vt 0.882286 0.562233
vt 0.205894 1.172011
vt 0.216952 1.160758
vt 0.217147 1.171914
vt 0.832091 0.608694
vt 0.843149 0.597440
vt 0.843344 0.608596
vt 0.753816 0.679108
vt 0.764874 0.667855
vt 0.765069 0.679011
vt 0.675541 0.749523
vt 0.686600 0.738269
vt 0.686795 0.749426
vt 0.597267 0.819938
vt 0.608325 0.808684
vt 0.608520 0.819840
vt 0.518992 0.890352
vt 0.530051 0.879099
vt 0.530245 0.890255
vt 0.440717 0.960767
vt 0.451776 0.949514
vt 0.451971 0.960670
vt 0.362443 1.031182
vt 0.373501 1.019928
vt 0.373696 1.031085
vt 0.284168 1.101597
vt 0.295227 1.090343
vt 0.295421 1.101499
vt 0.323306 1.066389
vt 0.334364 1.055136
vt 0.334559 1.066292
vt 0.401580 0.995975
vt 0.412639 0.984721
vt 0.412833 0.995877
vt 0.479855 0.925560
vt 0.490913 0.914306
vt 0.491108 0.925462
vt 0.558129 0.855145
vt 0.569188 0.843892
vt 0.569383 0.855048
vt 0.636404 0.784730
vt 0.647462 0.773477
vt 0.647657 0.784633
vt 0.714679 0.714316
vt 0.725737 0.703062
vt 0.725932 0.714218
vt 0.792953 0.643901
vt 0.804012 0.632647
vt 0.804206 0.643804
vt 0.245031 1.136804
vt 0.256089 1.125551
vt 0.256284 1.136707
vt 0.026385 0.461474
vt 0.015230 0.450318
vt 0.011719 0.481680
vt 0.220651 0.451569
vt 0.220898 0.479855
vt 0.211888 0.285782
vt 0.223044 0.296938
vt 0.212913 0.391404
vt 0.224068 0.402560
vt 0.012402 0.559955
vt 0.221334 0.529844
vt 0.221581 0.558129
vt 0.212571 0.356196
vt 0.223727 0.367353
vt 0.212230 0.320989
vt 0.223385 0.332145
vt 0.013085 0.638230
vt 0.222017 0.608118
vt 0.222264 0.636404
vt 0.207790 -0.136707
vt 0.218945 -0.125550
vt 0.211547 0.250574
vt 0.222702 0.261731
vt 0.013768 0.716504
vt 0.222700 0.686393
vt 0.222947 0.714679
vt 0.011036 0.403406
vt 0.219968 0.373294
vt 0.220215 0.401580
vt 0.210864 0.180160
vt 0.222019 0.191316
vt 0.014451 0.794779
vt 0.223383 0.764668
vt 0.223630 0.792953
vt 0.014793 0.833916
vt 0.223725 0.803805
vt 0.223972 0.832091
vt 0.210180 0.109745
vt 0.221336 0.120901
vt 0.009670 0.246856
vt 0.218602 0.216745
vt 0.218848 0.245031
vt 0.014110 0.755642
vt 0.223042 0.725530
vt 0.223289 0.753816
vt 0.209497 0.039330
vt 0.220653 0.050486
vt 0.255883 1.101843
vt 0.216745 1.137051
vt 0.295020 1.066636
vt 0.334157 1.031429
vt 0.177608 1.172258
vt 0.870924 0.538623
vt 0.803805 0.608940
vt 0.882177 0.549682
vt 0.842942 0.573733
vt 0.764668 0.644148
vt 0.373294 0.996221
vt 0.412432 0.961014
vt 0.725530 0.679355
vt 0.686393 0.714562
vt 0.451569 0.925807
vt 0.490706 0.890599
vt 0.647256 0.749770
vt 0.608118 0.784977
vt 0.013427 0.677367
vt 0.222359 0.647256
vt 0.222605 0.675541
vt 0.208814 -0.031084
vt 0.219970 -0.019928
vt 0.012744 0.599092
vt 0.221676 0.568981
vt 0.221922 0.597267
vt 0.009328 0.207719
vt 0.218260 0.177608
vt 0.218507 0.205894
vt 0.208131 -0.101499
vt 0.219287 -0.090343
vt 0.012060 0.520818
vt 0.220992 0.490706
vt 0.221239 0.518992
vt 0.208473 -0.066292
vt 0.219628 -0.055136
vt 0.011377 0.442543
vt 0.220309 0.412432
vt 0.220556 0.440718
vt 0.209156 0.004123
vt 0.220311 0.015279
vt 0.010694 0.364268
vt 0.219626 0.334157
vt 0.219873 0.362443
vt 0.209839 0.074538
vt 0.220994 0.085694
vt 0.015134 0.873054
vt 0.224066 0.842942
vt 0.224313 0.871228
vt 0.010011 0.285994
vt 0.218943 0.255883
vt 0.219190 0.284168
vt 0.210522 0.144952
vt 0.221677 0.156109
vt 0.781429 1.137051
vt 0.753144 1.136804
vt 0.742292 1.101843
vt 0.742085 1.125551
vt 0.714006 1.101597
vt 0.703155 1.066636
vt 0.702948 1.090343
vt 0.792281 1.172011
vt 0.781222 1.160758
vt 0.820567 1.172258
vt 0.115998 0.549682
vt 0.127251 0.538623
vt 0.126946 0.573486
vt 0.194370 0.608940
vt 0.155232 0.573733
vt 0.115888 0.562233
vt 0.166084 0.608694
vt 0.155025 0.597440
vt 0.205221 0.643901
vt 0.194163 0.632647
vt 0.244358 0.679108
vt 0.233300 0.667855
vt 0.233507 0.644148
vt 0.674869 1.066389
vt 0.664017 1.031429
vt 0.663810 1.055136
vt 0.635732 1.031182
vt 0.624880 0.996221
vt 0.624673 1.019928
vt 0.272644 0.679355
vt 0.283496 0.714316
vt 0.272437 0.703062
vt 0.322633 0.749523
vt 0.311575 0.738269
vt 0.311782 0.714563
vt 0.596594 0.995975
vt 0.585743 0.961014
vt 0.585536 0.984721
vt 0.557457 0.960767
vt 0.546605 0.925807
vt 0.546399 0.949514
vt 0.350919 0.749770
vt 0.361770 0.784730
vt 0.350712 0.773477
vt 0.400908 0.819938
vt 0.389849 0.808684
vt 0.390056 0.784977
vt 0.518320 0.925560
vt 0.507468 0.890599
vt 0.507261 0.914306
vt 0.479182 0.890352
vt 0.468124 0.879099
vt 0.440045 0.855145
vt 0.428987 0.843892
vt 0.207448 -0.171914
vt 0.218603 -0.160758
vt 0.010353 0.325131
vt 0.219285 0.295020
vt 0.219532 0.323306
vt 0.211205 0.215367
vt 0.222360 0.226523
vt 0.213254 0.426611
vt 0.213252 0.461474
vt 0.224410 0.437767
vt 0.224409 0.450318
vn 0.0000 1.0000 -0.0000
vn 0.0000 -1.0000 0.0000
vn 0.0000 -0.0000 -1.0000
vn 0.0000 0.0000 1.0000
vn 1.0000 0.0000 0.0000
vn -1.0000 0.0000 0.0000
vn -0.5774 -0.5774 -0.5774
vn -0.5774 0.5774 -0.5774
vn -0.5773 0.5774 -0.5774
vn -0.5773 0.5773 -0.5774
vn -0.5774 0.5773 -0.5773
vn 0.5774 -0.5774 -0.5774
vn 0.5774 0.5774 -0.5774
vn 0.5773 0.5774 -0.5774
vn 0.5774 0.5773 -0.5774
vn 0.5774 0.5773 -0.5773
usemtl sandstone
s off
f 1265/2338/259 1206/2339/259 1141/2340/259
f 1225/2341/260 1149/2342/260 1129/2343/260
f 1148/2344/261 1132/2345/261 1215/2346/261
f 1129/2347/262 1149/2348/262 1156/2349/262 1130/2350/262
f 1154/2351/261 1146/2352/261 1176/2353/261
f 1268/2354/259 1209/2355/259 1142/2356/259
f 1163/2357/261 1131/2358/261 1218/2359/261
f 1150/2360/261 1145/2361/261 1179/2362/261
f 1271/2363/259 1212/2364/259 1143/2365/259
f 1162/2366/261 1138/2367/261 1221/2368/261
f 1151/2369/261 1144/2370/261 1182/2371/261
f 1274/2372/259 1215/2373/259 1144/2374/259
f 1262/2375/259 1203/2376/259 1140/2377/259
f 1152/2378/261 1143/2379/261 1185/2380/261
f 1277/2381/259 1218/2382/259 1145/2383/259
f 1235/2384/259 1176/2385/259 1131/2386/259
f 1161/2387/261 1142/2388/261 1188/2389/261
f 1280/2390/259 1221/2391/259 1147/2392/259
f 1238/2393/259 1179/2394/259 1132/2395/259
f 1155/2396/261 1141/2397/261 1191/2398/261
f 1149/2399/263 1164/2400/263 1161/2401/263
f 1241/2402/259 1182/2403/259 1133/2404/259
f 1153/2405/261 1140/2406/261 1194/2407/261
f 1244/2408/259 1185/2409/259 1134/2410/259
f 1232/2411/259 1173/2412/259 1130/2413/259
f 1159/2414/261 1139/2415/261 1197/2416/261
f 1247/2417/259 1188/2418/259 1135/2419/259
f 1160/2420/261 1137/2421/261 1200/2422/261
f 1250/2423/259 1191/2424/259 1136/2425/259
f 1165/2426/261 1136/2427/261 1203/2428/261
f 1253/2429/259 1194/2430/259 1137/2431/259
f 1166/2432/261 1135/2433/261 1206/2434/261
f 1227/2435/259 1172/2436/259 1146/2437/259
f 1256/2438/259 1197/2439/259 1138/2440/259
f 1164/2441/261 1134/2442/261 1209/2443/261
f 1142/2444/264 1134/2445/264 1129/2446/264
f 1158/2447/261 1147/2448/261 1173/2449/261
f 1259/2450/259 1200/2451/259 1139/2452/259
f 1157/2453/261 1133/2454/261 1212/2455/261
f 1167/2456/265 1168/2457/265 1169/2458/265
f 1170/2459/266 1171/2460/266 1172/2461/266
f 1173/2449/266 1174/2462/266 1175/2463/266
f 1176/2353/266 1177/2464/266 1178/2465/266
f 1179/2362/266 1180/2466/266 1181/2467/266
f 1182/2371/266 1183/2468/266 1184/2469/266
f 1185/2380/266 1186/2470/266 1187/2471/266
f 1188/2389/266 1189/2472/266 1190/2473/266
f 1191/2398/266 1192/2474/266 1193/2475/266
f 1194/2407/267 1195/2476/267 1196/2477/267
f 1197/2416/267 1198/2478/267 1199/2479/267
f 1200/2422/266 1201/2480/266 1202/2481/266
f 1203/2428/267 1204/2482/267 1205/2483/267
f 1206/2434/266 1207/2484/266 1208/2485/266
f 1209/2443/267 1210/2486/267 1211/2487/267
f 1212/2455/266 1213/2488/266 1214/2489/266
f 1215/2346/268 1216/2490/268 1217/2491/268
f 1218/2359/269 1219/2492/269 1220/2493/269
f 1221/2368/266 1222/2494/266 1223/2495/266
f 1224/2496/270 1225/2341/270 1226/2497/270
f 1227/2498/271 1228/2499/271 1229/2500/271
f 1230/2501/271 1231/2502/271 1232/2503/271
f 1233/2504/271 1234/2505/271 1235/2506/271
f 1236/2507/271 1237/2508/271 1238/2509/271
f 1239/2510/271 1240/2511/271 1241/2512/271
f 1242/2513/271 1243/2514/271 1244/2515/271
f 1245/2516/271 1246/2517/271 1247/2518/271
f 1248/2519/271 1249/2520/271 1250/2521/271
f 1251/2522/271 1252/2523/271 1253/2524/271
f 1254/2525/271 1255/2526/271 1256/2527/271
f 1257/2528/271 1258/2529/271 1259/2530/271
f 1260/2531/272 1261/2532/272 1262/2533/272
f 1263/2534/271 1264/2535/271 1265/2536/271
f 1266/2537/272 1267/2538/272 1268/2539/272
f 1269/2540/271 1270/2541/271 1271/2542/271
f 1272/2543/273 1273/2544/273 1274/2545/273
f 1275/2546/274 1276/2547/274 1277/2548/274
f 1278/2549/271 1279/2550/271 1280/2551/271
f 1167/2552/261 1169/2553/261 1172/2461/261
f 1208/2554/259 1141/2340/259 1206/2339/259
f 1141/2340/259 1155/2555/259 1265/2338/259
f 1155/2555/259 1263/2556/259 1265/2338/259
f 1129/2343/260 1168/2457/260 1225/2341/260
f 1168/2457/260 1167/2456/260 1225/2341/260
f 1167/2456/260 1226/2497/260 1225/2341/260
f 1132/2345/261 1216/2490/261 1215/2346/261
f 1215/2346/261 1274/2557/261 1148/2344/261
f 1274/2557/261 1273/2558/261 1148/2344/261
f 1146/2352/261 1177/2464/261 1176/2353/261
f 1176/2353/261 1235/2559/261 1154/2351/261
f 1235/2559/261 1234/2560/261 1154/2351/261
f 1211/2561/259 1142/2356/259 1209/2355/259
f 1142/2356/259 1161/2562/259 1268/2354/259
f 1161/2562/259 1266/2563/259 1268/2354/259
f 1131/2358/261 1219/2492/261 1218/2359/261
f 1218/2359/261 1277/2564/261 1163/2357/261
f 1277/2564/261 1276/2565/261 1163/2357/261
f 1145/2361/261 1180/2466/261 1179/2362/261
f 1179/2362/261 1238/2566/261 1150/2360/261
f 1238/2566/261 1237/2567/261 1150/2360/261
f 1214/2568/259 1143/2365/259 1212/2364/259
f 1143/2365/259 1152/2569/259 1271/2363/259
f 1152/2569/259 1269/2570/259 1271/2363/259
f 1138/2367/261 1222/2494/261 1221/2368/261
f 1221/2368/261 1280/2571/261 1162/2366/261
f 1280/2571/261 1279/2572/261 1162/2366/261
f 1144/2370/261 1183/2468/261 1182/2371/261
f 1182/2371/261 1241/2573/261 1151/2369/261
f 1241/2573/261 1240/2574/261 1151/2369/261
f 1217/2575/259 1144/2374/259 1215/2373/259
f 1144/2374/259 1151/2576/259 1274/2372/259
f 1151/2576/259 1272/2577/259 1274/2372/259
f 1205/2578/259 1140/2377/259 1203/2376/259
f 1140/2377/259 1153/2579/259 1262/2375/259
f 1153/2579/259 1260/2580/259 1262/2375/259
f 1143/2379/261 1186/2470/261 1185/2380/261
f 1185/2380/261 1244/2581/261 1152/2378/261
f 1244/2581/261 1243/2582/261 1152/2378/261
f 1220/2583/259 1145/2383/259 1218/2382/259
f 1145/2383/259 1150/2584/259 1277/2381/259
f 1150/2584/259 1275/2585/259 1277/2381/259
f 1178/2586/259 1131/2386/259 1176/2385/259
f 1131/2386/259 1163/2587/259 1235/2384/259
f 1163/2587/259 1233/2588/259 1235/2384/259
f 1142/2388/261 1189/2472/261 1188/2389/261
f 1188/2389/261 1247/2589/261 1161/2387/261
f 1247/2589/261 1246/2590/261 1161/2387/261
f 1223/2591/259 1147/2392/259 1221/2391/259
f 1147/2392/259 1158/2592/259 1280/2390/259
f 1158/2592/259 1278/2593/259 1280/2390/259
f 1181/2594/259 1132/2395/259 1179/2394/259
f 1132/2395/259 1148/2595/259 1238/2393/259
f 1148/2595/259 1236/2596/259 1238/2393/259
f 1141/2397/261 1192/2474/261 1191/2398/261
f 1191/2398/261 1250/2597/261 1155/2396/261
f 1250/2597/261 1249/2598/261 1155/2396/261
f 1162/2599/263 1279/2550/263 1278/2549/263
f 1158/2600/263 1231/2502/263 1230/2501/263
f 1162/2599/263 1278/2549/263 1158/2600/263
f 1255/2526/263 1254/2525/263 1159/2601/263
f 1254/2525/263 1162/2599/263 1159/2601/263
f 1258/2529/263 1257/2528/263 1160/2602/263
f 1257/2528/263 1159/2601/263 1160/2602/263
f 1158/2600/263 1230/2501/263 1156/2603/263
f 1158/2600/263 1156/2603/263 1149/2399/263
f 1149/2399/263 1225/2604/263 1163/2605/263
f 1225/2604/263 1224/2606/263 1228/2499/263
f 1154/2607/263 1225/2604/263 1228/2499/263
f 1224/2606/263 1229/2500/263 1228/2499/263
f 1154/2607/263 1234/2505/263 1233/2504/263
f 1162/2599/263 1158/2600/263 1149/2399/263
f 1159/2601/263 1162/2599/263 1149/2399/263
f 1225/2604/263 1154/2607/263 1163/2605/263
f 1154/2607/263 1233/2504/263 1163/2605/263
f 1163/2605/263 1276/2547/263 1275/2546/263
f 1150/2608/263 1237/2508/263 1236/2507/263
f 1163/2605/263 1275/2546/263 1150/2608/263
f 1160/2602/263 1159/2601/263 1149/2399/263
f 1252/2523/263 1251/2522/263 1153/2609/263
f 1251/2522/263 1160/2602/263 1153/2609/263
f 1261/2532/263 1260/2531/263 1165/2610/263
f 1260/2531/263 1153/2609/263 1165/2610/263
f 1149/2399/263 1163/2605/263 1150/2608/263
f 1150/2608/263 1236/2507/263 1148/2611/263
f 1148/2611/263 1273/2544/263 1272/2543/263
f 1151/2612/263 1240/2511/263 1239/2510/263
f 1148/2611/263 1272/2543/263 1151/2612/263
f 1149/2399/263 1150/2608/263 1148/2611/263
f 1153/2609/263 1160/2602/263 1149/2399/263
f 1249/2520/263 1248/2519/263 1155/2613/263
f 1248/2519/263 1165/2610/263 1155/2613/263
f 1264/2535/263 1263/2534/263 1166/2614/263
f 1263/2534/263 1155/2613/263 1166/2614/263
f 1165/2610/263 1153/2609/263 1149/2399/263
f 1149/2399/263 1148/2611/263 1151/2612/263
f 1151/2612/263 1239/2510/263 1157/2615/263
f 1157/2615/263 1270/2541/263 1269/2540/263
f 1152/2616/263 1243/2514/263 1242/2513/263
f 1157/2615/263 1269/2540/263 1152/2616/263
f 1149/2399/263 1151/2612/263 1157/2615/263
f 1155/2613/263 1165/2610/263 1149/2399/263
f 1246/2517/263 1245/2516/263 1161/2401/263
f 1245/2516/263 1166/2614/263 1161/2401/263
f 1267/2538/263 1266/2537/263 1164/2400/263
f 1266/2537/263 1161/2401/263 1164/2400/263
f 1166/2614/263 1155/2613/263 1149/2399/263
f 1149/2399/263 1157/2615/263 1152/2616/263
f 1152/2616/263 1242/2513/263 1164/2400/263
f 1161/2401/263 1166/2614/263 1149/2399/263
f 1149/2399/263 1152/2616/263 1164/2400/263
f 1184/2617/259 1133/2404/259 1182/2403/259
f 1133/2404/259 1157/2618/259 1241/2402/259
f 1157/2618/259 1239/2619/259 1241/2402/259
f 1140/2406/261 1195/2476/261 1194/2407/261
f 1194/2407/261 1253/2620/261 1153/2405/261
f 1253/2620/261 1252/2621/261 1153/2405/261
f 1187/2622/259 1134/2410/259 1185/2409/259
f 1134/2410/259 1164/2623/259 1244/2408/259
f 1164/2623/259 1242/2624/259 1244/2408/259
f 1175/2625/259 1130/2413/259 1173/2412/259
f 1130/2413/259 1156/2626/259 1232/2411/259
f 1156/2626/259 1230/2627/259 1232/2411/259
f 1139/2415/261 1198/2478/261 1197/2416/261
f 1197/2416/261 1256/2628/261 1159/2414/261
f 1256/2628/261 1255/2629/261 1159/2414/261
f 1190/2630/259 1135/2419/259 1188/2418/259
f 1135/2419/259 1166/2631/259 1247/2417/259
f 1166/2631/259 1245/2632/259 1247/2417/259
f 1137/2421/261 1201/2480/261 1200/2422/261
f 1200/2422/261 1259/2633/261 1160/2420/261
f 1259/2633/261 1258/2634/261 1160/2420/261
f 1193/2635/259 1136/2425/259 1191/2424/259
f 1136/2425/259 1165/2636/259 1250/2423/259
f 1165/2636/259 1248/2637/259 1250/2423/259
f 1136/2427/261 1204/2482/261 1203/2428/261
f 1203/2428/261 1262/2638/261 1165/2426/261
f 1262/2638/261 1261/2639/261 1165/2426/261
f 1196/2640/259 1137/2431/259 1194/2430/259
f 1137/2431/259 1160/2641/259 1253/2429/259
f 1160/2641/259 1251/2642/259 1253/2429/259
f 1135/2433/261 1207/2484/261 1206/2434/261
f 1206/2434/261 1265/2643/261 1166/2432/261
f 1265/2643/261 1264/2644/261 1166/2432/261
f 1171/2645/259 1146/2437/259 1172/2436/259
f 1146/2437/259 1154/2646/259 1227/2435/259
f 1154/2646/259 1228/2647/259 1227/2435/259
f 1199/2648/259 1138/2440/259 1197/2439/259
f 1138/2440/259 1162/2649/259 1256/2438/259
f 1162/2649/259 1254/2650/259 1256/2438/259
f 1134/2442/261 1210/2486/261 1209/2443/261
f 1209/2443/261 1268/2651/261 1164/2441/261
f 1268/2651/261 1267/2652/261 1164/2441/261
f 1147/2653/264 1223/2654/264 1138/2655/264
f 1223/2654/264 1222/2656/264 1138/2655/264
f 1138/2655/264 1199/2657/264 1139/2658/264
f 1199/2657/264 1198/2659/264 1139/2658/264
f 1175/2660/264 1174/2661/264 1147/2653/264
f 1129/2446/264 1130/2662/264 1147/2653/264
f 1130/2662/264 1175/2660/264 1147/2653/264
f 1169/2663/264 1168/2664/264 1171/2665/264
f 1168/2664/264 1129/2446/264 1131/2666/264
f 1146/2667/264 1168/2664/264 1131/2666/264
f 1171/2665/264 1170/2668/264 1169/2663/264
f 1178/2669/264 1177/2670/264 1146/2667/264
f 1146/2667/264 1171/2665/264 1168/2664/264
f 1129/2446/264 1147/2653/264 1138/2655/264
f 1131/2666/264 1178/2669/264 1146/2667/264
f 1220/2671/264 1219/2672/264 1131/2666/264
f 1181/2673/264 1180/2674/264 1145/2675/264
f 1145/2675/264 1220/2671/264 1131/2666/264
f 1129/2446/264 1138/2655/264 1139/2658/264
f 1139/2658/264 1202/2676/264 1137/2677/264
f 1202/2676/264 1201/2678/264 1137/2677/264
f 1137/2677/264 1196/2679/264 1140/2680/264
f 1196/2679/264 1195/2681/264 1140/2680/264
f 1145/2675/264 1131/2666/264 1129/2446/264
f 1132/2682/264 1181/2673/264 1145/2675/264
f 1217/2683/264 1216/2684/264 1132/2682/264
f 1184/2685/264 1183/2686/264 1144/2687/264
f 1144/2687/264 1217/2683/264 1132/2682/264
f 1132/2682/264 1145/2675/264 1129/2446/264
f 1129/2446/264 1139/2658/264 1137/2677/264
f 1140/2680/264 1205/2688/264 1136/2689/264
f 1205/2688/264 1204/2690/264 1136/2689/264
f 1136/2689/264 1193/2691/264 1141/2692/264
f 1193/2691/264 1192/2693/264 1141/2692/264
f 1129/2446/264 1137/2677/264 1140/2680/264
f 1144/2687/264 1132/2682/264 1129/2446/264
f 1133/2694/264 1184/2685/264 1144/2687/264
f 1214/2695/264 1213/2696/264 1133/2694/264
f 1187/2697/264 1186/2698/264 1143/2699/264
f 1143/2699/264 1214/2695/264 1133/2694/264
f 1133/2694/264 1144/2687/264 1129/2446/264
f 1129/2446/264 1140/2680/264 1136/2689/264
f 1141/2692/264 1208/2700/264 1135/2701/264
f 1208/2700/264 1207/2702/264 1135/2701/264
f 1135/2701/264 1190/2703/264 1142/2444/264
f 1190/2703/264 1189/2704/264 1142/2444/264
f 1129/2446/264 1136/2689/264 1141/2692/264
f 1143/2699/264 1133/2694/264 1129/2446/264
f 1134/2445/264 1187/2697/264 1143/2699/264
f 1211/2705/264 1210/2706/264 1134/2445/264
f 1142/2444/264 1211/2705/264 1134/2445/264
f 1134/2445/264 1143/2699/264 1129/2446/264
f 1129/2446/264 1141/2692/264 1135/2701/264
f 1135/2701/264 1142/2444/264 1129/2446/264
f 1147/2448/261 1174/2462/261 1173/2449/261
f 1173/2449/261 1232/2707/261 1158/2447/261
f 1232/2707/261 1231/2708/261 1158/2447/261
f 1202/2709/259 1139/2452/259 1200/2451/259
f 1139/2452/259 1159/2710/259 1259/2450/259
f 1159/2710/259 1257/2711/259 1259/2450/259
f 1133/2454/261 1213/2488/261 1212/2455/261
f 1212/2455/261 1271/2712/261 1157/2453/261
f 1271/2712/261 1270/2713/261 1157/2453/261
f 1169/2553/261 1170/2459/261 1172/2461/261
f 1172/2461/261 1227/2714/261 1226/2715/261
f 1227/2714/261 1229/2716/261 1226/2715/261
f 1229/2716/261 1224/2717/261 1226/2715/261
f 1226/2715/261 1167/2552/261 1172/2461/261
o Cube.181_Cube.247
v 3.600000 8.229013 3.600000
v 3.600000 8.229013 -3.600000
v -3.600001 8.229013 3.600000
v -3.600000 8.229013 -3.600000
v 3.600000 8.445251 3.600000
v 3.600000 8.445251 -3.600000
v -3.600001 8.445251 3.600000
v -3.600000 8.445251 -3.600000
vt -0.022255 1.652164
vt 0.981765 1.643402
vt 0.982028 1.673557
vt -0.021992 1.682319
vt 1.006272 -0.643402
vt 0.002213 -0.643402
vt 0.002216 -0.673557
vt 1.006274 -0.673557
vt 0.997510 1.652164
vt 0.997512 1.682319
vt -0.006547 1.682319
vt -0.006549 1.652164
vt 1.006274 0.982028
vt 0.002216 0.990790
vt -0.006547 -0.013230
vt 0.997512 -0.021992
vt 1.013493 1.652164
vt 1.013230 1.682319
vt 0.009209 1.673557
vt 0.009473 1.643402
vn 1.0000 0.0000 0.0000
vn 0.0000 0.0000 -1.0000
vn 0.0000 0.0000 1.0000
vn 0.0000 1.0000 -0.0000
vn -1.0000 0.0000 -0.0000
usemtl sandstone
s 1
f 1281/2718/275 1282/2719/275 1286/2720/275 1285/2721/275
f 1282/2722/276 1284/2723/276 1288/2724/276 1286/2725/276
f 1281/2726/277 1285/2727/277 1287/2728/277 1283/2729/277
f 1286/2730/278 1288/2731/278 1287/2732/278 1285/2733/278
f 1283/2734/279 1287/2735/279 1288/2736/279 1284/2737/279
o Cube.182_Cube.248
v 3.877851 9.036359 -0.625587
v 3.797595 9.036359 -0.625587
v 3.797595 8.956473 -0.625587
v 3.877851 8.956473 -0.625587
v 3.877851 8.956473 0.625588
v 3.877851 9.036359 0.625588
v 3.797595 8.956473 0.625588
v 3.797595 9.036359 0.625588
v 3.790052 8.894738 -0.625587
v 3.709796 8.894738 -0.625587
v 3.709796 8.814853 -0.625587
v 3.790052 8.814853 -0.625587
v 3.790052 8.814853 0.625588
v 3.790052 8.894738 0.625588
v 3.709796 8.814853 0.625588
v 3.709796 8.894738 0.625588
v 3.877851 8.746255 -0.625587
v 3.797595 8.746255 -0.625587
v 3.797595 8.666369 -0.625587
v 3.877851 8.666369 -0.625587
v 3.877851 8.666369 0.625588
v 3.877851 8.746255 0.625588
v 3.797595 8.666369 0.625588
v 3.797595 8.746255 0.625588
v 3.790052 8.604634 -0.625587
v 3.709796 8.604634 -0.625587
v 3.709796 8.524749 -0.625587
v 3.790052 8.524749 -0.625587
v 3.790052 8.524749 0.625588
v 3.790052 8.604634 0.625588
v 3.709796 8.524749 0.625588
v 3.709796 8.604634 0.625588
v -0.625587 9.036359 -3.877851
v -0.625587 9.036359 -3.797595
v -0.625587 8.956473 -3.797595
v -0.625587 8.956473 -3.877851
v 0.625588 8.956473 -3.877851
v 0.625588 9.036359 -3.877851
v 0.625588 8.956473 -3.797595
v 0.625588 9.036359 -3.797595
v -0.625587 8.894738 -3.790052
v -0.625587 8.894738 -3.709796
v -0.625587 8.814853 -3.709796
v -0.625587 8.814853 -3.790052
v 0.625588 8.814853 -3.790052
v 0.625588 8.894738 -3.790052
v 0.625588 8.814853 -3.709796
v 0.625588 8.894738 -3.709796
v -0.625587 8.746255 -3.877851
v -0.625587 8.746255 -3.797595
v -0.625587 8.666369 -3.797595
v -0.625587 8.666369 -3.877851
v 0.625588 8.666369 -3.877851
v 0.625588 8.746255 -3.877851
v 0.625588 8.666369 -3.797595
v 0.625588 8.746255 -3.797595
v -0.625587 8.604634 -3.790052
v -0.625587 8.604634 -3.709796
v -0.625587 8.524749 -3.709796
v -0.625587 8.524749 -3.790052
v 0.625588 8.524749 -3.790052
v 0.625588 8.604634 -3.790052
v 0.625588 8.524749 -3.709796
v 0.625588 8.604634 -3.709796
v -3.877851 9.036359 0.625588
v -3.797595 9.036359 0.625588
v -3.797595 8.956473 0.625588
v -3.877851 8.956473 0.625588
v -3.877851 8.956473 -0.625587
v -3.877851 9.036359 -0.625587
v -3.797595 8.956473 -0.625587
v -3.797595 9.036359 -0.625587
v -3.790052 8.894738 0.625588
v -3.709796 8.894738 0.625588
v -3.709796 8.814853 0.625588
v -3.790052 8.814853 0.625588
v -3.790052 8.814853 -0.625587
v -3.790052 8.894738 -0.625587
v -3.709796 8.814853 -0.625587
v -3.709796 8.894738 -0.625587
v -3.877851 8.746255 0.625588
v -3.797595 8.746255 0.625588
v -3.797595 8.666369 0.625588
v -3.877851 8.666369 0.625588
v -3.877851 8.666369 -0.625587
v -3.877851 8.746255 -0.625587
v -3.797595 8.666369 -0.625587
v -3.797595 8.746255 -0.625587
v -3.790052 8.604634 0.625588
v -3.709796 8.604634 0.625588
v -3.709796 8.524749 0.625588
v -3.790052 8.524749 0.625588
v -3.790052 8.524749 -0.625587
v -3.790052 8.604634 -0.625587
v -3.709796 8.524749 -0.625587
v -3.709796 8.604634 -0.625587
v 0.625588 9.036359 3.877851
v 0.625588 9.036359 3.797595
v 0.625588 8.956473 3.797595
v 0.625588 8.956473 3.877851
v -0.625587 8.956473 3.877851
v -0.625587 9.036359 3.877851
v -0.625587 8.956473 3.797595
v -0.625587 9.036359 3.797595
v 0.625588 8.894738 3.790052
v 0.625588 8.894738 3.709796
v 0.625588 8.814853 3.709796
v 0.625588 8.814853 3.790052
v -0.625587 8.814853 3.790052
v -0.625587 8.894738 3.790052
v -0.625587 8.814853 3.709796
v -0.625587 8.894738 3.709796
v 0.625588 8.746255 3.877851
v 0.625588 8.746255 3.797595
v 0.625588 8.666369 3.797595
v 0.625588 8.666369 3.877851
v -0.625587 8.666369 3.877851
v -0.625587 8.746255 3.877851
v -0.625587 8.666369 3.797595
v -0.625587 8.746255 3.797595
v 0.625588 8.604634 3.790052
v 0.625588 8.604634 3.709796
v 0.625588 8.524749 3.709796
v 0.625588 8.524749 3.790052
v -0.625587 8.524749 3.790052
v -0.625587 8.604634 3.790052
v -0.625587 8.524749 3.709796
v -0.625587 8.604634 3.709796
vt 0.432267 1.759608
vt 0.432364 1.748468
vt 0.606837 1.749990
vt 0.606740 1.761131
vt 1.030215 0.432364
vt 1.041407 0.432462
vt 1.039884 0.606934
vt 1.028692 0.606837
vt 1.041408 0.567636
vt 1.030216 0.567733
vt 1.028693 0.393260
vt 1.039885 0.393163
vt 0.567538 1.748468
vt 0.567636 1.759608
vt 0.393163 1.761131
vt 0.393066 1.749991
vt 0.432332 1.739859
vt 0.432429 1.728719
vt 0.606902 1.730241
vt 0.606805 1.741381
vt 1.017970 0.432429
vt 1.029162 0.432527
vt 1.027639 0.607000
vt 1.016447 0.606902
vt 1.029162 0.567570
vt 1.017971 0.567668
vt 1.016448 0.393195
vt 1.027640 0.393097
vt 0.567473 1.728719
vt 0.567570 1.739859
vt 0.393097 1.741381
vt 0.393000 1.730241
vt 0.432620 1.719152
vt 0.432717 1.708012
vt 0.607190 1.709535
vt 0.607093 1.720675
vt 1.030212 0.432717
vt 1.041404 0.432815
vt 1.039881 0.607288
vt 1.028689 0.607190
vt 1.041405 0.567283
vt 1.030213 0.567380
vt 1.028690 0.392907
vt 1.039882 0.392810
vt 0.567185 1.708012
vt 0.567283 1.719152
vt 0.392810 1.720675
vt 0.392712 1.709535
vt 0.432685 1.699403
vt 0.432783 1.688263
vt 0.607255 1.689785
vt 0.607158 1.700926
vt 1.017967 0.432782
vt 1.029159 0.432880
vt 1.027636 0.607353
vt 1.016444 0.607255
vt 1.029159 0.567217
vt 1.017968 0.567315
vt 1.016445 0.392842
vt 1.027637 0.392744
vt 0.567120 1.688263
vt 0.567217 1.699403
vt 0.392744 1.700926
vt 0.392647 1.689785
vt 0.417252 1.755748
vt 0.417251 1.744607
vt 0.591731 1.744607
vt 0.591731 1.755748
vt 0.417251 -0.015347
vt 0.417349 -0.026538
vt 0.591828 -0.025016
vt 0.591731 -0.013824
vt 0.417349 1.026636
vt 0.417252 1.015444
vt 0.591731 1.013921
vt 0.591829 1.025113
vt 0.417349 -0.744510
vt 0.417349 -0.755650
vt 0.591829 -0.755650
vt 0.591828 -0.744510
vt 0.417143 1.736105
vt 0.417143 1.724965
vt 0.591622 1.724965
vt 0.591623 1.736105
vt 0.417143 -0.002931
vt 0.417240 -0.014123
vt 0.591720 -0.012600
vt 0.591622 -0.001409
vt 0.417241 1.014220
vt 0.417143 1.003028
vt 0.591623 1.001506
vt 0.591721 1.012697
vt 0.417240 -0.724867
vt 0.417241 -0.736008
vt 0.591721 -0.736008
vt 0.591720 -0.724867
vt 0.417249 1.715292
vt 0.417248 1.704152
vt 0.591727 1.704152
vt 0.591728 1.715292
vt 0.417248 -0.014994
vt 0.417346 -0.026185
vt 0.591825 -0.024663
vt 0.591727 -0.013471
vt 0.417346 1.026283
vt 0.417249 1.015091
vt 0.591728 1.013569
vt 0.591826 1.024760
vt 0.417346 -0.704054
vt 0.417346 -0.715194
vt 0.591826 -0.715194
vt 0.591825 -0.704054
vt 0.417140 1.695650
vt 0.417140 1.684509
vt 0.591619 1.684509
vt 0.591620 1.695650
vt 0.417140 -0.002578
vt 0.417237 -0.013770
vt 0.591717 -0.012247
vt 0.591619 -0.001056
vt 0.417238 1.013867
vt 0.417140 1.002675
vt 0.591620 1.001153
vt 0.591718 1.012344
vt 0.417237 -0.684412
vt 0.417238 -0.695552
vt 0.591718 -0.695552
vt 0.591717 -0.684412
vt 0.402504 1.761131
vt 0.402406 1.749990
vt 0.576879 1.748468
vt 0.576976 1.759608
vt -0.030477 0.597594
vt -0.041668 0.597496
vt -0.040146 0.423023
vt -0.028954 0.423121
vt -0.041668 0.402601
vt -0.030476 0.402504
vt -0.028953 0.576976
vt -0.040145 0.577074
vt 0.597496 1.749991
vt 0.597399 1.761131
vt 0.422926 1.759608
vt 0.423023 1.748468
vt 0.402224 1.741381
vt 0.402127 1.730241
vt 0.576600 1.728719
vt 0.576697 1.739859
vt -0.018234 0.597873
vt -0.029426 0.597775
vt -0.027903 0.423302
vt -0.016712 0.423400
vt -0.029425 0.402322
vt -0.018233 0.402224
vt -0.016711 0.576697
vt -0.027903 0.576795
vt 0.597775 1.730241
vt 0.597678 1.741381
vt 0.423205 1.739859
vt 0.423302 1.728719
vt 0.402150 1.720675
vt 0.402053 1.709535
vt 0.576526 1.708012
vt 0.576623 1.719152
vt -0.030480 0.597947
vt -0.041671 0.597849
vt -0.040149 0.423376
vt -0.028957 0.423474
vt -0.041671 0.402248
vt -0.030479 0.402150
vt -0.028956 0.576623
vt -0.040148 0.576721
vt 0.597849 1.709535
vt 0.597752 1.720675
vt 0.423279 1.719152
vt 0.423376 1.708012
vt 0.401871 1.700926
vt 0.401774 1.689785
vt 0.576247 1.688263
vt 0.576344 1.699403
vt -0.018237 0.598226
vt -0.029429 0.598128
vt -0.027906 0.423655
vt -0.016715 0.423753
vt -0.029428 0.401969
vt -0.018237 0.401871
vt -0.016714 0.576344
vt -0.027906 0.576442
vt 0.598128 1.689785
vt 0.598031 1.700926
vt 0.423558 1.699403
vt 0.423655 1.688263
vt 0.582488 -0.764991
vt 0.582488 -0.753851
vt 0.408008 -0.753851
vt 0.408009 -0.764991
vt 0.582488 1.045304
vt 0.582390 1.056496
vt 0.407910 1.054973
vt 0.408008 1.043782
vt 0.582391 -0.056399
vt 0.582489 -0.045207
vt 0.408009 -0.043685
vt 0.407911 -0.054876
vt 0.582390 1.753948
vt 0.582391 1.765089
vt 0.407911 1.765089
vt 0.407910 1.753948
vt 0.582594 -0.745135
vt 0.582593 -0.733995
vt 0.408113 -0.733995
vt 0.408114 -0.745135
vt 0.582593 1.033233
vt 0.582495 1.044425
vt 0.408016 1.042902
vt 0.408113 1.031711
vt 0.582496 -0.044328
vt 0.582594 -0.033136
vt 0.408114 -0.031614
vt 0.408017 -0.042805
vt 0.582495 1.734092
vt 0.582496 1.745232
vt 0.408017 1.745232
vt 0.408016 1.734092
vt 0.582485 -0.724535
vt 0.582485 -0.713395
vt 0.408005 -0.713395
vt 0.408006 -0.724535
vt 0.582485 1.045658
vt 0.582387 1.056849
vt 0.407907 1.055326
vt 0.408005 1.044135
vt 0.582388 -0.056752
vt 0.582485 -0.045560
vt 0.408006 -0.044038
vt 0.407908 -0.055229
vt 0.582387 1.713493
vt 0.582388 1.724633
vt 0.407908 1.724633
vt 0.407907 1.713493
vt 0.582591 -0.704679
vt 0.582590 -0.693539
vt 0.408110 -0.693539
vt 0.408111 -0.704679
vt 0.582590 1.033587
vt 0.582492 1.044778
vt 0.408013 1.043255
vt 0.408110 1.032064
vt 0.582493 -0.044681
vt 0.582591 -0.033489
vt 0.408111 -0.031967
vt 0.408014 -0.043158
vt 0.582492 1.693636
vt 0.582493 1.704777
vt 0.408014 1.704777
vt 0.408013 1.693636
vn -1.0000 0.0000 0.0000
vn 0.0000 -1.0000 0.0000
vn 0.0000 1.0000 0.0000
vn 1.0000 0.0000 0.0000
vn 0.0000 0.0000 1.0000
vn 0.0000 0.0000 -1.0000
usemtl sandstone
s 1
f 1290/2738/280 1291/2739/280 1295/2740/280 1296/2741/280
f 1291/2742/281 1292/2743/281 1293/2744/281 1295/2745/281
f 1289/2746/282 1290/2747/282 1296/2748/282 1294/2749/282
f 1292/2750/283 1289/2751/283 1294/2752/283 1293/2753/283
f 1298/2754/280 1299/2755/280 1303/2756/280 1304/2757/280
f 1299/2758/281 1300/2759/281 1301/2760/281 1303/2761/281
f 1297/2762/282 1298/2763/282 1304/2764/282 1302/2765/282
f 1300/2766/283 1297/2767/283 1302/2768/283 1301/2769/283
f 1306/2770/280 1307/2771/280 1311/2772/280 1312/2773/280
f 1307/2774/281 1308/2775/281 1309/2776/281 1311/2777/281
f 1305/2778/282 1306/2779/282 1312/2780/282 1310/2781/282
f 1308/2782/283 1305/2783/283 1310/2784/283 1309/2785/283
f 1314/2786/280 1315/2787/280 1319/2788/280 1320/2789/280
f 1315/2790/281 1316/2791/281 1317/2792/281 1319/2793/281
f 1313/2794/282 1314/2795/282 1320/2796/282 1318/2797/282
f 1316/2798/283 1313/2799/283 1318/2800/283 1317/2801/283
f 1322/2802/284 1323/2803/284 1327/2804/284 1328/2805/284
f 1323/2806/281 1324/2807/281 1325/2808/281 1327/2809/281
f 1321/2810/282 1322/2811/282 1328/2812/282 1326/2813/282
f 1324/2814/285 1321/2815/285 1326/2816/285 1325/2817/285
f 1330/2818/284 1331/2819/284 1335/2820/284 1336/2821/284
f 1331/2822/281 1332/2823/281 1333/2824/281 1335/2825/281
f 1329/2826/282 1330/2827/282 1336/2828/282 1334/2829/282
f 1332/2830/285 1329/2831/285 1334/2832/285 1333/2833/285
f 1338/2834/284 1339/2835/284 1343/2836/284 1344/2837/284
f 1339/2838/281 1340/2839/281 1341/2840/281 1343/2841/281
f 1337/2842/282 1338/2843/282 1344/2844/282 1342/2845/282
f 1340/2846/285 1337/2847/285 1342/2848/285 1341/2849/285
f 1346/2850/284 1347/2851/284 1351/2852/284 1352/2853/284
f 1347/2854/281 1348/2855/281 1349/2856/281 1351/2857/281
f 1345/2858/282 1346/2859/282 1352/2860/282 1350/2861/282
f 1348/2862/285 1345/2863/285 1350/2864/285 1349/2865/285
f 1354/2866/283 1355/2867/283 1359/2868/283 1360/2869/283
f 1355/2870/281 1356/2871/281 1357/2872/281 1359/2873/281
f 1353/2874/282 1354/2875/282 1360/2876/282 1358/2877/282
f 1356/2878/280 1353/2879/280 1358/2880/280 1357/2881/280
f 1362/2882/283 1363/2883/283 1367/2884/283 1368/2885/283
f 1363/2886/281 1364/2887/281 1365/2888/281 1367/2889/281
f 1361/2890/282 1362/2891/282 1368/2892/282 1366/2893/282
f 1364/2894/280 1361/2895/280 1366/2896/280 1365/2897/280
f 1370/2898/283 1371/2899/283 1375/2900/283 1376/2901/283
f 1371/2902/281 1372/2903/281 1373/2904/281 1375/2905/281
f 1369/2906/282 1370/2907/282 1376/2908/282 1374/2909/282
f 1372/2910/280 1369/2911/280 1374/2912/280 1373/2913/280
f 1378/2914/283 1379/2915/283 1383/2916/283 1384/2917/283
f 1379/2918/281 1380/2919/281 1381/2920/281 1383/2921/281
f 1377/2922/282 1378/2923/282 1384/2924/282 1382/2925/282
f 1380/2926/280 1377/2927/280 1382/2928/280 1381/2929/280
f 1386/2930/285 1387/2931/285 1391/2932/285 1392/2933/285
f 1387/2934/281 1388/2935/281 1389/2936/281 1391/2937/281
f 1385/2938/282 1386/2939/282 1392/2940/282 1390/2941/282
f 1388/2942/284 1385/2943/284 1390/2944/284 1389/2945/284
f 1394/2946/285 1395/2947/285 1399/2948/285 1400/2949/285
f 1395/2950/281 1396/2951/281 1397/2952/281 1399/2953/281
f 1393/2954/282 1394/2955/282 1400/2956/282 1398/2957/282
f 1396/2958/284 1393/2959/284 1398/2960/284 1397/2961/284
f 1402/2962/285 1403/2963/285 1407/2964/285 1408/2965/285
f 1403/2966/281 1404/2967/281 1405/2968/281 1407/2969/281
f 1401/2970/282 1402/2971/282 1408/2972/282 1406/2973/282
f 1404/2974/284 1401/2975/284 1406/2976/284 1405/2977/284
f 1410/2978/285 1411/2979/285 1415/2980/285 1416/2981/285
f 1411/2982/281 1412/2983/281 1413/2984/281 1415/2985/281
f 1409/2986/282 1410/2987/282 1416/2988/282 1414/2989/282
f 1412/2990/284 1409/2991/284 1414/2992/284 1413/2993/284
o Cube.183_Cube.249
v 4.463928 4.588579 -1.151076
v 5.000000 0.300000 -1.200323
v 4.463928 4.588579 -0.755000
v 5.000000 0.300000 -0.705753
v 5.435035 0.300000 -1.200323
v 4.644944 4.588579 -1.151076
v 5.435035 0.300000 -0.705753
v 4.644944 4.588579 -0.755000
v 4.540510 3.975925 -1.158111
v 4.923418 0.912654 -1.193288
v 4.923418 0.912654 -0.712788
v 4.540509 3.975925 -0.747965
v 4.757814 3.975925 -1.158111
v 5.322165 0.912654 -1.193288
v 5.322165 0.912654 -0.712788
v 4.757814 3.975925 -0.747965
v 4.685397 3.962583 -0.855693
v 4.685397 3.962583 -0.953038
v 4.685397 3.962583 -1.050383
v 5.249747 0.899312 -0.855693
v 5.249748 0.899312 -0.953038
v 5.249748 0.899312 -1.050383
v 4.463928 4.588579 -1.073185
v 4.463928 4.588579 -1.030929
v 4.463928 4.588579 -0.974166
v 4.463928 4.588579 -0.931910
v 4.463928 4.588579 -0.875147
v 4.463928 4.588579 -0.832891
v 4.644944 4.588579 -1.030929
v 4.644944 4.588579 -1.073185
v 4.644944 4.588579 -0.931910
v 4.644944 4.588579 -0.974166
v 4.644944 4.588579 -0.832891
v 4.644944 4.588579 -0.875147
v 5.435036 0.300000 -0.850524
v 5.435035 0.300000 -0.808267
v 5.435035 0.300000 -0.974166
v 5.435035 0.300000 -0.931910
v 5.435036 0.300000 -1.097809
v 5.435035 0.300000 -1.055552
v 4.757814 3.975925 -1.028411
v 4.757814 3.975925 -1.059439
v 5.322165 0.912654 -1.072354
v 5.322165 0.912654 -1.041326
v 4.757814 3.975925 -0.937524
v 4.757814 3.975925 -0.968552
v 5.322165 0.912654 -0.968552
v 5.322165 0.912654 -0.937524
v 4.757814 3.975925 -0.846637
v 4.757814 3.975925 -0.877665
v 5.322165 0.912654 -0.864750
v 5.322165 0.912654 -0.833722
v 4.463927 4.588579 -3.203517
v 5.000000 0.300000 -3.252765
v 4.463928 4.588579 -2.807442
v 5.000000 0.300000 -2.758194
v 5.435035 0.300000 -3.252765
v 4.644944 4.588579 -3.203517
v 5.435035 0.300000 -2.758194
v 4.644944 4.588579 -2.807442
v 4.540509 3.975925 -3.210553
v 4.923418 0.912654 -3.245729
v 4.923418 0.912654 -2.765230
v 4.540509 3.975925 -2.800406
v 4.757814 3.975925 -3.210553
v 5.322165 0.912654 -3.245729
v 5.322165 0.912654 -2.765230
v 4.757814 3.975925 -2.800406
v 4.685396 3.962583 -2.908135
v 4.685397 3.962583 -3.005480
v 4.685397 3.962583 -3.102824
v 5.249747 0.899312 -2.908135
v 5.249748 0.899312 -3.005479
v 5.249748 0.899312 -3.102824
v 4.463928 4.588579 -3.125627
v 4.463928 4.588579 -3.083370
v 4.463928 4.588579 -3.026608
v 4.463928 4.588579 -2.984352
v 4.463928 4.588579 -2.927589
v 4.463928 4.588579 -2.885332
v 4.644944 4.588579 -3.083370
v 4.644944 4.588579 -3.125627
v 4.644944 4.588579 -2.984352
v 4.644944 4.588579 -3.026608
v 4.644944 4.588579 -2.885332
v 4.644944 4.588579 -2.927589
v 5.435036 0.300000 -2.902966
v 5.435035 0.300000 -2.860709
v 5.435035 0.300000 -3.026608
v 5.435035 0.300000 -2.984352
v 5.435036 0.300000 -3.150250
v 5.435035 0.300000 -3.107994
v 4.757814 3.975925 -3.080853
v 4.757814 3.975925 -3.111881
v 5.322165 0.912654 -3.124795
v 5.322165 0.912654 -3.093767
v 4.757814 3.975925 -2.989966
v 4.757814 3.975925 -3.020993
v 5.322165 0.912654 -3.020993
v 5.322165 0.912654 -2.989966
v 4.757814 3.975925 -2.899078
v 4.757814 3.975925 -2.930106
v 5.322165 0.912654 -2.917192
v 5.322165 0.912654 -2.886164
v 4.463928 4.588579 2.825014
v 5.000000 0.300000 2.775766
v 4.463928 4.588579 3.221089
v 5.000000 0.300000 3.270336
v 5.435035 0.300000 2.775767
v 4.644944 4.588579 2.825013
v 5.435035 0.300000 3.270337
v 4.644944 4.588579 3.221089
v 4.540510 3.975925 2.817978
v 4.923418 0.912654 2.782802
v 4.923418 0.912654 3.263302
v 4.540509 3.975925 3.228125
v 4.757814 3.975925 2.817978
v 5.322165 0.912654 2.782802
v 5.322165 0.912654 3.263301
v 4.757814 3.975925 3.228125
v 4.685397 3.962583 3.120396
v 4.685397 3.962583 3.023052
v 4.685397 3.962583 2.925706
v 5.249748 0.899312 3.120396
v 5.249748 0.899312 3.023051
v 5.249748 0.899312 2.925707
v 4.463928 4.588579 2.902905
v 4.463928 4.588579 2.945160
v 4.463928 4.588579 3.001923
v 4.463928 4.588579 3.044179
v 4.463928 4.588579 3.100942
v 4.463928 4.588579 3.143198
v 4.644944 4.588579 2.945161
v 4.644944 4.588579 2.902905
v 4.644944 4.588579 3.044179
v 4.644944 4.588579 3.001924
v 4.644944 4.588579 3.143199
v 4.644944 4.588579 3.100942
v 5.435035 0.300000 3.125565
v 5.435035 0.300000 3.167822
v 5.435035 0.300000 3.001923
v 5.435035 0.300000 3.044179
v 5.435035 0.300000 2.878281
v 5.435035 0.300000 2.920537
v 4.757814 3.975925 2.947678
v 4.757814 3.975925 2.916651
v 5.322165 0.912654 2.903735
v 5.322165 0.912654 2.934764
v 4.757814 3.975925 3.038565
v 4.757814 3.975925 3.007538
v 5.322165 0.912654 3.007538
v 5.322165 0.912654 3.038566
v 4.757814 3.975925 3.129453
v 4.757814 3.975925 3.098425
v 5.322165 0.912654 3.111340
v 5.322165 0.912654 3.142367
v 4.463928 4.588579 0.772572
v 5.000000 0.300000 0.723325
v 4.463928 4.588579 1.168648
v 5.000000 0.300000 1.217896
v 5.435035 0.300000 0.723325
v 4.644944 4.588579 0.772573
v 5.435035 0.300000 1.217895
v 4.644944 4.588579 1.168648
v 4.540510 3.975925 0.765537
v 4.923418 0.912654 0.730361
v 4.923418 0.912654 1.210860
v 4.540509 3.975925 1.175683
v 4.757814 3.975925 0.765537
v 5.322165 0.912654 0.730361
v 5.322165 0.912654 1.210860
v 4.757814 3.975925 1.175683
v 4.685397 3.962583 1.067955
v 4.685397 3.962583 0.970610
v 4.685397 3.962583 0.873266
v 5.249748 0.899312 1.067955
v 5.249748 0.899312 0.970610
v 5.249748 0.899312 0.873266
v 4.463928 4.588579 0.850463
v 4.463928 4.588579 0.892720
v 4.463928 4.588579 0.949482
v 4.463928 4.588579 0.991738
v 4.463928 4.588579 1.048501
v 4.463928 4.588579 1.090758
v 4.644944 4.588579 0.892719
v 4.644944 4.588579 0.850463
v 4.644944 4.588579 0.991738
v 4.644944 4.588579 0.949482
v 4.644944 4.588579 1.090757
v 4.644944 4.588579 1.048501
v 5.435035 0.300000 1.073124
v 5.435035 0.300000 1.115381
v 5.435035 0.300000 0.949482
v 5.435035 0.300000 0.991738
v 5.435035 0.300000 0.825840
v 5.435035 0.300000 0.868096
v 4.757814 3.975925 0.895237
v 4.757814 3.975925 0.864209
v 5.322165 0.912654 0.851295
v 5.322165 0.912654 0.882322
v 4.757814 3.975925 0.986124
v 4.757814 3.975925 0.955096
v 5.322165 0.912654 0.955096
v 5.322165 0.912654 0.986124
v 4.757814 3.975925 1.077011
v 4.757814 3.975925 1.045983
v 5.322165 0.912654 1.058898
v 5.322165 0.912654 1.089926
v 0.958817 4.588579 -8.457888
v 0.909570 0.300000 -8.993959
v 1.354892 4.588579 -8.457887
v 1.404140 0.300000 -8.993959
v 0.909570 0.300000 -9.428994
v 0.958817 4.588579 -8.638904
v 1.404140 0.300000 -9.428994
v 1.354892 4.588579 -8.638904
v 0.951781 3.975925 -8.534469
v 0.916605 0.912654 -8.917377
v 1.397104 0.912654 -8.917377
v 1.361927 3.975925 -8.534468
v 0.951781 3.975925 -8.751774
v 0.916605 0.912654 -9.316125
v 1.397104 0.912654 -9.316123
v 1.361927 3.975925 -8.751774
v 1.254199 3.962583 -8.679356
v 1.156855 3.962583 -8.679355
v 1.059510 3.962583 -8.679357
v 1.254199 0.899313 -9.243707
v 1.156855 0.899313 -9.243707
v 1.059510 0.899313 -9.243707
v 1.036707 4.588579 -8.457888
v 1.078964 4.588579 -8.457887
v 1.135726 4.588579 -8.457887
v 1.177982 4.588579 -8.457887
v 1.234745 4.588579 -8.457887
v 1.277002 4.588579 -8.457887
v 1.078964 4.588579 -8.638904
v 1.036707 4.588579 -8.638904
v 1.177982 4.588579 -8.638903
v 1.135726 4.588579 -8.638904
v 1.277002 4.588579 -8.638904
v 1.234745 4.588579 -8.638904
v 1.259368 0.300000 -9.428994
v 1.301625 0.300000 -9.428994
v 1.135726 0.300000 -9.428994
v 1.177982 0.300000 -9.428994
v 1.012083 0.300000 -9.428995
v 1.054340 0.300000 -9.428994
v 1.081481 3.975925 -8.751774
v 1.050453 3.975925 -8.751774
v 1.037539 0.912654 -9.316125
v 1.068566 0.912654 -9.316125
v 1.172368 3.975925 -8.751773
v 1.141340 3.975925 -8.751774
v 1.141340 0.912654 -9.316124
v 1.172368 0.912654 -9.316125
v 1.263255 3.975925 -8.751773
v 1.232227 3.975925 -8.751774
v 1.245142 0.912654 -9.316124
v 1.276170 0.912654 -9.316125
v -4.463928 4.588579 -1.151076
v -5.000000 0.300000 -1.200323
v -4.463928 4.588579 -0.755000
v -5.000000 0.300000 -0.705753
v -5.435035 0.300000 -1.200323
v -4.644944 4.588579 -1.151076
v -5.435035 0.300000 -0.705753
v -4.644944 4.588579 -0.755000
v -4.540510 3.975925 -1.158111
v -4.923418 0.912654 -1.193288
v -4.923418 0.912654 -0.712788
v -4.540509 3.975925 -0.747965
v -4.757814 3.975925 -1.158111
v -5.322165 0.912654 -1.193288
v -5.322165 0.912654 -0.712788
v -4.757814 3.975925 -0.747965
v -4.685397 3.962583 -0.855693
v -4.685397 3.962583 -0.953038
v -4.685397 3.962583 -1.050383
v -5.249747 0.899312 -0.855693
v -5.249748 0.899312 -0.953038
v -5.249748 0.899312 -1.050383
v -4.463928 4.588579 -1.073185
v -4.463928 4.588579 -1.030929
v -4.463928 4.588579 -0.974166
v -4.463928 4.588579 -0.931910
v -4.463928 4.588579 -0.875147
v -4.463928 4.588579 -0.832891
v -4.644944 4.588579 -1.030929
v -4.644944 4.588579 -1.073185
v -4.644944 4.588579 -0.931910
v -4.644944 4.588579 -0.974166
v -4.644944 4.588579 -0.832891
v -4.644944 4.588579 -0.875147
v -5.435036 0.300000 -0.850524
v -5.435035 0.300000 -0.808267
v -5.435035 0.300000 -0.974166
v -5.435035 0.300000 -0.931910
v -5.435036 0.300000 -1.097809
v -5.435035 0.300000 -1.055552
v -4.757814 3.975925 -1.028411
v -4.757814 3.975925 -1.059439
v -5.322165 0.912654 -1.072354
v -5.322165 0.912654 -1.041326
v -4.757814 3.975925 -0.937524
v -4.757814 3.975925 -0.968552
v -5.322165 0.912654 -0.968552
v -5.322165 0.912654 -0.937524
v -4.757814 3.975925 -0.846637
v -4.757814 3.975925 -0.877665
v -5.322165 0.912654 -0.864750
v -5.322165 0.912654 -0.833722
v -4.463927 4.588579 -3.203517
v -5.000000 0.300000 -3.252765
v -4.463928 4.588579 -2.807442
v -5.000000 0.300000 -2.758194
v -5.435035 0.300000 -3.252765
v -4.644944 4.588579 -3.203517
v -5.435035 0.300000 -2.758194
v -4.644944 4.588579 -2.807442
v -4.540509 3.975925 -3.210553
v -4.923418 0.912654 -3.245729
v -4.923418 0.912654 -2.765230
v -4.540509 3.975925 -2.800406
v -4.757814 3.975925 -3.210553
v -5.322165 0.912654 -3.245729
v -5.322165 0.912654 -2.765230
v -4.757814 3.975925 -2.800406
v -4.685396 3.962583 -2.908135
v -4.685397 3.962583 -3.005480
v -4.685397 3.962583 -3.102824
v -5.249747 0.899312 -2.908135
v -5.249748 0.899312 -3.005479
v -5.249748 0.899312 -3.102824
v -4.463928 4.588579 -3.125627
v -4.463928 4.588579 -3.083370
v -4.463928 4.588579 -3.026608
v -4.463928 4.588579 -2.984352
v -4.463928 4.588579 -2.927589
v -4.463928 4.588579 -2.885332
v -4.644944 4.588579 -3.083370
v -4.644944 4.588579 -3.125627
v -4.644944 4.588579 -2.984352
v -4.644944 4.588579 -3.026608
v -4.644944 4.588579 -2.885332
v -4.644944 4.588579 -2.927589
v -5.435036 0.300000 -2.902966
v -5.435035 0.300000 -2.860709
v -5.435035 0.300000 -3.026608
v -5.435035 0.300000 -2.984352
v -5.435036 0.300000 -3.150250
v -5.435035 0.300000 -3.107994
v -4.757814 3.975925 -3.080853
v -4.757814 3.975925 -3.111881
v -5.322165 0.912654 -3.124795
v -5.322165 0.912654 -3.093767
v -4.757814 3.975925 -2.989966
v -4.757814 3.975925 -3.020993
v -5.322165 0.912654 -3.020993
v -5.322165 0.912654 -2.989966
v -4.757814 3.975925 -2.899078
v -4.757814 3.975925 -2.930106
v -5.322165 0.912654 -2.917192
v -5.322165 0.912654 -2.886164
v -4.463928 4.588579 2.825014
v -5.000000 0.300000 2.775766
v -4.463928 4.588579 3.221089
v -5.000000 0.300000 3.270336
v -5.435035 0.300000 2.775767
v -4.644944 4.588579 2.825013
v -5.435035 0.300000 3.270337
v -4.644944 4.588579 3.221089
v -4.540510 3.975925 2.817978
v -4.923418 0.912654 2.782802
v -4.923418 0.912654 3.263302
v -4.540509 3.975925 3.228125
v -4.757814 3.975925 2.817978
v -5.322165 0.912654 2.782802
v -5.322165 0.912654 3.263301
v -4.757814 3.975925 3.228125
v -4.685397 3.962583 3.120396
v -4.685397 3.962583 3.023052
v -4.685397 3.962583 2.925706
v -5.249748 0.899312 3.120396
v -5.249748 0.899312 3.023051
v -5.249748 0.899312 2.925707
v -4.463928 4.588579 2.902905
v -4.463928 4.588579 2.945160
v -4.463928 4.588579 3.001923
v -4.463928 4.588579 3.044179
v -4.463928 4.588579 3.100942
v -4.463928 4.588579 3.143198
v -4.644944 4.588579 2.945161
v -4.644944 4.588579 2.902905
v -4.644944 4.588579 3.044179
v -4.644944 4.588579 3.001924
v -4.644944 4.588579 3.143199
v -4.644944 4.588579 3.100942
v -5.435035 0.300000 3.125565
v -5.435035 0.300000 3.167822
v -5.435035 0.300000 3.001923
v -5.435035 0.300000 3.044179
v -5.435035 0.300000 2.878281
v -5.435035 0.300000 2.920537
v -4.757814 3.975925 2.947678
v -4.757814 3.975925 2.916651
v -5.322165 0.912654 2.903735
v -5.322165 0.912654 2.934764
v -4.757814 3.975925 3.038565
v -4.757814 3.975925 3.007538
v -5.322165 0.912654 3.007538
v -5.322165 0.912654 3.038566
v -4.757814 3.975925 3.129453
v -4.757814 3.975925 3.098425
v -5.322165 0.912654 3.111340
v -5.322165 0.912654 3.142367
v -4.463928 4.588579 0.772572
v -5.000000 0.300000 0.723325
v -4.463928 4.588579 1.168648
v -5.000000 0.300000 1.217896
v -5.435035 0.300000 0.723325
v -4.644944 4.588579 0.772573
v -5.435035 0.300000 1.217895
v -4.644944 4.588579 1.168648
v -4.540510 3.975925 0.765537
v -4.923418 0.912654 0.730361
v -4.923418 0.912654 1.210860
v -4.540509 3.975925 1.175683
v -4.757814 3.975925 0.765537
v -5.322165 0.912654 0.730361
v -5.322165 0.912654 1.210860
v -4.757814 3.975925 1.175683
v -4.685397 3.962583 1.067955
v -4.685397 3.962583 0.970610
v -4.685397 3.962583 0.873266
v -5.249748 0.899312 1.067955
v -5.249748 0.899312 0.970610
v -5.249748 0.899312 0.873266
v -4.463928 4.588579 0.850463
v -4.463928 4.588579 0.892720
v -4.463928 4.588579 0.949482
v -4.463928 4.588579 0.991738
v -4.463928 4.588579 1.048501
v -4.463928 4.588579 1.090758
v -4.644944 4.588579 0.892719
v -4.644944 4.588579 0.850463
v -4.644944 4.588579 0.991738
v -4.644944 4.588579 0.949482
v -4.644944 4.588579 1.090757
v -4.644944 4.588579 1.048501
v -5.435035 0.300000 1.073124
v -5.435035 0.300000 1.115381
v -5.435035 0.300000 0.949482
v -5.435035 0.300000 0.991738
v -5.435035 0.300000 0.825840
v -5.435035 0.300000 0.868096
v -4.757814 3.975925 0.895237
v -4.757814 3.975925 0.864209
v -5.322165 0.912654 0.851295
v -5.322165 0.912654 0.882322
v -4.757814 3.975925 0.986124
v -4.757814 3.975925 0.955096
v -5.322165 0.912654 0.955096
v -5.322165 0.912654 0.986124
v -4.757814 3.975925 1.077011
v -4.757814 3.975925 1.045983
v -5.322165 0.912654 1.058898
v -5.322165 0.912654 1.089926
v -0.958817 4.588579 -8.457888
v -0.909570 0.300000 -8.993959
v -1.354892 4.588579 -8.457887
v -1.404140 0.300000 -8.993959
v -0.909570 0.300000 -9.428994
v -0.958817 4.588579 -8.638904
v -1.404140 0.300000 -9.428994
v -1.354892 4.588579 -8.638904
v -0.951781 3.975925 -8.534469
v -0.916605 0.912654 -8.917377
v -1.397104 0.912654 -8.917377
v -1.361927 3.975925 -8.534468
v -0.951781 3.975925 -8.751774
v -0.916605 0.912654 -9.316125
v -1.397104 0.912654 -9.316123
v -1.361927 3.975925 -8.751774
v -1.254199 3.962583 -8.679356
v -1.156855 3.962583 -8.679355
v -1.059510 3.962583 -8.679357
v -1.254199 0.899313 -9.243707
v -1.156855 0.899313 -9.243707
v -1.059510 0.899313 -9.243707
v -1.036707 4.588579 -8.457888
v -1.078964 4.588579 -8.457887
v -1.135726 4.588579 -8.457887
v -1.177982 4.588579 -8.457887
v -1.234745 4.588579 -8.457887
v -1.277002 4.588579 -8.457887
v -1.078964 4.588579 -8.638904
v -1.036707 4.588579 -8.638904
v -1.177982 4.588579 -8.638903
v -1.135726 4.588579 -8.638904
v -1.277002 4.588579 -8.638904
v -1.234745 4.588579 -8.638904
v -1.259368 0.300000 -9.428994
v -1.301625 0.300000 -9.428994
v -1.135726 0.300000 -9.428994
v -1.177982 0.300000 -9.428994
v -1.012083 0.300000 -9.428995
v -1.054340 0.300000 -9.428994
v -1.081481 3.975925 -8.751774
v -1.050453 3.975925 -8.751774
v -1.037539 0.912654 -9.316125
v -1.068566 0.912654 -9.316125
v -1.172368 3.975925 -8.751773
v -1.141340 3.975925 -8.751774
v -1.141340 0.912654 -9.316124
v -1.172368 0.912654 -9.316125
v -1.263255 3.975925 -8.751773
v -1.232227 3.975925 -8.751774
v -1.245142 0.912654 -9.316124
v -1.276170 0.912654 -9.316125
vt 0.634567 1.138714
vt 0.623706 1.138809
vt 0.620906 1.053390
vt 0.634666 1.053269
vt 0.599491 0.626357
vt 0.589342 0.626445
vt 0.586476 0.541027
vt 0.597825 0.540928
vt 1.133912 1.053769
vt 1.164216 1.053769
vt 1.148491 1.139196
vt 1.123248 1.139196
vt 1.134412 -0.053269
vt 1.123730 -0.138714
vt 1.148973 -0.138714
vt 1.164715 -0.053269
vt 1.123730 0.634788
vt 1.123635 0.623926
vt 1.148878 0.623706
vt 1.148973 0.634567
vt 0.618292 0.626193
vt 0.635156 0.626046
vt 0.620959 0.540726
vt 0.635254 0.540601
vt 0.613966 0.626231
vt 0.603817 0.626319
vt 0.603717 0.540876
vt 0.615066 0.540777
vt 1.123463 0.604226
vt 1.123394 0.596310
vt 1.148637 0.596090
vt 1.148706 0.604005
vt 1.123343 0.590418
vt 1.123248 0.579556
vt 1.148491 0.579336
vt 1.148586 0.590197
vt 0.590197 1.139102
vt 0.579336 1.139196
vt 0.577472 1.053769
vt 0.591231 1.053648
vt 0.568152 0.626630
vt 0.585016 0.626483
vt 0.604005 1.138981
vt 0.596090 1.139050
vt 0.595558 1.053611
vt 0.603905 1.053538
vt 0.617813 1.138860
vt 0.609898 1.138930
vt 0.608232 1.053500
vt 0.616579 1.053427
vt 1.198501 0.459399
vt 1.187819 0.373954
vt 1.243426 0.373954
vt 1.259168 0.459399
vt 1.197899 0.541203
vt 1.258566 0.541203
vt 1.242841 0.626630
vt 1.187235 0.626630
vt 0.566288 0.541203
vt 0.580583 0.541078
vt 1.123584 0.618033
vt 1.123515 0.610118
vt 1.148758 0.609898
vt 1.148827 0.617813
vt 1.164557 -0.053427
vt 1.243241 0.373769
vt 1.233153 0.375641
vt 1.154485 -0.051540
vt 1.164336 -0.053648
vt 1.242988 0.373517
vt 1.232916 0.375404
vt 1.154248 -0.051777
vt 1.164485 0.391768
vt 1.164447 0.396095
vt 1.154367 0.393860
vt 1.243026 0.626445
vt 1.164374 1.053611
vt 1.154248 1.051777
vt 1.232916 0.624596
vt 1.243279 0.626193
vt 1.164595 1.053390
vt 1.154485 1.051540
vt 1.233153 0.624359
vt 1.164374 0.404442
vt 1.164336 0.408769
vt 1.154248 0.407434
vt 1.164595 0.379094
vt 1.164557 0.383421
vt 1.154485 0.380285
vt 1.164447 -0.053538
vt 1.243114 0.373643
vt 1.233034 0.375523
vt 1.154367 -0.051658
vt 1.242988 0.585016
vt 1.243026 0.589342
vt 1.232916 0.588151
vt 1.243114 0.599491
vt 1.243152 0.603817
vt 1.233034 0.601726
vt 1.243152 0.626319
vt 1.164485 1.053500
vt 1.154367 1.051658
vt 1.233034 0.624477
vt 1.243241 0.613965
vt 1.243279 0.618292
vt 1.233153 0.615300
vt 0.920775 1.136216
vt 0.909913 1.136311
vt 0.907113 1.050892
vt 0.920873 1.050772
vt 0.885698 0.623859
vt 0.875550 0.623948
vt 0.872683 0.538529
vt 0.884032 0.538430
vt 1.136410 1.051271
vt 1.166714 1.051271
vt 1.150989 1.136698
vt 1.125746 1.136698
vt 1.136909 -0.050772
vt 1.126228 -0.136216
vt 1.151471 -0.136216
vt 1.167213 -0.050772
vt 1.126228 0.920995
vt 1.126133 0.910133
vt 1.151376 0.909913
vt 1.151471 0.920775
vt 0.904500 0.623695
vt 0.921364 0.623548
vt 0.907166 0.538228
vt 0.921462 0.538103
vt 0.900173 0.623733
vt 0.890025 0.623821
vt 0.889925 0.538378
vt 0.901274 0.538279
vt 1.125961 0.890433
vt 1.125892 0.882518
vt 1.151135 0.882297
vt 1.151204 0.890213
vt 1.125840 0.876625
vt 1.125746 0.865763
vt 1.150989 0.865543
vt 1.151084 0.876405
vt 0.876405 1.136604
vt 0.865543 1.136698
vt 0.863679 1.051271
vt 0.877439 1.051151
vt 0.854359 0.624133
vt 0.871223 0.623985
vt 0.890213 1.136483
vt 0.882297 1.136552
vt 0.881765 1.051113
vt 0.890113 1.051040
vt 0.904021 1.136363
vt 0.896105 1.136432
vt 0.894439 1.051002
vt 0.902787 1.050930
vt 1.200999 0.461897
vt 1.190317 0.376452
vt 1.245924 0.376452
vt 1.261665 0.461897
vt 1.200397 0.538705
vt 1.261064 0.538705
vt 1.245339 0.624133
vt 1.189732 0.624133
vt 0.852495 0.538705
vt 0.866791 0.538580
vt 1.126081 0.904241
vt 1.126012 0.896325
vt 1.151256 0.896105
vt 1.151325 0.904021
vt 1.167055 -0.050929
vt 1.245739 0.376267
vt 1.235651 0.378139
vt 1.156983 -0.049042
vt 1.166834 -0.051151
vt 1.245486 0.376015
vt 1.235414 0.377902
vt 1.156746 -0.049279
vt 1.166982 0.105561
vt 1.166945 0.109887
vt 1.156864 0.107652
vt 1.245524 0.623948
vt 1.166872 1.051113
vt 1.156746 1.049279
vt 1.235414 0.622098
vt 1.245776 0.623695
vt 1.167093 1.050892
vt 1.156983 1.049042
vt 1.235651 0.621861
vt 1.166872 0.118235
vt 1.166834 0.122561
vt 1.156746 0.121227
vt 1.167093 0.092887
vt 1.167055 0.097213
vt 1.156983 0.094078
vt 1.166945 -0.051040
vt 1.245612 0.376141
vt 1.235532 0.378020
vt 1.156864 -0.049161
vt 1.245486 0.871223
vt 1.245524 0.875550
vt 1.235414 0.874359
vt 1.245612 0.885698
vt 1.245650 0.890025
vt 1.235532 0.887933
vt 1.245650 0.623821
vt 1.166982 1.051002
vt 1.156864 1.049161
vt 1.235532 0.621980
vt 1.245739 0.900173
vt 1.245776 0.904500
vt 1.235651 0.901508
vt 0.080113 1.143553
vt 0.069251 1.143648
vt 0.066451 1.058228
vt 0.080211 1.058108
vt 0.045036 0.631196
vt 0.034888 0.631284
vt 0.032021 0.545865
vt 0.043370 0.545766
vt 1.129074 1.058607
vt 1.159377 1.058607
vt 1.143652 1.144035
vt 1.118409 1.144035
vt 1.129573 -0.058108
vt 1.118891 -0.143553
vt 1.144135 -0.143553
vt 1.159877 -0.058108
vt 1.118891 0.080333
vt 1.118797 0.069471
vt 1.144040 0.069251
vt 1.144135 0.080112
vt 0.063837 0.631032
vt 0.080701 0.630885
vt 0.066504 0.545564
vt 0.080799 0.545440
vt 0.059511 0.631069
vt 0.049362 0.631158
vt 0.049262 0.545715
vt 0.060611 0.545616
vt 1.118625 0.049771
vt 1.118556 0.041855
vt 1.143799 0.041635
vt 1.143868 0.049550
vt 1.118504 0.035963
vt 1.118409 0.025101
vt 1.143653 0.024881
vt 1.143747 0.035742
vt 0.035742 1.143940
vt 0.024881 1.144035
vt 0.023017 1.058607
vt 0.036776 1.058487
vt 0.013697 0.631469
vt 0.030561 0.631322
vt 0.049550 1.143820
vt 0.041635 1.143889
vt 0.041103 1.058450
vt 0.049450 1.058377
vt 0.063358 1.143699
vt 0.055443 1.143768
vt 0.053777 1.058339
vt 0.062124 1.058266
vt 1.193662 0.454560
vt 1.182981 0.369116
vt 1.238587 0.369116
vt 1.254329 0.454560
vt 1.193060 0.546042
vt 1.253727 0.546042
vt 1.238002 0.631469
vt 1.182396 0.631469
vt 0.011833 0.546042
vt 0.026128 0.545917
vt 1.118745 0.063579
vt 1.118676 0.055663
vt 1.143919 0.055443
vt 1.143988 0.063358
vt 1.159719 -0.058266
vt 1.238402 0.368931
vt 1.228314 0.370802
vt 1.149647 -0.056379
vt 1.159497 -0.058487
vt 1.238150 0.368678
vt 1.228077 0.370565
vt 1.149410 -0.056616
vt 1.159646 0.946223
vt 1.159608 0.950550
vt 1.149528 0.948314
vt 1.238187 0.631284
vt 1.159535 1.058450
vt 1.149410 1.056616
vt 1.228077 0.629435
vt 1.238440 0.631032
vt 1.159756 1.058228
vt 1.149647 1.056379
vt 1.228314 0.629198
vt 1.159535 0.958897
vt 1.159497 0.963224
vt 1.149410 0.961889
vt 1.159756 0.933549
vt 1.159719 0.937876
vt 1.149647 0.934740
vt 1.159608 -0.058377
vt 1.238276 0.368804
vt 1.228196 0.370684
vt 1.149528 -0.056497
vt 1.238150 0.030561
vt 1.238187 0.034887
vt 1.228077 0.033696
vt 1.238276 0.045036
vt 1.238314 0.049362
vt 1.228196 0.047271
vt 1.238314 0.631158
vt 1.159646 1.058339
vt 1.149528 1.056497
vt 1.228196 0.629316
vt 1.238402 0.059510
vt 1.238440 0.063837
vt 1.228314 0.060845
vt 0.366320 1.141055
vt 0.355458 1.141150
vt 0.352658 1.055731
vt 0.366418 1.055611
vt 0.331243 0.628698
vt 0.321095 0.628787
vt 0.318228 0.543368
vt 0.329577 0.543269
vt 1.131571 1.056110
vt 1.161875 1.056110
vt 1.146150 1.141537
vt 1.120907 1.141537
vt 1.132071 -0.055610
vt 1.121389 -0.141055
vt 1.146632 -0.141055
vt 1.162374 -0.055610
vt 1.121389 0.366540
vt 1.121294 0.355678
vt 1.146537 0.355458
vt 1.146632 0.366320
vt 0.350045 0.628534
vt 0.366909 0.628387
vt 0.352711 0.543067
vt 0.367007 0.542942
vt 0.345718 0.628572
vt 0.335570 0.628660
vt 0.335470 0.543217
vt 0.346819 0.543118
vt 1.121122 0.335978
vt 1.121053 0.328063
vt 1.146297 0.327842
vt 1.146366 0.335758
vt 1.121002 0.322170
vt 1.120907 0.311308
vt 1.146150 0.311088
vt 1.146245 0.321950
vt 0.321950 1.141443
vt 0.311088 1.141537
vt 0.309224 1.056110
vt 0.322984 1.055990
vt 0.299904 0.628971
vt 0.316768 0.628824
vt 0.335758 1.141322
vt 0.327842 1.141391
vt 0.327311 1.055952
vt 0.335658 1.055879
vt 0.349566 1.141201
vt 0.341650 1.141271
vt 0.339984 1.055841
vt 0.348332 1.055768
vt 1.196160 0.457058
vt 1.185478 0.371613
vt 1.241085 0.371613
vt 1.256827 0.457058
vt 1.195558 0.543544
vt 1.256225 0.543544
vt 1.240500 0.628971
vt 1.184894 0.628971
vt 0.298040 0.543544
vt 0.312336 0.543419
vt 1.121243 0.349786
vt 1.121174 0.341870
vt 1.146417 0.341650
vt 1.146486 0.349566
vt 1.162216 -0.055768
vt 1.240900 0.371428
vt 1.230812 0.373300
vt 1.152144 -0.053881
vt 1.161995 -0.055990
vt 1.240647 0.371176
vt 1.230575 0.373063
vt 1.151907 -0.054118
vt 1.162144 0.660016
vt 1.162106 0.664342
vt 1.152026 0.662107
vt 1.240685 0.628786
vt 1.162033 1.055952
vt 1.151907 1.054118
vt 1.230575 0.626937
vt 1.240938 0.628534
vt 1.162254 1.055731
vt 1.152144 1.053881
vt 1.230812 0.626700
vt 1.162033 0.672690
vt 1.161995 0.677016
vt 1.151907 0.675681
vt 1.162254 0.647342
vt 1.162216 0.651668
vt 1.152144 0.648533
vt 1.162106 -0.055879
vt 1.240773 0.371302
vt 1.230693 0.373181
vt 1.152026 -0.054000
vt 1.240647 0.316768
vt 1.240685 0.321095
vt 1.230575 0.319904
vt 1.240774 0.331243
vt 1.240811 0.335570
vt 1.230693 0.333478
vt 1.240811 0.628660
vt 1.162143 1.055841
vt 1.152026 1.053999
vt 1.230693 0.626819
vt 1.240900 0.345718
vt 1.240938 0.350045
vt 1.230812 0.347053
vt 0.644045 -0.129601
vt 0.654907 -0.129601
vt 0.656955 -0.044028
vt 0.643195 -0.044028
vt 0.674611 0.383840
vt 0.684759 0.383840
vt 0.686874 0.469413
vt 0.675525 0.469413
vt 1.667411 1.044292
vt 1.697714 1.044028
vt 1.682729 1.129602
vt 1.657486 1.129822
vt -0.667910 1.044292
vt -0.657969 1.129822
vt -0.683211 1.129602
vt -0.698213 1.044028
vt 0.643825 1.657969
vt 0.654687 1.657874
vt 0.654907 1.683116
vt 0.644045 1.683211
vt 0.655808 0.383840
vt 0.638944 0.383840
vt 0.652389 0.469413
vt 0.638094 0.469413
vt 0.660135 0.383840
vt 0.670284 0.383840
vt 0.669632 0.469413
vt 0.658282 0.469413
vt 0.674388 1.657702
vt 0.682304 1.657633
vt 0.682524 1.682875
vt 0.674609 1.682944
vt 0.688197 1.657581
vt 0.699059 1.657486
vt 0.699279 1.682729
vt 0.688417 1.682823
vt 0.688417 -0.129601
vt 0.699279 -0.129601
vt 0.700391 -0.044028
vt 0.686631 -0.044028
vt 0.705951 0.383840
vt 0.689086 0.383840
vt 0.674609 -0.129601
vt 0.682524 -0.129601
vt 0.682304 -0.044028
vt 0.673957 -0.044028
vt 0.660800 -0.129601
vt 0.668716 -0.129601
vt 0.669630 -0.044028
vt 0.661282 -0.044028
vt -0.727563 0.531116
vt -0.717621 0.616645
vt -0.773225 0.616160
vt -0.788228 0.530587
vt 1.726961 0.531116
vt 1.787626 0.530587
vt 1.772640 0.616160
vt 1.717036 0.616646
vt 0.707063 0.469413
vt 0.692767 0.469413
vt 0.660580 1.657822
vt 0.668496 1.657753
vt 0.668716 1.682995
vt 0.660800 1.683064
vt -0.698055 1.044028
vt -0.773040 0.616160
vt -0.762937 0.614388
vt -0.687967 1.042256
vt -0.697834 1.044028
vt -0.772788 0.616160
vt -0.762700 0.614388
vt -0.687730 1.042256
vt 0.669630 -0.697983
vt 0.673957 -0.697945
vt 0.671705 -0.687849
vt 1.772825 0.616160
vt 1.697872 1.044028
vt 1.687730 1.042256
vt 1.762700 0.614388
vt 1.773078 0.616160
vt 1.698093 1.044028
vt 1.687967 1.042256
vt 1.762937 0.614388
vt 0.682304 -0.697872
vt 0.686631 -0.697834
vt 0.685280 -0.687730
vt 0.656955 -0.698093
vt 0.661282 -0.698055
vt 0.658130 -0.687967
vt -0.697944 1.044028
vt -0.772914 0.616160
vt -0.762818 0.614388
vt -0.687849 1.042256
vt 0.689086 1.772788
vt 0.684759 1.772825
vt 0.685934 1.762700
vt 0.674611 1.772914
vt 0.670284 1.772952
vt 0.672359 1.762818
vt 1.772952 0.616160
vt 1.697982 1.044028
vt 1.687849 1.042256
vt 1.762818 0.614388
vt 0.660135 1.773040
vt 0.655808 1.773078
vt 0.658784 1.762937
vt 0.354127 1.138714
vt 0.353754 1.053270
vt 0.367514 1.053390
vt 0.364989 1.138809
vt 0.387555 0.626357
vt 0.388947 0.540928
vt 0.400296 0.541027
vt 0.397704 0.626445
vt -0.132459 1.053769
vt -0.121764 1.139196
vt -0.147008 1.139196
vt -0.162763 1.053769
vt -0.131960 -0.053269
vt -0.162264 -0.053269
vt -0.146526 -0.138714
vt -0.121283 -0.138714
vt -0.121283 0.645653
vt -0.146526 0.645873
vt -0.146621 0.635011
vt -0.121377 0.634791
vt 0.351890 0.626046
vt 0.368754 0.626193
vt 0.351517 0.540601
vt 0.365812 0.540726
vt 0.373081 0.626231
vt 0.371705 0.540777
vt 0.383054 0.540876
vt 0.383229 0.626319
vt -0.121549 0.615091
vt -0.146792 0.615311
vt -0.146862 0.607396
vt -0.121618 0.607175
vt -0.121670 0.601283
vt -0.146913 0.601503
vt -0.147008 0.590641
vt -0.121765 0.590421
vt 0.398497 1.139102
vt 0.397188 1.053648
vt 0.410948 1.053769
vt 0.409359 1.139196
vt 0.418894 0.626630
vt 0.402030 0.626483
vt 0.384689 1.138981
vt 0.384514 1.053538
vt 0.392862 1.053611
vt 0.392604 1.139050
vt 0.370881 1.138860
vt 0.371840 1.053427
vt 0.380188 1.053500
vt 0.378797 1.138930
vt -0.196025 0.459399
vt -0.256692 0.459399
vt -0.240954 0.373954
vt -0.185347 0.373954
vt -0.196627 0.541203
vt -0.185932 0.626630
vt -0.241538 0.626630
vt -0.257294 0.541203
vt 0.406188 0.541078
vt 0.420483 0.541203
vt -0.121429 0.628899
vt -0.146672 0.629119
vt -0.146741 0.621203
vt -0.121498 0.620983
vt -0.162422 -0.053427
vt -0.152296 -0.051540
vt -0.231029 0.375641
vt -0.241139 0.373769
vt -0.162643 -0.053648
vt -0.152533 -0.051777
vt -0.231266 0.375404
vt -0.241391 0.373517
vt -0.162494 0.380188
vt -0.152415 0.382455
vt -0.162532 0.384514
vt -0.241354 0.626445
vt -0.231266 0.624596
vt -0.152533 1.051777
vt -0.162605 1.053611
vt -0.241101 0.626193
vt -0.231029 0.624359
vt -0.152296 1.051540
vt -0.162384 1.053390
vt -0.162605 0.392862
vt -0.152533 0.396030
vt -0.162643 0.397188
vt -0.162384 0.367514
vt -0.152296 0.368881
vt -0.162422 0.371840
vt -0.162532 -0.053538
vt -0.152415 -0.051658
vt -0.231147 0.375523
vt -0.241265 0.373643
vt -0.241391 0.597970
vt -0.231266 0.600929
vt -0.241354 0.602296
vt -0.241265 0.612445
vt -0.231147 0.614504
vt -0.241227 0.616771
vt -0.241227 0.626319
vt -0.231147 0.624477
vt -0.152415 1.051658
vt -0.162494 1.053500
vt -0.241139 0.626919
vt -0.231029 0.628078
vt -0.241101 0.631246
vt 0.067920 1.136216
vt 0.067547 1.050772
vt 0.081306 1.050892
vt 0.078781 1.136311
vt 0.101348 0.623859
vt 0.102739 0.538430
vt 0.114088 0.538529
vt 0.111496 0.623948
vt -0.129961 1.051271
vt -0.119267 1.136698
vt -0.144510 1.136698
vt -0.160265 1.051271
vt -0.129462 -0.050772
vt -0.159766 -0.050772
vt -0.144028 -0.136216
vt -0.118785 -0.136216
vt -0.118785 0.931860
vt -0.144028 0.932080
vt -0.144123 0.921219
vt -0.118880 0.920998
vt 0.065682 0.623548
vt 0.082546 0.623695
vt 0.065310 0.538103
vt 0.079605 0.538228
vt 0.086873 0.623733
vt 0.085498 0.538279
vt 0.096847 0.538378
vt 0.097021 0.623821
vt -0.119052 0.901298
vt -0.144295 0.901518
vt -0.144364 0.893603
vt -0.119121 0.893383
vt -0.119172 0.887490
vt -0.144415 0.887710
vt -0.144510 0.876849
vt -0.119267 0.876628
vt 0.112290 1.136604
vt 0.110981 1.051151
vt 0.124740 1.051271
vt 0.123151 1.136698
vt 0.132687 0.624133
vt 0.115823 0.623985
vt 0.098482 1.136483
vt 0.098307 1.051040
vt 0.106654 1.051113
vt 0.106397 1.136552
vt 0.084674 1.136363
vt 0.085633 1.050930
vt 0.093980 1.051002
vt 0.092589 1.136432
vt -0.193527 0.461897
vt -0.254194 0.461897
vt -0.238456 0.376452
vt -0.182850 0.376452
vt -0.194129 0.538705
vt -0.183434 0.624133
vt -0.239041 0.624133
vt -0.254796 0.538705
vt 0.119981 0.538580
vt 0.134276 0.538705
vt -0.118931 0.915106
vt -0.144174 0.915326
vt -0.144243 0.907411
vt -0.119000 0.907191
vt -0.159924 -0.050929
vt -0.149798 -0.049042
vt -0.228531 0.378139
vt -0.238641 0.376267
vt -0.160145 -0.051151
vt -0.150035 -0.049279
vt -0.228768 0.377902
vt -0.238894 0.376015
vt -0.159997 0.093980
vt -0.149917 0.096248
vt -0.160035 0.098307
vt -0.238856 0.623948
vt -0.228768 0.622098
vt -0.150035 1.049279
vt -0.160107 1.051113
vt -0.238603 0.623695
vt -0.228531 0.621861
vt -0.149798 1.049042
vt -0.159886 1.050892
vt -0.160107 0.106654
vt -0.150035 0.109822
vt -0.160145 0.110981
vt -0.159886 0.081306
vt -0.149799 0.082674
vt -0.159924 0.085633
vt -0.160034 -0.051040
vt -0.149917 -0.049161
vt -0.228650 0.378020
vt -0.238767 0.376141
vt -0.238894 0.884177
vt -0.228768 0.887137
vt -0.238856 0.888504
vt -0.238767 0.898652
vt -0.228650 0.900711
vt -0.238730 0.902979
vt -0.238729 0.623821
vt -0.228650 0.621980
vt -0.149917 1.049161
vt -0.159997 1.051002
vt -0.238641 0.913127
vt -0.228531 0.914285
vt -0.238603 0.917454
vt 0.908582 1.143553
vt 0.908209 1.058108
vt 0.921969 1.058228
vt 0.919444 1.143648
vt 0.942010 0.631196
vt 0.943401 0.545766
vt 0.954750 0.545865
vt 0.952159 0.631284
vt -0.137298 1.058607
vt -0.126603 1.144035
vt -0.151846 1.144035
vt -0.167602 1.058607
vt -0.136799 -0.058108
vt -0.167102 -0.058108
vt -0.151364 -0.143553
vt -0.126121 -0.143553
vt -0.126121 0.091198
vt -0.151364 0.091418
vt -0.151459 0.080556
vt -0.126216 0.080336
vt 0.906345 0.630885
vt 0.923209 0.631032
vt 0.905972 0.545440
vt 0.920267 0.545565
vt 0.927536 0.631069
vt 0.926160 0.545616
vt 0.937509 0.545715
vt 0.937684 0.631158
vt -0.126388 0.060636
vt -0.151631 0.060856
vt -0.151700 0.052941
vt -0.126457 0.052720
vt -0.126508 0.046828
vt -0.151752 0.047048
vt -0.151846 0.036186
vt -0.126603 0.035966
vt 0.952952 1.143940
vt 0.951643 1.058487
vt 0.965403 1.058608
vt 0.963814 1.144035
vt 0.973349 0.631469
vt 0.956485 0.631322
vt 0.939144 1.143820
vt 0.938969 1.058377
vt 0.947317 1.058450
vt 0.947059 1.143889
vt 0.925336 1.143699
vt 0.926295 1.058266
vt 0.934643 1.058339
vt 0.933252 1.143768
vt -0.200863 0.454560
vt -0.261530 0.454560
vt -0.245792 0.369116
vt -0.190186 0.369116
vt -0.201465 0.546042
vt -0.190771 0.631469
vt -0.246377 0.631469
vt -0.262132 0.546042
vt 0.960643 0.545917
vt 0.974938 0.546042
vt -0.126267 0.074444
vt -0.151511 0.074664
vt -0.151580 0.066748
vt -0.126337 0.066528
vt -0.167260 -0.058266
vt -0.157135 -0.056379
vt -0.235868 0.370802
vt -0.245977 0.368931
vt -0.167481 -0.058487
vt -0.157372 -0.056616
vt -0.236104 0.370565
vt -0.246230 0.368678
vt -0.167333 0.934643
vt -0.157253 0.936910
vt -0.167371 0.938969
vt -0.246192 0.631284
vt -0.236104 0.629435
vt -0.157372 1.056616
vt -0.167444 1.058450
vt -0.245939 0.631032
vt -0.235868 0.629198
vt -0.157135 1.056379
vt -0.167222 1.058228
vt -0.167444 0.947317
vt -0.157372 0.950485
vt -0.167482 0.951643
vt -0.167223 0.921969
vt -0.157135 0.923336
vt -0.167260 0.926295
vt -0.167371 -0.058377
vt -0.157253 -0.056497
vt -0.235986 0.370684
vt -0.246104 0.368804
vt -0.246230 0.043515
vt -0.236105 0.046474
vt -0.246192 0.047841
vt -0.246104 0.057990
vt -0.235986 0.060049
vt -0.246066 0.062316
vt -0.246066 0.631158
vt -0.235986 0.629316
vt -0.157253 1.056497
vt -0.167333 1.058339
vt -0.245977 0.072464
vt -0.235868 0.073623
vt -0.245940 0.076791
vt 0.622375 1.141055
vt 0.622002 1.055611
vt 0.635761 1.055731
vt 0.633236 1.141150
vt 0.655803 0.628698
vt 0.657194 0.543269
vt 0.668543 0.543368
vt 0.665951 0.628787
vt -0.134800 1.056110
vt -0.124105 1.141537
vt -0.149349 1.141537
vt -0.165104 1.056110
vt -0.134301 -0.055610
vt -0.164605 -0.055610
vt -0.148867 -0.141055
vt -0.123623 -0.141055
vt -0.123624 0.377405
vt -0.148867 0.377625
vt -0.148962 0.366764
vt -0.123718 0.366544
vt 0.620138 0.628387
vt 0.637001 0.628534
vt 0.619765 0.542942
vt 0.634060 0.543067
vt 0.641328 0.628572
vt 0.639952 0.543118
vt 0.651302 0.543217
vt 0.651476 0.628660
vt -0.123890 0.346843
vt -0.149133 0.347063
vt -0.149203 0.339148
vt -0.123959 0.338928
vt -0.124011 0.333035
vt -0.149254 0.333255
vt -0.149349 0.322394
vt -0.124106 0.322173
vt 0.666745 1.141443
vt 0.665436 1.055990
vt 0.679195 1.056110
vt 0.677606 1.141537
vt 0.687142 0.628971
vt 0.670278 0.628824
vt 0.652937 1.141322
vt 0.652762 1.055879
vt 0.661109 1.055952
vt 0.660852 1.141391
vt 0.639129 1.141201
vt 0.640088 1.055768
vt 0.648435 1.055841
vt 0.647044 1.141271
vt -0.198366 0.457058
vt -0.259033 0.457058
vt -0.243295 0.371613
vt -0.187688 0.371613
vt -0.198968 0.543544
vt -0.188273 0.628971
vt -0.243879 0.628971
vt -0.259634 0.543544
vt 0.674436 0.543419
vt 0.688731 0.543544
vt -0.123770 0.360651
vt -0.149013 0.360871
vt -0.149082 0.352956
vt -0.123839 0.352736
vt -0.164763 -0.055768
vt -0.154637 -0.053881
vt -0.233370 0.373300
vt -0.243480 0.371428
vt -0.164984 -0.055990
vt -0.154874 -0.054118
vt -0.233607 0.373063
vt -0.243732 0.371176
vt -0.164835 0.648435
vt -0.154756 0.650703
vt -0.164873 0.652762
vt -0.243694 0.628786
vt -0.233607 0.626937
vt -0.154874 1.054118
vt -0.164946 1.055952
vt -0.243442 0.628534
vt -0.233370 0.626700
vt -0.154637 1.053881
vt -0.164725 1.055731
vt -0.164946 0.661109
vt -0.154874 0.664277
vt -0.164984 0.665436
vt -0.164725 0.635761
vt -0.154637 0.637129
vt -0.164763 0.640088
vt -0.164873 -0.055879
vt -0.154756 -0.054000
vt -0.233488 0.373181
vt -0.243606 0.371302
vt -0.243732 0.329722
vt -0.233607 0.332682
vt -0.243694 0.334049
vt -0.243606 0.344197
vt -0.233488 0.346256
vt -0.243568 0.348524
vt -0.243568 0.628660
vt -0.233488 0.626819
vt -0.154756 1.053999
vt -0.164835 1.055841
vt -0.243480 0.358672
vt -0.233370 0.359830
vt -0.243442 0.362999
vt 0.376626 -0.129601
vt 0.377738 -0.044028
vt 0.363978 -0.044028
vt 0.365764 -0.129601
vt 0.347631 0.383840
vt 0.346979 0.469413
vt 0.335630 0.469413
vt 0.337483 0.383840
vt -0.670726 1.044292
vt -0.660784 1.129822
vt -0.686026 1.129602
vt -0.701029 1.044028
vt 1.670227 1.044292
vt 1.700530 1.044028
vt 1.685544 1.129602
vt 1.660302 1.129822
vt 0.376406 1.660302
vt 0.376626 1.685544
vt 0.365764 1.685639
vt 0.365544 1.660397
vt 0.383298 0.383840
vt 0.366434 0.383840
vt 0.384410 0.469413
vt 0.370114 0.469413
vt 0.362107 0.383840
vt 0.364221 0.469413
vt 0.352872 0.469413
vt 0.351958 0.383840
vt 0.345843 1.660569
vt 0.346063 1.685811
vt 0.338147 1.685880
vt 0.337927 1.660638
vt 0.332034 1.660689
vt 0.332255 1.685932
vt 0.321393 1.686026
vt 0.321172 1.660784
vt 0.332255 -0.129601
vt 0.334303 -0.044028
vt 0.320543 -0.044028
vt 0.321393 -0.129601
vt 0.316291 0.383840
vt 0.333156 0.383840
vt 0.346063 -0.129601
vt 0.346977 -0.044028
vt 0.338629 -0.044028
vt 0.338148 -0.129601
vt 0.359872 -0.129601
vt 0.359651 -0.044028
vt 0.351304 -0.044028
vt 0.351956 -0.129601
vt 1.729777 0.531116
vt 1.790442 0.530587
vt 1.775456 0.616160
vt 1.719852 0.616645
vt -0.730379 0.531116
vt -0.720437 0.616646
vt -0.776041 0.616160
vt -0.791044 0.530587
vt 0.329737 0.469413
vt 0.315441 0.469413
vt 0.359651 1.660448
vt 0.359872 1.685691
vt 0.351956 1.685760
vt 0.351736 1.660517
vt 1.700688 1.044028
vt 1.690546 1.042256
vt 1.765515 0.614388
vt 1.775641 0.616160
vt 1.700909 1.044028
vt 1.690783 1.042256
vt 1.765752 0.614388
vt 1.775894 0.616160
vt 0.351304 -0.700761
vt 0.349052 -0.690664
vt 0.346977 -0.700798
vt -0.775856 0.616160
vt -0.765752 0.614388
vt -0.690783 1.042256
vt -0.700871 1.044028
vt -0.775604 0.616160
vt -0.765515 0.614388
vt -0.690546 1.042256
vt -0.700650 1.044028
vt 0.338629 -0.700871
vt 0.335477 -0.690783
vt 0.334303 -0.700909
vt 0.363978 -0.700650
vt 0.362627 -0.690546
vt 0.359651 -0.700688
vt 1.700798 1.044028
vt 1.690664 1.042256
vt 1.765634 0.614388
vt 1.775768 0.616160
vt 0.333156 1.775894
vt 0.336131 1.765752
vt 0.337483 1.775856
vt 0.347631 1.775768
vt 0.349706 1.765634
vt 0.351958 1.775730
vt -0.775730 0.616160
vt -0.765634 0.614388
vt -0.690664 1.042256
vt -0.700760 1.044028
vt 0.362107 1.775641
vt 0.363281 1.765515
vt 0.366434 1.775604
vn 0.9834 0.1812 0.0000
vn 0.0000 0.0115 0.9999
vn 0.0000 0.0115 -0.9999
vn 0.0000 1.0000 0.0000
vn 0.2024 0.0393 -0.9785
vn 0.2031 0.0354 -0.9785
vn 0.1812 -0.9834 0.0000
vn 0.2024 0.0393 0.9785
vn 0.2031 0.0354 0.9785
vn 0.2027 0.0374 -0.9785
vn -0.1812 0.9834 0.0000
vn 0.2027 0.0374 0.9785
vn 0.0000 0.1812 -0.9834
vn 0.9999 0.0115 0.0000
vn -0.9999 0.0115 0.0000
vn -0.9785 0.0393 -0.2024
vn -0.9785 0.0354 -0.2031
vn 0.0000 -0.9835 -0.1812
vn 0.9785 0.0393 -0.2024
vn 0.9785 0.0354 -0.2031
vn 0.0000 -0.9834 -0.1812
vn -0.9785 0.0374 -0.2027
vn 0.0000 0.9834 0.1812
vn 0.9785 0.0374 -0.2027
vn -0.9834 0.1812 0.0000
vn -0.2024 0.0393 -0.9785
vn -0.2031 0.0354 -0.9785
vn -0.1812 -0.9834 0.0000
vn -0.2024 0.0393 0.9785
vn -0.2031 0.0354 0.9785
vn -0.2027 0.0374 -0.9785
vn 0.1812 0.9834 0.0000
vn -0.2027 0.0374 0.9785
usemtl sandstone_white
s 1
f 1422/2994/286 1446/2995/286 1458/2996/286 1429/2997/286
f 1464/2998/286 1467/2999/286 1451/3000/286 1454/3001/286
f 1428/3002/287 1432/3003/287 1424/3004/287 1419/3005/287
f 1425/3006/288 1417/3007/288 1422/3008/288 1429/3009/288
f 1417/3010/289 1439/3011/289 1446/3012/289 1422/3013/289
f 1458/2996/286 1459/3014/286 1430/3015/286 1429/2997/286
f 1430/3015/286 1459/3014/286 1455/3016/286 1421/3017/286
f 1460/3018/286 1463/3019/286 1453/3020/286 1456/3021/286
f 1442/3022/289 1443/3023/289 1450/3024/289 1447/3025/289
f 1444/3026/289 1419/3027/289 1424/3028/289 1449/3029/289
f 1449/3030/286 1424/3031/286 1432/3032/286 1465/3033/286
f 1431/3034/286 1468/3035/286 1465/3033/286 1432/3032/286
f 1447/3036/286 1450/3037/286 1466/3038/286 1461/3039/286
f 1466/3038/286 1467/2999/286 1464/2998/286 1461/3039/286
f 1445/3040/286 1448/3041/286 1462/3042/286 1457/3043/286
f 1462/3042/286 1463/3019/286 1460/3018/286 1457/3043/286
f 1418/3044/288 1426/3045/288 1430/3046/288 1421/3047/288
f 1425/3006/288 1429/3009/288 1430/3046/288 1426/3045/288
f 1420/3048/287 1423/3049/287 1431/3050/287 1427/3051/287
f 1431/3050/287 1432/3003/287 1428/3002/287 1427/3051/287
f 1468/3035/286 1431/3034/286 1423/3052/286 1452/3053/286
f 1440/3054/289 1441/3055/289 1448/3056/289 1445/3057/289
f 1440/3054/289 1445/3057/289 1446/3012/289 1439/3011/289
f 1442/3022/289 1447/3025/289 1448/3056/289 1441/3055/289
f 1444/3026/289 1449/3029/289 1450/3024/289 1443/3023/289
f 1460/3018/286 1456/3021/286 1455/3016/286 1459/3014/286
f 1464/2998/286 1454/3001/286 1453/3020/286 1463/3019/286
f 1468/3035/286 1452/3053/286 1451/3000/286 1467/2999/286
f 1445/3040/286 1457/3043/286 1458/2996/286 1446/2995/286
f 1457/3058/290 1460/3059/290 1438/3060/290 1435/3061/290
f 1447/3036/286 1461/3039/286 1462/3042/286 1448/3041/286
f 1465/3062/291 1468/3063/291 1436/3064/291 1433/3065/291
f 1449/3030/286 1465/3033/286 1466/3038/286 1450/3037/286
f 1462/3066/292 1461/3067/292 1434/3068/292
f 1467/3069/293 1466/3070/293 1433/3071/293 1436/3072/293
f 1459/3073/294 1458/3074/294 1435/3075/294 1438/3076/294
f 1466/3077/292 1465/3078/292 1433/3079/292
f 1458/3080/292 1457/3081/292 1435/3082/292
f 1461/3083/295 1464/3084/295 1437/3085/295 1434/3086/295
f 1468/3087/296 1467/3088/296 1436/3089/296
f 1464/3090/296 1463/3091/296 1437/3092/296
f 1463/3093/297 1462/3094/297 1434/3095/297 1437/3096/297
f 1460/3097/296 1459/3098/296 1438/3099/296
f 1474/3100/286 1498/3101/286 1510/3102/286 1481/3103/286
f 1516/3104/286 1519/3105/286 1503/3106/286 1506/3107/286
f 1480/3108/287 1484/3109/287 1476/3110/287 1471/3111/287
f 1477/3112/288 1469/3113/288 1474/3114/288 1481/3115/288
f 1469/3116/289 1491/3117/289 1498/3118/289 1474/3119/289
f 1510/3102/286 1511/3120/286 1482/3121/286 1481/3103/286
f 1482/3121/286 1511/3120/286 1507/3122/286 1473/3123/286
f 1512/3124/286 1515/3125/286 1505/3126/286 1508/3127/286
f 1494/3128/289 1495/3129/289 1502/3130/289 1499/3131/289
f 1496/3132/289 1471/3133/289 1476/3134/289 1501/3135/289
f 1501/3136/286 1476/3137/286 1484/3138/286 1517/3139/286
f 1483/3140/286 1520/3141/286 1517/3139/286 1484/3138/286
f 1499/3142/286 1502/3143/286 1518/3144/286 1513/3145/286
f 1518/3144/286 1519/3105/286 1516/3104/286 1513/3145/286
f 1497/3146/286 1500/3147/286 1514/3148/286 1509/3149/286
f 1514/3148/286 1515/3125/286 1512/3124/286 1509/3149/286
f 1470/3150/288 1478/3151/288 1482/3152/288 1473/3153/288
f 1477/3112/288 1481/3115/288 1482/3152/288 1478/3151/288
f 1472/3154/287 1475/3155/287 1483/3156/287 1479/3157/287
f 1483/3156/287 1484/3109/287 1480/3108/287 1479/3157/287
f 1520/3141/286 1483/3140/286 1475/3158/286 1504/3159/286
f 1492/3160/289 1493/3161/289 1500/3162/289 1497/3163/289
f 1492/3160/289 1497/3163/289 1498/3118/289 1491/3117/289
f 1494/3128/289 1499/3131/289 1500/3162/289 1493/3161/289
f 1496/3132/289 1501/3135/289 1502/3130/289 1495/3129/289
f 1512/3124/286 1508/3127/286 1507/3122/286 1511/3120/286
f 1516/3104/286 1506/3107/286 1505/3126/286 1515/3125/286
f 1520/3141/286 1504/3159/286 1503/3106/286 1519/3105/286
f 1497/3146/286 1509/3149/286 1510/3102/286 1498/3101/286
f 1509/3164/290 1512/3165/290 1490/3166/290 1487/3167/290
f 1499/3142/286 1513/3145/286 1514/3148/286 1500/3147/286
f 1517/3168/291 1520/3169/291 1488/3170/291 1485/3171/291
f 1501/3136/286 1517/3139/286 1518/3144/286 1502/3143/286
f 1514/3172/292 1513/3173/292 1486/3174/292
f 1519/3175/293 1518/3176/293 1485/3177/293 1488/3178/293
f 1511/3179/294 1510/3180/294 1487/3181/294 1490/3182/294
f 1518/3183/292 1517/3184/292 1485/3185/292
f 1510/3186/292 1509/3187/292 1487/3188/292
f 1513/3189/295 1516/3190/295 1489/3191/295 1486/3192/295
f 1520/3193/296 1519/3194/296 1488/3195/296
f 1516/3196/296 1515/3197/296 1489/3198/296
f 1515/3199/297 1514/3200/297 1486/3201/297 1489/3202/297
f 1512/3203/296 1511/3204/296 1490/3205/296
f 1526/3206/286 1550/3207/286 1562/3208/286 1533/3209/286
f 1568/3210/286 1571/3211/286 1555/3212/286 1558/3213/286
f 1532/3214/287 1536/3215/287 1528/3216/287 1523/3217/287
f 1529/3218/288 1521/3219/288 1526/3220/288 1533/3221/288
f 1521/3222/289 1543/3223/289 1550/3224/289 1526/3225/289
f 1562/3208/286 1563/3226/286 1534/3227/286 1533/3209/286
f 1534/3227/286 1563/3226/286 1559/3228/286 1525/3229/286
f 1564/3230/286 1567/3231/286 1557/3232/286 1560/3233/286
f 1546/3234/289 1547/3235/289 1554/3236/289 1551/3237/289
f 1548/3238/289 1523/3239/289 1528/3240/289 1553/3241/289
f 1553/3242/286 1528/3243/286 1536/3244/286 1569/3245/286
f 1535/3246/286 1572/3247/286 1569/3245/286 1536/3244/286
f 1551/3248/286 1554/3249/286 1570/3250/286 1565/3251/286
f 1570/3250/286 1571/3211/286 1568/3210/286 1565/3251/286
f 1549/3252/286 1552/3253/286 1566/3254/286 1561/3255/286
f 1566/3254/286 1567/3231/286 1564/3230/286 1561/3255/286
f 1522/3256/288 1530/3257/288 1534/3258/288 1525/3259/288
f 1529/3218/288 1533/3221/288 1534/3258/288 1530/3257/288
f 1524/3260/287 1527/3261/287 1535/3262/287 1531/3263/287
f 1535/3262/287 1536/3215/287 1532/3214/287 1531/3263/287
f 1572/3247/286 1535/3246/286 1527/3264/286 1556/3265/286
f 1544/3266/289 1545/3267/289 1552/3268/289 1549/3269/289
f 1544/3266/289 1549/3269/289 1550/3224/289 1543/3223/289
f 1546/3234/289 1551/3237/289 1552/3268/289 1545/3267/289
f 1548/3238/289 1553/3241/289 1554/3236/289 1547/3235/289
f 1564/3230/286 1560/3233/286 1559/3228/286 1563/3226/286
f 1568/3210/286 1558/3213/286 1557/3232/286 1567/3231/286
f 1572/3247/286 1556/3265/286 1555/3212/286 1571/3211/286
f 1549/3252/286 1561/3255/286 1562/3208/286 1550/3207/286
f 1561/3270/290 1564/3271/290 1542/3272/290 1539/3273/290
f 1551/3248/286 1565/3251/286 1566/3254/286 1552/3253/286
f 1569/3274/291 1572/3275/291 1540/3276/291 1537/3277/291
f 1553/3242/286 1569/3245/286 1570/3250/286 1554/3249/286
f 1566/3278/292 1565/3279/292 1538/3280/292
f 1571/3281/293 1570/3282/293 1537/3283/293 1540/3284/293
f 1563/3285/294 1562/3286/294 1539/3287/294 1542/3288/294
f 1570/3289/292 1569/3290/292 1537/3291/292
f 1562/3292/292 1561/3293/292 1539/3294/292
f 1565/3295/295 1568/3296/295 1541/3297/295 1538/3298/295
f 1572/3299/296 1571/3300/296 1540/3301/296
f 1568/3302/296 1567/3303/296 1541/3304/296
f 1567/3305/297 1566/3306/297 1538/3307/297 1541/3308/297
f 1564/3309/296 1563/3310/296 1542/3311/296
f 1578/3312/286 1602/3313/286 1614/3314/286 1585/3315/286
f 1620/3316/286 1623/3317/286 1607/3318/286 1610/3319/286
f 1584/3320/287 1588/3321/287 1580/3322/287 1575/3323/287
f 1581/3324/288 1573/3325/288 1578/3326/288 1585/3327/288
f 1573/3328/289 1595/3329/289 1602/3330/289 1578/3331/289
f 1614/3314/286 1615/3332/286 1586/3333/286 1585/3315/286
f 1586/3333/286 1615/3332/286 1611/3334/286 1577/3335/286
f 1616/3336/286 1619/3337/286 1609/3338/286 1612/3339/286
f 1598/3340/289 1599/3341/289 1606/3342/289 1603/3343/289
f 1600/3344/289 1575/3345/289 1580/3346/289 1605/3347/289
f 1605/3348/286 1580/3349/286 1588/3350/286 1621/3351/286
f 1587/3352/286 1624/3353/286 1621/3351/286 1588/3350/286
f 1603/3354/286 1606/3355/286 1622/3356/286 1617/3357/286
f 1622/3356/286 1623/3317/286 1620/3316/286 1617/3357/286
f 1601/3358/286 1604/3359/286 1618/3360/286 1613/3361/286
f 1618/3360/286 1619/3337/286 1616/3336/286 1613/3361/286
f 1574/3362/288 1582/3363/288 1586/3364/288 1577/3365/288
f 1581/3324/288 1585/3327/288 1586/3364/288 1582/3363/288
f 1576/3366/287 1579/3367/287 1587/3368/287 1583/3369/287
f 1587/3368/287 1588/3321/287 1584/3320/287 1583/3369/287
f 1624/3353/286 1587/3352/286 1579/3370/286 1608/3371/286
f 1596/3372/289 1597/3373/289 1604/3374/289 1601/3375/289
f 1596/3372/289 1601/3375/289 1602/3330/289 1595/3329/289
f 1598/3340/289 1603/3343/289 1604/3374/289 1597/3373/289
f 1600/3344/289 1605/3347/289 1606/3342/289 1599/3341/289
f 1616/3336/286 1612/3339/286 1611/3334/286 1615/3332/286
f 1620/3316/286 1610/3319/286 1609/3338/286 1619/3337/286
f 1624/3353/286 1608/3371/286 1607/3318/286 1623/3317/286
f 1601/3358/286 1613/3361/286 1614/3314/286 1602/3313/286
f 1613/3376/290 1616/3377/290 1594/3378/290 1591/3379/290
f 1603/3354/286 1617/3357/286 1618/3360/286 1604/3359/286
f 1621/3380/291 1624/3381/291 1592/3382/291 1589/3383/291
f 1605/3348/286 1621/3351/286 1622/3356/286 1606/3355/286
f 1618/3384/292 1617/3385/292 1590/3386/292
f 1623/3387/293 1622/3388/293 1589/3389/293 1592/3390/293
f 1615/3391/294 1614/3392/294 1591/3393/294 1594/3394/294
f 1622/3395/292 1621/3396/292 1589/3397/292
f 1614/3398/292 1613/3399/292 1591/3400/292
f 1617/3401/295 1620/3402/295 1593/3403/295 1590/3404/295
f 1624/3405/296 1623/3406/296 1592/3407/296
f 1620/3408/296 1619/3409/296 1593/3410/296
f 1619/3411/297 1618/3412/297 1590/3413/297 1593/3414/297
f 1616/3415/296 1615/3416/296 1594/3417/296
f 1630/3418/298 1654/3419/298 1666/3420/298 1637/3421/298
f 1672/3422/298 1675/3423/298 1659/3424/298 1662/3425/298
f 1636/3426/299 1640/3427/299 1632/3428/299 1627/3429/299
f 1633/3430/300 1625/3431/300 1630/3432/300 1637/3433/300
f 1625/3434/289 1647/3435/289 1654/3436/289 1630/3437/289
f 1666/3420/298 1667/3438/298 1638/3439/298 1637/3421/298
f 1638/3439/298 1667/3438/298 1663/3440/298 1629/3441/298
f 1668/3442/298 1671/3443/298 1661/3444/298 1664/3445/298
f 1650/3446/289 1651/3447/289 1658/3448/289 1655/3449/289
f 1652/3450/289 1627/3451/289 1632/3452/289 1657/3453/289
f 1657/3454/298 1632/3455/298 1640/3456/298 1673/3457/298
f 1639/3458/298 1676/3459/298 1673/3457/298 1640/3456/298
f 1655/3460/298 1658/3461/298 1674/3462/298 1669/3463/298
f 1674/3462/298 1675/3423/298 1672/3422/298 1669/3463/298
f 1653/3464/298 1656/3465/298 1670/3466/298 1665/3467/298
f 1670/3466/298 1671/3443/298 1668/3442/298 1665/3467/298
f 1626/3468/300 1634/3469/300 1638/3470/300 1629/3471/300
f 1633/3430/300 1637/3433/300 1638/3470/300 1634/3469/300
f 1628/3472/299 1631/3473/299 1639/3474/299 1635/3475/299
f 1639/3474/299 1640/3427/299 1636/3426/299 1635/3475/299
f 1676/3459/298 1639/3458/298 1631/3476/298 1660/3477/298
f 1648/3478/289 1649/3479/289 1656/3480/289 1653/3481/289
f 1648/3478/289 1653/3481/289 1654/3436/289 1647/3435/289
f 1650/3446/289 1655/3449/289 1656/3480/289 1649/3479/289
f 1652/3450/289 1657/3453/289 1658/3448/289 1651/3447/289
f 1668/3442/298 1664/3445/298 1663/3440/298 1667/3438/298
f 1672/3422/298 1662/3425/298 1661/3444/298 1671/3443/298
f 1676/3459/298 1660/3477/298 1659/3424/298 1675/3423/298
f 1653/3464/298 1665/3467/298 1666/3420/298 1654/3419/298
f 1665/3482/301 1668/3483/301 1646/3484/301 1643/3485/301
f 1655/3460/298 1669/3463/298 1670/3466/298 1656/3465/298
f 1673/3486/302 1676/3487/302 1644/3488/302 1641/3489/302
f 1657/3454/298 1673/3457/298 1674/3462/298 1658/3461/298
f 1670/3490/303 1669/3491/303 1642/3492/303
f 1675/3493/304 1674/3494/304 1641/3495/304 1644/3496/304
f 1667/3497/305 1666/3498/305 1643/3499/305 1646/3500/305
f 1674/3501/306 1673/3502/306 1641/3503/306
f 1666/3504/306 1665/3505/306 1643/3506/306
f 1669/3507/307 1672/3508/307 1645/3509/307 1642/3510/307
f 1676/3511/308 1675/3512/308 1644/3513/308
f 1672/3514/308 1671/3515/308 1645/3516/308
f 1671/3517/309 1670/3518/309 1642/3519/309 1645/3520/309
f 1668/3521/308 1667/3522/308 1646/3523/308
f 1682/3524/310 1689/3525/310 1718/3526/310 1706/3527/310
f 1724/3528/310 1714/3529/310 1711/3530/310 1727/3531/310
f 1688/3532/287 1679/3533/287 1684/3534/287 1692/3535/287
f 1685/3536/288 1689/3537/288 1682/3538/288 1677/3539/288
f 1677/3540/289 1682/3541/289 1706/3542/289 1699/3543/289
f 1718/3526/310 1689/3525/310 1690/3544/310 1719/3545/310
f 1690/3544/310 1681/3546/310 1715/3547/310 1719/3545/310
f 1720/3548/310 1716/3549/310 1713/3550/310 1723/3551/310
f 1702/3552/289 1707/3553/289 1710/3554/289 1703/3555/289
f 1704/3556/289 1709/3557/289 1684/3558/289 1679/3559/289
f 1709/3560/310 1725/3561/310 1692/3562/310 1684/3563/310
f 1691/3564/310 1692/3562/310 1725/3561/310 1728/3565/310
f 1707/3566/310 1721/3567/310 1726/3568/310 1710/3569/310
f 1726/3568/310 1721/3567/310 1724/3528/310 1727/3531/310
f 1705/3570/310 1717/3571/310 1722/3572/310 1708/3573/310
f 1722/3572/310 1717/3571/310 1720/3548/310 1723/3551/310
f 1678/3574/288 1681/3575/288 1690/3576/288 1686/3577/288
f 1685/3536/288 1686/3577/288 1690/3576/288 1689/3537/288
f 1680/3578/287 1687/3579/287 1691/3580/287 1683/3581/287
f 1691/3580/287 1687/3579/287 1688/3532/287 1692/3535/287
f 1728/3565/310 1712/3582/310 1683/3583/310 1691/3564/310
f 1700/3584/289 1705/3585/289 1708/3586/289 1701/3587/289
f 1700/3584/289 1699/3543/289 1706/3542/289 1705/3585/289
f 1702/3552/289 1701/3587/289 1708/3586/289 1707/3553/289
f 1704/3556/289 1703/3555/289 1710/3554/289 1709/3557/289
f 1720/3548/310 1719/3545/310 1715/3547/310 1716/3549/310
f 1724/3528/310 1723/3551/310 1713/3550/310 1714/3529/310
f 1728/3565/310 1727/3531/310 1711/3530/310 1712/3582/310
f 1705/3570/310 1706/3527/310 1718/3526/310 1717/3571/310
f 1717/3588/311 1695/3589/311 1698/3590/311 1720/3591/311
f 1707/3566/310 1708/3573/310 1722/3572/310 1721/3567/310
f 1725/3592/312 1693/3593/312 1696/3594/312 1728/3595/312
f 1709/3560/310 1710/3569/310 1726/3568/310 1725/3561/310
f 1722/3596/313 1694/3597/313 1721/3598/313
f 1727/3599/314 1696/3600/314 1693/3601/314 1726/3602/314
f 1719/3603/315 1698/3604/315 1695/3605/315 1718/3606/315
f 1726/3607/313 1693/3608/313 1725/3609/313
f 1718/3610/313 1695/3611/313 1717/3612/313
f 1721/3613/316 1694/3614/316 1697/3615/316 1724/3616/316
f 1728/3617/317 1696/3618/317 1727/3619/317
f 1724/3620/317 1697/3621/317 1723/3622/317
f 1723/3623/318 1697/3624/318 1694/3625/318 1722/3626/318
f 1720/3627/317 1698/3628/317 1719/3629/317
f 1734/3630/310 1741/3631/310 1770/3632/310 1758/3633/310
f 1776/3634/310 1766/3635/310 1763/3636/310 1779/3637/310
f 1740/3638/287 1731/3639/287 1736/3640/287 1744/3641/287
f 1737/3642/288 1741/3643/288 1734/3644/288 1729/3645/288
f 1729/3646/289 1734/3647/289 1758/3648/289 1751/3649/289
f 1770/3632/310 1741/3631/310 1742/3650/310 1771/3651/310
f 1742/3650/310 1733/3652/310 1767/3653/310 1771/3651/310
f 1772/3654/310 1768/3655/310 1765/3656/310 1775/3657/310
f 1754/3658/289 1759/3659/289 1762/3660/289 1755/3661/289
f 1756/3662/289 1761/3663/289 1736/3664/289 1731/3665/289
f 1761/3666/310 1777/3667/310 1744/3668/310 1736/3669/310
f 1743/3670/310 1744/3668/310 1777/3667/310 1780/3671/310
f 1759/3672/310 1773/3673/310 1778/3674/310 1762/3675/310
f 1778/3674/310 1773/3673/310 1776/3634/310 1779/3637/310
f 1757/3676/310 1769/3677/310 1774/3678/310 1760/3679/310
f 1774/3678/310 1769/3677/310 1772/3654/310 1775/3657/310
f 1730/3680/288 1733/3681/288 1742/3682/288 1738/3683/288
f 1737/3642/288 1738/3683/288 1742/3682/288 1741/3643/288
f 1732/3684/287 1739/3685/287 1743/3686/287 1735/3687/287
f 1743/3686/287 1739/3685/287 1740/3638/287 1744/3641/287
f 1780/3671/310 1764/3688/310 1735/3689/310 1743/3670/310
f 1752/3690/289 1757/3691/289 1760/3692/289 1753/3693/289
f 1752/3690/289 1751/3649/289 1758/3648/289 1757/3691/289
f 1754/3658/289 1753/3693/289 1760/3692/289 1759/3659/289
f 1756/3662/289 1755/3661/289 1762/3660/289 1761/3663/289
f 1772/3654/310 1771/3651/310 1767/3653/310 1768/3655/310
f 1776/3634/310 1775/3657/310 1765/3656/310 1766/3635/310
f 1780/3671/310 1779/3637/310 1763/3636/310 1764/3688/310
f 1757/3676/310 1758/3633/310 1770/3632/310 1769/3677/310
f 1769/3694/311 1747/3695/311 1750/3696/311 1772/3697/311
f 1759/3672/310 1760/3679/310 1774/3678/310 1773/3673/310
f 1777/3698/312 1745/3699/312 1748/3700/312 1780/3701/312
f 1761/3666/310 1762/3675/310 1778/3674/310 1777/3667/310
f 1774/3702/313 1746/3703/313 1773/3704/313
f 1779/3705/314 1748/3706/314 1745/3707/314 1778/3708/314
f 1771/3709/315 1750/3710/315 1747/3711/315 1770/3712/315
f 1778/3713/313 1745/3714/313 1777/3715/313
f 1770/3716/313 1747/3717/313 1769/3718/313
f 1773/3719/316 1746/3720/316 1749/3721/316 1776/3722/316
f 1780/3723/317 1748/3724/317 1779/3725/317
f 1776/3726/317 1749/3727/317 1775/3728/317
f 1775/3729/318 1749/3730/318 1746/3731/318 1774/3732/318
f 1772/3733/317 1750/3734/317 1771/3735/317
f 1786/3736/310 1793/3737/310 1822/3738/310 1810/3739/310
f 1828/3740/310 1818/3741/310 1815/3742/310 1831/3743/310
f 1792/3744/287 1783/3745/287 1788/3746/287 1796/3747/287
f 1789/3748/288 1793/3749/288 1786/3750/288 1781/3751/288
f 1781/3752/289 1786/3753/289 1810/3754/289 1803/3755/289
f 1822/3738/310 1793/3737/310 1794/3756/310 1823/3757/310
f 1794/3756/310 1785/3758/310 1819/3759/310 1823/3757/310
f 1824/3760/310 1820/3761/310 1817/3762/310 1827/3763/310
f 1806/3764/289 1811/3765/289 1814/3766/289 1807/3767/289
f 1808/3768/289 1813/3769/289 1788/3770/289 1783/3771/289
f 1813/3772/310 1829/3773/310 1796/3774/310 1788/3775/310
f 1795/3776/310 1796/3774/310 1829/3773/310 1832/3777/310
f 1811/3778/310 1825/3779/310 1830/3780/310 1814/3781/310
f 1830/3780/310 1825/3779/310 1828/3740/310 1831/3743/310
f 1809/3782/310 1821/3783/310 1826/3784/310 1812/3785/310
f 1826/3784/310 1821/3783/310 1824/3760/310 1827/3763/310
f 1782/3786/288 1785/3787/288 1794/3788/288 1790/3789/288
f 1789/3748/288 1790/3789/288 1794/3788/288 1793/3749/288
f 1784/3790/287 1791/3791/287 1795/3792/287 1787/3793/287
f 1795/3792/287 1791/3791/287 1792/3744/287 1796/3747/287
f 1832/3777/310 1816/3794/310 1787/3795/310 1795/3776/310
f 1804/3796/289 1809/3797/289 1812/3798/289 1805/3799/289
f 1804/3796/289 1803/3755/289 1810/3754/289 1809/3797/289
f 1806/3764/289 1805/3799/289 1812/3798/289 1811/3765/289
f 1808/3768/289 1807/3767/289 1814/3766/289 1813/3769/289
f 1824/3760/310 1823/3757/310 1819/3759/310 1820/3761/310
f 1828/3740/310 1827/3763/310 1817/3762/310 1818/3741/310
f 1832/3777/310 1831/3743/310 1815/3742/310 1816/3794/310
f 1809/3782/310 1810/3739/310 1822/3738/310 1821/3783/310
f 1821/3800/311 1799/3801/311 1802/3802/311 1824/3803/311
f 1811/3778/310 1812/3785/310 1826/3784/310 1825/3779/310
f 1829/3804/312 1797/3805/312 1800/3806/312 1832/3807/312
f 1813/3772/310 1814/3781/310 1830/3780/310 1829/3773/310
f 1826/3808/313 1798/3809/313 1825/3810/313
f 1831/3811/314 1800/3812/314 1797/3813/314 1830/3814/314
f 1823/3815/315 1802/3816/315 1799/3817/315 1822/3818/315
f 1830/3819/313 1797/3820/313 1829/3821/313
f 1822/3822/313 1799/3823/313 1821/3824/313
f 1825/3825/316 1798/3826/316 1801/3827/316 1828/3828/316
f 1832/3829/317 1800/3830/317 1831/3831/317
f 1828/3832/317 1801/3833/317 1827/3834/317
f 1827/3835/318 1801/3836/318 1798/3837/318 1826/3838/318
f 1824/3839/317 1802/3840/317 1823/3841/317
f 1838/3842/310 1845/3843/310 1874/3844/310 1862/3845/310
f 1880/3846/310 1870/3847/310 1867/3848/310 1883/3849/310
f 1844/3850/287 1835/3851/287 1840/3852/287 1848/3853/287
f 1841/3854/288 1845/3855/288 1838/3856/288 1833/3857/288
f 1833/3858/289 1838/3859/289 1862/3860/289 1855/3861/289
f 1874/3844/310 1845/3843/310 1846/3862/310 1875/3863/310
f 1846/3862/310 1837/3864/310 1871/3865/310 1875/3863/310
f 1876/3866/310 1872/3867/310 1869/3868/310 1879/3869/310
f 1858/3870/289 1863/3871/289 1866/3872/289 1859/3873/289
f 1860/3874/289 1865/3875/289 1840/3876/289 1835/3877/289
f 1865/3878/310 1881/3879/310 1848/3880/310 1840/3881/310
f 1847/3882/310 1848/3880/310 1881/3879/310 1884/3883/310
f 1863/3884/310 1877/3885/310 1882/3886/310 1866/3887/310
f 1882/3886/310 1877/3885/310 1880/3846/310 1883/3849/310
f 1861/3888/310 1873/3889/310 1878/3890/310 1864/3891/310
f 1878/3890/310 1873/3889/310 1876/3866/310 1879/3869/310
f 1834/3892/288 1837/3893/288 1846/3894/288 1842/3895/288
f 1841/3854/288 1842/3895/288 1846/3894/288 1845/3855/288
f 1836/3896/287 1843/3897/287 1847/3898/287 1839/3899/287
f 1847/3898/287 1843/3897/287 1844/3850/287 1848/3853/287
f 1884/3883/310 1868/3900/310 1839/3901/310 1847/3882/310
f 1856/3902/289 1861/3903/289 1864/3904/289 1857/3905/289
f 1856/3902/289 1855/3861/289 1862/3860/289 1861/3903/289
f 1858/3870/289 1857/3905/289 1864/3904/289 1863/3871/289
f 1860/3874/289 1859/3873/289 1866/3872/289 1865/3875/289
f 1876/3866/310 1875/3863/310 1871/3865/310 1872/3867/310
f 1880/3846/310 1879/3869/310 1869/3868/310 1870/3847/310
f 1884/3883/310 1883/3849/310 1867/3848/310 1868/3900/310
f 1861/3888/310 1862/3845/310 1874/3844/310 1873/3889/310
f 1873/3906/311 1851/3907/311 1854/3908/311 1876/3909/311
f 1863/3884/310 1864/3891/310 1878/3890/310 1877/3885/310
f 1881/3910/312 1849/3911/312 1852/3912/312 1884/3913/312
f 1865/3878/310 1866/3887/310 1882/3886/310 1881/3879/310
f 1878/3914/313 1850/3915/313 1877/3916/313
f 1883/3917/314 1852/3918/314 1849/3919/314 1882/3920/314
f 1875/3921/315 1854/3922/315 1851/3923/315 1874/3924/315
f 1882/3925/313 1849/3926/313 1881/3927/313
f 1874/3928/313 1851/3929/313 1873/3930/313
f 1877/3931/316 1850/3932/316 1853/3933/316 1880/3934/316
f 1884/3935/317 1852/3936/317 1883/3937/317
f 1880/3938/317 1853/3939/317 1879/3940/317
f 1879/3941/318 1853/3942/318 1850/3943/318 1878/3944/318
f 1876/3945/317 1854/3946/317 1875/3947/317
f 1890/3948/298 1897/3949/298 1926/3950/298 1914/3951/298
f 1932/3952/298 1922/3953/298 1919/3954/298 1935/3955/298
f 1896/3956/300 1887/3957/300 1892/3958/300 1900/3959/300
f 1893/3960/299 1897/3961/299 1890/3962/299 1885/3963/299
f 1885/3964/289 1890/3965/289 1914/3966/289 1907/3967/289
f 1926/3950/298 1897/3949/298 1898/3968/298 1927/3969/298
f 1898/3968/298 1889/3970/298 1923/3971/298 1927/3969/298
f 1928/3972/298 1924/3973/298 1921/3974/298 1931/3975/298
f 1910/3976/289 1915/3977/289 1918/3978/289 1911/3979/289
f 1912/3980/289 1917/3981/289 1892/3982/289 1887/3983/289
f 1917/3984/298 1933/3985/298 1900/3986/298 1892/3987/298
f 1899/3988/298 1900/3986/298 1933/3985/298 1936/3989/298
f 1915/3990/298 1929/3991/298 1934/3992/298 1918/3993/298
f 1934/3992/298 1929/3991/298 1932/3952/298 1935/3955/298
f 1913/3994/298 1925/3995/298 1930/3996/298 1916/3997/298
f 1930/3996/298 1925/3995/298 1928/3972/298 1931/3975/298
f 1886/3998/299 1889/3999/299 1898/4000/299 1894/4001/299
f 1893/3960/299 1894/4001/299 1898/4000/299 1897/3961/299
f 1888/4002/300 1895/4003/300 1899/4004/300 1891/4005/300
f 1899/4004/300 1895/4003/300 1896/3956/300 1900/3959/300
f 1936/3989/298 1920/4006/298 1891/4007/298 1899/3988/298
f 1908/4008/289 1913/4009/289 1916/4010/289 1909/4011/289
f 1908/4008/289 1907/3967/289 1914/3966/289 1913/4009/289
f 1910/3976/289 1909/4011/289 1916/4010/289 1915/3977/289
f 1912/3980/289 1911/3979/289 1918/3978/289 1917/3981/289
f 1928/3972/298 1927/3969/298 1923/3971/298 1924/3973/298
f 1932/3952/298 1931/3975/298 1921/3974/298 1922/3953/298
f 1936/3989/298 1935/3955/298 1919/3954/298 1920/4006/298
f 1913/3994/298 1914/3951/298 1926/3950/298 1925/3995/298
f 1925/4012/304 1903/4013/304 1906/4014/304 1928/4015/304
f 1915/3990/298 1916/3997/298 1930/3996/298 1929/3991/298
f 1933/4016/305 1901/4017/305 1904/4018/305 1936/4019/305
f 1917/3984/298 1918/3993/298 1934/3992/298 1933/3985/298
f 1930/4020/303 1902/4021/303 1929/4022/303
f 1935/4023/301 1904/4024/301 1901/4025/301 1934/4026/301
f 1927/4027/302 1906/4028/302 1903/4029/302 1926/4030/302
f 1934/4031/306 1901/4032/306 1933/4033/306
f 1926/4034/306 1903/4035/306 1925/4036/306
f 1929/4037/309 1902/4038/309 1905/4039/309 1932/4040/309
f 1936/4041/308 1904/4042/308 1935/4043/308
f 1932/4044/308 1905/4045/308 1931/4046/308
f 1931/4047/307 1905/4048/307 1902/4049/307 1930/4050/307
f 1928/4051/308 1906/4052/308 1927/4053/308
o Cube.184_Cube.250
v 5.331538 0.861780 -1.142138
v 5.425663 0.350874 -1.148005
v 4.748442 4.026799 -0.800282
v 4.654317 4.537705 -0.806149
v 4.654317 4.537705 -1.099926
v 4.748442 4.026799 -1.105793
v 5.425663 0.350874 -0.758071
v 5.331538 0.861780 -0.763937
v 5.365609 0.829912 -1.107426
v 5.445563 0.395920 -1.112410
v 4.768342 4.071845 -0.833416
v 4.688387 4.505837 -0.838399
v 4.688387 4.505837 -1.067677
v 4.768342 4.071845 -1.072661
v 5.445563 0.395920 -0.793666
v 5.365608 0.829912 -0.798650
v 5.361270 0.853463 -1.131104
v 5.449902 0.372369 -1.136629
v 4.772681 4.048294 -0.809196
v 4.684049 4.529387 -0.814721
v 4.684049 4.529387 -1.091355
v 4.772681 4.048294 -1.096880
v 5.449902 0.372369 -0.769447
v 5.361270 0.853463 -0.774972
v 5.338874 0.798073 -1.081255
v 5.409237 0.416141 -1.085640
v 4.732017 4.092066 -0.860184
v 4.661653 4.473998 -0.864570
v 4.661653 4.473998 -1.041506
v 4.732017 4.092066 -1.045892
v 5.409237 0.416141 -0.820436
v 5.338873 0.798073 -0.824821
v 5.334078 0.824103 -1.107426
v 5.414033 0.390111 -1.112410
v 4.736812 4.066036 -0.833416
v 4.656857 4.500028 -0.838399
v 4.656857 4.500028 -1.067677
v 4.736812 4.066036 -1.072661
v 5.414033 0.390111 -0.793666
v 5.334078 0.824103 -0.798650
v 5.365376 0.773567 -1.054485
v 5.425266 0.448482 -1.058218
v 4.748045 4.124408 -0.886481
v 4.688155 4.449492 -0.890214
v 4.688155 4.449492 -1.015862
v 4.748045 4.124408 -1.019595
v 5.425266 0.448482 -0.847858
v 5.365376 0.773567 -0.851592
v 5.361136 0.796579 -1.077621
v 5.429506 0.425470 -1.081883
v 4.752285 4.101395 -0.862815
v 4.683915 4.472505 -0.867077
v 4.683915 4.472505 -1.038999
v 4.752285 4.101395 -1.043261
v 5.429506 0.425470 -0.824193
v 5.361135 0.796579 -0.828454
v 5.340518 0.768987 -1.054485
v 5.400408 0.443903 -1.058218
v 4.723187 4.119828 -0.886481
v 4.663296 4.444912 -0.890214
v 4.663296 4.444912 -1.015862
v 4.723187 4.119828 -1.019595
v 5.400408 0.443903 -0.847858
v 5.340517 0.768987 -0.851592
v 5.387797 0.623025 -1.066766
v 5.392568 0.597131 -1.067207
v 5.392568 0.597131 -0.838869
v 5.387796 0.623025 -0.839310
v 4.733314 4.175531 -0.880232
v 4.728543 4.201426 -0.880673
v 4.728543 4.201426 -1.025403
v 4.733314 4.175531 -1.025844
v 4.715347 4.273056 -0.881467
v 4.710576 4.298950 -0.881908
v 4.710576 4.298951 -1.024168
v 4.715347 4.273057 -1.024609
v 4.714417 4.167432 -0.880232
v 4.708001 4.202258 -0.880673
v 5.349288 0.721383 -1.065531
v 5.355703 0.686558 -1.065972
v 4.678483 4.362483 -0.882702
v 4.672066 4.397308 -0.883143
v 4.672066 4.397308 -1.022933
v 4.678483 4.362483 -1.023374
v 4.690033 4.299783 -1.024168
v 4.696450 4.264958 -1.024609
v 4.696450 4.264957 -0.881467
v 4.690033 4.299783 -0.881908
v 4.708001 4.202258 -1.025403
v 4.714417 4.167432 -1.025844
v 5.385221 0.526332 -1.068001
v 5.391638 0.491507 -1.068442
v 5.391638 0.491507 -0.837634
v 5.385221 0.526332 -0.838075
v 5.373671 0.589032 -0.838869
v 5.367254 0.623858 -0.839310
v 5.367255 0.623858 -1.066766
v 5.373671 0.589032 -1.067207
v 5.355703 0.686558 -0.840104
v 5.349287 0.721383 -0.840545
v 4.697380 4.370582 -1.023374
v 4.692608 4.396476 -1.022933
v 4.692608 4.396476 -0.883143
v 4.697380 4.370582 -0.882702
v 5.369829 0.720550 -0.840545
v 5.374600 0.694656 -0.840104
v 5.374600 0.694656 -1.065972
v 5.369830 0.720551 -1.065531
v 5.405764 0.525500 -0.838075
v 5.410535 0.499606 -0.837634
v 5.410535 0.499606 -1.068442
v 5.405764 0.525500 -1.068001
v 5.331538 0.861780 -3.194580
v 5.425662 0.350874 -3.200447
v 4.748442 4.026799 -2.852724
v 4.654317 4.537705 -2.858591
v 4.654317 4.537705 -3.152368
v 4.748442 4.026799 -3.158235
v 5.425663 0.350874 -2.810513
v 5.331538 0.861780 -2.816379
v 5.365609 0.829912 -3.159868
v 5.445563 0.395920 -3.164851
v 4.768342 4.071845 -2.885857
v 4.688388 4.505837 -2.890841
v 4.688387 4.505837 -3.120119
v 4.768342 4.071845 -3.125102
v 5.445563 0.395920 -2.846108
v 5.365608 0.829912 -2.851092
v 5.361270 0.853463 -3.183546
v 5.449902 0.372369 -3.189070
v 4.772681 4.048294 -2.861638
v 4.684049 4.529387 -2.867162
v 4.684049 4.529387 -3.143797
v 4.772681 4.048294 -3.149321
v 5.449902 0.372369 -2.821889
v 5.361270 0.853463 -2.827414
v 5.338874 0.798073 -3.133697
v 5.409237 0.416141 -3.138082
v 4.732017 4.092066 -2.912626
v 4.661653 4.473998 -2.917012
v 4.661653 4.473998 -3.093948
v 4.732017 4.092066 -3.098333
v 5.409237 0.416141 -2.872877
v 5.338873 0.798073 -2.877263
v 5.334078 0.824103 -3.159868
v 5.414033 0.390111 -3.164851
v 4.736812 4.066036 -2.885857
v 4.656857 4.500028 -2.890841
v 4.656857 4.500028 -3.120119
v 4.736812 4.066036 -3.125102
v 5.414033 0.390111 -2.846108
v 5.334078 0.824103 -2.851092
v 5.365376 0.773567 -3.106926
v 5.425266 0.448482 -3.110659
v 4.748045 4.124408 -2.938922
v 4.688155 4.449492 -2.942656
v 4.688155 4.449492 -3.068304
v 4.748046 4.124408 -3.072037
v 5.425266 0.448482 -2.900300
v 5.365376 0.773567 -2.904033
v 5.361136 0.796579 -3.130063
v 5.429506 0.425470 -3.134325
v 4.752285 4.101395 -2.915257
v 4.683915 4.472505 -2.919518
v 4.683915 4.472505 -3.091441
v 4.752285 4.101395 -3.095702
v 5.429506 0.425470 -2.876635
v 5.361135 0.796579 -2.880896
v 5.340518 0.768987 -3.106926
v 5.400408 0.443903 -3.110659
v 4.723186 4.119828 -2.938922
v 4.663296 4.444912 -2.942656
v 4.663296 4.444912 -3.068304
v 4.723187 4.119828 -3.072037
v 5.400408 0.443903 -2.900300
v 5.340517 0.768987 -2.904033
v 5.387797 0.623025 -3.119208
v 5.392568 0.597131 -3.119649
v 5.392568 0.597131 -2.891311
v 5.387796 0.623025 -2.891751
v 4.733314 4.175531 -2.932674
v 4.728543 4.201426 -2.933115
v 4.728543 4.201426 -3.077845
v 4.733314 4.175531 -3.078285
v 4.715346 4.273056 -2.933909
v 4.710576 4.298950 -2.934350
v 4.710576 4.298951 -3.076609
v 4.715347 4.273057 -3.077050
v 4.714417 4.167432 -2.932674
v 4.708001 4.202258 -2.933115
v 5.349288 0.721383 -3.117972
v 5.355703 0.686558 -3.118413
v 4.678483 4.362483 -2.935144
v 4.672066 4.397308 -2.935585
v 4.672066 4.397308 -3.075374
v 4.678483 4.362483 -3.075815
v 4.690033 4.299783 -3.076609
v 4.696450 4.264958 -3.077050
v 4.696449 4.264957 -2.933909
v 4.690034 4.299783 -2.934350
v 4.708001 4.202258 -3.077845
v 4.714417 4.167432 -3.078285
v 5.385221 0.526332 -3.120443
v 5.391638 0.491507 -3.120884
v 5.391638 0.491507 -2.890075
v 5.385221 0.526332 -2.890516
v 5.373671 0.589032 -2.891311
v 5.367254 0.623858 -2.891751
v 5.367255 0.623858 -3.119208
v 5.373671 0.589032 -3.119649
v 5.355703 0.686558 -2.892546
v 5.349287 0.721383 -2.892987
v 4.697380 4.370582 -3.075815
v 4.692608 4.396476 -3.075374
v 4.692608 4.396476 -2.935585
v 4.697380 4.370582 -2.935144
v 5.369829 0.720550 -2.892987
v 5.374600 0.694656 -2.892546
v 5.374600 0.694656 -3.118413
v 5.369830 0.720551 -3.117972
v 5.405764 0.525500 -2.890516
v 5.410535 0.499606 -2.890075
v 5.410535 0.499606 -3.120884
v 5.405764 0.525500 -3.120443
v 5.331538 0.861780 2.833951
v 5.425663 0.350874 2.828084
v 4.748442 4.026799 3.175807
v 4.654317 4.537705 3.169940
v 4.654317 4.537705 2.876163
v 4.748442 4.026799 2.870296
v 5.425663 0.350874 3.218018
v 5.331538 0.861780 3.212152
v 5.365609 0.829912 2.868663
v 5.445563 0.395920 2.863680
v 4.768342 4.071845 3.142674
v 4.688387 4.505837 3.137691
v 4.688387 4.505837 2.908412
v 4.768342 4.071845 2.903430
v 5.445563 0.395920 3.182424
v 5.365608 0.829912 3.177439
v 5.361270 0.853463 2.844985
v 5.449902 0.372369 2.839461
v 4.772681 4.048294 3.166893
v 4.684049 4.529387 3.161368
v 4.684049 4.529387 2.884734
v 4.772681 4.048294 2.879210
v 5.449902 0.372369 3.206642
v 5.361269 0.853463 3.201118
v 5.338874 0.798073 2.894835
v 5.409237 0.416141 2.890449
v 4.732017 4.092066 3.115905
v 4.661653 4.473998 3.111520
v 4.661653 4.473998 2.934584
v 4.732017 4.092066 2.930198
v 5.409237 0.416141 3.155654
v 5.338873 0.798073 3.151268
v 5.334078 0.824103 2.868663
v 5.414033 0.390111 2.863680
v 4.736812 4.066036 3.142674
v 4.656857 4.500028 3.137691
v 4.656857 4.500028 2.908412
v 4.736812 4.066036 2.903430
v 5.414033 0.390111 3.182424
v 5.334078 0.824103 3.177439
v 5.365376 0.773567 2.921605
v 5.425266 0.448482 2.917871
v 4.748045 4.124408 3.089609
v 4.688155 4.449492 3.085876
v 4.688155 4.449492 2.960227
v 4.748045 4.124408 2.956495
v 5.425266 0.448482 3.128231
v 5.365376 0.773567 3.124498
v 5.361136 0.796579 2.898468
v 5.429506 0.425470 2.894207
v 4.752285 4.101395 3.113274
v 4.683915 4.472505 3.109013
v 4.683915 4.472505 2.937091
v 4.752285 4.101395 2.932829
v 5.429506 0.425470 3.151896
v 5.361136 0.796579 3.147635
v 5.340518 0.768987 2.921605
v 5.400408 0.443903 2.917871
v 4.723187 4.119828 3.089609
v 4.663296 4.444912 3.085876
v 4.663296 4.444912 2.960227
v 4.723187 4.119828 2.956495
v 5.400408 0.443903 3.128231
v 5.340517 0.768987 3.124498
v 5.387797 0.623025 2.909323
v 5.392568 0.597131 2.908882
v 5.392568 0.597131 3.137220
v 5.387796 0.623025 3.136780
v 4.733314 4.175531 3.095858
v 4.728543 4.201426 3.095417
v 4.728543 4.201426 2.950687
v 4.733314 4.175531 2.950245
v 4.715347 4.273056 3.094622
v 4.710576 4.298950 3.094181
v 4.710576 4.298951 2.951922
v 4.715347 4.273057 2.951481
v 4.714417 4.167432 3.095857
v 4.708001 4.202258 3.095417
v 5.349288 0.721383 2.910558
v 5.355703 0.686558 2.910118
v 4.678483 4.362483 3.093387
v 4.672066 4.397308 3.092947
v 4.672066 4.397308 2.953157
v 4.678483 4.362483 2.952716
v 4.690033 4.299783 2.951922
v 4.696450 4.264958 2.951480
v 4.696450 4.264957 3.094622
v 4.690033 4.299783 3.094181
v 4.708001 4.202258 2.950687
v 4.714417 4.167432 2.950245
v 5.385221 0.526332 2.908089
v 5.391638 0.491507 2.907647
v 5.391638 0.491507 3.138456
v 5.385221 0.526332 3.138015
v 5.373671 0.589032 3.137220
v 5.367254 0.623858 3.136780
v 5.367255 0.623858 2.909323
v 5.373671 0.589032 2.908882
v 5.355703 0.686558 3.135985
v 5.349287 0.721383 3.135544
v 4.697380 4.370582 2.952715
v 4.692608 4.396476 2.953157
v 4.692608 4.396476 3.092947
v 4.697380 4.370582 3.093386
v 5.369829 0.720550 3.135544
v 5.374600 0.694656 3.135985
v 5.374600 0.694656 2.910117
v 5.369830 0.720551 2.910558
v 5.405764 0.525500 3.138015
v 5.410535 0.499606 3.138455
v 5.410535 0.499606 2.907647
v 5.405764 0.525500 2.908089
v 5.331538 0.861780 0.781510
v 5.425663 0.350874 0.775643
v 4.748442 4.026799 1.123365
v 4.654317 4.537705 1.117498
v 4.654317 4.537705 0.823722
v 4.748442 4.026799 0.817855
v 5.425663 0.350874 1.165577
v 5.331538 0.861780 1.159710
v 5.365609 0.829912 0.816223
v 5.445563 0.395920 0.811238
v 4.768342 4.071845 1.090233
v 4.688387 4.505837 1.085249
v 4.688387 4.505837 0.855971
v 4.768342 4.071845 0.850987
v 5.445563 0.395920 1.129982
v 5.365608 0.829912 1.124998
v 5.361270 0.853463 0.792544
v 5.449902 0.372369 0.787019
v 4.772681 4.048294 1.114452
v 4.684049 4.529387 1.108928
v 4.684049 4.529387 0.832293
v 4.772681 4.048294 0.826768
v 5.449902 0.372369 1.154201
v 5.361269 0.853463 1.148676
v 5.338874 0.798073 0.842393
v 5.409237 0.416141 0.838007
v 4.732017 4.092066 1.063464
v 4.661653 4.473998 1.059078
v 4.661653 4.473998 0.882142
v 4.732017 4.092066 0.877756
v 5.409237 0.416141 1.103213
v 5.338873 0.798073 1.098827
v 5.334078 0.824103 0.816223
v 5.414033 0.390111 0.811238
v 4.736812 4.066036 1.090233
v 4.656857 4.500028 1.085249
v 4.656857 4.500028 0.855971
v 4.736812 4.066036 0.850987
v 5.414033 0.390111 1.129982
v 5.334078 0.824103 1.124998
v 5.365376 0.773567 0.869163
v 5.425266 0.448482 0.865431
v 4.748045 4.124408 1.037167
v 4.688155 4.449492 1.033434
v 4.688155 4.449492 0.907786
v 4.748045 4.124408 0.904053
v 5.425266 0.448482 1.075789
v 5.365376 0.773567 1.072057
v 5.361136 0.796579 0.846026
v 5.429506 0.425470 0.841765
v 4.752285 4.101395 1.060833
v 4.683915 4.472505 1.056571
v 4.683915 4.472505 0.884649
v 4.752285 4.101395 0.880387
v 5.429506 0.425470 1.099455
v 5.361136 0.796579 1.095193
v 5.340518 0.768987 0.869163
v 5.400408 0.443903 0.865431
v 4.723187 4.119828 1.037167
v 4.663296 4.444912 1.033434
v 4.663296 4.444912 0.907786
v 4.723187 4.119828 0.904053
v 5.400408 0.443903 1.075789
v 5.340517 0.768987 1.072057
v 5.387797 0.623025 0.856882
v 5.392568 0.597131 0.856441
v 5.392568 0.597131 1.084779
v 5.387796 0.623025 1.084338
v 4.733314 4.175531 1.043416
v 4.728543 4.201426 1.042975
v 4.728543 4.201426 0.898245
v 4.733314 4.175531 0.897804
v 4.715347 4.273056 1.042181
v 4.710576 4.298950 1.041740
v 4.710576 4.298951 0.899480
v 4.715347 4.273057 0.899039
v 4.714417 4.167432 1.043416
v 4.708001 4.202258 1.042975
v 5.349288 0.721383 0.858118
v 5.355703 0.686558 0.857677
v 4.678483 4.362483 1.040946
v 4.672066 4.397308 1.040505
v 4.672066 4.397308 0.900715
v 4.678483 4.362483 0.900275
v 4.690033 4.299783 0.899480
v 4.696450 4.264958 0.899039
v 4.696450 4.264957 1.042181
v 4.690033 4.299783 1.041740
v 4.708001 4.202258 0.898245
v 4.714417 4.167432 0.897804
v 5.385221 0.526332 0.855647
v 5.391638 0.491507 0.855206
v 5.391638 0.491507 1.086015
v 5.385221 0.526332 1.085573
v 5.373671 0.589032 1.084779
v 5.367254 0.623858 1.084338
v 5.367255 0.623858 0.856882
v 5.373671 0.589032 0.856441
v 5.355703 0.686558 1.083544
v 5.349287 0.721383 1.083103
v 4.697380 4.370582 0.900275
v 4.692608 4.396476 0.900715
v 4.692608 4.396476 1.040505
v 4.697380 4.370582 1.040946
v 5.369829 0.720550 1.083103
v 5.374600 0.694656 1.083544
v 5.374600 0.694656 0.857677
v 5.369830 0.720551 0.858118
v 5.405764 0.525500 1.085573
v 5.410535 0.499606 1.086015
v 5.410535 0.499606 0.855206
v 5.405764 0.525500 0.855647
v 0.967755 0.861780 -9.325498
v 0.961888 0.350874 -9.419622
v 1.309610 4.026799 -8.742400
v 1.303743 4.537704 -8.648276
v 1.009966 4.537704 -8.648276
v 1.004099 4.026799 -8.742401
v 1.351822 0.350874 -9.419621
v 1.345955 0.861780 -9.325496
v 1.002466 0.829912 -9.359568
v 0.997483 0.395920 -9.439523
v 1.276477 4.071845 -8.762301
v 1.271493 4.505836 -8.682346
v 1.042215 4.505836 -8.682346
v 1.037232 4.071845 -8.762302
v 1.316226 0.395920 -9.439523
v 1.311242 0.829912 -9.359567
v 0.978789 0.853463 -9.355229
v 0.973264 0.372369 -9.443862
v 1.300696 4.048294 -8.766641
v 1.295172 4.529387 -8.678008
v 1.018538 4.529387 -8.678008
v 1.013013 4.048294 -8.766641
v 1.340445 0.372369 -9.443861
v 1.334920 0.853463 -9.355228
v 1.028638 0.798073 -9.332833
v 1.024252 0.416141 -9.403197
v 1.249708 4.092066 -8.725975
v 1.245322 4.473998 -8.655612
v 1.068386 4.473998 -8.655612
v 1.064000 4.092066 -8.725976
v 1.289457 0.416141 -9.403195
v 1.285071 0.798073 -9.332833
v 1.002466 0.824103 -9.328037
v 0.997483 0.390111 -9.407992
v 1.276477 4.066036 -8.730771
v 1.271493 4.500028 -8.650816
v 1.042215 4.500028 -8.650816
v 1.037232 4.066036 -8.730772
v 1.316226 0.390111 -9.407992
v 1.311242 0.824103 -9.328036
v 1.055408 0.773567 -9.359336
v 1.051675 0.448483 -9.419227
v 1.223412 4.124408 -8.742004
v 1.219679 4.449492 -8.682113
v 1.094030 4.449492 -8.682115
v 1.090297 4.124408 -8.742005
v 1.262035 0.448483 -9.419225
v 1.258301 0.773567 -9.359335
v 1.032271 0.796579 -9.355096
v 1.028010 0.425470 -9.423465
v 1.247077 4.101395 -8.746243
v 1.242815 4.472505 -8.677874
v 1.070893 4.472505 -8.677875
v 1.066631 4.101395 -8.746244
v 1.285700 0.425470 -9.423465
v 1.281438 0.796579 -9.355095
v 1.055408 0.768987 -9.334477
v 1.051675 0.443903 -9.394368
v 1.223412 4.119828 -8.717146
v 1.219679 4.444912 -8.657254
v 1.094030 4.444912 -8.657256
v 1.090297 4.119828 -8.717147
v 1.262035 0.443903 -9.394366
v 1.258301 0.768987 -9.334476
v 1.043126 0.623025 -9.381757
v 1.042686 0.597131 -9.386527
v 1.271024 0.597131 -9.386527
v 1.270582 0.623025 -9.381756
v 1.229660 4.175531 -8.727273
v 1.229220 4.201426 -8.722501
v 1.084490 4.201426 -8.722503
v 1.084048 4.175531 -8.727273
v 1.228425 4.273056 -8.709306
v 1.227984 4.298950 -8.704535
v 1.085725 4.298951 -8.704535
v 1.085283 4.273057 -8.709307
v 1.229660 4.167432 -8.708376
v 1.229220 4.202258 -8.701959
v 1.044361 0.721383 -9.343246
v 1.043921 0.686558 -9.349662
v 1.227190 4.362483 -8.672441
v 1.226749 4.397308 -8.666025
v 1.086960 4.397308 -8.666025
v 1.086518 4.362483 -8.672442
v 1.085725 4.299783 -8.683993
v 1.085283 4.264958 -8.690409
v 1.228425 4.264957 -8.690409
v 1.227984 4.299783 -8.683992
v 1.084490 4.202258 -8.701961
v 1.084048 4.167432 -8.708377
v 1.041891 0.526332 -9.379181
v 1.041450 0.491507 -9.385597
v 1.272259 0.491507 -9.385596
v 1.271817 0.526332 -9.379180
v 1.271024 0.589032 -9.367629
v 1.270582 0.623858 -9.361214
v 1.043126 0.623858 -9.361215
v 1.042686 0.589032 -9.367631
v 1.269788 0.686558 -9.349662
v 1.269347 0.721383 -9.343246
v 1.086518 4.370582 -8.691339
v 1.086960 4.396476 -8.686567
v 1.226749 4.396476 -8.686567
v 1.227190 4.370582 -8.691339
v 1.269347 0.720551 -9.363788
v 1.269788 0.694656 -9.368560
v 1.043921 0.694656 -9.368560
v 1.044361 0.720551 -9.363789
v 1.271817 0.525500 -9.399722
v 1.272259 0.499606 -9.404494
v 1.041450 0.499606 -9.404494
v 1.041891 0.525500 -9.399723
v -5.331538 0.861780 -1.142138
v -5.425663 0.350874 -1.148005
v -4.748442 4.026799 -0.800282
v -4.654317 4.537705 -0.806149
v -4.654317 4.537705 -1.099926
v -4.748442 4.026799 -1.105793
v -5.425663 0.350874 -0.758071
v -5.331538 0.861780 -0.763937
v -5.365609 0.829912 -1.107426
v -5.445563 0.395920 -1.112410
v -4.768342 4.071845 -0.833416
v -4.688387 4.505837 -0.838399
v -4.688387 4.505837 -1.067677
v -4.768342 4.071845 -1.072661
v -5.445563 0.395920 -0.793666
v -5.365608 0.829912 -0.798650
v -5.361270 0.853463 -1.131104
v -5.449902 0.372369 -1.136629
v -4.772681 4.048294 -0.809196
v -4.684049 4.529387 -0.814721
v -4.684049 4.529387 -1.091355
v -4.772681 4.048294 -1.096880
v -5.449902 0.372369 -0.769447
v -5.361270 0.853463 -0.774972
v -5.338874 0.798073 -1.081255
v -5.409237 0.416141 -1.085640
v -4.732017 4.092066 -0.860184
v -4.661653 4.473998 -0.864570
v -4.661653 4.473998 -1.041506
v -4.732017 4.092066 -1.045892
v -5.409237 0.416141 -0.820436
v -5.338873 0.798073 -0.824821
v -5.334078 0.824103 -1.107426
v -5.414033 0.390111 -1.112410
v -4.736812 4.066036 -0.833416
v -4.656857 4.500028 -0.838399
v -4.656857 4.500028 -1.067677
v -4.736812 4.066036 -1.072661
v -5.414033 0.390111 -0.793666
v -5.334078 0.824103 -0.798650
v -5.365376 0.773567 -1.054485
v -5.425266 0.448482 -1.058218
v -4.748045 4.124408 -0.886481
v -4.688155 4.449492 -0.890214
v -4.688155 4.449492 -1.015862
v -4.748045 4.124408 -1.019595
v -5.425266 0.448482 -0.847858
v -5.365376 0.773567 -0.851592
v -5.361136 0.796579 -1.077621
v -5.429506 0.425470 -1.081883
v -4.752285 4.101395 -0.862815
v -4.683915 4.472505 -0.867077
v -4.683915 4.472505 -1.038999
v -4.752285 4.101395 -1.043261
v -5.429506 0.425470 -0.824193
v -5.361135 0.796579 -0.828454
v -5.340518 0.768987 -1.054485
v -5.400408 0.443903 -1.058218
v -4.723187 4.119828 -0.886481
v -4.663296 4.444912 -0.890214
v -4.663296 4.444912 -1.015862
v -4.723187 4.119828 -1.019595
v -5.400408 0.443903 -0.847858
v -5.340517 0.768987 -0.851592
v -5.387797 0.623025 -1.066766
v -5.392568 0.597131 -1.067207
v -5.392568 0.597131 -0.838869
v -5.387796 0.623025 -0.839310
v -4.733314 4.175531 -0.880232
v -4.728543 4.201426 -0.880673
v -4.728543 4.201426 -1.025403
v -4.733314 4.175531 -1.025844
v -4.715347 4.273056 -0.881467
v -4.710576 4.298950 -0.881908
v -4.710576 4.298951 -1.024168
v -4.715347 4.273057 -1.024609
v -4.714417 4.167432 -0.880232
v -4.708001 4.202258 -0.880673
v -5.349288 0.721383 -1.065531
v -5.355703 0.686558 -1.065972
v -4.678483 4.362483 -0.882702
v -4.672066 4.397308 -0.883143
v -4.672066 4.397308 -1.022933
v -4.678483 4.362483 -1.023374
v -4.690033 4.299783 -1.024168
v -4.696450 4.264958 -1.024609
v -4.696450 4.264957 -0.881467
v -4.690033 4.299783 -0.881908
v -4.708001 4.202258 -1.025403
v -4.714417 4.167432 -1.025844
v -5.385221 0.526332 -1.068001
v -5.391638 0.491507 -1.068442
v -5.391638 0.491507 -0.837634
v -5.385221 0.526332 -0.838075
v -5.373671 0.589032 -0.838869
v -5.367254 0.623858 -0.839310
v -5.367255 0.623858 -1.066766
v -5.373671 0.589032 -1.067207
v -5.355703 0.686558 -0.840104
v -5.349287 0.721383 -0.840545
v -4.697380 4.370582 -1.023374
v -4.692608 4.396476 -1.022933
v -4.692608 4.396476 -0.883143
v -4.697380 4.370582 -0.882702
v -5.369829 0.720550 -0.840545
v -5.374600 0.694656 -0.840104
v -5.374600 0.694656 -1.065972
v -5.369830 0.720551 -1.065531
v -5.405764 0.525500 -0.838075
v -5.410535 0.499606 -0.837634
v -5.410535 0.499606 -1.068442
v -5.405764 0.525500 -1.068001
v -5.331538 0.861780 -3.194580
v -5.425662 0.350874 -3.200447
v -4.748442 4.026799 -2.852724
v -4.654317 4.537705 -2.858591
v -4.654317 4.537705 -3.152368
v -4.748442 4.026799 -3.158235
v -5.425663 0.350874 -2.810513
v -5.331538 0.861780 -2.816379
v -5.365609 0.829912 -3.159868
v -5.445563 0.395920 -3.164851
v -4.768342 4.071845 -2.885857
v -4.688388 4.505837 -2.890841
v -4.688387 4.505837 -3.120119
v -4.768342 4.071845 -3.125102
v -5.445563 0.395920 -2.846108
v -5.365608 0.829912 -2.851092
v -5.361270 0.853463 -3.183546
v -5.449902 0.372369 -3.189070
v -4.772681 4.048294 -2.861638
v -4.684049 4.529387 -2.867162
v -4.684049 4.529387 -3.143797
v -4.772681 4.048294 -3.149321
v -5.449902 0.372369 -2.821889
v -5.361270 0.853463 -2.827414
v -5.338874 0.798073 -3.133697
v -5.409237 0.416141 -3.138082
v -4.732017 4.092066 -2.912626
v -4.661653 4.473998 -2.917012
v -4.661653 4.473998 -3.093948
v -4.732017 4.092066 -3.098333
v -5.409237 0.416141 -2.872877
v -5.338873 0.798073 -2.877263
v -5.334078 0.824103 -3.159868
v -5.414033 0.390111 -3.164851
v -4.736812 4.066036 -2.885857
v -4.656857 4.500028 -2.890841
v -4.656857 4.500028 -3.120119
v -4.736812 4.066036 -3.125102
v -5.414033 0.390111 -2.846108
v -5.334078 0.824103 -2.851092
v -5.365376 0.773567 -3.106926
v -5.425266 0.448482 -3.110659
v -4.748045 4.124408 -2.938922
v -4.688155 4.449492 -2.942656
v -4.688155 4.449492 -3.068304
v -4.748046 4.124408 -3.072037
v -5.425266 0.448482 -2.900300
v -5.365376 0.773567 -2.904033
v -5.361136 0.796579 -3.130063
v -5.429506 0.425470 -3.134325
v -4.752285 4.101395 -2.915257
v -4.683915 4.472505 -2.919518
v -4.683915 4.472505 -3.091441
v -4.752285 4.101395 -3.095702
v -5.429506 0.425470 -2.876635
v -5.361135 0.796579 -2.880896
v -5.340518 0.768987 -3.106926
v -5.400408 0.443903 -3.110659
v -4.723186 4.119828 -2.938922
v -4.663296 4.444912 -2.942656
v -4.663296 4.444912 -3.068304
v -4.723187 4.119828 -3.072037
v -5.400408 0.443903 -2.900300
v -5.340517 0.768987 -2.904033
v -5.387797 0.623025 -3.119208
v -5.392568 0.597131 -3.119649
v -5.392568 0.597131 -2.891311
v -5.387796 0.623025 -2.891751
v -4.733314 4.175531 -2.932674
v -4.728543 4.201426 -2.933115
v -4.728543 4.201426 -3.077845
v -4.733314 4.175531 -3.078285
v -4.715346 4.273056 -2.933909
v -4.710576 4.298950 -2.934350
v -4.710576 4.298951 -3.076609
v -4.715347 4.273057 -3.077050
v -4.714417 4.167432 -2.932674
v -4.708001 4.202258 -2.933115
v -5.349288 0.721383 -3.117972
v -5.355703 0.686558 -3.118413
v -4.678483 4.362483 -2.935144
v -4.672066 4.397308 -2.935585
v -4.672066 4.397308 -3.075374
v -4.678483 4.362483 -3.075815
v -4.690033 4.299783 -3.076609
v -4.696450 4.264958 -3.077050
v -4.696449 4.264957 -2.933909
v -4.690034 4.299783 -2.934350
v -4.708001 4.202258 -3.077845
v -4.714417 4.167432 -3.078285
v -5.385221 0.526332 -3.120443
v -5.391638 0.491507 -3.120884
v -5.391638 0.491507 -2.890075
v -5.385221 0.526332 -2.890516
v -5.373671 0.589032 -2.891311
v -5.367254 0.623858 -2.891751
v -5.367255 0.623858 -3.119208
v -5.373671 0.589032 -3.119649
v -5.355703 0.686558 -2.892546
v -5.349287 0.721383 -2.892987
v -4.697380 4.370582 -3.075815
v -4.692608 4.396476 -3.075374
v -4.692608 4.396476 -2.935585
v -4.697380 4.370582 -2.935144
v -5.369829 0.720550 -2.892987
v -5.374600 0.694656 -2.892546
v -5.374600 0.694656 -3.118413
v -5.369830 0.720551 -3.117972
v -5.405764 0.525500 -2.890516
v -5.410535 0.499606 -2.890075
v -5.410535 0.499606 -3.120884
v -5.405764 0.525500 -3.120443
v -5.331538 0.861780 2.833951
v -5.425663 0.350874 2.828084
v -4.748442 4.026799 3.175807
v -4.654317 4.537705 3.169940
v -4.654317 4.537705 2.876163
v -4.748442 4.026799 2.870296
v -5.425663 0.350874 3.218018
v -5.331538 0.861780 3.212152
v -5.365609 0.829912 2.868663
v -5.445563 0.395920 2.863680
v -4.768342 4.071845 3.142674
v -4.688387 4.505837 3.137691
v -4.688387 4.505837 2.908412
v -4.768342 4.071845 2.903430
v -5.445563 0.395920 3.182424
v -5.365608 0.829912 3.177439
v -5.361270 0.853463 2.844985
v -5.449902 0.372369 2.839461
v -4.772681 4.048294 3.166893
v -4.684049 4.529387 3.161368
v -4.684049 4.529387 2.884734
v -4.772681 4.048294 2.879210
v -5.449902 0.372369 3.206642
v -5.361269 0.853463 3.201118
v -5.338874 0.798073 2.894835
v -5.409237 0.416141 2.890449
v -4.732017 4.092066 3.115905
v -4.661653 4.473998 3.111520
v -4.661653 4.473998 2.934584
v -4.732017 4.092066 2.930198
v -5.409237 0.416141 3.155654
v -5.338873 0.798073 3.151268
v -5.334078 0.824103 2.868663
v -5.414033 0.390111 2.863680
v -4.736812 4.066036 3.142674
v -4.656857 4.500028 3.137691
v -4.656857 4.500028 2.908412
v -4.736812 4.066036 2.903430
v -5.414033 0.390111 3.182424
v -5.334078 0.824103 3.177439
v -5.365376 0.773567 2.921605
v -5.425266 0.448482 2.917871
v -4.748045 4.124408 3.089609
v -4.688155 4.449492 3.085876
v -4.688155 4.449492 2.960227
v -4.748045 4.124408 2.956495
v -5.425266 0.448482 3.128231
v -5.365376 0.773567 3.124498
v -5.361136 0.796579 2.898468
v -5.429506 0.425470 2.894207
v -4.752285 4.101395 3.113274
v -4.683915 4.472505 3.109013
v -4.683915 4.472505 2.937091
v -4.752285 4.101395 2.932829
v -5.429506 0.425470 3.151896
v -5.361136 0.796579 3.147635
v -5.340518 0.768987 2.921605
v -5.400408 0.443903 2.917871
v -4.723187 4.119828 3.089609
v -4.663296 4.444912 3.085876
v -4.663296 4.444912 2.960227
v -4.723187 4.119828 2.956495
v -5.400408 0.443903 3.128231
v -5.340517 0.768987 3.124498
v -5.387797 0.623025 2.909323
v -5.392568 0.597131 2.908882
v -5.392568 0.597131 3.137220
v -5.387796 0.623025 3.136780
v -4.733314 4.175531 3.095858
v -4.728543 4.201426 3.095417
v -4.728543 4.201426 2.950687
v -4.733314 4.175531 2.950245
v -4.715347 4.273056 3.094622
v -4.710576 4.298950 3.094181
v -4.710576 4.298951 2.951922
v -4.715347 4.273057 2.951481
v -4.714417 4.167432 3.095857
v -4.708001 4.202258 3.095417
v -5.349288 0.721383 2.910558
v -5.355703 0.686558 2.910118
v -4.678483 4.362483 3.093387
v -4.672066 4.397308 3.092947
v -4.672066 4.397308 2.953157
v -4.678483 4.362483 2.952716
v -4.690033 4.299783 2.951922
v -4.696450 4.264958 2.951480
v -4.696450 4.264957 3.094622
v -4.690033 4.299783 3.094181
v -4.708001 4.202258 2.950687
v -4.714417 4.167432 2.950245
v -5.385221 0.526332 2.908089
v -5.391638 0.491507 2.907647
v -5.391638 0.491507 3.138456
v -5.385221 0.526332 3.138015
v -5.373671 0.589032 3.137220
v -5.367254 0.623858 3.136780
v -5.367255 0.623858 2.909323
v -5.373671 0.589032 2.908882
v -5.355703 0.686558 3.135985
v -5.349287 0.721383 3.135544
v -4.697380 4.370582 2.952715
v -4.692608 4.396476 2.953157
v -4.692608 4.396476 3.092947
v -4.697380 4.370582 3.093386
v -5.369829 0.720550 3.135544
v -5.374600 0.694656 3.135985
v -5.374600 0.694656 2.910117
v -5.369830 0.720551 2.910558
v -5.405764 0.525500 3.138015
v -5.410535 0.499606 3.138455
v -5.410535 0.499606 2.907647
v -5.405764 0.525500 2.908089
v -5.331538 0.861780 0.781510
v -5.425663 0.350874 0.775643
v -4.748442 4.026799 1.123365
v -4.654317 4.537705 1.117498
v -4.654317 4.537705 0.823722
v -4.748442 4.026799 0.817855
v -5.425663 0.350874 1.165577
v -5.331538 0.861780 1.159710
v -5.365609 0.829912 0.816223
v -5.445563 0.395920 0.811238
v -4.768342 4.071845 1.090233
v -4.688387 4.505837 1.085249
v -4.688387 4.505837 0.855971
v -4.768342 4.071845 0.850987
v -5.445563 0.395920 1.129982
v -5.365608 0.829912 1.124998
v -5.361270 0.853463 0.792544
v -5.449902 0.372369 0.787019
v -4.772681 4.048294 1.114452
v -4.684049 4.529387 1.108928
v -4.684049 4.529387 0.832293
v -4.772681 4.048294 0.826768
v -5.449902 0.372369 1.154201
v -5.361269 0.853463 1.148676
v -5.338874 0.798073 0.842393
v -5.409237 0.416141 0.838007
v -4.732017 4.092066 1.063464
v -4.661653 4.473998 1.059078
v -4.661653 4.473998 0.882142
v -4.732017 4.092066 0.877756
v -5.409237 0.416141 1.103213
v -5.338873 0.798073 1.098827
v -5.334078 0.824103 0.816223
v -5.414033 0.390111 0.811238
v -4.736812 4.066036 1.090233
v -4.656857 4.500028 1.085249
v -4.656857 4.500028 0.855971
v -4.736812 4.066036 0.850987
v -5.414033 0.390111 1.129982
v -5.334078 0.824103 1.124998
v -5.365376 0.773567 0.869163
v -5.425266 0.448482 0.865431
v -4.748045 4.124408 1.037167
v -4.688155 4.449492 1.033434
v -4.688155 4.449492 0.907786
v -4.748045 4.124408 0.904053
v -5.425266 0.448482 1.075789
v -5.365376 0.773567 1.072057
v -5.361136 0.796579 0.846026
v -5.429506 0.425470 0.841765
v -4.752285 4.101395 1.060833
v -4.683915 4.472505 1.056571
v -4.683915 4.472505 0.884649
v -4.752285 4.101395 0.880387
v -5.429506 0.425470 1.099455
v -5.361136 0.796579 1.095193
v -5.340518 0.768987 0.869163
v -5.400408 0.443903 0.865431
v -4.723187 4.119828 1.037167
v -4.663296 4.444912 1.033434
v -4.663296 4.444912 0.907786
v -4.723187 4.119828 0.904053
v -5.400408 0.443903 1.075789
v -5.340517 0.768987 1.072057
v -5.387797 0.623025 0.856882
v -5.392568 0.597131 0.856441
v -5.392568 0.597131 1.084779
v -5.387796 0.623025 1.084338
v -4.733314 4.175531 1.043416
v -4.728543 4.201426 1.042975
v -4.728543 4.201426 0.898245
v -4.733314 4.175531 0.897804
v -4.715347 4.273056 1.042181
v -4.710576 4.298950 1.041740
v -4.710576 4.298951 0.899480
v -4.715347 4.273057 0.899039
v -4.714417 4.167432 1.043416
v -4.708001 4.202258 1.042975
v -5.349288 0.721383 0.858118
v -5.355703 0.686558 0.857677
v -4.678483 4.362483 1.040946
v -4.672066 4.397308 1.040505
v -4.672066 4.397308 0.900715
v -4.678483 4.362483 0.900275
v -4.690033 4.299783 0.899480
v -4.696450 4.264958 0.899039
v -4.696450 4.264957 1.042181
v -4.690033 4.299783 1.041740
v -4.708001 4.202258 0.898245
v -4.714417 4.167432 0.897804
v -5.385221 0.526332 0.855647
v -5.391638 0.491507 0.855206
v -5.391638 0.491507 1.086015
v -5.385221 0.526332 1.085573
v -5.373671 0.589032 1.084779
v -5.367254 0.623858 1.084338
v -5.367255 0.623858 0.856882
v -5.373671 0.589032 0.856441
v -5.355703 0.686558 1.083544
v -5.349287 0.721383 1.083103
v -4.697380 4.370582 0.900275
v -4.692608 4.396476 0.900715
v -4.692608 4.396476 1.040505
v -4.697380 4.370582 1.040946
v -5.369829 0.720550 1.083103
v -5.374600 0.694656 1.083544
v -5.374600 0.694656 0.857677
v -5.369830 0.720551 0.858118
v -5.405764 0.525500 1.085573
v -5.410535 0.499606 1.086015
v -5.410535 0.499606 0.855206
v -5.405764 0.525500 0.855647
v -0.967755 0.861780 -9.325498
v -0.961888 0.350874 -9.419622
v -1.309610 4.026799 -8.742400
v -1.303743 4.537704 -8.648276
v -1.009966 4.537704 -8.648276
v -1.004099 4.026799 -8.742401
v -1.351822 0.350874 -9.419621
v -1.345955 0.861780 -9.325496
v -1.002466 0.829912 -9.359568
v -0.997483 0.395920 -9.439523
v -1.276477 4.071845 -8.762301
v -1.271493 4.505836 -8.682346
v -1.042215 4.505836 -8.682346
v -1.037232 4.071845 -8.762302
v -1.316226 0.395920 -9.439523
v -1.311242 0.829912 -9.359567
v -0.978789 0.853463 -9.355229
v -0.973264 0.372369 -9.443862
v -1.300696 4.048294 -8.766641
v -1.295172 4.529387 -8.678008
v -1.018538 4.529387 -8.678008
v -1.013013 4.048294 -8.766641
v -1.340445 0.372369 -9.443861
v -1.334920 0.853463 -9.355228
v -1.028638 0.798073 -9.332833
v -1.024252 0.416141 -9.403197
v -1.249708 4.092066 -8.725975
v -1.245322 4.473998 -8.655612
v -1.068386 4.473998 -8.655612
v -1.064000 4.092066 -8.725976
v -1.289457 0.416141 -9.403195
v -1.285071 0.798073 -9.332833
v -1.002466 0.824103 -9.328037
v -0.997483 0.390111 -9.407992
v -1.276477 4.066036 -8.730771
v -1.271493 4.500028 -8.650816
v -1.042215 4.500028 -8.650816
v -1.037232 4.066036 -8.730772
v -1.316226 0.390111 -9.407992
v -1.311242 0.824103 -9.328036
v -1.055408 0.773567 -9.359336
v -1.051675 0.448483 -9.419227
v -1.223412 4.124408 -8.742004
v -1.219679 4.449492 -8.682113
v -1.094030 4.449492 -8.682115
v -1.090297 4.124408 -8.742005
v -1.262035 0.448483 -9.419225
v -1.258301 0.773567 -9.359335
v -1.032271 0.796579 -9.355096
v -1.028010 0.425470 -9.423465
v -1.247077 4.101395 -8.746243
v -1.242815 4.472505 -8.677874
v -1.070893 4.472505 -8.677875
v -1.066631 4.101395 -8.746244
v -1.285700 0.425470 -9.423465
v -1.281438 0.796579 -9.355095
v -1.055408 0.768987 -9.334477
v -1.051675 0.443903 -9.394368
v -1.223412 4.119828 -8.717146
v -1.219679 4.444912 -8.657254
v -1.094030 4.444912 -8.657256
v -1.090297 4.119828 -8.717147
v -1.262035 0.443903 -9.394366
v -1.258301 0.768987 -9.334476
v -1.043126 0.623025 -9.381757
v -1.042686 0.597131 -9.386527
v -1.271024 0.597131 -9.386527
v -1.270582 0.623025 -9.381756
v -1.229660 4.175531 -8.727273
v -1.229220 4.201426 -8.722501
v -1.084490 4.201426 -8.722503
v -1.084048 4.175531 -8.727273
v -1.228425 4.273056 -8.709306
v -1.227984 4.298950 -8.704535
v -1.085725 4.298951 -8.704535
v -1.085283 4.273057 -8.709307
v -1.229660 4.167432 -8.708376
v -1.229220 4.202258 -8.701959
v -1.044361 0.721383 -9.343246
v -1.043921 0.686558 -9.349662
v -1.227190 4.362483 -8.672441
v -1.226749 4.397308 -8.666025
v -1.086960 4.397308 -8.666025
v -1.086518 4.362483 -8.672442
v -1.085725 4.299783 -8.683993
v -1.085283 4.264958 -8.690409
v -1.228425 4.264957 -8.690409
v -1.227984 4.299783 -8.683992
v -1.084490 4.202258 -8.701961
v -1.084048 4.167432 -8.708377
v -1.041891 0.526332 -9.379181
v -1.041450 0.491507 -9.385597
v -1.272259 0.491507 -9.385596
v -1.271817 0.526332 -9.379180
v -1.271024 0.589032 -9.367629
v -1.270582 0.623858 -9.361214
v -1.043126 0.623858 -9.361215
v -1.042686 0.589032 -9.367631
v -1.269788 0.686558 -9.349662
v -1.269347 0.721383 -9.343246
v -1.086518 4.370582 -8.691339
v -1.086960 4.396476 -8.686567
v -1.226749 4.396476 -8.686567
v -1.227190 4.370582 -8.691339
v -1.269347 0.720551 -9.363788
v -1.269788 0.694656 -9.368560
v -1.043921 0.694656 -9.368560
v -1.044361 0.720551 -9.363789
v -1.271817 0.525500 -9.399722
v -1.272259 0.499606 -9.404494
v -1.041450 0.499606 -9.404494
v -1.041891 0.525500 -9.399723
vt 1.162973 0.415159
vt 1.163345 0.372557
vt 1.166715 0.373803
vt 1.166365 0.413920
vt 1.149860 1.132039
vt 1.162973 1.060799
vt 1.166365 1.063786
vt 1.154016 1.130869
vt 1.154929 0.377216
vt 1.154650 0.409188
vt 1.150253 0.409157
vt 1.150532 0.377185
vt 1.165789 0.589491
vt 1.166080 0.622854
vt 1.161683 0.622885
vt 1.161392 0.589523
vt 1.150218 0.627361
vt 1.149860 0.586395
vt 1.154016 0.587544
vt 1.154353 0.626120
vt 1.163345 -0.060428
vt 1.150217 -0.131682
vt 1.154353 -0.130532
vt 1.166715 -0.063436
vt 1.257798 0.452241
vt 1.244670 0.380987
vt 1.248803 0.382133
vt 1.261164 0.449230
vt 1.244670 0.627950
vt 1.244210 0.575211
vt 1.248369 0.576703
vt 1.248803 0.626365
vt 1.257323 0.426343
vt 1.257798 0.371968
vt 1.261164 0.373558
vt 1.260717 0.424760
vt 1.244210 0.619474
vt 1.257323 0.548234
vt 1.260717 0.551217
vt 1.248369 0.618300
vt 0.623029 0.614612
vt 0.623099 0.554084
vt 0.626442 0.550770
vt 0.626365 0.617867
vt 0.589492 1.067041
vt 0.590812 1.127556
vt 0.587544 1.130869
vt 0.586080 1.063786
vt 0.622784 1.127277
vt 0.622854 1.066750
vt 0.626197 1.063436
vt 0.626120 1.130533
vt 0.578651 0.554472
vt 0.579971 0.614987
vt 0.576704 0.618300
vt 0.575240 0.551217
vt 1.151169 0.619128
vt 1.150953 0.594455
vt 1.154061 0.594776
vt 1.154270 0.618750
vt 1.160756 0.406707
vt 1.160982 0.380810
vt 1.163806 0.381191
vt 1.163586 0.406353
vt 1.166080 1.066750
vt 1.154929 1.127277
vt 1.150532 1.126467
vt 1.161683 1.065940
vt 1.260530 0.554084
vt 1.249379 0.614611
vt 1.244982 0.613801
vt 1.256133 0.553274
vt 1.249379 0.376971
vt 1.249003 0.420029
vt 1.244606 0.419997
vt 1.244982 0.376939
vt 1.260142 0.578651
vt 1.260530 0.623099
vt 1.256133 0.623130
vt 1.255745 0.578682
vt 1.249003 0.385013
vt 1.260142 0.445528
vt 1.255745 0.446338
vt 1.244606 0.385823
vt 1.154650 -0.127556
vt 1.165789 -0.067041
vt 1.161392 -0.066231
vt 1.150253 -0.126746
vt 1.154833 0.384510
vt 1.154680 0.402031
vt 1.151213 0.402006
vt 1.151366 0.384485
vt 1.163024 0.596980
vt 1.163186 0.615542
vt 1.159719 0.615567
vt 1.159557 0.597005
vt 1.160982 -0.069602
vt 1.151169 -0.122869
vt 1.154270 -0.122664
vt 1.163806 -0.070906
vt 1.255432 0.443063
vt 1.245618 0.389797
vt 1.248718 0.390001
vt 1.258254 0.441758
vt 1.245618 0.619374
vt 1.245306 0.583615
vt 1.248415 0.584092
vt 1.248719 0.618838
vt 1.255109 0.417547
vt 1.255432 0.380565
vt 1.258254 0.381103
vt 1.257940 0.417037
vt 1.245306 0.610515
vt 1.255109 0.557259
vt 1.257940 0.558556
vt 1.248415 0.610303
vt 1.150953 1.123084
vt 1.160756 1.069828
vt 1.163586 1.071126
vt 1.154061 1.122873
vt 0.615579 0.606818
vt 0.615631 0.561480
vt 0.618898 0.558242
vt 0.618838 0.609999
vt 0.596980 1.074306
vt 0.597969 1.119636
vt 0.594776 1.122873
vt 0.593647 1.071126
vt 0.615490 1.119483
vt 0.615542 1.074144
vt 0.618809 1.070906
vt 0.618750 1.122664
vt 0.586297 0.561736
vt 0.587286 0.607065
vt 0.584092 0.610303
vt 0.582963 0.558556
vt 1.163186 1.074144
vt 1.154833 1.119483
vt 1.151366 1.118844
vt 1.159719 1.073506
vt 1.257634 0.561480
vt 1.249281 0.606818
vt 1.245815 0.606180
vt 1.254167 0.560841
vt 1.249281 0.384421
vt 1.249034 0.412714
vt 1.245568 0.412690
vt 1.245815 0.384397
vt 1.257378 0.586297
vt 1.257634 0.615631
vt 1.254168 0.615655
vt 1.253911 0.586321
vt 1.249034 0.392935
vt 1.257378 0.438264
vt 1.253911 0.438903
vt 1.245568 0.393573
vt 1.154680 -0.119636
vt 1.163024 -0.074306
vt 1.159557 -0.073668
vt 1.151213 -0.118997
vt 0.616438 1.098479
vt 0.596600 1.098652
vt 0.596502 1.095042
vt 0.616462 1.094868
vt 1.153321 0.403173
vt 1.153492 0.383556
vt 1.156128 0.383569
vt 1.155957 0.403186
vt 1.158327 0.403798
vt 1.158504 0.383493
vt 1.161140 0.383506
vt 1.160963 0.403811
vt 1.252677 0.415036
vt 1.252957 0.382850
vt 1.255593 0.382863
vt 1.255312 0.415049
vt 0.616470 1.084878
vt 0.596288 1.085054
vt 0.596189 1.081443
vt 0.616494 1.081266
vt 0.585264 0.582476
vt 0.617105 0.582199
vt 0.617081 0.585810
vt 0.585363 0.586087
vt 0.616406 1.112081
vt 0.596913 1.112251
vt 0.596814 1.108641
vt 0.616431 1.108469
vt 0.585577 0.596075
vt 0.617073 0.595800
vt 0.617049 0.599412
vt 0.585675 0.599686
vt 0.584951 0.568878
vt 0.617137 0.568597
vt 0.617112 0.572208
vt 0.585050 0.572488
vt 1.252063 0.617138
vt 1.251783 0.585076
vt 1.254647 0.585050
vt 1.254927 0.617112
vt 1.155103 0.616464
vt 1.154930 0.596626
vt 1.157795 0.596600
vt 1.157968 0.616438
vt 1.250174 0.414723
vt 1.250451 0.382882
vt 1.253087 0.382895
vt 1.252809 0.414736
vt 1.247670 0.414410
vt 1.247945 0.382914
vt 1.250581 0.382927
vt 1.250306 0.414423
vt 1.155824 0.403485
vt 1.155998 0.383525
vt 1.158634 0.383538
vt 1.158460 0.403498
vt 1.249557 0.617107
vt 1.249280 0.585389
vt 1.252144 0.585362
vt 1.252421 0.617081
vt 1.247051 0.617075
vt 1.246777 0.585701
vt 1.249641 0.585675
vt 1.249915 0.617049
vt 1.157609 0.616496
vt 1.157434 0.596313
vt 1.160298 0.596287
vt 1.160474 0.616470
vt 1.152597 0.616432
vt 1.152427 0.596939
vt 1.155292 0.596913
vt 1.155462 0.616406
vt 1.165471 0.128952
vt 1.165843 0.086349
vt 1.169212 0.087596
vt 1.168862 0.127712
vt 1.152358 1.129542
vt 1.165471 1.058302
vt 1.168862 1.061288
vt 1.156514 1.128371
vt 1.157427 0.091008
vt 1.157148 0.122981
vt 1.152751 0.122949
vt 1.153030 0.090977
vt 1.168287 0.875699
vt 1.168578 0.909061
vt 1.164181 0.909092
vt 1.163890 0.875730
vt 1.152715 0.913569
vt 1.152358 0.872602
vt 1.156514 0.873751
vt 1.156851 0.912327
vt 1.165843 -0.057930
vt 1.152715 -0.129184
vt 1.156851 -0.128035
vt 1.169212 -0.060938
vt 1.260295 0.454739
vt 1.247168 0.383485
vt 1.251300 0.384631
vt 1.263662 0.451727
vt 1.247168 0.914158
vt 1.246707 0.861418
vt 1.250867 0.862911
vt 1.251300 0.912573
vt 1.259821 0.140136
vt 1.260295 0.085761
vt 1.263662 0.087350
vt 1.263215 0.138553
vt 1.246707 0.616976
vt 1.259821 0.545736
vt 1.263215 0.548719
vt 1.250867 0.615802
vt 0.909237 0.612114
vt 0.909306 0.551586
vt 0.912650 0.548273
vt 0.912573 0.615369
vt 0.875699 1.064543
vt 0.877019 1.125058
vt 0.873751 1.128371
vt 0.872288 1.061288
vt 0.908992 1.124779
vt 0.909061 1.064252
vt 0.912404 1.060938
vt 0.912327 1.128035
vt 0.864859 0.551974
vt 0.866179 0.612489
vt 0.862911 0.615803
vt 0.861447 0.548719
vt 1.153666 0.905336
vt 1.153451 0.880663
vt 1.156559 0.880983
vt 1.156768 0.904957
vt 1.163254 0.120499
vt 1.163480 0.094603
vt 1.166303 0.094983
vt 1.166084 0.120146
vt 1.168578 1.064252
vt 1.157427 1.124779
vt 1.153030 1.123969
vt 1.164181 1.063442
vt 1.263028 0.551586
vt 1.251876 0.612114
vt 1.247479 0.611304
vt 1.258631 0.550776
vt 1.251876 0.090763
vt 1.251501 0.133821
vt 1.247103 0.133790
vt 1.247479 0.090732
vt 1.262640 0.864858
vt 1.263028 0.909306
vt 1.258631 0.909338
vt 1.258243 0.864890
vt 1.251500 0.387511
vt 1.262640 0.448026
vt 1.258243 0.448836
vt 1.247103 0.388321
vt 1.157148 -0.125058
vt 1.168287 -0.064543
vt 1.163890 -0.063733
vt 1.152751 -0.124248
vt 1.157331 0.098302
vt 1.157178 0.115824
vt 1.153711 0.115799
vt 1.153864 0.098278
vt 1.165522 0.883187
vt 1.165684 0.901750
vt 1.162217 0.901775
vt 1.162055 0.883212
vt 1.163480 -0.067104
vt 1.153666 -0.120371
vt 1.156768 -0.120166
vt 1.166303 -0.068408
vt 1.257930 0.445561
vt 1.248116 0.392295
vt 1.251216 0.392498
vt 1.260751 0.444256
vt 1.248116 0.905581
vt 1.247804 0.869822
vt 1.250913 0.870300
vt 1.251216 0.905046
vt 1.257607 0.131340
vt 1.257930 0.094358
vt 1.260752 0.094895
vt 1.260438 0.130829
vt 1.247804 0.608018
vt 1.257607 0.554762
vt 1.260438 0.556058
vt 1.250913 0.607805
vt 1.153451 1.120586
vt 1.163254 1.067330
vt 1.166084 1.068628
vt 1.156559 1.120375
vt 0.901786 0.604321
vt 0.901838 0.558982
vt 0.905105 0.555744
vt 0.905046 0.607502
vt 0.883187 1.071809
vt 0.884176 1.117138
vt 0.880983 1.120375
vt 0.879854 1.068628
vt 0.901698 1.116985
vt 0.901750 1.071647
vt 0.905017 1.068409
vt 0.904957 1.120166
vt 0.872504 0.559238
vt 0.873493 0.604568
vt 0.870300 0.607805
vt 0.869171 0.556058
vt 1.165684 1.071647
vt 1.157331 1.116985
vt 1.153864 1.116346
vt 1.162217 1.071008
vt 1.260132 0.558982
vt 1.251779 0.604321
vt 1.248312 0.603682
vt 1.256665 0.558344
vt 1.251779 0.098214
vt 1.251532 0.126507
vt 1.248065 0.126482
vt 1.248312 0.098189
vt 1.259876 0.872504
vt 1.260132 0.901838
vt 1.256665 0.901863
vt 1.256409 0.872529
vt 1.251532 0.395432
vt 1.259876 0.440762
vt 1.256409 0.441400
vt 1.248065 0.396071
vt 1.157178 -0.117138
vt 1.165522 -0.071808
vt 1.162055 -0.071170
vt 1.153711 -0.116499
vt 0.902646 1.095981
vt 0.882808 1.096155
vt 0.882709 1.092544
vt 0.902670 1.092370
vt 1.155819 0.116965
vt 1.155990 0.097349
vt 1.158625 0.097362
vt 1.158454 0.116978
vt 1.160825 0.117591
vt 1.161002 0.097285
vt 1.163638 0.097299
vt 1.163460 0.117604
vt 1.255174 0.128829
vt 1.255455 0.096643
vt 1.258090 0.096656
vt 1.257810 0.128842
vt 0.902677 1.082380
vt 0.882495 1.082556
vt 0.882396 1.078945
vt 0.902701 1.078768
vt 0.871471 0.579979
vt 0.903312 0.579701
vt 0.903288 0.583312
vt 0.871570 0.583589
vt 0.902614 1.109583
vt 0.883121 1.109753
vt 0.883022 1.106143
vt 0.902638 1.105972
vt 0.871784 0.593577
vt 0.903281 0.593302
vt 0.903257 0.596914
vt 0.871883 0.597188
vt 0.871158 0.566380
vt 0.903344 0.566099
vt 0.903320 0.569711
vt 0.871257 0.569990
vt 1.254560 0.903346
vt 1.254280 0.871283
vt 1.257145 0.871257
vt 1.257425 0.903320
vt 1.157601 0.902671
vt 1.157428 0.882834
vt 1.160293 0.882808
vt 1.160466 0.902645
vt 1.252671 0.128516
vt 1.252949 0.096675
vt 1.255584 0.096688
vt 1.255306 0.128529
vt 1.250168 0.128203
vt 1.250443 0.096706
vt 1.253078 0.096719
vt 1.252804 0.128216
vt 1.158322 0.117278
vt 1.158496 0.097317
vt 1.161131 0.097330
vt 1.160957 0.117291
vt 1.252054 0.903314
vt 1.251777 0.871596
vt 1.254642 0.871570
vt 1.254919 0.903288
vt 1.249548 0.903282
vt 1.249274 0.871909
vt 1.252139 0.871883
vt 1.252413 0.903256
vt 1.160107 0.902703
vt 1.159931 0.882521
vt 1.162796 0.882495
vt 1.162972 0.902677
vt 1.155095 0.902640
vt 1.154925 0.883147
vt 1.157790 0.883121
vt 1.157960 0.902614
vt 1.158135 0.969614
vt 1.158506 0.927012
vt 1.161876 0.928258
vt 1.161526 0.968375
vt 1.145021 1.136878
vt 1.158135 1.065638
vt 1.161526 1.068625
vt 1.149178 1.135708
vt 1.150090 0.931671
vt 1.149811 0.963643
vt 1.145414 0.963612
vt 1.145693 0.931640
vt 1.160951 0.035037
vt 1.161242 0.068399
vt 1.156845 0.068430
vt 1.156554 0.035068
vt 1.145379 0.072906
vt 1.145021 0.031940
vt 1.149178 0.033089
vt 1.149514 0.071665
vt 1.158506 -0.065266
vt 1.145379 -0.136521
vt 1.149514 -0.135371
vt 1.161876 -0.068275
vt 1.252959 0.447402
vt 1.239831 0.376148
vt 1.243964 0.377294
vt 1.256325 0.444391
vt 1.239831 0.073495
vt 1.239371 0.020756
vt 1.243531 0.022248
vt 1.243964 0.071910
vt 1.252484 0.980798
vt 1.252959 0.926423
vt 1.256326 0.928013
vt 1.255879 0.979215
vt 1.239371 0.624312
vt 1.252484 0.553072
vt 1.255879 0.556056
vt 1.243531 0.623139
vt 0.068575 0.619450
vt 0.068644 0.558923
vt 0.071987 0.555609
vt 0.071910 0.622706
vt 0.035037 1.071880
vt 0.036357 1.132395
vt 0.033089 1.135708
vt 0.031625 1.068625
vt 0.068329 1.132116
vt 0.068399 1.071589
vt 0.071742 1.068275
vt 0.071665 1.135371
vt 0.024196 0.559311
vt 0.025517 0.619826
vt 0.022249 0.623139
vt 0.020785 0.556056
vt 1.146330 0.064673
vt 1.146115 0.040000
vt 1.149222 0.040321
vt 1.149431 0.064295
vt 1.155918 0.961162
vt 1.156144 0.935265
vt 1.158967 0.935646
vt 1.158748 0.960808
vt 1.161242 1.071589
vt 1.150090 1.132116
vt 1.145693 1.131306
vt 1.156845 1.070778
vt 1.255691 0.558923
vt 1.244540 0.619450
vt 1.240143 0.618640
vt 1.251294 0.558113
vt 1.244540 0.931426
vt 1.244164 0.974483
vt 1.239767 0.974452
vt 1.240143 0.931394
vt 1.255304 0.024196
vt 1.255691 0.068644
vt 1.251294 0.068675
vt 1.250906 0.024227
vt 1.244164 0.380174
vt 1.255303 0.440689
vt 1.250906 0.441499
vt 1.239767 0.380984
vt 1.149811 -0.132395
vt 1.160951 -0.071880
vt 1.156554 -0.071070
vt 1.145414 -0.131585
vt 1.149994 0.938965
vt 1.149841 0.956486
vt 1.146375 0.956461
vt 1.146528 0.938940
vt 1.158185 0.042525
vt 1.158347 0.061087
vt 1.154881 0.061112
vt 1.154719 0.042550
vt 1.156144 -0.074441
vt 1.146330 -0.127708
vt 1.149431 -0.127503
vt 1.158967 -0.075745
vt 1.250593 0.438225
vt 1.240780 0.384958
vt 1.243880 0.385162
vt 1.253415 0.436919
vt 1.240780 0.064919
vt 1.240467 0.029160
vt 1.243576 0.029637
vt 1.243880 0.064383
vt 1.250271 0.972002
vt 1.250593 0.935020
vt 1.253415 0.935557
vt 1.253102 0.971492
vt 1.240467 0.615354
vt 1.250270 0.562098
vt 1.253102 0.563395
vt 1.243576 0.615142
vt 1.146115 1.127923
vt 1.155918 1.074667
vt 1.158747 1.075965
vt 1.149222 1.127712
vt 0.061124 0.611657
vt 0.061176 0.566319
vt 0.064443 0.563081
vt 0.064383 0.614838
vt 0.042525 1.079145
vt 0.043514 1.124475
vt 0.040321 1.127712
vt 0.039192 1.075965
vt 0.061035 1.124322
vt 0.061087 1.078983
vt 0.064354 1.075745
vt 0.064295 1.127503
vt 0.031842 0.566575
vt 0.032831 0.611904
vt 0.029638 0.615142
vt 0.028509 0.563395
vt 1.158347 1.078983
vt 1.149994 1.124321
vt 1.146528 1.123683
vt 1.154881 1.078344
vt 1.252795 0.566319
vt 1.244442 0.611657
vt 1.240976 0.611019
vt 1.249329 0.565680
vt 1.244443 0.938876
vt 1.244196 0.967169
vt 1.240729 0.967145
vt 1.240976 0.938852
vt 1.252539 0.031842
vt 1.252795 0.061176
vt 1.249329 0.061200
vt 1.249073 0.031866
vt 1.244195 0.388096
vt 1.252539 0.433425
vt 1.249073 0.434064
vt 1.240729 0.388734
vt 1.149841 -0.124474
vt 1.158185 -0.079145
vt 1.154719 -0.078506
vt 1.146375 -0.123836
vt 0.061983 1.103318
vt 0.042146 1.103491
vt 0.042047 1.099881
vt 0.062007 1.099707
vt 1.148483 0.957627
vt 1.148654 0.938011
vt 1.151289 0.938024
vt 1.151118 0.957641
vt 1.153489 0.958253
vt 1.153666 0.937948
vt 1.156301 0.937961
vt 1.156124 0.958266
vt 1.247838 0.969491
vt 1.248119 0.937305
vt 1.250754 0.937318
vt 1.250473 0.969504
vt 0.062015 1.089717
vt 0.041833 1.089893
vt 0.041734 1.086282
vt 0.062039 1.086105
vt 0.030809 0.587315
vt 0.062650 0.587037
vt 0.062626 0.590649
vt 0.030908 0.590926
vt 0.061951 1.116920
vt 0.042458 1.117090
vt 0.042360 1.113479
vt 0.061976 1.113308
vt 0.031122 0.600914
vt 0.062618 0.600639
vt 0.062594 0.604251
vt 0.031221 0.604524
vt 0.030496 0.573717
vt 0.062682 0.573436
vt 0.062657 0.577047
vt 0.030595 0.577327
vt 1.247224 0.062683
vt 1.246944 0.030621
vt 1.249809 0.030595
vt 1.250088 0.062657
vt 1.150265 0.062009
vt 1.150092 0.042171
vt 1.152956 0.042145
vt 1.153129 0.061983
vt 1.245335 0.969178
vt 1.245613 0.937337
vt 1.248248 0.937350
vt 1.247970 0.969191
vt 1.242832 0.968865
vt 1.243107 0.937369
vt 1.245742 0.937382
vt 1.245467 0.968878
vt 1.150986 0.957940
vt 1.151160 0.937980
vt 1.153795 0.937993
vt 1.153621 0.957953
vt 1.244718 0.062652
vt 1.244441 0.030934
vt 1.247306 0.030908
vt 1.247583 0.062626
vt 1.242212 0.062620
vt 1.241938 0.031246
vt 1.244803 0.031220
vt 1.245076 0.062594
vt 1.152771 0.062041
vt 1.152595 0.041859
vt 1.155459 0.041833
vt 1.155636 0.062015
vt 1.147759 0.061977
vt 1.147589 0.042484
vt 1.150453 0.042458
vt 1.150623 0.061951
vt 1.160632 0.683407
vt 1.161004 0.640804
vt 1.164374 0.642051
vt 1.164024 0.682167
vt 1.147519 1.134380
vt 1.160632 1.063140
vt 1.164024 1.066127
vt 1.151675 1.133210
vt 1.152588 0.645463
vt 1.152309 0.677436
vt 1.147912 0.677404
vt 1.148191 0.645432
vt 1.163448 0.321244
vt 1.163740 0.354606
vt 1.159343 0.354637
vt 1.159051 0.321275
vt 1.147877 0.359114
vt 1.147519 0.318147
vt 1.151675 0.319296
vt 1.152012 0.357872
vt 1.161004 -0.062769
vt 1.147877 -0.134023
vt 1.152012 -0.132874
vt 1.164374 -0.065777
vt 1.255457 0.449900
vt 1.242329 0.378646
vt 1.246462 0.379792
vt 1.258823 0.446889
vt 1.242329 0.359703
vt 1.241869 0.306964
vt 1.246028 0.308456
vt 1.246462 0.358118
vt 1.254982 0.694591
vt 1.255457 0.640216
vt 1.258823 0.641805
vt 1.258376 0.693008
vt 1.241869 0.621815
vt 1.254982 0.550575
vt 1.258376 0.553558
vt 1.246028 0.620641
vt 0.354782 0.616953
vt 0.354851 0.556425
vt 0.358195 0.553111
vt 0.358118 0.620208
vt 0.321244 1.069382
vt 0.322564 1.129897
vt 0.319296 1.133210
vt 0.317833 1.066127
vt 0.354537 1.129618
vt 0.354606 1.069091
vt 0.357949 1.065777
vt 0.357872 1.132874
vt 0.310403 0.556813
vt 0.311724 0.617328
vt 0.308456 0.620641
vt 0.306992 0.553558
vt 1.148828 0.350881
vt 1.148612 0.326208
vt 1.151720 0.326528
vt 1.151929 0.350502
vt 1.158415 0.674954
vt 1.158641 0.649058
vt 1.161465 0.649438
vt 1.161245 0.674601
vt 1.163739 1.069091
vt 1.152588 1.129618
vt 1.148191 1.128808
vt 1.159342 1.068281
vt 1.258189 0.556425
vt 1.247038 0.616953
vt 1.242640 0.616142
vt 1.253792 0.555615
vt 1.247038 0.645218
vt 1.246662 0.688276
vt 1.242265 0.688245
vt 1.242641 0.645187
vt 1.257801 0.310403
vt 1.258189 0.354851
vt 1.253792 0.354883
vt 1.253404 0.310435
vt 1.246662 0.382672
vt 1.257801 0.443187
vt 1.253404 0.443997
vt 1.242265 0.383482
vt 1.152309 -0.129897
vt 1.163448 -0.069382
vt 1.159051 -0.068572
vt 1.147912 -0.129087
vt 1.152492 0.652757
vt 1.152339 0.670279
vt 1.148872 0.670254
vt 1.149025 0.652732
vt 1.160683 0.328732
vt 1.160845 0.347295
vt 1.157378 0.347319
vt 1.157216 0.328757
vt 1.158641 -0.071943
vt 1.148828 -0.125210
vt 1.151929 -0.125005
vt 1.161465 -0.073247
vt 1.253091 0.440722
vt 1.243277 0.387456
vt 1.246377 0.387660
vt 1.255913 0.439417
vt 1.243277 0.351126
vt 1.242965 0.315367
vt 1.246074 0.315845
vt 1.246377 0.350591
vt 1.252768 0.685795
vt 1.253091 0.648813
vt 1.255913 0.649350
vt 1.255599 0.685284
vt 1.242965 0.612856
vt 1.252768 0.559600
vt 1.255599 0.560897
vt 1.246074 0.612644
vt 1.148612 1.125425
vt 1.158415 1.072169
vt 1.161245 1.073467
vt 1.151720 1.125214
vt 0.347331 0.609160
vt 0.347383 0.563821
vt 0.350650 0.560583
vt 0.350591 0.612341
vt 0.328732 1.076648
vt 0.329722 1.121977
vt 0.326528 1.125214
vt 0.325399 1.073467
vt 0.347243 1.121824
vt 0.347295 1.076485
vt 0.350562 1.073247
vt 0.350502 1.125005
vt 0.318049 0.564077
vt 0.319038 0.609406
vt 0.315845 0.612644
vt 0.314716 0.560897
vt 1.160845 1.076485
vt 1.152492 1.121824
vt 1.149025 1.121185
vt 1.157378 1.075847
vt 1.255293 0.563821
vt 1.246940 0.609159
vt 1.243474 0.608521
vt 1.251827 0.563182
vt 1.246940 0.652669
vt 1.246693 0.680962
vt 1.243227 0.680937
vt 1.243474 0.652644
vt 1.255037 0.318049
vt 1.255293 0.347383
vt 1.251827 0.347408
vt 1.251571 0.318074
vt 1.246693 0.390594
vt 1.255037 0.435923
vt 1.251570 0.436562
vt 1.243227 0.391232
vt 1.152339 -0.121977
vt 1.160683 -0.076647
vt 1.157216 -0.076009
vt 1.148872 -0.121338
vt 0.348191 1.100820
vt 0.328353 1.100993
vt 0.328254 1.097383
vt 0.348215 1.097209
vt 1.150980 0.671420
vt 1.151151 0.651804
vt 1.153787 0.651817
vt 1.153616 0.671433
vt 1.155986 0.672046
vt 1.156164 0.651740
vt 1.158799 0.651754
vt 1.158622 0.672059
vt 1.250336 0.683284
vt 1.250617 0.651098
vt 1.253252 0.651111
vt 1.252971 0.683297
vt 0.348222 1.087219
vt 0.328040 1.087395
vt 0.327941 1.083784
vt 0.348246 1.083607
vt 0.317016 0.584817
vt 0.348857 0.584540
vt 0.348833 0.588151
vt 0.317115 0.588428
vt 0.348159 1.114422
vt 0.328666 1.114592
vt 0.328567 1.110982
vt 0.348183 1.110811
vt 0.317329 0.598416
vt 0.348826 0.598141
vt 0.348801 0.601753
vt 0.317428 0.602027
vt 0.316703 0.571219
vt 0.348889 0.570938
vt 0.348865 0.574549
vt 0.316802 0.574829
vt 1.249722 0.348891
vt 1.249442 0.316828
vt 1.252306 0.316802
vt 1.252586 0.348865
vt 1.152762 0.348216
vt 1.152589 0.328379
vt 1.155454 0.328353
vt 1.155627 0.348190
vt 1.247833 0.682971
vt 1.248111 0.651129
vt 1.250746 0.651143
vt 1.250468 0.682984
vt 1.245329 0.682658
vt 1.245604 0.651161
vt 1.248240 0.651174
vt 1.247965 0.682671
vt 1.153483 0.671733
vt 1.153657 0.651772
vt 1.156293 0.651785
vt 1.156119 0.671746
vt 1.247216 0.348859
vt 1.246939 0.317141
vt 1.249803 0.317115
vt 1.250080 0.348833
vt 1.244709 0.348827
vt 1.244436 0.317454
vt 1.247300 0.317428
vt 1.247574 0.348801
vt 1.155269 0.348248
vt 1.155092 0.328066
vt 1.157957 0.328040
vt 1.158133 0.348222
vt 1.150256 0.348185
vt 1.150086 0.328692
vt 1.152951 0.328666
vt 1.153121 0.348159
vt 0.693084 -0.696532
vt 0.650480 -0.696904
vt 0.651753 -0.700300
vt 0.691871 -0.699950
vt 1.684036 1.122496
vt 1.696532 1.051134
vt 1.699950 1.054102
vt 1.688182 1.121300
vt 0.655728 -0.689066
vt 0.687701 -0.688787
vt 0.687662 -0.684384
vt 0.655689 -0.684663
vt 0.688489 1.699403
vt 0.655125 1.699694
vt 0.655087 1.695290
vt 0.688450 1.694999
vt 0.651189 1.684393
vt 0.692157 1.684036
vt 0.690998 1.688182
vt 0.652421 1.688519
vt -0.696904 1.051134
vt -0.684393 1.122496
vt -0.688519 1.121300
vt -0.700300 1.054102
vt -0.786919 0.537693
vt -0.774408 0.609054
vt -0.778531 0.607858
vt -0.790311 0.540661
vt 0.646088 1.774408
vt 0.698829 1.773947
vt 0.697326 1.778097
vt 0.647663 1.778531
vt 0.699756 -0.786444
vt 0.645379 -0.786919
vt 0.646995 -0.790311
vt 0.698199 -0.789864
vt 1.773948 0.609054
vt 1.786444 0.537693
vt 1.789864 0.540661
vt 1.778097 0.607858
vt 0.650970 0.395431
vt 0.650367 0.456050
vt 0.646995 0.459340
vt 0.647663 0.392142
vt 0.688489 -0.057391
vt 0.687701 -0.118010
vt 0.690998 -0.121299
vt 0.691871 -0.054102
vt 0.655728 -0.118010
vt 0.655125 -0.057391
vt 0.651753 -0.054102
vt 0.652421 -0.121299
vt 0.694817 0.456050
vt 0.694029 0.395431
vt 0.697326 0.392142
vt 0.698199 0.459340
vt 0.659344 1.685268
vt 0.684018 1.685052
vt 0.683696 1.688158
vt 0.659721 1.688367
vt 0.684712 -0.694394
vt 0.658814 -0.694620
vt 0.659206 -0.697455
vt 0.684369 -0.697235
vt 1.699694 1.057391
vt 1.689066 1.118010
vt 1.684662 1.117238
vt 1.695290 1.056620
vt 1.789706 0.543950
vt 1.779078 0.604569
vt 1.774674 0.603797
vt 1.785302 0.543178
vt 0.650970 -0.779078
vt 0.694029 -0.778702
vt 0.693991 -0.774298
vt 0.650931 -0.774674
vt 0.694817 1.789318
vt 0.650367 1.789706
vt 0.650329 1.785302
vt 0.694778 1.784914
vt -0.778702 0.604569
vt -0.789318 0.543950
vt -0.784914 0.543178
vt -0.774298 0.603797
vt -0.688787 1.118010
vt -0.699403 1.057391
vt -0.694999 1.056620
vt -0.684383 1.117238
vt 0.662952 -0.688902
vt 0.680474 -0.688749
vt 0.680444 -0.685277
vt 0.662922 -0.685431
vt 0.681064 1.696701
vt 0.662501 1.696863
vt 0.662471 1.693391
vt 0.681034 1.693229
vt -0.694620 1.060256
vt -0.685268 1.113603
vt -0.688367 1.113367
vt -0.697455 1.061532
vt -0.784632 0.546814
vt -0.775280 0.600161
vt -0.778378 0.599926
vt -0.787465 0.548090
vt 0.654586 1.775280
vt 0.690347 1.774967
vt 0.689867 1.778074
vt 0.655120 1.778378
vt 0.691040 -0.784309
vt 0.654056 -0.784632
vt 0.654605 -0.787465
vt 0.690541 -0.787152
vt 1.774967 0.600161
vt 1.784309 0.546814
vt 1.787152 0.548091
vt 1.778074 0.599926
vt 1.685053 1.113603
vt 1.694394 1.060256
vt 1.697235 1.061532
vt 1.688158 1.113367
vt 0.658351 0.403289
vt 0.657900 0.448695
vt 0.654605 0.451910
vt 0.655120 0.400074
vt 0.681064 -0.064746
vt 0.680474 -0.110153
vt 0.683696 -0.113367
vt 0.684369 -0.061532
vt 0.662952 -0.110153
vt 0.662501 -0.064746
vt 0.659206 -0.061532
vt 0.659721 -0.113367
vt 0.687235 0.448695
vt 0.686645 0.403289
vt 0.689867 0.400074
vt 0.690541 0.451910
vt 1.696863 1.064746
vt 1.688902 1.110153
vt 1.685431 1.109545
vt 1.693391 1.064138
vt 1.786873 0.551305
vt 1.778913 0.596712
vt 1.775441 0.596103
vt 1.783401 0.550696
vt 0.658351 -0.778913
vt 0.686645 -0.778666
vt 0.686615 -0.775194
vt 0.658321 -0.775441
vt 0.687236 1.786617
vt 0.657900 1.786873
vt 0.657870 1.783401
vt 0.687205 1.783145
vt -0.778666 0.596712
vt -0.786617 0.551305
vt -0.783145 0.550696
vt -0.775194 0.596103
vt -0.688749 1.110153
vt -0.696701 1.064746
vt -0.693229 1.064138
vt -0.685277 1.109545
vt 0.661820 -0.089132
vt 0.681658 -0.089132
vt 0.681725 -0.085515
vt 0.661764 -0.085515
vt 0.681509 -0.687286
vt 0.661892 -0.687457
vt 0.661915 -0.690102
vt 0.681532 -0.689931
vt 0.681895 -0.692056
vt 0.661589 -0.692234
vt 0.661612 -0.694878
vt 0.681918 -0.694701
vt 0.688621 -0.781968
vt 0.656434 -0.782249
vt 0.656457 -0.784894
vt 0.688644 -0.784613
vt 0.661668 -0.075510
vt 0.681851 -0.075510
vt 0.681918 -0.071893
vt 0.661612 -0.071893
vt 0.688451 0.427926
vt 0.656609 0.427926
vt 0.656664 0.424309
vt 0.688384 0.424309
vt 0.661971 -0.102754
vt 0.681465 -0.102754
vt 0.681532 -0.099137
vt 0.661915 -0.099137
vt 0.688258 0.414304
vt 0.656760 0.414304
vt 0.656816 0.410687
vt 0.688191 0.410687
vt 0.688644 0.441548
vt 0.656457 0.441548
vt 0.656513 0.437931
vt 0.688577 0.437931
vt 0.656488 1.781396
vt 0.688552 1.781116
vt 0.688577 1.783979
vt 0.656513 1.784259
vt 0.661795 1.688992
vt 0.681633 1.688819
vt 0.681658 1.691683
vt 0.661820 1.691856
vt 0.688428 -0.779582
vt 0.656585 -0.779860
vt 0.656609 -0.782505
vt 0.688451 -0.782227
vt 0.688235 -0.777197
vt 0.656737 -0.777472
vt 0.656760 -0.780117
vt 0.688258 -0.779842
vt 0.681702 -0.689671
vt 0.661741 -0.689845
vt 0.661764 -0.692490
vt 0.681725 -0.692316
vt 0.656639 1.779008
vt 0.688359 1.778731
vt 0.688384 1.781594
vt 0.656664 1.781871
vt 0.656791 1.776619
vt 0.688166 1.776345
vt 0.688191 1.779209
vt 0.656816 1.779483
vt 0.661644 1.691381
vt 0.681826 1.691204
vt 0.681851 1.694068
vt 0.661668 1.694244
vt 0.661946 1.686604
vt 0.681440 1.686434
vt 0.681465 1.689297
vt 0.661971 1.689467
vt -0.161392 0.403602
vt -0.164761 0.402303
vt -0.164411 0.362186
vt -0.161020 0.360999
vt -0.148253 1.132039
vt -0.152389 1.130869
vt -0.164761 1.063786
vt -0.161392 1.060799
vt -0.152686 0.365805
vt -0.148290 0.365850
vt -0.148569 0.397822
vt -0.152965 0.397777
vt -0.164126 0.601097
vt -0.159729 0.601052
vt -0.159438 0.634414
vt -0.163835 0.634460
vt -0.147896 0.638690
vt -0.152052 0.637521
vt -0.152389 0.598945
vt -0.148253 0.597723
vt -0.161020 -0.060428
vt -0.164411 -0.063436
vt -0.152052 -0.130532
vt -0.147896 -0.131682
vt -0.255448 0.452241
vt -0.258842 0.449230
vt -0.246483 0.382133
vt -0.242323 0.380987
vt -0.242324 0.640927
vt -0.246483 0.639414
vt -0.246917 0.589753
vt -0.242784 0.588188
vt -0.255922 0.413137
vt -0.259288 0.411495
vt -0.258842 0.360293
vt -0.255448 0.358762
vt -0.242784 0.619474
vt -0.246917 0.618300
vt -0.259288 0.551217
vt -0.255922 0.548234
vt 0.363911 0.614612
vt 0.360586 0.617867
vt 0.360293 0.550770
vt 0.363647 0.554084
vt 0.398903 1.067041
vt 0.402303 1.063786
vt 0.401055 1.130869
vt 0.397777 1.127556
vt 0.365805 1.127277
vt 0.362479 1.130533
vt 0.362186 1.063436
vt 0.365540 1.066750
vt 0.408095 0.554472
vt 0.411495 0.551217
vt 0.410247 0.618300
vt 0.406969 0.614987
vt -0.148990 0.630475
vt -0.152098 0.630150
vt -0.152307 0.606176
vt -0.149206 0.605801
vt -0.159028 0.395189
vt -0.161851 0.394786
vt -0.161631 0.369624
vt -0.158802 0.369293
vt -0.163835 1.066750
vt -0.159438 1.065940
vt -0.148289 1.126467
vt -0.152686 1.127277
vt -0.258266 0.554084
vt -0.253869 0.553274
vt -0.242720 0.613801
vt -0.247117 0.614611
vt -0.247117 0.363911
vt -0.242720 0.363956
vt -0.243096 0.407014
vt -0.247493 0.406969
vt -0.258654 0.591905
vt -0.254257 0.591860
vt -0.253869 0.636308
vt -0.258266 0.636353
vt -0.247493 0.385013
vt -0.243096 0.385823
vt -0.254257 0.446338
vt -0.258654 0.445528
vt -0.152965 -0.127556
vt -0.148569 -0.126746
vt -0.159729 -0.066231
vt -0.164126 -0.067041
vt -0.152718 0.373099
vt -0.149251 0.373135
vt -0.149404 0.390656
vt -0.152871 0.390620
vt -0.161231 0.608537
vt -0.157764 0.608501
vt -0.157602 0.627063
vt -0.161068 0.627099
vt -0.158801 -0.069602
vt -0.161631 -0.070906
vt -0.152098 -0.122664
vt -0.148990 -0.122869
vt -0.253232 0.443063
vt -0.256063 0.441758
vt -0.246530 0.390001
vt -0.243421 0.389797
vt -0.243421 0.632368
vt -0.246530 0.631887
vt -0.246833 0.597141
vt -0.243733 0.596609
vt -0.253555 0.404381
vt -0.256377 0.403821
vt -0.256063 0.367887
vt -0.253232 0.367399
vt -0.243733 0.610515
vt -0.246833 0.610303
vt -0.256377 0.558556
vt -0.253555 0.557259
vt -0.149206 1.123084
vt -0.152307 1.122873
vt -0.161851 1.071126
vt -0.159028 1.069828
vt 0.371362 0.606818
vt 0.368113 0.609999
vt 0.367887 0.558242
vt 0.371164 0.561480
vt 0.391463 1.074306
vt 0.394786 1.071126
vt 0.393824 1.122873
vt 0.390620 1.119636
vt 0.373099 1.119483
vt 0.369850 1.122664
vt 0.369624 1.070906
vt 0.372901 1.074144
vt 0.400498 0.561736
vt 0.403821 0.558556
vt 0.402859 0.610303
vt 0.399655 0.607065
vt -0.161068 1.074144
vt -0.157602 1.073506
vt -0.149251 1.118844
vt -0.152718 1.119483
vt -0.255501 0.561480
vt -0.252034 0.560841
vt -0.243683 0.606180
vt -0.247150 0.606818
vt -0.247150 0.371362
vt -0.243683 0.371398
vt -0.243930 0.399691
vt -0.247397 0.399655
vt -0.255757 0.599502
vt -0.252290 0.599466
vt -0.252034 0.628800
vt -0.255501 0.628836
vt -0.247397 0.392935
vt -0.243930 0.393573
vt -0.252290 0.438903
vt -0.255757 0.438264
vt -0.152871 -0.119636
vt -0.149404 -0.118997
vt -0.157764 -0.073668
vt -0.161230 -0.074306
vt 0.372097 1.098479
vt 0.372061 1.094868
vt 0.392021 1.095042
vt 0.391934 1.098652
vt -0.151532 0.391785
vt -0.154167 0.391752
vt -0.153996 0.372136
vt -0.151361 0.372169
vt -0.156548 0.392323
vt -0.159183 0.392290
vt -0.159006 0.371985
vt -0.156371 0.372018
vt -0.251079 0.401913
vt -0.253714 0.401880
vt -0.253433 0.369694
vt -0.250798 0.369727
vt 0.372021 1.084878
vt 0.371985 1.081266
vt 0.392291 1.081443
vt 0.392203 1.085054
vt 0.401611 0.582476
vt 0.401524 0.586087
vt 0.369806 0.585810
vt 0.369770 0.582199
vt 0.372172 1.112081
vt 0.372136 1.108469
vt 0.391752 1.108641
vt 0.391665 1.112251
vt 0.401342 0.596075
vt 0.401255 0.599686
vt 0.369881 0.599412
vt 0.369845 0.595800
vt 0.401880 0.568878
vt 0.401793 0.572488
vt 0.369730 0.572208
vt 0.369694 0.568597
vt -0.249904 0.630246
vt -0.252768 0.630270
vt -0.253048 0.598207
vt -0.250183 0.598183
vt -0.152971 0.627879
vt -0.155836 0.627903
vt -0.156009 0.608066
vt -0.153144 0.608042
vt -0.248571 0.401644
vt -0.251206 0.401611
vt -0.250928 0.369770
vt -0.248293 0.369803
vt -0.246063 0.401375
vt -0.248698 0.401342
vt -0.248423 0.369845
vt -0.245788 0.369878
vt -0.154040 0.392054
vt -0.156675 0.392021
vt -0.156501 0.372061
vt -0.153866 0.372094
vt -0.247399 0.630170
vt -0.250263 0.630194
vt -0.250540 0.598476
vt -0.247675 0.598452
vt -0.244893 0.630095
vt -0.247758 0.630119
vt -0.248032 0.598745
vt -0.245167 0.598721
vt -0.155476 0.627955
vt -0.158341 0.627979
vt -0.158517 0.607797
vt -0.155652 0.607773
vt -0.150466 0.627804
vt -0.153331 0.627828
vt -0.153501 0.608335
vt -0.150636 0.608311
vt -0.158894 0.117394
vt -0.162263 0.116096
vt -0.161913 0.075979
vt -0.158522 0.074792
vt -0.145755 1.129542
vt -0.149891 1.128371
vt -0.162263 1.061288
vt -0.158894 1.058302
vt -0.150189 0.079597
vt -0.145792 0.079643
vt -0.146071 0.111615
vt -0.150468 0.111569
vt -0.161628 0.887305
vt -0.157232 0.887259
vt -0.156940 0.920622
vt -0.161337 0.920667
vt -0.145398 0.924897
vt -0.149555 0.923728
vt -0.149891 0.885152
vt -0.145755 0.883931
vt -0.158522 -0.057930
vt -0.161913 -0.060938
vt -0.149555 -0.128035
vt -0.145398 -0.129184
vt -0.252950 0.454739
vt -0.256344 0.451727
vt -0.243986 0.384631
vt -0.239826 0.383485
vt -0.239826 0.927134
vt -0.243986 0.925622
vt -0.244419 0.875960
vt -0.240286 0.874395
vt -0.253425 0.126930
vt -0.256791 0.125288
vt -0.256344 0.074085
vt -0.252950 0.072555
vt -0.240286 0.616976
vt -0.244419 0.615802
vt -0.256791 0.548719
vt -0.253424 0.545736
vt 0.077703 0.612114
vt 0.074378 0.615369
vt 0.074085 0.548273
vt 0.077439 0.551586
vt 0.112695 1.064543
vt 0.116096 1.061288
vt 0.114848 1.128371
vt 0.111569 1.125058
vt 0.079597 1.124779
vt 0.076272 1.128035
vt 0.075979 1.060938
vt 0.079333 1.064252
vt 0.121887 0.551974
vt 0.125288 0.548719
vt 0.124040 0.615803
vt 0.120761 0.612489
vt -0.146493 0.916682
vt -0.149600 0.916358
vt -0.149810 0.892384
vt -0.146708 0.892009
vt -0.156530 0.108982
vt -0.159353 0.108579
vt -0.159133 0.083416
vt -0.156304 0.083085
vt -0.161337 1.064252
vt -0.156940 1.063442
vt -0.145792 1.123969
vt -0.150189 1.124779
vt -0.255768 0.551586
vt -0.251371 0.550776
vt -0.240223 0.611304
vt -0.244620 0.612114
vt -0.244620 0.077703
vt -0.240223 0.077749
vt -0.240598 0.120807
vt -0.244995 0.120761
vt -0.256156 0.878113
vt -0.251759 0.878067
vt -0.251371 0.922515
vt -0.255768 0.922561
vt -0.244995 0.387511
vt -0.240598 0.388321
vt -0.251759 0.448836
vt -0.256156 0.448026
vt -0.150468 -0.125058
vt -0.146071 -0.124248
vt -0.157231 -0.063733
vt -0.161628 -0.064543
vt -0.150220 0.086891
vt -0.146753 0.086927
vt -0.146906 0.104448
vt -0.150373 0.104413
vt -0.158733 0.894744
vt -0.155266 0.894708
vt -0.155104 0.913271
vt -0.158571 0.913306
vt -0.156304 -0.067104
vt -0.159133 -0.068408
vt -0.149600 -0.120166
vt -0.146493 -0.120371
vt -0.250735 0.445561
vt -0.253566 0.444256
vt -0.244033 0.392498
vt -0.240924 0.392295
vt -0.240924 0.918576
vt -0.244033 0.918094
vt -0.244336 0.883349
vt -0.241236 0.882817
vt -0.251058 0.118174
vt -0.253879 0.117614
vt -0.253566 0.081680
vt -0.250735 0.081192
vt -0.241236 0.608018
vt -0.244336 0.607805
vt -0.253879 0.556058
vt -0.251057 0.554762
vt -0.146708 1.120586
vt -0.149810 1.120375
vt -0.159353 1.068628
vt -0.156530 1.067330
vt 0.085155 0.604321
vt 0.081906 0.607502
vt 0.081680 0.555744
vt 0.084957 0.558982
vt 0.105256 1.071809
vt 0.108579 1.068628
vt 0.107616 1.120375
vt 0.104413 1.117138
vt 0.086891 1.116985
vt 0.083642 1.120166
vt 0.083416 1.068409
vt 0.086694 1.071647
vt 0.114291 0.559238
vt 0.117614 0.556058
vt 0.116651 0.607805
vt 0.113448 0.604568
vt -0.158571 1.071647
vt -0.155104 1.071008
vt -0.146753 1.116346
vt -0.150220 1.116985
vt -0.253003 0.558982
vt -0.249536 0.558344
vt -0.241186 0.603682
vt -0.244652 0.604321
vt -0.244652 0.085155
vt -0.241186 0.085191
vt -0.241433 0.113484
vt -0.244899 0.113448
vt -0.253259 0.885709
vt -0.249793 0.885673
vt -0.249537 0.915007
vt -0.253003 0.915043
vt -0.244899 0.395432
vt -0.241433 0.396071
vt -0.249792 0.441400
vt -0.253259 0.440762
vt -0.150373 -0.117138
vt -0.146906 -0.116499
vt -0.155266 -0.071170
vt -0.158733 -0.071808
vt 0.085889 1.095981
vt 0.085853 1.092370
vt 0.105814 1.092544
vt 0.105727 1.096155
vt -0.149034 0.105578
vt -0.151669 0.105545
vt -0.151498 0.085929
vt -0.148863 0.085962
vt -0.154050 0.106116
vt -0.156686 0.106083
vt -0.156508 0.085778
vt -0.153873 0.085811
vt -0.248581 0.115705
vt -0.251217 0.115673
vt -0.250936 0.083487
vt -0.248300 0.083520
vt 0.085814 1.082380
vt 0.085778 1.078768
vt 0.106083 1.078945
vt 0.105996 1.082556
vt 0.115403 0.579979
vt 0.115316 0.583589
vt 0.083598 0.583312
vt 0.083562 0.579701
vt 0.085965 1.109583
vt 0.085929 1.105972
vt 0.105545 1.106143
vt 0.105458 1.109753
vt 0.115134 0.593577
vt 0.115047 0.597188
vt 0.083674 0.596914
vt 0.083638 0.593302
vt 0.115673 0.566380
vt 0.115585 0.569991
vt 0.083523 0.569711
vt 0.083487 0.566099
vt -0.247406 0.916453
vt -0.250271 0.916477
vt -0.250550 0.884415
vt -0.247686 0.884391
vt -0.150473 0.914087
vt -0.153338 0.914111
vt -0.153511 0.894273
vt -0.150647 0.894249
vt -0.246073 0.115436
vt -0.248709 0.115403
vt -0.248431 0.083562
vt -0.245795 0.083595
vt -0.243565 0.115167
vt -0.246200 0.115134
vt -0.245925 0.083638
vt -0.243290 0.083671
vt -0.151542 0.105847
vt -0.154177 0.105814
vt -0.154003 0.085853
vt -0.151368 0.085886
vt -0.244901 0.916378
vt -0.247766 0.916402
vt -0.248042 0.884684
vt -0.245178 0.884660
vt -0.242396 0.916302
vt -0.245260 0.916326
vt -0.245534 0.884953
vt -0.242669 0.884929
vt -0.152979 0.914162
vt -0.155843 0.914186
vt -0.156019 0.894004
vt -0.153155 0.893980
vt -0.147968 0.914011
vt -0.150833 0.914035
vt -0.151003 0.894542
vt -0.148139 0.894518
vt -0.166230 0.958057
vt -0.169600 0.956758
vt -0.169249 0.916641
vt -0.165859 0.915454
vt -0.153092 1.136878
vt -0.157228 1.135708
vt -0.169599 1.068625
vt -0.166230 1.065638
vt -0.157525 0.920259
vt -0.153128 0.920305
vt -0.153407 0.952277
vt -0.157804 0.952232
vt -0.168965 0.046642
vt -0.164568 0.046597
vt -0.164277 0.079959
vt -0.168674 0.080004
vt -0.152734 0.084235
vt -0.156891 0.083066
vt -0.157228 0.044490
vt -0.153092 0.043268
vt -0.165859 -0.065266
vt -0.169249 -0.068275
vt -0.156891 -0.135371
vt -0.152734 -0.136521
vt -0.260286 0.447402
vt -0.263680 0.444391
vt -0.251322 0.377294
vt -0.247162 0.376148
vt -0.247162 0.086472
vt -0.251322 0.084959
vt -0.251755 0.035298
vt -0.247622 0.033733
vt -0.260761 0.967592
vt -0.264127 0.965950
vt -0.263680 0.914748
vt -0.260286 0.913217
vt -0.247622 0.624312
vt -0.251755 0.623139
vt -0.264127 0.556056
vt -0.260761 0.553072
vt 0.918366 0.619450
vt 0.915041 0.622706
vt 0.914748 0.555609
vt 0.918102 0.558923
vt 0.953357 1.071880
vt 0.956758 1.068625
vt 0.955510 1.135708
vt 0.952232 1.132395
vt 0.920259 1.132116
vt 0.916934 1.135371
vt 0.916641 1.068275
vt 0.919995 1.071589
vt 0.962550 0.559311
vt 0.965950 0.556056
vt 0.964702 0.623139
vt 0.961424 0.619826
vt -0.153829 0.076020
vt -0.156937 0.075695
vt -0.157146 0.051721
vt -0.154044 0.051346
vt -0.163866 0.949644
vt -0.166689 0.949241
vt -0.166470 0.924079
vt -0.163640 0.923748
vt -0.168674 1.071589
vt -0.164277 1.070778
vt -0.153128 1.131306
vt -0.157525 1.132116
vt -0.263104 0.558923
vt -0.258707 0.558113
vt -0.247559 0.618640
vt -0.251956 0.619450
vt -0.251956 0.918366
vt -0.247559 0.918411
vt -0.247935 0.961469
vt -0.252332 0.961424
vt -0.263492 0.037450
vt -0.259095 0.037405
vt -0.258708 0.081853
vt -0.263104 0.081898
vt -0.252332 0.380174
vt -0.247935 0.380984
vt -0.259095 0.441499
vt -0.263492 0.440689
vt -0.157804 -0.132395
vt -0.153407 -0.131585
vt -0.164568 -0.071070
vt -0.168965 -0.071880
vt -0.157556 0.927554
vt -0.154090 0.927590
vt -0.154243 0.945111
vt -0.157709 0.945075
vt -0.166069 0.054082
vt -0.162603 0.054046
vt -0.162441 0.072608
vt -0.165907 0.072644
vt -0.163640 -0.074441
vt -0.166470 -0.075745
vt -0.156937 -0.127503
vt -0.153829 -0.127708
vt -0.258071 0.438225
vt -0.260902 0.436919
vt -0.251369 0.385162
vt -0.248260 0.384958
vt -0.248260 0.077913
vt -0.251369 0.077432
vt -0.251672 0.042686
vt -0.248572 0.042154
vt -0.258394 0.958836
vt -0.261216 0.958276
vt -0.260902 0.922342
vt -0.258071 0.921854
vt -0.248572 0.615354
vt -0.251672 0.615142
vt -0.261216 0.563395
vt -0.258394 0.562098
vt -0.154044 1.127923
vt -0.157146 1.127712
vt -0.166689 1.075965
vt -0.163866 1.074667
vt 0.925817 0.611657
vt 0.922568 0.614838
vt 0.922342 0.563081
vt 0.925619 0.566319
vt 0.945918 1.079145
vt 0.949241 1.075965
vt 0.948279 1.127712
vt 0.945075 1.124475
vt 0.927554 1.124322
vt 0.924305 1.127503
vt 0.924079 1.075745
vt 0.927356 1.078983
vt 0.954953 0.566575
vt 0.958276 0.563395
vt 0.957314 0.615142
vt 0.954110 0.611904
vt -0.165907 1.078983
vt -0.162441 1.078344
vt -0.154090 1.123683
vt -0.157556 1.124321
vt -0.260339 0.566319
vt -0.256873 0.565680
vt -0.248522 0.611019
vt -0.251989 0.611657
vt -0.251989 0.925817
vt -0.248522 0.925853
vt -0.248769 0.954146
vt -0.252235 0.954110
vt -0.260595 0.045047
vt -0.257129 0.045011
vt -0.256873 0.074345
vt -0.260339 0.074381
vt -0.252235 0.388096
vt -0.248769 0.388734
vt -0.257129 0.434064
vt -0.260595 0.433425
vt -0.157709 -0.124474
vt -0.154243 -0.123836
vt -0.162603 -0.078506
vt -0.166069 -0.079145
vt 0.926552 1.103318
vt 0.926516 1.099707
vt 0.946476 1.099881
vt 0.946389 1.103491
vt -0.156371 0.946240
vt -0.159006 0.946207
vt -0.158834 0.926591
vt -0.156199 0.926624
vt -0.161387 0.946778
vt -0.164022 0.946746
vt -0.163845 0.926440
vt -0.161210 0.926473
vt -0.255918 0.956368
vt -0.258553 0.956335
vt -0.258272 0.924149
vt -0.255637 0.924182
vt 0.926476 1.089717
vt 0.926440 1.086105
vt 0.946746 1.086282
vt 0.946658 1.089893
vt 0.956066 0.587315
vt 0.955979 0.590926
vt 0.924260 0.590649
vt 0.924225 0.587037
vt 0.926627 1.116920
vt 0.926591 1.113308
vt 0.946207 1.113479
vt 0.946120 1.117090
vt 0.955797 0.600914
vt 0.955710 0.604524
vt 0.924336 0.604251
vt 0.924300 0.600639
vt 0.956335 0.573717
vt 0.956248 0.577327
vt 0.924185 0.577047
vt 0.924149 0.573436
vt -0.254742 0.075791
vt -0.257607 0.075815
vt -0.257887 0.043752
vt -0.255022 0.043728
vt -0.157810 0.073424
vt -0.160674 0.073448
vt -0.160848 0.053611
vt -0.157983 0.053587
vt -0.253410 0.956099
vt -0.256045 0.956066
vt -0.255767 0.924225
vt -0.253132 0.924258
vt -0.250902 0.955830
vt -0.253537 0.955797
vt -0.253262 0.924300
vt -0.250627 0.924333
vt -0.158879 0.946509
vt -0.161514 0.946476
vt -0.161340 0.926516
vt -0.158704 0.926548
vt -0.252237 0.075715
vt -0.255102 0.075739
vt -0.255379 0.044021
vt -0.252514 0.043997
vt -0.249732 0.075640
vt -0.252597 0.075664
vt -0.252871 0.044290
vt -0.250006 0.044266
vt -0.160315 0.073500
vt -0.163180 0.073524
vt -0.163356 0.053342
vt -0.160491 0.053318
vt -0.155305 0.073349
vt -0.158169 0.073373
vt -0.158340 0.053880
vt -0.155475 0.053856
vt -0.163733 0.671849
vt -0.167102 0.670551
vt -0.166752 0.630434
vt -0.163361 0.629247
vt -0.150594 1.134380
vt -0.154730 1.133210
vt -0.167102 1.066127
vt -0.163733 1.063140
vt -0.155027 0.634052
vt -0.150630 0.634097
vt -0.150909 0.666070
vt -0.155306 0.666024
vt -0.166467 0.332850
vt -0.162070 0.332804
vt -0.161779 0.366167
vt -0.166176 0.366212
vt -0.150237 0.370442
vt -0.154393 0.369273
vt -0.154730 0.330697
vt -0.150594 0.329476
vt -0.163361 -0.062769
vt -0.166752 -0.065777
vt -0.154393 -0.132874
vt -0.150237 -0.134023
vt -0.257789 0.449900
vt -0.261183 0.446889
vt -0.248824 0.379792
vt -0.244664 0.378646
vt -0.244665 0.372679
vt -0.248824 0.371167
vt -0.249258 0.321505
vt -0.245125 0.319940
vt -0.258263 0.681385
vt -0.261629 0.679743
vt -0.261183 0.628540
vt -0.257789 0.627010
vt -0.245125 0.621815
vt -0.249257 0.620641
vt -0.261629 0.553558
vt -0.258263 0.550575
vt 0.632159 0.616953
vt 0.628833 0.620208
vt 0.628540 0.553111
vt 0.631894 0.556425
vt 0.667150 1.069382
vt 0.670551 1.066127
vt 0.669303 1.133210
vt 0.666024 1.129897
vt 0.634052 1.129618
vt 0.630727 1.132874
vt 0.630434 1.065777
vt 0.633788 1.069091
vt 0.676342 0.556813
vt 0.679743 0.553558
vt 0.678495 0.620641
vt 0.675216 0.617328
vt -0.151331 0.362227
vt -0.154439 0.361903
vt -0.154648 0.337929
vt -0.151547 0.337554
vt -0.161369 0.663437
vt -0.164192 0.663034
vt -0.163972 0.637871
vt -0.161143 0.637540
vt -0.166176 1.069091
vt -0.161779 1.068281
vt -0.150630 1.128808
vt -0.155027 1.129618
vt -0.260607 0.556425
vt -0.256210 0.555615
vt -0.245061 0.616142
vt -0.249458 0.616953
vt -0.249458 0.632159
vt -0.245061 0.632204
vt -0.245437 0.675262
vt -0.249834 0.675216
vt -0.260995 0.323658
vt -0.256598 0.323612
vt -0.256210 0.368060
vt -0.260607 0.368106
vt -0.249834 0.382672
vt -0.245437 0.383482
vt -0.256598 0.443997
vt -0.260995 0.443187
vt -0.155306 -0.129897
vt -0.150909 -0.129087
vt -0.162070 -0.068572
vt -0.166467 -0.069382
vt -0.155059 0.641346
vt -0.151592 0.641382
vt -0.151745 0.658904
vt -0.155212 0.658868
vt -0.163571 0.340289
vt -0.160105 0.340253
vt -0.159943 0.358816
vt -0.163409 0.358851
vt -0.161142 -0.071943
vt -0.163972 -0.073247
vt -0.154439 -0.125005
vt -0.151331 -0.125210
vt -0.255573 0.440722
vt -0.258404 0.439417
vt -0.248871 0.387660
vt -0.245762 0.387456
vt -0.245762 0.364121
vt -0.248871 0.363639
vt -0.249174 0.328894
vt -0.246074 0.328362
vt -0.255896 0.672629
vt -0.258718 0.672069
vt -0.258404 0.636135
vt -0.255573 0.635647
vt -0.246074 0.612856
vt -0.249174 0.612644
vt -0.258718 0.560897
vt -0.255896 0.559600
vt -0.151547 1.125425
vt -0.154648 1.125214
vt -0.164192 1.073467
vt -0.161368 1.072169
vt 0.639610 0.609160
vt 0.636361 0.612341
vt 0.636135 0.560583
vt 0.639412 0.563821
vt 0.659711 1.076648
vt 0.663034 1.073467
vt 0.662071 1.125214
vt 0.658868 1.121977
vt 0.641346 1.121824
vt 0.638097 1.125005
vt 0.637871 1.073247
vt 0.641149 1.076485
vt 0.668746 0.564077
vt 0.672069 0.560897
vt 0.671106 0.612644
vt 0.667903 0.609406
vt -0.163409 1.076485
vt -0.159943 1.075847
vt -0.151592 1.121185
vt -0.155059 1.121824
vt -0.257842 0.563821
vt -0.254375 0.563182
vt -0.246024 0.608521
vt -0.249491 0.609159
vt -0.249491 0.639610
vt -0.246024 0.639646
vt -0.246271 0.667939
vt -0.249738 0.667903
vt -0.258098 0.331254
vt -0.254631 0.331218
vt -0.254375 0.360552
vt -0.257842 0.360588
vt -0.249738 0.390594
vt -0.246271 0.391232
vt -0.254631 0.436562
vt -0.258098 0.435923
vt -0.155211 -0.121977
vt -0.151745 -0.121338
vt -0.160105 -0.076009
vt -0.163571 -0.076647
vt 0.640344 1.100820
vt 0.640308 1.097209
vt 0.660269 1.097383
vt 0.660182 1.100993
vt -0.153873 0.660033
vt -0.156508 0.660000
vt -0.156337 0.640384
vt -0.153702 0.640417
vt -0.158889 0.660571
vt -0.161524 0.660538
vt -0.161347 0.640233
vt -0.158712 0.640266
vt -0.253420 0.670160
vt -0.256055 0.670128
vt -0.255774 0.637942
vt -0.253139 0.637975
vt 0.640269 1.087219
vt 0.640233 1.083607
vt 0.660538 1.083784
vt 0.660451 1.087395
vt 0.669858 0.584817
vt 0.669771 0.588428
vt 0.638053 0.588151
vt 0.638017 0.584540
vt 0.640419 1.114422
vt 0.640384 1.110811
vt 0.660000 1.110982
vt 0.659913 1.114592
vt 0.669589 0.598416
vt 0.669502 0.602027
vt 0.638129 0.601753
vt 0.638093 0.598141
vt 0.670128 0.571219
vt 0.670040 0.574829
vt 0.637978 0.574550
vt 0.637942 0.570938
vt -0.252245 0.361998
vt -0.255109 0.362022
vt -0.255389 0.329960
vt -0.252524 0.329936
vt -0.155312 0.359632
vt -0.158177 0.359656
vt -0.158350 0.339818
vt -0.155485 0.339794
vt -0.250912 0.669891
vt -0.253547 0.669858
vt -0.253269 0.638017
vt -0.250634 0.638050
vt -0.248404 0.669622
vt -0.251039 0.669589
vt -0.250764 0.638093
vt -0.248129 0.638126
vt -0.156381 0.660302
vt -0.159016 0.660269
vt -0.158842 0.640308
vt -0.156207 0.640341
vt -0.249740 0.361923
vt -0.252604 0.361947
vt -0.252881 0.330229
vt -0.250016 0.330205
vt -0.247234 0.361847
vt -0.250099 0.361871
vt -0.250373 0.330498
vt -0.247508 0.330474
vt -0.157817 0.359707
vt -0.160682 0.359731
vt -0.160858 0.339549
vt -0.157993 0.339525
vt -0.152807 0.359556
vt -0.155672 0.359580
vt -0.155842 0.340087
vt -0.152977 0.340063
vt 0.327827 -0.699720
vt 0.329100 -0.703116
vt 0.369218 -0.702765
vt 0.370432 -0.699348
vt -0.687209 1.122496
vt -0.691335 1.121300
vt -0.703116 1.054102
vt -0.699720 1.051134
vt 0.365048 -0.691603
vt 0.365010 -0.687199
vt 0.333036 -0.687478
vt 0.333075 -0.691882
vt 0.332473 1.702510
vt 0.332434 1.698106
vt 0.365798 1.697815
vt 0.365836 1.702219
vt 0.369504 1.686852
vt 0.368345 1.690998
vt 0.329768 1.691335
vt 0.328537 1.687209
vt 1.699348 1.051134
vt 1.702765 1.054102
vt 1.690998 1.121300
vt 1.686852 1.122496
vt 1.789260 0.537693
vt 1.792680 0.540661
vt 1.780913 0.607858
vt 1.776764 0.609054
vt 0.376176 1.776764
vt 0.374673 1.780913
vt 0.325010 1.781346
vt 0.323435 1.777224
vt 0.322726 -0.789735
vt 0.324342 -0.793127
vt 0.375547 -0.792680
vt 0.377103 -0.789260
vt -0.777224 0.609054
vt -0.781346 0.607858
vt -0.793127 0.540661
vt -0.789735 0.537693
vt 0.371376 0.395431
vt 0.374673 0.392142
vt 0.375547 0.459340
vt 0.372164 0.456050
vt 0.332473 -0.057391
vt 0.329100 -0.054102
vt 0.329768 -0.121299
vt 0.333075 -0.118010
vt 0.365048 -0.118010
vt 0.368345 -0.121299
vt 0.369218 -0.054102
vt 0.365836 -0.057391
vt 0.327715 0.456050
vt 0.324342 0.459340
vt 0.325010 0.392142
vt 0.328317 0.395431
vt 0.361366 1.687868
vt 0.361043 1.690974
vt 0.337068 1.691183
vt 0.336692 1.688083
vt 0.336162 -0.697436
vt 0.336553 -0.700271
vt 0.361717 -0.700051
vt 0.362059 -0.697210
vt -0.702219 1.057391
vt -0.697815 1.056620
vt -0.687199 1.117238
vt -0.691603 1.118010
vt -0.792133 0.543950
vt -0.787729 0.543178
vt -0.777114 0.603797
vt -0.781518 0.604569
vt 0.371376 -0.781518
vt 0.371338 -0.777114
vt 0.328278 -0.777490
vt 0.328317 -0.781894
vt 0.327715 1.792521
vt 0.327676 1.788117
vt 0.372126 1.787729
vt 0.372164 1.792133
vt 1.781894 0.604569
vt 1.777490 0.603797
vt 1.788117 0.543178
vt 1.792521 0.543950
vt 1.691882 1.118010
vt 1.687478 1.117238
vt 1.698106 1.056620
vt 1.702510 1.057391
vt 0.357822 -0.691565
vt 0.357791 -0.688093
vt 0.340269 -0.688246
vt 0.340300 -0.691718
vt 0.339849 1.699679
vt 0.339818 1.696207
vt 0.358381 1.696045
vt 0.358412 1.699517
vt 1.697210 1.060256
vt 1.700051 1.061532
vt 1.690974 1.113367
vt 1.687868 1.113603
vt 1.787125 0.546814
vt 1.789967 0.548090
vt 1.780890 0.599926
vt 1.777783 0.600161
vt 0.367694 1.777783
vt 0.367214 1.780890
vt 0.332467 1.781193
vt 0.331934 1.778095
vt 0.331403 -0.787448
vt 0.331952 -0.790281
vt 0.367888 -0.789967
vt 0.368387 -0.787125
vt -0.778095 0.600161
vt -0.781193 0.599926
vt -0.790281 0.548091
vt -0.787448 0.546814
vt -0.688084 1.113603
vt -0.691183 1.113367
vt -0.700271 1.061532
vt -0.697436 1.060256
vt 0.363993 0.403289
vt 0.367214 0.400074
vt 0.367888 0.451910
vt 0.364583 0.448695
vt 0.339849 -0.064746
vt 0.336553 -0.061532
vt 0.337068 -0.113367
vt 0.340300 -0.110153
vt 0.357822 -0.110153
vt 0.361043 -0.113367
vt 0.361717 -0.061532
vt 0.358412 -0.064746
vt 0.335248 0.448695
vt 0.331952 0.451910
vt 0.332467 0.400074
vt 0.335699 0.403289
vt -0.699517 1.064746
vt -0.696045 1.064138
vt -0.688093 1.109545
vt -0.691565 1.110153
vt -0.789433 0.551305
vt -0.785961 0.550696
vt -0.778010 0.596103
vt -0.781482 0.596712
vt 0.363993 -0.781482
vt 0.363962 -0.778010
vt 0.335669 -0.778256
vt 0.335699 -0.781729
vt 0.335248 1.789689
vt 0.335217 1.786217
vt 0.364552 1.785961
vt 0.364583 1.789433
vt 1.781729 0.596712
vt 1.778256 0.596103
vt 1.786217 0.550696
vt 1.789689 0.551305
vt 1.691718 1.110153
vt 1.688246 1.109545
vt 1.696207 1.064138
vt 1.699679 1.064746
vt 0.359006 -0.089132
vt 0.359073 -0.085515
vt 0.339111 -0.085515
vt 0.339167 -0.089132
vt 0.339239 -0.690273
vt 0.339263 -0.692918
vt 0.358880 -0.692746
vt 0.358856 -0.690102
vt 0.338937 -0.695049
vt 0.338960 -0.697694
vt 0.359266 -0.697517
vt 0.359243 -0.694872
vt 0.333781 -0.785064
vt 0.333804 -0.787709
vt 0.365991 -0.787428
vt 0.365968 -0.784783
vt 0.359199 -0.075510
vt 0.359266 -0.071893
vt 0.338960 -0.071893
vt 0.339016 -0.075510
vt 0.333956 0.427926
vt 0.334012 0.424309
vt 0.365731 0.424309
vt 0.365798 0.427926
vt 0.358813 -0.102754
vt 0.358880 -0.099137
vt 0.339263 -0.099137
vt 0.339319 -0.102754
vt 0.334107 0.414304
vt 0.334163 0.410687
vt 0.365538 0.410687
vt 0.365605 0.414304
vt 0.333804 0.441548
vt 0.333860 0.437931
vt 0.365924 0.437931
vt 0.365991 0.441548
vt 0.365899 1.783932
vt 0.365924 1.786795
vt 0.333860 1.787075
vt 0.333835 1.784211
vt 0.358981 1.691635
vt 0.359006 1.694499
vt 0.339167 1.694671
vt 0.339142 1.691808
vt 0.333933 -0.782676
vt 0.333956 -0.785321
vt 0.365798 -0.785043
vt 0.365775 -0.782398
vt 0.334084 -0.780288
vt 0.334107 -0.782933
vt 0.365605 -0.782658
vt 0.365582 -0.780013
vt 0.339088 -0.692661
vt 0.339111 -0.695306
vt 0.359073 -0.695132
vt 0.359050 -0.692487
vt 0.365706 1.781546
vt 0.365731 1.784410
vt 0.334012 1.784687
vt 0.333987 1.781823
vt 0.365513 1.779161
vt 0.365538 1.782025
vt 0.334163 1.782298
vt 0.334138 1.779435
vt 0.359174 1.694020
vt 0.359199 1.696884
vt 0.339016 1.697060
vt 0.338991 1.694196
vt 0.358787 1.689250
vt 0.358812 1.692113
vt 0.339319 1.692283
vt 0.339294 1.689420
vn 0.6635 -0.7482 0.0000
vn 0.9857 -0.1687 0.0028
vn 0.9857 -0.1687 0.0000
vn 0.2932 0.0650 0.9539
vn 0.1812 -0.9834 0.0000
vn -0.1812 0.9834 0.0000
vn 0.2694 0.9630 0.0000
vn 0.2931 0.0650 -0.9539
vn 0.3660 0.0781 -0.9273
vn 0.9789 -0.2043 0.0024
vn 0.9789 -0.2043 -0.0000
vn 0.3660 0.0781 0.9273
vn 0.9835 0.1812 0.0000
vn 0.9834 0.1812 0.0000
vn 0.0669 0.9978 0.0000
vn 0.4181 -0.9084 0.0000
vn 0.0020 -0.0111 0.9999
vn 0.0020 -0.0111 -0.9999
vn 0.1812 -0.9835 0.0000
vn 0.1140 0.0324 -0.9930
vn 0.1636 0.0415 -0.9856
vn 0.1636 0.0415 0.9856
vn 0.1140 0.0324 0.9930
vn 0.3939 -0.9191 0.0000
vn 0.0405 0.9992 0.0000
vn 0.9857 -0.1686 0.0000
vn 0.0021 -0.0111 0.9999
vn 0.0021 -0.0111 -0.9999
vn 0.3939 -0.9192 0.0000
vn 0.2931 0.0650 0.9539
vn -0.1812 0.9835 0.0000
vn 0.0000 -0.7482 -0.6635
vn 0.0028 -0.1687 -0.9857
vn 0.0000 -0.1686 -0.9857
vn 0.9539 0.0650 -0.2931
vn 0.0000 -0.9835 -0.1812
vn -0.0000 0.9834 0.1812
vn 0.0000 0.9630 -0.2694
vn -0.9539 0.0650 -0.2932
vn -0.9273 0.0781 -0.3660
vn 0.0024 -0.2042 -0.9789
vn -0.0000 -0.2042 -0.9789
vn 0.9273 0.0781 -0.3660
vn 0.0000 0.1812 -0.9835
vn 0.0000 0.1812 -0.9834
vn 0.0000 0.9978 -0.0669
vn 0.0000 -0.9084 -0.4181
vn 0.9999 -0.0111 -0.0020
vn 0.0000 -0.9834 -0.1812
vn -0.9999 -0.0111 -0.0020
vn -0.9930 0.0324 -0.1140
vn -0.9857 0.0415 -0.1636
vn 0.9856 0.0415 -0.1636
vn 0.9930 0.0324 -0.1140
vn -0.0000 0.9835 0.1812
vn 0.0000 -0.9191 -0.3939
vn 0.0000 0.9992 -0.0405
vn 0.0000 -0.9192 -0.3939
vn -0.6635 -0.7482 0.0000
vn -0.5791 -0.4398 0.6864
vn -0.8313 -0.2255 -0.5080
vn -0.4533 -0.7791 0.4330
vn -0.2932 0.0650 0.9539
vn 0.1323 0.0551 0.9897
vn 0.0889 -0.0833 0.9926
vn -0.1812 -0.9834 0.0000
vn 0.2650 0.4120 -0.8718
vn 0.1812 0.9834 0.0000
vn 0.8092 0.5876 -0.0000
vn -0.0443 0.8922 0.4495
vn -0.1021 0.8550 0.5084
vn -0.2694 0.9630 0.0000
vn 0.2611 0.3483 -0.9003
vn 0.1432 0.3720 -0.9171
vn -0.0083 -0.3887 -0.9213
vn 0.0371 -0.4271 -0.9034
vn 0.1442 0.3761 -0.9153
vn 0.1685 0.3045 -0.9375
vn 0.0367 0.0698 -0.9969
vn -0.3660 0.0781 -0.9273
vn -0.0921 0.8634 -0.4960
vn 0.0107 0.9003 -0.4352
vn -0.4137 -0.8068 -0.4218
vn -0.8606 -0.1817 0.4757
vn -0.6677 -0.7329 -0.1305
vn -0.4137 -0.8068 0.4218
vn -0.0754 -0.4046 0.9114
vn -0.0902 -0.3765 0.9220
vn 0.0609 0.3889 0.9193
vn 0.1442 0.3761 0.9153
vn -0.8631 0.4305 -0.2640
vn -0.8465 0.1527 0.5100
vn -0.9816 -0.0107 -0.1905
vn -0.9607 -0.0878 0.2635
vn -0.8300 0.1529 -0.5364
vn -0.9125 0.3627 0.1892
vn -0.9381 0.2849 0.1968
vn -0.9047 0.3315 -0.2676
vn -0.9398 -0.1401 -0.3117
vn -0.9784 0.0671 -0.1954
vn -0.9307 0.2093 -0.2999
vn -0.8268 0.4700 0.3091
vn -0.0669 0.9978 0.0000
vn -0.4181 -0.9084 0.0000
vn 0.6764 -0.1329 0.7244
vn -0.0020 -0.0111 0.9999
vn 0.6748 -0.1327 0.7259
vn 0.8550 -0.1632 0.4923
vn 0.0217 -0.8932 0.4492
vn 0.0970 -0.4846 0.8693
vn 0.5448 -0.8386 0.0000
vn 0.6748 -0.1327 -0.7259
vn -0.0020 -0.0111 -0.9999
vn 0.6764 -0.1329 -0.7244
vn 0.8544 -0.1631 -0.4934
vn 0.3399 0.8186 -0.4630
vn -0.1812 -0.9835 0.0000
vn -0.1140 0.0324 -0.9930
vn -0.1636 0.0415 -0.9856
vn -0.1636 0.0415 0.9856
vn -0.1140 0.0324 0.9930
vn -0.9834 0.1812 0.0000
vn -0.3939 -0.9191 0.0000
vn -0.0405 0.9992 0.0000
vn -0.7910 -0.3015 0.5324
vn -0.7906 -0.3024 -0.5324
vn -0.2931 0.0650 -0.9539
vn -0.7880 -0.2886 0.5439
vn -0.7877 -0.2893 -0.5439
vn -0.3660 0.0781 0.9273
vn -0.9835 0.1812 0.0000
vn -0.0021 -0.0111 0.9999
vn -0.0021 -0.0111 -0.9999
vn -0.1637 0.0415 0.9856
vn -0.3939 -0.9192 0.0000
vn -0.2931 0.0650 0.9539
vn 0.1812 0.9835 0.0000
vn -0.5324 -0.3015 -0.7910
vn 0.5324 -0.3024 -0.7906
vn -0.9539 0.0650 -0.2931
vn 0.9539 0.0650 -0.2932
vn -0.5438 -0.2886 -0.7880
vn 0.5439 -0.2893 -0.7877
vn 0.9857 0.0415 -0.1636
vn -0.9856 0.0415 -0.1636
usemtl sandstone_white
s 1
f 1939/4054/319 1942/4055/319 1958/4056/320 1955/4057/321
f 1940/4058/322 1939/4059/322 1955/4060/322 1956/4061/322
f 1949/4062/323 1948/4063/323 1972/4064/323 1973/4065/323
f 1947/4066/324 1950/4067/324 1974/4068/324 1971/4069/324
f 1941/4070/325 1940/4071/325 1956/4072/325 1957/4073/325
f 1942/4074/326 1941/4075/326 1957/4076/326 1958/4077/326
f 1938/4078/327 1937/4079/327 1953/4080/327 1954/4081/327
f 1937/4082/325 1944/4083/325 1960/4084/325 1953/4085/325
f 1943/4086/319 1938/4087/319 1954/4088/328 1959/4089/329
f 1944/4090/330 1943/4091/330 1959/4092/330 1960/4093/330
f 1945/4094/331 1946/4095/332 1954/4096/328 1953/4097/331
f 1947/4098/332 1948/4099/331 1956/4100/331 1955/4101/321
f 1949/4102/331 1950/4103/332 1958/4104/320 1957/4105/331
f 1951/4106/332 1952/4107/331 1960/4108/331 1959/4109/329
f 1948/4099/331 1949/4102/331 1957/4105/331 1956/4100/331
f 1946/4095/332 1951/4106/332 1959/4109/329 1954/4096/328
f 1950/4103/332 1947/4098/332 1955/4101/321 1958/4104/320
f 1952/4107/331 1945/4094/331 1953/4097/331 1960/4108/331
f 1965/4110/333 1964/4111/333 1988/4112/333 1989/4113/333
f 1963/4114/334 1966/4115/334 1990/4116/334 1987/4117/334
f 1950/4118/335 1949/4119/335 1973/4120/335 1974/4121/335
f 1946/4122/335 1945/4123/335 1969/4124/335 1970/4125/335
f 1945/4126/323 1952/4127/323 1976/4128/323 1969/4129/323
f 1951/4130/324 1946/4131/324 1970/4132/324 1975/4133/324
f 1952/4134/336 1951/4135/336 1975/4136/336 1976/4137/336
f 1948/4138/336 1947/4139/336 1971/4140/336 1972/4141/336
f 1981/4142/337 1980/4143/337 1996/4144/337 1997/4145/337
f 1979/4146/324 1982/4147/324 1998/4148/324 1995/4149/324
f 1966/4150/338 1965/4151/338 1989/4152/338 1990/4153/338
f 1962/4154/339 1961/4155/339 1985/4156/339 1986/4157/339
f 1961/4158/333 1968/4159/333 1992/4160/333 1985/4161/333
f 1967/4162/334 1962/4163/334 1986/4164/334 1991/4165/334
f 1968/4166/340 1967/4167/340 1991/4168/340 1992/4169/340
f 1964/4170/341 1963/4171/341 1987/4172/341 1988/4173/341
f 1977/4174/332 1978/4175/332 1986/4176/332 1985/4177/332
f 1979/4178/332 1980/4179/332 1988/4180/332 1987/4181/332
f 1981/4182/332 1982/4183/332 1990/4184/332 1989/4185/332
f 1983/4186/332 1984/4187/332 1992/4188/332 1991/4189/332
f 1980/4179/332 1981/4182/332 1989/4185/332 1988/4180/332
f 1978/4175/332 1983/4186/332 1991/4189/332 1986/4176/332
f 1982/4183/332 1979/4178/332 1987/4181/332 1990/4184/332
f 1984/4187/332 1977/4174/332 1985/4177/332 1992/4188/332
f 1982/4190/335 1981/4191/335 1997/4192/335 1998/4193/335
f 1978/4194/335 1977/4195/335 1993/4196/335 1994/4197/335
f 1977/4198/323 1984/4199/323 2000/4200/323 1993/4201/323
f 1983/4202/324 1978/4203/324 1994/4204/324 1999/4205/324
f 1984/4206/336 1983/4207/336 1999/4208/336 2000/4209/336
f 1980/4210/336 1979/4211/336 1995/4212/336 1996/4213/336
f 2011/4214/332 2010/4215/332 2009/4216/332 2012/4217/332
f 2017/4218/342 2020/4219/342 2037/4220/342 2040/4221/342
f 2013/4222/342 2026/4223/342 2008/4224/342 2005/4225/342
f 2029/4226/342 2028/4227/342 2047/4228/342 2046/4229/342
f 2007/4230/332 2006/4231/332 2005/4232/332 2008/4233/332
f 2003/4234/332 2002/4235/332 2001/4236/332 2004/4237/332
f 2038/4238/332 2039/4239/332 2040/4240/332 2037/4241/332
f 2042/4242/332 2043/4243/332 2044/4244/332 2041/4245/332
f 2046/4246/332 2047/4247/332 2048/4248/332 2045/4249/332
f 2027/4250/343 2030/4251/343 2045/4252/343 2048/4253/343
f 2021/4254/343 2024/4255/343 2010/4256/343 2011/4257/343
f 2031/4258/342 2034/4259/342 2002/4260/342 2003/4261/342
f 2035/4262/342 2016/4263/342 2043/4264/342 2042/4265/342
f 2023/4266/342 2022/4267/342 2012/4268/342 2009/4269/342
f 2033/4270/343 2032/4271/343 2004/4272/343 2001/4273/343
f 2015/4274/343 2036/4275/343 2041/4276/343 2044/4277/343
f 2025/4278/343 2014/4279/343 2006/4280/343 2007/4281/343
f 2019/4282/343 2018/4283/343 2039/4284/343 2038/4285/343
f 2051/4286/319 2054/4287/319 2070/4288/320 2067/4289/344
f 2052/4290/322 2051/4291/322 2067/4292/322 2068/4293/322
f 2061/4294/323 2060/4295/323 2084/4296/323 2085/4297/323
f 2059/4298/324 2062/4299/324 2086/4300/324 2083/4301/324
f 2053/4302/325 2052/4303/325 2068/4304/325 2069/4305/325
f 2054/4306/326 2053/4307/326 2069/4308/326 2070/4309/326
f 2050/4310/327 2049/4311/327 2065/4312/327 2066/4313/327
f 2049/4314/325 2056/4315/325 2072/4316/325 2065/4317/325
f 2055/4318/319 2050/4319/319 2066/4320/328 2071/4321/329
f 2056/4322/330 2055/4323/330 2071/4324/330 2072/4325/330
f 2057/4326/331 2058/4327/332 2066/4328/328 2065/4329/331
f 2059/4330/332 2060/4331/332 2068/4332/332 2067/4333/344
f 2061/4334/332 2062/4335/332 2070/4336/320 2069/4337/332
f 2063/4338/332 2064/4339/331 2072/4340/331 2071/4341/329
f 2060/4331/332 2061/4334/332 2069/4337/332 2068/4332/332
f 2058/4327/332 2063/4338/332 2071/4341/329 2066/4328/328
f 2062/4335/332 2059/4330/332 2067/4333/344 2070/4336/320
f 2064/4339/331 2057/4326/331 2065/4329/331 2072/4340/331
f 2077/4342/333 2076/4343/333 2100/4344/333 2101/4345/333
f 2075/4346/334 2078/4347/334 2102/4348/334 2099/4349/334
f 2062/4350/335 2061/4351/335 2085/4352/335 2086/4353/335
f 2058/4354/335 2057/4355/335 2081/4356/335 2082/4357/335
f 2057/4358/323 2064/4359/323 2088/4360/323 2081/4361/323
f 2063/4362/324 2058/4363/324 2082/4364/324 2087/4365/324
f 2064/4366/336 2063/4367/336 2087/4368/336 2088/4369/336
f 2060/4370/336 2059/4371/336 2083/4372/336 2084/4373/336
f 2093/4374/337 2092/4375/337 2108/4376/337 2109/4377/337
f 2091/4378/324 2094/4379/324 2110/4380/324 2107/4381/324
f 2078/4382/338 2077/4383/338 2101/4384/338 2102/4385/338
f 2074/4386/339 2073/4387/339 2097/4388/339 2098/4389/339
f 2073/4390/333 2080/4391/333 2104/4392/333 2097/4393/333
f 2079/4394/334 2074/4395/334 2098/4396/334 2103/4397/334
f 2080/4398/340 2079/4399/340 2103/4400/340 2104/4401/340
f 2076/4402/341 2075/4403/341 2099/4404/341 2100/4405/341
f 2089/4406/332 2090/4407/332 2098/4408/332 2097/4409/332
f 2091/4410/332 2092/4411/332 2100/4412/332 2099/4413/332
f 2093/4414/332 2094/4415/332 2102/4416/332 2101/4417/332
f 2095/4418/332 2096/4419/332 2104/4420/332 2103/4421/332
f 2092/4411/332 2093/4414/332 2101/4417/332 2100/4412/332
f 2090/4407/332 2095/4418/332 2103/4421/332 2098/4408/332
f 2094/4415/332 2091/4410/332 2099/4413/332 2102/4416/332
f 2096/4419/332 2089/4406/332 2097/4409/332 2104/4420/332
f 2094/4422/345 2093/4423/345 2109/4424/345 2110/4425/345
f 2090/4426/335 2089/4427/335 2105/4428/335 2106/4429/335
f 2089/4430/323 2096/4431/323 2112/4432/323 2105/4433/323
f 2095/4434/324 2090/4435/324 2106/4436/324 2111/4437/324
f 2096/4438/336 2095/4439/336 2111/4440/336 2112/4441/336
f 2092/4442/336 2091/4443/336 2107/4444/336 2108/4445/336
f 2123/4446/331 2122/4447/331 2121/4448/331 2124/4449/331
f 2129/4450/342 2132/4451/342 2149/4452/342 2152/4453/342
f 2125/4454/342 2138/4455/342 2120/4456/342 2117/4457/342
f 2141/4458/342 2140/4459/342 2159/4460/342 2158/4461/342
f 2119/4462/332 2118/4463/332 2117/4464/332 2120/4465/332
f 2115/4466/332 2114/4467/332 2113/4468/332 2116/4469/332
f 2150/4470/332 2151/4471/332 2152/4472/332 2149/4473/332
f 2154/4474/332 2155/4475/332 2156/4476/332 2153/4477/332
f 2158/4478/332 2159/4479/332 2160/4480/332 2157/4481/332
f 2139/4482/343 2142/4483/343 2157/4484/343 2160/4485/343
f 2133/4486/343 2136/4487/343 2122/4488/343 2123/4489/343
f 2143/4490/342 2146/4491/342 2114/4492/342 2115/4493/342
f 2147/4494/342 2128/4495/342 2155/4496/342 2154/4497/342
f 2135/4498/342 2134/4499/342 2124/4500/342 2121/4501/342
f 2145/4502/343 2144/4503/343 2116/4504/343 2113/4505/343
f 2127/4506/343 2148/4507/343 2153/4508/343 2156/4509/343
f 2137/4510/343 2126/4511/343 2118/4512/343 2119/4513/343
f 2131/4514/343 2130/4515/343 2151/4516/343 2150/4517/343
f 2163/4518/319 2166/4519/319 2182/4520/320 2179/4521/321
f 2164/4522/322 2163/4523/322 2179/4524/322 2180/4525/322
f 2173/4526/337 2172/4527/337 2196/4528/337 2197/4529/337
f 2171/4530/324 2174/4531/324 2198/4532/324 2195/4533/324
f 2165/4534/325 2164/4535/325 2180/4536/325 2181/4537/325
f 2166/4538/326 2165/4539/326 2181/4540/326 2182/4541/326
f 2162/4542/327 2161/4543/327 2177/4544/327 2178/4545/327
f 2161/4546/325 2168/4547/325 2184/4548/325 2177/4549/325
f 2167/4550/319 2162/4551/319 2178/4552/328 2183/4553/329
f 2168/4554/330 2167/4555/330 2183/4556/330 2184/4557/330
f 2169/4558/331 2170/4559/332 2178/4560/328 2177/4561/331
f 2171/4562/332 2172/4563/332 2180/4564/332 2179/4565/321
f 2173/4566/332 2174/4567/332 2182/4568/320 2181/4569/332
f 2175/4570/332 2176/4571/331 2184/4572/331 2183/4573/329
f 2172/4563/332 2173/4566/332 2181/4569/332 2180/4564/332
f 2170/4559/332 2175/4570/332 2183/4573/329 2178/4560/328
f 2174/4567/332 2171/4562/332 2179/4565/321 2182/4568/320
f 2176/4571/331 2169/4558/331 2177/4561/331 2184/4572/331
f 2189/4574/333 2188/4575/333 2212/4576/333 2213/4577/333
f 2187/4578/334 2190/4579/334 2214/4580/334 2211/4581/334
f 2174/4582/335 2173/4583/335 2197/4584/335 2198/4585/335
f 2170/4586/335 2169/4587/335 2193/4588/335 2194/4589/335
f 2169/4590/323 2176/4591/323 2200/4592/323 2193/4593/323
f 2175/4594/324 2170/4595/324 2194/4596/324 2199/4597/324
f 2176/4598/346 2175/4599/346 2199/4600/346 2200/4601/346
f 2172/4602/336 2171/4603/336 2195/4604/336 2196/4605/336
f 2205/4606/337 2204/4607/337 2220/4608/337 2221/4609/337
f 2203/4610/324 2206/4611/324 2222/4612/324 2219/4613/324
f 2190/4614/338 2189/4615/338 2213/4616/338 2214/4617/338
f 2186/4618/339 2185/4619/339 2209/4620/339 2210/4621/339
f 2185/4622/333 2192/4623/333 2216/4624/333 2209/4625/333
f 2191/4626/334 2186/4627/334 2210/4628/334 2215/4629/334
f 2192/4630/340 2191/4631/340 2215/4632/340 2216/4633/340
f 2188/4634/341 2187/4635/341 2211/4636/341 2212/4637/341
f 2201/4638/331 2202/4639/332 2210/4640/332 2209/4641/331
f 2203/4642/332 2204/4643/332 2212/4644/332 2211/4645/332
f 2205/4646/332 2206/4647/332 2214/4648/332 2213/4649/332
f 2207/4650/332 2208/4651/331 2216/4652/331 2215/4653/332
f 2204/4643/332 2205/4646/332 2213/4649/332 2212/4644/332
f 2202/4639/332 2207/4650/332 2215/4653/332 2210/4640/332
f 2206/4647/332 2203/4642/332 2211/4645/332 2214/4648/332
f 2208/4651/331 2201/4638/331 2209/4641/331 2216/4652/331
f 2206/4654/335 2205/4655/335 2221/4656/335 2222/4657/335
f 2202/4658/335 2201/4659/335 2217/4660/335 2218/4661/335
f 2201/4662/323 2208/4663/323 2224/4664/323 2217/4665/323
f 2207/4666/324 2202/4667/324 2218/4668/324 2223/4669/324
f 2208/4670/336 2207/4671/336 2223/4672/336 2224/4673/336
f 2204/4674/346 2203/4675/346 2219/4676/346 2220/4677/346
f 2235/4678/332 2234/4679/332 2233/4680/332 2236/4681/332
f 2241/4682/342 2244/4683/342 2261/4684/342 2264/4685/342
f 2237/4686/342 2250/4687/342 2232/4688/342 2229/4689/342
f 2253/4690/342 2252/4691/342 2271/4692/342 2270/4693/342
f 2231/4694/332 2230/4695/332 2229/4696/332 2232/4697/332
f 2227/4698/332 2226/4699/332 2225/4700/332 2228/4701/332
f 2262/4702/332 2263/4703/332 2264/4704/332 2261/4705/332
f 2266/4706/332 2267/4707/332 2268/4708/332 2265/4709/332
f 2270/4710/332 2271/4711/332 2272/4712/332 2269/4713/332
f 2251/4714/343 2254/4715/343 2269/4716/343 2272/4717/343
f 2245/4718/343 2248/4719/343 2234/4720/343 2235/4721/343
f 2255/4722/342 2258/4723/342 2226/4724/342 2227/4725/342
f 2259/4726/347 2240/4727/347 2267/4728/347 2266/4729/347
f 2247/4730/342 2246/4731/342 2236/4732/342 2233/4733/342
f 2257/4734/343 2256/4735/343 2228/4736/343 2225/4737/343
f 2239/4738/343 2260/4739/343 2265/4740/343 2268/4741/343
f 2249/4742/343 2238/4743/343 2230/4744/343 2231/4745/343
f 2243/4746/343 2242/4747/343 2263/4748/343 2262/4749/343
f 2275/4750/319 2278/4751/319 2294/4752/320 2291/4753/344
f 2276/4754/348 2275/4755/348 2291/4756/348 2292/4757/348
f 2285/4758/337 2284/4759/337 2308/4760/337 2309/4761/337
f 2283/4762/324 2286/4763/324 2310/4764/324 2307/4765/324
f 2277/4766/325 2276/4767/325 2292/4768/325 2293/4769/325
f 2278/4770/326 2277/4771/326 2293/4772/326 2294/4773/326
f 2274/4774/327 2273/4775/327 2289/4776/327 2290/4777/327
f 2273/4778/325 2280/4779/325 2296/4780/325 2289/4781/325
f 2279/4782/319 2274/4783/319 2290/4784/328 2295/4785/329
f 2280/4786/330 2279/4787/330 2295/4788/330 2296/4789/330
f 2281/4790/331 2282/4791/332 2290/4792/328 2289/4793/331
f 2283/4794/332 2284/4795/332 2292/4796/332 2291/4797/344
f 2285/4798/332 2286/4799/332 2294/4800/320 2293/4801/332
f 2287/4802/332 2288/4803/331 2296/4804/331 2295/4805/329
f 2284/4795/332 2285/4798/332 2293/4801/332 2292/4796/332
f 2282/4791/332 2287/4802/332 2295/4805/329 2290/4792/328
f 2286/4799/332 2283/4794/332 2291/4797/344 2294/4800/320
f 2288/4803/331 2281/4790/331 2289/4793/331 2296/4804/331
f 2301/4806/333 2300/4807/333 2324/4808/333 2325/4809/333
f 2299/4810/334 2302/4811/334 2326/4812/334 2323/4813/334
f 2286/4814/335 2285/4815/335 2309/4816/335 2310/4817/335
f 2282/4818/335 2281/4819/335 2305/4820/335 2306/4821/335
f 2281/4822/323 2288/4823/323 2312/4824/323 2305/4825/323
f 2287/4826/324 2282/4827/324 2306/4828/324 2311/4829/324
f 2288/4830/336 2287/4831/336 2311/4832/336 2312/4833/336
f 2284/4834/336 2283/4835/336 2307/4836/336 2308/4837/336
f 2317/4838/337 2316/4839/337 2332/4840/337 2333/4841/337
f 2315/4842/324 2318/4843/324 2334/4844/324 2331/4845/324
f 2302/4846/338 2301/4847/338 2325/4848/338 2326/4849/338
f 2298/4850/339 2297/4851/339 2321/4852/339 2322/4853/339
f 2297/4854/333 2304/4855/333 2328/4856/333 2321/4857/333
f 2303/4858/334 2298/4859/334 2322/4860/334 2327/4861/334
f 2304/4862/340 2303/4863/340 2327/4864/340 2328/4865/340
f 2300/4866/341 2299/4867/341 2323/4868/341 2324/4869/341
f 2313/4870/331 2314/4871/332 2322/4872/332 2321/4873/331
f 2315/4874/332 2316/4875/332 2324/4876/332 2323/4877/332
f 2317/4878/332 2318/4879/332 2326/4880/332 2325/4881/332
f 2319/4882/332 2320/4883/331 2328/4884/331 2327/4885/332
f 2316/4875/332 2317/4878/332 2325/4881/332 2324/4876/332
f 2314/4871/332 2319/4882/332 2327/4885/332 2322/4872/332
f 2318/4879/332 2315/4874/332 2323/4877/332 2326/4880/332
f 2320/4883/331 2313/4870/331 2321/4873/331 2328/4884/331
f 2318/4886/335 2317/4887/335 2333/4888/335 2334/4889/335
f 2314/4890/335 2313/4891/335 2329/4892/335 2330/4893/335
f 2313/4894/323 2320/4895/323 2336/4896/323 2329/4897/323
f 2319/4898/349 2314/4899/349 2330/4900/349 2335/4901/349
f 2320/4902/336 2319/4903/336 2335/4904/336 2336/4905/336
f 2316/4906/336 2315/4907/336 2331/4908/336 2332/4909/336
f 2347/4910/332 2346/4911/332 2345/4912/332 2348/4913/332
f 2353/4914/342 2356/4915/342 2373/4916/342 2376/4917/342
f 2349/4918/342 2362/4919/342 2344/4920/342 2341/4921/342
f 2365/4922/342 2364/4923/342 2383/4924/342 2382/4925/342
f 2343/4926/332 2342/4927/332 2341/4928/332 2344/4929/332
f 2339/4930/332 2338/4931/332 2337/4932/332 2340/4933/332
f 2374/4934/332 2375/4935/332 2376/4936/332 2373/4937/332
f 2378/4938/332 2379/4939/332 2380/4940/332 2377/4941/332
f 2382/4942/332 2383/4943/332 2384/4944/332 2381/4945/332
f 2363/4946/343 2366/4947/343 2381/4948/343 2384/4949/343
f 2357/4950/343 2360/4951/343 2346/4952/343 2347/4953/343
f 2367/4954/342 2370/4955/342 2338/4956/342 2339/4957/342
f 2371/4958/347 2352/4959/347 2379/4960/347 2378/4961/347
f 2359/4962/342 2358/4963/342 2348/4964/342 2345/4965/342
f 2369/4966/343 2368/4967/343 2340/4968/343 2337/4969/343
f 2351/4970/343 2372/4971/343 2377/4972/343 2380/4973/343
f 2361/4974/343 2350/4975/343 2342/4976/343 2343/4977/343
f 2355/4978/343 2354/4979/343 2375/4980/343 2374/4981/343
f 2387/4982/350 2390/4983/350 2406/4984/351 2403/4985/352
f 2388/4986/353 2387/4987/353 2403/4988/353 2404/4989/353
f 2397/4990/354 2396/4991/354 2420/4992/354 2421/4993/354
f 2395/4994/355 2398/4995/355 2422/4996/355 2419/4997/355
f 2389/4998/356 2388/4999/356 2404/5000/356 2405/5001/356
f 2390/5002/357 2389/5003/357 2405/5004/357 2406/5005/357
f 2386/5006/358 2385/5007/358 2401/5008/358 2402/5009/358
f 2385/5010/356 2392/5011/356 2408/5012/356 2401/5013/356
f 2391/5014/350 2386/5015/350 2402/5016/359 2407/5017/360
f 2392/5018/361 2391/5019/361 2407/5020/361 2408/5021/361
f 2393/5022/362 2394/5023/363 2402/5024/359 2401/5025/362
f 2395/5026/363 2396/5027/362 2404/5028/362 2403/5029/352
f 2397/5030/362 2398/5031/363 2406/5032/351 2405/5033/362
f 2399/5034/363 2400/5035/362 2408/5036/362 2407/5037/360
f 2396/5027/362 2397/5030/362 2405/5033/362 2404/5028/362
f 2394/5023/363 2399/5034/363 2407/5037/360 2402/5024/359
f 2398/5031/363 2395/5026/363 2403/5029/352 2406/5032/351
f 2400/5035/362 2393/5022/362 2401/5025/362 2408/5036/362
f 2413/5038/364 2412/5039/364 2436/5040/364 2437/5041/364
f 2411/5042/365 2414/5043/365 2438/5044/365 2435/5045/365
f 2398/5046/366 2397/5047/366 2421/5048/366 2422/5049/366
f 2394/5050/366 2393/5051/366 2417/5052/366 2418/5053/366
f 2393/5054/367 2400/5055/367 2424/5056/367 2417/5057/367
f 2399/5058/355 2394/5059/355 2418/5060/355 2423/5061/355
f 2400/5062/368 2399/5063/368 2423/5064/368 2424/5065/368
f 2396/5066/368 2395/5067/368 2419/5068/368 2420/5069/368
f 2429/5070/354 2428/5071/354 2444/5072/354 2445/5073/354
f 2427/5074/355 2430/5075/355 2446/5076/355 2443/5077/355
f 2414/5078/369 2413/5079/369 2437/5080/369 2438/5081/369
f 2410/5082/370 2409/5083/370 2433/5084/370 2434/5085/370
f 2409/5086/364 2416/5087/364 2440/5088/364 2433/5089/364
f 2415/5090/365 2410/5091/365 2434/5092/365 2439/5093/365
f 2416/5094/371 2415/5095/371 2439/5096/371 2440/5097/371
f 2412/5098/372 2411/5099/372 2435/5100/372 2436/5101/372
f 2425/5102/363 2426/5103/362 2434/5104/362 2433/5105/363
f 2427/5106/362 2428/5107/362 2436/5108/362 2435/5109/362
f 2429/5110/362 2430/5111/362 2438/5112/362 2437/5113/362
f 2431/5114/362 2432/5115/363 2440/5116/363 2439/5117/362
f 2428/5107/362 2429/5110/362 2437/5113/362 2436/5108/362
f 2426/5103/362 2431/5114/362 2439/5117/362 2434/5104/362
f 2430/5111/362 2427/5106/362 2435/5109/362 2438/5112/362
f 2432/5115/363 2425/5102/363 2433/5105/363 2440/5116/363
f 2430/5118/366 2429/5119/366 2445/5120/366 2446/5121/366
f 2426/5122/366 2425/5123/366 2441/5124/366 2442/5125/366
f 2425/5126/354 2432/5127/354 2448/5128/354 2441/5129/354
f 2431/5130/373 2426/5131/373 2442/5132/373 2447/5133/373
f 2432/5134/368 2431/5135/368 2447/5136/368 2448/5137/368
f 2428/5138/368 2427/5139/368 2443/5140/368 2444/5141/368
f 2459/5142/363 2458/5143/363 2457/5144/363 2460/5145/363
f 2465/5146/374 2468/5147/374 2485/5148/374 2488/5149/374
f 2461/5150/374 2474/5151/374 2456/5152/374 2453/5153/374
f 2477/5154/374 2476/5155/374 2495/5156/374 2494/5157/374
f 2455/5158/363 2454/5159/363 2453/5160/363 2456/5161/363
f 2451/5162/363 2450/5163/363 2449/5164/363 2452/5165/363
f 2486/5166/363 2487/5167/363 2488/5168/363 2485/5169/363
f 2490/5170/363 2491/5171/363 2492/5172/363 2489/5173/363
f 2494/5174/363 2495/5175/363 2496/5176/363 2493/5177/363
f 2475/5178/375 2478/5179/375 2493/5180/375 2496/5181/375
f 2469/5182/375 2472/5183/375 2458/5184/375 2459/5185/375
f 2479/5186/374 2482/5187/374 2450/5188/374 2451/5189/374
f 2483/5190/376 2464/5191/376 2491/5192/376 2490/5193/376
f 2471/5194/376 2470/5195/376 2460/5196/376 2457/5197/376
f 2481/5198/375 2480/5199/375 2452/5200/375 2449/5201/375
f 2463/5202/375 2484/5203/375 2489/5204/375 2492/5205/375
f 2473/5206/375 2462/5207/375 2454/5208/375 2455/5209/375
f 2467/5210/375 2466/5211/375 2487/5212/375 2486/5213/375
f 2499/5214/377 2515/5215/378 2518/5216/379 2502/5217/380
f 2500/5218/381 2516/5219/382 2515/5220/383 2499/5221/381
f 2509/5222/384 2533/5223/384 2532/5224/384 2508/5225/384
f 2507/5226/385 2531/5227/386 2534/5228/386 2510/5229/387
f 2501/5230/388 2517/5231/389 2516/5232/390 2500/5233/390
f 2502/5234/391 2518/5235/392 2517/5236/393 2501/5237/394
f 2498/5238/395 2514/5239/396 2513/5240/397 2497/5241/398
f 2497/5242/390 2513/5243/390 2520/5244/399 2504/5245/400
f 2503/5246/401 2519/5247/402 2514/5248/403 2498/5249/404
f 2504/5250/405 2520/5251/406 2519/5252/407 2503/5253/408
f 2505/5254/409 2513/5255/410 2514/5256/403 2506/5257/411
f 2507/5258/412 2515/5259/378 2516/5260/413 2508/5261/414
f 2509/5262/415 2517/5263/416 2518/5264/379 2510/5265/417
f 2511/5266/418 2519/5267/402 2520/5268/419 2512/5269/420
f 2508/5261/414 2516/5260/413 2517/5263/416 2509/5262/415
f 2506/5257/411 2514/5256/403 2519/5267/402 2511/5266/418
f 2510/5265/417 2518/5264/379 2515/5259/378 2507/5258/412
f 2512/5269/420 2520/5268/419 2513/5255/410 2505/5254/409
f 2525/5270/421 2549/5271/421 2548/5272/421 2524/5273/421
f 2523/5274/422 2547/5275/422 2550/5276/422 2526/5277/422
f 2510/5278/423 2534/5279/424 2533/5280/424 2509/5281/425
f 2506/5282/426 2530/5283/424 2529/5284/424 2505/5285/427
f 2505/5286/428 2529/5287/384 2536/5288/384 2512/5289/429
f 2511/5290/386 2535/5291/386 2530/5292/386 2506/5293/386
f 2512/5294/430 2536/5295/431 2535/5296/431 2511/5297/432
f 2508/5298/433 2532/5299/431 2531/5300/431 2507/5301/434
f 2541/5302/435 2557/5303/435 2556/5304/435 2540/5305/435
f 2539/5306/386 2555/5307/386 2558/5308/386 2542/5309/386
f 2526/5310/436 2550/5311/436 2549/5312/436 2525/5313/436
f 2522/5314/437 2546/5315/437 2545/5316/437 2521/5317/437
f 2521/5318/421 2545/5319/421 2552/5320/421 2528/5321/421
f 2527/5322/422 2551/5323/422 2546/5324/422 2522/5325/422
f 2528/5326/438 2552/5327/438 2551/5328/438 2527/5329/438
f 2524/5330/439 2548/5331/439 2547/5332/439 2523/5333/439
f 2537/5334/440 2545/5335/440 2546/5336/440 2538/5337/440
f 2539/5338/440 2547/5339/440 2548/5340/440 2540/5341/440
f 2541/5342/440 2549/5343/440 2550/5344/440 2542/5345/440
f 2543/5346/440 2551/5347/440 2552/5348/440 2544/5349/440
f 2540/5341/440 2548/5340/440 2549/5343/440 2541/5342/440
f 2538/5337/440 2546/5336/440 2551/5347/440 2543/5346/440
f 2542/5345/440 2550/5344/440 2547/5339/440 2539/5338/440
f 2544/5349/440 2552/5348/440 2545/5335/440 2537/5334/440
f 2542/5350/424 2558/5351/424 2557/5352/424 2541/5353/424
f 2538/5354/424 2554/5355/424 2553/5356/424 2537/5357/424
f 2537/5358/384 2553/5359/384 2560/5360/384 2544/5361/384
f 2543/5362/386 2559/5363/386 2554/5364/386 2538/5365/386
f 2544/5366/431 2560/5367/431 2559/5368/431 2543/5369/431
f 2540/5370/431 2556/5371/431 2555/5372/431 2539/5373/431
f 2571/5374/440 2572/5375/440 2569/5376/440 2570/5377/440
f 2577/5378/441 2600/5379/441 2597/5380/441 2580/5381/441
f 2573/5382/441 2565/5383/441 2568/5384/441 2586/5385/441
f 2589/5386/441 2606/5387/441 2607/5388/441 2588/5389/441
f 2567/5390/440 2568/5391/440 2565/5392/440 2566/5393/440
f 2563/5394/440 2564/5395/440 2561/5396/440 2562/5397/440
f 2598/5398/440 2597/5399/440 2600/5400/440 2599/5401/440
f 2602/5402/440 2601/5403/440 2604/5404/440 2603/5405/440
f 2606/5406/440 2605/5407/440 2608/5408/440 2607/5409/440
f 2587/5410/442 2608/5411/442 2605/5412/442 2590/5413/442
f 2581/5414/442 2571/5415/442 2570/5416/442 2584/5417/442
f 2591/5418/441 2563/5419/441 2562/5420/441 2594/5421/441
f 2595/5422/441 2602/5423/441 2603/5424/441 2576/5425/441
f 2583/5426/441 2569/5427/441 2572/5428/441 2582/5429/441
f 2593/5430/442 2561/5431/442 2564/5432/442 2592/5433/442
f 2575/5434/442 2604/5435/442 2601/5436/442 2596/5437/442
f 2585/5438/442 2567/5439/442 2566/5440/442 2574/5441/442
f 2579/5442/442 2598/5443/442 2599/5444/442 2578/5445/442
f 2611/5446/377 2627/5447/443 2630/5448/444 2614/5449/377
f 2612/5450/381 2628/5451/381 2627/5452/381 2611/5453/381
f 2621/5454/384 2645/5455/384 2644/5456/384 2620/5457/384
f 2619/5458/386 2643/5459/386 2646/5460/386 2622/5461/386
f 2613/5462/390 2629/5463/390 2628/5464/390 2612/5465/390
f 2614/5466/445 2630/5467/445 2629/5468/445 2613/5469/445
f 2610/5470/398 2626/5471/398 2625/5472/398 2609/5473/398
f 2609/5474/390 2625/5475/390 2632/5476/390 2616/5477/390
f 2615/5478/377 2631/5479/446 2626/5480/447 2610/5481/377
f 2616/5482/448 2632/5483/448 2631/5484/448 2615/5485/448
f 2617/5486/449 2625/5487/449 2626/5488/447 2618/5489/440
f 2619/5490/440 2627/5491/443 2628/5492/440 2620/5493/440
f 2621/5494/440 2629/5495/440 2630/5496/444 2622/5497/440
f 2623/5498/440 2631/5499/446 2632/5500/449 2624/5501/449
f 2620/5493/440 2628/5492/440 2629/5495/440 2621/5494/440
f 2618/5489/440 2626/5488/447 2631/5499/446 2623/5498/440
f 2622/5497/440 2630/5496/444 2627/5491/443 2619/5490/440
f 2624/5501/449 2632/5500/449 2625/5487/449 2617/5486/449
f 2637/5502/421 2661/5503/421 2660/5504/421 2636/5505/421
f 2635/5506/422 2659/5507/422 2662/5508/422 2638/5509/422
f 2622/5510/424 2646/5511/424 2645/5512/424 2621/5513/424
f 2618/5514/424 2642/5515/424 2641/5516/424 2617/5517/424
f 2617/5518/384 2641/5519/384 2648/5520/384 2624/5521/384
f 2623/5522/386 2647/5523/386 2642/5524/386 2618/5525/386
f 2624/5526/431 2648/5527/431 2647/5528/431 2623/5529/431
f 2620/5530/431 2644/5531/431 2643/5532/431 2619/5533/431
f 2653/5534/435 2669/5535/435 2668/5536/435 2652/5537/435
f 2651/5538/386 2667/5539/386 2670/5540/386 2654/5541/386
f 2638/5542/436 2662/5543/436 2661/5544/436 2637/5545/436
f 2634/5546/437 2658/5547/437 2657/5548/437 2633/5549/437
f 2633/5550/421 2657/5551/421 2664/5552/421 2640/5553/421
f 2639/5554/422 2663/5555/422 2658/5556/422 2634/5557/422
f 2640/5558/438 2664/5559/438 2663/5560/438 2639/5561/438
f 2636/5562/439 2660/5563/439 2659/5564/439 2635/5565/439
f 2649/5566/440 2657/5567/440 2658/5568/440 2650/5569/440
f 2651/5570/449 2659/5571/449 2660/5572/449 2652/5573/449
f 2653/5574/440 2661/5575/440 2662/5576/440 2654/5577/440
f 2655/5578/440 2663/5579/440 2664/5580/440 2656/5581/440
f 2652/5573/449 2660/5572/449 2661/5575/440 2653/5574/440
f 2650/5569/440 2658/5568/440 2663/5579/440 2655/5578/440
f 2654/5577/440 2662/5576/440 2659/5571/449 2651/5570/449
f 2656/5581/440 2664/5580/440 2657/5567/440 2649/5566/440
f 2654/5582/450 2670/5583/450 2669/5584/450 2653/5585/450
f 2650/5586/424 2666/5587/424 2665/5588/424 2649/5589/424
f 2649/5590/384 2665/5591/384 2672/5592/384 2656/5593/384
f 2655/5594/386 2671/5595/386 2666/5596/386 2650/5597/386
f 2656/5598/431 2672/5599/431 2671/5600/431 2655/5601/431
f 2652/5602/431 2668/5603/431 2667/5604/431 2651/5605/431
f 2683/5606/440 2684/5607/440 2681/5608/440 2682/5609/440
f 2689/5610/441 2712/5611/441 2709/5612/441 2692/5613/441
f 2685/5614/441 2677/5615/441 2680/5616/441 2698/5617/441
f 2701/5618/441 2718/5619/441 2719/5620/441 2700/5621/441
f 2679/5622/440 2680/5623/440 2677/5624/440 2678/5625/440
f 2675/5626/440 2676/5627/440 2673/5628/440 2674/5629/440
f 2710/5630/440 2709/5631/440 2712/5632/440 2711/5633/440
f 2714/5634/440 2713/5635/440 2716/5636/440 2715/5637/440
f 2718/5638/440 2717/5639/440 2720/5640/440 2719/5641/440
f 2699/5642/442 2720/5643/442 2717/5644/442 2702/5645/442
f 2693/5646/442 2683/5647/442 2682/5648/442 2696/5649/442
f 2703/5650/441 2675/5651/441 2674/5652/441 2706/5653/441
f 2707/5654/441 2714/5655/441 2715/5656/441 2688/5657/441
f 2695/5658/441 2681/5659/441 2684/5660/441 2694/5661/441
f 2705/5662/442 2673/5663/442 2676/5664/442 2704/5665/442
f 2687/5666/442 2716/5667/442 2713/5668/442 2708/5669/442
f 2697/5670/442 2679/5671/442 2678/5672/442 2686/5673/442
f 2691/5674/442 2710/5675/442 2711/5676/442 2690/5677/442
f 2723/5678/377 2739/5679/443 2742/5680/444 2726/5681/377
f 2724/5682/381 2740/5683/381 2739/5684/381 2723/5685/381
f 2733/5686/435 2757/5687/435 2756/5688/435 2732/5689/435
f 2731/5690/386 2755/5691/386 2758/5692/386 2734/5693/386
f 2725/5694/390 2741/5695/390 2740/5696/390 2724/5697/390
f 2726/5698/445 2742/5699/445 2741/5700/445 2725/5701/445
f 2722/5702/398 2738/5703/398 2737/5704/398 2721/5705/398
f 2721/5706/390 2737/5707/390 2744/5708/390 2728/5709/390
f 2727/5710/377 2743/5711/446 2738/5712/447 2722/5713/377
f 2728/5714/448 2744/5715/448 2743/5716/448 2727/5717/448
f 2729/5718/449 2737/5719/449 2738/5720/447 2730/5721/440
f 2731/5722/440 2739/5723/443 2740/5724/440 2732/5725/440
f 2733/5726/440 2741/5727/440 2742/5728/444 2734/5729/440
f 2735/5730/440 2743/5731/446 2744/5732/449 2736/5733/449
f 2732/5725/440 2740/5724/440 2741/5727/440 2733/5726/440
f 2730/5721/440 2738/5720/447 2743/5731/446 2735/5730/440
f 2734/5729/440 2742/5728/444 2739/5723/443 2731/5722/440
f 2736/5733/449 2744/5732/449 2737/5719/449 2729/5718/449
f 2749/5734/421 2773/5735/421 2772/5736/421 2748/5737/421
f 2747/5738/422 2771/5739/422 2774/5740/422 2750/5741/422
f 2734/5742/424 2758/5743/424 2757/5744/424 2733/5745/424
f 2730/5746/424 2754/5747/424 2753/5748/424 2729/5749/424
f 2729/5750/384 2753/5751/384 2760/5752/384 2736/5753/384
f 2735/5754/386 2759/5755/386 2754/5756/386 2730/5757/386
f 2736/5758/451 2760/5759/451 2759/5760/451 2735/5761/451
f 2732/5762/431 2756/5763/431 2755/5764/431 2731/5765/431
f 2765/5766/435 2781/5767/435 2780/5768/435 2764/5769/435
f 2763/5770/386 2779/5771/386 2782/5772/386 2766/5773/386
f 2750/5774/436 2774/5775/436 2773/5776/436 2749/5777/436
f 2746/5778/437 2770/5779/437 2769/5780/437 2745/5781/437
f 2745/5782/421 2769/5783/421 2776/5784/421 2752/5785/421
f 2751/5786/422 2775/5787/422 2770/5788/422 2746/5789/422
f 2752/5790/452 2776/5791/452 2775/5792/452 2751/5793/452
f 2748/5794/439 2772/5795/439 2771/5796/439 2747/5797/439
f 2761/5798/449 2769/5799/449 2770/5800/440 2762/5801/440
f 2763/5802/440 2771/5803/440 2772/5804/440 2764/5805/440
f 2765/5806/440 2773/5807/440 2774/5808/440 2766/5809/440
f 2767/5810/440 2775/5811/440 2776/5812/449 2768/5813/449
f 2764/5805/440 2772/5804/440 2773/5807/440 2765/5806/440
f 2762/5801/440 2770/5800/440 2775/5811/440 2767/5810/440
f 2766/5809/440 2774/5808/440 2771/5803/440 2763/5802/440
f 2768/5813/449 2776/5812/449 2769/5799/449 2761/5798/449
f 2766/5814/424 2782/5815/424 2781/5816/424 2765/5817/424
f 2762/5818/424 2778/5819/424 2777/5820/424 2761/5821/424
f 2761/5822/384 2777/5823/384 2784/5824/384 2768/5825/384
f 2767/5826/386 2783/5827/386 2778/5828/386 2762/5829/386
f 2768/5830/431 2784/5831/431 2783/5832/431 2767/5833/431
f 2764/5834/451 2780/5835/451 2779/5836/451 2763/5837/451
f 2795/5838/440 2796/5839/440 2793/5840/440 2794/5841/440
f 2801/5842/441 2824/5843/441 2821/5844/441 2804/5845/441
f 2797/5846/441 2789/5847/441 2792/5848/441 2810/5849/441
f 2813/5850/441 2830/5851/441 2831/5852/441 2812/5853/441
f 2791/5854/440 2792/5855/440 2789/5856/440 2790/5857/440
f 2787/5858/440 2788/5859/440 2785/5860/440 2786/5861/440
f 2822/5862/440 2821/5863/440 2824/5864/440 2823/5865/440
f 2826/5866/440 2825/5867/440 2828/5868/440 2827/5869/440
f 2830/5870/440 2829/5871/440 2832/5872/440 2831/5873/440
f 2811/5874/442 2832/5875/442 2829/5876/442 2814/5877/442
f 2805/5878/442 2795/5879/442 2794/5880/442 2808/5881/442
f 2815/5882/441 2787/5883/441 2786/5884/441 2818/5885/441
f 2819/5886/453 2826/5887/453 2827/5888/453 2800/5889/453
f 2807/5890/441 2793/5891/441 2796/5892/441 2806/5893/441
f 2817/5894/442 2785/5895/442 2788/5896/442 2816/5897/442
f 2799/5898/442 2828/5899/442 2825/5900/442 2820/5901/442
f 2809/5902/442 2791/5903/442 2790/5904/442 2798/5905/442
f 2803/5906/442 2822/5907/442 2823/5908/442 2802/5909/442
f 2835/5910/377 2851/5911/443 2854/5912/444 2838/5913/377
f 2836/5914/454 2852/5915/454 2851/5916/454 2835/5917/454
f 2845/5918/435 2869/5919/435 2868/5920/435 2844/5921/435
f 2843/5922/386 2867/5923/386 2870/5924/386 2846/5925/386
f 2837/5926/390 2853/5927/390 2852/5928/390 2836/5929/390
f 2838/5930/445 2854/5931/445 2853/5932/445 2837/5933/445
f 2834/5934/398 2850/5935/398 2849/5936/398 2833/5937/398
f 2833/5938/390 2849/5939/390 2856/5940/390 2840/5941/390
f 2839/5942/377 2855/5943/446 2850/5944/447 2834/5945/377
f 2840/5946/448 2856/5947/448 2855/5948/448 2839/5949/448
f 2841/5950/449 2849/5951/449 2850/5952/447 2842/5953/440
f 2843/5954/440 2851/5955/443 2852/5956/440 2844/5957/440
f 2845/5958/440 2853/5959/440 2854/5960/444 2846/5961/440
f 2847/5962/440 2855/5963/446 2856/5964/449 2848/5965/449
f 2844/5957/440 2852/5956/440 2853/5959/440 2845/5958/440
f 2842/5953/440 2850/5952/447 2855/5963/446 2847/5962/440
f 2846/5961/440 2854/5960/444 2851/5955/443 2843/5954/440
f 2848/5965/449 2856/5964/449 2849/5951/449 2841/5950/449
f 2861/5966/421 2885/5967/421 2884/5968/421 2860/5969/421
f 2859/5970/422 2883/5971/422 2886/5972/422 2862/5973/422
f 2846/5974/424 2870/5975/424 2869/5976/424 2845/5977/424
f 2842/5978/424 2866/5979/424 2865/5980/424 2841/5981/424
f 2841/5982/384 2865/5983/384 2872/5984/384 2848/5985/384
f 2847/5986/386 2871/5987/386 2866/5988/386 2842/5989/386
f 2848/5990/431 2872/5991/431 2871/5992/431 2847/5993/431
f 2844/5994/431 2868/5995/431 2867/5996/431 2843/5997/431
f 2877/5998/435 2893/5999/435 2892/6000/435 2876/6001/435
f 2875/6002/386 2891/6003/386 2894/6004/386 2878/6005/386
f 2862/6006/436 2886/6007/436 2885/6008/436 2861/6009/436
f 2858/6010/437 2882/6011/437 2881/6012/437 2857/6013/437
f 2857/6014/421 2881/6015/421 2888/6016/421 2864/6017/421
f 2863/6018/422 2887/6019/422 2882/6020/422 2858/6021/422
f 2864/6022/438 2888/6023/438 2887/6024/438 2863/6025/438
f 2860/6026/439 2884/6027/439 2883/6028/439 2859/6029/439
f 2873/6030/449 2881/6031/449 2882/6032/449 2874/6033/449
f 2875/6034/440 2883/6035/440 2884/6036/440 2876/6037/440
f 2877/6038/440 2885/6039/440 2886/6040/440 2878/6041/440
f 2879/6042/449 2887/6043/449 2888/6044/449 2880/6045/449
f 2876/6037/440 2884/6036/440 2885/6039/440 2877/6038/440
f 2874/6033/449 2882/6032/449 2887/6043/449 2879/6042/449
f 2878/6041/440 2886/6040/440 2883/6035/440 2875/6034/440
f 2880/6045/449 2888/6044/449 2881/6031/449 2873/6030/449
f 2878/6046/424 2894/6047/424 2893/6048/424 2877/6049/424
f 2874/6050/424 2890/6051/424 2889/6052/424 2873/6053/424
f 2873/6054/384 2889/6055/384 2896/6056/384 2880/6057/384
f 2879/6058/455 2895/6059/455 2890/6060/455 2874/6061/455
f 2880/6062/431 2896/6063/431 2895/6064/431 2879/6065/431
f 2876/6066/431 2892/6067/431 2891/6068/431 2875/6069/431
f 2907/6070/440 2908/6071/440 2905/6072/440 2906/6073/440
f 2913/6074/441 2936/6075/441 2933/6076/441 2916/6077/441
f 2909/6078/441 2901/6079/441 2904/6080/441 2922/6081/441
f 2925/6082/441 2942/6083/441 2943/6084/441 2924/6085/441
f 2903/6086/440 2904/6087/440 2901/6088/440 2902/6089/440
f 2899/6090/440 2900/6091/440 2897/6092/440 2898/6093/440
f 2934/6094/440 2933/6095/440 2936/6096/440 2935/6097/440
f 2938/6098/440 2937/6099/440 2940/6100/440 2939/6101/440
f 2942/6102/440 2941/6103/440 2944/6104/440 2943/6105/440
f 2923/6106/442 2944/6107/442 2941/6108/442 2926/6109/442
f 2917/6110/442 2907/6111/442 2906/6112/442 2920/6113/442
f 2927/6114/441 2899/6115/441 2898/6116/441 2930/6117/441
f 2931/6118/453 2938/6119/453 2939/6120/453 2912/6121/453
f 2919/6122/441 2905/6123/441 2908/6124/441 2918/6125/441
f 2929/6126/442 2897/6127/442 2900/6128/442 2928/6129/442
f 2911/6130/442 2940/6131/442 2937/6132/442 2932/6133/442
f 2921/6134/442 2903/6135/442 2902/6136/442 2910/6137/442
f 2915/6138/442 2934/6139/442 2935/6140/442 2914/6141/442
f 2947/6142/350 2963/6143/456 2966/6144/457 2950/6145/350
f 2948/6146/458 2964/6147/458 2963/6148/458 2947/6149/458
f 2957/6150/354 2981/6151/354 2980/6152/354 2956/6153/354
f 2955/6154/355 2979/6155/355 2982/6156/355 2958/6157/355
f 2949/6158/356 2965/6159/356 2964/6160/356 2948/6161/356
f 2950/6162/459 2966/6163/459 2965/6164/459 2949/6165/459
f 2946/6166/361 2962/6167/361 2961/6168/361 2945/6169/361
f 2945/6170/356 2961/6171/356 2968/6172/356 2952/6173/356
f 2951/6174/350 2967/6175/460 2962/6176/461 2946/6177/350
f 2952/6178/358 2968/6179/358 2967/6180/358 2951/6181/358
f 2953/6182/362 2961/6183/362 2962/6184/461 2954/6185/363
f 2955/6186/363 2963/6187/456 2964/6188/362 2956/6189/362
f 2957/6190/362 2965/6191/362 2966/6192/457 2958/6193/363
f 2959/6194/363 2967/6195/460 2968/6196/362 2960/6197/362
f 2956/6189/362 2964/6188/362 2965/6191/362 2957/6190/362
f 2954/6185/363 2962/6184/461 2967/6195/460 2959/6194/363
f 2958/6193/363 2966/6192/457 2963/6187/456 2955/6186/363
f 2960/6197/362 2968/6196/362 2961/6183/362 2953/6182/362
f 2973/6198/364 2997/6199/364 2996/6200/364 2972/6201/364
f 2971/6202/365 2995/6203/365 2998/6204/365 2974/6205/365
f 2958/6206/368 2982/6207/368 2981/6208/368 2957/6209/368
f 2954/6210/368 2978/6211/368 2977/6212/368 2953/6213/368
f 2953/6214/367 2977/6215/367 2984/6216/367 2960/6217/367
f 2959/6218/355 2983/6219/355 2978/6220/355 2954/6221/355
f 2960/6222/366 2984/6223/366 2983/6224/366 2959/6225/366
f 2956/6226/366 2980/6227/366 2979/6228/366 2955/6229/366
f 2989/6230/354 3005/6231/354 3004/6232/354 2988/6233/354
f 2987/6234/355 3003/6235/355 3006/6236/355 2990/6237/355
f 2974/6238/372 2998/6239/372 2997/6240/372 2973/6241/372
f 2970/6242/462 2994/6243/462 2993/6244/462 2969/6245/462
f 2969/6246/364 2993/6247/364 3000/6248/364 2976/6249/364
f 2975/6250/365 2999/6251/365 2994/6252/365 2970/6253/365
f 2976/6254/463 3000/6255/463 2999/6256/463 2975/6257/463
f 2972/6258/369 2996/6259/369 2995/6260/369 2971/6261/369
f 2985/6262/363 2993/6263/363 2994/6264/362 2986/6265/362
f 2987/6266/362 2995/6267/362 2996/6268/362 2988/6269/362
f 2989/6270/362 2997/6271/362 2998/6272/362 2990/6273/362
f 2991/6274/362 2999/6275/362 3000/6276/363 2992/6277/363
f 2988/6269/362 2996/6268/362 2997/6271/362 2989/6270/362
f 2986/6265/362 2994/6264/362 2999/6275/362 2991/6274/362
f 2990/6273/362 2998/6272/362 2995/6267/362 2987/6266/362
f 2992/6277/363 3000/6276/363 2993/6263/363 2985/6262/363
f 2990/6278/368 3006/6279/368 3005/6280/368 2989/6281/368
f 2986/6282/368 3002/6283/368 3001/6284/368 2985/6285/368
f 2985/6286/354 3001/6287/354 3008/6288/354 2992/6289/354
f 2991/6290/373 3007/6291/373 3002/6292/373 2986/6293/373
f 2992/6294/366 3008/6295/366 3007/6296/366 2991/6297/366
f 2988/6298/366 3004/6299/366 3003/6300/366 2987/6301/366
f 3019/6302/363 3020/6303/363 3017/6304/363 3018/6305/363
f 3025/6306/374 3048/6307/374 3045/6308/374 3028/6309/374
f 3021/6310/374 3013/6311/374 3016/6312/374 3034/6313/374
f 3037/6314/374 3054/6315/374 3055/6316/374 3036/6317/374
f 3015/6318/363 3016/6319/363 3013/6320/363 3014/6321/363
f 3011/6322/363 3012/6323/363 3009/6324/363 3010/6325/363
f 3046/6326/363 3045/6327/363 3048/6328/363 3047/6329/363
f 3050/6330/363 3049/6331/363 3052/6332/363 3051/6333/363
f 3054/6334/363 3053/6335/363 3056/6336/363 3055/6337/363
f 3035/6338/375 3056/6339/375 3053/6340/375 3038/6341/375
f 3029/6342/375 3019/6343/375 3018/6344/375 3032/6345/375
f 3039/6346/374 3011/6347/374 3010/6348/374 3042/6349/374
f 3043/6350/376 3050/6351/376 3051/6352/376 3024/6353/376
f 3031/6354/376 3017/6355/376 3020/6356/376 3030/6357/376
f 3041/6358/375 3009/6359/375 3012/6360/375 3040/6361/375
f 3023/6362/375 3052/6363/375 3049/6364/375 3044/6365/375
f 3033/6366/375 3015/6367/375 3014/6368/375 3022/6369/375
f 3027/6370/375 3046/6371/375 3047/6372/375 3026/6373/375
o Cube.185_Cube.251
v 0.126856 4.588579 4.460547
v 0.176104 0.300000 4.996620
v -0.269219 4.588579 4.460547
v -0.318466 0.300000 4.996620
v 0.176104 0.300000 5.431654
v 0.126856 4.588579 4.641564
v -0.318466 0.300000 5.431654
v -0.269219 4.588579 4.641564
v 0.133892 3.975925 4.537129
v 0.169068 0.912654 4.920038
v -0.311432 0.912654 4.920038
v -0.276255 3.975925 4.537129
v 0.133892 3.975925 4.754434
v 0.169068 0.912654 5.318785
v -0.311432 0.912654 5.318784
v -0.276255 3.975925 4.754434
v -0.168526 3.962583 4.682016
v -0.071181 3.962583 4.682016
v 0.026163 3.962583 4.682016
v -0.168526 0.899313 5.246367
v -0.071181 0.899313 5.246367
v 0.026163 0.899313 5.246367
v 0.048965 4.588579 4.460547
v 0.006709 4.588579 4.460547
v -0.050054 4.588579 4.460547
v -0.092310 4.588579 4.460547
v -0.149073 4.588579 4.460547
v -0.191329 4.588579 4.460547
v 0.006709 4.588579 4.641564
v 0.048965 4.588579 4.641564
v -0.092310 4.588579 4.641564
v -0.050054 4.588579 4.641564
v -0.191329 4.588579 4.641564
v -0.149073 4.588579 4.641564
v -0.173696 0.300000 5.431654
v -0.215952 0.300000 5.431654
v -0.050054 0.300000 5.431654
v -0.092310 0.300000 5.431654
v 0.073589 0.300000 5.431654
v 0.031332 0.300000 5.431654
v 0.004192 3.975925 4.754434
v 0.035219 3.975925 4.754434
v 0.048134 0.912654 5.318785
v 0.017107 0.912654 5.318785
v -0.086695 3.975925 4.754434
v -0.055668 3.975925 4.754434
v -0.055668 0.912654 5.318785
v -0.086695 0.912654 5.318785
v -0.177583 3.975925 4.754434
v -0.146555 3.975925 4.754434
v -0.159470 0.912654 5.318785
v -0.190497 0.912654 5.318785
v 2.560603 4.588579 4.460547
v 2.609850 0.300000 4.996620
v 2.164527 4.588579 4.460547
v 2.115280 0.300000 4.996619
v 2.609850 0.300000 5.431656
v 2.560603 4.588579 4.641563
v 2.115280 0.300000 5.431655
v 2.164527 4.588579 4.641564
v 2.567638 3.975925 4.537129
v 2.602815 0.912654 4.920038
v 2.122315 0.912654 4.920037
v 2.157492 3.975925 4.537129
v 2.567638 3.975925 4.754434
v 2.602815 0.912654 5.318786
v 2.122315 0.912654 5.318785
v 2.157492 3.975925 4.754435
v 2.265220 3.962583 4.682016
v 2.362565 3.962583 4.682016
v 2.459909 3.962583 4.682016
v 2.265220 0.899313 5.246367
v 2.362565 0.899313 5.246368
v 2.459909 0.899313 5.246368
v 2.482712 4.588579 4.460547
v 2.440455 4.588579 4.460547
v 2.383693 4.588579 4.460547
v 2.341437 4.588579 4.460547
v 2.284674 4.588579 4.460547
v 2.242417 4.588579 4.460547
v 2.440455 4.588579 4.641564
v 2.482712 4.588579 4.641564
v 2.341437 4.588579 4.641563
v 2.383693 4.588579 4.641564
v 2.242417 4.588579 4.641564
v 2.284674 4.588579 4.641563
v 2.260051 0.300000 5.431656
v 2.217794 0.300000 5.431655
v 2.383693 0.300000 5.431656
v 2.341437 0.300000 5.431655
v 2.507336 0.300000 5.431656
v 2.465079 0.300000 5.431655
v 2.437938 3.975925 4.754434
v 2.468966 3.975925 4.754434
v 2.481881 0.912654 5.318785
v 2.450852 0.912654 5.318786
v 2.347051 3.975925 4.754434
v 2.378078 3.975925 4.754435
v 2.378078 0.912654 5.318786
v 2.347051 0.912654 5.318785
v 2.256164 3.975925 4.754435
v 2.287191 3.975925 4.754435
v 2.274277 0.912654 5.318786
v 2.243249 0.912654 5.318786
v -2.300494 4.588579 4.460547
v -2.251246 0.300000 4.996620
v -2.696569 4.588579 4.460547
v -2.745816 0.300000 4.996620
v -2.251247 0.300000 5.431655
v -2.300495 4.588579 4.641564
v -2.745817 0.300000 5.431655
v -2.696569 4.588579 4.641564
v -2.293458 3.975925 4.537129
v -2.258282 0.912654 4.920038
v -2.738781 0.912654 4.920038
v -2.703605 3.975925 4.537129
v -2.293458 3.975925 4.754435
v -2.258281 0.912654 5.318786
v -2.738781 0.912654 5.318785
v -2.703604 3.975925 4.754435
v -2.595876 3.962583 4.682016
v -2.498531 3.962583 4.682016
v -2.401187 3.962583 4.682016
v -2.595876 0.899313 5.246367
v -2.498531 0.899313 5.246367
v -2.401187 0.899313 5.246367
v -2.378385 4.588579 4.460547
v -2.420641 4.588579 4.460547
v -2.477404 4.588579 4.460547
v -2.519660 4.588579 4.460547
v -2.576423 4.588579 4.460547
v -2.618679 4.588579 4.460547
v -2.420640 4.588579 4.641564
v -2.378385 4.588579 4.641564
v -2.519660 4.588579 4.641564
v -2.477403 4.588579 4.641564
v -2.618679 4.588579 4.641564
v -2.576423 4.588579 4.641564
v -2.601045 0.300000 5.431655
v -2.643302 0.300000 5.431655
v -2.477403 0.300000 5.431655
v -2.519660 0.300000 5.431655
v -2.353761 0.300000 5.431655
v -2.396019 0.300000 5.431655
v -2.423157 3.975925 4.754435
v -2.392130 3.975925 4.754435
v -2.379217 0.912654 5.318786
v -2.410244 0.912654 5.318786
v -2.514044 3.975925 4.754435
v -2.483017 3.975925 4.754435
v -2.483018 0.912654 5.318786
v -2.514045 0.912654 5.318786
v -2.604933 3.975925 4.754435
v -2.573905 3.975925 4.754435
v -2.586820 0.912654 5.318786
v -2.617847 0.912654 5.318786
vt 0.511865 1.145764
vt 0.501003 1.145764
vt 0.498942 1.060465
vt 0.512702 1.060465
vt 0.481221 0.633971
vt 0.471073 0.633971
vt 0.468945 0.548672
vt 0.480294 0.548672
vt 1.153394 1.060200
vt 1.183697 1.060465
vt 1.167220 1.145764
vt 1.141978 1.145543
vt -0.153893 1.060200
vt -0.142460 1.145543
vt -0.167702 1.145764
vt -0.184196 1.060465
vt 0.512085 -0.142460
vt 0.501223 -0.142365
vt 0.501003 -0.167607
vt 0.511865 -0.167702
vt 0.500024 0.633971
vt 0.516888 0.633971
vt 0.503430 0.548672
vt 0.517725 0.548672
vt 0.495697 0.633971
vt 0.485548 0.633971
vt 0.486187 0.548672
vt 0.497537 0.548672
vt 0.481522 -0.142193
vt 0.473606 -0.142124
vt 0.473386 -0.167366
vt 0.481302 -0.167435
vt 0.467713 -0.142073
vt 0.456851 -0.141978
vt 0.456631 -0.167220
vt 0.467493 -0.167315
vt 0.467493 1.145764
vt 0.456631 1.145764
vt 0.455506 1.060465
vt 0.469266 1.060465
vt 0.449881 0.633971
vt 0.466746 0.633971
vt 0.481302 1.145764
vt 0.473386 1.145764
vt 0.473593 1.060465
vt 0.481941 1.060465
vt 0.495110 1.145764
vt 0.487194 1.145764
vt 0.486268 1.060465
vt 0.494615 1.060465
vt -0.222493 0.548142
vt -0.211059 0.633485
vt -0.266664 0.633971
vt -0.283157 0.548672
vt 1.221891 0.548142
vt 1.282555 0.548672
vt 1.266079 0.633971
vt 1.210475 0.633485
vt 0.448756 0.548672
vt 0.463052 0.548672
vt 0.495330 -0.142314
vt 0.487415 -0.142245
vt 0.487194 -0.167487
vt 0.495110 -0.167556
vt -0.184038 1.060465
vt -0.266479 0.633971
vt -0.256407 0.632022
vt -0.173982 1.058516
vt -0.183817 1.060465
vt -0.266226 0.633971
vt -0.256170 0.632022
vt -0.173745 1.058516
vt 0.486268 1.183965
vt 0.481941 1.183927
vt 0.484192 1.173864
vt 1.266264 0.633971
vt 1.183855 1.060465
vt 1.173746 1.058516
vt 1.256171 0.632022
vt 1.266516 0.633971
vt 1.184076 1.060465
vt 1.173982 1.058516
vt 1.256407 0.632022
vt 0.473593 1.183854
vt 0.469266 1.183817
vt 0.470617 1.173745
vt 0.498942 1.184076
vt 0.494615 1.184038
vt 0.497767 1.173982
vt -0.183927 1.060465
vt -0.266352 0.633971
vt -0.256289 0.632022
vt -0.173864 1.058516
vt 0.466746 -0.266226
vt 0.471073 -0.266264
vt 0.469898 -0.256170
vt 0.481221 -0.266352
vt 0.485548 -0.266390
vt 0.483473 -0.256289
vt 1.266390 0.633971
vt 1.183965 1.060465
vt 1.173864 1.058516
vt 1.256289 0.632022
vt 0.495697 -0.266479
vt 0.500024 -0.266516
vt 0.497048 -0.256407
vt 0.851257 1.145764
vt 0.840395 1.145764
vt 0.838334 1.060465
vt 0.852094 1.060465
vt 0.820614 0.633971
vt 0.810465 0.633971
vt 0.808337 0.548672
vt 0.819687 0.548672
vt 1.156356 1.060200
vt 1.186659 1.060465
vt 1.170182 1.145764
vt 1.144940 1.145543
vt -0.156855 1.060200
vt -0.145422 1.145543
vt -0.170664 1.145764
vt -0.187157 1.060465
vt 0.851477 -0.145422
vt 0.840615 -0.145327
vt 0.840395 -0.170569
vt 0.851257 -0.170664
vt 0.839416 0.633971
vt 0.856280 0.633971
vt 0.842822 0.548672
vt 0.857118 0.548672
vt 0.835089 0.633971
vt 0.824940 0.633971
vt 0.825579 0.548672
vt 0.836929 0.548672
vt 0.820914 -0.145155
vt 0.812998 -0.145086
vt 0.812778 -0.170328
vt 0.820694 -0.170397
vt 0.807106 -0.145035
vt 0.796244 -0.144940
vt 0.796023 -0.170182
vt 0.806885 -0.170277
vt 0.806885 1.145764
vt 0.796023 1.145764
vt 0.794898 1.060465
vt 0.808658 1.060465
vt 0.789274 0.633971
vt 0.806138 0.633971
vt 0.820694 1.145764
vt 0.812778 1.145764
vt 0.812985 1.060465
vt 0.821333 1.060465
vt 0.834502 1.145764
vt 0.826586 1.145764
vt 0.825660 1.060465
vt 0.834007 1.060465
vt -0.225454 0.548142
vt -0.214021 0.633485
vt -0.269626 0.633971
vt -0.286119 0.548672
vt 1.224853 0.548142
vt 1.285517 0.548672
vt 1.269041 0.633971
vt 1.213436 0.633485
vt 0.788149 0.548672
vt 0.802444 0.548672
vt 0.834723 -0.145276
vt 0.826807 -0.145206
vt 0.826586 -0.170449
vt 0.834502 -0.170518
vt -0.187000 1.060465
vt -0.269441 0.633971
vt -0.259369 0.632022
vt -0.176944 1.058516
vt -0.186779 1.060465
vt -0.269188 0.633971
vt -0.259132 0.632022
vt -0.176707 1.058516
vt 0.825660 1.186927
vt 0.821333 1.186889
vt 0.823584 1.176826
vt 1.269226 0.633971
vt 1.186816 1.060465
vt 1.176707 1.058516
vt 1.259132 0.632022
vt 1.269478 0.633971
vt 1.187037 1.060465
vt 1.176944 1.058516
vt 1.259370 0.632022
vt 0.812985 1.186816
vt 0.808658 1.186779
vt 0.810009 1.176707
vt 0.838334 1.187037
vt 0.834007 1.187000
vt 0.837159 1.176944
vt -0.186889 1.060465
vt -0.269314 0.633971
vt -0.259251 0.632022
vt -0.176826 1.058516
vt 0.806138 -0.269188
vt 0.810465 -0.269226
vt 0.809290 -0.259132
vt 0.820614 -0.269314
vt 0.824940 -0.269352
vt 0.822865 -0.259251
vt 1.269352 0.633971
vt 1.186927 1.060465
vt 1.176826 1.058516
vt 1.259251 0.632022
vt 0.835089 -0.269441
vt 0.839416 -0.269478
vt 0.836440 -0.259369
vt 0.173364 1.145764
vt 0.162502 1.145764
vt 0.160442 1.060465
vt 0.174202 1.060465
vt 0.142721 0.633971
vt 0.132573 0.633971
vt 0.130445 0.548672
vt 0.141794 0.548672
vt 1.150440 1.060200
vt 1.180743 1.060465
vt 1.164266 1.145764
vt 1.139024 1.145544
vt -0.150939 1.060200
vt -0.139506 1.145543
vt -0.164748 1.145764
vt -0.181242 1.060465
vt 0.173585 -0.139506
vt 0.162723 -0.139411
vt 0.162502 -0.164653
vt 0.173364 -0.164748
vt 0.161523 0.633971
vt 0.178388 0.633971
vt 0.164929 0.548672
vt 0.179225 0.548672
vt 0.157197 0.633971
vt 0.147048 0.633971
vt 0.147687 0.548672
vt 0.159036 0.548672
vt 0.143022 -0.139239
vt 0.135106 -0.139170
vt 0.134885 -0.164412
vt 0.142801 -0.164482
vt 0.129213 -0.139119
vt 0.118351 -0.139024
vt 0.118131 -0.164266
vt 0.128993 -0.164361
vt 0.128993 1.145764
vt 0.118131 1.145764
vt 0.117006 1.060465
vt 0.130766 1.060465
vt 0.111381 0.633971
vt 0.128246 0.633971
vt 0.142801 1.145764
vt 0.134886 1.145764
vt 0.135093 1.060465
vt 0.143441 1.060465
vt 0.156610 1.145764
vt 0.148694 1.145764
vt 0.147767 1.060465
vt 0.156115 1.060465
vt -0.219539 0.548142
vt -0.208105 0.633485
vt -0.263710 0.633971
vt -0.280203 0.548672
vt 1.218937 0.548142
vt 1.279601 0.548672
vt 1.263125 0.633971
vt 1.207521 0.633485
vt 0.110256 0.548672
vt 0.124552 0.548672
vt 0.156830 -0.139360
vt 0.148914 -0.139291
vt 0.148694 -0.164533
vt 0.156610 -0.164602
vt -0.181084 1.060465
vt -0.263525 0.633971
vt -0.253453 0.632022
vt -0.171028 1.058516
vt -0.180863 1.060465
vt -0.263272 0.633971
vt -0.253217 0.632022
vt -0.170791 1.058516
vt 0.147767 1.181011
vt 0.143441 1.180973
vt 0.145692 1.170910
vt 1.263310 0.633971
vt 1.180901 1.060465
vt 1.170791 1.058516
vt 1.253217 0.632022
vt 1.263562 0.633971
vt 1.181122 1.060465
vt 1.171028 1.058516
vt 1.253453 0.632022
vt 0.135093 1.180900
vt 0.130766 1.180863
vt 0.132117 1.170791
vt 0.160442 1.181122
vt 0.156115 1.181084
vt 0.159267 1.171028
vt -0.180973 1.060465
vt -0.263398 0.633971
vt -0.253335 0.632022
vt -0.170910 1.058516
vt 0.128246 -0.263272
vt 0.132572 -0.263310
vt 0.131398 -0.253216
vt 0.142721 -0.263398
vt 0.147048 -0.263436
vt 0.144973 -0.253335
vt 1.263436 0.633971
vt 1.181011 1.060465
vt 1.170910 1.058516
vt 1.253335 0.632022
vt 0.157196 -0.263525
vt 0.161523 -0.263562
vt 0.158547 -0.253453
vn 0.0000 0.1812 0.9834
vn -0.9999 0.0115 0.0000
vn 0.9999 0.0115 0.0000
vn 0.0000 1.0000 0.0000
vn 0.9785 0.0393 0.2024
vn 0.9785 0.0354 0.2031
vn 0.0000 -0.9834 0.1812
vn -0.9785 0.0393 0.2024
vn -0.9785 0.0354 0.2031
vn 0.9785 0.0374 0.2027
vn 0.0000 0.9834 -0.1812
vn -0.9785 0.0374 0.2027
usemtl sandstone_white
s 1
f 3062/6374/464 3086/6375/464 3098/6376/464 3069/6377/464
f 3104/6378/464 3107/6379/464 3091/6380/464 3094/6381/464
f 3068/6382/465 3072/6383/465 3064/6384/465 3059/6385/465
f 3065/6386/466 3057/6387/466 3062/6388/466 3069/6389/466
f 3057/6390/467 3079/6391/467 3086/6392/467 3062/6393/467
f 3098/6376/464 3099/6394/464 3070/6395/464 3069/6377/464
f 3070/6395/464 3099/6394/464 3095/6396/464 3061/6397/464
f 3100/6398/464 3103/6399/464 3093/6400/464 3096/6401/464
f 3082/6402/467 3083/6403/467 3090/6404/467 3087/6405/467
f 3084/6406/467 3059/6407/467 3064/6408/467 3089/6409/467
f 3089/6410/464 3064/6411/464 3072/6412/464 3105/6413/464
f 3071/6414/464 3108/6415/464 3105/6413/464 3072/6412/464
f 3087/6416/464 3090/6417/464 3106/6418/464 3101/6419/464
f 3106/6418/464 3107/6379/464 3104/6378/464 3101/6419/464
f 3085/6420/464 3088/6421/464 3102/6422/464 3097/6423/464
f 3102/6422/464 3103/6399/464 3100/6398/464 3097/6423/464
f 3058/6424/466 3066/6425/466 3070/6426/466 3061/6427/466
f 3065/6386/466 3069/6389/466 3070/6426/466 3066/6425/466
f 3060/6428/465 3063/6429/465 3071/6430/465 3067/6431/465
f 3071/6430/465 3072/6383/465 3068/6382/465 3067/6431/465
f 3108/6415/464 3071/6414/464 3063/6432/464 3092/6433/464
f 3080/6434/467 3081/6435/467 3088/6436/467 3085/6437/467
f 3080/6434/467 3085/6437/467 3086/6392/467 3079/6391/467
f 3082/6402/467 3087/6405/467 3088/6436/467 3081/6435/467
f 3084/6406/467 3089/6409/467 3090/6404/467 3083/6403/467
f 3100/6398/464 3096/6401/464 3095/6396/464 3099/6394/464
f 3104/6378/464 3094/6381/464 3093/6400/464 3103/6399/464
f 3108/6415/464 3092/6433/464 3091/6380/464 3107/6379/464
f 3085/6420/464 3097/6423/464 3098/6376/464 3086/6375/464
f 3097/6438/468 3100/6439/468 3078/6440/468 3075/6441/468
f 3087/6416/464 3101/6419/464 3102/6422/464 3088/6421/464
f 3105/6442/469 3108/6443/469 3076/6444/469 3073/6445/469
f 3089/6410/464 3105/6413/464 3106/6418/464 3090/6417/464
f 3102/6446/470 3101/6447/470 3074/6448/470
f 3107/6449/471 3106/6450/471 3073/6451/471 3076/6452/471
f 3099/6453/472 3098/6454/472 3075/6455/472 3078/6456/472
f 3106/6457/470 3105/6458/470 3073/6459/470
f 3098/6460/470 3097/6461/470 3075/6462/470
f 3101/6463/473 3104/6464/473 3077/6465/473 3074/6466/473
f 3108/6467/474 3107/6468/474 3076/6469/474
f 3104/6470/474 3103/6471/474 3077/6472/474
f 3103/6473/475 3102/6474/475 3074/6475/475 3077/6476/475
f 3100/6477/474 3099/6478/474 3078/6479/474
f 3114/6480/464 3138/6481/464 3150/6482/464 3121/6483/464
f 3156/6484/464 3159/6485/464 3143/6486/464 3146/6487/464
f 3120/6488/465 3124/6489/465 3116/6490/465 3111/6491/465
f 3117/6492/466 3109/6493/466 3114/6494/466 3121/6495/466
f 3109/6496/467 3131/6497/467 3138/6498/467 3114/6499/467
f 3150/6482/464 3151/6500/464 3122/6501/464 3121/6483/464
f 3122/6501/464 3151/6500/464 3147/6502/464 3113/6503/464
f 3152/6504/464 3155/6505/464 3145/6506/464 3148/6507/464
f 3134/6508/467 3135/6509/467 3142/6510/467 3139/6511/467
f 3136/6512/467 3111/6513/467 3116/6514/467 3141/6515/467
f 3141/6516/464 3116/6517/464 3124/6518/464 3157/6519/464
f 3123/6520/464 3160/6521/464 3157/6519/464 3124/6518/464
f 3139/6522/464 3142/6523/464 3158/6524/464 3153/6525/464
f 3158/6524/464 3159/6485/464 3156/6484/464 3153/6525/464
f 3137/6526/464 3140/6527/464 3154/6528/464 3149/6529/464
f 3154/6528/464 3155/6505/464 3152/6504/464 3149/6529/464
f 3110/6530/466 3118/6531/466 3122/6532/466 3113/6533/466
f 3117/6492/466 3121/6495/466 3122/6532/466 3118/6531/466
f 3112/6534/465 3115/6535/465 3123/6536/465 3119/6537/465
f 3123/6536/465 3124/6489/465 3120/6488/465 3119/6537/465
f 3160/6521/464 3123/6520/464 3115/6538/464 3144/6539/464
f 3132/6540/467 3133/6541/467 3140/6542/467 3137/6543/467
f 3132/6540/467 3137/6543/467 3138/6498/467 3131/6497/467
f 3134/6508/467 3139/6511/467 3140/6542/467 3133/6541/467
f 3136/6512/467 3141/6515/467 3142/6510/467 3135/6509/467
f 3152/6504/464 3148/6507/464 3147/6502/464 3151/6500/464
f 3156/6484/464 3146/6487/464 3145/6506/464 3155/6505/464
f 3160/6521/464 3144/6539/464 3143/6486/464 3159/6485/464
f 3137/6526/464 3149/6529/464 3150/6482/464 3138/6481/464
f 3149/6544/468 3152/6545/468 3130/6546/468 3127/6547/468
f 3139/6522/464 3153/6525/464 3154/6528/464 3140/6527/464
f 3157/6548/469 3160/6549/469 3128/6550/469 3125/6551/469
f 3141/6516/464 3157/6519/464 3158/6524/464 3142/6523/464
f 3154/6552/470 3153/6553/470 3126/6554/470
f 3159/6555/471 3158/6556/471 3125/6557/471 3128/6558/471
f 3151/6559/472 3150/6560/472 3127/6561/472 3130/6562/472
f 3158/6563/470 3157/6564/470 3125/6565/470
f 3150/6566/470 3149/6567/470 3127/6568/470
f 3153/6569/473 3156/6570/473 3129/6571/473 3126/6572/473
f 3160/6573/474 3159/6574/474 3128/6575/474
f 3156/6576/474 3155/6577/474 3129/6578/474
f 3155/6579/475 3154/6580/475 3126/6581/475 3129/6582/475
f 3152/6583/474 3151/6584/474 3130/6585/474
f 3166/6586/464 3190/6587/464 3202/6588/464 3173/6589/464
f 3208/6590/464 3211/6591/464 3195/6592/464 3198/6593/464
f 3172/6594/465 3176/6595/465 3168/6596/465 3163/6597/465
f 3169/6598/466 3161/6599/466 3166/6600/466 3173/6601/466
f 3161/6602/467 3183/6603/467 3190/6604/467 3166/6605/467
f 3202/6588/464 3203/6606/464 3174/6607/464 3173/6589/464
f 3174/6607/464 3203/6606/464 3199/6608/464 3165/6609/464
f 3204/6610/464 3207/6611/464 3197/6612/464 3200/6613/464
f 3186/6614/467 3187/6615/467 3194/6616/467 3191/6617/467
f 3188/6618/467 3163/6619/467 3168/6620/467 3193/6621/467
f 3193/6622/464 3168/6623/464 3176/6624/464 3209/6625/464
f 3175/6626/464 3212/6627/464 3209/6625/464 3176/6624/464
f 3191/6628/464 3194/6629/464 3210/6630/464 3205/6631/464
f 3210/6630/464 3211/6591/464 3208/6590/464 3205/6631/464
f 3189/6632/464 3192/6633/464 3206/6634/464 3201/6635/464
f 3206/6634/464 3207/6611/464 3204/6610/464 3201/6635/464
f 3162/6636/466 3170/6637/466 3174/6638/466 3165/6639/466
f 3169/6598/466 3173/6601/466 3174/6638/466 3170/6637/466
f 3164/6640/465 3167/6641/465 3175/6642/465 3171/6643/465
f 3175/6642/465 3176/6595/465 3172/6594/465 3171/6643/465
f 3212/6627/464 3175/6626/464 3167/6644/464 3196/6645/464
f 3184/6646/467 3185/6647/467 3192/6648/467 3189/6649/467
f 3184/6646/467 3189/6649/467 3190/6604/467 3183/6603/467
f 3186/6614/467 3191/6617/467 3192/6648/467 3185/6647/467
f 3188/6618/467 3193/6621/467 3194/6616/467 3187/6615/467
f 3204/6610/464 3200/6613/464 3199/6608/464 3203/6606/464
f 3208/6590/464 3198/6593/464 3197/6612/464 3207/6611/464
f 3212/6627/464 3196/6645/464 3195/6592/464 3211/6591/464
f 3189/6632/464 3201/6635/464 3202/6588/464 3190/6587/464
f 3201/6650/468 3204/6651/468 3182/6652/468 3179/6653/468
f 3191/6628/464 3205/6631/464 3206/6634/464 3192/6633/464
f 3209/6654/469 3212/6655/469 3180/6656/469 3177/6657/469
f 3193/6622/464 3209/6625/464 3210/6630/464 3194/6629/464
f 3206/6658/470 3205/6659/470 3178/6660/470
f 3211/6661/471 3210/6662/471 3177/6663/471 3180/6664/471
f 3203/6665/472 3202/6666/472 3179/6667/472 3182/6668/472
f 3210/6669/470 3209/6670/470 3177/6671/470
f 3202/6672/470 3201/6673/470 3179/6674/470
f 3205/6675/473 3208/6676/473 3181/6677/473 3178/6678/473
f 3212/6679/474 3211/6680/474 3180/6681/474
f 3208/6682/474 3207/6683/474 3181/6684/474
f 3207/6685/475 3206/6686/475 3178/6687/475 3181/6688/475
f 3204/6689/474 3203/6690/474 3182/6691/474
o Cube.186_Cube.252
v 0.117918 0.861780 5.328158
v 0.123785 0.350874 5.422282
v -0.223937 4.026799 4.745061
v -0.218070 4.537705 4.650937
v 0.075706 4.537705 4.650937
v 0.081573 4.026799 4.745061
v -0.266149 0.350874 5.422282
v -0.260282 0.861780 5.328157
v 0.083206 0.829912 5.362228
v 0.088190 0.395920 5.442183
v -0.190804 4.071845 4.764962
v -0.185821 4.505837 4.685007
v 0.043457 4.505837 4.685007
v 0.048441 4.071845 4.764962
v -0.230553 0.395920 5.442183
v -0.225569 0.829912 5.362228
v 0.106884 0.853463 5.357890
v 0.112410 0.372369 5.446521
v -0.215023 4.048294 4.769301
v -0.209499 4.529387 4.680668
v 0.067136 4.529387 4.680668
v 0.072660 4.048294 4.769301
v -0.254772 0.372369 5.446521
v -0.249248 0.853463 5.357889
v 0.057035 0.798073 5.335494
v 0.061420 0.416141 5.405857
v -0.164036 4.092066 4.728636
v -0.159649 4.473998 4.658272
v 0.017286 4.473998 4.658272
v 0.021672 4.092066 4.728636
v -0.203784 0.416141 5.405857
v -0.199398 0.798073 5.335493
v 0.083206 0.824103 5.330698
v 0.088190 0.390111 5.410653
v -0.190804 4.066036 4.733432
v -0.185821 4.500028 4.653477
v 0.043457 4.500028 4.653477
v 0.048441 4.066036 4.733432
v -0.230553 0.390111 5.410653
v -0.225569 0.824103 5.330698
v 0.030266 0.773567 5.361995
v 0.033998 0.448483 5.421886
v -0.137739 4.124407 4.744665
v -0.134006 4.449492 4.684774
v -0.008357 4.449492 4.684774
v -0.004624 4.124407 4.744665
v -0.176361 0.448483 5.421886
v -0.172628 0.773567 5.361995
v 0.053402 0.796579 5.357756
v 0.057663 0.425470 5.426125
v -0.161404 4.101395 4.748905
v -0.157143 4.472504 4.680535
v 0.014780 4.472504 4.680535
v 0.019041 4.101395 4.748905
v -0.200027 0.425470 5.426125
v -0.195765 0.796579 5.357755
v 0.030266 0.768987 5.337137
v 0.033998 0.443903 5.397027
v -0.137739 4.119828 4.719807
v -0.134006 4.444912 4.659916
v -0.008357 4.444912 4.659916
v -0.004624 4.119828 4.719807
v -0.176361 0.443903 5.397027
v -0.172628 0.768987 5.337137
v 0.042547 0.623025 5.384416
v 0.042988 0.597131 5.389187
v -0.185350 0.597131 5.389187
v -0.184910 0.623025 5.384416
v -0.143988 4.175531 4.729934
v -0.143546 4.201425 4.725163
v 0.001184 4.201426 4.725163
v 0.001625 4.175531 4.729934
v -0.142752 4.273056 4.711967
v -0.142311 4.298950 4.707195
v -0.000051 4.298951 4.707195
v 0.000389 4.273056 4.711967
v -0.143988 4.167432 4.711037
v -0.143546 4.202257 4.704620
v 0.041311 0.721383 5.345907
v 0.041752 0.686558 5.352323
v -0.141517 4.362483 4.675102
v -0.141076 4.397308 4.668686
v -0.001287 4.397308 4.668686
v -0.000846 4.362483 4.675102
v -0.000051 4.299783 4.686653
v 0.000389 4.264957 4.693069
v -0.142752 4.264957 4.693069
v -0.142311 4.299783 4.686653
v 0.001184 4.202258 4.704620
v 0.001625 4.167432 4.711037
v 0.043781 0.526332 5.381841
v 0.044223 0.491507 5.388258
v -0.186586 0.491507 5.388258
v -0.186145 0.526332 5.381841
v -0.185350 0.589032 5.370290
v -0.184910 0.623858 5.363874
v 0.042547 0.623858 5.363874
v 0.042988 0.589032 5.370290
v -0.184115 0.686558 5.352323
v -0.183674 0.721383 5.345907
v -0.000846 4.370582 4.693999
v -0.001287 4.396476 4.689228
v -0.141076 4.396476 4.689228
v -0.141517 4.370582 4.693999
v -0.183674 0.720551 5.366449
v -0.184115 0.694656 5.371220
v 0.041752 0.694656 5.371220
v 0.041311 0.720551 5.366449
v -0.186145 0.525500 5.402383
v -0.186586 0.499606 5.407155
v 0.044223 0.499606 5.407155
v 0.043781 0.525500 5.402383
v 2.551665 0.861780 5.328158
v 2.557532 0.350874 5.422282
v 2.209809 4.026799 4.745062
v 2.215676 4.537705 4.650937
v 2.509453 4.537705 4.650937
v 2.515320 4.026799 4.745062
v 2.167598 0.350874 5.422283
v 2.173465 0.861780 5.328158
v 2.516953 0.829912 5.362229
v 2.521936 0.395920 5.442183
v 2.242942 4.071845 4.764962
v 2.247926 4.505837 4.685007
v 2.477204 4.505837 4.685007
v 2.482187 4.071845 4.764962
v 2.203193 0.395920 5.442183
v 2.208177 0.829912 5.362227
v 2.540631 0.853463 5.357889
v 2.546155 0.372369 5.446522
v 2.218723 4.048294 4.769301
v 2.224247 4.529387 4.680668
v 2.500882 4.529387 4.680669
v 2.506407 4.048294 4.769301
v 2.178974 0.372369 5.446523
v 2.184499 0.853463 5.357890
v 2.490782 0.798073 5.335494
v 2.495168 0.416141 5.405858
v 2.269711 4.092066 4.728636
v 2.274097 4.473998 4.658272
v 2.451033 4.473998 4.658273
v 2.455419 4.092066 4.728637
v 2.229962 0.416141 5.405858
v 2.234348 0.798073 5.335494
v 2.516953 0.824103 5.330699
v 2.521936 0.390111 5.410653
v 2.242942 4.066036 4.733432
v 2.247926 4.500028 4.653477
v 2.477204 4.500028 4.653477
v 2.482187 4.066036 4.733432
v 2.203193 0.390111 5.410652
v 2.208177 0.824103 5.330697
v 2.464011 0.773567 5.361997
v 2.467744 0.448483 5.421885
v 2.296008 4.124407 4.744665
v 2.299741 4.449492 4.684774
v 2.425389 4.449492 4.684774
v 2.429122 4.124407 4.744665
v 2.257385 0.448483 5.421886
v 2.261118 0.773567 5.361995
v 2.487148 0.796579 5.357757
v 2.491410 0.425470 5.426126
v 2.272342 4.101395 4.748904
v 2.276604 4.472504 4.680535
v 2.448526 4.472504 4.680534
v 2.452787 4.101395 4.748905
v 2.233720 0.425470 5.426126
v 2.237981 0.796579 5.357756
v 2.464011 0.768987 5.337138
v 2.467744 0.443903 5.397027
v 2.296008 4.119828 4.719807
v 2.299741 4.444912 4.659916
v 2.425389 4.444912 4.659916
v 2.429122 4.119828 4.719807
v 2.257385 0.443903 5.397028
v 2.261118 0.768987 5.337136
v 2.476293 0.623025 5.384418
v 2.476734 0.597131 5.389188
v 2.248396 0.597131 5.389188
v 2.248837 0.623025 5.384417
v 2.289759 4.175531 4.729934
v 2.290200 4.201425 4.725163
v 2.434930 4.201426 4.725163
v 2.435370 4.175531 4.729934
v 2.290994 4.273056 4.711967
v 2.291435 4.298950 4.707195
v 2.433695 4.298951 4.707195
v 2.434135 4.273056 4.711967
v 2.289759 4.167432 4.711037
v 2.290200 4.202257 4.704620
v 2.475058 0.721383 5.345908
v 2.475499 0.686558 5.352323
v 2.292230 4.362483 4.675102
v 2.292670 4.397308 4.668686
v 2.432459 4.397308 4.668686
v 2.432900 4.362483 4.675102
v 2.433695 4.299783 4.686653
v 2.434135 4.264957 4.693069
v 2.290994 4.264957 4.693069
v 2.291435 4.299783 4.686653
v 2.434930 4.202258 4.704620
v 2.435370 4.167432 4.711037
v 2.477528 0.526332 5.381841
v 2.477969 0.491507 5.388258
v 2.247160 0.491507 5.388257
v 2.247602 0.526332 5.381842
v 2.248396 0.589032 5.370291
v 2.248837 0.623858 5.363874
v 2.476293 0.623858 5.363875
v 2.476734 0.589032 5.370291
v 2.249631 0.686558 5.352324
v 2.250072 0.721383 5.345906
v 2.432900 4.370582 4.693999
v 2.432459 4.396476 4.689228
v 2.292670 4.396476 4.689228
v 2.292230 4.370582 4.693999
v 2.250072 0.720551 5.366448
v 2.249631 0.694656 5.371221
v 2.475499 0.694656 5.371220
v 2.475058 0.720551 5.366450
v 2.247602 0.525500 5.402384
v 2.247160 0.499606 5.407154
v 2.477969 0.499606 5.407155
v 2.477528 0.525500 5.402383
v -2.309433 0.861780 5.328158
v -2.303566 0.350874 5.422282
v -2.651288 4.026799 4.745062
v -2.645420 4.537705 4.650937
v -2.351644 4.537705 4.650937
v -2.345776 4.026799 4.745062
v -2.693498 0.350874 5.422282
v -2.687632 0.861780 5.328157
v -2.344143 0.829912 5.362228
v -2.339160 0.395920 5.442183
v -2.618155 4.071845 4.764962
v -2.613171 4.505837 4.685007
v -2.383893 4.505837 4.685007
v -2.378909 4.071845 4.764962
v -2.657903 0.395920 5.442183
v -2.652918 0.829912 5.362228
v -2.320467 0.853463 5.357890
v -2.314940 0.372369 5.446522
v -2.642374 4.048294 4.769301
v -2.636850 4.529387 4.680669
v -2.360214 4.529387 4.680669
v -2.354690 4.048294 4.769301
v -2.682122 0.372369 5.446522
v -2.676598 0.853463 5.357889
v -2.370315 0.798073 5.335494
v -2.365929 0.416141 5.405857
v -2.591386 4.092066 4.728637
v -2.586999 4.473998 4.658273
v -2.410064 4.473998 4.658273
v -2.405677 4.092066 4.728637
v -2.631135 0.416141 5.405857
v -2.626748 0.798073 5.335493
v -2.344143 0.824103 5.330698
v -2.339160 0.390111 5.410653
v -2.618155 4.066036 4.733432
v -2.613171 4.500028 4.653477
v -2.383893 4.500028 4.653477
v -2.378909 4.066036 4.733432
v -2.657903 0.390111 5.410653
v -2.652918 0.824103 5.330698
v -2.397084 0.773567 5.361996
v -2.393351 0.448483 5.421886
v -2.565089 4.124407 4.744665
v -2.561356 4.449492 4.684774
v -2.435707 4.449492 4.684774
v -2.431974 4.124407 4.744665
v -2.603711 0.448483 5.421886
v -2.599978 0.773567 5.361996
v -2.373949 0.796579 5.357757
v -2.369688 0.425470 5.426126
v -2.588753 4.101395 4.748905
v -2.584493 4.472504 4.680535
v -2.412570 4.472504 4.680535
v -2.408309 4.101395 4.748905
v -2.627376 0.425470 5.426126
v -2.623114 0.796579 5.357756
v -2.397084 0.768987 5.337137
v -2.393351 0.443903 5.397028
v -2.565089 4.119828 4.719807
v -2.561356 4.444912 4.659916
v -2.435707 4.444912 4.659916
v -2.431974 4.119828 4.719807
v -2.603711 0.443903 5.397028
v -2.599978 0.768987 5.337137
v -2.384802 0.623025 5.384417
v -2.384363 0.597131 5.389188
v -2.612701 0.597131 5.389188
v -2.612259 0.623025 5.384417
v -2.571338 4.175531 4.729934
v -2.570896 4.201425 4.725163
v -2.426167 4.201426 4.725163
v -2.425725 4.175531 4.729934
v -2.570102 4.273056 4.711967
v -2.569661 4.298950 4.707195
v -2.427402 4.298951 4.707195
v -2.426961 4.273056 4.711967
v -2.571338 4.167432 4.711037
v -2.570896 4.202257 4.704620
v -2.386038 0.721383 5.345907
v -2.385598 0.686558 5.352324
v -2.568867 4.362483 4.675102
v -2.568426 4.397308 4.668686
v -2.428638 4.397308 4.668686
v -2.428196 4.362483 4.675102
v -2.427402 4.299783 4.686653
v -2.426961 4.264957 4.693069
v -2.570102 4.264957 4.693069
v -2.569661 4.299783 4.686653
v -2.426167 4.202258 4.704620
v -2.425725 4.167432 4.711037
v -2.383568 0.526332 5.381842
v -2.383128 0.491507 5.388258
v -2.613936 0.491507 5.388258
v -2.613495 0.526332 5.381842
v -2.612700 0.589032 5.370291
v -2.612259 0.623858 5.363874
v -2.384802 0.623858 5.363874
v -2.384362 0.589032 5.370291
v -2.611466 0.686558 5.352324
v -2.611023 0.721383 5.345907
v -2.428196 4.370582 4.693999
v -2.428638 4.396476 4.689228
v -2.568426 4.396476 4.689228
v -2.568867 4.370582 4.693999
v -2.611023 0.720551 5.366449
v -2.611465 0.694656 5.371221
v -2.385599 0.694656 5.371221
v -2.386038 0.720551 5.366449
v -2.613495 0.525500 5.402384
v -2.613937 0.499606 5.407155
v -2.383127 0.499606 5.407155
v -2.383568 0.525500 5.402384
vt 0.462814 1.182391
vt 0.505418 1.182763
vt 0.504146 1.186106
vt 0.464028 1.185756
vt 1.168651 1.138681
vt 1.182391 1.067548
vt 1.185756 1.070575
vt 1.172818 1.137557
vt 0.500181 1.173759
vt 0.468207 1.173480
vt 0.468246 1.169091
vt 0.500219 1.169370
vt 0.467411 -0.185152
vt 0.500774 -0.185443
vt 0.500812 -0.181053
vt 0.467449 -0.180762
vt 0.504720 -0.169009
vt 0.463752 -0.168651
vt 0.464911 -0.172818
vt 0.503488 -0.173155
vt -0.182763 1.067548
vt -0.169009 1.138681
vt -0.173155 1.137557
vt -0.186106 1.070575
vt -0.281724 0.555755
vt -0.267970 0.626888
vt -0.272113 0.625764
vt -0.285065 0.558782
vt 0.509743 -0.267970
vt 0.457002 -0.267510
vt 0.458505 -0.271679
vt 0.508168 -0.272113
vt 0.456064 1.281250
vt 0.510441 1.281724
vt 0.508826 1.285065
vt 0.457621 1.284618
vt 1.267510 0.626888
vt 1.281250 0.555755
vt 1.284618 0.558782
vt 1.271680 0.625764
vt 0.504861 0.622485
vt 0.505454 0.562061
vt 0.508826 0.558782
vt 0.508168 0.625764
vt 0.467411 1.073854
vt 0.468207 1.134278
vt 0.464911 1.137557
vt 0.464028 1.070575
vt 0.500181 1.134278
vt 0.500774 1.073854
vt 0.504146 1.070575
vt 0.503488 1.137557
vt 0.461004 0.562061
vt 0.461801 0.622485
vt 0.458505 0.625764
vt 0.457621 0.558782
vt 0.496563 -0.170038
vt 0.471889 -0.169823
vt 0.472212 -0.172932
vt 0.496187 -0.173142
vt 0.471188 1.180094
vt 0.497085 1.180320
vt 0.496694 1.183132
vt 0.471530 1.182913
vt 1.185443 1.073854
vt 1.173759 1.134278
vt 1.169370 1.133430
vt 1.181053 1.073006
vt 1.284402 0.562061
vt 1.272718 0.622485
vt 1.268328 0.621637
vt 1.280012 0.561213
vt 0.504861 1.272718
vt 0.461801 1.272342
vt 0.461840 1.267952
vt 0.504899 1.268328
vt 0.461004 -0.284014
vt 0.505454 -0.284402
vt 0.505492 -0.280012
vt 0.461043 -0.279624
vt -0.272342 0.622485
vt -0.284014 0.562061
vt -0.279624 0.561213
vt -0.267952 0.621637
vt -0.173480 1.134278
vt -0.185152 1.073854
vt -0.180762 1.073006
vt -0.169091 1.133430
vt 0.492955 1.173732
vt 0.475433 1.173579
vt 0.475463 1.170119
vt 0.492985 1.170272
vt 0.474836 -0.182322
vt 0.493399 -0.182484
vt 0.493429 -0.179023
vt 0.474866 -0.178861
vt -0.180320 1.076630
vt -0.170038 1.129805
vt -0.173141 1.129624
vt -0.183132 1.077955
vt -0.279279 0.564837
vt -0.268997 0.618012
vt -0.272098 0.617831
vt -0.282089 0.566162
vt 0.501243 -0.268997
vt 0.465483 -0.268684
vt 0.465963 -0.271795
vt 0.500710 -0.272098
vt 0.464782 1.278956
vt 0.501765 1.279279
vt 0.501217 1.282089
vt 0.465281 1.281776
vt 1.268685 0.618012
vt 1.278956 0.564837
vt 1.281776 0.566162
vt 1.271795 0.617831
vt 1.169823 1.129805
vt 1.180094 1.076630
vt 1.182913 1.077955
vt 1.172932 1.129624
vt 0.497478 0.614627
vt 0.497922 0.569366
vt 0.501217 0.566162
vt 0.500710 0.617831
vt 0.474836 1.081159
vt 0.475433 1.126420
vt 0.472212 1.129624
vt 0.471530 1.077955
vt 0.492955 1.126420
vt 0.493399 1.081159
vt 0.496694 1.077955
vt 0.496187 1.129624
vt 0.468587 0.569366
vt 0.469184 0.614627
vt 0.465963 0.617831
vt 0.465281 0.566162
vt 1.182484 1.081159
vt 1.173733 1.126420
vt 1.170272 1.125751
vt 1.179024 1.080490
vt 1.281441 0.569366
vt 1.272690 0.614627
vt 1.269229 0.613958
vt 1.277980 0.568697
vt 0.497478 1.272690
vt 0.469184 1.272443
vt 0.469214 1.268982
vt 0.497508 1.269229
vt 0.468587 -0.281185
vt 0.497922 -0.281441
vt 0.497952 -0.277980
vt 0.468617 -0.277724
vt -0.272443 0.614627
vt -0.281185 0.569366
vt -0.277724 0.568697
vt -0.268982 0.613958
vt -0.173580 1.126420
vt -0.182322 1.081159
vt -0.178861 1.080490
vt -0.170119 1.125751
vt 0.494084 1.105454
vt 0.474246 1.105454
vt 0.474178 1.101849
vt 0.494140 1.101849
vt 0.474396 1.172328
vt 0.494013 1.172499
vt 0.493990 1.175124
vt 0.474373 1.174953
vt 0.474006 1.177573
vt 0.494312 1.177750
vt 0.494289 1.180375
vt 0.473983 1.180198
vt 0.467202 1.276431
vt 0.499389 1.276712
vt 0.499366 1.279337
vt 0.467179 1.279056
vt 0.494234 1.091876
vt 0.474051 1.091876
vt 0.473983 1.088271
vt 0.494289 1.088271
vt 0.467375 0.590056
vt 0.499217 0.590056
vt 0.499162 0.593661
vt 0.467442 0.593661
vt 0.493935 1.119032
vt 0.474441 1.119032
vt 0.474373 1.115427
vt 0.493990 1.115427
vt 0.467570 0.603634
vt 0.499067 0.603634
vt 0.499012 0.607239
vt 0.467637 0.607239
vt 0.467179 0.576478
vt 0.499366 0.576478
vt 0.499311 0.580083
vt 0.467247 0.580083
vt 0.499336 -0.275774
vt 0.467272 -0.275494
vt 0.467247 -0.278360
vt 0.499311 -0.278640
vt 0.494109 -0.174187
vt 0.474271 -0.174014
vt 0.474246 -0.176879
vt 0.494084 -0.177052
vt 0.467398 1.273808
vt 0.499240 1.274086
vt 0.499217 1.276712
vt 0.467375 1.276434
vt 0.467593 1.271186
vt 0.499090 1.271461
vt 0.499067 1.274086
vt 0.467570 1.273811
vt 0.474201 1.174950
vt 0.494163 1.175124
vt 0.494140 1.177750
vt 0.474178 1.177575
vt 0.499187 -0.273149
vt 0.467467 -0.272872
vt 0.467442 -0.275737
vt 0.499162 -0.276014
vt 0.499037 -0.270523
vt 0.467662 -0.270249
vt 0.467637 -0.273115
vt 0.499012 -0.273388
vt 0.494259 -0.176812
vt 0.474076 -0.176636
vt 0.474051 -0.179502
vt 0.494234 -0.179678
vt 0.493960 -0.171561
vt 0.474466 -0.171391
vt 0.474441 -0.174257
vt 0.493935 -0.174427
vt 0.802206 1.185353
vt 0.844810 1.185725
vt 0.843538 1.189068
vt 0.803420 1.188718
vt 1.171613 1.138681
vt 1.185353 1.067548
vt 1.188718 1.070575
vt 1.175780 1.137557
vt 0.839573 1.176721
vt 0.807600 1.176442
vt 0.807638 1.172052
vt 0.839611 1.172331
vt 0.806803 -0.188114
vt 0.840166 -0.188405
vt 0.840204 -0.184015
vt 0.806841 -0.183724
vt 0.844112 -0.171971
vt 0.803144 -0.171613
vt 0.804303 -0.175780
vt 0.842881 -0.176116
vt -0.185725 1.067548
vt -0.171971 1.138681
vt -0.176116 1.137557
vt -0.189068 1.070575
vt -0.284686 0.555755
vt -0.270932 0.626888
vt -0.275075 0.625764
vt -0.288026 0.558782
vt 0.849136 -0.270932
vt 0.796395 -0.270472
vt 0.797897 -0.274641
vt 0.847561 -0.275075
vt 0.795456 1.284212
vt 0.849834 1.284686
vt 0.848218 1.288027
vt 0.797014 1.287580
vt 1.270472 0.626888
vt 1.284212 0.555755
vt 1.287580 0.558782
vt 1.274642 0.625764
vt 0.844253 0.622485
vt 0.844846 0.562061
vt 0.848218 0.558782
vt 0.847561 0.625764
vt 0.806803 1.073854
vt 0.807600 1.134278
vt 0.804303 1.137557
vt 0.803420 1.070575
vt 0.839573 1.134278
vt 0.840166 1.073854
vt 0.843538 1.070575
vt 0.842881 1.137557
vt 0.800397 0.562061
vt 0.801193 0.622485
vt 0.797897 0.625764
vt 0.797014 0.558782
vt 0.835956 -0.173000
vt 0.811282 -0.172785
vt 0.811604 -0.175894
vt 0.835579 -0.176103
vt 0.810580 1.183056
vt 0.836478 1.183282
vt 0.836086 1.186094
vt 0.810923 1.185874
vt 1.188405 1.073854
vt 1.176721 1.134278
vt 1.172332 1.133430
vt 1.184015 1.073006
vt 1.287364 0.562061
vt 1.275680 0.622485
vt 1.271290 0.621637
vt 1.282974 0.561213
vt 0.844253 1.275680
vt 0.801193 1.275304
vt 0.801232 1.270914
vt 0.844291 1.271290
vt 0.800397 -0.286975
vt 0.844846 -0.287363
vt 0.844884 -0.282974
vt 0.800435 -0.282586
vt -0.275304 0.622485
vt -0.286975 0.562061
vt -0.282586 0.561213
vt -0.270914 0.621637
vt -0.176442 1.134278
vt -0.188114 1.073854
vt -0.183724 1.073006
vt -0.172052 1.133430
vt 0.832347 1.176694
vt 0.814825 1.176541
vt 0.814855 1.173080
vt 0.832377 1.173234
vt 0.814228 -0.185284
vt 0.832791 -0.185446
vt 0.832822 -0.181985
vt 0.814258 -0.181823
vt -0.183282 1.076630
vt -0.173000 1.129805
vt -0.176103 1.129624
vt -0.186094 1.077955
vt -0.282241 0.564837
vt -0.271959 0.618012
vt -0.275060 0.617831
vt -0.285051 0.566162
vt 0.840636 -0.271959
vt 0.804875 -0.271646
vt 0.805355 -0.274757
vt 0.840102 -0.275060
vt 0.804174 1.281918
vt 0.841158 1.282241
vt 0.840609 1.285051
vt 0.804673 1.284738
vt 1.271646 0.618012
vt 1.281918 0.564837
vt 1.284738 0.566162
vt 1.274757 0.617831
vt 1.172785 1.129805
vt 1.183056 1.076630
vt 1.185874 1.077955
vt 1.175894 1.129624
vt 0.836870 0.614627
vt 0.837314 0.569366
vt 0.840609 0.566162
vt 0.840102 0.617831
vt 0.814228 1.081159
vt 0.814825 1.126420
vt 0.811604 1.129624
vt 0.810923 1.077955
vt 0.832347 1.126420
vt 0.832791 1.081159
vt 0.836086 1.077955
vt 0.835579 1.129624
vt 0.807979 0.569366
vt 0.808576 0.614627
vt 0.805355 0.617831
vt 0.804673 0.566162
vt 1.185446 1.081159
vt 1.176694 1.126420
vt 1.173234 1.125751
vt 1.181985 1.080490
vt 1.284403 0.569366
vt 1.275652 0.614627
vt 1.272191 0.613958
vt 1.280942 0.568697
vt 0.836870 1.275651
vt 0.808576 1.275404
vt 0.808606 1.271943
vt 0.836900 1.272191
vt 0.807979 -0.284147
vt 0.837314 -0.284403
vt 0.837344 -0.280942
vt 0.808009 -0.280686
vt -0.275404 0.614627
vt -0.284147 0.569366
vt -0.280686 0.568697
vt -0.271943 0.613958
vt -0.176541 1.126420
vt -0.185284 1.081159
vt -0.181823 1.080490
vt -0.173081 1.125751
vt 0.833476 1.105454
vt 0.813638 1.105454
vt 0.813570 1.101849
vt 0.833532 1.101849
vt 0.813789 1.175289
vt 0.833405 1.175461
vt 0.833382 1.178086
vt 0.813766 1.177915
vt 0.813398 1.180535
vt 0.833704 1.180712
vt 0.833681 1.183337
vt 0.813375 1.183160
vt 0.806595 1.279393
vt 0.838781 1.279674
vt 0.838758 1.282299
vt 0.806572 1.282018
vt 0.833626 1.091876
vt 0.813443 1.091876
vt 0.813375 1.088271
vt 0.833681 1.088271
vt 0.806767 0.590056
vt 0.838609 0.590056
vt 0.838554 0.593661
vt 0.806834 0.593661
vt 0.833327 1.119032
vt 0.813833 1.119032
vt 0.813766 1.115427
vt 0.833382 1.115427
vt 0.806962 0.603634
vt 0.838460 0.603634
vt 0.838404 0.607239
vt 0.807029 0.607239
vt 0.806572 0.576478
vt 0.838758 0.576478
vt 0.838703 0.580083
vt 0.806639 0.580083
vt 0.838728 -0.278736
vt 0.806664 -0.278456
vt 0.806639 -0.281322
vt 0.838703 -0.281602
vt 0.833502 -0.177149
vt 0.813663 -0.176976
vt 0.813638 -0.179841
vt 0.833477 -0.180014
vt 0.806790 1.276770
vt 0.838632 1.277048
vt 0.838609 1.279673
vt 0.806767 1.279396
vt 0.806985 1.274148
vt 0.838483 1.274422
vt 0.838460 1.277048
vt 0.806962 1.276773
vt 0.813593 1.177912
vt 0.833555 1.178086
vt 0.833532 1.180712
vt 0.813570 1.180537
vt 0.838579 -0.276111
vt 0.806859 -0.275834
vt 0.806834 -0.278699
vt 0.838554 -0.278976
vt 0.838429 -0.273485
vt 0.807055 -0.273211
vt 0.807030 -0.276076
vt 0.838404 -0.276351
vt 0.833651 -0.179774
vt 0.813468 -0.179598
vt 0.813443 -0.182464
vt 0.833626 -0.182640
vt 0.833352 -0.174523
vt 0.813858 -0.174353
vt 0.813833 -0.177218
vt 0.833327 -0.177389
vt 0.124314 1.179437
vt 0.166918 1.179809
vt 0.165646 1.183152
vt 0.125527 1.182802
vt 1.165697 1.138681
vt 1.179437 1.067548
vt 1.182802 1.070575
vt 1.169864 1.137557
vt 0.161681 1.170805
vt 0.129707 1.170526
vt 0.129746 1.166137
vt 0.161719 1.166416
vt 0.128910 -0.182198
vt 0.162274 -0.182489
vt 0.162312 -0.178099
vt 0.128949 -0.177808
vt 0.166220 -0.166055
vt 0.125252 -0.165697
vt 0.126411 -0.169864
vt 0.164988 -0.170201
vt -0.179809 1.067548
vt -0.166055 1.138681
vt -0.170201 1.137557
vt -0.183152 1.070575
vt -0.278771 0.555755
vt -0.265016 0.626888
vt -0.269159 0.625764
vt -0.282111 0.558782
vt 0.171243 -0.265016
vt 0.118502 -0.264556
vt 0.120004 -0.268725
vt 0.169668 -0.269159
vt 0.117564 1.278296
vt 0.171941 1.278771
vt 0.170326 1.282111
vt 0.119121 1.281664
vt 1.264556 0.626888
vt 1.278296 0.555755
vt 1.281664 0.558782
vt 1.268726 0.625764
vt 0.166361 0.622485
vt 0.166954 0.562061
vt 0.170326 0.558782
vt 0.169668 0.625764
vt 0.128910 1.073854
vt 0.129707 1.134278
vt 0.126411 1.137557
vt 0.125527 1.070575
vt 0.161681 1.134278
vt 0.162274 1.073854
vt 0.165646 1.070575
vt 0.164988 1.137557
vt 0.122504 0.562061
vt 0.123301 0.622485
vt 0.120005 0.625764
vt 0.119121 0.558782
vt 0.158063 -0.167084
vt 0.133389 -0.166869
vt 0.133711 -0.169978
vt 0.157687 -0.170188
vt 0.132688 1.177140
vt 0.158585 1.177366
vt 0.158194 1.180178
vt 0.133030 1.179959
vt 1.182489 1.073854
vt 1.170805 1.134278
vt 1.166416 1.133430
vt 1.178099 1.073006
vt 1.281448 0.562061
vt 1.269764 0.622485
vt 1.265374 0.621637
vt 1.277058 0.561213
vt 0.166361 1.269764
vt 0.123301 1.269388
vt 0.123339 1.264998
vt 0.166399 1.265374
vt 0.122504 -0.281060
vt 0.166954 -0.281448
vt 0.166992 -0.277058
vt 0.122542 -0.276670
vt -0.269388 0.622485
vt -0.281060 0.562061
vt -0.276670 0.561213
vt -0.264998 0.621637
vt -0.170526 1.134278
vt -0.182198 1.073854
vt -0.177808 1.073006
vt -0.166137 1.133430
vt 0.154455 1.170778
vt 0.136933 1.170625
vt 0.136963 1.167165
vt 0.154485 1.167318
vt 0.136336 -0.179368
vt 0.154899 -0.179530
vt 0.154929 -0.176069
vt 0.136366 -0.175907
vt -0.177366 1.076630
vt -0.167084 1.129805
vt -0.170188 1.129624
vt -0.180178 1.077955
vt -0.276325 0.564837
vt -0.266043 0.618012
vt -0.269145 0.617831
vt -0.279135 0.566162
vt 0.162743 -0.266043
vt 0.126983 -0.265730
vt 0.127463 -0.268841
vt 0.162209 -0.269145
vt 0.126281 1.276002
vt 0.163265 1.276325
vt 0.162716 1.279135
vt 0.126781 1.278822
vt 1.265731 0.618012
vt 1.276002 0.564837
vt 1.278822 0.566162
vt 1.268841 0.617831
vt 1.166869 1.129806
vt 1.177140 1.076630
vt 1.179959 1.077955
vt 1.169978 1.129624
vt 0.158978 0.614627
vt 0.159422 0.569366
vt 0.162716 0.566162
vt 0.162209 0.617831
vt 0.136336 1.081159
vt 0.136933 1.126420
vt 0.133712 1.129624
vt 0.133030 1.077955
vt 0.154455 1.126420
vt 0.154899 1.081159
vt 0.158194 1.077955
vt 0.157687 1.129624
vt 0.130087 0.569366
vt 0.130684 0.614627
vt 0.127463 0.617831
vt 0.126781 0.566162
vt 1.179530 1.081159
vt 1.170778 1.126420
vt 1.167318 1.125751
vt 1.176069 1.080490
vt 1.278487 0.569366
vt 1.269736 0.614627
vt 1.266275 0.613958
vt 1.275026 0.568697
vt 0.158978 1.269736
vt 0.130684 1.269489
vt 0.130714 1.266028
vt 0.159008 1.266275
vt 0.130087 -0.278231
vt 0.159422 -0.278487
vt 0.159452 -0.275026
vt 0.130117 -0.274770
vt -0.269489 0.614627
vt -0.278231 0.569366
vt -0.274770 0.568697
vt -0.266028 0.613958
vt -0.170626 1.126420
vt -0.179368 1.081159
vt -0.175907 1.080490
vt -0.167165 1.125751
vt 0.155584 1.105454
vt 0.135746 1.105454
vt 0.135678 1.101849
vt 0.155639 1.101849
vt 0.135896 1.169374
vt 0.155513 1.169545
vt 0.155490 1.172170
vt 0.135873 1.171999
vt 0.135506 1.174619
vt 0.155812 1.174796
vt 0.155789 1.177421
vt 0.135483 1.177244
vt 0.128702 1.273477
vt 0.160889 1.273758
vt 0.160866 1.276383
vt 0.128679 1.276102
vt 0.155733 1.091876
vt 0.135550 1.091876
vt 0.135483 1.088271
vt 0.155789 1.088271
vt 0.128874 0.590056
vt 0.160717 0.590056
vt 0.160661 0.593661
vt 0.128942 0.593661
vt 0.155435 1.119032
vt 0.135941 1.119032
vt 0.135873 1.115427
vt 0.155490 1.115427
vt 0.129070 0.603634
vt 0.160567 0.603634
vt 0.160512 0.607239
vt 0.129137 0.607239
vt 0.128679 0.576478
vt 0.160866 0.576478
vt 0.160811 0.580083
vt 0.128747 0.580083
vt 0.160836 -0.272820
vt 0.128772 -0.272540
vt 0.128747 -0.275406
vt 0.160811 -0.275686
vt 0.155609 -0.171233
vt 0.135771 -0.171060
vt 0.135746 -0.173925
vt 0.155584 -0.174098
vt 0.128897 1.270854
vt 0.160740 1.271132
vt 0.160717 1.273758
vt 0.128874 1.273480
vt 0.129092 1.268232
vt 0.160590 1.268507
vt 0.160567 1.271132
vt 0.129070 1.270857
vt 0.135701 1.171996
vt 0.155662 1.172170
vt 0.155639 1.174796
vt 0.135678 1.174621
vt 0.160686 -0.270195
vt 0.128967 -0.269918
vt 0.128942 -0.272783
vt 0.160661 -0.273060
vt 0.160537 -0.267569
vt 0.129162 -0.267295
vt 0.129137 -0.270161
vt 0.160512 -0.270435
vt 0.155758 -0.173858
vt 0.135575 -0.173682
vt 0.135550 -0.176548
vt 0.155733 -0.176724
vt 0.155460 -0.168607
vt 0.135966 -0.168437
vt 0.135941 -0.171303
vt 0.155435 -0.171473
vn 0.0000 -0.7482 0.6635
vn -0.0028 -0.1687 0.9857
vn -0.0000 -0.1687 0.9857
vn -0.9539 0.0650 0.2932
vn 0.0000 -0.9835 0.1812
vn 0.0000 0.9834 -0.1812
vn 0.0000 0.9630 0.2694
vn 0.9539 0.0650 0.2931
vn 0.9273 0.0781 0.3660
vn -0.0024 -0.2043 0.9789
vn -0.0000 -0.2043 0.9789
vn -0.9273 0.0781 0.3660
vn -0.0000 0.1812 0.9834
vn 0.0000 0.1812 0.9835
vn 0.0000 0.9978 0.0669
vn 0.0000 -0.9084 0.4181
vn -0.9999 -0.0111 0.0020
vn 0.0000 -0.9834 0.1812
vn 0.9999 -0.0111 0.0020
vn 0.0000 0.9835 -0.1812
vn 0.9930 0.0324 0.1140
vn 0.9856 0.0415 0.1636
vn -0.9856 0.0415 0.1636
vn -0.9930 0.0324 0.1140
vn 0.0000 -0.9191 0.3939
vn 0.0000 0.9992 0.0405
vn 0.0000 -0.1686 0.9857
vn -0.9539 0.0650 0.2931
vn 0.9856 0.0415 0.1637
vn -0.9856 0.0415 0.1637
usemtl sandstone_white
s 1
f 3215/6692/476 3218/6693/476 3234/6694/477 3231/6695/478
f 3216/6696/479 3215/6697/479 3231/6698/479 3232/6699/479
f 3225/6700/480 3224/6701/480 3248/6702/480 3249/6703/480
f 3223/6704/481 3226/6705/481 3250/6706/481 3247/6707/481
f 3217/6708/482 3216/6709/482 3232/6710/482 3233/6711/482
f 3218/6712/483 3217/6713/483 3233/6714/483 3234/6715/483
f 3214/6716/484 3213/6717/484 3229/6718/484 3230/6719/484
f 3213/6720/482 3220/6721/482 3236/6722/482 3229/6723/482
f 3219/6724/476 3214/6725/476 3230/6726/485 3235/6727/486
f 3220/6728/487 3219/6729/487 3235/6730/487 3236/6731/487
f 3221/6732/488 3222/6733/489 3230/6734/485 3229/6735/488
f 3223/6736/489 3224/6737/488 3232/6738/488 3231/6739/478
f 3225/6740/488 3226/6741/489 3234/6742/477 3233/6743/488
f 3227/6744/489 3228/6745/488 3236/6746/488 3235/6747/486
f 3224/6737/488 3225/6740/488 3233/6743/488 3232/6738/488
f 3222/6733/489 3227/6744/489 3235/6747/486 3230/6734/485
f 3226/6741/489 3223/6736/489 3231/6739/478 3234/6742/477
f 3228/6745/488 3221/6732/488 3229/6735/488 3236/6746/488
f 3241/6748/490 3240/6749/490 3264/6750/490 3265/6751/490
f 3239/6752/491 3242/6753/491 3266/6754/491 3263/6755/491
f 3226/6756/492 3225/6757/492 3249/6758/492 3250/6759/492
f 3222/6760/492 3221/6761/492 3245/6762/492 3246/6763/492
f 3221/6764/493 3228/6765/493 3252/6766/493 3245/6767/493
f 3227/6768/481 3222/6769/481 3246/6770/481 3251/6771/481
f 3228/6772/494 3227/6773/494 3251/6774/494 3252/6775/494
f 3224/6776/494 3223/6777/494 3247/6778/494 3248/6779/494
f 3257/6780/480 3256/6781/480 3272/6782/480 3273/6783/480
f 3255/6784/495 3258/6785/495 3274/6786/495 3271/6787/495
f 3242/6788/496 3241/6789/496 3265/6790/496 3266/6791/496
f 3238/6792/497 3237/6793/497 3261/6794/497 3262/6795/497
f 3237/6796/490 3244/6797/490 3268/6798/490 3261/6799/490
f 3243/6800/491 3238/6801/491 3262/6802/491 3267/6803/491
f 3244/6804/498 3243/6805/498 3267/6806/498 3268/6807/498
f 3240/6808/499 3239/6809/499 3263/6810/499 3264/6811/499
f 3253/6812/488 3254/6813/489 3262/6814/489 3261/6815/488
f 3255/6816/488 3256/6817/488 3264/6818/488 3263/6819/488
f 3257/6820/488 3258/6821/488 3266/6822/488 3265/6823/488
f 3259/6824/489 3260/6825/488 3268/6826/488 3267/6827/489
f 3256/6817/488 3257/6820/488 3265/6823/488 3264/6818/488
f 3254/6813/489 3259/6824/489 3267/6827/489 3262/6814/489
f 3258/6821/488 3255/6816/488 3263/6819/488 3266/6822/488
f 3260/6825/488 3253/6812/488 3261/6815/488 3268/6826/488
f 3258/6828/492 3257/6829/492 3273/6830/492 3274/6831/492
f 3254/6832/492 3253/6833/492 3269/6834/492 3270/6835/492
f 3253/6836/493 3260/6837/493 3276/6838/493 3269/6839/493
f 3259/6840/495 3254/6841/495 3270/6842/495 3275/6843/495
f 3260/6844/494 3259/6845/494 3275/6846/494 3276/6847/494
f 3256/6848/494 3255/6849/494 3271/6850/494 3272/6851/494
f 3287/6852/488 3286/6853/488 3285/6854/488 3288/6855/488
f 3293/6856/500 3296/6857/500 3313/6858/500 3316/6859/500
f 3289/6860/500 3302/6861/500 3284/6862/500 3281/6863/500
f 3305/6864/500 3304/6865/500 3323/6866/500 3322/6867/500
f 3283/6868/488 3282/6869/488 3281/6870/488 3284/6871/488
f 3279/6872/488 3278/6873/488 3277/6874/488 3280/6875/488
f 3314/6876/488 3315/6877/488 3316/6878/488 3313/6879/488
f 3318/6880/488 3319/6881/488 3320/6882/488 3317/6883/488
f 3322/6884/488 3323/6885/488 3324/6886/488 3321/6887/488
f 3303/6888/501 3306/6889/501 3321/6890/501 3324/6891/501
f 3297/6892/501 3300/6893/501 3286/6894/501 3287/6895/501
f 3307/6896/500 3310/6897/500 3278/6898/500 3279/6899/500
f 3311/6900/500 3292/6901/500 3319/6902/500 3318/6903/500
f 3299/6904/500 3298/6905/500 3288/6906/500 3285/6907/500
f 3309/6908/501 3308/6909/501 3280/6910/501 3277/6911/501
f 3291/6912/501 3312/6913/501 3317/6914/501 3320/6915/501
f 3301/6916/501 3290/6917/501 3282/6918/501 3283/6919/501
f 3295/6920/501 3294/6921/501 3315/6922/501 3314/6923/501
f 3327/6924/476 3330/6925/476 3346/6926/477 3343/6927/478
f 3328/6928/479 3327/6929/479 3343/6930/479 3344/6931/479
f 3337/6932/480 3336/6933/480 3360/6934/480 3361/6935/480
f 3335/6936/481 3338/6937/481 3362/6938/481 3359/6939/481
f 3329/6940/482 3328/6941/482 3344/6942/482 3345/6943/482
f 3330/6944/483 3329/6945/483 3345/6946/483 3346/6947/483
f 3326/6948/484 3325/6949/484 3341/6950/484 3342/6951/484
f 3325/6952/482 3332/6953/482 3348/6954/482 3341/6955/482
f 3331/6956/476 3326/6957/476 3342/6958/485 3347/6959/486
f 3332/6960/487 3331/6961/487 3347/6962/487 3348/6963/487
f 3333/6964/488 3334/6965/488 3342/6966/485 3341/6967/488
f 3335/6968/488 3336/6969/488 3344/6970/488 3343/6971/478
f 3337/6972/488 3338/6973/488 3346/6974/477 3345/6975/488
f 3339/6976/488 3340/6977/488 3348/6978/488 3347/6979/486
f 3336/6969/488 3337/6972/488 3345/6975/488 3344/6970/488
f 3334/6965/488 3339/6976/488 3347/6979/486 3342/6966/485
f 3338/6973/488 3335/6968/488 3343/6971/478 3346/6974/477
f 3340/6977/488 3333/6964/488 3341/6967/488 3348/6978/488
f 3353/6980/490 3352/6981/490 3376/6982/490 3377/6983/490
f 3351/6984/491 3354/6985/491 3378/6986/491 3375/6987/491
f 3338/6988/492 3337/6989/492 3361/6990/492 3362/6991/492
f 3334/6992/492 3333/6993/492 3357/6994/492 3358/6995/492
f 3333/6996/493 3340/6997/493 3364/6998/493 3357/6999/493
f 3339/7000/481 3334/7001/481 3358/7002/481 3363/7003/481
f 3340/7004/494 3339/7005/494 3363/7006/494 3364/7007/494
f 3336/7008/494 3335/7009/494 3359/7010/494 3360/7011/494
f 3369/7012/480 3368/7013/480 3384/7014/480 3385/7015/480
f 3367/7016/495 3370/7017/495 3386/7018/495 3383/7019/495
f 3354/7020/496 3353/7021/496 3377/7022/496 3378/7023/496
f 3350/7024/497 3349/7025/497 3373/7026/497 3374/7027/497
f 3349/7028/490 3356/7029/490 3380/7030/490 3373/7031/490
f 3355/7032/491 3350/7033/491 3374/7034/491 3379/7035/491
f 3356/7036/498 3355/7037/498 3379/7038/498 3380/7039/498
f 3352/7040/499 3351/7041/499 3375/7042/499 3376/7043/499
f 3365/7044/488 3366/7045/488 3374/7046/488 3373/7047/488
f 3367/7048/488 3368/7049/488 3376/7050/489 3375/7051/488
f 3369/7052/488 3370/7053/488 3378/7054/488 3377/7055/488
f 3371/7056/488 3372/7057/488 3380/7058/488 3379/7059/488
f 3368/7049/488 3369/7052/488 3377/7055/488 3376/7050/489
f 3366/7045/488 3371/7056/488 3379/7059/488 3374/7046/488
f 3370/7053/488 3367/7048/488 3375/7051/488 3378/7054/488
f 3372/7057/488 3365/7044/488 3373/7047/488 3380/7058/488
f 3370/7060/492 3369/7061/492 3385/7062/492 3386/7063/492
f 3366/7064/492 3365/7065/492 3381/7066/492 3382/7067/492
f 3365/7068/480 3372/7069/480 3388/7070/480 3381/7071/480
f 3371/7072/495 3366/7073/495 3382/7074/495 3387/7075/495
f 3372/7076/494 3371/7077/494 3387/7078/494 3388/7079/494
f 3368/7080/494 3367/7081/494 3383/7082/494 3384/7083/494
f 3399/7084/488 3398/7085/488 3397/7086/488 3400/7087/488
f 3405/7088/500 3408/7089/500 3425/7090/500 3428/7091/500
f 3401/7092/500 3414/7093/500 3396/7094/500 3393/7095/500
f 3417/7096/500 3416/7097/500 3435/7098/500 3434/7099/500
f 3395/7100/488 3394/7101/488 3393/7102/488 3396/7103/488
f 3391/7104/488 3390/7105/488 3389/7106/488 3392/7107/488
f 3426/7108/488 3427/7109/488 3428/7110/488 3425/7111/488
f 3430/7112/488 3431/7113/488 3432/7114/488 3429/7115/488
f 3434/7116/488 3435/7117/488 3436/7118/488 3433/7119/488
f 3415/7120/501 3418/7121/501 3433/7122/501 3436/7123/501
f 3409/7124/501 3412/7125/501 3398/7126/501 3399/7127/501
f 3419/7128/500 3422/7129/500 3390/7130/500 3391/7131/500
f 3423/7132/500 3404/7133/500 3431/7134/500 3430/7135/500
f 3411/7136/500 3410/7137/500 3400/7138/500 3397/7139/500
f 3421/7140/501 3420/7141/501 3392/7142/501 3389/7143/501
f 3403/7144/501 3424/7145/501 3429/7146/501 3432/7147/501
f 3413/7148/501 3402/7149/501 3394/7150/501 3395/7151/501
f 3407/7152/501 3406/7153/501 3427/7154/501 3426/7155/501
f 3439/7156/476 3442/7157/476 3458/7158/477 3455/7159/502
f 3440/7160/503 3439/7161/503 3455/7162/503 3456/7163/503
f 3449/7164/480 3448/7165/480 3472/7166/480 3473/7167/480
f 3447/7168/481 3450/7169/481 3474/7170/481 3471/7171/481
f 3441/7172/482 3440/7173/482 3456/7174/482 3457/7175/482
f 3442/7176/483 3441/7177/483 3457/7178/483 3458/7179/483
f 3438/7180/484 3437/7181/484 3453/7182/484 3454/7183/484
f 3437/7184/482 3444/7185/482 3460/7186/482 3453/7187/482
f 3443/7188/476 3438/7189/476 3454/7190/485 3459/7191/486
f 3444/7192/487 3443/7193/487 3459/7194/487 3460/7195/487
f 3445/7196/488 3446/7197/489 3454/7198/485 3453/7199/488
f 3447/7200/488 3448/7201/489 3456/7202/489 3455/7203/502
f 3449/7204/489 3450/7205/488 3458/7206/477 3457/7207/489
f 3451/7208/489 3452/7209/488 3460/7210/488 3459/7211/486
f 3448/7201/489 3449/7204/489 3457/7207/489 3456/7202/489
f 3446/7197/489 3451/7208/489 3459/7211/486 3454/7198/485
f 3450/7205/488 3447/7200/488 3455/7203/502 3458/7206/477
f 3452/7209/488 3445/7196/488 3453/7199/488 3460/7210/488
f 3465/7212/490 3464/7213/490 3488/7214/490 3489/7215/490
f 3463/7216/491 3466/7217/491 3490/7218/491 3487/7219/491
f 3450/7220/492 3449/7221/492 3473/7222/492 3474/7223/492
f 3446/7224/492 3445/7225/492 3469/7226/492 3470/7227/492
f 3445/7228/493 3452/7229/493 3476/7230/493 3469/7231/493
f 3451/7232/481 3446/7233/481 3470/7234/481 3475/7235/481
f 3452/7236/494 3451/7237/494 3475/7238/494 3476/7239/494
f 3448/7240/494 3447/7241/494 3471/7242/494 3472/7243/494
f 3481/7244/480 3480/7245/480 3496/7246/480 3497/7247/480
f 3479/7248/495 3482/7249/495 3498/7250/495 3495/7251/495
f 3466/7252/496 3465/7253/496 3489/7254/496 3490/7255/496
f 3462/7256/504 3461/7257/504 3485/7258/504 3486/7259/504
f 3461/7260/490 3468/7261/490 3492/7262/490 3485/7263/490
f 3467/7264/491 3462/7265/491 3486/7266/491 3491/7267/491
f 3468/7268/505 3467/7269/505 3491/7270/505 3492/7271/505
f 3464/7272/499 3463/7273/499 3487/7274/499 3488/7275/499
f 3477/7276/488 3478/7277/489 3486/7278/489 3485/7279/488
f 3479/7280/488 3480/7281/489 3488/7282/489 3487/7283/488
f 3481/7284/489 3482/7285/488 3490/7286/488 3489/7287/489
f 3483/7288/489 3484/7289/488 3492/7290/488 3491/7291/489
f 3480/7281/489 3481/7284/489 3489/7287/489 3488/7282/489
f 3478/7277/489 3483/7288/489 3491/7291/489 3486/7278/489
f 3482/7285/488 3479/7280/488 3487/7283/488 3490/7286/488
f 3484/7289/488 3477/7276/488 3485/7279/488 3492/7290/488
f 3482/7292/492 3481/7293/492 3497/7294/492 3498/7295/492
f 3478/7296/492 3477/7297/492 3493/7298/492 3494/7299/492
f 3477/7300/493 3484/7301/493 3500/7302/493 3493/7303/493
f 3483/7304/495 3478/7305/495 3494/7306/495 3499/7307/495
f 3484/7308/494 3483/7309/494 3499/7310/494 3500/7311/494
f 3480/7312/494 3479/7313/494 3495/7314/494 3496/7315/494
f 3511/7316/488 3510/7317/488 3509/7318/488 3512/7319/488
f 3517/7320/500 3520/7321/500 3537/7322/500 3540/7323/500
f 3513/7324/500 3526/7325/500 3508/7326/500 3505/7327/500
f 3529/7328/500 3528/7329/500 3547/7330/500 3546/7331/500
f 3507/7332/488 3506/7333/488 3505/7334/488 3508/7335/488
f 3503/7336/488 3502/7337/488 3501/7338/488 3504/7339/488
f 3538/7340/488 3539/7341/488 3540/7342/488 3537/7343/488
f 3542/7344/488 3543/7345/488 3544/7346/488 3541/7347/488
f 3546/7348/488 3547/7349/488 3548/7350/488 3545/7351/488
f 3527/7352/501 3530/7353/501 3545/7354/501 3548/7355/501
f 3521/7356/501 3524/7357/501 3510/7358/501 3511/7359/501
f 3531/7360/500 3534/7361/500 3502/7362/500 3503/7363/500
f 3535/7364/500 3516/7365/500 3543/7366/500 3542/7367/500
f 3523/7368/500 3522/7369/500 3512/7370/500 3509/7371/500
f 3533/7372/501 3532/7373/501 3504/7374/501 3501/7375/501
f 3515/7376/501 3536/7377/501 3541/7378/501 3544/7379/501
f 3525/7380/501 3514/7381/501 3506/7382/501 3507/7383/501
f 3519/7384/501 3518/7385/501 3539/7386/501 3538/7387/501
o Cube.187_Cube.253
v 5.300469 0.300000 -5.049866
v 5.300469 0.300000 -4.907567
v 5.000000 0.300000 -4.839431
v 5.300469 0.300000 -4.839431
v 5.000000 0.300000 -5.118002
v 5.300469 0.300000 -5.118002
v 5.430818 0.300000 -5.049866
v 5.430818 0.300000 -4.907567
v 4.795292 2.505085 -5.038822
v 4.795292 2.505085 -4.918611
v 5.300469 0.300000 -5.563967
v 5.300469 0.300000 -5.421668
v 5.000000 0.300000 -5.353532
v 5.300469 0.300000 -5.353532
v 5.000000 0.300000 -5.632103
v 5.300469 0.300000 -5.632103
v 5.430818 0.300000 -5.563967
v 5.430818 0.300000 -5.421668
v 4.795292 2.505085 -5.552923
v 4.795292 2.505085 -5.432712
v 5.300469 0.300000 -6.978730
v 5.300469 0.300000 -6.836432
v 5.000000 0.300000 -6.768295
v 5.300469 0.300000 -6.768295
v 5.000000 0.300000 -7.046866
v 5.300469 0.300000 -7.046866
v 5.430818 0.300000 -6.978730
v 5.430818 0.300000 -6.836432
v 4.795292 2.505085 -6.967686
v 4.795292 2.505085 -6.847476
v 5.300469 0.300000 -7.492831
v 5.300469 0.300000 -7.350533
v 5.000000 0.300000 -7.282396
v 5.300469 0.300000 -7.282396
v 5.000000 0.300000 -7.560967
v 5.300469 0.300000 -7.560967
v 5.430818 0.300000 -7.492831
v 5.430818 0.300000 -7.350533
v 4.795292 2.505085 -7.481787
v 4.795292 2.505085 -7.361577
v 3.266747 0.300000 -9.292965
v 3.409046 0.300000 -9.292965
v 3.477182 0.300000 -8.992496
v 3.477182 0.300000 -9.292965
v 3.198611 0.300000 -8.992496
v 3.198611 0.300000 -9.292965
v 3.266747 0.300000 -9.423313
v 3.409046 0.300000 -9.423313
v 3.277792 2.505085 -8.787788
v 3.398002 2.505085 -8.787788
v 2.867027 2.505085 -8.787788
v 2.746817 2.505085 -8.787788
v 2.878071 0.300000 -9.423313
v 2.735772 0.300000 -9.423313
v 2.667636 0.300000 -9.292965
v 2.667636 0.300000 -8.992496
v 2.946207 0.300000 -9.292965
v 2.946207 0.300000 -8.992496
v 2.878071 0.300000 -9.292965
v 2.735772 0.300000 -9.292965
v 4.638666 2.769997 -5.433338
v 4.597235 2.769997 -5.106812
v 3.278058 2.769997 -8.582156
v 2.935017 2.769997 -8.399834
v 4.638666 2.769997 -4.919237
v 4.589660 2.769997 -7.481520
v 3.465992 2.769997 -8.399834
v 4.589660 2.769997 -6.967419
v 4.407339 2.769997 -7.293587
v 4.589660 2.769997 -5.552656
v 2.678827 2.769997 -8.589731
v 4.407339 2.769997 -6.779486
v 4.589660 2.769997 -5.038555
v 2.866760 2.769997 -8.582156
v 4.407339 2.769997 -5.364722
v 3.465992 2.769998 -8.589731
v 3.278417 2.769997 -8.631162
v 4.407339 2.769997 -4.850621
v 4.597235 2.769996 -7.293587
v 4.638666 2.769997 -7.481162
v 4.597235 2.769996 -6.779486
v 3.209802 2.769997 -8.399834
v 4.638666 2.769997 -6.967061
v 4.597235 2.769996 -5.364722
v 2.747083 2.769997 -8.582156
v 4.407337 2.769997 -7.549777
v 4.638666 2.769997 -5.552297
v 2.747442 2.769997 -8.631162
v 4.597235 2.769996 -4.850621
v 3.397735 2.769997 -8.582156
v 4.407337 2.769997 -7.035676
v 2.935017 2.769998 -8.589731
v 4.638666 2.769997 -5.038196
v 4.589660 2.769997 -7.361844
v 4.407337 2.769997 -5.620913
v 3.209802 2.769997 -8.589731
v 4.589660 2.769997 -6.847743
v 3.397377 2.769997 -8.631162
v 4.407337 2.769997 -5.106812
v 4.597235 2.769997 -7.549777
v 4.589660 2.769997 -5.432979
v 2.866402 2.769997 -8.631162
v 4.638666 2.769997 -7.362202
v 4.597235 2.769997 -7.035676
v 2.678827 2.769997 -8.399834
v 4.589660 2.769997 -4.918878
v 4.638666 2.769997 -6.848101
v 4.597235 2.769997 -5.620913
v -5.300469 0.300000 -5.049866
v -5.300469 0.300000 -4.907567
v -5.000000 0.300000 -4.839431
v -5.300469 0.300000 -4.839431
v -5.000000 0.300000 -5.118002
v -5.300469 0.300000 -5.118002
v -5.430818 0.300000 -5.049866
v -5.430818 0.300000 -4.907567
v -4.795292 2.505085 -5.038822
v -4.795292 2.505085 -4.918611
v -5.300469 0.300000 -5.563967
v -5.300469 0.300000 -5.421668
v -5.000000 0.300000 -5.353532
v -5.300469 0.300000 -5.353532
v -5.000000 0.300000 -5.632103
v -5.300469 0.300000 -5.632103
v -5.430818 0.300000 -5.563967
v -5.430818 0.300000 -5.421668
v -4.795292 2.505085 -5.552923
v -4.795292 2.505085 -5.432712
v -5.300469 0.300000 -6.978730
v -5.300469 0.300000 -6.836432
v -5.000000 0.300000 -6.768295
v -5.300469 0.300000 -6.768295
v -5.000000 0.300000 -7.046866
v -5.300469 0.300000 -7.046866
v -5.430818 0.300000 -6.978730
v -5.430818 0.300000 -6.836432
v -4.795292 2.505085 -6.967686
v -4.795292 2.505085 -6.847476
v -5.300469 0.300000 -7.492831
v -5.300469 0.300000 -7.350533
v -5.000000 0.300000 -7.282396
v -5.300469 0.300000 -7.282396
v -5.000000 0.300000 -7.560967
v -5.300469 0.300000 -7.560967
v -5.430818 0.300000 -7.492831
v -5.430818 0.300000 -7.350533
v -4.795292 2.505085 -7.481787
v -4.795292 2.505085 -7.361577
v -3.266747 0.300000 -9.292965
v -3.409046 0.300000 -9.292965
v -3.477182 0.300000 -8.992496
v -3.477182 0.300000 -9.292965
v -3.198611 0.300000 -8.992496
v -3.198611 0.300000 -9.292965
v -3.266747 0.300000 -9.423313
v -3.409046 0.300000 -9.423313
v -3.277792 2.505085 -8.787788
v -3.398002 2.505085 -8.787788
v -2.867027 2.505085 -8.787788
v -2.746817 2.505085 -8.787788
v -2.878071 0.300000 -9.423313
v -2.735772 0.300000 -9.423313
v -2.667636 0.300000 -9.292965
v -2.667636 0.300000 -8.992496
v -2.946207 0.300000 -9.292965
v -2.946207 0.300000 -8.992496
v -2.878071 0.300000 -9.292965
v -2.735772 0.300000 -9.292965
v -4.638666 2.769997 -5.433338
v -4.597235 2.769997 -5.106812
v -3.278058 2.769997 -8.582156
v -2.935017 2.769997 -8.399834
v -4.638666 2.769997 -4.919237
v -4.589660 2.769997 -7.481520
v -3.465992 2.769997 -8.399834
v -4.589660 2.769997 -6.967419
v -4.407339 2.769997 -7.293587
v -4.589660 2.769997 -5.552656
v -2.678827 2.769997 -8.589731
v -4.407339 2.769997 -6.779486
v -4.589660 2.769997 -5.038555
v -2.866760 2.769997 -8.582156
v -4.407339 2.769997 -5.364722
v -3.465992 2.769998 -8.589731
v -3.278417 2.769997 -8.631162
v -4.407339 2.769997 -4.850621
v -4.597235 2.769996 -7.293587
v -4.638666 2.769997 -7.481162
v -4.597235 2.769996 -6.779486
v -3.209802 2.769997 -8.399834
v -4.638666 2.769997 -6.967061
v -4.597235 2.769996 -5.364722
v -2.747083 2.769997 -8.582156
v -4.407337 2.769997 -7.549777
v -4.638666 2.769997 -5.552297
v -2.747442 2.769997 -8.631162
v -4.597235 2.769996 -4.850621
v -3.397735 2.769997 -8.582156
v -4.407337 2.769997 -7.035676
v -2.935017 2.769998 -8.589731
v -4.638666 2.769997 -5.038196
v -4.589660 2.769997 -7.361844
v -4.407337 2.769997 -5.620913
v -3.209802 2.769997 -8.589731
v -4.589660 2.769997 -6.847743
v -3.397377 2.769997 -8.631162
v -4.407337 2.769997 -5.106812
v -4.597235 2.769997 -7.549777
v -4.589660 2.769997 -5.432979
v -2.866402 2.769997 -8.631162
v -4.638666 2.769997 -7.362202
v -4.597235 2.769997 -7.035676
v -2.678827 2.769997 -8.399834
v -4.589660 2.769997 -4.918878
v -4.638666 2.769997 -6.848101
v -4.597235 2.769997 -5.620913
vt 1.244831 0.536172
vt 1.146803 0.880606
vt 1.120321 0.880606
vt 1.202929 0.536172
vt -0.143247 0.536172
vt -0.148535 0.880606
vt -0.184260 0.880294
vt -0.182093 0.535833
vt 1.152383 0.536089
vt 1.157831 0.880523
vt 1.148304 0.880606
vt 1.142882 0.536172
vt 1.157222 0.843581
vt 1.152225 0.536089
vt 1.172068 0.535916
vt 1.173985 0.843434
vt 1.145975 0.119623
vt 1.152809 0.119622
vt 1.174649 0.156566
vt 1.245456 0.535546
vt 1.147429 0.879980
vt 1.120947 0.879980
vt 1.203555 0.535546
vt -0.214937 0.535546
vt -0.220225 0.879980
vt -0.255950 0.879668
vt -0.253783 0.535207
vt 1.224073 0.535464
vt 1.229521 0.879897
vt 1.219994 0.879980
vt 1.214572 0.535546
vt 1.228912 0.842955
vt 1.223915 0.535464
vt 1.243758 0.535290
vt 1.245675 0.842809
vt 1.146601 0.120249
vt 1.153434 0.120248
vt 1.175274 0.157191
vt 1.247178 0.533825
vt 1.149150 0.878258
vt 1.122669 0.878259
vt 1.205277 0.533825
vt -0.412222 0.533825
vt -0.417510 0.878258
vt -0.453235 0.877947
vt -0.451068 0.533486
vt 1.421358 0.533742
vt 1.426806 0.878175
vt 1.417279 0.878258
vt 1.411857 0.533825
vt 1.426197 0.841233
vt 1.421200 0.533742
vt 1.441043 0.533569
vt 1.442960 0.841087
vt 1.148322 0.121970
vt 1.155156 0.121970
vt 1.176996 0.158913
vt 1.247804 0.533199
vt 1.149776 0.877633
vt 1.123294 0.877633
vt 1.205902 0.533199
vt -0.483912 0.533199
vt -0.489200 0.877633
vt -0.524925 0.877321
vt -0.522758 0.532860
vt 1.493048 0.533116
vt 1.498496 0.877550
vt 1.488969 0.877633
vt 1.483547 0.533199
vt 1.497886 0.840608
vt 1.492890 0.533116
vt 1.512733 0.532943
vt 1.514650 0.840461
vt 1.148948 0.122596
vt 1.155782 0.122596
vt 1.177621 0.159539
vt 1.766134 0.530752
vt 1.671089 0.876056
vt 1.644609 0.876287
vt 1.724235 0.531118
vt 0.995623 0.531118
vt 0.993367 0.876287
vt 0.957641 0.876287
vt 0.956775 0.531118
vt 0.986487 0.469248
vt 0.984070 0.123935
vt 0.993598 0.123945
vt 0.995988 0.469248
vt 0.984355 0.161128
vt 0.986645 0.469407
vt 0.966801 0.469407
vt 0.967592 0.161128
vt -0.670262 0.876065
vt -0.677095 0.876005
vt -0.698614 0.838872
vt -0.670908 0.876065
vt -0.677741 0.876005
vt -0.699261 0.838872
vt 0.912441 0.469248
vt 0.910025 0.123935
vt 0.919552 0.123945
vt 0.921942 0.469248
vt 0.910309 0.161128
vt 0.912599 0.469407
vt 0.892755 0.469407
vt 0.893546 0.161128
vt 0.921577 0.531118
vt 0.919321 0.876287
vt 0.883595 0.876287
vt 0.882729 0.531118
vt 1.766780 0.530752
vt 1.671736 0.876056
vt 1.645255 0.876287
vt 1.724881 0.531118
vt -0.644920 0.876287
vt -0.671401 0.876055
vt -0.766473 0.530752
vt -0.724573 0.531118
vt 1.123606 0.122679
vt 1.150088 0.122679
vt 1.248143 0.467140
vt 1.206241 0.467140
vt 1.122980 0.122053
vt 1.149462 0.122053
vt 1.247517 0.466514
vt 1.205616 0.466514
vt 1.121258 0.120332
vt 1.147740 0.120332
vt 1.245795 0.464793
vt 1.203894 0.464793
vt 1.120633 0.119706
vt 1.147115 0.119706
vt 1.245170 0.464167
vt 1.203269 0.464167
vt 0.957872 0.123945
vt 0.967381 0.123935
vt 0.966643 0.469248
vt 0.957141 0.469248
vt 1.524694 0.877321
vt 1.515185 0.877404
vt 1.512891 0.532943
vt 1.522393 0.532860
vt 1.453004 0.877947
vt 1.443495 0.878030
vt 1.441201 0.533569
vt 1.450703 0.533486
vt 1.255719 0.879668
vt 1.246210 0.879752
vt 1.243916 0.535290
vt 1.253418 0.535207
vt 1.184029 0.880294
vt 1.174520 0.880377
vt 1.172226 0.535916
vt 1.181728 0.535833
vt 0.893445 0.123995
vt 0.910034 0.123995
vt 1.766863 0.530752
vt 1.785040 0.530594
vt 1.699114 0.838872
vt 0.883826 0.123945
vt 0.893335 0.123935
vt 0.892597 0.469248
vt 0.883095 0.469248
vt 1.766217 0.530752
vt 1.784394 0.530594
vt 1.698468 0.838872
vt 1.247887 0.533116
vt 1.266064 0.533116
vt 1.177475 0.840608
vt 1.247261 0.533742
vt 1.265438 0.533742
vt 1.176850 0.841233
vt 1.245539 0.535464
vt 1.263717 0.535464
vt 1.175128 0.842955
vt 1.244914 0.536089
vt 1.263091 0.536089
vt 1.174502 0.843581
vt 0.967491 0.123995
vt 0.984080 0.123995
vt 1.515075 0.877405
vt 1.498487 0.877549
vt 1.443385 0.878030
vt 1.426797 0.878175
vt 1.246100 0.879752
vt 1.229512 0.879897
vt 1.174410 0.880378
vt 1.157822 0.880522
vt -0.645567 0.876287
vt -0.672047 0.876055
vt -0.767119 0.530752
vt -0.725219 0.531118
vt -0.233498 0.536172
vt -0.191596 0.536172
vt -0.108908 0.880606
vt -0.135390 0.880606
vt 1.155417 0.536172
vt 1.194263 0.535833
vt 1.194987 0.880294
vt 1.159262 0.880606
vt -0.165284 0.536089
vt -0.155783 0.536172
vt -0.159493 0.880606
vt -0.169002 0.880523
vt -0.168893 0.843581
vt -0.185656 0.843434
vt -0.185286 0.535916
vt -0.165443 0.536089
vt -0.162783 0.156566
vt -0.140939 0.119622
vt -0.134105 0.119623
vt -0.232872 0.535546
vt -0.190971 0.535546
vt -0.108283 0.879980
vt -0.134764 0.879980
vt 1.227107 0.535546
vt 1.265953 0.535207
vt 1.266677 0.879668
vt 1.230952 0.879980
vt -0.236974 0.535464
vt -0.227473 0.535546
vt -0.231183 0.879980
vt -0.240692 0.879897
vt -0.240583 0.842955
vt -0.257346 0.842809
vt -0.256976 0.535290
vt -0.237133 0.535464
vt -0.162158 0.157191
vt -0.140314 0.120248
vt -0.133479 0.120249
vt -0.231150 0.533825
vt -0.189249 0.533825
vt -0.106561 0.878259
vt -0.133042 0.878258
vt 1.424392 0.533825
vt 1.463238 0.533486
vt 1.463962 0.877947
vt 1.428237 0.878258
vt -0.434259 0.533742
vt -0.424758 0.533825
vt -0.428468 0.878258
vt -0.437977 0.878175
vt -0.437868 0.841233
vt -0.454631 0.841087
vt -0.454261 0.533569
vt -0.434418 0.533742
vt -0.160436 0.158913
vt -0.138592 0.121970
vt -0.131757 0.121970
vt -0.230525 0.533199
vt -0.188623 0.533199
vt -0.105935 0.877633
vt -0.132417 0.877633
vt 1.496082 0.533199
vt 1.534928 0.532860
vt 1.535652 0.877321
vt 1.499927 0.877633
vt -0.505949 0.533116
vt -0.496448 0.533199
vt -0.500158 0.877633
vt -0.509667 0.877550
vt -0.509558 0.840608
vt -0.526321 0.840461
vt -0.525951 0.532943
vt -0.506108 0.533116
vt -0.159810 0.159539
vt -0.137966 0.122596
vt -0.131132 0.122596
vt -0.774597 0.530752
vt -0.732698 0.531118
vt -0.653045 0.876287
vt -0.679525 0.876056
vt 0.025819 0.531118
vt 0.064666 0.531118
vt 0.062410 0.876287
vt 0.026684 0.876287
vt 0.035686 0.469248
vt 0.026184 0.469248
vt 0.026915 0.123945
vt 0.036425 0.123935
vt 0.036635 0.161128
vt 0.053398 0.161128
vt 0.055689 0.469407
vt 0.035845 0.469407
vt 1.706593 0.838872
vt 1.685074 0.876005
vt 1.678240 0.876065
vt 1.705946 0.838872
vt 1.684428 0.876005
vt 1.677594 0.876065
vt 0.109732 0.469248
vt 0.100230 0.469248
vt 0.100961 0.123945
vt 0.110471 0.123935
vt 0.110681 0.161128
vt 0.127444 0.161128
vt 0.129734 0.469407
vt 0.109891 0.469407
vt 0.099865 0.531118
vt 0.138712 0.531118
vt 0.136456 0.876287
vt 0.100730 0.876287
vt -0.773951 0.530752
vt -0.732052 0.531118
vt -0.652399 0.876287
vt -0.678879 0.876056
vt 1.652733 0.876287
vt 1.732359 0.531118
vt 1.774258 0.530752
vt 1.679214 0.876055
vt -0.105623 0.122679
vt -0.188284 0.467140
vt -0.230186 0.467140
vt -0.132105 0.122679
vt -0.106249 0.122053
vt -0.188910 0.466514
vt -0.230811 0.466514
vt -0.132731 0.122053
vt -0.107971 0.120332
vt -0.190632 0.464793
vt -0.232533 0.464793
vt -0.134452 0.120332
vt -0.108596 0.119706
vt -0.191257 0.464167
vt -0.233159 0.464167
vt -0.135078 0.119706
vt 0.062642 0.123945
vt 0.065032 0.469248
vt 0.055530 0.469248
vt 0.053114 0.123935
vt -0.535883 0.877321
vt -0.535294 0.532860
vt -0.525793 0.532943
vt -0.526356 0.877404
vt -0.464193 0.877947
vt -0.463604 0.533486
vt -0.454103 0.533569
vt -0.454666 0.878030
vt -0.266909 0.879669
vt -0.266319 0.535207
vt -0.256818 0.535290
vt -0.257381 0.879752
vt -0.195219 0.880294
vt -0.194629 0.535833
vt -0.185128 0.535916
vt -0.185691 0.880377
vt 0.127169 0.123995
vt 0.110580 0.123995
vt -0.706093 0.838872
vt -0.773868 0.530752
vt -0.677740 0.876065
vt 0.136687 0.123945
vt 0.139078 0.469248
vt 0.129576 0.469248
vt 0.127160 0.123935
vt -0.706739 0.838872
vt -0.774514 0.530752
vt -0.678386 0.876065
vt -0.159957 0.840608
vt -0.230442 0.533116
vt -0.131277 0.877550
vt -0.160582 0.841233
vt -0.231067 0.533742
vt -0.131903 0.878175
vt -0.162304 0.842955
vt -0.232789 0.535464
vt -0.133625 0.879897
vt -0.162930 0.843581
vt -0.233415 0.536089
vt -0.134250 0.880523
vt 0.053123 0.123995
vt 0.036534 0.123995
vt -0.526366 0.877405
vt -0.509777 0.877549
vt -0.454676 0.878030
vt -0.438087 0.878175
vt -0.257391 0.879752
vt -0.240802 0.879897
vt -0.185701 0.880378
vt -0.169112 0.880522
vt 1.652087 0.876287
vt 1.731712 0.531118
vt 1.773612 0.530752
vt 1.678567 0.876055
vt 1.263264 0.464084
vt 1.245087 0.464084
vt 1.263890 0.464710
vt 1.245713 0.464710
vt 1.265612 0.466431
vt 1.247434 0.466431
vt 1.266237 0.467057
vt 1.248060 0.467057
vt -0.784567 0.530594
vt -0.766390 0.530752
vt -0.785213 0.530594
vt -0.767036 0.530752
vt 1.677596 0.876005
vt 1.670762 0.876065
vt 1.676950 0.876005
vt 1.670116 0.876065
vt 1.155637 0.877549
vt 1.148802 0.877550
vt 1.155011 0.878175
vt 1.148177 0.878175
vt 1.153290 0.879897
vt 1.146455 0.879897
vt 1.152664 0.880522
vt 1.145829 0.880523
vt -0.233241 0.464084
vt -0.251419 0.464084
vt -0.232616 0.464710
vt -0.250793 0.464710
vt -0.230894 0.466431
vt -0.249071 0.466431
vt -0.230268 0.467057
vt -0.248446 0.467057
vt 1.774341 0.530752
vt 1.792518 0.530594
vt 1.773695 0.530752
vt 1.791872 0.530594
vt -0.684573 0.876005
vt -0.792045 0.530594
vt -0.685219 0.876005
vt -0.792691 0.530594
vt -0.138111 0.877549
vt -0.248619 0.533116
vt -0.138737 0.878175
vt -0.249245 0.533742
vt -0.140458 0.879897
vt -0.250966 0.535464
vt -0.141084 0.880522
vt -0.251592 0.536089
vn 0.0000 0.0045 1.0000
vn -0.9724 -0.2333 0.0000
vn 0.9601 0.2746 -0.0533
vn 0.9592 0.2827 0.0006
vn 0.9609 0.2769 0.0000
vn 0.9592 0.2827 -0.0000
vn 0.0039 0.0059 -1.0000
vn 0.0040 0.0059 -1.0000
vn 1.0000 0.0045 0.0000
vn 0.0000 -0.2333 0.9724
vn -0.0533 0.2746 -0.9601
vn 0.0006 0.2827 -0.9592
vn 0.0000 0.2769 -0.9609
vn -0.0000 0.2827 -0.9592
vn -1.0000 0.0059 -0.0039
vn -1.0000 0.0045 0.0000
vn 0.0000 0.0045 -1.0000
vn 0.0533 0.2746 -0.9601
vn 0.9601 0.2746 0.0533
vn 0.0000 0.5089 -0.8608
vn 1.0000 0.0059 -0.0039
vn 0.0040 0.0059 1.0000
vn 0.0039 0.0059 1.0000
vn 0.8608 0.5089 0.0000
vn 0.9724 -0.2333 0.0000
vn -0.9601 0.2746 -0.0533
vn -0.9592 0.2827 0.0000
vn -0.9592 0.2827 -0.0006
vn -0.9609 0.2769 0.0000
vn -0.0039 0.0059 -1.0000
vn -0.0040 0.0059 -1.0000
vn -0.9601 0.2746 0.0533
vn -0.0039 0.0059 1.0000
vn -0.0040 0.0059 1.0000
vn -0.8608 0.5089 0.0000
vn -1.0000 0.0059 -0.0040
vn 1.0000 0.0059 -0.0040
usemtl sandstone_white
s 1
f 3552/7388/506 3637/7389/506 3626/7390/506 3551/7391/506
f 3551/7392/507 3626/7393/507 3647/7394/507 3553/7395/507
f 3550/7396/508 3654/7397/508 3637/7398/508 3552/7399/508
f 3558/7400/509 3556/7401/510 3555/7402/510 3557/7403/511
f 3621/7404/512 3641/7405/512 3557/7406/512
f 3562/7407/506 3632/7408/506 3623/7409/506 3561/7410/506
f 3561/7411/507 3623/7412/507 3643/7413/507 3563/7414/507
f 3560/7415/508 3649/7416/508 3632/7417/508 3562/7418/508
f 3568/7419/509 3566/7420/510 3565/7421/510 3567/7422/511
f 3618/7423/512 3635/7424/512 3567/7425/512
f 3572/7426/506 3629/7427/506 3620/7428/506 3571/7429/506
f 3571/7430/507 3620/7431/507 3639/7432/507 3573/7433/507
f 3570/7434/508 3645/7435/508 3629/7436/508 3572/7437/508
f 3578/7438/509 3576/7439/510 3575/7440/510 3577/7441/511
f 3616/7442/512 3631/7443/512 3577/7444/513
f 3582/7445/506 3627/7446/506 3617/7447/506 3581/7448/506
f 3581/7449/507 3617/7450/507 3634/7451/507 3583/7452/507
f 3580/7453/508 3642/7454/508 3627/7455/508 3582/7456/508
f 3588/7457/509 3586/7458/510 3585/7459/510 3587/7460/511
f 3614/7461/512 3628/7462/512 3587/7463/512
f 3592/7464/514 3624/7465/514 3615/7466/514 3591/7467/514
f 3591/7468/515 3615/7469/515 3630/7470/515 3593/7471/515
f 3590/7472/516 3638/7473/516 3624/7474/516 3592/7475/516
f 3598/7476/517 3596/7477/518 3595/7478/518 3597/7479/519
f 3611/7480/520 3625/7481/520 3597/7482/520
f 3633/7483/520 3636/7484/520 3600/7485/520
f 3607/7486/516 3622/7487/516 3640/7488/516 3605/7489/516
f 3599/7490/517 3601/7491/518 3602/7492/518 3600/7493/519
f 3606/7494/515 3612/7495/515 3653/7496/515 3604/7497/515
f 3605/7498/514 3640/7499/514 3612/7500/514 3606/7501/514
f 3630/7502/521 3644/7503/521 3594/7504/521 3593/7505/521
f 3634/7506/522 3648/7507/522 3584/7508/522 3583/7509/522
f 3639/7510/522 3652/7511/522 3574/7512/522 3573/7513/522
f 3643/7514/522 3656/7515/522 3564/7516/522 3563/7517/522
f 3647/7518/522 3610/7519/522 3554/7520/522 3553/7521/522
f 3644/7522/523 3611/7523/523 3589/7524/523 3594/7525/523
f 3648/7526/524 3614/7527/524 3579/7528/524 3584/7529/524
f 3652/7530/524 3616/7531/524 3569/7532/524 3574/7533/524
f 3656/7534/524 3618/7535/524 3559/7536/524 3564/7537/524
f 3610/7538/524 3621/7539/524 3549/7540/524 3554/7541/524
f 3636/7542/525 3650/7543/525 3599/7490/517 3600/7493/519
f 3607/7544/526 3601/7545/526 3599/7546/526
f 3619/7547/523 3633/7548/523 3608/7549/523 3603/7550/523
f 3590/7551/526 3596/7552/526 3598/7553/526
f 3580/7554/527 3586/7555/528 3588/7556/528
f 3570/7557/527 3576/7558/528 3578/7559/527
f 3560/7560/527 3566/7561/528 3568/7562/528
f 3550/7563/527 3556/7564/528 3558/7565/527
f 3625/7566/525 3646/7567/525 3598/7476/517 3597/7479/519
f 3628/7568/529 3651/7569/529 3588/7457/509 3587/7460/511
f 3631/7570/529 3655/7571/529 3578/7438/509 3577/7441/511
f 3635/7572/529 3609/7573/529 3568/7419/509 3567/7422/511
f 3641/7574/529 3613/7575/529 3558/7400/509 3557/7403/511
f 3653/7576/521 3619/7577/521 3603/7578/521 3604/7579/521
f 3660/7580/506 3659/7581/506 3734/7582/506 3745/7583/506
f 3659/7584/530 3661/7585/530 3755/7586/530 3734/7587/530
f 3658/7588/531 3660/7589/531 3745/7590/531 3762/7591/531
f 3666/7592/532 3665/7593/533 3663/7594/534 3664/7595/534
f 3665/7596/535 3749/7597/535 3729/7598/535
f 3670/7599/506 3669/7600/506 3731/7601/506 3740/7602/506
f 3669/7603/530 3671/7604/530 3751/7605/530 3731/7606/530
f 3668/7607/531 3670/7608/531 3740/7609/531 3757/7610/531
f 3676/7611/532 3675/7612/533 3673/7613/534 3674/7614/534
f 3675/7615/536 3743/7616/535 3726/7617/535
f 3680/7618/506 3679/7619/506 3728/7620/506 3737/7621/506
f 3679/7622/530 3681/7623/530 3747/7624/530 3728/7625/530
f 3678/7626/531 3680/7627/531 3737/7628/531 3753/7629/531
f 3686/7630/532 3685/7631/533 3683/7632/534 3684/7633/534
f 3685/7634/536 3739/7635/535 3724/7636/535
f 3690/7637/506 3689/7638/506 3725/7639/506 3735/7640/506
f 3689/7641/530 3691/7642/530 3742/7643/530 3725/7644/530
f 3688/7645/531 3690/7646/531 3735/7647/531 3750/7648/531
f 3696/7649/532 3695/7650/533 3693/7651/534 3694/7652/534
f 3695/7653/535 3736/7654/535 3722/7655/535
f 3700/7656/521 3699/7657/521 3723/7658/521 3732/7659/521
f 3699/7660/515 3701/7661/515 3738/7662/515 3723/7663/515
f 3698/7664/523 3700/7665/523 3732/7666/523 3746/7667/523
f 3706/7668/519 3705/7669/517 3703/7670/518 3704/7671/518
f 3705/7672/526 3733/7673/526 3719/7674/526
f 3708/7675/526 3744/7676/526 3741/7677/526
f 3715/7678/523 3713/7679/523 3748/7680/523 3730/7681/523
f 3707/7682/519 3708/7683/517 3710/7684/518 3709/7685/518
f 3714/7686/515 3712/7687/515 3761/7688/515 3720/7689/515
f 3713/7690/521 3714/7691/521 3720/7692/521 3748/7693/521
f 3738/7694/514 3701/7695/514 3702/7696/514 3752/7697/514
f 3742/7698/522 3691/7699/522 3692/7700/522 3756/7701/522
f 3747/7702/522 3681/7703/522 3682/7704/522 3760/7705/522
f 3751/7706/522 3671/7707/522 3672/7708/522 3764/7709/522
f 3755/7710/522 3661/7711/522 3662/7712/522 3718/7713/522
f 3752/7714/516 3702/7715/516 3697/7716/516 3719/7717/516
f 3756/7718/537 3692/7719/537 3687/7720/537 3722/7721/537
f 3760/7722/537 3682/7723/537 3677/7724/537 3724/7725/537
f 3764/7726/537 3672/7727/537 3667/7728/537 3726/7729/537
f 3718/7730/537 3662/7731/537 3657/7732/537 3729/7733/537
f 3744/7734/525 3708/7683/517 3707/7682/519 3758/7735/525
f 3707/7736/520 3715/7737/520 3730/7738/520
f 3727/7739/516 3711/7740/516 3716/7741/516 3741/7742/516
f 3706/7743/520 3698/7744/520 3746/7745/520
f 3696/7746/538 3688/7747/539 3750/7748/538
f 3686/7749/539 3678/7750/539 3753/7751/538
f 3676/7752/539 3668/7753/539 3757/7754/538
f 3666/7755/539 3658/7756/539 3762/7757/539
f 3733/7758/525 3705/7669/517 3706/7668/519 3754/7759/525
f 3736/7760/540 3695/7650/533 3696/7649/532 3759/7761/540
f 3739/7762/540 3685/7631/533 3686/7630/532 3763/7763/540
f 3743/7764/540 3675/7612/533 3676/7611/532 3717/7765/540
f 3749/7766/540 3665/7593/533 3666/7592/532 3721/7767/540
f 3761/7768/514 3712/7769/514 3711/7770/514 3727/7771/514
f 3555/7772/512 3549/7773/513 3557/7406/512
f 3549/7773/513 3621/7404/512 3557/7406/512
f 3565/7774/512 3559/7775/513 3567/7425/512
f 3559/7775/513 3618/7423/512 3567/7425/512
f 3575/7776/512 3569/7777/512 3577/7444/513
f 3569/7777/512 3616/7442/512 3577/7444/513
f 3585/7778/512 3579/7779/513 3587/7463/512
f 3579/7779/513 3614/7461/512 3587/7463/512
f 3595/7780/541 3589/7781/541 3597/7482/520
f 3589/7781/541 3611/7480/520 3597/7482/520
f 3602/7782/541 3608/7783/541 3600/7485/520
f 3608/7783/541 3633/7483/520 3600/7485/520
f 3599/7546/526 3650/7784/526 3622/7785/526
f 3622/7785/526 3607/7544/526 3599/7546/526
f 3598/7553/526 3646/7786/526 3638/7787/526
f 3638/7787/526 3590/7551/526 3598/7553/526
f 3588/7556/528 3651/7788/528 3642/7789/528
f 3642/7789/528 3580/7554/527 3588/7556/528
f 3578/7559/527 3655/7790/528 3645/7791/528
f 3645/7791/528 3570/7557/527 3578/7559/527
f 3568/7562/528 3609/7792/528 3649/7793/528
f 3649/7793/528 3560/7560/527 3568/7562/528
f 3558/7565/527 3613/7794/527 3654/7795/528
f 3654/7795/528 3550/7563/527 3558/7565/527
f 3729/7598/535 3657/7796/536 3665/7596/535
f 3657/7796/536 3663/7797/535 3665/7596/535
f 3726/7617/535 3667/7798/536 3675/7615/536
f 3667/7798/536 3673/7799/535 3675/7615/536
f 3724/7636/535 3677/7800/536 3685/7634/536
f 3677/7800/536 3683/7801/535 3685/7634/536
f 3722/7655/535 3687/7802/536 3695/7653/535
f 3687/7802/536 3693/7803/535 3695/7653/535
f 3719/7674/526 3697/7804/542 3705/7672/526
f 3697/7804/542 3703/7805/542 3705/7672/526
f 3741/7677/526 3716/7806/542 3708/7675/526
f 3716/7806/542 3710/7807/542 3708/7675/526
f 3730/7738/520 3758/7808/520 3707/7736/520
f 3707/7736/520 3709/7809/520 3715/7737/520
f 3746/7745/520 3754/7810/520 3706/7743/520
f 3706/7743/520 3704/7811/520 3698/7744/520
f 3750/7748/538 3759/7812/538 3696/7746/538
f 3696/7746/538 3694/7813/538 3688/7747/539
f 3753/7751/538 3763/7814/538 3686/7749/539
f 3686/7749/539 3684/7815/538 3678/7750/539
f 3757/7754/538 3717/7816/538 3676/7752/539
f 3676/7752/539 3674/7817/538 3668/7753/539
f 3762/7757/539 3721/7818/539 3666/7755/539
f 3666/7755/539 3664/7819/538 3658/7756/539
o Cube.188_Cube.254
v 5.639849 0.000000 5.638741
v 5.639850 0.000000 -9.638741
v -5.639850 0.000000 5.638741
v -5.639849 0.000000 -9.638741
v 5.587075 0.300000 -7.060996
v 5.587075 0.300000 -1.452354
v 5.587075 0.300000 3.060996
v -5.587075 0.300000 1.119510
v -5.587075 0.300000 -5.510708
v 5.639850 0.000000 -5.526456
v 5.639850 0.000000 1.135260
v -5.639850 0.000000 3.092494
v -5.639850 0.000000 -1.452355
v -5.639850 0.000000 -7.092494
v -0.620339 0.300000 5.591494
v -3.778294 0.300000 -9.591494
v 2.413768 0.300000 -9.591494
v 2.440155 0.000000 5.638741
v -3.804681 0.000000 5.638741
v -3.804681 0.000000 -9.638741
v -0.620338 0.000000 -9.638741
v 2.440155 0.000000 -7.092494
v -0.620338 0.000000 -7.092494
v -3.804681 0.000000 -7.092494
v 2.440155 0.000000 -5.526456
v -0.620338 0.000000 -5.526457
v -3.804681 0.000000 -5.526457
v 2.440155 0.000000 -1.452354
v -0.620338 0.000000 -1.452354
v -3.804681 0.000000 -1.452354
v 2.440155 0.000000 1.135260
v -0.620338 0.000000 1.135260
v -3.804681 0.000000 1.135260
v 2.440155 0.000000 3.092494
v -0.620338 0.000000 3.092494
v -3.804681 0.000000 3.092494
v -3.778294 0.300000 -7.060996
v -0.620338 0.300000 -7.060996
v 2.413768 0.300000 -7.060996
v -3.778294 0.300000 -5.510708
v -0.620338 0.300000 -5.510708
v 2.413768 0.300000 -5.510707
v -3.778294 0.300000 -1.452354
v -0.620338 0.300000 -1.452354
v 2.413768 0.300000 -1.452354
v -3.778294 0.300000 1.119511
v -0.620338 0.300000 1.119511
v 2.413768 0.300000 1.119511
v -3.778294 0.300000 3.060996
v -0.620338 0.300000 3.060996
v 2.413768 0.300000 3.060996
v 5.387075 0.300000 5.591494
v 5.621316 0.105352 5.622149
v 5.587075 0.300000 5.391494
v 5.526151 0.228458 5.602762
v 5.549227 0.255556 5.552828
v 5.599660 0.228458 5.529252
v 5.513566 0.300000 5.517985
v 5.587075 0.300000 -9.391494
v 5.621316 0.105352 -9.622149
v 5.387075 0.300000 -9.591494
v 5.599660 0.228458 -9.529252
v 5.549227 0.255556 -9.552826
v 5.526152 0.228458 -9.602760
v 5.513566 0.300000 -9.517983
v -5.587075 0.300000 5.391494
v -5.621316 0.105352 5.622149
v -5.387075 0.300000 5.591494
v -5.599660 0.228458 5.529252
v -5.549227 0.255556 5.552828
v -5.526152 0.228458 5.602762
v -5.513566 0.300000 5.517985
v -5.387075 0.300000 -9.591494
v -5.621316 0.105352 -9.622149
v -5.587075 0.300000 -9.391494
v -5.526151 0.228458 -9.602760
v -5.549227 0.255556 -9.552826
v -5.599660 0.228458 -9.529252
v -5.513566 0.300000 -9.517983
v 5.387075 0.300000 -5.510707
v 5.587075 0.300000 -5.310708
v 5.621680 0.103287 -5.521034
v 5.587075 0.300000 -5.710707
v 5.513566 0.300000 -5.437199
v 5.559429 0.267118 -5.512433
v 5.599794 0.227699 -5.440994
v 5.599794 0.227699 -5.588011
v 5.513566 0.300000 -5.584216
v 5.387075 0.300000 1.119511
v 5.587075 0.300000 1.319511
v 5.621680 0.103287 1.129838
v 5.587075 0.300000 0.919511
v 5.513566 0.300000 1.193020
v 5.559429 0.267118 1.121237
v 5.599794 0.227699 1.196815
v 5.599794 0.227699 1.049798
v 5.513566 0.300000 1.046002
v -5.387075 0.300000 3.060996
v -5.587075 0.300000 2.860996
v -5.621542 0.104069 3.081568
v -5.587075 0.300000 3.260996
v -5.513566 0.300000 2.987487
v -5.559405 0.267249 3.064435
v -5.599744 0.227987 2.995048
v -5.599744 0.227987 3.142066
v -5.513566 0.300000 3.134505
v -5.387075 0.300000 -1.452355
v -5.587075 0.300000 -1.652354
v -5.621726 0.103025 -1.452355
v -5.587075 0.300000 -1.252355
v -5.513566 0.300000 -1.525864
v -5.559437 0.267074 -1.452354
v -5.599811 0.227603 -1.525864
v -5.599811 0.227603 -1.378846
v -5.513566 0.300000 -1.378846
v -5.587075 0.300000 -7.260996
v -5.621542 0.104069 -7.081568
v -5.587075 0.300000 -6.860996
v -5.387075 0.300000 -7.060996
v -5.599744 0.227987 -7.142066
v -5.559405 0.267249 -7.064435
v -5.599744 0.227987 -6.995048
v -5.513566 0.300000 -6.987487
v -5.513566 0.300000 -7.134505
v 5.639850 0.000000 -7.232494
v 5.615723 0.137151 -7.078094
v 5.639850 0.000000 -6.952494
v 5.499850 0.000000 -7.092494
v 5.630982 0.050409 -7.138658
v 5.612414 0.022926 -7.090087
v 5.630982 0.050409 -7.035745
v 5.588394 0.000000 -7.041039
v 5.588394 0.000000 -7.143950
v 5.639850 0.000000 -1.592354
v 5.615594 0.137883 -1.452354
v 5.639850 0.000000 -1.312354
v 5.499850 0.000000 -1.452354
v 5.630935 0.050678 -1.503810
v 5.612393 0.023048 -1.452354
v 5.630935 0.050678 -1.400898
v 5.588394 0.000000 -1.400898
v 5.588394 0.000000 -1.503810
v 5.499850 0.000000 3.092494
v 5.639850 0.000000 2.952495
v 5.615723 0.137151 3.078094
v 5.639850 0.000000 3.232494
v 5.588394 0.000000 3.041038
v 5.612414 0.022926 3.090087
v 5.630982 0.050409 3.035746
v 5.630982 0.050409 3.138658
v 5.588394 0.000000 3.143951
v -5.639850 0.000000 1.275259
v -5.615626 0.137699 1.128031
v -5.639850 0.000000 0.995259
v -5.499850 0.000000 1.135259
v -5.630947 0.050610 1.184059
v -5.612399 0.023017 1.134051
v -5.630947 0.050610 1.081146
v -5.588394 0.000000 1.083803
v -5.588394 0.000000 1.186715
v -5.639850 0.000000 -5.386457
v -5.615626 0.137699 -5.519228
v -5.639850 0.000000 -5.666457
v -5.499850 0.000000 -5.526457
v -5.630947 0.050610 -5.472344
v -5.612399 0.023017 -5.525249
v -5.630947 0.050610 -5.575257
v -5.588394 0.000000 -5.577914
v -5.588394 0.000000 -5.475001
v 2.413767 0.300000 5.391494
v 2.213767 0.300000 5.591494
v 2.431079 0.103177 5.622492
v 2.613767 0.300000 5.591494
v 2.340259 0.300000 5.517985
v 2.416661 0.267100 5.563244
v 2.346622 0.227659 5.602887
v 2.493639 0.227659 5.602887
v 2.487276 0.300000 5.517985
v -3.978294 0.300000 5.591494
v -3.795606 0.103177 5.622492
v -3.578294 0.300000 5.591494
v -3.778294 0.300000 5.391494
v -3.858166 0.227659 5.602887
v -3.781188 0.267100 5.563244
v -3.711148 0.227659 5.602887
v -3.704785 0.300000 5.517985
v -3.851803 0.300000 5.517985
v -0.820338 0.300000 -9.591494
v -0.620338 0.300000 -9.391494
v -0.420338 0.300000 -9.591494
v -0.620338 0.102435 -9.622609
v -0.693846 0.300000 -9.517983
v -0.620338 0.266976 -9.563264
v -0.546829 0.300000 -9.517983
v -0.546829 0.227386 -9.602931
v -0.693846 0.227386 -9.602931
v -0.480339 0.000000 5.638741
v -0.620339 0.138295 5.616961
v -0.760339 0.000000 5.638741
v -0.620339 0.000000 5.498742
v -0.568882 0.050830 5.630737
v -0.620339 0.023117 5.611699
v -0.671795 0.050830 5.630737
v -0.671795 0.000000 5.587286
v -0.568882 0.000000 5.587286
v 2.580155 0.000000 -9.638741
v 2.440155 0.000000 -9.498741
v 2.300155 0.000000 -9.638741
v 2.428037 0.137776 -9.617043
v 2.491611 0.000000 -9.587284
v 2.438130 0.023030 -9.611712
v 2.388699 0.000000 -9.587284
v 2.384245 0.050639 -9.630765
v 2.487157 0.050639 -9.630765
vt -0.018523 1.463722
vt -0.270519 1.493812
vt -0.242872 1.465680
vt -0.034562 0.952488
vt -0.037660 1.307555
vt -0.293579 1.305322
vt -0.290481 0.950255
vt -0.274988 0.511505
vt -0.239792 0.469611
vt -0.019069 0.511505
vt 0.840703 0.538792
vt 0.831953 0.521457
vt 0.833198 0.507088
vt 1.454476 0.510738
vt 1.462797 0.498568
vt 1.475810 0.491424
vt 0.956939 0.535843
vt 0.948627 0.518489
vt 0.950255 0.503989
vt -0.293579 0.507088
vt -0.037660 0.507088
vt -0.258269 0.548866
vt 0.843090 1.240003
vt 0.838151 0.674076
vt 1.285372 1.208251
vt 1.436765 0.491765
vt 1.448446 0.498693
vt 1.275184 0.040840
vt 1.249657 0.311818
vt 0.832659 0.044702
vt 0.650262 0.498629
vt 0.662682 0.505588
vt 0.669982 0.517686
vt -0.285916 -0.270543
vt -0.061811 -0.300390
vt -0.033677 -0.272744
vt -0.277831 0.655924
vt -0.280717 0.325173
vt -0.028478 0.322972
vt -0.025348 0.681612
vt -0.277344 0.711703
vt -0.249697 0.683570
vt 0.657801 0.501437
vt 0.669727 0.508599
vt 0.676177 0.520801
vt 0.851619 -0.795726
vt 0.858903 -0.808010
vt 0.871313 -0.815078
vt -0.019069 -0.822848
vt -0.022167 -0.467781
vt -0.278086 -0.470015
vt -0.274988 -0.825082
vt 0.801688 -0.307926
vt 0.819417 -0.297829
vt 0.829822 -0.280280
vt -0.260469 -0.251464
vt -0.272754 -0.258748
vt -0.279822 -0.271157
vt -0.280163 -0.232112
vt -0.272879 -0.244397
vt -0.268576 0.677494
vt -0.280861 0.670211
vt -0.287929 0.657801
vt -0.825082 0.488496
vt -0.470015 0.491594
vt -0.790905 0.530632
vt -0.271158 0.493330
vt -0.258491 0.500499
vt -0.250765 0.512712
vt -0.272649 1.249740
vt -0.020409 1.247538
vt -0.244140 0.500624
vt -0.232112 0.493671
vt 0.684078 0.508725
vt 0.696846 0.501778
vt -0.282836 0.082328
vt -0.255189 0.054195
vt 0.835021 0.315436
vt 0.411907 0.319129
vt 0.409545 0.048394
vt -0.030841 0.052237
vt 0.038222 0.523098
vt 0.044004 0.510950
vt 0.055541 0.503819
vt 0.415037 0.677769
vt 1.267385 0.321915
vt 1.277790 0.339464
vt 0.419976 1.243695
vt 0.677033 0.505463
vt 0.689308 0.498288
vt 0.844976 1.456186
vt 0.421862 1.459879
vt 0.871313 0.511505
vt 0.858335 0.504433
vt 0.850075 0.492265
vt 0.409503 0.956363
vt 0.425928 1.311601
vt 0.406575 1.291908
vt 0.843984 0.504433
vt 0.832266 0.511505
vt -0.288269 0.696846
vt 0.838679 0.687157
vt 0.836297 0.960088
vt 0.411885 0.683432
vt -0.032180 0.679557
vt 1.279404 1.319049
vt 0.833198 1.315155
vt 1.262979 0.963812
vt 0.841828 0.326321
vt 0.415034 0.322596
vt -0.029031 0.318721
vt 1.284884 0.691051
vt 1.268510 0.330045
vt 0.846785 -0.241802
vt 0.419992 -0.245526
vt -0.024073 -0.249402
vt 1.288204 0.310692
vt 0.848691 -0.460181
vt 0.421898 -0.463906
vt 1.292991 -0.237908
vt 1.275374 -0.456458
vt 0.424996 -0.818973
vt 1.287502 1.452324
vt 1.262691 1.805439
vt -0.023580 -0.290473
vt -0.006030 -0.300877
vt 0.424996 0.511505
vt 0.397051 0.469611
vt 1.257725 1.236384
vt 1.275454 1.246481
vt 1.285859 1.264030
vt 0.397051 1.812993
vt 0.452832 1.812506
vt 0.386881 1.311260
vt 0.832267 -0.815419
vt 0.016496 0.504160
vt 0.029653 0.511075
vt 0.406432 0.526347
vt 0.413590 0.514167
vt 0.425928 0.507088
vt 0.386881 0.507088
vt 0.399239 0.514167
vt 1.244214 -0.311788
vt 1.263594 -0.313616
vt 1.266874 -0.306647
vt 1.261943 -0.301691
vt 1.276840 0.521760
vt 1.273935 0.538814
vt 1.266873 0.542621
vt 1.263594 0.538903
vt 1.272348 -0.284142
vt 1.273935 -0.303454
vt 1.290338 1.777306
vt 1.292260 1.796413
vt 1.285256 1.799795
vt 1.280241 1.795034
vt 1.809192 0.503207
vt 1.806754 0.520398
vt 1.799795 0.524238
vt 1.796414 0.520488
vt 1.282099 1.806754
vt -0.287839 -0.289825
vt -0.280835 -0.293141
vt -0.275819 -0.288271
vt 1.302903 0.521760
vt 1.300165 0.538903
vt 1.293141 0.542621
vt 1.289825 0.538814
vt -0.258269 -0.298676
vt -0.277678 -0.300165
vt -0.239792 1.818551
vt -0.259173 1.820204
vt -0.262452 1.813302
vt -0.257521 1.808454
vt -0.272422 0.496793
vt -0.269514 0.479512
vt -0.262452 0.475762
vt -0.259173 0.479602
vt -0.267926 1.790905
vt -0.269514 1.810043
vt 1.275275 1.225980
vt 1.281762 1.236375
vt 1.287304 1.226316
vt 1.237299 0.507910
vt 1.246817 0.525179
vt 1.236375 0.530768
vt 1.226316 0.525357
vt 1.287483 1.246817
vt 1.267207 0.301413
vt 1.273689 0.311328
vt 1.277304 0.283685
vt 1.279226 0.300691
vt 0.309853 0.516005
vt 0.321193 0.533257
vt 0.311328 0.538841
vt 0.300691 0.533436
vt 1.279405 0.321193
vt -0.272739 0.064600
vt -0.279226 0.053886
vt -0.272918 0.044098
vt -0.284767 0.063563
vt 0.946114 0.541224
vt 0.936437 0.535664
vt -0.283323 0.026549
vt -0.284946 0.043061
vt -0.267247 0.693974
vt -0.273733 0.683739
vt -0.267426 0.673473
vt -0.279275 0.693991
vt 0.316384 0.512825
vt 0.326510 0.530288
vt 0.316261 0.535703
vt 0.306009 0.530109
vt -0.279454 0.673490
vt -0.272431 1.477156
vt -0.266900 1.466329
vt -0.260422 1.476084
vt -0.468595 0.506120
vt -0.456655 0.523506
vt -0.466329 0.528897
vt -0.477156 0.523327
vt -0.271005 1.438034
vt -0.260601 1.455583
vt -0.272610 1.456655
vt 1.456013 0.494794
vt 1.463525 0.491532
vt 1.449175 0.491657
vt 1.287784 -0.463525
vt 1.291068 -0.456013
vt 1.287659 -0.449175
vt 0.669847 0.501672
vt 0.677023 0.498396
vt 0.662672 0.498521
vt 1.280920 0.322977
vt 1.284205 0.330154
vt 1.280795 0.337328
vt 1.275389 0.956744
vt 1.278680 0.963585
vt 1.275264 0.971095
vt 0.036415 0.507183
vt 0.043256 0.503927
vt 0.028905 0.504052
vt 0.677160 0.504816
vt 0.684562 0.501670
vt 0.670211 0.501545
vt -0.280986 0.684562
vt -0.284269 0.677160
vt -0.251461 0.496712
vt -0.244397 0.493563
vt -0.258748 0.493438
vt -0.276165 -0.251461
vt 0.830016 -0.304274
vt 0.839919 -0.298008
vt 0.820201 -0.309764
vt 0.830016 0.544244
vt 0.820201 0.538792
vt 0.857469 -0.308413
vt 0.840703 -0.309943
vt -0.045073 -0.302213
vt -0.034290 -0.296731
vt -0.044082 -0.290294
vt -0.036374 0.521457
vt -0.024571 0.538792
vt -0.034290 0.544244
vt -0.045073 0.538792
vt -0.024571 -0.302392
vt 0.414601 1.802588
vt 0.424907 1.808773
vt 0.414704 1.814346
vt 0.424699 1.784860
vt 0.435103 1.802409
vt 0.435206 1.814167
vt 0.424978 0.497200
vt 0.414704 0.479751
vt 0.424907 0.474182
vt 0.435206 0.479751
vt 0.406437 0.510279
vt 0.413643 0.507025
vt 0.399291 0.507025
vt 0.413643 1.304318
vt 0.406437 1.307631
vt 0.399291 1.304193
vt 0.858903 0.511442
vt 0.851475 0.508260
vt 0.844552 -0.808136
vt 0.851475 -0.811510
vt 0.844552 0.511442
vt -0.015443 1.816593
vt -0.015443 0.469611
vt 1.279404 0.507088
vt 1.244214 0.548866
vt 0.857469 0.548866
vt 1.811355 0.488496
vt 1.777306 0.530632
vt 1.452324 0.533468
vt 1.305322 0.507088
vt 1.270543 0.548623
vt 0.973451 0.546030
vt -0.061811 0.548866
vt -0.277678 0.538903
vt -0.290974 0.521760
vt 1.280677 0.670214
vt 1.264030 0.535112
vt 1.237908 0.493500
vt 0.670214 0.540294
vt 0.339464 0.543181
vt 0.308949 0.501607
vt 0.674827 0.543424
vt 0.344076 0.540538
vt 0.316488 0.498458
vt 1.297996 -0.811355
vt 1.295067 -0.475810
vt 0.406465 -0.304477
vt -0.284950 0.316488
vt -0.493813 0.533225
vt -0.810043 0.520488
vt -0.822874 0.503207
vt -0.249740 0.535355
vt -0.438034 0.533712
vt 0.288297 0.540051
vt 0.917672 0.545543
vt 0.283685 0.543667
vt 0.040840 0.545787
vt 1.208251 0.535599
vt 0.848056 0.469611
vt 1.262691 0.469611
vt 1.282099 0.479602
vt 1.297996 0.511505
vt 1.295392 0.496793
vt 0.452832 0.469611
vt 1.282332 0.983505
vt 1.287863 0.349738
vt 1.294727 -0.436765
vt 0.848056 1.809057
vt 1.282673 0.944459
vt -0.284142 0.548623
vt -0.303454 0.538814
vt -0.319049 0.507088
vt -0.316585 0.521760
vt 0.801688 0.548866
vt 0.406465 0.548866
vt -0.006030 0.548866
vn 0.0000 1.0000 -0.0000
vn 0.0000 -1.0000 0.0000
vn 0.0000 0.1556 -0.9878
vn -0.0000 0.1556 0.9878
vn 0.9849 0.1733 0.0000
vn -0.9849 0.1732 0.0000
vn -0.9849 0.1733 0.0000
vn 0.0000 0.1555 -0.9878
vn 0.3410 0.7428 0.5762
vn 0.4692 0.6575 0.5895
vn 0.5095 0.6935 0.5094
vn 0.4644 0.7542 0.4642
vn 0.5886 0.5541 0.5886
vn 0.5887 0.6587 0.4685
vn 0.5744 0.7447 0.3399
vn 0.5743 0.7447 -0.3399
vn 0.5887 0.6587 -0.4685
vn 0.5095 0.6935 -0.5094
vn 0.4645 0.7542 -0.4641
vn 0.5886 0.5542 -0.5886
vn 0.4692 0.6575 -0.5895
vn 0.3410 0.7428 -0.5762
vn -0.5744 0.7447 0.3399
vn -0.5887 0.6587 0.4685
vn -0.5095 0.6935 0.5094
vn -0.4644 0.7542 0.4642
vn -0.5886 0.5542 0.5886
vn -0.4692 0.6575 0.5895
vn -0.3410 0.7428 0.5762
vn -0.3410 0.7428 -0.5762
vn -0.4692 0.6575 -0.5895
vn -0.5095 0.6933 -0.5096
vn -0.4643 0.7542 -0.4643
vn -0.5886 0.5541 -0.5886
vn -0.5887 0.6588 -0.4685
vn -0.5743 0.7447 -0.3399
vn 0.1874 0.9823 0.0000
vn 0.4085 0.9070 -0.1024
vn 0.6425 0.7663 -0.0002
vn 0.4125 0.9051 0.1034
vn 0.6230 0.7540 -0.2083
vn 0.8182 0.5657 -0.1026
vn 0.9348 0.3552 -0.0000
vn 0.8232 0.5583 0.1032
vn 0.6334 0.7443 0.2118
vn 0.4125 0.9051 -0.1034
vn 0.6425 0.7662 -0.0002
vn 0.4085 0.9070 0.1024
vn 0.6334 0.7443 -0.2118
vn 0.8232 0.5583 -0.1032
vn 0.8182 0.5657 0.1026
vn 0.6230 0.7540 0.2083
vn -0.1867 0.9824 0.0000
vn -0.4053 0.9085 0.1016
vn -0.6412 0.7673 -0.0000
vn -0.4133 0.9047 -0.1036
vn -0.6167 0.7597 0.2062
vn -0.8149 0.5705 0.1022
vn -0.9345 0.3559 0.0000
vn -0.8249 0.5557 -0.1034
vn -0.6374 0.7404 -0.2131
vn -0.1876 0.9822 0.0000
vn -0.4109 0.9058 0.1030
vn -0.6429 0.7659 -0.0000
vn -0.4109 0.9058 -0.1030
vn -0.6286 0.7488 0.2101
vn -0.8209 0.5617 0.1030
vn -0.9349 0.3550 0.0000
vn -0.8209 0.5617 -0.1030
vn -0.6286 0.7488 -0.2101
vn -0.6374 0.7404 0.2131
vn -0.8249 0.5557 0.1034
vn -0.6412 0.7674 -0.0000
vn -0.4133 0.9047 0.1036
vn -0.8149 0.5705 -0.1022
vn -0.6167 0.7597 -0.2062
vn -0.4053 0.9085 -0.1016
vn 0.7282 -0.6407 0.2434
vn 0.9378 -0.3265 0.1176
vn 0.7639 -0.6454 0.0000
vn 0.4645 -0.8779 0.1164
vn 0.9996 -0.0289 0.0000
vn 0.9452 -0.3042 -0.1185
vn 0.7522 -0.6091 -0.2515
vn 0.4747 -0.8721 -0.1190
vn 0.1996 -0.9799 0.0000
vn 0.7420 -0.6228 0.2481
vn 0.9423 -0.3131 0.1182
vn 0.7659 -0.6429 0.0000
vn 0.4717 -0.8738 0.1182
vn 0.9996 -0.0279 0.0000
vn 0.9423 -0.3131 -0.1182
vn 0.7420 -0.6228 -0.2481
vn 0.4717 -0.8738 -0.1182
vn 0.2006 -0.9797 0.0000
vn 0.4747 -0.8721 0.1189
vn 0.7639 -0.6453 0.0000
vn 0.4645 -0.8779 -0.1164
vn 0.7522 -0.6091 0.2515
vn 0.9452 -0.3042 0.1185
vn 0.9378 -0.3265 -0.1176
vn 0.7282 -0.6407 -0.2434
vn -0.7355 -0.6313 -0.2459
vn -0.9403 -0.3193 -0.1179
vn -0.7654 -0.6436 -0.0001
vn -0.4686 -0.8756 -0.1174
vn -0.9996 -0.0281 0.0000
vn -0.9440 -0.3081 0.1184
vn -0.7475 -0.6154 0.2499
vn -0.4737 -0.8726 0.1187
vn -0.2004 -0.9797 0.0000
vn -0.7476 -0.6154 -0.2499
vn -0.9440 -0.3081 -0.1184
vn -0.7654 -0.6436 0.0001
vn -0.4737 -0.8726 -0.1187
vn -0.9403 -0.3193 0.1179
vn -0.7355 -0.6313 0.2459
vn -0.4686 -0.8756 0.1174
vn 0.0000 0.9821 0.1881
vn 0.1028 0.9062 0.4101
vn -0.0000 0.7612 0.6486
vn -0.1045 0.9029 0.4170
vn 0.2090 0.7520 0.6251
vn 0.1033 0.5577 0.8236
vn 0.0000 0.3399 0.9405
vn -0.1043 0.5450 0.8319
vn -0.2149 0.7354 0.6427
vn 0.2149 0.7354 0.6427
vn 0.1043 0.5450 0.8319
vn -0.0000 0.7612 0.6485
vn 0.1045 0.9029 0.4170
vn -0.1033 0.5577 0.8236
vn -0.2090 0.7520 0.6251
vn -0.1028 0.9062 0.4101
vn 0.2123 0.7428 -0.6350
vn 0.1039 0.9040 -0.4147
vn -0.0000 0.7601 -0.6498
vn 0.1039 0.5503 -0.8285
vn 0.0000 0.9820 -0.1888
vn -0.1039 0.9040 -0.4147
vn -0.2123 0.7428 -0.6350
vn -0.1039 0.5503 -0.8285
vn -0.0000 0.3393 -0.9407
vn -0.2463 -0.6298 0.7367
vn -0.1176 -0.3274 0.9375
vn 0.0000 -0.6498 0.7601
vn -0.1176 -0.8752 0.4693
vn 0.0000 -0.0456 0.9990
vn 0.1176 -0.3274 0.9375
vn 0.2463 -0.6298 0.7367
vn 0.1176 -0.8752 0.4693
vn 0.0000 -0.9797 0.2005
vn -0.2425 -0.6442 -0.7254
vn -0.1162 -0.8784 -0.4636
vn 0.0000 -0.6514 -0.7587
vn -0.1171 -0.3382 -0.9338
vn 0.0000 -0.9798 -0.1998
vn 0.1183 -0.8736 -0.4721
vn 0.2492 -0.6182 -0.7455
vn 0.1179 -0.3197 -0.9401
vn 0.0000 -0.0464 -0.9989
vn 0.0001 0.1556 -0.9878
vn 0.9849 0.1732 -0.0000
vn -0.0001 0.1556 -0.9878
usemtl sandstone
s 1
f 3801/7820/543 3880/7821/543 3883/7822/543
f 3800/7823/544 3783/7824/544 3767/7825/544 3776/7826/544
f 3768/7827/545 3837/7828/545 3784/7829/545
f 3941/7830/546 3936/7831/546 3782/7832/546
f 3890/7833/547 3893/7834/547 3889/7835/547
f 3869/7836/548 3864/7837/549 3776/7838/549
f 3767/7839/546 3783/7840/546 3832/7841/546
f 3806/7842/543 3809/7843/543 3845/7844/543
f 3891/7845/547 3895/7846/547 3890/7833/547
f 3771/7847/543 3853/7848/543 3815/7849/543
f 3900/7850/547 3904/7851/547 3899/7852/547
f 3830/7853/543 3943/7854/543 3946/7855/543
f 3874/7856/543 3772/7857/543 3810/7858/543
f 3807/7859/543 3872/7860/543 3871/7861/543
f 3918/7862/549 3922/7863/549 3917/7864/549
f 3971/7865/544 3974/7866/544 3970/7867/544
f 3784/7868/544 3788/7869/544 3778/7870/544 3768/7871/544
f 3935/7872/543 3938/7873/543 3934/7874/543
f 3928/7875/544 3932/7876/544 3927/7877/544
f 3925/7878/544 3933/7879/544 3928/7875/544
f 3919/7880/544 3923/7881/544 3918/7882/544
f 3768/7883/549 3778/7884/549 3839/7885/549
f 3927/7886/549 3931/7887/548 3926/7888/549
f 3773/7889/543 3804/7890/543 3883/7822/543
f 3926/7888/549 3929/7891/548 3925/7892/549
f 3917/7864/549 3920/7893/548 3916/7894/549
f 3810/7858/543 3863/7895/543 3862/7896/543
f 3812/7897/543 3811/7898/543 3814/7899/543 3815/7849/543
f 3811/7898/543 3810/7858/543 3813/7900/543 3814/7899/543
f 3909/7901/547 3913/7902/547 3908/7903/547
f 3809/7843/543 3808/7904/543 3811/7898/543 3812/7897/543
f 3808/7904/543 3807/7859/543 3810/7858/543 3811/7898/543
f 3853/7848/543 3861/7905/543 3856/7906/543
f 3806/7842/543 3805/7907/543 3808/7904/543 3809/7843/543
f 3805/7907/543 3804/7890/543 3807/7859/543 3808/7904/543
f 3899/7852/547 3902/7908/547 3898/7909/547
f 3803/7910/543 3802/7911/543 3805/7907/543 3806/7842/543
f 3802/7911/543 3801/7820/543 3804/7890/543 3805/7907/543
f 3970/7912/545 3978/7913/550 3973/7914/545
f 3799/7915/544 3961/7916/544 3964/7917/544
f 3973/7914/545 3977/7918/550 3972/7919/545
f 3800/7823/544 3916/7920/544 3919/7880/544
f 3795/7921/544 3798/7922/544 3799/7915/544 3796/7923/544
f 3796/7923/544 3799/7915/544 3800/7823/544 3797/7924/544
f 3765/7925/544 3782/7926/544 3907/7927/544
f 3792/7928/544 3795/7921/544 3796/7923/544 3793/7929/544
f 3793/7929/544 3796/7923/544 3797/7924/544 3794/7930/544
f 3775/7931/544 3795/7921/544 3901/7932/544
f 3789/7933/544 3792/7928/544 3793/7929/544 3790/7934/544
f 3790/7934/544 3793/7929/544 3794/7930/544 3791/7935/544
f 3792/7928/544 3789/7933/544 3898/7936/544
f 3786/7937/544 3789/7933/544 3790/7934/544 3787/7938/544
f 3787/7938/544 3790/7934/544 3791/7935/544 3788/7869/544
f 3774/7939/544 3789/7933/544 3892/7940/544
f 3785/7941/544 3787/7938/544 3788/7869/544 3784/7868/544
f 3769/7942/543 3825/7943/543 3803/7910/543
f 3946/7855/543 3950/7944/543 3945/7945/543
f 3785/7946/545 3784/7829/545 3952/7947/545
f 3844/7948/543 3852/7949/543 3847/7950/543
f 3802/7911/543 3952/7951/543 3801/7820/543
f 3802/7911/543 3803/7910/543 3954/7952/543
f 3907/7927/544 3798/7922/544 3795/7921/544
f 3963/7953/544 3783/7824/544 3800/7823/544
f 3786/7937/544 3787/7938/544 3972/7954/544
f 3910/7955/547 3914/7956/547 3909/7901/547
f 3962/7957/546 3965/7958/546 3961/7959/546
f 3963/7960/546 3967/7961/546 3962/7957/546
f 3816/7962/551 3819/7963/552 3820/7964/553 3822/7965/554
f 3817/7966/555 3821/7967/556 3820/7968/553 3819/7969/552
f 3818/7970/557 3822/7965/554 3820/7964/553 3821/7971/556
f 3823/7972/558 3826/7973/559 3827/7974/560 3829/7975/561
f 3824/7976/562 3828/7977/563 3827/7978/560 3826/7979/559
f 3825/7943/564 3829/7975/561 3827/7974/560 3828/7980/563
f 3830/7853/565 3833/7981/566 3834/7982/567 3836/7983/568
f 3831/7984/569 3835/7985/570 3834/7986/567 3833/7987/566
f 3832/7988/571 3836/7983/568 3834/7982/567 3835/7989/570
f 3837/7990/572 3840/7991/573 3841/7992/574 3843/7993/575
f 3838/7994/576 3842/7995/577 3841/7996/574 3840/7997/573
f 3839/7998/578 3843/7993/575 3841/7992/574 3842/7999/577
f 3844/7948/579 3848/8000/580 3849/8001/581 3852/7949/582
f 3845/7844/583 3850/8002/584 3849/8001/581 3848/8000/580
f 3846/8003/585 3851/8004/586 3849/8005/581 3850/8006/584
f 3847/7950/587 3852/7949/582 3849/8001/581 3851/8007/586
f 3853/7848/579 3857/8008/588 3858/8009/589 3861/7905/590
f 3854/8010/591 3859/8011/592 3858/8009/589 3857/8008/588
f 3855/8012/585 3860/8013/593 3858/8014/589 3859/8015/592
f 3856/7906/594 3861/7905/590 3858/8009/589 3860/8016/593
f 3862/7896/595 3866/8017/596 3867/8018/597 3870/8019/598
f 3863/7895/599 3868/8020/600 3867/8018/597 3866/8017/596
f 3864/7837/601 3869/7836/602 3867/8021/597 3868/8022/600
f 3865/8023/603 3870/8019/598 3867/8018/597 3869/8024/602
f 3871/7861/604 3875/8025/605 3876/8026/606 3879/8027/607
f 3872/7860/608 3877/8028/609 3876/8026/606 3875/8025/605
f 3873/8029/610 3878/8030/611 3876/8031/606 3877/8032/609
f 3874/7856/612 3879/8027/607 3876/8026/606 3878/8033/611
f 3880/7821/613 3884/8034/614 3885/8035/615 3888/8036/616
f 3881/8037/601 3886/8038/617 3885/8039/615 3884/8040/614
f 3882/8041/618 3887/8042/619 3885/8035/615 3886/8043/617
f 3883/7822/595 3888/8036/616 3885/8035/615 3887/8042/619
f 3889/7835/620 3893/7834/621 3894/8044/622 3897/8045/623
f 3890/7833/624 3895/7846/625 3894/8044/622 3893/7834/621
f 3891/7845/626 3896/8046/627 3894/8044/622 3895/7846/625
f 3892/7940/628 3897/8047/623 3894/8048/622 3896/8049/627
f 3898/7909/629 3902/7908/630 3903/8050/631 3906/8051/632
f 3899/7852/633 3904/7851/634 3903/8050/631 3902/7908/630
f 3900/7850/635 3905/8052/636 3903/8050/631 3904/7851/634
f 3901/7932/637 3906/8053/632 3903/8054/631 3905/8055/636
f 3907/7927/628 3911/8056/638 3912/8057/639 3915/8058/640
f 3908/7903/641 3913/7902/642 3912/8059/639 3911/8060/638
f 3909/7901/624 3914/7956/643 3912/8059/639 3913/7902/642
f 3910/7955/644 3915/8061/640 3912/8059/639 3914/7956/643
f 3916/7894/645 3920/7893/646 3921/8062/647 3924/8063/648
f 3917/7864/649 3922/7863/650 3921/8062/647 3920/7893/646
f 3918/7862/651 3923/8064/652 3921/8062/647 3922/7863/650
f 3919/7880/653 3924/8065/648 3921/8066/647 3923/7881/652
f 3925/7892/654 3929/7891/655 3930/8067/656 3933/8068/657
f 3926/7888/649 3931/7887/658 3930/8067/656 3929/7891/655
f 3927/7886/659 3932/8069/660 3930/8067/656 3931/7887/658
f 3928/7875/653 3933/7879/657 3930/8070/656 3932/7876/660
f 3934/7874/661 3938/7873/662 3939/8071/663 3942/8072/664
f 3935/7872/665 3940/8073/666 3939/8071/663 3938/7873/662
f 3936/7831/667 3941/7830/668 3939/8074/663 3940/8075/666
f 3937/8076/669 3942/8072/664 3939/8071/663 3941/8077/668
f 3943/7854/670 3947/8078/671 3948/8079/672 3951/8080/673
f 3944/8081/667 3949/8082/674 3948/8083/672 3947/8084/671
f 3945/7945/675 3950/7944/676 3948/8079/672 3949/8085/674
f 3946/7855/661 3951/8080/673 3948/8079/672 3950/7944/676
f 3952/7951/677 3956/8086/678 3957/8087/679 3960/8088/680
f 3953/8089/681 3958/8090/682 3957/8087/679 3956/8086/678
f 3954/7952/683 3959/8091/684 3957/8087/679 3958/8090/682
f 3955/8092/685 3960/8093/680 3957/8094/679 3959/8095/684
f 3961/7959/686 3965/7958/687 3966/8096/688 3969/8097/689
f 3962/7957/690 3967/7961/691 3966/8096/688 3965/7958/687
f 3963/7960/692 3968/8098/693 3966/8096/688 3967/7961/691
f 3964/7917/694 3969/8099/689 3966/8100/688 3968/8101/693
f 3970/7912/695 3974/8102/696 3975/8103/697 3978/7913/698
f 3971/7865/699 3976/8104/700 3975/8105/697 3974/7866/696
f 3972/7919/701 3977/7918/702 3975/8103/697 3976/8106/700
f 3973/7914/703 3978/7913/698 3975/8103/697 3977/7918/702
f 3816/7962/543 3822/7965/543 3818/7970/543
f 3801/7820/543 3780/8107/543 3839/7998/543
f 3780/8107/543 3837/7990/543 3839/7998/543
f 3837/7990/543 3843/7993/543 3839/7998/543
f 3839/7998/543 3880/7821/543 3801/7820/543
f 3880/7821/543 3888/8036/543 3883/7822/543
f 3768/7827/545 3838/7994/704 3840/7997/545
f 3840/7997/545 3837/7828/545 3768/7827/545
f 3837/7828/545 3780/8108/545 3784/7829/545
f 3765/8109/546 3817/7966/546 3819/7969/546
f 3819/7969/546 3816/8110/546 3765/8109/546
f 3816/8110/546 3937/8111/546 3782/7832/546
f 3765/8109/546 3816/8110/546 3782/7832/546
f 3937/8111/546 3941/7830/546 3782/7832/546
f 3766/8112/547 3824/7976/547 3826/7979/547
f 3826/7979/547 3823/8113/547 3766/8112/547
f 3823/8113/547 3769/8114/547 3889/7835/547
f 3766/8112/547 3823/8113/547 3889/7835/547
f 3769/8114/547 3890/7833/547 3889/7835/547
f 3767/8115/549 3831/7984/549 3833/7987/549
f 3833/7987/549 3830/8116/549 3767/8115/549
f 3830/8116/549 3865/8117/549 3776/7838/549
f 3767/8115/549 3830/8116/549 3776/7838/549
f 3865/8117/549 3869/7836/548 3776/7838/549
f 3783/7840/546 3944/8081/546 3947/8084/546
f 3947/8084/546 3943/8118/546 3783/7840/546
f 3943/8118/546 3832/7841/546 3783/7840/546
f 3832/7841/546 3835/8119/546 3767/7839/546
f 3835/8119/546 3831/8120/546 3767/7839/546
f 3770/8121/543 3845/7844/543 3809/7843/543
f 3845/7844/543 3848/8000/543 3844/7948/543
f 3806/7842/543 3845/7844/543 3844/7948/543
f 3890/7833/547 3769/8114/547 3891/7845/547
f 3769/8114/547 3847/8122/547 3891/7845/547
f 3847/8122/547 3851/8004/705 3774/8123/547
f 3851/8004/705 3846/8003/547 3774/8123/547
f 3774/8123/547 3891/7845/547 3847/8122/547
f 3771/7847/543 3854/8010/543 3853/7848/543
f 3854/8010/543 3857/8008/543 3853/7848/543
f 3853/7848/543 3812/7897/543 3815/7849/543
f 3899/7852/547 3770/8124/547 3900/7850/547
f 3770/8124/547 3856/8125/547 3900/7850/547
f 3856/8125/547 3860/8013/705 3775/8126/547
f 3860/8013/705 3855/8012/547 3775/8126/547
f 3775/8126/547 3900/7850/547 3856/8125/547
f 3946/7855/543 3813/7900/543 3865/8023/543
f 3813/7900/543 3862/7896/543 3865/8023/543
f 3862/7896/543 3870/8019/543 3865/8023/543
f 3865/8023/543 3830/7853/543 3946/7855/543
f 3830/7853/543 3836/7983/543 3832/7988/543
f 3943/7854/543 3830/7853/543 3832/7988/543
f 3943/7854/543 3951/8080/543 3946/7855/543
f 3810/7858/543 3807/7859/543 3874/7856/543
f 3807/7859/543 3871/7861/543 3874/7856/543
f 3871/7861/543 3879/8027/543 3874/7856/543
f 3807/7859/543 3804/7890/543 3872/7860/543
f 3804/7890/543 3773/7889/543 3872/7860/543
f 3872/7860/543 3875/8025/543 3871/7861/543
f 3917/7864/549 3772/8127/549 3918/7862/549
f 3772/8127/549 3874/8128/549 3918/7862/549
f 3874/8128/549 3878/8030/549 3777/8129/549
f 3878/8030/549 3873/8029/549 3777/8129/549
f 3777/8129/549 3918/7862/549 3874/8128/549
f 3970/7867/544 3766/8130/544 3892/7940/544
f 3766/8130/544 3889/8131/544 3892/7940/544
f 3889/8131/544 3897/8047/544 3892/7940/544
f 3892/7940/544 3786/7937/544 3970/7867/544
f 3786/7937/544 3971/7865/544 3970/7867/544
f 3934/7874/543 3815/7849/543 3935/7872/543
f 3815/7849/543 3814/7899/543 3935/7872/543
f 3814/7899/543 3779/8132/543 3935/7872/543
f 3778/7870/544 3788/7869/544 3928/7875/544
f 3788/7869/544 3791/7935/544 3928/7875/544
f 3778/7870/544 3928/7875/544 3927/7877/544
f 3928/7875/544 3791/7935/544 3925/7878/544
f 3791/7935/544 3794/7930/544 3925/7878/544
f 3794/7930/544 3777/8133/544 3925/7878/544
f 3777/8133/544 3794/7930/544 3918/7882/544
f 3794/7930/544 3797/7924/544 3918/7882/544
f 3797/7924/544 3919/7880/544 3918/7882/544
f 3778/7884/549 3881/8037/548 3884/8040/549
f 3884/8040/549 3880/8134/549 3778/7884/549
f 3880/8134/549 3839/7885/549 3778/7884/549
f 3839/7885/549 3842/8135/548 3768/7883/549
f 3842/8135/548 3838/8136/549 3768/7883/549
f 3926/7888/549 3773/8137/549 3927/7886/549
f 3773/8137/549 3882/8138/549 3927/7886/549
f 3882/8138/549 3886/8038/548 3778/7884/549
f 3886/8038/548 3881/8037/548 3778/7884/549
f 3778/7884/549 3927/7886/549 3882/8138/549
f 3804/7890/543 3801/7820/543 3883/7822/543
f 3883/7822/543 3887/8042/543 3882/8041/543
f 3882/8041/543 3773/7889/543 3883/7822/543
f 3777/8129/549 3873/8029/549 3877/8032/549
f 3877/8032/549 3872/8139/549 3777/8129/549
f 3872/8139/549 3773/8137/549 3925/7892/549
f 3777/8129/549 3872/8139/549 3925/7892/549
f 3773/8137/549 3926/7888/549 3925/7892/549
f 3776/7838/549 3864/7837/549 3868/8022/549
f 3868/8022/549 3863/8140/549 3776/7838/549
f 3863/8140/549 3772/8127/549 3916/7894/549
f 3776/7838/549 3863/8140/549 3916/7894/549
f 3772/8127/549 3917/7864/549 3916/7894/549
f 3813/7900/543 3810/7858/543 3862/7896/543
f 3810/7858/543 3772/7857/543 3863/7895/543
f 3862/7896/543 3863/7895/543 3866/8017/543
f 3775/8126/547 3855/8012/547 3859/8015/547
f 3859/8015/547 3854/8141/547 3775/8126/547
f 3854/8141/547 3771/8142/547 3908/7903/547
f 3775/8126/547 3854/8141/547 3908/7903/547
f 3771/8142/547 3909/7901/547 3908/7903/547
f 3856/7906/543 3770/8121/543 3853/7848/543
f 3770/8121/543 3809/7843/543 3853/7848/543
f 3809/7843/543 3812/7897/543 3853/7848/543
f 3774/8123/547 3846/8003/547 3850/8006/705
f 3850/8006/705 3845/8143/547 3774/8123/547
f 3845/8143/547 3770/8124/547 3898/7909/547
f 3774/8123/547 3845/8143/547 3898/7909/547
f 3770/8124/547 3899/7852/547 3898/7909/547
f 3973/7914/545 3781/8144/545 3970/7912/545
f 3781/8144/545 3825/8145/545 3970/7912/545
f 3825/8145/545 3828/8146/545 3766/8147/545
f 3828/8146/545 3824/8148/706 3766/8147/545
f 3766/8147/545 3970/7912/545 3825/8145/545
f 3799/7915/544 3798/7922/544 3961/7916/544
f 3798/7922/544 3782/7926/544 3961/7916/544
f 3961/7916/544 3969/8099/544 3964/7917/544
f 3785/7946/545 3955/8092/545 3959/8095/545
f 3959/8095/545 3954/8149/545 3785/7946/545
f 3954/8149/545 3781/8144/545 3972/7919/545
f 3785/7946/545 3954/8149/545 3972/7919/545
f 3781/8144/545 3973/7914/545 3972/7919/545
f 3919/7880/544 3797/7924/544 3800/7823/544
f 3800/7823/544 3776/7826/544 3916/7920/544
f 3916/7920/544 3924/8065/544 3919/7880/544
f 3798/7922/544 3907/7927/544 3782/7926/544
f 3907/7927/544 3915/8058/544 3910/8150/544
f 3765/7925/544 3907/7927/544 3910/8150/544
f 3792/7928/544 3901/7932/544 3795/7921/544
f 3901/7932/544 3905/8055/544 3900/8151/544
f 3775/7931/544 3901/7932/544 3900/8151/544
f 3789/7933/544 3774/7939/544 3898/7936/544
f 3898/7936/544 3906/8053/544 3901/7932/544
f 3901/7932/544 3792/7928/544 3898/7936/544
f 3786/7937/544 3892/7940/544 3789/7933/544
f 3892/7940/544 3896/8049/544 3891/8152/544
f 3774/7939/544 3892/7940/544 3891/8152/544
f 3769/7942/543 3823/7972/543 3825/7943/543
f 3823/7972/543 3829/7975/543 3825/7943/543
f 3825/7943/543 3781/8153/543 3803/7910/543
f 3779/8132/543 3814/7899/543 3945/7945/543
f 3814/7899/543 3813/7900/543 3945/7945/543
f 3813/7900/543 3946/7855/543 3945/7945/543
f 3784/7829/545 3780/8108/545 3952/7947/545
f 3952/7947/545 3960/8093/545 3785/7946/545
f 3960/8093/545 3955/8092/545 3785/7946/545
f 3847/7950/543 3769/7942/543 3844/7948/543
f 3769/7942/543 3803/7910/543 3844/7948/543
f 3803/7910/543 3806/7842/543 3844/7948/543
f 3802/7911/543 3953/8089/543 3952/7951/543
f 3953/8089/543 3956/8086/543 3952/7951/543
f 3952/7951/543 3780/8107/543 3801/7820/543
f 3803/7910/543 3781/8153/543 3954/7952/543
f 3954/7952/543 3958/8090/543 3953/8089/543
f 3953/8089/543 3802/7911/543 3954/7952/543
f 3795/7921/544 3775/7931/544 3907/7927/544
f 3775/7931/544 3908/8154/544 3907/7927/544
f 3908/8154/544 3911/8056/544 3907/7927/544
f 3800/7823/544 3799/7915/544 3963/7953/544
f 3799/7915/544 3964/7917/544 3963/7953/544
f 3964/7917/544 3968/8101/544 3963/7953/544
f 3785/7941/544 3972/7954/544 3787/7938/544
f 3972/7954/544 3976/8104/544 3971/7865/544
f 3786/7937/544 3972/7954/544 3971/7865/544
f 3909/7901/547 3771/8142/547 3910/7955/547
f 3771/8142/547 3818/8155/547 3910/7955/547
f 3818/8155/547 3821/8156/547 3765/8157/547
f 3821/8156/547 3817/8158/547 3765/8157/547
f 3765/8157/547 3910/7955/547 3818/8155/547
f 3782/7832/546 3936/7831/546 3940/8075/546
f 3940/8075/546 3935/8159/546 3782/7832/546
f 3935/8159/546 3779/8160/546 3961/7959/546
f 3782/7832/546 3935/8159/546 3961/7959/546
f 3779/8160/546 3962/7957/546 3961/7959/546
f 3962/7957/546 3779/8160/546 3963/7960/546
f 3779/8160/546 3945/8161/546 3963/7960/546
f 3945/8161/546 3949/8082/546 3783/7840/546
f 3949/8082/546 3944/8081/546 3783/7840/546
f 3783/7840/546 3963/7960/546 3945/8161/546
f 3818/7970/543 3771/7847/543 3816/7962/543
f 3771/7847/543 3815/7849/543 3816/7962/543
f 3815/7849/543 3934/7874/543 3937/8076/543
f 3934/7874/543 3942/8072/543 3937/8076/543
f 3937/8076/543 3816/7962/543 3815/7849/543
o Cube.189_Cube.255
v 0.728773 4.553174 -8.466187
v 0.722906 5.068731 -8.402271
v 0.429130 5.068731 -8.402271
v 0.423263 4.553174 -8.466187
v 0.695641 4.596972 -8.488702
v 0.690657 5.034914 -8.434408
v 0.461379 5.034914 -8.434408
v 0.456395 4.596972 -8.488703
v 0.719860 4.573206 -8.491649
v 0.714335 5.058680 -8.431462
v 0.437701 5.058680 -8.431462
v 0.432177 4.573206 -8.491649
v 0.668872 4.619295 -8.453628
v 0.664486 5.004703 -8.405848
v 0.487550 5.004703 -8.405848
v 0.483164 4.619294 -8.453629
v 0.695641 4.593027 -8.456884
v 0.690657 5.030970 -8.402591
v 0.461379 5.030970 -8.402591
v 0.456395 4.593027 -8.456885
v 0.642575 4.650637 -8.471532
v 0.638843 4.978681 -8.430861
v 0.513194 4.978681 -8.430863
v 0.509460 4.650637 -8.471533
v 0.666241 4.627415 -8.474410
v 0.661979 5.001903 -8.427983
v 0.490057 5.001903 -8.427984
v 0.485795 4.627415 -8.474411
v 0.642575 4.647527 -8.446446
v 0.638843 4.975571 -8.405777
v 0.513194 4.975571 -8.405779
v 0.509460 4.647527 -8.446447
v 0.648824 4.702538 -8.459832
v 0.648383 4.728669 -8.456591
v 0.503654 4.728669 -8.456593
v 0.503212 4.702539 -8.459832
v 0.647589 4.800951 -8.447632
v 0.647147 4.827081 -8.444391
v 0.504889 4.827082 -8.444392
v 0.504447 4.800951 -8.447633
v 0.648824 4.695565 -8.440492
v 0.648383 4.730708 -8.436133
v 0.646354 4.892392 -8.416089
v 0.645912 4.927534 -8.411733
v 0.506124 4.927534 -8.411733
v 0.505682 4.892391 -8.416091
v 0.504889 4.829121 -8.423935
v 0.504447 4.793979 -8.428290
v 0.647589 4.793978 -8.428290
v 0.647147 4.829120 -8.423934
v 0.503654 4.730707 -8.436135
v 0.503212 4.695565 -8.440493
v 0.505682 4.899364 -8.435431
v 0.506124 4.925495 -8.432191
v 0.645912 4.925495 -8.432191
v 0.646354 4.899364 -8.435431
v 0.399574 4.481916 -8.471501
v 0.392085 5.139989 -8.389917
v 0.017099 5.139989 -8.389917
v 0.009610 4.481916 -8.471502
v 0.357282 4.537820 -8.500240
v 0.350921 5.096825 -8.430939
v 0.058263 5.096825 -8.430939
v 0.051901 4.537820 -8.500241
v 0.388197 4.507485 -8.504002
v 0.381145 5.127160 -8.427178
v 0.028040 5.127160 -8.427178
v 0.020988 4.507485 -8.504002
v 0.323114 4.566314 -8.455471
v 0.317515 5.058262 -8.394483
v 0.091668 5.058262 -8.394483
v 0.086070 4.566313 -8.455472
v 0.357282 4.532785 -8.459628
v 0.350921 5.091790 -8.390326
v 0.058263 5.091790 -8.390326
v 0.051901 4.532784 -8.459629
v 0.289548 4.606320 -8.478324
v 0.284783 5.025046 -8.426412
v 0.124401 5.025046 -8.426414
v 0.119636 4.606320 -8.478326
v 0.319755 4.576679 -8.481998
v 0.314315 5.054688 -8.422737
v 0.094868 5.054688 -8.422739
v 0.089428 4.576679 -8.481999
v 0.289548 4.602351 -8.446304
v 0.284783 5.021077 -8.394393
v 0.124401 5.021077 -8.394395
v 0.119636 4.602351 -8.446305
v 0.297524 4.672569 -8.463390
v 0.296961 4.705923 -8.459252
v 0.112224 4.705923 -8.459255
v 0.111660 4.672570 -8.463390
v 0.295947 4.798187 -8.447818
v 0.295384 4.831540 -8.443681
v 0.113800 4.831540 -8.443683
v 0.113236 4.798187 -8.447819
v 0.297524 4.663668 -8.438704
v 0.296961 4.708525 -8.433141
v 0.294371 4.914904 -8.407556
v 0.293807 4.959761 -8.401995
v 0.115376 4.959761 -8.401995
v 0.114813 4.914904 -8.407557
v 0.113800 4.834143 -8.417570
v 0.113236 4.789287 -8.423129
v 0.295947 4.789286 -8.423129
v 0.295384 4.834142 -8.417569
v 0.112224 4.708525 -8.433143
v 0.111660 4.663668 -8.438704
v 0.114813 4.923804 -8.432243
v 0.115376 4.957158 -8.428108
v 0.293807 4.957158 -8.428108
v 0.294371 4.923804 -8.432243
v -0.728773 4.553174 -8.466187
v -0.722906 5.068731 -8.402271
v -0.429130 5.068731 -8.402271
v -0.423263 4.553174 -8.466187
v -0.695641 4.596972 -8.488702
v -0.690657 5.034914 -8.434408
v -0.461379 5.034914 -8.434408
v -0.456395 4.596972 -8.488703
v -0.719860 4.573206 -8.491649
v -0.714335 5.058680 -8.431462
v -0.437701 5.058680 -8.431462
v -0.432177 4.573206 -8.491649
v -0.668872 4.619295 -8.453628
v -0.664486 5.004703 -8.405848
v -0.487550 5.004703 -8.405848
v -0.483164 4.619294 -8.453629
v -0.695641 4.593027 -8.456884
v -0.690657 5.030970 -8.402591
v -0.461379 5.030970 -8.402591
v -0.456395 4.593027 -8.456885
v -0.642575 4.650637 -8.471532
v -0.638843 4.978681 -8.430861
v -0.513194 4.978681 -8.430863
v -0.509460 4.650637 -8.471533
v -0.666241 4.627415 -8.474410
v -0.661979 5.001903 -8.427983
v -0.490057 5.001903 -8.427984
v -0.485795 4.627415 -8.474411
v -0.642575 4.647527 -8.446446
v -0.638843 4.975571 -8.405777
v -0.513194 4.975571 -8.405779
v -0.509460 4.647527 -8.446447
v -0.648824 4.702538 -8.459832
v -0.648383 4.728669 -8.456591
v -0.503654 4.728669 -8.456593
v -0.503212 4.702539 -8.459832
v -0.647589 4.800951 -8.447632
v -0.647147 4.827081 -8.444391
v -0.504889 4.827082 -8.444392
v -0.504447 4.800951 -8.447633
v -0.648824 4.695565 -8.440492
v -0.648383 4.730708 -8.436133
v -0.646354 4.892392 -8.416089
v -0.645912 4.927534 -8.411733
v -0.506124 4.927534 -8.411733
v -0.505682 4.892391 -8.416091
v -0.504889 4.829121 -8.423935
v -0.504447 4.793979 -8.428290
v -0.647589 4.793978 -8.428290
v -0.647147 4.829120 -8.423934
v -0.503654 4.730707 -8.436135
v -0.503212 4.695565 -8.440493
v -0.505682 4.899364 -8.435431
v -0.506124 4.925495 -8.432191
v -0.645912 4.925495 -8.432191
v -0.646354 4.899364 -8.435431
v -0.399574 4.481916 -8.471501
v -0.392085 5.139989 -8.389917
v -0.017099 5.139989 -8.389917
v -0.009610 4.481916 -8.471502
v -0.357282 4.537820 -8.500240
v -0.350921 5.096825 -8.430939
v -0.058263 5.096825 -8.430939
v -0.051901 4.537820 -8.500241
v -0.388197 4.507485 -8.504002
v -0.381145 5.127160 -8.427178
v -0.028040 5.127160 -8.427178
v -0.020988 4.507485 -8.504002
v -0.323114 4.566314 -8.455471
v -0.317515 5.058262 -8.394483
v -0.091668 5.058262 -8.394483
v -0.086070 4.566313 -8.455472
v -0.357282 4.532785 -8.459628
v -0.350921 5.091790 -8.390326
v -0.058263 5.091790 -8.390326
v -0.051901 4.532784 -8.459629
v -0.289548 4.606320 -8.478324
v -0.284783 5.025046 -8.426412
v -0.124401 5.025046 -8.426414
v -0.119636 4.606320 -8.478326
v -0.319755 4.576679 -8.481998
v -0.314315 5.054688 -8.422737
v -0.094868 5.054688 -8.422739
v -0.089428 4.576679 -8.481999
v -0.289548 4.602351 -8.446304
v -0.284783 5.021077 -8.394393
v -0.124401 5.021077 -8.394395
v -0.119636 4.602351 -8.446305
v -0.297524 4.672569 -8.463390
v -0.296961 4.705923 -8.459252
v -0.112224 4.705923 -8.459255
v -0.111660 4.672570 -8.463390
v -0.295947 4.798187 -8.447818
v -0.295384 4.831540 -8.443681
v -0.113800 4.831540 -8.443683
v -0.113236 4.798187 -8.447819
v -0.297524 4.663668 -8.438704
v -0.296961 4.708525 -8.433141
v -0.294371 4.914904 -8.407556
v -0.293807 4.959761 -8.401995
v -0.115376 4.959761 -8.401995
v -0.114813 4.914904 -8.407557
v -0.113800 4.834143 -8.417570
v -0.113236 4.789287 -8.423129
v -0.295947 4.789286 -8.423129
v -0.295384 4.834142 -8.417569
v -0.112224 4.708525 -8.433143
v -0.111660 4.663668 -8.438704
v -0.114813 4.923804 -8.432243
v -0.115376 4.957158 -8.428108
v -0.293807 4.957158 -8.428108
v -0.294371 4.923804 -8.432243
vt 0.611755 -0.659363
vt 0.569150 -0.659735
vt 0.570425 -0.663299
vt 0.610543 -0.662948
vt 1.651084 1.196848
vt 1.659363 1.124875
vt 1.662948 1.127637
vt 1.655153 1.195411
vt 0.574432 -0.655843
vt 0.606406 -0.655564
vt 0.606367 -0.651122
vt 0.574394 -0.651401
vt 0.607162 1.662596
vt 0.573799 1.662887
vt 0.573760 1.658446
vt 0.607123 1.658154
vt 0.569896 1.651442
vt 0.610864 1.651084
vt 0.609704 1.655153
vt 0.571127 1.655490
vt -0.659735 1.124875
vt -0.651442 1.196848
vt -0.655490 1.195411
vt -0.663298 1.127637
vt 0.607162 -0.130955
vt 0.606406 -0.192093
vt 0.609704 -0.195411
vt 0.610543 -0.127637
vt 0.574432 -0.192093
vt 0.573799 -0.130955
vt 0.570425 -0.127637
vt 0.571127 -0.195411
vt 0.578047 1.651792
vt 0.602721 1.651576
vt 0.602398 1.654663
vt 0.578423 1.654872
vt 0.603387 -0.657765
vt 0.577489 -0.657991
vt 0.577882 -0.660896
vt 0.603045 -0.660676
vt 1.662887 1.130955
vt 1.655843 1.192093
vt 1.651401 1.191582
vt 1.658446 1.130443
vt -0.655564 1.192093
vt -0.662596 1.130955
vt -0.658154 1.130443
vt -0.651122 1.191582
vt 0.581653 -0.655217
vt 0.599175 -0.655064
vt 0.599145 -0.651562
vt 0.581623 -0.651715
vt 0.599742 1.660331
vt 0.581178 1.660494
vt 0.581148 1.656992
vt 0.599711 1.656830
vt -0.657991 1.134110
vt -0.651792 1.187915
vt -0.654872 1.187497
vt -0.660896 1.135218
vt 1.651576 1.187915
vt 1.657765 1.134110
vt 1.660676 1.135218
vt 1.654663 1.187497
vt 0.599742 -0.138459
vt 0.599175 -0.184255
vt 0.602398 -0.187497
vt 0.603045 -0.135217
vt 0.581653 -0.184255
vt 0.581178 -0.138459
vt 0.577882 -0.135217
vt 0.578423 -0.187497
vt 1.660494 1.138459
vt 1.655217 1.184255
vt 1.651715 1.183852
vt 1.656992 1.138056
vt -0.655064 1.184255
vt -0.660331 1.138459
vt -0.656830 1.138056
vt -0.651562 1.183852
vt 0.580510 -0.163098
vt 0.600348 -0.163098
vt 0.600413 -0.159450
vt 0.580452 -0.159450
vt 0.600204 -0.652890
vt 0.580587 -0.653061
vt 0.580610 -0.655767
vt 0.600227 -0.655596
vt 0.600576 -0.656050
vt 0.580270 -0.656228
vt 0.580293 -0.658933
vt 0.600599 -0.658756
vt 0.580351 -0.149359
vt 0.600534 -0.149359
vt 0.600599 -0.145711
vt 0.580293 -0.145711
vt 0.580668 -0.176837
vt 0.600162 -0.176837
vt 0.600227 -0.173189
vt 0.580610 -0.173189
vt 0.580485 1.654079
vt 0.600323 1.653906
vt 0.600348 1.656756
vt 0.580510 1.656929
vt 0.600390 -0.654470
vt 0.580428 -0.654644
vt 0.580452 -0.657350
vt 0.600413 -0.657176
vt 0.580326 1.655662
vt 0.600509 1.655486
vt 0.600534 1.658336
vt 0.580351 1.658512
vt 0.580643 1.652496
vt 0.600137 1.652326
vt 0.600162 1.655176
vt 0.580668 1.655346
vt 0.565853 -0.660418
vt 0.511471 -0.660892
vt 0.513098 -0.665442
vt 0.564306 -0.664995
vt 1.649851 1.206800
vt 1.660418 1.114931
vt 1.664995 1.118457
vt 1.655045 1.204966
vt 0.518213 -0.655925
vt 0.559025 -0.655569
vt 0.558976 -0.649899
vt 0.518164 -0.650256
vt 0.559991 1.664545
vt 0.517404 1.664917
vt 0.517355 1.659247
vt 0.559941 1.658875
vt 0.512423 1.650307
vt 0.564716 1.649851
vt 0.563236 1.655045
vt 0.513994 1.655474
vt -0.660892 1.114931
vt -0.650307 1.206800
vt -0.655474 1.204966
vt -0.665442 1.118457
vt 0.559991 -0.122692
vt 0.559025 -0.200731
vt 0.563236 -0.204966
vt 0.564306 -0.118457
vt 0.518213 -0.200731
vt 0.517404 -0.122692
vt 0.513098 -0.118457
vt 0.513994 -0.204966
vt 0.522827 1.650754
vt 0.554322 1.650479
vt 0.553910 1.654418
vt 0.523307 1.654686
vt 0.555171 -0.658378
vt 0.522115 -0.658667
vt 0.522616 -0.662374
vt 0.554736 -0.662094
vt 1.664917 1.122692
vt 1.655925 1.200731
vt 1.650255 1.200078
vt 1.659247 1.122039
vt -0.655569 1.200731
vt -0.664545 1.122692
vt -0.658875 1.122039
vt -0.649899 1.200078
vt 0.527430 -0.655126
vt 0.549796 -0.654931
vt 0.549757 -0.650461
vt 0.527391 -0.650656
vt 0.550519 1.661654
vt 0.526824 1.661861
vt 0.526785 1.657391
vt 0.550480 1.657184
vt -0.658667 1.126720
vt -0.650754 1.195398
vt -0.654686 1.194865
vt -0.662374 1.128133
vt 1.650479 1.195398
vt 1.658378 1.126720
vt 1.662094 1.128133
vt 1.654418 1.194865
vt 0.550519 -0.132271
vt 0.549796 -0.190727
vt 0.553910 -0.194865
vt 0.554736 -0.128133
vt 0.527430 -0.190727
vt 0.526824 -0.132271
vt 0.522616 -0.128133
vt 0.523307 -0.194865
vt 1.661861 1.132271
vt 1.655126 1.190727
vt 1.650656 1.190212
vt 1.657391 1.131757
vt -0.654931 1.190727
vt -0.661654 1.132271
vt -0.657184 1.131757
vt -0.650461 1.190212
vt 0.525971 -0.163721
vt 0.551293 -0.163721
vt 0.551376 -0.159064
vt 0.525897 -0.159064
vt 0.551109 -0.652156
vt 0.526069 -0.652374
vt 0.526099 -0.655828
vt 0.551139 -0.655609
vt 0.551584 -0.656190
vt 0.525664 -0.656416
vt 0.525694 -0.659869
vt 0.551614 -0.659643
vt 0.525768 -0.146184
vt 0.551531 -0.146184
vt 0.551614 -0.141528
vt 0.525694 -0.141528
vt 0.526173 -0.181257
vt 0.551055 -0.181257
vt 0.551139 -0.176601
vt 0.526099 -0.176601
vt 0.525939 1.653673
vt 0.551261 1.653452
vt 0.551293 1.657090
vt 0.525971 1.657312
vt 0.551346 -0.654173
vt 0.525867 -0.654395
vt 0.525897 -0.657849
vt 0.551376 -0.657626
vt 0.525737 1.655694
vt 0.551499 1.655469
vt 0.551531 1.659107
vt 0.525768 1.659332
vt 0.526141 1.651652
vt 0.551024 1.651435
vt 0.551055 1.655074
vt 0.526173 1.655291
vt 0.408496 -0.661136
vt 0.409770 -0.664701
vt 0.449888 -0.664351
vt 0.451100 -0.660765
vt -0.652844 1.196848
vt -0.656892 1.195411
vt -0.664701 1.127637
vt -0.661136 1.124875
vt 0.445751 -0.656966
vt 0.445713 -0.652524
vt 0.413739 -0.652803
vt 0.413778 -0.657245
vt 0.413144 1.664289
vt 0.413106 1.659847
vt 0.446469 1.659556
vt 0.446508 1.663998
vt 0.450210 1.652486
vt 0.449050 1.656555
vt 0.410473 1.656892
vt 0.409242 1.652844
vt 1.660765 1.124875
vt 1.664350 1.127637
vt 1.656555 1.195411
vt 1.652486 1.196848
vt 0.413144 -0.130955
vt 0.409770 -0.127637
vt 0.410473 -0.195411
vt 0.413778 -0.192093
vt 0.445751 -0.192093
vt 0.449050 -0.195411
vt 0.449888 -0.127637
vt 0.446508 -0.130955
vt 0.442067 1.652978
vt 0.441744 1.656065
vt 0.417769 1.656274
vt 0.417392 1.653194
vt 0.416835 -0.659393
vt 0.417227 -0.662297
vt 0.442391 -0.662078
vt 0.442732 -0.659167
vt -0.663998 1.130955
vt -0.659556 1.130443
vt -0.652524 1.191582
vt -0.656966 1.192093
vt 1.657245 1.192093
vt 1.652803 1.191582
vt 1.659847 1.130443
vt 1.664289 1.130955
vt 0.438521 -0.656466
vt 0.438490 -0.652964
vt 0.420968 -0.653117
vt 0.420999 -0.656619
vt 0.420524 1.661896
vt 0.420494 1.658394
vt 0.439057 1.658232
vt 0.439087 1.661734
vt 1.659167 1.134110
vt 1.662078 1.135218
vt 1.656065 1.187497
vt 1.652978 1.187915
vt -0.653194 1.187915
vt -0.656274 1.187497
vt -0.662297 1.135218
vt -0.659393 1.134110
vt 0.420524 -0.138459
vt 0.417227 -0.135217
vt 0.417769 -0.187497
vt 0.420999 -0.184255
vt 0.438521 -0.184255
vt 0.441744 -0.187497
vt 0.442391 -0.135217
vt 0.439087 -0.138459
vt -0.661734 1.138459
vt -0.658232 1.138056
vt -0.652964 1.183852
vt -0.656466 1.184255
vt 1.656619 1.184255
vt 1.653117 1.183852
vt 1.658394 1.138056
vt 1.661896 1.138459
vt 0.439694 -0.163098
vt 0.439759 -0.159450
vt 0.419797 -0.159450
vt 0.419855 -0.163098
vt 0.419932 -0.654463
vt 0.419956 -0.657169
vt 0.439573 -0.656997
vt 0.439549 -0.654292
vt 0.419615 -0.657629
vt 0.419639 -0.660335
vt 0.439945 -0.660158
vt 0.439921 -0.657452
vt 0.439880 -0.149359
vt 0.439945 -0.145711
vt 0.419639 -0.145711
vt 0.419697 -0.149359
vt 0.439508 -0.176837
vt 0.439573 -0.173189
vt 0.419956 -0.173189
vt 0.420014 -0.176837
vt 0.439669 1.655308
vt 0.439694 1.658158
vt 0.419855 1.658331
vt 0.419831 1.655481
vt 0.419774 -0.656046
vt 0.419797 -0.658752
vt 0.439759 -0.658578
vt 0.439735 -0.655872
vt 0.439855 1.656888
vt 0.439880 1.659738
vt 0.419697 1.659914
vt 0.419672 1.657064
vt 0.439483 1.653728
vt 0.439508 1.656578
vt 0.420014 1.656748
vt 0.419989 1.653898
vt 0.454409 -0.661390
vt 0.456036 -0.665940
vt 0.507244 -0.665493
vt 0.508791 -0.660916
vt -0.650805 1.206800
vt -0.655972 1.204966
vt -0.665940 1.118457
vt -0.661390 1.114931
vt 0.501963 -0.656067
vt 0.501914 -0.650397
vt 0.461102 -0.650753
vt 0.461151 -0.656423
vt 0.460343 1.665414
vt 0.460293 1.659745
vt 0.502879 1.659374
vt 0.502929 1.665043
vt 0.507654 1.650349
vt 0.506174 1.655542
vt 0.456932 1.655972
vt 0.455362 1.650805
vt 1.660916 1.114931
vt 1.665493 1.118457
vt 1.655542 1.204966
vt 1.650349 1.206800
vt 0.460343 -0.122692
vt 0.456036 -0.118457
vt 0.456932 -0.204966
vt 0.461151 -0.200731
vt 0.501963 -0.200731
vt 0.506174 -0.204966
vt 0.507244 -0.118457
vt 0.502929 -0.122692
vt 0.497260 1.650977
vt 0.496848 1.654917
vt 0.466246 1.655183
vt 0.465765 1.651252
vt 0.465053 -0.659165
vt 0.465554 -0.662872
vt 0.497674 -0.662592
vt 0.498110 -0.658876
vt -0.665043 1.122692
vt -0.659374 1.122039
vt -0.650397 1.200078
vt -0.656067 1.200731
vt 1.656423 1.200731
vt 1.650753 1.200078
vt 1.659745 1.122039
vt 1.665414 1.122692
vt 0.492734 -0.655429
vt 0.492695 -0.650959
vt 0.470329 -0.651154
vt 0.470368 -0.655624
vt 0.469762 1.662359
vt 0.469723 1.657889
vt 0.493418 1.657683
vt 0.493457 1.662153
vt 1.658876 1.126720
vt 1.662592 1.128133
vt 1.654917 1.194865
vt 1.650977 1.195398
vt -0.651252 1.195398
vt -0.655184 1.194865
vt -0.662872 1.128133
vt -0.659165 1.126720
vt 0.469762 -0.132271
vt 0.465554 -0.128133
vt 0.466246 -0.194865
vt 0.470368 -0.190727
vt 0.492734 -0.190727
vt 0.496848 -0.194865
vt 0.497674 -0.128133
vt 0.493457 -0.132271
vt -0.662153 1.132271
vt -0.657683 1.131757
vt -0.650959 1.190212
vt -0.655429 1.190727
vt 1.655624 1.190727
vt 1.651154 1.190212
vt 1.657889 1.131757
vt 1.662359 1.132271
vt 0.494231 -0.163721
vt 0.494314 -0.159064
vt 0.468835 -0.159064
vt 0.468909 -0.163721
vt 0.469007 -0.652872
vt 0.469037 -0.656326
vt 0.494077 -0.656107
vt 0.494047 -0.652654
vt 0.468603 -0.656914
vt 0.468633 -0.660367
vt 0.494552 -0.660141
vt 0.494522 -0.656688
vt 0.494469 -0.146184
vt 0.494552 -0.141528
vt 0.468633 -0.141528
vt 0.468707 -0.146184
vt 0.493994 -0.181257
vt 0.494077 -0.176601
vt 0.469037 -0.176601
vt 0.469111 -0.181257
vt 0.494199 1.653950
vt 0.494231 1.657589
vt 0.468909 1.657809
vt 0.468877 1.654171
vt 0.468805 -0.654893
vt 0.468835 -0.658346
vt 0.494314 -0.658124
vt 0.494284 -0.654670
vt 0.494437 1.655967
vt 0.494469 1.659605
vt 0.468707 1.659830
vt 0.468675 1.656192
vt 0.493962 1.651933
vt 0.493994 1.655572
vt 0.469111 1.655789
vt 0.469079 1.652150
vn 0.0000 -0.7859 -0.6183
vn 0.0028 -0.2263 -0.9740
vn 0.0000 -0.2263 -0.9741
vn 0.9539 0.0476 -0.2964
vn 0.0000 -0.9924 -0.1231
vn -0.0000 0.9924 0.1230
vn 0.0000 0.9455 -0.3256
vn -0.9539 0.0476 -0.2965
vn 0.0000 0.1230 -0.9924
vn 0.0000 0.9921 -0.1255
vn 0.0000 -0.9314 -0.3640
vn 0.9999 -0.0112 -0.0014
vn -0.9999 -0.0112 -0.0014
vn 0.0000 -0.9924 -0.1230
vn -0.9930 0.0256 -0.1157
vn 0.9930 0.0256 -0.1157
vn 0.0000 0.1231 -0.9924
vn 0.0000 -0.9407 -0.3392
vn 0.0000 0.9951 -0.0992
vn -0.0000 -0.9407 -0.3391
vn 0.9539 0.0476 -0.2965
vn -0.9538 0.0476 -0.2965
vn 0.0000 0.9951 -0.0991
vn -0.9539 0.0476 -0.2964
vn 0.9538 0.0476 -0.2965
usemtl sandstone_white
s 1
f 3979/8162/707 3982/8163/707 3990/8164/708 3987/8165/709
f 3980/8166/710 3979/8167/710 3987/8168/710 3988/8169/710
f 3985/8170/711 3984/8171/711 3996/8172/711 3997/8173/711
f 3983/8174/712 3986/8175/712 3998/8176/712 3995/8177/712
f 3981/8178/713 3980/8179/713 3988/8180/713 3989/8181/713
f 3982/8182/714 3981/8183/714 3989/8184/714 3990/8185/714
f 3983/8186/715 3984/8187/715 3988/8188/715 3987/8189/709
f 3985/8190/715 3986/8191/715 3990/8192/708 3989/8193/715
f 3984/8187/715 3985/8190/715 3989/8193/715 3988/8188/715
f 3986/8191/715 3983/8186/715 3987/8189/709 3990/8192/708
f 3993/8194/716 3992/8195/716 4004/8196/716 4005/8197/716
f 3991/8198/717 3994/8199/717 4006/8200/717 4003/8201/717
f 3986/8202/718 3985/8203/718 3997/8204/718 3998/8205/718
f 3984/8206/719 3983/8207/719 3995/8208/719 3996/8209/719
f 4001/8210/720 4000/8211/720 4008/8212/720 4009/8213/720
f 3999/8214/712 4002/8215/712 4010/8216/712 4007/8217/712
f 3994/8218/721 3993/8219/721 4005/8220/721 4006/8221/721
f 3992/8222/722 3991/8223/722 4003/8224/722 4004/8225/722
f 3999/8226/715 4000/8227/715 4004/8228/715 4003/8229/715
f 4001/8230/715 4002/8231/715 4006/8232/715 4005/8233/715
f 4000/8227/715 4001/8230/715 4005/8233/715 4004/8228/715
f 4002/8231/715 3999/8226/715 4003/8229/715 4006/8232/715
f 4002/8234/718 4001/8235/718 4009/8236/718 4010/8237/718
f 4000/8238/719 3999/8239/719 4007/8240/719 4008/8241/719
f 4017/8242/723 4016/8243/723 4015/8244/723 4018/8245/723
f 4021/8246/724 4024/8247/724 4031/8248/724 4034/8249/724
f 4019/8250/724 4030/8251/724 4014/8252/724 4011/8253/724
f 4013/8254/723 4012/8255/723 4011/8256/723 4014/8257/723
f 4032/8258/715 4033/8259/715 4034/8260/715 4031/8261/715
f 4025/8262/725 4028/8263/725 4016/8264/725 4017/8265/725
f 4027/8266/726 4026/8267/726 4018/8268/726 4015/8269/726
f 4029/8270/725 4020/8271/725 4012/8272/725 4013/8273/725
f 4023/8274/725 4022/8275/725 4033/8276/725 4032/8277/725
f 4035/8278/707 4038/8279/707 4046/8280/708 4043/8281/709
f 4036/8282/727 4035/8283/727 4043/8284/727 4044/8285/727
f 4041/8286/720 4040/8287/720 4052/8288/720 4053/8289/720
f 4039/8290/712 4042/8291/712 4054/8292/712 4051/8293/712
f 4037/8294/713 4036/8295/713 4044/8296/713 4045/8297/713
f 4038/8298/728 4037/8299/728 4045/8300/728 4046/8301/728
f 4039/8302/715 4040/8303/715 4044/8304/715 4043/8305/709
f 4041/8306/715 4042/8307/715 4046/8308/708 4045/8309/715
f 4040/8303/715 4041/8306/715 4045/8309/715 4044/8304/715
f 4042/8307/715 4039/8302/715 4043/8305/709 4046/8308/708
f 4049/8310/716 4048/8311/716 4060/8312/716 4061/8313/716
f 4047/8314/717 4050/8315/717 4062/8316/717 4059/8317/717
f 4042/8318/718 4041/8319/718 4053/8320/718 4054/8321/718
f 4040/8322/719 4039/8323/719 4051/8324/719 4052/8325/719
f 4057/8326/720 4056/8327/720 4064/8328/720 4065/8329/720
f 4055/8330/712 4058/8331/712 4066/8332/712 4063/8333/712
f 4050/8334/721 4049/8335/721 4061/8336/721 4062/8337/721
f 4048/8338/722 4047/8339/722 4059/8340/722 4060/8341/722
f 4055/8342/715 4056/8343/715 4060/8344/715 4059/8345/715
f 4057/8346/715 4058/8347/715 4062/8348/715 4061/8349/715
f 4056/8343/715 4057/8346/715 4061/8349/715 4060/8344/715
f 4058/8347/715 4055/8342/715 4059/8345/715 4062/8348/715
f 4058/8350/718 4057/8351/718 4065/8352/718 4066/8353/718
f 4056/8354/719 4055/8355/719 4063/8356/719 4064/8357/719
f 4073/8358/723 4072/8359/723 4071/8360/723 4074/8361/723
f 4077/8362/724 4080/8363/724 4087/8364/724 4090/8365/724
f 4075/8366/724 4086/8367/724 4070/8368/724 4067/8369/724
f 4069/8370/723 4068/8371/723 4067/8372/723 4070/8373/723
f 4088/8374/715 4089/8375/715 4090/8376/715 4087/8377/715
f 4081/8378/725 4084/8379/725 4072/8380/725 4073/8381/725
f 4083/8382/726 4082/8383/726 4074/8384/726 4071/8385/726
f 4085/8386/729 4076/8387/729 4068/8388/729 4069/8389/729
f 4079/8390/725 4078/8391/725 4089/8392/725 4088/8393/725
f 4091/8394/707 4099/8395/708 4102/8396/709 4094/8397/707
f 4092/8398/730 4100/8399/730 4099/8400/730 4091/8401/730
f 4097/8402/711 4109/8403/711 4108/8404/711 4096/8405/711
f 4095/8406/712 4107/8407/712 4110/8408/712 4098/8409/712
f 4093/8410/713 4101/8411/713 4100/8412/713 4092/8413/713
f 4094/8414/727 4102/8415/727 4101/8416/727 4093/8417/727
f 4095/8418/715 4099/8419/708 4100/8420/715 4096/8421/715
f 4097/8422/715 4101/8423/715 4102/8424/709 4098/8425/715
f 4096/8421/715 4100/8420/715 4101/8423/715 4097/8422/715
f 4098/8425/715 4102/8424/709 4099/8419/708 4095/8418/715
f 4105/8426/716 4117/8427/716 4116/8428/716 4104/8429/716
f 4103/8430/717 4115/8431/717 4118/8432/717 4106/8433/717
f 4098/8434/719 4110/8435/719 4109/8436/719 4097/8437/719
f 4096/8438/718 4108/8439/718 4107/8440/718 4095/8441/718
f 4113/8442/720 4121/8443/720 4120/8444/720 4112/8445/720
f 4111/8446/712 4119/8447/712 4122/8448/712 4114/8449/712
f 4106/8450/722 4118/8451/722 4117/8452/722 4105/8453/722
f 4104/8454/721 4116/8455/721 4115/8456/721 4103/8457/721
f 4111/8458/715 4115/8459/715 4116/8460/715 4112/8461/715
f 4113/8462/715 4117/8463/715 4118/8464/715 4114/8465/715
f 4112/8461/715 4116/8460/715 4117/8463/715 4113/8462/715
f 4114/8465/715 4118/8464/715 4115/8459/715 4111/8458/715
f 4114/8466/719 4122/8467/719 4121/8468/719 4113/8469/719
f 4112/8470/718 4120/8471/718 4119/8472/718 4111/8473/718
f 4129/8474/723 4130/8475/723 4127/8476/723 4128/8477/723
f 4133/8478/724 4146/8479/724 4143/8480/724 4136/8481/724
f 4131/8482/724 4123/8483/724 4126/8484/724 4142/8485/724
f 4125/8486/723 4126/8487/723 4123/8488/723 4124/8489/723
f 4144/8490/715 4143/8491/715 4146/8492/715 4145/8493/715
f 4137/8494/725 4129/8495/725 4128/8496/725 4140/8497/725
f 4139/8498/726 4127/8499/726 4130/8500/726 4138/8501/726
f 4141/8502/725 4125/8503/725 4124/8504/725 4132/8505/725
f 4135/8506/725 4144/8507/725 4145/8508/725 4134/8509/725
f 4147/8510/707 4155/8511/708 4158/8512/709 4150/8513/707
f 4148/8514/714 4156/8515/714 4155/8516/714 4147/8517/714
f 4153/8518/720 4165/8519/720 4164/8520/720 4152/8521/720
f 4151/8522/712 4163/8523/712 4166/8524/712 4154/8525/712
f 4149/8526/713 4157/8527/713 4156/8528/713 4148/8529/713
f 4150/8530/731 4158/8531/731 4157/8532/731 4149/8533/731
f 4151/8534/715 4155/8535/708 4156/8536/715 4152/8537/715
f 4153/8538/715 4157/8539/715 4158/8540/709 4154/8541/715
f 4152/8537/715 4156/8536/715 4157/8539/715 4153/8538/715
f 4154/8541/715 4158/8540/709 4155/8535/708 4151/8534/715
f 4161/8542/716 4173/8543/716 4172/8544/716 4160/8545/716
f 4159/8546/717 4171/8547/717 4174/8548/717 4162/8549/717
f 4154/8550/719 4166/8551/719 4165/8552/719 4153/8553/719
f 4152/8554/718 4164/8555/718 4163/8556/718 4151/8557/718
f 4169/8558/720 4177/8559/720 4176/8560/720 4168/8561/720
f 4167/8562/712 4175/8563/712 4178/8564/712 4170/8565/712
f 4162/8566/722 4174/8567/722 4173/8568/722 4161/8569/722
f 4160/8570/721 4172/8571/721 4171/8572/721 4159/8573/721
f 4167/8574/715 4171/8575/715 4172/8576/715 4168/8577/715
f 4169/8578/715 4173/8579/715 4174/8580/715 4170/8581/715
f 4168/8577/715 4172/8576/715 4173/8579/715 4169/8578/715
f 4170/8581/715 4174/8580/715 4171/8575/715 4167/8574/715
f 4170/8582/719 4178/8583/719 4177/8584/719 4169/8585/719
f 4168/8586/718 4176/8587/718 4175/8588/718 4167/8589/718
f 4185/8590/723 4186/8591/723 4183/8592/723 4184/8593/723
f 4189/8594/724 4202/8595/724 4199/8596/724 4192/8597/724
f 4187/8598/724 4179/8599/724 4182/8600/724 4198/8601/724
f 4181/8602/723 4182/8603/723 4179/8604/723 4180/8605/723
f 4200/8606/715 4199/8607/715 4202/8608/715 4201/8609/715
f 4193/8610/725 4185/8611/725 4184/8612/725 4196/8613/725
f 4195/8614/726 4183/8615/726 4186/8616/726 4194/8617/726
f 4197/8618/729 4181/8619/729 4180/8620/729 4188/8621/729
f 4191/8622/725 4200/8623/725 4201/8624/725 4190/8625/725
o Cube.190_Cube.256
v 4.317639 5.103032 -4.524155
v 4.319595 5.078623 -4.461969
v 4.316386 5.076316 -4.585399
v 4.316570 5.014002 -4.609833
v 4.318089 4.952579 -4.583003
v 4.320052 4.928122 -4.520524
v 4.321308 4.955050 -4.459082
v 4.321114 5.017449 -4.434961
v 4.914749 5.100770 -4.536728
v 4.914272 5.075151 -4.595459
v 4.914353 5.015397 -4.618890
v 4.914947 4.956496 -4.593163
v 4.915704 4.933043 -4.533248
v 4.916182 4.958865 -4.474328
v 4.915504 5.077363 -4.477096
v 4.916097 5.018702 -4.451198
v 4.915847 5.050557 -4.458428
v 4.320477 5.050669 -4.442500
v 4.916214 4.986517 -4.456880
v 4.321404 4.983886 -4.440886
v 4.914454 5.093723 -4.568593
v 4.316864 5.095683 -4.557384
v 4.915334 4.938899 -4.565513
v 4.319088 4.934228 -4.554168
v 4.916001 4.940180 -4.501234
v 4.320830 4.935565 -4.487138
v 4.914239 5.047582 -4.613023
v 4.316286 5.047566 -4.603715
v 4.914603 4.983434 -4.611801
v 4.317206 4.980670 -4.602440
v 4.915119 5.094896 -4.504640
v 4.318599 5.096907 -4.490692
v 4.325563 5.102366 -5.305537
v 4.324389 5.079554 -5.247398
v 4.327512 5.077398 -5.362769
v 4.329095 5.019157 -5.385575
v 4.329381 4.961750 -5.360464
v 4.328200 4.938891 -5.302049
v 4.326244 4.964058 -5.244632
v 4.324667 5.022378 -5.222120
v 4.940344 5.100253 -5.304921
v 4.941115 5.076309 -5.359803
v 4.941743 5.020460 -5.381673
v 4.941856 4.965410 -5.357592
v 4.941389 4.943491 -5.301576
v 4.940613 4.967624 -5.246517
v 4.939878 5.078376 -5.249169
v 4.939989 5.023549 -5.224930
v 4.939857 5.053322 -5.231705
v 4.324337 5.053427 -5.229185
v 4.940254 4.993468 -5.230224
v 4.325339 4.991009 -5.227640
v 4.940718 5.093667 -5.334702
v 4.326509 5.095498 -5.336593
v 4.941684 4.948964 -5.331738
v 4.328947 4.944598 -5.333502
v 4.941011 4.950161 -5.271657
v 4.327249 4.945848 -5.270847
v 4.941475 5.050542 -5.376207
v 4.328419 5.050527 -5.379875
v 4.941876 4.990587 -5.375029
v 4.329430 4.988004 -5.378647
v 4.940050 5.094763 -5.274924
v 4.324822 5.096642 -5.274255
v 4.325687 5.102366 -6.093706
v 4.327992 5.079554 -6.035586
v 4.324210 5.077398 -6.150946
v 4.324427 5.019157 -6.173783
v 4.326215 4.961750 -6.148708
v 4.328529 4.938891 -6.090312
v 4.330009 4.964058 -6.032886
v 4.329782 5.022378 -6.010344
v 4.940259 5.100253 -6.105458
v 4.939697 5.076309 -6.160349
v 4.939793 5.020460 -6.182249
v 4.940490 4.965410 -6.158202
v 4.941384 4.943491 -6.102205
v 4.941946 4.967624 -6.047137
v 4.941147 5.078376 -6.049725
v 4.941846 5.023549 -6.025519
v 4.941552 5.053322 -6.032276
v 4.329030 5.053427 -6.017389
v 4.941984 4.993468 -6.030829
v 4.330122 4.991009 -6.015881
v 4.939909 5.093667 -6.135240
v 4.324774 5.095498 -6.124763
v 4.940947 4.948964 -6.132360
v 4.327394 4.944598 -6.121758
v 4.941734 4.950161 -6.072283
v 4.329446 4.945848 -6.059109
v 4.939658 5.050542 -6.176765
v 4.324093 5.050527 -6.168066
v 4.940086 4.990587 -6.175623
v 4.325176 4.988004 -6.166874
v 4.940693 5.094763 -6.075466
v 4.326818 5.096642 -6.062430
v 4.322269 5.118193 -6.815808
v 4.320007 5.093860 -6.753603
v 4.322536 5.091432 -6.877044
v 4.320649 5.029131 -6.901445
v 4.317709 4.967771 -6.874578
v 4.315440 4.943390 -6.812077
v 4.315177 4.970364 -6.750645
v 4.317074 5.032750 -6.726557
v 4.916544 5.101485 -6.815149
v 4.916659 5.075821 -6.873871
v 4.915934 5.016078 -6.897270
v 4.914791 4.957238 -6.871506
v 4.913901 4.933859 -6.811571
v 4.913786 4.959726 -6.752663
v 4.915657 5.078153 -6.755499
v 4.914515 5.019551 -6.729564
v 4.915075 5.051381 -6.736814
v 4.318515 5.065942 -6.734116
v 4.914064 4.987380 -6.735228
v 4.315904 4.999201 -6.732464
v 4.916713 5.094410 -6.847013
v 4.322689 5.110815 -6.849037
v 4.914274 4.939679 -6.843843
v 4.316389 4.949460 -6.845730
v 4.913731 4.941025 -6.779559
v 4.315020 4.950862 -6.778693
v 4.916383 5.048250 -6.891422
v 4.321815 5.062680 -6.895348
v 4.915374 4.984141 -6.890162
v 4.319206 4.995826 -6.894033
v 4.916171 5.095647 -6.783055
v 4.321322 5.112105 -6.782339
v 4.325563 5.102366 -7.544337
v 4.324389 5.079553 -7.486197
v 4.327512 5.077397 -7.601569
v 4.329095 5.019157 -7.624375
v 4.329381 4.961749 -7.599264
v 4.328200 4.938891 -7.540850
v 4.326244 4.964058 -7.483431
v 4.324667 5.022378 -7.460919
v 4.940344 5.100252 -7.543721
v 4.941115 5.076308 -7.598603
v 4.941743 5.020460 -7.620473
v 4.941856 4.965410 -7.596392
v 4.941389 4.943490 -7.540377
v 4.940613 4.967624 -7.485317
v 4.939878 5.078375 -7.487969
v 4.939989 5.023549 -7.463730
v 4.939857 5.053321 -7.470504
v 4.324337 5.053426 -7.467984
v 4.940254 4.993468 -7.469024
v 4.325339 4.991009 -7.466440
v 4.940718 5.093666 -7.573501
v 4.326509 5.095498 -7.575393
v 4.941684 4.948963 -7.570538
v 4.328947 4.944598 -7.572302
v 4.941011 4.950161 -7.510456
v 4.327249 4.945847 -7.509647
v 4.941475 5.050541 -7.615007
v 4.328419 5.050526 -7.618675
v 4.941876 4.990587 -7.613829
v 4.329430 4.988004 -7.617446
v 4.940050 5.094763 -7.513723
v 4.324822 5.096642 -7.513055
v 4.915226 5.016882 -4.535041
v 4.940867 5.021849 -5.303300
v 4.940821 5.021849 -6.103881
v 4.915222 5.017648 -6.813414
v 4.940867 5.021849 -7.542099
v -4.317639 5.103032 -4.524155
v -4.319595 5.078623 -4.461969
v -4.316386 5.076316 -4.585399
v -4.316570 5.014002 -4.609833
v -4.318089 4.952579 -4.583003
v -4.320052 4.928122 -4.520524
v -4.321308 4.955050 -4.459082
v -4.321114 5.017449 -4.434961
v -4.914749 5.100770 -4.536728
v -4.914272 5.075151 -4.595459
v -4.914353 5.015397 -4.618890
v -4.914947 4.956496 -4.593163
v -4.915704 4.933043 -4.533248
v -4.916182 4.958865 -4.474328
v -4.915504 5.077363 -4.477096
v -4.916097 5.018702 -4.451198
v -4.915847 5.050557 -4.458428
v -4.320477 5.050669 -4.442500
v -4.916214 4.986517 -4.456880
v -4.321404 4.983886 -4.440886
v -4.914454 5.093723 -4.568593
v -4.316864 5.095683 -4.557384
v -4.915334 4.938899 -4.565513
v -4.319088 4.934228 -4.554168
v -4.916001 4.940180 -4.501234
v -4.320830 4.935565 -4.487138
v -4.914239 5.047582 -4.613023
v -4.316286 5.047566 -4.603715
v -4.914603 4.983434 -4.611801
v -4.317206 4.980670 -4.602440
v -4.915119 5.094896 -4.504640
v -4.318599 5.096907 -4.490692
v -4.325563 5.102366 -5.305537
v -4.324389 5.079554 -5.247398
v -4.327512 5.077398 -5.362769
v -4.329095 5.019157 -5.385575
v -4.329381 4.961750 -5.360464
v -4.328200 4.938891 -5.302049
v -4.326244 4.964058 -5.244632
v -4.324667 5.022378 -5.222120
v -4.940344 5.100253 -5.304921
v -4.941115 5.076309 -5.359803
v -4.941743 5.020460 -5.381673
v -4.941856 4.965410 -5.357592
v -4.941389 4.943491 -5.301576
v -4.940613 4.967624 -5.246517
v -4.939878 5.078376 -5.249169
v -4.939989 5.023549 -5.224930
v -4.939857 5.053322 -5.231705
v -4.324337 5.053427 -5.229185
v -4.940254 4.993468 -5.230224
v -4.325339 4.991009 -5.227640
v -4.940718 5.093667 -5.334702
v -4.326509 5.095498 -5.336593
v -4.941684 4.948964 -5.331738
v -4.328947 4.944598 -5.333502
v -4.941011 4.950161 -5.271657
v -4.327249 4.945848 -5.270847
v -4.941475 5.050542 -5.376207
v -4.328419 5.050527 -5.379875
v -4.941876 4.990587 -5.375029
v -4.329430 4.988004 -5.378647
v -4.940050 5.094763 -5.274924
v -4.324822 5.096642 -5.274255
v -4.325687 5.102366 -6.093706
v -4.327992 5.079554 -6.035586
v -4.324210 5.077398 -6.150946
v -4.324427 5.019157 -6.173783
v -4.326215 4.961750 -6.148708
v -4.328529 4.938891 -6.090312
v -4.330009 4.964058 -6.032886
v -4.329782 5.022378 -6.010344
v -4.940259 5.100253 -6.105458
v -4.939697 5.076309 -6.160349
v -4.939793 5.020460 -6.182249
v -4.940490 4.965410 -6.158202
v -4.941384 4.943491 -6.102205
v -4.941946 4.967624 -6.047137
v -4.941147 5.078376 -6.049725
v -4.941846 5.023549 -6.025519
v -4.941552 5.053322 -6.032276
v -4.329030 5.053427 -6.017389
v -4.941984 4.993468 -6.030829
v -4.330122 4.991009 -6.015881
v -4.939909 5.093667 -6.135240
v -4.324774 5.095498 -6.124763
v -4.940947 4.948964 -6.132360
v -4.327394 4.944598 -6.121758
v -4.941734 4.950161 -6.072283
v -4.329446 4.945848 -6.059109
v -4.939658 5.050542 -6.176765
v -4.324093 5.050527 -6.168066
v -4.940086 4.990587 -6.175623
v -4.325176 4.988004 -6.166874
v -4.940693 5.094763 -6.075466
v -4.326818 5.096642 -6.062430
v -4.322269 5.118193 -6.815808
v -4.320007 5.093860 -6.753603
v -4.322536 5.091432 -6.877044
v -4.320649 5.029131 -6.901445
v -4.317709 4.967771 -6.874578
v -4.315440 4.943390 -6.812077
v -4.315177 4.970364 -6.750645
v -4.317074 5.032750 -6.726557
v -4.916544 5.101485 -6.815149
v -4.916659 5.075821 -6.873871
v -4.915934 5.016078 -6.897270
v -4.914791 4.957238 -6.871506
v -4.913901 4.933859 -6.811571
v -4.913786 4.959726 -6.752663
v -4.915657 5.078153 -6.755499
v -4.914515 5.019551 -6.729564
v -4.915075 5.051381 -6.736814
v -4.318515 5.065942 -6.734116
v -4.914064 4.987380 -6.735228
v -4.315904 4.999201 -6.732464
v -4.916713 5.094410 -6.847013
v -4.322689 5.110815 -6.849037
v -4.914274 4.939679 -6.843843
v -4.316389 4.949460 -6.845730
v -4.913731 4.941025 -6.779559
v -4.315020 4.950862 -6.778693
v -4.916383 5.048250 -6.891422
v -4.321815 5.062680 -6.895348
v -4.915374 4.984141 -6.890162
v -4.319206 4.995826 -6.894033
v -4.916171 5.095647 -6.783055
v -4.321322 5.112105 -6.782339
v -4.325563 5.102366 -7.544337
v -4.324389 5.079553 -7.486197
v -4.327512 5.077397 -7.601569
v -4.329095 5.019157 -7.624375
v -4.329381 4.961749 -7.599264
v -4.328200 4.938891 -7.540850
v -4.326244 4.964058 -7.483431
v -4.324667 5.022378 -7.460919
v -4.940344 5.100252 -7.543721
v -4.941115 5.076308 -7.598603
v -4.941743 5.020460 -7.620473
v -4.941856 4.965410 -7.596392
v -4.941389 4.943490 -7.540377
v -4.940613 4.967624 -7.485317
v -4.939878 5.078375 -7.487969
v -4.939989 5.023549 -7.463730
v -4.939857 5.053321 -7.470504
v -4.324337 5.053426 -7.467984
v -4.940254 4.993468 -7.469024
v -4.325339 4.991009 -7.466440
v -4.940718 5.093666 -7.573501
v -4.326509 5.095498 -7.575393
v -4.941684 4.948963 -7.570538
v -4.328947 4.944598 -7.572302
v -4.941011 4.950161 -7.510456
v -4.327249 4.945847 -7.509647
v -4.941475 5.050541 -7.615007
v -4.328419 5.050526 -7.618675
v -4.941876 4.990587 -7.613829
v -4.329430 4.988004 -7.617446
v -4.940050 5.094763 -7.513723
v -4.324822 5.096642 -7.513055
v -4.915226 5.016882 -4.535041
v -4.940867 5.021849 -5.303300
v -4.940821 5.021849 -6.103881
v -4.915222 5.017648 -6.813414
v -4.940867 5.021849 -7.542099
vt 1.558182 4.976160
vt 1.520307 4.974675
vt 1.485949 4.958491
vt 1.543347 4.880051
vt 1.893066 5.924997
vt 1.855190 5.923512
vt 1.820833 5.907329
vt 1.878232 5.828889
vt 1.410429 3.880965
vt 1.803031 3.877227
vt 1.804351 3.894638
vt 1.411803 3.899121
vt 1.409562 3.826465
vt 1.802236 3.824965
vt 1.802022 3.842394
vt 1.409357 3.844640
vt 1.802258 3.859815
vt 1.409616 3.862807
vt 1.416110 3.644502
vt 1.808502 3.650475
vt 1.807805 3.667872
vt 1.415364 3.662645
vt 1.807316 3.685282
vt 1.414836 3.680799
vt 1.412614 3.753568
vt 1.805220 3.755062
vt 1.804414 3.772537
vt 1.411781 3.771791
vt 1.803569 3.790019
vt 1.410914 3.790022
vt 1.802799 3.807504
vt 1.410130 3.808256
vt 1.806908 3.702706
vt 1.414393 3.698970
vt 1.806467 3.720145
vt 1.413919 3.717155
vt 1.805912 3.737598
vt 1.413335 3.735356
vt 1.806203 3.912033
vt 1.413727 3.917261
vt 1.808502 3.929404
vt 1.416110 3.935377
vt 1.390740 4.501741
vt 1.352865 4.500257
vt 1.318507 4.484073
vt 1.375906 4.405633
vt 1.577870 4.355384
vt 1.970473 4.351646
vt 1.971792 4.369056
vt 1.579244 4.373539
vt 1.577003 4.300884
vt 1.969677 4.299384
vt 1.969463 4.316812
vt 1.576798 4.319058
vt 1.969699 4.334234
vt 1.577057 4.337226
vt 1.583551 4.118921
vt 1.975943 4.124893
vt 1.975246 4.142291
vt 1.582805 4.137064
vt 1.974757 4.159700
vt 1.582277 4.155218
vt 1.580055 4.227987
vt 1.972661 4.229481
vt 1.971855 4.246955
vt 1.579222 4.246210
vt 1.971010 4.264437
vt 1.578355 4.264441
vt 1.970240 4.281923
vt 1.577571 4.282675
vt 1.974349 4.177125
vt 1.581834 4.173388
vt 1.973908 4.194563
vt 1.581360 4.191574
vt 1.973353 4.212016
vt 1.580776 4.209774
vt 1.973644 4.386451
vt 1.581168 4.391680
vt 1.975943 4.403823
vt 1.583551 4.409795
vt 1.399372 4.311162
vt 1.433592 4.327371
vt 1.361511 4.309511
vt 1.745312 4.829802
vt 2.137915 4.826064
vt 2.139234 4.843474
vt 1.746687 4.847958
vt 1.744446 4.775302
vt 2.137119 4.773802
vt 2.136906 4.791230
vt 1.744240 4.793477
vt 2.137142 4.808652
vt 1.744500 4.811644
vt 1.750993 4.593339
vt 2.143385 4.599311
vt 2.142688 4.616709
vt 1.750248 4.611482
vt 2.142200 4.634118
vt 1.749720 4.629636
vt 1.747498 4.702404
vt 2.140104 4.703899
vt 2.139297 4.721374
vt 1.746665 4.720628
vt 2.138453 4.738855
vt 1.745798 4.738859
vt 2.137683 4.756341
vt 1.745014 4.757093
vt 2.141792 4.651543
vt 1.749277 4.647807
vt 2.141350 4.668981
vt 1.748803 4.665992
vt 2.140795 4.686434
vt 1.748218 4.684193
vt 2.141087 4.860869
vt 1.748611 4.866098
vt 2.143385 4.878241
vt 1.750993 4.884213
vt 2.060508 6.399416
vt 2.022632 6.397931
vt 1.988275 6.381747
vt 2.045673 6.303308
vt 1.912754 5.304222
vt 2.305357 5.300484
vt 2.306676 5.317894
vt 1.914129 5.322377
vt 1.911887 5.249722
vt 2.304561 5.248222
vt 2.304348 5.265650
vt 1.911682 5.267896
vt 2.304583 5.283072
vt 1.911941 5.286064
vt 1.918435 5.067759
vt 2.310827 5.073731
vt 2.310130 5.091128
vt 1.917690 5.085901
vt 2.309642 5.108538
vt 1.917161 5.104056
vt 1.914939 5.176825
vt 2.307546 5.178319
vt 2.306738 5.195793
vt 1.914106 5.195047
vt 2.305894 5.213275
vt 1.913239 5.213278
vt 2.305125 5.230761
vt 1.912456 5.231513
vt 2.309234 5.125962
vt 1.916718 5.122226
vt 2.308792 5.143401
vt 1.916245 5.140412
vt 2.308237 5.160854
vt 1.915660 5.158612
vt 2.308528 5.335289
vt 1.916052 5.340518
vt 2.310827 5.352661
vt 1.918435 5.358633
vt 1.725624 5.450579
vt 1.687748 5.449094
vt 1.653391 5.432910
vt 1.710790 5.354471
vt 2.080197 5.778640
vt 2.472799 5.774902
vt 2.474119 5.792313
vt 2.081571 5.796796
vt 2.079330 5.724140
vt 2.472004 5.722640
vt 2.471791 5.740068
vt 2.079125 5.742315
vt 2.472027 5.757490
vt 2.079384 5.760482
vt 2.085878 5.542177
vt 2.478270 5.548149
vt 2.477573 5.565547
vt 2.085132 5.560319
vt 2.477084 5.582956
vt 2.084604 5.578474
vt 2.082382 5.651243
vt 2.474988 5.652737
vt 2.474182 5.670211
vt 2.081549 5.669466
vt 2.473337 5.687694
vt 2.080682 5.687697
vt 2.472567 5.705179
vt 2.079898 5.705931
vt 2.476677 5.600380
vt 2.084161 5.596645
vt 2.476234 5.617819
vt 2.083688 5.614830
vt 2.475680 5.635273
vt 2.083102 5.633030
vt 2.475971 5.809708
vt 2.083495 5.814936
vt 2.478270 5.827079
vt 2.085878 5.833052
vt 1.828125 5.745542
vt 1.863836 5.732767
vt 1.800148 5.771200
vt 2.128909 6.252960
vt 2.141618 6.288593
vt 2.103359 6.225046
vt 1.783912 5.805542
vt 1.782278 5.843517
vt 1.493241 4.796705
vt 1.528953 4.783930
vt 1.465264 4.822362
vt 1.626583 4.829704
vt 1.639292 4.865337
vt 1.601034 4.801790
vt 1.972544 5.852005
vt 1.956457 5.886301
vt 1.974176 5.814175
vt 1.460223 4.930479
vt 1.447394 4.894680
vt 1.962548 6.353734
vt 1.949720 6.317936
vt 1.449028 4.856705
vt 1.995566 6.219961
vt 2.031278 6.207186
vt 1.967590 6.245618
vt 2.069139 6.208836
vt 1.961467 5.778541
vt 1.935917 5.750627
vt 2.139986 6.326424
vt 2.123899 6.360720
vt 1.761228 5.437618
vt 1.789015 5.411882
vt 1.627664 5.404897
vt 1.614836 5.369099
vt 1.616470 5.331123
vt 1.632706 5.296781
vt 1.660683 5.271123
vt 1.696395 5.258348
vt 1.805102 5.377586
vt 1.806734 5.339756
vt 1.795106 5.879316
vt 2.096111 6.386456
vt 1.566814 4.785580
vt 1.593786 4.963200
vt 1.621573 4.937464
vt 1.292781 4.456060
vt 1.279952 4.420261
vt 1.951354 6.279961
vt 1.325799 4.322286
vt 1.297822 4.347944
vt 1.734256 5.259999
vt 1.768476 5.276208
vt 1.794025 5.304122
vt 1.470218 4.428749
vt 1.454132 4.463045
vt 1.471850 4.390919
vt 1.426344 4.488781
vt 1.281586 4.382286
vt 1.901697 5.734417
vt 1.459141 4.355285
vt 1.637660 4.903168
vt 1.928669 5.912037
vt 1.558182 4.976160
vt 1.543347 4.880051
vt 1.485949 4.958491
vt 1.520307 4.974675
vt 1.893066 5.924997
vt 1.878232 5.828889
vt 1.820833 5.907329
vt 1.855190 5.923512
vt 1.410429 3.880965
vt 1.411803 3.899121
vt 1.804351 3.894638
vt 1.803031 3.877227
vt 1.409562 3.826465
vt 1.409357 3.844640
vt 1.802022 3.842394
vt 1.802236 3.824965
vt 1.409616 3.862807
vt 1.802258 3.859815
vt 1.416110 3.644502
vt 1.415364 3.662645
vt 1.807805 3.667872
vt 1.808502 3.650475
vt 1.414836 3.680799
vt 1.807316 3.685282
vt 1.412614 3.753568
vt 1.411781 3.771791
vt 1.804414 3.772537
vt 1.805220 3.755062
vt 1.410914 3.790022
vt 1.803569 3.790019
vt 1.410130 3.808256
vt 1.802799 3.807504
vt 1.414393 3.698970
vt 1.806908 3.702706
vt 1.413919 3.717155
vt 1.806467 3.720145
vt 1.413335 3.735356
vt 1.805912 3.737598
vt 1.413727 3.917261
vt 1.806203 3.912033
vt 1.416110 3.935377
vt 1.808502 3.929404
vt 1.390740 4.501741
vt 1.375906 4.405633
vt 1.318507 4.484073
vt 1.352865 4.500257
vt 1.577870 4.355384
vt 1.579244 4.373539
vt 1.971792 4.369056
vt 1.970473 4.351646
vt 1.577003 4.300884
vt 1.576798 4.319058
vt 1.969463 4.316812
vt 1.969677 4.299384
vt 1.577057 4.337226
vt 1.969699 4.334234
vt 1.583551 4.118921
vt 1.582805 4.137064
vt 1.975246 4.142291
vt 1.975943 4.124893
vt 1.582277 4.155218
vt 1.974757 4.159700
vt 1.580055 4.227987
vt 1.579222 4.246210
vt 1.971855 4.246955
vt 1.972661 4.229481
vt 1.578355 4.264441
vt 1.971010 4.264437
vt 1.577571 4.282675
vt 1.970240 4.281923
vt 1.581834 4.173388
vt 1.974349 4.177125
vt 1.581360 4.191574
vt 1.973908 4.194563
vt 1.580776 4.209774
vt 1.973353 4.212016
vt 1.581168 4.391680
vt 1.973644 4.386451
vt 1.583551 4.409795
vt 1.975943 4.403823
vt 1.399372 4.311162
vt 1.361511 4.309511
vt 1.433592 4.327371
vt 1.745312 4.829802
vt 1.746687 4.847958
vt 2.139234 4.843474
vt 2.137915 4.826064
vt 1.744446 4.775302
vt 1.744240 4.793477
vt 2.136906 4.791230
vt 2.137119 4.773802
vt 1.744500 4.811644
vt 2.137142 4.808652
vt 1.750993 4.593339
vt 1.750248 4.611482
vt 2.142688 4.616709
vt 2.143385 4.599311
vt 1.749720 4.629636
vt 2.142200 4.634118
vt 1.747498 4.702404
vt 1.746665 4.720628
vt 2.139297 4.721374
vt 2.140104 4.703899
vt 1.745798 4.738859
vt 2.138453 4.738855
vt 1.745014 4.757093
vt 2.137683 4.756341
vt 1.749277 4.647807
vt 2.141792 4.651543
vt 1.748803 4.665992
vt 2.141350 4.668981
vt 1.748218 4.684193
vt 2.140795 4.686434
vt 1.748611 4.866098
vt 2.141087 4.860869
vt 1.750993 4.884213
vt 2.143385 4.878241
vt 2.060508 6.399416
vt 2.045673 6.303308
vt 1.988275 6.381747
vt 2.022632 6.397931
vt 1.912754 5.304222
vt 1.914129 5.322377
vt 2.306676 5.317894
vt 2.305357 5.300484
vt 1.911887 5.249722
vt 1.911682 5.267896
vt 2.304348 5.265650
vt 2.304561 5.248222
vt 1.911941 5.286064
vt 2.304583 5.283072
vt 1.918435 5.067759
vt 1.917690 5.085901
vt 2.310130 5.091128
vt 2.310827 5.073731
vt 1.917161 5.104056
vt 2.309642 5.108538
vt 1.914939 5.176825
vt 1.914106 5.195047
vt 2.306738 5.195793
vt 2.307546 5.178319
vt 1.913239 5.213278
vt 2.305894 5.213275
vt 1.912456 5.231513
vt 2.305125 5.230761
vt 1.916718 5.122226
vt 2.309234 5.125962
vt 1.916245 5.140412
vt 2.308792 5.143401
vt 1.915660 5.158612
vt 2.308237 5.160854
vt 1.916052 5.340518
vt 2.308528 5.335289
vt 1.918435 5.358633
vt 2.310827 5.352661
vt 1.725624 5.450579
vt 1.710790 5.354471
vt 1.653391 5.432910
vt 1.687748 5.449094
vt 2.080197 5.778640
vt 2.081571 5.796796
vt 2.474119 5.792313
vt 2.472799 5.774902
vt 2.079330 5.724140
vt 2.079125 5.742315
vt 2.471791 5.740068
vt 2.472004 5.722640
vt 2.079384 5.760482
vt 2.472027 5.757490
vt 2.085878 5.542177
vt 2.085132 5.560319
vt 2.477573 5.565547
vt 2.478270 5.548149
vt 2.084604 5.578474
vt 2.477084 5.582956
vt 2.082382 5.651243
vt 2.081549 5.669466
vt 2.474182 5.670211
vt 2.474988 5.652737
vt 2.080682 5.687697
vt 2.473337 5.687694
vt 2.079898 5.705931
vt 2.472567 5.705179
vt 2.084161 5.596645
vt 2.476677 5.600380
vt 2.083688 5.614830
vt 2.476234 5.617819
vt 2.083102 5.633030
vt 2.475680 5.635273
vt 2.083495 5.814936
vt 2.475971 5.809708
vt 2.085878 5.833052
vt 2.478270 5.827079
vt 1.828125 5.745542
vt 1.800148 5.771200
vt 1.863836 5.732767
vt 2.128909 6.252960
vt 2.103359 6.225046
vt 2.141618 6.288593
vt 1.783912 5.805542
vt 1.782278 5.843517
vt 1.493241 4.796705
vt 1.465264 4.822362
vt 1.528953 4.783930
vt 1.626583 4.829704
vt 1.601034 4.801790
vt 1.639292 4.865337
vt 1.972544 5.852005
vt 1.974176 5.814175
vt 1.956457 5.886301
vt 1.460223 4.930479
vt 1.447394 4.894680
vt 1.962548 6.353734
vt 1.949720 6.317936
vt 1.449028 4.856705
vt 1.995566 6.219961
vt 1.967590 6.245618
vt 2.031278 6.207186
vt 2.069139 6.208836
vt 1.961467 5.778541
vt 1.935917 5.750627
vt 2.139986 6.326424
vt 2.123899 6.360720
vt 1.761228 5.437618
vt 1.789015 5.411882
vt 1.627664 5.404897
vt 1.614836 5.369099
vt 1.616470 5.331123
vt 1.632706 5.296781
vt 1.660683 5.271123
vt 1.696395 5.258348
vt 1.805102 5.377586
vt 1.806734 5.339756
vt 1.795106 5.879316
vt 2.096111 6.386456
vt 1.566814 4.785580
vt 1.593786 4.963200
vt 1.621573 4.937464
vt 1.292781 4.456060
vt 1.279952 4.420261
vt 1.951354 6.279961
vt 1.325799 4.322286
vt 1.297822 4.347944
vt 1.734256 5.259999
vt 1.768476 5.276208
vt 1.794025 5.304122
vt 1.470218 4.428749
vt 1.471850 4.390919
vt 1.454132 4.463045
vt 1.426344 4.488781
vt 1.281586 4.382286
vt 1.901697 5.734417
vt 1.459141 4.355285
vt 1.637660 4.903168
vt 1.928669 5.912037
vn 0.9999 0.0069 0.0111
vn 0.9998 -0.0156 0.0088
vn 0.0246 0.4042 0.9144
vn 0.0245 0.4043 0.9143
vn 0.0191 0.7216 0.6920
vn 0.0229 -0.6915 0.7220
vn 0.0229 -0.6914 0.7221
vn 0.0267 -0.3607 0.9323
vn 0.0267 -0.3604 0.9324
vn 0.0272 0.0245 0.9993
vn 0.0034 0.9998 -0.0185
vn 0.0034 0.9998 -0.0184
vn -0.0045 0.9166 -0.3999
vn -0.0045 0.9166 -0.3997
vn -0.0108 0.6935 -0.7204
vn -0.0108 0.6941 -0.7198
vn -0.0071 -0.7206 -0.6933
vn -0.0071 -0.7202 -0.6937
vn 0.0004 -0.9312 -0.3645
vn 0.0004 -0.9312 -0.3646
vn 0.0087 -0.9998 0.0195
vn 0.0087 -0.9998 0.0191
vn 0.0166 -0.9159 0.4010
vn 0.0166 -0.9160 0.4008
vn -0.0145 0.3652 -0.9308
vn -0.0145 0.3650 -0.9309
vn -0.0151 -0.0191 -0.9997
vn -0.0151 -0.0192 -0.9997
vn -0.0125 -0.4002 -0.9163
vn -0.0125 -0.4003 -0.9163
vn 0.0117 0.9309 0.3651
vn 0.0117 0.9310 0.3649
vn 0.9999 0.0055 -0.0105
vn 0.0038 0.4047 0.9145
vn 0.0038 0.4043 0.9146
vn 0.0034 0.7218 0.6921
vn 0.0034 0.7216 0.6923
vn 0.0062 -0.6912 0.7227
vn 0.0062 -0.6911 0.7228
vn 0.0054 -0.3602 0.9329
vn 0.0054 -0.3600 0.9330
vn 0.0045 0.0242 0.9997
vn 0.0045 0.0247 0.9997
vn 0.0035 0.9998 -0.0182
vn 0.0040 0.9166 -0.3998
vn 0.0040 0.9167 -0.3997
vn 0.0047 0.6935 -0.7204
vn 0.0047 0.6936 -0.7204
vn 0.0076 -0.7209 -0.6930
vn 0.0077 -0.9313 -0.3642
vn 0.0075 -0.9998 0.0202
vn 0.0075 -0.9998 0.0201
vn 0.0070 -0.9158 0.4016
vn 0.0070 -0.9158 0.4017
vn 0.0056 0.3648 -0.9311
vn 0.0056 0.3647 -0.9311
vn 0.0064 -0.0194 -0.9998
vn 0.0064 -0.0196 -0.9998
vn 0.0071 -0.4007 -0.9162
vn 0.0071 -0.4003 -0.9163
vn 0.0032 0.9308 0.3655
vn 0.0032 0.9309 0.3653
vn 0.0223 0.4042 0.9144
vn 0.0223 0.4040 0.9145
vn 0.0173 0.7219 0.6918
vn 0.0173 0.7218 0.6918
vn 0.0208 -0.6912 0.7224
vn 0.0208 -0.6915 0.7221
vn 0.0242 -0.3605 0.9325
vn 0.0242 -0.3604 0.9325
vn 0.0247 0.0247 0.9994
vn 0.0248 0.0244 0.9994
vn 0.0031 0.9998 -0.0186
vn 0.0031 0.9998 -0.0192
vn -0.0041 0.9167 -0.3996
vn -0.0041 0.9166 -0.3997
vn -0.0098 0.6935 -0.7204
vn -0.0098 0.6938 -0.7201
vn -0.0064 -0.7207 -0.6933
vn -0.0064 -0.7206 -0.6933
vn 0.0003 -0.9312 -0.3646
vn 0.0079 -0.9998 0.0197
vn 0.0079 -0.9998 0.0198
vn 0.0151 -0.9159 0.4012
vn 0.0151 -0.9159 0.4011
vn -0.0132 0.3651 -0.9309
vn -0.0132 0.3650 -0.9309
vn -0.0137 -0.0194 -0.9997
vn -0.0137 -0.0193 -0.9997
vn -0.0114 -0.4006 -0.9162
vn -0.0114 -0.4005 -0.9162
vn 0.0106 0.9309 0.3652
vn 0.0106 0.9309 0.3651
vn 0.0140 0.4042 0.9146
vn 0.0140 0.4040 0.9147
vn 0.0212 0.7215 0.6921
vn 0.0212 0.7217 0.6919
vn -0.0098 -0.6907 0.7230
vn -0.0099 -0.6911 0.7227
vn -0.0028 -0.3602 0.9329
vn -0.0028 -0.3601 0.9329
vn 0.0056 0.0243 0.9997
vn 0.0056 0.0244 0.9997
vn 0.0281 0.9994 -0.0188
vn 0.0281 0.9994 -0.0189
vn 0.0267 0.9160 -0.4002
vn 0.0221 0.6930 -0.7206
vn 0.0221 0.6929 -0.7207
vn -0.0092 -0.7213 -0.6926
vn -0.0092 -0.7210 -0.6928
vn -0.0141 -0.9314 -0.3637
vn -0.0141 -0.9314 -0.3636
vn -0.0159 -0.9997 0.0207
vn -0.0159 -0.9997 0.0208
vn -0.0145 -0.9156 0.4019
vn -0.0145 -0.9155 0.4020
vn 0.0150 0.3643 -0.9311
vn 0.0150 0.3641 -0.9312
vn 0.0066 -0.0202 -0.9998
vn 0.0066 -0.0199 -0.9998
vn -0.0019 -0.4013 -0.9159
vn -0.0019 -0.4012 -0.9160
vn 0.0262 0.9307 0.3649
vn 0.0262 0.9307 0.3648
vn 0.9999 0.0069 -0.0132
vn 0.0038 0.4041 0.9147
vn 0.0034 0.7222 0.6917
vn 0.0062 -0.6910 0.7229
vn 0.0054 -0.3598 0.9330
vn 0.0045 0.0249 0.9997
vn 0.0045 0.0248 0.9997
vn 0.0047 0.6935 -0.7205
vn 0.0076 -0.7208 -0.6931
vn 0.0076 -0.7211 -0.6928
vn 0.0077 -0.9313 -0.3641
vn 0.0077 -0.9313 -0.3643
vn 0.0070 -0.9157 0.4017
vn 0.9999 0.0069 -0.0133
vn -0.9999 0.0069 0.0111
vn -0.9998 -0.0156 0.0088
vn -0.0245 0.4042 0.9144
vn -0.0191 0.7217 0.6919
vn -0.0191 0.7216 0.6921
vn -0.0245 0.4043 0.9143
vn -0.0229 -0.6913 0.7222
vn -0.0267 -0.3603 0.9325
vn -0.0267 -0.3605 0.9324
vn -0.0229 -0.6914 0.7221
vn -0.0272 0.0245 0.9993
vn -0.0272 0.0246 0.9993
vn -0.0034 0.9998 -0.0185
vn 0.0045 0.9166 -0.3997
vn 0.0045 0.9166 -0.3998
vn -0.0034 0.9998 -0.0183
vn 0.0108 0.6935 -0.7203
vn 0.0108 0.6935 -0.7204
vn 0.0071 -0.7207 -0.6933
vn -0.0004 -0.9312 -0.3646
vn -0.0004 -0.9312 -0.3645
vn -0.0087 -0.9998 0.0191
vn -0.0087 -0.9998 0.0196
vn -0.0166 -0.9161 0.4006
vn -0.0166 -0.9158 0.4012
vn 0.0145 0.3648 -0.9310
vn 0.0145 0.3652 -0.9308
vn 0.0151 -0.0192 -0.9997
vn 0.0151 -0.0191 -0.9997
vn 0.0125 -0.4003 -0.9163
vn 0.0125 -0.4002 -0.9163
vn -0.0117 0.9309 0.3651
vn -0.0117 0.9309 0.3650
vn -0.9999 0.0055 -0.0105
vn -0.0038 0.4047 0.9145
vn -0.0034 0.7217 0.6922
vn -0.0034 0.7222 0.6917
vn -0.0038 0.4043 0.9146
vn -0.0062 -0.6911 0.7227
vn -0.0054 -0.3600 0.9330
vn -0.0054 -0.3600 0.9329
vn -0.0062 -0.6911 0.7228
vn -0.0045 0.0247 0.9997
vn -0.0045 0.0242 0.9997
vn -0.0035 0.9998 -0.0182
vn -0.0040 0.9166 -0.3997
vn -0.0040 0.9165 -0.3999
vn -0.0047 0.6936 -0.7204
vn -0.0047 0.6935 -0.7204
vn -0.0076 -0.7210 -0.6929
vn -0.0077 -0.9313 -0.3642
vn -0.0077 -0.9313 -0.3643
vn -0.0076 -0.7209 -0.6930
vn -0.0075 -0.9998 0.0201
vn -0.0075 -0.9998 0.0202
vn -0.0070 -0.9157 0.4017
vn -0.0070 -0.9158 0.4016
vn -0.0056 0.3648 -0.9311
vn -0.0056 0.3647 -0.9311
vn -0.0064 -0.0195 -0.9998
vn -0.0064 -0.0201 -0.9998
vn -0.0071 -0.4007 -0.9162
vn -0.0032 0.9309 0.3654
vn -0.0032 0.9309 0.3653
vn -0.0223 0.4043 0.9144
vn -0.0173 0.7219 0.6918
vn -0.0223 0.4040 0.9145
vn -0.0208 -0.6912 0.7224
vn -0.0242 -0.3602 0.9326
vn -0.0242 -0.3605 0.9325
vn -0.0208 -0.6913 0.7222
vn -0.0247 0.0245 0.9994
vn -0.0247 0.0247 0.9994
vn -0.0031 0.9998 -0.0186
vn 0.0041 0.9167 -0.3996
vn 0.0041 0.9165 -0.4001
vn -0.0031 0.9998 -0.0188
vn 0.0098 0.6932 -0.7207
vn 0.0098 0.6937 -0.7202
vn 0.0064 -0.7207 -0.6933
vn -0.0003 -0.9312 -0.3646
vn 0.0064 -0.7206 -0.6933
vn -0.0079 -0.9998 0.0197
vn -0.0079 -0.9998 0.0196
vn -0.0151 -0.9160 0.4009
vn -0.0151 -0.9160 0.4008
vn 0.0132 0.3651 -0.9309
vn 0.0132 0.3649 -0.9310
vn 0.0137 -0.0192 -0.9997
vn 0.0137 -0.0194 -0.9997
vn 0.0114 -0.4004 -0.9163
vn 0.0114 -0.4006 -0.9162
vn -0.0106 0.9310 0.3650
vn -0.0106 0.9309 0.3650
vn -0.0140 0.4042 0.9146
vn -0.0212 0.7217 0.6919
vn -0.0212 0.7219 0.6917
vn -0.0140 0.4040 0.9147
vn 0.0098 -0.6912 0.7226
vn 0.0028 -0.3601 0.9329
vn 0.0028 -0.3604 0.9328
vn 0.0098 -0.6911 0.7227
vn -0.0056 0.0245 0.9997
vn -0.0056 0.0243 0.9997
vn -0.0281 0.9994 -0.0188
vn -0.0267 0.9161 -0.4001
vn -0.0266 0.9160 -0.4002
vn -0.0281 0.9994 -0.0189
vn -0.0221 0.6930 -0.7206
vn -0.0220 0.6930 -0.7206
vn 0.0092 -0.7213 -0.6926
vn 0.0141 -0.9314 -0.3636
vn 0.0141 -0.9314 -0.3637
vn 0.0092 -0.7214 -0.6925
vn 0.0159 -0.9997 0.0208
vn 0.0159 -0.9997 0.0207
vn 0.0145 -0.9155 0.4021
vn 0.0145 -0.9155 0.4019
vn -0.0150 0.3643 -0.9312
vn -0.0150 0.3644 -0.9311
vn -0.0066 -0.0200 -0.9998
vn -0.0066 -0.0199 -0.9998
vn 0.0019 -0.4012 -0.9160
vn 0.0019 -0.4013 -0.9159
vn -0.0262 0.9307 0.3648
vn -0.0262 0.9306 0.3650
vn -0.9999 0.0069 -0.0132
vn -0.0038 0.4041 0.9147
vn -0.0034 0.7218 0.6921
vn -0.0054 -0.3599 0.9330
vn -0.0045 0.0248 0.9997
vn -0.0040 0.9167 -0.3997
vn -0.0034 0.9998 -0.0182
vn -0.0076 -0.7207 -0.6932
vn -0.0077 -0.9312 -0.3643
vn -0.0076 -0.7212 -0.6927
vn -0.0070 -0.9158 0.4017
vn -0.0071 -0.4003 -0.9163
vn -0.0032 0.9308 0.3654
vn -0.9999 0.0069 -0.0133
usemtl sandstone
s 1
f 4253/8626/732 4248/8627/732 4259/8628/732 4364/8629/732
f 4317/8630/733 4312/8631/733 4323/8632/733 4366/8633/733
f 4220/8634/734 4219/8635/735 4217/8636/736 4204/8637/736
f 4209/8638/737 4216/8639/738 4221/8640/739 4222/8641/740
f 4222/8641/740 4221/8640/739 4218/8642/741 4210/8643/741
f 4203/8644/742 4211/8645/743 4223/8646/744 4224/8647/745
f 4224/8647/745 4223/8646/744 4212/8648/746 4205/8649/747
f 4207/8650/748 4214/8651/749 4225/8652/750 4226/8653/751
f 4226/8653/751 4225/8652/750 4215/8654/752 4208/8655/753
f 4215/8654/752 4227/8656/754 4228/8657/755 4208/8655/753
f 4228/8657/755 4227/8656/754 4216/8639/738 4209/8638/737
f 4212/8648/746 4229/8658/756 4230/8659/757 4205/8649/747
f 4230/8659/757 4229/8658/756 4213/8660/758 4206/8661/759
f 4213/8660/758 4231/8662/760 4232/8663/761 4206/8661/759
f 4232/8663/761 4231/8662/760 4214/8651/749 4207/8650/748
f 4217/8636/736 4233/8664/762 4234/8665/763 4204/8637/736
f 4234/8665/763 4233/8664/762 4211/8666/743 4203/8667/742
f 4221/8668/764 4216/8669/764 4227/8670/764 4363/8671/764
f 4210/8643/741 4218/8642/741 4219/8635/735 4220/8634/734
f 4252/8672/765 4251/8673/766 4249/8674/767 4236/8675/768
f 4241/8676/769 4248/8677/770 4253/8678/771 4254/8679/772
f 4254/8679/772 4253/8678/771 4250/8680/773 4242/8681/774
f 4235/8682/775 4243/8683/775 4255/8684/776 4256/8685/777
f 4256/8685/777 4255/8684/776 4244/8686/778 4237/8687/779
f 4239/8688/780 4246/8689/780 4257/8690/781 4258/8691/781
f 4258/8691/781 4257/8690/781 4247/8692/782 4240/8693/783
f 4247/8692/782 4259/8694/784 4260/8695/785 4240/8693/783
f 4260/8695/785 4259/8694/784 4248/8677/770 4241/8676/769
f 4244/8686/778 4261/8696/786 4262/8697/787 4237/8687/779
f 4262/8697/787 4261/8696/786 4245/8698/788 4238/8699/789
f 4245/8698/788 4263/8700/790 4264/8701/791 4238/8699/789
f 4264/8701/791 4263/8700/790 4246/8689/780 4239/8688/780
f 4249/8674/767 4265/8702/792 4266/8703/793 4236/8675/768
f 4266/8703/793 4265/8702/792 4243/8704/775 4235/8705/775
f 4212/8706/764 4223/8707/764 4363/8671/764 4229/8708/764
f 4242/8681/774 4250/8680/773 4251/8673/766 4252/8672/765
f 4284/8709/794 4283/8710/795 4281/8711/796 4268/8712/797
f 4273/8713/798 4280/8714/799 4285/8715/800 4286/8716/801
f 4286/8716/801 4285/8715/800 4282/8717/802 4274/8718/803
f 4267/8719/804 4275/8720/805 4287/8721/806 4288/8722/807
f 4288/8722/807 4287/8721/806 4276/8723/808 4269/8724/809
f 4271/8725/810 4278/8726/811 4289/8727/812 4290/8728/812
f 4290/8728/812 4289/8727/812 4279/8729/813 4272/8730/814
f 4279/8729/813 4291/8731/815 4292/8732/816 4272/8730/814
f 4292/8732/816 4291/8731/815 4280/8714/799 4273/8713/798
f 4276/8723/808 4293/8733/817 4294/8734/818 4269/8724/809
f 4294/8734/818 4293/8733/817 4277/8735/819 4270/8736/820
f 4277/8735/819 4295/8737/821 4296/8738/822 4270/8736/820
f 4296/8738/822 4295/8737/821 4278/8726/811 4271/8725/810
f 4281/8711/796 4297/8739/823 4298/8740/824 4268/8712/797
f 4298/8740/824 4297/8739/823 4275/8741/805 4267/8742/804
f 4349/8743/732 4344/8744/732 4355/8745/732 4367/8746/732
f 4274/8718/803 4282/8717/802 4283/8710/795 4284/8709/794
f 4316/8747/825 4315/8748/826 4313/8749/827 4300/8750/828
f 4305/8751/829 4312/8752/830 4317/8753/831 4318/8754/832
f 4318/8754/832 4317/8753/831 4314/8755/833 4306/8756/834
f 4299/8757/835 4307/8758/836 4319/8759/837 4320/8760/837
f 4320/8760/837 4319/8759/837 4308/8761/838 4301/8762/839
f 4303/8763/840 4310/8764/841 4321/8765/842 4322/8766/843
f 4322/8766/843 4321/8765/842 4311/8767/844 4304/8768/845
f 4311/8767/844 4323/8769/846 4324/8770/847 4304/8768/845
f 4324/8770/847 4323/8769/846 4312/8752/830 4305/8751/829
f 4308/8761/838 4325/8771/848 4326/8772/849 4301/8762/839
f 4326/8772/849 4325/8771/848 4309/8773/850 4302/8774/851
f 4309/8773/850 4327/8775/852 4328/8776/853 4302/8774/851
f 4328/8776/853 4327/8775/852 4310/8764/841 4303/8763/840
f 4313/8749/827 4329/8777/854 4330/8778/855 4300/8750/828
f 4330/8778/855 4329/8777/854 4307/8779/836 4299/8780/835
f 4285/8781/856 4280/8782/856 4291/8783/856 4365/8784/856
f 4306/8756/834 4314/8755/833 4315/8748/826 4316/8747/825
f 4348/8785/857 4347/8786/766 4345/8787/858 4332/8788/767
f 4337/8789/770 4344/8790/859 4349/8791/860 4350/8792/772
f 4350/8792/772 4349/8791/860 4346/8793/861 4338/8794/862
f 4331/8795/775 4339/8796/775 4351/8797/776 4352/8798/777
f 4352/8798/777 4351/8797/776 4340/8799/863 4333/8800/779
f 4335/8801/864 4342/8802/865 4353/8803/866 4354/8804/867
f 4354/8804/867 4353/8803/866 4343/8805/782 4336/8806/783
f 4343/8805/782 4355/8807/868 4356/8808/868 4336/8806/783
f 4356/8808/868 4355/8807/868 4344/8790/859 4337/8789/770
f 4340/8799/863 4357/8809/786 4358/8810/787 4333/8800/779
f 4358/8810/787 4357/8809/786 4341/8811/788 4334/8812/789
f 4341/8811/788 4359/8813/790 4360/8814/791 4334/8812/789
f 4360/8814/791 4359/8813/790 4342/8802/865 4335/8801/864
f 4345/8787/858 4361/8815/792 4362/8816/793 4332/8788/767
f 4362/8816/793 4361/8815/792 4339/8817/775 4331/8818/775
f 4338/8794/862 4346/8793/861 4347/8786/766 4348/8785/857
f 4309/8819/733 4325/8820/733 4366/8633/733 4327/8821/733
f 4339/8822/732 4361/8823/732 4367/8746/732 4351/8824/732
f 4310/8825/733 4327/8821/733 4366/8633/733 4321/8826/733
f 4245/8827/732 4261/8828/732 4364/8629/732 4263/8829/732
f 4243/8830/732 4265/8831/732 4364/8629/732 4255/8832/732
f 4313/8833/733 4315/8834/733 4366/8633/733 4329/8835/733
f 4247/8836/732 4257/8837/732 4364/8629/732 4259/8628/732
f 4343/8838/732 4353/8839/732 4367/8746/732 4355/8745/732
f 4246/8840/732 4263/8829/732 4364/8629/732 4257/8837/732
f 4341/8841/732 4357/8842/732 4367/8746/732 4359/8843/732
f 4340/8844/732 4351/8824/732 4367/8746/732 4357/8842/732
f 4307/8845/733 4329/8835/733 4366/8633/733 4319/8846/733
f 4345/8847/732 4347/8848/732 4367/8746/732 4361/8823/732
f 4282/8849/856 4285/8781/856 4365/8784/856 4283/8850/856
f 4279/8851/856 4289/8852/856 4365/8784/856 4291/8783/856
f 4278/8853/869 4295/8854/856 4365/8784/856 4289/8852/856
f 4277/8855/856 4293/8856/856 4365/8784/856 4295/8854/856
f 4281/8857/856 4283/8850/856 4365/8784/856 4297/8858/856
f 4311/8859/733 4321/8826/733 4366/8633/733 4323/8632/733
f 4346/8860/732 4349/8743/732 4367/8746/732 4347/8848/732
f 4244/8861/732 4255/8832/732 4364/8629/732 4261/8828/732
f 4250/8862/732 4253/8626/732 4364/8629/732 4251/8863/732
f 4215/8864/764 4225/8865/764 4363/8671/764 4227/8670/764
f 4342/8866/732 4359/8843/732 4367/8746/732 4353/8839/732
f 4213/8867/764 4229/8708/764 4363/8671/764 4231/8868/764
f 4276/8869/856 4287/8870/856 4365/8784/856 4293/8856/856
f 4275/8871/856 4297/8858/856 4365/8784/856 4287/8870/856
f 4217/8872/764 4219/8873/764 4363/8671/764 4233/8874/764
f 4218/8875/764 4221/8668/764 4363/8671/764 4219/8873/764
f 4214/8876/764 4231/8868/764 4363/8671/764 4225/8865/764
f 4308/8877/733 4319/8846/733 4366/8633/733 4325/8820/733
f 4211/8878/764 4233/8874/764 4363/8671/764 4223/8707/764
f 4249/8879/732 4251/8863/732 4364/8629/732 4265/8831/732
f 4314/8880/733 4317/8630/733 4366/8633/733 4315/8834/733
f 4418/8881/870 4529/8882/870 4424/8883/870 4413/8884/870
f 4482/8885/871 4531/8886/871 4488/8887/871 4477/8888/871
f 4385/8889/872 4369/8890/873 4382/8891/874 4384/8892/875
f 4374/8893/876 4387/8894/877 4386/8895/878 4381/8896/879
f 4387/8894/877 4375/8897/880 4383/8898/881 4386/8895/878
f 4368/8899/882 4389/8900/883 4388/8901/884 4376/8902/885
f 4389/8900/883 4370/8903/886 4377/8904/887 4388/8901/884
f 4372/8905/888 4391/8906/889 4390/8907/890 4379/8908/888
f 4391/8906/889 4373/8909/891 4380/8910/892 4390/8907/890
f 4380/8910/892 4373/8909/891 4393/8911/893 4392/8912/894
f 4393/8911/893 4374/8893/876 4381/8896/879 4392/8912/894
f 4377/8904/887 4370/8903/886 4395/8913/895 4394/8914/896
f 4395/8913/895 4371/8915/897 4378/8916/898 4394/8914/896
f 4378/8916/898 4371/8915/897 4397/8917/899 4396/8918/900
f 4397/8917/899 4372/8905/888 4379/8908/888 4396/8918/900
f 4382/8891/874 4369/8890/873 4399/8919/901 4398/8920/902
f 4399/8919/901 4368/8921/882 4376/8922/885 4398/8920/902
f 4386/8923/903 4528/8924/903 4392/8925/903 4381/8926/903
f 4375/8897/880 4385/8889/872 4384/8892/875 4383/8898/881
f 4417/8927/904 4401/8928/905 4414/8929/906 4416/8930/907
f 4406/8931/908 4419/8932/909 4418/8933/910 4413/8934/911
f 4419/8932/909 4407/8935/912 4415/8936/913 4418/8933/910
f 4400/8937/914 4421/8938/915 4420/8939/916 4408/8940/885
f 4421/8938/915 4402/8941/917 4409/8942/918 4420/8939/916
f 4404/8943/919 4423/8944/920 4422/8945/921 4411/8946/922
f 4423/8944/920 4405/8947/923 4412/8948/924 4422/8945/921
f 4412/8948/924 4405/8947/923 4425/8949/925 4424/8950/926
f 4425/8949/925 4406/8931/908 4413/8934/911 4424/8950/926
f 4409/8942/918 4402/8941/917 4427/8951/927 4426/8952/928
f 4427/8951/927 4403/8953/929 4410/8954/930 4426/8952/928
f 4410/8954/930 4403/8953/929 4429/8955/931 4428/8956/931
f 4429/8955/931 4404/8943/919 4411/8946/922 4428/8956/931
f 4414/8929/906 4401/8928/905 4431/8957/932 4430/8958/933
f 4431/8957/932 4400/8959/914 4408/8960/885 4430/8958/933
f 4377/8961/903 4394/8962/903 4528/8924/903 4388/8963/903
f 4407/8935/912 4417/8927/904 4416/8930/907 4415/8936/913
f 4449/8964/934 4433/8965/935 4446/8966/935 4448/8967/936
f 4438/8968/937 4451/8969/938 4450/8970/939 4445/8971/940
f 4451/8969/938 4439/8972/941 4447/8973/942 4450/8970/939
f 4432/8974/943 4453/8975/944 4452/8976/945 4440/8977/946
f 4453/8975/944 4434/8978/947 4441/8979/948 4452/8976/945
f 4436/8980/949 4455/8981/950 4454/8982/950 4443/8983/951
f 4455/8981/950 4437/8984/952 4444/8985/953 4454/8982/950
f 4444/8985/953 4437/8984/952 4457/8986/954 4456/8987/955
f 4457/8986/954 4438/8968/937 4445/8971/940 4456/8987/955
f 4441/8979/948 4434/8978/947 4459/8988/956 4458/8989/957
f 4459/8988/956 4435/8990/958 4442/8991/959 4458/8989/957
f 4442/8991/959 4435/8990/958 4461/8992/960 4460/8993/961
f 4461/8992/960 4436/8980/949 4443/8983/951 4460/8993/961
f 4446/8966/935 4433/8965/935 4463/8994/962 4462/8995/963
f 4463/8994/962 4432/8996/943 4440/8997/946 4462/8995/963
f 4514/8998/870 4532/8999/870 4520/9000/870 4509/9001/870
f 4439/8972/941 4449/8964/934 4448/8967/936 4447/8973/942
f 4481/9002/964 4465/9003/965 4478/9004/966 4480/9005/967
f 4470/9006/968 4483/9007/969 4482/9008/970 4477/9009/971
f 4483/9007/969 4471/9010/972 4479/9011/973 4482/9008/970
f 4464/9012/974 4485/9013/975 4484/9014/976 4472/9015/977
f 4485/9013/975 4466/9016/978 4473/9017/979 4484/9014/976
f 4468/9018/980 4487/9019/981 4486/9020/982 4475/9021/983
f 4487/9019/981 4469/9022/984 4476/9023/985 4486/9020/982
f 4476/9023/985 4469/9022/984 4489/9024/986 4488/9025/987
f 4489/9024/986 4470/9006/968 4477/9009/971 4488/9025/987
f 4473/9017/979 4466/9016/978 4491/9026/988 4490/9027/989
f 4491/9026/988 4467/9028/990 4474/9029/991 4490/9027/989
f 4474/9029/991 4467/9028/990 4493/9030/992 4492/9031/993
f 4493/9030/992 4468/9018/980 4475/9021/983 4492/9031/993
f 4478/9004/966 4465/9003/965 4495/9032/994 4494/9033/995
f 4495/9032/994 4464/9034/974 4472/9035/977 4494/9033/995
f 4450/9036/996 4530/9037/996 4456/9038/996 4445/9039/996
f 4471/9010/972 4481/9002/964 4480/9005/967 4479/9011/973
f 4513/9040/997 4497/9041/998 4510/9042/905 4512/9043/907
f 4502/9044/908 4515/9045/910 4514/9046/999 4509/9047/908
f 4515/9045/910 4503/9048/1000 4511/9049/1000 4514/9046/999
f 4496/9050/914 4517/9051/915 4516/9052/1001 4504/9053/1002
f 4517/9051/915 4498/9054/917 4505/9055/917 4516/9052/1001
f 4500/9056/1003 4519/9057/1004 4518/9058/1004 4507/9059/1005
f 4519/9057/1004 4501/9060/923 4508/9061/924 4518/9058/1004
f 4508/9061/924 4501/9060/923 4521/9062/1006 4520/9063/925
f 4521/9062/1006 4502/9044/908 4509/9047/908 4520/9063/925
f 4505/9055/917 4498/9054/917 4523/9064/928 4522/9065/927
f 4523/9064/928 4499/9066/929 4506/9067/930 4522/9065/927
f 4506/9067/930 4499/9066/929 4525/9068/1007 4524/9069/931
f 4525/9068/1007 4500/9056/1003 4507/9059/1005 4524/9069/931
f 4510/9042/905 4497/9041/998 4527/9070/1008 4526/9071/933
f 4527/9070/1008 4496/9072/914 4504/9073/1002 4526/9071/933
f 4503/9048/1000 4513/9040/997 4512/9043/907 4511/9049/1000
f 4474/9074/871 4492/9075/871 4531/8886/871 4490/9076/871
f 4504/9077/870 4516/9078/870 4532/8999/870 4526/9079/870
f 4475/9080/871 4486/9081/871 4531/8886/871 4492/9075/871
f 4410/9082/870 4428/9083/870 4529/8882/870 4426/9084/870
f 4408/9085/870 4420/9086/870 4529/8882/870 4430/9087/870
f 4478/9088/871 4494/9089/871 4531/8886/871 4480/9090/871
f 4412/9091/870 4424/8883/870 4529/8882/870 4422/9092/870
f 4508/9093/870 4520/9000/870 4532/8999/870 4518/9094/870
f 4411/9095/870 4422/9092/870 4529/8882/870 4428/9083/870
f 4506/9096/870 4524/9097/870 4532/8999/870 4522/9098/870
f 4505/9099/870 4522/9098/870 4532/8999/870 4516/9078/870
f 4472/9100/871 4484/9101/871 4531/8886/871 4494/9089/871
f 4510/9102/870 4526/9079/870 4532/8999/870 4512/9103/870
f 4447/9104/996 4448/9105/996 4530/9037/996 4450/9036/996
f 4444/9106/996 4456/9038/996 4530/9037/996 4454/9107/996
f 4443/9108/1009 4454/9107/996 4530/9037/996 4460/9109/996
f 4442/9110/996 4460/9109/996 4530/9037/996 4458/9111/996
f 4446/9112/996 4462/9113/996 4530/9037/996 4448/9105/996
f 4476/9114/871 4488/8887/871 4531/8886/871 4486/9081/871
f 4511/9115/870 4512/9103/870 4532/8999/870 4514/8998/870
f 4409/9116/870 4426/9084/870 4529/8882/870 4420/9086/870
f 4415/9117/870 4416/9118/870 4529/8882/870 4418/8881/870
f 4380/9119/903 4392/8925/903 4528/8924/903 4390/9120/903
f 4507/9121/870 4518/9094/870 4532/8999/870 4524/9097/870
f 4378/9122/903 4396/9123/903 4528/8924/903 4394/8962/903
f 4441/9124/996 4458/9111/996 4530/9037/996 4452/9125/996
f 4440/9126/996 4452/9125/996 4530/9037/996 4462/9113/996
f 4382/9127/903 4398/9128/903 4528/8924/903 4384/9129/903
f 4383/9130/903 4384/9129/903 4528/8924/903 4386/8923/903
f 4379/9131/903 4390/9120/903 4528/8924/903 4396/9123/903
f 4473/9132/871 4490/9076/871 4531/8886/871 4484/9101/871
f 4376/9133/903 4388/8963/903 4528/8924/903 4398/9128/903
f 4414/9134/870 4430/9087/870 4529/8882/870 4416/9118/870
f 4479/9135/871 4480/9090/871 4531/8886/871 4482/8885/871
